PACKET_TYPE,GS_RSSI,SAT_ID,TIMESTAMP,FDIR_MODE,PAYLOAD_STATE,OBC_T,PAYLOAD_T,RSSI_UPLINK,SOC,V_BAT,V_3V3,V_5V,I_IN,I_OUT,I_PAY,I_COMMS,EPS_T,PRESSURE,HUMIDITY,GPS_ALT,OBC_SD_PCT,PAYLOAD_SD_PCT,RESOLUTION,HAS_GSN,GSN_TS,GSN_NODE,GSN_RSSI,GSN_T,GSN_HUM,GSN_SOIL,GSN_SMOKE,GSN_SOUND,GSN_VBAT,GSN_SOC,GSN_SD_PCT,THERMAL_DATA_64...
TLM_RCV,-82,FG-ALPHA,20240415_083341,AUTO,0,33.24,7.50,-85,85.68,7.99,3.29,5.02,0,448,0,305,22.24,1013.40,12.00,406.20,12.42,46.15,1080,1,20240415_083341,GSN-01,-81,24.70,76.90,42,0,0,7.79,84,8.51,23.20,23.30,25.00,25.10,20.70,20.10,22.70,21.30,21.20,20.50,25.40,23.10,21.40,20.20,24.80,21.40,24.80,25.10,24.30,22.20,25.20,24.30,24.40,22.60,24.20,22.40,20.20,22.10,20.00,25.60,22.40,24.40,22.80,21.90,20.80,22.40,21.80,22.40,21.10,25.20,25.10,22.30,20.30,22.50,21.10,23.60,25.80,24.00,24.20,21.60,20.00,21.60,24.30,23.20,23.00,22.80,20.60,23.00,24.10,24.70,23.70,21.90,24.60,22.00
TLM_RCV,-70,FG-ALPHA,20240415_083342,AUTO,0,33.03,5.50,-85,85.74,8.00,3.28,5.02,1078,405,0,265,23.36,1013.60,11.90,405.00,12.42,46.15,1080,1,20240415_083342,GSN-01,-78,25.30,73.60,41,0,0,7.82,84,8.51,23.30,24.50,24.00,22.60,21.90,21.20,21.70,21.40,22.30,21.20,22.60,21.70,20.90,22.40,21.20,23.10,21.80,24.10,24.60,22.40,20.00,24.60,23.60,21.40,25.40,25.00,20.50,20.80,25.20,25.50,20.00,25.70,25.20,22.20,20.50,22.40,23.90,20.80,24.20,23.00,25.60,21.70,24.00,20.30,23.00,22.80,23.40,20.70,25.00,20.00,20.40,25.90,21.30,23.00,20.80,25.90,21.00,25.20,24.60,23.70,24.60,23.30,24.30,23.00
TLM_RCV,-46,FG-ALPHA,20240415_083343,AUTO,0,32.36,5.00,-85,85.81,7.99,3.30,5.02,1137,472,0,326,23.33,1013.40,11.90,406.10,12.42,46.15,1080,1,20240415_083343,GSN-01,-85,23.80,80.50,48,0,0,7.80,85,8.52,23.00,20.00,20.90,24.60,25.30,24.70,23.50,21.70,23.80,20.70,25.90,21.60,21.80,20.20,22.80,22.90,22.00,24.50,21.20,25.70,21.80,24.40,20.40,24.80,23.40,25.40,20.20,22.70,23.70,25.00,20.90,20.40,23.40,24.50,22.90,23.50,20.70,24.10,23.30,21.80,23.20,23.60,21.70,24.50,25.00,23.80,23.90,23.80,22.00,21.10,24.30,24.50,20.20,24.80,20.30,23.50,21.60,21.10,22.40,22.30,25.30,20.20,21.30,23.60
TLM_RCV,-62,FG-ALPHA,20240415_083344,AUTO,0,32.38,5.00,-85,85.76,7.99,3.30,5.02,0,477,0,333,22.39,1013.30,12.10,405.70,12.42,46.15,1080,1,20240415_083344,GSN-01,-74,25.80,81.00,47,0,0,7.79,84,8.52,70.30,24.90,21.70,21.30,21.50,21.80,22.00,23.40,23.40,25.40,23.30,21.60,22.60,23.40,23.00,23.00,21.70,24.50,22.00,25.70,25.10,25.70,24.60,20.00,24.80,22.40,23.60,20.20,21.20,20.00,21.30,22.20,20.70,21.80,21.80,22.70,25.40,22.40,25.10,25.20,22.30,23.60,24.40,24.80,22.00,24.10,20.40,25.00,25.90,22.20,20.60,24.80,24.60,21.10,21.20,21.70,25.80,22.10,23.80,21.30,24.30,21.60,21.30,25.00
TLM_RCV,-45,FG-ALPHA,20240415_083345,AUTO,0,33.31,5.00,-85,85.81,7.99,3.28,5.02,919,462,0,305,22.28,1013.40,11.80,405.70,12.43,46.15,1080,1,20240415_083345,GSN-01,-75,23.20,81.10,44,0,0,7.79,84,8.53,24.60,20.70,23.60,20.60,22.90,22.20,22.30,23.30,25.80,24.00,24.10,24.60,24.40,24.10,24.10,20.40,20.90,24.90,21.40,25.80,25.20,24.30,25.30,21.50,22.10,20.00,22.20,23.00,20.30,22.30,24.10,25.90,25.80,20.30,25.80,21.90,20.00,22.70,20.00,24.80,25.30,25.50,22.50,21.30,24.60,25.30,23.40,24.90,25.00,22.70,20.60,24.30,23.60,25.90,21.00,23.30,21.60,21.60,21.40,20.60,24.20,23.70,22.40,24.00
TLM_RCV,-80,FG-ALPHA,20240415_083346,AUTO,0,32.03,5.00,-85,85.77,8.00,3.31,5.02,0,406,0,266,22.03,1013.10,11.90,406.20,12.43,46.15,1080,1,20240415_083346,GSN-01,-82,25.70,76.00,44,0,0,7.81,84,8.53,22.00,22.80,20.90,21.20,20.10,24.00,22.60,24.40,21.00,25.30,22.20,22.40,23.60,22.10,25.50,20.10,22.50,25.30,22.30,23.10,20.80,22.00,20.70,22.20,23.50,22.80,23.60,20.50,21.30,23.90,25.90,23.10,21.50,20.90,25.20,25.10,20.10,25.40,20.30,21.80,25.20,25.90,24.50,22.70,21.50,22.70,20.60,21.90,24.50,25.70,22.60,21.60,20.70,23.50,22.30,20.70,25.10,20.50,22.40,22.30,23.30,24.20,24.00,20.30
TLM_RCV,-45,FG-ALPHA,20240415_083347,AUTO,0,33.11,5.00,-85,85.84,8.00,3.31,5.02,1100,422,0,274,23.39,1013.10,11.80,404.80,12.43,46.15,1080,1,20240415_083347,GSN-01,-88,23.60,80.40,46,0,0,7.82,85,8.54,22.30,22.60,23.60,25.10,22.40,25.20,22.00,22.40,23.40,25.50,23.80,24.70,20.60,25.50,20.30,21.00,23.30,20.10,20.30,21.20,25.80,25.70,23.20,24.40,24.20,22.30,20.40,21.50,24.50,21.90,25.70,20.40,21.30,24.60,24.80,25.30,21.70,22.50,23.80,23.00,22.00,24.20,22.80,20.10,22.20,25.70,21.40,20.90,23.10,24.20,21.90,22.00,22.40,25.70,22.30,20.90,25.50,24.50,21.00,21.90,23.10,25.10,23.30,23.80
TLM_RCV,-80,FG-ALPHA,20240415_083348,AUTO,0,33.16,5.00,-85,85.90,8.00,3.28,5.02,1116,432,0,276,23.42,1013.60,11.80,405.10,12.43,46.15,1080,1,20240415_083348,GSN-01,-87,25.60,73.60,40,0,0,7.80,84,8.54,20.40,21.80,20.00,23.50,21.40,24.50,20.60,23.60,25.60,21.40,23.90,25.40,24.70,24.80,21.50,20.20,20.30,25.10,21.00,25.90,25.90,23.60,23.60,25.70,20.70,21.40,25.10,21.70,24.70,25.50,20.60,21.20,25.50,25.80,23.40,22.50,24.20,23.30,24.30,21.00,24.50,21.20,23.70,25.50,22.30,20.70,23.10,24.30,21.10,21.50,25.50,25.00,25.10,23.50,20.60,24.40,24.50,20.20,23.20,20.40,25.30,21.80,23.90,23.30
TLM_RCV,-50,FG-ALPHA,20240415_083349,AUTO,0,31.11,5.00,-85,85.97,8.00,3.31,5.02,1125,423,0,283,23.51,1012.90,11.90,405.00,12.43,46.15,1080,1,20240415_083349,GSN-01,-82,25.00,76.40,44,0,0,7.81,85,8.55,25.30,22.70,25.60,22.70,25.40,24.50,23.70,22.70,25.00,21.90,22.10,25.60,21.40,25.00,25.00,22.40,21.60,23.30,23.30,25.10,25.80,24.30,23.10,23.00,25.00,22.20,22.70,20.20,22.00,23.80,24.40,21.10,25.60,21.20,25.30,21.90,20.90,24.80,21.00,20.70,20.90,25.50,21.70,21.10,22.40,25.50,21.00,25.30,21.70,24.90,24.80,25.10,20.10,25.70,22.70,24.50,72.40,20.20,24.70,24.10,20.90,20.50,22.90,24.60
TLM_RCV,-74,FG-ALPHA,20240415_083350,AUTO,0,32.13,5.00,-85,86.05,8.00,3.30,5.02,1180,426,0,276,23.77,1013.60,12.00,404.60,12.43,46.15,1080,1,20240415_083350,GSN-01,-94,24.20,76.40,45,0,0,7.81,84,8.55,22.40,22.00,21.50,20.00,20.60,23.50,24.90,24.70,20.50,22.20,23.20,20.50,22.40,22.80,21.80,20.00,21.50,25.80,24.70,22.30,20.30,23.10,24.50,20.20,20.90,23.30,25.00,24.50,24.00,20.90,21.60,21.40,20.10,21.60,25.20,23.10,20.10,24.00,24.80,20.70,23.20,22.00,24.30,23.80,21.40,21.80,22.20,20.50,21.30,24.30,24.90,24.00,24.70,25.30,23.90,24.10,23.50,25.00,23.30,24.70,23.30,20.20,22.00,24.70
TLM_RCV,-87,FG-ALPHA,20240415_083351,AUTO,0,31.42,5.00,-85,86.11,7.99,3.28,5.02,1110,483,0,332,23.14,1013.40,11.90,406.20,12.43,46.15,1080,1,20240415_083351,GSN-01,-95,24.10,81.60,42,0,0,7.80,84,8.56,25.10,20.30,23.30,20.30,23.60,20.10,24.80,23.20,22.50,21.60,21.50,20.70,20.90,20.10,21.40,22.30,23.70,20.90,23.60,21.50,21.60,20.60,25.50,22.80,20.40,24.50,25.80,20.90,21.50,25.60,25.40,21.10,24.20,25.50,24.00,24.40,21.80,20.00,25.90,22.10,23.60,24.30,25.50,20.50,21.80,21.30,22.00,22.00,24.20,20.90,24.70,20.40,20.00,22.50,21.00,23.50,21.30,21.80,25.50,21.60,20.00,25.60,20.70,21.90
TLM_RCV,-92,FG-ALPHA,20240415_083352,AUTO,0,31.06,5.00,-85,86.07,8.00,3.29,5.02,0,412,0,262,22.06,1012.90,11.90,405.60,12.43,46.15,1080,1,20240415_083352,GSN-01,-77,24.50,75.10,49,0,0,7.80,84,8.56,25.50,20.40,24.80,25.70,25.30,23.50,24.30,25.20,21.00,25.90,20.90,23.90,20.70,22.10,23.60,25.40,23.70,24.70,22.50,23.60,24.50,24.00,21.80,21.70,20.40,22.00,23.90,23.30,23.80,21.30,25.40,22.70,20.30,23.90,20.30,24.80,23.80,23.40,24.60,21.50,23.20,25.70,21.90,24.60,20.90,21.40,22.40,24.30,21.80,21.90,23.00,23.40,25.60,24.80,21.70,22.30,21.70,23.10,20.30,23.80,20.80,21.80,20.10,23.40
TLM_RCV,-61,FG-ALPHA,20240415_083353,AUTO,0,32.06,5.00,-85,86.15,8.01,3.30,5.02,1192,412,0,271,23.90,1012.80,12.00,405.30,12.43,46.15,1080,1,20240415_083353,GSN-01,-91,24.60,78.00,47,0,0,7.81,85,8.57,25.70,24.40,24.90,20.10,24.50,22.40,21.30,20.00,22.20,22.50,25.40,22.30,21.70,75.10,24.80,25.50,20.10,22.80,20.90,23.20,22.50,21.10,24.70,24.80,21.90,21.80,24.60,20.70,21.80,24.50,23.30,23.70,24.20,25.70,22.90,25.00,20.20,24.30,25.40,24.50,22.90,21.50,24.10,21.40,24.80,20.50,21.10,22.90,23.00,25.10,22.50,24.70,24.20,25.50,24.20,23.20,20.90,25.40,22.80,24.50,25.20,24.80,21.50,22.60
TLM_RCV,-73,FG-ALPHA,20240415_083354,AUTO,0,32.27,5.00,-85,86.20,8.00,3.31,5.02,1005,454,0,295,22.75,1013.10,11.80,405.00,12.43,46.15,1080,1,20240415_083354,GSN-01,-88,25.50,82.90,42,0,0,7.78,85,8.57,23.80,25.50,25.80,24.60,20.40,22.60,23.70,25.50,24.80,22.00,24.00,24.90,24.70,22.50,23.30,21.90,20.60,22.20,20.10,23.90,20.20,22.50,25.80,24.70,24.70,21.20,20.00,25.30,23.20,22.20,20.20,22.00,25.00,22.50,20.60,20.20,23.70,21.90,23.90,22.20,24.60,23.70,21.20,22.70,25.60,20.90,20.70,20.30,20.60,22.70,21.80,21.90,23.50,21.60,20.50,23.00,21.40,20.70,22.70,21.60,25.40,21.70,22.30,23.00
TLM_RCV,-85,FG-ALPHA,20240415_083355,AUTO,0,33.26,5.00,-85,86.16,8.00,3.28,5.02,0,451,0,296,22.25,1013.30,12.00,404.50,12.44,46.15,1080,1,20240415_083355,GSN-01,-93,24.40,82.10,42,0,0,7.78,84,8.58,22.50,20.70,25.20,24.30,23.80,24.30,22.40,23.90,23.80,22.10,25.90,23.60,24.50,23.60,23.00,23.30,22.10,20.30,24.60,23.30,24.90,25.90,23.70,23.30,24.30,20.80,23.00,21.40,24.50,20.60,20.90,21.10,21.10,23.70,22.10,21.80,24.90,25.40,23.10,20.90,25.50,20.90,23.70,24.20,21.70,22.40,22.10,20.80,22.60,23.70,21.80,20.80,23.20,21.50,22.30,24.80,21.20,23.60,22.30,25.90,24.40,21.30,23.30,23.10
TLM_RCV,-81,FG-ALPHA,20240415_083356,AUTO,0,32.49,5.00,-85,86.22,7.99,3.29,5.02,1076,499,0,347,22.89,1013.50,11.80,405.50,12.44,46.15,1080,1,20240415_083356,GSN-01,-94,23.00,78.30,49,0,0,7.79,85,8.58,24.00,21.80,20.10,23.40,22.00,23.70,23.10,20.80,23.60,22.20,23.90,25.90,20.00,24.60,24.70,22.60,23.00,23.90,22.40,24.90,24.50,25.30,22.90,22.10,23.20,22.80,24.20,25.20,23.30,24.60,23.80,22.00,22.40,22.20,25.00,23.30,20.50,20.50,21.70,20.00,22.30,21.50,25.50,24.50,20.50,25.80,22.10,25.10,22.70,20.20,24.30,23.70,24.10,20.30,25.80,23.60,24.50,24.20,21.30,23.20,22.20,20.80,20.60,20.40
TLM_RCV,-68,FG-ALPHA,20240415_083357,AUTO,0,33.15,5.00,-85,86.27,8.01,3.29,5.02,912,429,0,279,22.42,1013.50,11.80,405.90,12.44,46.15,1080,1,20240415_083357,GSN-01,-91,23.30,75.90,40,0,0,7.78,84,8.59,24.00,23.00,24.50,25.50,24.20,24.10,23.10,20.90,20.20,22.20,23.90,20.00,21.30,25.70,25.80,21.50,21.70,24.30,24.60,23.00,21.20,22.30,23.30,21.50,22.00,24.90,25.80,21.90,23.00,20.10,24.30,22.20,25.60,24.90,24.70,20.50,21.10,25.60,20.60,23.10,20.30,22.70,24.80,23.00,25.30,24.30,25.80,22.50,22.30,25.60,24.60,25.20,25.30,20.00,23.50,21.40,25.30,22.00,21.40,23.30,21.70,22.80,24.70,24.50
TLM_RCV,-61,FG-ALPHA,20240415_083358,AUTO,0,32.35,5.00,-85,86.33,8.00,3.29,5.02,1071,471,0,324,23.00,1012.70,11.90,405.80,12.44,46.15,1080,1,20240415_083358,GSN-01,-85,25.90,81.40,40,0,1,7.79,85,8.59,25.80,24.00,21.80,20.30,20.80,21.40,24.60,25.30,21.30,22.60,22.70,22.90,23.80,22.90,23.20,20.50,21.90,21.40,23.10,25.90,24.70,24.10,22.50,22.00,25.90,24.20,24.40,22.40,23.80,21.00,24.90,24.20,25.90,24.00,25.20,25.10,23.90,22.30,25.20,20.90,22.60,21.40,81.80,22.10,24.70,22.70,24.10,24.10,25.00,25.70,21.20,24.50,20.20,25.40,22.60,20.80,20.80,24.20,23.20,24.40,25.40,24.70,21.50,20.40
TLM_RCV,-46,FG-ALPHA,20240415_083359,AUTO,0,31.17,5.00,-85,86.37,8.01,3.29,5.02,925,433,0,292,22.46,1013.30,11.80,406.30,12.44,46.15,1080,1,20240415_083359,GSN-01,-73,24.40,74.60,42,0,0,7.79,84,8.60,25.90,22.10,20.00,22.80,22.80,20.80,20.40,25.50,25.10,22.10,24.40,25.30,21.60,23.80,25.40,21.30,20.40,21.00,20.90,24.10,20.70,20.00,24.00,23.40,23.60,24.60,22.20,21.00,21.80,22.20,22.90,24.10,22.00,24.50,25.90,22.60,21.70,21.70,23.60,23.60,20.00,23.50,20.00,25.40,25.10,25.80,23.40,25.10,22.80,20.80,25.30,20.00,22.90,21.20,21.80,22.50,25.10,24.20,22.10,24.30,22.20,21.50,24.50,21.50
TLM_RCV,-73,FG-ALPHA,20240415_083400,AUTO,0,32.31,5.00,-85,86.41,8.00,3.31,5.02,851,462,0,316,21.94,1013.10,12.10,406.20,12.44,46.15,1080,1,20240415_083400,GSN-01,-85,23.80,75.30,40,0,0,7.80,85,8.60,24.00,22.80,23.70,22.90,25.90,20.30,24.40,25.80,24.30,20.30,23.20,24.00,25.70,22.70,23.00,25.40,25.80,24.90,24.30,25.10,25.40,21.80,25.30,22.20,24.00,21.00,22.20,20.90,23.60,25.10,24.10,25.60,23.90,21.30,24.30,24.20,21.00,22.60,21.70,22.50,22.50,23.00,24.20,22.30,22.90,20.00,20.10,25.90,23.00,25.30,23.30,24.70,21.60,23.70,23.70,24.30,22.80,22.10,20.50,25.80,21.50,24.00,21.60,20.10
TLM_RCV,-91,FG-ALPHA,20240415_083401,AUTO,0,31.01,5.00,-85,86.46,8.01,3.28,5.02,886,402,0,261,22.42,1013.50,12.10,405.10,12.44,46.15,1080,1,20240415_083401,GSN-01,-73,25.60,80.50,42,0,0,7.81,84,8.61,23.80,25.00,20.70,24.20,24.90,24.20,20.20,23.00,25.80,23.20,22.20,20.50,23.60,20.00,22.10,25.70,22.60,23.30,22.00,20.50,22.50,23.50,21.80,21.20,22.60,22.10,23.90,21.00,23.30,23.60,22.50,25.20,23.00,22.40,20.70,23.00,21.30,23.70,24.40,23.70,21.80,21.80,22.90,25.20,25.90,24.80,20.00,24.50,21.50,25.80,23.00,24.70,23.60,21.60,21.30,22.00,25.10,21.00,21.50,20.10,25.50,20.10,21.50,22.60
TLM_RCV,-52,FG-ALPHA,20240415_083402,AUTO,0,33.38,5.00,-85,86.51,8.00,3.28,5.02,965,476,0,320,22.44,1013.40,11.80,405.50,12.44,46.15,1080,1,20240415_083402,GSN-01,-74,25.30,73.50,49,0,0,7.80,85,8.61,23.80,25.50,24.60,23.00,24.40,24.30,23.10,21.30,22.70,23.50,20.60,22.30,22.40,21.90,21.30,22.50,22.30,25.50,22.30,25.50,23.30,23.00,21.50,24.00,20.00,20.80,25.30,25.00,21.50,24.60,21.30,24.70,23.50,23.90,22.30,20.20,24.50,24.10,22.20,24.30,20.00,23.80,20.10,20.50,22.80,24.80,22.60,21.60,22.50,22.20,21.90,25.70,22.40,21.20,23.90,22.40,24.20,20.30,20.10,22.30,23.30,24.80,23.70,23.20
TLM_RCV,-79,FG-ALPHA,20240415_083403,AUTO,0,32.25,5.00,-85,86.47,8.01,3.31,5.02,0,450,0,300,22.25,1013.10,12.10,404.60,12.44,46.15,1080,1,20240415_083403,GSN-01,-89,23.40,81.00,41,0,0,7.81,85,8.62,23.80,22.10,21.60,20.30,24.60,22.60,23.90,25.90,20.20,20.60,25.50,24.50,24.10,25.30,21.00,23.90,21.00,23.20,25.30,24.00,21.90,23.70,20.80,21.60,20.60,23.10,23.70,20.20,24.80,20.10,24.90,25.60,20.60,20.50,24.40,23.30,21.50,24.40,23.80,23.50,21.20,24.60,25.90,20.60,20.10,24.80,20.90,20.60,25.30,23.80,25.10,20.10,22.70,22.30,22.20,25.90,24.60,20.90,23.20,25.70,20.00,24.50,24.30,25.60
TLM_RCV,-73,FG-ALPHA,20240415_083404,AUTO,0,33.12,5.00,-85,86.53,8.01,3.30,5.02,1107,423,0,276,23.42,1013.30,12.10,406.10,12.44,46.15,1080,1,20240415_083404,GSN-01,-78,23.80,74.20,43,0,0,7.79,85,8.62,21.30,20.20,23.80,23.10,23.00,25.40,21.30,21.70,23.70,20.60,23.00,25.20,24.20,23.30,24.00,25.60,21.60,25.40,22.20,23.60,23.20,20.10,20.20,20.80,21.80,20.00,21.30,23.50,20.10,23.90,24.50,20.80,21.30,25.70,25.20,20.10,21.40,21.10,22.30,25.00,25.90,21.60,24.60,25.70,22.80,21.20,20.60,22.00,21.30,23.60,25.50,22.10,20.20,22.60,23.90,25.60,25.50,25.10,21.60,23.30,20.50,23.80,25.60,21.70
TLM_RCV,-41,FG-ALPHA,20240415_083405,AUTO,0,32.40,5.00,-85,86.59,8.01,3.29,5.02,1077,479,0,335,22.99,1013.10,11.80,405.30,12.45,46.15,1080,1,20240415_083405,GSN-01,-72,24.10,77.50,40,0,0,7.81,85,8.63,21.20,25.00,25.40,22.70,24.10,22.30,24.40,20.50,25.20,23.80,23.10,25.70,23.10,22.20,23.80,23.40,22.10,20.30,22.90,22.30,24.50,22.60,21.80,22.30,24.70,22.40,22.70,25.00,23.60,23.80,23.80,20.00,21.20,24.40,22.40,21.90,24.10,25.20,24.60,22.30,21.40,25.30,22.80,21.50,23.60,20.10,24.20,20.90,21.30,24.40,24.60,23.30,23.10,21.20,23.20,22.50,22.90,20.90,25.40,25.80,23.50,22.30,20.20,23.40
TLM_RCV,-90,FG-ALPHA,20240415_083406,AUTO,0,31.08,5.00,-85,86.67,8.02,3.28,5.02,1170,417,0,276,23.76,1012.80,11.80,405.60,12.45,46.15,1080,1,20240415_083406,GSN-01,-90,25.80,74.20,42,0,0,7.81,85,8.63,25.40,24.00,23.20,20.30,25.70,20.40,21.50,21.90,20.60,25.60,20.60,20.80,22.20,24.30,22.70,23.70,24.10,23.80,23.10,24.10,22.50,21.40,20.60,24.40,24.30,23.50,24.20,20.30,24.40,24.40,25.70,21.30,23.80,21.20,20.20,20.70,21.80,23.00,23.00,23.90,21.90,23.40,24.10,22.30,21.20,22.20,20.20,20.90,23.90,23.30,23.30,22.90,25.70,22.20,20.20,21.60,24.60,20.70,24.40,20.30,21.60,21.60,23.60,23.60
TLM_RCV,-64,FG-ALPHA,20240415_083407,AUTO,0,32.44,5.00,-85,86.74,8.01,3.31,5.02,1161,489,0,337,23.36,1012.80,12.00,405.60,12.45,46.15,1080,1,20240415_083407,GSN-01,-77,25.00,73.20,42,0,0,7.79,85,8.64,24.30,24.00,25.80,24.90,23.80,21.20,24.00,21.00,25.50,22.40,25.60,24.00,22.00,23.10,23.90,23.50,20.40,22.20,22.90,21.10,20.30,25.60,25.00,20.30,22.70,23.10,25.00,22.70,21.00,20.60,22.60,25.70,24.40,24.20,25.20,20.30,22.00,24.90,23.20,23.90,22.30,24.00,21.10,25.30,24.10,25.30,25.10,21.70,20.70,22.50,20.10,22.90,23.00,20.30,25.30,21.50,22.70,20.30,22.20,24.40,23.20,24.20,23.40,22.80
TLM_RCV,-49,FG-ALPHA,20240415_083408,AUTO,0,32.40,5.00,-85,86.79,8.01,3.30,5.02,1019,481,0,337,22.69,1013.60,11.80,405.80,12.45,46.15,1080,1,20240415_083408,GSN-01,-85,24.50,82.40,49,0,0,7.78,85,8.64,25.10,23.50,25.00,22.60,22.30,20.20,21.30,21.10,22.90,20.30,23.10,25.90,23.20,20.90,25.40,22.80,25.10,23.90,25.10,24.40,23.70,21.90,24.20,21.70,22.80,23.60,20.30,24.60,25.90,25.20,25.00,22.10,20.10,22.80,20.40,21.50,25.50,25.10,24.20,23.50,22.40,25.50,24.80,24.70,24.40,25.20,24.10,21.40,23.00,24.50,24.50,25.00,21.00,22.00,24.20,22.60,25.70,25.40,25.40,23.80,21.30,21.10,24.80,25.20
TLM_RCV,-43,FG-ALPHA,20240415_083409,AUTO,0,33.04,5.00,-85,86.75,8.02,3.30,5.02,0,409,0,264,22.05,1013.30,11.90,405.60,12.45,46.15,1080,1,20240415_083409,GSN-01,-88,24.90,75.80,43,0,0,7.79,85,8.65,25.10,24.10,22.50,21.80,25.10,20.80,24.70,21.90,22.50,24.50,21.20,23.00,25.40,21.90,20.80,25.40,24.00,20.60,22.10,24.50,20.60,21.20,23.50,21.70,20.80,23.60,20.50,24.20,25.20,22.30,24.80,24.50,24.10,22.70,24.60,23.90,20.50,21.30,24.30,20.90,24.10,24.60,25.40,22.50,20.40,24.80,23.10,23.80,25.40,22.40,23.80,24.60,21.60,20.50,25.10,20.90,21.50,20.60,22.50,23.70,24.00,24.50,24.90,24.40
TLM_RCV,-45,FG-ALPHA,20240415_083410,AUTO,0,33.24,5.00,-85,86.80,8.02,3.28,5.02,953,447,0,296,22.53,1013.30,11.90,404.70,12.45,46.15,1080,1,20240415_083410,GSN-01,-73,25.40,80.50,48,0,0,7.82,85,8.65,22.90,22.90,25.30,21.60,25.60,20.80,23.10,24.20,25.30,20.10,24.40,23.10,25.80,21.90,20.60,21.40,23.90,25.10,22.90,20.10,20.00,23.50,20.00,24.20,21.70,23.40,22.10,25.40,20.60,21.90,25.00,23.80,24.40,20.50,22.50,25.40,24.40,24.70,25.20,23.00,25.70,24.00,23.00,25.60,20.50,22.60,25.80,21.30,21.30,24.50,22.00,22.40,25.30,20.90,20.40,23.40,22.50,24.00,24.60,24.30,20.20,25.00,23.20,22.50
TLM_RCV,-73,FG-ALPHA,20240415_083411,AUTO,0,31.29,5.00,-85,86.86,8.02,3.29,5.02,1080,458,0,316,23.11,1013.20,12.00,406.00,12.45,46.15,1080,1,20240415_083411,GSN-01,-90,24.90,74.70,46,0,0,7.81,85,8.66,20.80,22.90,21.00,23.80,21.20,24.80,20.90,24.90,23.20,22.20,24.40,24.60,21.90,20.80,25.60,25.30,23.70,25.80,20.20,21.40,22.10,24.80,24.60,22.40,25.00,24.90,21.30,25.20,25.30,22.80,21.40,21.80,25.10,21.60,24.70,22.50,24.90,24.80,21.40,20.50,24.50,24.30,24.10,20.80,23.90,22.60,20.60,22.40,22.90,20.90,21.90,25.40,23.10,24.50,23.90,20.20,25.30,21.50,20.50,23.10,22.70,20.20,20.00,24.20
TLM_RCV,-48,FG-ALPHA,20240415_083412,AUTO,0,32.10,5.00,-85,86.91,8.02,3.31,5.02,868,419,0,262,22.25,1013.00,11.80,405.20,12.45,46.15,1080,1,20240415_083412,GSN-01,-82,24.20,77.00,43,0,0,7.82,84,8.66,23.40,20.90,25.20,22.50,22.70,23.60,21.90,23.00,24.50,25.30,20.20,20.60,21.00,21.70,24.10,21.00,24.00,24.50,21.60,21.30,24.20,22.90,21.40,23.60,23.10,22.30,20.60,20.60,22.50,21.40,23.00,22.70,24.70,23.40,24.10,20.10,21.30,25.70,21.70,23.90,25.70,25.40,24.80,25.60,23.00,24.20,20.80,23.80,21.80,21.20,22.00,23.60,22.30,21.70,20.30,25.80,24.40,23.70,20.30,21.00,21.30,23.10,20.90,24.60
TLM_RCV,-52,FG-ALPHA,20240415_083413,AUTO,0,32.28,5.00,-85,86.86,8.02,3.30,5.02,0,456,0,310,22.28,1013.40,12.10,404.90,12.45,46.15,1080,1,20240415_083413,GSN-01,-82,25.60,78.80,41,0,0,7.80,85,8.67,21.00,23.90,25.60,23.40,24.70,20.80,21.80,24.20,20.00,25.20,25.60,20.60,24.80,20.60,23.60,24.60,22.80,21.90,22.90,20.70,25.00,24.40,24.50,24.20,23.30,25.20,23.80,25.30,21.40,25.70,22.10,24.00,20.90,24.40,23.60,22.40,20.10,20.00,24.30,25.40,23.00,20.20,21.40,24.10,23.30,20.70,22.50,20.70,24.80,22.00,22.70,20.20,21.20,23.70,23.90,20.90,23.20,23.40,24.70,20.70,21.30,24.10,24.10,25.50
TLM_RCV,-50,FG-ALPHA,20240415_083414,AUTO,0,31.09,5.00,-85,86.82,8.02,3.31,5.02,0,418,0,266,22.09,1013.20,12.00,405.80,12.45,46.15,1080,1,20240415_083414,GSN-01,-76,23.50,82.30,46,0,0,7.79,85,8.67,23.50,24.20,24.60,25.40,25.40,21.20,20.40,22.50,22.20,22.50,23.40,21.10,22.20,21.30,25.50,25.40,24.40,20.30,25.20,23.80,20.90,23.00,22.00,20.80,24.60,23.30,21.70,22.40,25.60,21.50,24.80,22.10,20.40,22.70,20.10,24.90,23.00,24.20,21.80,21.50,25.40,24.70,25.80,25.30,23.90,24.40,20.60,20.80,23.40,23.30,23.70,22.00,25.80,24.30,23.40,21.40,24.00,22.00,24.20,24.90,25.00,21.00,20.30,22.10
TLM_RCV,-57,FG-ALPHA,20240415_083415,AUTO,0,32.10,5.00,-85,86.89,8.02,3.28,5.02,1109,421,0,262,23.44,1013.40,12.00,406.10,12.46,46.15,1080,1,20240415_083415,GSN-01,-93,23.30,76.50,48,0,0,7.81,85,8.68,24.30,24.20,24.60,24.30,23.20,23.40,25.10,23.90,25.70,23.70,22.20,23.50,21.90,23.10,25.70,24.10,20.60,21.60,22.20,20.60,24.80,24.30,22.00,24.60,20.10,24.20,25.40,23.80,21.40,21.00,22.60,21.40,25.00,21.00,22.90,21.50,25.20,22.10,24.50,20.60,23.30,20.90,24.00,20.40,24.60,21.90,25.90,25.70,22.80,23.20,24.80,25.30,23.80,21.80,24.70,24.30,23.30,20.40,20.20,23.30,22.50,23.70,23.30,23.10
TLM_RCV,-77,FG-ALPHA,20240415_083416,AUTO,0,31.11,5.00,-85,86.93,8.02,3.31,5.02,803,422,0,266,21.91,1012.90,11.80,405.00,12.46,46.15,1080,1,20240415_083416,GSN-01,-89,24.30,78.30,41,0,0,7.80,84,8.68,24.50,20.70,24.30,24.20,24.20,23.50,23.70,23.50,25.30,22.30,25.90,20.00,25.00,22.50,20.70,24.20,22.30,25.10,21.50,21.10,25.70,21.40,21.90,22.90,25.80,20.60,24.60,22.60,20.40,22.50,25.60,24.90,22.20,23.60,21.10,22.00,24.50,21.90,21.20,25.20,20.80,23.40,20.20,23.30,22.30,24.90,24.00,22.40,25.50,22.40,21.20,23.20,22.00,23.40,23.70,22.00,23.30,20.60,24.20,24.00,20.10,20.80,20.90,23.40
TLM_RCV,-49,FG-ALPHA,20240415_083417,AUTO,0,33.31,5.00,-85,86.96,8.02,3.31,5.02,840,461,0,317,21.90,1013.30,11.80,404.60,12.46,46.15,1080,1,20240415_083417,GSN-01,-94,25.60,82.50,46,0,0,7.79,84,8.69,21.20,24.20,24.80,20.00,22.70,24.70,21.30,24.40,24.70,23.60,22.90,22.50,25.10,25.10,22.00,22.90,23.50,24.90,21.60,25.30,24.40,21.70,22.40,20.80,20.50,25.20,20.90,20.00,25.00,23.20,24.30,24.30,20.80,21.30,20.10,20.50,25.60,23.80,25.20,20.60,20.50,21.90,24.50,21.00,20.40,23.90,24.70,22.40,25.50,25.40,23.30,20.80,20.00,21.20,23.20,23.10,22.10,21.60,21.40,25.30,24.10,23.60,20.30,22.30
TLM_RCV,-44,FG-ALPHA,20240415_083418,AUTO,0,32.27,5.00,-85,87.03,8.02,3.31,5.02,1088,454,0,311,23.17,1012.70,12.10,406.00,12.46,46.15,1080,1,20240415_083418,GSN-01,-86,25.00,77.90,41,0,0,7.82,85,8.69,22.80,21.70,23.70,21.90,22.30,22.90,21.40,25.00,20.90,23.40,23.30,23.80,20.20,20.80,21.60,24.40,22.80,24.40,20.70,23.40,22.90,22.90,23.20,21.60,21.70,22.80,21.20,20.10,25.40,23.30,24.60,22.50,23.00,20.40,20.50,22.90,20.70,20.60,21.20,24.20,20.10,25.10,21.40,25.60,22.60,25.10,23.20,23.50,20.90,25.60,24.80,21.50,22.50,20.90,20.80,20.00,23.50,25.90,23.90,22.00,24.40,21.40,23.30,23.20
TLM_RCV,-93,FG-ALPHA,20240415_083419,AUTO,0,33.19,5.00,-85,87.09,8.02,3.30,5.02,1007,438,0,285,22.84,1013.00,11.90,405.50,12.46,46.15,1080,1,20240415_083419,GSN-01,-80,23.90,79.70,42,0,0,7.79,84,8.70,25.70,24.30,23.80,23.90,22.80,20.00,24.90,21.60,21.10,24.90,24.20,24.90,22.10,24.50,21.10,25.70,22.90,20.20,22.70,24.50,25.60,20.30,25.60,20.50,21.70,24.20,21.50,20.30,21.30,23.50,21.30,23.80,22.90,23.40,84.90,20.40,24.60,23.90,22.80,22.10,21.30,23.10,23.70,23.40,24.60,25.40,20.00,23.90,20.20,20.80,22.20,24.50,21.70,23.00,22.10,24.90,25.30,25.40,22.90,24.60,23.50,23.80,25.60,21.10
TLM_RCV,-68,FG-ALPHA,20240415_083420,AUTO,0,33.09,5.00,-85,87.16,8.03,3.29,5.02,1183,418,0,274,23.83,1012.70,11.90,405.70,12.46,46.15,1080,1,20240415_083420,GSN-01,-88,23.10,81.80,45,0,0,7.82,84,8.70,20.50,25.40,23.80,22.20,21.40,24.50,21.60,23.60,23.00,23.80,22.50,20.40,25.20,24.40,21.80,23.70,20.30,22.50,22.40,22.20,25.00,21.80,24.40,25.90,21.40,23.60,23.30,22.00,20.40,22.60,22.10,22.70,21.70,23.60,25.60,23.70,23.70,22.50,24.40,24.50,20.70,20.00,24.70,25.30,23.70,24.60,20.10,25.00,25.60,23.90,22.70,25.00,20.20,24.30,22.10,24.00,25.90,23.80,20.90,22.40,22.10,22.40,25.50,23.10
TLM_RCV,-90,FG-ALPHA,20240415_083421,AUTO,0,31.25,5.00,-85,87.24,8.03,3.29,5.02,1197,449,0,306,23.74,1012.70,12.10,405.40,12.46,46.15,1080,1,20240415_083421,GSN-01,-85,23.60,79.60,43,0,0,7.79,85,8.71,22.10,23.00,22.20,24.60,21.50,21.70,23.00,22.60,23.50,24.00,20.40,22.30,21.40,23.90,24.10,20.40,21.50,21.90,22.40,23.90,25.20,21.10,21.10,22.60,25.60,20.20,24.30,25.50,25.30,25.50,21.10,23.90,21.10,21.40,23.00,20.90,23.50,23.10,25.80,22.10,21.50,23.30,22.50,25.00,24.60,24.70,22.80,22.20,22.30,21.70,22.40,23.40,25.70,22.20,21.10,20.40,23.30,22.00,24.30,20.40,24.10,21.90,21.80,21.70
TLM_RCV,-93,FG-ALPHA,20240415_083443,AUTO,0,32.29,5.00,-85,87.90,8.04,3.29,5.02,974,458,0,302,22.58,1012.80,12.00,404.60,12.48,46.90,1080,1,20240415_083443,GSN-01,-77,25.80,76.30,49,0,0,7.80,85,8.71,25.70,25.90,24.50,20.50,20.40,25.30,20.40,24.20,23.00,21.90,25.30,21.50,20.70,25.10,20.00,24.30,25.90,25.90,20.30,24.40,25.70,22.20,24.50,20.70,25.60,21.60,22.50,20.00,22.40,22.10,21.60,21.50,23.30,23.90,22.50,25.20,24.50,23.10,24.00,23.00,21.80,23.00,23.60,22.80,23.20,22.90,23.00,23.20,21.50,21.30,24.10,20.60,21.90,21.80,20.80,20.20,22.50,21.70,21.90,21.20,20.80,25.00,22.10,21.80
TLM_RCV,-51,FG-ALPHA,20240415_083444,AUTO,0,31.24,5.00,-85,87.96,8.04,3.31,5.02,989,447,0,297,22.71,1013.60,12.10,405.70,12.48,46.90,1080,1,20240415_083444,GSN-01,-76,24.50,80.50,43,0,0,7.81,84,8.72,25.70,25.90,24.60,23.80,23.50,24.60,21.50,21.50,25.10,25.70,22.00,25.50,25.70,22.70,25.20,24.50,20.10,23.20,22.70,21.80,22.50,22.50,23.60,25.10,20.40,22.30,20.00,23.10,25.30,24.70,23.50,20.50,24.50,20.60,22.90,20.80,25.90,25.60,25.40,23.30,25.80,24.90,22.10,23.90,23.20,23.60,21.60,20.80,20.80,20.00,21.20,22.90,23.60,22.80,24.80,24.50,25.00,21.30,21.10,20.10,22.90,24.10,22.80,23.30
TLM_RCV,-75,FG-ALPHA,20240415_083445,AUTO,0,32.25,5.00,-85,88.03,8.05,3.28,5.02,1196,450,0,308,23.73,1012.90,12.10,405.60,12.49,46.90,1080,1,20240415_083445,GSN-01,-89,25.40,75.40,42,0,0,7.80,84,8.72,20.90,25.80,21.10,22.50,20.30,23.60,22.00,25.90,22.20,23.70,24.00,23.30,21.20,20.70,20.10,21.30,22.80,20.90,24.70,24.10,23.30,20.30,23.10,20.60,24.90,21.30,24.50,22.50,21.60,20.70,25.40,21.80,21.00,22.10,23.20,21.90,25.10,21.50,25.10,24.40,23.90,23.90,22.70,23.90,24.80,20.20,22.10,22.40,21.30,25.40,24.30,20.40,24.10,23.00,22.10,20.60,23.50,23.20,24.80,22.10,21.80,25.00,24.30,24.30
TLM_RCV,-52,FG-ALPHA,20240415_083446,AUTO,0,33.31,5.00,-85,88.07,8.04,3.28,5.02,821,463,0,313,21.79,1013.50,11.90,405.30,12.49,46.90,1080,1,20240415_083446,GSN-01,-84,24.90,73.80,42,0,0,7.79,85,8.73,21.50,25.00,23.60,21.70,22.60,25.80,22.00,24.10,23.80,24.20,20.40,25.80,25.60,24.40,25.90,22.70,20.00,22.90,21.30,23.20,24.00,22.80,22.20,22.50,24.50,20.40,23.30,21.50,23.10,21.10,21.20,24.60,20.60,20.80,22.00,20.90,20.90,22.60,25.30,24.20,23.10,24.80,25.90,20.80,25.70,22.00,25.60,22.20,25.50,21.30,21.50,20.70,24.60,22.10,23.40,20.90,20.50,23.10,20.50,24.00,23.60,23.00,25.30,21.40
TLM_RCV,-91,FG-ALPHA,20240415_083447,AUTO,0,31.26,5.00,-85,88.14,8.05,3.29,5.02,1179,452,0,308,23.64,1013.20,11.90,404.80,12.49,46.90,1080,1,20240415_083447,GSN-01,-93,25.40,79.90,45,1,0,7.80,84,8.73,25.80,22.40,23.20,21.10,20.50,20.30,22.60,22.20,23.30,23.10,21.30,22.40,22.00,21.00,21.40,25.60,21.40,25.70,25.70,23.50,23.90,25.20,25.90,24.00,22.80,23.20,22.50,24.50,20.00,25.10,21.30,20.00,24.50,21.90,22.80,20.20,23.00,20.50,20.70,20.70,22.40,25.40,25.30,21.60,25.40,23.50,22.60,20.10,25.80,20.60,20.80,22.70,24.50,25.50,25.30,24.30,24.70,21.60,23.40,23.60,22.40,23.90,21.70,20.60
TLM_RCV,-82,FG-ALPHA,20240415_083448,AUTO,0,31.24,5.00,-85,88.18,8.05,3.30,5.02,891,448,0,290,22.22,1013.30,12.10,405.60,12.49,46.90,1080,1,20240415_083448,GSN-01,-76,24.40,78.50,47,1,0,7.81,85,8.74,23.90,23.60,25.50,21.70,22.70,25.60,24.90,20.70,24.80,23.70,25.00,23.60,21.40,22.20,22.60,22.00,23.00,24.90,24.80,21.60,24.70,22.30,23.50,25.10,20.80,25.50,24.60,25.40,23.40,25.00,22.80,24.80,24.80,24.60,20.20,24.60,23.40,20.10,23.90,20.80,22.40,20.90,22.00,24.00,23.20,22.00,24.00,20.90,20.80,23.80,20.50,24.30,22.30,20.80,24.00,23.50,22.60,20.70,24.00,23.80,22.90,24.30,25.30,21.20
TLM_RCV,-51,FG-ALPHA,20240415_083449,AUTO,0,32.21,5.00,-85,88.26,8.05,3.30,5.02,1164,441,0,300,23.61,1012.70,11.80,405.40,12.49,46.90,1080,1,20240415_083449,GSN-01,-87,24.60,74.20,46,0,0,7.81,85,8.74,21.60,24.00,23.50,21.70,21.50,22.80,25.90,20.20,22.80,24.70,24.60,24.60,21.90,22.60,20.90,21.40,21.00,22.40,20.50,24.70,21.10,21.80,25.20,24.30,24.90,25.90,23.90,20.40,24.60,23.80,25.00,24.60,22.90,20.70,21.40,25.30,23.50,24.80,24.10,21.80,22.60,21.10,24.80,25.40,21.20,21.10,21.40,25.20,25.70,22.10,22.90,22.20,21.70,22.70,22.30,21.00,21.10,23.00,23.60,24.90,21.50,20.20,21.40,21.50
TLM_RCV,-80,FG-ALPHA,20240415_083450,AUTO,0,32.06,5.00,-85,88.21,8.06,3.31,5.02,0,413,0,264,22.07,1012.90,12.00,405.10,12.49,46.90,1080,1,20240415_083450,GSN-01,-95,25.20,81.50,40,0,0,7.82,85,8.75,22.40,24.30,20.50,22.30,21.10,23.60,25.90,22.00,24.70,24.80,22.80,25.80,24.30,88.80,21.50,25.50,24.70,20.30,21.60,20.30,22.40,24.70,22.60,22.10,24.70,21.30,22.50,21.60,24.30,24.40,24.80,24.70,21.70,20.80,20.30,21.90,20.80,20.10,24.80,23.00,23.70,22.30,21.80,25.30,20.90,25.00,22.50,25.00,20.50,22.00,25.70,23.00,22.00,22.60,25.20,21.10,21.70,20.40,23.40,24.70,21.90,20.40,23.70,23.90
TLM_RCV,-91,FG-ALPHA,20240415_083451,AUTO,0,32.31,5.00,-85,88.27,8.05,3.28,5.02,1047,463,0,306,22.92,1013.30,12.10,405.30,12.49,46.90,1080,1,20240415_083451,GSN-01,-87,24.40,73.30,41,0,0,7.82,85,8.75,25.80,20.90,24.50,21.70,21.30,24.30,23.10,25.60,20.70,23.10,21.50,23.40,23.20,23.80,21.30,20.00,20.20,21.20,21.60,24.90,25.20,20.20,21.20,25.60,23.40,25.30,25.70,20.80,24.80,23.70,20.10,22.60,24.80,20.30,25.20,24.60,21.10,21.80,21.30,20.60,22.70,23.10,21.70,21.00,25.80,22.50,23.30,25.20,22.40,24.90,25.60,22.80,24.00,22.80,23.00,25.70,21.60,25.40,22.50,21.80,25.60,21.80,21.60,24.90
TLM_RCV,-49,FG-ALPHA,20240415_083452,AUTO,0,33.35,5.00,-85,88.23,8.05,3.28,5.02,0,471,0,328,22.35,1013.20,11.90,405.20,12.49,46.90,1080,1,20240415_083452,GSN-01,-74,25.30,74.00,48,0,1,7.81,84,8.76,20.10,21.20,24.80,24.90,25.30,23.00,20.80,21.60,23.30,25.60,21.20,21.70,20.80,25.30,25.40,21.60,22.40,21.50,24.80,24.70,22.90,24.30,23.50,21.70,25.70,22.90,20.30,21.40,22.70,22.80,22.50,23.10,23.70,22.70,25.50,24.90,21.20,24.90,21.60,22.30,23.00,23.90,25.20,24.00,23.10,25.90,21.60,21.10,25.60,24.70,24.00,21.40,20.80,23.20,24.30,20.00,24.80,25.50,20.70,23.70,20.60,24.10,23.00,24.70
TLM_RCV,-75,FG-ALPHA,20240415_083453,AUTO,0,31.09,5.00,-85,88.18,8.05,3.29,5.02,0,419,0,274,22.09,1013.00,11.90,406.30,12.49,46.90,1080,1,20240415_083453,GSN-01,-77,23.30,74.90,43,0,0,7.81,84,8.76,24.00,20.00,22.10,23.80,22.40,25.10,22.10,24.90,24.60,23.40,25.80,25.80,24.40,22.80,21.80,25.10,21.80,22.00,22.40,22.10,21.20,24.70,24.10,23.20,21.30,20.10,21.30,23.20,22.90,22.30,25.30,25.20,20.40,21.30,22.00,21.50,21.30,21.10,21.20,23.80,23.40,25.80,20.60,21.80,24.60,25.70,25.90,24.90,23.40,24.00,20.60,24.90,23.10,20.90,24.20,24.00,20.80,23.50,20.20,24.90,25.60,23.00,23.90,23.20
TLM_RCV,-79,FG-ALPHA,20240415_083454,AUTO,0,31.48,5.00,-85,88.24,8.04,3.28,5.02,1041,495,0,342,22.73,1013.30,11.90,405.80,12.49,46.90,1080,1,20240415_083454,GSN-01,-83,25.50,80.30,45,0,1,7.82,84,8.77,22.30,22.40,20.80,23.60,21.90,21.70,23.20,21.70,22.60,22.90,22.70,21.30,25.00,23.30,24.50,21.40,22.80,23.70,22.90,23.90,25.30,23.80,21.50,20.80,24.40,23.40,25.60,25.50,24.00,23.00,23.70,22.80,22.90,24.10,25.80,22.80,22.50,23.10,22.30,22.00,22.70,25.20,21.40,23.60,23.30,21.70,23.00,22.70,22.60,24.30,21.30,25.60,20.60,22.80,21.00,24.90,24.00,21.80,20.10,25.10,21.90,23.00,24.10,25.80
TLM_RCV,-87,FG-ALPHA,20240415_083455,AUTO,0,33.02,5.00,-85,88.31,8.06,3.31,5.02,1163,404,0,251,23.80,1013.00,11.90,405.90,12.50,46.90,1080,1,20240415_083455,GSN-01,-71,23.60,82.20,44,0,0,7.82,84,8.77,25.90,24.90,24.50,23.10,21.40,20.00,23.20,23.50,23.40,22.80,24.30,22.00,21.30,25.90,25.10,22.90,22.20,22.00,21.70,20.90,23.60,25.70,22.60,23.40,25.80,24.30,25.90,20.00,22.70,22.40,20.60,24.80,22.60,20.70,20.50,25.60,20.80,24.00,24.00,21.20,22.30,20.50,24.00,25.00,25.00,21.70,20.10,20.00,25.30,20.80,21.40,20.80,25.90,25.20,20.10,21.00,25.00,22.70,20.00,24.60,21.80,25.60,24.10,21.80
TLM_RCV,-61,FG-ALPHA,20240415_083456,AUTO,0,33.47,5.00,-85,88.37,8.05,3.30,5.02,1063,494,0,346,22.84,1012.90,11.90,405.00,12.50,46.90,1080,1,20240415_083456,GSN-01,-78,23.70,78.00,42,0,0,7.78,85,8.78,24.40,25.20,25.20,21.30,21.00,25.40,23.00,22.90,21.30,21.40,22.70,25.50,20.50,23.80,23.40,23.50,20.60,24.50,24.30,21.60,22.70,22.00,23.20,24.80,25.70,24.80,23.50,22.60,23.10,24.80,20.30,22.30,25.90,20.60,25.70,21.80,22.80,25.20,20.00,22.30,20.40,23.10,23.90,23.80,24.00,25.70,23.30,23.80,21.00,22.30,25.90,24.90,23.60,23.10,25.80,22.80,23.40,22.10,25.30,23.60,23.30,25.70,23.50,20.70
TLM_RCV,-82,FG-ALPHA,20240415_083457,AUTO,0,32.33,5.00,-85,88.43,8.05,3.30,5.02,1075,467,0,319,23.04,1013.10,11.80,405.40,12.50,46.90,1080,1,20240415_083457,GSN-01,-72,23.80,76.70,43,0,0,7.79,85,8.78,25.70,23.00,25.70,20.40,23.60,21.00,22.60,22.10,21.40,21.60,21.70,20.60,23.70,21.60,24.20,24.80,25.20,22.10,22.50,20.30,21.10,21.50,21.10,22.80,20.30,24.10,25.00,25.50,20.40,25.60,22.80,23.90,21.10,24.90,20.40,25.90,23.70,23.00,21.40,21.20,20.40,20.70,24.80,20.00,24.20,24.50,23.60,22.70,22.40,22.60,24.40,20.60,22.30,23.90,25.20,24.70,20.00,20.10,23.90,20.20,23.10,24.20,25.40,21.50
TLM_RCV,-58,FG-ALPHA,20240415_083458,AUTO,0,33.51,5.00,-85,88.49,8.05,3.31,5.02,1119,501,0,347,23.09,1013.60,11.90,405.80,12.50,46.90,1080,1,20240415_083458,GSN-01,-74,25.30,74.00,45,0,0,7.82,85,8.79,22.20,20.50,25.50,22.00,24.10,22.90,20.10,25.70,25.60,24.10,24.40,20.40,23.70,22.60,21.40,22.00,21.90,23.40,20.40,23.40,23.90,22.70,22.90,24.00,25.20,23.70,20.00,25.50,20.90,23.00,24.10,21.70,22.00,24.70,23.30,22.30,23.60,20.60,21.90,25.60,24.00,25.30,21.30,22.00,23.20,20.80,21.30,21.40,24.10,23.00,21.50,22.60,24.10,23.50,20.20,85.40,23.10,23.90,23.70,20.80,20.80,21.90,21.50,21.20
TLM_RCV,-58,FG-ALPHA,20240415_083459,AUTO,0,32.51,5.00,-85,88.53,8.05,3.29,5.02,874,501,0,349,21.86,1012.70,11.80,406.00,12.50,46.90,1080,1,20240415_083459,GSN-01,-80,24.70,81.20,44,0,0,7.80,84,8.79,22.80,22.40,20.50,23.80,21.10,25.50,25.90,23.40,22.20,24.70,22.70,21.00,25.10,25.00,22.50,21.40,20.10,21.80,22.10,22.90,20.00,23.80,25.10,21.10,23.00,88.70,24.90,21.30,25.20,24.10,21.10,24.40,21.80,24.50,20.10,23.40,24.80,21.90,21.40,23.20,22.80,22.00,25.60,23.80,24.50,21.20,23.70,25.00,21.40,23.10,22.70,24.00,20.30,21.70,25.10,22.10,22.80,20.20,20.00,21.80,23.20,20.00,25.60,22.10
TLM_RCV,-95,FG-ALPHA,20240415_083500,AUTO,0,31.11,5.00,-85,88.57,8.06,3.30,5.02,801,422,0,271,21.90,1013.50,12.10,405.90,12.50,46.90,1080,1,20240415_083500,GSN-01,-74,23.70,79.80,41,0,0,7.79,84,8.80,20.20,25.40,21.30,23.80,21.50,25.00,25.60,23.20,22.90,21.10,22.50,20.50,21.90,22.00,23.60,25.80,22.90,20.70,22.00,24.80,23.40,21.20,23.50,24.80,22.50,22.20,23.10,25.40,25.20,23.30,21.90,20.50,25.10,24.60,25.00,25.10,25.00,22.60,22.60,24.80,20.50,21.50,21.60,20.90,21.70,23.80,20.80,22.40,21.10,21.20,21.20,23.90,24.30,24.80,25.00,24.50,20.20,24.80,22.30,23.30,24.10,23.90,20.00,21.80
TLM_RCV,-90,FG-ALPHA,20240415_083501,AUTO,0,33.47,5.00,-85,88.61,8.05,3.28,5.02,864,493,0,336,21.85,1013.50,11.90,404.60,12.50,46.90,1080,1,20240415_083501,GSN-01,-94,25.30,81.50,41,0,0,7.82,85,8.80,24.00,22.90,22.40,23.60,25.20,25.50,24.70,25.90,20.90,21.70,22.50,25.70,23.10,21.90,22.70,22.40,20.50,24.70,22.10,22.20,23.60,25.60,20.80,20.50,24.40,21.90,25.30,21.30,20.50,25.20,22.40,22.30,24.80,20.00,24.40,21.10,20.50,22.90,24.40,25.40,23.70,21.50,22.60,23.20,21.80,24.50,23.30,22.20,24.00,24.40,22.00,24.60,21.50,21.30,23.40,25.70,20.80,20.10,23.30,21.40,21.60,24.10,20.20,24.30
TLM_RCV,-90,FG-ALPHA,20240415_083502,AUTO,0,31.10,5.00,-85,88.56,8.06,3.30,5.02,0,420,0,268,22.10,1013.00,12.10,405.40,12.50,46.90,1080,1,20240415_083502,GSN-01,-80,25.00,76.30,48,1,0,7.79,85,8.81,21.90,23.30,24.30,20.20,21.80,24.60,23.70,23.20,21.80,24.60,24.10,22.90,20.00,21.40,24.60,23.20,20.60,22.50,25.50,21.20,22.90,21.70,20.80,23.50,25.00,21.80,25.40,25.60,23.80,24.90,20.00,25.90,20.80,20.40,22.60,24.20,25.80,25.30,20.40,22.20,22.60,21.70,21.70,25.00,24.50,24.80,20.80,20.90,21.90,24.00,22.00,25.70,20.70,20.00,21.30,24.40,23.80,21.90,21.90,20.10,23.00,23.20,21.00,25.50
TLM_RCV,-61,FG-ALPHA,20240415_083503,AUTO,0,33.34,5.00,-85,88.60,8.06,3.31,5.02,813,468,0,324,21.73,1012.70,11.80,406.40,12.50,46.90,1080,1,20240415_083503,GSN-01,-83,24.80,81.60,47,0,0,7.82,84,8.81,20.50,20.80,23.80,25.00,20.70,25.40,23.70,24.40,22.10,25.10,24.50,25.30,22.30,21.20,25.10,22.70,23.00,21.80,20.60,24.50,23.50,24.90,21.70,22.70,21.90,25.10,25.40,21.50,24.30,25.30,21.90,24.70,25.00,25.80,25.20,21.30,25.70,20.40,25.30,25.80,23.40,21.90,25.60,23.90,22.10,22.30,22.60,25.20,22.90,25.70,24.50,20.10,24.40,25.30,21.80,24.60,23.90,25.60,20.50,24.80,21.20,25.50,24.00,23.90
TLM_RCV,-71,FG-ALPHA,20240415_083504,AUTO,0,32.26,5.00,-85,88.65,8.06,3.31,5.02,975,451,0,301,22.62,1013.60,12.10,406.00,12.50,46.90,1080,1,20240415_083504,GSN-01,-94,23.40,79.50,41,0,0,7.80,84,8.82,25.30,24.30,20.30,22.40,25.20,22.70,21.90,23.90,25.20,23.00,24.30,22.50,23.30,21.20,23.80,25.50,20.20,23.30,25.50,23.50,20.60,23.70,24.40,24.40,22.70,21.40,21.00,23.60,21.50,22.00,22.30,20.20,20.70,23.50,24.60,23.90,22.50,23.90,20.30,24.70,24.90,23.40,21.50,23.50,22.10,21.10,23.10,21.60,25.20,24.00,24.20,25.60,23.70,21.50,23.20,24.70,23.90,23.80,23.70,23.50,25.70,25.20,23.50,23.60
TLM_RCV,-78,FG-ALPHA,20240415_083505,AUTO,0,32.44,5.00,-85,88.69,8.06,3.29,5.02,898,488,0,340,22.05,1013.40,11.90,404.90,12.51,46.90,1080,1,20240415_083505,GSN-01,-72,23.40,73.20,47,0,0,7.80,84,8.82,23.70,21.10,24.90,20.60,23.60,22.60,24.60,25.50,22.20,22.60,22.90,20.90,24.60,20.10,22.90,23.40,20.60,25.50,20.60,21.00,21.70,25.30,24.60,25.90,21.10,25.10,22.00,20.50,25.70,23.40,20.50,22.50,23.80,24.10,21.50,20.10,22.60,20.00,24.40,24.40,23.10,20.40,22.60,20.00,25.50,20.90,20.00,21.00,21.40,21.20,24.30,24.80,22.80,25.40,22.90,21.70,22.20,20.90,24.80,24.20,22.50,25.70,24.00,20.60
TLM_RCV,-91,FG-ALPHA,20240415_083506,AUTO,0,32.17,5.00,-85,88.76,8.07,3.30,5.02,1097,434,0,281,23.32,1012.90,11.90,404.70,12.51,46.90,1080,1,20240415_083506,GSN-01,-94,25.00,73.40,46,0,1,7.79,85,8.83,24.30,20.80,21.10,20.40,23.60,22.20,24.30,22.80,24.10,24.90,23.70,24.10,25.90,25.70,22.80,23.50,23.40,20.00,20.50,25.80,21.00,22.10,21.00,20.90,21.60,24.40,25.30,24.60,22.90,24.20,24.40,20.00,23.40,23.40,24.10,22.00,21.40,20.20,21.00,21.00,22.40,25.20,23.20,20.30,23.00,23.90,23.90,20.80,20.50,23.20,22.60,21.30,23.60,20.90,24.40,23.40,21.70,21.00,23.50,24.10,21.80,24.00,22.30,20.80
TLM_RCV,-78,FG-ALPHA,20240415_083507,AUTO,0,33.42,5.00,-85,88.71,8.06,3.28,5.02,0,485,0,333,22.42,1013.30,11.90,405.90,12.51,46.90,1080,1,20240415_083507,GSN-01,-74,25.90,75.80,43,0,0,7.82,84,8.83,25.10,25.80,22.70,25.30,25.50,24.80,23.60,20.80,24.30,22.20,20.70,20.00,25.70,24.90,23.20,70.60,23.00,25.60,20.70,20.30,20.60,23.10,22.60,22.40,21.70,22.30,25.80,21.80,24.80,24.60,24.80,23.60,21.30,20.00,20.60,25.80,21.90,21.00,24.60,22.90,21.90,20.00,22.00,21.50,20.50,22.40,25.30,20.80,24.30,20.30,20.30,20.90,22.10,23.70,24.10,21.10,23.30,24.00,21.00,25.70,21.80,21.30,21.00,25.00
TLM_RCV,-71,FG-ALPHA,20240415_083508,AUTO,0,31.00,5.00,-85,88.79,8.07,3.28,5.02,1183,399,0,257,23.92,1013.20,12.00,406.00,12.51,46.90,1080,1,20240415_083508,GSN-01,-87,25.20,78.60,48,0,0,7.79,85,8.84,24.30,24.10,21.60,23.20,23.00,20.40,25.40,21.00,21.00,22.70,23.80,24.60,22.00,25.00,20.10,21.50,20.90,25.90,25.70,25.90,20.10,23.50,20.00,20.00,25.80,24.40,22.10,21.90,21.50,22.30,20.20,23.90,20.10,21.10,24.80,25.50,24.40,22.00,20.70,24.50,20.50,21.00,21.60,24.80,24.50,22.10,23.30,23.30,23.00,25.40,23.90,25.50,25.30,22.50,25.40,24.60,24.60,20.30,20.70,21.70,22.30,20.40,23.10,22.90
TLM_RCV,-47,FG-ALPHA,20240415_083509,AUTO,0,31.32,5.00,-85,88.85,8.06,3.29,5.02,1077,464,0,309,23.07,1012.80,12.10,404.80,12.51,46.90,1080,1,20240415_083509,GSN-01,-72,25.50,73.90,43,0,0,7.82,84,8.84,22.10,22.50,22.10,22.40,20.00,20.40,20.70,25.50,21.90,23.30,21.50,21.20,22.50,20.30,24.00,23.10,21.90,25.10,22.80,22.40,22.40,21.00,22.30,24.90,23.10,25.20,21.40,22.50,20.50,24.60,24.60,25.60,20.10,25.40,25.80,23.90,22.60,23.60,21.40,21.30,20.60,21.80,21.00,25.20,22.90,23.00,20.70,25.80,25.20,25.10,21.70,22.80,20.10,22.90,20.00,24.30,23.60,25.90,23.00,25.20,21.40,23.40,20.20,22.10
TLM_RCV,-51,FG-ALPHA,20240415_083510,AUTO,0,31.33,5.00,-85,88.92,8.06,3.31,5.02,1172,465,0,322,23.53,1012.70,12.10,405.80,12.51,46.90,1080,1,20240415_083510,GSN-01,-77,25.90,77.10,40,0,0,7.79,84,8.85,20.70,22.30,20.00,22.50,22.50,22.50,21.10,20.90,21.50,22.40,23.40,20.90,23.00,22.40,20.80,22.00,21.90,23.20,22.30,20.40,23.30,22.50,22.10,23.90,24.10,20.60,25.50,22.90,22.40,22.10,21.50,20.20,21.40,25.30,24.30,20.50,21.00,24.30,24.70,23.40,23.70,21.10,20.20,23.80,20.70,20.40,23.20,25.90,24.50,23.90,23.30,21.10,21.90,21.90,22.40,25.00,21.90,21.80,25.80,22.40,22.50,21.10,22.70,24.00
TLM_RCV,-79,FG-ALPHA,20240415_083511,AUTO,0,33.35,5.00,-85,88.96,8.06,3.30,5.02,889,470,0,318,22.09,1013.60,12.00,405.80,12.51,46.90,1080,1,20240415_083511,GSN-01,-91,25.20,76.40,41,0,0,7.81,84,8.85,22.40,20.80,22.50,25.30,20.90,20.50,23.60,21.50,20.00,20.00,25.80,24.10,21.70,25.00,24.80,21.70,23.20,20.40,24.10,24.80,23.20,23.50,25.30,20.70,23.20,20.10,23.90,21.30,22.20,24.90,23.60,25.80,21.50,21.70,23.00,25.00,24.20,22.70,23.10,83.90,23.70,22.20,23.30,21.80,23.10,25.00,23.70,22.10,23.20,21.70,25.40,25.10,24.80,22.30,24.10,23.50,24.50,21.40,23.00,22.50,20.70,21.40,24.10,21.70
TLM_RCV,-85,FG-ALPHA,20240415_083512,AUTO,0,31.15,5.00,-85,89.00,8.07,3.28,5.02,839,430,0,290,22.05,1013.10,11.90,404.50,12.51,46.90,1080,1,20240415_083512,GSN-01,-90,24.50,77.30,46,0,0,7.78,84,8.86,23.60,24.30,21.70,23.70,23.60,25.30,20.10,25.10,20.80,21.70,20.80,24.20,25.80,22.60,22.00,23.60,23.80,21.00,22.30,21.90,23.60,23.60,23.20,25.70,20.50,21.40,23.10,22.60,22.60,22.30,23.30,22.70,22.00,21.20,20.50,24.90,21.10,25.90,24.30,25.50,23.80,21.50,22.70,24.00,22.90,20.00,25.50,23.80,24.10,23.60,22.20,21.60,24.10,25.70,20.30,23.50,20.50,23.10,24.10,25.10,20.50,24.90,25.10,23.80
TLM_RCV,-59,FG-ALPHA,20240415_083513,AUTO,0,31.39,5.00,-85,89.05,8.07,3.29,5.02,913,478,0,330,22.17,1012.70,11.90,406.30,12.51,46.90,1080,1,20240415_083513,GSN-01,-72,23.70,77.80,48,0,0,7.81,84,8.86,23.40,22.40,23.80,23.80,21.60,24.80,21.20,20.70,23.90,23.80,22.20,23.60,22.30,23.90,21.00,21.80,23.50,20.80,23.20,24.20,21.20,21.30,21.10,24.00,23.60,20.90,20.20,20.90,23.50,22.20,21.90,21.90,25.40,20.50,23.80,23.90,22.80,21.40,20.30,23.60,20.50,20.30,24.40,25.80,22.20,25.80,21.70,20.90,20.00,21.80,20.60,21.20,22.50,24.30,21.90,25.20,25.10,22.40,21.70,22.80,24.90,22.10,21.50,20.80
TLM_RCV,-95,FG-ALPHA,20240415_083514,AUTO,0,33.10,5.00,-85,89.09,8.08,3.28,5.02,873,419,0,266,22.27,1012.80,12.10,405.60,12.51,46.90,1080,1,20240415_083514,GSN-01,-81,24.20,80.10,41,0,0,7.82,85,8.87,22.20,21.90,25.00,24.00,23.10,23.20,21.00,22.40,24.70,21.70,24.30,20.30,20.50,21.90,22.30,22.10,24.40,20.20,24.20,25.60,21.30,23.20,21.40,22.60,20.80,21.00,23.10,22.00,25.70,24.10,21.40,22.60,20.90,23.50,25.70,24.40,25.90,22.20,23.60,22.80,20.70,25.10,24.50,25.80,24.40,20.40,22.80,24.80,20.20,21.60,21.20,25.90,21.80,21.20,25.10,20.80,21.20,22.20,23.30,20.20,25.10,23.50,24.40,25.90
TLM_RCV,-73,FG-ALPHA,20240415_083515,AUTO,0,32.38,5.00,-85,89.13,8.07,3.28,5.02,851,475,0,332,21.88,1012.80,11.90,405.00,12.52,46.90,1080,1,20240415_083515,GSN-01,-90,23.30,82.00,47,0,0,7.81,84,8.87,24.00,25.70,20.30,23.70,23.80,23.30,25.90,21.90,22.50,24.70,25.10,24.40,24.70,24.20,24.00,24.50,24.50,22.70,23.60,22.50,21.10,24.60,25.50,21.20,22.50,21.70,22.40,24.00,22.60,24.60,21.60,22.60,24.20,23.50,23.70,21.50,22.30,25.50,22.80,20.80,25.50,24.50,24.10,21.40,24.90,20.80,23.60,23.30,22.90,24.90,21.10,22.90,24.90,22.50,23.70,23.30,23.40,20.90,25.00,25.00,23.90,25.10,25.80,21.70
TLM_RCV,-47,FG-ALPHA,20240415_083516,AUTO,0,31.38,5.00,-85,89.19,8.07,3.28,5.02,1086,476,0,330,23.05,1012.90,11.90,404.80,12.52,46.90,1080,1,20240415_083516,GSN-01,-75,23.00,77.60,44,0,0,7.78,84,8.88,21.50,24.90,21.10,25.00,20.00,22.00,20.10,25.00,24.20,23.50,22.60,22.40,24.60,21.90,20.40,23.80,20.80,24.20,23.10,24.30,22.70,25.30,23.20,24.20,24.70,25.30,24.30,20.50,24.90,25.30,21.50,21.00,20.20,23.50,20.30,20.80,23.10,21.90,24.70,22.80,22.20,21.60,23.50,21.10,21.90,23.60,24.80,22.10,25.60,22.20,24.70,23.30,23.90,23.10,21.70,21.40,20.20,21.30,24.60,20.80,22.00,22.60,24.00,23.80
TLM_RCV,-56,FG-ALPHA,20240415_083517,AUTO,0,31.11,5.00,-85,89.15,8.08,3.30,5.02,0,423,0,266,22.11,1012.90,11.90,406.30,12.52,46.90,1080,1,20240415_083517,GSN-01,-74,25.90,76.10,46,0,0,7.82,85,8.88,23.70,21.10,25.30,23.10,25.70,22.60,22.80,23.30,25.80,20.70,22.50,20.90,22.80,25.70,24.80,22.80,24.40,21.60,25.00,25.60,25.30,22.90,22.70,20.60,24.80,25.20,24.90,23.40,21.30,22.90,25.20,20.20,24.20,20.50,23.40,23.40,22.70,22.60,23.10,22.20,25.00,23.50,22.80,23.20,20.80,23.40,21.70,25.40,24.20,21.80,23.60,21.10,24.60,21.10,21.90,21.30,25.80,24.70,20.40,22.30,25.70,25.00,25.80,24.20
TLM_RCV,-84,FG-ALPHA,20240415_083518,AUTO,0,31.32,5.00,-85,89.21,8.07,3.30,5.02,1065,464,0,310,23.00,1013.00,11.90,404.90,12.52,46.90,1080,1,20240415_083518,GSN-01,-75,24.20,76.60,45,0,0,7.79,84,8.89,22.90,23.90,22.70,22.30,25.40,20.80,23.60,20.20,25.90,24.30,25.50,20.50,24.20,23.10,23.50,22.90,25.50,23.10,20.80,21.50,20.50,24.50,23.60,21.40,21.10,22.30,23.90,25.90,24.10,20.90,25.00,23.20,24.10,22.50,20.80,25.50,23.30,25.90,24.20,20.20,25.50,23.80,20.30,20.30,24.40,23.30,21.50,21.40,21.50,25.90,22.70,25.10,20.80,21.30,21.00,23.40,24.50,22.00,24.60,24.90,21.70,20.70,20.80,24.90
TLM_RCV,-66,FG-ALPHA,20240415_083519,AUTO,0,31.05,5.00,-85,89.17,8.08,3.28,5.02,0,409,0,263,22.05,1013.10,11.80,405.50,12.52,46.90,1080,1,20240415_083519,GSN-01,-93,24.80,82.40,43,0,0,7.80,84,8.89,22.40,21.20,22.40,20.20,20.70,24.70,23.10,24.20,22.00,23.90,25.50,23.60,21.20,20.50,20.00,21.60,21.20,24.90,22.10,23.40,24.30,24.10,21.10,24.50,22.60,24.80,22.80,23.20,22.70,21.80,25.10,25.50,20.70,24.80,21.70,23.10,23.90,25.20,25.10,21.90,22.00,23.80,20.80,23.10,23.90,24.40,21.20,20.90,21.50,25.00,25.10,23.70,22.60,24.00,22.20,20.50,20.00,24.90,20.00,21.90,25.20,23.20,24.00,22.40
TLM_RCV,-55,FG-ALPHA,20240415_083520,AUTO,0,33.12,5.00,-85,89.23,8.08,3.28,5.02,1013,424,0,274,22.94,1013.30,11.90,404.90,12.52,46.90,1080,1,20240415_083520,GSN-01,-89,24.30,79.30,49,0,0,7.79,85,8.90,24.00,22.20,23.20,23.20,22.80,20.80,24.50,21.50,22.80,25.50,21.50,23.10,25.60,24.90,21.10,25.30,20.10,25.00,22.10,21.00,25.30,22.20,23.50,22.90,20.50,21.90,22.80,24.10,24.80,21.30,22.30,24.60,25.50,23.70,20.80,23.30,20.00,24.90,21.10,23.70,25.20,23.40,25.60,20.10,20.90,20.60,23.10,22.40,24.50,23.00,20.00,20.40,22.60,22.10,21.20,25.50,25.60,24.30,25.60,22.70,24.40,22.10,24.90,24.90
TLM_RCV,-57,FG-ALPHA,20240415_083521,AUTO,0,32.13,5.00,-85,89.30,8.08,3.31,5.02,1146,426,0,273,23.60,1013.40,11.80,405.50,12.52,46.90,1080,1,20240415_083521,GSN-01,-75,25.50,79.20,45,0,0,7.80,85,8.90,23.00,21.50,21.10,25.50,25.80,22.40,23.30,23.50,20.70,20.30,22.40,23.70,22.70,23.10,22.60,23.30,20.10,23.00,25.40,21.30,25.70,21.90,21.80,24.50,21.10,20.10,25.20,23.00,20.50,24.70,20.00,20.20,21.80,22.80,24.60,22.60,25.80,24.60,23.50,22.20,20.70,22.60,25.90,20.90,20.30,20.90,25.20,24.10,22.10,22.50,23.60,20.30,21.90,20.00,20.20,25.60,23.50,22.10,21.70,24.10,24.70,20.50,25.80,24.30
TLM_RCV,-69,FG-ALPHA,20240415_083522,AUTO,0,32.40,5.00,-85,89.34,8.07,3.28,5.02,908,481,0,329,22.14,1012.90,12.00,405.90,12.52,46.90,1080,1,20240415_083522,GSN-01,-76,23.30,76.90,40,0,0,7.78,84,8.91,20.70,22.40,25.10,24.20,23.70,20.50,22.10,25.90,24.20,20.90,20.80,20.10,21.20,21.20,24.70,22.70,23.40,22.70,22.80,22.70,20.50,24.10,22.10,25.80,20.90,21.70,25.60,23.20,25.10,25.10,23.60,23.00,22.80,23.80,20.70,24.90,23.60,22.80,23.90,23.60,22.30,23.00,25.50,24.40,20.20,20.70,24.40,21.00,21.10,24.50,23.30,20.60,22.80,20.90,24.20,24.00,23.30,24.90,24.50,20.60,25.60,21.80,25.70,23.50
TLM_RCV,-56,FG-ALPHA,20240415_083523,AUTO,0,32.40,5.00,-85,89.38,8.07,3.31,5.02,915,480,0,324,22.17,1012.80,12.10,405.80,12.52,46.90,1080,1,20240415_083523,GSN-01,-73,24.10,80.90,40,0,0,7.81,84,8.91,21.70,22.20,21.10,20.40,21.40,25.00,21.70,23.20,20.40,21.10,22.10,21.10,25.40,72.60,20.90,25.40,20.80,25.60,24.80,20.60,24.30,25.40,21.10,20.50,20.70,21.60,25.10,25.60,22.00,23.30,24.20,22.80,23.30,25.80,20.20,21.70,25.40,24.70,21.60,21.00,20.40,25.30,25.20,23.20,20.70,21.30,23.30,21.30,25.30,22.10,25.10,20.00,23.50,25.00,25.10,20.00,22.20,23.20,23.80,23.00,25.60,20.90,24.40,23.30
TLM_RCV,-47,FG-ALPHA,20240415_083545,AUTO,0,31.16,12.00,-85,90.21,8.10,3.28,5.02,887,432,0,278,22.27,1013.40,11.90,405.00,12.55,48.40,1080,1,20240415_083545,GSN-01,-81,24.90,74.90,40,0,0,7.79,84,8.92,21.40,22.10,23.60,22.60,22.70,25.00,24.30,22.30,24.50,25.00,25.50,21.60,25.40,24.70,20.00,23.50,23.70,25.10,21.20,20.30,25.50,22.30,20.70,25.80,25.60,23.10,23.70,20.40,22.70,24.90,25.00,21.00,23.70,23.90,24.10,24.30,21.00,24.80,21.10,25.90,25.10,21.30,24.30,21.60,25.80,24.30,25.20,22.30,20.30,22.20,22.80,24.30,25.60,20.80,25.60,20.00,21.60,22.20,22.20,22.70,24.20,24.30,20.00,23.30
TLM_RCV,-77,FG-ALPHA,20240415_083546,AUTO,0,33.35,10.00,-85,90.27,8.10,3.29,5.02,1035,470,0,329,22.83,1013.20,11.90,405.30,12.55,48.40,1080,1,20240415_083546,GSN-01,-83,23.90,76.70,44,0,0,7.82,84,8.92,22.20,22.10,21.90,25.80,24.70,23.50,25.20,23.30,21.50,21.80,23.00,21.10,20.40,22.60,20.90,25.50,20.80,20.80,22.30,20.60,20.50,25.20,25.30,21.40,25.90,20.60,23.60,20.20,25.60,22.30,20.70,20.90,20.70,21.20,21.60,23.30,20.20,24.90,24.80,23.00,20.90,25.50,21.50,23.00,21.70,25.90,23.80,23.00,20.20,21.30,20.80,23.00,21.50,22.30,23.30,21.00,22.30,21.60,22.70,21.40,22.70,25.00,23.20,20.20
TLM_RCV,-41,FG-ALPHA,20240415_083547,AUTO,0,31.27,8.00,-85,90.33,8.10,3.29,5.02,1017,455,0,302,22.81,1012.70,11.90,405.20,12.55,48.40,1080,1,20240415_083547,GSN-01,-80,25.10,83.00,40,0,0,7.81,85,8.93,24.10,24.70,20.50,25.90,22.30,25.50,24.20,21.20,22.60,23.60,24.10,25.00,23.60,25.30,23.80,20.10,23.70,20.20,22.30,24.20,20.70,25.70,21.90,22.40,25.10,21.30,20.20,20.20,23.10,21.40,22.20,21.60,25.40,23.20,21.80,25.80,22.50,24.20,21.20,25.10,21.20,23.90,24.30,20.30,25.60,21.20,20.90,24.30,25.70,22.70,25.90,22.80,20.30,24.00,24.30,20.00,20.10,21.90,23.50,24.90,24.70,25.40,25.50,24.70
TLM_RCV,-83,FG-ALPHA,20240415_083548,AUTO,0,32.06,6.00,-85,90.40,8.11,3.28,5.02,1147,413,0,256,23.67,1013.30,12.10,405.70,12.55,48.40,1080,1,20240415_083548,GSN-01,-81,25.00,83.00,44,0,0,7.80,84,8.93,24.70,22.20,22.30,23.60,20.80,22.30,22.00,21.00,23.90,24.40,23.10,25.20,24.80,20.20,24.00,25.00,25.70,20.10,20.60,20.80,23.40,23.80,25.60,24.50,24.00,22.00,24.30,21.60,23.20,23.10,22.40,20.90,23.30,25.50,22.60,23.90,22.20,20.70,20.10,20.80,20.10,24.40,23.70,21.90,22.80,20.20,22.70,23.50,20.80,25.20,24.10,22.40,20.30,21.90,25.40,24.10,20.80,23.10,22.90,21.40,20.20,23.30,25.80,23.30
TLM_RCV,-88,FG-ALPHA,20240415_083549,AUTO,0,33.49,5.00,-85,90.44,8.10,3.28,5.02,870,497,0,348,21.86,1013.50,11.80,404.70,12.55,48.40,1080,1,20240415_083549,GSN-01,-82,24.80,80.10,41,0,0,7.80,84,8.94,24.60,21.70,21.60,22.40,23.90,25.50,22.60,24.60,23.50,21.50,25.00,23.40,25.80,25.90,22.00,25.10,20.10,21.30,21.40,24.60,20.40,25.90,22.50,21.20,20.80,24.80,22.00,22.50,22.70,22.80,22.60,21.90,21.70,23.70,23.30,25.70,25.80,20.00,20.20,21.80,23.00,23.00,22.30,25.70,23.30,23.60,21.80,25.00,25.30,25.70,24.40,23.20,25.00,21.00,21.50,24.10,24.50,25.20,24.90,25.00,24.90,22.70,24.70,21.20
TLM_RCV,-76,FG-ALPHA,20240415_083550,AUTO,0,31.24,5.00,-85,90.51,8.10,3.31,5.02,1137,448,0,306,23.44,1012.70,12.00,404.70,12.55,48.40,1080,1,20240415_083550,GSN-01,-88,25.60,77.50,48,0,0,7.79,84,8.94,20.60,25.30,20.20,20.10,22.20,22.10,20.20,21.60,24.60,25.70,25.20,20.00,20.60,24.30,25.10,23.40,21.80,22.50,24.70,20.20,25.80,24.40,24.20,24.50,23.50,25.50,23.80,25.20,20.10,25.10,25.50,23.60,25.50,20.90,22.00,21.70,25.90,24.70,24.80,21.90,25.20,22.40,22.50,22.70,25.00,23.00,22.00,24.00,24.00,25.60,22.60,23.60,25.50,23.40,25.70,20.60,22.80,20.90,20.50,25.60,25.00,22.70,23.70,23.80
TLM_RCV,-82,FG-ALPHA,20240415_083551,AUTO,0,31.31,5.00,-85,90.55,8.10,3.29,5.02,938,462,0,304,22.38,1012.90,12.00,405.60,12.55,48.40,1080,1,20240415_083551,GSN-01,-90,23.00,76.80,42,0,0,7.82,85,8.95,20.90,23.10,25.80,25.60,22.20,24.20,24.90,20.10,22.40,24.20,25.70,22.00,25.50,21.00,23.30,20.80,25.40,22.20,20.80,20.30,21.40,25.80,25.80,21.70,23.20,24.10,22.80,25.50,22.90,23.10,21.40,25.90,24.90,21.60,21.90,21.50,23.80,20.00,23.30,25.70,21.50,25.60,20.40,23.00,23.00,24.90,24.30,25.00,20.20,24.90,25.10,23.20,23.30,24.60,25.30,23.90,21.00,22.10,23.40,75.50,21.70,21.70,22.10,20.30
TLM_RCV,-70,FG-ALPHA,20240415_083552,AUTO,0,33.03,5.00,-85,90.62,8.11,3.30,5.02,1047,405,0,260,23.21,1012.90,12.10,405.70,12.55,48.40,1080,1,20240415_083552,GSN-01,-76,24.80,81.70,43,0,0,7.79,85,8.95,25.00,25.20,24.80,25.20,20.50,22.10,22.40,23.20,24.60,20.90,22.70,25.90,22.50,25.80,20.00,23.40,21.70,22.20,20.30,20.30,25.60,22.20,22.80,22.00,25.90,20.30,20.60,24.10,25.80,22.00,20.40,23.80,24.80,20.40,22.90,22.00,21.00,20.00,21.40,23.00,21.40,22.20,24.50,21.70,21.30,25.20,25.90,21.70,24.50,25.10,22.20,24.70,25.00,25.00,20.20,21.00,25.10,24.50,22.30,23.70,23.40,22.50,23.30,25.10
TLM_RCV,-66,FG-ALPHA,20240415_083553,AUTO,0,31.06,5.00,-85,90.68,8.11,3.29,5.02,1069,412,0,263,23.28,1013.00,11.90,404.50,12.55,48.40,1080,1,20240415_083553,GSN-01,-82,24.50,79.50,44,0,0,7.82,85,8.96,24.70,21.30,21.70,20.30,24.80,24.60,22.50,24.10,21.00,22.90,22.80,24.70,20.30,22.20,24.60,22.90,25.80,24.60,21.30,22.00,22.80,20.70,23.90,25.60,25.40,23.40,25.40,24.30,25.50,24.50,23.10,20.10,24.10,25.40,21.10,21.90,22.70,23.60,25.10,24.90,20.60,20.50,24.80,22.90,24.80,21.80,21.30,25.70,20.40,22.20,20.00,21.50,22.50,22.50,21.70,22.50,24.20,23.00,23.20,24.30,23.60,20.30,22.80,23.10
TLM_RCV,-42,FG-ALPHA,20240415_083554,AUTO,0,32.51,5.00,-85,90.72,8.10,3.31,5.02,835,501,0,345,21.67,1013.00,11.80,404.90,12.55,48.40,1080,1,20240415_083554,GSN-01,-94,23.50,76.10,48,0,0,7.82,84,8.96,23.70,24.90,21.30,22.90,23.90,25.50,20.70,23.40,22.50,23.60,22.90,22.90,25.90,24.90,25.40,24.40,22.60,23.10,22.90,21.70,22.70,20.80,23.70,24.90,22.70,20.90,21.40,24.70,24.10,24.30,24.60,21.60,22.10,21.40,24.40,23.40,24.10,22.30,20.80,20.80,22.70,23.40,20.10,24.10,21.60,24.10,24.50,21.40,23.90,23.60,24.40,20.80,22.50,22.10,20.20,23.20,20.80,20.50,24.60,21.70,21.30,20.30,25.80,25.50
TLM_RCV,-76,FG-ALPHA,20240415_083555,AUTO,0,31.31,5.00,-85,90.78,8.11,3.29,5.02,1118,462,0,303,23.28,1013.20,11.80,406.00,12.56,48.40,1080,1,20240415_083555,GSN-01,-78,24.60,75.00,41,0,0,7.80,84,8.97,21.80,23.40,25.70,24.00,24.70,22.30,24.40,24.90,24.30,25.20,23.00,22.50,22.20,20.00,23.90,21.30,24.40,87.90,24.70,20.60,25.70,20.10,25.20,23.90,23.50,25.90,24.80,24.50,25.00,20.20,22.10,22.20,24.80,25.90,23.30,24.80,20.50,21.40,22.90,24.20,24.70,25.70,24.00,24.80,20.60,23.50,23.70,20.20,21.00,22.50,22.60,22.80,24.40,21.50,20.40,21.10,24.30,23.20,22.20,25.70,20.80,25.70,21.20,23.10
TLM_RCV,-54,FG-ALPHA,20240415_083556,AUTO,0,33.28,5.00,-85,90.82,8.11,3.31,5.02,800,455,0,302,21.73,1013.10,12.00,406.00,12.56,48.40,1080,1,20240415_083556,GSN-01,-77,25.40,79.10,45,0,0,7.81,85,8.97,24.50,20.50,83.80,20.00,21.30,22.70,23.80,21.10,20.00,23.70,24.20,23.60,21.80,24.90,21.60,22.10,24.30,20.50,25.10,22.50,25.40,22.80,23.00,20.00,25.80,23.60,20.70,25.10,24.40,24.00,25.00,25.00,22.90,22.00,25.30,24.90,21.30,21.20,24.80,20.30,25.70,22.70,24.80,24.90,24.40,24.10,21.10,24.60,21.00,24.80,20.00,20.30,20.30,21.20,20.30,25.60,25.80,20.20,20.10,24.30,21.20,24.80,24.30,23.10
TLM_RCV,-66,FG-ALPHA,20240415_083557,AUTO,0,32.40,5.00,-85,90.87,8.11,3.28,5.02,1044,481,0,337,22.82,1013.50,12.10,405.60,12.56,48.40,1080,1,20240415_083557,GSN-01,-82,24.90,75.60,49,0,1,7.81,84,8.98,25.10,22.80,20.00,25.80,24.70,25.60,25.00,23.80,24.10,23.20,20.30,25.80,20.20,23.30,25.60,20.30,25.10,20.50,25.90,23.40,22.20,22.30,25.30,20.40,20.60,23.30,25.10,22.80,22.00,20.00,21.60,22.10,22.10,24.40,20.50,23.30,21.80,24.70,24.90,21.60,21.00,21.20,22.80,25.50,25.00,20.20,25.60,21.40,20.10,20.30,20.00,23.30,24.00,20.70,20.90,20.60,20.90,21.40,22.90,22.50,23.60,20.20,25.10,24.20
TLM_RCV,-60,FG-ALPHA,20240415_083558,AUTO,0,32.40,5.00,-85,90.83,8.11,3.28,5.02,0,479,0,339,22.40,1013.50,11.90,405.90,12.56,48.40,1080,1,20240415_083558,GSN-01,-75,23.00,76.60,47,0,0,7.82,85,8.98,20.00,22.40,25.90,20.50,22.20,25.90,21.40,20.60,22.50,24.60,22.60,22.70,24.10,25.40,21.60,21.30,25.00,24.50,24.50,21.90,25.20,22.60,25.20,24.60,22.70,21.20,21.40,21.50,21.00,25.20,24.80,20.10,23.80,23.50,21.10,20.70,24.50,20.90,20.50,23.00,25.70,25.70,22.70,25.80,23.90,23.90,23.00,23.10,23.20,24.10,21.00,20.40,23.30,23.00,23.60,20.50,21.70,25.50,21.30,24.30,21.90,25.60,23.00,24.10
TLM_RCV,-80,FG-ALPHA,20240415_083559,AUTO,0,33.37,5.00,-85,90.87,8.11,3.30,5.02,873,473,0,328,22.00,1012.70,12.00,405.90,12.56,48.40,1080,1,20240415_083559,GSN-01,-91,24.20,73.80,45,0,0,7.81,84,8.99,22.10,22.00,20.50,24.20,25.90,24.40,25.70,23.70,22.30,22.50,23.80,20.70,20.00,22.10,24.80,20.40,20.60,23.70,25.80,25.20,22.90,25.50,25.90,21.60,21.80,24.20,21.20,23.00,23.30,23.60,25.50,21.90,22.70,22.90,20.60,22.90,22.00,21.80,23.60,24.90,22.90,25.50,24.10,22.40,25.10,21.00,23.90,22.40,22.80,24.70,22.70,22.30,22.90,24.30,20.70,25.90,24.70,21.40,22.50,24.70,24.30,20.70,21.70,23.10
TLM_RCV,-89,FG-ALPHA,20240415_083600,AUTO,0,31.12,5.00,-85,90.94,8.12,3.31,5.02,1148,425,0,267,23.61,1013.20,11.80,405.00,12.56,48.40,1080,1,20240415_083600,GSN-01,-95,25.50,76.10,44,0,0,7.82,84,8.99,25.80,24.40,22.40,23.20,21.30,23.50,21.10,24.80,21.90,20.10,23.30,20.20,21.10,20.50,20.10,22.20,23.60,23.20,20.80,24.70,22.30,20.10,23.90,24.90,25.70,23.60,20.60,20.80,23.10,21.30,24.00,22.90,25.60,22.60,22.80,23.60,21.20,23.80,24.50,23.20,23.60,22.90,20.80,23.40,22.20,24.60,22.30,24.90,23.10,23.00,24.70,21.20,22.40,22.30,20.10,23.50,21.90,21.20,25.70,23.00,21.70,22.90,20.30,21.40
TLM_RCV,-42,FG-ALPHA,20240415_083601,AUTO,0,32.03,5.00,-85,90.90,8.12,3.30,5.02,0,406,0,265,22.03,1013.50,11.90,405.30,12.56,48.40,1080,1,20240415_083601,GSN-01,-92,25.20,75.40,49,0,0,7.80,85,9.00,20.30,20.10,25.20,24.60,24.10,23.00,22.90,25.00,20.40,25.80,22.10,21.20,20.20,25.70,22.50,24.30,20.50,21.40,22.90,25.70,22.00,20.50,22.60,21.00,25.90,23.50,22.80,24.90,23.20,21.70,24.20,24.40,21.10,21.30,21.80,23.60,25.00,23.60,22.70,23.80,20.90,25.10,22.90,20.80,22.60,23.30,25.10,21.30,24.40,20.50,21.50,22.00,24.10,20.40,21.50,24.80,25.70,20.40,24.40,23.00,20.30,25.10,23.00,22.10
TLM_RCV,-59,FG-ALPHA,20240415_083602,AUTO,0,32.28,5.00,-85,90.94,8.11,3.29,5.02,849,455,0,311,21.97,1013.00,11.90,405.70,12.56,48.40,1080,1,20240415_083602,GSN-01,-79,25.80,73.40,42,0,0,7.81,85,9.00,24.40,22.60,20.80,21.20,25.80,20.90,21.70,21.30,20.80,23.50,25.70,24.90,25.30,25.30,23.90,20.30,24.80,21.90,20.20,22.30,23.80,24.60,24.40,25.50,22.10,21.00,20.90,25.20,22.10,25.60,20.50,22.50,25.30,21.00,24.20,20.90,20.40,25.40,24.70,23.10,21.40,25.30,20.60,20.20,24.20,21.20,22.10,22.00,25.50,21.50,22.40,25.60,21.80,20.50,21.00,23.70,24.40,24.50,24.80,23.40,23.70,20.60,25.30,25.80
TLM_RCV,-93,FG-ALPHA,20240415_083603,AUTO,0,31.18,5.00,-85,91.00,8.12,3.31,5.02,1023,436,0,279,22.93,1013.20,12.10,404.90,12.56,48.40,1080,1,20240415_083603,GSN-01,-83,25.40,81.00,47,0,1,7.78,85,9.01,23.40,23.40,21.90,24.10,20.40,23.40,21.10,22.80,23.70,24.20,21.30,20.50,21.10,21.40,24.00,22.20,20.90,24.60,22.60,25.30,25.20,21.70,24.10,23.50,24.50,21.80,22.20,21.60,21.50,21.90,23.70,24.60,22.20,22.40,20.60,21.00,25.60,25.50,24.10,22.90,22.80,21.00,25.80,22.40,25.30,23.30,25.50,20.40,25.60,21.40,21.10,23.30,22.30,25.80,20.50,24.40,25.70,23.00,24.00,23.90,20.40,21.00,25.00,23.20
TLM_RCV,-87,FG-ALPHA,20240415_083604,AUTO,0,33.04,5.00,-85,91.07,8.12,3.29,5.02,1183,408,0,265,23.87,1012.80,11.90,405.00,12.56,48.40,1080,1,20240415_083604,GSN-01,-84,25.70,77.30,40,0,1,7.78,85,9.01,22.50,24.40,23.30,20.80,23.50,20.50,23.20,22.30,25.00,22.70,20.80,20.50,23.20,24.10,24.80,24.10,25.30,24.70,24.40,25.00,21.40,22.50,24.40,23.80,23.50,22.50,21.70,21.30,21.60,25.40,20.40,22.50,23.80,22.50,20.00,20.90,24.40,23.00,24.10,20.20,22.30,21.20,21.30,20.50,20.20,22.60,24.70,22.00,22.50,20.90,21.00,21.90,23.30,22.10,22.70,23.60,20.70,23.80,20.50,23.30,20.50,24.50,24.20,25.20
TLM_RCV,-62,FG-ALPHA,20240415_083605,AUTO,0,31.43,5.00,-85,91.11,8.11,3.30,5.02,892,487,0,328,22.02,1013.40,11.90,404.70,12.57,48.40,1080,1,20240415_083605,GSN-01,-72,24.40,76.90,41,0,0,7.79,84,9.02,25.90,24.70,21.00,23.40,20.50,21.00,22.40,20.80,23.70,23.40,22.50,21.50,25.80,21.10,25.00,25.90,25.20,20.70,24.20,24.40,20.40,25.60,25.00,24.60,21.00,24.80,24.20,24.60,20.10,21.00,24.90,20.70,21.10,25.10,21.20,23.40,23.80,23.50,20.60,20.60,22.20,20.60,24.00,24.50,22.60,20.30,21.50,24.10,23.90,25.90,24.10,20.00,25.20,22.60,24.60,22.50,21.10,25.40,25.80,21.60,24.20,23.60,25.00,24.70
TLM_RCV,-92,FG-ALPHA,20240415_083606,AUTO,0,30.98,5.00,-85,91.19,8.13,3.31,5.02,1118,395,0,250,23.61,1012.80,12.10,404.80,12.57,48.40,1080,1,20240415_083606,GSN-01,-80,23.40,82.00,48,0,0,7.79,84,9.02,24.00,23.50,23.70,22.30,25.50,24.60,24.60,24.10,23.80,21.60,20.50,24.40,23.40,25.70,20.40,20.80,21.10,23.00,22.30,21.30,25.50,22.10,21.00,20.40,23.30,24.20,20.10,20.00,25.30,24.10,20.80,25.80,24.60,20.20,20.40,24.50,22.50,22.00,20.60,22.90,20.20,23.30,20.80,20.40,21.00,20.00,22.70,25.00,20.30,25.90,25.60,20.00,20.60,23.80,24.60,22.30,24.20,21.20,23.70,21.40,21.60,21.30,23.70,24.90
TLM_RCV,-93,FG-ALPHA,20240415_083607,AUTO,0,31.14,5.00,-85,91.22,8.13,3.28,5.02,817,427,0,270,21.95,1013.30,11.90,405.80,12.57,48.40,1080,1,20240415_083607,GSN-01,-75,23.80,76.30,44,1,0,7.79,84,9.03,23.90,22.70,20.30,21.40,21.70,24.00,22.40,20.90,21.70,23.00,22.60,22.30,22.40,20.70,24.90,25.00,21.00,24.20,22.60,21.00,24.70,20.60,24.80,20.30,23.90,22.30,21.10,25.40,22.50,21.70,21.30,20.90,23.30,22.90,20.00,21.20,23.70,20.00,20.30,23.10,20.60,23.40,22.80,23.30,22.80,22.90,24.00,21.80,24.00,22.40,24.60,23.90,20.50,21.30,21.20,22.60,23.20,23.30,23.40,22.70,23.20,24.90,23.50,21.30
TLM_RCV,-43,FG-ALPHA,20240415_083608,AUTO,0,31.13,5.00,-85,91.29,8.13,3.29,5.02,1098,426,0,279,23.36,1013.60,12.00,405.70,12.57,48.40,1080,1,20240415_083608,GSN-01,-72,25.70,78.30,43,0,0,7.81,84,9.03,21.90,24.50,22.90,25.50,21.80,20.80,25.30,23.60,23.50,20.40,20.60,21.50,25.30,25.50,20.30,23.80,24.10,24.80,24.60,22.20,24.50,23.50,25.60,22.90,23.00,22.10,20.10,22.00,25.40,20.70,22.90,23.80,23.60,21.70,24.70,23.90,20.10,23.50,25.80,25.00,22.00,22.40,22.10,22.60,20.60,23.70,21.00,23.30,23.60,20.00,22.60,25.00,25.10,23.60,23.20,20.30,21.20,25.80,24.30,20.80,20.70,23.20,24.90,22.90
TLM_RCV,-79,FG-ALPHA,20240415_083609,AUTO,0,31.35,5.00,-85,91.36,8.12,3.29,5.02,1185,470,0,327,23.58,1013.00,12.00,405.70,12.57,48.40,1080,1,20240415_083609,GSN-01,-87,25.20,76.40,48,0,0,7.80,85,9.04,22.80,22.10,21.70,23.90,23.80,20.80,23.10,23.10,20.30,23.90,22.20,22.80,25.60,24.60,21.40,22.30,21.80,25.00,23.80,24.10,23.00,20.70,23.70,21.60,24.90,25.40,20.20,21.30,21.00,25.20,20.70,22.10,25.60,21.00,24.40,20.80,22.30,25.40,23.40,21.60,24.10,20.90,24.00,23.80,24.30,21.80,21.50,24.80,23.60,20.40,23.50,25.50,25.00,24.20,24.70,23.90,24.60,23.20,22.20,24.40,24.80,20.60,22.80,21.10
TLM_RCV,-45,FG-ALPHA,20240415_083610,AUTO,0,31.40,5.00,-85,91.41,8.12,3.28,5.02,923,480,0,336,22.22,1013.00,11.80,405.40,12.57,48.40,1080,1,20240415_083610,GSN-01,-90,25.60,75.40,41,0,0,7.82,85,9.04,20.80,20.80,24.60,22.00,22.00,20.10,25.60,24.40,22.60,21.10,21.10,25.10,22.10,20.90,21.60,20.20,23.90,25.70,23.00,25.40,23.70,22.20,21.90,21.80,23.00,24.10,25.50,23.80,25.60,25.20,21.00,25.60,20.30,25.80,25.20,20.80,21.60,21.40,22.20,20.00,23.50,24.70,24.00,20.70,20.50,23.60,21.70,22.50,25.90,21.70,23.50,21.50,25.90,20.60,21.80,21.80,23.20,23.90,23.00,24.90,25.40,23.20,23.60,21.50
TLM_RCV,-90,FG-ALPHA,20240415_083611,AUTO,0,31.31,5.00,-85,91.36,8.12,3.28,5.02,0,462,0,315,22.31,1013.30,12.10,405.40,12.57,48.40,1080,1,20240415_083611,GSN-01,-78,24.10,78.10,46,0,0,7.78,84,9.05,21.80,24.70,20.40,21.50,25.20,23.00,21.30,20.60,25.10,21.80,21.70,20.10,24.10,24.00,22.20,20.90,23.00,25.10,25.70,25.70,25.40,24.70,23.30,23.30,25.20,20.20,20.70,21.20,25.20,21.20,22.20,25.60,21.50,24.10,22.40,24.90,23.50,22.20,20.80,21.00,23.30,23.40,24.20,24.30,24.60,21.90,24.90,23.00,22.50,20.80,25.50,25.80,21.60,23.40,21.60,25.80,23.30,25.40,25.70,25.80,20.70,20.80,21.00,25.30
TLM_RCV,-47,FG-ALPHA,20240415_083612,AUTO,0,32.13,5.00,-85,91.41,8.13,3.29,5.02,932,427,0,274,22.52,1013.00,12.10,404.70,12.57,48.40,1080,1,20240415_083612,GSN-01,-86,23.60,83.10,40,0,0,7.81,84,9.05,24.30,20.70,22.20,22.50,20.10,20.20,22.00,24.20,22.90,24.50,23.80,25.80,24.30,24.20,22.90,24.50,23.40,25.00,25.60,24.70,23.90,24.00,21.30,22.30,21.20,25.40,20.40,25.40,22.60,23.50,21.70,24.80,23.50,20.50,20.20,25.80,25.30,24.90,21.50,24.20,23.00,22.00,24.10,22.30,21.60,21.30,22.60,21.40,22.60,25.00,22.00,25.90,22.30,23.70,20.50,24.00,23.80,25.20,23.90,20.60,22.60,21.10,23.20,20.50
TLM_RCV,-89,FG-ALPHA,20240415_083613,AUTO,0,31.33,5.00,-85,91.47,8.13,3.30,5.02,1082,467,0,317,23.08,1013.00,12.10,404.60,12.57,48.40,1080,1,20240415_083613,GSN-01,-87,23.50,74.60,49,0,0,7.79,84,9.06,25.70,23.70,22.80,21.50,25.90,25.40,22.20,22.30,24.30,25.90,24.50,21.00,23.20,23.20,25.50,21.50,21.30,20.40,24.10,23.10,20.70,23.00,22.80,23.00,22.20,20.20,20.70,25.90,21.50,21.80,25.30,24.80,20.80,22.10,22.70,20.10,24.80,23.40,24.60,22.50,20.00,20.10,21.50,25.30,21.30,25.70,20.10,24.80,24.60,25.90,20.90,21.40,20.30,20.90,23.60,23.80,23.90,20.70,20.30,23.00,23.90,20.70,24.20,22.90
TLM_RCV,-85,FG-ALPHA,20240415_083614,AUTO,0,32.35,5.00,-85,91.53,8.13,3.28,5.02,1071,469,0,327,23.01,1013.40,11.90,406.00,12.57,48.40,1080,1,20240415_083614,GSN-01,-81,23.70,74.90,44,0,0,7.80,85,9.06,24.60,25.80,25.60,20.00,20.10,21.70,24.40,22.70,22.10,22.50,23.20,22.80,24.30,24.70,24.50,24.80,24.50,25.60,22.40,24.00,24.20,24.60,21.40,24.80,20.50,20.10,20.10,21.70,23.40,23.80,20.10,24.50,21.70,25.70,21.90,81.10,25.00,22.90,21.00,20.20,22.50,22.20,23.50,24.20,23.20,25.60,23.80,24.40,21.10,22.20,23.70,23.70,20.40,25.30,22.40,24.40,24.30,23.40,24.60,24.60,24.60,20.50,21.00,22.30
TLM_RCV,-57,FG-ALPHA,20240415_083615,AUTO,0,32.01,5.00,-85,91.59,8.14,3.28,5.02,926,403,0,263,22.61,1013.30,11.80,406.30,12.58,48.40,1080,1,20240415_083615,GSN-01,-85,24.20,83.00,43,0,1,7.78,85,9.07,25.90,20.70,24.90,22.00,25.90,25.20,21.20,24.40,23.70,24.60,20.70,23.40,21.90,23.30,22.20,22.70,25.40,25.60,25.30,20.50,22.20,20.20,24.50,21.30,20.60,22.10,20.50,20.70,24.40,23.90,25.20,21.10,25.10,22.10,20.20,23.90,25.70,25.20,21.40,23.20,23.00,25.90,24.60,21.40,24.30,23.30,23.00,24.10,22.80,22.70,22.60,20.10,25.40,22.60,82.70,22.40,24.60,21.10,22.20,23.50,22.70,22.20,23.00,22.90
TLM_RCV,-50,FG-ALPHA,20240415_083616,AUTO,0,32.33,5.00,-85,91.54,8.13,3.28,5.02,0,467,0,309,22.33,1013.00,12.10,405.20,12.58,48.40,1080,1,20240415_083616,GSN-01,-76,25.40,76.80,45,0,0,7.81,85,9.07,21.90,23.40,24.40,22.00,24.60,25.00,25.80,22.60,21.50,24.40,25.00,20.10,22.90,25.60,24.80,21.30,23.30,23.30,24.60,24.90,22.90,24.20,22.20,24.70,23.00,24.50,24.50,24.90,25.30,25.00,23.00,22.10,21.00,21.80,20.60,23.80,23.40,25.90,22.80,25.60,23.60,23.50,23.10,25.20,21.20,25.00,24.00,24.70,24.20,20.50,22.10,25.20,22.00,22.70,20.70,21.10,25.20,23.00,25.90,24.80,21.90,21.90,24.50,20.70
TLM_RCV,-46,FG-ALPHA,20240415_083617,AUTO,0,31.47,5.00,-85,91.49,8.12,3.28,5.02,0,494,0,335,22.47,1013.10,11.90,405.70,12.58,48.40,1080,1,20240415_083617,GSN-01,-76,24.00,79.00,44,0,0,7.79,85,9.08,24.40,25.10,21.40,25.90,22.00,23.90,25.80,21.00,22.00,22.20,20.70,20.20,22.00,25.00,25.10,20.00,23.30,24.90,24.90,25.80,22.20,20.40,20.20,25.30,23.90,22.20,21.70,22.40,22.70,22.70,21.80,24.40,21.00,22.90,22.70,21.50,22.50,24.80,21.10,22.10,24.50,23.30,25.00,21.00,21.30,23.00,21.70,22.70,22.10,25.90,25.30,23.30,21.30,22.90,21.80,22.80,23.90,23.60,22.30,24.80,23.60,21.20,21.30,20.50
TLM_RCV,-46,FG-ALPHA,20240415_083618,AUTO,0,32.22,5.00,-85,91.54,8.13,3.30,5.02,927,444,0,295,22.42,1012.90,12.10,404.60,12.58,48.40,1080,1,20240415_083618,GSN-01,-83,24.40,78.40,42,0,1,7.80,85,9.08,20.30,24.30,23.80,25.00,23.00,21.90,23.20,21.50,23.50,24.10,20.10,24.10,22.30,22.90,21.80,23.50,25.50,25.20,23.30,24.90,23.20,25.10,20.10,24.20,23.70,21.50,23.80,21.30,21.40,20.60,24.20,23.20,20.20,21.50,22.90,25.00,25.40,22.90,24.50,23.30,21.70,20.40,21.90,24.20,25.70,21.30,24.10,25.90,21.60,25.10,21.00,23.30,25.90,23.60,20.90,21.10,23.30,24.80,21.10,21.20,23.20,24.80,22.50,22.50
TLM_RCV,-66,FG-ALPHA,20240415_083619,AUTO,0,33.12,5.00,-85,91.61,8.13,3.30,5.02,1096,424,0,282,23.36,1013.20,11.90,405.90,12.58,48.40,1080,1,20240415_083619,GSN-01,-73,24.20,78.80,41,0,0,7.81,85,9.09,24.20,20.70,21.60,22.70,22.20,20.90,25.20,22.80,25.40,22.60,22.00,20.80,24.50,21.00,25.40,22.50,20.00,21.90,23.00,21.30,20.90,20.50,23.80,21.20,24.90,22.50,23.00,25.60,24.80,24.30,24.30,22.10,20.40,22.10,23.70,23.70,21.60,20.80,20.10,21.10,24.30,23.60,24.60,25.90,23.10,21.40,20.00,20.10,24.60,21.40,20.30,24.90,21.70,21.80,20.10,20.80,21.70,20.50,22.70,23.80,22.30,21.00,24.10,21.20
TLM_RCV,-69,FG-ALPHA,20240415_083620,AUTO,0,33.19,5.00,-85,91.65,8.13,3.29,5.02,840,437,0,284,22.01,1012.70,12.10,406.20,12.58,48.40,1080,1,20240415_083620,GSN-01,-74,23.50,81.80,40,0,0,7.79,84,9.09,21.60,21.90,25.50,20.00,24.30,20.40,22.00,22.70,25.70,21.80,20.30,20.30,24.30,20.00,21.50,21.60,24.60,21.80,20.50,23.00,23.70,25.20,25.10,23.40,20.10,23.80,20.50,20.00,25.60,22.60,23.70,20.90,25.20,20.70,23.00,22.60,25.50,22.40,23.80,25.90,20.70,25.60,22.20,23.20,24.60,21.60,21.10,22.80,24.80,20.10,25.60,20.00,21.90,25.90,25.20,24.00,20.40,23.60,25.20,20.70,24.90,25.80,23.30,23.90
TLM_RCV,-87,FG-ALPHA,20240415_083621,AUTO,0,32.47,5.00,-85,91.70,8.13,3.30,5.02,1030,493,0,342,22.68,1013.00,11.90,405.20,12.58,48.40,1080,1,20240415_083621,GSN-01,-74,24.90,78.60,48,0,1,7.79,85,9.10,21.30,25.70,22.60,23.80,22.10,25.40,20.60,20.60,25.80,25.90,22.80,24.90,24.40,23.30,25.10,22.60,21.80,25.70,20.50,20.70,20.70,21.00,24.40,21.00,21.70,20.50,23.10,20.90,23.40,21.00,25.10,24.90,25.10,24.90,25.90,22.30,23.20,22.60,20.90,23.50,22.70,23.00,24.60,24.20,24.40,22.50,21.50,20.00,21.90,25.90,22.60,23.00,20.70,21.00,25.80,20.90,21.60,24.50,22.60,21.70,21.50,20.90,21.60,25.40
TLM_RCV,-76,FG-ALPHA,20240415_083622,AUTO,0,31.28,5.00,-85,91.76,8.13,3.29,5.02,1088,457,0,303,23.16,1013.60,11.90,406.40,12.58,48.40,1080,1,20240415_083622,GSN-01,-92,25.70,74.20,42,0,0,7.78,84,9.10,25.70,24.00,24.60,22.40,22.80,21.20,21.40,22.40,25.90,20.40,24.00,24.30,21.70,20.90,23.20,21.70,23.10,24.80,20.50,25.30,23.80,22.80,22.40,24.60,24.20,25.20,23.10,24.90,20.70,22.90,23.80,20.20,23.90,24.00,25.80,20.50,24.30,22.50,24.00,21.50,23.60,20.50,25.10,23.90,22.60,25.60,22.30,25.70,23.10,25.60,21.80,21.60,22.30,23.60,22.60,24.60,21.00,24.10,21.10,23.90,25.20,24.80,21.80,21.60
TLM_RCV,-52,FG-ALPHA,20240415_083623,AUTO,0,32.21,5.00,-85,91.84,8.14,3.30,5.02,1177,441,0,297,23.68,1013.60,12.10,405.90,12.58,48.40,1080,1,20240415_083623,GSN-01,-76,25.50,81.90,44,0,0,7.78,85,9.11,25.90,25.60,24.60,23.70,23.50,23.00,21.90,23.80,20.90,20.40,23.00,20.30,20.00,20.20,25.90,20.40,23.60,20.50,21.90,20.60,21.20,21.10,25.40,25.00,22.10,21.20,22.80,24.10,24.70,24.90,20.80,25.50,21.40,23.50,24.10,21.30,25.20,23.50,21.80,24.90,24.80,25.40,20.40,25.00,24.70,25.40,23.60,22.00,24.10,23.30,22.40,21.20,22.30,21.90,23.70,24.60,22.50,23.10,21.30,21.90,24.10,23.10,23.90,21.50
TLM_RCV,-60,FG-ALPHA,20240415_083624,AUTO,0,31.35,5.00,-85,91.87,8.13,3.30,5.02,851,471,0,322,21.90,1013.50,11.80,405.20,12.58,48.40,1080,1,20240415_083624,GSN-01,-80,23.20,75.40,41,0,0,7.80,84,9.11,20.80,24.00,25.40,20.40,24.10,23.80,22.80,20.60,20.70,23.60,21.40,25.60,25.00,24.60,23.90,21.50,23.80,23.70,20.20,22.70,23.20,20.20,22.60,24.80,22.80,22.20,21.40,20.00,21.10,24.40,25.50,20.00,20.60,22.00,24.40,21.00,20.60,21.60,24.80,22.90,23.30,21.30,24.40,22.10,22.90,22.90,20.40,23.70,21.70,24.50,25.20,24.90,24.80,24.20,25.70,24.00,23.60,21.00,21.90,24.70,20.60,24.30,24.50,22.20
TLM_RCV,-70,FG-ALPHA,20240415_083625,AUTO,0,32.27,5.00,-85,91.94,8.14,3.29,5.02,1084,454,0,309,23.15,1012.70,12.10,405.50,12.59,48.40,1080,1,20240415_083625,GSN-01,-87,23.70,83.10,46,0,0,7.80,84,9.12,21.00,24.60,21.70,23.00,23.90,25.50,24.00,23.20,22.00,24.20,21.50,22.00,22.30,21.90,20.90,20.30,25.40,24.40,23.20,21.10,23.40,20.50,25.20,23.10,20.90,20.20,22.90,20.70,21.00,24.60,25.30,21.20,21.80,25.00,23.40,22.90,25.60,23.30,21.80,21.80,20.60,24.30,25.50,22.10,22.10,20.00,24.00,21.00,25.70,20.70,23.60,23.30,22.80,22.60,21.60,22.60,22.60,21.60,25.60,25.90,20.00,24.70,22.60,22.50
TLM_RCV,-82,FG-ALPHA,20240415_083647,AUTO,0,31.47,5.00,-85,93.31,8.17,3.30,5.02,865,494,0,345,21.85,1013.50,11.90,404.80,12.61,48.40,1080,1,20240415_083647,GSN-01,-91,25.90,78.40,44,0,0,7.79,85,9.12,22.90,22.70,20.70,25.90,24.50,22.40,20.60,23.60,23.00,22.80,25.30,25.20,21.00,25.90,20.40,24.20,20.30,22.40,25.30,23.90,25.40,21.20,21.30,24.90,22.10,24.30,20.30,20.30,21.00,23.70,24.70,23.90,23.30,20.90,25.00,22.90,21.70,24.40,25.30,23.60,22.80,22.90,21.30,24.80,24.10,23.70,22.00,21.60,20.10,20.40,25.70,20.80,21.40,22.10,21.40,22.10,23.20,22.00,23.10,22.70,23.10,24.50,20.60,21.60
TLM_RCV,-64,FG-ALPHA,20240415_083648,AUTO,0,32.42,5.00,-85,93.27,8.17,3.30,5.02,0,484,0,342,22.42,1013.20,11.90,404.80,12.61,48.40,1080,1,20240415_083648,GSN-01,-87,25.30,75.80,49,0,0,7.81,85,9.13,21.30,24.30,24.70,20.10,21.50,20.90,21.20,21.90,21.20,25.50,23.80,23.60,25.90,24.40,24.70,22.40,20.70,25.60,20.80,24.60,25.90,21.50,21.00,21.30,22.90,25.20,21.70,25.10,22.60,22.30,20.80,23.50,24.20,22.20,24.50,24.60,22.30,25.80,21.60,22.30,24.00,22.50,24.50,20.30,23.40,23.00,23.30,23.30,25.00,24.40,25.50,22.10,21.40,22.20,24.30,24.60,24.30,20.50,25.50,25.30,25.60,20.10,22.30,20.30
TLM_RCV,-42,FG-ALPHA,20240415_083649,AUTO,0,31.44,5.00,-85,93.30,8.17,3.28,5.02,837,489,0,331,21.74,1012.70,11.80,406.20,12.61,48.40,1080,1,20240415_083649,GSN-01,-71,24.50,82.00,47,0,0,7.79,85,9.13,22.40,23.30,21.10,22.20,20.80,25.20,21.40,20.70,21.10,23.40,20.40,23.30,23.00,25.50,23.30,21.40,20.00,20.80,21.10,21.20,20.10,23.80,20.00,21.40,23.20,25.50,23.70,21.80,21.10,22.20,22.70,23.60,21.00,21.40,23.50,25.80,24.20,24.40,25.50,21.40,23.00,25.10,20.50,21.80,22.10,22.50,25.20,24.60,23.10,21.40,22.10,22.80,23.30,20.20,23.20,25.60,22.60,22.50,23.60,21.10,24.40,20.70,25.90,24.40
TLM_RCV,-49,FG-ALPHA,20240415_083650,AUTO,0,31.15,5.00,-85,93.26,8.17,3.30,5.02,0,430,0,272,22.15,1013.30,12.10,405.90,12.61,48.40,1080,1,20240415_083650,GSN-01,-88,25.80,78.60,43,0,0,7.81,85,9.14,23.80,23.30,20.80,25.60,25.60,21.70,25.40,22.90,22.70,24.90,22.40,25.50,25.60,23.00,23.00,25.10,23.40,24.40,24.20,25.00,20.10,22.60,20.70,25.30,20.00,23.20,23.40,20.40,23.50,22.60,22.90,24.40,21.60,24.30,24.60,21.90,20.50,22.50,24.10,23.70,21.60,22.90,20.10,20.30,23.50,23.90,25.60,20.20,23.30,21.20,22.70,25.90,20.50,22.70,24.80,24.60,22.60,22.50,25.40,24.90,21.90,25.10,20.70,25.20
TLM_RCV,-86,FG-ALPHA,20240415_083651,AUTO,0,31.05,5.00,-85,93.31,8.18,3.31,5.02,907,409,0,264,22.49,1012.70,11.90,405.30,12.61,48.40,1080,1,20240415_083651,GSN-01,-78,23.80,78.50,49,0,0,7.79,84,9.14,25.50,24.60,22.10,23.70,23.40,20.10,25.50,23.80,21.10,22.80,20.80,20.10,20.90,22.50,25.00,25.40,24.10,21.90,24.10,21.80,25.80,20.50,23.60,24.30,23.00,23.10,24.90,24.50,23.50,20.90,24.50,22.00,20.40,22.30,23.90,25.50,25.20,25.70,23.30,22.60,24.30,22.40,24.70,24.00,21.90,22.00,22.30,20.70,22.30,21.00,25.20,22.90,23.70,22.20,24.70,20.20,22.50,21.10,24.30,20.30,23.00,25.70,25.40,25.20
TLM_RCV,-77,FG-ALPHA,20240415_083652,AUTO,0,31.42,5.00,-85,93.38,8.17,3.29,5.02,1186,484,0,339,23.51,1012.70,12.10,405.20,12.61,48.40,1080,1,20240415_083652,GSN-01,-81,24.60,82.80,44,0,0,7.78,84,9.15,24.80,20.30,25.30,24.80,22.10,22.90,21.20,20.70,23.30,24.90,24.20,25.90,25.70,23.20,21.00,22.10,25.50,22.60,20.10,21.40,21.60,22.60,25.90,21.40,24.50,23.10,24.80,24.10,21.20,25.30,20.60,23.00,21.40,23.20,25.90,25.80,25.70,23.80,24.10,21.10,20.40,23.90,25.90,25.00,25.40,25.80,25.40,21.50,23.20,24.20,24.80,25.80,22.20,24.80,20.20,25.50,23.80,22.00,25.10,25.00,24.90,21.90,20.20,20.00
TLM_RCV,-73,FG-ALPHA,20240415_083653,AUTO,0,31.26,5.00,-85,93.42,8.17,3.30,5.02,841,453,0,308,21.94,1013.60,11.80,405.00,12.61,48.40,1080,1,20240415_083653,GSN-01,-93,25.20,76.50,42,0,0,7.82,84,9.15,23.90,25.30,25.00,20.90,22.40,24.20,20.90,21.20,20.10,20.50,22.60,20.30,25.20,24.80,21.20,22.60,23.50,20.70,25.80,21.60,25.40,24.10,25.40,25.10,24.40,21.10,23.70,24.30,20.60,22.40,24.40,22.80,24.00,24.50,25.60,23.80,20.10,20.40,24.10,21.40,22.00,21.20,22.50,23.70,22.10,25.00,25.50,23.10,25.00,23.00,24.90,24.30,20.50,24.90,22.50,25.80,25.40,23.20,20.60,22.70,24.40,25.30,20.70,21.20
TLM_RCV,-60,FG-ALPHA,20240415_083654,AUTO,0,33.37,5.00,-85,93.46,8.17,3.31,5.02,947,473,0,314,22.37,1012.70,11.90,405.90,12.61,48.40,1080,1,20240415_083654,GSN-01,-78,25.40,77.50,42,1,0,7.81,84,9.16,25.30,21.30,21.50,20.50,25.60,25.10,21.70,21.10,22.90,23.50,20.30,25.10,23.30,22.60,22.90,22.20,23.40,21.80,23.40,21.30,20.30,21.80,22.30,24.90,20.50,24.50,23.10,24.50,22.20,23.10,22.80,24.80,24.00,22.20,20.00,22.50,22.70,25.20,21.20,22.80,20.60,21.60,22.10,24.30,24.60,22.20,25.60,22.20,23.60,22.10,23.90,20.60,22.70,23.20,20.10,22.40,24.90,24.80,22.90,25.60,22.50,20.10,22.80,21.50
TLM_RCV,-86,FG-ALPHA,20240415_083655,AUTO,0,33.20,5.00,-85,93.52,8.18,3.28,5.02,1028,440,0,296,22.94,1012.70,11.90,404.50,12.62,48.40,1080,1,20240415_083655,GSN-01,-89,23.30,79.50,43,0,0,7.78,85,9.16,20.90,20.20,25.00,23.50,23.80,20.50,24.30,20.60,22.00,22.00,23.00,23.80,23.90,21.30,24.00,22.30,25.70,22.80,25.70,24.30,22.70,25.60,20.30,21.80,23.60,20.20,24.70,20.50,25.50,22.20,22.10,23.10,24.80,23.10,23.30,22.00,25.80,23.00,21.70,20.30,23.00,24.90,21.80,24.00,20.40,20.80,24.10,20.70,25.60,25.30,22.10,25.50,23.60,23.20,22.30,22.60,21.10,22.20,25.20,23.00,23.20,20.50,23.20,21.80
TLM_RCV,-61,FG-ALPHA,20240415_083656,AUTO,0,32.22,5.00,-85,93.58,8.18,3.29,5.02,1032,444,0,301,22.94,1012.90,11.90,405.80,12.62,48.40,1080,1,20240415_083656,GSN-01,-86,25.20,80.20,41,0,0,7.79,85,9.17,21.20,25.60,21.70,21.60,22.50,25.10,25.50,23.00,21.20,24.90,24.60,24.40,81.30,21.40,21.50,23.20,23.50,23.80,20.30,24.80,22.90,22.30,22.40,20.60,21.70,21.50,23.70,24.70,24.10,25.80,23.20,23.20,22.40,21.60,20.20,23.60,21.20,21.10,20.30,20.50,21.90,22.90,21.40,21.80,22.30,22.20,24.10,20.70,20.30,23.10,23.70,24.20,24.50,22.30,23.00,22.80,25.10,25.80,23.10,22.20,20.50,21.40,24.20,25.40
TLM_RCV,-91,FG-ALPHA,20240415_083657,AUTO,0,33.35,5.00,-85,93.63,8.18,3.30,5.02,979,470,0,318,22.55,1012.80,12.00,405.00,12.62,48.40,1080,1,20240415_083657,GSN-01,-76,25.40,79.40,44,0,0,7.81,85,9.17,24.80,21.00,24.40,20.50,23.10,23.60,24.00,23.60,23.40,23.80,22.30,24.00,25.90,24.20,24.30,23.50,25.00,25.50,22.30,25.30,24.40,22.80,24.00,23.80,25.00,20.60,25.50,23.40,24.20,24.50,24.70,21.50,22.50,23.10,23.30,21.10,25.50,22.80,23.60,20.40,20.80,20.80,24.60,20.50,21.00,21.80,23.10,20.00,23.30,22.20,21.80,22.60,22.20,22.70,25.60,24.10,22.20,24.40,25.80,23.10,23.70,24.10,24.60,21.50
TLM_RCV,-58,FG-ALPHA,20240415_083658,AUTO,0,31.24,5.00,-85,93.70,8.18,3.28,5.02,1112,448,0,301,23.32,1013.10,12.00,405.10,12.62,48.40,1080,1,20240415_083658,GSN-01,-92,23.80,81.90,46,0,0,7.81,84,9.18,25.90,20.20,23.40,23.00,20.80,23.80,22.30,23.70,24.80,24.80,20.50,25.70,22.70,22.60,22.60,21.10,23.90,21.30,24.50,20.50,23.60,24.50,25.20,20.00,25.10,24.10,22.70,21.90,23.20,20.70,24.80,22.10,24.70,21.70,25.10,25.60,22.00,20.30,21.40,23.00,21.40,20.10,22.00,20.90,25.10,20.40,24.80,24.20,23.20,21.70,20.70,25.70,23.20,21.90,23.50,21.60,22.70,23.20,21.70,21.00,25.50,25.50,20.70,25.10
TLM_RCV,-48,FG-ALPHA,20240415_083659,AUTO,0,32.01,5.00,-85,93.77,8.19,3.28,5.02,1131,402,0,257,23.65,1012.70,11.80,404.50,12.62,48.40,1080,1,20240415_083659,GSN-01,-77,25.60,74.30,47,0,0,7.78,85,9.18,21.10,20.40,20.10,24.20,20.90,21.60,20.50,23.50,23.50,23.80,22.00,23.70,21.90,23.60,25.00,25.20,25.80,22.00,22.80,20.30,22.90,22.10,23.80,24.60,23.10,23.70,22.60,24.70,25.50,25.30,20.30,23.20,23.70,21.80,24.20,21.10,23.70,25.90,22.90,25.80,22.10,24.50,22.60,23.00,20.20,23.60,20.80,23.00,23.00,21.60,22.90,22.30,23.50,20.80,20.10,20.90,21.10,25.80,21.30,24.30,25.90,20.00,21.10,20.20
TLM_RCV,-67,FG-ALPHA,20240415_083700,AUTO,0,32.40,5.00,-85,93.80,8.18,3.31,5.02,801,481,0,323,21.60,1012.90,12.00,405.40,12.62,48.40,1080,1,20240415_083700,GSN-01,-81,23.70,78.10,46,0,0,7.78,84,9.19,22.60,23.20,22.70,23.20,23.50,22.90,23.30,24.00,21.00,21.70,23.20,21.40,21.10,25.40,22.40,20.80,22.40,21.80,21.00,22.40,20.40,21.10,20.70,21.40,24.30,24.00,24.90,21.80,21.20,25.30,20.00,21.50,24.80,22.40,22.10,21.80,21.90,23.30,24.10,20.10,20.50,23.50,25.40,22.70,24.00,24.60,22.50,20.50,25.40,20.60,25.40,22.30,20.80,21.40,25.70,20.10,21.10,21.20,24.80,24.30,23.10,21.70,25.80,20.20
TLM_RCV,-49,FG-ALPHA,20240415_083701,AUTO,0,33.53,5.00,-85,93.83,8.18,3.30,5.02,803,506,0,349,21.49,1012.80,12.10,406.30,12.62,48.40,1080,1,20240415_083701,GSN-01,-74,23.30,74.30,49,0,0,7.79,84,9.19,21.20,24.70,22.40,25.90,23.80,25.60,21.80,21.40,21.30,22.80,20.40,25.20,21.40,24.20,25.60,22.30,20.60,25.20,22.20,22.80,21.70,24.70,20.10,24.50,24.60,21.20,25.40,23.90,22.90,22.90,25.40,25.10,25.20,22.30,22.60,25.20,24.30,24.60,21.80,20.90,25.90,22.60,25.10,24.30,25.10,22.50,24.20,25.30,24.90,21.30,21.70,25.30,22.10,21.40,25.80,24.80,20.00,25.80,24.20,20.50,24.20,22.50,25.30,23.60
TLM_RCV,-70,FG-ALPHA,20240415_083702,AUTO,0,33.37,5.00,-85,93.79,8.18,3.29,5.02,0,474,0,323,22.37,1013.50,11.80,405.80,12.62,48.40,1080,1,20240415_083702,GSN-01,-93,25.00,74.00,42,0,0,7.78,84,9.20,21.90,21.10,25.20,23.60,25.40,25.40,22.80,24.10,24.00,22.40,25.90,21.50,20.10,20.90,20.80,22.30,23.10,21.20,25.50,22.30,24.60,24.90,21.20,22.70,21.80,21.70,24.10,24.60,20.50,24.90,25.20,24.10,21.40,20.80,23.20,23.80,20.80,25.80,24.10,25.80,22.90,21.50,25.70,25.10,20.00,22.60,24.70,22.00,20.90,23.60,20.20,24.70,20.60,23.60,20.10,22.10,22.10,25.10,23.70,25.50,24.20,25.80,25.40,22.90
TLM_RCV,-52,FG-ALPHA,20240415_083703,AUTO,0,32.35,5.00,-85,93.83,8.18,3.29,5.02,945,469,0,315,22.38,1012.90,12.10,404.50,12.62,48.40,1080,1,20240415_083703,GSN-01,-94,25.50,76.20,46,0,0,7.79,84,9.20,24.20,22.40,20.30,23.50,23.00,20.80,21.40,21.30,22.70,20.90,21.90,20.30,23.10,24.50,21.40,22.10,23.10,20.10,25.70,21.40,20.00,24.00,23.60,24.90,25.00,21.40,24.40,24.50,20.10,25.90,21.00,24.70,25.90,22.80,20.30,24.80,22.80,22.50,21.10,23.70,23.20,21.20,22.80,23.80,21.70,25.60,20.20,23.10,25.10,23.10,24.70,22.60,22.20,20.80,24.10,24.80,23.80,22.70,25.70,23.00,22.20,24.00,22.80,25.30
TLM_RCV,-50,FG-ALPHA,20240415_083704,AUTO,0,33.00,5.00,-85,93.87,8.19,3.29,5.02,803,400,0,252,22.01,1013.10,11.90,405.50,12.62,48.40,1080,1,20240415_083704,GSN-01,-87,23.50,79.60,43,0,1,7.82,84,9.21,20.50,21.50,21.10,23.30,24.40,21.40,21.50,25.90,21.30,22.20,20.10,24.10,20.10,25.50,25.70,21.20,21.70,23.20,23.80,22.30,24.60,20.50,24.40,22.90,21.70,25.00,22.20,23.90,23.80,21.20,24.50,23.00,23.40,25.30,23.10,21.30,20.30,22.50,25.80,21.80,20.10,21.70,24.60,23.70,22.50,23.60,22.90,21.80,24.90,25.00,22.20,25.10,24.80,20.50,25.00,20.80,21.40,23.80,22.70,21.10,21.90,21.60,20.50,22.70
TLM_RCV,-55,FG-ALPHA,20240415_083705,AUTO,0,31.14,5.00,-85,93.92,8.19,3.31,5.02,908,427,0,269,22.41,1013.40,12.00,405.60,12.63,48.40,1080,1,20240415_083705,GSN-01,-85,25.60,81.10,47,0,0,7.81,85,9.21,20.00,24.40,24.80,24.10,20.20,21.00,21.10,21.90,22.00,22.60,24.70,23.60,22.90,24.80,20.40,21.20,21.10,22.30,21.70,20.80,22.40,22.30,21.00,20.10,25.60,21.50,24.70,23.40,24.40,21.50,20.80,20.30,20.30,24.40,22.60,25.80,21.60,23.00,20.60,20.30,20.80,21.50,20.60,22.40,23.40,22.50,20.70,22.80,25.90,24.90,22.80,25.00,23.90,25.40,21.40,25.80,21.70,24.90,20.90,22.60,20.60,24.00,22.60,24.50
TLM_RCV,-68,FG-ALPHA,20240415_083706,AUTO,0,32.36,5.00,-85,93.97,8.18,3.30,5.02,964,472,0,322,22.46,1012.80,12.00,404.80,12.63,48.40,1080,1,20240415_083706,GSN-01,-84,23.80,81.20,49,0,0,7.80,84,9.22,24.30,21.80,20.80,21.80,23.50,24.70,25.60,20.50,22.30,25.00,23.90,20.20,24.00,24.00,25.60,21.60,25.80,21.20,25.60,23.10,22.10,22.40,21.20,23.70,22.60,21.30,25.40,24.90,24.40,20.40,23.40,21.20,25.40,21.60,23.10,22.60,22.90,20.40,20.70,20.80,25.40,25.30,25.50,22.50,21.00,23.70,25.10,20.20,21.40,25.80,25.90,25.90,22.20,21.90,23.80,20.80,21.50,24.60,24.30,20.50,23.40,25.10,25.70,22.80
TLM_RCV,-87,FG-ALPHA,20240415_083707,AUTO,0,31.28,5.00,-85,94.03,8.19,3.28,5.02,1033,456,0,309,22.89,1013.60,11.80,406.20,12.63,48.40,1080,1,20240415_083707,GSN-01,-80,23.00,80.20,41,0,1,7.80,84,9.22,25.80,20.70,20.80,25.00,22.50,25.50,24.00,25.70,22.40,21.40,20.00,20.90,22.90,24.40,20.70,24.40,20.70,20.20,22.50,24.40,24.30,24.90,22.80,24.30,25.80,22.60,20.90,20.80,23.40,21.10,25.40,24.90,20.80,22.30,21.40,20.80,23.50,21.10,23.70,22.50,21.30,24.30,22.20,23.20,22.70,24.20,25.20,22.00,23.40,23.30,20.90,25.50,22.60,20.50,25.70,23.40,21.20,23.10,25.50,23.00,22.20,23.60,22.00,22.40
TLM_RCV,-86,FG-ALPHA,20240415_083708,AUTO,0,33.37,5.00,-85,93.98,8.18,3.29,5.02,0,473,0,330,22.36,1012.70,12.00,406.40,12.63,48.40,1080,1,20240415_083708,GSN-01,-84,23.00,75.10,47,0,0,7.81,84,9.23,22.00,25.80,23.90,20.50,25.60,24.30,72.40,25.00,23.30,20.10,23.90,20.00,25.70,20.80,22.30,22.50,21.70,20.70,22.20,22.10,24.50,24.30,23.20,24.30,24.20,24.90,21.10,24.20,23.10,23.50,25.90,21.10,25.60,21.40,24.60,21.90,22.80,24.50,23.70,23.00,22.10,22.10,21.50,25.80,21.10,25.30,24.60,20.60,21.60,25.10,21.60,22.70,22.60,20.40,20.20,21.80,20.10,21.60,21.10,22.10,23.50,25.00,25.40,25.80
TLM_RCV,-89,FG-ALPHA,20240415_083709,AUTO,0,32.17,5.00,-85,94.04,8.19,3.28,5.02,967,435,0,287,22.66,1013.60,12.00,405.40,12.63,48.40,1080,1,20240415_083709,GSN-01,-77,25.70,75.50,49,0,0,7.82,84,9.23,20.00,24.70,25.90,24.10,24.50,25.00,25.20,20.80,23.10,23.90,24.10,23.20,25.90,23.60,23.70,22.40,25.00,21.70,23.90,20.30,25.50,21.30,24.70,23.50,25.20,21.20,22.60,22.30,25.80,20.30,24.60,25.40,22.60,25.90,25.70,22.70,25.00,25.10,22.80,23.60,21.90,21.50,24.70,24.20,22.30,25.70,21.90,22.80,20.70,22.20,23.50,21.80,22.50,24.00,22.00,23.90,20.60,23.70,24.70,25.40,21.70,25.90,22.00,24.00
TLM_RCV,-81,FG-ALPHA,20240415_083710,AUTO,0,33.41,5.00,-85,94.09,8.19,3.28,5.02,1009,482,0,332,22.64,1013.20,11.90,405.20,12.63,48.40,1080,1,20240415_083710,GSN-01,-76,24.60,75.00,46,1,0,7.81,85,9.24,21.30,20.20,20.70,20.50,23.80,23.60,23.10,24.40,24.10,25.50,25.70,24.00,25.60,23.10,25.30,21.10,22.80,24.90,20.70,25.50,25.30,20.80,20.30,25.80,23.90,21.20,23.80,25.90,22.30,21.30,24.90,24.90,25.40,24.80,25.40,20.70,22.40,20.50,23.60,23.50,22.80,24.80,25.10,20.40,21.10,23.70,21.90,21.10,24.70,24.30,20.00,25.80,20.40,22.60,21.30,22.30,25.80,20.10,21.80,21.20,22.20,23.80,22.00,21.50
TLM_RCV,-47,FG-ALPHA,20240415_083711,AUTO,0,32.16,5.00,-85,94.16,8.20,3.28,5.02,1184,432,0,275,23.76,1013.50,12.10,405.20,12.63,48.40,1080,1,20240415_083711,GSN-01,-81,25.50,82.10,47,0,0,7.80,84,9.24,22.90,23.50,20.90,24.00,20.50,25.70,25.10,25.70,22.40,22.70,22.40,22.80,23.70,25.60,25.30,25.00,22.50,20.40,22.20,25.70,24.30,23.20,24.10,24.30,20.90,20.70,21.10,22.40,24.60,24.60,23.10,24.90,22.80,24.00,21.90,25.60,25.80,25.70,24.30,23.00,23.30,24.10,20.40,20.80,23.70,25.90,23.80,22.20,23.10,23.30,22.20,25.60,22.00,25.20,23.60,21.10,23.40,21.70,25.50,22.40,24.00,22.40,23.50,24.90
TLM_RCV,-51,FG-ALPHA,20240415_083712,AUTO,0,31.08,5.00,-85,94.23,8.20,3.29,5.02,1081,417,0,271,23.32,1013.10,11.90,405.00,12.63,48.40,1080,1,20240415_083712,GSN-01,-81,24.20,76.60,47,0,0,7.82,84,9.25,24.80,20.80,21.10,22.60,24.20,23.40,22.00,20.00,21.10,21.10,24.50,23.30,21.90,23.60,22.60,22.10,21.60,20.50,20.70,25.10,24.00,21.40,21.20,23.70,22.60,23.70,20.60,20.30,21.30,20.00,25.30,24.30,24.30,22.70,24.60,22.30,23.10,24.70,20.40,25.80,23.50,25.20,23.30,21.60,22.60,24.50,20.30,25.40,22.80,24.90,24.90,21.40,25.50,22.20,21.00,23.80,23.50,22.40,20.80,22.90,22.20,21.40,22.90,20.70
TLM_RCV,-75,FG-ALPHA,20240415_083713,AUTO,0,31.27,5.00,-85,94.18,8.19,3.31,5.02,0,455,0,305,22.27,1013.00,12.10,406.30,12.63,48.40,1080,1,20240415_083713,GSN-01,-93,24.60,77.80,48,0,0,7.79,85,9.25,24.20,25.30,22.70,24.00,25.90,23.80,22.40,21.20,22.40,20.80,24.20,24.20,23.30,24.10,20.10,22.80,25.90,23.90,24.20,22.30,23.30,21.50,20.40,21.50,24.70,24.50,21.40,21.00,21.30,21.10,23.60,20.00,24.90,20.70,23.30,25.40,22.40,24.40,25.90,24.20,21.80,24.20,23.40,25.90,24.60,20.30,25.30,23.50,20.70,22.60,25.70,21.50,25.10,20.40,23.00,24.10,23.30,23.90,25.80,25.00,23.20,23.50,20.00,21.10
TLM_RCV,-89,FG-ALPHA,20240415_083714,AUTO,0,31.42,5.00,-85,94.23,8.19,3.29,5.02,958,484,0,335,22.37,1013.40,11.90,405.00,12.63,48.40,1080,1,20240415_083714,GSN-01,-84,24.80,80.10,48,0,0,7.78,85,9.26,23.40,25.60,23.40,24.60,21.10,24.10,20.10,24.10,21.30,22.70,24.50,21.00,21.20,22.60,25.70,21.50,22.50,21.50,75.50,24.40,23.00,21.70,21.30,22.00,25.70,25.80,22.80,25.70,25.70,23.10,23.10,23.20,22.10,23.20,22.70,22.50,25.30,20.40,20.60,22.70,25.80,21.80,24.50,21.50,22.90,24.40,20.00,23.70,23.10,25.10,22.90,23.30,24.20,20.90,24.90,23.80,20.70,20.20,22.30,24.20,23.80,23.60,22.00,25.40
TLM_RCV,-69,FG-ALPHA,20240415_083715,AUTO,0,31.37,5.00,-85,94.18,8.19,3.30,5.02,0,474,0,321,22.37,1012.70,12.00,405.80,12.64,48.40,1080,1,20240415_083715,GSN-01,-74,24.40,75.00,46,0,0,7.78,84,9.26,22.90,23.70,20.30,23.20,20.80,25.70,23.60,23.70,24.60,20.00,21.40,24.60,21.60,20.70,23.80,20.30,22.20,22.70,23.40,20.90,20.10,22.30,23.20,20.20,20.80,21.70,20.50,24.20,25.80,24.20,24.70,21.90,24.00,24.70,24.00,24.00,20.50,21.40,21.00,25.30,25.40,22.50,24.40,22.00,24.90,25.40,22.60,21.30,22.10,23.30,21.20,22.20,22.90,23.90,23.30,25.00,23.50,22.90,21.40,22.60,24.40,21.20,23.10,22.70
TLM_RCV,-69,FG-ALPHA,20240415_083716,AUTO,0,33.39,5.00,-85,94.23,8.19,3.28,5.02,922,478,0,333,22.22,1012.70,12.00,405.70,12.64,48.40,1080,1,20240415_083716,GSN-01,-88,25.70,78.00,41,0,0,7.78,84,9.27,24.60,22.50,25.50,22.50,22.60,22.20,25.30,24.70,22.30,25.30,20.20,22.50,22.60,22.60,20.40,20.20,21.70,21.00,24.00,21.00,22.80,24.10,21.30,21.60,21.70,23.40,25.50,24.70,22.80,24.10,20.30,24.40,23.70,21.90,22.10,21.20,21.00,20.10,22.60,25.40,24.70,20.90,23.80,22.80,25.50,22.00,24.60,21.40,25.30,24.70,21.30,24.80,24.50,21.20,24.40,20.30,22.90,24.10,22.00,25.10,21.50,24.70,23.40,23.50
TLM_RCV,-42,FG-ALPHA,20240415_083717,AUTO,0,31.35,5.00,-85,94.30,8.19,3.29,5.02,1144,471,0,325,23.36,1013.50,11.80,405.60,12.64,48.40,1080,1,20240415_083717,GSN-01,-73,23.00,80.50,41,0,0,7.82,84,9.27,25.40,24.30,20.20,25.90,23.60,20.60,23.70,20.20,22.40,20.10,22.30,25.40,24.50,23.00,25.50,23.70,20.40,21.00,20.10,20.30,24.20,24.50,21.70,23.90,24.80,23.90,22.20,25.40,21.30,22.50,22.50,25.50,22.40,21.20,23.40,25.70,22.60,20.40,20.00,24.00,20.30,22.40,25.30,24.40,21.30,22.00,21.60,25.70,25.80,22.80,22.10,22.40,21.10,24.50,22.80,24.70,21.00,21.00,21.30,23.50,24.80,21.10,24.40,22.90
TLM_RCV,-58,FG-ALPHA,20240415_083718,AUTO,0,32.05,5.00,-85,94.36,8.20,3.30,5.02,1067,410,0,269,23.28,1013.50,11.90,405.60,12.64,48.40,1080,1,20240415_083718,GSN-01,-71,23.50,80.10,45,0,0,7.78,84,9.28,21.80,22.50,21.70,20.10,21.60,25.50,24.40,22.40,21.90,21.40,21.90,21.00,23.90,21.70,22.90,20.10,23.50,21.10,20.00,22.10,24.60,20.40,21.60,20.30,23.40,24.70,22.30,21.20,25.20,21.00,23.60,23.40,25.60,23.00,25.60,21.50,20.50,21.30,23.30,21.50,21.60,25.60,21.40,20.10,21.30,25.60,25.50,23.00,25.60,22.60,25.20,20.20,20.10,24.90,22.60,23.80,22.50,23.90,89.10,21.10,25.30,23.70,24.20,25.60
TLM_RCV,-41,FG-ALPHA,20240415_083719,AUTO,0,33.15,5.00,-85,94.32,8.20,3.29,5.02,0,430,0,275,22.15,1013.60,11.80,405.90,12.64,48.40,1080,1,20240415_083719,GSN-01,-82,25.10,75.80,48,0,0,7.81,85,9.28,22.40,20.90,23.30,25.80,25.00,23.50,21.20,24.60,24.90,25.50,20.10,24.40,23.90,22.80,21.20,25.20,22.80,20.10,21.60,22.90,20.50,24.10,25.70,22.70,23.70,24.40,25.00,24.10,20.90,25.50,23.00,21.20,24.40,23.20,25.10,20.80,24.80,21.40,21.60,22.90,25.50,25.80,22.20,21.00,20.40,23.20,23.50,24.50,25.90,23.60,24.90,24.80,22.50,24.60,21.10,20.60,24.30,25.90,23.50,23.70,20.90,23.70,24.80,22.60
TLM_RCV,-65,FG-ALPHA,20240415_083720,AUTO,0,31.31,5.00,-85,94.39,8.20,3.28,5.02,1182,462,0,317,23.60,1012.80,11.80,405.40,12.64,48.40,1080,1,20240415_083720,GSN-01,-88,25.20,77.00,48,0,0,7.79,84,9.29,23.40,24.60,22.60,22.90,24.10,21.30,21.00,22.00,22.50,20.10,21.80,25.20,25.90,21.60,23.70,22.90,22.50,20.70,24.70,25.30,25.90,23.70,25.40,25.30,20.50,22.70,21.90,20.90,20.80,23.50,23.40,24.20,21.30,20.40,20.30,21.20,21.70,22.80,24.20,25.30,20.60,21.20,21.20,25.90,20.30,23.70,22.00,21.90,24.20,21.20,20.90,21.20,20.00,20.40,25.90,22.70,22.50,21.70,22.10,24.60,22.70,22.30,21.80,20.60
TLM_RCV,-79,FG-ALPHA,20240415_083721,AUTO,0,32.39,5.00,-85,94.34,8.19,3.29,5.02,0,478,0,337,22.39,1013.60,11.80,404.90,12.64,48.40,1080,1,20240415_083721,GSN-01,-83,23.10,82.90,43,0,0,7.79,84,9.29,24.50,22.70,24.10,21.20,21.60,25.80,25.40,25.30,22.10,24.80,23.20,22.40,20.30,20.70,22.20,23.50,25.50,25.50,22.90,20.90,20.50,24.70,20.00,25.10,25.60,23.10,24.50,25.30,20.40,20.50,21.90,23.40,23.90,21.20,24.40,22.20,21.80,22.00,21.70,25.40,21.90,23.60,20.90,22.20,22.60,23.80,24.50,25.90,21.70,23.50,20.60,24.00,24.00,21.00,25.10,20.60,25.30,22.00,24.30,22.90,21.00,24.40,25.90,24.10
TLM_RCV,-66,FG-ALPHA,20240415_083722,AUTO,0,32.11,5.00,-85,94.40,8.20,3.28,5.02,981,422,0,280,22.80,1013.60,12.00,404.70,12.64,48.40,1080,1,20240415_083722,GSN-01,-84,25.70,80.40,43,0,0,7.78,84,9.30,22.00,21.30,20.20,25.90,23.00,22.40,22.20,20.80,23.60,20.80,23.60,23.30,21.10,23.90,21.60,23.30,21.20,22.40,22.40,24.20,21.70,22.70,23.70,25.20,23.50,24.60,21.00,25.40,20.30,20.30,24.80,23.00,21.70,24.70,21.10,23.00,24.50,24.50,24.10,25.20,25.50,20.30,22.10,22.60,24.00,21.50,25.20,23.70,22.50,21.00,22.90,20.80,23.60,23.60,21.70,22.10,23.50,20.50,20.80,21.10,21.40,23.20,22.60,20.00
TLM_RCV,-56,FG-ALPHA,20240415_083723,AUTO,0,31.43,5.00,-85,94.44,8.19,3.31,5.02,918,487,0,335,22.16,1012.70,12.10,404.50,12.64,48.40,1080,1,20240415_083723,GSN-01,-72,24.00,79.30,40,0,0,7.78,85,9.30,25.90,22.90,22.00,25.60,24.80,22.10,22.40,21.50,20.50,22.50,21.70,24.60,20.00,23.50,22.90,24.10,20.70,24.40,24.40,22.10,22.00,23.70,21.50,21.00,24.10,22.30,22.40,25.00,25.10,25.70,20.20,23.30,24.70,21.40,25.10,24.90,23.30,20.00,23.80,25.50,24.60,21.30,24.40,21.90,20.30,22.50,23.90,20.80,20.10,24.80,21.50,25.80,24.10,24.30,25.50,23.50,22.20,25.70,25.40,25.70,24.60,21.00,21.20,21.00
TLM_RCV,-94,FG-ALPHA,20240415_083724,AUTO,0,31.45,5.00,-85,94.39,8.19,3.30,5.02,0,491,0,338,22.45,1013.60,12.00,405.50,12.64,48.40,1080,1,20240415_083724,GSN-01,-91,25.00,78.30,41,0,0,7.78,84,9.31,22.90,20.30,20.60,23.60,22.70,20.00,21.50,23.50,20.00,25.30,22.50,23.70,25.80,25.80,20.80,25.20,20.20,23.80,21.50,21.20,22.90,21.10,25.30,23.20,20.30,25.00,20.70,21.80,24.40,20.70,24.10,21.50,23.60,22.80,22.90,25.20,24.90,22.50,23.70,20.50,25.20,23.80,20.80,21.00,22.70,24.80,25.70,21.40,20.50,23.10,23.50,21.80,21.90,23.30,25.90,25.80,22.40,22.90,21.00,24.10,21.90,21.00,24.30,25.30
TLM_RCV,-94,FG-ALPHA,20240415_083725,AUTO,0,32.44,5.00,-85,94.43,8.19,3.28,5.02,820,487,0,334,21.67,1013.60,12.00,405.20,12.65,48.40,1080,1,20240415_083725,GSN-01,-86,24.80,80.80,41,0,0,7.80,85,9.31,25.60,20.10,24.60,20.20,25.50,21.30,24.10,23.70,22.30,21.80,24.60,22.50,23.20,20.40,21.00,23.50,21.70,20.10,25.00,23.50,23.00,21.80,23.80,20.70,21.50,25.50,20.20,22.10,20.00,20.10,25.20,25.70,24.70,25.60,25.90,21.60,23.30,20.20,23.20,22.50,23.30,23.20,24.70,21.30,25.60,20.90,20.20,20.50,20.40,24.10,24.30,24.60,24.20,23.40,23.00,23.30,22.00,25.60,20.40,24.50,23.90,20.60,25.00,21.80
TLM_RCV,-82,FG-ALPHA,20240415_083726,AUTO,0,31.20,5.00,-85,94.47,8.20,3.28,5.02,901,441,0,301,22.30,1013.10,12.00,405.20,12.65,48.40,1080,1,20240415_083726,GSN-01,-73,23.10,74.30,49,0,0,7.82,85,9.32,22.90,24.60,24.30,22.20,22.60,21.60,21.20,24.30,24.30,22.10,24.80,21.10,21.80,25.90,22.00,21.50,21.90,20.60,22.60,21.40,25.30,21.30,24.80,24.10,25.80,22.60,23.10,25.40,21.20,25.00,24.20,24.50,25.60,23.30,22.10,24.40,21.80,24.20,25.40,23.80,23.50,23.80,24.00,23.90,23.90,20.40,25.20,23.50,25.70,23.30,21.70,25.20,25.00,22.10,21.50,22.80,21.30,23.40,22.30,23.10,21.90,23.10,24.50,20.00
TLM_RCV,-64,FG-ALPHA,20240415_083727,AUTO,0,33.05,5.00,-85,94.55,8.21,3.31,5.02,1155,410,0,258,23.73,1012.80,12.10,405.60,12.65,48.40,1080,1,20240415_083727,GSN-01,-76,25.50,74.30,43,0,0,7.80,85,9.32,24.80,22.70,22.60,24.10,20.50,22.10,25.00,22.60,22.90,25.20,20.50,25.90,20.00,22.20,23.40,20.30,20.30,23.50,23.40,20.30,21.50,25.20,22.50,24.70,24.40,24.00,25.70,24.90,23.10,22.30,22.10,24.10,21.40,22.90,23.90,21.90,22.70,23.20,25.60,24.60,24.90,25.60,21.70,24.10,24.90,23.60,25.60,23.30,25.40,23.80,22.10,20.20,23.50,25.10,23.00,23.80,22.10,22.00,24.70,25.10,23.40,21.60,22.00,21.20
TLM_RCV,-62,FG-ALPHA,20240415_083749,AUTO,0,33.13,6.50,-85,95.39,8.23,3.28,5.02,1101,426,0,274,23.37,1012.80,12.00,405.40,12.67,49.15,1080,1,20240415_083749,GSN-01,-72,23.50,78.20,46,0,0,7.80,84,9.33,20.80,20.70,25.40,22.40,23.20,23.90,23.30,20.60,23.20,20.20,21.70,22.50,22.80,24.80,24.00,21.20,22.00,20.40,23.30,21.60,20.60,24.40,24.10,22.90,21.90,24.60,25.90,23.80,24.70,22.70,23.40,25.70,25.50,23.70,25.00,25.30,23.20,22.00,20.50,20.40,24.60,24.40,20.70,25.60,20.00,24.70,20.80,24.50,22.20,21.30,22.70,22.10,21.90,22.50,25.80,23.50,23.00,22.80,24.60,22.90,24.50,25.10,24.70,20.40
TLM_RCV,-75,FG-ALPHA,20240415_083750,AUTO,0,32.36,5.00,-85,95.44,8.22,3.28,5.02,996,472,0,324,22.62,1013.30,12.00,405.00,12.67,49.15,1080,1,20240415_083750,GSN-01,-94,25.30,77.40,45,0,0,7.80,85,9.33,25.50,21.70,21.70,25.50,24.60,24.60,23.70,22.70,24.00,24.80,22.50,21.10,24.60,25.00,21.80,21.80,22.40,20.40,21.70,21.00,21.20,25.80,22.30,20.40,23.20,25.10,23.70,22.60,24.50,20.50,20.20,24.80,23.60,20.40,23.80,23.90,20.40,23.40,25.30,22.20,21.00,24.10,22.90,23.70,21.40,21.70,20.90,25.70,21.70,23.90,24.80,20.90,23.80,25.20,24.30,25.50,25.30,20.30,23.10,22.00,23.00,24.50,23.60,21.30
TLM_RCV,-92,FG-ALPHA,20240415_083751,AUTO,0,32.38,5.00,-85,95.50,8.22,3.31,5.02,1069,475,0,322,22.97,1013.60,12.10,406.10,12.67,49.15,1080,1,20240415_083751,GSN-01,-81,23.20,74.10,45,0,0,7.79,85,9.34,22.00,24.70,25.30,24.60,21.80,20.90,24.50,24.40,23.00,25.20,25.90,22.10,22.80,21.40,23.50,24.40,25.70,25.60,21.60,25.30,24.50,21.00,20.50,23.60,20.50,20.60,24.00,24.50,24.60,22.30,24.50,24.80,20.40,21.60,21.70,22.50,23.30,22.20,24.00,21.90,21.20,22.30,21.10,22.60,20.50,22.10,22.40,22.90,20.30,21.80,24.30,23.10,21.30,20.30,22.90,22.80,21.10,22.10,24.50,23.70,24.70,24.00,24.90,22.00
TLM_RCV,-65,FG-ALPHA,20240415_083752,AUTO,0,32.03,5.00,-85,95.56,8.23,3.31,5.02,1055,406,0,265,23.25,1013.10,11.80,405.80,12.67,49.15,1080,1,20240415_083752,GSN-01,-76,24.40,82.10,48,0,1,7.79,84,9.34,20.10,21.50,25.30,20.70,23.00,21.30,22.90,21.50,21.00,21.00,20.90,24.30,21.80,24.30,23.70,20.40,22.80,25.80,20.50,20.10,21.40,22.10,25.60,21.50,23.30,23.80,25.10,20.90,21.10,21.50,25.40,25.50,24.30,25.80,20.70,25.50,24.40,20.60,20.50,22.80,21.80,24.20,20.50,20.80,24.90,25.80,25.00,25.30,22.90,25.80,22.70,23.90,25.70,24.90,22.40,23.50,20.10,23.80,21.00,25.80,21.00,21.20,21.40,22.40
TLM_RCV,-65,FG-ALPHA,20240415_083753,AUTO,0,32.45,5.00,-85,95.60,8.22,3.31,5.02,837,490,0,344,21.74,1013.00,11.90,405.10,12.67,49.15,1080,1,20240415_083753,GSN-01,-88,24.70,77.50,46,0,0,7.82,84,9.35,23.40,23.20,25.10,20.10,22.80,25.30,23.60,25.30,22.60,22.30,24.70,22.50,21.00,23.70,24.00,25.90,25.40,21.10,22.40,20.90,22.60,20.70,21.90,25.60,23.40,21.20,24.90,25.20,22.20,25.70,21.30,22.50,20.00,24.30,24.20,25.50,24.90,25.90,23.30,22.60,22.90,24.50,25.80,21.10,24.20,23.80,20.90,20.90,21.70,24.40,21.00,20.10,23.70,20.40,25.10,22.60,25.40,21.40,24.50,23.70,24.80,21.00,20.30,20.10
TLM_RCV,-71,FG-ALPHA,20240415_083754,AUTO,0,31.01,5.00,-85,95.66,8.24,3.31,5.02,1055,403,0,263,23.26,1013.60,12.10,404.70,12.67,49.15,1080,1,20240415_083754,GSN-01,-91,24.60,82.10,47,0,0,7.82,85,9.35,21.40,21.20,24.00,25.60,20.40,25.00,22.90,21.90,22.90,25.80,21.30,22.10,25.60,23.20,22.10,25.30,25.40,22.70,25.20,22.40,21.70,20.30,20.10,25.90,20.50,21.80,24.00,23.30,20.70,20.50,20.60,22.90,21.40,23.40,22.60,25.00,25.30,21.40,23.70,20.70,21.90,21.20,22.10,20.70,20.40,22.40,24.40,21.90,24.50,22.50,21.60,24.30,21.50,23.00,21.80,21.70,24.60,22.50,23.30,23.60,24.90,20.80,25.10,22.00
TLM_RCV,-74,FG-ALPHA,20240415_083755,AUTO,0,33.44,5.00,-85,95.61,8.22,3.31,5.02,0,489,0,347,22.44,1013.50,11.90,404.70,12.68,49.15,1080,1,20240415_083755,GSN-01,-82,25.60,73.60,45,0,0,7.78,84,9.36,24.70,20.40,25.30,21.30,22.60,22.50,25.90,23.20,22.50,23.50,23.50,20.90,25.90,20.20,23.80,20.50,24.80,20.80,22.50,21.10,21.90,25.50,23.30,22.10,25.20,22.30,24.00,23.00,23.20,22.10,25.40,25.50,22.10,24.60,24.40,21.20,24.70,22.40,25.30,22.10,23.60,24.10,21.70,24.40,89.30,20.60,23.00,22.40,25.70,20.90,21.40,25.10,25.40,24.60,24.70,22.50,24.10,21.30,22.40,22.90,23.70,21.20,22.10,22.80
TLM_RCV,-80,FG-ALPHA,20240415_083756,AUTO,0,32.14,5.00,-85,95.66,8.23,3.28,5.02,916,428,0,277,22.44,1012.80,12.00,405.20,12.68,49.15,1080,1,20240415_083756,GSN-01,-87,23.10,77.20,44,0,0,7.82,84,9.36,25.60,23.60,21.00,21.50,24.20,21.90,25.20,22.10,25.00,25.90,22.90,20.50,22.30,21.30,20.90,24.50,23.60,24.80,20.80,24.00,20.70,22.60,23.10,25.20,22.90,23.00,20.40,23.00,21.20,21.50,25.90,23.60,22.30,23.30,25.70,22.70,25.90,25.90,22.30,23.90,21.50,24.80,23.20,21.50,25.90,21.80,22.90,24.30,23.20,24.70,23.50,25.00,24.50,24.10,24.90,22.00,20.40,21.30,21.20,25.80,23.20,21.20,20.10,23.40
TLM_RCV,-45,FG-ALPHA,20240415_083757,AUTO,0,33.31,5.00,-85,95.70,8.23,3.29,5.02,804,463,0,307,21.70,1013.30,12.00,405.50,12.68,49.15,1080,1,20240415_083757,GSN-01,-87,25.10,74.40,49,0,1,7.78,84,9.37,24.30,20.60,22.50,21.90,22.50,22.80,24.60,24.80,25.90,24.30,21.30,22.80,22.50,24.00,24.20,23.30,25.80,23.10,21.90,23.40,21.30,21.40,24.80,21.40,24.90,24.10,22.00,21.00,21.40,25.80,20.20,21.80,20.80,20.90,21.60,25.80,24.90,24.50,23.80,23.50,22.40,20.70,24.80,24.50,24.20,22.60,24.80,20.70,21.20,24.60,22.70,21.50,22.70,25.40,21.60,20.20,21.80,20.20,20.50,23.50,21.90,25.60,25.10,21.00
TLM_RCV,-55,FG-ALPHA,20240415_083758,AUTO,0,32.08,5.00,-85,95.74,8.24,3.30,5.02,810,416,0,276,21.97,1013.50,12.10,405.70,12.68,49.15,1080,1,20240415_083758,GSN-01,-88,25.00,80.70,43,0,0,7.79,85,9.37,22.70,21.40,24.50,23.20,20.30,22.70,25.10,20.60,21.80,21.40,24.60,20.70,23.60,25.60,20.70,20.80,22.00,21.90,21.40,24.90,20.00,22.30,23.80,23.70,24.30,22.10,21.30,23.60,22.10,23.50,24.70,21.40,23.70,25.90,21.80,22.90,23.20,20.30,20.20,23.10,25.80,20.40,21.70,23.50,20.90,23.70,23.60,21.60,23.90,22.10,21.30,20.50,23.70,24.70,21.10,21.30,24.50,25.70,25.80,25.30,88.30,21.70,24.90,20.90
TLM_RCV,-60,FG-ALPHA,20240415_083759,AUTO,0,33.06,5.00,-85,95.78,8.24,3.29,5.02,818,413,0,273,22.02,1012.90,12.10,404.60,12.68,49.15,1080,1,20240415_083759,GSN-01,-79,24.30,78.60,47,0,0,7.78,85,9.38,22.60,21.80,25.20,20.00,23.20,23.80,22.20,23.20,24.40,21.70,23.10,21.30,25.80,20.80,25.00,25.30,20.20,20.50,23.70,24.60,22.30,21.80,20.80,21.30,25.70,24.20,25.90,22.20,25.40,23.60,23.20,22.90,21.90,21.30,21.20,23.90,23.90,23.60,21.20,23.10,21.90,23.50,21.30,24.70,22.60,21.10,24.40,23.20,22.70,24.40,20.50,20.80,21.60,23.10,20.10,20.50,25.00,22.40,24.50,20.20,21.80,21.00,21.60,22.50
TLM_RCV,-55,FG-ALPHA,20240415_083800,AUTO,0,31.04,5.00,-85,95.82,8.24,3.28,5.02,852,408,0,268,22.22,1013.60,11.80,404.60,12.68,49.15,1080,1,20240415_083800,GSN-01,-80,24.90,79.60,40,0,0,7.80,85,9.38,25.10,24.00,21.90,24.10,23.50,25.10,23.90,21.40,23.80,21.30,22.00,25.00,23.70,24.90,21.40,20.50,20.20,24.70,22.70,23.10,23.20,23.60,22.00,23.90,20.60,22.40,24.00,20.70,22.60,24.40,23.40,23.30,24.40,25.40,24.20,23.30,24.00,25.70,20.20,25.90,22.10,22.20,20.50,23.90,20.70,20.90,23.10,20.70,22.50,21.40,20.70,21.50,22.30,24.10,20.40,22.10,23.80,21.90,20.80,25.40,21.70,24.60,23.70,22.30
TLM_RCV,-92,FG-ALPHA,20240415_083801,AUTO,0,32.46,5.00,-85,95.86,8.23,3.30,5.02,900,492,0,347,22.04,1013.00,11.90,405.60,12.68,49.15,1080,1,20240415_083801,GSN-01,-80,24.40,76.40,49,0,1,7.81,85,9.39,20.10,21.40,22.20,22.30,25.70,23.70,24.30,21.20,21.40,24.80,22.60,24.70,20.40,25.50,20.00,20.20,21.90,22.50,21.60,25.00,24.20,23.60,24.30,20.80,22.40,24.80,22.40,23.40,21.60,21.70,23.70,22.20,21.60,21.10,21.80,22.10,22.60,22.20,25.30,20.80,22.80,23.30,25.80,22.90,23.60,21.20,20.10,24.80,23.50,20.20,23.40,22.00,22.00,22.10,21.60,21.60,25.70,21.80,25.40,21.00,23.00,21.90,23.10,23.80
TLM_RCV,-60,FG-ALPHA,20240415_083802,AUTO,0,31.05,5.00,-85,95.91,8.24,3.30,5.02,891,410,0,269,22.41,1013.10,11.90,405.40,12.68,49.15,1080,1,20240415_083802,GSN-01,-85,23.60,80.50,41,0,0,7.80,84,9.39,25.50,25.10,23.30,20.10,20.40,22.00,24.90,24.50,24.10,21.00,20.80,21.40,24.80,20.20,22.60,20.80,25.50,20.30,22.80,21.40,24.50,24.50,25.60,24.30,22.10,20.80,21.80,24.00,22.90,23.70,20.00,23.70,23.70,23.20,20.50,25.10,23.60,25.90,20.70,21.10,25.00,24.30,23.20,21.50,24.90,22.10,23.60,23.50,25.90,21.60,22.10,21.00,21.90,21.10,25.70,22.00,23.60,21.50,22.30,22.70,21.30,23.20,22.50,24.10
TLM_RCV,-49,FG-ALPHA,20240415_083803,AUTO,0,31.33,5.00,-85,95.97,8.23,3.28,5.02,1023,466,0,316,22.78,1012.80,11.90,405.20,12.68,49.15,1080,1,20240415_083803,GSN-01,-71,24.60,76.60,46,0,0,7.81,84,9.40,22.10,24.40,25.10,23.20,20.10,23.50,20.80,23.90,23.10,25.10,24.90,25.10,21.50,21.10,20.70,24.90,21.00,20.60,24.20,21.10,20.20,25.60,25.40,22.80,25.30,24.20,25.70,24.90,24.30,20.30,24.90,25.80,23.00,24.20,23.70,22.00,20.10,25.50,20.00,22.50,23.30,25.80,23.80,24.70,25.40,25.80,24.00,22.20,20.50,20.60,24.30,23.70,24.20,21.10,21.60,25.70,21.80,21.50,24.60,22.50,23.80,21.90,23.80,22.00
TLM_RCV,-70,FG-ALPHA,20240415_083804,AUTO,0,33.06,5.00,-85,95.93,8.24,3.29,5.02,0,413,0,271,22.07,1013.00,11.90,406.40,12.68,49.15,1080,1,20240415_083804,GSN-01,-94,25.40,79.40,40,0,0,7.79,85,9.40,21.40,21.10,25.20,25.40,23.10,24.60,22.30,25.80,22.20,23.40,20.90,22.80,21.50,25.20,24.10,20.40,21.40,25.40,22.50,21.50,21.20,23.90,24.30,21.00,24.30,24.20,25.70,24.60,24.90,25.80,22.70,20.70,25.00,25.50,24.40,21.30,25.20,20.80,20.40,22.30,21.70,25.50,20.90,20.70,23.90,24.20,25.80,21.60,23.30,25.60,25.80,23.70,20.80,25.70,21.20,20.70,22.10,21.50,22.70,22.30,22.70,24.50,25.40,22.50
TLM_RCV,-78,FG-ALPHA,20240415_083805,AUTO,0,32.35,5.00,-85,95.98,8.23,3.28,5.02,1022,471,0,317,22.75,1012.90,11.90,406.20,12.69,49.15,1080,1,20240415_083805,GSN-01,-74,24.30,78.50,49,0,0,7.79,84,9.41,24.30,23.40,21.70,20.60,20.30,21.30,24.30,25.10,23.80,25.50,21.00,22.90,24.60,24.50,23.70,21.70,23.70,21.80,24.90,21.00,24.90,22.00,23.20,21.40,20.90,22.00,20.10,25.90,24.00,21.90,25.30,23.60,23.50,25.00,20.50,20.30,21.50,22.10,20.20,20.90,21.60,25.80,25.20,24.20,85.40,25.60,20.60,22.20,21.90,23.50,20.10,21.10,24.30,24.00,24.40,25.60,23.20,20.20,22.50,25.00,23.70,22.70,23.80,25.70
TLM_RCV,-70,FG-ALPHA,20240415_083806,AUTO,0,33.03,5.00,-85,96.05,8.24,3.28,5.02,1123,405,0,255,23.59,1013.30,11.80,406.20,12.69,49.15,1080,1,20240415_083806,GSN-01,-82,23.80,78.70,43,0,0,7.78,85,9.41,23.10,23.30,22.20,23.80,23.00,24.00,22.20,21.40,22.70,24.30,20.40,21.50,22.80,20.50,22.60,22.30,20.70,23.40,23.10,20.70,24.40,23.30,24.50,20.60,21.80,25.50,22.20,22.20,21.60,24.70,24.20,20.60,25.00,21.70,25.60,25.10,22.20,23.20,22.10,23.50,23.50,25.50,23.00,23.40,22.00,24.50,23.00,25.80,23.10,21.20,25.90,23.80,23.80,24.20,25.90,21.80,20.00,22.40,22.10,24.80,23.20,20.60,24.00,21.20
TLM_RCV,-42,FG-ALPHA,20240415_083807,AUTO,0,31.06,5.00,-85,96.01,8.24,3.29,5.02,0,412,0,257,22.06,1013.30,12.00,406.30,12.69,49.15,1080,1,20240415_083807,GSN-01,-93,23.00,82.10,45,0,0,7.78,84,9.42,21.90,24.50,22.30,23.40,25.60,25.80,20.20,25.30,23.20,24.90,24.40,20.40,20.40,22.90,23.80,20.50,24.70,22.80,25.70,20.00,22.90,25.30,20.20,22.20,20.90,21.50,22.90,23.50,21.60,23.90,25.60,21.00,23.90,24.40,25.00,24.00,21.90,20.10,21.20,20.90,21.00,24.30,24.40,24.20,24.60,22.20,22.60,23.60,23.60,20.90,25.40,25.70,20.60,24.80,21.90,24.30,24.90,22.10,21.90,20.40,22.90,21.50,23.80,25.40
TLM_RCV,-80,FG-ALPHA,20240415_083808,AUTO,0,33.24,5.00,-85,96.06,8.24,3.28,5.02,893,448,0,308,22.23,1013.00,12.10,406.00,12.69,49.15,1080,1,20240415_083808,GSN-01,-78,25.50,81.00,44,0,0,7.80,84,9.42,24.40,25.30,21.20,21.00,22.90,21.40,23.70,24.30,23.80,24.40,21.00,21.80,21.30,22.30,21.50,21.40,22.30,21.80,22.60,21.50,24.00,23.40,25.30,20.80,21.00,21.30,22.30,20.50,23.30,23.00,22.50,20.20,25.50,20.10,20.40,21.70,21.20,25.90,20.90,24.90,24.50,25.40,21.60,25.20,20.70,23.40,21.30,20.60,20.60,21.20,25.80,20.90,25.00,21.70,20.70,25.20,72.00,21.50,22.80,24.50,23.20,25.90,23.50,24.60
TLM_RCV,-85,FG-ALPHA,20240415_083809,AUTO,0,33.43,5.00,-85,96.10,8.23,3.31,5.02,926,486,0,334,22.20,1012.90,11.90,406.20,12.69,49.15,1080,1,20240415_083809,GSN-01,-92,24.10,77.20,45,0,0,7.82,85,9.43,24.60,24.00,22.20,20.40,23.00,22.60,22.50,24.00,21.30,20.80,20.30,25.60,22.60,20.00,24.40,21.40,25.60,23.10,22.60,21.30,24.40,20.70,23.40,20.70,22.40,21.80,20.60,25.50,24.20,20.60,21.80,21.80,21.70,20.20,25.90,21.90,22.90,20.00,23.70,22.60,24.60,20.00,22.10,22.40,25.90,23.00,23.20,21.40,20.70,20.70,22.10,21.30,22.30,24.30,21.20,22.60,20.00,21.90,21.80,24.10,22.80,24.40,25.30,23.30
TLM_RCV,-77,FG-ALPHA,20240415_083810,AUTO,0,31.01,5.00,-85,96.17,8.25,3.29,5.02,1140,403,0,254,23.68,1012.80,11.90,405.50,12.69,49.15,1080,1,20240415_083810,GSN-01,-82,25.90,80.50,44,0,0,7.81,84,9.43,20.80,21.60,23.90,22.70,25.10,22.30,20.80,22.80,23.00,25.40,22.80,21.30,22.40,22.00,25.70,25.60,24.60,21.30,23.40,23.70,21.00,20.30,20.00,21.30,23.90,20.70,25.50,20.00,22.40,20.10,23.50,24.90,22.00,22.20,24.10,24.60,25.50,23.10,24.70,25.80,24.80,21.70,22.80,21.50,23.50,20.90,23.70,24.60,21.40,22.30,20.50,21.90,22.40,20.50,24.90,20.90,20.80,24.50,23.20,21.40,24.60,21.20,20.30,20.20
TLM_RCV,-59,FG-ALPHA,20240415_083811,AUTO,0,31.97,5.00,-85,96.22,8.25,3.28,5.02,895,393,0,251,22.51,1012.70,12.10,405.80,12.69,49.15,1080,1,20240415_083811,GSN-01,-83,23.10,78.90,45,0,0,7.78,84,9.44,20.00,22.20,25.40,25.40,25.20,20.40,23.20,24.50,21.90,23.30,24.80,25.20,20.70,21.20,22.70,20.50,22.00,25.70,21.60,22.40,22.50,20.40,23.20,22.80,22.90,25.20,25.50,25.10,22.70,21.20,22.70,25.50,20.40,24.10,22.90,21.20,24.90,23.40,21.90,24.40,24.90,24.90,20.30,20.80,21.20,22.40,22.20,23.20,22.80,25.30,24.30,21.70,23.50,25.40,22.30,23.40,20.00,21.00,25.40,23.60,21.80,22.40,22.40,21.30
TLM_RCV,-68,FG-ALPHA,20240415_083812,AUTO,0,31.24,5.00,-85,96.26,8.24,3.31,5.02,816,447,0,292,21.84,1013.10,12.10,404.60,12.69,49.15,1080,1,20240415_083812,GSN-01,-72,25.40,81.90,42,0,0,7.79,84,9.44,24.60,25.00,20.00,22.10,20.00,25.00,20.00,20.10,23.90,23.80,21.40,24.70,22.30,25.90,20.30,23.10,23.80,24.60,23.10,24.60,22.30,24.80,23.20,22.10,22.70,22.60,23.20,20.50,23.70,21.50,24.00,23.30,20.50,22.40,23.90,20.60,22.90,24.60,25.00,21.90,22.90,24.20,20.30,21.20,21.50,22.90,25.50,24.10,25.70,24.80,23.80,25.10,21.10,21.40,21.50,20.80,25.70,20.80,21.70,25.50,24.90,22.70,22.40,21.80
TLM_RCV,-86,FG-ALPHA,20240415_083813,AUTO,0,32.25,5.00,-85,96.22,8.24,3.31,5.02,0,450,0,304,22.25,1013.40,12.10,406.40,12.69,49.15,1080,1,20240415_083813,GSN-01,-81,25.90,80.60,42,0,1,7.79,84,9.45,24.70,20.20,21.10,22.70,20.80,22.90,23.80,20.10,20.30,22.70,22.20,21.20,20.80,24.50,20.20,24.10,21.10,25.70,25.70,24.40,22.90,23.20,25.70,20.60,22.90,22.30,24.20,21.70,22.20,20.30,21.00,23.90,25.90,22.20,20.10,23.80,22.60,24.10,24.10,20.50,21.80,23.60,24.50,25.80,21.10,25.60,21.20,24.10,21.00,24.80,22.20,21.60,21.70,21.70,25.40,25.10,20.50,20.30,23.10,24.10,22.00,24.50,20.20,21.70
TLM_RCV,-65,FG-ALPHA,20240415_083814,AUTO,0,32.21,5.00,-85,96.26,8.24,3.31,5.02,914,441,0,287,22.36,1012.70,12.10,406.40,12.69,49.15,1080,1,20240415_083814,GSN-01,-84,24.20,80.30,48,0,0,7.78,84,9.45,23.70,24.00,22.80,21.10,21.20,24.80,21.40,21.00,20.20,21.30,20.10,25.60,21.90,22.90,22.60,21.10,25.40,23.60,25.10,23.20,20.20,23.90,25.80,20.40,24.60,23.60,20.90,21.70,22.80,22.80,25.50,24.20,24.40,20.50,23.00,23.20,23.80,21.90,23.50,21.00,22.80,24.50,20.00,23.00,23.30,23.90,21.80,23.70,22.00,23.00,24.40,23.50,25.60,22.70,25.20,23.80,22.20,25.90,20.90,23.30,21.50,23.50,25.50,20.50
TLM_RCV,-47,FG-ALPHA,20240415_083815,AUTO,0,30.98,5.00,-85,96.31,8.25,3.29,5.02,870,395,0,251,22.37,1013.10,12.00,404.80,12.70,49.15,1080,1,20240415_083815,GSN-01,-74,24.30,82.20,42,0,0,7.82,85,9.46,21.60,20.50,20.40,20.70,21.30,20.20,25.40,25.20,24.20,23.30,24.30,25.30,25.00,23.50,23.10,23.40,24.80,21.40,21.30,25.40,24.80,24.60,25.10,20.10,24.60,21.60,20.40,21.20,23.50,25.40,23.60,20.10,21.10,23.60,21.30,25.00,22.00,22.20,24.80,20.90,20.20,24.30,22.60,23.00,23.50,24.10,25.70,21.90,25.90,24.00,24.50,21.10,21.50,25.40,20.40,23.30,24.40,21.40,24.00,20.10,23.90,22.90,21.30,20.50
TLM_RCV,-52,FG-ALPHA,20240415_083816,AUTO,0,33.38,5.00,-85,96.26,8.24,3.31,5.02,0,475,0,316,22.37,1013.60,11.90,406.10,12.70,49.15,1080,1,20240415_083816,GSN-01,-84,25.10,81.90,40,0,0,7.78,84,9.46,21.40,24.80,25.80,21.20,24.40,24.10,23.50,21.40,22.90,21.00,25.60,22.40,23.00,21.30,24.60,21.30,21.60,25.10,23.50,22.20,24.90,23.10,25.30,24.80,25.30,20.60,20.50,21.80,25.10,23.90,25.90,24.50,25.40,25.80,20.00,21.10,22.10,23.90,24.60,21.80,24.30,70.30,25.50,21.90,22.40,24.80,23.90,25.90,24.40,24.30,25.50,22.40,24.40,21.50,23.30,23.30,21.90,20.70,21.80,24.60,25.00,22.70,22.50,20.10
TLM_RCV,-73,FG-ALPHA,20240415_083817,AUTO,0,31.21,5.00,-85,96.32,8.25,3.30,5.02,990,442,0,301,22.74,1013.00,12.10,405.10,12.70,49.15,1080,1,20240415_083817,GSN-01,-92,25.90,77.50,46,0,0,7.82,85,9.47,21.60,20.30,23.10,21.80,24.40,22.60,25.10,20.20,25.90,24.50,23.20,22.10,22.70,24.60,25.60,25.50,23.60,24.90,23.70,25.30,21.60,22.00,22.00,25.20,25.40,21.60,21.90,25.00,24.30,23.80,25.30,23.60,25.80,23.40,24.10,25.20,22.30,22.10,20.40,21.90,20.80,20.50,24.80,23.00,25.70,21.40,25.00,24.60,23.60,21.30,21.00,24.00,21.80,22.80,22.40,20.30,20.70,25.20,22.80,72.50,23.90,24.50,23.40,25.80
TLM_RCV,-92,FG-ALPHA,20240415_083818,AUTO,0,32.04,5.00,-85,96.36,8.25,3.30,5.02,878,408,0,262,22.35,1013.30,12.10,406.20,12.70,49.15,1080,1,20240415_083818,GSN-01,-92,23.90,75.80,41,0,0,7.82,84,9.47,22.80,20.10,24.20,24.90,22.00,20.60,22.70,24.20,25.00,23.70,22.50,20.80,25.10,23.60,25.80,25.50,23.00,25.80,24.50,21.40,23.90,20.50,23.10,23.30,24.90,25.50,24.70,22.50,21.30,22.00,21.10,25.80,25.50,22.30,22.90,20.60,24.80,21.70,23.00,20.90,20.80,24.70,25.50,23.80,21.20,21.40,21.50,23.80,20.00,22.50,23.30,20.80,21.10,25.30,24.30,22.70,20.20,22.00,22.30,25.50,24.90,25.40,24.70,20.60
TLM_RCV,-49,FG-ALPHA,20240415_083819,AUTO,0,33.12,5.00,-85,96.43,8.25,3.28,5.02,1088,424,0,268,23.32,1012.70,11.90,405.10,12.70,49.15,1080,1,20240415_083819,GSN-01,-73,25.00,78.80,44,0,0,7.79,85,9.48,25.90,24.70,21.60,23.60,21.00,21.30,25.30,21.20,21.50,21.90,23.00,24.50,23.90,22.00,23.50,21.10,21.60,23.00,21.20,21.00,22.90,23.00,20.10,21.90,21.40,22.80,20.90,23.60,20.10,23.30,23.80,23.90,21.60,23.70,21.60,25.10,24.30,20.20,23.70,25.70,23.80,20.90,24.80,22.90,23.70,21.20,25.90,23.30,25.20,24.10,25.90,21.10,25.40,23.50,23.50,22.70,22.90,23.90,22.70,21.40,21.50,20.50,20.80,25.50
TLM_RCV,-79,FG-ALPHA,20240415_083820,AUTO,0,31.05,5.00,-85,96.39,8.25,3.28,5.02,0,410,0,257,22.05,1013.30,11.90,405.30,12.70,49.15,1080,1,20240415_083820,GSN-01,-75,23.50,82.20,40,1,0,7.79,84,9.48,25.40,23.10,23.40,21.20,24.80,25.40,25.20,25.80,20.90,25.70,25.20,23.70,20.60,21.80,22.70,24.80,23.30,21.20,22.50,20.10,21.10,25.40,20.60,23.00,22.90,23.20,24.90,22.60,22.00,22.10,20.60,21.00,20.00,22.00,21.60,21.70,20.70,22.30,25.90,20.40,20.80,20.80,24.90,22.20,20.40,24.30,24.40,24.30,25.90,21.60,21.30,20.70,24.90,21.90,24.90,22.20,25.90,22.20,21.40,22.30,22.50,20.40,24.10,23.00
TLM_RCV,-61,FG-ALPHA,20240415_083821,AUTO,0,32.12,5.00,-85,96.45,8.25,3.29,5.02,1007,423,0,274,22.92,1013.10,12.00,406.00,12.70,49.15,1080,1,20240415_083821,GSN-01,-77,25.30,75.90,40,0,0,7.78,84,9.49,21.50,20.60,25.90,22.40,20.10,20.20,24.00,20.20,24.40,22.40,21.80,24.60,21.30,22.00,25.60,23.00,24.70,21.70,24.40,25.50,20.80,20.60,25.90,21.90,23.40,23.20,21.60,22.10,24.20,25.70,20.60,21.30,25.90,25.80,21.20,22.80,23.70,21.10,22.50,25.40,24.40,23.40,20.30,20.90,24.00,24.50,22.50,24.00,25.30,20.90,20.30,20.40,22.90,20.20,20.90,23.00,24.50,21.00,24.80,24.70,21.50,21.00,20.40,22.20
TLM_RCV,-59,FG-ALPHA,20240415_083822,AUTO,0,31.25,5.00,-85,96.50,8.25,3.28,5.02,951,449,0,297,22.51,1013.20,12.00,405.20,12.70,49.15,1080,1,20240415_083822,GSN-01,-78,24.10,79.70,48,1,0,7.79,85,9.49,24.10,23.70,20.20,22.80,24.60,20.60,21.30,21.00,20.80,22.80,21.50,25.10,21.50,24.70,25.40,22.10,21.50,24.40,24.20,22.50,21.10,23.60,21.10,25.30,25.30,23.50,23.80,20.40,21.20,23.50,22.20,23.90,22.00,20.90,25.00,22.90,20.60,21.20,24.60,25.00,20.70,20.50,23.90,23.40,25.10,20.30,20.50,21.90,21.90,20.40,22.20,22.20,25.10,25.90,24.90,23.80,24.00,25.10,22.20,24.40,20.40,23.10,21.30,20.80
TLM_RCV,-68,FG-ALPHA,20240415_083823,AUTO,0,32.47,5.00,-85,96.55,8.24,3.30,5.02,1010,493,0,346,22.59,1013.60,11.90,406.20,12.70,49.15,1080,1,20240415_083823,GSN-01,-94,24.00,80.60,43,0,0,7.82,85,9.50,24.60,22.90,23.80,22.10,25.90,24.60,24.70,21.90,21.40,24.60,21.20,24.30,22.80,21.00,21.60,20.80,24.60,24.90,20.20,23.90,24.80,21.60,22.10,25.40,22.40,21.50,24.60,23.60,24.50,24.50,24.30,21.70,24.70,20.50,20.40,24.70,24.70,20.80,23.40,25.60,24.70,25.00,20.40,21.00,24.10,21.80,22.00,20.50,20.40,25.70,21.00,22.80,24.90,25.50,23.90,24.90,25.40,24.90,20.80,25.40,24.90,24.00,22.30,23.50
TLM_RCV,-50,FG-ALPHA,20240415_083824,AUTO,0,33.45,5.00,-85,96.60,8.24,3.31,5.02,978,490,0,347,22.44,1013.50,12.00,404.90,12.70,49.15,1080,1,20240415_083824,GSN-01,-90,23.20,78.90,48,0,0,7.79,85,9.50,24.10,23.10,22.70,23.50,25.70,21.10,21.70,24.20,20.70,21.60,24.70,20.50,24.20,22.20,21.20,25.30,25.00,25.80,20.70,20.40,20.80,21.00,24.50,24.90,25.10,20.90,23.20,23.00,24.00,22.00,25.90,23.00,21.30,23.60,20.70,23.50,20.60,21.00,25.40,24.20,21.90,25.40,22.30,25.30,21.80,23.30,22.00,23.60,23.50,22.10,23.20,23.10,22.80,22.80,22.90,23.00,24.20,21.60,25.20,25.70,23.90,24.90,24.50,23.20
TLM_RCV,-95,FG-ALPHA,20240415_083825,AUTO,0,31.19,5.00,-85,96.66,8.25,3.29,5.02,1077,438,0,292,23.19,1013.00,11.80,405.30,12.71,49.15,1080,1,20240415_083825,GSN-01,-91,23.60,83.10,46,0,0,7.79,85,9.51,20.60,21.60,25.70,23.90,20.10,24.50,24.90,20.20,22.40,24.80,21.00,22.50,21.90,24.10,22.20,25.30,23.90,20.90,24.10,20.70,25.60,23.70,25.20,20.10,21.20,20.80,21.60,22.90,24.10,21.60,22.60,24.10,25.50,24.50,20.10,23.10,23.90,21.00,23.80,22.40,25.00,21.30,24.40,24.00,20.10,22.90,20.30,23.70,24.10,22.00,24.70,22.10,22.50,20.20,25.10,24.60,24.90,21.20,24.60,24.20,25.80,20.30,21.10,20.40
TLM_RCV,-49,FG-ALPHA,20240415_083826,AUTO,0,33.10,5.00,-85,96.72,8.26,3.31,5.02,1037,421,0,280,23.08,1013.20,11.80,405.20,12.71,49.15,1080,1,20240415_083826,GSN-01,-71,24.20,79.70,41,0,0,7.79,84,9.51,22.60,22.90,20.10,23.00,22.70,20.40,21.40,20.50,25.10,23.40,21.80,20.80,20.60,25.80,22.50,24.10,21.30,25.30,21.10,20.30,24.00,20.80,21.90,24.40,25.60,21.20,25.90,25.50,20.00,23.60,20.30,21.00,21.70,22.50,21.70,23.90,23.00,24.30,20.20,21.00,24.70,23.70,23.80,23.60,24.40,24.90,21.20,20.10,25.20,21.80,24.30,22.90,78.80,20.60,24.30,22.80,22.10,23.40,20.60,21.00,25.90,23.30,25.20,24.00
TLM_RCV,-66,FG-ALPHA,20240415_083827,AUTO,0,31.32,5.00,-85,96.76,8.25,3.31,5.02,827,463,0,317,21.82,1013.10,11.90,405.00,12.71,49.15,1080,1,20240415_083827,GSN-01,-84,25.30,74.70,40,0,0,7.80,84,9.52,21.70,22.70,24.80,21.40,21.80,23.40,22.80,23.40,20.80,25.60,24.90,24.40,21.30,21.90,23.40,21.40,25.00,23.60,21.60,23.40,21.00,21.20,21.70,23.70,20.60,20.40,24.70,22.60,23.30,24.80,20.80,21.40,21.60,21.60,21.40,23.10,23.90,24.40,21.40,21.60,23.30,20.80,20.20,23.10,22.20,20.50,25.40,24.40,25.70,21.50,24.90,23.60,22.50,20.70,23.60,21.70,21.60,21.00,23.60,24.60,22.40,22.20,25.40,25.10
TLM_RCV,-61,FG-ALPHA,20240415_083828,AUTO,0,33.33,5.00,-85,96.82,8.25,3.31,5.02,1052,465,0,324,22.93,1013.20,11.90,406.10,12.71,49.15,1080,1,20240415_083828,GSN-01,-81,25.60,79.40,47,0,0,7.80,85,9.52,22.90,24.10,22.10,25.40,24.10,22.50,23.60,21.30,21.00,22.90,23.50,21.60,25.10,20.30,24.70,24.20,22.00,22.50,25.50,21.20,24.70,22.40,25.30,22.70,25.40,24.30,25.20,22.30,21.00,25.00,20.80,20.30,24.90,23.60,24.20,24.10,23.40,24.00,21.30,20.00,21.80,20.50,20.10,25.90,24.40,24.50,24.50,25.00,25.90,21.70,23.60,24.90,24.00,24.40,22.00,24.80,25.60,24.80,24.90,20.20,24.30,21.80,23.70,22.40
TLM_RCV,-92,FG-ALPHA,20240415_083829,AUTO,0,31.13,5.00,-85,96.87,8.26,3.30,5.02,929,426,0,271,22.51,1012.80,12.00,405.40,12.71,49.15,1080,1,20240415_083829,GSN-01,-92,24.40,82.60,41,0,0,7.82,84,9.53,23.70,25.30,21.60,23.60,20.80,25.00,22.50,20.30,25.80,25.50,21.00,22.80,24.90,20.90,21.10,20.00,23.60,24.10,20.50,24.40,22.50,24.70,21.90,24.20,25.50,24.30,20.50,21.50,24.30,24.60,20.70,25.30,22.10,20.90,22.40,20.20,20.70,24.40,20.50,22.00,20.40,21.60,21.20,23.50,23.70,25.80,20.00,21.30,22.70,24.30,24.40,21.80,21.80,23.40,23.40,22.90,25.30,20.80,23.90,21.70,23.80,22.80,25.40,23.90
TLM_RCV,-88,FG-ALPHA,20240415_083851,AUTO,0,32.45,5.00,-85,98.25,8.28,3.29,5.02,838,490,0,332,21.74,1013.50,12.00,405.30,12.73,49.15,1080,1,20240415_083851,GSN-01,-93,25.70,76.30,49,0,0,7.81,85,9.53,25.40,21.50,24.00,24.80,23.90,20.50,21.60,22.90,25.90,23.10,22.00,24.60,23.70,25.10,24.20,22.60,20.10,24.80,21.60,24.20,21.60,23.40,24.60,20.20,24.90,22.10,23.20,23.70,25.60,23.80,22.40,22.50,25.70,20.50,21.60,20.60,23.20,23.00,25.00,22.70,20.80,21.70,25.20,21.60,25.30,25.80,24.50,23.00,21.00,21.10,23.00,25.10,20.60,22.60,24.40,21.80,23.40,21.20,25.00,25.40,24.60,25.20,23.30,21.70
TLM_RCV,-51,FG-ALPHA,20240415_083852,AUTO,0,32.31,5.00,-85,98.30,8.29,3.28,5.02,941,461,0,302,22.40,1013.40,11.80,406.10,12.73,49.15,1080,1,20240415_083852,GSN-01,-87,23.30,80.00,43,0,0,7.78,84,9.54,24.00,23.80,24.80,20.70,24.80,22.80,23.80,22.40,21.30,23.10,22.00,25.20,23.30,25.30,23.10,20.60,21.90,22.00,21.40,25.10,25.70,23.90,24.80,21.10,21.10,23.00,20.00,20.50,24.20,25.70,21.80,24.40,25.60,21.10,23.20,24.00,25.40,24.00,21.70,22.30,21.10,23.60,24.80,23.40,21.10,24.20,24.10,25.90,25.40,22.80,24.40,23.80,24.10,23.40,23.00,25.60,25.00,25.10,24.60,25.30,23.10,24.20,25.70,23.60
TLM_RCV,-44,FG-ALPHA,20240415_083853,AUTO,0,32.24,5.00,-85,98.34,8.29,3.29,5.02,904,447,0,303,22.28,1013.00,12.10,405.80,12.73,49.15,1080,1,20240415_083853,GSN-01,-86,24.10,75.20,42,0,1,7.80,85,9.54,22.10,25.90,25.90,23.60,24.70,24.50,23.60,23.20,23.40,21.50,21.20,23.40,20.00,25.70,21.30,25.90,20.30,20.70,25.30,21.00,21.70,22.50,23.30,25.20,24.30,23.50,25.90,20.10,24.10,20.30,23.60,23.80,24.40,24.10,20.40,24.70,21.80,20.50,20.20,22.70,24.00,21.60,23.30,22.30,22.10,21.00,21.80,20.30,25.20,21.80,23.50,25.80,23.60,24.10,24.60,20.10,23.00,20.80,25.40,25.40,24.30,24.90,25.60,22.80
TLM_RCV,-57,FG-ALPHA,20240415_083854,AUTO,0,31.30,5.00,-85,98.39,8.29,3.28,5.02,937,460,0,316,22.39,1013.60,11.80,405.20,12.73,49.15,1080,1,20240415_083854,GSN-01,-84,24.90,74.70,47,0,0,7.78,85,9.55,23.30,22.00,20.40,23.80,23.40,20.00,25.10,24.10,20.70,21.80,25.50,22.80,21.50,22.60,20.60,23.10,23.70,21.80,21.60,23.50,25.00,24.40,21.20,24.00,21.20,22.30,24.40,24.70,25.00,23.60,25.80,21.80,23.00,22.50,24.00,23.50,24.00,25.10,24.70,23.20,22.00,21.70,25.40,21.00,22.80,20.80,21.20,25.60,24.40,23.10,20.20,25.00,21.10,22.70,25.20,20.10,22.30,22.50,22.70,25.20,20.40,22.10,22.60,22.90
TLM_RCV,-69,FG-ALPHA,20240415_083855,AUTO,0,32.06,5.00,-85,98.43,8.30,3.31,5.02,818,412,0,255,22.03,1012.80,12.10,405.60,12.74,49.15,1080,1,20240415_083855,GSN-01,-85,25.70,76.90,44,0,0,7.80,85,9.55,20.80,20.90,25.50,22.90,21.80,24.90,20.50,20.80,20.30,21.70,21.90,20.70,21.90,21.90,24.90,25.00,24.60,21.60,20.10,23.00,25.30,20.40,25.50,25.60,20.50,21.90,20.60,24.80,21.70,25.60,20.10,20.20,21.70,23.10,21.50,22.50,22.80,22.40,22.70,25.60,23.80,23.40,21.20,23.10,24.00,25.80,21.00,23.90,22.50,21.20,23.30,25.40,25.90,21.90,25.30,20.50,23.50,23.70,23.10,21.10,23.30,23.50,24.60,21.40
TLM_RCV,-91,FG-ALPHA,20240415_083856,AUTO,0,33.38,5.00,-85,98.50,8.29,3.30,5.02,1171,475,0,325,23.48,1013.20,12.00,404.90,12.74,49.15,1080,1,20240415_083856,GSN-01,-93,23.60,76.10,43,0,0,7.79,84,9.56,21.90,20.00,22.20,22.70,24.80,25.90,25.70,25.60,25.60,20.50,22.70,24.30,89.00,23.90,22.10,22.00,22.80,23.60,23.80,21.60,25.10,20.60,22.00,22.80,25.30,22.30,21.50,24.20,23.10,20.10,23.90,22.80,25.50,23.50,25.60,21.50,24.20,20.80,24.40,25.90,21.30,24.60,20.30,25.30,24.00,21.10,21.90,21.60,24.50,24.10,25.70,22.20,25.90,23.50,21.70,20.50,21.80,20.40,25.90,20.70,21.70,24.00,22.70,24.10
TLM_RCV,-81,FG-ALPHA,20240415_083857,AUTO,0,31.38,5.00,-85,98.54,8.29,3.29,5.02,828,476,0,329,21.76,1013.10,12.00,406.30,12.74,49.15,1080,1,20240415_083857,GSN-01,-78,25.30,80.70,45,0,0,7.78,85,9.56,23.60,21.30,21.70,25.80,20.90,25.70,22.60,25.40,21.10,23.70,25.00,21.10,21.80,25.50,25.70,22.30,21.10,25.00,20.30,25.40,23.60,24.90,21.70,23.40,23.20,24.60,24.50,25.20,21.70,20.00,24.10,20.20,23.80,22.80,24.50,20.80,25.00,22.10,21.20,23.20,23.20,22.50,25.10,24.60,21.60,22.80,20.40,20.40,25.30,25.70,25.10,21.70,24.20,25.50,25.90,22.70,24.10,21.30,25.40,20.20,24.80,25.80,22.70,24.50
TLM_RCV,-76,FG-ALPHA,20240415_083858,AUTO,0,33.09,5.00,-85,98.60,8.30,3.29,5.02,1098,418,0,277,23.40,1013.00,11.90,404.50,12.74,49.15,1080,1,20240415_083858,GSN-01,-77,25.70,80.80,44,0,0,7.80,84,9.57,20.50,25.30,23.70,20.90,23.60,22.80,23.60,21.50,22.60,21.80,22.40,21.30,25.00,22.70,20.30,23.90,21.30,23.10,20.80,22.50,20.90,22.80,25.70,21.20,23.10,21.80,23.00,20.60,22.60,25.00,21.10,20.70,20.50,22.00,24.20,25.80,21.40,23.70,24.50,21.50,20.30,24.70,21.10,23.80,22.20,21.70,22.70,23.00,24.40,20.70,23.70,83.70,25.80,23.90,25.20,23.10,20.90,24.00,25.60,23.00,24.00,22.40,20.40,24.00
TLM_RCV,-87,FG-ALPHA,20240415_083859,AUTO,0,33.15,5.00,-85,98.56,8.30,3.31,5.02,0,429,0,287,22.15,1013.60,12.00,404.90,12.74,49.15,1080,1,20240415_083859,GSN-01,-85,25.40,75.30,45,0,0,7.78,85,9.57,22.50,24.70,20.70,23.10,25.70,23.50,21.40,25.40,20.40,20.50,22.80,22.70,21.00,24.40,24.60,24.30,25.00,24.80,22.00,23.00,23.30,25.50,24.10,23.60,23.80,20.90,24.60,24.80,21.00,25.10,23.00,24.10,24.70,79.30,24.20,21.30,25.20,20.40,23.70,21.20,21.30,21.40,24.40,24.00,21.10,21.00,25.40,21.60,25.80,24.00,20.80,25.70,21.90,23.00,24.10,20.60,23.40,22.60,21.50,21.80,22.30,20.20,22.70,22.70
TLM_RCV,-74,FG-ALPHA,20240415_083900,AUTO,0,32.13,5.00,-85,98.64,8.30,3.30,5.02,1171,425,0,280,23.73,1013.40,12.10,404.80,12.74,49.15,1080,1,20240415_083900,GSN-01,-76,25.40,74.00,41,0,0,7.81,84,9.58,21.90,24.40,20.00,20.60,24.30,24.60,24.90,21.20,21.40,25.80,24.50,24.80,20.40,23.70,22.10,23.50,25.70,20.70,25.70,24.80,22.30,21.50,21.50,23.40,22.00,21.30,21.20,21.40,23.50,25.60,24.80,24.70,21.10,21.40,23.50,23.10,22.30,20.30,22.50,24.90,20.10,25.80,20.00,24.10,20.90,22.10,22.90,21.30,24.40,21.80,24.00,23.90,24.30,24.50,25.00,24.00,23.60,24.20,21.00,23.50,21.50,21.20,24.20,25.40
TLM_RCV,-68,FG-ALPHA,20240415_083901,AUTO,0,31.48,5.00,-85,98.59,8.29,3.31,5.02,0,495,0,341,22.48,1013.20,11.90,404.60,12.74,49.15,1080,1,20240415_083901,GSN-01,-71,25.30,78.10,40,0,0,7.82,84,9.58,20.30,20.40,24.60,22.90,21.90,23.40,22.20,22.80,23.60,20.20,21.60,24.70,21.70,23.80,25.20,25.80,21.30,21.10,20.80,24.00,24.50,24.10,25.10,20.60,22.60,22.00,21.80,21.00,20.80,20.20,22.90,20.10,22.00,21.00,23.00,20.80,20.00,23.70,20.10,20.10,22.80,25.00,21.60,25.80,24.80,22.90,23.70,20.90,23.80,25.80,20.70,23.60,20.20,23.00,21.20,21.30,22.10,24.20,20.50,23.80,20.70,23.90,20.30,22.30
TLM_RCV,-83,FG-ALPHA,20240415_083902,AUTO,0,31.24,5.00,-85,98.54,8.30,3.31,5.02,0,448,0,308,22.24,1012.90,12.10,405.20,12.74,49.15,1080,1,20240415_083902,GSN-01,-91,25.80,80.20,46,0,0,7.78,85,9.59,24.50,25.10,23.90,20.40,22.20,23.00,23.10,25.20,22.20,25.30,24.60,24.20,24.20,21.90,21.50,21.80,25.00,25.40,22.80,24.20,21.90,21.20,25.00,23.50,22.20,23.00,20.00,25.30,20.90,21.80,24.40,24.10,22.70,25.20,25.90,20.50,20.70,21.50,25.00,24.40,24.50,25.10,21.70,24.00,20.10,25.50,20.00,20.60,20.30,23.50,22.50,24.00,24.60,20.80,21.20,23.20,22.90,21.80,25.50,20.80,25.70,25.70,25.10,20.60
TLM_RCV,-78,FG-ALPHA,20240415_083903,AUTO,0,32.08,5.00,-85,98.50,8.30,3.29,5.02,0,416,0,260,22.08,1013.20,11.80,406.20,12.74,49.15,1080,1,20240415_083903,GSN-01,-76,24.50,79.70,49,0,0,7.80,84,9.59,24.00,24.90,25.50,23.60,25.60,23.60,24.40,21.90,23.20,24.90,23.80,25.30,25.30,24.20,23.40,23.80,22.50,24.00,24.20,23.40,21.50,25.20,21.40,21.90,24.20,23.10,24.30,23.40,25.80,25.40,24.80,22.20,24.40,20.40,23.90,24.90,21.30,24.30,20.80,25.40,23.30,24.60,22.70,20.10,25.10,25.10,24.40,23.90,25.00,22.40,25.10,21.30,24.10,24.10,24.90,20.90,23.70,22.30,24.00,20.30,25.30,22.70,24.70,25.40
TLM_RCV,-81,FG-ALPHA,20240415_083904,AUTO,0,33.10,5.00,-85,98.54,8.30,3.29,5.02,824,420,0,264,22.02,1013.30,12.10,406.10,12.74,49.15,1080,1,20240415_083904,GSN-01,-79,23.40,78.30,43,0,0,7.82,85,9.60,21.50,25.70,20.60,21.80,23.20,20.00,24.80,21.20,23.70,20.50,22.30,23.40,21.60,23.20,22.30,24.70,20.30,25.30,23.20,22.30,22.60,22.60,20.80,25.30,20.20,22.00,20.10,23.00,20.70,22.10,24.70,22.70,25.20,20.00,23.90,22.90,22.40,21.30,24.00,24.00,23.20,25.10,22.70,21.00,25.70,21.60,23.20,20.50,21.90,21.50,23.90,24.20,25.30,24.50,24.80,23.50,24.40,22.20,20.10,23.90,23.20,20.60,21.80,21.90
TLM_RCV,-90,FG-ALPHA,20240415_083905,AUTO,0,33.26,5.00,-85,98.60,8.30,3.28,5.02,1060,452,0,302,23.04,1013.10,12.10,406.40,12.75,49.15,1080,1,20240415_083905,GSN-01,-78,25.90,75.60,41,0,0,7.79,85,9.60,21.30,22.70,25.80,21.50,22.70,21.30,23.10,25.90,22.50,23.20,25.50,23.30,25.50,22.00,23.60,22.50,20.80,22.80,24.20,23.10,24.40,24.30,25.70,23.30,21.00,21.20,22.40,21.10,21.10,21.10,22.20,21.20,21.10,24.80,24.10,24.20,22.40,20.40,22.40,22.50,23.30,23.70,22.30,22.60,24.40,24.50,21.70,25.40,21.70,20.10,20.60,23.70,23.60,22.50,22.50,22.40,20.60,22.10,24.40,20.10,23.10,25.10,22.30,21.30
TLM_RCV,-76,FG-ALPHA,20240415_083906,AUTO,0,33.53,5.00,-85,98.63,8.29,3.29,5.02,804,505,0,349,21.50,1013.20,11.90,405.70,12.75,49.15,1080,1,20240415_083906,GSN-01,-72,24.40,75.40,42,0,1,7.81,85,9.61,21.40,23.20,24.20,20.80,22.90,20.00,25.50,22.10,23.10,21.00,22.80,21.20,22.50,22.20,24.60,22.20,23.70,22.30,24.70,24.20,21.20,21.80,20.00,24.10,20.90,22.90,24.90,21.60,25.00,21.70,23.90,25.40,24.60,24.90,22.30,20.50,23.40,23.60,22.80,21.70,22.40,22.00,24.20,22.20,23.70,24.30,25.00,20.40,24.70,21.50,23.60,22.70,24.70,25.60,24.50,21.60,24.30,23.70,23.80,22.10,23.60,25.60,25.00,22.10
TLM_RCV,-54,FG-ALPHA,20240415_083907,AUTO,0,31.13,5.00,-85,98.68,8.30,3.30,5.02,932,426,0,278,22.53,1013.10,12.10,405.50,12.75,49.15,1080,1,20240415_083907,GSN-01,-71,25.20,79.40,41,0,0,7.78,84,9.61,23.10,24.20,24.90,21.50,22.50,22.50,22.10,21.30,24.60,23.30,25.50,22.30,23.50,23.50,22.00,21.90,22.70,23.70,23.50,21.00,25.80,24.60,23.80,20.70,21.10,20.40,24.20,22.00,22.60,21.10,23.50,21.80,24.40,20.40,20.70,22.40,21.90,25.00,20.10,20.00,23.60,22.70,23.20,23.40,22.00,20.20,25.70,24.70,23.40,22.50,23.30,22.40,23.50,24.00,25.80,23.60,23.80,22.40,22.60,23.60,22.60,23.00,25.10,21.70
TLM_RCV,-44,FG-ALPHA,20240415_083908,AUTO,0,31.18,5.00,-85,98.75,8.30,3.31,5.02,1076,437,0,291,23.19,1013.50,11.90,405.50,12.75,49.15,1080,1,20240415_083908,GSN-01,-90,24.40,78.80,48,0,0,7.81,84,9.62,25.20,24.00,20.40,21.20,22.80,25.80,25.60,23.90,21.70,22.30,25.40,25.50,22.10,22.80,23.40,23.10,24.90,20.40,22.60,20.60,22.70,21.40,20.80,24.00,24.50,23.40,20.20,21.20,21.00,22.50,22.60,23.20,20.00,25.20,23.40,23.60,23.80,25.30,25.40,25.60,21.50,21.20,25.80,22.40,20.30,24.60,21.90,22.90,24.60,23.80,25.40,20.90,24.30,22.00,24.90,20.30,21.90,20.10,22.90,21.10,23.00,20.60,25.90,22.30
TLM_RCV,-94,FG-ALPHA,20240415_083909,AUTO,0,32.19,5.00,-85,98.81,8.31,3.30,5.02,1103,439,0,296,23.32,1013.60,11.80,405.80,12.75,49.15,1080,1,20240415_083909,GSN-01,-78,23.00,77.60,40,0,0,7.81,85,9.62,25.60,24.00,21.20,20.80,22.30,22.20,21.30,24.70,23.60,21.40,20.80,24.80,20.20,22.30,25.70,20.80,21.00,20.50,25.70,22.90,25.80,24.90,25.10,25.10,25.00,25.70,23.30,24.70,22.40,22.60,20.70,24.30,20.00,20.00,20.10,24.00,23.30,22.90,23.80,20.40,24.50,24.90,24.60,21.30,25.20,24.80,20.20,21.40,21.80,20.90,21.20,20.40,22.50,23.10,23.40,21.70,20.60,23.00,22.30,23.00,22.00,25.80,24.50,25.00
TLM_RCV,-57,FG-ALPHA,20240415_083910,AUTO,0,33.37,5.00,-85,98.88,8.30,3.30,5.02,1161,473,0,318,23.44,1013.60,11.80,405.80,12.75,49.15,1080,1,20240415_083910,GSN-01,-71,24.90,76.50,46,1,0,7.81,84,9.63,23.90,20.90,20.70,20.40,20.90,21.60,21.10,20.20,24.30,22.80,23.70,24.60,21.30,22.60,21.80,25.80,21.40,22.70,24.00,21.40,21.70,24.40,24.40,22.80,20.80,20.00,20.00,22.60,24.20,22.60,22.40,20.80,23.00,25.90,22.10,21.30,23.30,24.00,22.80,24.10,20.30,25.50,23.70,20.60,25.20,21.50,20.70,25.80,25.70,21.40,23.60,25.80,23.20,20.40,21.60,20.80,24.80,20.60,25.10,23.80,22.10,21.00,21.10,22.30
TLM_RCV,-82,FG-ALPHA,20240415_083911,AUTO,0,33.42,5.00,-85,98.94,8.30,3.29,5.02,1119,485,0,344,23.17,1012.90,11.90,405.40,12.75,49.15,1080,1,20240415_083911,GSN-01,-74,25.90,79.80,48,0,1,7.78,85,9.63,24.10,24.90,23.10,25.40,22.30,20.30,21.30,20.40,23.80,23.10,24.90,24.60,24.40,25.30,20.30,22.20,24.20,21.60,22.90,24.30,22.50,21.30,22.10,24.30,23.90,21.40,87.20,24.10,20.00,25.50,21.80,21.10,20.50,21.10,24.70,22.90,20.90,21.00,24.80,20.90,22.90,20.20,22.10,24.10,22.90,22.10,25.00,20.10,23.40,22.00,25.40,24.80,22.50,25.00,21.50,24.10,20.00,23.20,20.90,20.70,20.00,23.90,20.60,22.00
TLM_RCV,-74,FG-ALPHA,20240415_083912,AUTO,0,31.35,5.00,-85,98.99,8.31,3.31,5.02,909,470,0,319,22.19,1012.80,11.80,404.50,12.75,49.15,1080,1,20240415_083912,GSN-01,-86,23.00,82.90,41,0,0,7.80,84,9.64,25.40,23.10,24.40,23.20,24.20,21.70,20.00,23.70,25.00,21.20,21.90,24.20,21.70,23.50,21.80,25.20,23.00,24.10,20.00,21.50,23.40,25.20,75.20,20.70,21.80,21.70,23.60,24.10,22.40,24.60,20.50,23.30,22.60,25.20,25.90,20.60,22.90,22.80,24.90,25.40,21.60,21.00,21.50,25.00,24.00,25.40,20.10,23.10,24.60,24.50,21.30,21.70,25.80,20.10,22.20,21.20,20.90,25.60,21.10,20.60,22.80,22.70,20.50,23.40
TLM_RCV,-57,FG-ALPHA,20240415_083913,AUTO,0,33.31,5.00,-85,99.03,8.31,3.31,5.02,922,463,0,322,22.30,1012.70,12.00,406.00,12.75,49.15,1080,1,20240415_083913,GSN-01,-73,23.90,75.00,48,0,0,7.80,84,9.64,21.30,24.80,25.40,24.50,20.30,24.00,25.10,20.00,24.60,23.80,25.10,22.30,23.20,24.60,20.40,23.40,23.70,22.30,22.30,24.80,23.30,21.10,20.30,22.40,22.20,22.30,20.00,20.70,22.20,25.10,21.20,22.90,23.40,22.40,20.40,21.00,25.20,23.20,22.80,25.80,24.30,21.60,24.00,22.10,20.90,25.80,21.50,21.30,21.50,21.20,23.80,21.70,24.80,20.10,20.50,20.10,20.60,22.40,21.10,20.70,23.30,23.60,25.60,21.00
TLM_RCV,-79,FG-ALPHA,20240415_083914,AUTO,0,33.15,5.00,-85,99.08,8.31,3.30,5.02,895,431,0,274,22.32,1013.10,11.90,404.50,12.75,49.15,1080,1,20240415_083914,GSN-01,-89,25.00,81.80,45,0,0,7.82,85,9.65,23.00,24.20,25.40,21.40,24.30,24.20,21.50,24.10,22.70,22.50,25.10,24.60,25.90,24.50,20.10,21.00,21.50,21.40,21.50,21.40,20.00,20.40,24.80,25.20,25.10,21.40,20.60,21.40,24.30,24.10,23.90,23.60,23.40,24.50,22.10,20.20,25.40,20.50,25.90,24.60,25.20,25.00,24.30,21.60,22.50,24.90,20.20,22.60,22.90,21.20,21.50,24.50,20.80,22.10,24.30,22.90,23.30,21.80,24.90,24.10,20.40,25.10,25.00,20.20
TLM_RCV,-59,FG-ALPHA,20240415_083915,AUTO,0,32.06,5.00,-85,99.15,8.32,3.28,5.02,1080,412,0,262,23.34,1012.70,12.00,405.70,12.76,49.15,1080,1,20240415_083915,GSN-01,-74,24.10,75.40,46,0,1,7.82,84,9.65,22.20,22.70,20.70,20.20,20.00,23.50,20.90,25.00,22.90,23.40,21.50,24.10,25.30,24.40,20.50,21.00,24.90,23.50,21.40,25.80,24.70,24.00,21.60,22.30,21.20,24.50,24.40,20.70,21.80,24.30,24.40,23.10,20.50,23.50,20.10,22.20,22.90,21.60,22.40,22.00,22.70,22.50,25.90,25.00,22.90,24.30,20.30,24.20,25.80,22.60,25.80,23.60,21.30,25.20,22.50,24.20,22.80,21.00,25.20,25.60,25.90,20.60,25.80,25.10
TLM_RCV,-78,FG-ALPHA,20240415_083916,AUTO,0,32.36,5.00,-85,99.19,8.31,3.28,5.02,919,472,0,324,22.24,1013.40,11.90,406.20,12.76,49.15,1080,1,20240415_083916,GSN-01,-91,23.90,82.00,48,0,0,7.82,84,9.66,22.00,20.40,23.90,25.30,23.90,22.20,25.80,24.10,23.50,23.70,23.60,25.40,21.70,25.80,23.90,25.90,22.40,22.80,21.80,25.60,23.80,22.40,25.50,22.80,25.20,25.60,24.90,22.80,22.30,24.50,25.70,22.80,24.70,24.20,22.30,25.70,22.20,22.90,20.90,20.90,25.00,24.40,25.50,22.80,22.50,25.70,25.40,21.90,20.80,20.10,23.40,20.00,25.90,22.00,25.00,21.30,24.10,21.80,20.60,23.10,23.90,23.20,24.80,24.30
TLM_RCV,-60,FG-ALPHA,20240415_083917,AUTO,0,32.33,5.00,-85,99.15,8.31,3.29,5.02,0,465,0,312,22.33,1012.80,12.00,404.50,12.76,49.15,1080,1,20240415_083917,GSN-01,-92,24.90,80.80,44,0,0,7.78,85,9.66,23.90,24.20,23.50,22.00,24.10,21.60,21.60,21.00,25.20,20.80,25.80,23.00,24.20,22.10,24.30,25.80,23.80,24.20,23.40,22.60,25.30,21.90,20.20,25.30,25.00,20.50,20.10,23.20,22.70,21.20,23.60,23.90,25.50,22.90,24.70,23.80,21.00,24.90,20.70,24.40,24.20,21.20,22.60,25.90,22.60,25.50,23.80,23.90,22.50,25.80,22.00,24.10,25.00,22.60,21.60,21.00,20.00,21.70,23.60,24.70,25.70,22.20,20.40,22.50
TLM_RCV,-71,FG-ALPHA,20240415_083918,AUTO,0,31.06,5.00,-85,99.10,8.32,3.29,5.02,0,411,0,264,22.06,1013.60,11.90,405.50,12.76,49.15,1080,1,20240415_083918,GSN-01,-93,23.40,80.90,40,0,0,7.80,84,9.67,25.90,20.90,24.90,24.70,20.50,21.80,23.40,23.70,21.60,23.90,21.00,25.20,23.80,22.50,21.40,25.20,23.70,22.20,24.20,20.20,21.70,25.50,25.00,24.80,22.50,23.20,23.70,25.80,21.00,24.90,21.90,20.20,23.20,23.30,20.00,25.80,23.20,25.50,22.80,21.60,21.80,20.30,25.30,20.40,21.20,20.70,25.70,25.20,20.80,23.70,20.70,23.20,21.00,24.60,25.80,23.70,23.30,20.20,22.90,20.20,24.00,21.80,20.40,22.60
TLM_RCV,-80,FG-ALPHA,20240415_083919,AUTO,0,33.28,5.00,-85,99.06,8.31,3.29,5.02,0,455,0,298,22.27,1012.80,11.90,404.80,12.76,49.15,1080,1,20240415_083919,GSN-01,-93,25.60,75.50,46,0,0,7.80,84,9.67,25.00,25.70,24.40,23.90,20.70,20.10,24.20,25.20,21.90,21.20,25.50,20.10,22.80,23.00,22.90,24.50,20.50,21.40,21.10,25.80,20.70,23.90,22.60,24.70,24.50,24.30,21.00,23.30,23.70,23.20,23.90,22.30,25.90,22.50,25.30,21.70,21.20,20.20,25.90,20.20,21.70,21.90,21.40,23.30,25.10,23.50,20.90,25.80,23.60,23.30,23.60,23.80,21.80,20.80,21.50,23.50,21.00,21.70,21.10,24.50,25.10,25.40,22.90,23.20
TLM_RCV,-42,FG-ALPHA,20240415_083920,AUTO,0,31.35,5.00,-85,99.12,8.31,3.30,5.02,1051,470,0,316,22.91,1013.50,12.10,406.20,12.76,49.15,1080,1,20240415_083920,GSN-01,-92,24.30,74.30,43,0,0,7.81,85,9.68,24.70,20.00,25.00,22.90,22.50,21.80,20.20,22.20,24.00,20.90,23.10,22.30,22.50,25.40,22.90,22.00,25.50,23.30,22.60,25.10,25.90,25.60,20.70,24.60,25.60,25.20,22.90,21.50,78.80,21.50,21.20,20.10,22.50,25.60,23.80,20.20,20.70,22.50,23.20,24.90,25.70,20.10,23.50,20.40,22.90,20.50,21.10,22.30,21.40,25.40,21.80,24.30,24.60,21.70,22.50,25.60,21.50,24.80,24.00,20.10,23.10,22.90,21.90,22.70
TLM_RCV,-56,FG-ALPHA,20240415_083921,AUTO,0,31.17,5.00,-85,99.07,8.31,3.28,5.02,0,435,0,284,22.17,1013.30,12.10,405.20,12.76,49.15,1080,1,20240415_083921,GSN-01,-84,23.60,76.60,45,0,0,7.80,84,9.68,24.80,24.60,22.60,24.40,21.20,24.80,25.20,20.90,20.10,23.10,24.20,23.70,21.80,22.60,22.10,21.00,24.30,22.70,24.60,24.60,23.40,23.00,22.90,23.90,23.80,21.70,23.40,25.80,25.20,21.10,24.50,25.60,25.10,23.20,23.40,21.90,20.10,24.70,22.60,24.50,21.00,21.40,22.00,20.30,24.00,25.80,20.30,22.10,22.80,20.00,23.80,24.30,21.80,22.40,24.40,24.10,22.70,23.50,22.80,23.70,22.60,22.70,25.00,25.50
TLM_RCV,-80,FG-ALPHA,20240415_083922,AUTO,0,32.06,5.00,-85,99.13,8.32,3.31,5.02,951,411,0,260,22.70,1013.00,12.10,405.50,12.76,49.15,1080,1,20240415_083922,GSN-01,-71,24.40,79.70,47,0,0,7.79,84,9.69,22.70,23.30,23.90,21.50,20.80,20.50,20.00,25.20,25.00,20.00,23.60,22.30,24.50,21.80,23.00,24.40,21.10,22.10,22.00,21.40,23.00,24.60,20.80,20.30,20.60,21.80,21.60,25.20,20.20,20.00,23.00,22.90,23.00,23.90,24.40,20.00,25.80,24.90,21.00,23.80,22.90,24.20,24.50,22.30,22.60,22.90,20.40,25.40,23.40,22.00,22.50,20.10,22.20,24.50,21.30,25.40,22.10,25.30,25.30,23.40,20.80,23.30,25.30,25.00
TLM_RCV,-76,FG-ALPHA,20240415_083923,AUTO,0,31.23,5.00,-85,99.19,8.31,3.28,5.02,1088,446,0,298,23.21,1013.30,12.10,405.80,12.76,49.15,1080,1,20240415_083923,GSN-01,-79,23.80,82.20,47,0,0,7.82,85,9.69,24.60,24.40,25.70,23.60,24.70,24.50,25.80,22.10,21.60,24.40,25.10,20.40,24.10,23.60,23.90,20.90,21.30,22.00,23.00,24.10,22.00,20.10,24.70,20.80,24.30,22.60,21.10,24.70,25.70,22.50,25.40,23.90,22.40,25.40,23.40,25.60,24.50,20.70,23.00,24.90,20.30,22.10,21.70,20.20,21.30,21.80,20.50,23.20,21.90,22.50,24.90,25.50,23.20,24.40,21.90,21.10,20.00,24.80,23.50,24.10,24.80,22.10,21.80,23.60
TLM_RCV,-89,FG-ALPHA,20240415_083924,AUTO,0,32.24,5.00,-85,99.25,8.31,3.30,5.02,1065,449,0,302,23.08,1013.20,11.80,404.90,12.76,49.15,1080,1,20240415_083924,GSN-01,-93,23.90,75.60,42,1,0,7.80,84,9.70,24.80,25.40,22.60,24.10,20.30,23.40,22.50,22.20,21.30,24.60,24.60,24.80,22.80,21.50,24.90,25.20,20.40,22.40,22.80,22.10,21.90,21.70,24.20,24.20,25.90,24.10,22.60,21.40,25.60,20.90,20.90,24.80,23.20,25.90,23.00,21.80,23.00,25.50,23.50,21.70,25.90,22.00,20.90,22.10,23.80,24.90,24.80,21.00,25.10,22.00,23.80,21.90,25.90,25.90,21.80,25.30,20.10,25.30,21.60,24.50,23.20,25.20,25.50,20.10
TLM_RCV,-88,FG-ALPHA,20240415_083925,AUTO,0,33.31,5.00,-85,99.21,8.31,3.28,5.02,0,463,0,308,22.32,1013.10,11.90,404.50,12.77,49.15,1080,1,20240415_083925,GSN-01,-72,25.50,80.10,45,0,0,7.81,84,9.70,21.20,20.20,23.30,23.20,22.10,20.50,20.10,25.50,24.00,25.00,23.00,23.00,21.60,21.10,24.50,24.30,25.30,25.90,21.70,21.20,25.30,22.70,23.90,23.50,23.90,20.00,25.60,25.40,20.80,20.50,23.50,22.10,21.80,23.50,21.50,20.10,21.70,25.50,21.40,23.00,25.40,20.80,20.90,22.90,24.50,21.60,24.10,22.10,20.70,23.60,25.60,23.40,20.40,22.00,20.60,23.70,24.50,23.20,21.60,25.50,25.70,20.10,21.20,20.30
TLM_RCV,-81,FG-ALPHA,20240415_083926,AUTO,0,31.30,5.00,-85,99.16,8.31,3.28,5.02,0,460,0,304,22.30,1013.20,12.10,405.70,12.77,49.15,1080,1,20240415_083926,GSN-01,-94,24.00,80.80,40,0,0,7.82,84,9.71,23.30,22.40,21.50,23.80,24.40,20.00,23.80,20.40,22.80,20.70,21.30,23.70,20.10,23.60,24.80,20.60,20.30,25.50,23.70,24.40,24.70,23.00,20.10,23.60,22.20,23.30,25.80,23.50,23.00,20.20,25.20,23.60,22.30,25.20,24.70,20.80,20.20,24.10,23.70,23.30,23.70,25.30,25.50,24.50,22.10,22.80,24.50,23.50,23.60,20.80,22.50,25.20,21.70,22.50,25.00,25.50,24.60,24.40,23.90,20.40,23.60,22.00,21.30,24.60
TLM_RCV,-65,FG-ALPHA,20240415_083927,AUTO,0,31.35,5.00,-85,99.22,8.31,3.29,5.02,1034,471,0,328,22.82,1013.30,11.90,404.70,12.77,49.15,1080,1,20240415_083927,GSN-01,-73,23.90,75.10,41,0,0,7.80,84,9.71,22.40,20.50,23.80,21.80,22.30,24.80,21.50,20.70,23.20,22.60,22.50,25.50,20.10,22.40,23.10,24.80,22.60,25.60,21.20,25.00,22.70,20.30,24.40,21.00,21.50,20.10,22.60,22.30,20.30,25.40,25.20,22.40,23.80,21.30,24.90,24.00,23.60,24.20,22.70,21.40,20.10,24.90,21.80,21.20,21.00,24.40,22.10,21.20,23.90,20.20,24.20,21.10,20.80,20.80,21.60,21.10,20.50,20.60,23.00,22.00,24.80,23.30,22.10,20.10
TLM_RCV,-45,FG-ALPHA,20240415_083928,AUTO,0,33.38,5.00,-85,99.26,8.31,3.29,5.02,880,475,0,329,22.02,1013.10,11.80,404.80,12.77,49.15,1080,1,20240415_083928,GSN-01,-74,24.10,77.50,44,0,0,7.82,84,9.72,23.60,21.60,24.40,21.00,25.80,22.30,24.80,21.70,23.30,24.80,23.60,24.60,22.90,20.50,24.30,20.80,81.20,25.60,20.30,25.50,24.70,25.20,23.80,20.10,24.40,21.90,25.70,20.40,20.10,21.60,25.00,24.10,24.60,24.80,21.00,23.90,25.60,22.10,23.90,23.20,22.20,20.20,21.60,21.70,23.30,23.00,24.70,22.10,21.20,22.20,24.70,24.70,24.80,22.00,22.10,23.00,21.20,20.90,23.30,25.30,21.10,24.50,22.90,22.30
TLM_RCV,-74,FG-ALPHA,20240415_083929,AUTO,0,31.12,5.00,-85,99.22,8.32,3.29,5.02,0,425,0,276,22.12,1013.50,11.90,405.80,12.77,49.15,1080,1,20240415_083929,GSN-01,-79,23.40,75.00,46,0,0,7.78,84,9.72,22.60,20.90,20.80,25.10,24.30,20.90,23.80,20.50,24.90,21.70,24.70,23.60,20.00,25.80,24.70,21.90,23.40,24.90,24.10,23.50,24.30,22.40,21.90,24.20,22.00,25.80,23.50,24.30,24.10,24.60,23.00,22.20,25.80,24.40,20.80,23.00,23.20,23.90,21.90,21.80,24.60,24.80,21.60,22.20,22.70,21.50,21.10,25.40,21.30,21.90,25.90,25.00,21.00,25.00,21.60,21.40,22.90,24.30,21.60,24.10,20.90,25.00,21.90,21.10
TLM_RCV,-66,FG-ALPHA,20240415_083930,AUTO,0,32.38,5.00,-85,99.26,8.31,3.31,5.02,912,475,0,320,22.18,1013.50,11.90,404.70,12.77,49.15,1080,1,20240415_083930,GSN-01,-87,24.60,79.40,47,0,0,7.78,84,9.73,25.20,20.40,21.00,21.10,23.70,23.80,24.90,20.80,22.50,21.70,23.50,24.30,20.90,23.00,25.40,25.70,25.00,21.40,20.20,24.30,23.90,23.60,23.80,24.60,25.40,24.10,24.50,20.80,22.50,21.70,23.20,24.70,21.10,23.80,21.00,21.60,20.50,23.10,20.60,24.40,24.90,23.50,23.10,25.40,25.40,20.60,20.30,24.60,22.10,23.60,24.80,20.10,22.10,25.50,21.60,20.40,24.00,25.30,24.60,21.60,24.60,23.20,22.80,23.30
TLM_RCV,-43,FG-ALPHA,20240415_083931,AUTO,0,33.48,5.00,-85,99.29,8.31,3.30,5.02,842,496,0,343,21.73,1013.50,12.00,406.10,12.77,49.15,1080,1,20240415_083931,GSN-01,-76,25.90,78.20,41,0,0,7.79,84,9.73,21.00,22.70,21.90,20.10,21.50,25.20,24.00,21.50,25.30,20.30,23.50,21.70,22.60,21.30,24.80,20.70,21.00,22.80,20.00,23.50,22.30,23.20,23.80,23.60,25.30,23.90,25.20,22.50,21.70,25.60,23.50,20.30,20.50,23.70,20.40,20.60,24.50,22.60,20.70,20.00,24.30,23.20,20.80,20.60,20.70,22.20,22.20,20.80,23.00,21.70,21.50,23.20,20.50,21.80,25.00,20.00,21.10,21.20,21.30,23.30,22.60,23.30,25.10,24.90
TLM_RCV,-71,FG-ALPHA,20240415_083953,AUTO,0,33.22,5.00,-85,99.94,8.33,3.30,5.02,0,443,0,303,22.22,1013.40,11.90,406.10,12.79,49.15,1080,1,20240415_083953,GSN-01,-80,24.10,78.90,43,0,0,7.79,84,9.74,23.00,21.10,24.50,25.50,23.90,22.30,22.80,20.00,21.50,23.90,22.40,21.00,22.70,20.10,22.50,22.80,25.60,22.10,24.60,20.00,20.40,23.20,24.10,24.70,22.40,21.00,20.00,21.50,22.90,20.20,23.90,20.40,20.60,21.50,21.90,20.80,25.70,24.90,21.20,22.00,25.30,23.00,24.10,25.20,20.50,23.00,22.80,21.60,21.50,20.90,21.60,24.90,25.00,24.30,22.50,20.60,25.40,21.50,21.00,24.30,21.70,24.90,23.20,23.70
TLM_RCV,-51,FG-ALPHA,20240415_083954,AUTO,0,33.50,5.00,-85,100.00,8.32,3.28,5.02,1164,500,0,347,23.32,1012.90,12.10,405.80,12.79,49.15,1080,1,20240415_083954,GSN-01,-80,24.30,81.60,46,0,0,7.80,84,9.74,25.60,24.40,24.40,20.80,25.00,22.60,24.50,25.10,21.40,22.10,23.20,20.90,21.60,20.70,22.90,22.60,20.30,23.60,24.00,21.50,22.60,21.40,22.80,20.90,25.80,21.60,25.60,22.40,20.10,22.90,22.30,23.40,24.00,25.10,24.00,21.80,22.40,22.40,22.70,20.30,20.30,25.00,22.90,24.70,25.80,21.80,20.30,22.90,22.80,23.20,21.00,22.60,25.60,20.20,22.60,24.20,22.30,22.90,22.20,23.80,25.40,20.80,24.10,25.30
TLM_RCV,-95,FG-ALPHA,20240415_083955,AUTO,0,33.16,5.00,-85,100.00,8.34,3.29,5.02,971,432,0,277,22.69,1012.80,11.90,404.90,12.80,49.15,1080,1,20240415_083955,GSN-01,-77,23.50,79.60,48,0,1,7.81,85,9.75,25.90,25.80,21.10,22.90,20.70,22.50,25.20,24.20,22.80,25.20,25.00,23.80,24.80,23.40,23.60,22.00,20.00,23.70,21.50,24.20,24.90,23.50,22.10,21.50,20.10,25.30,21.80,25.10,23.50,21.60,20.60,23.90,22.10,22.30,21.00,24.60,23.10,24.60,20.00,20.40,21.60,20.30,21.30,22.40,23.70,21.10,25.70,21.10,21.60,22.10,25.60,21.00,23.50,25.90,25.70,23.70,21.20,24.10,22.10,23.20,22.60,24.30,22.40,25.50
TLM_RCV,-66,FG-ALPHA,20240415_083956,AUTO,0,31.00,5.00,-85,100.00,8.34,3.29,5.02,1078,401,0,258,23.39,1012.70,11.90,406.10,12.80,49.15,1080,1,20240415_083956,GSN-01,-85,24.00,76.30,49,0,0,7.81,85,9.75,21.70,25.40,24.00,22.20,24.40,21.30,24.50,23.80,20.50,20.70,20.90,25.80,21.10,22.10,20.40,25.80,21.40,22.00,23.90,24.70,20.50,25.10,21.10,20.50,22.50,22.40,25.00,25.20,25.10,21.50,21.40,22.40,23.50,22.60,23.30,22.90,20.40,22.80,25.20,20.40,25.40,20.00,24.90,21.00,24.00,25.20,23.00,23.90,24.00,24.20,24.40,23.30,21.80,24.10,25.20,21.20,24.30,25.00,20.30,23.10,25.00,20.10,25.20,23.50
TLM_RCV,-59,FG-ALPHA,20240415_083957,AUTO,0,32.44,5.00,-85,100.00,8.33,3.30,5.02,1063,487,0,337,22.88,1012.90,11.90,404.80,12.80,49.15,1080,1,20240415_083957,GSN-01,-72,25.60,76.70,47,0,0,7.79,85,9.76,25.10,25.30,21.10,23.10,21.80,20.30,21.60,22.00,21.90,20.90,25.80,24.40,22.00,24.90,21.70,24.00,23.50,25.40,21.80,25.70,24.40,23.50,22.30,25.30,21.30,23.30,24.10,22.70,22.70,24.60,23.40,20.60,24.10,22.60,24.90,23.80,24.60,23.20,25.30,24.90,20.20,23.50,21.00,20.40,23.20,21.60,23.60,23.10,24.50,22.10,25.80,25.70,25.40,24.10,23.80,21.20,20.70,22.30,22.90,24.10,22.30,24.40,25.90,25.90
TLM_RCV,-77,FG-ALPHA,20240415_083958,AUTO,0,31.97,5.00,-85,100.00,8.34,3.31,5.02,1007,393,0,253,23.07,1013.60,11.80,404.80,12.80,49.15,1080,1,20240415_083958,GSN-01,-78,25.80,79.50,48,0,0,7.79,84,9.76,24.60,22.70,20.80,24.90,21.20,24.50,20.10,24.90,25.50,25.80,25.80,20.70,22.10,22.40,24.90,23.50,22.80,21.00,22.90,25.70,21.00,21.70,22.00,24.00,23.80,24.00,23.50,20.50,25.20,20.20,21.80,25.60,22.50,20.50,22.30,22.60,24.00,22.30,24.80,22.70,24.10,22.00,25.70,21.70,24.80,25.30,23.20,20.90,20.60,22.00,25.20,22.20,23.40,24.20,20.30,22.90,20.10,21.30,21.10,25.60,20.90,23.40,24.80,24.10
TLM_RCV,-67,FG-ALPHA,20240415_083959,AUTO,0,32.01,5.00,-85,99.96,8.34,3.30,5.02,0,402,0,252,22.01,1013.20,11.90,405.00,12.80,49.15,1080,1,20240415_083959,GSN-01,-93,25.10,74.00,42,0,0,7.78,85,9.77,24.80,20.40,24.80,20.30,25.20,22.50,22.30,22.00,21.30,25.20,23.00,20.50,20.20,22.90,24.50,21.00,22.40,20.80,22.70,22.00,21.10,24.80,23.20,24.00,20.40,24.40,20.50,23.60,21.20,22.00,25.50,24.30,22.60,20.60,21.50,24.30,23.00,25.50,23.60,20.60,24.80,24.90,24.40,22.00,25.40,22.20,20.50,22.60,20.70,23.60,22.30,23.20,21.00,24.10,25.80,22.80,25.30,25.40,21.40,23.20,25.10,22.80,20.20,25.70
TLM_RCV,-89,FG-ALPHA,20240415_084000,AUTO,0,32.19,5.00,-85,100.00,8.33,3.29,5.02,1196,438,0,288,23.79,1013.50,12.10,405.70,12.80,49.15,1080,1,20240415_084000,GSN-01,-89,24.60,80.70,40,0,1,7.78,85,9.77,23.60,24.50,21.70,25.10,23.50,21.10,25.20,23.80,21.70,23.30,22.20,21.80,20.50,23.20,22.40,21.90,22.00,22.80,20.60,25.90,21.80,25.30,22.10,21.60,22.00,20.50,24.40,24.90,22.30,23.20,23.90,24.00,22.30,23.60,20.10,23.00,23.70,24.50,20.50,24.40,20.40,22.50,24.30,20.10,20.40,20.00,24.30,24.90,22.60,23.00,25.40,24.00,20.40,25.80,24.00,22.70,25.10,22.80,21.60,25.30,22.50,22.90,22.10,24.50
TLM_RCV,-85,FG-ALPHA,20240415_084001,AUTO,0,32.34,5.00,-85,100.00,8.33,3.29,5.02,1057,468,0,319,22.94,1013.20,11.80,404.90,12.80,49.15,1080,1,20240415_084001,GSN-01,-90,25.00,80.50,47,0,0,7.81,84,9.78,21.70,25.30,20.80,21.90,23.40,21.10,25.70,22.70,20.40,21.30,20.50,22.10,21.10,20.80,25.80,23.60,20.90,23.20,25.70,23.70,23.50,24.10,24.70,22.20,22.00,24.00,22.20,25.00,24.70,25.20,24.00,24.20,24.80,22.30,20.30,25.50,23.60,23.20,24.90,23.80,24.60,25.10,25.60,24.20,24.90,20.10,20.40,25.00,23.30,24.70,23.20,22.30,21.50,25.50,24.30,22.50,20.30,24.60,21.20,20.30,24.10,22.20,23.20,20.90
TLM_RCV,-62,FG-ALPHA,20240415_084002,AUTO,0,31.17,5.00,-85,100.00,8.33,3.31,5.02,822,435,0,287,21.93,1013.50,12.00,406.00,12.80,49.15,1080,1,20240415_084002,GSN-01,-88,25.50,81.00,41,1,0,7.82,84,9.78,24.20,24.00,20.90,20.00,21.90,21.90,24.40,20.40,23.00,23.00,24.40,23.30,25.70,25.10,22.90,25.70,20.50,23.60,24.90,21.60,22.00,24.30,25.10,21.30,24.10,23.90,24.10,21.60,21.10,21.20,25.20,20.40,78.70,22.40,25.70,23.20,21.40,25.70,23.70,24.20,20.50,24.80,25.70,20.60,25.60,23.10,23.30,22.50,21.60,22.90,23.40,25.70,25.00,20.50,21.30,21.00,24.50,25.30,25.20,24.90,20.90,24.20,25.70,20.70
TLM_RCV,-41,FG-ALPHA,20240415_084003,AUTO,0,33.49,5.00,-85,100.00,8.33,3.30,5.02,1057,498,0,343,22.80,1012.90,11.90,405.10,12.80,49.15,1080,1,20240415_084003,GSN-01,-75,24.50,75.40,47,0,0,7.78,85,9.79,21.10,20.50,21.10,24.10,23.30,22.20,23.60,22.00,24.60,22.00,21.30,21.80,22.80,24.80,23.60,21.10,25.60,22.60,22.80,23.30,25.10,22.50,21.10,21.40,23.50,21.90,20.30,20.50,25.00,24.00,24.90,23.70,24.10,23.10,21.50,24.50,25.10,24.10,23.10,21.10,22.50,24.40,22.90,24.90,20.70,24.40,21.20,24.50,21.60,22.40,20.30,22.00,21.50,20.10,22.00,22.30,20.50,25.80,24.80,25.30,20.60,25.80,20.80,25.20
TLM_RCV,-58,FG-ALPHA,20240415_084004,AUTO,0,33.02,5.00,-85,99.96,8.34,3.29,5.02,0,404,0,255,22.02,1013.20,12.00,406.40,12.80,49.15,1080,1,20240415_084004,GSN-01,-88,25.90,78.70,40,1,0,7.82,85,9.79,20.80,20.80,23.20,25.40,24.20,24.90,22.30,23.40,21.20,25.80,24.70,20.70,23.70,25.90,25.80,20.40,21.20,25.20,20.60,25.70,25.90,20.20,23.80,24.30,22.80,20.60,22.40,24.80,22.00,22.80,21.80,25.00,25.90,23.50,25.60,21.00,21.60,21.30,21.90,24.30,22.80,21.00,23.90,21.20,25.60,22.10,22.20,24.10,21.10,22.90,24.70,24.70,21.30,21.10,23.20,23.40,24.10,24.10,24.20,22.30,24.60,23.50,25.20,24.70
TLM_RCV,-45,FG-ALPHA,20240415_084005,AUTO,0,33.29,5.00,-85,100.00,8.33,3.31,5.02,1062,459,0,303,23.01,1013.10,11.80,405.10,12.81,49.15,1080,1,20240415_084005,GSN-01,-82,24.60,82.20,44,0,0,7.81,85,9.80,24.40,23.50,25.10,23.70,24.30,23.50,25.90,24.00,20.00,20.50,23.00,25.30,20.40,23.00,23.90,20.20,22.00,20.20,21.30,25.40,22.10,22.30,21.50,21.20,21.60,22.80,21.50,25.50,20.20,24.60,24.90,23.90,21.20,24.80,22.70,22.50,20.80,22.60,21.70,20.00,23.40,21.50,23.70,23.50,22.80,21.90,21.00,22.20,25.50,20.60,24.50,22.90,20.20,25.30,21.80,21.10,20.60,23.60,25.90,22.70,24.50,21.20,22.90,23.60
TLM_RCV,-62,FG-ALPHA,20240415_084006,AUTO,0,32.06,5.00,-85,100.00,8.34,3.29,5.02,1129,412,0,256,23.58,1013.20,12.00,405.90,12.81,49.15,1080,1,20240415_084006,GSN-01,-95,24.10,75.10,40,0,1,7.82,85,9.80,23.80,25.00,24.10,20.50,20.60,25.40,22.70,23.10,21.00,23.20,86.40,25.60,21.00,24.10,25.30,22.70,24.00,25.50,21.50,20.80,24.30,21.60,22.20,25.50,23.20,22.10,21.90,23.80,22.70,22.90,23.80,20.70,21.80,25.90,20.20,24.50,23.30,25.00,25.90,23.70,21.60,21.40,25.20,23.60,21.10,25.40,20.30,24.30,22.70,20.20,23.10,23.00,24.30,22.80,21.30,20.30,22.00,25.00,22.80,25.20,21.70,22.80,25.00,21.90
TLM_RCV,-95,FG-ALPHA,20240415_084007,AUTO,0,31.28,5.00,-85,100.00,8.33,3.28,5.02,1117,456,0,302,23.31,1013.40,12.00,404.70,12.81,49.15,1080,1,20240415_084007,GSN-01,-88,24.60,79.20,40,0,0,7.79,85,9.81,20.10,23.30,20.20,23.70,25.70,22.60,25.80,25.70,23.90,24.80,23.90,22.70,21.60,23.00,25.30,25.60,22.50,22.10,20.30,21.70,23.40,25.10,20.80,25.70,20.60,22.10,23.10,24.20,20.00,20.30,20.80,22.10,25.50,21.30,23.20,24.20,24.50,20.50,25.70,22.90,21.60,25.00,21.60,22.20,20.60,23.80,25.30,23.50,24.20,20.80,22.70,25.50,25.60,21.30,21.80,20.90,22.20,24.50,24.90,24.40,20.20,21.50,23.40,25.00
TLM_RCV,-79,FG-ALPHA,20240415_084008,AUTO,0,33.44,5.00,-85,100.00,8.33,3.28,5.02,850,487,0,343,21.82,1013.30,12.00,405.60,12.81,49.15,1080,1,20240415_084008,GSN-01,-94,24.50,77.90,42,0,0,7.80,84,9.81,20.10,22.00,24.30,22.30,21.10,24.30,25.60,24.90,21.10,25.60,21.60,25.70,25.00,20.30,22.70,21.50,22.40,22.70,25.90,22.60,21.30,22.10,22.20,20.40,22.60,22.30,20.60,20.20,25.60,22.30,22.60,25.60,20.00,25.30,24.70,23.70,22.90,21.60,20.60,23.80,25.40,25.60,23.10,24.30,21.10,21.00,23.30,20.60,20.90,24.10,25.90,23.90,21.30,24.50,24.40,25.50,24.40,25.70,24.80,22.10,22.30,23.10,23.80,25.50
TLM_RCV,-93,FG-ALPHA,20240415_084009,AUTO,0,33.08,5.00,-85,100.00,8.34,3.30,5.02,856,416,0,261,22.20,1012.80,11.90,405.50,12.81,49.15,1080,1,20240415_084009,GSN-01,-72,24.00,76.30,40,0,1,7.80,85,9.82,24.50,22.40,23.10,21.10,23.50,22.60,25.20,25.80,24.20,20.90,23.80,21.30,20.00,20.40,25.70,23.70,23.80,23.00,25.60,25.00,20.00,23.70,20.50,21.60,25.70,22.40,21.00,22.30,21.90,25.00,21.90,22.80,20.20,25.00,21.00,21.00,20.30,23.70,20.40,22.60,25.00,23.70,22.40,20.40,21.10,22.40,25.00,20.80,25.90,21.60,24.30,25.20,21.20,21.20,25.70,25.50,23.90,23.40,22.30,23.20,20.30,21.00,21.30,20.20
TLM_RCV,-61,FG-ALPHA,20240415_084010,AUTO,0,32.28,5.00,-85,100.00,8.33,3.28,5.02,961,457,0,315,22.52,1013.20,12.10,406.20,12.81,49.15,1080,1,20240415_084010,GSN-01,-88,25.40,80.00,46,0,0,7.80,85,9.82,25.60,24.20,21.30,24.30,21.80,24.00,21.00,24.70,24.90,24.70,25.50,24.10,22.80,25.70,23.90,21.50,23.90,22.30,21.60,20.50,21.00,24.00,21.30,22.90,22.60,24.30,22.20,21.00,22.10,25.40,20.30,24.10,24.30,22.40,25.60,20.00,23.70,23.60,21.30,21.70,23.80,25.20,21.50,24.20,22.50,24.10,21.90,22.70,24.40,24.10,20.10,25.40,20.60,22.20,21.90,21.10,20.80,22.10,21.90,25.10,23.90,21.00,22.50,20.00
TLM_RCV,-63,FG-ALPHA,20240415_084011,AUTO,0,33.28,5.00,-85,100.00,8.33,3.29,5.02,1022,455,0,301,22.83,1012.70,11.80,404.70,12.81,49.15,1080,1,20240415_084011,GSN-01,-82,25.40,81.30,41,0,0,7.82,85,9.83,23.50,22.30,21.60,23.40,24.00,21.90,21.20,20.50,23.40,25.00,25.20,25.40,25.40,20.70,25.40,24.30,24.70,21.70,23.70,21.80,24.50,23.90,25.80,20.40,25.60,20.50,21.10,20.40,25.40,21.90,20.30,20.50,23.30,24.70,23.90,20.80,24.90,24.30,23.70,22.10,20.50,23.70,24.20,20.60,21.70,24.10,20.50,20.00,22.40,22.70,20.40,25.20,25.60,20.40,23.70,25.30,21.40,25.90,24.80,23.30,22.50,21.10,21.60,21.60
TLM_RCV,-53,FG-ALPHA,20240415_084012,AUTO,0,31.10,5.00,-85,99.96,8.34,3.31,5.02,0,421,0,281,22.10,1012.70,11.90,406.20,12.81,49.15,1080,1,20240415_084012,GSN-01,-91,25.00,82.10,46,0,0,7.79,85,9.83,20.60,20.50,20.10,22.40,22.90,25.70,25.40,24.70,24.90,24.70,25.60,25.60,21.80,25.40,24.20,21.60,22.60,23.10,24.10,22.30,22.10,23.30,20.10,24.50,23.80,21.90,22.40,23.90,21.60,20.40,22.50,21.80,21.30,23.90,21.20,22.10,22.10,23.10,22.30,23.60,20.00,23.60,20.50,22.40,25.60,20.00,23.90,25.10,24.10,24.00,20.40,24.50,20.60,22.80,25.20,24.30,21.40,25.70,23.30,22.60,25.50,20.30,20.00,25.80
TLM_RCV,-89,FG-ALPHA,20240415_084013,AUTO,0,32.22,5.00,-85,100.00,8.33,3.30,5.02,1138,445,0,290,23.47,1013.20,11.80,405.20,12.81,49.15,1080,1,20240415_084013,GSN-01,-78,23.80,75.20,49,0,0,7.81,85,9.84,21.00,20.10,25.60,22.20,20.40,20.20,24.20,22.00,25.80,25.50,24.80,24.60,21.50,25.90,20.40,23.30,24.10,22.40,25.50,23.00,21.90,21.80,23.10,25.10,22.70,23.80,24.20,25.70,20.10,23.20,24.20,25.90,22.00,20.60,23.70,21.50,22.90,21.10,23.00,20.30,25.60,24.60,24.90,24.60,22.80,25.60,20.70,23.20,25.80,20.70,23.40,24.00,20.60,21.60,22.40,20.00,21.10,22.30,21.80,25.90,24.00,22.70,23.80,25.90
TLM_RCV,-51,FG-ALPHA,20240415_084014,AUTO,0,31.51,5.00,-85,100.00,8.32,3.28,5.02,1031,502,0,349,22.65,1013.60,11.90,404.50,12.81,49.15,1080,1,20240415_084014,GSN-01,-76,25.50,82.20,40,0,1,7.80,85,9.84,21.80,22.10,25.30,23.90,23.60,23.70,24.10,25.50,25.90,21.00,24.60,22.90,25.70,25.20,25.40,25.00,24.70,24.70,23.60,25.30,20.90,25.90,21.20,21.40,20.60,23.30,22.40,20.70,23.70,23.00,21.90,20.80,20.80,20.20,22.50,20.50,22.40,23.40,20.50,21.60,24.10,22.90,21.70,25.90,22.60,24.00,21.80,21.90,24.00,22.90,25.00,24.20,21.10,20.90,22.20,24.80,23.90,21.00,23.80,25.70,25.60,20.00,23.90,22.20
TLM_RCV,-70,FG-ALPHA,20240415_084015,AUTO,0,31.20,5.00,-85,100.00,8.33,3.30,5.02,895,440,0,293,22.27,1013.40,11.80,406.10,12.82,49.15,1080,1,20240415_084015,GSN-01,-80,24.50,82.70,46,0,0,7.82,85,9.85,24.00,23.60,20.10,24.90,22.40,21.10,24.50,23.90,21.60,24.50,24.70,25.70,25.00,24.80,23.10,20.70,20.80,25.80,22.80,24.50,21.60,20.00,25.60,21.10,20.90,24.80,23.30,20.00,23.80,23.40,20.50,24.20,23.70,24.20,23.40,24.30,25.10,25.10,21.90,21.10,22.60,25.50,22.00,21.90,23.90,21.60,22.40,22.30,20.00,21.70,25.00,22.00,25.40,22.30,20.80,25.90,24.00,25.00,22.20,21.30,24.40,21.60,25.10,25.30
TLM_RCV,-82,FG-ALPHA,20240415_084016,AUTO,0,32.16,5.00,-85,100.00,8.34,3.28,5.02,1015,432,0,279,22.92,1012.80,12.00,405.10,12.82,49.15,1080,1,20240415_084016,GSN-01,-81,23.30,77.20,41,0,0,7.80,84,9.85,22.90,22.80,23.00,24.40,22.50,25.90,20.70,20.20,22.50,25.00,21.90,23.90,20.70,21.20,20.50,22.90,24.60,25.20,21.80,24.30,21.20,20.60,21.20,22.20,22.90,20.80,24.60,24.70,21.90,22.20,25.70,25.40,20.00,22.50,20.10,23.10,22.90,24.50,22.80,21.60,21.30,21.90,22.80,23.70,23.90,22.40,21.90,23.00,20.40,24.60,22.50,23.30,24.50,21.90,24.50,25.20,22.70,21.50,20.60,20.00,23.00,21.10,22.50,24.30
TLM_RCV,-73,FG-ALPHA,20240415_084017,AUTO,0,32.33,5.00,-85,99.95,8.33,3.28,5.02,0,467,0,308,22.33,1013.30,12.10,404.70,12.82,49.15,1080,1,20240415_084017,GSN-01,-85,24.30,77.90,48,0,0,7.79,85,9.86,22.90,25.30,21.80,24.40,25.50,23.80,23.30,25.90,24.80,21.30,20.80,24.80,20.20,20.80,25.60,25.80,24.60,20.10,25.70,22.40,22.80,23.60,24.40,25.50,23.10,24.00,25.70,24.70,22.80,20.90,20.10,23.80,22.10,20.60,21.80,25.10,24.10,20.60,22.60,23.70,24.60,25.40,23.00,21.60,24.80,21.60,20.30,25.60,23.60,20.30,22.30,25.70,21.80,20.10,24.20,25.70,22.50,22.90,22.30,25.00,20.40,20.80,24.20,21.10
TLM_RCV,-71,FG-ALPHA,20240415_084018,AUTO,0,33.03,5.00,-85,100.00,8.34,3.31,5.02,954,407,0,254,22.74,1013.40,12.10,404.80,12.82,49.15,1080,1,20240415_084018,GSN-01,-71,25.40,79.90,46,0,0,7.80,85,9.86,21.10,20.20,24.70,22.20,21.50,24.40,23.40,23.50,25.90,25.40,21.00,21.30,24.40,20.30,24.80,25.00,21.80,22.70,21.00,22.20,24.60,22.20,22.70,24.40,20.10,23.00,24.60,25.40,20.60,20.00,20.70,23.90,23.30,25.10,20.30,21.80,25.10,25.60,25.90,23.20,25.30,23.10,22.40,23.80,22.30,20.30,20.60,21.80,24.10,20.70,24.00,21.40,25.20,23.00,20.50,20.60,21.60,22.40,24.70,22.50,22.80,25.30,20.40,24.10
TLM_RCV,-42,FG-ALPHA,20240415_084019,AUTO,0,33.30,5.00,-85,99.95,8.33,3.29,5.02,0,460,0,304,22.30,1012.70,11.80,405.50,12.82,49.15,1080,1,20240415_084019,GSN-01,-75,24.50,81.70,40,0,0,7.82,84,9.87,22.60,20.60,20.70,20.20,23.00,24.20,23.30,23.40,23.60,24.10,25.40,20.80,24.30,21.10,24.90,22.80,22.90,22.80,23.00,21.60,21.60,24.80,24.20,25.10,22.30,20.80,20.20,24.40,25.20,21.20,21.40,21.60,24.40,20.70,24.10,25.50,21.50,22.60,25.40,20.40,23.00,20.40,24.10,20.10,23.70,24.20,21.20,20.60,24.70,24.20,21.70,23.90,24.80,20.70,25.20,25.90,21.40,25.20,25.70,23.70,20.90,21.80,22.10,23.50
TLM_RCV,-80,FG-ALPHA,20240415_084020,AUTO,0,31.50,5.00,-85,100.00,8.32,3.30,5.02,917,500,0,345,22.08,1013.60,11.80,406.10,12.82,49.15,1080,1,20240415_084020,GSN-01,-93,24.70,74.00,48,0,0,7.78,85,9.87,25.40,20.00,25.90,20.10,23.20,25.40,24.70,25.80,25.40,23.70,20.20,25.30,23.90,25.10,21.00,22.50,21.30,24.50,21.20,23.30,23.50,23.40,20.90,24.20,23.50,21.80,23.20,20.50,22.60,24.50,20.40,20.80,22.70,20.30,24.50,21.80,20.60,24.60,21.90,20.10,22.10,24.00,21.10,22.70,22.90,23.10,21.30,23.20,25.80,25.30,20.30,21.50,23.70,22.70,25.00,21.80,25.50,21.10,23.90,22.10,24.30,21.10,22.60,20.00
TLM_RCV,-93,FG-ALPHA,20240415_084021,AUTO,0,31.24,5.00,-85,100.00,8.33,3.30,5.02,981,447,0,295,22.67,1013.00,11.80,405.90,12.82,49.15,1080,1,20240415_084021,GSN-01,-91,25.70,77.40,40,0,0,7.79,84,9.88,21.30,23.70,23.80,24.90,22.10,22.30,23.40,21.50,24.50,20.10,24.70,22.10,25.60,24.00,21.10,22.40,20.40,23.20,23.80,25.10,25.80,23.00,22.70,21.30,22.90,25.10,25.50,23.50,25.30,25.60,20.70,25.30,21.80,25.10,23.60,22.00,20.30,21.40,21.50,24.90,23.80,24.10,22.50,24.90,25.10,21.20,21.10,24.90,23.20,23.40,24.10,23.10,23.30,22.50,20.90,20.30,22.70,25.70,22.90,23.40,21.50,25.80,21.40,20.30
TLM_RCV,-58,FG-ALPHA,20240415_084022,AUTO,0,32.05,5.00,-85,100.00,8.34,3.31,5.02,1110,410,0,266,23.50,1013.20,12.00,405.30,12.82,49.15,1080,1,20240415_084022,GSN-01,-94,23.50,74.60,49,0,0,7.78,84,9.88,20.80,20.10,25.20,23.30,25.50,21.30,23.40,24.80,24.90,23.10,22.60,21.30,20.50,21.90,21.50,21.40,22.90,21.50,23.80,25.60,24.90,22.80,25.20,24.60,25.90,22.60,22.50,22.90,23.00,25.80,23.80,23.30,25.40,20.20,20.90,22.00,23.40,23.70,21.40,21.00,24.30,22.80,23.80,24.90,22.60,20.30,23.30,21.10,21.70,24.50,22.20,23.70,20.50,20.00,22.70,21.60,20.70,25.60,22.50,24.80,20.00,25.40,23.00,20.80
TLM_RCV,-80,FG-ALPHA,20240415_084023,AUTO,0,33.04,5.00,-85,100.00,8.34,3.30,5.02,912,409,0,255,22.51,1013.60,11.80,406.40,12.82,49.15,1080,1,20240415_084023,GSN-01,-88,23.80,74.20,46,0,1,7.80,84,9.89,23.20,22.00,23.00,20.90,24.00,23.90,23.00,20.80,20.80,20.40,25.00,25.50,20.10,20.20,20.50,20.70,25.80,21.20,25.10,25.30,22.40,22.40,21.90,21.30,23.10,25.80,20.20,22.40,22.60,21.30,20.00,20.60,22.00,24.90,23.20,22.50,25.20,25.20,24.70,21.00,24.70,21.00,21.30,22.30,25.70,22.10,21.70,20.20,23.00,24.40,20.00,25.90,25.40,23.80,21.60,24.90,23.80,25.30,20.60,23.60,21.20,21.80,22.40,20.80
TLM_RCV,-81,FG-ALPHA,20240415_084024,AUTO,0,32.40,5.00,-85,100.00,8.33,3.28,5.02,827,479,0,323,21.74,1013.40,11.90,405.50,12.82,49.15,1080,1,20240415_084024,GSN-01,-76,23.30,79.80,40,0,0,7.81,85,9.89,22.40,25.20,23.30,22.90,23.70,25.50,20.00,21.00,21.00,25.80,22.50,24.30,23.70,23.10,21.20,24.70,22.00,23.00,24.00,23.80,23.40,23.90,20.30,21.10,21.30,25.00,21.90,25.50,25.40,23.20,23.80,23.80,20.90,24.80,24.30,21.30,21.50,20.50,24.80,22.40,22.10,21.00,23.90,23.00,22.20,23.90,24.80,20.80,23.90,25.70,21.10,21.00,25.20,22.20,25.30,24.00,23.20,20.50,25.60,21.50,24.50,21.20,22.60,23.20
TLM_RCV,-54,FG-ALPHA,20240415_084025,AUTO,0,32.99,5.00,-85,100.00,8.34,3.31,5.02,868,399,0,254,22.34,1013.50,12.00,405.50,12.83,49.15,1080,1,20240415_084025,GSN-01,-91,24.30,81.00,46,0,0,7.81,85,9.90,20.80,22.80,21.30,24.90,20.30,20.80,22.70,24.60,25.10,21.50,24.50,20.10,20.10,21.80,24.90,20.70,23.80,24.70,24.80,21.60,25.10,25.60,20.50,23.00,21.60,25.60,21.70,21.60,21.40,20.50,23.30,25.30,25.40,20.40,21.50,20.10,23.50,21.50,24.20,20.30,20.10,24.20,22.70,25.50,20.30,24.10,22.10,24.80,25.30,24.30,22.90,24.00,25.30,24.90,22.80,24.10,21.90,24.00,22.00,24.90,20.10,20.40,20.50,82.90
TLM_RCV,-58,FG-ALPHA,20240415_084026,AUTO,0,32.97,5.00,-85,100.00,8.34,3.29,5.02,841,394,0,251,22.24,1013.00,12.10,406.00,12.83,49.15,1080,1,20240415_084026,GSN-01,-75,25.80,78.50,45,0,0,7.78,85,9.90,20.90,20.70,23.70,25.30,20.80,25.00,25.20,21.50,24.20,25.20,24.60,20.80,24.50,22.60,25.60,23.20,22.50,21.80,22.70,22.40,25.60,24.40,23.90,24.00,25.40,22.70,24.50,22.40,22.70,20.70,25.70,21.60,25.40,21.20,21.80,24.50,25.70,20.70,22.20,22.60,21.40,20.20,23.80,20.90,21.70,22.20,25.70,25.40,24.70,21.90,22.70,24.20,24.40,25.30,25.40,21.90,24.20,22.00,25.60,24.90,25.60,20.00,22.60,22.40
TLM_RCV,-53,FG-ALPHA,20240415_084027,AUTO,0,33.29,5.00,-85,99.95,8.33,3.29,5.02,0,459,0,302,22.30,1013.00,12.10,405.70,12.83,49.15,1080,1,20240415_084027,GSN-01,-89,25.00,74.80,41,0,0,7.80,85,9.91,25.90,23.20,20.70,24.90,20.50,22.40,23.40,23.20,22.60,20.10,25.90,20.20,21.00,22.40,23.30,25.10,22.80,21.00,21.10,21.10,22.10,20.90,25.20,20.20,25.20,24.80,21.50,25.30,22.70,23.90,20.60,20.90,21.20,22.10,22.80,22.10,21.70,21.80,25.60,23.10,23.00,22.30,21.60,21.10,21.90,22.90,21.10,23.90,24.30,24.70,22.20,25.60,21.40,22.80,21.70,21.50,22.30,23.80,20.30,25.60,25.30,21.30,25.60,23.90
TLM_RCV,-90,FG-ALPHA,20240415_084028,AUTO,0,31.17,5.00,-85,100.00,8.34,3.29,5.02,1128,433,0,284,23.48,1012.90,11.90,405.80,12.83,49.15,1080,1,20240415_084028,GSN-01,-77,24.50,78.00,44,0,0,7.80,85,9.91,21.10,24.30,24.00,21.60,24.10,22.00,24.90,20.90,21.00,20.00,23.80,20.00,22.70,22.60,20.50,23.70,23.30,23.20,24.70,22.90,24.20,22.90,25.00,23.90,25.00,22.30,21.80,21.70,21.40,22.50,24.60,25.50,20.60,24.90,22.90,20.70,24.30,24.00,22.20,22.50,20.70,25.60,22.30,22.40,24.10,21.50,23.60,25.60,22.30,20.10,25.30,22.10,24.50,21.70,23.50,23.40,25.00,21.20,20.00,20.40,21.90,22.20,21.60,20.00
TLM_RCV,-89,FG-ALPHA,20240415_084029,AUTO,0,31.37,5.00,-85,100.00,8.33,3.30,5.02,953,475,0,334,22.39,1013.10,11.90,405.80,12.83,49.15,1080,1,20240415_084029,GSN-01,-72,24.50,77.90,40,0,0,7.80,85,9.92,23.70,25.80,20.50,25.00,23.80,24.60,23.40,22.40,25.10,24.10,21.80,24.00,24.40,25.30,21.00,20.30,24.30,21.00,25.10,25.20,24.10,23.00,20.30,25.50,24.20,20.10,22.40,23.90,21.30,21.80,24.10,21.40,21.40,24.40,23.80,23.00,22.30,22.10,21.70,23.10,21.80,20.40,25.90,22.80,20.80,24.80,22.70,24.30,21.60,20.50,23.80,21.60,21.50,25.30,22.40,24.70,24.80,24.20,23.00,25.70,24.00,20.70,21.50,22.10
TLM_RCV,-62,FG-ALPHA,20240415_084030,AUTO,0,31.45,5.00,-85,100.00,8.33,3.28,5.02,1148,490,0,342,23.29,1013.30,11.80,404.60,12.83,49.15,1080,1,20240415_084030,GSN-01,-73,23.20,82.90,47,0,0,7.80,84,9.92,24.60,23.80,20.70,22.90,24.50,20.10,20.10,23.20,21.60,21.70,23.40,25.30,21.40,23.60,22.70,23.40,23.20,21.50,21.30,21.10,23.70,24.60,24.70,20.40,20.30,22.00,21.90,22.40,23.40,21.60,24.70,25.80,20.80,24.70,25.10,24.50,24.80,22.20,24.70,23.10,24.90,23.80,22.60,22.40,20.10,20.70,24.80,23.70,23.10,25.60,20.30,20.90,22.70,25.30,24.80,22.00,22.70,22.40,23.10,23.50,24.90,22.50,23.20,25.40
TLM_RCV,-53,FG-ALPHA,20240415_084031,AUTO,0,32.19,5.00,-85,100.00,8.33,3.31,5.02,998,437,0,294,22.81,1012.90,11.90,405.70,12.83,49.15,1080,1,20240415_084031,GSN-01,-88,24.20,74.90,41,0,0,7.79,84,9.93,21.00,25.20,25.10,21.20,21.40,20.00,21.00,22.20,23.90,25.30,22.10,25.30,22.90,25.90,23.00,20.60,24.90,21.90,25.70,20.30,24.90,20.70,20.40,25.50,20.10,23.40,20.10,21.50,25.40,22.00,22.60,20.60,20.40,25.50,20.30,21.80,25.40,25.50,23.50,23.70,25.50,23.30,24.10,24.00,24.80,23.50,23.20,22.80,23.70,22.80,20.80,23.40,24.00,25.40,23.10,22.00,23.20,20.00,23.50,22.60,20.80,20.70,22.10,24.60
TLM_RCV,-78,FG-ALPHA,20240415_084032,AUTO,0,31.25,5.00,-85,100.00,8.33,3.29,5.02,840,451,0,311,21.94,1013.10,11.80,405.50,12.83,49.15,1080,1,20240415_084032,GSN-01,-81,23.30,80.40,46,0,0,7.80,84,9.93,22.80,20.90,23.00,20.40,20.00,23.90,21.10,22.10,25.60,21.20,20.80,25.40,25.20,23.80,23.40,25.70,22.90,25.20,22.30,20.70,20.30,25.40,25.30,21.20,24.70,21.20,23.50,20.10,22.40,21.90,22.70,25.10,22.70,25.30,23.40,20.40,22.30,21.60,22.20,24.30,24.60,23.80,20.70,20.60,24.00,24.50,20.00,21.40,23.10,20.50,25.10,21.10,25.90,23.20,20.10,22.60,23.70,20.50,20.00,20.30,22.30,25.60,22.90,24.80
TLM_RCV,-90,FG-ALPHA,20240415_084033,AUTO,0,32.10,5.00,-85,99.96,8.34,3.30,5.02,0,419,0,262,22.09,1013.40,11.80,406.00,12.83,49.15,1080,1,20240415_084033,GSN-01,-85,23.30,77.90,40,0,0,7.78,85,9.94,23.50,23.60,20.20,21.40,22.40,23.90,22.70,20.10,21.60,21.50,24.30,23.50,20.60,22.60,22.90,23.00,23.00,23.10,20.90,25.70,20.30,20.80,23.60,21.30,22.50,22.80,24.20,24.80,22.80,20.30,23.30,22.30,21.90,22.30,20.60,23.40,22.70,22.30,21.40,20.40,25.90,23.60,24.60,23.70,25.90,24.00,25.20,25.20,20.80,23.60,22.50,24.20,20.90,22.00,25.00,22.10,22.60,25.00,20.40,23.60,22.10,20.40,21.20,24.10
TLM_RCV,-70,FG-ALPHA,20240415_084055,AUTO,0,33.33,5.00,-85,100.00,8.33,3.30,5.02,906,467,0,308,22.19,1013.30,11.80,405.10,12.86,49.60,1080,1,20240415_084055,GSN-01,-80,25.50,74.70,47,0,0,7.80,84,9.94,25.60,21.50,21.30,21.30,22.90,22.20,25.20,25.30,24.40,21.00,21.50,23.50,22.80,22.10,24.80,21.40,21.10,24.30,20.20,21.90,23.80,20.70,20.80,20.00,25.90,23.50,20.80,25.40,23.20,23.80,25.20,21.40,25.50,23.60,22.90,24.10,24.80,20.40,21.60,21.40,20.80,25.90,22.20,23.10,20.70,22.20,22.70,20.10,21.30,21.80,21.90,22.00,20.90,24.90,20.60,23.80,20.80,21.80,22.40,24.00,25.60,21.60,21.00,23.50
TLM_RCV,-58,FG-ALPHA,20240415_084056,AUTO,0,32.19,5.00,-85,100.00,8.33,3.30,5.02,950,438,0,285,22.56,1012.90,11.80,405.60,12.86,49.60,1080,1,20240415_084056,GSN-01,-84,24.90,75.60,49,0,0,7.82,84,9.95,24.00,23.60,23.30,24.50,22.40,24.10,24.80,22.90,21.20,23.70,23.40,21.90,20.60,25.60,22.80,21.10,24.50,24.90,24.40,25.60,22.00,22.40,25.20,20.40,25.00,22.40,22.40,23.50,20.10,25.90,20.80,23.60,25.40,20.60,22.90,21.00,25.00,21.30,24.00,21.40,20.50,24.30,24.10,24.90,23.80,20.10,20.40,24.80,20.00,24.90,23.70,22.80,21.30,25.90,22.70,24.70,25.70,24.00,24.00,25.60,21.30,25.60,25.80,20.90
TLM_RCV,-75,FG-ALPHA,20240415_084057,AUTO,0,33.39,5.00,-85,100.00,8.33,3.30,5.02,849,478,0,328,21.85,1013.50,12.00,405.20,12.86,49.60,1080,1,20240415_084057,GSN-01,-78,25.30,79.70,42,0,0,7.82,84,9.95,21.20,22.30,21.50,25.80,22.60,23.40,20.00,22.50,24.70,25.20,23.20,21.90,25.60,24.90,24.40,24.10,22.40,21.00,21.80,25.80,20.50,20.70,23.50,22.70,21.60,25.30,21.80,22.20,23.90,24.90,22.90,23.00,22.30,21.60,24.80,20.00,20.20,21.00,23.40,25.60,20.50,20.20,21.60,20.90,24.80,24.60,24.40,25.90,20.60,20.40,23.70,25.30,22.00,25.30,25.70,24.00,22.90,21.90,20.70,24.30,20.40,21.80,21.20,22.40
TLM_RCV,-95,FG-ALPHA,20240415_084058,AUTO,0,32.42,5.00,-85,99.95,8.33,3.28,5.02,0,484,0,339,22.42,1013.40,12.00,405.90,12.86,49.60,1080,1,20240415_084058,GSN-01,-79,24.20,81.30,49,0,0,7.80,85,9.96,23.80,23.20,24.50,22.30,24.90,24.10,24.30,25.00,23.60,25.50,24.10,22.50,22.60,24.80,23.10,25.50,24.30,23.30,21.00,23.10,25.90,22.40,20.80,21.10,20.00,20.00,22.30,20.60,20.80,20.70,21.90,22.90,25.70,23.10,23.20,21.50,22.00,21.20,21.60,20.90,21.60,22.10,20.80,20.60,21.60,23.40,21.60,22.00,23.60,21.50,23.60,24.30,23.80,22.80,23.20,21.90,23.10,21.20,25.60,23.50,23.30,24.20,23.80,21.40
TLM_RCV,-58,FG-ALPHA,20240415_084059,AUTO,0,33.28,5.00,-85,99.91,8.33,3.28,5.02,0,457,0,305,22.28,1013.20,11.90,405.10,12.86,49.60,1080,1,20240415_084059,GSN-01,-94,23.60,80.00,48,1,0,7.82,85,9.96,20.00,21.40,23.30,22.80,24.80,24.30,21.20,24.80,20.70,21.40,20.20,24.80,22.80,25.90,22.00,23.80,23.10,24.70,23.90,23.80,24.00,24.20,20.40,22.20,20.90,22.00,23.60,20.50,24.80,23.40,23.80,20.80,25.60,23.80,23.40,24.20,24.00,20.80,23.40,20.90,21.20,25.20,24.20,23.30,20.90,25.40,20.50,25.50,21.60,23.90,23.00,21.10,20.90,23.70,20.10,25.90,20.40,25.90,20.80,22.10,25.40,24.80,20.50,23.60
TLM_RCV,-58,FG-ALPHA,20240415_084100,AUTO,0,31.98,5.00,-85,99.97,8.34,3.28,5.02,1047,395,0,252,23.26,1013.00,11.90,404.60,12.86,49.60,1080,1,20240415_084100,GSN-01,-73,25.80,73.70,41,0,0,7.80,84,9.97,24.90,22.20,20.30,23.70,23.50,20.30,24.50,25.20,20.20,20.60,20.80,25.80,23.70,25.10,25.90,23.70,24.50,20.50,20.80,24.20,24.10,20.20,21.50,24.60,22.20,20.40,22.40,20.30,25.90,25.50,25.50,23.20,24.80,24.00,23.60,20.00,22.70,22.60,24.90,22.40,25.30,24.40,21.30,21.00,23.40,23.80,25.50,21.20,21.40,77.90,23.40,23.90,24.50,24.40,22.30,20.90,24.30,21.30,20.60,21.00,25.30,23.00,24.70,24.80
TLM_RCV,-79,FG-ALPHA,20240415_084101,AUTO,0,33.48,5.00,-85,100.00,8.33,3.28,5.02,954,496,0,345,22.29,1013.60,12.00,404.50,12.86,49.60,1080,1,20240415_084101,GSN-01,-76,23.80,82.10,43,0,0,7.79,84,9.97,22.30,24.60,25.20,21.20,21.50,23.50,21.10,20.30,24.60,24.10,25.50,20.80,21.70,23.60,25.00,22.20,23.50,24.70,25.10,20.60,21.80,25.80,23.10,20.90,23.90,23.80,24.10,25.20,20.60,22.40,21.30,25.00,25.90,24.50,22.80,22.50,20.80,22.90,21.50,21.40,20.20,24.30,20.20,20.80,22.30,20.50,22.50,21.90,22.20,21.30,22.10,25.30,25.60,20.50,22.00,24.40,23.60,20.60,22.50,22.00,23.10,22.30,24.40,25.80
TLM_RCV,-67,FG-ALPHA,20240415_084102,AUTO,0,32.17,5.00,-85,100.00,8.33,3.30,5.02,989,435,0,287,22.77,1013.50,11.80,406.10,12.86,49.60,1080,1,20240415_084102,GSN-01,-91,23.60,76.50,40,0,0,7.78,84,9.98,20.00,25.80,22.90,24.40,22.80,25.50,25.30,23.70,25.60,25.50,21.20,21.90,25.10,25.90,25.10,25.20,21.70,21.00,20.60,24.80,21.40,21.90,25.40,24.30,22.00,23.40,20.90,22.10,24.00,25.90,23.70,22.70,21.20,20.60,24.60,23.20,25.20,24.50,20.60,21.30,24.00,25.30,24.30,23.30,24.60,20.70,23.80,24.00,20.50,24.20,25.50,22.50,24.90,20.50,20.30,20.70,24.20,25.00,20.00,24.70,25.80,21.90,24.90,23.40
TLM_RCV,-88,FG-ALPHA,20240415_084103,AUTO,0,33.17,5.00,-85,100.00,8.34,3.29,5.02,951,433,0,279,22.59,1013.40,12.00,405.80,12.86,49.60,1080,1,20240415_084103,GSN-01,-93,25.00,78.50,46,0,0,7.79,84,9.98,21.00,21.90,22.10,24.70,24.00,25.00,21.20,23.20,25.90,20.50,23.50,21.10,20.60,20.30,22.20,24.60,22.30,25.20,20.30,25.20,20.70,24.50,25.50,24.50,23.40,20.30,21.20,23.50,25.90,20.10,24.00,23.60,20.80,23.00,22.30,20.60,25.00,20.70,22.90,22.80,20.70,22.50,20.10,21.80,22.20,24.80,24.20,22.50,25.50,24.00,20.60,23.90,20.30,22.10,23.00,24.50,23.60,23.60,23.70,23.90,25.30,22.60,25.40,21.40
TLM_RCV,-46,FG-ALPHA,20240415_084104,AUTO,0,33.30,5.00,-85,100.00,8.33,3.31,5.02,916,460,0,306,22.28,1013.50,12.10,405.70,12.86,49.60,1080,1,20240415_084104,GSN-01,-92,23.30,75.60,46,0,0,7.81,85,9.99,22.70,20.00,20.50,22.10,21.30,23.50,24.70,22.40,22.40,23.50,25.20,22.60,24.50,25.80,23.70,24.20,21.70,23.30,22.60,25.20,20.60,24.20,21.10,22.60,21.40,20.50,23.30,22.90,21.90,23.30,20.30,21.20,25.00,21.70,22.10,21.30,24.00,21.00,20.80,23.80,20.00,20.80,22.50,21.00,21.10,20.90,22.40,20.20,20.10,22.90,22.30,22.60,21.00,21.40,23.10,20.60,25.80,24.20,24.20,21.60,21.00,24.30,21.80,21.50
TLM_RCV,-54,FG-ALPHA,20240415_084105,AUTO,0,33.43,5.00,-85,100.00,8.33,3.30,5.02,816,486,0,328,21.65,1012.70,11.80,404.70,12.87,49.60,1080,1,20240415_084105,GSN-01,-86,25.30,74.30,42,0,0,7.79,84,9.99,20.40,21.90,22.50,20.70,23.50,21.80,25.90,25.70,23.90,24.50,25.60,25.50,21.80,25.40,23.40,24.60,23.20,22.40,24.90,25.60,21.60,20.10,24.60,22.50,25.60,21.40,24.90,25.30,25.80,22.50,24.30,21.80,23.20,21.80,21.20,25.80,20.30,25.80,23.50,25.30,24.70,23.90,25.90,25.80,24.60,22.50,25.50,23.20,25.90,24.40,22.20,20.50,22.40,24.50,25.20,22.60,22.80,21.70,23.20,22.20,24.70,22.80,22.10,20.20
TLM_RCV,-42,FG-ALPHA,20240415_084106,AUTO,0,33.10,5.00,-85,100.00,8.34,3.28,5.02,1086,421,0,262,23.33,1013.20,11.80,404.50,12.87,49.60,1080,1,20240415_084106,GSN-01,-87,23.80,78.30,41,0,0,7.79,85,10.00,21.70,23.00,21.00,22.50,20.90,25.60,20.30,21.80,21.70,21.60,22.90,21.20,22.20,21.10,21.70,20.90,21.80,25.40,87.90,23.20,21.60,22.50,24.80,25.60,23.10,21.10,21.10,24.80,20.60,20.10,22.80,22.80,22.40,21.90,24.80,22.30,20.70,22.90,23.50,23.00,23.40,22.10,25.80,25.60,22.40,20.10,23.50,20.80,23.70,23.80,22.50,25.90,24.30,22.80,23.50,24.40,25.00,20.30,23.40,25.00,24.00,23.50,21.60,21.40
TLM_RCV,-85,FG-ALPHA,20240415_084107,AUTO,0,32.19,5.00,-85,100.00,8.33,3.29,5.02,1143,437,0,286,23.53,1013.60,12.00,405.90,12.87,49.60,1080,1,20240415_084107,GSN-01,-79,25.50,81.10,41,0,0,7.80,85,10.00,20.40,24.50,22.50,23.50,25.00,23.00,21.90,21.40,24.30,21.70,21.70,20.00,22.50,21.90,23.70,21.00,23.40,20.00,23.50,20.60,22.80,25.50,23.10,23.80,24.10,25.70,21.60,23.80,24.80,22.80,23.70,21.10,21.30,21.70,21.40,20.00,22.20,23.80,24.50,20.80,24.10,25.60,23.60,23.40,21.30,25.70,21.00,22.50,21.60,24.30,24.30,25.20,21.20,25.90,20.50,21.20,20.70,21.60,20.00,21.50,20.60,24.60,21.10,22.50
TLM_RCV,-57,FG-ALPHA,20240415_084108,AUTO,0,32.10,5.00,-85,99.96,8.34,3.29,5.02,0,421,0,266,22.10,1013.10,12.10,405.30,12.87,49.60,1080,1,20240415_084108,GSN-01,-77,25.30,79.00,46,0,0,7.82,84,10.01,21.50,21.90,21.10,25.20,24.40,21.00,24.40,20.20,23.60,21.90,21.30,25.30,25.60,22.20,22.30,20.20,23.80,23.00,23.70,21.00,25.10,22.40,22.40,25.00,21.80,25.30,23.60,20.50,22.10,24.00,21.80,21.70,24.70,20.10,22.60,20.10,20.90,23.80,21.50,20.30,25.00,23.10,25.80,23.30,24.30,24.60,22.00,23.70,21.60,21.50,23.40,24.90,24.20,21.60,22.00,23.70,25.00,23.10,21.30,20.90,24.50,20.40,25.80,22.00
TLM_RCV,-70,FG-ALPHA,20240415_084109,AUTO,0,32.42,5.00,-85,100.00,8.33,3.30,5.02,1093,485,0,331,23.04,1013.20,11.90,406.20,12.87,49.60,1080,1,20240415_084109,GSN-01,-87,24.10,78.00,44,0,0,7.82,84,10.01,23.50,22.30,25.90,24.10,20.60,20.20,24.90,23.00,24.90,23.20,23.10,21.00,22.90,24.10,22.70,22.50,20.80,25.60,23.80,25.20,25.80,25.60,21.80,20.50,24.20,20.10,22.30,20.80,23.90,21.40,20.40,24.90,20.10,24.50,22.20,20.80,21.90,21.70,22.80,24.20,20.70,22.20,24.20,25.70,21.00,25.50,20.30,24.80,21.60,22.20,24.00,20.80,25.30,25.30,21.20,25.70,23.10,22.10,25.50,24.80,20.70,21.30,25.80,21.60
TLM_RCV,-57,FG-ALPHA,20240415_084110,AUTO,0,32.46,5.00,-85,100.00,8.33,3.31,5.02,1147,491,0,340,23.28,1012.70,12.00,405.80,12.87,49.60,1080,1,20240415_084110,GSN-01,-81,23.00,77.70,48,0,0,7.81,84,10.02,25.10,23.90,23.00,25.30,20.00,20.50,22.10,22.90,21.20,21.10,20.20,21.30,23.40,20.90,20.50,25.60,21.90,23.20,22.40,21.80,25.40,22.30,20.80,20.70,23.30,23.00,22.80,23.90,20.90,24.90,21.20,20.10,24.10,23.50,25.80,21.70,25.30,24.00,22.90,25.50,22.60,25.70,24.00,24.30,20.70,23.80,23.20,20.20,20.60,24.10,20.80,23.80,21.00,23.90,24.70,22.50,24.60,25.60,24.50,22.10,22.60,23.20,25.20,22.40
TLM_RCV,-44,FG-ALPHA,20240415_084111,AUTO,0,32.44,5.00,-85,100.00,8.33,3.30,5.02,809,487,0,328,21.61,1012.90,12.10,406.40,12.87,49.60,1080,1,20240415_084111,GSN-01,-78,25.70,78.30,47,0,0,7.78,84,10.02,22.40,22.30,23.60,22.40,24.50,24.90,22.90,23.00,25.80,21.10,24.80,23.40,22.80,23.30,23.50,24.00,25.80,23.90,20.90,20.70,23.20,22.70,25.80,24.10,25.90,21.70,22.30,25.10,24.30,25.50,25.50,20.70,22.40,21.90,25.50,22.60,24.80,21.20,20.90,25.70,20.60,22.90,20.90,25.80,22.60,20.80,20.80,22.10,20.10,25.50,21.80,24.30,21.70,21.60,24.60,25.90,24.30,21.60,20.80,22.60,21.40,25.60,21.60,20.90
TLM_RCV,-64,FG-ALPHA,20240415_084112,AUTO,0,32.11,5.00,-85,100.00,8.34,3.31,5.02,1039,422,0,267,23.08,1013.20,11.90,405.60,12.87,49.60,1080,1,20240415_084112,GSN-01,-89,24.90,74.20,43,0,0,7.81,84,10.03,21.70,23.20,21.30,24.00,25.40,20.50,24.70,25.20,23.00,20.50,21.30,20.50,23.40,20.70,22.10,21.60,24.70,24.60,23.80,24.70,24.50,20.00,24.90,20.10,22.20,23.50,20.50,20.30,21.20,23.30,22.40,25.20,20.50,20.90,22.80,22.10,21.40,21.90,23.40,25.50,25.00,24.70,21.30,24.20,23.10,25.50,25.40,25.90,20.00,25.00,22.90,25.80,25.10,25.90,25.70,24.70,23.20,22.20,23.50,24.90,20.30,23.10,22.80,24.90
TLM_RCV,-65,FG-ALPHA,20240415_084113,AUTO,0,32.42,5.00,-85,100.00,8.33,3.30,5.02,1124,485,0,330,23.19,1013.50,12.00,405.60,12.87,49.60,1080,1,20240415_084113,GSN-01,-80,23.70,80.10,41,0,0,7.81,84,10.03,23.30,23.70,24.50,21.70,21.30,21.30,23.70,24.30,24.80,22.90,20.20,24.80,21.90,25.70,21.80,24.50,23.50,24.10,21.10,22.90,25.10,24.90,25.60,22.60,23.80,22.50,24.00,21.50,22.00,23.30,23.70,22.90,23.50,23.70,24.10,21.80,25.90,24.00,20.90,23.70,25.90,20.00,22.70,21.20,25.60,25.00,23.90,25.10,20.00,21.50,22.80,25.80,24.70,20.30,22.60,21.80,24.10,23.80,21.60,25.40,25.70,20.80,20.90,21.00
TLM_RCV,-66,FG-ALPHA,20240415_084114,AUTO,0,30.97,5.00,-85,100.00,8.34,3.28,5.02,854,394,0,253,22.30,1013.40,11.90,405.60,12.87,49.60,1080,1,20240415_084114,GSN-01,-93,23.50,78.10,45,0,0,7.81,84,10.04,22.70,20.00,23.40,22.70,20.90,23.10,22.60,25.50,20.80,25.40,25.80,25.90,21.60,25.10,22.40,25.00,24.70,25.30,23.70,23.20,23.10,21.70,24.00,24.10,21.90,23.80,24.00,24.20,20.60,22.80,20.70,25.70,25.80,20.10,23.20,20.90,24.60,22.30,25.70,21.20,21.90,25.50,24.30,24.10,24.70,25.80,22.00,20.70,20.90,24.50,22.60,20.20,21.10,23.20,20.50,20.40,20.90,22.50,22.70,20.40,25.60,22.30,23.90,20.60
TLM_RCV,-43,FG-ALPHA,20240415_084115,AUTO,0,33.22,5.00,-85,100.00,8.33,3.30,5.02,935,444,0,286,22.45,1013.30,11.90,405.10,12.88,49.60,1080,1,20240415_084115,GSN-01,-86,24.50,74.80,42,0,0,7.81,84,10.04,23.70,24.70,25.50,21.60,23.60,25.30,25.10,22.90,20.60,21.60,20.90,25.80,20.40,25.70,20.10,20.40,23.00,23.70,25.00,22.80,24.50,23.50,21.70,24.10,20.00,22.30,21.10,21.40,87.50,21.50,25.80,23.90,21.00,21.00,23.60,24.10,25.60,20.50,20.70,21.80,23.10,22.50,20.00,25.60,23.10,23.80,25.40,25.60,25.70,20.50,25.00,24.20,22.10,21.50,20.00,22.60,25.50,20.80,20.40,22.90,21.30,25.80,23.90,20.40
TLM_RCV,-74,FG-ALPHA,20240415_084116,AUTO,0,32.17,5.00,-85,100.00,8.33,3.28,5.02,1005,435,0,282,22.85,1013.10,11.80,405.20,12.88,49.60,1080,1,20240415_084116,GSN-01,-83,25.90,81.80,42,0,0,7.81,84,10.05,24.00,24.60,24.80,20.70,20.70,24.70,20.70,25.90,22.00,24.30,22.20,24.20,22.50,25.80,22.30,20.40,23.70,21.20,21.70,20.40,23.40,20.40,24.60,25.00,24.70,21.80,22.90,23.90,22.10,22.30,25.30,23.60,22.70,22.20,21.40,25.00,21.00,25.30,21.70,20.10,20.70,20.70,21.20,20.90,25.80,21.50,21.10,25.50,23.90,23.90,22.80,22.30,21.20,22.20,20.70,20.30,20.90,23.00,22.00,20.60,25.30,22.30,21.00,24.60
TLM_RCV,-48,FG-ALPHA,20240415_084117,AUTO,0,32.47,5.00,-85,100.00,8.33,3.30,5.02,1139,494,0,343,23.23,1013.00,11.90,405.30,12.88,49.60,1080,1,20240415_084117,GSN-01,-74,24.30,74.00,49,0,0,7.78,84,10.05,24.20,21.90,23.90,21.50,25.90,22.90,23.50,25.10,20.00,20.30,23.10,22.10,22.90,21.20,24.30,21.40,25.50,20.30,24.90,25.10,23.00,22.90,21.30,22.50,21.40,22.90,22.60,25.20,22.20,21.00,24.10,20.30,21.90,21.20,24.40,20.90,21.30,25.70,20.90,25.90,21.50,25.50,21.80,22.70,23.80,25.90,23.20,20.00,24.60,20.40,20.40,22.00,23.10,24.80,23.00,20.30,24.80,22.30,22.40,25.70,25.40,21.20,25.60,20.60
TLM_RCV,-69,FG-ALPHA,20240415_084118,AUTO,0,32.40,5.00,-85,100.00,8.33,3.28,5.02,1045,480,0,330,22.83,1012.90,12.10,406.30,12.88,49.60,1080,1,20240415_084118,GSN-01,-84,25.40,82.00,41,0,0,7.80,84,10.06,24.60,24.40,23.90,23.80,25.30,23.30,21.50,22.50,24.80,23.90,25.30,23.80,25.60,24.10,25.40,25.40,24.70,25.80,20.80,23.10,21.70,23.90,23.30,22.30,25.20,21.90,25.60,22.10,20.40,22.40,23.90,20.30,25.40,25.00,22.10,22.40,24.70,20.10,24.20,20.20,21.10,21.10,20.40,24.00,21.90,20.90,25.90,21.10,22.00,23.70,24.90,21.30,25.50,21.20,20.20,25.10,23.70,24.70,23.10,23.90,24.40,22.70,20.00,23.90
TLM_RCV,-69,FG-ALPHA,20240415_084119,AUTO,0,32.25,5.00,-85,100.00,8.33,3.28,5.02,887,450,0,307,22.18,1013.40,11.80,405.20,12.88,49.60,1080,1,20240415_084119,GSN-01,-71,23.60,73.40,47,0,0,7.81,84,10.06,21.20,22.20,25.40,20.70,25.70,22.90,25.50,22.20,21.50,23.30,25.80,24.70,25.80,21.40,21.60,20.50,22.80,23.70,20.40,25.60,20.10,24.10,21.70,21.70,23.40,23.10,24.30,20.80,23.30,25.50,25.90,22.50,25.90,22.20,21.90,24.30,22.30,25.70,22.70,22.60,25.60,21.40,22.90,25.30,20.00,25.90,25.90,24.60,24.00,25.70,23.90,22.70,21.50,22.40,23.40,20.10,24.60,25.80,23.60,24.90,25.40,20.90,21.60,22.60
TLM_RCV,-76,FG-ALPHA,20240415_084120,AUTO,0,31.26,5.00,-85,100.00,8.33,3.28,5.02,811,453,0,302,21.79,1013.10,11.80,405.10,12.88,49.60,1080,1,20240415_084120,GSN-01,-72,23.80,77.50,48,0,0,7.80,84,10.07,21.90,23.90,22.90,25.10,24.80,22.20,24.10,21.30,23.70,20.40,21.60,22.50,24.90,22.70,22.10,22.70,20.90,21.50,21.60,24.10,25.70,21.80,22.90,25.50,23.80,24.90,20.90,21.70,25.80,20.20,24.00,22.50,22.00,23.70,23.90,23.50,21.30,20.20,21.20,23.00,21.20,25.10,22.40,25.80,24.10,25.60,20.60,20.10,20.00,21.20,25.10,20.00,20.80,25.20,24.90,25.90,23.90,24.90,23.20,23.80,22.40,20.20,22.30,24.00
TLM_RCV,-52,FG-ALPHA,20240415_084121,AUTO,0,31.08,5.00,-85,100.00,8.34,3.30,5.02,1081,417,0,265,23.32,1012.80,11.80,406.10,12.88,49.60,1080,1,20240415_084121,GSN-01,-89,25.00,82.30,40,0,0,7.80,85,10.07,21.80,20.50,22.30,20.40,22.40,20.50,23.00,24.60,21.40,24.70,20.70,21.00,21.10,20.50,22.50,25.50,23.50,24.20,20.20,21.20,21.70,21.10,23.40,23.40,24.70,22.50,20.60,25.10,23.70,21.80,25.60,24.20,23.40,21.90,23.70,20.40,20.60,21.10,22.70,23.50,21.50,23.60,22.80,24.20,25.60,23.90,22.10,23.50,22.80,24.80,20.20,25.10,21.20,22.30,25.90,21.00,22.40,24.70,25.30,20.90,23.70,21.90,24.80,24.70
TLM_RCV,-84,FG-ALPHA,20240415_084122,AUTO,0,33.08,5.00,-85,100.00,8.34,3.29,5.02,984,417,0,274,22.83,1012.90,12.00,406.20,12.88,49.60,1080,1,20240415_084122,GSN-01,-92,23.40,73.90,49,0,0,7.79,85,10.08,20.40,23.80,21.80,22.00,21.60,20.30,24.20,23.30,20.90,25.20,23.50,22.60,21.20,22.20,20.40,23.50,23.80,20.70,25.30,22.50,25.10,24.20,20.30,24.10,25.90,22.10,21.10,21.60,21.90,20.80,22.60,23.70,24.10,20.70,20.50,21.20,21.20,25.30,21.30,23.00,23.60,25.20,22.00,21.90,20.10,25.20,21.40,20.50,22.30,20.60,23.90,20.50,23.40,24.20,20.40,22.10,22.80,21.20,25.80,23.10,25.90,24.10,21.60,23.10
TLM_RCV,-47,FG-ALPHA,20240415_084123,AUTO,0,31.39,5.00,-85,100.00,8.33,3.29,5.02,982,477,0,333,22.52,1013.30,12.00,406.20,12.88,49.60,1080,1,20240415_084123,GSN-01,-88,23.70,82.10,40,0,0,7.81,84,10.08,25.40,22.50,20.20,21.50,22.40,22.20,23.00,20.40,20.60,24.00,22.10,25.80,22.90,25.00,25.10,24.30,25.60,23.50,23.20,23.90,21.90,25.70,23.60,25.40,22.40,25.70,24.80,20.40,25.10,21.60,23.30,23.80,24.40,20.40,23.40,20.10,22.00,22.30,22.30,24.00,25.80,24.50,23.60,24.50,20.40,25.00,22.40,20.20,22.90,20.00,21.50,25.90,24.40,25.60,20.70,23.70,24.40,21.30,23.00,24.30,24.40,25.80,25.10,21.70
TLM_RCV,-43,FG-ALPHA,20240415_084124,AUTO,0,32.26,5.00,-85,99.95,8.33,3.30,5.02,0,452,0,297,22.26,1013.30,12.00,406.00,12.88,49.60,1080,1,20240415_084124,GSN-01,-71,24.50,74.50,49,0,0,7.79,84,10.09,20.80,22.50,23.80,20.60,24.90,22.10,24.40,20.00,20.90,23.00,23.60,22.40,24.10,25.70,24.00,25.80,21.00,24.90,21.30,23.60,22.20,21.20,23.50,23.70,22.20,22.60,23.70,24.30,25.90,25.20,20.70,23.20,21.20,20.70,25.70,21.60,21.50,20.30,23.30,20.60,25.60,20.10,21.40,22.00,20.50,22.70,23.40,21.10,25.70,24.60,25.90,25.30,25.10,24.30,23.10,23.00,22.70,23.80,21.80,23.10,22.20,20.20,20.10,21.50
TLM_RCV,-76,FG-ALPHA,20240415_084125,AUTO,0,31.42,5.00,-85,100.00,8.33,3.29,5.02,1082,484,0,331,22.99,1013.50,12.10,405.90,12.89,49.60,1080,1,20240415_084125,GSN-01,-79,25.50,76.90,43,0,0,7.79,84,10.09,20.90,21.30,24.60,20.10,22.50,22.10,25.10,21.60,24.70,23.20,25.00,20.60,23.80,21.40,24.90,21.50,24.00,25.90,25.00,21.00,22.40,23.90,23.10,23.30,22.80,25.70,25.00,24.50,22.60,22.80,22.10,20.70,23.70,23.20,24.40,21.20,22.10,24.70,23.20,21.20,24.50,20.80,20.90,25.40,21.40,25.20,24.30,22.60,23.10,20.40,23.80,25.80,24.30,22.60,23.30,25.20,22.50,22.70,23.70,22.50,21.10,23.70,21.00,21.90
TLM_RCV,-47,FG-ALPHA,20240415_084126,AUTO,0,31.99,5.00,-85,100.00,8.34,3.30,5.02,1085,397,0,253,23.44,1012.70,12.00,405.50,12.89,49.60,1080,1,20240415_084126,GSN-01,-83,25.70,78.10,42,0,0,7.82,84,10.10,22.70,21.60,24.80,20.90,25.80,24.00,21.30,20.60,22.40,23.20,21.00,23.00,23.20,22.50,21.30,20.50,21.60,25.20,24.10,20.20,21.70,23.30,23.50,25.60,23.40,25.50,21.50,25.30,21.20,20.90,23.90,21.60,20.70,21.40,22.00,23.70,21.10,21.80,25.90,24.70,22.80,20.40,25.90,25.40,23.30,25.10,21.00,24.90,25.80,23.00,23.20,25.70,24.30,25.90,23.70,24.60,24.30,21.90,24.80,25.20,25.10,23.80,24.70,21.90
TLM_RCV,-62,FG-ALPHA,20240415_084127,AUTO,0,33.04,5.00,-85,100.00,8.34,3.28,5.02,887,409,0,268,22.39,1013.10,12.00,405.30,12.89,49.60,1080,1,20240415_084127,GSN-01,-89,25.20,77.20,44,0,0,7.82,85,10.10,21.20,20.80,24.40,21.60,24.90,24.70,23.10,23.90,23.60,21.90,22.60,23.90,25.50,22.10,21.90,25.70,20.90,22.40,21.70,24.10,23.60,24.80,21.70,21.30,25.30,21.60,23.10,25.70,24.90,21.90,24.10,20.80,20.60,21.20,23.50,23.70,23.70,21.00,22.90,23.70,23.70,22.60,20.50,20.10,23.70,22.30,24.40,23.10,25.40,25.20,22.50,25.70,21.40,22.40,22.40,21.80,23.80,25.40,24.00,25.80,21.70,22.00,23.50,24.40
TLM_RCV,-74,FG-ALPHA,20240415_084128,AUTO,0,32.10,5.00,-85,100.00,8.34,3.30,5.02,1146,419,0,272,23.64,1013.30,11.80,406.00,12.89,49.60,1080,1,20240415_084128,GSN-01,-91,24.60,80.60,45,0,0,7.79,84,10.11,23.40,23.30,25.90,25.30,23.90,22.80,24.90,21.40,24.80,23.20,21.00,21.30,24.00,25.90,20.00,20.00,24.90,21.90,20.00,25.70,20.00,24.20,24.10,25.30,20.40,20.40,24.70,20.60,23.60,24.90,25.00,24.80,23.70,25.60,25.40,23.70,20.90,25.90,25.20,22.00,25.50,24.20,24.90,24.50,20.00,23.50,25.60,23.80,25.30,23.10,22.30,20.10,22.50,24.30,24.70,23.70,25.80,23.90,20.10,21.70,23.10,21.90,20.70,20.40
TLM_RCV,-48,FG-ALPHA,20240415_084129,AUTO,0,33.46,5.00,-85,100.00,8.33,3.28,5.02,984,492,0,337,22.46,1013.60,11.90,405.60,12.89,49.60,1080,1,20240415_084129,GSN-01,-84,23.70,77.80,48,0,0,7.79,84,10.11,23.30,25.50,20.90,24.00,24.70,20.20,20.80,20.80,25.00,23.10,24.40,20.60,20.90,25.70,25.40,23.20,21.10,21.90,24.10,24.90,24.70,21.40,24.80,21.40,22.00,20.70,25.80,23.90,25.30,23.40,21.80,21.00,25.30,25.30,23.60,20.60,23.20,22.40,25.20,22.40,21.00,21.40,25.90,20.70,23.50,21.50,22.00,20.40,20.80,24.60,22.40,25.70,24.40,20.20,20.90,25.20,20.60,20.20,20.10,25.20,24.40,23.80,22.90,24.30
TLM_RCV,-67,FG-ALPHA,20240415_084130,AUTO,0,32.19,5.00,-85,100.00,8.33,3.31,5.02,1126,439,0,293,23.43,1013.40,11.80,405.60,12.89,49.60,1080,1,20240415_084130,GSN-01,-95,24.70,73.20,42,0,0,7.78,85,10.12,22.40,23.40,22.30,20.10,24.40,22.30,23.10,25.60,24.90,24.90,23.60,21.80,25.20,21.30,25.30,21.50,24.70,21.80,22.50,24.90,24.10,22.90,21.80,23.00,24.70,25.00,22.40,72.30,22.60,23.80,22.20,24.20,23.20,20.00,22.60,22.80,25.00,22.50,22.00,24.10,23.80,25.10,22.70,23.50,22.40,22.30,22.70,21.30,22.90,25.30,21.00,25.00,21.40,25.20,25.70,23.70,24.50,21.60,21.10,25.80,22.70,21.80,22.40,21.80
TLM_RCV,-43,FG-ALPHA,20240415_084131,AUTO,0,31.47,5.00,-85,100.00,8.33,3.31,5.02,1122,494,0,344,23.14,1012.90,11.80,405.70,12.89,49.60,1080,1,20240415_084131,GSN-01,-72,24.30,78.30,43,0,0,7.81,85,10.12,24.40,23.90,23.80,20.80,21.50,25.40,25.30,25.40,22.50,25.20,21.00,20.80,20.10,21.70,24.40,20.30,23.20,21.20,20.90,25.60,25.80,25.70,24.20,23.30,25.10,21.00,23.50,23.40,20.40,23.00,24.30,20.30,24.30,25.50,22.50,24.30,24.70,20.10,20.50,22.10,23.20,22.80,22.10,25.80,20.80,22.10,23.80,21.00,22.60,24.30,24.10,20.40,22.80,25.70,22.60,24.90,22.30,23.10,22.90,24.20,20.60,22.90,20.60,21.60
TLM_RCV,-74,FG-ALPHA,20240415_084132,AUTO,0,31.33,5.00,-85,99.95,8.33,3.28,5.02,0,467,0,324,22.33,1012.80,11.90,404.50,12.89,49.60,1080,1,20240415_084132,GSN-01,-93,25.80,74.40,47,0,0,7.81,84,10.13,24.00,23.60,22.20,21.90,22.30,20.60,23.70,24.80,24.00,23.90,22.70,25.00,25.70,25.50,21.30,20.10,24.70,24.50,24.50,20.90,23.40,22.20,20.90,20.30,22.20,24.20,24.10,21.40,20.00,21.10,20.90,21.00,21.60,22.30,22.70,21.40,21.50,22.50,20.00,23.20,23.60,23.10,22.10,21.20,25.20,20.50,22.60,21.60,22.80,22.30,20.30,22.80,20.70,23.90,20.80,21.50,20.80,20.40,24.50,20.30,24.90,24.00,21.00,24.60
TLM_RCV,-65,FG-ALPHA,20240415_084133,AUTO,0,31.42,5.00,-85,100.00,8.33,3.28,5.02,1132,484,0,333,23.24,1013.60,12.10,406.40,12.89,49.60,1080,1,20240415_084133,GSN-01,-91,23.70,77.30,44,0,0,7.80,85,10.13,25.50,25.50,24.50,21.40,24.40,23.20,25.60,23.40,24.70,23.20,22.50,25.50,24.20,20.40,24.40,24.50,21.10,25.90,22.50,23.90,20.80,24.40,22.60,25.30,22.40,25.70,21.70,22.90,20.00,23.20,23.50,22.10,21.00,23.70,24.70,25.30,20.70,25.80,24.30,22.90,20.90,23.30,20.80,20.80,25.50,23.90,20.10,22.40,25.60,22.10,25.40,25.50,22.80,20.60,24.70,22.90,21.20,20.60,22.60,23.40,22.40,22.50,24.60,23.20
TLM_RCV,-56,FG-ALPHA,20240415_084134,AUTO,0,31.18,5.00,-85,100.00,8.33,3.30,5.02,1135,437,0,295,23.49,1013.60,11.90,405.10,12.89,49.60,1080,1,20240415_084134,GSN-01,-85,24.10,76.80,48,0,0,7.81,84,10.14,24.30,21.20,21.60,22.00,23.00,20.30,21.10,25.40,21.90,22.40,24.90,24.70,25.10,23.30,22.60,22.30,25.60,25.30,21.80,25.10,24.30,24.50,21.30,23.00,23.20,20.30,23.70,21.50,24.40,23.30,25.30,23.70,21.40,24.20,24.90,23.40,22.40,25.20,25.50,21.70,20.90,22.80,23.40,23.10,25.30,23.00,25.40,25.00,23.10,21.40,24.80,20.10,22.60,23.10,25.20,22.10,22.20,20.10,24.40,22.70,21.30,25.90,21.00,25.50
TLM_RCV,-56,FG-ALPHA,20240415_084135,AUTO,0,33.30,5.00,-85,100.00,8.33,3.29,5.02,860,460,0,302,22.00,1013.50,12.10,405.50,12.90,49.60,1080,1,20240415_084135,GSN-01,-83,23.60,76.80,44,0,0,7.78,85,10.14,25.40,21.00,20.80,22.00,23.70,23.40,20.20,22.40,25.40,22.50,20.80,25.20,22.50,21.10,20.30,22.60,21.50,24.30,21.30,23.90,23.40,22.00,24.00,25.80,23.00,23.30,22.90,25.60,25.80,23.70,21.00,21.90,21.50,21.10,22.90,22.90,25.90,20.00,20.50,23.60,23.30,20.00,25.70,21.90,22.50,23.20,23.80,23.90,22.10,24.50,25.80,20.20,24.20,23.40,23.60,21.20,20.60,25.40,24.80,20.70,21.60,23.10,22.40,23.00
TLM_RCV,-54,FG-ALPHA,20240415_084157,AUTO,0,31.24,7.50,-85,99.91,8.33,3.29,5.02,0,447,0,302,22.24,1012.90,12.00,405.50,12.92,50.35,1080,1,20240415_084157,GSN-01,-78,23.30,79.40,44,0,0,7.80,85,10.15,25.30,24.70,22.00,23.60,25.40,20.80,20.80,20.00,22.60,24.30,23.30,25.90,24.30,21.50,20.80,20.90,22.30,23.00,23.90,22.90,25.30,25.50,21.20,25.50,24.70,21.20,22.70,24.80,24.50,23.80,84.80,20.00,21.00,20.40,23.20,21.40,24.20,22.00,21.20,24.70,20.50,24.50,23.00,20.10,22.80,20.10,24.00,23.10,24.50,22.40,22.60,21.40,22.00,23.60,25.80,21.50,22.20,24.20,25.60,25.50,23.90,25.20,20.80,24.50
TLM_RCV,-79,FG-ALPHA,20240415_084158,AUTO,0,31.17,5.50,-85,99.96,8.33,3.28,5.02,882,434,0,277,22.24,1013.10,11.90,406.10,12.92,50.35,1080,1,20240415_084158,GSN-01,-89,23.50,74.20,40,0,0,7.82,84,10.15,24.80,25.70,20.90,22.80,22.10,25.90,20.90,20.80,22.50,24.50,23.00,20.70,25.90,21.70,20.80,22.20,25.50,21.50,21.30,21.10,20.20,21.20,22.00,25.90,23.00,23.50,25.30,20.20,22.00,21.70,21.00,24.60,25.50,20.90,21.80,25.30,24.40,21.90,23.10,20.50,25.00,22.10,25.60,22.50,21.40,21.10,21.90,25.20,20.50,21.10,25.60,22.00,24.30,22.50,22.20,23.90,22.90,24.50,20.60,24.10,24.20,21.70,22.30,20.20
TLM_RCV,-44,FG-ALPHA,20240415_084159,AUTO,0,32.17,5.00,-85,100.00,8.34,3.30,5.02,1127,433,0,277,23.47,1012.80,12.00,405.70,12.92,50.35,1080,1,20240415_084159,GSN-01,-84,25.50,74.20,42,0,0,7.80,84,10.16,21.10,20.20,20.30,20.40,23.90,21.40,20.20,23.70,21.60,22.80,20.10,21.00,20.90,22.10,24.00,23.10,20.20,21.50,22.80,22.70,24.40,22.30,20.50,22.60,24.90,21.80,21.90,22.40,25.70,21.40,24.20,24.00,21.50,21.70,25.50,22.70,24.00,23.40,23.30,24.40,22.60,23.40,23.20,23.40,22.90,22.60,22.60,23.10,24.20,22.60,25.10,23.30,20.50,20.20,20.50,21.30,21.80,25.90,21.60,23.70,21.20,24.10,24.20,24.50
TLM_RCV,-58,FG-ALPHA,20240415_084200,AUTO,0,31.03,5.00,-85,100.00,8.34,3.28,5.02,838,406,0,256,22.16,1012.80,11.80,405.00,12.92,50.35,1080,1,20240415_084200,GSN-01,-85,25.40,75.00,46,0,0,7.82,84,10.16,21.70,25.50,25.80,23.10,23.00,21.80,20.40,21.30,23.40,23.40,23.80,25.40,24.10,23.40,22.30,21.60,22.60,22.80,24.80,21.30,21.40,21.50,24.70,22.00,22.10,20.10,24.90,22.90,20.80,22.30,21.50,22.10,22.70,25.00,22.10,20.60,20.60,22.20,25.30,22.40,21.50,20.90,22.60,25.50,24.40,22.20,24.60,20.70,22.00,20.10,25.30,20.20,25.10,20.40,24.10,24.50,24.90,20.70,22.80,24.00,21.00,24.60,25.50,23.20
TLM_RCV,-58,FG-ALPHA,20240415_084201,AUTO,0,32.28,5.00,-85,100.00,8.33,3.28,5.02,879,457,0,298,22.11,1013.00,12.00,404.60,12.92,50.35,1080,1,20240415_084201,GSN-01,-71,23.00,82.50,41,0,0,7.79,84,10.17,25.20,22.60,24.50,20.70,21.50,22.40,23.20,20.80,22.10,20.60,21.90,23.20,25.10,23.40,24.90,21.20,25.80,20.70,24.50,20.90,20.70,25.60,23.10,25.20,21.70,21.10,20.60,22.20,21.00,25.20,20.80,22.70,25.50,24.90,21.50,23.00,21.60,24.40,20.60,25.20,22.70,22.50,25.50,20.70,20.20,22.30,22.80,21.20,23.40,24.60,20.40,25.30,21.10,20.40,20.90,25.80,24.70,20.80,24.30,25.70,25.30,20.10,25.70,20.90
TLM_RCV,-47,FG-ALPHA,20240415_084202,AUTO,0,32.03,5.00,-85,99.96,8.34,3.28,5.02,0,406,0,266,22.03,1012.70,12.10,404.60,12.92,50.35,1080,1,20240415_084202,GSN-01,-85,23.50,77.60,45,0,0,7.78,84,10.17,25.40,20.70,23.30,20.10,21.20,23.90,22.40,21.10,21.50,22.60,21.30,25.30,22.60,20.10,20.40,20.60,23.80,20.20,23.30,24.50,21.20,22.00,25.20,21.70,25.50,21.10,20.40,23.80,78.80,23.30,25.50,24.40,22.40,23.90,20.80,25.10,24.00,25.80,21.50,21.60,22.70,25.70,21.70,24.60,22.80,23.40,20.60,22.80,21.30,22.50,22.00,21.20,24.40,25.00,25.30,20.30,24.30,21.40,22.30,25.40,22.90,20.60,25.40,24.10
TLM_RCV,-74,FG-ALPHA,20240415_084203,AUTO,0,32.19,5.00,-85,99.92,8.33,3.31,5.02,0,437,0,278,22.18,1013.00,12.10,405.50,12.92,50.35,1080,1,20240415_084203,GSN-01,-76,24.30,80.80,41,0,0,7.78,84,10.18,21.50,23.20,21.20,20.20,25.80,21.20,20.50,24.50,21.60,25.80,23.60,22.10,23.20,20.40,24.30,25.50,25.80,25.80,21.50,23.90,22.70,20.10,25.20,23.40,20.10,24.80,20.50,23.50,21.50,24.30,23.70,25.90,25.90,21.50,25.10,20.60,23.50,25.70,25.00,24.00,21.20,25.00,24.10,22.00,20.50,20.70,25.00,23.70,22.90,21.50,21.40,22.40,25.30,23.90,25.20,22.10,20.50,21.00,23.00,23.10,20.90,24.10,24.90,25.30
TLM_RCV,-61,FG-ALPHA,20240415_084204,AUTO,0,32.44,5.00,-85,99.98,8.33,3.29,5.02,1138,488,0,329,23.25,1012.70,11.80,404.70,12.92,50.35,1080,1,20240415_084204,GSN-01,-90,25.50,78.50,48,0,0,7.78,84,10.18,25.80,21.70,24.80,21.10,20.10,23.80,21.70,24.90,22.90,25.00,20.00,25.80,23.40,25.50,25.70,22.40,23.90,21.60,21.90,23.80,21.00,21.40,24.50,21.70,23.70,22.20,22.60,20.10,24.00,20.30,22.20,20.40,21.50,25.80,22.00,21.70,20.20,21.80,25.70,21.20,21.20,21.10,21.40,24.00,24.60,23.40,23.70,24.10,22.40,20.90,21.50,20.10,25.80,21.50,25.80,20.50,21.90,22.40,25.10,21.80,21.20,20.70,23.80,24.90
TLM_RCV,-45,FG-ALPHA,20240415_084205,AUTO,0,33.51,5.00,-85,99.93,8.32,3.30,5.02,0,501,0,348,22.50,1012.90,12.00,406.10,12.93,50.35,1080,1,20240415_084205,GSN-01,-71,24.50,77.20,49,0,0,7.82,84,10.19,20.10,25.00,23.70,20.10,25.00,24.60,24.30,20.50,22.40,22.30,21.20,24.00,24.50,25.40,24.10,23.50,23.10,24.20,22.90,20.20,20.20,25.80,25.60,24.00,20.80,20.50,25.50,25.60,25.10,21.10,20.90,22.00,22.50,20.60,20.80,24.50,25.00,24.10,23.70,21.00,21.80,21.30,20.80,24.90,21.80,22.10,22.40,21.60,21.10,20.00,24.00,23.40,24.80,21.70,25.20,24.90,20.90,21.20,24.30,22.80,20.70,22.20,20.60,24.00
TLM_RCV,-47,FG-ALPHA,20240415_084206,AUTO,0,33.16,5.00,-85,99.98,8.33,3.29,5.02,882,432,0,285,22.25,1013.40,11.90,405.20,12.93,50.35,1080,1,20240415_084206,GSN-01,-72,23.30,82.40,40,0,0,7.78,85,10.19,25.70,25.20,23.40,20.70,21.90,24.00,23.90,24.80,22.60,24.50,25.80,23.70,22.50,20.90,22.20,25.60,23.90,21.00,20.90,21.10,23.20,22.60,25.90,24.60,25.70,23.50,25.30,25.90,21.90,21.50,20.10,22.10,23.40,22.20,20.20,21.10,24.00,21.60,25.10,21.30,22.90,24.40,22.30,22.40,24.50,21.00,24.60,25.90,25.10,21.10,22.90,20.70,21.60,21.60,21.20,24.20,20.40,20.20,22.20,23.60,25.30,23.40,21.80,25.10
TLM_RCV,-42,FG-ALPHA,20240415_084207,AUTO,0,33.06,5.00,-85,100.00,8.34,3.28,5.02,1110,411,0,257,23.50,1012.70,11.80,405.60,12.93,50.35,1080,1,20240415_084207,GSN-01,-72,23.40,75.50,49,0,0,7.78,85,10.20,25.40,20.50,22.30,23.70,21.00,23.90,24.80,24.60,25.80,22.80,21.30,25.80,24.40,20.20,25.50,25.20,25.60,21.50,25.60,20.40,25.20,24.10,24.80,25.10,22.60,20.30,20.30,20.70,25.10,22.00,24.50,22.30,22.80,21.50,23.00,22.70,22.10,21.80,25.20,24.50,23.00,24.90,24.80,25.00,22.30,22.60,25.60,22.30,23.40,20.60,20.50,23.20,21.50,22.20,20.50,25.90,24.10,25.50,25.40,21.00,23.00,23.20,25.20,20.80
TLM_RCV,-81,FG-ALPHA,20240415_084208,AUTO,0,33.36,5.00,-85,100.00,8.33,3.29,5.02,904,472,0,325,22.16,1013.40,11.80,406.30,12.93,50.35,1080,1,20240415_084208,GSN-01,-72,25.90,76.50,45,0,0,7.78,84,10.20,23.20,25.70,25.70,25.30,25.60,25.40,24.70,21.20,21.00,20.20,25.50,25.50,25.20,20.40,22.20,23.90,25.50,22.30,20.10,23.50,24.60,23.30,25.10,25.70,22.30,21.50,25.40,20.20,24.30,22.50,22.00,20.50,20.20,24.10,20.00,23.80,23.10,22.80,20.60,23.40,24.90,21.80,23.90,22.10,25.20,24.10,24.20,25.80,24.20,24.00,25.00,20.00,22.30,21.60,25.80,25.50,20.40,24.90,23.10,23.40,20.40,21.30,21.00,22.90
TLM_RCV,-56,FG-ALPHA,20240415_084209,AUTO,0,33.21,5.00,-85,100.00,8.33,3.31,5.02,837,441,0,293,21.98,1013.20,12.10,404.60,12.93,50.35,1080,1,20240415_084209,GSN-01,-75,23.60,75.90,42,0,0,7.81,84,10.21,22.50,21.20,23.40,20.20,23.80,22.50,22.10,20.70,21.10,25.70,25.10,24.10,23.30,20.30,21.50,25.40,25.70,21.90,21.20,24.60,21.60,23.10,23.00,25.80,24.70,24.10,23.10,20.40,24.00,21.60,22.20,20.80,22.30,21.10,25.30,23.30,22.40,22.20,23.10,21.90,23.90,21.90,21.00,24.80,24.70,21.80,22.60,21.60,21.30,23.10,20.50,20.00,23.00,20.80,24.20,25.70,21.30,23.00,22.40,25.70,20.80,20.50,22.00,24.40
TLM_RCV,-77,FG-ALPHA,20240415_084210,AUTO,0,33.15,5.00,-85,100.00,8.34,3.30,5.02,923,430,0,278,22.47,1013.30,12.10,404.80,12.93,50.35,1080,1,20240415_084210,GSN-01,-83,23.00,79.10,49,0,0,7.78,84,10.21,20.80,20.90,20.40,24.40,21.30,25.80,25.40,20.60,22.40,22.80,21.60,21.70,20.60,22.80,24.10,20.10,21.90,22.50,22.90,22.10,25.10,22.00,25.90,25.70,22.60,20.40,20.70,25.10,25.90,21.20,20.10,21.10,21.70,25.50,22.40,20.70,24.50,25.90,21.00,21.40,23.50,23.60,24.10,22.30,22.40,21.20,20.00,21.90,25.50,20.70,24.30,25.20,20.30,20.80,23.20,20.60,24.90,24.40,23.10,23.00,25.00,20.60,23.90,22.60
TLM_RCV,-91,FG-ALPHA,20240415_084211,AUTO,0,33.18,5.00,-85,99.96,8.33,3.30,5.02,0,436,0,295,22.18,1012.90,12.00,405.30,12.93,50.35,1080,1,20240415_084211,GSN-01,-73,25.30,75.70,42,0,0,7.82,84,10.22,25.60,22.00,21.70,22.20,24.90,20.20,23.90,24.30,23.40,25.30,22.30,23.10,23.30,23.80,22.70,20.20,24.30,25.60,22.60,22.10,21.90,20.80,25.50,21.90,21.30,23.00,25.50,20.70,25.00,20.00,23.00,20.10,25.90,22.20,23.40,21.10,22.10,21.70,24.20,21.50,25.90,20.20,24.40,24.30,24.10,22.90,25.00,24.50,25.50,22.20,21.20,20.90,20.50,22.70,24.60,25.50,23.40,23.60,20.00,22.40,24.90,21.70,24.60,22.90
TLM_RCV,-80,FG-ALPHA,20240415_084212,AUTO,0,33.00,5.00,-85,100.00,8.34,3.31,5.02,1004,400,0,256,23.02,1013.30,12.00,404.50,12.93,50.35,1080,1,20240415_084212,GSN-01,-75,23.20,82.40,40,0,0,7.78,84,10.22,25.80,21.50,23.10,22.70,22.40,25.90,25.00,22.70,21.80,20.60,24.40,25.70,21.90,24.00,21.00,24.90,25.20,22.50,21.10,23.60,22.20,23.70,24.10,25.50,24.80,23.40,23.30,25.50,24.80,22.20,25.00,24.40,23.50,23.10,23.90,21.60,25.80,25.50,24.90,22.90,23.90,20.10,20.40,23.40,24.90,21.90,20.30,24.40,20.80,25.20,22.40,21.30,23.80,21.00,23.40,21.60,22.50,21.30,24.30,25.00,21.90,22.00,21.30,22.30
TLM_RCV,-48,FG-ALPHA,20240415_084213,AUTO,0,31.16,5.00,-85,100.00,8.34,3.29,5.02,821,432,0,285,21.94,1013.30,11.80,405.70,12.93,50.35,1080,1,20240415_084213,GSN-01,-77,25.90,81.00,45,0,0,7.80,85,10.23,22.70,24.90,22.80,23.50,24.80,23.60,23.90,20.40,23.00,22.10,23.10,21.40,25.70,23.30,22.30,21.70,23.30,23.30,20.00,21.80,24.50,22.60,23.20,23.90,22.50,21.00,25.10,22.90,24.50,21.60,22.50,21.30,25.30,21.00,23.50,25.60,25.80,24.30,23.10,20.80,25.90,24.20,25.60,20.40,25.40,22.40,21.60,20.70,22.70,23.20,23.80,21.50,24.40,20.40,23.30,20.20,24.00,25.60,24.90,22.50,23.50,22.20,25.90,24.20
TLM_RCV,-54,FG-ALPHA,20240415_084214,AUTO,0,32.37,5.00,-85,100.00,8.33,3.31,5.02,1118,474,0,329,23.22,1013.60,11.80,404.90,12.93,50.35,1080,1,20240415_084214,GSN-01,-83,24.10,82.80,45,0,0,7.82,85,10.23,23.30,22.20,20.10,20.50,23.80,21.40,23.80,24.70,25.10,23.00,22.90,21.20,23.90,23.70,22.30,24.00,20.70,23.30,20.50,24.60,21.40,23.50,21.30,24.80,20.30,20.60,23.70,20.90,25.20,20.40,21.60,25.40,25.30,22.40,25.00,22.20,20.30,24.70,20.40,23.30,22.30,23.10,21.90,24.50,22.60,21.40,25.90,21.80,25.40,20.50,25.60,20.60,20.50,24.20,25.50,23.00,23.50,22.90,21.40,25.10,25.00,24.00,24.70,20.40
TLM_RCV,-86,FG-ALPHA,20240415_084215,AUTO,0,32.28,5.00,-85,99.95,8.33,3.29,5.02,0,456,0,302,22.28,1012.90,12.00,405.60,12.94,50.35,1080,1,20240415_084215,GSN-01,-84,23.00,75.70,47,0,0,7.81,85,10.24,25.90,25.80,22.50,22.40,20.50,23.80,20.50,22.50,24.70,23.30,21.90,25.00,20.20,23.90,21.70,24.70,22.00,24.40,21.60,24.30,22.90,24.50,21.30,22.60,24.50,22.60,24.20,22.10,23.20,21.60,22.30,21.10,24.30,22.70,20.10,25.00,23.60,25.50,25.40,24.10,25.90,22.50,21.10,21.70,23.60,25.10,24.80,20.70,24.50,20.30,21.70,24.40,23.70,25.00,22.50,25.60,22.30,25.40,20.00,21.30,23.50,25.40,22.70,25.60
TLM_RCV,-89,FG-ALPHA,20240415_084216,AUTO,0,31.09,5.00,-85,100.00,8.34,3.29,5.02,1092,419,0,269,23.36,1012.90,12.10,406.20,12.94,50.35,1080,1,20240415_084216,GSN-01,-81,24.30,82.00,48,0,1,7.82,85,10.24,24.50,23.90,24.50,21.50,24.00,20.70,25.40,23.10,21.50,23.50,22.40,21.20,20.40,24.40,25.70,20.50,22.70,23.60,22.60,23.70,23.20,25.80,23.40,23.10,21.30,21.90,24.80,20.10,23.80,21.20,23.20,22.40,25.40,25.10,21.70,22.80,23.20,21.60,21.00,20.00,23.50,80.10,23.70,23.10,21.50,22.80,23.70,22.70,22.30,20.60,21.40,23.40,25.40,20.60,25.40,24.60,22.90,20.90,22.50,24.30,20.60,23.80,22.80,22.90
TLM_RCV,-58,FG-ALPHA,20240415_084217,AUTO,0,33.42,5.00,-85,100.00,8.33,3.30,5.02,1028,484,0,341,22.72,1013.60,11.80,404.70,12.94,50.35,1080,1,20240415_084217,GSN-01,-79,25.80,79.50,45,0,0,7.82,85,10.25,23.40,23.20,21.10,20.70,24.90,20.70,24.40,20.70,22.00,23.70,22.30,23.80,24.70,23.10,25.60,21.30,21.80,23.00,23.20,24.90,22.70,20.00,20.00,22.00,22.80,21.40,21.80,23.40,23.90,23.30,25.70,24.10,24.40,22.40,20.50,22.70,21.20,23.00,24.40,23.70,23.40,20.00,20.00,22.10,21.70,25.60,20.90,24.30,25.80,24.20,23.30,24.60,25.30,21.70,24.40,24.40,20.20,20.50,21.60,21.90,25.60,24.70,23.10,24.20
TLM_RCV,-87,FG-ALPHA,20240415_084218,AUTO,0,33.37,5.00,-85,100.00,8.33,3.30,5.02,943,473,0,325,22.35,1013.30,12.10,406.00,12.94,50.35,1080,1,20240415_084218,GSN-01,-72,24.80,74.00,45,0,0,7.80,85,10.25,23.10,25.40,21.30,25.80,23.50,23.50,21.60,22.30,25.30,23.90,21.40,23.70,24.20,22.50,20.90,23.60,23.30,21.70,22.10,25.60,20.30,24.80,21.20,22.70,23.90,20.20,23.80,22.70,24.00,20.70,23.70,25.20,24.20,20.80,24.20,25.10,23.40,21.60,23.70,25.20,20.10,21.60,25.30,20.10,22.00,24.30,20.90,23.60,23.00,25.70,23.70,25.20,20.10,21.80,20.20,24.70,23.40,24.90,22.70,21.90,25.20,24.20,22.00,23.70
TLM_RCV,-54,FG-ALPHA,20240415_084219,AUTO,0,33.31,5.00,-85,100.00,8.33,3.29,5.02,920,462,0,311,22.29,1013.20,12.00,405.10,12.94,50.35,1080,1,20240415_084219,GSN-01,-83,23.30,80.20,49,0,0,7.82,84,10.26,21.80,22.30,22.40,24.70,24.10,24.30,23.10,24.90,21.50,25.30,21.60,23.40,25.60,20.60,25.90,24.10,23.80,23.00,23.90,22.30,23.70,23.50,24.60,25.80,23.50,22.80,24.20,24.30,24.10,22.70,24.50,20.20,21.50,20.10,21.10,20.40,21.70,20.60,22.60,20.80,20.40,21.10,25.00,23.80,20.80,23.50,23.30,20.90,25.20,24.90,20.60,20.90,20.80,24.00,25.00,20.30,23.90,23.40,21.10,21.20,21.40,24.30,20.60,22.60
TLM_RCV,-57,FG-ALPHA,20240415_084220,AUTO,0,33.06,5.00,-85,100.00,8.34,3.30,5.02,841,413,0,264,22.14,1013.50,12.10,406.10,12.94,50.35,1080,1,20240415_084220,GSN-01,-88,24.20,81.10,44,0,0,7.78,85,10.26,22.80,24.30,21.80,21.10,25.50,20.00,24.60,20.20,22.30,20.30,25.90,21.80,24.50,24.40,22.50,23.90,20.10,24.30,21.10,21.90,22.70,25.10,22.70,24.40,23.20,22.40,24.20,24.50,23.70,22.30,25.80,25.90,20.50,20.00,25.60,21.10,21.30,21.30,20.80,20.20,23.70,24.30,24.20,23.70,20.80,25.50,20.60,20.20,21.30,24.10,20.60,25.90,21.30,23.10,23.40,24.20,23.80,23.50,25.90,24.60,23.50,22.30,23.00,20.90
TLM_RCV,-84,FG-ALPHA,20240415_084221,AUTO,0,31.48,5.00,-85,100.00,8.33,3.28,5.02,1155,496,0,344,23.30,1013.20,12.10,405.00,12.94,50.35,1080,1,20240415_084221,GSN-01,-77,25.90,73.30,48,0,1,7.81,85,10.27,25.70,22.30,22.50,25.50,23.90,23.20,20.90,22.60,24.50,22.30,25.90,20.60,24.30,23.40,23.70,21.60,25.10,23.90,23.90,25.00,23.10,21.20,24.80,24.60,20.00,25.00,25.20,24.10,20.30,22.50,20.10,22.70,25.00,20.40,25.30,21.10,20.70,22.00,21.30,25.70,21.00,22.90,20.50,22.20,20.70,21.10,20.40,22.10,24.90,22.10,22.00,25.80,24.40,20.90,24.00,23.30,23.60,24.50,23.90,24.90,23.40,23.50,20.40,20.40
TLM_RCV,-65,FG-ALPHA,20240415_084222,AUTO,0,33.47,5.00,-85,100.00,8.33,3.28,5.02,927,493,0,347,22.17,1013.40,11.90,405.60,12.94,50.35,1080,1,20240415_084222,GSN-01,-72,23.00,81.10,46,0,0,7.82,85,10.27,20.00,21.10,24.20,21.80,20.80,21.20,22.70,25.10,25.60,23.80,22.80,23.20,25.60,24.60,23.50,23.70,21.50,21.40,21.70,22.70,24.80,24.90,24.30,20.40,20.80,22.70,22.90,24.50,20.70,24.90,23.90,22.70,24.80,21.40,21.30,20.40,23.40,22.00,22.70,22.50,22.90,20.80,25.60,23.40,24.40,22.10,23.70,21.10,24.50,24.10,23.60,23.40,25.90,21.00,22.60,21.10,23.90,22.60,25.80,24.10,20.90,24.50,25.60,20.90
TLM_RCV,-61,FG-ALPHA,20240415_084223,AUTO,0,33.42,5.00,-85,100.00,8.33,3.30,5.02,991,485,0,329,22.53,1013.00,12.10,404.70,12.94,50.35,1080,1,20240415_084223,GSN-01,-75,25.80,80.20,41,0,0,7.81,84,10.28,22.00,22.50,22.50,25.20,23.30,24.60,20.50,20.60,23.90,20.00,20.70,20.70,24.90,23.40,23.30,20.90,22.60,20.20,22.60,20.90,21.40,21.30,25.90,21.20,23.80,22.80,24.30,23.50,22.30,21.90,24.30,21.40,22.70,20.80,21.30,22.80,24.90,24.10,25.30,25.10,24.10,23.70,22.80,21.40,22.20,23.10,23.50,20.70,24.60,23.60,20.90,25.90,24.70,23.00,23.80,25.40,20.90,22.90,23.20,20.00,25.50,24.50,22.10,24.60
TLM_RCV,-59,FG-ALPHA,20240415_084224,AUTO,0,32.11,5.00,-85,100.00,8.34,3.28,5.02,922,422,0,272,22.50,1013.20,11.80,406.40,12.94,50.35,1080,1,20240415_084224,GSN-01,-95,25.10,75.00,49,0,0,7.78,84,10.28,22.50,25.00,23.10,23.50,24.70,20.40,24.80,22.30,23.40,23.60,25.70,22.30,21.30,21.90,24.60,22.10,20.00,21.90,25.40,20.80,25.50,22.50,22.50,25.20,23.20,20.80,21.50,20.20,25.50,23.20,22.80,25.50,25.80,20.80,23.60,23.40,21.20,20.90,23.30,22.90,23.40,24.40,25.40,20.50,22.60,21.10,25.70,24.50,21.00,20.50,22.10,20.60,25.40,22.90,23.10,23.00,22.60,20.50,25.30,22.40,24.90,24.70,20.30,21.50
TLM_RCV,-85,FG-ALPHA,20240415_084225,AUTO,0,32.17,5.00,-85,99.96,8.33,3.28,5.02,0,433,0,286,22.17,1013.00,12.00,406.30,12.95,50.35,1080,1,20240415_084225,GSN-01,-85,23.20,80.00,41,0,0,7.82,85,10.29,20.70,21.90,22.40,24.70,24.70,24.60,25.10,24.20,24.80,20.50,23.30,25.10,25.10,25.60,25.90,21.00,20.10,24.40,20.60,24.80,25.80,21.50,21.20,25.90,25.30,20.40,21.80,25.40,23.70,25.30,20.30,20.20,20.30,24.80,20.10,22.10,24.70,25.60,23.30,22.30,25.50,25.40,22.70,20.90,20.70,22.30,24.70,23.00,24.50,21.60,21.20,20.00,23.70,23.20,22.40,23.80,24.80,20.30,21.30,23.40,23.30,21.60,22.70,23.20
TLM_RCV,-92,FG-ALPHA,20240415_084226,AUTO,0,32.39,5.00,-85,100.00,8.33,3.29,5.02,1104,478,0,333,23.13,1013.30,12.00,405.90,12.95,50.35,1080,1,20240415_084226,GSN-01,-85,24.30,81.50,48,0,0,7.80,84,10.29,21.90,20.20,21.40,21.00,24.10,21.80,25.40,23.50,23.00,25.70,24.90,22.10,21.30,23.70,24.80,24.20,25.30,23.60,20.50,24.60,21.70,24.00,22.40,25.90,23.80,22.50,22.50,25.60,25.90,21.90,20.20,21.60,20.20,23.70,25.00,25.00,23.40,25.80,21.70,22.50,20.50,22.50,25.60,25.70,22.10,22.90,20.40,22.80,25.90,24.20,25.00,21.50,24.90,23.60,22.00,21.80,24.60,25.20,25.10,20.30,21.70,24.40,22.90,25.00
TLM_RCV,-61,FG-ALPHA,20240415_084227,AUTO,0,33.25,5.00,-85,100.00,8.33,3.30,5.02,923,450,0,308,22.36,1013.50,12.10,405.50,12.95,50.35,1080,1,20240415_084227,GSN-01,-79,25.30,73.90,40,0,0,7.82,85,10.30,21.10,22.60,24.40,21.50,22.10,20.80,20.70,24.70,22.30,23.00,21.50,23.40,22.70,22.80,21.50,25.00,21.00,24.50,20.90,20.20,23.00,23.20,22.40,24.80,25.10,21.80,25.00,25.10,25.60,21.30,21.00,24.00,20.50,23.40,25.00,24.70,24.60,21.90,23.80,24.50,23.00,23.20,25.60,25.70,25.90,20.40,23.00,20.40,22.10,25.00,23.60,25.50,25.50,25.20,20.50,21.70,23.90,25.00,20.00,21.60,21.00,21.70,21.20,22.60
TLM_RCV,-60,FG-ALPHA,20240415_084228,AUTO,0,32.10,5.00,-85,100.00,8.34,3.29,5.02,1104,419,0,270,23.42,1013.10,12.10,406.20,12.95,50.35,1080,1,20240415_084228,GSN-01,-80,24.10,73.80,47,0,0,7.79,85,10.30,20.30,23.80,21.80,24.80,25.60,23.40,21.20,23.10,24.90,21.10,22.70,23.70,20.90,25.50,25.50,20.70,21.80,25.90,22.10,25.40,21.90,24.30,22.80,22.00,23.70,24.00,20.50,21.50,22.90,22.20,22.10,25.20,22.90,20.30,20.60,20.60,22.30,25.30,23.10,21.20,25.40,21.00,22.30,21.50,20.70,25.10,22.80,23.30,20.30,23.30,21.80,22.50,25.80,22.10,20.70,22.40,22.60,22.90,23.20,24.10,23.00,23.80,21.50,24.60
TLM_RCV,-94,FG-ALPHA,20240415_084229,AUTO,0,32.38,5.00,-85,100.00,8.33,3.28,5.02,1164,475,0,330,23.44,1013.00,12.10,404.70,12.95,50.35,1080,1,20240415_084229,GSN-01,-90,25.90,76.00,44,0,0,7.80,85,10.31,24.60,23.80,23.00,20.00,22.60,23.30,23.10,21.80,24.60,25.10,24.40,25.50,25.80,25.80,20.40,21.20,25.60,23.20,21.90,23.40,22.80,23.00,25.50,22.30,23.60,21.70,21.20,24.00,22.60,20.10,24.00,21.30,23.30,24.00,21.90,22.30,20.60,25.30,22.90,21.80,20.10,23.20,20.10,22.50,21.30,21.10,22.70,21.80,20.90,22.30,24.60,23.30,20.30,23.00,22.70,25.60,23.80,22.90,22.50,25.80,23.50,20.90,20.50,25.20
TLM_RCV,-46,FG-ALPHA,20240415_084230,AUTO,0,33.24,5.00,-85,100.00,8.33,3.30,5.02,915,448,0,303,22.33,1013.10,12.00,405.50,12.95,50.35,1080,1,20240415_084230,GSN-01,-83,24.60,74.30,42,0,0,7.79,84,10.31,20.60,20.30,23.00,24.50,25.20,20.00,21.40,24.10,23.10,22.70,24.20,23.30,25.40,21.20,20.20,21.90,23.40,21.40,20.90,22.60,22.90,20.00,23.40,24.80,20.80,22.10,24.40,22.40,23.50,20.60,25.80,25.10,25.70,23.40,20.30,21.80,23.10,21.30,22.80,23.60,25.90,24.00,21.00,20.90,20.50,23.80,25.50,24.00,23.40,22.00,24.10,21.00,23.30,23.30,25.60,24.90,20.70,25.00,23.70,24.80,24.50,21.20,20.80,25.00
TLM_RCV,-93,FG-ALPHA,20240415_084231,AUTO,0,33.21,5.00,-85,99.96,8.33,3.28,5.02,0,442,0,302,22.21,1013.10,12.10,405.70,12.95,50.35,1080,1,20240415_084231,GSN-01,-78,24.20,75.20,44,0,0,7.79,84,10.32,20.80,24.80,21.40,23.80,21.90,23.20,23.00,22.50,24.20,21.00,20.50,23.30,20.40,23.90,23.20,23.10,23.70,20.70,21.00,24.80,23.10,24.60,24.00,24.50,22.60,21.80,22.70,25.20,25.60,25.50,21.90,21.90,25.00,24.40,20.80,23.10,24.30,23.80,21.50,25.70,20.70,20.20,22.20,20.10,22.90,22.90,20.70,20.50,24.50,24.60,20.80,22.40,24.60,25.40,23.40,22.80,23.00,21.10,25.20,23.80,23.70,25.80,25.50,25.40
TLM_RCV,-48,FG-ALPHA,20240415_084232,AUTO,0,32.35,5.00,-85,99.99,8.33,3.31,5.02,838,470,0,315,21.84,1013.20,12.00,405.70,12.95,50.35,1080,1,20240415_084232,GSN-01,-87,24.30,82.30,47,0,0,7.82,84,10.32,23.50,24.50,21.00,22.10,25.00,20.80,23.40,25.50,22.60,24.90,23.60,25.50,20.20,20.20,20.20,25.10,24.60,25.00,25.40,22.80,23.50,22.80,24.10,25.60,23.70,22.50,25.70,23.70,23.40,22.80,23.20,21.80,22.20,23.80,21.80,20.60,24.20,24.10,24.50,24.00,20.10,21.10,23.70,24.90,22.90,23.80,21.00,22.00,25.10,20.40,23.60,22.00,25.40,21.10,20.40,23.40,20.40,25.80,24.60,25.60,23.00,24.80,25.70,24.80
TLM_RCV,-74,FG-ALPHA,20240415_084233,AUTO,0,31.25,5.00,-85,100.00,8.33,3.29,5.02,1116,451,0,307,23.33,1013.50,12.10,405.50,12.95,50.35,1080,1,20240415_084233,GSN-01,-73,23.50,75.90,48,0,0,7.81,84,10.33,22.90,20.50,25.20,21.10,23.10,21.80,21.90,20.90,22.20,25.40,23.60,22.40,24.60,24.30,20.40,25.20,23.00,22.10,20.40,20.30,25.20,25.10,21.20,20.30,20.70,22.30,21.00,21.10,23.60,21.00,21.10,22.80,24.00,25.70,25.30,21.30,20.10,24.60,23.40,25.10,25.60,21.20,20.40,20.90,24.80,25.00,20.00,20.50,25.50,21.10,22.40,25.50,23.70,24.50,24.70,22.10,22.40,22.80,21.90,20.30,23.50,21.50,21.50,24.80
TLM_RCV,-86,FG-ALPHA,20240415_084234,AUTO,0,31.14,5.00,-85,99.96,8.33,3.30,5.02,0,427,0,285,22.14,1013.20,12.10,404.80,12.95,50.35,1080,1,20240415_084234,GSN-01,-74,24.50,75.20,48,0,0,7.78,84,10.33,23.30,23.80,23.10,22.80,22.60,22.00,24.60,21.10,25.90,24.20,23.90,24.20,23.60,24.60,24.60,25.30,22.70,24.30,20.20,20.10,23.70,25.50,24.50,24.50,24.00,21.60,20.10,23.20,24.00,21.90,25.40,23.30,25.20,25.50,21.30,25.60,20.00,25.40,25.80,21.10,22.60,22.20,22.60,22.80,23.20,25.90,23.90,22.80,25.00,22.50,21.70,21.40,21.60,23.60,21.90,23.50,25.60,23.70,24.50,23.60,20.20,22.80,24.60,24.30
TLM_RCV,-65,FG-ALPHA,20240415_084235,AUTO,0,31.50,5.00,-85,100.00,8.33,3.30,5.02,1029,499,0,347,22.65,1013.00,12.00,406.10,12.96,50.35,1080,1,20240415_084235,GSN-01,-86,25.60,82.20,43,0,0,7.82,84,10.34,24.70,22.20,23.60,23.90,20.90,25.40,23.30,25.70,22.80,20.90,22.60,23.80,21.50,25.10,20.20,23.20,21.10,23.80,25.40,23.90,24.20,22.10,21.80,22.30,24.00,25.20,23.20,23.70,21.10,20.60,21.70,25.30,23.30,20.30,24.40,21.30,24.50,23.80,24.00,25.70,20.70,22.30,25.50,21.40,20.40,23.40,21.20,24.30,23.00,25.30,20.20,22.90,25.00,24.40,20.60,23.60,22.90,25.30,25.50,25.60,23.10,22.60,20.50,21.40
TLM_RCV,-61,FG-ALPHA,20240415_084236,AUTO,0,33.03,5.00,-85,99.96,8.34,3.30,5.02,0,407,0,256,22.03,1012.80,11.90,405.00,12.96,50.35,1080,1,20240415_084236,GSN-01,-80,25.10,74.80,48,0,0,7.82,85,10.34,20.20,25.30,24.10,24.60,22.70,22.10,22.20,21.50,23.20,24.10,21.00,21.80,23.00,24.90,21.90,24.50,22.30,24.20,24.90,22.00,20.40,23.70,24.10,22.70,20.80,20.00,25.40,25.60,24.20,20.60,21.40,21.80,25.80,25.90,23.20,20.80,20.70,20.00,20.20,22.90,22.20,25.70,21.80,20.30,24.70,21.00,24.60,21.10,25.60,22.50,25.90,23.70,21.50,21.50,21.50,20.20,22.70,22.80,25.50,23.60,20.20,23.20,21.80,20.50
TLM_RCV,-61,FG-ALPHA,20240415_084237,AUTO,0,31.01,5.00,-85,100.00,8.34,3.31,5.02,1123,403,0,256,23.60,1012.70,11.90,405.50,12.96,50.35,1080,1,20240415_084237,GSN-01,-86,25.10,79.50,42,0,0,7.80,84,10.35,22.40,24.10,23.40,22.20,23.10,25.10,25.40,25.40,22.20,24.90,21.40,21.60,25.50,22.40,21.60,25.90,23.40,25.70,22.50,22.70,20.30,23.30,24.10,21.90,23.00,20.40,20.50,20.40,21.50,23.10,20.90,22.20,75.00,25.40,21.20,20.40,22.30,24.70,23.20,25.80,22.00,20.50,23.60,23.80,23.60,22.50,23.10,24.40,25.60,24.00,21.50,22.20,20.60,21.40,21.20,20.50,24.00,23.90,22.00,22.80,20.80,21.90,22.20,24.50
TLM_RCV,-49,FG-ALPHA,20240415_084259,AUTO,0,31.36,5.00,-85,100.00,8.33,3.31,5.02,948,472,0,322,22.38,1013.30,11.80,404.50,12.98,51.40,1080,1,20240415_084259,GSN-01,-81,23.60,79.50,48,0,0,7.82,84,10.35,23.00,25.40,23.20,24.90,21.00,20.60,24.40,24.80,23.80,22.70,22.30,25.50,24.40,23.00,23.00,21.10,21.70,21.10,24.40,21.50,20.80,25.70,22.40,21.30,20.00,20.40,22.50,24.30,22.40,21.20,25.00,22.00,21.40,25.90,25.70,21.60,25.10,21.80,22.60,22.70,20.90,23.60,24.80,24.20,25.80,22.50,21.50,25.80,21.70,22.50,20.10,22.40,24.90,25.90,23.90,25.20,21.50,20.70,23.80,23.60,23.70,23.30,21.20,22.20
TLM_RCV,-93,FG-ALPHA,20240415_084300,AUTO,0,31.18,5.00,-85,100.00,8.33,3.31,5.02,1078,436,0,285,23.21,1013.60,11.90,405.90,12.98,51.40,1080,1,20240415_084300,GSN-01,-71,24.70,78.60,40,0,0,7.79,84,10.36,24.70,24.00,25.60,22.30,22.70,21.90,25.20,21.20,22.80,25.90,25.60,25.60,23.30,23.50,22.30,20.50,20.90,25.30,21.30,24.80,20.30,23.70,23.80,22.70,24.80,24.40,23.90,22.30,23.00,23.40,25.40,24.20,24.10,24.90,24.10,25.70,25.50,21.20,25.60,22.70,25.80,23.00,22.70,21.80,25.60,25.60,22.20,23.10,23.30,24.50,20.30,25.40,23.90,24.70,25.70,23.60,23.70,22.30,22.70,20.20,22.70,21.40,21.60,21.00
TLM_RCV,-93,FG-ALPHA,20240415_084301,AUTO,0,33.51,5.00,-85,99.95,8.32,3.31,5.02,0,501,0,347,22.50,1013.10,12.00,406.30,12.98,51.40,1080,1,20240415_084301,GSN-01,-83,24.70,83.00,43,0,0,7.80,85,10.36,22.30,25.70,25.50,22.80,20.40,20.30,20.10,23.20,25.60,22.40,24.80,25.00,25.20,20.10,24.80,21.60,20.20,23.10,24.70,24.10,24.60,25.40,21.90,21.40,23.70,20.90,22.10,25.00,23.40,25.40,20.20,21.70,22.20,25.20,24.10,23.80,25.60,21.70,24.60,22.80,20.20,25.50,21.90,21.50,21.50,22.70,24.40,23.00,23.10,24.30,24.80,23.80,23.90,22.80,22.10,23.60,20.60,20.60,25.40,20.80,20.50,25.30,21.20,25.70
TLM_RCV,-77,FG-ALPHA,20240415_084302,AUTO,0,33.01,5.00,-85,99.91,8.34,3.28,5.02,0,403,0,250,22.01,1013.30,11.80,406.30,12.98,51.40,1080,1,20240415_084302,GSN-01,-79,25.70,81.40,43,0,0,7.79,84,10.37,25.10,23.90,23.20,24.10,22.00,20.40,21.70,25.00,20.30,21.40,20.80,20.10,25.00,22.00,21.50,21.30,25.90,21.60,20.60,20.40,23.50,22.50,22.00,21.40,20.10,21.70,22.50,25.20,22.10,21.30,24.30,21.30,20.50,24.70,22.80,21.80,24.90,21.30,23.20,20.80,20.60,20.10,22.50,22.30,20.70,20.00,25.40,20.10,20.30,22.20,24.80,24.90,21.80,23.30,22.20,22.50,20.40,23.40,22.10,22.50,21.60,23.70,22.60,24.60
TLM_RCV,-44,FG-ALPHA,20240415_084303,AUTO,0,33.04,5.00,-85,99.98,8.34,3.28,5.02,1137,408,0,260,23.65,1013.20,11.90,406.30,12.98,51.40,1080,1,20240415_084303,GSN-01,-81,24.10,79.20,41,0,0,7.78,85,10.37,23.00,21.40,23.10,21.80,21.50,24.30,20.20,22.20,24.40,24.30,21.10,21.50,20.20,20.30,20.50,20.60,25.80,22.60,22.40,24.10,24.40,25.10,20.70,25.30,21.20,23.00,25.10,22.60,23.50,21.70,24.20,21.90,22.90,25.00,20.00,20.70,24.80,24.10,24.70,21.80,25.40,24.20,22.50,21.30,24.60,25.90,21.50,23.70,20.50,23.90,23.70,21.60,20.70,24.70,21.40,21.70,24.70,22.00,24.60,22.80,25.30,20.00,24.80,20.80
TLM_RCV,-43,FG-ALPHA,20240415_084304,AUTO,0,31.30,5.00,-85,100.00,8.33,3.30,5.02,1138,460,0,314,23.39,1012.80,12.00,406.00,12.98,51.40,1080,1,20240415_084304,GSN-01,-90,25.10,73.80,45,0,0,7.78,85,10.38,22.70,23.50,21.00,25.90,25.40,25.40,20.00,24.50,24.30,25.90,24.90,22.60,25.80,25.20,22.70,22.50,25.40,24.30,20.40,23.00,21.50,25.50,22.30,22.80,23.40,25.30,25.70,25.00,25.10,21.70,23.10,20.80,20.80,22.80,21.60,20.10,23.80,22.00,25.20,20.60,21.50,20.40,25.90,23.30,20.70,25.50,20.00,25.00,24.60,25.10,22.30,25.10,24.30,21.30,23.00,24.70,25.50,23.30,24.30,25.10,24.20,21.70,24.60,21.70
TLM_RCV,-62,FG-ALPHA,20240415_084305,AUTO,0,33.24,5.00,-85,100.00,8.33,3.31,5.02,1011,448,0,297,22.82,1013.10,11.90,404.50,12.99,51.40,1080,1,20240415_084305,GSN-01,-79,23.40,76.10,48,0,0,7.82,84,10.38,21.90,21.50,24.70,25.30,25.90,21.80,24.60,21.40,20.90,22.70,25.90,20.10,20.90,20.40,24.30,24.30,22.60,24.20,21.10,22.90,22.50,25.20,25.70,23.00,24.10,21.70,25.30,22.00,20.80,25.90,21.20,25.00,24.60,22.60,23.40,21.50,23.40,20.10,23.20,23.40,24.20,24.80,22.60,24.60,25.20,25.90,20.90,23.00,23.60,20.00,22.10,20.30,23.90,21.90,21.80,21.10,20.30,24.60,20.00,25.10,25.20,25.50,22.40,20.90
TLM_RCV,-56,FG-ALPHA,20240415_084306,AUTO,0,32.05,5.00,-85,100.00,8.34,3.28,5.02,885,410,0,251,22.37,1013.40,12.10,405.80,12.99,51.40,1080,1,20240415_084306,GSN-01,-75,24.50,82.10,45,0,0,7.80,84,10.39,21.40,23.80,21.20,24.80,20.70,22.00,22.40,20.60,25.20,22.50,25.00,20.10,25.20,20.80,21.80,23.70,25.90,20.80,24.40,22.70,23.50,20.50,20.60,20.00,24.30,25.70,24.30,22.40,23.60,22.00,21.90,23.00,21.00,22.80,20.20,25.70,20.00,21.10,24.70,24.10,24.80,24.90,20.70,21.00,20.70,23.50,22.90,23.60,25.90,24.70,23.80,21.80,25.00,21.90,20.50,25.90,23.40,24.10,23.90,23.80,21.50,20.80,22.70,25.10
TLM_RCV,-88,FG-ALPHA,20240415_084307,AUTO,0,33.17,5.00,-85,100.00,8.33,3.28,5.02,1108,434,0,284,23.37,1013.30,12.00,405.00,12.99,51.40,1080,1,20240415_084307,GSN-01,-86,23.00,74.20,41,0,0,7.79,85,10.39,24.50,25.00,25.90,24.00,24.80,24.70,22.00,25.30,25.80,20.60,22.20,21.90,25.40,20.80,21.70,24.90,25.50,24.00,23.70,20.10,23.40,22.90,22.40,25.40,23.70,21.70,25.20,20.40,20.30,22.40,24.80,21.50,22.80,22.10,23.50,22.10,22.40,23.20,23.10,20.10,25.80,89.90,22.70,22.30,21.50,20.20,25.70,22.90,23.60,22.90,25.30,25.40,20.30,25.10,21.20,24.20,23.30,25.30,20.10,25.40,22.80,20.20,23.90,24.70
TLM_RCV,-47,FG-ALPHA,20240415_084308,AUTO,0,32.40,5.00,-85,100.00,8.33,3.31,5.02,830,479,0,322,21.75,1013.00,11.90,405.90,12.99,51.40,1080,1,20240415_084308,GSN-01,-83,25.30,76.70,40,0,0,7.79,84,10.40,23.40,23.30,21.40,21.80,24.80,23.40,25.10,21.20,24.20,22.00,25.40,21.80,25.90,22.30,21.70,23.60,21.30,21.30,25.70,23.20,24.30,20.10,22.80,20.00,22.40,20.80,24.50,21.70,25.20,21.90,23.60,22.10,24.80,23.60,20.80,25.50,25.30,22.00,22.50,22.70,23.20,20.20,20.70,21.70,25.50,25.70,21.10,21.70,20.30,24.50,25.80,23.70,23.30,25.70,22.40,21.70,21.00,23.90,25.60,23.10,25.40,20.20,22.20,22.30
TLM_RCV,-53,FG-ALPHA,20240415_084309,AUTO,0,33.35,5.00,-85,99.95,8.33,3.31,5.02,0,469,0,320,22.34,1012.90,11.80,405.80,12.99,51.40,1080,1,20240415_084309,GSN-01,-85,23.40,73.40,40,0,0,7.82,85,10.40,22.00,20.00,21.30,24.60,24.30,23.50,23.80,22.90,23.10,24.80,24.90,20.50,25.00,24.90,25.20,25.50,22.40,21.20,24.80,24.60,24.50,24.80,23.90,20.40,21.70,23.20,22.20,22.20,21.90,20.20,20.20,22.70,21.60,20.40,20.90,20.70,24.80,25.10,22.50,25.00,24.80,24.10,24.10,20.50,25.90,24.80,20.50,24.30,20.60,21.30,23.40,20.50,25.20,20.00,23.30,25.90,25.70,21.60,22.40,20.00,21.40,24.50,20.10,22.90
TLM_RCV,-87,FG-ALPHA,20240415_084310,AUTO,0,31.38,5.00,-85,100.00,8.33,3.29,5.02,1052,476,0,329,22.88,1013.50,12.10,406.30,12.99,51.40,1080,1,20240415_084310,GSN-01,-81,23.80,75.10,41,0,0,7.78,85,10.41,23.80,24.00,25.20,21.10,25.60,24.30,24.30,21.90,25.30,21.00,22.60,20.90,20.10,22.30,20.70,20.10,25.70,22.40,25.20,24.60,22.20,25.40,25.30,20.50,20.20,22.20,20.90,21.90,24.70,23.50,25.00,25.90,25.40,21.70,24.00,21.50,23.60,20.10,21.30,23.40,25.50,24.40,24.30,20.70,22.30,22.40,24.60,25.00,21.80,24.10,24.00,20.30,24.80,22.50,20.80,25.80,20.90,20.10,25.80,24.30,20.90,25.20,21.30,22.00
TLM_RCV,-45,FG-ALPHA,20240415_084311,AUTO,0,33.12,5.00,-85,100.00,8.34,3.29,5.02,1170,424,0,283,23.73,1012.80,11.80,406.30,12.99,51.40,1080,1,20240415_084311,GSN-01,-72,24.30,73.80,44,0,0,7.79,84,10.41,24.00,21.60,24.00,22.20,23.80,23.40,25.50,24.10,25.20,22.70,23.30,23.40,25.60,24.40,22.60,20.40,25.00,24.10,25.50,23.60,21.50,24.40,21.40,21.20,79.50,21.90,22.30,24.20,22.60,24.60,21.90,24.60,20.80,22.70,21.90,24.80,22.90,22.50,23.40,21.20,25.70,22.10,21.60,23.70,20.80,23.90,24.30,23.10,21.10,20.40,20.40,25.20,22.10,23.60,23.30,21.30,21.60,25.00,23.60,24.30,24.10,25.80,21.00,25.80
TLM_RCV,-93,FG-ALPHA,20240415_084312,AUTO,0,31.50,5.00,-85,100.00,8.32,3.29,5.02,1154,500,0,348,23.27,1012.80,12.00,405.40,12.99,51.40,1080,1,20240415_084312,GSN-01,-88,24.60,74.90,44,0,0,7.80,85,10.42,20.50,22.20,22.60,22.80,21.40,23.50,23.30,20.20,23.40,22.60,24.70,21.50,22.50,23.20,23.00,25.00,23.40,23.30,20.60,22.70,20.70,24.20,20.50,24.00,25.60,23.70,24.30,21.00,21.10,21.40,20.60,21.50,24.80,24.50,22.30,21.30,22.90,25.80,22.60,24.60,23.40,20.30,25.50,22.40,22.80,25.70,24.30,21.40,23.50,25.50,22.10,23.70,24.40,23.80,24.30,20.40,25.90,25.20,24.60,21.40,20.70,21.90,22.60,24.80
TLM_RCV,-93,FG-ALPHA,20240415_084313,AUTO,0,31.08,5.00,-85,100.00,8.34,3.28,5.02,1123,417,0,264,23.53,1012.80,12.10,405.60,12.99,51.40,1080,1,20240415_084313,GSN-01,-85,23.70,74.90,41,1,0,7.78,84,10.42,23.00,25.80,23.60,22.70,25.20,23.80,23.90,21.60,22.70,24.20,24.70,21.20,25.90,21.80,25.50,22.70,23.80,72.20,21.80,24.10,25.20,23.50,25.00,24.90,21.60,22.30,24.00,21.40,25.10,21.20,24.70,25.40,25.60,25.10,25.80,22.70,22.70,21.00,24.70,25.00,22.10,23.70,21.60,24.50,23.10,21.90,21.60,20.70,20.40,22.40,24.60,21.90,23.40,23.40,20.30,24.40,24.70,20.70,24.50,21.50,23.40,24.10,24.80,22.70
TLM_RCV,-42,FG-ALPHA,20240415_084314,AUTO,0,33.11,5.00,-85,99.96,8.34,3.30,5.02,0,422,0,282,22.11,1013.30,12.00,404.90,12.99,51.40,1080,1,20240415_084314,GSN-01,-74,24.40,81.60,48,0,0,7.79,84,10.43,25.40,21.20,21.80,22.50,21.50,21.80,21.90,20.00,25.30,20.20,20.00,24.10,22.80,21.80,20.40,21.80,21.00,20.50,24.10,24.80,24.30,21.70,21.40,21.40,25.20,21.30,24.30,23.00,22.70,22.60,20.70,25.00,22.30,25.90,25.40,21.10,21.20,24.30,25.30,23.40,21.10,22.80,23.40,21.00,25.20,20.80,24.80,24.20,20.80,23.20,24.20,20.40,24.80,25.40,25.10,20.30,21.00,25.90,23.20,23.60,20.40,23.40,25.80,23.80
TLM_RCV,-69,FG-ALPHA,20240415_084315,AUTO,0,32.13,5.00,-85,100.00,8.34,3.28,5.02,1083,425,0,281,23.29,1013.20,11.90,405.40,13.00,51.40,1080,1,20240415_084315,GSN-01,-75,25.00,80.80,46,0,0,7.79,85,10.43,21.80,25.20,22.50,25.40,22.40,25.40,20.20,20.60,24.30,23.10,23.90,22.70,22.20,20.10,25.40,25.00,23.90,24.30,23.50,23.10,22.80,25.00,20.20,24.30,20.40,22.40,25.00,22.20,25.20,24.00,21.90,25.60,24.90,23.20,22.60,24.10,20.40,21.00,20.40,21.10,23.50,23.70,22.00,20.40,22.70,21.40,22.00,24.80,21.00,21.60,23.90,21.90,20.00,20.00,23.50,22.10,22.00,22.90,21.80,22.90,20.10,23.60,24.60,24.50
TLM_RCV,-87,FG-ALPHA,20240415_084316,AUTO,0,33.44,5.00,-85,100.00,8.33,3.28,5.02,1161,487,0,344,23.37,1013.60,11.80,405.10,13.00,51.40,1080,1,20240415_084316,GSN-01,-90,24.90,79.20,42,0,0,7.78,84,10.44,23.80,24.80,20.30,22.30,23.20,20.90,20.30,22.40,20.00,21.80,23.70,24.00,20.70,21.60,20.80,23.10,22.40,20.60,20.50,20.20,20.50,25.90,21.20,23.40,20.70,21.80,22.60,25.40,23.00,25.90,20.50,21.40,20.30,22.00,21.00,24.30,23.20,23.40,24.60,24.20,25.50,20.60,23.00,21.10,23.30,24.40,23.90,20.00,20.20,23.70,23.00,23.10,21.60,24.60,21.70,23.10,24.20,22.10,24.80,21.80,21.30,23.50,22.80,24.50
TLM_RCV,-81,FG-ALPHA,20240415_084317,AUTO,0,31.48,5.00,-85,100.00,8.33,3.29,5.02,913,495,0,341,22.09,1013.10,11.90,406.00,13.00,51.40,1080,1,20240415_084317,GSN-01,-90,24.60,81.30,40,0,0,7.80,85,10.44,23.10,20.10,22.50,20.50,23.30,25.20,21.20,22.80,21.90,25.60,22.40,21.00,21.40,20.10,20.50,24.20,21.10,24.80,22.90,23.30,22.40,23.20,24.20,24.50,20.90,23.40,25.80,20.10,20.40,22.00,25.00,22.50,22.60,22.70,22.20,23.00,22.40,23.90,22.60,22.00,23.00,24.60,25.90,25.30,22.90,20.70,25.30,22.60,21.10,21.90,22.30,24.90,22.60,22.10,22.50,22.10,21.50,23.90,23.40,25.70,25.10,21.40,24.60,20.00
TLM_RCV,-84,FG-ALPHA,20240415_084318,AUTO,0,32.06,5.00,-85,100.00,8.34,3.28,5.02,1155,411,0,254,23.72,1012.90,11.90,405.40,13.00,51.40,1080,1,20240415_084318,GSN-01,-90,23.40,76.70,42,1,0,7.82,85,10.45,25.00,20.50,21.20,20.60,22.60,22.90,25.90,22.80,24.90,24.50,20.60,22.30,20.00,21.10,21.60,24.90,20.70,20.50,24.70,22.50,25.60,21.40,23.20,21.60,24.50,21.90,25.10,22.30,21.30,22.60,25.20,25.50,22.70,20.50,20.20,23.90,24.50,21.60,22.60,24.40,23.20,21.80,21.10,24.60,23.50,20.50,21.60,21.10,22.40,24.20,23.00,22.80,24.10,24.00,20.60,24.00,20.20,20.30,24.70,24.80,20.90,22.10,22.10,21.60
TLM_RCV,-87,FG-ALPHA,20240415_084319,AUTO,0,32.15,5.00,-85,100.00,8.34,3.29,5.02,912,431,0,281,22.41,1013.20,11.90,406.00,13.00,51.40,1080,1,20240415_084319,GSN-01,-86,24.50,82.30,43,0,0,7.82,84,10.45,21.10,21.90,21.80,21.70,20.90,22.50,25.40,22.90,22.20,20.70,25.90,25.80,20.10,21.50,21.50,20.00,20.40,20.70,24.60,25.80,22.40,22.70,20.20,21.40,20.00,21.70,25.20,23.50,24.80,23.50,23.80,25.80,25.30,20.00,21.70,20.30,22.70,23.70,77.50,20.00,25.40,22.20,25.70,21.00,20.00,21.70,21.80,20.50,23.50,25.00,24.00,20.30,24.70,23.00,23.70,24.80,22.60,20.90,22.60,22.80,21.20,25.30,22.90,25.40
TLM_RCV,-93,FG-ALPHA,20240415_084320,AUTO,0,32.13,5.00,-85,100.00,8.34,3.28,5.02,828,426,0,286,22.01,1012.90,12.10,404.80,13.00,51.40,1080,1,20240415_084320,GSN-01,-94,25.50,78.70,40,0,0,7.79,84,10.46,25.30,23.00,22.70,23.20,22.10,24.30,24.30,25.30,23.00,25.60,23.30,25.60,20.00,23.00,21.50,23.80,22.10,24.80,23.20,24.70,24.90,21.30,23.00,25.30,23.20,25.20,20.70,22.40,22.80,22.80,25.20,22.20,20.30,24.30,25.30,23.50,23.70,23.80,20.40,21.30,21.60,25.60,22.60,25.30,20.20,24.10,25.40,24.00,24.40,22.50,24.60,20.40,23.10,20.10,24.20,20.20,22.70,21.40,22.50,23.10,20.70,20.80,25.30,20.50
TLM_RCV,-50,FG-ALPHA,20240415_084321,AUTO,0,32.44,5.00,-85,99.95,8.33,3.30,5.02,0,488,0,341,22.44,1013.50,11.80,404.90,13.00,51.40,1080,1,20240415_084321,GSN-01,-81,23.10,76.30,42,0,0,7.81,85,10.46,20.40,20.60,20.60,23.90,24.30,23.90,24.20,24.00,21.80,25.50,21.90,20.40,22.90,23.10,22.70,25.90,24.30,21.80,22.20,21.80,21.80,21.30,22.60,22.60,21.00,21.90,24.50,22.00,20.00,21.70,24.90,22.50,25.80,24.30,25.40,23.10,23.70,21.10,25.90,25.90,20.80,24.60,22.20,21.90,22.00,23.80,24.40,22.80,25.90,21.80,23.40,24.60,23.60,21.00,24.00,22.20,20.60,20.40,20.50,25.00,21.70,21.90,22.30,25.20
TLM_RCV,-84,FG-ALPHA,20240415_084322,AUTO,0,31.98,5.00,-85,99.91,8.34,3.30,5.02,0,395,0,255,21.98,1013.00,12.00,406.40,13.00,51.40,1080,1,20240415_084322,GSN-01,-75,25.20,81.00,40,1,0,7.80,85,10.47,25.80,21.50,25.70,24.80,25.80,21.90,24.30,20.00,20.20,23.10,22.30,24.80,23.00,20.60,21.80,20.00,22.00,24.40,23.80,24.80,25.30,25.30,21.30,25.10,20.60,21.90,21.60,24.20,25.50,24.80,25.10,23.30,21.00,20.30,24.10,24.70,23.40,22.10,20.90,24.90,23.20,23.50,20.50,24.80,25.30,23.00,24.70,22.80,25.80,23.60,22.10,25.80,23.30,22.30,25.30,24.80,25.80,24.20,24.90,22.00,23.80,21.40,21.10,20.80
TLM_RCV,-61,FG-ALPHA,20240415_084323,AUTO,0,33.22,5.00,-85,99.98,8.33,3.28,5.02,1162,444,0,296,23.59,1013.20,12.00,406.30,13.00,51.40,1080,1,20240415_084323,GSN-01,-83,25.70,78.80,47,0,0,7.81,84,10.47,21.90,23.70,23.80,23.50,23.80,21.70,24.10,25.00,20.70,24.80,20.70,22.00,21.00,22.60,20.20,20.50,24.40,25.50,20.50,25.00,22.50,21.00,87.70,25.50,23.00,21.10,25.70,21.50,22.80,21.50,21.90,21.80,23.20,25.90,21.40,24.70,24.90,23.20,20.00,25.40,20.90,25.40,21.20,24.40,21.50,23.00,21.50,20.30,20.60,22.30,25.70,21.40,20.00,20.40,23.60,20.80,20.90,20.90,23.80,24.90,24.40,21.70,23.80,22.00
TLM_RCV,-81,FG-ALPHA,20240415_084324,AUTO,0,32.15,5.00,-85,100.00,8.34,3.28,5.02,1018,431,0,290,22.93,1013.00,12.00,405.60,13.00,51.40,1080,1,20240415_084324,GSN-01,-94,24.20,78.50,46,0,0,7.78,84,10.48,25.00,20.40,25.20,25.00,23.70,23.50,20.50,23.60,23.80,24.00,21.70,20.70,24.90,23.20,21.10,20.40,23.80,24.50,22.40,23.10,20.90,25.00,22.30,23.00,24.70,21.60,24.20,22.50,20.90,25.50,21.60,20.30,23.90,22.90,23.00,23.60,25.20,22.70,24.00,24.50,21.00,25.10,20.80,22.10,21.80,24.30,20.90,23.10,22.80,23.40,20.80,22.30,21.80,21.50,21.60,23.40,24.80,22.10,20.60,21.90,25.60,24.80,20.10,21.20
TLM_RCV,-59,FG-ALPHA,20240415_084325,AUTO,0,31.16,5.00,-85,99.96,8.33,3.29,5.02,0,432,0,290,22.16,1012.90,11.80,404.50,13.01,51.40,1080,1,20240415_084325,GSN-01,-81,25.50,80.80,44,0,0,7.81,84,10.48,21.70,24.90,21.70,21.80,21.10,21.60,20.60,20.20,23.40,20.60,23.00,23.40,21.70,22.50,22.50,21.60,20.80,25.40,25.70,24.10,21.90,23.50,22.00,20.80,22.00,21.60,24.50,25.60,22.20,20.90,23.80,21.00,21.50,21.10,20.30,20.20,24.40,21.20,24.80,24.30,24.90,24.10,21.10,23.50,23.10,25.10,21.20,25.90,23.90,25.80,22.50,22.50,22.00,22.70,23.40,20.50,20.80,21.80,23.10,23.90,20.40,24.90,22.90,20.10
TLM_RCV,-74,FG-ALPHA,20240415_084326,AUTO,0,33.22,5.00,-85,100.00,8.33,3.30,5.02,1151,445,0,287,23.53,1012.90,11.90,405.30,13.01,51.40,1080,1,20240415_084326,GSN-01,-88,24.70,83.10,45,0,0,7.78,85,10.49,21.50,25.20,23.10,20.30,21.90,20.90,21.60,20.60,23.60,21.60,22.20,21.20,25.20,23.60,21.10,20.10,22.80,23.40,23.90,23.10,21.40,23.60,24.50,25.90,23.30,21.50,24.50,21.20,23.40,22.50,22.50,21.10,24.30,22.80,21.40,21.10,24.60,22.00,24.30,22.00,20.50,21.40,23.30,22.50,20.20,24.70,20.00,20.70,25.70,25.90,24.30,22.30,23.20,23.40,25.10,24.60,22.50,21.00,21.80,20.30,20.20,25.10,22.80,22.90
TLM_RCV,-83,FG-ALPHA,20240415_084327,AUTO,0,32.33,5.00,-85,100.00,8.33,3.30,5.02,1050,465,0,322,22.92,1013.10,12.10,405.70,13.01,51.40,1080,1,20240415_084327,GSN-01,-89,24.30,75.90,47,0,1,7.82,84,10.49,25.90,20.90,21.00,23.50,25.40,24.80,23.20,20.00,21.70,21.00,21.00,20.10,23.90,24.60,23.90,20.20,25.60,20.40,24.70,23.90,20.50,20.30,20.30,20.00,25.70,22.80,24.00,20.70,25.80,23.90,20.30,21.90,22.10,22.40,20.20,22.60,25.00,22.10,21.40,21.40,21.10,25.30,24.60,24.30,21.20,25.00,20.80,23.10,21.40,25.90,22.10,23.30,21.00,23.70,23.00,25.00,24.10,24.30,24.80,22.00,22.90,21.50,24.90,23.60
TLM_RCV,-70,FG-ALPHA,20240415_084328,AUTO,0,32.44,5.00,-85,100.00,8.33,3.28,5.02,913,489,0,340,22.12,1012.90,12.00,404.60,13.01,51.40,1080,1,20240415_084328,GSN-01,-72,25.40,82.40,44,0,0,7.82,85,10.50,25.40,24.90,24.60,25.50,23.70,22.70,21.20,21.10,21.70,25.90,21.60,20.10,23.50,21.60,22.10,25.90,20.80,24.60,23.90,21.70,20.70,23.10,20.90,21.90,20.70,25.90,23.90,23.00,24.40,20.80,20.80,20.00,23.80,21.60,23.00,24.60,22.60,20.40,20.30,25.70,23.60,23.90,23.30,20.20,25.60,24.10,20.70,25.50,25.50,22.10,23.50,23.00,25.90,23.40,20.80,21.60,24.40,21.90,20.90,25.90,23.30,24.70,25.10,21.30
TLM_RCV,-60,FG-ALPHA,20240415_084329,AUTO,0,31.32,5.00,-85,100.00,8.33,3.30,5.02,1068,463,0,307,23.02,1013.00,11.80,406.30,13.01,51.40,1080,1,20240415_084329,GSN-01,-84,23.00,77.70,45,1,0,7.82,85,10.50,23.00,22.80,24.50,22.70,21.90,21.80,21.60,21.30,23.10,24.30,24.80,25.20,25.30,21.00,21.80,25.10,25.20,24.80,22.30,21.80,24.20,23.00,24.10,22.80,24.80,25.80,21.40,79.70,21.70,25.40,24.00,22.60,21.30,21.10,24.60,22.20,25.40,21.50,21.00,21.60,21.20,22.30,23.30,22.90,23.40,25.70,21.70,24.90,25.10,25.40,21.10,23.00,25.40,24.80,21.20,20.30,25.50,23.60,21.30,21.40,23.00,21.40,24.70,24.10
TLM_RCV,-81,FG-ALPHA,20240415_084330,AUTO,0,32.10,5.00,-85,100.00,8.34,3.29,5.02,805,420,0,274,21.92,1013.40,12.10,405.00,13.01,51.40,1080,1,20240415_084330,GSN-01,-93,23.60,80.60,41,0,0,7.81,85,10.51,25.30,24.90,21.10,22.80,22.00,21.90,23.50,21.50,20.30,20.30,25.90,23.70,24.80,25.60,24.10,21.70,23.30,20.30,22.30,23.10,21.40,20.50,22.50,21.00,24.30,20.80,23.70,20.10,24.70,21.70,25.20,25.80,23.80,20.50,85.60,23.60,24.70,21.30,23.10,23.40,23.20,23.70,25.00,25.00,23.20,23.30,21.40,25.20,22.10,24.50,21.90,24.20,20.70,24.70,23.50,20.60,21.50,25.10,21.70,25.90,24.60,24.20,22.30,21.80
TLM_RCV,-42,FG-ALPHA,20240415_084331,AUTO,0,31.00,5.00,-85,100.00,8.34,3.28,5.02,958,401,0,259,22.78,1012.70,12.10,406.10,13.01,51.40,1080,1,20240415_084331,GSN-01,-81,23.70,78.80,43,0,0,7.79,85,10.51,23.90,21.00,23.20,24.40,21.70,24.90,21.70,25.70,25.80,25.80,23.50,21.90,24.20,23.80,23.60,20.90,20.20,24.70,23.30,20.20,20.50,23.90,25.30,24.60,25.20,25.70,20.40,24.70,22.70,22.70,21.00,20.20,23.60,23.30,21.00,21.30,25.60,25.00,21.40,22.10,24.00,22.50,24.70,20.40,24.80,23.00,23.70,25.70,20.60,24.50,22.60,21.20,25.00,22.20,25.50,25.10,25.70,23.40,23.50,24.00,24.70,22.30,21.30,22.60
TLM_RCV,-79,FG-ALPHA,20240415_084332,AUTO,0,32.10,5.00,-85,99.96,8.34,3.30,5.02,0,419,0,264,22.09,1013.20,12.10,405.20,13.01,51.40,1080,1,20240415_084332,GSN-01,-81,23.90,80.40,42,0,0,7.81,84,10.52,20.50,24.80,25.10,21.40,25.50,21.60,22.80,23.00,23.30,21.70,21.30,21.30,21.40,20.90,22.10,22.80,23.40,21.90,22.30,22.20,20.70,20.20,24.60,22.20,25.90,24.10,23.80,25.20,20.80,22.70,20.10,23.80,21.20,21.00,22.40,24.90,23.00,23.20,21.40,22.80,20.80,21.30,22.40,23.20,21.50,22.80,21.40,21.30,23.50,25.30,22.20,20.80,20.80,22.10,22.80,25.20,24.40,21.90,24.60,23.00,23.10,22.80,23.00,21.30
TLM_RCV,-83,FG-ALPHA,20240415_084333,AUTO,0,33.24,5.00,-85,100.00,8.33,3.28,5.02,1133,449,0,298,23.42,1013.60,12.00,405.80,13.01,51.40,1080,1,20240415_084333,GSN-01,-72,24.40,74.20,43,0,0,7.80,85,10.52,20.20,23.60,25.40,21.50,24.10,20.00,21.00,22.60,24.80,24.20,24.70,22.70,25.40,24.90,20.80,23.80,21.50,24.60,25.60,22.40,23.70,23.50,20.20,21.10,25.20,23.30,25.70,23.40,24.50,23.90,25.40,22.20,21.80,22.30,24.50,23.10,23.80,21.40,25.40,20.30,24.60,24.20,23.70,24.10,21.50,21.60,23.70,25.10,21.20,22.60,24.00,20.00,25.10,24.00,23.00,25.50,25.60,24.30,25.90,22.00,22.40,21.10,20.80,25.50
TLM_RCV,-74,FG-ALPHA,20240415_084334,AUTO,0,33.30,5.00,-85,100.00,8.33,3.28,5.02,989,460,0,301,22.65,1013.00,12.00,405.80,13.01,51.40,1080,1,20240415_084334,GSN-01,-74,24.50,76.70,40,0,1,7.81,84,10.53,23.80,22.40,21.50,20.70,22.80,21.80,21.60,22.10,21.90,23.50,24.80,25.30,25.30,22.50,23.60,24.50,21.00,20.80,21.30,25.80,22.00,23.40,21.80,22.10,24.00,20.50,20.30,21.40,21.30,25.60,21.00,21.10,24.60,22.60,20.60,24.30,25.90,20.40,22.20,23.10,22.30,20.00,21.90,23.00,24.60,25.60,21.50,20.40,21.90,21.30,25.60,24.70,22.70,21.20,23.00,20.60,24.20,24.20,25.60,21.80,25.80,20.10,22.90,23.30
TLM_RCV,-47,FG-ALPHA,20240415_084335,AUTO,0,33.40,5.00,-85,100.00,8.33,3.30,5.02,881,481,0,339,22.00,1013.50,12.10,406.00,13.02,51.40,1080,1,20240415_084335,GSN-01,-94,25.40,81.30,43,0,0,7.81,85,10.53,23.40,24.50,20.20,21.10,21.60,25.50,22.90,22.80,20.20,23.30,22.60,20.70,22.60,24.80,20.40,20.40,24.40,25.10,24.40,25.30,25.40,23.90,24.70,20.10,24.10,25.60,21.20,23.60,24.30,22.50,20.90,23.40,25.80,20.80,23.20,21.20,24.30,21.80,22.20,20.80,22.50,21.20,23.80,22.00,20.60,22.30,24.30,24.10,20.60,20.00,22.60,21.40,25.40,23.70,22.90,20.40,21.70,22.40,20.40,25.80,23.00,22.80,25.80,21.40
TLM_RCV,-85,FG-ALPHA,20240415_084336,AUTO,0,30.98,5.00,-85,99.96,8.34,3.28,5.02,0,395,0,251,21.98,1013.30,11.80,405.60,13.02,51.40,1080,1,20240415_084336,GSN-01,-82,24.40,73.30,41,0,0,7.80,84,10.54,23.40,23.20,23.60,24.20,21.00,21.20,22.50,23.60,24.30,22.10,21.60,21.10,22.60,25.00,25.20,21.00,25.30,23.20,25.90,25.20,21.40,20.80,24.40,21.00,20.20,22.50,22.80,24.10,23.20,21.00,20.10,21.10,21.30,25.90,23.10,22.70,24.90,23.40,21.90,24.30,21.20,20.30,25.90,25.60,22.70,23.10,22.50,21.60,24.60,25.80,24.60,20.00,25.30,23.50,25.00,20.50,22.30,23.20,23.90,24.20,24.90,21.50,23.90,25.80
TLM_RCV,-63,FG-ALPHA,20240415_084337,AUTO,0,33.30,5.00,-85,100.00,8.33,3.29,5.02,1191,460,0,314,23.66,1013.30,11.90,405.70,13.02,51.40,1080,1,20240415_084337,GSN-01,-73,24.20,76.10,41,0,0,7.81,85,10.54,20.60,24.60,21.30,24.20,23.70,21.60,25.40,21.70,21.60,21.00,20.90,20.50,22.80,21.50,23.30,23.80,21.00,22.10,24.00,24.90,22.50,22.00,22.80,23.10,25.20,21.00,25.30,25.10,23.70,22.00,20.30,23.70,21.20,22.30,22.20,24.00,21.20,25.10,24.90,24.10,25.90,20.90,22.90,24.70,20.10,22.20,25.60,24.20,20.90,25.00,20.30,22.20,20.00,21.40,24.80,24.50,21.70,21.40,24.90,25.30,22.40,23.70,23.90,24.50
TLM_RCV,-70,FG-ALPHA,20240415_084338,AUTO,0,32.15,5.00,-85,100.00,8.34,3.28,5.02,1077,429,0,276,23.24,1013.30,12.00,405.60,13.02,51.40,1080,1,20240415_084338,GSN-01,-81,23.70,75.90,41,0,0,7.82,84,10.55,25.40,20.60,25.60,24.10,20.30,22.70,22.90,21.60,21.30,20.90,25.80,22.30,20.10,21.10,21.50,20.50,22.20,21.80,25.10,22.70,20.70,21.50,24.70,22.70,23.60,21.00,24.30,25.70,25.70,21.10,24.40,23.30,22.50,20.70,22.00,22.30,20.20,24.50,24.10,21.70,22.80,25.50,21.00,20.60,23.60,22.40,25.20,23.10,21.40,23.60,25.80,20.60,23.70,21.20,23.70,21.40,20.40,22.70,21.70,21.70,21.70,22.90,22.00,24.80
TLM_RCV,-89,FG-ALPHA,20240415_084339,AUTO,0,31.42,5.00,-85,100.00,8.33,3.28,5.02,1004,483,0,337,22.60,1013.20,12.00,404.70,13.02,51.40,1080,1,20240415_084339,GSN-01,-76,23.30,82.30,43,0,0,7.81,85,10.55,24.20,21.30,24.20,23.30,24.80,20.20,20.20,21.40,25.10,24.50,24.10,22.50,20.40,20.10,24.10,21.00,23.40,23.10,20.30,23.10,21.00,21.80,24.30,23.80,23.20,23.80,22.90,23.10,20.40,25.00,25.80,23.20,24.70,24.70,25.80,25.00,23.10,25.70,24.70,25.70,20.80,22.40,24.60,23.70,20.60,23.70,21.00,22.70,20.90,24.30,22.40,20.40,25.40,23.80,25.80,20.60,24.40,20.60,21.60,21.40,20.70,24.60,23.10,20.40
TLM_RCV,-53,FG-ALPHA,20240415_084401,AUTO,0,32.24,6.00,-85,99.91,8.33,3.31,5.02,0,448,0,297,22.24,1013.30,12.00,405.60,13.04,51.70,1080,1,20240415_084401,GSN-01,-74,24.20,75.70,45,0,0,7.78,85,10.56,20.00,20.70,25.50,23.70,25.00,20.60,20.80,24.60,23.40,21.30,20.30,22.30,20.80,25.20,22.30,23.60,20.80,20.60,25.60,23.60,20.80,21.10,23.90,25.30,25.40,22.20,21.30,22.40,24.60,25.50,24.70,20.90,24.60,21.80,21.90,22.30,20.30,23.50,21.40,20.30,22.70,21.40,20.40,21.80,23.60,25.40,21.90,24.60,20.80,20.30,21.70,23.30,22.80,23.80,23.20,21.60,25.00,22.90,24.10,20.60,25.20,21.60,24.40,24.90
TLM_RCV,-50,FG-ALPHA,20240415_084402,AUTO,0,32.99,5.00,-85,99.97,8.34,3.29,5.02,960,399,0,255,22.81,1013.20,12.10,404.80,13.04,51.70,1080,1,20240415_084402,GSN-01,-74,24.70,80.20,47,0,0,7.82,84,10.56,24.60,23.00,24.00,23.70,24.20,21.40,23.30,22.40,20.80,25.70,21.40,20.40,20.60,24.90,21.20,24.70,20.00,20.70,24.00,25.50,22.80,22.50,25.80,25.60,22.40,25.90,24.40,22.30,25.90,22.60,22.90,74.10,25.60,22.90,22.90,24.90,20.20,21.80,23.90,21.40,20.20,23.10,23.30,20.10,22.10,21.10,24.90,23.00,22.30,24.80,20.90,20.80,21.90,20.10,22.60,25.60,22.50,20.60,25.40,21.30,23.50,24.40,20.50,22.90
TLM_RCV,-50,FG-ALPHA,20240415_084403,AUTO,0,31.20,5.00,-85,100.00,8.33,3.28,5.02,840,441,0,293,22.00,1012.90,12.00,405.20,13.04,51.70,1080,1,20240415_084403,GSN-01,-91,24.30,80.70,49,0,0,7.80,84,10.57,23.10,24.20,24.50,23.00,22.70,23.30,21.00,23.00,20.10,20.10,25.10,22.80,23.60,20.00,24.10,24.70,21.30,20.10,21.70,21.30,25.50,24.10,25.30,22.80,23.30,21.40,20.40,21.00,21.40,20.20,23.40,24.60,20.80,21.30,24.60,20.10,20.90,20.80,24.70,24.80,23.50,23.30,23.50,24.20,21.40,23.00,24.50,21.90,25.50,20.90,25.80,24.20,24.10,20.40,20.20,24.60,21.00,24.70,25.90,24.10,24.80,25.50,22.10,25.20
