PACKET_TYPE,GS_RSSI,SAT_ID,TIMESTAMP,FDIR_MODE,PAYLOAD_STATE,OBC_T,PAYLOAD_T,RSSI_UPLINK,SOC,V_BAT,V_3V3,V_5V,I_IN,I_OUT,I_PAY,I_COMMS,EPS_T,PRESSURE,HUMIDITY,GPS_ALT,OBC_SD_PCT,PAYLOAD_SD_PCT,RESOLUTION,HAS_GSN,GSN_TS,GSN_NODE,GSN_RSSI,GSN_T,GSN_HUM,GSN_SOIL,GSN_SMOKE,GSN_SOUND,GSN_VBAT,GSN_SOC,GSN_SD_PCT,THERMAL_DATA_64...
TLM_RCV,-82,FG-ALPHA,1713170021,AUTO,0,33.24,7.50,-85,85.68,7.99,3.29,5.02,0,448,0,305,22.24,1013.40,12.00,406.20,12.42,46.15,1080,1,1713169997,GSN-01,-73,25.70,75.40,48,0,0,7.82,84,8.51,23.30,25.00,25.10,20.70,20.10,22.70,21.30,21.20,20.50,25.40,23.10,21.40,82.20,24.80,21.40,24.80,25.10,24.30,22.20,25.20,24.30,24.40,22.60,24.20,22.40,20.20,22.10,20.00,25.60,22.40,24.40,22.80,21.90,20.80,22.40,21.80,22.40,21.10,25.20,25.10,22.30,20.30,22.50,21.10,23.60,25.80,24.00,24.20,21.60,20.00,21.60,24.30,23.20,23.00,22.80,20.60,23.00,24.10,24.70,23.70,21.90,24.60,22.00,20.70
TLM_RCV,-53,FG-ALPHA,1713170022,AUTO,0,31.17,5.50,-85,85.74,7.99,3.28,5.02,1015,434,0,290,22.91,1013.40,11.90,404.50,12.42,46.15,1080,1,1713169989,GSN-01,-91,25.10,76.40,40,0,1,7.78,84,8.51,24.00,22.60,21.90,21.20,21.70,21.40,22.30,21.20,22.60,21.70,20.90,22.40,21.20,23.10,21.80,24.10,24.60,22.40,20.00,24.60,23.60,21.40,25.40,25.00,20.50,20.80,25.20,25.50,20.00,25.70,25.20,22.20,20.50,22.40,23.90,20.80,24.20,23.00,25.60,21.70,24.00,20.30,23.00,22.80,23.40,20.70,25.00,20.00,20.40,25.90,21.30,23.00,20.80,25.90,21.00,25.20,24.60,23.70,24.60,23.30,24.30,23.00,24.80,23.70
TLM_RCV,-62,FG-ALPHA,1713170023,AUTO,0,33.24,5.00,-85,85.78,7.99,3.29,5.02,866,449,0,304,22.08,1013.30,12.10,406.00,12.42,46.15,1080,1,1713169990,GSN-01,-77,25.10,80.40,47,0,0,7.80,85,8.52,24.60,25.30,24.70,23.50,21.70,23.80,20.70,25.90,21.60,21.80,20.20,22.80,22.90,22.00,24.50,21.20,25.70,21.80,24.40,20.40,24.80,23.40,25.40,20.20,22.70,23.70,25.00,20.90,20.40,23.40,24.50,22.90,23.50,20.70,24.10,23.30,21.80,23.20,23.60,21.70,24.50,25.00,23.80,23.90,23.80,22.00,21.10,24.30,24.50,20.20,24.80,20.30,23.50,21.60,21.10,22.40,22.30,25.30,20.20,21.30,23.60,20.40,20.30,20.40
TLM_RCV,-83,FG-ALPHA,1713170024,AUTO,0,33.33,5.00,-85,85.81,7.99,3.28,5.02,827,465,0,306,21.81,1013.30,12.00,406.30,12.42,46.15,1080,1,1713169977,GSN-01,-77,25.30,76.90,40,0,1,7.78,84,8.52,21.80,22.00,23.40,23.40,25.40,23.30,21.60,22.60,23.40,23.00,23.00,21.70,24.50,22.00,25.70,25.10,25.70,24.60,20.00,24.80,22.40,23.60,20.20,21.20,20.00,21.30,22.20,20.70,21.80,21.80,22.70,25.40,22.40,25.10,25.20,22.30,23.60,24.40,24.80,22.00,24.10,20.40,25.00,25.90,22.20,20.60,24.80,24.60,21.10,21.20,21.70,25.80,22.10,23.80,21.30,24.30,21.60,21.30,25.00,25.60,25.90,23.50,25.70,24.00
TLM_RCV,-67,FG-ALPHA,1713170025,AUTO,0,31.05,5.00,-85,85.86,8.00,3.29,5.02,917,410,0,258,22.53,1012.90,12.10,404.90,12.43,46.15,1080,1,1713169992,GSN-01,-77,24.10,75.80,42,0,0,7.81,85,8.53,22.30,23.30,25.80,24.00,24.10,24.60,24.40,24.10,24.10,20.40,20.90,24.90,21.40,25.80,25.20,24.30,25.30,21.50,22.10,20.00,22.20,23.00,20.30,22.30,24.10,25.90,25.80,20.30,25.80,21.90,20.00,22.70,20.00,24.80,25.30,25.50,22.50,21.30,24.60,25.30,23.40,24.90,25.00,22.70,20.60,24.30,23.60,25.90,21.00,23.30,21.60,21.60,21.40,20.60,24.20,23.70,22.40,24.00,22.10,23.60,24.00,24.30,24.90,25.40
TLM_RCV,-66,FG-ALPHA,1713170026,AUTO,0,31.08,5.00,-85,85.82,8.00,3.31,5.02,0,417,0,267,22.08,1013.50,11.80,405.60,12.43,46.15,1080,1,1713169995,GSN-01,-74,25.80,78.50,40,0,0,7.80,84,8.53,24.40,21.00,25.30,22.20,22.40,23.60,22.10,25.50,20.10,22.50,25.30,22.30,23.10,20.80,22.00,20.70,22.20,23.50,22.80,23.60,20.50,21.30,23.90,25.90,23.10,21.50,20.90,25.20,25.10,20.10,25.40,20.30,21.80,25.20,25.90,24.50,22.70,21.50,22.70,20.60,21.90,24.50,25.70,22.60,21.60,20.70,23.50,22.30,20.70,25.10,20.50,22.40,22.30,23.30,24.20,24.00,20.30,22.90,20.00,24.40,24.80,22.30,21.40,22.40
TLM_RCV,-80,FG-ALPHA,1713170027,AUTO,0,32.21,5.00,-85,85.89,8.00,3.30,5.02,1143,442,0,285,23.50,1013.30,11.90,406.40,12.43,46.15,1080,1,1713169979,GSN-01,-79,25.30,73.50,46,0,0,7.78,85,8.54,23.40,25.50,23.80,24.70,20.60,25.50,20.30,21.00,23.30,20.10,20.30,21.20,25.80,25.70,23.20,24.40,24.20,22.30,20.40,21.50,24.50,21.90,25.70,20.40,21.30,24.60,24.80,25.30,21.70,22.50,23.80,23.00,22.00,24.20,22.80,20.10,22.20,25.70,21.40,20.90,23.10,24.20,21.90,22.00,22.40,25.70,22.30,20.90,25.50,24.50,21.00,21.90,23.10,25.10,23.30,23.80,23.80,23.60,24.60,21.60,23.60,24.10,25.90,23.60
TLM_RCV,-92,FG-ALPHA,1713170028,AUTO,0,31.19,5.00,-85,85.97,8.00,3.28,5.02,1195,439,0,283,23.78,1013.10,11.80,405.20,12.43,46.15,1080,1,1713169970,GSN-01,-77,23.40,83.00,40,0,0,7.82,85,8.54,21.40,23.90,25.40,24.70,24.80,21.50,20.20,20.30,25.10,21.00,25.90,25.90,23.60,23.60,25.70,20.70,21.40,25.10,21.70,24.70,25.50,20.60,21.20,25.50,25.80,23.40,22.50,24.20,23.30,24.30,21.00,24.50,21.20,23.70,25.50,22.30,20.70,23.10,24.30,21.10,21.50,25.50,25.00,25.10,23.50,20.60,24.40,24.50,20.20,23.20,20.40,25.30,21.80,23.90,23.30,25.10,20.50,23.30,24.00,23.90,23.00,21.20,22.90,20.50
TLM_RCV,-56,FG-ALPHA,1713170029,AUTO,0,32.11,5.00,-85,86.01,8.00,3.30,5.02,813,422,0,270,21.95,1013.00,11.80,405.70,12.43,46.15,1080,1,1713169987,GSN-01,-72,25.70,78.80,47,0,0,7.80,84,8.55,22.10,25.60,21.40,25.00,25.00,22.40,21.60,23.30,23.30,25.10,25.80,24.30,23.10,23.00,25.00,22.20,22.70,20.20,22.00,23.80,24.40,21.10,25.60,21.20,25.30,21.90,20.90,24.80,21.00,20.70,20.90,25.50,21.70,21.10,22.40,25.50,21.00,25.30,21.70,24.90,24.80,25.10,20.10,25.70,22.70,24.50,24.40,20.20,24.70,24.10,20.90,20.50,22.90,24.60,20.70,24.00,20.60,23.00,20.60,23.70,20.90,21.40,20.10,25.10
TLM_RCV,-77,FG-ALPHA,1713170030,AUTO,0,31.14,5.00,-85,86.08,8.00,3.28,5.02,1142,427,0,282,23.58,1012.80,11.90,404.70,12.43,46.15,1080,1,1713170016,GSN-01,-95,24.50,77.20,46,0,0,7.80,84,8.55,20.50,22.40,22.80,21.80,20.00,21.50,25.80,24.70,22.30,20.30,23.10,24.50,20.20,20.90,23.30,25.00,24.50,24.00,20.90,21.60,21.40,20.10,21.60,25.20,23.10,20.10,24.00,24.80,20.70,23.20,22.00,24.30,23.80,21.40,21.80,22.20,20.50,21.30,24.30,24.90,24.00,24.70,25.30,23.90,24.10,23.50,25.00,23.30,24.70,23.30,20.20,22.00,24.70,23.90,25.00,20.20,23.10,24.00,22.40,20.70,25.70,25.70,24.80,20.00
TLM_RCV,-89,FG-ALPHA,1713170031,AUTO,0,32.47,5.00,-85,86.12,7.99,3.31,5.02,884,495,0,342,21.94,1013.40,12.10,404.90,12.43,46.15,1080,1,1713169988,GSN-01,-77,23.30,78.80,41,0,0,7.82,85,8.56,20.90,20.10,21.40,22.30,23.70,20.90,23.60,21.50,21.60,20.60,25.50,22.80,20.40,24.50,25.80,20.90,21.50,25.60,25.40,21.10,24.20,25.50,24.00,24.40,21.80,20.00,25.90,22.10,23.60,24.30,25.50,20.50,21.80,21.30,22.00,22.00,24.20,20.90,24.70,20.40,20.00,22.50,21.00,23.50,21.30,21.80,25.50,21.60,20.00,25.60,20.70,21.90,21.60,25.20,25.00,24.50,23.90,22.20,22.90,23.10,23.30,22.80,21.50,23.90
TLM_RCV,-46,FG-ALPHA,1713170032,AUTO,0,32.40,5.00,-85,86.07,7.99,3.29,5.02,0,479,0,329,22.40,1013.10,12.10,406.00,12.43,46.15,1080,1,1713169994,GSN-01,-88,25.30,80.70,43,0,0,7.78,84,8.56,22.10,23.60,25.40,23.70,24.70,22.50,23.60,24.50,24.00,21.80,21.70,20.40,22.00,23.90,23.30,23.80,21.30,25.40,22.70,20.30,23.90,20.30,24.80,23.80,23.40,24.60,21.50,23.20,25.70,21.90,24.60,20.90,21.40,22.40,24.30,21.80,21.90,23.00,23.40,25.60,24.80,21.70,22.30,21.70,23.10,20.30,23.80,20.80,21.80,20.10,23.40,21.50,25.20,20.10,22.10,23.80,25.50,25.10,24.60,22.80,21.90,22.40,21.60,24.80
TLM_RCV,-81,FG-ALPHA,1713170033,AUTO,0,32.42,5.00,-85,86.11,7.99,3.30,5.02,848,483,0,342,21.83,1013.40,11.90,404.90,12.43,46.15,1080,1,1713170002,GSN-01,-80,25.40,78.50,40,0,1,7.78,84,8.57,24.80,25.50,20.10,22.80,20.90,23.20,22.50,21.10,24.70,24.80,21.90,21.80,24.60,20.70,21.80,24.50,23.30,23.70,24.20,25.70,22.90,25.00,20.20,24.30,25.40,24.50,22.90,21.50,24.10,21.40,24.80,20.50,21.10,22.90,23.00,25.10,22.50,24.70,24.20,25.50,24.20,23.20,20.90,25.40,22.80,24.50,25.20,24.80,21.50,22.60,22.30,22.50,20.50,25.90,22.30,24.30,22.40,23.20,24.50,21.20,24.70,25.50,25.70,22.20
TLM_RCV,-79,FG-ALPHA,1713170034,AUTO,0,32.49,5.00,-85,86.14,7.99,3.28,5.02,833,497,0,349,21.68,1013.50,12.10,406.30,12.43,46.15,1080,1,1713170010,GSN-01,-79,23.70,74.70,48,0,1,7.78,84,8.57,21.90,20.60,22.20,20.10,23.90,20.20,22.50,25.80,24.70,24.70,21.20,20.00,25.30,23.20,22.20,20.20,22.00,25.00,22.50,20.60,20.20,23.70,21.90,23.90,22.20,24.60,23.70,21.20,22.70,25.60,20.90,20.70,20.30,20.60,22.70,21.80,21.90,23.50,21.60,20.50,23.00,21.40,20.70,22.70,21.60,25.40,21.70,22.30,23.00,24.40,22.60,21.50,24.80,21.10,22.60,22.20,24.00,20.00,20.70,24.40,22.90,23.20,20.70,23.90
TLM_RCV,-62,FG-ALPHA,1713170035,AUTO,0,32.19,5.00,-85,86.19,8.00,3.29,5.02,975,439,0,287,22.68,1012.90,12.10,406.30,12.44,46.15,1080,1,1713169991,GSN-01,-71,23.80,79.30,49,0,0,7.81,85,8.58,20.30,70.60,23.30,24.90,25.90,23.70,23.30,24.30,20.80,23.00,21.40,24.50,20.60,20.90,21.10,21.10,23.70,22.10,21.80,24.90,25.40,23.10,20.90,25.50,20.90,23.70,24.20,21.70,22.40,22.10,20.80,22.60,23.70,21.80,20.80,23.20,21.50,22.30,24.80,21.20,23.60,22.30,25.90,24.40,21.30,23.30,23.10,24.00,23.60,23.70,23.20,20.50,20.40,24.80,25.20,23.00,21.90,25.10,23.00,23.10,24.90,21.00,23.10,23.80
TLM_RCV,-89,FG-ALPHA,1713170036,AUTO,0,32.35,5.00,-85,86.26,8.00,3.30,5.02,1146,470,0,330,23.38,1013.10,11.80,406.20,12.44,46.15,1080,1,1713169988,GSN-01,-89,25.20,75.10,49,0,1,7.80,85,8.58,22.40,24.90,24.50,25.30,22.90,22.10,23.20,22.80,24.20,25.20,23.30,24.60,23.80,22.00,22.40,22.20,25.00,23.30,20.50,20.50,21.70,20.00,22.30,21.50,25.50,24.50,20.50,25.80,22.10,25.10,22.70,20.20,24.30,23.70,24.10,20.30,25.80,23.60,24.50,24.20,21.30,23.20,22.20,20.80,20.60,20.40,20.10,25.20,22.90,25.00,22.10,22.60,24.80,22.00,25.40,24.70,25.90,23.30,22.70,23.00,21.40,24.50,24.40,22.30
TLM_RCV,-51,FG-ALPHA,1713170037,AUTO,0,32.10,5.00,-85,86.32,8.01,3.29,5.02,977,420,0,270,22.78,1012.90,11.90,405.60,12.44,46.15,1080,1,1713170005,GSN-01,-83,23.90,81.20,43,0,0,7.82,84,8.59,23.00,21.20,22.30,23.30,21.50,22.00,24.90,25.80,21.90,23.00,20.10,24.30,22.20,25.60,82.90,24.70,20.50,21.10,25.60,20.60,23.10,20.30,22.70,24.80,23.00,25.30,24.30,25.80,22.50,22.30,25.60,24.60,25.20,25.30,20.00,23.50,21.40,25.30,22.00,21.40,23.30,21.70,22.80,24.70,24.50,23.90,23.10,25.40,24.70,22.90,22.50,22.00,23.30,25.30,21.90,24.00,22.90,24.20,24.00,25.70,24.40,21.30,20.80,22.00
TLM_RCV,-87,FG-ALPHA,1713170038,AUTO,0,33.04,5.00,-85,86.38,8.01,3.31,5.02,1018,408,0,250,23.05,1013.10,12.00,405.80,12.44,46.15,1080,1,1713169992,GSN-01,-78,25.90,83.00,49,0,1,7.78,85,8.59,24.70,24.10,22.50,22.00,25.90,24.20,24.40,22.40,23.80,21.00,24.90,24.20,25.90,24.00,25.20,25.10,23.90,22.30,25.20,20.90,22.60,21.40,21.80,22.10,24.70,22.70,24.10,24.10,25.00,25.70,21.20,24.50,20.20,25.40,22.60,20.80,20.80,24.20,23.20,24.40,25.40,24.70,21.50,20.40,24.10,22.50,24.20,20.10,20.50,21.20,24.60,25.20,23.80,20.40,23.20,21.40,21.40,25.20,22.00,24.60,21.80,20.50,24.40,21.50
TLM_RCV,-64,FG-ALPHA,1713170039,AUTO,0,33.09,5.00,-85,86.45,8.01,3.28,5.02,1121,418,0,270,23.51,1013.10,12.10,405.60,12.44,46.15,1080,1,1713169985,GSN-01,-92,24.60,83.00,44,0,1,7.82,84,8.60,20.00,24.00,23.40,23.60,24.60,22.20,21.00,21.80,22.20,22.90,24.10,22.00,24.50,25.90,22.60,21.70,21.70,23.60,23.60,20.00,23.50,20.00,25.40,25.10,25.80,23.40,25.10,22.80,20.80,25.30,20.00,22.90,21.20,21.80,22.50,25.10,24.20,22.10,24.30,22.20,21.50,24.50,21.50,25.00,21.10,20.60,20.60,22.70,22.20,23.40,22.30,21.70,21.20,25.00,20.80,24.10,25.00,23.70,20.00,23.20,20.80,25.30,20.80,24.00
TLM_RCV,-93,FG-ALPHA,1713170040,AUTO,0,33.29,5.00,-85,86.50,8.01,3.31,5.02,937,458,0,299,22.40,1013.50,12.10,404.80,12.44,46.15,1080,1,1713170010,GSN-01,-93,25.70,78.20,44,0,0,7.79,84,8.60,25.30,22.20,24.00,21.00,22.20,20.90,23.60,25.10,24.10,25.60,23.90,21.30,24.30,24.20,21.00,22.60,21.70,22.50,22.50,23.00,24.20,22.30,22.90,20.00,20.10,25.90,23.00,25.30,23.30,24.70,21.60,23.70,23.70,24.30,22.80,22.10,20.50,25.80,21.50,24.00,21.60,20.10,23.00,22.60,21.10,22.10,21.60,23.60,20.80,21.50,20.60,23.90,22.70,22.60,23.30,24.20,24.80,23.80,23.10,25.10,20.20,23.30,23.80,25.00
TLM_RCV,-70,FG-ALPHA,1713170041,AUTO,0,31.20,5.00,-85,86.55,8.01,3.30,5.02,1022,441,0,299,22.91,1013.50,11.80,404.70,12.44,46.15,1080,1,1713169985,GSN-01,-85,25.10,82.90,46,0,0,7.82,84,8.61,21.20,22.60,22.10,23.90,21.00,23.30,23.60,22.50,25.20,23.00,22.40,20.70,23.00,21.30,23.70,24.40,23.70,21.80,21.80,22.90,25.20,25.90,24.80,20.00,24.50,21.50,25.80,23.00,24.70,23.60,21.60,21.30,22.00,25.10,21.00,21.50,20.10,25.50,20.10,21.50,22.60,25.90,20.50,25.00,21.60,20.00,23.50,21.70,21.60,25.00,20.30,24.10,22.30,20.30,20.90,20.30,20.60,23.70,20.00,23.80,23.00,23.80,25.50,24.60
TLM_RCV,-61,FG-ALPHA,1713170042,AUTO,0,31.42,5.00,-85,86.59,8.01,3.29,5.02,824,484,0,333,21.70,1013.20,12.00,404.80,12.44,46.15,1080,1,1713170013,GSN-01,-87,25.50,75.50,45,0,0,7.79,85,8.61,20.00,20.80,25.30,25.00,21.50,24.60,21.30,24.70,23.50,23.90,22.30,20.20,24.50,24.10,22.20,24.30,20.00,23.80,20.10,20.50,22.80,24.80,22.60,21.60,22.50,22.20,21.90,25.70,22.40,21.20,23.90,22.40,24.20,20.30,20.10,22.30,23.30,24.80,23.70,23.20,21.60,21.00,21.00,24.70,20.10,22.40,23.10,22.10,22.60,20.10,23.40,25.80,20.10,25.40,23.50,24.10,23.80,20.90,23.80,23.80,22.10,21.60,20.30,24.60
TLM_RCV,-80,FG-ALPHA,1713170043,AUTO,0,32.06,5.00,-85,86.64,8.02,3.30,5.02,979,411,0,269,22.84,1013.20,11.90,405.80,12.44,46.15,1080,1,1713170004,GSN-01,-90,23.20,82.50,40,0,0,7.79,85,8.62,23.70,20.20,24.80,20.10,24.90,25.60,20.60,20.50,24.40,23.30,21.50,24.40,23.80,23.50,21.20,24.60,25.90,20.60,20.10,24.80,20.90,20.60,25.30,77.80,25.10,20.10,22.70,22.30,22.20,25.90,24.60,20.90,23.20,25.70,20.00,24.50,24.30,25.60,25.10,24.70,22.60,20.70,23.00,23.80,25.60,21.10,25.60,22.70,23.70,20.80,21.00,20.30,24.60,22.90,21.30,24.20,22.90,23.70,21.30,20.20,23.80,23.10,23.00,25.40
TLM_RCV,-69,FG-ALPHA,1713170044,AUTO,0,32.37,5.00,-85,86.71,8.01,3.30,5.02,1117,473,0,327,23.22,1012.90,11.90,404.50,12.44,46.15,1080,1,1713170008,GSN-01,-71,25.20,76.80,42,0,1,7.79,85,8.62,23.50,20.10,23.90,24.50,20.80,21.30,25.70,25.20,20.10,21.40,21.10,22.30,25.00,25.90,21.60,24.60,25.70,22.80,21.20,20.60,22.00,21.30,23.60,25.50,22.10,20.20,22.60,23.90,25.60,25.50,25.10,21.60,23.30,20.50,23.80,25.60,21.70,25.50,25.70,20.50,20.40,23.30,21.00,24.40,22.80,20.80,25.40,22.30,21.10,22.30,24.00,20.70,25.70,21.60,23.80,20.70,20.70,21.20,25.00,25.40,22.70,24.10,22.30,24.40
TLM_RCV,-54,FG-ALPHA,1713170045,AUTO,0,32.29,5.00,-85,86.76,8.01,3.29,5.02,992,459,0,308,22.67,1012.90,12.00,405.90,12.45,46.15,1080,1,1713169992,GSN-01,-76,25.30,75.70,46,0,0,7.80,85,8.63,23.60,23.80,23.80,20.00,21.20,24.40,22.40,21.90,24.10,25.20,24.60,22.30,21.40,25.30,22.80,21.50,23.60,20.10,24.20,20.90,21.30,24.40,24.60,23.30,23.10,21.20,23.20,22.50,22.90,20.90,25.40,25.80,23.50,22.30,20.20,23.40,23.90,25.00,24.60,24.10,20.40,21.50,25.10,23.60,25.10,24.00,25.50,22.80,23.00,20.20,24.70,24.40,22.10,20.20,25.30,25.90,25.40,24.00,23.20,20.30,25.70,20.40,21.50,21.90
TLM_RCV,-72,FG-ALPHA,1713170046,AUTO,0,32.42,5.00,-85,86.80,8.01,3.30,5.02,896,484,0,336,22.06,1013.40,11.90,404.60,12.45,46.15,1080,1,1713169995,GSN-01,-84,25.50,80.60,46,1,0,7.82,85,8.63,24.40,25.70,21.30,23.80,21.20,20.20,20.70,21.80,23.00,23.00,23.90,21.90,23.40,24.10,22.30,21.20,22.20,20.20,20.90,23.90,23.30,23.30,22.90,25.70,22.20,20.20,21.60,24.60,20.70,24.40,20.30,21.60,71.60,23.60,23.60,20.00,20.10,24.70,21.20,22.30,22.80,23.10,22.60,21.10,24.10,25.80,25.00,22.00,21.20,25.10,20.20,23.80,24.80,24.50,25.80,24.30,24.00,25.80,24.90,23.80,21.20,24.00,21.00,25.50
TLM_RCV,-86,FG-ALPHA,1713170047,AUTO,0,31.05,5.00,-85,86.88,8.02,3.31,5.02,1156,410,0,270,23.73,1013.20,11.80,404.70,12.45,46.15,1080,1,1713170036,GSN-01,-82,25.60,78.20,43,0,0,7.82,84,8.64,22.60,25.70,24.40,24.20,25.20,20.30,22.00,24.90,23.20,23.90,80.30,24.00,21.10,25.30,24.10,25.30,25.10,21.70,20.70,22.50,20.10,22.90,23.00,20.30,25.30,21.50,22.70,20.30,22.20,24.40,23.20,24.20,23.40,22.80,20.60,25.90,20.70,22.40,21.00,21.30,23.90,22.80,23.30,22.10,23.50,24.50,25.20,22.90,25.10,20.90,21.40,21.20,20.10,22.70,25.10,23.50,25.00,22.60,22.30,20.20,21.30,21.10,22.90,20.30
TLM_RCV,-91,FG-ALPHA,1713170048,AUTO,0,32.06,5.00,-85,86.95,8.03,3.30,5.02,1119,411,0,262,23.54,1012.80,12.10,405.60,12.45,46.15,1080,1,1713170031,GSN-01,-91,24.20,78.90,48,0,0,7.81,84,8.64,22.10,20.10,22.80,20.40,21.50,25.50,25.10,24.20,23.50,22.40,25.50,24.80,24.70,24.40,25.20,24.10,21.40,23.00,24.50,24.50,25.00,21.00,22.00,24.20,22.60,25.70,25.40,25.40,23.80,21.30,21.10,24.80,25.20,21.30,21.40,22.50,25.80,23.20,21.60,22.10,21.10,23.20,22.20,24.90,22.60,22.30,22.40,20.40,21.80,25.40,23.90,21.70,25.10,24.10,22.50,21.80,25.10,20.80,24.70,21.90,22.50,24.50,21.20,23.00
TLM_RCV,-84,FG-ALPHA,1713170049,AUTO,0,32.49,5.00,-85,86.90,8.01,3.30,5.02,0,497,0,349,22.49,1013.30,11.90,405.00,12.45,46.15,1080,1,1713170007,GSN-01,-90,24.70,74.00,46,0,0,7.80,84,8.65,24.10,22.70,24.60,23.90,20.50,21.30,24.30,20.90,24.10,24.60,25.40,22.50,20.40,24.80,23.10,23.80,25.40,22.40,23.80,24.60,21.60,20.50,25.10,20.90,21.50,20.60,22.50,23.70,24.00,24.50,24.90,24.40,24.80,25.30,24.60,21.10,20.00,23.80,22.60,20.50,24.20,23.50,25.20,22.40,23.30,21.80,21.70,22.80,25.00,22.60,23.40,21.60,22.90,22.90,25.30,21.60,25.60,20.80,23.10,24.20,25.30,20.10,24.40,23.10
TLM_RCV,-85,FG-ALPHA,1713170050,AUTO,0,31.05,5.00,-85,86.94,8.03,3.31,5.02,839,410,0,256,22.15,1013.60,11.90,404.50,12.45,46.15,1080,1,1713170020,GSN-01,-88,24.70,78.60,41,0,0,7.78,85,8.65,20.50,22.50,25.40,24.40,24.70,25.20,23.00,25.70,24.00,23.00,25.60,20.50,22.60,25.80,21.30,21.30,24.50,22.00,22.40,25.30,20.90,20.40,23.40,22.50,24.00,24.60,24.30,20.20,25.00,23.20,22.50,25.60,20.00,24.60,22.20,25.70,24.50,23.50,25.80,25.50,20.70,23.50,21.90,25.50,21.60,25.50,20.50,24.10,22.40,20.40,24.90,20.80,22.90,21.00,23.80,21.20,24.80,20.90,24.90,23.20,22.20,24.40,24.60,21.90
TLM_RCV,-84,FG-ALPHA,1713170051,AUTO,0,33.40,5.00,-85,87.00,8.02,3.30,5.02,1016,480,0,323,22.68,1013.10,11.90,405.30,12.45,46.15,1080,1,1713170037,GSN-01,-75,24.90,78.50,42,0,0,7.78,85,8.66,24.70,22.50,24.90,24.80,21.40,20.50,24.50,24.30,70.10,20.80,23.90,22.60,20.60,22.40,22.90,20.90,21.90,25.40,23.10,24.50,23.90,20.20,25.30,21.50,20.50,23.10,22.70,20.20,20.00,24.20,25.20,20.80,25.20,25.70,20.30,25.20,23.30,23.20,20.70,22.20,20.30,24.20,25.80,25.30,25.90,21.30,23.50,24.10,22.10,23.10,23.40,20.90,25.20,22.50,22.70,23.60,21.90,23.00,24.50,25.30,20.20,20.60,21.00,21.70
TLM_RCV,-46,FG-ALPHA,1713170052,AUTO,0,32.40,5.00,-85,86.95,8.01,3.29,5.02,0,480,0,340,22.40,1013.00,12.00,405.40,12.45,46.15,1080,1,1713169996,GSN-01,-74,25.30,79.80,46,0,0,7.82,84,8.66,24.10,20.10,21.30,25.70,21.70,23.90,25.70,25.40,24.80,25.60,23.00,24.20,20.80,23.80,21.80,21.20,22.00,23.60,22.30,21.70,20.30,25.80,24.40,23.70,20.30,21.00,21.30,23.10,20.90,24.60,24.00,20.00,20.60,23.40,24.60,21.70,23.10,24.40,20.30,25.30,22.60,21.60,22.10,20.10,22.60,23.20,23.00,22.30,24.70,21.00,23.90,25.60,23.40,24.70,20.80,21.80,24.20,20.00,25.20,25.60,20.60,24.80,20.60,23.60
TLM_RCV,-68,FG-ALPHA,1713170053,AUTO,0,32.19,5.00,-85,86.90,8.02,3.29,5.02,0,437,0,278,22.18,1012.70,11.80,405.00,12.45,46.15,1080,1,1713170040,GSN-01,-93,23.80,74.50,44,0,0,7.82,84,8.67,22.40,20.10,20.00,24.30,25.40,23.00,20.20,21.40,24.10,23.30,20.70,22.50,20.70,24.80,22.00,22.70,20.20,21.20,23.70,23.90,20.90,23.20,23.40,24.70,20.70,21.30,24.10,24.10,25.50,23.90,25.60,25.20,22.30,20.00,25.50,23.80,21.30,23.50,24.40,23.50,23.10,23.60,23.60,25.10,22.30,25.80,25.70,21.40,23.50,24.20,24.60,25.40,73.40,21.20,20.40,22.50,22.20,22.50,23.40,21.10,22.20,21.30,25.50,25.40
TLM_RCV,-42,FG-ALPHA,1713170054,AUTO,0,31.20,5.00,-85,86.94,8.02,3.29,5.02,843,440,0,282,22.01,1012.70,11.80,405.10,12.45,46.15,1080,1,1713170037,GSN-01,-76,25.60,76.70,48,1,0,7.80,84,8.67,24.20,21.80,21.50,25.40,24.70,25.80,25.30,23.90,24.40,20.60,20.80,23.40,23.30,23.70,22.00,25.80,24.30,23.40,21.40,24.00,22.00,24.20,24.90,25.00,21.00,20.30,22.10,24.30,20.90,25.20,25.90,20.80,20.70,24.70,25.00,23.60,21.30,24.20,20.30,21.30,20.80,20.50,22.70,23.60,24.20,24.30,20.50,24.30,24.20,24.60,24.30,23.20,23.40,25.10,23.90,25.70,23.70,22.20,23.50,21.90,23.10,25.70,24.10,20.60
TLM_RCV,-51,FG-ALPHA,1713170055,AUTO,0,33.02,5.00,-85,86.98,8.03,3.31,5.02,802,404,0,256,21.99,1013.30,11.90,404.70,12.46,46.15,1080,1,1713169997,GSN-01,-71,24.00,73.80,44,0,0,7.78,84,8.68,24.50,20.60,23.30,20.90,24.00,20.40,24.60,21.90,25.90,25.70,22.80,23.20,24.80,25.30,23.80,21.80,24.70,24.30,23.30,20.40,20.20,23.30,22.50,23.70,23.30,23.10,20.60,20.30,25.60,25.60,24.30,22.10,23.20,24.00,20.50,21.80,22.60,24.30,21.10,23.10,22.70,21.50,20.20,20.90,23.20,25.40,24.50,20.70,24.30,24.20,24.20,23.50,23.70,23.50,25.30,22.30,25.90,20.00,25.00,22.50,20.70,24.20,22.30,25.10
TLM_RCV,-49,FG-ALPHA,1713170056,AUTO,0,33.40,5.00,-85,87.03,8.02,3.31,5.02,971,481,0,327,22.45,1013.50,12.00,405.10,12.46,46.15,1080,1,1713170032,GSN-01,-85,25.60,76.10,42,0,0,7.82,84,8.68,25.20,20.80,23.40,20.20,23.30,22.30,24.90,24.00,22.40,25.50,22.40,21.20,23.20,22.00,23.40,23.70,22.00,23.30,20.60,24.20,24.00,20.10,20.80,20.90,23.40,21.30,24.00,20.70,24.40,20.70,21.10,20.60,23.20,24.10,24.10,23.10,25.60,21.30,22.60,22.60,24.10,24.30,23.30,23.40,23.70,21.20,24.20,24.80,20.00,22.70,24.70,21.30,24.40,24.70,23.60,22.90,22.50,25.10,25.10,22.00,22.90,23.50,24.90,21.60
TLM_RCV,-75,FG-ALPHA,1713170057,AUTO,0,33.46,5.00,-85,87.08,8.02,3.28,5.02,1004,491,0,347,22.57,1012.90,11.90,404.50,12.46,46.15,1080,1,1713170035,GSN-01,-87,24.30,74.00,43,0,0,7.81,85,8.69,20.50,21.90,24.50,21.00,20.40,23.90,24.70,22.40,25.50,25.40,23.30,20.80,20.00,21.20,23.20,23.10,22.10,21.60,21.40,25.30,24.10,23.60,20.30,22.30,21.90,20.80,22.10,24.30,21.50,22.20,21.00,20.70,23.50,23.60,20.90,22.00,24.70,25.10,20.20,25.20,24.50,23.40,23.80,24.70,22.80,21.70,23.70,21.90,22.30,22.90,21.40,25.00,20.90,23.40,23.30,23.80,20.20,20.80,21.60,24.40,22.80,24.40,20.70,23.40
TLM_RCV,-92,FG-ALPHA,1713170058,AUTO,0,32.29,5.00,-85,87.12,8.02,3.29,5.02,849,458,0,302,21.95,1012.90,11.90,405.90,12.46,46.15,1080,1,1713170002,GSN-01,-90,23.00,79.60,45,0,1,7.81,85,8.69,25.10,21.40,25.60,22.60,25.10,23.20,23.50,20.90,25.60,24.80,21.50,22.50,20.90,20.80,20.00,23.50,25.90,23.90,22.00,24.40,21.40,23.30,23.20,20.70,20.70,25.50,25.30,22.60,23.20,20.30,23.30,21.00,21.20,24.50,20.90,24.50,23.20,21.80,24.20,25.30,21.30,20.30,24.20,25.70,24.30,23.80,23.90,22.80,20.00,24.90,21.60,21.10,24.90,24.20,24.90,22.10,24.50,21.10,25.70,22.90,20.20,22.70,24.50,25.60
TLM_RCV,-77,FG-ALPHA,1713170059,AUTO,0,31.46,5.00,-85,87.19,8.02,3.30,5.02,1196,492,0,335,23.52,1013.00,11.90,406.00,12.46,46.15,1080,1,1713170041,GSN-01,-86,23.40,78.10,44,0,0,7.79,84,8.70,23.70,23.40,24.60,25.40,20.00,23.90,20.20,20.80,22.20,24.50,21.70,23.00,22.10,24.90,25.30,25.40,22.90,24.60,23.50,23.80,25.60,21.10,21.90,20.30,22.40,24.40,22.90,20.20,24.00,20.10,23.20,22.20,22.20,20.10,24.60,23.50,24.60,21.30,23.50,23.70,25.70,24.90,20.50,25.40,23.80,22.20,21.40,24.50,21.60,23.60,23.00,23.80,22.50,20.40,25.20,24.40,21.80,23.70,20.30,22.50,22.40,22.20,25.00,21.80
TLM_RCV,-58,FG-ALPHA,1713170060,AUTO,0,33.10,5.00,-85,87.27,8.03,3.29,5.02,1179,420,0,264,23.80,1013.10,12.00,404.60,12.46,46.15,1080,1,1713170023,GSN-01,-84,25.60,82.90,47,0,0,7.82,84,8.70,25.30,23.70,24.60,20.10,25.00,25.60,23.90,22.70,25.00,20.20,24.30,22.10,24.00,25.90,23.80,20.90,22.40,22.10,22.40,25.50,23.10,20.50,23.70,25.60,20.30,24.10,20.90,23.00,20.30,20.90,22.50,24.00,23.60,22.40,20.30,21.50,21.40,24.30,20.00,23.80,21.00,22.10,23.00,22.20,24.60,21.50,21.70,23.00,22.60,23.50,24.00,20.40,22.30,21.40,23.90,24.10,20.40,21.50,21.90,22.40,23.90,25.20,21.10,21.10
TLM_RCV,-74,FG-ALPHA,1713170061,AUTO,0,33.17,5.00,-85,87.34,8.03,3.31,5.02,1136,435,0,292,23.50,1013.20,12.10,406.40,12.46,46.15,1080,1,1713170047,GSN-01,-80,23.90,76.70,41,0,0,7.82,84,8.71,24.60,24.70,22.80,22.20,22.30,21.70,22.40,23.40,25.70,22.20,21.10,20.40,23.30,22.00,24.30,20.40,24.10,21.90,21.80,21.70,20.70,24.00,20.80,25.40,21.40,22.80,22.70,23.60,23.70,21.40,24.10,20.70,24.30,22.60,24.70,24.30,25.10,23.50,21.10,21.10,20.70,25.10,25.20,23.30,22.80,21.50,22.60,25.80,22.40,24.40,23.70,21.20,23.60,22.50,23.30,23.00,25.10,23.20,24.00,20.30,22.30,21.10,25.60,21.40
TLM_RCV,-62,FG-ALPHA,1713170083,AUTO,2,33.71,5.00,-85,88.60,8.05,3.31,4.93,892,541,129,260,21.75,1013.30,12.10,406.30,10.98,46.15,1080,1,1713170051,GSN-01,-85,24.70,77.10,42,0,0,7.81,85,8.71,24.70,21.00,25.50,20.00,25.90,21.90,21.20,20.90,20.40,21.50,25.30,20.30,25.10,23.80,23.60,20.10,23.20,23.00,25.70,25.90,24.60,23.80,23.50,24.60,21.50,21.50,25.10,25.70,22.00,25.50,25.70,22.70,25.20,24.50,20.10,23.20,22.70,21.80,22.50,22.50,23.60,25.10,20.40,22.30,20.00,23.10,25.30,24.70,23.50,20.50,24.50,20.60,22.90,20.80,25.90,25.60,25.40,23.30,25.80,24.90,22.10,23.90,23.20,23.60
TLM_RCV,-60,FG-ALPHA,1713170084,AUTO,2,31.68,5.00,-85,88.55,8.04,3.28,4.99,0,536,118,278,22.68,1013.50,11.80,405.00,10.98,46.15,1080,1,1713170031,GSN-01,-89,23.10,76.10,41,0,0,7.81,85,8.72,24.80,21.60,22.20,20.30,23.10,24.00,21.60,25.40,24.20,21.20,21.80,25.50,20.20,23.10,25.10,20.30,20.90,25.80,21.10,22.50,20.30,23.60,22.00,25.90,22.20,23.70,24.00,23.30,21.20,20.70,20.10,21.30,22.80,20.90,24.70,24.10,23.30,20.30,23.10,20.60,24.90,21.30,24.50,22.50,21.60,20.70,25.40,21.80,21.00,22.10,23.20,21.90,25.10,21.50,25.10,24.40,23.90,23.90,22.70,23.90,24.80,20.20,22.10,22.40
TLM_RCV,-59,FG-ALPHA,1713170085,AUTO,2,31.59,5.00,-85,88.62,8.05,3.30,4.91,1194,518,123,254,23.38,1013.20,11.80,405.30,10.99,46.15,1080,1,1713170027,GSN-01,-95,24.30,79.50,48,0,0,7.82,85,8.72,24.50,20.80,21.80,20.60,21.90,20.60,22.20,21.60,25.90,22.30,24.80,20.30,24.00,21.50,25.00,23.60,21.70,22.60,25.80,22.00,24.10,23.80,24.20,20.40,25.80,25.60,24.40,25.90,22.70,20.00,22.90,21.30,23.20,24.00,22.80,22.20,22.50,24.50,20.40,23.30,21.50,23.10,21.10,21.20,24.60,20.60,20.80,22.00,20.90,20.90,22.60,25.30,24.20,23.10,24.80,25.90,20.80,25.70,22.00,25.60,22.20,25.50,21.30,21.50
TLM_RCV,-87,FG-ALPHA,1713170086,AUTO,2,33.87,5.00,-85,88.64,8.04,3.29,4.91,826,574,101,324,21.26,1012.70,11.80,405.50,10.99,46.15,1080,1,1713170062,GSN-01,-93,24.90,79.00,44,0,0,7.82,84,8.73,22.70,22.40,24.70,24.50,20.20,23.50,23.70,21.50,20.70,25.60,25.80,22.40,23.20,21.10,20.50,20.30,22.60,22.20,23.30,23.10,21.30,22.40,22.00,21.00,21.40,25.60,21.40,25.70,25.70,23.50,23.90,25.20,25.90,24.00,22.80,23.20,22.50,24.50,20.00,25.10,21.30,20.00,24.50,21.90,22.80,20.20,23.00,20.50,20.70,20.70,22.40,25.40,25.30,21.60,25.40,23.50,22.60,20.10,25.80,20.60,20.80,22.70,24.50,25.50
TLM_RCV,-93,FG-ALPHA,1713170087,AUTO,2,32.08,5.00,-85,88.58,8.03,3.30,4.96,0,616,143,317,23.08,1013.60,11.90,405.10,10.99,46.15,1080,1,1713170036,GSN-01,-80,25.80,79.40,49,0,0,7.81,85,8.73,25.30,23.70,20.40,25.30,23.10,23.40,22.10,20.30,23.90,23.60,25.50,21.70,22.70,25.60,24.90,20.70,24.80,23.70,25.00,23.60,21.40,22.20,22.60,22.00,23.00,24.90,24.80,21.60,24.70,22.30,23.50,25.10,20.80,25.50,24.60,25.40,23.40,25.00,22.80,24.80,24.80,24.60,20.20,24.60,23.40,20.10,23.90,20.80,22.40,20.90,22.00,24.00,23.20,22.00,24.00,20.90,20.80,23.80,20.50,24.30,22.30,20.80,24.00,23.50
TLM_RCV,-54,FG-ALPHA,1713170088,AUTO,2,31.64,5.00,-85,88.63,8.05,3.31,4.93,987,527,110,268,22.30,1013.00,11.80,405.50,10.99,46.15,1080,1,1713170052,GSN-01,-94,25.00,77.60,49,0,0,7.81,85,8.74,20.30,24.10,25.00,23.20,20.60,21.60,24.00,23.50,21.70,21.50,22.80,25.90,20.20,22.80,24.70,24.60,24.60,21.90,22.60,20.90,21.40,21.00,22.40,20.50,24.70,21.10,21.80,25.20,24.30,24.90,25.90,23.90,20.40,24.60,23.80,25.00,24.60,22.90,20.70,21.40,25.30,23.50,24.80,24.10,21.80,22.60,21.10,24.80,25.40,21.20,21.10,21.40,25.20,25.70,22.10,22.90,22.20,21.70,22.70,22.30,21.00,21.10,23.00,23.60
TLM_RCV,-73,FG-ALPHA,1713170089,AUTO,2,33.71,5.00,-85,88.57,8.04,3.31,4.99,0,541,115,272,22.70,1013.60,12.10,404.50,10.99,46.15,1080,1,1713170035,GSN-01,-79,24.50,78.20,42,0,0,7.79,84,8.74,24.70,23.30,22.40,24.30,20.50,22.30,21.10,23.60,25.90,22.00,24.70,24.80,22.80,25.80,24.30,20.80,21.50,25.50,24.70,20.30,21.60,20.30,22.40,24.70,22.60,22.10,24.70,21.30,22.50,21.60,24.30,24.40,24.80,24.70,21.70,20.80,20.30,21.90,20.80,20.10,24.80,23.00,23.70,22.30,21.80,25.30,20.90,25.00,22.50,25.00,20.50,22.00,25.70,23.00,22.00,22.60,25.20,21.10,21.70,20.40,23.40,24.70,21.90,20.40
TLM_RCV,-91,FG-ALPHA,1713170090,AUTO,2,32.79,5.00,-85,88.64,8.04,3.29,4.90,1199,559,106,297,23.20,1013.30,12.10,405.30,10.99,46.15,1080,1,1713170047,GSN-01,-71,23.10,82.30,46,0,0,7.82,84,8.75,20.90,24.50,21.70,21.30,24.30,23.10,25.60,20.70,23.10,21.50,23.40,23.20,23.80,21.30,20.00,20.20,21.20,21.60,24.90,25.20,20.20,21.20,25.60,23.40,25.30,25.70,20.80,24.80,23.70,20.10,22.60,24.80,20.30,25.20,24.60,21.10,21.80,21.30,20.60,22.70,23.10,21.70,21.00,25.80,22.50,23.30,25.20,22.40,24.90,25.60,22.80,24.00,22.80,23.00,25.70,21.60,25.40,22.50,21.80,25.60,21.80,21.60,24.90,21.80
TLM_RCV,-62,FG-ALPHA,1713170091,AUTO,2,32.96,5.00,-85,88.68,8.04,3.29,4.97,1043,592,144,293,22.25,1012.80,12.10,405.30,10.99,46.15,1080,1,1713170075,GSN-01,-94,23.60,78.10,44,0,0,7.80,85,8.75,23.00,20.80,21.60,23.30,25.60,21.20,21.70,20.80,25.30,25.40,21.60,22.40,21.50,24.80,24.70,22.90,24.30,23.50,21.70,25.70,22.90,20.30,21.40,22.70,22.80,22.50,23.10,23.70,22.70,25.50,24.90,21.20,24.90,21.60,22.30,23.00,23.90,25.20,24.00,23.10,25.90,21.60,21.10,25.60,24.70,24.00,21.40,20.80,23.20,24.30,20.00,24.80,25.50,20.70,23.70,20.60,24.10,23.00,24.70,24.00,22.40,22.50,21.70,21.20
TLM_RCV,-86,FG-ALPHA,1713170092,AUTO,2,33.10,5.00,-85,88.73,8.04,3.31,4.97,1125,621,128,340,22.52,1012.80,12.00,405.60,10.99,46.15,1080,1,1713170054,GSN-01,-73,24.00,81.20,41,0,1,7.81,84,8.76,23.40,25.80,25.80,24.40,22.80,21.80,25.10,21.80,22.00,22.40,22.10,21.20,24.70,24.10,23.20,21.30,20.10,21.30,23.20,22.90,22.30,25.30,25.20,20.40,21.30,22.00,21.50,21.30,21.10,21.20,23.80,23.40,25.80,20.60,21.80,24.60,25.70,25.90,24.90,23.40,24.00,20.60,24.90,23.10,20.90,24.20,24.00,20.80,23.50,20.20,24.90,25.60,23.00,23.90,23.20,21.20,22.10,25.20,25.30,24.80,21.20,21.60,20.10,23.30
TLM_RCV,-77,FG-ALPHA,1713170093,AUTO,2,31.91,5.00,-85,88.79,8.04,3.30,4.94,1112,581,115,321,22.66,1012.80,11.90,406.10,10.99,46.15,1080,1,1713170069,GSN-01,-92,23.60,81.10,47,0,0,7.81,84,8.76,25.00,23.30,24.50,21.40,22.80,23.70,22.90,23.90,25.30,23.80,21.50,20.80,24.40,23.40,25.60,25.50,24.00,23.00,23.70,22.80,22.90,24.10,25.80,22.80,22.50,23.10,22.30,22.00,22.70,25.20,21.40,23.60,23.30,21.70,23.00,22.70,22.60,24.30,21.30,25.60,20.60,22.80,21.00,24.90,24.00,21.80,20.10,25.10,21.90,23.00,24.10,25.80,23.40,20.30,22.10,21.30,22.70,21.70,21.30,24.10,21.40,25.30,21.90,23.60
TLM_RCV,-79,FG-ALPHA,1713170094,AUTO,2,31.99,5.00,-85,88.81,8.04,3.31,4.91,854,597,125,317,21.28,1013.60,11.90,405.00,10.99,46.15,1080,1,1713170040,GSN-01,-80,23.20,76.70,44,0,0,7.82,84,8.77,22.90,22.20,22.00,21.70,20.90,23.60,25.70,22.60,23.40,25.80,24.30,25.90,20.00,22.70,22.40,20.60,24.80,22.60,20.70,20.50,25.60,20.80,24.00,24.00,21.20,22.30,20.50,24.00,25.00,25.00,21.70,20.10,20.00,25.30,20.80,21.40,20.80,25.90,25.20,20.10,21.00,25.00,22.70,20.00,24.60,21.80,25.60,24.10,21.80,23.50,22.30,21.60,24.80,22.60,20.80,22.20,22.90,24.50,20.40,24.70,20.70,20.80,21.20,23.90
TLM_RCV,-75,FG-ALPHA,1713170095,AUTO,2,33.09,5.00,-85,88.86,8.04,3.28,4.92,1069,618,136,335,22.25,1013.00,12.00,405.90,11.00,46.15,1080,1,1713170076,GSN-01,-92,24.40,75.90,45,0,0,7.78,84,8.77,24.30,21.60,22.70,22.00,23.20,24.80,25.70,24.80,23.50,22.60,23.10,24.80,20.30,22.30,25.90,20.60,25.70,21.80,22.80,25.20,20.00,22.30,20.40,23.10,23.90,23.80,24.00,25.70,23.30,23.80,21.00,22.30,25.90,24.90,23.60,23.10,25.80,22.80,23.40,22.10,25.30,23.60,23.30,25.70,23.50,20.70,20.20,25.50,22.90,24.80,21.80,23.10,24.40,24.00,22.90,22.80,21.80,23.80,25.50,23.30,21.90,23.80,25.30,21.00
TLM_RCV,-84,FG-ALPHA,1713170096,AUTO,2,32.77,5.00,-85,88.91,8.05,3.28,4.96,1115,554,137,260,22.81,1013.30,11.90,405.90,11.00,46.15,1080,1,1713170079,GSN-01,-94,23.70,80.80,42,0,0,7.81,84,8.78,21.50,21.10,22.80,20.30,24.10,25.00,25.50,20.40,25.60,22.80,23.90,73.10,24.90,20.40,25.90,23.70,23.00,21.40,21.20,20.40,20.70,24.80,20.00,24.20,24.50,23.60,22.70,22.40,22.60,24.40,20.60,22.30,23.90,25.20,24.70,20.00,20.10,23.90,20.20,23.10,24.20,25.40,21.50,23.00,21.90,25.70,25.40,24.70,24.10,25.90,20.90,21.30,23.20,21.10,22.30,24.80,23.50,24.80,20.30,23.00,24.00,23.30,21.10,22.20
TLM_RCV,-53,FG-ALPHA,1713170097,AUTO,2,34.00,5.00,-85,88.97,8.05,3.29,4.97,1155,600,140,311,22.77,1012.80,11.80,404.90,11.00,46.15,1080,1,1713170041,GSN-01,-86,25.00,75.10,44,1,0,7.78,84,8.78,25.20,23.70,20.00,25.50,20.90,23.00,24.10,21.70,22.00,24.70,23.30,22.30,23.60,20.60,21.90,25.60,24.00,25.30,21.30,22.00,23.20,20.80,21.30,21.40,24.10,23.00,21.50,22.60,24.10,23.50,20.20,23.40,23.10,23.90,23.70,20.80,20.80,21.90,21.50,21.20,22.70,21.40,21.90,25.20,23.70,22.80,20.00,21.60,25.50,20.70,21.50,24.70,24.00,21.40,21.40,24.00,23.70,24.70,24.40,24.90,22.80,22.40,20.50,23.80
TLM_RCV,-81,FG-ALPHA,1713170098,AUTO,2,32.58,5.00,-85,89.03,8.06,3.31,4.97,1115,515,109,264,23.00,1012.80,12.00,405.00,11.00,46.15,1080,1,1713170057,GSN-01,-82,25.10,82.10,40,0,0,7.81,85,8.79,21.30,25.20,24.10,21.10,24.40,21.80,24.50,20.10,23.40,24.80,21.90,21.40,23.20,22.80,22.00,25.60,23.80,24.50,21.20,23.70,25.00,21.40,23.10,22.70,24.00,20.30,21.70,25.10,22.10,22.80,20.20,20.00,21.80,23.20,20.00,25.60,22.10,25.50,20.10,22.10,23.10,21.80,22.40,21.80,21.50,23.40,21.50,23.10,20.70,22.60,21.10,21.90,22.00,22.30,22.30,21.00,20.60,20.20,25.40,21.30,23.80,21.50,25.00,25.60
TLM_RCV,-68,FG-ALPHA,1713170099,AUTO,2,34.03,5.00,-85,88.97,8.04,3.29,4.99,0,605,119,341,23.02,1013.30,12.00,405.40,11.00,46.15,1080,1,1713170079,GSN-01,-77,23.40,80.40,45,0,0,7.80,84,8.79,23.30,21.90,20.50,25.10,24.60,25.00,25.10,25.00,22.60,22.60,24.80,20.50,21.50,21.60,20.90,21.70,23.80,20.80,22.40,21.10,21.20,21.20,23.90,24.30,82.80,25.00,24.50,20.20,24.80,22.30,23.30,24.10,23.90,20.00,21.80,25.10,22.40,20.60,21.70,24.00,25.90,24.80,24.50,20.10,24.50,21.10,22.30,20.30,23.10,21.00,23.20,24.50,25.80,20.60,20.20,24.00,22.90,22.40,23.60,25.20,25.50,24.70,25.90,20.90
TLM_RCV,-89,FG-ALPHA,1713170100,AUTO,2,34.19,5.00,-85,89.01,8.04,3.31,4.94,1045,637,137,341,22.04,1013.40,11.90,404.70,11.00,46.15,1080,1,1713170044,GSN-01,-92,23.50,79.60,49,0,0,7.82,85,8.80,24.80,20.00,24.40,21.10,20.50,22.90,24.40,25.40,23.70,21.50,22.60,23.20,21.80,24.50,23.30,22.20,24.00,24.40,22.00,24.60,21.50,21.30,23.40,25.70,20.80,20.10,23.30,21.40,21.60,24.10,20.20,24.30,24.60,25.80,25.20,23.00,22.10,24.30,24.30,20.90,25.00,20.00,25.00,25.10,25.80,20.00,23.20,21.80,22.20,22.70,24.90,21.90,23.30,24.30,20.20,21.80,24.60,23.70,23.20,21.80,24.60,24.10,22.90,20.00
TLM_RCV,-60,FG-ALPHA,1713170101,AUTO,2,33.97,5.00,-85,89.03,8.05,3.31,4.92,846,593,112,336,21.26,1013.40,11.80,406.00,11.00,46.15,1080,1,1713170053,GSN-01,-91,25.60,75.00,49,0,0,7.79,85,8.80,25.80,25.30,20.40,22.20,22.60,21.70,21.70,25.00,24.50,24.80,20.80,20.90,21.90,24.00,22.00,25.70,20.70,20.00,21.30,24.40,23.80,21.90,21.90,20.10,23.00,23.20,21.00,25.50,22.10,21.30,23.40,22.40,21.50,25.00,20.00,23.20,21.90,20.40,20.70,21.80,24.40,22.70,20.30,21.50,24.50,21.30,23.10,22.90,20.50,20.80,23.80,25.00,20.70,25.40,23.70,24.40,22.10,25.10,24.50,25.30,22.30,21.20,25.10,22.70
TLM_RCV,-65,FG-ALPHA,1713170102,AUTO,2,31.88,5.00,-85,89.09,8.05,3.29,4.97,1158,576,126,295,22.91,1013.60,12.10,405.90,11.00,46.15,1080,1,1713170049,GSN-01,-82,24.90,73.90,40,0,0,7.79,84,8.81,25.80,23.40,21.90,25.60,23.90,22.10,22.30,22.60,25.20,22.90,25.70,24.50,20.10,24.40,25.30,21.80,24.60,23.90,25.60,20.50,24.80,21.20,25.50,24.00,23.90,23.70,23.50,21.10,21.00,21.90,22.50,23.90,23.10,25.50,24.90,22.60,20.40,24.30,21.10,20.50,21.90,25.20,23.10,22.40,24.90,25.30,24.30,20.30,22.40,25.20,22.70,21.90,23.90,25.20,23.00,24.30,22.50,23.30,21.20,23.80,25.50,20.20,23.30,25.50
TLM_RCV,-92,FG-ALPHA,1713170103,AUTO,2,32.67,5.00,-85,89.16,8.06,3.31,4.94,1166,535,117,274,23.16,1013.30,12.10,404.50,11.00,46.15,1080,1,1713170051,GSN-01,-73,23.50,79.80,49,0,0,7.79,84,8.81,21.50,23.50,22.10,21.10,23.10,21.60,25.20,24.00,24.20,25.60,23.70,21.50,23.20,24.70,23.90,23.80,23.70,23.50,25.70,25.20,23.50,23.60,21.70,21.80,25.00,22.80,20.90,21.00,20.70,20.50,22.40,22.20,25.80,20.40,22.00,21.70,21.00,20.30,25.20,22.70,22.30,23.90,23.70,21.10,24.90,20.60,23.60,22.60,24.60,25.50,22.20,22.60,22.90,20.90,24.60,20.10,22.90,23.40,20.60,25.50,20.60,21.00,21.70,25.30
TLM_RCV,-79,FG-ALPHA,1713170104,AUTO,2,32.71,5.00,-85,89.21,8.06,3.29,4.97,1039,542,101,301,22.49,1013.20,11.90,406.30,11.00,46.15,1080,1,1713170049,GSN-01,-94,25.60,75.20,44,0,0,7.78,85,8.82,20.90,20.00,21.00,21.40,21.20,24.30,24.80,22.80,25.40,22.90,21.70,22.20,20.90,24.80,24.20,22.50,25.70,24.00,20.60,21.30,21.70,21.10,25.30,23.80,24.60,24.20,25.70,24.20,23.90,24.60,25.00,20.20,20.60,25.30,24.70,23.80,25.80,25.50,21.30,24.30,20.80,21.10,20.40,23.60,22.20,24.30,22.80,24.10,24.90,23.70,24.10,25.90,25.70,22.80,23.50,23.40,20.00,20.50,25.80,21.00,22.10,21.00,20.90,21.60
TLM_RCV,-50,FG-ALPHA,1713170105,AUTO,2,31.64,5.00,-85,89.15,8.06,3.30,4.94,0,528,103,276,22.64,1013.10,12.00,404.60,11.01,46.15,1080,1,1713170091,GSN-01,-83,24.00,80.20,44,0,0,7.79,85,8.82,20.80,20.50,23.20,22.60,21.30,23.60,20.90,24.40,23.40,21.70,21.00,23.50,24.10,21.80,24.00,22.30,20.80,23.90,22.30,23.20,22.40,22.30,24.60,24.90,21.40,23.20,25.10,25.90,20.60,23.30,21.50,24.40,22.00,22.50,25.10,20.70,25.10,25.80,22.70,25.30,25.50,24.80,23.60,20.80,24.30,22.20,20.70,20.00,25.70,24.90,23.20,22.60,23.00,25.60,20.70,20.30,20.60,23.10,22.60,22.40,21.70,22.30,25.80,21.80
TLM_RCV,-91,FG-ALPHA,1713170106,AUTO,2,32.88,5.00,-85,89.18,8.05,3.28,4.96,826,577,138,286,21.25,1013.60,12.00,405.10,11.01,46.15,1080,1,1713170057,GSN-01,-85,25.00,80.70,45,1,0,7.79,84,8.83,20.90,22.10,23.70,24.10,21.10,23.30,24.00,21.00,25.70,21.80,21.30,21.00,25.00,21.70,22.30,20.70,20.20,21.20,20.90,20.50,24.20,23.50,24.90,23.30,25.20,23.40,20.80,21.30,25.60,25.80,25.60,75.50,20.00,24.30,24.10,21.60,23.20,23.00,20.40,25.40,21.00,21.00,22.70,23.80,24.60,22.00,25.00,20.10,21.50,20.90,25.90,25.70,25.90,20.10,23.50,20.00,20.00,25.80,24.40,22.10,21.90,21.50,22.30,20.20
TLM_RCV,-94,FG-ALPHA,1713170107,AUTO,2,32.72,5.00,-85,89.21,8.06,3.28,4.90,841,544,131,258,21.49,1013.20,11.90,405.50,11.01,46.15,1080,1,1713170079,GSN-01,-80,25.10,76.50,43,0,0,7.78,84,8.83,25.40,24.60,24.60,20.30,20.70,21.70,22.30,20.40,23.10,22.90,21.30,25.70,21.90,21.50,23.70,24.20,22.10,23.50,24.30,23.30,25.80,22.50,20.70,21.30,23.30,20.70,21.00,20.90,24.70,20.80,22.10,22.50,22.10,22.40,20.00,20.40,20.70,25.50,21.90,23.30,21.50,21.20,22.50,20.30,24.00,23.10,21.90,25.10,22.80,22.40,22.40,21.00,22.30,24.90,23.10,25.20,21.40,22.50,20.50,24.60,24.60,25.60,20.10,25.40
TLM_RCV,-46,FG-ALPHA,1713170108,AUTO,2,32.01,5.00,-85,89.15,8.05,3.30,4.93,0,601,149,296,23.00,1013.50,12.00,405.70,11.01,46.15,1080,1,1713170068,GSN-01,-88,25.80,74.40,41,0,0,7.81,84,8.84,23.60,25.90,23.00,25.20,21.40,23.40,20.20,22.10,24.70,21.20,21.20,24.30,24.70,20.60,20.00,23.50,25.30,20.90,21.30,25.90,21.90,25.00,20.30,23.60,23.30,22.10,20.20,25.80,20.70,22.30,20.00,22.50,22.50,22.50,21.10,20.90,21.50,22.40,23.40,20.90,23.00,22.40,20.80,22.00,21.90,23.20,22.30,20.40,23.30,22.50,22.10,23.90,24.10,20.60,25.50,22.90,22.40,22.10,21.50,20.20,21.40,25.30,24.30,20.50
TLM_RCV,-51,FG-ALPHA,1713170109,AUTO,2,34.04,5.00,-85,89.20,8.05,3.31,4.92,1083,608,107,344,22.37,1013.40,11.80,405.70,11.01,46.15,1080,1,1713170074,GSN-01,-71,23.30,76.30,49,0,0,7.82,84,8.84,22.40,22.50,21.10,22.70,24.00,23.00,24.90,24.80,23.20,21.00,20.20,25.90,24.60,23.30,20.10,21.40,25.20,21.20,23.10,23.10,20.40,20.10,24.30,22.40,23.90,22.40,20.80,22.50,25.30,20.90,20.50,23.60,21.50,20.00,20.00,25.80,24.10,21.70,25.00,24.80,21.70,23.20,20.40,24.10,24.80,23.20,23.50,25.30,20.70,23.20,20.10,23.90,21.30,22.20,24.90,23.60,25.80,21.50,21.70,23.00,25.00,24.20,22.70,23.10
TLM_RCV,-71,FG-ALPHA,1713170110,AUTO,2,32.67,5.00,-85,89.25,8.06,3.31,4.90,1037,533,112,263,22.52,1012.80,11.80,406.20,11.01,46.15,1080,1,1713170079,GSN-01,-87,25.30,75.30,45,0,0,7.82,84,8.85,24.10,21.70,23.20,21.90,20.00,24.00,24.00,24.20,22.40,21.30,24.00,22.00,20.50,24.50,24.10,22.60,23.90,24.90,24.90,25.30,21.60,21.00,23.60,24.30,21.70,23.70,23.60,25.30,20.10,25.10,20.80,21.70,20.80,24.20,25.80,22.60,22.00,23.60,23.80,21.00,22.30,21.90,23.60,23.60,23.20,25.70,20.50,21.40,23.10,22.60,22.60,22.30,23.30,22.70,22.00,21.20,20.50,24.90,21.10,25.90,24.30,25.50,23.80,21.50
TLM_RCV,-78,FG-ALPHA,1713170111,AUTO,2,31.87,5.00,-85,89.30,8.06,3.30,4.91,1120,574,109,310,22.73,1012.90,11.80,404.60,11.01,46.15,1080,1,1713170068,GSN-01,-85,23.50,80.30,41,0,0,7.78,84,8.85,23.30,22.00,24.80,24.90,21.50,25.00,23.30,21.80,20.60,25.80,23.70,24.60,24.80,23.20,25.30,20.10,25.70,21.00,25.70,23.40,22.40,23.80,23.80,21.60,24.80,21.20,20.70,23.90,23.80,22.20,23.60,22.30,23.90,21.00,21.80,23.50,20.80,23.20,24.20,21.20,21.30,21.10,24.00,23.60,20.90,20.20,20.90,23.50,22.20,21.90,21.90,25.40,20.50,23.80,23.90,22.80,21.40,20.30,23.60,20.50,20.30,24.40,25.80,22.20
TLM_RCV,-79,FG-ALPHA,1713170112,AUTO,2,32.78,5.00,-85,89.35,8.06,3.30,4.92,1077,557,109,290,22.60,1013.00,12.10,405.70,11.01,46.15,1080,1,1713170098,GSN-01,-83,25.80,82.10,41,0,0,7.80,84,8.86,22.80,23.80,25.10,20.70,23.10,24.50,24.40,21.20,20.90,21.10,24.50,21.60,22.00,23.00,20.80,23.80,22.20,21.90,25.00,24.00,23.10,23.20,21.00,22.40,24.70,21.70,24.30,20.30,20.50,21.90,22.30,22.10,24.40,20.20,24.20,25.60,21.30,23.20,21.40,22.60,20.80,21.00,23.10,22.00,25.70,24.10,21.40,22.60,20.90,23.50,25.70,24.40,25.90,22.20,23.60,22.80,20.70,25.10,24.50,25.80,24.40,20.40,22.80,24.80
TLM_RCV,-68,FG-ALPHA,1713170113,AUTO,2,33.94,5.00,-85,89.40,8.06,3.28,4.91,1036,589,122,309,22.24,1012.90,12.00,405.80,11.01,46.15,1080,1,1713170062,GSN-01,-95,24.40,83.10,49,0,0,7.79,85,8.86,22.10,22.50,21.70,24.50,23.30,22.80,24.70,22.00,21.50,22.10,20.90,25.60,20.30,24.00,25.70,20.30,23.70,23.80,23.30,25.90,21.90,22.50,24.70,25.10,24.40,24.70,24.20,24.00,24.50,24.50,22.70,23.60,22.50,21.10,24.60,25.50,21.20,22.50,21.70,22.40,24.00,22.60,24.60,21.60,22.60,24.20,23.50,23.70,21.50,22.30,25.50,22.80,20.80,25.50,24.50,24.10,21.40,24.90,20.80,23.60,23.30,22.90,24.90,21.10
TLM_RCV,-57,FG-ALPHA,1713170114,AUTO,2,33.92,5.00,-85,89.43,8.06,3.30,4.99,949,585,125,307,21.82,1012.70,12.10,405.60,11.01,46.15,1080,1,1713170087,GSN-01,-86,23.60,81.20,46,0,0,7.80,84,8.87,20.00,23.00,22.40,21.40,25.90,20.10,25.90,24.50,23.40,25.90,21.50,24.90,21.10,25.00,20.00,22.00,20.10,25.00,24.20,23.50,22.60,22.40,24.60,21.90,20.40,23.80,20.80,24.20,23.10,24.30,22.70,25.30,23.20,24.20,24.70,25.30,24.30,20.50,24.90,25.30,21.50,21.00,20.20,23.50,20.30,20.80,23.10,21.90,24.70,22.80,22.20,21.60,23.50,21.10,21.90,23.60,24.80,22.10,25.60,22.20,24.70,23.30,23.90,23.10
TLM_RCV,-84,FG-ALPHA,1713170115,AUTO,2,34.01,5.00,-85,89.47,8.06,3.28,4.90,974,601,112,343,21.86,1012.70,12.00,404.80,11.02,46.15,1080,1,1713170068,GSN-01,-72,23.00,74.40,47,0,0,7.81,84,8.87,20.20,20.80,22.50,24.80,22.40,23.90,23.70,21.10,25.30,23.10,25.70,22.60,22.80,23.30,25.80,20.70,22.50,20.90,22.80,25.70,24.80,22.80,24.40,21.60,25.00,25.60,25.30,22.90,22.70,20.60,24.80,25.20,24.90,23.40,21.30,22.90,25.20,20.20,24.20,20.50,23.40,23.40,22.70,22.60,23.10,22.20,25.00,23.50,22.80,23.20,20.80,23.40,21.70,25.40,24.20,21.80,23.60,21.10,24.60,21.10,21.90,21.30,25.80,24.70
TLM_RCV,-82,FG-ALPHA,1713170116,AUTO,2,33.03,5.00,-85,89.53,8.06,3.30,4.91,1163,605,127,320,22.79,1012.70,12.00,405.10,11.02,46.15,1080,1,1713170103,GSN-01,-93,24.40,76.30,45,0,0,7.82,84,8.88,23.90,22.50,22.00,22.90,23.90,22.70,22.30,25.40,20.80,23.60,20.20,25.90,24.30,25.50,20.50,24.20,23.10,23.50,22.90,25.50,23.10,20.80,21.50,20.50,24.50,23.60,21.40,21.10,22.30,23.90,25.90,24.10,20.90,25.00,23.20,24.10,22.50,20.80,25.50,23.30,25.90,24.20,20.20,25.50,23.80,20.30,20.30,24.40,23.30,21.50,21.40,21.50,25.90,22.70,25.10,20.80,21.30,21.00,23.40,24.50,22.00,24.60,24.90,21.70
TLM_RCV,-66,FG-ALPHA,1713170117,AUTO,2,31.70,5.00,-85,89.55,8.07,3.30,4.94,808,540,129,258,21.34,1013.10,11.80,405.50,11.02,46.15,1080,1,1713170080,GSN-01,-77,23.20,77.50,46,0,0,7.80,84,8.88,21.20,22.40,20.20,20.70,24.70,23.10,24.20,22.00,23.90,25.50,23.60,21.20,20.50,20.00,21.60,21.20,24.90,22.10,23.40,24.30,24.10,21.10,24.50,22.60,24.80,22.80,23.20,22.70,21.80,25.10,25.50,20.70,24.80,21.70,23.10,23.90,25.20,25.10,21.90,22.00,23.80,20.80,23.10,23.90,24.40,21.20,20.90,21.50,25.00,25.10,23.70,22.60,24.00,22.20,20.50,20.00,24.90,20.00,21.90,25.20,23.20,24.00,22.40,25.80
TLM_RCV,-57,FG-ALPHA,1713170118,AUTO,2,32.78,5.00,-85,89.50,8.06,3.30,4.96,0,556,124,280,22.78,1013.10,11.80,404.60,11.02,46.15,1080,1,1713170097,GSN-01,-81,24.60,76.20,43,0,0,7.82,85,8.89,23.20,22.80,20.80,24.50,21.50,22.80,25.50,21.50,23.10,25.60,24.90,21.10,25.30,20.10,25.00,22.10,21.00,25.30,22.20,23.50,22.90,20.50,21.90,22.80,24.10,24.80,21.30,22.30,24.60,25.50,23.70,20.80,23.30,20.00,24.90,21.10,23.70,25.20,23.40,25.60,20.10,20.90,20.60,23.10,22.40,24.50,23.00,20.00,20.40,22.60,22.10,21.20,25.50,25.60,24.30,25.60,22.70,24.40,22.10,24.90,24.90,23.50,24.60,22.30
TLM_RCV,-77,FG-ALPHA,1713170119,AUTO,2,31.62,5.00,-85,89.53,8.07,3.30,4.98,863,524,101,267,21.69,1013.20,11.80,406.00,11.02,46.15,1080,1,1713170074,GSN-01,-78,23.60,83.00,48,0,0,7.81,84,8.89,23.30,23.50,20.70,20.30,22.40,23.70,22.70,23.10,22.60,23.30,20.10,23.00,25.40,21.30,25.70,21.90,21.80,24.50,21.10,20.10,25.20,23.00,20.50,24.70,20.00,20.20,21.80,22.80,24.60,22.60,25.80,24.60,23.50,22.20,20.70,22.60,25.90,20.90,20.30,20.90,25.20,24.10,22.10,22.50,23.60,20.30,21.90,20.00,20.20,25.60,23.50,22.10,21.70,24.10,24.70,20.50,25.80,24.30,21.30,20.80,21.90,21.20,25.60,23.10
TLM_RCV,-51,FG-ALPHA,1713170120,AUTO,2,32.65,5.00,-85,89.59,8.07,3.31,4.97,1070,529,104,276,22.70,1013.10,11.90,406.40,11.02,46.15,1080,1,1713170095,GSN-01,-93,23.70,81.60,41,0,0,7.82,84,8.90,20.90,20.80,20.10,21.20,21.20,24.70,22.70,23.40,22.70,22.80,22.70,20.50,24.10,22.10,25.80,20.90,21.70,25.60,23.20,25.10,25.10,23.60,23.00,22.80,23.80,20.70,24.90,23.60,22.80,23.90,23.60,22.30,23.00,25.50,24.40,20.20,20.70,24.40,21.00,21.10,24.50,23.30,20.60,22.80,20.90,24.20,24.00,23.30,24.90,24.50,20.60,25.60,21.80,25.70,23.50,23.20,23.50,21.40,23.60,22.70,21.60,20.10,25.10,23.30
TLM_RCV,-73,FG-ALPHA,1713170121,AUTO,2,33.89,5.00,-85,89.62,8.06,3.28,4.94,947,578,111,327,21.84,1013.60,12.10,404.60,11.02,46.15,1080,1,1713170109,GSN-01,-89,23.40,76.60,40,0,0,7.78,84,8.90,25.40,24.60,20.90,25.40,20.80,25.60,24.80,20.60,24.30,25.40,21.10,20.50,20.70,21.60,25.10,25.60,22.00,23.30,24.20,22.80,23.30,25.80,20.20,21.70,25.40,24.70,21.60,21.00,20.40,25.30,25.20,23.20,20.70,21.30,23.30,21.30,25.30,22.10,25.10,20.00,23.50,25.00,25.10,20.00,22.20,23.20,23.80,23.00,25.60,20.90,24.40,23.30,25.40,20.30,25.50,20.10,24.80,21.00,24.80,25.80,25.60,22.70,24.60,24.60
TLM_RCV,-78,FG-ALPHA,1713170122,AUTO,2,34.10,5.00,-85,89.67,8.06,3.29,4.99,1142,621,142,337,22.60,1012.90,12.00,406.40,11.02,46.15,1080,1,1713170078,GSN-01,-80,25.30,83.00,41,0,0,7.79,85,8.91,23.60,24.40,22.70,24.20,23.60,25.50,24.20,23.30,23.90,24.30,25.90,22.00,22.00,23.50,23.90,21.20,20.20,21.10,21.00,23.40,23.40,21.40,21.40,22.50,23.50,25.90,20.50,24.80,25.90,20.70,20.70,23.90,23.30,20.80,20.50,24.80,21.90,21.60,20.30,25.70,20.90,20.30,23.20,25.10,22.00,21.10,23.60,25.10,20.20,21.80,23.90,22.80,23.60,20.30,22.80,22.40,23.40,24.90,21.50,22.40,22.10,25.10,24.90,24.40
TLM_RCV,-75,FG-ALPHA,1713170123,AUTO,2,32.90,5.00,-85,89.62,8.06,3.28,4.98,0,580,136,300,22.90,1012.70,11.90,405.60,11.02,46.15,1080,1,1713170072,GSN-01,-89,25.80,75.50,41,0,0,7.82,85,8.91,21.10,20.10,21.70,21.00,21.30,24.70,21.40,22.20,21.30,22.40,22.60,25.90,23.00,22.50,22.00,20.80,24.50,23.00,20.60,21.80,25.10,21.50,23.70,20.00,21.70,23.60,24.00,24.00,20.10,25.40,22.00,22.60,22.20,22.20,22.20,23.70,23.40,20.40,23.80,22.30,21.20,21.50,24.50,23.00,23.90,21.70,25.00,21.20,23.60,21.40,24.30,25.10,22.30,24.60,21.10,20.90,24.30,20.50,22.40,22.10,21.70,21.60,22.70,24.00
TLM_RCV,-92,FG-ALPHA,1713170145,AUTO,2,33.69,5.00,-85,90.25,8.09,3.30,4.96,983,539,115,272,22.22,1012.70,11.80,405.80,11.05,46.15,1080,1,1713170134,GSN-01,-73,23.20,75.50,42,0,0,7.78,85,8.92,20.20,86.20,23.10,21.40,22.20,21.60,25.40,23.20,21.80,25.80,22.50,24.20,21.20,25.10,21.20,23.90,24.30,20.30,25.60,21.20,20.90,24.30,25.70,22.70,25.90,22.80,20.30,24.00,24.30,20.00,20.10,21.90,23.50,24.90,24.70,25.40,25.50,24.70,24.90,20.70,22.60,25.70,24.40,24.00,23.60,24.70,21.20,23.20,21.90,22.00,23.80,23.40,25.50,20.20,20.70,24.10,23.80,23.90,24.70,22.20,22.30,23.60,20.80,22.30
TLM_RCV,-88,FG-ALPHA,1713170146,AUTO,2,31.86,5.00,-85,90.19,8.08,3.31,4.92,0,573,120,309,22.86,1012.90,11.80,405.50,11.05,46.15,1080,1,1713170135,GSN-01,-79,23.80,78.60,48,0,0,7.82,85,8.92,23.20,23.10,22.40,20.90,23.30,25.50,22.60,23.90,22.20,20.70,20.10,20.80,20.10,24.40,23.70,21.90,22.80,20.20,22.70,23.50,20.80,25.20,24.10,22.40,20.30,21.90,25.40,24.10,20.80,23.10,22.90,21.40,20.20,23.30,25.80,23.30,24.90,23.00,23.80,20.90,21.20,21.70,21.80,23.60,22.20,24.20,25.30,24.80,22.90,22.10,21.60,23.00,20.20,23.10,22.40,23.50,24.60,21.70,21.60,22.40,23.90,25.50,22.60,24.60
TLM_RCV,-79,FG-ALPHA,1713170147,AUTO,2,31.91,5.00,-85,90.24,8.08,3.31,4.90,1075,582,140,284,22.47,1012.80,11.90,405.90,11.05,46.15,1080,1,1713170093,GSN-01,-91,25.50,80.40,48,0,1,7.82,84,8.93,21.90,21.70,23.70,23.30,25.70,25.80,20.00,20.20,21.80,23.00,23.00,22.30,25.70,23.30,23.60,21.80,25.00,25.30,25.70,24.40,23.20,25.00,21.00,21.50,24.10,24.50,25.20,24.90,25.00,24.90,22.70,24.70,21.20,22.90,23.70,21.60,24.20,20.70,20.60,24.00,24.20,22.20,20.90,22.70,22.60,24.30,24.80,20.50,21.90,20.30,20.30,23.70,20.30,20.60,25.30,20.20,20.10,22.20,22.10,20.20,21.60,24.60,25.70,25.20
TLM_RCV,-81,FG-ALPHA,1713170148,AUTO,2,33.05,5.00,-85,90.18,8.07,3.30,4.98,0,610,126,333,23.05,1013.40,12.00,406.30,11.05,46.15,1080,1,1713170106,GSN-01,-75,23.50,82.70,48,0,1,7.81,84,8.93,20.90,22.00,21.70,25.90,24.70,24.80,21.90,25.20,22.40,22.50,22.70,25.00,23.00,22.00,24.00,24.00,25.60,22.60,23.60,25.50,23.40,25.70,20.60,22.80,20.90,20.50,25.60,25.00,22.70,23.70,23.80,22.90,23.80,21.40,25.80,25.70,20.90,23.20,24.60,23.10,20.30,22.50,20.00,21.60,21.20,24.80,20.30,20.50,22.40,24.50,22.70,20.90,23.10,25.80,25.60,22.20,24.20,24.90,20.10,22.40,24.20,25.70,22.00,25.50
TLM_RCV,-63,FG-ALPHA,1713170149,AUTO,2,31.87,5.00,-85,90.12,8.08,3.30,4.98,0,575,103,318,22.87,1013.10,12.00,406.30,11.05,46.15,1080,1,1713170137,GSN-01,-79,25.80,74.70,49,0,0,7.78,84,8.94,21.50,23.80,20.00,23.30,25.70,21.50,25.60,20.40,23.00,23.00,24.90,24.30,25.00,20.20,24.90,25.10,23.20,23.30,24.60,25.30,23.90,21.00,22.10,23.40,25.50,21.70,21.70,22.10,20.30,25.60,24.70,23.00,24.50,25.40,25.00,24.20,23.10,21.20,21.50,21.40,24.80,24.50,20.30,24.00,21.10,21.80,23.60,25.20,20.80,25.00,25.20,24.80,25.20,20.50,22.10,22.40,23.20,24.60,20.90,22.70,25.90,22.50,25.80,20.00
TLM_RCV,-92,FG-ALPHA,1713170150,AUTO,2,32.66,5.00,-85,90.07,8.08,3.31,4.96,0,532,137,252,22.66,1013.50,11.80,406.40,11.05,46.15,1080,1,1713170114,GSN-01,-84,25.80,73.20,44,0,0,7.78,84,8.94,20.00,21.40,23.00,21.40,22.20,24.50,21.70,21.30,25.20,25.90,21.70,24.50,25.10,22.20,24.70,25.00,25.00,20.20,21.00,25.10,24.50,22.30,23.70,23.40,22.50,23.30,25.10,21.00,20.90,23.30,24.90,22.50,20.00,21.30,20.10,20.00,22.90,20.30,24.50,22.30,25.40,21.10,23.50,22.00,23.40,21.30,23.00,24.70,21.30,21.70,20.30,24.80,24.60,22.50,24.10,21.00,22.90,22.80,24.70,20.30,22.20,24.60,22.90,25.80
TLM_RCV,-60,FG-ALPHA,1713170151,AUTO,2,31.62,5.00,-85,90.11,8.08,3.31,4.96,933,525,100,278,22.04,1013.10,12.00,404.80,11.05,46.15,1080,1,1713170136,GSN-01,-79,23.10,77.30,44,0,0,7.80,85,8.95,20.60,20.50,24.80,22.90,24.80,21.80,21.30,25.70,20.40,22.20,20.00,21.50,22.50,22.50,21.70,22.50,24.20,23.00,23.20,24.30,23.60,20.30,22.80,23.10,22.50,21.50,23.50,23.60,23.50,22.20,23.30,25.20,24.40,22.30,24.10,23.50,24.90,25.80,21.60,20.70,22.00,21.10,25.10,22.40,23.70,24.90,21.30,22.90,23.90,25.50,20.70,23.40,22.50,23.60,22.90,22.90,25.90,24.90,25.40,24.40,22.60,23.10,22.90,21.70
TLM_RCV,-89,FG-ALPHA,1713170152,AUTO,2,33.87,5.00,-85,90.16,8.08,3.29,4.94,1008,573,147,279,22.17,1012.80,12.10,405.10,11.05,46.15,1080,1,1713170101,GSN-01,-76,24.40,78.60,41,0,0,7.79,84,8.95,24.10,21.60,24.10,24.50,21.40,23.90,23.60,24.40,20.80,22.50,22.10,20.20,23.20,20.80,20.50,24.60,21.70,21.30,20.30,25.80,25.50,22.20,25.80,21.30,23.90,22.50,20.00,23.50,20.80,23.50,24.90,24.70,24.60,23.80,25.10,22.00,23.30,20.20,21.70,23.10,25.70,21.80,23.40,25.70,24.00,24.70,22.30,24.40,24.90,24.30,25.20,23.00,22.50,22.20,20.00,23.90,21.30,24.40,23.90,24.70,20.60,25.70,20.10,25.20
TLM_RCV,-56,FG-ALPHA,1713170153,AUTO,2,33.66,5.00,-85,90.10,8.08,3.29,4.90,0,532,115,269,22.66,1012.80,12.00,405.30,11.05,46.15,1080,1,1713170100,GSN-01,-72,23.50,74.60,49,0,1,7.80,85,8.96,23.50,23.70,20.20,21.00,22.50,22.60,22.80,24.40,21.50,20.40,21.10,24.30,23.20,22.20,25.70,20.80,25.70,21.20,23.10,21.10,22.00,21.20,21.30,21.10,24.70,21.40,23.40,21.50,21.60,25.30,22.40,25.90,21.50,24.60,21.90,24.60,25.60,24.20,25.40,24.50,20.50,21.80,20.00,21.30,22.70,23.80,21.10,20.00,23.70,24.20,23.60,21.80,24.90,21.60,22.10,24.30,20.50,25.10,22.50,25.40,22.80,23.00,20.00,25.80
TLM_RCV,-82,FG-ALPHA,1713170154,AUTO,2,33.58,5.00,-85,90.16,8.09,3.30,4.90,1087,515,101,274,22.86,1012.70,11.90,405.40,11.05,46.15,1080,1,1713170122,GSN-01,-77,23.30,78.90,47,0,0,7.78,84,8.96,21.00,24.80,20.00,20.30,20.30,21.20,20.30,25.60,25.80,20.20,20.10,24.30,21.20,24.80,24.30,23.10,24.80,24.40,24.70,22.40,22.00,23.10,23.80,21.90,23.10,25.40,23.30,24.90,20.40,21.90,23.70,22.20,24.60,25.10,25.60,24.70,25.10,22.80,20.00,25.80,24.70,25.60,25.00,23.80,24.10,23.20,20.30,25.80,20.20,23.30,25.60,20.30,25.10,20.50,25.90,23.40,22.20,22.30,25.30,20.40,20.60,23.30,25.10,22.80
TLM_RCV,-64,FG-ALPHA,1713170155,AUTO,2,32.04,5.00,-85,90.18,8.07,3.28,4.95,840,608,136,331,21.16,1013.50,12.10,405.40,11.06,46.15,1080,1,1713170135,GSN-01,-78,25.80,74.70,40,0,0,7.78,84,8.97,23.30,24.00,20.70,20.90,20.60,20.90,21.40,22.90,22.50,23.60,20.20,25.10,24.20,22.00,24.90,20.00,21.60,24.30,20.80,24.90,21.40,22.50,21.50,20.00,21.40,24.70,22.10,20.40,20.50,23.20,21.50,22.60,20.00,22.40,25.90,20.50,22.20,25.90,21.40,20.60,22.50,24.60,22.60,22.70,24.10,25.40,21.60,21.30,25.00,24.50,24.50,21.90,25.20,22.60,25.20,24.60,22.70,21.20,21.40,21.50,21.00,25.20,24.80,20.10
TLM_RCV,-87,FG-ALPHA,1713170156,AUTO,2,31.72,5.00,-85,90.21,8.08,3.29,4.95,855,543,121,277,21.56,1013.40,11.90,405.20,11.06,46.15,1080,1,1713170127,GSN-01,-71,23.00,74.30,42,0,0,7.78,84,8.97,20.50,21.70,25.50,21.30,24.30,21.90,25.60,23.00,24.10,25.30,25.30,25.80,22.50,22.60,20.80,22.00,20.20,25.40,20.00,22.90,24.20,20.60,23.50,20.50,25.30,24.10,24.30,20.80,21.20,22.10,22.00,20.50,24.20,25.90,24.40,25.70,23.70,22.30,22.50,23.80,20.70,20.00,22.10,24.80,20.40,20.60,23.70,25.80,25.20,22.90,25.50,25.90,21.60,21.80,24.20,21.20,23.00,23.30,23.60,25.50,21.90,22.70,22.90,20.60
TLM_RCV,-71,FG-ALPHA,1713170157,AUTO,2,33.97,5.00,-85,90.24,8.08,3.29,4.95,860,593,118,326,21.33,1013.10,12.10,405.50,11.06,46.15,1080,1,1713170133,GSN-01,-77,24.70,77.90,43,0,0,7.80,84,8.98,22.50,24.70,24.30,20.70,21.70,23.10,24.90,24.80,23.70,23.80,24.30,23.60,23.50,24.00,24.50,22.60,24.00,25.50,22.90,23.40,20.70,21.50,22.00,20.30,21.70,25.80,25.80,24.40,22.40,23.20,21.30,23.50,21.10,24.80,21.90,20.10,23.30,20.20,21.10,20.50,20.10,22.20,23.60,23.20,20.80,24.70,22.30,20.10,23.90,24.90,25.70,23.60,20.60,20.80,23.10,21.30,24.00,22.90,25.60,22.60,22.80,23.60,21.20,23.80
TLM_RCV,-75,FG-ALPHA,1713170158,AUTO,2,32.81,5.00,-85,90.29,8.08,3.30,4.92,1072,563,116,299,22.55,1013.00,11.90,405.60,11.06,46.15,1080,1,1713170141,GSN-01,-73,25.40,79.50,41,0,0,7.80,84,8.98,22.90,20.30,21.40,24.50,23.50,20.10,24.20,22.20,25.80,20.90,20.80,24.80,23.80,22.20,22.20,23.90,22.80,21.90,24.70,20.00,22.90,20.00,20.30,20.10,25.20,24.60,24.10,23.00,22.90,25.00,20.40,25.80,22.10,21.20,20.20,25.70,22.50,24.30,20.50,21.40,22.90,25.70,22.00,20.50,22.60,21.00,25.90,23.50,22.80,24.90,23.20,21.70,24.20,24.40,21.10,21.30,21.80,23.60,25.00,23.60,22.70,23.80,20.90,25.10
TLM_RCV,-66,FG-ALPHA,1713170159,AUTO,2,33.90,5.00,-85,90.31,8.08,3.29,4.94,808,580,146,283,21.14,1013.20,11.80,404.60,11.06,46.15,1080,1,1713170104,GSN-01,-82,25.70,81.60,44,0,0,7.81,85,8.99,22.90,20.10,20.40,24.90,22.20,24.30,24.10,23.20,20.60,22.60,25.80,22.20,20.20,25.50,24.60,25.60,22.20,24.60,20.60,24.40,22.60,20.80,21.20,25.80,20.90,21.70,21.30,20.80,23.50,25.70,24.90,25.30,25.30,23.90,20.30,24.80,21.90,20.20,22.30,23.80,24.60,24.40,25.50,22.10,21.00,20.90,25.20,22.10,25.60,20.50,22.50,25.30,21.00,24.20,20.90,20.40,25.40,24.70,87.10,21.40,25.30,20.60,20.20,24.20
TLM_RCV,-81,FG-ALPHA,1713170160,AUTO,2,31.80,5.00,-85,90.36,8.08,3.28,4.96,981,560,120,285,22.10,1013.20,12.00,406.20,11.06,46.15,1080,1,1713170115,GSN-01,-72,23.40,80.90,46,0,0,7.80,84,8.99,21.50,21.20,21.50,25.90,24.40,21.20,22.70,25.40,21.80,20.70,20.60,22.00,24.90,23.40,23.00,22.90,23.40,23.40,21.90,24.10,20.40,23.40,21.10,22.80,23.70,24.20,21.30,20.50,21.10,21.40,24.00,22.20,20.90,24.60,22.60,25.30,25.20,21.70,24.10,23.50,24.50,21.80,22.20,21.60,21.50,21.90,23.70,24.60,22.20,22.40,20.60,21.00,25.60,25.50,24.10,22.90,22.80,21.00,25.80,22.40,25.30,23.30,25.50,20.40
TLM_RCV,-60,FG-ALPHA,1713170161,AUTO,2,33.84,5.00,-85,90.30,8.08,3.31,4.98,0,568,134,281,22.84,1013.10,11.90,405.50,11.06,46.15,1080,1,1713170112,GSN-01,-71,24.00,80.20,42,0,0,7.82,84,9.00,20.10,23.30,20.50,22.30,21.60,22.70,20.10,20.00,20.60,22.60,22.40,23.40,24.70,22.70,22.50,24.40,23.30,20.80,23.50,20.50,23.20,22.30,25.00,22.70,20.80,20.50,23.20,24.10,24.80,24.10,25.30,24.70,24.40,25.00,21.40,22.50,24.40,23.80,23.50,22.50,21.70,21.30,21.60,25.40,20.40,22.50,23.80,22.50,20.00,20.90,24.40,23.00,24.10,20.20,22.30,21.20,21.30,20.50,20.20,22.60,24.70,22.00,22.50,20.90
TLM_RCV,-45,FG-ALPHA,1713170162,AUTO,2,33.51,5.00,-85,90.35,8.09,3.28,4.97,1039,501,103,251,22.69,1013.20,11.90,405.00,11.06,46.15,1080,1,1713170150,GSN-01,-78,24.70,82.40,48,0,0,7.80,84,9.00,25.80,24.30,21.40,25.70,21.10,23.80,23.20,22.80,21.70,23.20,22.10,25.90,24.70,21.00,23.40,20.50,21.00,22.40,20.80,23.70,23.40,22.50,21.50,25.80,21.10,25.00,25.90,25.20,20.70,24.20,24.40,20.40,25.60,25.00,24.60,21.00,24.80,24.20,24.60,20.10,21.00,24.90,20.70,21.10,25.10,21.20,23.40,23.80,23.50,20.60,20.60,22.20,20.60,24.00,24.50,22.60,20.30,21.50,24.10,23.90,25.90,24.10,20.00,25.20
TLM_RCV,-46,FG-ALPHA,1713170163,AUTO,2,32.20,5.00,-85,90.39,8.07,3.30,4.96,1046,640,145,341,22.03,1013.30,12.00,405.20,11.06,46.15,1080,1,1713170135,GSN-01,-95,23.50,74.30,43,1,0,7.79,85,9.01,24.80,21.80,25.60,25.00,23.80,21.90,23.40,24.70,24.00,23.50,23.70,22.30,25.50,24.60,24.60,24.10,23.80,21.60,20.50,24.40,23.40,25.70,20.40,20.80,21.10,23.00,22.30,21.30,25.50,22.10,21.00,20.40,23.30,24.20,20.10,20.00,25.30,24.10,20.80,25.80,24.60,20.20,20.40,24.50,22.50,22.00,20.60,22.90,20.20,23.30,20.80,20.40,21.00,20.00,22.70,25.00,20.30,25.90,25.60,20.00,20.60,23.80,24.60,22.30
TLM_RCV,-73,FG-ALPHA,1713170164,AUTO,2,33.19,5.00,-85,90.43,8.07,3.29,4.97,972,637,137,344,21.67,1012.70,11.90,404.50,11.06,46.15,1080,1,1713170122,GSN-01,-91,25.60,80.50,43,0,0,7.79,84,9.01,20.20,22.30,25.50,23.90,21.80,23.90,22.70,20.30,21.40,21.70,24.00,22.40,20.90,21.70,23.00,22.60,22.30,22.40,20.70,24.90,25.00,21.00,24.20,22.60,21.00,24.70,20.60,24.80,20.30,23.90,22.30,21.10,25.40,22.50,21.70,21.30,20.90,23.30,22.90,20.00,21.20,23.70,20.00,20.30,23.10,20.60,23.40,22.80,23.30,22.80,22.90,24.00,21.80,24.00,22.40,24.60,23.90,20.50,21.30,21.20,22.60,23.20,23.30,23.40
TLM_RCV,-56,FG-ALPHA,1713170165,AUTO,2,34.24,5.00,-85,90.44,8.07,3.29,4.98,812,647,149,345,20.83,1013.40,11.90,405.20,11.07,46.15,1080,1,1713170125,GSN-01,-93,25.20,83.00,47,0,0,7.80,84,9.02,25.90,22.10,21.90,24.50,22.90,25.50,21.80,20.80,25.30,23.60,23.50,20.40,20.60,21.50,25.30,25.50,20.30,23.80,24.10,24.80,24.60,22.20,24.50,23.50,25.60,22.90,23.00,22.10,20.10,22.00,25.40,20.70,22.90,23.80,23.60,21.70,24.70,23.90,20.10,23.50,25.80,25.00,22.00,22.40,22.10,22.60,20.60,23.70,21.00,23.30,23.60,20.00,22.60,25.00,25.10,23.60,23.20,20.30,21.20,25.80,24.30,20.80,20.70,23.20
TLM_RCV,-79,FG-ALPHA,1713170166,AUTO,2,32.08,5.00,-85,90.49,8.08,3.31,4.93,1029,617,125,335,22.06,1013.00,12.00,405.70,11.07,46.15,1080,1,1713170148,GSN-01,-78,24.20,74.00,44,0,0,7.79,85,9.02,22.10,21.70,23.90,23.80,20.80,23.10,23.10,20.30,23.90,22.20,22.80,25.60,24.60,21.40,22.30,21.80,25.00,23.80,24.10,23.00,20.70,23.70,21.60,24.90,25.40,20.20,21.30,21.00,25.20,20.70,22.10,25.60,21.00,24.40,20.80,22.30,25.40,23.40,21.60,24.10,20.90,24.00,23.80,24.30,21.80,21.50,24.80,23.60,20.40,23.50,25.50,25.00,24.20,24.70,23.90,24.60,23.20,22.20,24.40,24.80,20.60,22.80,21.10,25.60
TLM_RCV,-53,FG-ALPHA,1713170167,AUTO,2,31.75,5.00,-85,90.54,8.09,3.29,4.98,1086,549,124,274,22.68,1012.70,12.00,406.10,11.07,46.15,1080,1,1713170146,GSN-01,-90,23.80,76.20,46,0,0,7.79,85,9.03,22.00,20.10,25.60,24.40,22.60,21.10,21.10,25.10,22.10,20.90,21.60,20.20,23.90,25.70,23.00,25.40,23.70,22.20,21.90,21.80,23.00,24.10,25.50,23.80,25.60,25.20,21.00,25.60,20.30,25.80,25.20,20.80,21.60,21.40,22.20,20.00,23.50,24.70,24.00,20.70,20.50,23.60,21.70,22.50,25.90,21.70,23.50,21.50,25.90,20.60,21.80,21.80,23.20,23.90,23.00,24.90,25.40,23.20,23.60,21.50,23.20,22.50,22.70,20.40
TLM_RCV,-86,FG-ALPHA,1713170168,AUTO,2,33.71,5.00,-85,90.60,8.09,3.31,4.91,1116,542,123,279,22.87,1013.30,11.80,406.00,11.07,46.15,1080,1,1713170109,GSN-01,-85,25.70,79.00,47,0,0,7.80,85,9.03,25.10,21.80,21.70,20.10,24.10,24.00,22.20,20.90,23.00,25.10,25.70,25.70,25.40,24.70,23.30,23.30,25.20,20.20,20.70,21.20,25.20,21.20,22.20,25.60,21.50,24.10,22.40,24.90,23.50,22.20,20.80,21.00,23.30,23.40,24.20,24.30,24.60,21.90,24.90,23.00,22.50,20.80,25.50,25.80,21.60,23.40,21.60,25.80,23.30,25.40,25.70,25.80,20.70,20.80,21.00,25.30,24.70,21.20,22.40,23.30,25.30,25.20,20.30,22.30
TLM_RCV,-44,FG-ALPHA,1713170169,AUTO,2,33.94,5.00,-85,90.62,8.09,3.30,4.96,823,589,134,296,21.17,1013.30,12.10,405.70,11.07,46.15,1080,1,1713170116,GSN-01,-83,25.20,81.70,41,1,0,7.80,84,9.04,25.80,24.30,24.20,22.90,24.50,23.40,25.00,25.60,24.70,23.90,24.00,21.30,22.30,21.20,25.40,20.40,25.40,22.60,23.50,21.70,24.80,23.50,20.50,20.20,25.80,25.30,24.90,21.50,24.20,23.00,22.00,24.10,22.30,21.60,21.30,22.60,21.40,22.60,25.00,22.00,25.90,22.30,23.70,20.50,24.00,23.80,25.20,23.90,20.60,22.60,21.10,23.20,20.50,23.90,22.20,22.70,21.00,23.40,22.40,21.30,22.70,20.10,22.10,25.80
TLM_RCV,-83,FG-ALPHA,1713170170,AUTO,2,33.80,5.00,-85,90.56,8.09,3.28,4.93,0,560,114,299,22.80,1012.70,11.90,406.20,11.07,46.15,1080,1,1713170112,GSN-01,-80,25.90,80.60,42,0,0,7.78,84,9.04,23.20,25.50,21.50,21.30,20.40,24.10,23.10,20.70,23.00,22.80,23.00,22.20,20.20,20.70,25.90,21.50,21.80,25.30,24.80,20.80,22.10,22.70,20.10,24.80,23.40,24.60,22.50,20.00,20.10,21.50,25.30,21.30,25.70,20.10,24.80,24.60,25.90,20.90,21.40,20.30,20.90,23.60,23.80,23.90,20.70,20.30,23.00,23.90,20.70,24.20,22.90,23.40,25.10,23.70,22.20,21.20,23.70,20.70,24.50,21.50,24.50,21.40,20.70,25.70
TLM_RCV,-74,FG-ALPHA,1713170171,AUTO,2,32.94,5.00,-85,90.61,8.09,3.30,4.97,1071,587,134,307,22.42,1013.50,11.80,404.50,11.07,46.15,1080,1,1713170144,GSN-01,-71,25.70,73.30,45,0,0,7.79,84,9.05,24.50,25.60,22.40,24.00,24.20,24.60,21.40,24.80,20.50,20.10,20.10,21.70,23.40,23.80,20.10,24.50,21.70,25.70,21.90,23.10,25.00,22.90,21.00,20.20,22.50,22.20,23.50,24.20,23.20,25.60,23.80,24.40,21.10,22.20,23.70,23.70,20.40,25.30,22.40,24.40,24.30,23.40,24.60,24.60,24.60,20.50,21.00,22.30,21.20,20.60,25.30,20.00,22.40,24.90,24.60,20.00,21.80,22.80,24.50,21.20,21.80,25.30,23.00,22.50
TLM_RCV,-76,FG-ALPHA,1713170172,AUTO,2,34.10,5.00,-85,90.63,8.08,3.31,4.99,830,621,114,348,21.05,1013.60,11.80,405.70,11.07,46.15,1080,1,1713170125,GSN-01,-84,23.70,80.60,49,0,1,7.80,85,9.05,20.50,22.20,20.20,24.50,21.30,20.60,22.10,20.50,20.70,24.40,23.90,25.20,21.10,25.10,22.10,20.20,23.90,25.70,25.20,21.40,23.20,23.00,25.90,24.60,21.40,24.30,23.30,23.00,24.10,22.80,22.70,22.60,20.10,25.40,22.60,20.70,22.40,24.60,21.10,22.20,23.50,22.70,22.20,23.00,22.90,24.90,23.90,21.80,23.60,25.50,20.30,23.50,20.70,20.50,23.40,25.40,23.60,20.50,22.70,25.60,24.60,21.40,23.80,23.00
TLM_RCV,-95,FG-ALPHA,1713170173,AUTO,2,32.49,5.00,-85,90.58,8.10,3.30,4.90,0,498,104,254,22.49,1013.30,12.10,404.90,11.07,46.15,1080,1,1713170162,GSN-01,-86,25.60,76.00,43,0,0,7.81,84,9.06,22.20,24.70,89.00,24.50,24.50,24.90,25.30,25.00,23.00,22.10,21.00,21.80,20.60,23.80,23.40,25.90,22.80,25.60,23.60,23.50,23.10,25.20,21.20,25.00,24.00,24.70,24.20,20.50,22.10,25.20,22.00,22.70,20.70,21.10,25.20,23.00,25.90,24.80,21.90,21.90,24.50,20.70,22.00,24.50,21.90,22.80,22.10,22.40,20.90,21.20,23.90,20.40,24.00,23.80,24.40,20.50,21.10,22.30,23.80,20.80,21.60,24.40,25.10,21.40
TLM_RCV,-84,FG-ALPHA,1713170174,AUTO,2,33.13,5.00,-85,90.60,8.08,3.28,4.92,840,627,129,348,21.07,1012.90,11.80,405.50,11.07,46.15,1080,1,1713170164,GSN-01,-77,24.90,74.10,48,1,0,7.80,84,9.06,21.70,22.40,22.70,22.70,21.80,24.40,21.00,22.90,22.70,21.50,22.50,24.80,21.10,22.10,24.50,23.30,25.00,21.00,21.30,23.00,21.70,22.70,22.10,25.90,25.30,23.30,21.30,22.90,21.80,22.80,23.90,23.60,22.30,24.80,23.60,21.20,21.30,20.50,20.30,24.70,24.50,24.90,24.20,25.50,21.20,24.30,24.10,25.90,20.70,21.40,23.20,23.20,23.60,22.70,21.20,20.60,20.70,20.30,20.30,24.30,23.80,25.00,23.00,21.90
TLM_RCV,-53,FG-ALPHA,1713170175,AUTO,2,33.58,5.00,-85,90.67,8.10,3.29,4.93,1155,517,105,271,23.19,1013.50,12.10,406.00,11.08,46.15,1080,1,1713170122,GSN-01,-76,23.20,82.30,41,0,0,7.82,85,9.07,20.60,24.20,23.20,20.20,21.50,22.90,25.00,25.40,22.90,24.50,23.30,21.70,20.40,21.90,24.20,25.70,21.30,24.10,25.90,21.60,25.10,21.00,23.30,25.90,23.60,20.90,21.10,23.30,24.80,21.10,21.20,23.20,24.80,22.50,76.50,22.70,25.60,23.20,24.20,25.00,22.60,22.50,24.90,25.40,23.40,24.70,24.20,25.60,25.10,21.50,25.60,25.10,21.20,24.70,20.80,24.20,20.70,21.60,22.70,22.20,20.90,25.20,22.80,25.40
TLM_RCV,-81,FG-ALPHA,1713170176,AUTO,2,31.82,5.00,-85,90.73,8.09,3.30,4.95,1140,563,138,275,22.89,1013.60,12.00,405.80,11.08,46.15,1080,1,1713170151,GSN-01,-87,24.20,82.10,45,0,0,7.79,84,9.07,20.40,22.10,23.70,23.70,21.60,20.80,20.10,21.10,24.30,23.60,24.60,25.90,23.10,21.40,20.00,20.10,24.60,21.40,20.30,24.90,21.70,21.80,20.10,20.80,21.70,20.50,22.70,23.80,22.30,21.00,24.10,21.20,25.20,20.00,25.40,23.30,20.90,23.80,24.00,20.70,25.70,23.10,21.60,20.50,24.60,20.00,21.90,21.90,25.30,25.50,23.50,25.30,21.60,21.90,25.50,20.00,24.30,20.40,22.00,22.70,25.70,21.80,20.30,20.30
TLM_RCV,-66,FG-ALPHA,1713170177,AUTO,2,31.74,5.00,-85,90.78,8.10,3.30,4.95,1060,547,135,266,22.57,1013.40,11.80,405.60,11.08,46.15,1080,1,1713170146,GSN-01,-87,23.50,81.20,46,0,0,7.78,85,9.08,22.60,25.50,22.40,23.80,25.90,20.70,25.60,22.20,23.20,24.60,21.60,21.10,22.80,24.80,20.10,25.60,20.00,21.90,25.90,25.20,24.00,20.40,23.60,25.20,20.70,24.90,25.80,23.30,23.90,22.20,23.00,21.20,23.10,25.80,20.40,22.30,25.30,22.70,21.30,21.60,24.90,25.40,20.80,21.90,20.60,22.80,21.20,23.70,25.40,21.30,25.70,22.60,23.80,22.10,25.40,20.60,20.60,25.80,25.90,22.80,24.90,24.40,23.30,25.10
TLM_RCV,-80,FG-ALPHA,1713170178,AUTO,2,32.95,5.00,-85,90.72,8.09,3.31,4.97,0,590,138,307,22.95,1013.10,12.00,406.20,11.08,46.15,1080,1,1713170157,GSN-01,-91,23.40,76.20,41,0,0,7.78,84,9.08,22.60,20.90,23.50,22.70,23.00,24.60,24.20,24.40,22.50,21.50,20.00,21.90,25.90,22.60,23.00,20.70,21.00,25.80,20.90,21.60,24.50,22.60,21.70,21.50,20.90,21.60,25.40,21.10,24.80,23.30,23.40,25.30,21.50,22.90,24.90,25.90,22.90,21.30,22.70,21.00,21.20,24.70,20.20,20.40,24.30,21.70,24.50,25.70,24.00,24.60,22.40,22.80,21.20,21.40,22.40,25.90,20.40,24.00,24.30,21.70,20.90,23.20,21.70,23.10
TLM_RCV,-61,FG-ALPHA,1713170179,AUTO,2,33.03,5.00,-85,90.66,8.08,3.28,4.94,0,606,105,343,23.03,1012.90,11.80,405.60,11.08,46.15,1080,1,1713170142,GSN-01,-76,23.80,81.40,49,0,0,7.82,84,9.09,21.50,23.60,20.50,25.10,23.90,22.60,25.60,22.30,25.70,23.10,25.60,21.80,21.60,22.30,23.60,22.60,24.60,21.00,24.10,21.10,23.90,25.20,24.80,21.80,21.60,20.70,25.70,20.70,24.40,23.40,24.60,22.90,20.70,23.40,23.30,23.90,25.50,24.70,21.40,20.50,22.00,20.40,24.00,24.40,21.90,25.90,25.60,24.60,79.70,23.50,23.00,21.90,23.80,20.90,20.40,23.00,20.30,20.00,20.20,25.90,20.40,23.60,20.50,21.90
TLM_RCV,-47,FG-ALPHA,1713170180,AUTO,2,33.17,5.00,-85,90.69,8.08,3.29,4.92,912,635,141,344,21.39,1012.80,12.10,405.40,11.08,46.15,1080,1,1713170155,GSN-01,-81,23.50,81.30,43,0,0,7.79,84,9.09,20.40,25.00,24.70,25.40,23.60,22.00,24.10,23.30,22.40,21.20,22.30,21.90,23.70,24.60,22.50,23.10,21.30,21.90,24.10,23.10,23.90,21.50,25.80,25.10,21.20,20.90,25.80,23.30,22.80,23.60,22.70,24.00,24.00,23.20,20.20,20.10,24.10,23.60,23.20,22.30,23.40,22.20,20.80,24.00,25.40,20.40,24.10,23.80,22.80,20.60,20.70,23.60,21.40,25.60,25.00,24.60,23.90,21.50,23.80,23.70,20.20,22.70,23.20,20.20
TLM_RCV,-75,FG-ALPHA,1713170181,AUTO,2,33.82,5.00,-85,90.71,8.09,3.28,4.91,808,564,138,272,21.22,1013.20,11.80,405.10,11.08,46.15,1080,1,1713170147,GSN-01,-75,23.60,78.80,48,0,0,7.79,85,9.10,22.90,20.40,23.70,21.70,24.50,25.20,24.90,24.80,24.20,25.70,24.00,23.60,21.00,21.90,24.70,20.60,24.30,24.50,22.20,25.10,22.40,23.90,20.50,24.10,21.60,20.00,25.10,25.00,25.50,24.80,23.70,25.90,23.60,23.00,20.30,23.20,23.70,24.90,25.60,21.00,24.60,21.70,23.00,23.90,25.50,24.00,23.20,22.00,24.20,21.50,22.00,22.30,21.90,20.90,20.30,25.40,24.40,23.20,21.10,23.40,20.50,25.20,23.10,20.90
TLM_RCV,-89,FG-ALPHA,1713170182,AUTO,2,31.86,5.00,-85,90.74,8.09,3.29,4.92,889,573,127,300,21.58,1012.70,12.00,405.40,11.08,46.15,1080,1,1713170159,GSN-01,-82,24.80,81.80,43,0,1,7.81,85,9.10,25.70,20.70,23.60,23.30,22.80,22.60,21.60,22.60,22.60,21.60,25.60,25.90,20.00,24.70,22.60,22.50,25.00,21.80,25.50,23.90,22.10,20.90,21.20,21.70,25.00,23.00,25.60,20.00,24.40,22.80,22.50,20.90,23.20,21.20,24.80,21.40,23.20,21.80,25.60,22.20,23.40,21.40,20.10,20.70,23.00,21.10,25.70,21.90,22.10,21.60,22.30,23.50,22.20,23.60,22.80,22.80,23.60,25.90,23.80,23.70,23.10,25.40,21.40,21.20
TLM_RCV,-59,FG-ALPHA,1713170183,AUTO,2,31.92,5.00,-85,90.68,8.09,3.31,4.94,0,585,103,335,22.92,1013.60,11.80,405.70,11.08,46.15,1080,1,1713170144,GSN-01,-93,25.60,79.50,49,0,0,7.79,84,9.11,24.10,22.20,23.60,22.90,23.50,25.40,24.70,25.70,22.70,24.40,20.50,20.40,25.60,22.10,21.30,23.30,25.50,25.80,21.90,20.90,23.90,24.40,22.00,25.00,21.30,21.60,23.90,24.70,22.00,23.10,23.30,24.90,21.70,21.90,21.30,21.90,23.50,25.30,22.10,20.30,22.90,20.10,22.70,23.90,25.90,20.80,23.80,23.30,22.40,20.20,23.50,23.10,20.80,20.00,25.90,23.30,22.30,21.00,24.30,24.40,23.30,21.40,23.90,20.00
TLM_RCV,-85,FG-ALPHA,1713170184,AUTO,2,32.72,5.00,-85,90.75,8.10,3.28,4.92,1195,544,137,262,23.26,1013.00,11.80,405.60,11.08,46.15,1080,1,1713170174,GSN-01,-81,23.20,80.20,43,0,0,7.80,85,9.11,22.80,23.90,20.40,20.70,23.50,23.50,25.20,22.20,24.80,25.50,21.50,22.20,21.10,22.50,23.50,21.80,24.10,22.10,24.70,24.70,25.80,23.00,24.30,25.50,24.10,25.40,20.70,20.70,22.60,21.60,24.00,23.00,25.80,22.10,25.80,20.10,22.20,20.60,24.40,21.80,22.20,20.30,23.60,25.30,23.40,20.70,22.00,25.90,24.30,21.50,22.50,21.50,22.90,21.40,25.70,24.80,22.10,22.30,23.30,22.40,22.90,23.20,22.40,21.40
TLM_RCV,-44,FG-ALPHA,1713170185,AUTO,2,32.61,5.00,-85,90.79,8.10,3.29,4.97,898,522,116,266,21.88,1013.60,11.90,404.90,11.09,46.15,1080,1,1713170149,GSN-01,-95,25.80,74.50,42,0,0,7.78,85,9.12,25.30,23.90,25.40,21.20,21.30,24.90,22.10,24.30,20.30,20.30,21.00,23.70,24.70,23.90,23.30,20.90,25.00,22.90,21.70,24.40,25.30,23.60,22.80,22.90,21.30,24.80,24.10,23.70,22.00,21.60,20.10,20.40,25.70,20.80,21.40,22.10,21.40,22.10,23.20,22.00,23.10,22.70,23.10,24.50,20.60,21.60,20.00,21.20,20.20,25.40,24.90,22.50,20.10,20.30,23.60,25.80,25.30,22.60,25.90,20.20,23.10,23.60,23.60,24.40
TLM_RCV,-59,FG-ALPHA,1713170207,AUTO,2,32.90,5.00,-85,92.01,8.12,3.29,4.97,937,581,110,325,21.78,1012.80,12.10,406.30,11.11,46.15,1080,1,1713170189,GSN-01,-92,23.10,78.10,45,0,0,7.81,84,9.12,25.80,20.50,23.60,24.30,23.00,23.10,24.90,24.50,23.50,20.90,24.50,22.00,20.40,22.30,23.90,25.50,25.20,25.70,23.30,22.60,24.30,22.40,24.70,24.00,21.90,22.00,22.30,20.70,22.30,21.00,25.20,22.90,23.70,22.20,24.70,20.20,22.50,21.10,24.30,20.30,23.00,25.70,25.40,25.20,23.60,22.60,24.90,22.50,25.30,21.50,23.00,24.70,22.70,24.80,20.40,21.60,21.60,20.40,21.90,21.40,21.90,25.50,23.10,20.30
TLM_RCV,-86,FG-ALPHA,1713170208,AUTO,2,32.96,5.00,-85,92.06,8.12,3.29,4.92,1123,592,113,338,22.66,1013.00,11.90,404.70,11.11,46.15,1080,1,1713170171,GSN-01,-88,24.00,73.30,45,0,1,7.78,85,9.13,21.40,24.50,23.10,24.80,24.10,21.20,25.30,20.60,23.00,21.40,23.20,25.90,25.80,25.70,23.80,24.10,21.10,20.40,23.90,25.90,25.00,25.40,25.80,25.40,21.50,23.20,24.20,24.80,25.80,22.20,24.80,20.20,25.50,23.80,22.00,25.10,25.00,24.90,21.90,20.20,20.00,24.90,20.10,25.80,24.50,23.80,23.30,22.90,21.60,24.50,21.70,23.20,22.20,23.30,23.20,23.60,24.30,24.50,21.10,23.80,24.20,23.90,25.30,25.00
TLM_RCV,-68,FG-ALPHA,1713170209,AUTO,2,33.92,5.00,-85,92.11,8.12,3.29,4.95,1004,583,132,299,22.10,1013.00,11.80,405.30,11.11,46.15,1080,1,1713170153,GSN-01,-85,23.70,83.00,46,0,1,7.78,84,9.13,23.70,24.30,20.60,22.40,24.40,22.80,24.00,24.50,25.60,23.80,20.10,20.40,24.10,21.40,22.00,21.20,22.50,23.70,22.10,25.00,25.50,23.10,25.00,23.00,24.90,24.30,20.50,24.90,22.50,25.80,25.40,23.20,20.60,22.70,24.40,25.30,20.70,21.20,21.90,22.70,24.40,23.90,20.70,23.50,21.00,24.90,25.40,23.50,23.70,22.40,20.30,25.20,22.10,22.70,23.60,21.10,25.90,25.80,25.30,21.30,21.50,20.50,25.60,25.10
TLM_RCV,-72,FG-ALPHA,1713170210,AUTO,2,33.94,5.00,-85,92.17,8.12,3.31,4.93,1191,587,119,325,23.02,1013.60,12.00,405.90,11.11,46.15,1080,1,1713170176,GSN-01,-92,23.30,79.00,43,0,0,7.82,84,9.14,23.10,22.80,24.80,24.00,22.20,20.00,22.50,22.70,25.20,21.20,22.80,20.60,21.60,22.10,24.30,24.60,22.20,25.60,22.20,23.60,22.10,23.90,20.60,22.70,23.20,20.10,22.40,24.90,24.80,22.90,25.60,22.50,20.10,22.80,21.50,24.60,22.80,22.60,20.40,22.00,24.70,24.00,21.70,20.00,21.90,20.10,23.30,24.30,22.30,25.50,21.90,21.40,24.80,20.10,25.00,20.90,20.20,25.00,23.50,23.80,20.50,24.30,20.60,22.00
TLM_RCV,-58,FG-ALPHA,1713170211,AUTO,2,31.95,5.00,-85,92.21,8.12,3.28,4.93,990,590,108,329,22.00,1013.50,11.90,404.80,11.11,46.15,1080,1,1713170165,GSN-01,-87,24.80,74.80,42,0,0,7.82,85,9.14,24.80,23.10,23.30,22.00,25.80,23.00,21.70,20.30,23.00,24.90,21.80,24.00,20.40,20.80,24.10,20.70,25.60,25.30,22.10,25.50,23.60,23.20,22.30,22.60,21.10,22.20,25.20,23.00,23.20,20.50,23.20,21.80,23.50,21.20,25.10,22.30,24.50,24.60,25.20,24.10,23.30,22.90,20.40,25.20,25.00,21.10,25.40,20.80,23.30,21.40,24.70,25.20,21.20,25.60,21.70,21.60,22.50,25.10,25.50,23.00,21.20,24.90,24.60,24.40
TLM_RCV,-41,FG-ALPHA,1713170212,AUTO,2,31.85,5.00,-85,92.15,8.13,3.31,4.98,0,571,134,285,22.85,1013.50,11.90,404.80,11.11,46.15,1080,1,1713170166,GSN-01,-78,24.50,76.90,47,0,0,7.80,85,9.15,20.20,23.60,21.20,21.10,20.30,20.50,21.90,22.90,21.40,21.80,22.30,22.20,24.10,20.70,20.30,23.10,23.70,24.20,24.50,22.30,23.00,22.80,25.10,25.80,23.10,22.20,20.50,21.40,24.20,25.40,24.20,21.90,22.80,23.20,25.40,21.70,22.10,24.20,20.50,25.90,23.40,25.40,22.20,24.40,25.70,23.70,21.60,20.80,20.10,25.00,24.80,21.00,24.40,20.50,23.10,23.60,24.00,23.60,23.40,23.80,22.30,24.00,25.90,24.20
TLM_RCV,-94,FG-ALPHA,1713170213,AUTO,2,33.04,5.00,-85,92.20,8.12,3.29,4.94,1135,608,120,345,22.64,1012.70,12.00,405.50,11.11,46.15,1080,1,1713170168,GSN-01,-81,24.20,75.70,47,0,0,7.81,84,9.15,22.80,23.60,20.40,20.80,20.80,24.60,20.50,21.00,21.80,23.10,20.00,23.30,22.20,21.80,22.60,22.20,22.70,25.60,24.10,22.20,24.40,25.80,23.10,23.70,24.10,24.60,21.50,25.50,25.20,21.10,20.70,24.80,24.20,23.40,23.00,22.60,22.20,25.30,23.80,22.70,20.60,25.00,24.80,25.60,23.50,21.00,22.80,25.90,20.20,23.40,23.00,20.80,23.80,22.30,23.70,24.80,24.80,20.50,25.70,22.70,22.60,22.60,21.10,23.90
TLM_RCV,-68,FG-ALPHA,1713170214,AUTO,2,31.83,5.00,-85,92.24,8.13,3.28,4.90,905,566,115,306,21.69,1012.80,12.10,406.40,11.11,46.15,1080,1,1713170187,GSN-01,-82,25.10,79.90,47,0,0,7.82,84,9.16,21.40,20.10,22.00,20.90,25.10,20.40,24.80,24.20,23.20,21.70,20.70,25.70,23.20,21.90,23.50,21.60,22.70,23.20,21.70,21.00,25.50,25.50,20.70,25.10,20.50,23.10,22.70,20.50,25.60,25.20,24.00,22.00,24.00,22.20,20.80,25.60,25.10,24.70,25.00,20.60,20.90,21.40,25.30,25.40,21.10,20.40,20.10,24.20,20.90,21.60,20.50,23.50,23.50,23.80,22.00,23.70,21.90,23.60,25.00,25.20,25.80,22.00,22.80,20.30
TLM_RCV,-88,FG-ALPHA,1713170215,AUTO,2,33.72,5.00,-85,92.26,8.13,3.29,4.96,821,545,118,276,21.38,1013.20,11.90,404.80,11.12,46.15,1080,1,1713170168,GSN-01,-72,24.20,82.30,47,0,0,7.79,84,9.16,23.00,20.20,23.60,20.80,23.00,23.00,21.60,22.90,22.30,23.50,20.80,20.10,20.90,21.10,25.80,21.30,24.30,25.90,20.00,21.10,20.20,21.30,22.10,25.30,25.80,25.50,21.30,25.20,24.60,24.90,23.80,20.40,23.70,22.90,24.60,24.90,24.60,25.40,20.50,25.80,23.20,22.60,23.20,22.70,23.20,23.50,22.90,23.30,24.00,21.00,21.70,23.20,21.40,21.10,25.40,22.40,20.80,22.40,21.80,21.00,22.40,20.40,21.10,20.70
TLM_RCV,-69,FG-ALPHA,1713170216,AUTO,2,32.13,5.00,-85,92.29,8.12,3.28,4.93,923,627,130,339,21.48,1013.20,11.80,404.90,11.12,46.15,1080,1,1713170168,GSN-01,-91,23.30,73.30,41,0,0,7.78,84,9.17,22.50,20.50,25.40,20.60,25.40,22.30,20.80,21.40,25.70,20.10,21.10,21.20,24.80,24.30,23.10,21.70,25.80,20.20,23.20,22.30,23.90,21.70,23.00,21.40,22.10,23.10,21.80,21.60,25.60,20.30,25.10,24.90,24.70,24.90,20.80,23.70,24.70,20.60,21.20,24.70,22.40,25.90,23.80,25.60,21.80,21.40,21.30,22.80,20.40,25.20,21.40,24.20,25.60,22.30,20.60,25.20,22.20,22.80,21.70,24.70,20.10,24.50,24.60,21.20
TLM_RCV,-84,FG-ALPHA,1713170217,AUTO,2,33.61,5.00,-85,92.32,8.14,3.31,4.92,819,522,109,259,21.49,1013.30,11.80,404.80,11.12,46.15,1080,1,1713170179,GSN-01,-91,25.90,77.80,41,0,0,7.82,85,9.17,21.30,21.70,25.30,22.10,21.40,25.80,24.80,20.00,25.80,24.20,20.50,24.20,22.50,25.30,23.60,20.10,23.30,21.10,23.70,24.10,23.80,20.80,25.30,22.00,24.70,25.00,20.80,24.20,23.70,23.30,25.90,21.50,25.20,20.90,21.90,21.10,25.20,23.60,25.40,25.40,22.80,24.10,24.00,22.40,25.90,21.50,20.10,20.90,20.80,22.30,23.10,21.20,25.50,22.30,24.60,24.90,21.20,22.70,21.80,21.70,24.10,24.60,20.50,24.90
TLM_RCV,-60,FG-ALPHA,1713170218,AUTO,2,32.77,5.00,-85,92.35,8.13,3.30,4.98,841,554,124,278,21.43,1012.80,12.00,405.40,11.12,46.15,1080,1,1713170161,GSN-01,-94,23.00,81.80,47,0,0,7.81,85,9.18,23.60,20.10,22.10,22.10,25.10,23.70,25.50,24.20,25.80,25.40,22.90,23.50,20.50,22.50,23.40,23.70,21.30,22.20,20.70,20.00,24.80,20.10,25.50,25.00,23.60,24.30,23.60,25.80,24.90,25.00,21.90,24.20,22.40,20.30,23.50,23.00,20.80,21.40,21.30,22.70,20.90,21.90,20.30,23.10,24.50,21.40,22.10,23.10,20.10,25.70,21.40,20.00,24.00,23.60,24.90,25.00,21.40,24.40,24.50,20.10,25.90,21.00,24.70,25.90
TLM_RCV,-93,FG-ALPHA,1713170219,AUTO,2,33.60,5.00,-85,92.39,8.14,3.31,4.97,883,521,118,258,21.81,1012.90,11.80,406.30,11.12,46.15,1080,1,1713170173,GSN-01,-93,23.10,74.30,41,0,0,7.80,85,9.18,23.80,22.70,25.70,23.00,22.20,24.00,22.80,25.30,21.60,22.30,20.20,20.80,22.90,21.40,20.40,20.50,25.00,20.00,23.80,23.50,22.40,21.30,22.10,20.30,22.00,25.90,22.60,20.20,20.50,21.50,21.10,23.30,24.40,21.40,21.50,25.90,21.30,22.20,20.10,24.10,20.10,25.50,25.70,21.20,21.70,23.20,23.80,22.30,24.60,20.50,24.40,22.90,21.70,25.00,22.20,23.90,23.80,21.20,24.50,23.00,23.40,25.30,23.10,21.30
TLM_RCV,-66,FG-ALPHA,1713170220,AUTO,2,32.76,5.00,-85,92.33,8.13,3.29,4.97,0,551,125,268,22.75,1013.40,11.90,406.10,11.12,46.15,1080,1,1713170182,GSN-01,-81,25.00,77.40,41,0,0,7.82,85,9.19,22.70,21.10,21.90,21.60,20.50,22.70,25.10,24.80,23.90,23.80,21.50,24.20,25.70,21.00,25.10,24.00,23.00,22.60,23.90,21.70,21.00,21.30,25.10,25.40,20.70,21.50,20.00,24.40,24.80,24.10,20.20,21.00,21.10,21.90,22.00,22.60,24.70,23.60,22.90,24.80,20.40,21.20,21.10,22.30,21.70,20.80,22.40,22.30,21.00,20.10,25.60,21.50,24.70,23.40,24.40,21.50,20.80,20.30,20.30,24.40,22.60,25.80,21.60,23.00
TLM_RCV,-86,FG-ALPHA,1713170221,AUTO,2,32.90,5.00,-85,92.37,8.13,3.28,4.94,983,579,108,325,22.02,1013.40,11.80,406.40,11.12,46.15,1080,1,1713170183,GSN-01,-80,23.90,74.60,44,0,0,7.78,84,9.19,24.00,22.60,24.50,24.10,24.40,23.20,21.00,24.20,24.90,25.10,25.40,22.30,22.70,20.60,20.80,24.00,21.90,22.00,24.30,21.20,20.10,20.10,23.00,24.30,21.80,20.80,21.80,23.50,24.70,25.60,20.50,22.30,25.00,23.90,20.20,24.00,24.00,25.60,21.60,25.80,21.20,25.60,23.10,22.10,22.40,21.20,23.70,22.60,21.30,25.40,24.90,24.40,20.40,23.40,21.20,25.40,21.60,23.10,22.60,22.90,20.40,20.70,20.80,25.40
TLM_RCV,-88,FG-ALPHA,1713170222,AUTO,2,33.91,5.00,-85,92.41,8.13,3.31,4.92,995,582,105,320,22.07,1013.50,12.10,406.40,11.12,46.15,1080,1,1713170193,GSN-01,-72,23.80,78.70,46,0,0,7.78,84,9.20,21.90,21.30,25.90,22.70,21.20,20.60,22.90,20.00,25.70,22.30,21.50,23.00,21.00,24.10,22.70,24.40,22.70,23.10,23.80,25.80,25.80,20.70,20.80,25.00,22.50,25.50,24.00,25.70,22.40,21.40,20.00,20.90,22.90,24.40,20.70,24.40,20.70,20.20,22.50,24.40,24.30,24.90,22.80,24.30,25.80,22.60,20.90,20.80,23.40,21.10,25.40,24.90,20.80,22.30,21.40,20.80,23.50,21.10,23.70,22.50,21.30,24.30,22.20,23.20
TLM_RCV,-91,FG-ALPHA,1713170223,AUTO,2,32.63,5.00,-85,92.48,8.14,3.29,4.99,1162,526,122,250,23.18,1013.30,11.90,406.20,11.12,46.15,1080,1,1713170211,GSN-01,-74,25.50,82.20,42,0,0,7.78,84,9.20,25.30,20.50,23.00,21.80,25.90,20.40,25.60,20.00,25.90,22.70,22.10,23.10,25.60,24.50,21.00,23.40,22.00,25.80,23.90,20.50,25.60,24.30,22.40,25.00,23.30,20.10,23.90,20.00,25.70,20.80,22.30,22.50,21.70,20.70,22.20,22.10,24.50,24.30,23.20,24.30,24.20,24.90,21.10,24.20,23.10,23.50,25.90,21.10,25.60,21.40,24.60,21.90,22.80,24.50,23.70,23.00,22.10,22.10,21.50,25.80,21.10,25.30,24.60,20.60
TLM_RCV,-74,FG-ALPHA,1713170224,AUTO,2,31.65,5.00,-85,92.52,8.14,3.28,4.92,931,529,106,277,22.01,1012.80,11.80,405.60,11.12,46.15,1080,1,1713170199,GSN-01,-80,25.40,79.00,47,0,0,7.79,85,9.21,23.80,24.90,25.10,22.30,25.70,20.30,25.90,21.10,24.60,24.50,25.10,23.00,25.00,20.00,24.70,25.90,24.10,24.50,25.00,25.20,20.80,23.10,23.90,24.10,23.20,25.90,23.60,23.70,22.40,25.00,21.70,23.90,20.30,25.50,21.30,24.70,23.50,25.20,21.20,22.60,22.30,25.80,20.30,24.60,25.40,22.60,25.90,25.70,22.70,25.00,25.10,22.80,23.60,21.90,21.50,24.70,24.20,22.30,25.70,21.90,22.80,20.70,22.20,23.50
TLM_RCV,-75,FG-ALPHA,1713170225,AUTO,2,33.94,5.00,-85,92.57,8.13,3.30,4.97,1125,589,140,290,22.68,1013.10,11.90,406.40,11.13,46.15,1080,1,1713170175,GSN-01,-93,24.90,81.40,40,0,0,7.82,84,9.21,21.40,24.60,23.80,24.60,20.20,23.50,21.10,20.80,22.60,20.40,21.30,20.20,20.70,20.50,23.80,23.60,23.10,24.40,24.10,25.50,25.70,24.00,25.60,23.10,25.30,21.10,22.80,24.90,20.70,25.50,25.30,20.80,20.30,25.80,23.90,21.20,23.80,25.90,22.30,21.30,24.90,84.90,25.40,24.80,25.40,20.70,22.40,20.50,23.60,23.50,22.80,24.80,25.10,20.40,21.10,23.70,21.90,21.10,24.70,24.30,20.00,25.80,20.40,22.60
TLM_RCV,-56,FG-ALPHA,1713170226,AUTO,2,33.78,5.00,-85,92.60,8.14,3.28,4.92,803,557,128,271,21.23,1012.70,12.10,405.10,11.13,46.15,1080,1,1713170191,GSN-01,-78,24.60,79.00,48,0,0,7.79,85,9.22,23.70,23.00,21.00,20.20,24.70,23.70,22.00,22.90,23.50,20.90,24.00,20.50,25.70,25.10,25.70,22.40,22.70,22.40,22.80,23.70,25.60,25.30,25.00,22.50,20.40,22.20,25.70,24.30,23.20,24.10,24.30,20.90,20.70,21.10,22.40,24.60,24.60,23.10,24.90,22.80,24.00,21.90,25.60,25.80,25.70,24.30,23.00,23.30,24.10,20.40,20.80,23.70,25.90,23.80,22.20,23.10,23.30,22.20,25.60,22.00,25.20,23.60,21.10,23.40
TLM_RCV,-51,FG-ALPHA,1713170227,AUTO,2,31.69,5.00,-85,92.66,8.14,3.31,4.99,1175,538,124,270,23.18,1012.80,11.90,405.10,11.13,46.15,1080,1,1713170210,GSN-01,-71,24.90,73.70,49,0,0,7.78,84,9.22,23.50,21.70,23.80,22.20,24.80,20.80,21.10,22.60,24.20,23.40,22.00,20.00,21.10,21.10,24.50,23.30,21.90,23.60,22.60,22.10,21.60,20.50,20.70,25.10,24.00,21.40,21.20,23.70,22.60,23.70,20.60,20.30,21.30,20.00,25.30,24.30,24.30,22.70,24.60,22.30,23.10,24.70,20.40,25.80,23.50,25.20,23.30,21.60,22.60,24.50,20.30,25.40,22.80,24.90,24.90,21.40,25.50,22.20,21.00,23.80,23.50,22.40,20.80,22.90
TLM_RCV,-62,FG-ALPHA,1713170228,AUTO,2,31.97,5.00,-85,92.70,8.14,3.31,4.90,994,593,129,317,22.00,1013.20,12.10,405.20,11.13,46.15,1080,1,1713170198,GSN-01,-93,24.60,77.80,48,0,0,7.79,85,9.23,24.20,25.30,22.70,24.00,25.90,23.80,22.40,21.20,22.40,20.80,24.20,24.20,23.30,24.10,20.10,22.80,25.90,23.90,24.20,22.30,23.30,21.50,20.40,21.50,24.70,24.50,21.40,21.00,21.30,21.10,23.60,20.00,24.90,20.70,23.30,25.40,22.40,24.40,25.90,24.20,21.80,24.20,23.40,25.90,24.60,20.30,25.30,23.50,20.70,22.60,25.70,21.50,25.10,20.40,23.00,24.10,23.30,23.90,25.80,25.00,23.20,23.50,20.00,21.10
TLM_RCV,-82,FG-ALPHA,1713170229,AUTO,2,31.90,5.00,-85,92.74,8.14,3.30,4.97,958,579,135,299,21.90,1013.20,12.10,405.10,11.13,46.15,1080,1,1713170200,GSN-01,-72,24.80,82.10,44,0,0,7.78,85,9.23,24.60,21.10,24.10,20.10,24.10,21.30,22.70,24.50,21.00,21.20,22.60,25.70,21.50,22.50,21.50,25.50,24.40,23.00,21.70,21.30,22.00,25.70,25.80,22.80,25.70,25.70,23.10,23.10,23.20,22.10,23.20,22.70,22.50,25.30,20.40,20.60,22.70,25.80,21.80,24.50,21.50,22.90,24.40,20.00,23.70,23.10,25.10,22.90,23.30,24.20,20.90,24.90,23.80,20.70,20.20,22.30,24.20,23.80,23.60,22.00,25.40,23.40,23.10,21.30
TLM_RCV,-49,FG-ALPHA,1713170230,AUTO,2,34.15,5.00,-85,92.77,8.13,3.31,4.96,920,629,140,336,21.45,1013.50,12.00,405.00,11.13,46.15,1080,1,1713170171,GSN-01,-77,25.90,78.60,49,0,0,7.80,85,9.24,23.70,24.60,20.00,21.40,24.60,21.60,20.70,23.80,20.30,22.20,22.70,23.40,20.90,20.10,22.30,23.20,20.20,20.80,21.70,20.50,24.20,25.80,24.20,24.70,21.90,24.00,24.70,24.00,24.00,20.50,21.40,21.00,25.30,25.40,22.50,24.40,22.00,24.90,25.40,22.60,21.30,22.10,23.30,21.20,22.20,22.90,23.90,23.30,25.00,23.50,22.90,21.40,22.60,24.40,21.20,23.10,22.70,23.60,24.20,22.30,24.50,24.40,20.20,24.00
TLM_RCV,-58,FG-ALPHA,1713170231,AUTO,2,31.65,5.00,-85,92.80,8.15,3.28,4.91,852,530,126,257,21.61,1012.90,11.90,406.00,11.13,46.15,1080,1,1713170211,GSN-01,-84,25.50,82.70,45,0,0,7.79,84,9.24,20.20,22.50,22.60,22.60,20.40,20.20,21.70,21.00,24.00,21.00,22.80,24.10,21.30,21.60,21.70,23.40,25.50,24.70,22.80,24.10,20.30,24.40,23.70,21.90,22.10,21.20,21.00,20.10,22.60,25.40,24.70,20.90,23.80,22.80,25.50,22.00,24.60,21.40,25.30,24.70,21.30,24.80,24.50,21.20,24.40,20.30,22.90,24.10,22.00,25.10,21.50,24.70,23.40,23.50,22.50,22.40,25.50,22.60,20.90,24.50,25.80,22.80,21.10,24.30
TLM_RCV,-47,FG-ALPHA,1713170232,AUTO,2,32.81,5.00,-85,92.85,8.14,3.31,4.90,1110,562,123,291,22.74,1013.10,12.00,405.90,11.13,46.15,1080,1,1713170200,GSN-01,-86,23.60,73.80,47,0,0,7.81,84,9.25,23.00,25.50,23.70,20.40,21.00,20.10,20.30,24.20,24.50,21.70,23.90,24.80,23.90,22.20,25.40,21.30,22.50,22.50,25.50,22.40,21.20,23.40,25.70,22.60,20.40,20.00,24.00,20.30,22.40,25.30,24.40,21.30,22.00,21.60,25.70,25.80,22.80,22.10,22.40,21.10,24.50,22.80,24.70,21.00,21.00,21.30,23.50,24.80,21.10,24.40,22.90,23.30,20.70,21.90,24.10,22.60,24.30,20.80,23.70,23.10,23.70,24.90,23.50,22.90
TLM_RCV,-59,FG-ALPHA,1713170233,AUTO,2,32.10,5.00,-85,92.87,8.14,3.30,4.94,808,621,113,349,20.93,1013.20,11.90,404.60,11.13,46.15,1080,1,1713170208,GSN-01,-71,25.40,83.10,44,0,0,7.78,84,9.25,23.50,21.10,20.00,22.10,24.60,20.40,21.60,20.30,23.40,24.70,22.30,21.20,25.20,21.00,23.60,23.40,25.60,23.00,25.60,21.50,20.50,21.30,23.30,21.50,21.60,25.60,21.40,20.10,21.30,25.60,25.50,23.00,25.60,22.60,25.20,20.20,20.10,24.90,22.60,23.80,22.50,23.90,25.10,21.10,25.30,23.70,24.20,25.60,24.50,22.50,21.50,20.10,20.80,20.90,24.00,25.40,22.40,24.80,25.10,20.60,24.80,25.20,23.50,24.60
TLM_RCV,-81,FG-ALPHA,1713170234,AUTO,2,33.81,5.00,-85,92.92,8.15,3.29,4.98,1038,562,119,294,22.38,1013.20,11.80,405.10,11.13,46.15,1080,1,1713170219,GSN-01,-74,24.40,81.10,48,0,0,7.79,84,9.26,20.50,24.10,25.70,22.70,23.70,24.40,25.00,24.10,20.90,25.50,23.00,21.20,24.40,23.20,25.10,20.80,24.80,21.40,21.60,22.90,25.50,25.80,22.20,21.00,20.40,23.20,23.50,24.50,25.90,23.60,24.90,24.80,22.50,24.60,21.10,20.60,24.30,25.90,23.50,23.70,20.90,23.70,24.80,22.60,20.70,20.20,22.70,20.50,22.80,21.80,20.10,21.60,20.90,22.50,20.70,25.20,23.80,21.80,24.00,25.80,22.30,21.90,24.90,21.00
TLM_RCV,-57,FG-ALPHA,1713170235,AUTO,2,33.10,5.00,-85,92.86,8.14,3.29,4.93,0,621,136,336,23.10,1012.70,11.90,404.60,11.14,46.15,1080,1,1713170203,GSN-01,-76,24.60,76.90,49,0,0,7.80,84,9.26,25.40,25.30,20.50,22.70,21.90,20.90,20.80,23.50,23.40,24.20,21.30,20.40,20.30,21.20,21.70,22.80,24.20,25.30,20.60,21.20,21.20,25.90,20.30,23.70,22.00,21.90,24.20,21.20,20.90,21.20,20.00,20.40,25.90,22.70,22.50,21.70,22.10,24.60,22.70,22.30,21.80,20.60,20.00,24.70,22.10,23.70,22.20,21.90,24.40,22.40,25.10,21.20,20.10,21.70,24.30,24.20,22.00,22.30,24.90,20.20,23.20,24.50,22.70,24.10
TLM_RCV,-43,FG-ALPHA,1713170236,AUTO,2,34.03,5.00,-85,92.90,8.14,3.29,4.98,1036,605,148,304,22.16,1013.10,12.10,405.20,11.14,46.15,1080,1,1713170221,GSN-01,-95,25.50,80.10,49,0,0,7.82,84,9.27,24.50,25.30,20.40,20.50,21.90,23.40,23.90,21.20,24.40,22.20,21.80,22.00,21.70,25.40,21.90,23.60,20.90,22.20,22.60,23.80,24.50,25.90,21.70,23.50,20.60,24.00,24.00,21.00,25.10,20.60,25.30,22.00,24.30,22.90,21.00,24.40,25.90,24.10,25.20,24.10,23.00,24.20,24.40,23.70,24.90,23.40,24.20,25.40,22.10,22.70,23.20,20.30,23.00,24.10,24.90,20.30,21.60,23.00,22.00,21.30,20.20,25.90,23.00,22.40
TLM_RCV,-71,FG-ALPHA,1713170237,AUTO,2,32.00,5.00,-85,92.95,8.14,3.29,4.91,1048,600,146,298,22.24,1013.30,11.90,405.70,11.14,46.15,1080,1,1713170213,GSN-01,-73,24.70,73.90,47,0,0,7.81,85,9.27,20.30,24.80,23.00,21.70,24.70,21.10,23.00,24.50,24.50,24.10,25.20,25.50,20.30,22.10,22.60,24.00,21.50,25.20,23.70,22.50,21.00,22.90,20.80,23.60,23.60,21.70,22.10,23.50,20.50,20.80,21.10,21.40,23.20,22.60,20.00,22.50,21.80,20.50,25.20,21.50,22.70,25.00,22.70,22.00,22.40,25.30,24.00,20.10,20.00,21.00,25.80,20.90,20.00,21.80,24.00,25.90,22.90,22.00,25.60,24.80,22.10,22.40,21.50,20.50
TLM_RCV,-95,FG-ALPHA,1713170238,AUTO,2,32.76,5.00,-85,92.97,8.15,3.29,4.91,817,551,146,250,21.33,1013.10,11.80,404.60,11.14,46.15,1080,1,1713170201,GSN-01,-75,24.00,81.30,43,0,0,7.81,84,9.28,24.70,21.40,25.10,24.90,23.30,20.00,23.80,25.50,24.60,21.30,24.40,21.90,20.30,22.50,23.90,20.80,20.10,24.80,21.50,25.80,24.10,24.30,25.50,23.50,22.20,25.70,25.40,25.70,24.60,21.00,21.20,21.00,23.60,24.80,25.30,24.20,25.10,20.90,24.60,25.00,24.10,20.40,22.00,23.10,25.10,23.00,21.80,23.90,22.30,23.80,20.70,22.90,20.30,20.60,23.60,22.70,20.00,21.50,23.50,20.00,25.30,86.50,23.70,25.80
TLM_RCV,-83,FG-ALPHA,1713170239,AUTO,2,31.81,5.00,-85,92.92,8.15,3.30,4.95,0,562,118,302,22.81,1013.60,12.10,405.80,11.14,46.15,1080,1,1713170186,GSN-01,-80,23.70,81.00,44,0,0,7.82,85,9.28,25.20,24.90,22.50,23.70,20.50,25.20,23.80,20.80,21.00,22.70,24.80,25.70,21.40,20.50,23.10,23.50,21.80,21.90,23.30,25.90,25.80,22.40,22.90,21.00,24.10,21.90,21.00,24.30,25.30,21.50,24.00,24.40,23.30,24.00,22.80,21.90,21.00,24.70,22.10,20.40,21.80,21.60,22.10,24.70,23.70,24.20,21.80,24.90,23.70,25.60,20.10,24.60,20.20,25.50,21.30,24.10,23.70,22.30,21.80,24.60,22.50,23.20,20.40,21.00
TLM_RCV,-68,FG-ALPHA,1713170240,AUTO,2,33.78,5.00,-85,92.98,8.15,3.30,4.98,1177,556,141,260,23.10,1013.40,12.10,406.00,11.14,46.15,1080,1,1713170219,GSN-01,-75,23.10,82.40,47,0,0,7.78,85,9.29,23.20,22.50,23.30,23.20,24.70,21.30,25.60,20.90,20.20,20.50,20.40,24.10,24.30,24.60,24.20,23.40,23.00,23.30,22.00,25.60,20.40,24.50,23.90,20.60,25.00,21.80,25.20,24.10,21.10,22.00,21.60,24.20,25.40,23.00,20.70,21.80,20.70,23.10,25.10,20.90,21.10,20.10,20.50,24.40,20.80,23.80,22.90,24.60,24.30,22.20,22.60,21.60,21.20,24.30,24.30,22.10,24.80,21.10,21.80,25.90,22.00,21.50,21.90,20.60
TLM_RCV,-65,FG-ALPHA,1713170241,AUTO,2,33.57,5.00,-85,93.03,8.16,3.29,4.98,1054,514,103,263,22.70,1012.80,12.00,405.70,11.14,46.15,1080,1,1713170189,GSN-01,-80,25.60,78.50,41,0,0,7.80,85,9.29,23.80,24.00,23.90,23.90,20.40,25.20,23.50,25.70,23.30,21.70,25.20,25.00,22.10,21.50,22.80,21.30,23.40,22.30,23.10,21.90,23.10,24.50,20.00,25.50,25.50,24.80,25.20,23.50,23.20,25.10,23.90,25.10,23.10,20.90,25.50,25.10,21.30,20.60,24.70,23.70,21.80,21.60,20.40,24.80,22.70,22.60,24.10,20.50,22.10,25.00,22.60,22.90,25.20,20.50,25.90,20.00,22.20,23.40,20.30,20.30,23.50,23.40,20.30,21.50
TLM_RCV,-61,FG-ALPHA,1713170242,AUTO,2,33.06,5.00,-85,93.06,8.14,3.29,4.99,925,611,137,334,21.57,1013.00,11.90,404.60,11.14,46.15,1080,1,1713170193,GSN-01,-86,24.90,81.90,42,0,0,7.78,85,9.30,24.90,23.60,25.60,23.30,25.40,23.80,22.10,20.20,23.50,25.10,23.00,23.80,22.10,22.00,24.70,25.10,23.40,21.60,22.00,21.20,22.60,20.10,24.90,24.80,25.10,20.20,24.80,25.90,24.00,20.00,21.20,25.80,22.10,22.30,21.70,21.20,22.20,23.60,24.80,24.50,20.00,21.70,23.50,20.80,21.20,21.70,23.70,25.80,24.20,21.30,25.30,24.60,23.30,25.70,20.20,24.60,23.90,21.30,22.60,25.20,25.80,20.50,21.90,20.90
TLM_RCV,-62,FG-ALPHA,1713170243,AUTO,2,32.93,5.00,-85,93.12,8.15,3.30,4.91,1127,586,149,284,22.70,1012.70,11.90,404.80,11.14,46.15,1080,1,1713170189,GSN-01,-91,24.80,75.20,48,0,0,7.78,85,9.30,23.60,25.50,21.20,23.50,25.90,23.40,22.20,22.50,25.10,23.20,25.30,23.80,25.40,22.90,20.00,21.90,20.10,23.70,22.80,22.40,20.60,23.90,20.00,21.20,25.90,23.40,24.00,24.60,21.80,21.90,24.00,22.70,20.00,21.90,24.30,20.80,25.90,23.80,24.70,21.80,23.30,23.70,24.40,24.60,23.60,24.40,23.70,23.20,24.30,24.20,25.80,21.90,21.50,22.30,24.20,21.60,24.90,20.80,25.60,22.30,20.30,20.90,20.20,20.50
TLM_RCV,-53,FG-ALPHA,1713170244,AUTO,2,31.72,5.00,-85,93.18,8.15,3.30,4.99,1159,544,148,256,23.08,1013.10,11.80,406.10,11.14,46.15,1080,1,1713170201,GSN-01,-93,25.50,82.90,46,0,0,7.80,84,9.31,22.90,20.50,23.80,20.40,25.40,25.50,25.10,22.40,24.90,20.90,23.10,24.20,21.70,22.50,20.20,23.40,23.90,25.40,20.90,21.90,22.80,24.70,25.10,25.40,22.10,20.90,22.20,20.90,22.80,21.40,25.20,20.90,23.30,25.80,20.20,23.40,23.90,24.40,22.30,25.60,20.10,24.40,22.10,24.00,24.90,21.80,22.50,23.50,20.80,22.50,22.80,24.80,20.10,20.20,25.10,21.80,20.80,23.00,20.40,20.60,23.80,23.80,21.00,23.60
TLM_RCV,-67,FG-ALPHA,1713170245,AUTO,2,33.63,5.00,-85,93.23,8.16,3.28,4.93,986,527,101,274,22.30,1013.10,11.90,405.80,11.15,46.15,1080,1,1713170200,GSN-01,-95,23.60,82.60,45,0,0,7.80,85,9.31,25.40,22.40,23.20,23.90,23.30,20.60,23.20,20.20,21.70,22.50,22.80,24.80,24.00,21.20,22.00,20.40,23.30,21.60,20.60,24.40,24.10,22.90,21.90,24.60,25.90,23.80,24.70,22.70,23.40,25.70,25.50,23.70,25.00,25.30,23.20,22.00,20.50,20.40,24.60,24.40,20.70,25.60,20.00,24.70,20.80,24.50,22.20,21.30,22.70,22.10,21.90,22.50,25.80,23.50,23.00,22.80,24.60,22.90,24.50,25.10,24.70,20.40,23.80,23.60
TLM_RCV,-80,FG-ALPHA,1713170246,AUTO,2,34.12,5.00,-85,93.28,8.15,3.30,4.95,1168,624,142,326,22.72,1012.80,11.90,404.70,11.15,46.15,1080,1,1713170205,GSN-01,-81,24.20,81.20,45,0,0,7.80,84,9.32,24.60,23.70,22.70,24.00,24.80,22.50,21.10,24.60,25.00,21.80,21.80,22.40,20.40,21.70,21.00,21.20,25.80,22.30,20.40,23.20,25.10,23.70,22.60,24.50,20.50,20.20,24.80,23.60,20.40,23.80,23.90,20.40,23.40,25.30,22.20,21.00,24.10,22.90,23.70,21.40,21.70,20.90,25.70,21.70,23.90,24.80,20.90,23.80,25.20,24.30,25.50,25.30,20.30,23.10,22.00,23.00,24.50,23.60,21.30,20.30,20.90,23.20,21.30,20.70
TLM_RCV,-47,FG-ALPHA,1713170247,AUTO,2,33.88,5.00,-85,93.34,8.15,3.30,4.92,1129,577,103,326,22.76,1013.20,12.00,406.00,11.15,46.15,1080,1,1713170207,GSN-01,-95,23.10,73.20,47,0,0,7.79,84,9.32,23.00,25.20,25.90,22.10,22.80,21.40,23.50,24.40,25.70,25.60,21.60,25.30,24.50,21.00,20.50,23.60,20.50,20.60,24.00,24.50,24.60,22.30,24.50,24.80,20.40,21.60,21.70,22.50,23.30,22.20,24.00,21.90,21.20,22.30,21.10,22.60,20.50,22.10,22.40,22.90,20.30,21.80,24.30,23.10,21.30,20.30,22.90,22.80,21.10,22.10,24.50,23.70,24.70,24.00,24.90,22.00,22.40,21.50,23.50,20.10,24.70,23.70,25.40,21.20
TLM_RCV,-55,FG-ALPHA,1713170269,AUTO,2,31.70,5.00,-85,94.49,8.19,3.30,4.94,1005,541,112,286,22.32,1012.70,11.90,406.40,11.17,46.15,1080,1,1713170257,GSN-01,-93,24.70,73.60,43,0,0,7.82,84,9.33,23.50,23.50,20.90,25.90,20.20,23.80,20.50,24.80,20.80,22.50,21.10,21.90,25.50,23.30,22.10,25.20,22.30,24.00,23.00,23.20,22.10,25.40,25.50,22.10,24.60,24.40,21.20,24.70,22.40,25.30,22.10,23.60,24.10,21.70,24.40,21.30,20.60,23.00,22.40,25.70,20.90,21.40,25.10,25.40,24.60,24.70,22.50,24.10,21.30,22.40,22.90,23.70,21.20,22.10,22.80,20.20,21.60,24.70,23.10,24.80,21.00,20.10,20.60,22.70
TLM_RCV,-71,FG-ALPHA,1713170270,AUTO,2,31.92,5.00,-85,94.43,8.18,3.28,4.93,0,584,133,311,22.92,1012.70,11.90,405.70,11.17,46.15,1080,1,1713170254,GSN-01,-94,24.00,82.70,42,0,0,7.81,85,9.33,20.50,22.30,21.30,20.90,24.50,23.60,24.80,20.80,24.00,20.70,22.60,23.10,25.20,22.90,23.00,20.40,23.00,21.20,21.50,25.90,23.60,22.30,23.30,25.70,22.70,25.90,25.90,22.30,23.90,21.50,24.80,23.20,21.50,25.90,21.80,22.90,24.30,23.20,24.70,23.50,25.00,24.50,24.10,24.90,22.00,20.40,21.30,21.20,25.80,23.20,21.20,20.10,23.40,25.90,22.40,21.70,23.60,24.90,24.40,20.60,22.60,25.00,21.50,24.80
TLM_RCV,-55,FG-ALPHA,1713170271,AUTO,2,31.99,5.00,-85,94.48,8.18,3.31,4.95,1112,598,109,347,22.57,1013.60,12.10,405.10,11.17,46.15,1080,1,1713170252,GSN-01,-95,25.80,73.80,48,0,1,7.79,85,9.34,24.20,23.30,25.80,23.10,21.90,23.40,21.30,21.40,24.80,21.40,24.90,24.10,22.00,21.00,21.40,25.80,20.20,21.80,20.80,20.90,21.60,25.80,24.90,24.50,23.80,23.50,22.40,20.70,24.80,24.50,24.20,22.60,24.80,20.70,21.20,24.60,22.70,21.50,22.70,25.40,21.60,20.20,21.80,20.20,84.50,23.50,21.90,25.60,25.10,21.00,20.70,21.00,24.60,22.00,23.40,23.70,24.80,24.30,21.20,23.00,24.70,25.00,23.50,21.30
TLM_RCV,-72,FG-ALPHA,1713170272,AUTO,2,31.82,5.00,-85,94.43,8.18,3.30,4.92,0,564,140,278,22.82,1013.10,11.90,405.70,11.17,46.15,1080,1,1713170255,GSN-01,-84,23.60,83.00,44,0,0,7.81,85,9.34,22.00,21.90,21.40,24.90,20.00,22.30,23.80,23.70,24.30,22.10,21.30,23.60,22.10,23.50,24.70,21.40,23.70,25.90,21.80,22.90,23.20,20.30,20.20,23.10,25.80,20.40,21.70,23.50,20.90,23.70,23.60,21.60,23.90,22.10,21.30,20.50,23.70,24.70,21.10,21.30,24.50,25.70,25.80,25.30,22.30,21.70,24.90,20.90,25.50,21.80,20.30,20.00,22.10,22.60,20.20,24.70,20.10,24.00,22.60,24.30,23.40,23.70,21.40,20.50
TLM_RCV,-58,FG-ALPHA,1713170273,AUTO,2,33.04,5.00,-85,94.37,8.17,3.30,4.98,0,609,112,338,23.05,1012.70,11.80,406.30,11.17,46.15,1080,1,1713170221,GSN-01,-81,24.70,82.30,43,0,0,7.82,84,9.35,23.70,24.60,22.30,21.80,20.80,71.30,25.70,24.20,25.90,22.20,25.40,23.60,23.20,22.90,21.90,21.30,21.20,23.90,23.90,23.60,21.20,23.10,21.90,23.50,21.30,24.70,22.60,21.10,24.40,23.20,22.70,24.40,20.50,20.80,21.60,23.10,20.10,20.50,25.00,22.40,24.50,20.20,21.80,21.00,21.60,22.50,22.00,25.20,21.80,20.00,24.40,21.80,24.90,21.60,22.10,21.50,25.00,21.90,22.40,23.00,23.00,25.50,23.20,24.60
TLM_RCV,-52,FG-ALPHA,1713170274,AUTO,2,32.05,5.00,-85,94.39,8.17,3.29,4.95,838,610,121,330,21.14,1013.60,12.00,406.30,11.17,46.15,1080,1,1713170244,GSN-01,-80,23.70,80.10,44,0,1,7.80,84,9.35,23.60,22.00,23.90,20.60,22.40,24.00,20.70,22.60,24.40,23.40,23.30,24.40,25.40,24.20,23.30,24.00,25.70,20.20,25.90,22.10,22.20,20.50,23.90,20.70,20.90,23.10,20.70,22.50,21.40,20.70,21.50,22.30,24.10,20.40,22.10,23.80,21.90,20.80,25.40,21.70,24.60,23.70,22.30,25.30,20.00,25.70,20.50,22.20,73.00,22.30,25.70,21.10,25.30,25.50,24.40,25.20,25.90,20.80,20.20,22.60,25.20,25.80,24.00,20.10
TLM_RCV,-46,FG-ALPHA,1713170275,AUTO,2,34.19,5.00,-85,94.42,8.17,3.31,4.92,902,637,133,347,21.33,1013.50,12.00,405.20,11.18,46.15,1080,1,1713170240,GSN-01,-90,23.20,79.10,45,0,0,7.80,85,9.36,22.40,24.80,22.40,23.40,21.60,21.70,23.70,22.20,21.60,21.10,21.80,22.10,22.60,22.20,25.30,20.80,22.80,23.30,25.80,22.90,23.60,21.20,20.10,24.80,23.50,20.20,23.40,22.00,22.00,22.10,21.60,21.60,25.70,21.80,25.40,21.00,23.00,21.90,23.10,23.80,25.20,23.10,25.90,24.10,21.80,21.20,23.40,22.90,20.90,25.50,25.00,23.60,25.30,20.10,21.20,22.40,23.20,22.30,24.40,25.10,25.50,25.10,23.30,20.10
TLM_RCV,-62,FG-ALPHA,1713170276,AUTO,2,34.08,5.00,-85,94.44,8.17,3.30,4.98,860,615,139,335,21.23,1013.50,12.00,405.10,11.18,46.15,1080,1,1713170231,GSN-01,-87,25.80,80.60,45,0,0,7.79,84,9.36,24.00,22.90,23.70,20.00,23.70,23.70,23.20,20.50,25.10,23.60,25.90,20.70,21.10,25.00,24.30,23.20,21.50,24.90,22.10,23.60,23.50,25.90,21.60,22.10,21.00,21.90,21.10,25.70,22.00,23.60,21.50,22.30,22.70,21.30,23.20,22.50,24.10,21.10,20.30,24.60,25.00,22.00,21.50,25.10,25.30,22.70,22.10,20.90,24.60,23.40,25.60,21.60,21.60,20.60,21.10,20.90,25.20,22.10,24.40,25.10,23.20,20.10,23.50,20.80
TLM_RCV,-48,FG-ALPHA,1713170277,AUTO,2,32.81,5.00,-85,94.48,8.18,3.31,4.91,971,561,111,299,22.05,1013.60,12.00,405.10,11.18,46.15,1080,1,1713170226,GSN-01,-73,25.60,76.60,48,0,0,7.80,84,9.37,24.90,25.80,23.00,24.20,23.70,22.00,20.10,25.50,20.00,22.50,23.30,25.80,23.80,24.70,25.40,25.80,24.00,22.20,20.50,20.60,24.30,23.70,24.20,21.10,21.60,25.70,21.80,21.50,24.60,22.50,23.80,21.90,23.80,22.00,25.60,20.10,22.20,22.10,24.40,22.30,20.90,23.90,21.50,22.10,25.40,22.20,24.00,22.30,20.10,22.30,23.60,22.30,22.00,21.40,21.10,25.20,25.40,23.10,24.60,22.30,25.80,22.20,23.40,20.90
TLM_RCV,-46,FG-ALPHA,1713170278,AUTO,2,31.94,5.00,-85,94.42,8.18,3.28,4.94,0,588,105,342,22.94,1013.20,12.10,405.70,11.18,46.15,1080,1,1713170235,GSN-01,-90,24.30,77.40,47,0,0,7.79,84,9.37,25.50,24.40,21.30,25.20,20.80,20.40,22.30,21.70,25.50,20.90,20.70,23.90,24.20,25.80,21.60,23.30,25.60,25.80,23.70,20.80,25.70,21.20,20.70,22.10,21.50,22.70,22.30,22.70,24.50,25.40,22.50,25.20,20.20,20.70,23.40,22.00,25.20,21.20,20.10,21.70,24.20,22.60,21.30,23.30,21.90,24.50,20.40,21.80,25.10,24.00,22.00,24.30,23.40,21.70,20.60,20.30,21.30,24.30,25.10,23.80,25.50,21.00,22.90,24.60
TLM_RCV,-61,FG-ALPHA,1713170279,AUTO,2,32.96,5.00,-85,94.46,8.18,3.29,4.90,1017,592,147,287,22.12,1012.70,11.80,405.90,11.18,46.15,1080,1,1713170269,GSN-01,-74,25.90,79.20,49,0,0,7.82,85,9.38,21.50,22.10,20.20,20.90,21.60,25.80,25.20,24.20,21.40,25.60,20.60,22.20,21.90,23.50,20.10,21.10,24.30,24.00,24.40,25.60,23.20,20.20,22.50,25.00,23.70,22.70,23.80,25.70,22.90,20.30,20.50,25.00,23.60,22.90,23.60,20.00,23.70,22.50,25.80,20.80,23.50,21.30,23.80,21.00,23.90,22.60,21.30,21.20,23.10,23.30,22.20,23.80,23.00,24.00,22.20,21.40,22.70,24.30,20.40,21.50,22.80,20.50,22.60,22.30
TLM_RCV,-63,FG-ALPHA,1713170280,AUTO,2,31.66,5.00,-85,94.52,8.19,3.29,4.95,1054,532,131,257,22.61,1013.50,12.10,404.70,11.18,46.15,1080,1,1713170234,GSN-01,-73,24.20,75.80,40,0,0,7.81,85,9.38,23.50,23.50,25.50,23.00,23.40,22.00,24.50,23.00,25.80,23.10,21.20,25.90,23.80,23.80,24.20,25.90,21.80,20.00,22.40,22.10,24.80,23.20,20.60,24.00,21.20,22.30,24.70,25.50,20.90,20.90,20.60,22.60,23.80,22.80,20.70,20.00,20.90,24.50,22.30,23.40,20.90,21.90,24.10,20.60,21.90,24.50,22.30,23.40,25.60,25.80,20.20,25.30,23.20,24.90,24.40,20.40,20.40,22.90,23.80,20.50,24.70,22.80,25.70,20.00
TLM_RCV,-94,FG-ALPHA,1713170281,AUTO,2,33.49,5.00,-85,94.47,8.19,3.29,4.95,0,497,103,252,22.49,1013.20,11.80,406.40,11.18,46.15,1080,1,1713170271,GSN-01,-91,24.40,82.20,40,0,0,7.80,84,9.39,24.40,24.20,24.60,22.20,22.60,23.60,23.60,20.90,25.40,25.70,20.60,24.80,21.90,24.30,24.90,22.10,21.90,20.40,22.90,21.50,23.80,25.40,20.20,21.30,25.80,24.00,21.20,25.30,24.30,21.50,25.50,22.50,22.20,25.50,25.80,25.40,24.30,22.30,25.70,23.30,21.20,20.00,24.40,25.30,21.20,21.00,22.90,21.40,23.70,24.30,23.80,24.40,21.00,21.80,21.30,22.30,21.50,21.40,22.30,21.80,22.60,21.50,24.00,23.40
TLM_RCV,-64,FG-ALPHA,1713170282,AUTO,2,31.78,5.00,-85,94.53,8.19,3.29,4.93,1168,556,130,283,23.06,1013.20,12.00,406.00,11.18,46.15,1080,1,1713170248,GSN-01,-83,24.20,77.10,49,0,0,7.78,85,9.39,23.40,21.30,20.60,20.60,21.20,25.80,20.90,25.00,21.70,20.70,25.20,20.00,21.50,22.80,24.50,23.20,25.90,23.50,24.60,21.70,24.60,24.40,21.20,25.90,23.80,24.20,24.10,25.70,24.50,24.30,24.10,20.00,24.50,20.90,21.60,23.00,23.80,25.00,24.30,24.60,24.00,22.20,20.40,23.00,22.60,22.50,24.00,21.30,20.80,20.30,25.60,22.60,20.00,24.40,21.40,25.60,23.10,22.60,21.30,24.40,20.70,23.40,20.70,22.40
TLM_RCV,-86,FG-ALPHA,1713170283,AUTO,2,34.01,5.00,-85,94.56,8.18,3.30,4.98,906,603,125,332,21.51,1012.90,12.10,406.40,11.18,46.15,1080,1,1713170263,GSN-01,-73,25.60,81.80,40,0,0,7.78,85,9.40,20.70,20.70,22.10,21.30,22.30,24.30,21.20,22.60,20.00,21.90,21.80,24.10,22.80,24.40,25.30,23.30,20.20,24.00,24.40,24.90,24.10,22.40,20.10,23.70,21.00,20.30,24.30,22.90,23.30,24.40,25.60,25.90,25.60,22.90,20.40,23.60,20.80,21.60,23.90,22.70,25.10,22.30,20.80,22.80,23.00,25.40,22.80,21.30,22.40,22.00,25.70,25.60,24.60,21.30,23.40,23.70,21.00,20.30,20.00,21.30,23.90,20.70,25.50,20.00
TLM_RCV,-87,FG-ALPHA,1713170284,AUTO,2,32.67,5.00,-85,94.61,8.19,3.30,4.91,1081,534,115,279,22.74,1013.20,12.10,405.20,11.18,46.15,1080,1,1713170226,GSN-01,-73,25.80,78.70,45,0,0,7.81,85,9.40,21.90,22.40,20.50,24.90,20.90,20.80,24.50,23.20,21.40,24.60,21.20,20.30,20.20,22.00,25.50,20.10,22.20,25.20,21.90,23.00,24.70,23.30,21.60,21.70,23.10,21.70,24.50,23.00,25.00,24.90,22.30,22.60,24.60,20.00,22.20,25.40,25.40,25.20,20.40,23.20,24.50,21.90,23.30,24.80,25.20,20.70,21.20,22.70,20.50,22.00,25.70,21.60,22.40,22.50,20.40,23.20,22.80,22.90,25.20,25.50,25.10,22.70,21.20,22.70
TLM_RCV,-47,FG-ALPHA,1713170285,AUTO,2,32.71,5.00,-85,94.68,8.19,3.29,4.94,1184,542,131,259,23.21,1013.10,11.90,405.40,11.19,46.15,1080,1,1713170257,GSN-01,-73,25.40,75.40,42,0,0,7.79,84,9.41,22.30,23.40,20.00,21.00,25.40,23.60,21.80,22.40,22.40,21.30,21.90,25.60,24.20,25.50,22.70,22.40,20.40,22.70,20.10,21.20,20.80,25.40,24.70,25.20,25.40,23.30,20.80,22.90,22.10,22.00,24.60,25.00,20.00,22.10,20.00,25.00,20.00,20.10,23.90,23.80,21.40,24.70,22.30,25.90,20.30,23.10,23.80,24.60,23.10,24.60,22.30,24.80,23.20,22.10,22.70,22.60,23.20,20.50,23.70,21.50,24.00,23.30,20.50,22.40
TLM_RCV,-50,FG-ALPHA,1713170286,AUTO,2,33.96,5.00,-85,94.62,8.18,3.30,4.99,0,591,106,339,22.95,1012.90,12.10,405.70,11.19,46.15,1080,1,1713170237,GSN-01,-95,24.10,74.90,48,0,0,7.81,85,9.41,25.70,20.80,21.70,25.50,24.90,22.70,22.40,21.80,21.90,23.40,24.60,20.30,21.00,22.70,24.70,23.90,25.90,24.90,22.90,23.40,23.20,23.90,24.50,22.30,22.50,24.10,25.00,24.70,20.20,21.10,22.70,20.80,22.90,23.80,20.10,20.30,22.70,22.20,21.20,20.80,24.50,20.20,24.10,21.10,25.70,25.70,24.40,22.90,23.20,25.70,20.60,22.90,22.30,24.20,21.70,22.20,20.30,21.00,23.90,25.90,22.20,20.10,23.80,22.60
TLM_RCV,-65,FG-ALPHA,1713170287,AUTO,2,34.19,5.00,-85,94.65,8.18,3.29,4.98,981,639,135,348,21.71,1013.30,11.80,404.60,11.19,46.15,1080,1,1713170249,GSN-01,-93,24.60,78.90,47,0,0,7.82,84,9.42,22.00,24.50,20.20,21.70,25.60,25.40,21.70,23.40,23.50,24.90,20.00,20.30,21.90,23.00,25.10,21.20,25.10,24.80,21.90,23.40,24.90,24.90,23.80,20.20,23.70,24.00,22.80,21.10,21.20,24.80,21.40,21.00,20.20,79.30,20.10,25.60,21.90,22.90,22.60,21.10,25.40,23.60,25.10,23.20,20.20,23.90,25.80,20.40,24.60,23.60,20.90,21.70,22.80,22.80,25.50,24.20,24.40,20.50,23.00,23.20,23.80,21.90,23.50,21.00
TLM_RCV,-80,FG-ALPHA,1713170288,AUTO,2,32.76,5.00,-85,94.68,8.19,3.31,4.98,865,553,100,300,21.56,1012.70,12.00,404.90,11.19,46.15,1080,1,1713170272,GSN-01,-73,25.20,77.00,42,0,0,7.79,84,9.42,20.50,20.70,23.00,22.10,22.40,23.70,22.70,22.40,20.20,20.30,21.30,22.60,24.30,25.00,25.20,23.10,23.70,20.00,21.60,20.30,25.80,21.60,20.50,20.40,20.70,21.30,20.20,25.40,25.20,24.20,23.30,24.30,25.30,25.00,23.50,23.10,23.40,24.80,21.40,21.30,25.40,24.80,24.60,25.10,20.10,24.60,21.60,20.40,21.20,23.50,25.40,23.60,20.10,21.10,23.60,21.30,25.00,22.00,22.20,24.80,20.90,20.20,24.30,22.60
TLM_RCV,-76,FG-ALPHA,1713170289,AUTO,2,31.93,5.00,-85,94.73,8.19,3.31,4.90,1095,587,141,287,22.54,1012.80,12.10,405.90,11.19,46.15,1080,1,1713170256,GSN-01,-76,24.40,77.20,41,0,0,7.79,84,9.43,21.90,23.50,22.30,23.90,24.90,21.60,22.80,25.60,22.10,22.70,21.00,20.10,24.40,21.40,25.70,22.00,23.30,21.40,24.80,25.80,21.20,24.40,24.10,23.50,21.40,22.90,21.00,25.60,22.40,23.00,21.30,24.60,21.30,21.60,25.10,23.50,22.20,24.90,23.10,25.30,24.80,25.30,20.60,20.50,21.80,25.10,23.90,25.90,24.50,25.40,25.80,20.00,21.10,22.10,23.90,24.60,21.80,24.30,20.30,25.50,21.90,22.40,24.80,23.90
TLM_RCV,-67,FG-ALPHA,1713170290,AUTO,2,31.86,5.00,-85,94.77,8.19,3.28,4.95,904,572,103,325,21.66,1013.00,12.10,405.20,11.19,46.15,1080,1,1713170234,GSN-01,-80,25.70,75.70,41,0,0,7.81,84,9.43,20.30,25.10,20.60,23.20,25.30,25.90,24.30,21.60,25.10,24.40,22.50,20.60,23.40,23.10,21.60,20.30,23.10,21.80,24.40,22.60,25.10,20.20,25.90,24.50,23.20,22.10,22.70,24.60,25.60,25.50,23.60,24.90,23.70,25.30,21.60,22.00,22.00,25.20,25.40,21.60,21.90,25.00,24.30,23.80,25.30,23.60,25.80,23.40,24.10,25.20,22.30,22.10,20.40,21.90,20.80,20.50,24.80,23.00,25.70,21.40,25.00,24.60,23.60,21.30
TLM_RCV,-90,FG-ALPHA,1713170291,AUTO,2,32.65,5.00,-85,94.81,8.20,3.31,4.97,960,530,128,258,22.15,1013.50,11.90,406.40,11.19,46.15,1080,1,1713170237,GSN-01,-72,24.80,81.00,42,0,0,7.79,85,9.44,20.30,21.30,20.90,22.60,24.10,24.00,21.80,23.50,21.70,22.20,23.10,22.80,20.10,24.20,24.90,22.00,20.60,22.70,24.20,25.00,23.70,22.50,20.80,25.10,23.60,25.80,25.50,23.00,25.80,24.50,21.40,23.90,20.50,23.10,23.30,24.90,25.50,24.70,22.50,21.30,22.00,21.10,25.80,25.50,22.30,22.90,20.60,24.80,21.70,23.00,20.90,20.80,24.70,25.50,23.80,21.20,21.40,21.50,23.80,20.00,22.50,23.30,20.80,21.10
TLM_RCV,-49,FG-ALPHA,1713170292,AUTO,2,32.60,5.00,-85,94.85,8.20,3.31,4.95,943,519,107,272,22.12,1013.10,12.10,405.10,11.19,46.15,1080,1,1713170244,GSN-01,-77,23.60,74.00,44,0,0,7.81,84,9.44,21.60,20.40,20.50,21.60,25.30,21.00,20.70,21.90,25.90,24.70,21.60,23.60,21.00,21.30,25.30,21.20,21.50,21.90,23.00,24.50,23.90,22.00,23.50,21.10,21.60,23.00,21.20,21.00,22.90,23.00,20.10,21.90,21.40,22.80,20.90,23.60,20.10,23.30,23.80,23.90,21.60,23.70,21.60,25.10,24.30,20.20,23.70,25.70,23.80,20.90,24.80,22.90,23.70,21.20,25.90,23.30,25.20,24.10,25.90,21.10,25.40,23.50,23.50,22.70
TLM_RCV,-49,FG-ALPHA,1713170293,AUTO,2,32.83,5.00,-85,94.88,8.19,3.29,4.98,879,566,107,304,21.57,1013.10,12.10,405.80,11.19,46.15,1080,1,1713170272,GSN-01,-79,25.90,76.00,41,0,0,7.82,85,9.45,24.30,24.70,23.30,23.70,25.40,23.10,23.40,21.20,24.80,89.40,25.20,25.80,20.90,25.70,25.20,23.70,20.60,21.80,22.70,24.80,23.30,21.20,22.50,20.10,21.10,25.40,20.60,23.00,22.90,23.20,24.90,22.60,22.00,22.10,20.60,21.00,20.00,22.00,21.60,21.70,20.70,22.30,25.90,20.40,20.80,20.80,24.90,22.20,20.40,24.30,24.40,24.30,25.90,21.60,21.30,20.70,24.90,21.90,24.90,22.20,25.90,22.20,21.40,22.30
TLM_RCV,-80,FG-ALPHA,1713170294,AUTO,2,32.11,5.00,-85,94.93,8.19,3.31,4.94,1084,622,141,340,22.31,1013.00,11.80,404.90,11.19,46.15,1080,1,1713170269,GSN-01,-86,23.30,74.50,47,0,0,7.79,84,9.45,22.40,21.50,20.60,25.90,22.40,20.10,20.20,24.00,20.20,24.40,22.40,21.80,24.60,21.30,22.00,25.60,23.00,24.70,21.70,24.40,25.50,20.80,20.60,25.90,21.90,23.40,23.20,21.60,22.10,24.20,25.70,20.60,21.30,25.90,25.80,21.20,22.80,23.70,21.10,22.50,25.40,24.40,23.40,20.30,20.90,24.00,24.50,22.50,24.00,25.30,20.90,20.30,20.40,22.90,20.20,20.90,23.00,24.50,21.00,24.80,24.70,21.50,21.00,20.40
TLM_RCV,-59,FG-ALPHA,1713170295,AUTO,2,31.92,5.00,-85,94.87,8.19,3.28,4.98,0,584,136,301,22.92,1013.20,12.00,405.20,11.20,46.15,1080,1,1713170243,GSN-01,-84,24.50,77.00,42,0,0,7.79,84,9.46,23.70,20.20,22.80,24.60,20.60,21.30,21.00,20.80,22.80,21.50,25.10,21.50,24.70,25.40,22.10,21.50,24.40,24.20,22.50,21.10,23.60,21.10,25.30,25.30,23.50,73.80,20.40,21.20,23.50,22.20,23.90,22.00,20.90,25.00,22.90,20.60,21.20,24.60,25.00,20.70,20.50,23.90,23.40,25.10,20.30,20.50,21.90,21.90,20.40,22.20,22.20,25.10,25.90,24.90,23.80,24.00,25.10,22.20,24.40,20.40,23.10,21.30,20.80,21.00
TLM_RCV,-85,FG-ALPHA,1713170296,AUTO,2,33.19,5.00,-85,94.81,8.18,3.30,4.99,0,637,146,337,23.18,1013.40,11.90,404.60,11.20,46.15,1080,1,1713170262,GSN-01,-72,25.60,81.60,40,0,0,7.82,85,9.46,22.10,25.90,24.60,24.70,21.90,21.40,24.60,21.20,24.30,22.80,21.00,21.60,20.80,24.60,24.90,20.20,23.90,24.80,21.60,22.10,25.40,22.40,21.50,24.60,23.60,24.50,24.50,24.30,21.70,24.70,20.50,20.40,24.70,24.70,20.80,23.40,25.60,24.70,25.00,20.40,21.00,24.10,21.80,22.00,20.50,20.40,25.70,21.00,22.80,24.90,25.50,23.90,24.90,25.40,24.90,20.80,25.40,24.90,24.00,22.30,23.50,21.40,23.80,21.70
TLM_RCV,-44,FG-ALPHA,1713170297,AUTO,2,32.06,5.00,-85,94.84,8.18,3.28,4.95,947,613,123,348,21.67,1012.90,11.90,405.30,11.20,46.15,1080,1,1713170248,GSN-01,-77,25.00,79.30,43,0,0,7.80,84,9.47,21.70,24.20,20.70,21.60,24.70,20.50,24.20,22.20,21.20,25.30,25.00,25.80,20.70,20.40,20.80,21.00,24.50,24.90,25.10,20.90,23.20,23.00,24.00,22.00,25.90,23.00,21.30,23.60,20.70,23.50,20.60,21.00,25.40,24.20,21.90,25.40,22.30,25.30,21.80,23.30,22.00,23.60,23.50,22.10,23.20,23.10,22.80,22.80,22.90,23.00,24.20,21.60,25.20,25.70,23.90,24.90,24.50,23.20,20.70,23.70,22.20,20.60,22.90,22.40
TLM_RCV,-92,FG-ALPHA,1713170298,AUTO,2,32.94,5.00,-85,94.78,8.19,3.28,4.96,0,588,100,338,22.94,1013.30,12.00,405.60,11.20,46.15,1080,1,1713170270,GSN-01,-73,23.30,81.80,46,0,0,7.81,84,9.47,22.40,24.80,21.00,22.50,21.90,24.10,22.20,25.30,23.90,20.90,24.10,20.70,25.60,23.70,25.20,20.10,21.20,20.80,21.60,22.90,24.10,21.60,22.60,24.10,25.50,24.50,20.10,23.10,23.90,21.00,23.80,22.40,25.00,21.30,24.40,24.00,20.10,22.90,20.30,23.70,24.10,22.00,24.70,22.10,22.50,20.20,25.10,24.60,24.90,21.20,24.60,24.20,25.80,20.30,21.10,20.40,21.20,25.70,25.00,22.10,24.30,20.50,20.50,20.00
TLM_RCV,-52,FG-ALPHA,1713170299,AUTO,2,32.60,5.00,-85,94.82,8.20,3.31,4.98,886,521,124,252,21.83,1013.50,11.90,405.90,11.20,46.15,1080,1,1713170263,GSN-01,-91,23.10,78.20,47,0,0,7.82,84,9.48,20.80,20.60,25.80,22.50,24.10,21.30,25.30,21.10,20.30,24.00,20.80,21.90,24.40,25.60,21.20,25.90,25.50,20.00,23.60,20.30,21.00,21.70,22.50,21.70,23.90,23.00,24.30,20.20,21.00,24.70,23.70,23.80,23.60,24.40,24.90,21.20,20.10,25.20,21.80,24.30,22.90,20.80,20.60,24.30,22.80,22.10,23.40,20.60,21.00,25.90,23.30,25.20,24.00,20.80,20.70,22.70,20.60,25.90,22.40,22.40,20.10,22.50,22.40,24.10
TLM_RCV,-43,FG-ALPHA,1713170300,AUTO,2,33.67,5.00,-85,94.77,8.19,3.31,4.97,0,535,115,280,22.67,1013.00,11.90,406.20,11.20,46.15,1080,1,1713170282,GSN-01,-91,24.80,78.60,48,0,0,7.81,84,9.48,21.90,23.40,21.40,25.00,23.60,21.60,23.40,21.00,21.20,21.70,23.70,20.60,20.40,24.70,22.60,23.30,24.80,20.80,21.40,21.60,21.60,21.40,23.10,23.90,24.40,21.40,21.60,23.30,20.80,20.20,23.10,22.20,20.50,25.40,24.40,25.70,21.50,24.90,23.60,22.50,20.70,23.60,21.70,21.60,21.00,23.60,24.60,22.40,22.20,25.40,25.10,20.30,21.20,25.40,20.10,21.50,23.50,23.50,24.10,21.60,21.90,24.90,22.60,22.20
TLM_RCV,-61,FG-ALPHA,1713170301,AUTO,2,34.03,5.00,-85,94.71,8.18,3.30,4.90,0,605,135,318,23.02,1013.60,11.90,404.60,11.20,46.15,1080,1,1713170280,GSN-01,-85,23.60,78.50,40,0,0,7.81,84,9.49,24.20,22.00,22.50,25.50,21.20,24.70,22.40,25.30,22.70,25.40,24.30,25.20,22.30,21.00,25.00,20.80,20.30,24.90,23.60,24.20,24.10,23.40,24.00,21.30,20.00,21.80,20.50,20.10,25.90,24.40,24.50,24.50,25.00,25.90,21.70,23.60,24.90,24.00,24.40,22.00,24.80,25.60,24.80,24.90,20.20,24.30,21.80,23.70,22.40,25.90,22.90,22.10,23.50,21.00,24.50,21.10,22.20,22.90,21.80,20.80,24.40,25.40,21.10,25.10
TLM_RCV,-55,FG-ALPHA,1713170302,AUTO,2,32.85,5.00,-85,94.77,8.19,3.29,4.93,1175,571,107,323,23.02,1013.30,11.80,405.50,11.20,46.15,1080,1,1713170249,GSN-01,-77,25.50,76.20,48,0,0,7.81,85,9.49,20.50,24.40,22.50,24.70,21.90,24.20,25.50,24.30,20.50,21.50,24.30,24.60,20.70,25.30,22.10,20.90,22.40,20.20,20.70,24.40,20.50,22.00,20.40,21.60,21.20,23.50,23.70,25.80,20.00,21.30,22.70,24.30,24.40,21.80,21.80,23.40,23.40,22.90,25.30,20.80,23.90,21.70,23.80,22.80,25.40,23.90,23.00,23.30,24.50,21.00,22.70,25.10,23.40,20.00,23.00,20.80,20.60,25.40,24.30,25.20,25.70,25.50,22.70,20.40
TLM_RCV,-60,FG-ALPHA,1713170303,AUTO,2,32.03,5.00,-85,94.80,8.18,3.31,4.93,918,606,121,344,21.56,1012.80,12.00,404.50,11.20,46.15,1080,1,1713170286,GSN-01,-83,24.40,79.60,49,1,0,7.79,85,9.50,21.40,22.50,23.40,24.20,25.40,21.00,24.20,25.90,21.70,24.50,24.70,25.50,21.80,21.80,24.50,21.80,25.90,20.80,20.30,23.20,21.70,24.60,22.20,25.00,24.10,23.40,24.90,20.60,21.20,20.90,21.10,22.80,21.40,23.70,20.80,25.90,23.10,21.50,24.50,20.00,22.70,23.70,24.70,25.10,24.70,21.30,22.80,20.00,21.50,25.00,21.50,22.60,21.10,21.80,22.80,23.90,70.20,20.10,23.50,24.50,21.00,21.70,24.70,24.00
TLM_RCV,-79,FG-ALPHA,1713170304,AUTO,2,33.73,5.00,-85,94.85,8.19,3.30,4.98,1085,546,117,286,22.69,1013.50,12.00,405.40,11.20,46.15,1080,1,1713170262,GSN-01,-73,25.80,75.30,43,0,0,7.81,85,9.50,20.80,22.30,24.80,24.60,23.30,24.80,22.70,22.40,21.80,22.50,23.40,22.90,25.30,24.20,25.40,25.60,23.10,24.90,24.80,24.60,25.70,21.40,20.90,20.90,23.90,21.90,20.80,25.70,20.60,20.20,25.80,25.30,23.60,23.10,22.10,25.70,25.00,21.20,23.10,25.30,25.90,23.80,24.90,25.50,21.50,20.80,24.70,25.80,20.50,25.00,23.10,22.70,22.70,20.50,21.80,25.30,25.10,22.00,24.40,23.80,21.70,22.40,22.00,25.80
TLM_RCV,-68,FG-ALPHA,1713170305,AUTO,2,32.88,5.00,-85,94.89,8.19,3.31,4.97,917,576,123,313,21.70,1012.90,12.10,405.30,11.21,46.15,1080,1,1713170262,GSN-01,-76,25.40,81.90,48,0,0,7.80,85,9.51,20.80,23.20,20.70,22.70,25.10,24.90,20.60,22.10,22.10,25.00,23.70,22.20,25.40,21.50,24.00,24.80,23.90,20.50,21.60,22.90,25.90,23.10,22.00,24.60,23.70,25.10,24.20,22.60,20.10,24.80,21.60,24.20,21.60,23.40,24.60,20.20,24.90,22.10,23.20,23.70,25.60,23.80,22.40,22.50,25.70,20.50,21.60,20.60,23.20,23.00,25.00,22.70,20.80,21.70,25.20,21.60,25.30,25.80,24.50,23.00,21.00,21.10,23.00,25.10
TLM_RCV,-63,FG-ALPHA,1713170306,AUTO,2,31.88,5.00,-85,94.94,8.19,3.28,4.90,1106,576,134,288,22.65,1013.30,11.80,405.80,11.21,46.15,1080,1,1713170263,GSN-01,-79,25.20,81.10,46,0,1,7.78,85,9.51,20.30,20.80,25.30,25.20,20.80,24.40,23.10,21.20,20.00,24.00,23.80,24.80,20.70,24.80,22.80,23.80,22.40,21.30,23.10,22.00,25.20,23.30,25.30,23.10,20.60,21.90,22.00,21.40,25.10,25.70,23.90,24.80,21.10,21.10,23.00,20.00,20.50,24.20,25.70,21.80,24.40,25.60,21.10,23.20,24.00,25.40,24.00,21.70,22.30,21.10,23.60,24.80,23.40,21.10,24.20,24.10,25.90,25.40,22.80,24.40,23.80,24.10,23.40,23.00
TLM_RCV,-56,FG-ALPHA,1713170307,AUTO,2,32.03,5.00,-85,94.88,8.19,3.29,4.91,0,607,140,321,23.03,1013.40,11.80,404.60,11.21,46.15,1080,1,1713170294,GSN-01,-86,25.30,77.70,43,0,0,7.81,85,9.52,23.20,22.80,24.40,21.70,23.20,21.10,24.30,22.10,25.90,25.90,23.60,24.70,24.50,23.60,23.20,23.40,21.50,21.20,23.40,20.00,25.70,21.30,25.90,20.30,20.70,25.30,21.00,21.70,22.50,23.30,25.20,24.30,23.50,25.90,20.10,24.10,20.30,23.60,23.80,24.40,24.10,20.40,24.70,21.80,20.50,20.20,22.70,24.00,21.60,23.30,22.30,22.10,21.00,21.80,20.30,25.20,21.80,23.50,25.80,23.60,24.10,24.60,20.10,23.00
TLM_RCV,-95,FG-ALPHA,1713170308,AUTO,2,33.63,5.00,-85,94.91,8.20,3.28,4.98,874,526,124,253,21.74,1013.40,12.00,404.90,11.21,46.15,1080,1,1713170256,GSN-01,-81,24.80,77.90,48,0,0,7.82,84,9.52,24.90,22.80,22.70,23.60,23.30,22.00,20.40,23.80,23.40,20.00,25.10,24.10,20.70,21.80,25.50,22.80,21.50,22.60,20.60,23.10,23.70,21.80,21.60,23.50,25.00,24.40,21.20,24.00,21.20,22.30,24.40,24.70,25.00,23.60,25.80,21.80,23.00,22.50,24.00,23.50,24.00,25.10,24.70,23.20,22.00,21.70,25.40,21.00,22.80,20.80,21.20,25.60,24.40,23.10,20.20,25.00,21.10,22.70,25.20,20.10,22.30,22.50,22.70,25.20
TLM_RCV,-45,FG-ALPHA,1713170309,AUTO,2,32.00,5.00,-85,94.97,8.19,3.30,4.95,1161,599,146,299,22.81,1012.80,11.90,404.60,11.21,46.15,1080,1,1713170278,GSN-01,-84,24.00,77.90,47,0,0,7.79,84,9.53,20.20,20.80,20.90,25.50,22.90,21.80,24.90,20.50,20.80,20.30,21.70,21.90,20.70,21.90,21.90,24.90,25.00,24.60,21.60,20.10,23.00,25.30,20.40,25.50,25.60,20.50,21.90,20.60,24.80,21.70,25.60,20.10,20.20,21.70,23.10,21.50,22.50,22.80,22.40,22.70,25.60,23.80,23.40,21.20,23.10,24.00,25.80,21.00,23.90,22.50,21.20,23.30,25.40,25.90,21.90,25.30,20.50,23.50,23.70,23.10,21.10,23.30,23.50,24.60
TLM_RCV,-91,FG-ALPHA,1713170331,AUTO,2,33.79,5.00,-85,95.99,8.22,3.28,4.97,0,558,120,294,22.79,1012.90,12.10,405.70,11.23,46.15,1080,1,1713170277,GSN-01,-91,23.30,79.20,44,0,0,7.81,84,9.53,22.50,24.90,22.50,24.70,20.70,23.10,25.70,23.50,21.40,25.40,20.40,20.50,22.80,22.70,21.00,24.40,24.60,24.30,25.00,24.80,22.00,23.00,71.30,25.50,24.10,23.60,23.80,20.90,24.60,24.80,21.00,25.10,23.00,24.10,24.70,23.30,24.20,21.30,25.20,20.40,23.70,21.20,21.30,21.40,24.40,24.00,21.10,21.00,25.40,21.60,25.80,24.00,20.80,25.70,21.90,23.00,24.10,20.60,23.40,22.60,21.50,21.80,22.30,20.20
TLM_RCV,-74,FG-ALPHA,1713170332,AUTO,2,33.10,5.00,-85,96.03,8.21,3.29,4.94,1027,619,148,321,22.04,1013.40,12.10,404.80,11.23,46.15,1080,1,1713170303,GSN-01,-91,25.80,80.30,47,0,0,7.82,85,9.54,24.40,20.00,20.60,24.30,24.60,24.90,21.20,21.40,25.80,24.50,24.80,20.40,23.70,22.10,23.50,25.70,20.70,25.70,24.80,22.30,21.50,21.50,23.40,22.00,21.30,21.20,21.40,23.50,25.60,24.80,24.70,21.10,21.40,23.50,23.10,22.30,20.30,22.50,24.90,20.10,25.80,20.00,24.10,20.90,22.10,22.90,21.30,24.40,21.80,24.00,23.90,24.30,24.50,25.00,24.00,23.60,24.20,21.00,23.50,21.50,21.20,24.20,25.40,20.50
TLM_RCV,-45,FG-ALPHA,1713170333,AUTO,2,32.76,5.00,-85,96.07,8.22,3.29,4.91,934,552,119,278,21.91,1013.10,12.10,405.40,11.23,46.15,1080,1,1713170309,GSN-01,-75,23.50,83.10,48,1,1,7.78,85,9.54,23.40,22.20,22.80,23.60,20.20,21.60,24.70,21.70,23.80,25.20,25.80,21.30,21.10,20.80,24.00,24.50,24.10,25.10,20.60,22.60,22.00,21.80,21.00,20.80,20.20,22.90,20.10,22.00,21.00,23.00,20.80,20.00,23.70,20.10,20.10,22.80,25.00,21.60,25.80,24.80,22.90,23.70,20.90,23.80,25.80,20.70,23.60,20.20,23.00,21.20,21.30,22.10,24.20,20.50,23.80,20.70,23.90,20.30,22.30,20.60,25.80,24.00,21.90,23.90
TLM_RCV,-81,FG-ALPHA,1713170334,AUTO,2,32.62,5.00,-85,96.02,8.23,3.30,4.98,0,524,115,257,22.62,1013.30,11.90,406.40,11.23,46.15,1080,1,1713170298,GSN-01,-86,24.70,75.70,41,0,0,7.80,85,9.55,22.20,25.30,24.60,24.20,24.20,21.90,21.50,21.80,25.00,25.40,22.80,24.20,21.90,21.20,25.00,23.50,22.20,23.00,20.00,25.30,20.90,21.80,24.40,24.10,22.70,25.20,25.90,20.50,20.70,21.50,25.00,24.40,24.50,25.10,21.70,24.00,20.10,25.50,20.00,20.60,20.30,23.50,22.50,24.00,24.60,20.80,21.20,23.20,22.90,21.80,25.50,20.80,25.70,25.70,25.10,20.60,23.90,23.00,25.60,21.30,20.70,21.50,22.40,25.70
TLM_RCV,-70,FG-ALPHA,1713170335,AUTO,2,32.04,5.00,-85,96.05,8.21,3.31,4.91,969,609,145,315,21.80,1012.80,12.00,404.60,11.24,46.15,1080,1,1713170306,GSN-01,-80,23.60,74.80,46,1,0,7.80,84,9.55,25.30,24.20,23.40,23.80,22.50,24.00,24.20,23.40,21.50,25.20,21.40,21.90,24.20,23.10,24.30,23.40,25.80,25.40,24.80,22.20,24.40,20.40,23.90,24.90,21.30,24.30,20.80,25.40,23.30,24.60,22.70,20.10,25.10,25.10,24.40,23.90,25.00,22.40,25.10,21.30,24.10,24.10,24.90,20.90,23.70,22.30,24.00,20.30,25.30,22.70,24.70,25.40,24.10,20.40,23.40,21.60,22.50,24.70,21.60,22.70,25.60,20.40,25.10,23.40
TLM_RCV,-77,FG-ALPHA,1713170336,AUTO,2,33.93,5.00,-85,96.08,8.22,3.30,4.90,803,586,137,309,21.08,1013.20,11.90,405.10,11.24,46.15,1080,1,1713170314,GSN-01,-75,24.80,80.40,47,0,0,7.78,85,9.56,24.70,20.30,25.30,23.20,22.30,22.60,22.60,20.80,25.30,20.20,22.00,20.10,23.00,20.70,22.10,24.70,22.70,25.20,20.00,23.90,22.90,22.40,21.30,24.00,24.00,23.20,25.10,22.70,21.00,25.70,21.60,23.20,20.50,21.90,21.50,23.90,24.20,25.30,24.50,24.80,23.50,24.40,22.20,20.10,23.90,23.20,20.60,21.80,21.90,23.10,24.00,23.20,21.00,22.80,24.10,21.40,21.50,23.90,22.50,23.20,22.90,24.40,23.10,20.50
TLM_RCV,-94,FG-ALPHA,1713170337,AUTO,2,32.72,5.00,-85,96.13,8.23,3.29,4.97,1138,545,104,299,22.97,1013.20,12.10,405.80,11.24,46.15,1080,1,1713170278,GSN-01,-85,23.20,80.70,43,0,0,7.81,84,9.56,24.20,23.10,24.40,24.30,25.70,23.30,21.00,21.20,22.40,21.10,21.10,21.10,22.20,21.20,21.10,24.80,24.10,24.20,22.40,20.40,22.40,22.50,23.30,23.70,22.30,22.60,24.40,24.50,21.70,25.40,21.70,20.10,20.60,23.70,23.60,22.50,22.50,22.40,20.60,22.10,24.40,20.10,23.10,25.10,22.30,21.30,21.40,20.40,25.90,25.60,20.50,24.40,21.50,22.50,21.20,25.90,20.30,21.40,22.20,23.20,25.50,22.20,23.10,25.00
TLM_RCV,-59,FG-ALPHA,1713170338,AUTO,2,34.21,5.00,-85,96.07,8.21,3.30,4.98,0,642,146,344,23.21,1012.70,12.10,404.60,11.24,46.15,1080,1,1713170308,GSN-01,-72,24.20,79.70,42,0,0,7.80,84,9.57,21.20,21.80,20.00,24.10,20.90,22.90,80.90,21.60,25.00,21.70,23.90,25.40,24.60,24.90,22.30,20.50,23.40,23.60,22.80,21.70,22.40,22.00,24.20,22.20,23.70,24.30,25.00,20.40,24.70,21.50,23.60,22.70,24.70,25.60,24.50,21.60,24.30,23.70,23.80,22.10,23.60,25.60,25.00,22.10,22.70,21.20,22.80,22.80,23.00,22.10,20.40,20.30,21.00,24.10,21.90,22.20,24.20,24.10,22.50,24.50,20.90,24.50,21.70,25.30
TLM_RCV,-92,FG-ALPHA,1713170339,AUTO,2,32.69,5.00,-85,96.13,8.23,3.29,4.91,1162,539,109,285,23.11,1013.30,11.90,406.00,11.24,46.15,1080,1,1713170294,GSN-01,-80,25.00,81.10,47,0,0,7.82,85,9.57,20.70,21.10,20.40,24.20,22.00,22.60,21.10,23.50,21.80,24.40,20.40,20.70,22.40,21.90,25.00,20.10,20.00,23.60,22.70,23.20,23.40,22.00,20.20,25.70,24.70,23.40,22.50,23.30,22.40,23.50,24.00,25.80,23.60,23.80,22.40,22.60,23.60,22.60,23.00,25.10,21.70,23.70,21.60,20.10,24.60,23.90,20.90,24.80,22.50,25.00,20.10,24.50,21.40,23.60,25.80,22.90,23.10,25.60,21.30,22.10,25.60,25.20,24.00,20.40
TLM_RCV,-41,FG-ALPHA,1713170340,AUTO,2,32.01,5.00,-85,96.16,8.22,3.29,4.93,888,603,118,326,21.42,1013.20,11.90,405.30,11.24,46.15,1080,1,1713170309,GSN-01,-76,23.40,73.80,46,0,0,7.79,85,9.58,20.20,21.20,21.00,22.50,22.60,23.20,20.00,25.20,23.40,23.60,23.80,25.30,25.40,25.60,21.50,21.20,25.80,22.40,20.30,24.60,21.90,22.90,24.60,23.80,25.40,20.90,24.30,22.00,24.90,20.30,21.90,20.10,22.90,21.10,23.00,20.60,25.90,22.30,23.70,20.30,24.60,22.30,20.60,25.80,25.90,25.60,21.30,24.10,25.70,23.00,20.40,25.00,24.10,25.20,22.60,22.60,23.50,23.90,25.60,24.00,21.20,20.80,22.30,22.20
TLM_RCV,-90,FG-ALPHA,1713170341,AUTO,2,33.79,5.00,-85,96.20,8.23,3.28,4.92,967,558,146,264,22.05,1013.40,11.80,405.50,11.24,46.15,1080,1,1713170304,GSN-01,-71,25.80,74.10,41,0,0,7.80,84,9.58,22.60,20.70,24.30,20.00,20.00,20.10,24.00,23.30,22.90,23.80,20.40,24.50,24.90,24.60,21.30,25.20,24.80,20.20,21.40,21.80,20.90,21.20,20.40,22.50,23.10,23.40,21.70,20.60,23.00,22.30,23.00,22.00,25.80,24.50,25.00,25.10,24.10,24.80,21.50,24.20,20.20,22.90,24.40,25.30,25.80,20.90,21.90,23.30,24.60,24.30,20.50,23.60,24.10,22.10,24.70,23.90,20.90,20.70,20.40,20.90,21.60,21.10,20.20,24.30
TLM_RCV,-43,FG-ALPHA,1713170342,AUTO,2,33.92,5.00,-85,96.23,8.22,3.30,4.98,877,585,116,323,21.46,1013.40,11.80,405.90,11.24,46.15,1080,1,1713170308,GSN-01,-71,25.80,82.00,40,0,0,7.80,85,9.59,23.00,25.90,22.10,21.30,23.30,24.00,22.80,24.10,20.30,25.50,23.70,20.60,25.20,21.50,20.70,25.80,25.70,21.40,23.60,25.80,23.20,20.40,21.60,20.80,24.80,20.60,25.10,23.80,22.10,21.00,21.10,22.30,23.50,25.90,25.40,22.10,23.70,21.40,20.20,24.10,22.90,23.80,21.60,22.90,22.60,22.80,24.10,20.60,22.40,21.60,24.50,25.40,24.10,24.90,23.10,25.40,22.30,20.30,21.30,20.40,23.80,23.10,24.90,24.60
TLM_RCV,-79,FG-ALPHA,1713170343,AUTO,2,33.99,5.00,-85,96.17,8.22,3.30,4.96,0,598,123,333,22.99,1013.00,11.90,405.80,11.24,46.15,1080,1,1713170290,GSN-01,-81,24.40,80.40,41,0,0,7.79,84,9.59,24.70,22.90,20.90,21.00,24.80,20.90,22.90,20.20,22.10,24.10,22.90,22.10,25.00,20.10,23.40,22.00,25.40,24.80,22.50,25.00,21.50,24.10,20.00,23.20,20.90,20.70,20.00,23.90,20.60,22.00,20.50,24.90,20.90,21.10,21.90,25.40,25.10,24.40,22.00,21.60,25.90,20.00,25.70,22.10,23.60,21.40,22.20,22.90,22.60,20.20,25.40,23.10,24.40,23.20,24.20,21.70,20.00,23.70,25.00,21.20,21.90,24.20,21.70,23.50
TLM_RCV,-63,FG-ALPHA,1713170344,AUTO,2,32.96,5.00,-85,96.22,8.22,3.31,4.94,1052,591,140,311,22.31,1012.90,12.10,406.30,11.24,46.15,1080,1,1713170288,GSN-01,-94,25.40,75.80,45,0,0,7.80,84,9.60,22.80,24.90,25.40,21.60,21.00,21.50,25.00,24.00,25.40,20.10,23.10,24.60,24.50,21.30,21.70,25.80,20.10,22.20,21.20,20.90,25.60,21.10,20.60,22.80,22.70,20.50,23.40,21.40,22.20,23.20,20.10,24.70,23.50,22.00,22.20,21.50,23.80,22.70,23.90,25.80,25.80,21.10,24.00,21.20,23.10,22.30,24.20,21.30,24.80,25.40,24.50,20.30,24.00,25.10,20.00,24.60,23.80,25.10,22.30,23.20,24.60,20.40,23.40,23.70
TLM_RCV,-58,FG-ALPHA,1713170345,AUTO,2,32.86,5.00,-85,96.25,8.22,3.31,4.94,863,572,138,283,21.45,1013.00,11.80,405.20,11.25,46.15,1080,1,1713170304,GSN-01,-93,25.90,82.60,44,0,0,7.80,85,9.60,24.30,21.60,24.00,22.10,20.90,25.80,21.50,21.30,21.50,21.20,23.80,21.70,24.80,20.10,20.50,20.10,20.60,22.40,21.10,20.70,23.30,23.60,25.60,21.00,20.40,25.50,24.40,23.70,21.40,20.50,20.40,24.10,24.00,20.60,20.60,25.00,20.60,22.50,21.00,21.50,22.50,23.40,23.20,22.70,23.00,24.20,25.40,21.40,24.30,24.20,21.50,24.10,22.70,22.50,25.10,24.60,25.90,24.50,20.10,21.00,21.50,21.40,21.50,21.40
TLM_RCV,-84,FG-ALPHA,1713170346,AUTO,2,33.76,5.00,-85,96.30,8.23,3.30,4.96,1084,551,138,262,22.67,1013.00,11.90,406.40,11.25,46.15,1080,1,1713170292,GSN-01,-95,25.10,75.40,44,0,0,7.81,85,9.61,21.60,22.50,24.90,20.20,22.60,22.90,21.20,21.50,24.50,20.80,22.10,24.30,22.90,23.30,21.80,24.90,24.10,20.40,25.10,25.00,20.20,20.80,24.00,21.20,23.00,20.00,21.90,25.00,24.20,21.20,22.10,20.60,24.10,24.20,24.60,23.90,20.30,24.50,20.30,24.30,20.20,22.20,22.70,20.70,20.20,20.00,23.50,20.90,25.00,22.90,23.40,21.50,24.10,25.30,24.40,20.50,21.00,24.90,23.50,21.40,25.80,24.70,24.00,21.60
TLM_RCV,-59,FG-ALPHA,1713170347,AUTO,2,33.63,5.00,-85,96.33,8.23,3.30,4.93,832,526,125,254,21.53,1012.80,11.90,406.00,11.25,46.15,1080,1,1713170325,GSN-01,-76,24.60,75.60,40,0,0,7.78,85,9.61,20.30,24.20,25.80,22.60,25.80,23.60,21.30,25.20,22.50,24.20,22.80,21.00,25.20,25.60,25.90,20.60,25.80,25.10,23.00,25.90,21.40,24.80,21.20,22.20,20.70,22.50,25.70,24.20,20.40,20.90,20.80,23.80,22.10,23.80,23.00,23.10,20.10,21.70,22.00,20.40,23.90,25.30,23.90,22.20,25.80,24.10,23.50,23.70,23.60,25.40,21.70,25.80,23.90,25.90,22.40,22.80,21.80,25.60,23.80,22.40,25.50,22.80,25.20,25.60
TLM_RCV,-88,FG-ALPHA,1713170348,AUTO,2,33.93,5.00,-85,96.27,8.22,3.29,4.98,0,586,148,293,22.93,1012.90,12.10,406.20,11.25,46.15,1080,1,1713170289,GSN-01,-91,23.90,78.20,44,0,0,7.82,84,9.62,20.80,20.10,23.40,20.00,25.90,22.00,25.00,21.30,24.10,21.80,20.60,23.10,23.90,23.20,24.80,24.30,25.90,20.20,25.30,22.50,20.70,23.10,24.60,20.00,20.00,21.80,21.90,21.60,24.40,20.90,22.00,22.90,22.80,25.90,24.00,23.90,24.20,23.50,22.00,24.10,21.60,21.60,21.00,25.20,20.80,25.80,23.00,24.20,22.10,24.30,25.80,23.80,24.20,23.40,22.60,25.30,21.90,20.20,25.30,25.00,20.50,20.10,23.20,22.70
TLM_RCV,-81,FG-ALPHA,1713170349,AUTO,2,34.00,5.00,-85,96.21,8.22,3.29,4.97,0,600,136,309,23.00,1012.70,11.90,405.20,11.25,46.15,1080,1,1713170327,GSN-01,-83,25.60,79.10,46,0,0,7.78,84,9.62,24.10,25.00,22.60,21.60,21.00,20.00,21.70,23.60,24.70,25.70,22.20,20.40,22.50,23.90,21.40,22.70,20.50,21.20,21.90,21.70,21.00,25.90,20.70,20.40,23.70,20.00,22.90,24.60,22.20,25.90,22.80,25.10,25.90,20.90,24.90,24.70,20.50,21.80,23.40,23.70,21.60,23.90,21.00,25.20,23.80,22.50,21.40,25.20,23.70,22.20,24.20,20.20,21.70,25.50,25.00,24.80,22.50,23.20,23.70,25.80,21.00,24.90,21.90,20.20
TLM_RCV,-81,FG-ALPHA,1713170350,AUTO,2,32.85,5.00,-85,96.26,8.22,3.31,4.98,1013,570,130,288,22.22,1013.50,12.10,405.80,11.25,46.15,1080,1,1713170338,GSN-01,-93,25.70,80.40,48,0,0,7.80,85,9.63,23.70,23.30,20.20,22.90,20.20,24.00,21.80,20.40,22.60,24.60,24.80,21.70,25.30,21.40,21.10,20.10,20.30,25.50,23.20,22.60,24.30,23.60,20.80,25.80,20.70,21.10,88.00,21.20,25.00,25.70,24.40,23.90,20.70,20.10,24.20,25.20,21.90,21.20,25.50,20.10,22.80,23.00,22.90,24.50,20.50,21.40,21.10,25.80,20.70,23.90,22.60,24.70,24.50,24.30,21.00,23.30,23.70,23.20,23.90,22.30,25.90,22.50,25.30,21.70
TLM_RCV,-56,FG-ALPHA,1713170351,AUTO,2,33.87,5.00,-85,96.20,8.22,3.29,4.99,0,573,102,329,22.86,1013.00,12.10,406.00,11.25,46.15,1080,1,1713170333,GSN-01,-74,23.30,74.80,48,0,0,7.82,84,9.63,21.10,24.50,25.10,25.40,22.90,23.20,24.90,25.10,20.60,21.40,21.00,24.20,21.80,25.90,23.70,21.30,23.80,24.30,25.10,21.30,22.20,24.00,22.60,21.00,20.80,25.20,24.70,20.00,25.00,22.90,22.50,21.80,20.20,22.20,24.00,20.90,23.10,22.30,22.50,25.40,22.90,22.00,25.50,23.30,22.60,25.10,25.90,25.60,20.70,24.60,25.60,25.20,22.90,21.50,20.80,21.50,21.20,20.10,22.50,25.60,23.80,20.20,20.70,22.50
TLM_RCV,-86,FG-ALPHA,1713170352,AUTO,2,33.76,5.00,-85,96.25,8.23,3.28,4.99,1069,553,107,291,22.58,1012.80,12.10,405.90,11.25,46.15,1080,1,1713170304,GSN-01,-87,24.60,82.90,45,0,0,7.79,85,9.64,22.90,21.90,22.70,22.20,23.40,23.10,22.00,22.70,20.60,22.30,20.70,21.90,24.60,23.60,25.40,24.50,25.30,20.70,23.70,22.30,22.20,24.40,24.80,24.60,22.60,24.40,21.20,24.80,25.20,20.90,20.10,23.10,24.20,23.70,21.80,22.60,22.10,21.00,24.30,22.70,24.60,24.60,23.40,23.00,22.90,23.90,23.80,21.70,23.40,25.80,25.20,21.10,24.50,25.60,25.10,23.20,23.40,21.90,20.10,24.70,22.60,24.50,21.00,21.40
TLM_RCV,-66,FG-ALPHA,1713170353,AUTO,2,31.85,5.00,-85,96.30,8.23,3.29,4.98,1083,571,140,288,22.56,1013.50,12.10,406.30,11.25,46.15,1080,1,1713170329,GSN-01,-89,25.70,78.70,48,0,0,7.80,85,9.64,25.10,23.00,21.10,20.70,24.30,25.30,23.10,25.00,25.00,25.40,21.40,22.50,25.70,22.30,24.90,20.80,24.30,24.50,23.10,22.70,23.30,23.90,21.50,20.80,20.50,20.00,25.20,25.00,20.00,23.60,22.30,24.50,21.80,23.00,24.40,21.10,22.10,22.00,21.40,23.00,24.60,20.80,20.30,20.60,21.80,21.60,25.20,20.20,20.00,23.00,22.90,23.00,23.90,24.40,20.00,25.80,24.90,21.00,23.80,22.90,24.20,24.50,22.30,22.60
TLM_RCV,-69,FG-ALPHA,1713170354,AUTO,2,32.94,5.00,-85,96.33,8.22,3.29,4.91,884,588,104,344,21.48,1013.20,11.90,405.90,11.25,46.15,1080,1,1713170301,GSN-01,-92,23.40,80.00,43,0,0,7.78,85,9.65,25.20,20.00,21.60,22.30,23.30,25.90,24.60,23.80,21.00,24.70,25.20,25.10,23.00,21.80,21.70,23.10,24.60,24.40,25.70,23.60,24.70,24.50,25.80,22.10,21.60,24.40,25.10,20.40,24.10,23.60,23.90,20.90,21.30,22.00,23.00,24.10,22.00,20.10,24.70,20.80,24.30,22.60,21.10,24.70,25.70,22.50,25.40,23.90,22.40,25.40,23.40,25.60,24.50,20.70,23.00,24.90,20.30,22.10,21.70,20.20,21.30,21.80,20.50,23.20
TLM_RCV,-49,FG-ALPHA,1713170355,AUTO,2,33.83,5.00,-85,96.36,8.23,3.28,4.99,885,566,129,285,21.59,1012.70,11.80,406.00,11.26,46.15,1080,1,1713170327,GSN-01,-89,24.80,78.80,44,0,0,7.80,85,9.65,24.00,22.40,21.10,23.70,20.90,22.40,21.20,20.20,25.70,20.20,25.90,25.00,25.60,24.80,25.40,22.60,24.10,20.30,23.40,22.50,22.20,21.30,24.60,24.60,24.80,22.80,21.50,24.90,25.20,20.40,22.40,22.80,22.10,21.90,21.70,24.20,24.20,25.90,24.10,22.60,21.40,25.60,20.90,20.90,24.80,23.20,25.90,23.00,21.80,23.00,25.50,23.50,21.70,25.90,22.00,20.90,22.10,23.80,24.90,24.80,21.00,25.10,22.00,23.80
TLM_RCV,-65,FG-ALPHA,1713170356,AUTO,2,33.05,5.00,-85,96.41,8.22,3.29,4.93,1079,610,149,308,22.34,1013.20,11.80,405.70,11.26,46.15,1080,1,1713170335,GSN-01,-76,23.80,76.70,48,0,0,7.80,85,9.66,22.50,24.90,21.50,25.40,25.50,22.10,25.30,20.40,25.30,21.20,20.20,23.30,23.20,22.10,20.50,20.10,25.50,24.00,25.00,23.00,23.00,21.60,21.10,24.50,24.30,25.30,25.90,21.70,21.20,25.30,22.70,23.90,23.50,23.90,20.00,25.60,25.40,20.80,20.50,23.50,22.10,21.80,23.50,21.50,20.10,21.70,25.50,21.40,23.00,25.40,20.80,20.90,22.90,24.50,21.60,24.10,22.10,20.70,23.60,25.60,23.40,20.40,22.00,20.60
TLM_RCV,-76,FG-ALPHA,1713170357,AUTO,2,33.22,5.00,-85,96.35,8.22,3.31,4.97,0,643,145,342,23.22,1012.90,12.10,404.60,11.26,46.15,1080,1,1713170341,GSN-01,-77,23.00,75.70,49,0,0,7.81,85,9.66,22.80,25.50,20.00,25.50,21.00,23.60,23.30,22.40,21.50,23.80,24.40,20.00,23.80,20.40,22.80,20.70,21.30,23.70,20.10,23.60,24.80,20.60,20.30,25.50,23.70,24.40,24.70,23.00,20.10,23.60,22.20,23.30,25.80,23.50,23.00,20.20,25.20,23.60,22.30,25.20,24.70,20.80,20.20,24.10,23.70,23.30,23.70,25.30,25.50,24.50,22.10,22.80,24.50,23.50,23.60,20.80,22.50,25.20,21.70,22.50,25.00,25.50,24.60,24.40
TLM_RCV,-49,FG-ALPHA,1713170358,AUTO,2,31.65,5.00,-85,96.39,8.23,3.30,4.98,964,529,126,250,22.17,1013.50,12.10,405.40,11.26,46.15,1080,1,1713170332,GSN-01,-85,23.20,77.20,47,0,0,7.81,85,9.67,25.50,22.70,22.90,22.40,20.50,23.80,21.80,22.30,24.80,21.50,20.70,23.20,22.60,22.50,25.50,20.10,22.40,23.10,24.80,22.60,25.60,21.20,25.00,22.70,20.30,24.40,21.00,21.50,20.10,22.60,22.30,20.30,25.40,25.20,22.40,23.80,21.30,24.90,24.00,23.60,24.20,22.70,21.40,20.10,24.90,21.80,21.20,21.00,24.40,22.10,21.20,23.90,20.20,24.20,21.10,20.80,20.80,21.60,21.10,20.50,20.60,23.00,22.00,24.80
TLM_RCV,-82,FG-ALPHA,1713170359,AUTO,2,33.00,5.00,-85,96.41,8.22,3.31,4.96,841,600,131,329,21.20,1012.90,12.00,405.30,11.26,46.15,1080,1,1713170324,GSN-01,-74,24.10,77.50,44,0,0,7.82,84,9.67,23.60,21.60,24.40,21.00,25.80,22.30,24.80,21.70,23.30,24.80,23.60,24.60,22.90,20.50,24.30,20.80,81.20,25.60,20.30,25.50,24.70,25.20,23.80,20.10,24.40,21.90,25.70,20.40,20.10,21.60,25.00,24.10,24.60,24.80,21.00,23.90,25.60,22.10,23.90,23.20,22.20,20.20,21.60,21.70,23.30,23.00,24.70,22.10,21.20,22.20,24.70,24.70,24.80,22.00,22.10,23.00,21.20,20.90,23.30,25.30,21.10,24.50,22.90,22.30
TLM_RCV,-51,FG-ALPHA,1713170360,AUTO,2,33.97,5.00,-85,96.35,8.22,3.29,4.98,0,594,126,319,22.97,1013.00,12.10,404.60,11.26,46.15,1080,1,1713170332,GSN-01,-79,23.90,80.10,44,0,0,7.82,85,9.68,25.10,24.30,20.90,23.80,20.50,24.90,21.70,24.70,23.60,20.00,25.80,24.70,21.90,23.40,24.90,24.10,23.50,24.30,22.40,21.90,24.20,22.00,25.80,23.50,24.30,24.10,24.60,23.00,22.20,25.80,24.40,20.80,23.00,23.20,23.90,21.90,21.80,24.60,24.80,21.60,22.20,22.70,21.50,21.10,25.40,21.30,21.90,25.90,25.00,21.00,25.00,21.60,21.40,22.90,24.30,21.60,24.10,20.90,25.00,21.90,21.10,23.70,21.20,23.00
TLM_RCV,-84,FG-ALPHA,1713170361,AUTO,2,32.89,5.00,-85,96.41,8.23,3.30,4.94,1111,578,107,318,22.67,1013.30,12.00,405.20,11.26,46.15,1080,1,1713170323,GSN-01,-76,24.10,78.50,45,0,1,7.82,84,9.68,24.90,20.80,22.50,21.70,23.50,24.30,20.90,23.00,25.40,25.70,25.00,21.40,20.20,24.30,23.90,23.60,23.80,24.60,25.40,24.10,24.50,20.80,22.50,21.70,23.20,24.70,21.10,23.80,21.00,21.60,20.50,23.10,20.60,24.40,24.90,23.50,23.10,25.40,25.40,20.60,20.30,24.60,22.10,23.60,24.80,20.10,22.10,25.50,21.60,20.40,24.00,25.30,24.60,21.60,24.60,23.20,22.80,23.30,24.10,20.20,25.30,21.30,23.00,25.60
TLM_RCV,-67,FG-ALPHA,1713170362,AUTO,2,34.16,5.00,-85,96.46,8.22,3.31,4.90,1162,632,136,337,22.65,1013.50,11.90,405.30,11.26,46.15,1080,1,1713170308,GSN-01,-74,24.00,81.90,49,0,0,7.80,85,9.69,20.30,23.50,21.70,22.60,21.30,24.80,20.70,21.00,22.80,20.00,23.50,22.30,23.20,23.80,23.60,25.30,23.90,25.20,22.50,21.70,25.60,23.50,20.30,20.50,23.70,20.40,20.60,24.50,22.60,20.70,20.00,24.30,23.20,20.80,20.60,20.70,22.20,22.20,20.80,23.00,21.70,21.50,23.20,20.50,21.80,25.00,20.00,21.10,21.20,21.30,23.30,22.60,23.30,25.10,24.90,23.20,25.10,24.00,25.70,23.10,21.60,20.10,22.30,20.80
TLM_RCV,-55,FG-ALPHA,1713170363,AUTO,2,32.85,5.00,-85,96.49,8.23,3.29,4.94,867,571,144,285,21.48,1013.40,12.10,406.30,11.26,46.15,1080,1,1713170346,GSN-01,-73,25.10,82.00,41,0,0,7.80,85,9.69,22.90,22.80,23.30,20.30,20.30,24.20,23.50,22.10,23.80,22.60,22.20,23.90,24.90,20.80,20.40,22.10,22.40,24.30,23.80,25.90,22.60,24.00,24.00,24.10,25.50,23.30,20.90,25.70,20.10,22.30,21.70,24.90,22.60,25.70,21.20,21.90,25.20,20.80,23.20,20.50,21.30,21.90,24.40,22.80,22.40,25.70,23.20,25.70,21.40,21.50,23.70,22.80,24.00,21.20,20.80,22.30,24.40,24.40,25.50,21.30,23.40,25.80,22.00,24.80
TLM_RCV,-82,FG-ALPHA,1713170364,AUTO,2,32.76,5.00,-85,96.43,8.23,3.28,4.99,0,552,122,278,22.76,1013.10,11.80,405.90,11.26,46.15,1080,1,1713170339,GSN-01,-93,24.80,76.80,47,0,0,7.80,85,9.70,23.50,25.60,21.40,23.50,21.60,25.70,24.10,25.50,24.40,21.40,25.90,20.00,24.60,20.20,21.20,21.60,25.50,21.20,23.20,21.60,25.60,25.60,25.40,21.80,23.10,20.50,24.70,24.10,23.00,21.80,22.50,25.80,21.10,22.60,25.00,25.40,22.50,21.40,24.20,24.70,21.40,20.70,22.20,25.00,24.30,25.40,20.90,22.90,21.60,24.30,20.60,22.10,21.00,20.80,22.80,20.50,20.90,24.00,21.00,21.70,24.70,21.10,22.90,21.80
TLM_RCV,-73,FG-ALPHA,1713170365,AUTO,2,33.53,5.00,-85,96.47,8.24,3.30,4.96,852,505,102,261,21.74,1013.40,11.90,405.90,11.27,46.15,1080,1,1713170342,GSN-01,-94,24.80,75.80,42,0,0,7.81,85,9.70,25.60,21.50,23.30,22.00,22.60,22.60,24.70,20.50,23.60,20.40,21.00,24.10,25.70,23.30,25.60,24.80,21.30,23.30,22.40,23.90,23.00,21.10,24.50,25.50,23.90,22.30,22.80,20.00,21.50,23.90,22.40,21.00,22.70,20.10,22.50,22.80,25.60,22.10,24.60,20.00,20.40,23.20,24.10,24.70,22.40,21.00,20.00,21.50,22.90,20.20,23.90,20.40,20.60,21.50,21.90,20.80,25.70,24.90,21.20,22.00,25.30,23.00,24.10,25.20
TLM_RCV,-74,FG-ALPHA,1713170366,AUTO,2,33.04,5.00,-85,96.52,8.23,3.29,4.96,1150,609,148,306,22.70,1012.70,12.10,405.00,11.27,46.15,1080,1,1713170342,GSN-01,-85,24.00,81.50,47,0,0,7.80,84,9.71,23.30,24.80,23.50,20.20,24.30,21.30,20.40,24.50,21.30,22.40,23.60,21.20,25.60,20.70,21.30,21.40,22.50,25.60,24.40,24.40,20.80,25.00,22.60,24.50,25.10,21.40,22.10,23.20,20.90,21.60,20.70,22.90,22.60,20.30,23.60,24.00,21.50,22.60,21.40,22.80,20.90,25.80,21.60,25.60,22.40,20.10,22.90,22.30,23.40,24.00,25.10,24.00,21.80,22.40,22.40,22.70,20.30,20.30,25.00,22.90,24.70,25.80,21.80,20.30
TLM_RCV,-93,FG-ALPHA,1713170367,AUTO,2,33.94,5.00,-85,96.56,8.23,3.28,4.92,988,588,122,320,22.00,1012.90,12.10,405.40,11.27,46.15,1080,1,1713170349,GSN-01,-71,23.80,79.30,43,0,0,7.80,84,9.71,21.10,20.10,24.40,23.50,25.80,23.50,20.40,23.80,20.40,24.70,21.10,24.20,22.90,22.00,25.90,25.80,21.10,22.90,20.70,22.50,25.20,24.20,22.80,25.20,25.00,23.80,24.80,23.40,23.60,22.00,20.00,23.70,21.50,24.20,24.90,23.50,22.10,21.50,20.10,25.30,21.80,25.10,23.50,21.60,20.60,23.90,22.10,22.30,21.00,24.60,23.10,24.60,20.00,20.40,21.60,20.30,21.30,22.40,23.70,21.10,25.70,21.10,21.60,22.10
TLM_RCV,-54,FG-ALPHA,1713170368,AUTO,2,31.92,5.00,-85,96.51,8.23,3.29,4.97,0,584,100,325,22.92,1012.80,11.90,405.70,11.27,46.15,1080,1,1713170315,GSN-01,-81,25.50,77.60,48,0,0,7.78,85,9.72,25.60,22.90,22.00,21.00,21.10,24.90,20.60,21.70,21.10,21.40,24.00,21.30,21.70,25.40,24.00,22.20,24.40,21.30,24.50,23.80,20.50,20.70,20.90,25.80,21.10,22.10,20.40,25.80,21.40,22.00,23.90,24.70,20.50,25.10,21.10,20.50,22.50,22.40,25.00,25.20,25.10,21.50,21.40,22.40,23.50,22.60,23.30,22.90,20.40,22.80,25.20,20.40,25.40,20.00,24.90,21.00,24.00,25.20,23.00,23.90,24.00,24.20,24.40,23.30
TLM_RCV,-65,FG-ALPHA,1713170369,AUTO,2,32.94,5.00,-85,96.54,8.23,3.30,4.93,921,587,102,342,21.67,1012.70,11.90,405.70,11.27,46.15,1080,1,1713170318,GSN-01,-82,25.70,80.20,40,0,0,7.80,84,9.72,25.60,23.50,21.70,24.90,24.00,21.30,25.80,24.60,23.30,25.10,25.30,21.10,23.10,21.80,20.30,21.60,22.00,21.90,20.90,25.80,24.40,22.00,24.90,21.70,24.00,23.50,25.40,21.80,25.70,24.40,23.50,22.30,25.30,21.30,23.30,24.10,22.70,22.70,24.60,23.40,20.60,24.10,22.60,24.90,23.80,24.60,23.20,25.30,24.90,20.20,23.50,21.00,20.40,23.20,21.60,23.60,23.10,24.50,22.10,25.80,25.70,25.40,24.10,23.80
TLM_RCV,-52,FG-ALPHA,1713170370,AUTO,2,33.81,5.00,-85,96.59,8.23,3.31,4.94,1067,563,143,279,22.52,1013.60,11.90,405.20,11.27,46.15,1080,1,1713170320,GSN-01,-74,24.30,76.10,46,0,0,7.80,85,9.73,21.00,21.70,23.80,21.10,21.40,23.30,24.60,22.70,20.80,24.90,21.20,24.50,20.10,24.90,25.50,25.80,25.80,20.70,22.10,22.40,24.90,23.50,22.80,21.00,22.90,25.70,21.00,21.70,22.00,24.00,23.80,24.00,23.50,20.50,25.20,20.20,21.80,25.60,22.50,20.50,22.30,22.60,24.00,22.30,24.80,22.70,24.10,22.00,25.70,21.70,24.80,25.30,23.20,20.90,20.60,22.00,25.20,22.20,23.40,24.20,20.30,22.90,20.10,21.30
TLM_RCV,-90,FG-ALPHA,1713170371,AUTO,2,33.65,5.00,-85,96.62,8.24,3.29,4.91,876,531,119,264,21.73,1012.70,12.00,404.70,11.27,46.15,1080,1,1713170328,GSN-01,-95,23.80,80.90,41,0,0,7.81,84,9.73,20.50,21.30,24.80,20.40,24.80,20.30,25.20,22.50,22.30,22.00,21.30,25.20,23.00,20.50,20.20,22.90,24.50,21.00,22.40,20.80,22.70,22.00,21.10,24.80,23.20,24.00,20.40,24.40,20.50,23.60,21.20,22.00,25.50,24.30,22.60,20.60,21.50,24.30,23.00,25.50,23.60,20.60,24.80,24.90,24.40,22.00,25.40,22.20,20.50,22.60,20.70,23.60,22.30,23.20,21.00,24.10,25.80,22.80,25.30,25.40,21.40,23.20,25.10,22.80
TLM_RCV,-93,FG-ALPHA,1713170393,AUTO,2,33.75,5.00,-85,97.55,8.26,3.29,4.97,1052,550,109,299,22.51,1013.40,11.90,406.00,11.29,46.15,1080,1,1713170362,GSN-01,-83,25.50,73.80,44,0,0,7.80,84,9.74,22.40,22.60,21.50,24.40,21.10,76.50,21.10,24.10,23.30,22.20,23.60,22.00,24.60,22.00,21.30,21.80,22.80,24.80,23.60,21.10,25.60,22.60,22.80,23.30,25.10,22.50,21.10,21.40,23.50,21.90,20.30,20.50,25.00,24.00,24.90,23.70,24.10,23.10,21.50,24.50,25.10,24.10,23.10,21.10,22.50,24.40,22.90,24.90,20.70,24.40,21.20,24.50,21.60,22.40,20.30,22.00,21.50,20.10,22.00,22.30,20.50,25.80,24.80,25.30
TLM_RCV,-81,FG-ALPHA,1713170394,AUTO,2,31.92,5.00,-85,97.58,8.25,3.29,4.99,838,584,118,322,21.27,1013.00,12.10,405.10,11.29,46.15,1080,1,1713170382,GSN-01,-88,25.90,78.70,40,1,0,7.82,85,9.74,20.80,20.80,23.20,25.40,24.20,24.90,22.30,23.40,21.20,25.80,24.70,20.70,23.70,25.90,25.80,20.40,21.20,25.20,20.60,25.70,25.90,20.20,23.80,24.30,22.80,20.60,22.40,24.80,22.00,22.80,21.80,25.00,25.90,23.50,25.60,21.00,21.60,21.30,21.90,24.30,22.80,21.00,23.90,21.20,25.60,22.10,22.20,24.10,21.10,22.90,24.70,24.70,21.30,21.10,23.20,23.40,24.10,24.10,24.20,22.30,24.60,23.50,25.20,24.70
TLM_RCV,-69,FG-ALPHA,1713170395,AUTO,2,32.68,5.00,-85,97.63,8.26,3.30,4.94,1062,536,103,286,22.63,1013.30,12.10,405.30,11.30,46.15,1080,1,1713170345,GSN-01,-71,23.30,74.00,41,0,0,7.80,85,9.75,23.70,24.30,23.50,25.90,24.00,20.00,20.50,23.00,25.30,20.40,23.00,23.90,20.20,22.00,20.20,21.30,25.40,22.10,22.30,21.50,21.20,21.60,22.80,21.50,25.50,20.20,24.60,24.90,23.90,21.20,24.80,22.70,22.50,20.80,22.60,21.70,20.00,23.40,21.50,23.70,23.50,22.80,21.90,21.00,22.20,25.50,20.60,24.50,22.90,20.20,25.30,21.80,21.10,20.60,23.60,25.90,22.70,24.50,21.20,22.90,23.60,20.40,20.90,24.60
TLM_RCV,-65,FG-ALPHA,1713170396,AUTO,2,32.06,5.00,-85,97.57,8.25,3.30,4.94,0,613,129,339,23.07,1013.20,11.90,406.40,11.30,46.15,1080,1,1713170383,GSN-01,-90,23.50,75.00,49,0,0,7.82,84,9.75,25.40,22.70,23.10,21.00,23.20,24.40,25.60,21.00,24.10,25.30,22.70,24.00,25.50,21.50,20.80,24.30,21.60,22.20,25.50,23.20,22.10,21.90,23.80,22.70,22.90,23.80,20.70,21.80,25.90,20.20,24.50,23.30,25.00,25.90,23.70,21.60,21.40,25.20,23.60,21.10,25.40,20.30,24.30,22.70,20.20,23.10,23.00,24.30,22.80,21.30,20.30,22.00,25.00,22.80,25.20,21.70,22.80,25.00,21.90,23.60,23.70,23.20,25.40,21.60
TLM_RCV,-64,FG-ALPHA,1713170397,AUTO,2,32.90,5.00,-85,97.51,8.25,3.29,4.92,0,581,147,292,22.91,1012.70,11.80,406.40,11.30,46.15,1080,1,1713170349,GSN-01,-73,23.70,81.70,41,0,0,7.80,84,9.76,25.70,23.90,24.80,23.90,22.70,21.60,23.00,25.30,25.60,22.50,22.10,20.30,21.70,23.40,25.10,20.80,25.70,20.60,22.10,23.10,24.20,20.00,20.30,20.80,22.10,25.50,21.30,23.20,24.20,24.50,20.50,25.70,22.90,21.60,25.00,21.60,22.20,20.60,23.80,25.30,23.50,24.20,20.80,22.70,25.50,25.60,21.30,21.80,20.90,22.20,24.50,24.90,24.40,20.20,21.50,23.40,25.00,23.90,23.00,23.30,22.40,22.80,78.50,24.60
TLM_RCV,-41,FG-ALPHA,1713170398,AUTO,2,31.78,5.00,-85,97.55,8.26,3.31,4.92,931,557,136,276,21.87,1013.60,11.90,405.60,11.30,46.15,1080,1,1713170357,GSN-01,-89,25.00,77.50,43,0,0,7.81,84,9.76,21.60,25.70,25.00,20.30,22.70,21.50,22.40,22.70,25.90,22.60,21.30,22.10,22.20,20.40,22.60,22.30,20.60,20.20,25.60,22.30,22.60,25.60,20.00,25.30,24.70,23.70,22.90,21.60,20.60,23.80,25.40,25.60,23.10,24.30,21.10,21.00,23.30,20.60,20.90,24.10,25.90,23.90,21.30,24.50,24.40,25.50,24.40,25.70,24.80,22.10,22.30,23.10,23.80,25.50,25.20,25.60,25.10,21.50,22.20,20.20,22.10,21.70,25.00,24.20
TLM_RCV,-91,FG-ALPHA,1713170399,AUTO,2,33.67,5.00,-85,97.59,8.26,3.31,4.92,980,533,131,260,22.24,1012.80,12.00,405.00,11.30,46.15,1080,1,1713170368,GSN-01,-89,23.50,79.80,42,0,0,7.78,85,9.77,20.40,25.70,23.70,23.80,23.00,25.60,25.00,20.00,23.70,20.50,21.60,25.70,22.40,21.00,22.30,21.90,25.00,21.90,22.80,20.20,25.00,21.00,21.00,20.30,23.70,20.40,22.60,25.00,23.70,22.40,20.40,21.10,22.40,25.00,20.80,25.90,21.60,24.30,25.20,21.20,21.20,25.70,25.50,23.90,23.40,22.30,23.20,20.30,21.00,21.30,20.20,21.60,24.10,20.50,20.20,20.80,24.00,22.50,22.30,21.70,24.90,20.70,25.40,22.80
TLM_RCV,-67,FG-ALPHA,1713170400,AUTO,2,33.75,5.00,-85,97.62,8.26,3.29,4.93,835,550,108,292,21.42,1012.90,11.90,404.80,11.30,46.15,1080,1,1713170380,GSN-01,-80,24.70,76.10,47,0,0,7.79,84,9.77,23.90,22.30,21.60,20.50,21.00,24.00,21.30,22.90,22.60,24.30,22.20,21.00,22.10,25.40,20.30,24.10,24.30,22.40,25.60,20.00,23.70,23.60,21.30,21.70,23.80,25.20,21.50,24.20,22.50,24.10,21.90,22.70,24.40,24.10,20.10,25.40,20.60,22.20,21.90,21.10,20.80,22.10,21.90,25.10,23.90,21.00,22.50,20.00,25.20,20.20,23.10,23.40,24.50,21.70,24.00,22.00,22.20,21.70,20.80,22.40,20.10,22.10,21.80,23.70
TLM_RCV,-78,FG-ALPHA,1713170401,AUTO,2,33.10,5.00,-85,97.56,8.25,3.31,4.93,0,619,148,325,23.09,1013.10,11.80,406.40,11.30,46.15,1080,1,1713170346,GSN-01,-86,25.00,78.40,44,0,1,7.78,84,9.78,23.70,21.80,24.50,23.90,25.80,20.40,25.60,20.50,21.10,20.40,25.40,21.90,20.30,20.50,23.30,24.70,23.90,20.80,24.90,24.30,23.70,22.10,20.50,23.70,24.20,20.60,21.70,24.10,20.50,20.00,22.40,22.70,20.40,25.20,25.60,20.40,23.70,25.30,21.40,25.90,24.80,23.30,22.50,21.10,21.60,21.60,25.60,23.10,20.00,20.70,20.00,25.00,22.10,25.70,25.70,25.40,22.00,22.90,20.60,23.20,25.20,21.30,23.20,22.20
TLM_RCV,-94,FG-ALPHA,1713170402,AUTO,2,31.95,5.00,-85,97.58,8.25,3.29,4.97,806,590,115,331,21.08,1013.40,11.90,405.20,11.30,46.15,1080,1,1713170346,GSN-01,-82,25.40,79.40,46,0,0,7.81,84,9.78,20.10,24.50,23.80,21.90,22.40,23.90,21.60,20.40,22.50,21.80,21.30,23.90,21.20,22.10,22.10,23.10,22.30,23.60,20.00,23.60,20.50,22.40,25.60,20.00,23.90,25.10,24.10,24.00,20.40,24.50,20.60,22.80,25.20,24.30,21.40,25.70,23.30,22.60,25.50,20.30,20.00,25.80,23.20,25.80,20.00,21.50,24.20,25.50,25.50,22.00,24.70,20.60,24.20,20.80,20.00,22.90,21.60,21.00,24.10,24.20,24.10,24.90,21.00,20.10
TLM_RCV,-75,FG-ALPHA,1713170403,AUTO,2,32.64,5.00,-85,97.53,8.26,3.30,4.90,0,528,112,274,22.64,1013.20,11.80,405.10,11.30,46.15,1080,1,1713170384,GSN-01,-91,23.30,73.30,44,0,0,7.78,85,9.79,22.70,23.80,24.20,25.70,20.10,23.20,24.20,25.90,22.00,20.60,23.70,21.50,22.90,21.10,23.00,20.30,25.60,24.60,24.90,24.60,22.80,25.60,20.70,23.20,25.80,20.70,23.40,24.00,20.60,21.60,22.40,20.00,21.10,22.30,21.80,25.90,24.00,22.70,23.80,25.90,21.80,23.10,21.90,23.30,25.60,20.30,21.90,25.70,20.00,20.90,25.90,25.50,25.00,20.00,21.80,22.60,21.20,20.80,20.20,20.80,21.80,22.10,25.30,23.90
TLM_RCV,-85,FG-ALPHA,1713170404,AUTO,2,34.08,5.00,-85,97.57,8.25,3.30,4.96,1077,615,111,345,22.31,1013.40,11.80,405.90,11.30,46.15,1080,1,1713170387,GSN-01,-93,23.60,74.50,49,0,0,7.78,85,9.79,20.70,23.70,23.00,21.90,20.80,20.80,20.20,22.50,20.50,22.40,23.40,20.50,21.60,24.10,22.90,21.70,25.90,22.60,24.00,21.80,21.90,24.00,22.90,25.00,24.20,21.10,20.90,22.20,24.80,23.90,21.00,23.80,25.70,25.60,20.00,23.90,22.20,23.30,21.50,20.30,24.70,23.80,21.50,21.70,23.60,21.60,21.50,24.50,21.50,25.50,23.60,23.20,21.40,25.00,21.20,22.20,24.90,24.00,23.60,20.10,24.90,22.40,21.10,24.50
TLM_RCV,-42,FG-ALPHA,1713170405,AUTO,2,31.84,5.00,-85,97.52,8.26,3.29,4.90,0,568,106,315,22.84,1012.80,12.10,405.30,11.31,46.15,1080,1,1713170387,GSN-01,-75,24.60,77.20,46,0,0,7.79,84,9.80,23.40,20.50,24.20,23.70,24.20,23.40,24.30,25.10,25.10,21.90,21.10,22.60,25.50,22.00,21.90,23.90,21.60,22.40,22.30,20.00,21.70,25.00,22.00,25.40,22.30,20.80,25.90,24.00,25.00,22.20,21.30,24.40,21.60,25.10,25.30,24.30,25.50,20.90,77.30,24.40,21.00,24.10,25.00,22.60,23.30,25.90,20.30,24.00,23.10,23.70,25.20,25.70,20.50,25.30,20.50,22.90,22.80,23.00,24.40,22.50,25.90,20.70,20.20,22.50
TLM_RCV,-58,FG-ALPHA,1713170406,AUTO,2,32.74,5.00,-85,97.57,8.26,3.29,4.99,1059,548,119,277,22.56,1012.90,12.00,404.80,11.31,46.15,1080,1,1713170370,GSN-01,-73,25.20,76.10,48,0,1,7.78,85,9.80,20.00,22.50,20.10,23.10,22.90,24.50,22.80,21.60,21.30,21.90,22.80,23.70,23.90,22.40,21.90,23.00,20.40,24.60,22.50,23.30,24.50,21.90,24.50,25.20,22.70,21.50,20.60,20.00,23.00,21.10,22.50,24.30,21.10,25.80,25.90,24.40,24.30,22.60,22.30,24.20,23.70,25.50,21.30,22.70,20.80,23.30,23.70,21.30,20.60,23.80,22.10,22.90,25.30,21.80,24.40,25.50,23.80,23.30,25.90,24.80,21.30,20.80,24.80,20.20
TLM_RCV,-45,FG-ALPHA,1713170407,AUTO,2,31.90,5.00,-85,97.51,8.25,3.29,4.97,0,580,106,328,22.90,1013.50,11.80,404.90,11.31,46.15,1080,1,1713170386,GSN-01,-85,25.70,81.90,48,0,1,7.79,84,9.81,25.10,24.10,20.60,22.60,23.70,24.60,25.40,23.00,21.60,24.80,21.60,20.30,25.60,23.60,20.30,22.30,25.70,21.80,20.10,24.20,25.70,22.50,22.90,22.30,25.00,20.40,20.80,24.20,21.10,20.80,21.40,20.40,23.30,23.90,24.10,21.70,25.50,24.30,23.40,21.90,25.40,22.70,25.60,25.20,20.00,21.20,23.80,20.20,20.60,21.10,20.20,24.70,22.20,21.50,24.40,23.40,23.50,25.90,25.40,21.00,21.30,24.40,20.30,24.80
TLM_RCV,-64,FG-ALPHA,1713170408,AUTO,2,32.04,5.00,-85,97.56,8.25,3.30,4.92,1098,609,147,320,22.44,1013.10,11.90,405.50,11.31,46.15,1080,1,1713170394,GSN-01,-84,23.00,77.90,49,0,0,7.79,85,9.81,25.90,23.20,25.30,23.10,22.40,23.80,22.30,20.30,20.60,21.80,24.10,20.70,24.00,21.40,25.20,23.00,20.50,20.60,21.60,22.40,24.70,22.50,22.80,25.30,20.40,24.10,22.90,21.40,25.60,21.30,22.90,23.00,20.80,21.00,24.30,23.00,24.50,22.50,21.00,24.60,23.00,22.00,22.30,20.30,22.60,22.60,20.60,20.70,20.20,23.00,24.20,23.30,23.40,23.60,24.10,25.40,20.80,24.30,21.10,24.90,22.80,22.90,22.80,23.00
TLM_RCV,-41,FG-ALPHA,1713170409,AUTO,2,33.96,5.00,-85,97.59,8.25,3.31,4.98,956,591,108,332,21.83,1013.10,11.80,405.70,11.31,46.15,1080,1,1713170353,GSN-01,-81,23.70,79.30,45,0,0,7.78,85,9.82,24.10,20.10,23.70,24.20,21.20,20.60,24.70,24.20,21.70,23.90,24.80,20.70,25.20,25.90,21.40,25.20,25.70,23.70,20.90,21.80,22.10,23.50,21.00,21.70,21.50,25.50,25.00,23.90,22.90,20.40,21.60,22.00,20.20,21.70,24.80,22.80,21.30,24.70,25.90,23.20,25.10,20.40,25.40,20.00,25.90,20.10,23.20,25.40,24.70,25.80,25.40,23.70,20.20,25.30,23.90,25.10,21.00,22.50,21.30,24.50,21.20,23.30,23.50,23.40
TLM_RCV,-52,FG-ALPHA,1713170410,AUTO,2,31.98,5.00,-85,97.64,8.25,3.29,4.96,1002,595,135,308,22.03,1013.10,11.80,405.20,11.31,46.15,1080,1,1713170385,GSN-01,-87,23.60,77.80,49,0,0,7.82,84,9.82,23.10,21.30,23.20,25.80,25.30,20.30,21.50,23.70,22.70,25.00,21.80,25.50,21.10,23.90,22.10,24.30,21.10,22.60,20.00,25.40,20.10,20.50,23.20,23.80,22.70,24.30,22.40,25.40,20.20,20.90,22.70,22.20,21.00,21.10,25.10,20.30,20.10,22.90,25.60,21.30,23.70,23.80,24.90,22.10,22.30,23.40,21.50,24.50,20.10,24.70,22.10,25.60,24.00,21.10,22.40,20.40,23.20,23.80,25.10,25.80,23.00,22.70,21.30,22.90
TLM_RCV,-90,FG-ALPHA,1713170411,AUTO,2,33.76,5.00,-85,97.58,8.26,3.28,4.97,0,553,115,285,22.76,1013.50,12.10,406.10,11.31,46.15,1080,1,1713170368,GSN-01,-91,24.50,78.10,48,0,0,7.78,84,9.83,24.90,23.20,23.40,24.10,23.10,23.30,22.50,20.90,20.30,22.70,25.70,22.90,23.40,21.50,25.80,21.40,20.30,20.80,25.00,21.60,20.40,21.10,24.60,81.50,25.00,22.80,22.70,23.60,23.50,23.40,21.90,24.70,24.00,25.90,21.30,23.90,24.40,20.80,20.10,25.20,23.30,25.50,21.30,23.40,24.80,24.90,23.10,22.60,21.30,20.50,21.90,21.50,21.40,22.90,21.50,23.80,25.60,24.90,22.80,25.20,24.60,25.90,22.60,22.50
TLM_RCV,-91,FG-ALPHA,1713170412,AUTO,2,31.94,5.00,-85,97.61,8.25,3.30,4.92,910,589,108,328,21.60,1012.70,12.00,406.20,11.31,46.15,1080,1,1713170362,GSN-01,-92,25.80,77.00,49,0,0,7.79,84,9.83,22.20,23.70,20.50,20.00,22.70,21.60,20.70,25.60,22.50,24.80,20.00,25.40,23.00,20.80,20.80,21.20,20.50,25.40,21.00,25.90,23.90,24.80,23.90,22.50,25.20,23.80,21.00,24.60,25.60,22.20,23.20,23.90,25.40,24.80,23.20,22.00,23.00,20.90,24.00,23.90,23.00,20.80,20.80,20.40,25.00,25.50,20.10,20.20,20.50,20.70,25.80,21.20,25.10,25.30,22.40,22.40,21.90,21.30,23.10,25.80,20.20,22.40,22.60,21.30
TLM_RCV,-85,FG-ALPHA,1713170413,AUTO,2,32.81,5.00,-85,97.67,8.26,3.29,4.92,1166,561,110,299,23.02,1013.40,12.00,405.20,11.31,46.15,1080,1,1713170360,GSN-01,-72,25.70,79.30,47,0,0,7.78,85,9.84,23.80,21.60,24.90,23.80,25.30,20.60,23.60,21.20,21.80,22.40,20.80,22.40,22.70,21.30,21.60,21.20,25.80,22.70,20.10,25.00,22.90,20.40,20.30,20.60,24.00,22.50,24.50,23.60,20.00,24.30,25.60,22.40,25.20,23.30,22.90,23.70,25.50,20.00,21.00,21.00,25.80,22.50,24.30,23.70,23.10,21.20,24.70,22.00,23.00,24.00,23.80,23.40,23.90,20.30,21.10,21.30,25.00,21.90,25.50,25.40,23.20,23.80,23.80,20.90
TLM_RCV,-60,FG-ALPHA,1713170414,AUTO,2,32.01,5.00,-85,97.61,8.25,3.29,4.98,0,601,103,343,23.00,1012.80,12.00,406.40,11.31,46.15,1080,1,1713170362,GSN-01,-71,24.80,76.00,49,0,0,7.82,85,9.84,24.00,23.20,20.50,25.60,21.50,24.50,21.20,22.60,23.20,21.30,22.80,20.40,20.50,22.70,21.10,23.80,23.80,23.00,23.10,21.40,21.30,25.80,23.60,22.60,24.90,21.10,23.40,22.60,22.30,20.80,22.80,21.30,24.90,20.30,20.80,22.70,24.60,25.10,21.50,24.50,20.10,20.10,21.80,24.90,20.70,23.80,24.70,24.80,21.60,25.10,25.60,20.50,23.00,21.60,25.60,21.70,21.60,21.40,20.50,23.30,25.30,25.40,20.40,21.50
TLM_RCV,-84,FG-ALPHA,1713170415,AUTO,2,31.80,5.00,-85,97.65,8.26,3.29,4.92,915,560,105,312,21.77,1013.20,12.10,404.60,11.32,46.15,1080,1,1713170357,GSN-01,-87,24.30,80.10,40,0,0,7.79,84,9.85,22.00,24.90,20.10,20.40,20.50,24.90,25.90,20.10,20.10,24.30,20.50,21.40,21.30,24.70,23.50,21.20,24.50,25.80,21.30,21.50,21.90,21.40,23.40,23.00,22.50,22.90,20.90,20.70,23.70,25.30,20.80,25.00,25.20,21.50,24.20,25.20,24.60,20.80,24.50,22.60,25.60,23.20,22.50,21.80,22.70,22.40,25.60,24.40,23.90,24.00,25.40,22.70,24.50,22.40,22.70,20.70,25.70,21.60,25.40,21.20,21.80,24.50,25.70,20.70
TLM_RCV,-91,FG-ALPHA,1713170416,AUTO,2,33.02,5.00,-85,97.70,8.25,3.29,4.97,1126,604,114,332,22.61,1013.40,12.00,405.20,11.32,46.15,1080,1,1713170379,GSN-01,-83,24.40,78.50,44,0,1,7.82,85,9.85,20.00,22.60,22.40,23.20,25.20,21.70,24.90,22.30,22.30,25.90,23.20,20.20,23.10,25.00,25.60,20.10,22.30,24.10,23.20,24.80,21.70,21.80,25.90,23.20,20.70,24.90,20.50,22.40,23.40,23.20,22.60,20.10,25.90,20.20,21.00,22.40,23.30,25.10,22.80,21.00,21.10,21.10,22.10,20.90,25.20,20.20,25.20,24.80,21.50,25.30,22.70,23.90,20.60,20.90,21.20,22.10,22.80,22.10,21.70,21.80,25.60,23.10,23.00,22.30
TLM_RCV,-42,FG-ALPHA,1713170417,AUTO,2,33.99,5.00,-85,97.76,8.26,3.31,4.93,1151,599,129,319,22.76,1012.90,11.80,405.90,11.32,46.15,1080,1,1713170360,GSN-01,-75,25.30,75.00,43,0,0,7.79,85,9.86,22.80,23.40,22.90,24.90,25.70,24.20,24.50,23.30,25.50,22.30,24.50,24.80,24.40,20.60,21.70,25.70,21.80,21.40,23.60,21.10,24.30,24.00,21.60,24.10,22.00,24.90,20.90,21.00,20.00,23.80,20.00,22.70,22.60,20.50,23.70,23.30,23.20,24.70,22.90,24.20,22.90,25.00,23.90,25.00,22.30,21.80,21.70,21.40,22.50,24.60,25.50,20.60,24.90,22.90,20.70,24.30,24.00,22.20,22.50,20.70,25.60,22.30,22.40,24.10
TLM_RCV,-45,FG-ALPHA,1713170418,AUTO,2,31.70,5.00,-85,97.82,8.27,3.29,4.91,1196,540,106,293,23.28,1013.40,12.10,405.90,11.32,46.15,1080,1,1713170376,GSN-01,-75,23.40,81.10,42,0,0,7.79,84,9.86,22.20,23.30,21.40,25.70,21.30,24.10,22.80,24.50,24.70,24.00,23.70,21.30,22.70,23.20,22.00,25.00,23.70,25.80,20.50,25.00,23.80,24.60,23.40,22.40,25.10,24.10,21.80,24.00,24.40,25.30,21.00,20.30,24.30,21.00,25.10,25.20,24.10,23.00,20.30,25.50,24.20,20.10,22.40,23.90,21.30,21.80,24.10,21.40,21.40,24.40,23.80,23.00,22.30,22.10,21.70,23.10,21.80,20.40,25.90,22.80,20.80,24.80,22.70,24.30
TLM_RCV,-53,FG-ALPHA,1713170419,AUTO,2,33.99,5.00,-85,97.87,8.26,3.29,4.94,1085,599,118,326,22.43,1013.50,12.00,405.50,11.32,46.15,1080,1,1713170409,GSN-01,-78,24.50,79.30,47,0,0,7.79,85,9.87,22.00,20.10,20.30,25.70,23.20,25.70,21.70,25.20,21.70,23.70,22.90,20.10,21.20,24.60,23.80,20.70,22.90,24.50,20.10,20.10,23.20,21.60,21.70,23.40,25.30,21.40,23.60,22.70,23.40,23.20,21.50,21.30,21.10,23.70,24.60,24.70,20.40,20.30,22.00,21.90,22.40,23.40,21.60,24.70,25.80,20.80,24.70,25.10,24.50,24.80,22.20,24.70,23.10,24.90,23.80,22.60,22.40,20.10,20.70,24.80,23.70,23.10,25.60,20.30
TLM_RCV,-78,FG-ALPHA,1713170420,AUTO,2,32.90,5.00,-85,97.92,8.26,3.31,4.94,1107,581,123,318,22.63,1013.20,11.90,405.00,11.32,46.15,1080,1,1713170406,GSN-01,-83,23.80,77.60,43,0,0,7.80,84,9.87,21.70,24.20,21.70,24.10,22.90,21.20,25.80,21.30,24.10,21.80,21.00,25.20,25.10,21.20,21.40,20.00,21.00,22.20,23.90,25.30,22.10,25.30,22.90,25.90,23.00,20.60,24.90,21.90,25.70,20.30,24.90,20.70,20.40,75.50,20.10,23.40,20.10,21.50,25.40,22.00,22.60,20.60,20.40,25.50,20.30,21.80,25.40,25.50,23.50,23.70,25.50,23.30,24.10,24.00,24.80,23.50,23.20,22.80,23.70,22.80,20.80,23.40,24.00,25.40
TLM_RCV,-95,FG-ALPHA,1713170421,AUTO,2,33.08,5.00,-85,97.96,8.26,3.30,4.98,1040,617,132,330,22.11,1012.80,12.00,405.40,11.32,46.15,1080,1,1713170400,GSN-01,-80,24.30,82.40,44,0,0,7.80,85,9.88,23.60,23.90,21.40,25.20,21.90,21.30,23.70,22.80,20.90,23.00,20.40,20.00,23.90,21.10,22.10,25.60,21.20,20.80,25.40,25.20,23.80,23.40,25.70,22.90,25.20,22.30,20.70,20.30,25.40,25.30,21.20,24.70,21.20,23.50,20.10,22.40,21.90,22.70,25.10,22.70,25.30,23.40,20.40,22.30,21.60,22.20,24.30,24.60,23.80,20.70,20.60,24.00,24.50,20.00,21.40,23.10,20.50,25.10,21.10,25.90,23.20,20.10,22.60,23.70
TLM_RCV,-82,FG-ALPHA,1713170422,AUTO,2,33.91,5.00,-85,98.02,8.27,3.29,4.98,1180,582,113,313,22.99,1012.90,11.90,405.90,11.32,46.15,1080,1,1713170375,GSN-01,-89,23.50,79.70,40,0,0,7.82,85,9.88,20.40,25.70,25.70,23.50,23.60,20.20,21.40,22.40,23.90,22.70,20.10,21.60,21.50,24.30,23.50,20.60,22.60,22.90,23.00,23.00,23.10,20.90,25.70,20.30,20.80,23.60,21.30,22.50,22.80,24.20,24.80,22.80,20.30,23.30,22.30,21.90,22.30,20.60,23.40,22.70,22.30,21.40,20.40,25.90,23.60,24.60,23.70,25.90,24.00,25.20,25.20,20.80,23.60,22.50,24.20,20.90,22.00,25.00,22.10,22.60,25.00,20.40,23.60,22.10
TLM_RCV,-84,FG-ALPHA,1713170423,AUTO,2,32.60,5.00,-85,98.06,8.28,3.31,4.92,892,519,101,259,21.86,1013.10,11.90,406.40,11.32,46.15,1080,1,1713170394,GSN-01,-75,24.40,79.90,46,0,0,7.79,85,9.89,24.00,22.90,21.60,21.90,25.70,23.20,22.20,24.30,20.10,21.50,20.90,25.10,24.40,21.30,22.00,23.40,21.50,20.00,22.60,25.30,24.50,21.80,21.30,20.40,23.10,21.10,23.30,21.10,20.80,22.30,25.10,23.80,24.20,20.40,25.10,21.60,20.00,23.20,20.10,22.50,23.90,22.00,23.10,22.60,20.50,21.30,25.00,21.20,24.90,23.70,23.00,21.70,25.20,25.20,25.10,25.70,23.80,25.10,23.00,25.10,25.60,22.90,25.30,24.70
TLM_RCV,-41,FG-ALPHA,1713170424,AUTO,2,32.78,5.00,-85,98.11,8.27,3.30,4.99,1041,555,145,260,22.43,1013.20,11.90,404.70,11.32,46.15,1080,1,1713170394,GSN-01,-84,23.80,77.50,41,0,0,7.82,84,9.89,20.20,24.50,20.10,23.50,20.40,22.90,22.10,21.00,22.70,20.10,20.20,24.30,24.10,24.20,23.10,21.20,22.80,21.40,23.10,22.40,20.90,21.30,21.00,23.30,22.80,25.20,23.10,23.60,22.10,21.70,22.20,25.00,22.90,23.40,21.20,24.20,24.70,24.80,23.90,20.00,24.40,24.30,23.70,22.30,24.70,24.70,23.30,23.70,20.10,23.10,23.60,25.10,22.20,20.80,21.00,20.40,23.30,22.80,23.20,21.60,22.30,21.80,22.90,25.70
TLM_RCV,-61,FG-ALPHA,1713170425,AUTO,2,32.94,5.00,-85,98.15,8.27,3.30,4.96,997,588,127,305,22.05,1013.00,12.10,405.30,11.33,46.15,1080,1,1713170379,GSN-01,-94,25.40,78.90,48,0,0,7.81,85,9.90,21.50,85.60,25.00,23.90,23.60,23.20,21.70,23.20,22.80,24.60,24.60,22.40,21.00,24.00,25.70,21.90,21.00,23.40,22.10,22.50,21.50,20.30,24.60,21.80,25.90,20.60,25.30,24.60,24.80,24.60,24.00,23.50,22.50,21.50,22.70,21.40,21.60,20.70,20.30,22.50,23.00,25.60,21.50,21.30,21.30,22.90,22.20,25.20,25.30,24.40,21.00,21.50,23.50,22.80,22.10,24.80,21.40,21.10,24.30,20.20,21.90,23.80,20.70,20.80
TLM_RCV,-66,FG-ALPHA,1713170426,AUTO,2,33.19,5.00,-85,98.21,8.26,3.28,4.98,1179,637,145,338,22.71,1013.10,12.10,406.10,11.33,46.15,1080,1,1713170405,GSN-01,-77,23.40,78.80,44,0,0,7.80,84,9.90,22.70,20.10,21.30,21.80,21.90,22.00,20.90,24.90,20.60,23.80,20.80,21.80,22.40,24.00,25.60,21.60,21.00,23.50,25.70,23.00,25.50,25.30,23.40,25.80,22.20,22.00,23.10,23.20,22.10,24.90,20.40,20.90,24.50,20.60,22.50,20.10,22.20,20.20,24.00,23.60,23.30,24.50,22.40,24.10,24.80,22.90,21.20,23.70,23.40,21.90,20.60,25.60,22.80,21.10,24.50,24.90,24.40,25.60,22.00,22.40,25.20,20.40,25.00,22.40
TLM_RCV,-75,FG-ALPHA,1713170427,AUTO,2,31.77,5.00,-85,98.15,8.27,3.28,4.96,0,555,125,271,22.77,1013.30,11.90,405.50,11.33,46.15,1080,1,1713170374,GSN-01,-75,24.40,77.70,43,1,0,7.79,84,9.91,20.00,24.90,23.70,22.80,21.30,25.90,22.70,24.70,25.70,24.00,24.00,25.60,21.30,25.60,25.80,20.90,25.50,22.90,21.80,23.00,21.40,20.50,21.80,22.20,22.70,25.00,25.70,25.30,24.50,24.20,25.20,21.10,24.50,24.10,23.00,25.20,21.20,22.30,21.50,25.80,22.60,23.40,20.00,22.50,24.70,25.20,23.20,21.90,25.60,24.90,24.40,24.10,22.40,21.00,21.80,25.80,20.50,20.70,23.50,22.70,21.60,25.30,21.80,22.20
TLM_RCV,-74,FG-ALPHA,1713170428,AUTO,2,31.86,5.00,-85,98.20,8.27,3.28,4.98,1029,572,109,320,22.28,1012.90,12.00,405.90,11.33,46.15,1080,1,1713170393,GSN-01,-93,24.60,74.10,48,0,0,7.78,85,9.91,25.30,22.00,25.30,25.70,24.00,22.90,21.90,20.70,24.30,20.40,21.80,21.20,22.40,25.90,22.90,24.50,20.00,24.60,24.70,21.00,21.40,22.50,24.60,21.20,22.10,21.90,23.40,23.50,23.20,80.80,23.30,24.40,23.80,23.20,24.50,22.30,24.90,24.10,24.30,25.00,23.60,25.50,24.10,22.50,22.60,24.80,23.10,25.50,24.30,23.30,21.00,23.10,25.90,22.40,20.80,21.10,20.00,20.00,22.30,20.60,20.80,20.70,21.90,22.90
TLM_RCV,-44,FG-ALPHA,1713170429,AUTO,2,32.03,5.00,-85,98.23,8.27,3.28,4.96,991,607,122,345,21.92,1013.30,11.90,405.30,11.33,46.15,1080,1,1713170383,GSN-01,-76,24.60,73.20,46,0,0,7.79,85,9.92,21.90,23.10,21.20,25.60,23.50,23.30,24.20,23.80,21.40,21.30,21.50,21.20,25.60,23.20,25.50,24.50,22.60,25.20,23.60,23.60,20.80,22.80,22.10,22.90,21.00,21.20,23.90,25.10,20.00,21.40,23.30,22.80,24.80,24.30,21.20,24.80,20.70,21.40,20.20,24.80,22.80,25.90,22.00,23.80,23.10,24.70,23.90,23.80,24.00,24.20,20.40,22.20,20.90,22.00,23.60,20.50,24.80,23.40,23.80,20.80,25.60,23.80,23.40,24.20
TLM_RCV,-55,FG-ALPHA,1713170430,AUTO,2,31.77,5.00,-85,98.29,8.28,3.28,4.92,1108,555,124,279,22.76,1013.60,12.00,405.00,11.33,46.15,1080,1,1713170404,GSN-01,-76,23.00,82.30,49,0,0,7.78,85,9.92,22.10,25.40,24.80,20.50,23.60,25.50,24.70,20.20,24.30,24.00,24.00,20.30,20.10,20.10,20.20,23.20,22.80,20.50,22.10,24.30,24.10,25.20,21.10,22.20,22.50,24.90,22.20,20.30,23.70,23.50,20.30,24.50,25.20,20.20,20.60,20.80,25.80,23.70,25.10,25.90,23.70,24.50,20.50,20.80,24.20,24.10,20.20,21.50,24.60,22.20,20.40,22.40,20.30,25.90,25.50,25.50,23.20,24.80,24.00,23.60,20.00,22.70,22.60,24.90
TLM_RCV,-76,FG-ALPHA,1713170431,AUTO,2,32.99,5.00,-85,98.32,8.27,3.30,4.98,933,597,124,323,21.68,1012.90,12.00,406.40,11.33,46.15,1080,1,1713170412,GSN-01,-75,24.40,75.50,49,0,0,7.81,85,9.93,24.70,24.80,25.20,23.40,21.50,21.10,20.80,20.80,23.90,21.80,22.00,21.60,25.90,23.80,20.90,21.30,21.60,25.20,22.30,25.30,23.10,24.20,22.30,24.60,25.20,21.20,21.50,23.50,21.10,20.30,78.60,24.10,25.50,20.80,21.70,23.60,25.00,22.20,23.50,24.70,25.10,20.60,21.80,25.80,23.10,20.90,23.90,23.80,24.10,25.20,20.60,22.40,21.30,25.00,25.90,24.50,22.80,22.50,20.80,22.90,21.50,21.40,20.20,24.30
TLM_RCV,-80,FG-ALPHA,1713170432,AUTO,2,32.62,5.00,-85,98.38,8.28,3.31,4.92,1108,523,123,255,22.92,1012.80,11.90,406.10,11.33,46.15,1080,1,1713170382,GSN-01,-71,23.60,73.80,45,0,0,7.79,85,9.93,22.90,25.70,20.80,24.60,24.90,23.80,24.40,21.60,22.80,21.40,23.60,23.30,20.00,25.90,23.80,25.40,21.10,24.10,25.20,20.00,25.80,22.90,24.40,22.80,25.50,25.30,23.70,25.60,25.50,21.20,21.90,25.10,25.90,25.10,25.20,21.70,21.00,20.60,24.80,21.40,21.90,25.40,24.30,22.00,23.40,20.90,22.10,24.00,25.90,23.70,22.70,21.20,20.60,24.60,23.20,25.20,24.50,20.60,21.30,24.00,25.30,24.30,23.30,24.60
TLM_RCV,-48,FG-ALPHA,1713170433,AUTO,2,32.63,5.00,-85,98.43,8.28,3.31,4.95,1018,527,110,275,22.45,1013.20,12.10,405.20,11.33,46.15,1080,1,1713170423,GSN-01,-90,24.70,83.00,49,0,0,7.78,84,9.94,25.30,20.80,21.70,22.60,25.30,24.70,23.20,22.00,23.30,25.60,21.30,25.70,21.30,22.30,23.00,22.10,21.00,21.90,22.10,24.70,24.00,25.00,21.20,23.20,25.90,20.50,23.50,21.10,20.60,20.30,22.20,24.60,22.30,25.20,20.30,25.20,20.70,24.50,25.50,24.50,23.40,20.30,21.20,23.50,25.90,20.10,24.00,23.60,20.80,23.00,22.30,20.60,25.00,20.70,22.90,22.80,20.70,22.50,20.10,21.80,22.20,24.80,24.20,22.50
TLM_RCV,-42,FG-ALPHA,1713170455,AUTO,2,32.65,5.00,-85,99.70,8.31,3.31,4.93,1088,530,117,268,22.79,1013.20,11.80,405.50,11.36,46.15,1080,1,1713170421,GSN-01,-90,24.00,80.70,46,0,0,7.79,85,9.94,23.10,21.90,23.40,23.40,21.00,20.10,25.50,23.90,22.10,20.00,23.50,23.20,25.00,25.40,20.30,20.40,24.50,22.50,23.50,25.00,23.00,21.90,21.40,24.30,21.70,21.70,20.00,22.50,21.90,23.70,21.00,23.40,20.00,23.50,20.60,22.80,25.50,23.10,23.80,24.10,25.70,71.60,23.80,24.80,22.80,23.70,21.10,21.30,21.70,21.40,20.00,22.20,23.80,24.50,20.80,24.10,25.60,23.60,23.40,21.30,25.70,21.00,22.50,21.60
TLM_RCV,-59,FG-ALPHA,1713170456,AUTO,2,33.17,5.00,-85,99.75,8.30,3.29,4.92,1083,633,132,342,22.25,1013.30,11.80,406.00,11.36,46.15,1080,1,1713170440,GSN-01,-94,25.50,74.40,46,0,0,7.80,85,9.95,23.30,25.80,22.30,25.80,22.60,23.80,23.90,23.00,24.30,23.30,23.50,21.50,21.90,21.10,25.20,24.40,21.00,24.40,20.20,23.60,21.90,21.30,25.30,25.60,22.20,22.30,20.20,23.80,23.00,23.70,21.00,25.10,22.40,22.40,25.00,21.80,25.30,23.60,20.50,22.10,24.00,21.80,21.70,24.70,20.10,22.60,20.10,20.90,23.80,21.50,20.30,25.00,23.10,25.80,23.30,24.30,24.60,22.00,23.70,21.60,21.50,23.40,24.90,24.20
TLM_RCV,-60,FG-ALPHA,1713170457,AUTO,2,32.14,5.00,-85,99.78,8.30,3.29,4.99,980,628,137,340,21.76,1013.10,12.00,404.50,11.36,46.15,1080,1,1713170404,GSN-01,-89,24.40,77.40,43,0,1,7.80,85,9.95,24.80,21.40,20.90,22.60,24.00,25.50,23.50,20.20,23.50,22.30,25.90,24.10,20.60,20.20,24.90,23.00,24.90,23.20,23.10,21.00,22.90,24.10,22.70,22.50,20.80,25.60,23.80,25.20,25.80,25.60,21.80,20.50,24.20,20.10,22.30,20.80,23.90,21.40,20.40,24.90,20.10,24.50,22.20,20.80,21.90,21.70,22.80,24.20,20.70,22.20,24.20,25.70,21.00,25.50,20.30,24.80,21.60,22.20,24.00,20.80,25.30,25.30,21.20,25.70
TLM_RCV,-64,FG-ALPHA,1713170458,AUTO,2,32.70,5.00,-85,99.82,8.31,3.29,4.98,921,540,115,278,21.91,1013.00,12.10,405.50,11.36,46.15,1080,1,1713170429,GSN-01,-91,23.00,76.60,43,0,0,7.82,84,9.96,22.10,25.60,25.10,25.50,24.90,25.10,23.90,23.00,25.30,20.00,20.50,22.10,22.90,21.20,21.10,20.20,21.30,23.40,20.90,20.50,25.60,21.90,23.20,22.40,21.80,25.40,22.30,20.80,20.70,23.30,23.00,22.80,23.90,20.90,24.90,21.20,20.10,24.10,23.50,25.80,21.70,25.30,24.00,22.90,25.50,22.60,25.70,24.00,24.30,20.70,23.80,23.20,20.20,20.60,24.10,20.80,23.80,21.00,23.90,24.70,22.50,24.60,25.60,24.50
TLM_RCV,-53,FG-ALPHA,1713170459,AUTO,2,33.84,5.00,-85,99.87,8.31,3.30,4.99,1066,568,122,302,22.49,1013.60,12.00,404.80,11.36,46.15,1080,1,1713170418,GSN-01,-76,24.10,82.40,47,0,0,7.82,84,9.96,24.60,21.40,22.40,22.30,23.60,22.40,24.50,24.90,22.90,23.00,25.80,21.10,24.80,75.40,22.80,23.30,23.50,24.00,25.80,23.90,20.90,20.70,23.20,22.70,25.80,24.10,25.90,21.70,22.30,25.10,24.30,25.50,25.50,20.70,22.40,21.90,25.50,22.60,24.80,21.20,20.90,25.70,20.60,22.90,20.90,25.80,22.60,20.80,20.80,22.10,20.10,25.50,21.80,24.30,21.70,21.60,24.60,25.90,24.30,21.60,20.80,22.60,21.40,25.60
TLM_RCV,-64,FG-ALPHA,1713170460,AUTO,2,32.92,5.00,-85,99.90,8.31,3.31,4.95,929,583,137,289,21.73,1013.20,11.90,405.60,11.36,46.15,1080,1,1713170419,GSN-01,-86,23.00,82.50,45,0,0,7.79,84,9.97,23.20,21.30,24.00,25.40,20.50,24.70,25.20,23.00,20.50,21.30,20.50,23.40,20.70,22.10,21.60,24.70,24.60,23.80,24.70,24.50,20.00,24.90,20.10,22.20,23.50,20.50,20.30,21.20,23.30,22.40,25.20,20.50,20.90,22.80,22.10,21.40,21.90,23.40,25.50,25.00,24.70,21.30,24.20,23.10,25.50,25.40,25.90,20.00,25.00,22.90,25.80,25.10,25.90,25.70,24.70,23.20,22.20,23.50,24.90,20.30,23.10,22.80,24.90,25.80
TLM_RCV,-76,FG-ALPHA,1713170461,AUTO,2,31.74,5.00,-85,99.95,8.32,3.28,4.90,980,548,145,256,22.16,1013.20,12.00,405.20,11.36,46.15,1080,1,1713170430,GSN-01,-82,23.80,79.80,49,0,0,7.79,84,9.97,21.30,21.30,23.70,24.30,24.80,22.90,20.20,24.80,21.90,25.70,21.80,24.50,23.50,24.10,21.10,22.90,25.10,24.90,25.60,22.60,23.80,22.50,24.00,21.50,22.00,23.30,23.70,22.90,23.50,23.70,24.10,21.80,25.90,24.00,20.90,23.70,25.90,20.00,22.70,21.20,25.60,25.00,23.90,25.10,20.00,21.50,22.80,25.80,24.70,20.30,22.60,21.80,24.10,23.80,21.60,25.40,25.70,20.80,20.90,21.00,22.20,23.40,22.30,22.10
TLM_RCV,-42,FG-ALPHA,1713170462,AUTO,2,33.65,5.00,-85,100.00,8.32,3.30,4.92,1059,529,107,271,22.65,1013.60,11.90,405.10,11.36,46.15,1080,1,1713170446,GSN-01,-89,24.90,80.20,47,1,0,7.80,84,9.98,25.50,20.80,25.40,25.80,25.90,21.60,25.10,22.40,25.00,24.70,25.30,23.70,23.20,23.10,21.70,24.00,24.10,21.90,23.80,24.00,24.20,20.60,22.80,20.70,25.70,25.80,20.10,23.20,20.90,24.60,22.30,25.70,21.20,21.90,25.50,24.30,24.10,24.70,25.80,22.00,20.70,20.90,24.50,22.60,20.20,21.10,23.20,20.50,20.40,20.90,22.50,22.70,20.40,25.60,22.30,23.90,20.60,25.90,83.50,21.60,23.80,23.00,20.20,21.60
TLM_RCV,-62,FG-ALPHA,1713170463,AUTO,2,32.06,5.00,-85,100.00,8.31,3.28,4.92,866,611,132,334,21.27,1013.00,11.80,405.40,11.36,46.15,1080,1,1713170441,GSN-01,-83,24.70,80.70,46,0,0,7.81,84,9.98,20.90,25.80,20.40,25.70,20.10,20.40,23.00,23.70,25.00,22.80,24.50,23.50,21.70,24.10,20.00,22.30,21.10,21.40,21.50,21.50,25.80,23.90,21.00,21.00,23.60,24.10,25.60,20.50,20.70,21.80,23.10,22.50,20.00,25.60,23.10,23.80,25.40,25.60,25.70,20.50,25.00,24.20,22.10,21.50,20.00,22.60,25.50,20.80,20.40,22.90,21.30,25.80,23.90,20.40,22.40,24.50,25.20,25.30,21.60,22.50,24.40,23.20,22.70,21.60
TLM_RCV,-84,FG-ALPHA,1713170464,AUTO,2,31.70,5.00,-85,100.00,8.32,3.28,4.96,859,541,136,252,21.59,1012.90,11.90,404.50,11.36,46.15,1080,1,1713170416,GSN-01,-83,23.70,77.90,47,0,0,7.79,85,9.99,25.80,22.30,20.40,23.70,21.20,21.70,20.40,23.40,20.40,24.60,25.00,24.70,21.80,22.90,23.90,22.10,22.30,25.30,23.60,22.70,22.20,21.40,25.00,21.00,25.30,21.70,20.10,20.70,20.70,21.20,20.90,25.80,21.50,21.10,25.50,23.90,23.90,22.80,22.30,21.20,22.20,20.70,20.30,20.90,23.00,22.00,20.60,25.30,22.30,21.00,24.60,22.10,25.90,23.30,25.10,20.20,20.40,24.30,20.90,20.80,24.70,21.10,24.30,24.80
TLM_RCV,-56,FG-ALPHA,1713170465,AUTO,2,31.89,5.00,-85,100.00,8.31,3.30,4.99,1153,577,118,304,22.88,1013.60,12.10,406.00,11.37,46.15,1080,1,1713170406,GSN-01,-95,25.10,73.20,43,0,0,7.78,85,9.99,25.50,20.30,24.90,25.10,23.00,22.90,21.30,22.50,21.40,22.90,22.60,25.20,22.20,21.00,24.10,20.30,21.90,21.20,24.40,20.90,21.30,25.70,20.90,25.90,21.50,25.50,21.80,22.70,23.80,25.90,23.20,20.00,24.60,20.40,20.40,22.00,23.10,24.80,23.00,20.30,24.80,22.30,22.40,25.70,25.40,21.20,25.60,20.60,22.90,22.50,24.00,23.00,23.60,20.10,23.20,23.10,25.80,23.60,22.60,22.40,24.80,21.10,22.90,23.20
TLM_RCV,-65,FG-ALPHA,1713170466,AUTO,2,33.73,5.00,-85,100.00,8.32,3.28,4.99,1037,546,107,293,22.45,1013.00,11.90,406.00,11.37,46.15,1080,1,1713170418,GSN-01,-81,25.30,81.00,46,0,0,7.78,84,10.00,23.10,21.70,23.90,23.30,22.30,25.20,21.90,25.60,22.10,20.40,22.40,23.90,20.30,25.40,25.00,22.10,22.40,24.70,20.10,24.20,20.20,21.10,21.10,20.40,24.00,21.90,20.90,25.90,21.10,22.00,23.70,24.90,21.30,25.50,21.20,20.20,25.10,23.70,24.70,23.10,23.90,24.40,22.70,20.00,23.90,21.20,24.70,21.70,22.30,20.40,20.70,23.70,24.40,24.70,20.10,24.40,23.60,24.20,20.70,20.20,20.00,24.10,22.50,22.50
TLM_RCV,-57,FG-ALPHA,1713170467,AUTO,2,32.97,5.00,-85,100.00,8.31,3.29,4.99,832,593,142,304,21.19,1012.90,12.10,405.80,11.37,46.15,1080,1,1713170450,GSN-01,-82,24.40,80.80,45,0,0,7.78,85,10.00,21.70,21.70,23.40,23.10,24.30,20.80,23.30,25.50,25.90,22.50,25.90,22.20,21.90,24.30,22.30,25.70,22.70,22.60,25.60,21.40,22.90,25.30,20.00,25.90,25.90,24.60,24.00,25.70,23.90,22.70,21.50,22.40,23.40,20.10,24.60,25.80,23.60,24.90,25.40,20.90,21.60,22.60,24.20,21.10,21.20,23.10,24.40,22.70,24.40,22.00,20.60,25.90,22.80,20.80,22.30,20.80,22.40,22.10,24.70,21.90,20.90,20.30,21.90,23.90
TLM_RCV,-78,FG-ALPHA,1713170468,AUTO,2,32.51,5.00,-85,100.00,8.32,3.29,4.97,891,501,108,252,21.95,1013.30,11.90,405.40,11.37,46.15,1080,1,1713170457,GSN-01,-78,23.90,78.70,46,1,0,7.79,84,10.01,24.90,20.90,21.70,25.80,20.20,24.00,22.50,22.00,23.70,23.90,23.50,21.30,20.20,21.20,23.00,21.20,25.10,22.40,25.80,24.10,25.60,20.60,20.10,20.00,21.20,25.10,20.00,20.80,25.20,24.90,25.90,23.90,24.90,23.20,23.80,22.40,20.20,22.30,24.00,25.90,24.10,23.50,23.20,23.40,23.00,22.10,25.20,25.60,24.30,20.10,25.00,21.10,23.00,21.90,23.60,22.70,22.00,20.60,20.80,21.80,20.50,22.30,20.40,22.40
TLM_RCV,-65,FG-ALPHA,1713170469,AUTO,2,33.99,5.00,-85,100.00,8.31,3.31,4.90,1070,597,106,344,22.36,1013.20,11.90,406.00,11.37,46.15,1080,1,1713170447,GSN-01,-73,24.20,74.90,41,0,0,7.80,84,10.01,23.70,21.80,25.60,24.20,23.40,21.90,23.70,20.40,20.60,21.10,22.70,23.50,21.50,23.60,22.80,24.20,25.60,23.90,22.10,23.50,22.80,24.80,20.20,25.10,21.20,22.30,25.90,21.00,22.40,24.70,25.30,20.90,23.70,21.90,24.80,24.70,24.90,22.40,20.40,20.30,24.90,20.20,25.20,24.20,23.70,22.60,21.80,23.40,20.70,21.90,23.00,21.90,23.30,22.80,22.80,23.70,20.40,23.80,21.80,22.00,21.60,20.30,24.20,23.30
TLM_RCV,-60,FG-ALPHA,1713170470,AUTO,2,34.17,5.00,-85,100.00,8.31,3.30,4.94,1032,633,145,336,22.00,1013.50,12.10,405.80,11.37,46.15,1080,1,1713170419,GSN-01,-88,23.30,79.30,49,0,0,7.81,84,10.02,23.70,24.10,20.70,20.50,21.20,21.20,25.30,21.30,23.00,23.60,25.20,22.00,21.90,20.10,25.20,21.40,20.50,22.30,20.60,23.90,20.50,23.40,24.20,20.40,22.10,22.80,21.20,25.80,23.10,25.90,24.10,21.60,23.10,22.10,24.20,22.30,20.40,22.50,25.70,25.60,21.00,25.70,20.80,20.70,20.70,24.90,25.00,25.70,20.00,21.10,23.30,21.00,20.30,25.40,22.50,20.20,21.50,22.40,22.20,23.00,20.40,20.60,24.00,22.10
TLM_RCV,-44,FG-ALPHA,1713170471,AUTO,2,33.72,5.00,-85,100.00,8.32,3.28,4.95,929,544,100,301,21.92,1013.60,12.10,406.20,11.37,46.15,1080,1,1713170447,GSN-01,-76,25.70,80.00,44,0,0,7.79,85,10.02,23.40,20.10,22.00,22.30,22.30,24.00,25.80,24.50,23.60,24.50,20.40,25.00,22.40,20.20,22.90,20.00,21.50,25.90,24.40,25.60,20.70,23.70,24.40,21.30,23.00,24.30,24.40,25.80,25.10,21.70,25.50,22.70,25.50,25.00,24.60,22.60,23.80,25.50,23.20,24.90,21.50,21.30,21.90,22.20,24.70,21.80,20.10,20.70,23.30,20.80,22.50,23.80,20.60,24.90,22.10,24.40,20.00,20.90,23.00,23.60,22.40,24.10,25.70,24.00
TLM_RCV,-74,FG-ALPHA,1713170472,AUTO,2,32.01,5.00,-85,99.94,8.31,3.28,4.92,0,602,110,339,23.01,1013.20,11.90,404.70,11.37,46.15,1080,1,1713170435,GSN-01,-82,25.90,78.40,47,0,0,7.80,84,10.03,20.30,23.30,20.60,25.60,20.10,21.40,22.00,20.50,22.70,23.40,21.10,25.70,24.60,25.90,25.30,25.10,24.30,23.10,23.00,22.70,23.80,21.80,23.10,22.20,20.20,20.10,21.50,24.00,20.20,20.10,25.30,20.50,25.10,23.80,21.10,23.40,21.90,22.10,22.50,23.70,24.30,20.90,23.50,25.30,23.70,21.10,23.20,20.90,21.30,24.60,20.10,22.50,22.10,25.10,21.60,24.70,23.20,25.00,20.60,23.80,21.40,24.90,21.50,24.00
TLM_RCV,-65,FG-ALPHA,1713170473,AUTO,2,31.97,5.00,-85,99.88,8.31,3.31,4.91,0,594,130,320,22.97,1013.50,11.90,405.50,11.37,46.15,1080,1,1713170447,GSN-01,-72,25.10,73.90,47,0,0,7.80,84,10.03,21.20,24.50,20.80,20.90,25.40,21.40,25.20,24.30,22.60,23.10,20.40,23.80,25.80,24.30,22.60,23.30,25.20,22.50,22.70,23.70,22.50,21.10,23.70,21.00,21.90,22.90,22.50,22.30,20.40,22.60,24.00,23.00,24.20,23.00,24.30,24.20,22.70,22.90,22.20,21.60,20.10,25.50,22.50,23.70,24.20,22.70,21.60,24.80,20.90,25.80,24.00,21.30,20.60,22.40,23.20,21.00,23.00,23.20,22.50,21.30,20.50,21.60,25.20,24.10
TLM_RCV,-91,FG-ALPHA,1713170474,AUTO,2,33.17,5.00,-85,99.82,8.30,3.28,4.94,0,635,137,343,23.17,1013.20,11.90,405.70,11.37,46.15,1080,1,1713170425,GSN-01,-94,23.70,74.60,40,0,0,7.79,84,10.04,20.40,25.90,25.40,23.30,25.10,21.00,24.90,25.80,23.00,23.20,25.70,24.30,25.90,23.70,24.60,24.30,21.90,24.80,25.20,25.10,23.80,24.70,21.90,22.80,22.70,21.80,22.10,22.00,21.70,20.40,20.20,24.80,25.80,21.60,22.20,22.00,24.40,23.60,23.90,20.00,25.60,25.10,25.70,21.20,20.80,24.40,21.60,24.90,24.70,23.10,23.90,23.60,21.90,22.60,23.90,25.50,22.10,21.90,25.70,20.90,22.40,21.70,24.10,23.60
TLM_RCV,-79,FG-ALPHA,1713170475,AUTO,2,32.61,5.00,-85,99.87,8.32,3.31,4.97,1077,522,103,263,22.77,1013.60,11.90,405.30,11.38,46.15,1080,1,1713170443,GSN-01,-75,23.70,76.90,40,0,0,7.80,85,10.04,23.70,22.30,24.40,23.10,25.40,25.20,22.50,25.70,21.40,22.40,22.40,21.80,23.80,25.40,24.00,25.80,21.70,22.00,23.50,24.40,24.60,24.60,20.20,20.70,24.20,25.50,21.60,24.80,21.50,20.10,20.90,21.60,23.40,24.50,25.50,24.10,25.80,22.30,20.80,25.40,23.40,23.30,25.90,25.30,23.90,22.80,24.90,21.40,24.80,23.20,21.00,21.30,24.00,25.90,20.00,20.00,24.90,21.90,20.00,25.70,20.00,24.20,24.10,25.30
TLM_RCV,-83,FG-ALPHA,1713170476,AUTO,2,32.00,5.00,-85,99.92,8.31,3.29,4.90,1084,599,147,296,22.42,1013.40,11.80,405.90,11.38,46.15,1080,1,1713170457,GSN-01,-71,25.20,79.20,45,0,0,7.82,85,10.05,23.80,25.30,23.10,22.30,20.10,22.50,24.30,24.70,23.70,25.80,23.90,20.10,21.70,23.10,21.90,20.70,20.40,25.40,22.40,20.70,21.50,24.40,22.60,20.90,24.50,23.10,24.70,24.60,23.70,20.60,25.80,25.70,24.30,21.30,23.10,23.90,24.40,23.30,25.50,20.90,24.00,24.70,20.20,20.80,20.80,25.00,23.10,24.40,20.60,20.90,25.70,25.40,23.20,21.10,21.90,24.10,24.90,24.70,21.40,24.80,21.40,22.00,20.70,25.80
TLM_RCV,-68,FG-ALPHA,1713170477,AUTO,2,31.81,5.00,-85,99.97,8.32,3.29,4.93,1093,562,104,308,22.66,1013.30,11.80,404.90,11.38,46.15,1080,1,1713170423,GSN-01,-80,24.40,77.10,47,0,0,7.82,85,10.05,22.40,25.70,24.40,20.20,20.90,25.20,20.60,20.20,20.10,25.20,24.40,23.80,22.90,24.30,23.00,22.60,24.30,24.60,20.70,22.50,25.70,21.20,23.10,23.30,21.00,21.70,22.00,22.20,23.00,20.40,25.90,25.60,23.00,24.30,22.40,23.40,22.30,20.10,24.40,22.30,23.10,25.60,24.90,24.90,23.60,21.80,25.20,21.30,25.30,21.50,24.70,21.80,22.50,24.90,24.10,22.90,21.80,23.00,24.70,25.00,22.40,20.30,22.60,23.80
TLM_RCV,-72,FG-ALPHA,1713170478,AUTO,2,33.67,5.00,-85,99.92,8.32,3.30,4.98,0,534,112,282,22.67,1013.20,11.80,404.60,11.38,46.15,1080,1,1713170447,GSN-01,-88,23.50,79.60,43,0,0,7.78,84,10.06,21.40,25.20,25.70,23.70,24.50,21.60,21.10,25.80,22.70,21.80,22.40,21.80,23.30,22.20,21.40,21.00,21.10,25.40,21.20,22.00,23.20,20.70,22.30,24.30,23.10,24.30,23.30,24.40,25.10,21.60,22.30,23.40,24.40,23.90,23.80,20.80,21.50,25.40,25.30,25.40,22.50,25.20,21.00,20.80,20.10,21.70,24.40,20.30,23.20,21.20,20.90,25.60,25.80,25.70,24.20,23.30,25.10,21.00,23.50,23.40,20.40,23.00,24.30,20.30
