PACKET_TYPE,GS_RSSI,SAT_ID,TIMESTAMP,FDIR_MODE,PAYLOAD_STATE,OBC_T,PAYLOAD_T,RSSI_UPLINK,SOC,V_BAT,V_3V3,V_5V,I_IN,I_OUT,I_PAY,I_COMMS,EPS_T,PRESSURE,HUMIDITY,GPS_ALT,HAS_GSN,GSN_TS,GSN_NODE,GSN_RSSI,GSN_T,GSN_HUM,GSN_SOIL,GSN_SMOKE,GSN_SOUND,GSN_VBAT,GSN_SOC,THERMAL_DATA_64...
TLM_RCV,-82,FG-ALPHA,1713170021,AUTO,0,33.24,7.50,-85,85.68,7.99,3.29,5.02,0,448,0,305,22.24,1013.40,12.00,406.20,1,1713169997,GSN-01,-73,25.70,75.40,48,0,0,7.82,84,23.30,25.00,25.10,20.70,20.10,22.70,21.30,21.20,20.50,25.40,23.10,21.40,82.20,24.80,21.40,24.80,25.10,24.30,22.20,25.20,24.30,24.40,22.60,24.20,22.40,20.20,22.10,20.00,25.60,22.40,24.40,22.80,21.90,20.80,22.40,21.80,22.40,21.10,25.20,25.10,22.30,20.30,22.50,21.10,23.60,25.80,24.00,24.20,21.60,20.00,21.60,24.30,23.20,23.00,22.80,20.60,23.00,24.10,24.70,23.70,21.90,24.60,22.00,20.70
TLM_RCV,-53,FG-ALPHA,1713170022,AUTO,0,31.17,5.50,-85,85.74,7.99,3.28,5.02,1015,434,0,290,22.91,1013.40,11.90,404.50,1,1713169989,GSN-01,-91,25.10,76.40,40,0,1,7.78,84,24.00,22.60,21.90,21.20,21.70,21.40,22.30,21.20,22.60,21.70,20.90,22.40,21.20,23.10,21.80,24.10,24.60,22.40,20.00,24.60,23.60,21.40,25.40,25.00,20.50,20.80,25.20,25.50,20.00,25.70,25.20,22.20,20.50,22.40,23.90,20.80,24.20,23.00,25.60,21.70,24.00,20.30,23.00,22.80,23.40,20.70,25.00,20.00,20.40,25.90,21.30,23.00,20.80,25.90,21.00,25.20,24.60,23.70,24.60,23.30,24.30,23.00,24.80,23.70
TLM_RCV,-62,FG-ALPHA,1713170023,AUTO,0,33.24,5.00,-85,85.78,7.99,3.29,5.02,866,449,0,304,22.08,1013.30,12.10,406.00,1,1713169990,GSN-01,-77,25.10,80.40,47,0,0,7.80,85,24.60,25.30,24.70,23.50,21.70,23.80,20.70,25.90,21.60,21.80,20.20,22.80,22.90,22.00,24.50,21.20,25.70,21.80,24.40,20.40,24.80,23.40,25.40,20.20,22.70,23.70,25.00,20.90,20.40,23.40,24.50,22.90,23.50,20.70,24.10,23.30,21.80,23.20,23.60,21.70,24.50,25.00,23.80,23.90,23.80,22.00,21.10,24.30,24.50,20.20,24.80,20.30,23.50,21.60,21.10,22.40,22.30,25.30,20.20,21.30,23.60,20.40,20.30,20.40
TLM_RCV,-83,FG-ALPHA,1713170024,AUTO,0,33.33,5.00,-85,85.81,7.99,3.28,5.02,827,465,0,306,21.81,1013.30,12.00,406.30,1,1713169977,GSN-01,-77,25.30,76.90,40,0,1,7.78,84,21.80,22.00,23.40,23.40,25.40,23.30,21.60,22.60,23.40,23.00,23.00,21.70,24.50,22.00,25.70,25.10,25.70,24.60,20.00,24.80,22.40,23.60,20.20,21.20,20.00,21.30,22.20,20.70,21.80,21.80,22.70,25.40,22.40,25.10,25.20,22.30,23.60,24.40,24.80,22.00,24.10,20.40,25.00,25.90,22.20,20.60,24.80,24.60,21.10,21.20,21.70,25.80,22.10,23.80,21.30,24.30,21.60,21.30,25.00,25.60,25.90,23.50,25.70,24.00
TLM_RCV,-67,FG-ALPHA,1713170025,AUTO,0,31.05,5.00,-85,85.86,8.00,3.29,5.02,917,410,0,258,22.53,1012.90,12.10,404.90,1,1713169992,GSN-01,-77,24.10,75.80,42,0,0,7.81,85,22.30,23.30,25.80,24.00,24.10,24.60,24.40,24.10,24.10,20.40,20.90,24.90,21.40,25.80,25.20,24.30,25.30,21.50,22.10,20.00,22.20,23.00,20.30,22.30,24.10,25.90,25.80,20.30,25.80,21.90,20.00,22.70,20.00,24.80,25.30,25.50,22.50,21.30,24.60,25.30,23.40,24.90,25.00,22.70,20.60,24.30,23.60,25.90,21.00,23.30,21.60,21.60,21.40,20.60,24.20,23.70,22.40,24.00,22.10,23.60,24.00,24.30,24.90,25.40
TLM_RCV,-66,FG-ALPHA,1713170026,AUTO,0,31.08,5.00,-85,85.82,8.00,3.31,5.02,0,417,0,267,22.08,1013.50,11.80,405.60,1,1713169995,GSN-01,-74,25.80,78.50,40,0,0,7.80,84,24.40,21.00,25.30,22.20,22.40,23.60,22.10,25.50,20.10,22.50,25.30,22.30,23.10,20.80,22.00,20.70,22.20,23.50,22.80,23.60,20.50,21.30,23.90,25.90,23.10,21.50,20.90,25.20,25.10,20.10,25.40,20.30,21.80,25.20,25.90,24.50,22.70,21.50,22.70,20.60,21.90,24.50,25.70,22.60,21.60,20.70,23.50,22.30,20.70,25.10,20.50,22.40,22.30,23.30,24.20,24.00,20.30,22.90,20.00,24.40,24.80,22.30,21.40,22.40
TLM_RCV,-80,FG-ALPHA,1713170027,AUTO,0,32.21,5.00,-85,85.89,8.00,3.30,5.02,1143,442,0,285,23.50,1013.30,11.90,406.40,1,1713169979,GSN-01,-79,25.30,73.50,46,0,0,7.78,85,23.40,25.50,23.80,24.70,20.60,25.50,20.30,21.00,23.30,20.10,20.30,21.20,25.80,25.70,23.20,24.40,24.20,22.30,20.40,21.50,24.50,21.90,25.70,20.40,21.30,24.60,24.80,25.30,21.70,22.50,23.80,23.00,22.00,24.20,22.80,20.10,22.20,25.70,21.40,20.90,23.10,24.20,21.90,22.00,22.40,25.70,22.30,20.90,25.50,24.50,21.00,21.90,23.10,25.10,23.30,23.80,23.80,23.60,24.60,21.60,23.60,24.10,25.90,23.60
TLM_RCV,-92,FG-ALPHA,1713170028,AUTO,0,31.19,5.00,-85,85.97,8.00,3.28,5.02,1195,439,0,283,23.78,1013.10,11.80,405.20,1,1713169970,GSN-01,-77,23.40,83.00,40,0,0,7.82,85,21.40,23.90,25.40,24.70,24.80,21.50,20.20,20.30,25.10,21.00,25.90,25.90,23.60,23.60,25.70,20.70,21.40,25.10,21.70,24.70,25.50,20.60,21.20,25.50,25.80,23.40,22.50,24.20,23.30,24.30,21.00,24.50,21.20,23.70,25.50,22.30,20.70,23.10,24.30,21.10,21.50,25.50,25.00,25.10,23.50,20.60,24.40,24.50,20.20,23.20,20.40,25.30,21.80,23.90,23.30,25.10,20.50,23.30,24.00,23.90,23.00,21.20,22.90,20.50
TLM_RCV,-56,FG-ALPHA,1713170029,AUTO,0,32.11,5.00,-85,86.01,8.00,3.30,5.02,813,422,0,270,21.95,1013.00,11.80,405.70,1,1713169987,GSN-01,-72,25.70,78.80,47,0,0,7.80,84,22.10,25.60,21.40,25.00,25.00,22.40,21.60,23.30,23.30,25.10,25.80,24.30,23.10,23.00,25.00,22.20,22.70,20.20,22.00,23.80,24.40,21.10,25.60,21.20,25.30,21.90,20.90,24.80,21.00,20.70,20.90,25.50,21.70,21.10,22.40,25.50,21.00,25.30,21.70,24.90,24.80,25.10,20.10,25.70,22.70,24.50,24.40,20.20,24.70,24.10,20.90,20.50,22.90,24.60,20.70,24.00,20.60,23.00,20.60,23.70,20.90,21.40,20.10,25.10
TLM_RCV,-77,FG-ALPHA,1713170030,AUTO,0,31.14,5.00,-85,86.08,8.00,3.28,5.02,1142,427,0,282,23.58,1012.80,11.90,404.70,1,1713170016,GSN-01,-95,24.50,77.20,46,0,0,7.80,84,20.50,22.40,22.80,21.80,20.00,21.50,25.80,24.70,22.30,20.30,23.10,24.50,20.20,20.90,23.30,25.00,24.50,24.00,20.90,21.60,21.40,20.10,21.60,25.20,23.10,20.10,24.00,24.80,20.70,23.20,22.00,24.30,23.80,21.40,21.80,22.20,20.50,21.30,24.30,24.90,24.00,24.70,25.30,23.90,24.10,23.50,25.00,23.30,24.70,23.30,20.20,22.00,24.70,23.90,25.00,20.20,23.10,24.00,22.40,20.70,25.70,25.70,24.80,20.00
TLM_RCV,-89,FG-ALPHA,1713170031,AUTO,0,32.47,5.00,-85,86.12,7.99,3.31,5.02,884,495,0,342,21.94,1013.40,12.10,404.90,1,1713169988,GSN-01,-77,23.30,78.80,41,0,0,7.82,85,20.90,20.10,21.40,22.30,23.70,20.90,23.60,21.50,21.60,20.60,25.50,22.80,20.40,24.50,25.80,20.90,21.50,25.60,25.40,21.10,24.20,25.50,24.00,24.40,21.80,20.00,25.90,22.10,23.60,24.30,25.50,20.50,21.80,21.30,22.00,22.00,24.20,20.90,24.70,20.40,20.00,22.50,21.00,23.50,21.30,21.80,25.50,21.60,20.00,25.60,20.70,21.90,21.60,25.20,25.00,24.50,23.90,22.20,22.90,23.10,23.30,22.80,21.50,23.90
TLM_RCV,-46,FG-ALPHA,1713170032,AUTO,0,32.40,5.00,-85,86.07,7.99,3.29,5.02,0,479,0,329,22.40,1013.10,12.10,406.00,1,1713169994,GSN-01,-88,25.30,80.70,43,0,0,7.78,84,22.10,23.60,25.40,23.70,24.70,22.50,23.60,24.50,24.00,21.80,21.70,20.40,22.00,23.90,23.30,23.80,21.30,25.40,22.70,20.30,23.90,20.30,24.80,23.80,23.40,24.60,21.50,23.20,25.70,21.90,24.60,20.90,21.40,22.40,24.30,21.80,21.90,23.00,23.40,25.60,24.80,21.70,22.30,21.70,23.10,20.30,23.80,20.80,21.80,20.10,23.40,21.50,25.20,20.10,22.10,23.80,25.50,25.10,24.60,22.80,21.90,22.40,21.60,24.80
TLM_RCV,-81,FG-ALPHA,1713170033,AUTO,0,32.42,5.00,-85,86.11,7.99,3.30,5.02,848,483,0,342,21.83,1013.40,11.90,404.90,1,1713170002,GSN-01,-80,25.40,78.50,40,0,1,7.78,84,24.80,25.50,20.10,22.80,20.90,23.20,22.50,21.10,24.70,24.80,21.90,21.80,24.60,20.70,21.80,24.50,23.30,23.70,24.20,25.70,22.90,25.00,20.20,24.30,25.40,24.50,22.90,21.50,24.10,21.40,24.80,20.50,21.10,22.90,23.00,25.10,22.50,24.70,24.20,25.50,24.20,23.20,20.90,25.40,22.80,24.50,25.20,24.80,21.50,22.60,22.30,22.50,20.50,25.90,22.30,24.30,22.40,23.20,24.50,21.20,24.70,25.50,25.70,22.20
TLM_RCV,-79,FG-ALPHA,1713170034,AUTO,0,32.49,5.00,-85,86.14,7.99,3.28,5.02,833,497,0,349,21.68,1013.50,12.10,406.30,1,1713170010,GSN-01,-79,23.70,74.70,48,0,1,7.78,84,21.90,20.60,22.20,20.10,23.90,20.20,22.50,25.80,24.70,24.70,21.20,20.00,25.30,23.20,22.20,20.20,22.00,25.00,22.50,20.60,20.20,23.70,21.90,23.90,22.20,24.60,23.70,21.20,22.70,25.60,20.90,20.70,20.30,20.60,22.70,21.80,21.90,23.50,21.60,20.50,23.00,21.40,20.70,22.70,21.60,25.40,21.70,22.30,23.00,24.40,22.60,21.50,24.80,21.10,22.60,22.20,24.00,20.00,20.70,24.40,22.90,23.20,20.70,23.90
TLM_RCV,-62,FG-ALPHA,1713170035,AUTO,0,32.19,5.00,-85,86.19,8.00,3.29,5.02,975,439,0,287,22.68,1012.90,12.10,406.30,1,1713169991,GSN-01,-71,23.80,79.30,49,0,0,7.81,85,20.30,70.60,23.30,24.90,25.90,23.70,23.30,24.30,20.80,23.00,21.40,24.50,20.60,20.90,21.10,21.10,23.70,22.10,21.80,24.90,25.40,23.10,20.90,25.50,20.90,23.70,24.20,21.70,22.40,22.10,20.80,22.60,23.70,21.80,20.80,23.20,21.50,22.30,24.80,21.20,23.60,22.30,25.90,24.40,21.30,23.30,23.10,24.00,23.60,23.70,23.20,20.50,20.40,24.80,25.20,23.00,21.90,25.10,23.00,23.10,24.90,21.00,23.10,23.80
TLM_RCV,-89,FG-ALPHA,1713170036,AUTO,0,32.35,5.00,-85,86.26,8.00,3.30,5.02,1146,470,0,330,23.38,1013.10,11.80,406.20,1,1713169988,GSN-01,-89,25.20,75.10,49,0,1,7.80,85,22.40,24.90,24.50,25.30,22.90,22.10,23.20,22.80,24.20,25.20,23.30,24.60,23.80,22.00,22.40,22.20,25.00,23.30,20.50,20.50,21.70,20.00,22.30,21.50,25.50,24.50,20.50,25.80,22.10,25.10,22.70,20.20,24.30,23.70,24.10,20.30,25.80,23.60,24.50,24.20,21.30,23.20,22.20,20.80,20.60,20.40,20.10,25.20,22.90,25.00,22.10,22.60,24.80,22.00,25.40,24.70,25.90,23.30,22.70,23.00,21.40,24.50,24.40,22.30
TLM_RCV,-51,FG-ALPHA,1713170037,AUTO,0,32.10,5.00,-85,86.32,8.01,3.29,5.02,977,420,0,270,22.78,1012.90,11.90,405.60,1,1713170005,GSN-01,-83,23.90,81.20,43,0,0,7.82,84,23.00,21.20,22.30,23.30,21.50,22.00,24.90,25.80,21.90,23.00,20.10,24.30,22.20,25.60,82.90,24.70,20.50,21.10,25.60,20.60,23.10,20.30,22.70,24.80,23.00,25.30,24.30,25.80,22.50,22.30,25.60,24.60,25.20,25.30,20.00,23.50,21.40,25.30,22.00,21.40,23.30,21.70,22.80,24.70,24.50,23.90,23.10,25.40,24.70,22.90,22.50,22.00,23.30,25.30,21.90,24.00,22.90,24.20,24.00,25.70,24.40,21.30,20.80,22.00
TLM_RCV,-87,FG-ALPHA,1713170038,AUTO,0,33.04,5.00,-85,86.38,8.01,3.31,5.02,1018,408,0,250,23.05,1013.10,12.00,405.80,1,1713169992,GSN-01,-78,25.90,83.00,49,0,1,7.78,85,24.70,24.10,22.50,22.00,25.90,24.20,24.40,22.40,23.80,21.00,24.90,24.20,25.90,24.00,25.20,25.10,23.90,22.30,25.20,20.90,22.60,21.40,21.80,22.10,24.70,22.70,24.10,24.10,25.00,25.70,21.20,24.50,20.20,25.40,22.60,20.80,20.80,24.20,23.20,24.40,25.40,24.70,21.50,20.40,24.10,22.50,24.20,20.10,20.50,21.20,24.60,25.20,23.80,20.40,23.20,21.40,21.40,25.20,22.00,24.60,21.80,20.50,24.40,21.50
TLM_RCV,-64,FG-ALPHA,1713170039,AUTO,0,33.09,5.00,-85,86.45,8.01,3.28,5.02,1121,418,0,270,23.51,1013.10,12.10,405.60,1,1713169985,GSN-01,-92,24.60,83.00,44,0,1,7.82,84,20.00,24.00,23.40,23.60,24.60,22.20,21.00,21.80,22.20,22.90,24.10,22.00,24.50,25.90,22.60,21.70,21.70,23.60,23.60,20.00,23.50,20.00,25.40,25.10,25.80,23.40,25.10,22.80,20.80,25.30,20.00,22.90,21.20,21.80,22.50,25.10,24.20,22.10,24.30,22.20,21.50,24.50,21.50,25.00,21.10,20.60,20.60,22.70,22.20,23.40,22.30,21.70,21.20,25.00,20.80,24.10,25.00,23.70,20.00,23.20,20.80,25.30,20.80,24.00
TLM_RCV,-93,FG-ALPHA,1713170040,AUTO,0,33.29,5.00,-85,86.50,8.01,3.31,5.02,937,458,0,299,22.40,1013.50,12.10,404.80,1,1713170010,GSN-01,-93,25.70,78.20,44,0,0,7.79,84,25.30,22.20,24.00,21.00,22.20,20.90,23.60,25.10,24.10,25.60,23.90,21.30,24.30,24.20,21.00,22.60,21.70,22.50,22.50,23.00,24.20,22.30,22.90,20.00,20.10,25.90,23.00,25.30,23.30,24.70,21.60,23.70,23.70,24.30,22.80,22.10,20.50,25.80,21.50,24.00,21.60,20.10,23.00,22.60,21.10,22.10,21.60,23.60,20.80,21.50,20.60,23.90,22.70,22.60,23.30,24.20,24.80,23.80,23.10,25.10,20.20,23.30,23.80,25.00
TLM_RCV,-70,FG-ALPHA,1713170041,AUTO,0,31.20,5.00,-85,86.55,8.01,3.30,5.02,1022,441,0,299,22.91,1013.50,11.80,404.70,1,1713169985,GSN-01,-85,25.10,82.90,46,0,0,7.82,84,21.20,22.60,22.10,23.90,21.00,23.30,23.60,22.50,25.20,23.00,22.40,20.70,23.00,21.30,23.70,24.40,23.70,21.80,21.80,22.90,25.20,25.90,24.80,20.00,24.50,21.50,25.80,23.00,24.70,23.60,21.60,21.30,22.00,25.10,21.00,21.50,20.10,25.50,20.10,21.50,22.60,25.90,20.50,25.00,21.60,20.00,23.50,21.70,21.60,25.00,20.30,24.10,22.30,20.30,20.90,20.30,20.60,23.70,20.00,23.80,23.00,23.80,25.50,24.60
TLM_RCV,-61,FG-ALPHA,1713170042,AUTO,0,31.42,5.00,-85,86.59,8.01,3.29,5.02,824,484,0,333,21.70,1013.20,12.00,404.80,1,1713170013,GSN-01,-87,25.50,75.50,45,0,0,7.79,85,20.00,20.80,25.30,25.00,21.50,24.60,21.30,24.70,23.50,23.90,22.30,20.20,24.50,24.10,22.20,24.30,20.00,23.80,20.10,20.50,22.80,24.80,22.60,21.60,22.50,22.20,21.90,25.70,22.40,21.20,23.90,22.40,24.20,20.30,20.10,22.30,23.30,24.80,23.70,23.20,21.60,21.00,21.00,24.70,20.10,22.40,23.10,22.10,22.60,20.10,23.40,25.80,20.10,25.40,23.50,24.10,23.80,20.90,23.80,23.80,22.10,21.60,20.30,24.60
TLM_RCV,-80,FG-ALPHA,1713170043,AUTO,0,32.06,5.00,-85,86.64,8.02,3.30,5.02,979,411,0,269,22.84,1013.20,11.90,405.80,1,1713170004,GSN-01,-90,23.20,82.50,40,0,0,7.79,85,23.70,20.20,24.80,20.10,24.90,25.60,20.60,20.50,24.40,23.30,21.50,24.40,23.80,23.50,21.20,24.60,25.90,20.60,20.10,24.80,20.90,20.60,25.30,77.80,25.10,20.10,22.70,22.30,22.20,25.90,24.60,20.90,23.20,25.70,20.00,24.50,24.30,25.60,25.10,24.70,22.60,20.70,23.00,23.80,25.60,21.10,25.60,22.70,23.70,20.80,21.00,20.30,24.60,22.90,21.30,24.20,22.90,23.70,21.30,20.20,23.80,23.10,23.00,25.40
TLM_RCV,-69,FG-ALPHA,1713170044,AUTO,0,32.37,5.00,-85,86.71,8.01,3.30,5.02,1117,473,0,327,23.22,1012.90,11.90,404.50,1,1713170008,GSN-01,-71,25.20,76.80,42,0,1,7.79,85,23.50,20.10,23.90,24.50,20.80,21.30,25.70,25.20,20.10,21.40,21.10,22.30,25.00,25.90,21.60,24.60,25.70,22.80,21.20,20.60,22.00,21.30,23.60,25.50,22.10,20.20,22.60,23.90,25.60,25.50,25.10,21.60,23.30,20.50,23.80,25.60,21.70,25.50,25.70,20.50,20.40,23.30,21.00,24.40,22.80,20.80,25.40,22.30,21.10,22.30,24.00,20.70,25.70,21.60,23.80,20.70,20.70,21.20,25.00,25.40,22.70,24.10,22.30,24.40
TLM_RCV,-54,FG-ALPHA,1713170045,AUTO,0,32.29,5.00,-85,86.76,8.01,3.29,5.02,992,459,0,308,22.67,1012.90,12.00,405.90,1,1713169992,GSN-01,-76,25.30,75.70,46,0,0,7.80,85,23.60,23.80,23.80,20.00,21.20,24.40,22.40,21.90,24.10,25.20,24.60,22.30,21.40,25.30,22.80,21.50,23.60,20.10,24.20,20.90,21.30,24.40,24.60,23.30,23.10,21.20,23.20,22.50,22.90,20.90,25.40,25.80,23.50,22.30,20.20,23.40,23.90,25.00,24.60,24.10,20.40,21.50,25.10,23.60,25.10,24.00,25.50,22.80,23.00,20.20,24.70,24.40,22.10,20.20,25.30,25.90,25.40,24.00,23.20,20.30,25.70,20.40,21.50,21.90
TLM_RCV,-72,FG-ALPHA,1713170046,AUTO,0,32.42,5.00,-85,86.80,8.01,3.30,5.02,896,484,0,336,22.06,1013.40,11.90,404.60,1,1713169995,GSN-01,-84,25.50,80.60,46,1,0,7.82,85,24.40,25.70,21.30,23.80,21.20,20.20,20.70,21.80,23.00,23.00,23.90,21.90,23.40,24.10,22.30,21.20,22.20,20.20,20.90,23.90,23.30,23.30,22.90,25.70,22.20,20.20,21.60,24.60,20.70,24.40,20.30,21.60,71.60,23.60,23.60,20.00,20.10,24.70,21.20,22.30,22.80,23.10,22.60,21.10,24.10,25.80,25.00,22.00,21.20,25.10,20.20,23.80,24.80,24.50,25.80,24.30,24.00,25.80,24.90,23.80,21.20,24.00,21.00,25.50
TLM_RCV,-86,FG-ALPHA,1713170047,AUTO,0,31.05,5.00,-85,86.88,8.02,3.31,5.02,1156,410,0,270,23.73,1013.20,11.80,404.70,1,1713170036,GSN-01,-82,25.60,78.20,43,0,0,7.82,84,22.60,25.70,24.40,24.20,25.20,20.30,22.00,24.90,23.20,23.90,80.30,24.00,21.10,25.30,24.10,25.30,25.10,21.70,20.70,22.50,20.10,22.90,23.00,20.30,25.30,21.50,22.70,20.30,22.20,24.40,23.20,24.20,23.40,22.80,20.60,25.90,20.70,22.40,21.00,21.30,23.90,22.80,23.30,22.10,23.50,24.50,25.20,22.90,25.10,20.90,21.40,21.20,20.10,22.70,25.10,23.50,25.00,22.60,22.30,20.20,21.30,21.10,22.90,20.30
TLM_RCV,-91,FG-ALPHA,1713170048,AUTO,0,32.06,5.00,-85,86.95,8.03,3.30,5.02,1119,411,0,262,23.54,1012.80,12.10,405.60,1,1713170031,GSN-01,-91,24.20,78.90,48,0,0,7.81,84,22.10,20.10,22.80,20.40,21.50,25.50,25.10,24.20,23.50,22.40,25.50,24.80,24.70,24.40,25.20,24.10,21.40,23.00,24.50,24.50,25.00,21.00,22.00,24.20,22.60,25.70,25.40,25.40,23.80,21.30,21.10,24.80,25.20,21.30,21.40,22.50,25.80,23.20,21.60,22.10,21.10,23.20,22.20,24.90,22.60,22.30,22.40,20.40,21.80,25.40,23.90,21.70,25.10,24.10,22.50,21.80,25.10,20.80,24.70,21.90,22.50,24.50,21.20,23.00
TLM_RCV,-84,FG-ALPHA,1713170049,AUTO,0,32.49,5.00,-85,86.90,8.01,3.30,5.02,0,497,0,349,22.49,1013.30,11.90,405.00,1,1713170007,GSN-01,-90,24.70,74.00,46,0,0,7.80,84,24.10,22.70,24.60,23.90,20.50,21.30,24.30,20.90,24.10,24.60,25.40,22.50,20.40,24.80,23.10,23.80,25.40,22.40,23.80,24.60,21.60,20.50,25.10,20.90,21.50,20.60,22.50,23.70,24.00,24.50,24.90,24.40,24.80,25.30,24.60,21.10,20.00,23.80,22.60,20.50,24.20,23.50,25.20,22.40,23.30,21.80,21.70,22.80,25.00,22.60,23.40,21.60,22.90,22.90,25.30,21.60,25.60,20.80,23.10,24.20,25.30,20.10,24.40,23.10
TLM_RCV,-85,FG-ALPHA,1713170050,AUTO,0,31.05,5.00,-85,86.94,8.03,3.31,5.02,839,410,0,256,22.15,1013.60,11.90,404.50,1,1713170020,GSN-01,-88,24.70,78.60,41,0,0,7.78,85,20.50,22.50,25.40,24.40,24.70,25.20,23.00,25.70,24.00,23.00,25.60,20.50,22.60,25.80,21.30,21.30,24.50,22.00,22.40,25.30,20.90,20.40,23.40,22.50,24.00,24.60,24.30,20.20,25.00,23.20,22.50,25.60,20.00,24.60,22.20,25.70,24.50,23.50,25.80,25.50,20.70,23.50,21.90,25.50,21.60,25.50,20.50,24.10,22.40,20.40,24.90,20.80,22.90,21.00,23.80,21.20,24.80,20.90,24.90,23.20,22.20,24.40,24.60,21.90
TLM_RCV,-84,FG-ALPHA,1713170051,AUTO,0,33.40,5.00,-85,87.00,8.02,3.30,5.02,1016,480,0,323,22.68,1013.10,11.90,405.30,1,1713170037,GSN-01,-75,24.90,78.50,42,0,0,7.78,85,24.70,22.50,24.90,24.80,21.40,20.50,24.50,24.30,70.10,20.80,23.90,22.60,20.60,22.40,22.90,20.90,21.90,25.40,23.10,24.50,23.90,20.20,25.30,21.50,20.50,23.10,22.70,20.20,20.00,24.20,25.20,20.80,25.20,25.70,20.30,25.20,23.30,23.20,20.70,22.20,20.30,24.20,25.80,25.30,25.90,21.30,23.50,24.10,22.10,23.10,23.40,20.90,25.20,22.50,22.70,23.60,21.90,23.00,24.50,25.30,20.20,20.60,21.00,21.70
TLM_RCV,-46,FG-ALPHA,1713170052,AUTO,0,32.40,5.00,-85,86.95,8.01,3.29,5.02,0,480,0,340,22.40,1013.00,12.00,405.40,1,1713169996,GSN-01,-74,25.30,79.80,46,0,0,7.82,84,24.10,20.10,21.30,25.70,21.70,23.90,25.70,25.40,24.80,25.60,23.00,24.20,20.80,23.80,21.80,21.20,22.00,23.60,22.30,21.70,20.30,25.80,24.40,23.70,20.30,21.00,21.30,23.10,20.90,24.60,24.00,20.00,20.60,23.40,24.60,21.70,23.10,24.40,20.30,25.30,22.60,21.60,22.10,20.10,22.60,23.20,23.00,22.30,24.70,21.00,23.90,25.60,23.40,24.70,20.80,21.80,24.20,20.00,25.20,25.60,20.60,24.80,20.60,23.60
TLM_RCV,-68,FG-ALPHA,1713170053,AUTO,0,32.19,5.00,-85,86.90,8.02,3.29,5.02,0,437,0,278,22.18,1012.70,11.80,405.00,1,1713170040,GSN-01,-93,23.80,74.50,44,0,0,7.82,84,22.40,20.10,20.00,24.30,25.40,23.00,20.20,21.40,24.10,23.30,20.70,22.50,20.70,24.80,22.00,22.70,20.20,21.20,23.70,23.90,20.90,23.20,23.40,24.70,20.70,21.30,24.10,24.10,25.50,23.90,25.60,25.20,22.30,20.00,25.50,23.80,21.30,23.50,24.40,23.50,23.10,23.60,23.60,25.10,22.30,25.80,25.70,21.40,23.50,24.20,24.60,25.40,73.40,21.20,20.40,22.50,22.20,22.50,23.40,21.10,22.20,21.30,25.50,25.40
TLM_RCV,-61,FG-ALPHA,1713170054,AUTO,2,33.94,5.00,-85,86.93,8.00,3.30,4.90,843,589,132,308,21.27,1013.30,11.90,406.20,1,1713170038,GSN-01,-85,24.80,73.30,44,0,0,7.78,85,21.50,25.40,24.70,25.80,25.30,23.90,24.40,20.60,20.80,23.40,23.30,23.70,22.00,25.80,24.30,23.40,21.40,24.00,22.00,24.20,24.90,25.00,21.00,20.30,22.10,24.30,20.90,25.20,25.90,20.80,20.70,24.70,25.00,23.60,21.30,24.20,20.30,21.30,20.80,20.50,22.70,23.60,24.20,24.30,20.50,24.30,24.20,24.60,24.30,23.20,23.40,25.10,23.90,25.70,23.70,22.20,23.50,21.90,23.10,25.70,24.10,20.60,21.60,22.20
TLM_RCV,-70,FG-ALPHA,1713170055,AUTO,2,31.70,5.00,-85,86.88,8.00,3.30,4.91,0,541,108,293,22.70,1013.10,12.00,405.90,1,1713170039,GSN-01,-76,25.00,80.20,49,0,0,7.81,84,20.90,24.00,20.40,24.60,21.90,25.90,25.70,22.80,23.20,24.80,25.30,23.80,21.80,24.70,24.30,23.30,20.40,20.20,23.30,22.50,23.70,23.30,23.10,20.60,20.30,25.60,25.60,24.30,22.10,23.20,24.00,20.50,21.80,22.60,24.30,21.10,23.10,22.70,21.50,20.20,20.90,23.20,25.40,24.50,20.70,24.30,24.20,24.20,23.50,23.70,23.50,25.30,22.30,25.90,20.00,25.00,22.50,20.70,24.20,22.30,25.10,21.50,21.10,25.70
TLM_RCV,-78,FG-ALPHA,1713170056,AUTO,2,32.97,5.00,-85,86.90,8.00,3.30,4.96,859,593,119,328,21.33,1013.20,11.80,405.40,1,1713170030,GSN-01,-94,25.00,81.70,49,0,0,7.79,85,22.30,24.90,24.00,22.40,25.50,22.40,21.20,23.20,22.00,23.40,23.70,22.00,23.30,20.60,24.20,24.00,20.10,20.80,20.90,23.40,21.30,24.00,20.70,24.40,20.70,21.10,20.60,23.20,24.10,24.10,23.10,25.60,21.30,22.60,22.60,24.10,24.30,23.30,23.40,23.70,21.20,24.20,24.80,20.00,22.70,24.70,21.30,24.40,24.70,23.60,22.90,22.50,25.10,25.10,22.00,22.90,23.50,24.90,21.60,25.30,24.40,21.70,22.40,20.80
TLM_RCV,-85,FG-ALPHA,1713170057,AUTO,2,32.90,5.00,-85,86.95,8.00,3.28,4.93,1032,579,119,310,22.26,1013.50,11.90,404.60,1,1713170041,GSN-01,-82,25.20,73.80,45,0,0,7.82,85,22.40,25.50,25.40,23.30,20.80,20.00,21.20,23.20,23.10,22.10,21.60,21.40,25.30,24.10,23.60,20.30,22.30,21.90,20.80,22.10,24.30,21.50,22.20,21.00,20.70,23.50,23.60,20.90,22.00,24.70,25.10,20.20,25.20,24.50,23.40,23.80,24.70,22.80,21.70,23.70,21.90,22.30,22.90,21.40,25.00,20.90,23.40,23.30,23.80,20.20,20.80,21.60,24.40,22.80,24.40,20.70,23.40,22.90,22.90,23.20,21.60,21.70,22.80,21.20
TLM_RCV,-68,FG-ALPHA,1713170058,AUTO,2,33.87,5.00,-85,86.98,8.00,3.30,4.94,914,574,133,296,21.70,1013.60,12.10,405.10,1,1713170036,GSN-01,-94,25.10,78.60,46,0,0,7.80,84,24.80,21.50,22.50,20.90,20.80,20.00,23.50,25.90,23.90,22.00,24.40,21.40,23.30,23.20,20.70,20.70,25.50,25.30,22.60,23.20,20.30,23.30,21.00,21.20,24.50,20.90,24.50,23.20,21.80,24.20,25.30,21.30,20.30,24.20,25.70,24.30,23.80,23.90,22.80,20.00,24.90,21.60,21.10,24.90,24.20,24.90,22.10,24.50,21.10,25.70,22.90,20.20,22.70,24.50,25.60,20.30,25.60,20.50,21.70,24.20,21.50,20.30,21.30,23.50
TLM_RCV,-57,FG-ALPHA,1713170059,AUTO,2,32.60,5.00,-85,86.93,8.01,3.29,4.94,0,521,108,259,22.60,1013.60,11.80,404.60,1,1713170008,GSN-01,-88,23.40,81.80,44,0,0,7.80,85,21.70,23.00,22.10,24.90,25.30,25.40,22.90,24.60,23.50,23.80,25.60,21.10,21.90,20.30,22.40,24.40,22.90,20.20,24.00,20.10,23.20,22.20,22.20,20.10,24.60,23.50,24.60,21.30,23.50,23.70,25.70,24.90,20.50,25.40,23.80,22.20,21.40,24.50,21.60,23.60,23.00,23.80,22.50,20.40,25.20,24.40,21.80,23.70,20.30,22.50,22.40,22.20,25.00,21.80,24.40,25.90,21.40,23.60,23.30,22.00,20.40,22.60,22.10,22.70
TLM_RCV,-52,FG-ALPHA,1713170060,AUTO,2,32.10,5.00,-85,86.98,7.99,3.29,4.94,1136,620,116,347,22.58,1013.40,11.80,405.20,1,1713170033,GSN-01,-89,23.10,74.20,46,0,0,7.82,85,24.00,25.90,23.80,20.90,22.40,22.10,22.40,25.50,23.10,20.50,23.70,25.60,20.30,24.10,20.90,23.00,20.30,20.90,22.50,24.00,23.60,22.40,20.30,21.50,21.40,24.30,20.00,23.80,21.00,22.10,23.00,22.20,24.60,21.50,21.70,23.00,22.60,23.50,24.00,20.40,22.30,21.40,23.90,24.10,20.40,21.50,21.90,22.40,23.90,25.20,21.10,21.10,22.60,25.60,20.20,24.30,25.50,25.30,25.50,21.10,23.90,21.10,21.40,23.00
TLM_RCV,-87,FG-ALPHA,1713170061,AUTO,2,32.65,5.00,-85,87.03,8.01,3.31,4.93,1035,530,101,288,22.52,1012.70,12.00,405.20,1,1713170009,GSN-01,-72,24.70,75.60,44,0,0,7.81,85,24.30,20.40,24.10,21.90,21.80,21.70,20.70,24.00,20.80,25.40,21.40,22.80,22.70,23.60,23.70,21.40,24.10,20.70,24.30,22.60,24.70,24.30,25.10,23.50,21.10,21.10,20.70,25.10,25.20,23.30,22.80,21.50,22.60,25.80,22.40,24.40,23.70,21.20,23.60,22.50,23.30,23.00,25.10,23.20,24.00,20.30,22.30,21.10,25.60,21.40,21.80,25.30,21.40,22.90,20.60,20.30,24.80,24.10,24.30,25.40,23.30,24.10,22.10,24.00
TLM_RCV,-67,FG-ALPHA,1713170083,AUTO,2,32.07,5.00,-85,87.88,8.02,3.31,4.92,0,614,145,310,23.07,1013.10,12.10,405.80,1,1713170072,GSN-01,-82,23.60,75.30,42,0,0,7.78,85,24.60,21.50,21.50,25.10,25.70,22.00,25.50,25.70,22.70,25.20,24.50,20.10,23.20,22.70,21.80,22.50,22.50,23.60,25.10,20.40,22.30,20.00,23.10,25.30,24.70,23.50,20.50,24.50,20.60,22.90,20.80,25.90,25.60,25.40,23.30,25.80,24.90,22.10,23.90,23.20,23.60,21.60,20.80,20.80,20.00,21.20,22.90,23.60,22.80,24.80,24.50,25.00,21.30,21.10,20.10,22.90,24.10,22.80,23.30,24.60,25.60,21.80,24.20,24.80
TLM_RCV,-48,FG-ALPHA,1713170084,AUTO,2,31.97,5.00,-85,87.93,8.02,3.28,4.94,1042,594,113,341,22.24,1012.90,12.00,406.00,1,1713170033,GSN-01,-89,23.30,76.10,48,0,0,7.79,85,22.20,23.70,24.00,23.30,21.20,20.70,20.10,21.30,22.80,20.90,24.70,24.10,23.30,20.30,23.10,20.60,24.90,21.30,24.50,22.50,21.60,20.70,25.40,21.80,21.00,22.10,23.20,21.90,25.10,21.50,25.10,24.40,23.90,23.90,22.70,23.90,24.80,20.20,22.10,22.40,21.30,25.40,24.30,20.40,24.10,23.00,22.10,20.60,23.50,23.20,24.80,22.10,21.80,25.00,24.30,24.30,21.80,20.10,24.30,23.00,25.20,25.60,20.80,24.50
TLM_RCV,-65,FG-ALPHA,1713170085,AUTO,2,33.85,5.00,-85,87.98,8.03,3.30,4.96,1118,571,136,289,22.74,1013.00,11.80,404.80,1,1713170060,GSN-01,-75,23.60,82.90,46,0,0,7.81,85,25.80,25.60,24.40,25.90,22.70,20.00,22.90,21.30,23.20,24.00,22.80,22.20,22.50,24.50,20.40,23.30,21.50,23.10,21.10,21.20,24.60,20.60,20.80,22.00,20.90,20.90,22.60,25.30,24.20,23.10,24.80,25.90,20.80,25.70,22.00,25.60,22.20,25.50,21.30,21.50,20.70,24.60,22.10,23.40,20.90,20.50,23.10,20.50,24.00,23.60,23.00,25.30,21.40,24.70,21.90,25.80,22.40,20.50,21.80,22.50,24.90,24.30,21.40,22.70
TLM_RCV,-63,FG-ALPHA,1713170086,AUTO,2,32.56,5.00,-85,88.04,8.04,3.29,4.95,1067,512,105,252,22.77,1013.30,12.00,404.90,1,1713170065,GSN-01,-90,23.30,77.80,42,0,0,7.79,85,21.40,25.60,21.40,25.70,25.70,23.50,23.90,25.20,25.90,24.00,22.80,23.20,22.50,24.50,20.00,25.10,21.30,20.00,24.50,21.90,22.80,20.20,23.00,20.50,20.70,20.70,22.40,25.40,25.30,21.60,25.40,23.50,22.60,20.10,25.80,20.60,20.80,22.70,24.50,25.50,25.30,24.30,24.70,21.60,23.40,23.60,22.40,23.90,21.70,20.60,24.70,25.10,24.00,25.80,76.20,23.90,25.60,25.10,25.10,24.80,24.90,21.40,25.30,23.70
TLM_RCV,-78,FG-ALPHA,1713170087,AUTO,2,32.09,5.00,-85,87.97,8.02,3.29,4.93,0,618,143,321,23.09,1013.30,12.10,406.20,1,1713170051,GSN-01,-76,23.70,76.00,47,0,0,7.78,85,23.00,24.90,24.80,21.60,24.70,22.30,23.50,25.10,20.80,25.50,24.60,25.40,23.40,25.00,22.80,24.80,24.80,24.60,20.20,24.60,23.40,20.10,23.90,20.80,22.40,20.90,22.00,24.00,23.20,22.00,24.00,20.90,20.80,23.80,20.50,24.30,22.30,20.80,24.00,23.50,22.60,20.70,24.00,23.80,22.90,24.30,25.30,21.20,22.30,22.40,23.00,24.10,72.60,24.60,25.00,24.40,22.90,23.40,25.30,24.60,25.00,23.60,20.90,20.30
TLM_RCV,-71,FG-ALPHA,1713170088,AUTO,2,33.79,5.00,-85,87.92,8.03,3.28,4.90,0,558,110,302,22.79,1013.40,12.10,405.30,1,1713170066,GSN-01,-72,24.70,77.80,46,0,0,7.78,85,20.50,24.70,21.10,21.80,25.20,24.30,24.90,25.90,23.90,20.40,24.60,23.80,25.00,24.60,22.90,20.70,21.40,25.30,23.50,24.80,24.10,21.80,22.60,21.10,24.80,25.40,21.20,21.10,21.40,25.20,25.70,22.10,22.90,22.20,21.70,22.70,22.30,21.00,21.10,23.00,23.60,24.90,21.50,20.20,21.40,21.50,25.90,21.40,24.90,23.10,24.00,22.20,21.40,20.60,21.50,25.00,22.20,20.30,23.00,20.80,20.30,23.00,25.00,24.70
TLM_RCV,-62,FG-ALPHA,1713170089,AUTO,2,33.71,5.00,-85,87.95,8.03,3.31,4.96,904,541,123,275,21.82,1012.70,12.10,405.30,1,1713170041,GSN-01,-82,23.80,78.70,45,0,0,7.81,84,22.60,22.10,24.70,21.30,22.50,21.60,24.30,24.40,24.80,24.70,21.70,20.80,20.30,21.90,20.80,20.10,24.80,23.00,23.70,22.30,21.80,25.30,20.90,25.00,22.50,25.00,20.50,22.00,25.70,23.00,22.00,22.60,25.20,21.10,21.70,20.40,23.40,24.70,21.90,20.40,23.70,23.90,25.60,22.70,25.60,21.70,24.00,24.00,20.60,23.90,22.80,21.40,22.30,24.40,20.10,21.10,21.60,25.70,24.00,21.00,23.10,23.10,25.80,20.90
TLM_RCV,-47,FG-ALPHA,1713170090,AUTO,2,32.78,5.00,-85,88.00,8.03,3.28,4.97,1037,557,133,273,22.40,1013.20,12.00,405.70,1,1713170077,GSN-01,-95,23.20,74.40,46,0,0,7.80,85,25.30,25.70,20.80,24.80,23.70,20.10,22.60,24.80,20.30,25.20,24.60,21.10,21.80,21.30,20.60,22.70,23.10,21.70,21.00,25.80,22.50,23.30,25.20,22.40,24.90,25.60,22.80,24.00,22.80,23.00,25.70,21.60,25.40,22.50,21.80,25.60,21.80,21.60,24.90,21.80,23.80,22.30,20.40,22.30,23.50,23.30,22.70,20.10,20.10,22.30,20.80,23.80,23.60,24.10,23.60,24.90,20.40,21.50,20.10,21.20,24.80,24.90,25.30,23.00
TLM_RCV,-80,FG-ALPHA,1713170091,AUTO,2,34.01,5.00,-85,88.05,8.02,3.29,4.98,1116,601,143,306,22.58,1013.10,11.80,404.90,1,1713170073,GSN-01,-78,25.90,79.50,45,0,0,7.78,84,22.80,22.50,23.10,23.70,22.70,25.50,24.90,21.20,24.90,21.60,22.30,23.00,23.90,25.20,24.00,23.10,25.90,21.60,21.10,25.60,24.70,24.00,21.40,20.80,23.20,24.30,20.00,24.80,25.50,20.70,23.70,20.60,24.10,23.00,24.70,24.00,22.40,22.50,21.70,21.20,22.30,20.50,21.80,21.00,25.30,20.30,23.70,21.30,25.10,23.00,23.10,23.90,24.80,25.20,24.00,20.00,22.10,23.80,22.40,25.10,22.10,24.90,24.60,23.40
TLM_RCV,-68,FG-ALPHA,1713170092,AUTO,2,34.10,5.00,-85,88.10,8.02,3.31,4.98,1078,620,124,338,22.29,1013.10,11.90,405.70,1,1713170041,GSN-01,-88,24.30,75.30,43,0,0,7.79,84,21.30,22.00,21.50,21.30,21.10,21.20,23.80,23.40,25.80,20.60,21.80,24.60,25.70,25.90,24.90,23.40,24.00,20.60,24.90,23.10,20.90,24.20,24.00,20.80,23.50,20.20,24.90,25.60,23.00,23.90,23.20,21.20,22.10,25.20,25.30,24.80,21.20,21.60,20.10,23.30,20.10,23.20,22.50,25.10,24.50,20.20,20.40,23.00,23.10,23.70,21.60,22.30,22.40,20.80,23.60,21.90,21.70,23.20,21.70,22.60,22.90,22.70,21.30,25.00
TLM_RCV,-47,FG-ALPHA,1713170093,AUTO,2,32.03,5.00,-85,88.04,8.02,3.29,4.99,0,607,115,344,23.03,1013.00,12.00,406.00,1,1713170079,GSN-01,-76,25.60,78.70,40,0,0,7.79,84,22.80,22.50,23.10,22.30,22.00,22.70,25.20,21.40,23.60,23.30,73.70,23.00,22.70,22.60,24.30,21.30,25.60,20.60,22.80,21.00,24.90,24.00,21.80,20.10,25.10,21.90,23.00,24.10,25.80,23.40,20.30,22.10,21.30,22.70,21.70,21.30,24.10,21.40,25.30,21.90,23.60,21.00,23.40,25.50,20.70,25.50,21.10,23.10,23.90,25.90,24.90,24.50,23.10,21.40,20.00,23.20,23.50,23.40,22.80,24.30,22.00,21.30,25.90,25.10
TLM_RCV,-46,FG-ALPHA,1713170094,AUTO,2,34.13,5.00,-85,88.09,8.02,3.28,4.97,1182,626,130,347,22.78,1013.10,12.00,404.80,1,1713170084,GSN-01,-93,25.40,81.80,48,0,0,7.82,85,24.00,21.20,22.30,20.50,24.00,25.00,25.00,21.70,20.10,20.00,25.30,20.80,21.40,20.80,25.90,25.20,20.10,21.00,25.00,22.70,20.00,24.60,21.80,25.60,24.10,21.80,23.50,22.30,21.60,24.80,22.60,20.80,22.20,22.90,24.50,20.40,24.70,20.70,20.80,21.20,23.90,25.00,20.90,21.60,22.50,24.70,24.40,25.20,25.20,21.30,21.00,25.40,23.00,22.90,21.30,21.40,22.70,25.50,20.50,23.80,23.40,23.50,20.60,24.50
TLM_RCV,-49,FG-ALPHA,1713170095,AUTO,2,31.61,5.00,-85,88.04,8.03,3.28,4.98,0,523,106,277,22.61,1013.50,12.10,405.10,1,1713170037,GSN-01,-77,25.30,81.10,46,0,0,7.79,85,20.40,23.10,23.90,23.80,24.00,25.70,23.30,23.80,21.00,22.30,25.90,24.90,23.60,23.10,25.80,22.80,23.40,22.10,25.30,81.60,23.30,25.70,23.50,20.70,20.20,25.50,22.90,24.80,21.80,23.10,24.40,24.00,22.90,22.80,21.80,23.80,25.50,23.30,21.90,23.80,25.30,21.00,23.20,23.50,25.70,23.00,25.70,20.40,23.60,21.00,22.60,22.10,21.40,21.60,21.70,20.60,23.70,21.60,24.20,24.80,25.20,22.10,22.50,20.30
TLM_RCV,-51,FG-ALPHA,1713170096,AUTO,2,32.71,5.00,-85,88.07,8.03,3.29,4.90,815,542,101,298,21.36,1013.10,11.80,405.30,1,1713170055,GSN-01,-81,23.40,81.10,47,0,0,7.80,85,20.00,24.20,24.50,23.60,22.70,22.40,22.60,24.40,20.60,22.30,23.90,25.20,24.70,20.00,20.10,23.90,20.20,23.10,24.20,25.40,21.50,23.00,21.90,25.70,25.40,24.70,24.10,25.90,20.90,21.30,23.20,21.10,22.30,24.80,23.50,24.80,20.30,23.00,24.00,23.30,21.10,22.20,20.50,25.50,22.00,24.10,22.90,20.10,25.70,25.60,24.10,24.40,20.40,23.70,22.60,21.40,22.00,21.90,23.40,20.40,23.40,23.90,22.70,22.90
TLM_RCV,-93,FG-ALPHA,1713170097,AUTO,2,31.55,5.00,-85,88.02,8.04,3.31,4.99,0,509,102,267,22.55,1012.80,11.90,404.50,1,1713170044,GSN-01,-92,23.60,73.80,49,0,0,7.79,84,20.80,21.30,21.40,24.10,23.00,21.50,22.60,24.10,23.50,20.20,23.40,23.10,23.90,23.70,20.80,20.80,21.90,21.50,21.20,22.70,21.40,21.90,25.20,23.70,22.80,20.00,21.60,25.50,20.70,21.50,24.70,24.00,21.40,21.40,24.00,23.70,24.70,24.40,24.90,22.80,22.40,20.50,23.80,21.10,25.50,25.90,23.40,22.20,24.70,22.70,21.00,25.10,25.00,22.50,21.40,20.10,21.80,22.10,22.90,20.00,23.80,25.10,21.10,23.00
TLM_RCV,-42,FG-ALPHA,1713170098,AUTO,2,31.53,5.00,-85,88.07,8.04,3.31,4.94,1009,506,103,262,22.51,1013.20,11.90,405.90,1,1713170079,GSN-01,-81,23.20,74.00,40,0,0,7.82,85,21.40,23.10,22.70,24.00,20.30,21.70,25.10,22.10,22.80,20.20,20.00,21.80,23.20,20.00,25.60,22.10,25.50,20.10,22.10,23.10,21.80,22.40,21.80,21.50,23.40,21.50,23.10,20.70,22.60,21.10,21.90,22.00,22.30,22.30,21.00,20.60,20.20,25.40,21.30,23.80,21.50,25.00,25.60,23.20,22.90,21.10,22.50,20.50,21.90,22.00,23.60,25.80,22.90,20.70,22.00,24.80,23.40,21.20,23.50,24.80,22.50,22.20,23.10,25.40
TLM_RCV,-57,FG-ALPHA,1713170099,AUTO,2,31.83,5.00,-85,88.10,8.03,3.30,4.90,893,565,119,295,21.64,1012.70,12.00,405.10,1,1713170054,GSN-01,-95,24.60,80.10,47,0,0,7.78,84,23.90,24.30,24.80,25.00,24.50,20.20,24.80,22.30,23.30,24.10,23.90,20.00,21.80,25.10,22.40,20.60,21.70,24.00,25.90,24.80,24.50,20.10,24.50,21.10,22.30,20.30,23.10,21.00,23.20,24.50,25.80,20.60,20.20,24.00,22.90,22.40,23.60,25.20,25.50,24.70,25.90,20.90,21.70,22.50,73.70,23.10,21.90,22.70,22.40,20.50,24.70,22.10,22.20,23.60,25.60,20.80,20.50,24.40,21.90,25.30,21.30,20.50,25.20,22.40
TLM_RCV,-64,FG-ALPHA,1713170100,AUTO,2,34.13,5.00,-85,88.13,8.02,3.29,4.99,928,625,140,334,21.51,1013.10,11.90,406.00,1,1713170048,GSN-01,-77,24.50,76.50,42,0,1,7.82,85,23.40,25.70,20.80,20.10,23.30,21.40,21.60,24.10,20.20,24.30,24.60,25.80,25.20,23.00,22.10,24.30,24.30,20.90,25.00,20.00,25.00,25.10,25.80,20.00,23.20,21.80,22.20,22.70,24.90,21.90,23.30,24.30,20.20,21.80,24.60,23.70,23.20,21.80,24.60,24.10,22.90,20.00,21.40,24.60,23.20,20.60,22.50,25.50,21.20,22.90,21.70,20.80,23.50,25.00,21.80,25.40,25.60,23.80,24.90,20.00,25.90,20.80,20.40,22.60
TLM_RCV,-52,FG-ALPHA,1713170101,AUTO,2,33.74,5.00,-85,88.19,8.03,3.30,4.97,1118,549,133,274,22.84,1012.70,11.90,405.30,1,1713170052,GSN-01,-76,24.00,73.20,47,0,0,7.79,85,21.90,20.10,23.00,23.20,21.00,25.50,22.10,21.30,23.40,22.40,21.50,25.00,20.00,23.20,21.90,20.40,20.70,21.80,24.40,22.70,20.30,21.50,24.50,21.30,23.10,22.90,20.50,20.80,23.80,25.00,20.70,25.40,23.70,24.40,22.10,25.10,24.50,25.30,22.30,21.20,25.10,22.70,23.00,21.80,20.60,24.50,23.50,24.90,21.70,22.70,21.90,25.10,25.40,21.50,24.30,25.30,21.90,24.70,25.00,25.80,25.20,21.30,25.70,20.40
TLM_RCV,-48,FG-ALPHA,1713170102,AUTO,2,34.04,5.00,-85,88.24,8.03,3.31,4.91,1138,609,144,309,22.65,1013.30,11.80,405.40,1,1713170047,GSN-01,-94,24.40,74.50,48,0,0,7.81,84,25.50,24.00,23.90,23.70,23.50,21.10,21.00,21.90,22.50,23.90,23.10,25.50,24.90,22.60,20.40,24.30,21.10,20.50,21.90,25.20,23.10,22.40,24.90,25.30,24.30,20.30,22.40,25.20,22.70,21.90,23.90,25.20,23.00,24.30,22.50,23.30,21.20,23.80,25.50,20.20,23.30,25.50,23.50,20.60,23.70,24.40,24.40,22.70,21.40,21.00,23.60,21.50,22.00,22.30,20.20,20.70,23.50,24.60,23.90,22.50,23.90,20.30,24.70,24.90
TLM_RCV,-48,FG-ALPHA,1713170103,AUTO,2,32.74,5.00,-85,88.28,8.04,3.31,4.96,975,547,145,251,22.14,1012.70,12.00,406.10,1,1713170058,GSN-01,-78,24.70,83.10,48,0,0,7.80,85,21.70,21.80,25.00,22.80,20.90,21.00,20.70,20.50,22.40,22.20,25.80,20.40,22.00,21.70,21.00,20.30,25.20,22.70,22.30,23.90,23.70,21.10,24.90,20.60,23.60,22.60,24.60,25.50,22.20,22.60,22.90,20.90,24.60,20.10,22.90,23.40,20.60,25.50,20.60,21.00,21.70,25.30,24.60,25.90,21.10,25.10,22.00,20.50,25.70,23.40,20.50,22.50,23.80,24.10,21.50,20.10,22.60,20.00,24.40,24.40,23.10,20.40,22.60,20.00
TLM_RCV,-63,FG-ALPHA,1713170104,AUTO,2,32.02,5.00,-85,88.31,8.03,3.28,4.93,849,604,110,340,21.23,1013.50,12.00,405.40,1,1713170052,GSN-01,-76,24.80,81.40,45,0,1,7.81,84,25.30,23.80,24.60,24.20,25.70,24.20,23.90,24.60,25.00,20.20,20.60,25.30,24.70,23.80,25.80,25.50,21.30,24.30,20.80,21.10,20.40,23.60,22.20,24.30,22.80,24.10,24.90,23.70,24.10,25.90,25.70,22.80,23.50,23.40,20.00,20.50,25.80,21.00,22.10,21.00,20.90,21.60,24.40,25.30,24.60,22.90,24.20,24.40,20.00,23.40,23.40,24.10,22.00,21.40,20.20,21.00,21.00,22.40,25.20,23.20,20.30,23.00,23.90,23.90
TLM_RCV,-65,FG-ALPHA,1713170105,AUTO,2,31.86,5.00,-85,88.25,8.03,3.29,4.96,0,573,125,302,22.86,1013.10,12.00,406.20,1,1713170050,GSN-01,-74,24.80,73.20,43,0,0,7.79,85,24.60,24.90,21.40,23.20,25.10,25.90,20.60,23.30,21.50,24.40,22.00,22.50,25.10,20.70,25.10,25.80,22.70,25.30,25.50,24.80,23.60,20.80,24.30,22.20,20.70,20.00,25.70,24.90,23.20,22.60,23.00,25.60,20.70,20.30,20.60,23.10,22.60,22.40,21.70,22.30,25.80,21.80,24.80,24.60,24.80,23.60,21.30,20.00,20.60,25.80,21.90,21.00,24.60,22.90,21.90,20.00,22.00,21.50,20.50,22.40,25.30,20.80,24.30,20.30
TLM_RCV,-62,FG-ALPHA,1713170106,AUTO,2,32.74,5.00,-85,88.31,8.04,3.31,4.93,1129,549,101,307,22.90,1012.70,11.90,406.30,1,1713170096,GSN-01,-95,24.70,81.50,47,0,0,7.78,84,24.90,23.30,25.20,23.40,20.80,21.30,25.60,25.80,25.60,21.50,20.00,24.30,24.10,21.60,23.20,81.00,20.40,25.40,21.00,21.00,22.70,23.80,24.60,22.00,25.00,20.10,21.50,20.90,25.90,25.70,25.90,20.10,23.50,20.00,20.00,25.80,24.40,22.10,21.90,21.50,22.30,20.20,23.90,20.10,21.10,24.80,25.50,24.40,22.00,20.70,24.50,20.50,21.00,21.60,24.80,24.50,22.10,23.30,23.30,23.00,25.40,23.90,25.50,25.30
TLM_RCV,-42,FG-ALPHA,1713170107,AUTO,2,33.88,5.00,-85,88.35,8.03,3.31,4.97,934,575,136,296,21.80,1013.10,12.10,405.40,1,1713170070,GSN-01,-86,24.50,82.90,42,0,0,7.79,84,20.70,21.30,23.30,20.70,21.00,20.90,24.70,20.80,22.10,22.50,22.10,22.40,20.00,20.40,20.70,25.50,21.90,23.30,21.50,21.20,22.50,20.30,24.00,23.10,21.90,25.10,22.80,22.40,22.40,21.00,22.30,24.90,23.10,25.20,21.40,22.50,20.50,24.60,24.60,25.60,20.10,25.40,25.80,23.90,22.60,23.60,21.40,21.30,20.60,21.80,21.00,25.20,22.90,23.00,20.70,25.80,25.20,25.10,21.70,22.80,20.10,22.90,20.00,24.30
TLM_RCV,-67,FG-ALPHA,1713170108,AUTO,2,31.83,5.00,-85,88.39,8.04,3.30,4.92,1039,566,130,282,22.36,1013.40,11.80,405.70,1,1713170091,GSN-01,-74,23.00,80.70,43,0,0,7.78,84,23.60,23.30,22.10,20.20,25.80,20.70,22.30,20.00,22.50,22.50,22.50,21.10,20.90,21.50,22.40,23.40,20.90,23.00,22.40,20.80,22.00,21.90,23.20,22.30,20.40,23.30,22.50,22.10,23.90,24.10,20.60,25.50,22.90,22.40,22.10,21.50,20.20,21.40,25.30,24.30,20.50,21.00,24.30,24.70,23.40,23.70,21.10,20.20,23.80,20.70,20.40,23.20,25.90,24.50,23.90,23.30,21.10,21.90,21.90,22.40,25.00,21.90,21.80,25.80
TLM_RCV,-91,FG-ALPHA,1713170109,AUTO,2,31.89,5.00,-85,88.45,8.04,3.30,4.99,1165,578,121,317,22.93,1012.90,12.00,404.70,1,1713170083,GSN-01,-87,23.10,78.60,42,0,0,7.81,85,22.40,23.90,22.40,20.80,22.50,25.30,20.90,20.50,23.60,21.50,20.00,20.00,25.80,24.10,21.70,25.00,24.80,21.70,23.20,20.40,24.10,24.80,23.20,23.50,25.30,20.70,23.20,20.10,23.90,21.30,22.20,24.90,23.60,25.80,21.50,21.70,23.00,25.00,24.20,22.70,23.10,25.90,23.70,22.20,23.30,21.80,23.10,25.00,23.70,22.10,23.20,21.70,25.40,25.10,24.80,22.30,24.10,23.50,24.50,21.40,23.00,22.50,20.70,21.40
TLM_RCV,-85,FG-ALPHA,1713170110,AUTO,2,31.81,5.00,-85,88.51,8.04,3.28,4.90,1117,561,132,289,22.78,1013.10,11.90,404.50,1,1713170095,GSN-01,-75,24.10,79.80,49,0,0,7.79,85,24.30,21.70,23.70,23.60,25.30,20.10,25.10,20.80,21.70,20.80,24.20,25.80,22.60,22.00,23.60,23.80,21.00,22.30,21.90,23.60,23.60,23.20,25.70,20.50,21.40,23.10,22.60,22.60,22.30,23.30,22.70,22.00,21.20,20.50,24.90,21.10,25.90,24.30,25.50,23.80,21.50,22.70,24.00,22.90,20.00,25.50,23.80,24.10,23.60,22.20,21.60,24.10,25.70,20.30,23.50,20.50,23.10,24.10,25.10,20.50,24.90,25.10,23.80,21.20
TLM_RCV,-48,FG-ALPHA,1713170111,AUTO,2,32.08,5.00,-85,88.45,8.03,3.31,4.90,0,617,130,338,23.08,1013.50,12.00,406.30,1,1713170055,GSN-01,-77,23.20,80.50,41,0,0,7.80,85,23.80,21.60,24.80,21.20,20.70,23.90,23.80,22.20,23.60,22.30,23.90,21.00,21.80,23.50,20.80,23.20,24.20,21.20,21.30,21.10,24.00,23.60,20.90,20.20,20.90,23.50,22.20,21.90,21.90,25.40,20.50,23.80,23.90,22.80,21.40,20.30,23.60,20.50,20.30,24.40,25.80,22.20,25.80,21.70,20.90,20.00,21.80,20.60,21.20,22.50,24.30,21.90,25.20,25.10,22.40,21.70,22.80,24.90,22.10,21.50,20.80,21.20,25.30,25.60
TLM_RCV,-75,FG-ALPHA,1713170112,AUTO,2,33.63,5.00,-85,88.49,8.04,3.31,4.95,928,526,118,261,22.01,1012.90,11.90,405.60,1,1713170076,GSN-01,-95,23.00,80.00,48,0,0,7.82,85,83.00,22.40,24.70,21.70,24.30,20.30,20.50,21.90,22.30,22.10,24.40,20.20,24.20,25.60,21.30,23.20,21.40,22.60,20.80,21.00,23.10,22.00,25.70,24.10,21.40,22.60,20.90,23.50,25.70,24.40,25.90,22.20,23.60,22.80,20.70,25.10,24.50,25.80,24.40,20.40,22.80,24.80,20.20,21.60,21.20,25.90,21.80,21.20,25.10,20.80,21.20,22.20,23.30,20.20,25.10,23.50,24.40,25.90,20.90,23.10,22.20,24.30,25.20,21.60
TLM_RCV,-91,FG-ALPHA,1713170113,AUTO,2,33.63,5.00,-85,88.52,8.05,3.29,4.98,881,527,115,267,21.77,1012.70,12.10,404.60,1,1713170097,GSN-01,-92,24.00,76.90,43,0,0,7.79,84,24.70,25.10,24.40,24.70,24.20,24.00,24.50,24.50,22.70,23.60,22.50,21.10,24.60,25.50,21.20,22.50,21.70,22.40,24.00,22.60,24.60,21.60,22.60,24.20,23.50,23.70,21.50,22.30,25.50,22.80,20.80,25.50,24.50,24.10,21.40,24.90,20.80,23.60,23.30,22.90,24.90,21.10,22.90,24.90,22.50,23.70,23.30,23.40,20.90,25.00,25.00,23.90,25.10,25.80,21.70,20.40,20.60,20.00,24.60,21.60,22.70,24.20,25.70,20.30
TLM_RCV,-45,FG-ALPHA,1713170114,AUTO,2,33.84,5.00,-85,88.55,8.04,3.31,4.91,820,568,120,294,21.26,1013.20,12.00,406.40,1,1713170055,GSN-01,-74,25.00,73.20,40,0,0,7.80,84,24.60,21.90,20.40,23.80,20.80,24.20,23.10,24.30,22.70,25.30,23.20,24.20,24.70,25.30,24.30,20.50,76.90,25.30,21.50,21.00,20.20,23.50,20.30,20.80,23.10,21.90,24.70,22.80,22.20,21.60,23.50,21.10,21.90,23.60,24.80,22.10,25.60,22.20,24.70,23.30,23.90,23.10,21.70,21.40,20.20,21.30,24.60,20.80,22.00,22.60,24.00,23.80,22.30,25.60,23.70,21.80,23.00,21.20,21.70,21.80,23.40,24.10,22.90,22.90
TLM_RCV,-68,FG-ALPHA,1713170115,AUTO,2,32.60,5.00,-85,88.60,8.05,3.28,4.99,1022,521,118,255,22.50,1012.80,11.90,405.60,1,1713170079,GSN-01,-92,23.30,83.00,47,0,0,7.79,84,24.40,21.60,25.00,25.60,25.30,22.90,22.70,20.60,24.80,25.20,24.90,23.40,21.30,22.90,25.20,20.20,24.20,20.50,23.40,23.40,22.70,22.60,23.10,22.20,25.00,23.50,22.80,23.20,20.80,23.40,21.70,25.40,24.20,21.80,23.60,21.10,24.60,21.10,21.90,21.30,25.80,24.70,20.40,22.30,25.70,25.00,25.80,24.20,20.10,22.50,22.00,23.40,20.60,24.80,21.30,23.70,24.40,25.10,25.50,21.20,25.40,25.50,24.50,25.90
TLM_RCV,-78,FG-ALPHA,1713170116,AUTO,2,33.92,5.00,-85,88.62,8.04,3.31,4.97,859,584,125,310,21.37,1013.10,11.80,406.10,1,1713170087,GSN-01,-72,25.50,75.70,42,0,0,7.78,84,21.50,20.50,24.50,23.60,21.40,21.10,22.30,23.90,25.90,24.10,20.90,25.00,23.20,24.10,22.50,20.80,25.50,23.30,25.90,24.20,20.20,25.50,23.80,20.30,20.30,24.40,23.30,21.50,21.40,21.50,25.90,22.70,25.10,20.80,21.30,21.00,23.40,24.50,22.00,24.60,24.90,21.70,20.70,20.80,24.90,20.80,21.30,22.60,24.40,20.90,20.40,21.60,23.00,25.40,22.70,24.80,23.20,22.30,21.60,23.60,22.20,22.70,23.30,21.10
TLM_RCV,-79,FG-ALPHA,1713170117,AUTO,2,31.67,5.00,-85,88.68,8.05,3.31,4.91,1132,533,134,252,22.99,1012.70,12.10,406.00,1,1713170085,GSN-01,-90,23.00,78.80,42,0,0,7.78,84,24.50,22.60,24.80,22.80,23.20,22.70,21.80,25.10,25.50,20.70,24.80,21.70,23.10,23.90,25.20,25.10,21.90,22.00,23.80,20.80,23.10,23.90,24.40,21.20,20.90,21.50,25.00,25.10,23.70,22.60,24.00,22.20,20.50,20.00,24.90,20.00,21.90,25.20,23.20,24.00,22.40,25.80,25.30,24.40,25.00,23.20,20.20,20.60,20.10,24.40,24.00,24.10,21.30,20.10,25.90,21.60,23.00,21.30,22.40,22.40,21.50,24.00,22.20,23.20
TLM_RCV,-74,FG-ALPHA,1713170118,AUTO,2,32.09,5.00,-85,88.72,8.04,3.28,4.95,1028,618,128,335,22.05,1012.80,11.80,405.40,1,1713170095,GSN-01,-94,25.00,75.30,40,0,1,7.82,84,22.80,24.10,24.80,21.30,22.30,24.60,25.50,23.70,20.80,23.30,20.00,24.90,21.10,23.70,25.20,23.40,25.60,20.10,20.90,20.60,23.10,22.40,24.50,23.00,20.00,20.40,22.60,22.10,21.20,25.50,25.60,24.30,25.60,22.70,24.40,22.10,24.90,24.90,23.50,24.60,22.30,23.30,20.30,23.10,25.70,23.60,25.00,24.80,23.00,22.50,24.00,23.50,22.80,21.50,22.20,23.60,21.80,20.80,23.00,21.50,21.10,25.50,25.80,22.40
TLM_RCV,-55,FG-ALPHA,1713170119,AUTO,2,33.12,5.00,-85,88.76,8.04,3.29,4.97,995,624,147,333,21.85,1013.30,11.90,404.60,1,1713170065,GSN-01,-82,25.70,75.10,48,0,0,7.81,85,24.70,20.00,20.20,21.80,22.80,24.60,22.60,25.80,24.60,23.50,22.20,20.70,22.60,25.90,20.90,20.30,20.90,25.20,24.10,22.10,22.50,23.60,20.30,21.90,20.00,20.20,25.60,23.50,22.10,21.70,24.10,24.70,20.50,25.80,24.30,21.30,20.80,87.90,21.20,25.60,23.10,21.20,23.00,25.40,20.60,20.90,20.30,21.70,21.00,20.40,21.30,25.90,24.90,22.50,22.70,20.70,22.40,25.10,24.20,23.70,20.50,22.10,25.90,24.20
TLM_RCV,-50,FG-ALPHA,1713170120,AUTO,2,33.13,5.00,-85,88.79,8.04,3.31,4.97,908,625,131,342,21.42,1013.40,11.80,405.20,1,1713170109,GSN-01,-74,25.80,80.10,47,0,0,7.81,84,22.80,23.80,20.70,24.90,23.60,22.80,23.90,23.60,22.30,23.00,25.50,24.40,20.20,20.70,24.40,21.00,21.10,24.50,23.30,20.60,22.80,20.90,24.20,24.00,23.30,24.90,24.50,20.60,25.60,21.80,25.70,23.50,23.20,23.50,21.40,23.60,22.70,21.60,20.10,25.10,23.30,24.40,22.70,21.10,21.70,24.00,20.40,23.40,21.10,23.90,22.70,20.10,21.70,22.20,21.10,20.40,21.40,25.00,21.70,23.20,20.40,21.10,22.10,21.10
TLM_RCV,-60,FG-ALPHA,1713170121,AUTO,2,31.60,5.00,-85,88.82,8.05,3.28,4.98,826,521,109,264,21.52,1013.00,12.00,405.60,1,1713170064,GSN-01,-84,25.10,74.80,40,0,0,7.79,84,21.70,25.40,24.70,21.60,21.00,20.40,25.30,25.20,23.20,20.70,21.30,23.30,21.30,25.30,22.10,25.10,20.00,23.50,25.00,25.10,20.00,22.20,23.20,23.80,23.00,25.60,20.90,24.40,23.30,25.40,20.30,25.50,20.10,24.80,21.00,24.80,25.80,25.60,22.70,24.60,24.60,24.50,24.20,23.20,20.70,22.20,20.50,25.90,25.60,23.20,22.20,25.90,21.20,23.40,24.00,22.30,25.80,24.10,21.20,24.80,24.30,21.40,23.20,22.80
TLM_RCV,-45,FG-ALPHA,1713170122,AUTO,2,31.98,5.00,-85,88.86,8.04,3.31,4.92,1024,595,107,332,22.15,1013.60,12.10,406.40,1,1713170072,GSN-01,-85,23.90,80.40,42,0,0,7.78,85,22.50,23.50,25.90,20.50,24.80,25.90,20.70,20.70,23.90,23.30,20.80,20.50,24.80,21.90,21.60,20.30,25.70,20.90,20.30,23.20,25.10,22.00,21.10,23.60,25.10,20.20,21.80,23.90,22.80,23.60,20.30,22.80,22.40,23.40,72.90,21.50,22.40,22.10,25.10,24.90,24.40,21.70,21.60,21.00,20.40,22.40,23.80,23.10,23.00,23.30,21.10,25.50,24.10,24.10,22.80,20.30,23.10,22.10,25.90,20.50,21.00,21.70,20.00,21.10
TLM_RCV,-90,FG-ALPHA,1713170123,AUTO,2,32.65,5.00,-85,88.89,8.05,3.30,4.92,817,530,120,263,21.43,1013.10,12.00,406.40,1,1713170098,GSN-01,-75,23.80,73.70,40,0,0,7.81,84,21.70,23.60,24.00,24.00,20.10,25.40,22.00,22.60,22.20,22.20,22.20,23.70,23.40,20.40,23.80,22.30,21.20,21.50,24.50,23.00,23.90,21.70,25.00,21.20,23.60,21.40,24.30,25.10,22.30,24.60,21.10,20.90,24.30,20.50,22.40,22.10,21.70,21.60,22.70,24.00,21.00,20.50,25.50,24.80,20.60,24.80,23.70,24.70,24.80,21.40,20.70,20.40,22.80,22.50,25.50,20.10,20.40,21.30,24.10,23.60,25.80,25.70,22.80,20.10
TLM_RCV,-92,FG-ALPHA,1713170145,AUTO,2,32.10,5.00,-85,90.06,8.07,3.30,4.92,0,621,148,328,23.10,1012.90,12.10,404.80,1,1713170119,GSN-01,-88,23.90,81.50,47,0,0,7.79,84,20.00,20.10,21.90,23.50,24.90,24.70,25.40,25.50,24.70,24.90,20.70,22.60,25.70,24.40,24.00,23.60,24.70,21.20,23.20,21.90,22.00,23.80,23.40,25.50,20.20,20.70,24.10,23.80,23.90,24.70,22.20,22.30,23.60,20.80,22.30,22.00,21.00,23.90,24.40,23.10,25.20,24.80,20.20,24.00,25.00,25.70,20.10,20.60,20.80,23.40,23.80,25.60,24.50,24.00,22.00,24.30,21.60,23.20,23.10,22.40,20.90,23.30,25.50,22.60
TLM_RCV,-58,FG-ALPHA,1713170146,AUTO,2,33.80,5.00,-85,90.01,8.08,3.28,4.91,0,560,142,277,22.80,1013.40,12.10,405.30,1,1713170129,GSN-01,-90,23.80,78.40,41,1,0,7.78,85,23.10,22.90,21.40,20.20,23.30,25.80,23.30,24.90,23.00,23.80,20.90,21.20,21.70,21.80,23.60,22.20,24.20,25.30,24.80,22.90,22.10,21.60,23.00,20.20,23.10,22.40,23.50,24.60,21.70,21.60,22.40,23.90,25.50,22.60,24.60,23.50,21.50,25.00,23.40,25.80,25.90,22.00,25.10,20.10,21.30,21.40,24.60,20.40,25.90,22.50,21.20,20.80,24.80,22.00,22.50,22.70,22.80,22.60,21.90,21.70,23.70,23.30,25.70,25.80
TLM_RCV,-55,FG-ALPHA,1713170147,AUTO,2,32.05,5.00,-85,89.94,8.07,3.30,4.93,0,610,132,328,23.05,1013.00,11.80,406.30,1,1713170124,GSN-01,-73,24.40,74.40,40,0,0,7.81,84,25.00,24.90,22.70,24.70,21.20,22.90,23.70,21.60,24.20,20.70,20.60,24.00,24.20,22.20,20.90,22.70,22.60,24.30,24.80,20.50,21.90,20.30,20.30,23.70,20.30,20.60,25.30,20.20,20.10,22.20,22.10,20.20,21.60,24.60,25.70,25.20,20.00,20.60,24.30,25.10,23.40,21.80,22.50,24.70,20.20,25.80,24.40,24.20,24.50,23.50,25.50,23.80,25.20,20.10,25.10,25.50,23.60,25.50,20.90,22.00,21.70,25.90,24.70,24.80
TLM_RCV,-89,FG-ALPHA,1713170148,AUTO,2,33.78,5.00,-85,89.98,8.08,3.30,4.90,912,556,134,275,21.78,1012.70,11.80,406.10,1,1713170122,GSN-01,-95,23.40,82.90,46,0,0,7.82,85,23.70,23.80,22.90,23.80,21.40,25.80,25.70,20.90,23.20,24.60,23.10,20.30,22.50,20.00,21.60,21.20,24.80,20.30,20.50,22.40,24.50,22.70,20.90,23.10,25.80,25.60,22.20,24.20,24.90,20.10,22.40,24.20,25.70,22.00,25.50,21.00,23.30,20.80,25.40,22.20,20.80,20.30,21.40,25.80,25.80,21.70,23.20,24.10,22.80,25.50,22.90,23.10,21.40,25.90,24.90,21.60,21.90,21.50,23.80,20.00,23.30,25.70,21.50,25.60
TLM_RCV,-64,FG-ALPHA,1713170149,AUTO,2,32.76,5.00,-85,90.01,8.08,3.30,4.92,870,552,110,299,21.59,1012.80,11.80,405.80,1,1713170116,GSN-01,-91,24.00,81.30,44,0,0,7.80,84,24.70,23.00,24.50,25.40,25.00,24.20,23.10,21.20,21.50,21.40,24.80,24.50,88.30,24.00,21.10,21.80,23.60,25.20,20.80,25.00,25.20,24.80,25.20,20.50,22.10,22.40,23.20,24.60,20.90,22.70,25.90,22.50,25.80,20.00,23.40,21.70,22.20,20.30,20.30,25.60,22.20,22.80,22.00,25.90,20.30,20.60,24.10,25.80,22.00,20.40,23.80,24.80,20.40,22.90,22.00,21.00,20.00,21.40,23.00,21.40,22.20,24.50,21.70,21.30
TLM_RCV,-94,FG-ALPHA,1713170150,AUTO,2,33.97,5.00,-85,90.05,8.07,3.30,4.97,939,593,147,295,21.73,1012.70,12.00,405.50,1,1713170105,GSN-01,-77,23.70,76.60,45,0,0,7.82,84,22.50,20.00,21.30,20.10,20.00,22.90,20.30,24.50,22.30,25.40,21.10,23.50,22.00,23.40,21.30,23.00,24.70,21.30,21.70,20.30,24.80,24.60,22.50,24.10,21.00,22.90,22.80,24.70,20.30,22.20,24.60,22.90,25.80,24.60,21.30,22.00,22.80,20.70,23.90,25.60,25.40,23.40,25.40,24.30,25.50,24.50,23.10,20.10,24.10,25.40,21.10,21.90,22.70,23.60,25.10,24.90,20.60,20.50,24.80,22.90,24.80,81.80,21.30,25.70
TLM_RCV,-57,FG-ALPHA,1713170151,AUTO,2,32.65,5.00,-85,90.11,8.08,3.29,4.97,1142,530,120,265,23.06,1012.90,12.00,405.70,1,1713170115,GSN-01,-92,25.80,74.30,45,0,0,7.81,84,25.20,24.40,22.30,24.10,23.50,24.90,25.80,21.60,20.70,22.00,21.10,25.10,22.40,23.70,24.90,21.30,22.90,23.90,25.50,20.70,23.40,22.50,23.60,22.90,22.90,25.90,24.90,25.40,24.40,22.60,23.10,22.90,21.70,22.70,20.80,23.70,24.90,22.70,20.90,21.40,24.70,24.10,24.30,24.60,21.60,22.10,21.40,24.40,23.40,24.10,22.30,20.80,20.80,22.70,23.40,20.10,24.10,21.60,24.10,24.50,21.40,23.90,23.60,24.40
TLM_RCV,-77,FG-ALPHA,1713170152,AUTO,2,32.67,5.00,-85,90.15,8.08,3.28,4.95,925,535,131,252,21.95,1013.40,11.90,404.80,1,1713170137,GSN-01,-83,25.80,78.50,49,0,1,7.82,85,24.70,24.60,23.80,25.10,22.00,23.30,20.20,21.70,23.10,25.70,21.80,23.40,25.70,24.00,24.70,22.30,24.40,24.90,24.30,25.20,23.00,22.50,22.20,20.00,23.90,21.30,24.40,23.90,24.70,20.60,25.70,20.10,25.20,23.90,23.50,25.90,24.80,24.50,25.00,20.20,22.10,22.20,24.80,25.90,23.30,24.80,20.50,21.40,22.90,24.20,24.70,25.70,24.00,24.80,20.60,23.50,23.70,20.20,21.00,22.50,22.60,22.80,24.40,21.50
TLM_RCV,-84,FG-ALPHA,1713170153,AUTO,2,34.03,5.00,-85,90.09,8.07,3.30,4.97,0,606,121,333,23.03,1013.40,11.80,405.60,1,1713170143,GSN-01,-93,24.30,78.30,47,0,0,7.82,85,25.90,21.50,24.60,21.90,24.60,25.60,24.20,25.40,24.50,20.50,21.80,20.00,21.30,22.70,23.80,21.10,20.00,23.70,24.20,23.60,21.80,24.90,21.60,22.10,24.30,20.50,25.10,22.50,25.40,22.80,23.00,20.00,25.80,23.60,20.70,25.10,24.40,24.00,25.00,25.00,22.90,22.00,25.30,24.90,21.30,21.20,24.80,20.30,25.70,22.70,24.80,24.90,24.40,24.10,21.10,24.60,21.00,24.80,20.00,20.30,20.30,21.20,20.30,25.60
TLM_RCV,-51,FG-ALPHA,1713170154,AUTO,2,32.58,5.00,-85,90.14,8.09,3.28,4.93,1102,516,111,253,22.93,1013.50,11.80,405.20,1,1713170134,GSN-01,-94,23.80,77.10,41,0,0,7.78,85,22.20,24.60,25.10,25.60,24.70,25.10,22.80,20.00,25.80,24.70,25.60,25.00,23.80,24.10,23.20,20.30,25.80,20.20,23.30,25.60,20.30,25.10,20.50,25.90,23.40,22.20,22.30,25.30,20.40,20.60,23.30,25.10,22.80,22.00,20.00,21.60,22.10,22.10,24.40,20.50,23.30,21.80,24.70,24.90,21.60,21.00,21.20,22.80,25.50,25.00,20.20,25.60,21.40,20.10,20.30,20.00,23.30,24.00,20.70,20.90,20.60,20.90,21.40,22.90
TLM_RCV,-71,FG-ALPHA,1713170155,AUTO,2,31.52,5.00,-85,90.19,8.09,3.28,4.99,916,505,102,261,22.06,1013.30,12.10,405.30,1,1713170101,GSN-01,-75,24.50,77.20,44,0,0,7.78,84,22.60,20.00,22.40,25.90,20.50,22.20,25.90,21.40,20.60,22.50,24.60,22.60,22.70,24.10,25.40,21.60,21.30,25.00,24.50,24.50,21.90,25.20,22.60,25.20,24.60,22.70,21.20,21.40,21.50,21.00,25.20,24.80,20.10,23.80,23.50,21.10,20.70,24.50,20.90,20.50,23.00,25.70,25.70,22.70,25.80,23.90,23.90,23.00,23.10,23.20,24.10,21.00,20.40,23.30,23.00,23.60,20.50,21.70,25.50,21.30,24.30,21.90,25.60,23.00
TLM_RCV,-80,FG-ALPHA,1713170156,AUTO,2,34.07,5.00,-85,90.12,8.07,3.29,4.96,0,614,133,323,23.07,1012.70,12.00,405.90,1,1713170117,GSN-01,-78,23.60,82.70,45,0,0,7.79,85,22.00,20.50,24.20,25.90,24.40,25.70,23.70,22.30,22.50,23.80,20.70,20.00,22.10,24.80,20.40,20.60,23.70,25.80,25.20,22.90,25.50,25.90,21.60,21.80,24.20,21.20,23.00,23.30,23.60,25.50,21.90,22.70,22.90,20.60,22.90,22.00,21.80,23.60,24.90,22.90,25.50,24.10,22.40,25.10,21.00,23.90,22.40,22.80,24.70,22.70,22.30,22.90,24.30,20.70,25.90,24.70,21.40,22.50,24.70,24.30,20.70,21.70,23.10,24.90
TLM_RCV,-51,FG-ALPHA,1713170157,AUTO,2,31.99,5.00,-85,90.15,8.07,3.31,4.90,817,597,148,293,21.10,1013.30,11.80,406.00,1,1713170143,GSN-01,-83,24.50,81.20,43,0,0,7.79,85,21.30,23.50,21.10,24.80,21.90,20.10,23.30,20.20,21.10,20.50,20.10,22.20,23.60,23.20,20.80,24.70,22.30,20.10,23.90,24.90,25.70,23.60,20.60,20.80,23.10,21.30,24.00,22.90,25.60,22.60,22.80,23.60,21.20,23.80,24.50,23.20,23.60,22.90,20.80,23.40,22.20,24.60,22.30,24.90,23.10,23.00,24.70,21.20,22.40,22.30,20.10,23.50,21.90,21.20,25.70,23.00,21.70,22.90,20.30,21.40,24.50,23.50,20.10,24.20
TLM_RCV,-93,FG-ALPHA,1713170158,AUTO,2,32.92,5.00,-85,90.19,8.08,3.30,4.92,978,585,139,298,21.97,1013.60,11.80,406.40,1,1713170148,GSN-01,-81,23.00,75.50,41,0,0,7.81,85,20.40,25.80,22.10,21.20,20.20,25.70,22.50,24.30,20.50,21.40,22.90,25.70,22.00,20.50,22.60,21.00,25.90,23.50,22.80,24.90,23.20,21.70,24.20,24.40,21.10,21.30,21.80,23.60,25.00,23.60,22.70,23.80,20.90,25.10,22.90,20.80,22.60,23.30,25.10,21.30,24.40,20.50,21.50,22.00,24.10,20.40,89.50,24.80,25.70,20.40,24.40,23.00,20.30,25.10,23.00,22.10,23.40,22.90,20.10,20.40,24.90,22.20,24.30,24.10
TLM_RCV,-79,FG-ALPHA,1713170159,AUTO,2,33.10,5.00,-85,90.12,8.07,3.30,4.92,0,620,146,316,23.10,1013.30,11.80,404.70,1,1713170113,GSN-01,-71,25.60,80.00,42,0,0,7.80,84,25.70,24.90,25.30,25.30,23.90,20.30,24.80,21.90,20.20,22.30,23.80,24.60,24.40,25.50,22.10,21.00,20.90,25.20,22.10,25.60,20.50,22.50,25.30,21.00,24.20,20.90,20.40,25.40,24.70,23.10,21.40,25.30,20.60,20.20,24.20,21.20,22.10,22.00,25.50,21.50,22.40,25.60,21.80,20.50,21.00,23.70,24.40,24.50,24.80,23.40,23.70,20.60,25.30,25.80,21.20,24.30,24.90,23.70,21.50,21.20,21.50,25.90,24.40,21.20
TLM_RCV,-71,FG-ALPHA,1713170160,AUTO,2,32.85,5.00,-85,90.15,8.08,3.28,4.99,814,571,128,297,21.22,1012.70,11.90,405.90,1,1713170141,GSN-01,-94,23.40,80.60,41,0,0,7.80,84,21.40,24.00,22.20,20.90,24.60,22.60,25.30,25.20,21.70,24.10,23.50,24.50,21.80,22.20,21.60,21.50,21.90,23.70,24.60,22.20,22.40,20.60,21.00,25.60,25.50,24.10,22.90,22.80,21.00,25.80,22.40,25.30,23.30,25.50,20.40,25.60,21.40,21.10,23.30,22.30,25.80,20.50,24.40,25.70,23.00,24.00,23.90,20.40,21.00,25.00,23.20,21.70,20.30,25.50,24.30,21.70,22.30,20.10,23.30,20.50,22.30,21.60,22.70,20.10
TLM_RCV,-65,FG-ALPHA,1713170161,AUTO,2,32.77,5.00,-85,90.18,8.08,3.31,4.97,906,554,106,294,21.76,1013.10,11.90,405.30,1,1713170136,GSN-01,-78,25.30,78.20,47,0,0,7.80,84,25.30,24.70,24.40,25.00,21.40,22.50,24.40,23.80,23.50,22.50,21.70,21.30,21.60,25.40,20.40,22.50,23.80,22.50,20.00,20.90,24.40,23.00,24.10,20.20,22.30,21.20,21.30,20.50,20.20,22.60,24.70,22.00,22.50,20.90,21.00,21.90,23.30,22.10,22.70,23.60,20.70,23.80,20.50,23.30,20.50,24.50,24.20,25.20,24.70,25.20,25.80,23.90,22.20,22.70,23.70,20.10,24.20,25.80,24.30,21.40,25.70,21.10,23.80,23.20
TLM_RCV,-47,FG-ALPHA,1713170162,AUTO,2,32.66,5.00,-85,90.24,8.09,3.31,4.90,1077,532,102,271,22.73,1013.20,12.00,404.90,1,1713170145,GSN-01,-76,25.50,82.70,48,0,0,7.78,85,24.40,20.40,25.60,25.00,24.60,21.00,24.80,24.20,24.60,20.10,21.00,24.90,20.70,21.10,25.10,21.20,23.40,23.80,23.50,20.60,20.60,22.20,20.60,24.00,24.50,22.60,20.30,21.50,24.10,23.90,25.90,24.10,20.00,25.20,22.60,24.60,22.50,21.10,25.40,25.80,21.60,24.20,23.60,25.00,24.70,24.90,21.80,24.00,20.50,23.10,20.30,24.10,22.70,24.30,21.80,20.00,23.40,24.80,21.80,25.60,25.00,23.80,21.90,23.40
TLM_RCV,-60,FG-ALPHA,1713170163,AUTO,2,32.92,5.00,-85,90.28,8.08,3.31,4.96,1040,585,115,327,22.27,1012.80,12.00,406.10,1,1713170129,GSN-01,-71,25.70,75.60,48,0,0,7.79,84,21.00,20.40,23.30,24.20,20.10,20.00,25.30,24.10,20.80,25.80,24.60,20.20,20.40,24.50,22.50,22.00,20.60,22.90,20.20,23.30,20.80,20.40,21.00,20.00,22.70,25.00,20.30,25.90,25.60,20.00,20.60,23.80,24.60,22.30,24.20,21.20,23.70,21.40,21.60,21.30,23.70,24.90,22.00,25.70,22.00,21.70,25.20,23.90,25.60,21.30,21.30,20.20,22.50,20.80,21.10,23.40,24.20,20.20,22.30,25.50,23.90,21.80,23.90,22.70
TLM_RCV,-71,FG-ALPHA,1713170164,AUTO,2,33.65,5.00,-85,90.23,8.09,3.28,4.99,0,531,104,287,22.66,1012.70,12.00,404.80,1,1713170127,GSN-01,-91,25.00,82.20,42,0,0,7.80,85,23.90,22.30,21.10,25.40,22.50,21.70,21.30,20.90,23.30,22.90,20.00,21.20,23.70,20.00,20.30,23.10,20.60,23.40,22.80,23.30,22.80,22.90,24.00,21.80,24.00,22.40,24.60,23.90,20.50,21.30,21.20,22.60,23.20,23.30,23.40,22.70,23.20,24.90,23.50,21.30,22.10,21.80,22.90,20.70,22.50,22.70,22.90,25.00,25.20,22.20,25.80,22.70,23.10,25.30,21.20,25.70,22.10,23.50,25.90,22.10,21.90,24.50,22.90,25.50
TLM_RCV,-52,FG-ALPHA,1713170165,AUTO,2,31.97,5.00,-85,90.26,8.08,3.28,4.96,928,594,113,326,21.67,1013.00,12.10,404.80,1,1713170154,GSN-01,-82,24.60,77.40,45,0,0,7.78,85,22.00,25.40,20.70,22.90,23.80,23.60,21.70,24.70,23.90,20.10,23.50,25.80,25.00,22.00,22.40,22.10,22.60,20.60,23.70,21.00,23.30,23.60,20.00,22.60,25.00,25.10,23.60,23.20,20.30,21.20,25.80,24.30,20.80,20.70,23.20,24.90,22.90,23.50,20.50,21.70,24.30,23.30,25.70,20.30,24.20,25.20,21.10,24.80,22.20,21.20,22.80,24.40,24.10,22.70,21.80,20.40,20.30,22.80,22.10,21.70,23.90,23.80,20.80,23.10
TLM_RCV,-47,FG-ALPHA,1713170166,AUTO,2,33.90,5.00,-85,90.31,8.08,3.28,4.96,1003,579,139,292,22.12,1013.00,12.00,405.50,1,1713170135,GSN-01,-90,23.70,74.90,46,0,0,7.80,84,20.70,22.10,25.60,21.00,24.40,20.80,22.30,25.40,23.40,21.60,24.10,20.90,24.00,23.80,24.30,21.80,21.50,24.80,23.60,20.40,23.50,25.50,25.00,24.20,24.70,23.90,24.60,23.20,22.20,24.40,24.80,20.60,22.80,21.10,25.60,20.30,24.60,22.40,22.40,25.10,21.30,20.80,20.90,24.00,21.00,25.60,22.20,20.10,20.50,20.80,25.00,20.60,23.90,21.30,20.80,20.80,24.60,22.00,22.00,20.10,25.60,24.40,22.60,21.10
TLM_RCV,-93,FG-ALPHA,1713170167,AUTO,2,31.88,5.00,-85,90.33,8.08,3.30,4.99,831,576,101,319,21.27,1012.70,12.00,406.20,1,1713170148,GSN-01,-72,23.00,73.30,45,0,0,7.80,85,25.80,25.20,20.80,21.60,21.40,22.20,20.00,23.50,24.70,24.00,20.70,20.50,23.60,21.70,22.50,25.90,21.70,23.50,21.50,25.90,20.60,21.80,21.80,23.20,23.90,23.00,24.90,25.40,23.20,23.60,21.50,23.20,22.50,22.70,20.40,20.90,23.60,24.30,24.90,22.00,22.70,21.10,22.90,21.60,24.80,23.50,23.90,24.90,22.00,22.70,21.80,24.70,20.40,21.50,25.20,23.00,21.30,20.60,25.10,21.80,21.70,20.10,24.10,24.00
TLM_RCV,-63,FG-ALPHA,1713170168,AUTO,2,34.04,5.00,-85,90.38,8.08,3.29,4.94,1069,608,110,341,22.31,1013.00,11.90,405.70,1,1713170151,GSN-01,-73,25.20,78.40,42,0,0,7.81,85,22.20,20.80,21.00,23.30,23.40,24.20,24.30,24.60,21.90,24.90,23.00,22.50,20.80,25.50,25.80,21.60,23.40,21.60,25.80,23.30,25.40,25.70,25.80,20.70,20.80,21.00,25.30,24.70,21.20,22.40,23.30,25.30,25.20,20.30,22.30,20.20,24.30,22.40,20.60,21.90,23.00,20.60,22.60,25.60,21.90,23.20,21.60,24.30,20.70,22.20,22.50,20.10,20.20,22.00,24.20,22.90,24.50,23.80,25.80,24.30,24.20,22.90,24.50,23.40
TLM_RCV,-61,FG-ALPHA,1713170169,AUTO,2,33.96,5.00,-85,90.32,8.08,3.28,4.93,0,592,116,317,22.96,1012.90,12.00,404.90,1,1713170123,GSN-01,-85,24.70,74.00,45,0,0,7.79,84,24.20,23.00,22.00,24.10,22.30,21.60,21.30,22.60,21.40,22.60,25.00,22.00,25.90,22.30,23.70,20.50,24.00,23.80,25.20,23.90,20.60,22.60,21.10,23.20,20.50,23.90,22.20,22.70,21.00,23.40,22.40,21.30,22.70,20.10,22.10,25.80,20.50,25.40,20.90,24.70,23.60,24.30,21.10,23.00,25.70,25.70,23.70,22.80,21.50,25.90,25.40,22.20,22.30,24.30,25.90,24.50,21.00,23.20,23.20,25.50,21.50,21.30,20.40,24.10
TLM_RCV,-62,FG-ALPHA,1713170170,AUTO,2,32.94,5.00,-85,90.35,8.08,3.30,4.92,867,588,120,318,21.40,1013.60,12.10,406.30,1,1713170122,GSN-01,-77,25.10,81.90,41,0,0,7.81,84,21.50,25.30,21.30,25.70,20.10,24.80,24.60,25.90,20.90,21.40,20.30,20.90,23.60,23.80,23.90,20.70,20.30,23.00,23.90,20.70,24.20,22.90,23.40,25.10,23.70,22.20,21.20,23.70,20.70,24.50,21.50,24.50,21.40,20.70,25.70,20.40,25.10,20.40,21.70,20.60,25.40,24.70,24.60,25.80,25.60,20.00,20.10,21.70,24.40,22.70,22.10,22.50,23.20,22.80,24.30,24.70,24.50,24.80,24.50,25.60,22.40,24.00,24.20,24.60
TLM_RCV,-63,FG-ALPHA,1713170171,AUTO,2,33.78,5.00,-85,90.40,8.09,3.29,4.94,1068,557,105,311,22.56,1012.80,11.90,406.20,1,1713170132,GSN-01,-84,25.00,74.10,40,0,0,7.80,84,25.60,23.80,24.40,21.10,22.20,23.70,23.70,20.40,25.30,22.40,24.40,24.30,23.40,24.60,24.60,24.60,86.50,21.00,22.30,21.20,20.60,25.30,20.00,22.40,24.90,24.60,20.00,21.80,22.80,24.50,21.20,21.80,25.30,23.00,22.50,22.90,23.00,23.40,23.80,25.90,20.70,24.90,22.00,25.90,25.20,21.20,24.40,23.70,24.60,20.70,23.40,21.90,23.30,22.20,22.70,25.40,25.60,25.30,20.50,22.20,20.20,24.50,21.30,20.60
TLM_RCV,-63,FG-ALPHA,1713170172,AUTO,2,31.70,5.00,-85,90.43,8.09,3.28,4.91,845,540,107,274,21.52,1012.80,12.00,406.40,1,1713170120,GSN-01,-81,23.20,82.20,49,0,0,7.79,84,22.80,22.70,22.60,20.10,25.40,22.60,20.70,22.40,24.60,21.10,22.20,23.50,22.70,22.20,23.00,22.90,24.90,23.90,21.80,23.60,25.50,20.30,23.50,20.70,20.50,23.40,25.40,23.60,20.50,22.70,25.60,24.60,21.40,23.80,23.00,21.90,23.40,24.40,22.00,24.60,25.00,25.80,22.60,21.50,24.40,25.00,20.10,22.90,25.60,24.80,21.30,23.30,23.30,24.60,24.90,22.90,24.20,22.20,24.70,23.00,24.50,24.50,24.90,25.30
TLM_RCV,-74,FG-ALPHA,1713170173,AUTO,2,32.94,5.00,-85,90.47,8.08,3.30,4.98,990,589,131,300,22.00,1013.60,11.80,406.10,1,1713170158,GSN-01,-79,25.20,74.40,40,0,0,7.80,84,22.00,22.70,20.70,21.10,25.20,23.00,25.90,24.80,21.90,21.90,24.50,20.70,22.00,24.50,21.90,22.80,22.10,22.40,20.90,21.20,23.90,20.40,24.00,23.80,24.40,20.50,21.10,22.30,23.80,20.80,21.60,24.40,25.10,21.40,25.90,22.00,23.90,25.80,21.00,22.00,22.20,20.70,20.20,22.00,25.00,25.10,20.00,23.30,24.90,24.90,25.80,22.20,20.40,20.20,25.30,23.90,22.20,21.70,22.40,22.70,22.70,21.80,24.40,21.00
TLM_RCV,-62,FG-ALPHA,1713170174,AUTO,2,31.94,5.00,-85,90.51,8.08,3.31,4.91,1047,588,125,315,22.30,1013.00,12.00,405.50,1,1713170144,GSN-01,-83,25.70,73.30,49,0,0,7.79,84,23.90,23.60,22.30,24.80,23.60,21.20,21.30,20.50,20.30,24.70,24.50,24.90,24.20,25.50,21.20,24.30,24.10,25.90,20.70,21.40,23.20,23.20,23.60,22.70,21.20,20.60,20.70,20.30,20.30,24.30,23.80,25.00,23.00,21.90,23.20,21.50,23.50,24.10,20.10,24.10,22.30,22.90,21.80,23.50,25.50,25.20,23.30,24.90,23.20,25.10,20.10,24.20,23.70,21.50,23.80,21.30,21.40,20.60,24.20,23.20,20.20,21.50,22.90,25.00
TLM_RCV,-86,FG-ALPHA,1713170175,AUTO,2,31.92,5.00,-85,90.57,8.09,3.28,4.99,1129,585,145,283,22.72,1013.40,11.90,404.60,1,1713170139,GSN-01,-94,24.00,82.50,49,0,0,7.81,84,21.20,23.20,24.80,22.50,22.50,22.70,25.60,23.20,24.20,25.00,22.60,22.50,24.90,25.40,23.40,24.70,24.20,25.60,25.10,21.50,25.60,25.10,21.20,24.70,20.80,24.20,20.70,21.60,22.70,22.20,20.90,25.20,22.80,25.40,22.60,22.00,20.80,24.50,21.00,25.40,22.50,20.00,21.90,23.00,21.30,20.90,20.50,23.80,21.20,24.90,22.50,23.00,25.60,24.80,24.30,24.30,22.10,20.40,22.10,23.70,23.70,21.60,20.80,20.10
TLM_RCV,-56,FG-ALPHA,1713170176,AUTO,2,34.17,5.00,-85,90.50,8.08,3.31,4.91,0,635,143,346,23.17,1012.70,11.90,405.10,1,1713170133,GSN-01,-76,24.70,77.00,41,0,0,7.82,84,21.00,24.10,21.20,25.20,20.00,25.40,23.30,20.90,23.80,24.00,20.70,25.70,23.10,21.60,20.50,24.60,20.00,21.90,21.90,25.30,25.50,23.50,25.30,21.60,21.90,25.50,20.00,24.30,20.40,22.00,22.70,25.70,21.80,20.30,20.30,24.30,20.00,21.50,21.60,24.60,21.80,20.50,23.00,23.70,25.20,25.10,23.40,20.10,23.80,20.50,20.00,25.60,22.60,23.70,20.90,25.20,20.70,23.00,22.60,25.50,22.40,23.80,25.90,20.70
TLM_RCV,-56,FG-ALPHA,1713170177,AUTO,2,31.87,5.00,-85,90.56,8.09,3.31,4.98,1122,574,122,296,22.74,1012.80,11.80,404.50,1,1713170138,GSN-01,-73,24.00,73.60,46,0,0,7.78,85,22.20,23.00,21.20,23.10,25.80,20.40,22.30,25.30,22.70,21.30,21.60,24.90,25.40,20.80,21.90,20.60,22.80,21.20,23.70,25.40,21.30,25.70,22.60,23.80,22.10,25.40,20.60,20.60,25.80,25.90,22.80,24.90,24.40,23.30,25.10,22.60,21.80,25.70,20.50,20.70,20.70,21.00,24.40,21.00,21.70,20.50,23.10,20.90,23.40,21.00,25.10,24.90,25.10,24.90,25.90,22.30,23.20,22.60,20.90,23.50,22.70,23.00,24.60,24.20
TLM_RCV,-46,FG-ALPHA,1713170178,AUTO,2,31.87,5.00,-85,90.61,8.09,3.31,4.96,1045,574,145,270,22.35,1013.40,12.00,406.30,1,1713170122,GSN-01,-75,25.60,82.90,45,0,0,7.78,84,23.40,25.30,21.50,22.90,24.90,25.90,22.90,21.30,22.70,21.00,21.20,24.70,20.20,20.40,24.30,21.70,24.50,25.70,24.00,24.60,22.40,22.80,21.20,21.40,22.40,25.90,20.40,24.00,24.30,21.70,20.90,23.20,21.70,23.10,24.80,20.50,25.30,23.80,22.80,22.40,24.60,24.20,25.20,23.10,24.90,20.70,22.90,23.80,20.20,23.90,24.00,25.80,20.50,24.30,22.50,24.00,21.50,23.60,20.50,25.10,23.90,22.60,25.60,22.30
TLM_RCV,-79,FG-ALPHA,1713170179,AUTO,2,33.95,5.00,-85,90.66,8.09,3.31,4.96,1131,590,146,288,22.70,1013.30,12.00,404.60,1,1713170140,GSN-01,-93,24.80,83.00,46,0,0,7.80,85,22.90,20.70,23.40,23.30,23.90,25.50,24.70,21.40,20.50,22.00,20.40,24.00,24.40,21.90,25.90,25.60,24.60,23.70,23.50,23.00,21.90,23.80,20.90,20.40,23.00,20.30,20.00,20.20,25.90,20.40,23.60,20.50,21.90,20.60,21.20,21.10,25.40,25.00,22.10,21.20,22.80,24.10,24.70,24.90,20.80,25.50,21.40,23.50,24.10,21.30,25.20,23.50,21.80,24.90,24.80,25.40,20.40,25.00,24.70,25.40,23.60,22.00,24.10,23.30
TLM_RCV,-59,FG-ALPHA,1713170180,AUTO,2,32.99,5.00,-85,90.68,8.09,3.30,4.95,812,599,113,329,21.07,1013.00,12.10,404.60,1,1713170141,GSN-01,-85,25.80,78.30,42,0,0,7.79,85,24.00,24.00,23.20,20.20,20.10,24.10,23.60,23.20,22.30,23.40,22.20,20.80,24.00,25.40,20.40,24.10,23.80,22.80,20.60,20.70,23.60,21.40,25.60,25.00,24.60,23.90,21.50,23.80,23.70,20.20,22.70,23.20,20.20,22.60,24.80,22.80,22.20,21.40,20.00,21.10,24.40,25.50,20.00,20.60,22.00,24.40,21.00,20.60,21.60,24.80,22.90,23.30,21.30,24.40,22.10,22.90,22.90,20.40,23.70,21.70,24.50,25.20,24.90,24.80
TLM_RCV,-74,FG-ALPHA,1713170181,AUTO,2,32.03,5.00,-85,90.73,8.09,3.31,4.97,1117,606,130,326,22.56,1013.00,11.90,404.70,1,1713170137,GSN-01,-86,23.50,73.30,46,0,0,7.82,84,25.90,23.60,23.00,20.30,23.20,23.70,24.90,25.60,21.00,24.60,21.70,23.00,23.90,25.50,24.00,23.20,22.00,24.20,21.50,22.00,22.30,21.90,20.90,20.30,25.40,24.40,23.20,21.10,23.40,20.50,25.20,23.10,20.90,20.20,22.90,20.70,21.00,24.60,25.30,21.20,21.80,25.00,23.40,22.90,25.60,71.30,21.80,21.80,20.60,24.30,25.50,22.10,22.10,20.00,24.00,21.00,25.70,20.70,23.60,23.30,22.80,22.60,21.60,22.60
TLM_RCV,-70,FG-ALPHA,1713170182,AUTO,2,33.71,5.00,-85,90.68,8.10,3.28,4.97,0,541,116,266,22.70,1013.20,12.00,406.30,1,1713170153,GSN-01,-94,23.90,74.40,47,0,0,7.81,85,22.50,20.90,23.20,21.20,24.80,21.40,23.20,21.80,25.60,22.20,23.40,21.40,20.10,20.70,23.00,21.10,25.70,21.90,22.10,21.60,22.30,23.50,22.20,23.60,22.80,22.80,23.60,25.90,23.80,23.70,23.10,25.40,21.40,21.20,22.20,23.30,24.50,22.70,20.70,25.40,71.90,23.90,24.00,21.20,21.10,22.90,24.20,25.60,20.30,22.90,21.40,23.20,20.80,23.70,25.50,21.40,24.10,22.20,23.60,22.90,23.50,25.40,24.70,25.70
TLM_RCV,-56,FG-ALPHA,1713170183,AUTO,2,31.87,5.00,-85,90.73,8.09,3.29,4.93,1064,575,145,274,22.44,1013.20,12.00,406.40,1,1713170134,GSN-01,-76,25.00,74.20,43,0,0,7.80,85,24.90,21.70,21.90,21.30,21.90,23.50,25.30,22.10,20.30,22.90,20.10,22.70,23.90,25.90,20.80,23.80,23.30,22.40,20.20,23.50,23.10,20.80,20.00,25.90,23.30,22.30,21.00,24.30,24.40,23.30,21.40,23.90,20.00,25.20,23.50,21.70,21.20,20.50,24.80,20.20,24.30,24.30,20.40,21.10,20.50,23.00,20.90,23.20,21.00,21.30,20.70,23.50,25.20,25.40,25.10,21.80,22.80,23.90,20.40,20.70,23.50,23.50,25.20,22.20
TLM_RCV,-88,FG-ALPHA,1713170184,AUTO,2,32.09,5.00,-85,90.77,8.09,3.29,4.95,1055,618,135,332,22.18,1012.80,11.90,405.20,1,1713170136,GSN-01,-90,24.30,80.70,41,0,0,7.80,85,23.00,25.80,22.10,25.80,20.10,22.20,20.60,24.40,21.80,22.20,20.30,23.60,25.30,23.40,20.70,22.00,25.90,24.30,21.50,22.50,21.50,22.90,21.40,25.70,24.80,22.10,22.30,23.30,22.40,22.90,23.20,22.40,21.40,25.00,25.80,20.60,23.60,20.00,22.90,22.70,20.70,25.90,24.50,22.40,20.60,23.60,23.00,22.80,25.30,25.20,21.00,25.90,20.40,24.20,20.30,22.40,25.30,23.90,25.40,21.20,21.30,24.90,22.10,24.30
TLM_RCV,-41,FG-ALPHA,1713170185,AUTO,2,31.92,5.00,-85,90.82,8.09,3.31,4.93,1043,584,110,327,22.30,1012.70,11.90,406.20,1,1713170132,GSN-01,-94,25.80,82.10,43,0,0,7.80,85,20.40,25.70,20.80,21.40,22.10,21.40,22.10,23.20,22.00,23.10,22.70,23.10,24.50,20.60,21.60,20.00,21.20,20.20,25.40,24.90,22.50,20.10,20.30,23.60,25.80,25.30,22.60,25.90,20.20,23.10,23.60,23.60,24.40,25.50,21.30,24.30,24.70,20.10,21.50,20.90,21.20,21.90,21.20,25.50,23.80,23.60,25.90,24.40,24.70,22.40,20.70,25.60,20.80,24.60,25.90,21.50,21.00,21.30,22.90,25.20,21.70,25.10,22.60,22.30
TLM_RCV,-73,FG-ALPHA,1713170207,AUTO,2,33.99,5.00,-85,91.76,8.11,3.28,4.94,965,599,135,319,21.83,1013.60,12.10,405.70,1,1713170194,GSN-01,-94,24.30,81.60,47,0,0,7.82,84,21.00,25.20,22.90,23.70,22.20,24.70,20.20,22.50,21.10,24.30,20.30,23.00,25.70,25.40,25.20,23.60,22.60,24.90,22.50,25.30,21.50,23.00,24.70,22.70,24.80,20.40,21.60,21.60,20.40,21.90,21.40,21.90,25.50,23.10,20.30,24.80,20.30,25.30,24.80,22.10,22.90,21.20,20.70,23.30,24.90,24.20,25.90,25.70,23.20,21.00,22.10,25.50,22.60,20.10,21.40,21.60,22.60,25.90,21.40,24.50,23.10,24.80,24.10,21.20
TLM_RCV,-71,FG-ALPHA,1713170208,AUTO,2,31.88,5.00,-85,91.79,8.12,3.31,4.98,806,576,100,324,21.15,1013.50,11.90,405.60,1,1713170169,GSN-01,-81,25.00,76.60,48,0,0,7.80,85,22.20,24.80,20.20,25.50,23.80,22.00,25.10,25.00,24.90,21.90,20.20,20.00,24.90,20.10,25.80,24.50,23.80,23.30,22.90,21.60,24.50,21.70,23.20,22.20,23.30,23.20,23.60,24.30,24.50,21.10,23.80,24.20,23.90,25.30,25.00,20.90,22.40,24.20,20.90,21.20,20.10,20.50,22.60,20.30,25.20,24.80,21.20,22.60,23.50,20.70,25.80,21.60,25.40,24.10,25.40,25.10,24.40,21.10,23.70,24.30,20.60,22.40,24.40,22.80
TLM_RCV,-93,FG-ALPHA,1713170209,AUTO,2,34.08,5.00,-85,91.83,8.11,3.28,4.91,1065,615,126,348,22.25,1012.70,11.80,405.00,1,1713170168,GSN-01,-80,25.50,80.30,40,0,0,7.79,84,25.80,25.40,23.20,20.60,22.70,24.40,25.30,20.70,21.20,21.90,22.70,24.40,23.90,20.70,23.50,21.00,24.90,25.40,23.50,23.70,22.40,20.30,25.20,22.10,22.70,23.60,21.10,25.90,25.80,25.30,21.30,21.50,20.50,25.60,25.10,21.70,21.10,22.90,23.50,20.30,25.10,23.30,22.60,22.90,22.20,23.40,21.80,23.40,21.30,20.30,21.80,22.30,24.90,20.50,24.50,23.10,24.50,22.20,23.10,22.80,24.80,24.00,22.20,20.00
TLM_RCV,-64,FG-ALPHA,1713170210,AUTO,2,31.71,5.00,-85,91.88,8.12,3.30,4.96,1027,542,132,262,22.42,1013.00,12.00,404.70,1,1713170188,GSN-01,-74,25.10,77.10,46,0,0,7.81,85,22.90,25.60,22.50,20.10,22.80,21.50,24.60,22.80,22.60,20.40,22.00,24.70,24.00,21.70,20.00,21.90,20.10,23.30,24.30,22.30,25.50,21.90,21.40,24.80,20.10,25.00,20.90,20.20,25.00,23.50,23.80,20.50,24.30,20.60,22.00,22.00,23.00,23.80,23.90,21.30,24.00,22.30,25.70,22.80,25.70,24.30,22.70,25.60,20.30,21.80,23.60,20.20,24.70,20.50,25.50,22.20,22.10,23.10,24.80,23.10,23.30,22.00,25.80,23.00
TLM_RCV,-52,FG-ALPHA,1713170211,AUTO,2,33.99,5.00,-85,91.91,8.12,3.28,4.94,843,597,140,299,21.23,1012.80,12.10,406.10,1,1713170180,GSN-01,-85,23.60,82.40,43,0,0,7.80,85,20.50,23.20,21.80,23.50,21.20,25.10,22.30,24.50,24.60,25.20,24.10,23.30,22.90,20.40,25.20,25.00,21.10,25.40,20.80,23.30,21.40,24.70,25.20,21.20,25.60,21.70,21.60,22.50,25.10,25.50,23.00,21.20,24.90,24.60,24.40,23.30,21.40,21.50,23.20,23.50,23.80,20.30,24.80,22.90,22.30,22.40,20.60,21.70,21.50,23.70,24.70,24.10,25.80,23.20,23.20,22.40,21.60,20.20,23.60,21.20,21.10,20.30,20.50,21.90
TLM_RCV,-45,FG-ALPHA,1713170212,AUTO,2,32.12,5.00,-85,91.93,8.11,3.29,4.97,854,623,148,333,21.16,1012.80,11.90,404.70,1,1713170169,GSN-01,-75,25.80,78.30,48,0,0,7.82,85,24.20,21.90,22.80,23.20,25.40,21.70,22.10,24.20,20.50,25.90,23.40,25.40,22.20,24.40,83.70,23.70,21.60,20.80,20.10,25.00,24.80,21.00,24.40,20.50,23.10,23.60,24.00,23.60,23.40,23.80,22.30,24.00,25.90,24.20,24.30,23.50,25.00,25.50,22.30,25.30,24.40,22.80,24.00,23.80,25.00,20.60,25.50,23.40,24.20,24.50,24.70,21.50,22.50,23.10,23.30,21.10,25.50,22.80,23.60,20.40,20.80,20.80,24.60,20.50
TLM_RCV,-49,FG-ALPHA,1713170213,AUTO,2,31.55,5.00,-85,91.88,8.13,3.29,4.92,0,509,108,261,22.55,1013.30,12.00,405.20,1,1713170162,GSN-01,-83,24.40,75.00,41,0,1,7.81,84,21.10,20.70,24.80,24.20,23.40,23.00,22.60,22.20,25.30,23.80,22.70,20.60,25.00,24.80,25.60,23.50,21.00,22.80,25.90,20.20,23.40,23.00,20.80,23.80,22.30,23.70,24.80,24.80,20.50,25.70,22.70,22.60,22.60,21.10,23.90,21.30,24.50,20.50,23.60,24.50,25.20,20.00,25.10,24.10,22.70,21.90,23.20,20.70,24.80,22.10,24.70,21.70,25.10,25.60,22.00,20.30,21.40,23.00,21.40,20.10,22.00,20.90,25.10,20.40
TLM_RCV,-88,FG-ALPHA,1713170214,AUTO,2,33.81,5.00,-85,91.82,8.12,3.31,4.97,0,561,102,302,22.81,1013.60,12.10,406.10,1,1713170162,GSN-01,-88,24.00,74.70,45,0,0,7.82,84,25.60,25.20,24.00,22.00,24.00,22.20,20.80,25.60,25.10,24.70,25.00,20.60,20.90,21.40,25.30,25.40,21.10,20.40,20.10,24.20,20.90,21.60,20.50,23.50,23.50,23.80,22.00,23.70,21.90,23.60,25.00,25.20,25.80,22.00,22.80,20.30,22.90,22.10,23.80,24.60,23.10,23.70,22.60,24.70,25.50,25.30,20.30,23.20,23.70,21.80,24.20,21.10,23.70,79.90,22.90,25.80,22.10,24.50,22.60,23.00,20.20,23.60,20.80,23.00
TLM_RCV,-77,FG-ALPHA,1713170215,AUTO,2,31.99,5.00,-85,91.86,8.12,3.28,4.91,1016,597,109,333,22.09,1012.80,12.00,405.80,1,1713170156,GSN-01,-95,24.10,81.40,43,1,0,7.79,84,24.60,24.90,23.80,20.40,23.70,22.90,24.60,24.90,24.60,25.40,20.50,25.80,23.20,22.60,23.20,22.70,23.20,23.50,22.90,23.30,24.00,21.00,21.70,23.20,21.40,21.10,25.40,22.40,20.80,22.40,21.80,21.00,22.40,20.40,21.10,20.70,21.40,24.30,24.00,24.90,21.80,21.20,25.30,20.00,21.50,24.80,22.40,22.10,21.80,21.90,23.30,24.10,20.10,20.50,23.50,25.40,22.70,24.00,24.60,22.50,20.50,25.40,20.60,25.40
TLM_RCV,-93,FG-ALPHA,1713170216,AUTO,2,31.65,5.00,-85,91.81,8.12,3.29,4.91,0,529,108,264,22.65,1013.50,12.10,405.60,1,1713170168,GSN-01,-93,23.20,73.50,49,0,0,7.78,84,21.60,25.60,20.30,25.10,24.90,24.70,24.90,20.80,23.70,24.70,20.60,21.20,24.70,22.40,25.90,23.80,25.60,21.80,21.40,21.30,22.80,20.40,25.20,21.40,24.20,25.60,22.30,20.60,25.20,22.20,22.80,21.70,24.70,20.10,24.50,24.60,21.20,25.40,23.90,22.90,22.90,25.40,25.10,25.20,22.30,22.60,25.20,24.30,24.60,21.80,20.90,25.90,22.60,25.10,24.30,25.10,22.50,24.20,25.30,24.90,21.30,21.70,25.30,22.10
TLM_RCV,-79,FG-ALPHA,1713170217,AUTO,2,31.68,5.00,-85,91.85,8.12,3.30,4.95,918,536,128,250,21.91,1013.20,11.90,406.10,1,1713170184,GSN-01,-94,23.70,75.30,48,0,0,7.82,84,24.20,23.70,23.30,25.90,21.50,25.20,20.90,21.90,21.10,25.20,23.60,25.40,25.40,22.80,24.10,24.00,22.40,25.90,21.50,20.10,20.90,20.80,22.30,23.10,21.20,25.50,22.30,24.60,24.90,21.20,22.70,21.80,21.70,24.10,24.60,20.50,24.90,25.20,24.10,21.40,20.80,23.20,23.80,20.80,25.80,24.10,25.80,22.90,21.50,25.70,25.10,20.00,22.60,24.70,22.00,20.90,23.60,20.20,24.70,20.60,23.60,20.10,22.10,22.10
TLM_RCV,-66,FG-ALPHA,1713170218,AUTO,2,33.67,5.00,-85,91.80,8.12,3.30,4.94,0,534,107,285,22.67,1013.20,11.90,405.00,1,1713170201,GSN-01,-72,25.20,73.90,40,0,1,7.82,85,23.60,25.80,24.90,25.00,21.90,24.20,22.40,20.30,23.50,23.00,20.80,21.40,21.30,22.70,20.90,21.90,20.30,23.10,24.50,21.40,22.10,23.10,20.10,25.70,21.40,20.00,24.00,23.60,24.90,25.00,21.40,24.40,24.50,20.10,25.90,21.00,24.70,25.90,22.80,20.30,24.80,22.80,22.50,21.10,23.70,23.20,21.20,22.80,23.80,21.70,25.60,20.20,23.10,25.10,23.10,24.70,22.60,22.20,20.80,24.10,24.80,23.80,22.70,25.70
TLM_RCV,-56,FG-ALPHA,1713170219,AUTO,2,34.01,5.00,-85,91.85,8.11,3.28,4.93,1122,601,130,318,22.60,1013.50,11.90,405.90,1,1713170164,GSN-01,-90,23.00,79.00,45,0,0,7.81,84,22.60,20.20,20.50,21.50,21.10,23.30,24.40,21.40,21.50,25.90,21.30,22.20,20.10,24.10,20.10,25.50,25.70,21.20,21.70,23.20,23.80,22.30,24.60,20.50,24.40,22.90,21.70,25.00,22.20,23.90,23.80,21.20,24.50,23.00,23.40,25.30,23.10,21.30,20.30,22.50,25.80,21.80,20.10,21.70,24.60,23.70,22.50,23.60,22.90,21.80,24.90,25.00,22.20,25.10,24.80,20.50,25.00,20.80,21.40,23.80,22.70,21.10,21.90,21.60
TLM_RCV,-84,FG-ALPHA,1713170220,AUTO,2,31.93,5.00,-85,91.79,8.12,3.31,4.98,0,586,137,301,22.93,1012.90,11.90,405.50,1,1713170210,GSN-01,-85,25.60,81.10,47,0,0,7.81,85,20.00,24.40,24.80,24.10,20.20,21.00,21.10,21.90,22.00,22.60,24.70,23.60,22.90,24.80,20.40,21.20,21.10,22.30,21.70,20.80,22.40,22.30,21.00,20.10,25.60,21.50,24.70,23.40,24.40,21.50,20.80,20.30,20.30,24.40,22.60,25.80,21.60,23.00,20.60,20.30,20.80,21.50,20.60,22.40,23.40,22.50,20.70,22.80,25.90,24.90,22.80,25.00,23.90,25.40,21.40,25.80,21.70,24.90,20.90,22.60,20.60,24.00,22.60,24.50
TLM_RCV,-82,FG-ALPHA,1713170221,AUTO,2,31.92,5.00,-85,91.83,8.12,3.29,4.91,964,584,122,320,21.90,1013.00,12.10,405.10,1,1713170181,GSN-01,-76,25.00,77.50,42,0,0,7.82,84,21.80,23.50,24.70,25.60,20.50,22.30,25.00,23.90,20.20,24.00,24.00,25.60,21.60,25.80,21.20,25.60,23.10,22.10,22.40,21.20,23.70,22.60,21.30,25.40,24.90,24.40,20.40,23.40,21.20,25.40,21.60,23.10,22.60,22.90,20.40,20.70,20.80,25.40,25.30,25.50,22.50,21.00,23.70,25.10,20.20,21.40,25.80,25.90,25.90,22.20,21.90,23.80,20.80,21.50,24.60,24.30,20.50,23.40,25.10,25.70,22.80,21.90,21.30,25.90
TLM_RCV,-48,FG-ALPHA,1713170222,AUTO,2,31.73,5.00,-85,91.86,8.12,3.29,4.93,832,545,126,279,21.43,1012.70,12.00,404.60,1,1713170208,GSN-01,-83,23.10,79.00,48,0,0,7.79,85,24.00,25.70,22.40,21.40,20.00,20.90,22.90,24.40,20.70,24.40,20.70,20.20,22.50,24.40,24.30,24.90,22.80,24.30,25.80,22.60,20.90,20.80,23.40,21.10,25.40,24.90,20.80,22.30,21.40,20.80,23.50,21.10,23.70,22.50,21.30,24.30,22.20,23.20,22.70,24.20,25.20,22.00,23.40,23.30,20.90,25.50,22.60,20.50,25.70,23.40,21.20,23.10,25.50,23.00,22.20,23.60,22.00,22.40,22.10,78.00,22.30,25.30,20.50,23.00
TLM_RCV,-65,FG-ALPHA,1713170223,AUTO,2,32.10,5.00,-85,91.79,8.11,3.28,4.99,0,619,149,314,23.09,1012.80,12.10,406.10,1,1713170203,GSN-01,-76,25.00,83.00,49,0,0,7.79,85,20.10,23.90,20.00,25.70,20.80,22.30,22.50,21.70,20.70,22.20,22.10,24.50,24.30,23.20,24.30,24.20,24.90,21.10,24.20,23.10,23.50,25.90,21.10,25.60,21.40,24.60,21.90,22.80,24.50,23.70,23.00,22.10,22.10,21.50,25.80,21.10,25.30,24.60,20.60,21.60,25.10,21.60,22.70,22.60,20.40,20.20,21.80,20.10,21.60,21.10,22.10,23.50,25.00,25.40,25.80,22.70,20.70,23.70,24.80,25.60,20.10,23.90,23.80,24.90
TLM_RCV,-85,FG-ALPHA,1713170224,AUTO,2,31.80,5.00,-85,91.85,8.12,3.31,4.96,1143,559,127,273,22.92,1012.80,12.00,405.50,1,1713170197,GSN-01,-76,24.10,73.70,40,0,0,7.81,84,25.90,23.60,23.70,22.40,25.00,21.70,23.90,20.30,25.50,21.30,24.70,23.50,25.20,21.20,22.60,22.30,25.80,20.30,24.60,25.40,22.60,25.90,25.70,22.70,25.00,25.10,22.80,23.60,21.90,21.50,24.70,24.20,22.30,25.70,21.90,22.80,20.70,22.20,23.50,21.80,22.50,24.00,22.00,23.90,20.60,23.70,24.70,25.40,21.70,25.90,22.00,24.00,25.70,24.90,22.20,23.00,20.00,20.80,24.50,24.10,24.70,22.90,21.40,24.60
TLM_RCV,-68,FG-ALPHA,1713170225,AUTO,2,33.56,5.00,-85,91.80,8.13,3.31,4.98,0,513,106,252,22.57,1013.10,11.90,404.70,1,1713170210,GSN-01,-92,23.60,76.30,44,0,0,7.80,85,25.30,21.10,22.80,24.90,20.70,25.50,25.30,20.80,20.30,25.80,23.90,21.20,23.80,25.90,22.30,21.30,24.90,24.90,25.40,24.80,25.40,20.70,22.40,20.50,23.60,23.50,22.80,24.80,25.10,20.40,21.10,23.70,21.90,21.10,24.70,24.30,20.00,25.80,20.40,22.60,21.30,22.30,25.80,20.10,21.80,21.20,22.20,23.80,22.00,21.50,20.60,20.40,20.50,21.70,21.60,25.80,21.80,21.90,20.70,25.80,21.40,25.50,20.90,23.70
TLM_RCV,-78,FG-ALPHA,1713170226,AUTO,2,33.63,5.00,-85,91.84,8.13,3.28,4.99,890,526,112,257,21.82,1013.60,11.80,405.00,1,1713170215,GSN-01,-83,25.40,73.90,44,0,0,7.81,84,20.40,22.20,25.70,24.30,23.20,24.10,24.30,20.90,20.70,21.10,22.40,24.60,24.60,23.10,24.90,22.80,24.00,21.90,25.60,25.80,25.70,24.30,23.00,23.30,24.10,20.40,20.80,23.70,25.90,23.80,22.20,23.10,23.30,22.20,25.60,22.00,25.20,23.60,21.10,23.40,21.70,25.50,22.40,24.00,22.40,23.50,24.90,23.90,24.10,22.10,22.60,20.90,22.70,87.40,24.90,24.50,25.90,20.90,21.20,21.40,24.70,24.90,25.90,23.50
TLM_RCV,-84,FG-ALPHA,1713170227,AUTO,2,31.64,5.00,-85,91.90,8.13,3.31,4.96,1198,528,122,258,23.35,1013.10,11.80,404.50,1,1713170186,GSN-01,-90,23.30,83.10,46,0,0,7.81,84,24.00,21.40,21.20,23.70,22.60,23.70,20.60,20.30,21.30,20.00,25.30,24.30,24.30,22.70,24.60,22.30,23.10,24.70,20.40,25.80,23.50,25.20,23.30,21.60,22.60,24.50,20.30,25.40,22.80,24.90,24.90,21.40,25.50,22.20,21.00,23.80,23.50,22.40,20.80,22.90,22.20,21.40,22.90,20.70,22.70,23.50,25.00,23.90,24.50,24.30,22.70,25.80,25.00,23.20,21.60,24.60,24.80,24.30,22.70,20.30,22.40,20.50,22.70,24.20
TLM_RCV,-72,FG-ALPHA,1713170228,AUTO,2,31.68,5.00,-85,91.95,8.13,3.28,4.92,1007,537,110,269,22.35,1013.50,12.00,404.70,1,1713170217,GSN-01,-89,25.80,83.10,49,0,0,7.79,84,24.70,24.50,21.40,21.00,21.30,21.10,23.60,20.00,24.90,20.70,23.30,25.40,22.40,24.40,25.90,24.20,21.80,24.20,23.40,25.90,24.60,20.30,25.30,23.50,20.70,22.60,25.70,21.50,25.10,20.40,23.00,24.10,23.30,23.90,25.80,25.00,23.20,23.50,20.00,21.10,20.00,21.80,20.50,22.90,20.50,21.80,25.70,24.50,20.50,25.10,20.60,21.80,24.90,23.80,24.80,22.90,24.40,24.80,21.40,21.40,23.40,25.60,23.40,24.60
TLM_RCV,-43,FG-ALPHA,1713170229,AUTO,2,31.97,5.00,-85,91.89,8.12,3.29,4.97,0,593,141,311,22.97,1012.70,11.80,405.10,1,1713170204,GSN-01,-75,24.50,78.70,44,0,0,7.79,85,22.80,25.70,25.70,23.10,23.10,23.20,22.10,23.20,22.70,22.50,25.30,20.40,20.60,22.70,25.80,21.80,24.50,21.50,22.90,24.40,20.00,23.70,23.10,25.10,22.90,23.30,24.20,20.90,24.90,23.80,20.70,20.20,22.30,24.20,23.80,23.60,22.00,25.40,23.40,23.10,21.30,22.20,20.00,24.00,22.60,25.30,25.10,21.60,24.40,25.80,20.60,20.50,21.60,24.90,20.30,22.90,25.40,22.90,23.70,20.30,23.20,20.80,25.70,23.60
TLM_RCV,-46,FG-ALPHA,1713170230,AUTO,2,33.75,5.00,-85,91.96,8.12,3.28,4.97,1186,550,100,304,23.18,1013.00,12.00,405.20,1,1713170201,GSN-01,-89,25.30,80.40,42,0,0,7.82,85,24.70,21.90,24.00,24.70,24.00,24.00,20.50,21.40,21.00,25.30,25.40,22.50,24.40,22.00,24.90,25.40,22.60,21.30,22.10,23.30,21.20,22.20,22.90,23.90,23.30,25.00,23.50,22.90,21.40,22.60,24.40,21.20,23.10,22.70,23.60,24.20,22.30,24.50,24.40,20.20,24.00,22.60,21.20,21.60,24.70,22.70,24.80,20.10,21.80,24.20,24.90,23.50,25.70,21.00,24.60,22.50,25.50,22.50,22.60,22.20,25.30,24.70,22.30,25.30
TLM_RCV,-59,FG-ALPHA,1713170231,AUTO,2,32.98,5.00,-85,92.00,8.12,3.30,4.97,1065,596,136,316,22.34,1012.70,12.00,405.30,1,1713170178,GSN-01,-84,24.70,76.60,45,0,0,7.81,84,21.90,22.10,21.20,21.00,20.10,22.60,25.40,24.70,20.90,23.80,22.80,25.50,22.00,24.60,21.40,25.30,24.70,21.30,24.80,24.50,21.20,24.40,20.30,22.90,24.10,22.00,25.10,21.50,24.70,23.40,23.50,22.50,22.40,25.50,22.60,20.90,24.50,25.80,22.80,21.10,24.30,21.20,23.00,23.30,20.10,22.80,25.50,20.00,21.30,22.40,25.80,25.40,24.30,20.20,25.90,23.60,20.60,23.70,20.20,22.40,20.10,22.30,25.40,24.50
TLM_RCV,-67,FG-ALPHA,1713170232,AUTO,2,31.70,5.00,-85,92.04,8.13,3.29,4.93,895,541,137,254,21.77,1013.20,11.90,406.40,1,1713170173,GSN-01,-73,25.40,78.50,45,0,0,7.78,85,22.60,20.40,20.00,24.00,20.30,22.40,25.30,24.40,21.30,22.00,21.60,25.70,25.80,22.80,22.10,22.40,21.10,24.50,22.80,24.70,21.00,21.00,21.30,23.50,24.80,21.10,24.40,22.90,23.30,20.70,21.90,24.10,22.60,24.30,20.80,23.70,23.10,23.70,24.90,23.50,22.90,20.50,20.80,21.30,21.90,25.90,22.20,21.40,21.80,22.50,21.70,20.10,21.60,25.50,24.40,22.40,21.90,21.40,21.90,21.00,23.90,21.70,22.90,20.10
TLM_RCV,-63,FG-ALPHA,1713170233,AUTO,2,31.83,5.00,-85,92.08,8.12,3.28,4.96,951,567,130,291,21.92,1013.10,12.10,404.80,1,1713170211,GSN-01,-80,23.60,74.60,46,0,0,7.82,84,21.50,21.60,25.60,21.40,20.10,21.30,25.60,25.50,23.00,25.60,22.60,25.20,20.20,20.10,24.90,22.60,23.80,22.50,23.90,25.10,21.10,25.30,23.70,24.20,25.60,24.50,22.50,21.50,20.10,20.80,20.90,24.00,25.40,22.40,24.80,25.10,20.60,24.80,25.20,23.50,24.60,25.20,23.80,20.90,22.40,20.90,23.30,25.80,25.00,23.50,21.20,24.60,24.90,25.50,20.10,24.40,23.90,22.80,21.20,25.20,22.80,20.10,21.60,22.90
TLM_RCV,-55,FG-ALPHA,1713170234,AUTO,2,33.78,5.00,-85,92.02,8.13,3.29,4.94,0,555,141,267,22.77,1012.80,11.90,406.00,1,1713170192,GSN-01,-71,23.20,78.30,48,0,0,7.81,84,22.20,21.00,20.40,23.20,23.50,24.50,25.90,23.60,24.90,24.80,22.50,24.60,21.10,20.60,24.30,25.90,23.50,23.70,20.90,23.70,24.80,22.60,20.70,20.20,22.70,20.50,22.80,21.80,20.10,21.60,20.90,22.50,20.70,25.20,23.80,21.80,24.00,25.80,22.30,21.90,24.90,21.00,23.40,24.60,22.60,22.90,24.10,21.30,21.00,22.00,22.50,20.10,21.80,25.20,25.90,21.60,23.70,22.90,22.50,20.70,24.70,25.30,25.90,23.70
TLM_RCV,-46,FG-ALPHA,1713170235,AUTO,2,33.76,5.00,-85,92.07,8.13,3.29,4.98,1073,551,115,277,22.61,1013.10,12.00,405.80,1,1713170212,GSN-01,-93,24.70,82.00,42,0,0,7.80,85,23.70,22.00,21.90,24.20,21.20,20.90,21.20,20.00,20.40,25.90,22.70,22.50,21.70,22.10,24.60,22.70,22.30,21.80,20.60,20.00,24.70,22.10,23.70,22.20,21.90,24.40,22.40,25.10,21.20,20.10,21.70,24.30,24.20,22.00,22.30,24.90,20.20,23.20,24.50,22.70,24.10,21.20,21.60,25.80,25.40,25.30,22.10,24.80,23.20,22.40,20.30,20.70,22.20,23.50,25.50,25.50,22.90,20.90,20.50,24.70,20.00,25.10,25.60,23.10
TLM_RCV,-80,FG-ALPHA,1713170236,AUTO,2,31.64,5.00,-85,92.11,8.13,3.30,4.99,933,528,114,255,22.02,1013.10,12.00,406.30,1,1713170199,GSN-01,-76,24.90,78.80,49,0,0,7.79,84,23.50,20.60,24.00,24.00,21.00,25.10,20.60,25.30,22.00,24.30,22.90,21.00,24.40,25.90,24.10,25.20,24.10,23.00,24.20,24.40,23.70,24.90,23.40,24.20,25.40,22.10,22.70,23.20,20.30,23.00,24.10,24.90,20.30,21.60,23.00,22.00,21.30,20.20,25.90,23.00,22.40,22.20,20.80,23.60,20.80,23.60,23.30,21.10,23.90,21.60,23.30,21.20,22.40,22.40,24.20,21.70,22.70,23.70,25.20,23.50,24.60,21.00,25.40,20.30
TLM_RCV,-70,FG-ALPHA,1713170237,AUTO,2,31.77,5.00,-85,92.17,8.13,3.31,4.90,1168,554,140,267,23.07,1013.20,11.90,405.70,1,1713170184,GSN-01,-74,25.60,81.20,45,0,0,7.82,85,23.60,23.60,21.70,22.10,23.50,20.50,20.80,21.10,21.40,23.20,22.60,20.00,22.50,21.80,20.50,25.20,21.50,22.70,25.00,22.70,22.00,22.40,25.30,24.00,20.10,20.00,21.00,25.80,20.90,20.00,21.80,24.00,25.90,22.90,22.00,25.60,24.80,22.10,22.40,21.50,20.50,22.50,21.70,24.60,20.00,23.50,22.90,24.10,20.70,24.40,24.40,22.10,22.00,23.70,21.50,21.00,24.10,22.30,22.40,25.00,25.10,25.70,20.20,23.30
TLM_RCV,-91,FG-ALPHA,1713170238,AUTO,2,33.82,5.00,-85,92.12,8.13,3.29,4.90,0,564,114,301,22.82,1013.20,12.00,405.80,1,1713170199,GSN-01,-77,25.50,79.10,48,0,0,7.82,85,25.50,23.50,22.20,25.70,25.40,25.70,24.60,21.00,21.20,21.00,23.60,24.80,25.30,24.20,25.10,20.90,24.60,25.00,24.10,20.40,22.00,23.10,25.10,23.00,21.80,23.90,22.30,23.80,20.70,22.90,20.30,20.60,23.60,22.70,20.00,21.50,23.50,20.00,25.30,22.50,23.70,25.80,25.80,20.80,25.20,20.20,23.80,21.50,21.20,22.90,21.10,25.30,23.20,20.30,25.00,20.70,21.80,24.40,20.70,24.10,21.50,23.60,22.80,22.90
TLM_RCV,-67,FG-ALPHA,1713170239,AUTO,2,34.06,5.00,-85,92.06,8.12,3.29,4.92,0,611,119,335,23.06,1013.50,12.00,405.20,1,1713170212,GSN-01,-86,23.50,80.30,45,0,0,7.79,84,22.90,21.00,24.10,21.90,21.00,24.30,25.30,21.50,24.00,24.40,23.30,24.00,22.80,21.90,21.00,24.70,22.10,20.40,21.80,21.60,22.10,24.70,23.70,24.20,21.80,24.90,23.70,25.60,20.10,24.60,20.20,25.50,21.30,24.10,23.70,22.30,21.80,24.60,22.50,23.20,20.40,21.00,23.50,21.70,20.10,25.00,23.50,23.00,21.80,23.80,20.70,21.50,25.50,20.20,22.10,20.00,20.10,25.20,25.70,24.70,25.60,25.90,21.60,23.30
TLM_RCV,-46,FG-ALPHA,1713170240,AUTO,2,33.80,5.00,-85,92.09,8.13,3.31,4.93,932,560,125,283,21.86,1013.60,12.00,405.00,1,1713170219,GSN-01,-72,24.60,73.40,44,0,0,7.82,85,23.90,20.60,25.00,21.80,25.20,24.10,21.10,22.00,21.60,24.20,25.40,23.00,20.70,21.80,20.70,23.10,25.10,20.90,21.10,20.10,20.50,24.40,20.80,23.80,22.90,24.60,24.30,22.20,22.60,21.60,21.20,24.30,24.30,22.10,24.80,21.10,21.80,25.90,22.00,21.50,21.90,20.60,22.60,21.40,25.30,21.30,24.80,24.10,25.80,22.60,23.10,25.40,21.20,25.00,24.20,24.50,25.60,23.30,22.10,24.40,21.80,24.20,25.40,23.80
TLM_RCV,-68,FG-ALPHA,1713170241,AUTO,2,33.03,5.00,-85,92.03,8.12,3.31,4.94,0,607,138,310,23.03,1013.20,11.90,405.80,1,1713170219,GSN-01,-80,25.10,76.70,48,0,0,7.79,84,24.50,20.00,25.50,25.50,24.80,25.20,23.50,23.20,25.10,23.90,25.10,23.10,20.90,25.50,25.10,21.30,20.60,24.70,23.70,21.80,21.60,20.40,24.80,22.70,22.60,24.10,20.50,22.10,25.00,22.60,22.90,25.20,20.50,25.90,20.00,22.20,23.40,20.30,20.30,23.50,23.40,20.30,21.50,25.20,22.50,24.70,24.40,24.00,25.70,24.90,23.10,22.30,22.10,24.10,21.40,22.90,23.90,21.90,22.70,23.20,25.60,24.60,24.90,25.60
TLM_RCV,-64,FG-ALPHA,1713170242,AUTO,2,34.26,5.00,-85,92.07,8.11,3.29,4.94,1041,651,149,346,21.95,1012.80,12.00,406.00,1,1713170212,GSN-01,-77,25.10,77.20,47,0,0,7.81,85,20.10,24.90,24.80,25.10,20.20,24.80,25.90,24.00,20.00,21.20,25.80,22.10,22.30,21.70,21.20,22.20,23.60,24.80,24.50,20.00,21.70,23.50,20.80,21.20,21.70,23.70,25.80,24.20,21.30,25.30,24.60,23.30,25.70,20.20,24.60,23.90,21.30,22.60,25.20,25.80,20.50,21.90,20.90,21.00,22.70,24.90,25.40,21.30,25.40,22.10,25.20,23.00,24.90,22.30,24.80,20.40,22.40,24.80,22.00,21.80,24.60,23.20,21.40,24.00
TLM_RCV,-43,FG-ALPHA,1713170243,AUTO,2,33.06,5.00,-85,92.12,8.12,3.31,4.99,1088,613,116,345,22.37,1012.90,11.90,405.60,1,1713170190,GSN-01,-77,25.40,76.10,40,0,0,7.80,85,23.90,20.00,21.20,25.90,23.40,24.00,24.60,21.80,21.90,24.00,22.70,20.00,21.90,24.30,20.80,25.90,23.80,24.70,21.80,23.30,23.70,24.40,24.60,23.60,24.40,23.70,23.20,24.30,24.20,25.80,21.90,21.50,22.30,24.20,21.60,24.90,20.80,25.60,22.30,20.30,20.90,20.20,20.50,20.60,21.90,23.80,22.60,20.00,22.60,21.90,25.40,20.40,22.80,21.60,20.20,23.30,21.70,25.50,21.70,21.60,20.80,21.60,22.20,20.90
TLM_RCV,-46,FG-ALPHA,1713170244,AUTO,2,33.16,5.00,-85,92.16,8.12,3.28,4.94,1063,632,139,335,22.16,1012.80,11.80,405.40,1,1713170203,GSN-01,-78,24.70,75.70,42,0,0,7.78,84,24.70,25.10,25.40,22.10,20.90,22.20,20.90,22.80,21.40,25.20,20.90,23.30,25.80,20.20,23.40,23.90,24.40,22.30,25.60,20.10,24.40,22.10,24.00,24.90,21.80,22.50,23.50,20.80,22.50,22.80,24.80,20.10,20.20,25.10,21.80,20.80,23.00,20.40,20.60,23.80,23.80,21.00,23.60,24.10,22.60,20.10,20.40,25.20,23.60,22.30,24.10,25.40,24.90,23.30,22.30,20.50,23.00,23.60,23.40,23.50,22.20,20.90,24.70,20.60
TLM_RCV,-80,FG-ALPHA,1713170245,AUTO,2,31.85,5.00,-85,92.19,8.13,3.31,4.93,827,570,144,274,21.28,1012.90,12.00,406.20,1,1713170207,GSN-01,-82,24.00,80.40,40,0,0,7.81,85,22.90,21.90,24.60,25.90,23.80,24.70,22.70,23.40,25.70,25.50,23.70,25.00,25.30,23.20,22.00,20.50,20.40,24.60,24.40,20.70,25.60,20.00,24.70,20.80,24.50,22.20,21.30,22.70,22.10,21.90,22.50,25.80,23.50,23.00,22.80,24.60,22.90,24.50,25.10,24.70,20.40,23.80,23.60,25.40,22.80,23.20,21.60,25.60,25.40,20.50,23.50,25.10,25.30,24.20,23.50,24.10,25.40,24.20,24.00,21.50,25.50,25.50,21.70,21.70
TLM_RCV,-82,FG-ALPHA,1713170246,AUTO,2,32.80,5.00,-85,92.24,8.13,3.28,4.98,1086,560,106,307,22.63,1012.80,12.00,405.50,1,1713170188,GSN-01,-76,23.40,80.90,40,0,0,7.79,85,23.70,22.60,24.50,20.50,20.20,24.80,23.60,20.40,23.80,23.90,20.40,23.40,25.30,22.20,21.00,24.10,22.90,23.70,21.40,21.70,20.90,25.70,21.70,23.90,24.80,20.90,23.80,25.20,24.30,25.50,25.30,20.30,23.10,22.00,23.00,24.50,23.60,21.30,20.30,20.90,23.20,21.30,20.70,24.00,20.90,20.30,25.60,24.80,23.40,20.20,22.90,22.50,20.20,21.50,21.80,24.00,25.00,20.10,22.00,24.70,25.30,24.60,21.80,20.90
TLM_RCV,-94,FG-ALPHA,1713170247,AUTO,2,33.81,5.00,-85,92.28,8.13,3.29,4.98,904,561,140,262,21.72,1013.20,11.80,406.20,1,1713170231,GSN-01,-92,24.50,74.20,45,0,0,7.81,85,22.30,24.50,24.80,20.40,21.60,21.70,22.50,23.30,22.20,24.00,21.90,21.20,22.30,21.10,22.60,20.50,22.10,22.40,22.90,20.30,21.80,24.30,23.10,21.30,20.30,22.90,22.80,21.10,22.10,24.50,23.70,24.70,24.00,24.90,22.00,22.40,21.50,23.50,20.10,24.70,23.70,25.40,21.20,23.30,21.50,23.40,21.40,24.90,21.80,23.30,20.40,22.30,25.70,23.80,25.60,20.10,21.50,25.30,20.70,23.00,21.30,22.90,21.50,21.00
TLM_RCV,-69,FG-ALPHA,1713170269,AUTO,2,34.17,5.00,-85,93.46,8.15,3.30,4.98,815,633,135,339,20.91,1013.50,11.80,405.00,1,1713170220,GSN-01,-75,23.30,77.30,42,0,0,7.82,85,25.50,22.10,24.60,24.40,21.20,24.70,22.40,25.30,22.10,23.60,24.10,21.70,24.40,21.30,74.60,23.00,22.40,25.70,20.90,21.40,25.10,25.40,24.60,24.70,22.50,24.10,21.30,22.40,22.90,23.70,21.20,22.10,22.80,20.20,21.60,24.70,23.10,24.80,21.00,20.10,20.60,22.70,25.50,24.30,20.10,24.00,22.40,20.30,21.50,21.00,23.70,23.20,23.90,25.60,23.60,21.00,21.50,24.20,21.90,25.20,22.10,25.00,25.90,22.90
TLM_RCV,-79,FG-ALPHA,1713170270,AUTO,2,31.67,5.00,-85,93.41,8.16,3.29,4.96,0,535,123,263,22.67,1013.50,11.80,405.20,1,1713170229,GSN-01,-93,25.90,80.20,44,0,0,7.82,84,23.30,25.70,22.70,25.90,25.90,22.30,23.90,21.50,24.80,23.20,21.50,25.90,21.80,22.90,24.30,23.20,24.70,23.50,25.00,24.50,24.10,24.90,22.00,20.40,21.30,21.20,25.80,23.20,21.20,20.10,23.40,25.90,22.40,21.70,23.60,24.90,24.40,20.60,22.60,25.00,21.50,24.80,22.10,23.20,23.90,23.70,24.20,23.90,21.50,24.50,25.90,24.30,20.60,22.50,21.90,22.50,22.80,24.60,24.80,25.90,24.30,21.30,22.80,22.50
TLM_RCV,-81,FG-ALPHA,1713170271,AUTO,2,33.01,5.00,-85,93.35,8.15,3.31,4.99,0,603,122,323,23.01,1013.00,12.00,405.30,1,1713170252,GSN-01,-94,25.00,78.20,44,0,1,7.79,85,25.80,24.90,24.50,23.80,23.50,22.40,20.70,24.80,24.50,24.20,22.60,24.80,20.70,21.20,24.60,22.70,21.50,22.70,25.40,21.60,20.20,21.80,20.20,20.50,23.50,21.90,25.60,25.10,21.00,20.70,21.00,24.60,22.00,23.40,23.70,24.80,24.30,21.20,23.00,24.70,25.00,23.50,21.30,23.20,25.00,22.80,22.60,23.40,21.20,22.70,21.40,24.50,23.20,20.30,22.70,25.10,20.60,21.80,21.40,24.60,20.70,23.60,25.60,20.70
TLM_RCV,-77,FG-ALPHA,1713170272,AUTO,2,33.81,5.00,-85,93.39,8.16,3.28,4.93,980,562,149,264,22.09,1013.40,12.10,404.60,1,1713170236,GSN-01,-89,23.50,79.90,44,0,0,7.79,84,20.20,23.10,25.80,20.40,21.70,23.50,20.90,23.70,23.60,21.60,23.90,22.10,21.30,20.50,23.70,24.70,21.10,21.30,24.50,25.70,25.80,25.30,22.30,21.70,24.90,20.90,25.50,21.80,20.30,20.00,22.10,22.60,20.20,24.70,20.10,24.00,22.60,24.30,23.40,23.70,21.40,20.50,22.40,23.20,22.80,21.90,22.60,21.80,25.20,20.00,23.20,23.80,22.20,23.20,24.40,21.70,23.10,21.30,25.80,20.80,25.00,25.30,20.20,20.50
TLM_RCV,-94,FG-ALPHA,1713170273,AUTO,2,31.90,5.00,-85,93.43,8.16,3.29,4.97,1006,579,123,308,22.14,1013.60,12.00,405.90,1,1713170221,GSN-01,-86,24.90,82.50,42,0,0,7.81,85,23.50,21.30,24.70,22.60,21.10,24.40,23.20,22.70,24.40,20.50,20.80,21.60,23.10,20.10,20.50,25.00,22.40,24.50,20.20,21.80,21.00,21.60,22.50,22.00,25.20,21.80,20.00,24.40,21.80,24.90,21.60,22.10,21.50,25.00,21.90,22.40,23.00,23.00,25.50,23.20,24.60,22.20,21.80,25.10,24.00,21.90,24.10,23.50,25.10,23.90,21.40,23.80,21.30,22.00,25.00,23.70,24.90,21.40,20.50,20.20,24.70,22.70,23.10,23.20
TLM_RCV,-61,FG-ALPHA,1713170274,AUTO,2,33.94,5.00,-85,93.48,8.16,3.28,4.97,1020,589,129,316,22.16,1013.10,12.00,405.80,1,1713170260,GSN-01,-78,23.30,73.20,47,0,0,7.81,85,20.70,20.90,23.10,20.70,22.50,21.40,20.70,21.50,22.30,24.10,20.40,22.10,23.80,21.90,20.80,25.40,21.70,24.60,23.70,22.30,25.30,20.00,25.70,20.50,22.20,21.00,22.30,25.70,21.10,25.30,25.50,24.40,25.20,25.90,20.80,70.20,22.60,25.20,25.80,24.00,20.10,21.40,22.20,22.30,25.70,23.70,24.30,21.20,21.40,24.80,22.60,24.70,20.40,25.50,20.00,20.20,21.90,22.50,21.60,25.00,24.20,23.60,24.30,20.80
TLM_RCV,-89,FG-ALPHA,1713170275,AUTO,2,33.02,5.00,-85,93.51,8.15,3.29,4.97,908,604,144,304,21.52,1013.30,12.10,406.30,1,1713170219,GSN-01,-93,25.30,76.00,48,0,0,7.78,85,24.80,23.50,20.20,23.40,22.00,22.00,22.10,21.60,21.60,25.70,21.80,25.40,21.00,23.00,21.90,23.10,23.80,25.20,23.10,25.90,24.10,21.80,21.20,23.40,22.90,20.90,25.50,25.00,23.60,25.30,20.10,21.20,22.40,23.20,22.30,24.40,25.10,25.50,25.10,23.30,20.10,20.40,22.00,24.90,24.50,24.10,21.00,20.80,21.40,24.80,20.20,22.60,20.80,25.50,20.30,22.80,21.40,24.50,24.50,25.60,24.30,22.10,20.80,21.80
TLM_RCV,-56,FG-ALPHA,1713170276,AUTO,2,33.78,5.00,-85,93.45,8.16,3.29,4.97,0,556,109,307,22.78,1013.20,12.10,406.10,1,1713170239,GSN-01,-84,25.00,75.50,42,0,0,7.81,85,21.60,22.10,21.00,21.90,21.10,25.70,22.00,23.60,21.50,22.30,22.70,21.30,23.20,22.50,24.10,21.10,20.30,24.60,25.00,22.00,21.50,25.10,25.30,22.70,22.10,20.90,24.60,23.40,25.60,21.60,21.60,20.60,21.10,20.90,25.20,22.10,24.40,25.10,23.20,20.10,23.50,20.80,23.90,23.10,25.10,24.90,25.10,21.50,21.10,20.70,24.90,21.00,20.60,24.20,21.10,20.20,25.60,25.40,22.80,25.30,24.20,25.70,24.90,24.30
TLM_RCV,-47,FG-ALPHA,1713170277,AUTO,2,33.15,5.00,-85,93.49,8.15,3.29,4.90,1009,630,148,340,21.90,1013.20,11.80,405.00,1,1713170219,GSN-01,-72,24.70,80.60,48,1,0,7.82,85,24.20,21.10,21.60,25.70,21.80,21.50,24.60,22.50,23.80,21.90,23.80,22.00,25.60,20.10,22.20,22.10,24.40,22.30,20.90,23.90,21.50,22.10,25.40,22.20,24.00,22.30,20.10,22.30,23.60,22.30,22.00,21.40,21.10,25.20,25.40,23.10,24.60,22.30,25.80,22.20,23.40,20.90,22.80,21.50,25.20,24.10,20.40,21.40,25.40,22.50,21.50,21.20,23.90,24.30,21.00,24.30,24.20,25.70,24.60,24.90,25.80,22.70,20.70,25.00
TLM_RCV,-48,FG-ALPHA,1713170278,AUTO,2,34.04,5.00,-85,93.43,8.15,3.28,4.94,0,609,134,323,23.05,1013.40,12.10,405.40,1,1713170259,GSN-01,-93,25.80,80.80,43,0,0,7.80,85,20.70,22.10,21.50,22.70,22.30,22.70,24.50,25.40,22.50,25.20,20.20,20.70,23.40,22.00,25.20,21.20,20.10,21.70,24.20,22.60,21.30,23.30,21.90,24.50,20.40,21.80,25.10,24.00,22.00,24.30,23.40,21.70,20.60,20.30,21.30,24.30,25.10,23.80,25.50,21.00,22.90,24.60,24.50,23.70,21.70,23.70,21.80,24.90,21.00,24.90,22.00,23.20,21.40,20.90,22.00,20.10,25.90,24.00,21.90,25.30,23.60,23.50,25.00,20.50
TLM_RCV,-54,FG-ALPHA,1713170279,AUTO,2,32.61,5.00,-85,93.48,8.17,3.28,4.98,1055,522,121,252,22.67,1012.90,12.00,406.10,1,1713170257,GSN-01,-86,23.50,73.30,41,0,0,7.78,85,22.50,25.00,23.70,22.70,23.80,25.70,22.90,20.30,20.50,25.00,23.60,22.90,23.60,20.00,23.70,22.50,25.80,20.80,23.50,21.30,23.80,21.00,75.90,22.60,21.30,21.20,23.10,23.30,22.20,23.80,23.00,24.00,22.20,21.40,22.70,24.30,20.40,21.50,22.80,20.50,22.60,22.30,20.70,23.40,23.10,20.70,24.40,23.30,24.50,20.60,21.80,25.50,22.20,22.20,21.60,24.70,24.20,20.60,25.00,21.70,25.60,25.10,22.20,23.20
TLM_RCV,-58,FG-ALPHA,1713170280,AUTO,2,31.70,5.00,-85,93.54,8.16,3.30,4.90,1135,540,125,265,22.98,1012.70,12.00,405.60,1,1713170221,GSN-01,-72,23.80,73.40,49,0,0,7.78,84,20.60,24.00,21.20,22.30,24.70,25.50,20.90,20.90,20.60,22.60,23.80,22.80,20.70,20.00,20.90,24.50,22.30,23.40,20.90,21.90,24.10,20.60,21.90,24.50,22.30,23.40,25.60,25.80,20.20,25.30,23.20,24.90,24.40,20.40,20.40,22.90,23.80,20.50,24.70,22.80,77.70,20.00,22.90,25.30,20.20,22.20,20.90,21.50,22.90,23.50,21.60,23.90,25.60,21.00,23.90,24.40,25.00,24.00,21.90,20.10,21.20,20.90,21.00,24.30
TLM_RCV,-67,FG-ALPHA,1713170281,AUTO,2,31.62,5.00,-85,93.57,8.17,3.28,4.96,842,524,106,272,21.59,1013.10,11.90,405.10,1,1713170242,GSN-01,-77,24.90,75.30,49,0,0,7.82,85,21.30,25.80,24.00,21.20,25.30,24.30,21.50,25.50,22.50,22.20,25.50,25.80,25.40,24.30,22.30,25.70,23.30,21.20,20.00,24.40,25.30,21.20,21.00,22.90,21.40,23.70,24.30,23.80,24.40,21.00,21.80,21.30,22.30,21.50,21.40,22.30,21.80,22.60,21.50,24.00,23.40,25.30,20.80,21.00,21.30,22.30,20.50,23.30,23.00,22.50,20.20,25.50,20.10,20.40,21.70,21.20,25.90,20.90,24.90,24.50,25.40,21.60,25.20,20.70
TLM_RCV,-50,FG-ALPHA,1713170282,AUTO,2,33.87,5.00,-85,93.62,8.16,3.30,4.99,1033,574,126,296,22.30,1013.40,12.10,405.70,1,1713170257,GSN-01,-87,24.50,80.40,49,0,0,7.80,85,25.90,23.80,24.20,24.10,25.70,24.50,24.30,24.10,20.00,24.50,20.90,21.60,23.00,23.80,25.00,24.30,24.60,24.00,22.20,20.40,23.00,22.60,22.50,24.00,21.30,20.80,20.30,25.60,22.60,20.00,24.40,21.40,25.60,23.10,22.60,21.30,24.40,20.70,23.40,20.70,22.40,21.80,20.60,25.50,24.20,20.60,21.80,21.80,21.70,20.20,25.90,21.90,22.90,20.00,23.70,22.60,24.60,20.00,22.10,22.40,25.90,23.00,23.20,21.40
TLM_RCV,-62,FG-ALPHA,1713170283,AUTO,2,31.85,5.00,-85,93.56,8.16,3.31,4.93,0,571,107,311,22.85,1013.30,11.80,406.40,1,1713170262,GSN-01,-77,24.40,78.50,43,0,0,7.78,84,20.10,23.70,21.00,20.30,24.30,22.90,23.30,24.40,25.60,25.90,25.60,22.90,20.40,23.60,20.80,21.60,81.90,22.70,25.10,22.30,20.80,22.80,23.00,25.40,22.80,21.30,22.40,22.00,25.70,25.60,24.60,21.30,23.40,23.70,21.00,20.30,20.00,21.30,23.90,20.70,25.50,20.00,22.40,20.10,23.50,24.90,22.00,22.20,24.10,24.60,25.50,23.10,24.70,25.80,24.80,21.70,22.80,21.50,23.50,20.90,23.70,24.60,21.40,22.30
TLM_RCV,-84,FG-ALPHA,1713170284,AUTO,2,33.99,5.00,-85,93.50,8.15,3.29,4.99,0,598,139,314,22.99,1013.20,11.80,405.90,1,1713170262,GSN-01,-92,23.20,79.20,45,1,0,7.80,84,23.30,21.60,21.70,23.10,21.70,24.50,23.00,25.00,24.90,22.30,22.60,24.60,20.00,22.20,25.40,25.40,25.20,20.40,23.20,24.50,21.90,23.30,24.80,25.20,20.70,21.20,22.70,20.50,22.00,25.70,21.60,22.40,22.50,20.40,23.20,22.80,22.90,25.20,25.50,25.10,22.70,21.20,22.70,25.50,20.40,24.10,22.90,21.20,24.90,23.40,21.90,24.40,24.90,24.90,20.30,20.80,21.20,22.40,22.20,23.20,22.80,25.30,24.30,21.70
TLM_RCV,-82,FG-ALPHA,1713170285,AUTO,2,31.93,5.00,-85,93.54,8.16,3.30,4.94,954,587,103,344,21.84,1013.50,11.80,404.90,1,1713170236,GSN-01,-79,24.20,80.70,47,0,0,7.80,84,25.40,24.70,25.20,25.40,23.30,20.80,22.90,22.10,22.00,24.60,25.00,20.00,22.10,20.00,25.00,20.00,20.10,23.90,23.80,21.40,24.70,22.30,25.90,20.30,23.10,23.80,24.60,23.10,24.60,22.30,24.80,23.20,22.10,22.70,22.60,23.20,20.50,23.70,21.50,24.00,23.30,20.50,22.40,23.90,20.60,22.90,24.60,25.00,21.90,22.90,24.20,20.30,21.20,21.50,22.90,25.50,24.10,25.70,24.80,23.80,25.10,21.10,21.40,21.50
TLM_RCV,-64,FG-ALPHA,1713170286,AUTO,2,31.95,5.00,-85,93.58,8.16,3.29,4.97,997,590,108,327,22.03,1013.50,12.10,405.90,1,1713170243,GSN-01,-80,25.70,79.90,49,0,0,7.78,85,24.50,22.30,22.50,24.10,25.00,24.70,20.20,21.10,22.70,20.80,22.90,23.80,20.10,20.30,22.70,22.20,21.20,20.80,24.50,20.20,24.10,21.10,25.70,25.70,24.40,22.90,23.20,25.70,20.60,22.90,22.30,24.20,21.70,22.20,20.30,21.00,23.90,25.90,22.20,20.10,23.80,22.60,24.10,24.10,20.50,21.80,23.60,24.50,25.80,21.10,25.60,21.20,24.10,21.00,24.80,22.20,21.60,21.70,21.70,25.40,25.10,20.50,20.30,23.10
TLM_RCV,-86,FG-ALPHA,1713170287,AUTO,2,31.89,5.00,-85,93.52,8.16,3.29,4.96,0,577,120,315,22.89,1013.40,12.00,406.00,1,1713170277,GSN-01,-77,24.90,82.20,41,0,0,7.79,84,24.90,23.80,20.20,23.70,24.00,22.80,21.10,21.20,24.80,21.40,21.00,20.20,21.30,20.10,25.60,21.90,22.90,22.60,21.10,25.40,23.60,25.10,23.20,20.20,23.90,25.80,20.40,24.60,23.60,20.90,21.70,22.80,22.80,25.50,24.20,24.40,20.50,23.00,23.20,23.80,21.90,23.50,21.00,22.80,24.50,20.00,23.00,23.30,23.90,83.80,23.70,22.00,23.00,24.40,23.50,25.60,22.70,25.20,23.80,22.20,25.90,20.90,23.30,21.50
TLM_RCV,-92,FG-ALPHA,1713170288,AUTO,2,32.86,5.00,-85,93.57,8.16,3.29,4.94,1075,572,125,297,22.51,1013.40,11.80,404.70,1,1713170255,GSN-01,-74,24.30,82.20,42,0,0,7.82,85,21.60,20.50,20.40,20.70,21.30,20.20,25.40,25.20,24.20,23.30,24.30,25.30,25.00,23.50,23.10,23.40,24.80,21.40,21.30,25.40,24.80,24.60,25.10,20.10,24.60,21.60,20.40,21.20,23.50,25.40,23.60,20.10,21.10,23.60,21.30,25.00,22.00,22.20,24.80,20.90,20.20,24.30,22.60,23.00,23.50,24.10,25.70,21.90,25.90,24.00,24.50,21.10,21.50,25.40,20.40,23.30,24.40,21.40,24.00,20.10,23.90,22.90,21.30,20.50
TLM_RCV,-64,FG-ALPHA,1713170289,AUTO,2,32.70,5.00,-85,93.52,8.16,3.31,4.99,0,540,116,269,22.70,1013.30,11.80,406.10,1,1713170242,GSN-01,-85,23.10,81.60,44,0,1,7.79,85,21.20,24.40,24.10,23.50,21.40,22.90,21.00,25.60,22.40,23.00,21.30,24.60,21.30,21.60,25.10,23.50,22.20,24.90,23.10,25.30,24.80,25.30,20.60,20.50,21.80,25.10,23.90,25.90,24.50,25.40,25.80,20.00,21.10,22.10,23.90,24.60,21.80,24.30,20.30,25.50,21.90,22.40,24.80,23.90,25.90,24.40,24.30,25.50,22.40,24.40,21.50,23.30,23.30,21.90,20.70,21.80,24.60,25.00,22.70,22.50,20.10,23.60,25.00,25.10
TLM_RCV,-84,FG-ALPHA,1713170290,AUTO,2,34.01,5.00,-85,93.54,8.15,3.30,4.92,866,602,138,313,21.32,1013.60,12.10,406.10,1,1713170246,GSN-01,-80,23.60,74.60,41,0,0,7.81,85,25.10,20.20,25.90,24.50,23.20,22.10,22.70,24.60,25.60,25.50,23.60,24.90,23.70,25.30,21.60,22.00,22.00,25.20,25.40,21.60,21.90,25.00,24.30,23.80,25.30,23.60,25.80,23.40,24.10,25.20,22.30,22.10,20.40,21.90,20.80,20.50,24.80,23.00,25.70,21.40,25.00,24.60,23.60,21.30,21.00,24.00,21.80,22.80,22.40,20.30,20.70,25.20,22.80,22.50,23.90,24.50,23.40,25.80,24.80,23.80,23.20,24.60,25.00,22.80
TLM_RCV,-88,FG-ALPHA,1713170291,AUTO,2,33.92,5.00,-85,93.60,8.16,3.29,4.96,1151,583,137,293,22.84,1012.70,12.00,406.00,1,1713170259,GSN-01,-74,25.80,77.30,42,0,0,7.81,84,23.70,22.50,20.80,25.10,23.60,25.80,25.50,23.00,25.80,24.50,21.40,23.90,20.50,23.10,23.30,24.90,25.50,24.70,22.50,21.30,22.00,21.10,25.80,25.50,22.30,22.90,20.60,24.80,21.70,23.00,20.90,20.80,24.70,25.50,23.80,21.20,21.40,21.50,23.80,20.00,22.50,23.30,20.80,21.10,25.30,24.30,22.70,20.20,22.00,22.30,25.50,24.90,25.40,24.70,20.60,25.10,24.80,23.80,23.60,20.80,21.40,25.00,22.50,24.60
TLM_RCV,-81,FG-ALPHA,1713170292,AUTO,2,33.95,5.00,-85,93.66,8.16,3.29,4.96,1197,590,140,306,23.03,1012.70,12.10,406.40,1,1713170245,GSN-01,-79,23.60,78.20,43,0,0,7.82,84,23.90,22.00,23.50,21.10,21.60,23.00,21.20,21.00,22.90,23.00,20.10,21.90,21.40,22.80,20.90,23.60,20.10,23.30,23.80,23.90,21.60,23.70,21.60,25.10,24.30,20.20,23.70,25.70,23.80,20.90,24.80,22.90,23.70,21.20,25.90,23.30,25.20,24.10,25.90,21.10,25.40,23.50,23.50,22.70,22.90,23.90,22.70,21.40,21.50,20.50,20.80,25.50,20.40,22.70,25.30,23.60,22.10,21.60,22.90,24.80,23.10,25.50,23.50,21.00
TLM_RCV,-48,FG-ALPHA,1713170293,AUTO,2,32.92,5.00,-85,93.60,8.16,3.31,4.93,0,584,102,339,22.92,1013.10,12.10,405.90,1,1713170245,GSN-01,-76,25.20,79.00,49,0,0,7.80,85,24.80,23.30,21.20,22.50,20.10,21.10,25.40,20.60,23.00,22.90,23.20,24.90,22.60,22.00,22.10,20.60,21.00,20.00,22.00,21.60,21.70,20.70,22.30,25.90,20.40,20.80,20.80,24.90,22.20,20.40,24.30,24.40,24.30,25.90,21.60,21.30,20.70,24.90,21.90,24.90,22.20,25.90,22.20,21.40,22.30,22.50,20.40,24.10,23.00,20.10,20.70,20.40,20.90,23.30,24.00,24.40,25.00,23.50,23.90,20.30,25.30,24.70,24.00,25.40
TLM_RCV,-95,FG-ALPHA,1713170294,AUTO,2,34.05,5.00,-85,93.66,8.16,3.31,4.96,1199,610,147,319,22.94,1013.10,11.90,404.70,1,1713170262,GSN-01,-86,25.40,81.00,46,0,0,7.81,85,24.40,25.50,20.80,20.60,25.90,21.90,23.40,23.20,21.60,22.10,24.20,25.70,20.60,21.30,25.90,25.80,21.20,22.80,23.70,21.10,22.50,25.40,24.40,23.40,20.30,20.90,24.00,24.50,22.50,24.00,25.30,20.90,20.30,20.40,22.90,20.20,20.90,23.00,24.50,21.00,24.80,24.70,21.50,21.00,20.40,22.20,23.60,23.10,24.70,23.20,24.80,23.90,23.50,22.20,22.70,24.60,21.20,24.10,24.50,23.80,20.20,20.60,25.30,20.80
TLM_RCV,-57,FG-ALPHA,1713170295,AUTO,2,31.80,5.00,-85,93.72,8.17,3.28,4.96,1103,560,111,307,22.72,1013.00,12.00,405.30,1,1713170250,GSN-01,-79,24.50,73.90,44,1,0,7.78,85,23.60,21.10,25.30,25.30,23.50,23.80,20.40,21.20,23.50,22.20,23.90,22.00,20.90,25.00,22.90,20.60,21.20,24.60,25.00,20.70,20.50,23.90,23.40,25.10,20.30,20.50,21.90,21.90,20.40,22.20,22.20,25.10,25.90,24.90,23.80,24.00,25.10,22.20,24.40,20.40,23.10,21.30,20.80,21.00,21.00,25.60,24.70,25.40,22.20,21.90,21.30,23.70,21.70,22.10,24.00,25.40,21.30,25.60,20.40,24.00,25.80,25.30,25.00,78.60
TLM_RCV,-42,FG-ALPHA,1713170296,AUTO,2,33.78,5.00,-85,93.76,8.17,3.31,4.99,1018,556,141,269,22.31,1013.30,11.80,404.80,1,1713170246,GSN-01,-74,23.80,73.80,49,0,0,7.79,85,22.40,21.50,24.60,23.60,24.50,24.50,24.30,21.70,24.70,20.50,20.40,24.70,24.70,20.80,23.40,25.60,24.70,25.00,20.40,21.00,24.10,21.80,22.00,20.50,20.40,25.70,21.00,22.80,24.90,25.50,23.90,24.90,25.40,24.90,20.80,25.40,24.90,24.00,22.30,23.50,21.40,23.80,21.70,20.30,22.70,25.30,23.80,20.20,24.40,24.50,21.50,20.20,23.70,20.80,21.60,25.90,22.30,22.00,20.10,21.30,24.10,23.10,22.70,23.50
TLM_RCV,-47,FG-ALPHA,1713170297,AUTO,2,33.73,5.00,-85,93.81,8.17,3.28,4.97,1031,546,107,292,22.42,1012.90,12.00,405.70,1,1713170267,GSN-01,-82,23.70,79.60,48,0,0,7.78,84,23.00,24.00,22.00,25.90,23.00,21.30,23.60,20.70,23.50,20.60,21.00,25.40,24.20,21.90,25.40,22.30,25.30,21.80,23.30,22.00,23.60,23.50,22.10,23.20,23.10,22.80,22.80,22.90,23.00,24.20,21.60,25.20,25.70,23.90,24.90,24.50,23.20,20.70,23.70,22.20,20.60,22.90,22.40,21.30,22.00,20.80,25.00,22.40,23.60,21.90,21.60,25.80,21.10,23.30,23.80,22.70,20.30,20.60,21.60,25.70,23.90,20.10,24.50,24.90
TLM_RCV,-89,FG-ALPHA,1713170298,AUTO,2,33.17,5.00,-85,93.86,8.16,3.31,4.91,1084,633,148,340,22.25,1013.00,12.10,405.40,1,1713170251,GSN-01,-74,23.70,74.40,41,0,0,7.81,84,22.60,24.10,25.50,24.50,20.10,23.10,23.90,21.00,23.80,22.40,25.00,21.30,24.40,24.00,20.10,22.90,20.30,23.70,24.10,22.00,24.70,22.10,22.50,20.20,25.10,24.60,24.90,21.20,24.60,24.20,25.80,20.30,21.10,20.40,21.20,25.70,25.00,22.10,24.30,20.50,20.50,20.00,20.70,24.60,20.40,24.20,20.50,23.10,22.80,24.30,22.80,24.50,23.40,22.80,22.60,22.90,20.10,23.00,22.70,20.40,21.40,20.50,25.10,23.40
TLM_RCV,-52,FG-ALPHA,1713170299,AUTO,2,33.94,5.00,-85,93.89,8.16,3.29,4.93,888,589,116,328,21.50,1012.80,12.10,404.50,1,1713170280,GSN-01,-91,25.60,80.40,49,0,0,7.81,84,22.50,21.70,23.90,23.00,24.30,20.20,21.00,24.70,23.70,23.80,23.60,24.40,24.90,21.20,20.10,25.20,21.80,24.30,22.90,20.80,20.60,24.30,22.80,22.10,23.40,20.60,21.00,25.90,23.30,25.20,24.00,20.80,20.70,22.70,20.60,25.90,22.40,22.40,20.10,22.50,22.40,24.10,25.30,25.50,25.00,24.00,21.10,24.70,25.90,21.30,25.70,21.70,22.70,24.80,21.40,21.80,23.40,22.80,23.40,20.80,25.60,24.90,24.40,21.30
TLM_RCV,-89,FG-ALPHA,1713170300,AUTO,2,33.00,5.00,-85,93.91,8.16,3.28,4.94,834,600,104,340,21.17,1012.90,11.90,406.20,1,1713170276,GSN-01,-88,25.60,76.50,48,0,0,7.81,85,23.90,24.40,21.40,21.60,23.30,20.80,20.20,23.10,22.20,20.50,25.40,24.40,25.70,21.50,24.90,23.60,22.50,20.70,23.60,21.70,21.60,21.00,23.60,24.60,22.40,22.20,25.40,25.10,20.30,21.20,25.40,20.10,21.50,23.50,23.50,24.10,21.60,21.90,24.90,22.60,22.20,20.70,22.50,22.80,23.20,24.60,20.00,22.90,22.90,24.10,22.10,25.40,24.10,22.50,23.60,21.30,21.00,22.90,23.50,21.60,25.10,20.30,24.70,24.20
TLM_RCV,-78,FG-ALPHA,1713170301,AUTO,2,33.76,5.00,-85,93.85,8.17,3.31,4.94,0,552,135,265,22.76,1013.40,12.00,404.80,1,1713170258,GSN-01,-80,25.00,74.00,43,0,0,7.80,84,21.30,20.00,21.80,20.50,20.10,25.90,24.40,24.50,24.50,25.00,25.90,21.70,23.60,24.90,24.00,24.40,22.00,24.80,25.60,24.80,24.90,20.20,24.30,21.80,23.70,22.40,25.90,22.90,22.10,23.50,21.00,24.50,21.10,22.20,22.90,21.80,20.80,24.40,25.40,21.10,25.10,22.30,23.50,25.70,25.30,24.10,23.70,25.30,21.60,23.60,20.80,25.00,22.50,20.30,25.80,25.50,21.00,22.80,24.90,20.90,21.10,20.00,23.60,24.10
TLM_RCV,-69,FG-ALPHA,1713170302,AUTO,2,33.01,5.00,-85,93.88,8.16,3.30,4.95,904,601,145,297,21.51,1013.20,12.10,404.80,1,1713170275,GSN-01,-92,25.10,78.10,44,0,0,7.78,84,21.60,21.20,23.50,23.70,25.80,20.00,21.30,22.70,24.30,24.40,21.80,21.80,23.40,23.40,22.90,25.30,20.80,23.90,21.70,23.80,22.80,25.40,23.90,23.00,23.30,24.50,21.00,22.70,25.10,23.40,20.00,23.00,20.80,20.60,25.40,24.30,25.20,25.70,25.50,22.70,20.40,23.00,25.80,25.10,25.40,20.10,22.70,21.30,22.40,25.10,21.00,24.00,23.50,23.70,21.70,21.40,24.40,22.90,22.10,22.20,23.30,24.60,21.30,24.80
TLM_RCV,-90,FG-ALPHA,1713170303,AUTO,2,33.65,5.00,-85,93.94,8.18,3.30,4.92,1105,530,124,252,22.87,1013.40,11.90,405.20,1,1713170255,GSN-01,-92,24.50,83.00,49,0,0,7.80,84,25.00,24.10,23.40,24.90,20.60,21.20,20.90,21.10,22.80,21.40,23.70,20.80,25.90,23.10,21.50,24.50,20.00,22.70,23.70,24.70,25.10,24.70,21.30,22.80,20.00,21.50,25.00,21.50,22.60,21.10,21.80,22.80,23.90,22.20,20.10,23.50,24.50,21.00,21.70,24.70,24.00,24.00,24.50,25.70,21.60,20.30,20.60,25.80,24.70,23.80,25.00,24.90,20.10,20.20,22.70,25.80,24.10,21.30,20.90,22.30,25.60,25.60,21.60,23.30
TLM_RCV,-61,FG-ALPHA,1713170304,AUTO,2,31.74,5.00,-85,93.98,8.17,3.28,4.97,943,547,118,276,21.98,1013.50,11.90,405.90,1,1713170261,GSN-01,-93,25.40,82.80,41,0,0,7.81,84,20.90,23.90,21.90,20.80,25.70,20.60,20.20,25.80,25.30,23.60,23.10,22.10,25.70,25.00,21.20,23.10,25.30,25.90,23.80,24.90,25.50,21.50,20.80,24.70,25.80,20.50,25.00,23.10,22.70,22.70,20.50,21.80,25.30,25.10,22.00,24.40,23.80,21.70,22.40,22.00,25.80,22.40,25.70,22.30,20.30,24.00,20.30,24.70,22.50,25.20,22.30,20.80,22.70,25.30,20.40,22.40,20.70,25.80,20.20,21.80,21.70,21.60,25.80,25.80
TLM_RCV,-83,FG-ALPHA,1713170305,AUTO,2,31.98,5.00,-85,94.03,8.17,3.29,4.96,1112,595,127,317,22.59,1012.80,12.00,406.20,1,1713170251,GSN-01,-90,24.00,78.00,49,0,0,7.78,84,24.60,23.70,25.10,24.20,22.60,20.10,24.80,21.60,24.20,21.60,23.40,24.60,20.20,24.90,22.10,23.20,23.70,25.60,23.80,22.40,22.50,25.70,20.50,21.60,20.60,23.20,23.00,25.00,22.70,20.80,21.70,25.20,21.60,25.30,25.80,24.50,23.00,21.00,21.10,23.00,25.10,20.60,22.60,24.40,21.80,23.40,21.20,25.00,25.40,24.60,25.20,23.30,21.70,22.30,22.10,25.20,23.90,23.60,20.10,20.70,22.40,21.60,20.40,20.30
TLM_RCV,-87,FG-ALPHA,1713170306,AUTO,2,32.87,5.00,-85,93.98,8.17,3.28,4.94,0,573,118,303,22.86,1012.90,11.80,404.50,1,1713170248,GSN-01,-73,24.80,78.00,48,1,0,7.81,85,25.30,23.10,20.60,21.90,22.00,21.40,25.10,25.70,23.90,24.80,21.10,21.10,23.00,20.00,20.50,24.20,25.70,21.80,24.40,25.60,21.10,23.20,24.00,25.40,24.00,21.70,22.30,21.10,23.60,24.80,23.40,21.10,24.20,24.10,25.90,25.40,22.80,24.40,23.80,24.10,23.40,23.00,25.60,25.00,25.10,24.60,25.30,23.10,24.20,25.70,23.60,20.10,20.40,25.30,24.40,25.30,22.50,25.30,25.10,21.30,21.60,20.40,21.10,20.00
TLM_RCV,-78,FG-ALPHA,1713170307,AUTO,2,31.61,5.00,-85,94.03,8.18,3.31,4.93,1068,523,104,267,22.73,1013.60,12.10,406.10,1,1713170282,GSN-01,-89,23.20,80.60,45,0,0,7.82,84,20.30,20.70,25.30,21.00,21.70,22.50,23.30,25.20,24.30,23.50,25.90,20.10,24.10,20.30,23.60,23.80,24.40,24.10,20.40,24.70,21.80,20.50,20.20,22.70,24.00,21.60,23.30,22.30,22.10,21.00,21.80,20.30,25.20,21.80,23.50,25.80,23.60,24.10,24.60,20.10,23.00,20.80,25.40,25.40,24.30,24.90,25.60,22.80,22.00,21.70,20.60,24.40,24.00,21.20,21.90,24.80,22.70,25.80,22.60,21.90,21.50,20.70,24.90,24.20
TLM_RCV,-59,FG-ALPHA,1713170308,AUTO,2,33.78,5.00,-85,94.08,8.17,3.28,4.94,1088,556,117,286,22.66,1013.10,11.80,405.60,1,1713170291,GSN-01,-82,25.50,80.00,45,0,0,7.81,84,23.50,25.00,24.40,21.20,24.00,21.20,22.30,24.40,24.70,25.00,23.60,25.80,21.80,23.00,22.50,24.00,23.50,24.00,25.10,24.70,23.20,22.00,21.70,25.40,21.00,22.80,20.80,21.20,25.60,24.40,23.10,20.20,25.00,21.10,22.70,25.20,20.10,22.30,22.50,22.70,25.20,20.40,22.10,22.60,22.90,21.40,23.80,24.50,25.70,25.10,23.70,24.10,25.50,23.10,20.10,24.00,22.70,23.70,20.40,25.50,24.80,20.70,21.40,24.70
TLM_RCV,-76,FG-ALPHA,1713170309,AUTO,2,33.81,5.00,-85,94.14,8.17,3.30,4.99,1128,563,109,305,22.83,1013.50,12.10,406.20,1,1713170272,GSN-01,-86,24.90,82.10,40,0,0,7.81,85,25.50,25.60,20.50,21.90,20.60,24.80,21.70,25.60,20.10,20.20,21.70,23.10,21.50,22.50,22.80,22.40,22.70,25.60,23.80,23.40,21.20,23.10,24.00,25.80,21.00,23.90,22.50,21.20,23.30,25.40,25.90,21.90,25.30,20.50,23.50,23.70,23.10,21.10,23.30,23.50,24.60,21.40,21.00,23.10,21.50,21.00,20.60,23.50,24.50,22.60,20.40,24.90,25.20,23.60,22.90,20.30,20.90,22.00,20.80,25.50,21.00,21.20,21.90,20.00
TLM_RCV,-46,FG-ALPHA,1713170331,AUTO,2,32.72,5.00,-85,94.85,8.19,3.29,4.97,0,544,140,255,22.72,1012.80,11.90,406.00,1,1713170297,GSN-01,-91,23.50,76.00,47,0,0,7.81,84,22.00,23.00,23.30,25.50,24.10,23.60,23.80,20.90,24.60,24.80,21.00,25.10,23.00,24.10,24.70,23.30,80.20,21.30,25.20,20.40,23.70,21.20,21.30,21.40,24.40,24.00,21.10,21.00,25.40,21.60,25.80,24.00,20.80,25.70,21.90,23.00,24.10,20.60,23.40,22.60,21.50,21.80,22.30,20.20,22.70,22.70,22.80,23.10,21.00,24.50,23.40,22.20,20.70,20.30,22.30,22.10,25.90,22.40,22.80,21.10,25.70,20.10,25.60,21.50
TLM_RCV,-57,FG-ALPHA,1713170332,AUTO,2,32.87,5.00,-85,94.88,8.19,3.30,4.93,880,573,119,314,21.53,1013.60,11.80,405.90,1,1713170287,GSN-01,-82,23.40,82.90,41,0,0,7.80,84,21.50,21.50,23.40,22.00,21.30,21.20,21.40,23.50,25.60,24.80,24.70,21.10,21.40,23.50,23.10,22.30,20.30,22.50,24.90,20.10,25.80,20.00,24.10,20.90,22.10,22.90,21.30,24.40,21.80,24.00,23.90,24.30,24.50,25.00,24.00,23.60,24.20,21.00,23.50,21.50,21.20,24.20,25.40,20.50,23.10,25.40,23.90,24.80,23.50,25.70,20.10,23.70,20.40,22.30,22.90,24.00,22.40,22.50,23.50,25.90,21.80,24.20,20.30,20.40
TLM_RCV,-43,FG-ALPHA,1713170333,AUTO,2,32.21,5.00,-85,94.82,8.18,3.30,4.98,0,642,139,349,23.21,1012.90,11.80,405.20,1,1713170275,GSN-01,-93,25.80,74.50,41,0,1,7.82,84,22.60,22.00,21.80,21.00,20.80,20.20,22.90,20.10,22.00,21.00,23.00,20.80,20.00,23.70,20.10,20.10,22.80,25.00,21.60,25.80,24.80,22.90,23.70,20.90,23.80,25.80,20.70,23.60,20.20,23.00,75.20,21.30,22.10,24.20,20.50,23.80,20.70,23.90,20.30,22.30,20.60,25.80,24.00,21.90,23.90,24.20,23.50,24.70,25.20,23.40,25.80,21.00,21.60,25.30,23.90,20.90,21.60,21.40,21.70,24.50,25.10,23.90,20.40,22.20
TLM_RCV,-85,FG-ALPHA,1713170334,AUTO,2,31.74,5.00,-85,94.86,8.19,3.30,4.92,951,547,102,292,22.02,1013.60,12.10,406.30,1,1713170320,GSN-01,-72,24.20,83.10,42,0,0,7.80,85,20.90,21.80,24.40,24.10,22.70,25.20,25.90,20.50,20.70,21.50,25.00,24.40,24.50,25.10,21.70,24.00,20.10,25.50,20.00,20.60,20.30,23.50,22.50,24.00,24.60,20.80,21.20,23.20,22.90,21.80,25.50,20.80,25.70,25.70,25.10,20.60,23.90,23.00,25.60,21.30,20.70,21.50,22.40,25.70,22.70,22.90,24.50,24.50,24.90,21.10,24.10,21.20,21.10,21.40,24.10,24.00,24.90,25.50,23.60,25.60,23.60,80.40,21.90,23.20
TLM_RCV,-41,FG-ALPHA,1713170335,AUTO,2,33.82,5.00,-85,94.80,8.19,3.30,4.94,0,564,148,263,22.82,1013.20,11.80,404.70,1,1713170290,GSN-01,-83,24.40,75.10,42,0,0,7.78,85,22.20,24.40,20.40,23.90,24.90,21.30,24.30,20.80,25.40,23.30,24.60,22.70,20.10,25.10,25.10,24.40,23.90,25.00,22.40,25.10,21.30,24.10,24.10,24.90,20.90,23.70,22.30,24.00,20.30,25.30,22.70,24.70,25.40,24.10,20.40,23.40,21.60,22.50,24.70,21.60,22.70,25.60,20.40,25.10,23.40,25.10,22.30,23.70,23.90,22.00,22.60,25.00,22.60,21.50,25.70,20.60,21.80,23.20,20.00,24.80,21.20,23.70,20.50,22.30
TLM_RCV,-59,FG-ALPHA,1713170336,AUTO,2,33.90,5.00,-85,94.75,8.19,3.31,4.93,0,581,116,322,22.91,1012.90,12.10,405.10,1,1713170278,GSN-01,-92,23.20,73.20,41,0,0,7.81,84,20.00,23.90,22.90,22.40,21.30,24.00,24.00,23.20,25.10,22.70,21.00,25.70,21.60,23.20,20.50,21.90,21.50,23.90,24.20,25.30,24.50,24.80,23.50,24.40,22.20,20.10,23.90,23.20,20.60,21.80,21.90,23.10,24.00,23.20,21.00,22.80,24.10,21.40,21.50,23.90,22.50,23.20,22.90,24.40,23.10,20.50,22.90,21.80,21.40,24.90,20.20,21.30,22.70,25.80,21.50,22.70,21.30,23.10,25.90,22.50,23.20,25.50,23.30,25.50
TLM_RCV,-70,FG-ALPHA,1713170337,AUTO,2,34.10,5.00,-85,94.77,8.18,3.30,4.91,876,621,135,338,21.27,1013.00,11.90,405.80,1,1713170305,GSN-01,-86,24.10,80.30,41,0,0,7.81,85,22.40,20.40,22.40,22.50,23.30,23.70,22.30,22.60,24.40,24.50,21.70,25.40,21.70,20.10,20.60,23.70,23.60,22.50,22.50,22.40,20.60,22.10,24.40,20.10,23.10,25.10,22.30,21.30,21.40,20.40,25.90,25.60,20.50,24.40,21.50,22.50,21.20,25.90,20.30,21.40,22.20,23.20,25.50,22.20,23.10,25.00,25.70,23.60,21.40,23.20,24.20,20.80,22.90,20.00,25.50,22.10,23.10,21.00,22.80,21.20,22.50,22.20,24.60,22.20
TLM_RCV,-59,FG-ALPHA,1713170338,AUTO,2,33.56,5.00,-85,94.83,8.20,3.30,4.90,1143,511,107,252,23.16,1013.60,11.90,405.40,1,1713170308,GSN-01,-93,23.90,78.60,46,0,0,7.82,85,21.70,22.40,22.00,24.20,22.20,23.70,24.30,25.00,20.40,24.70,21.50,23.60,22.70,24.70,25.60,24.50,21.60,24.30,23.70,23.80,22.10,23.60,25.60,25.00,22.10,22.70,21.20,22.80,22.80,23.00,22.10,20.40,20.30,21.00,24.10,21.90,22.20,24.20,24.10,22.50,24.50,20.90,24.50,21.70,25.30,23.10,24.20,24.90,21.50,22.50,22.50,22.10,21.30,24.60,23.30,25.50,22.30,23.50,23.50,22.00,21.90,22.70,23.70,23.50
TLM_RCV,-75,FG-ALPHA,1713170339,AUTO,2,32.01,5.00,-85,94.87,8.19,3.31,4.94,958,601,146,308,21.78,1012.70,12.00,405.60,1,1713170321,GSN-01,-86,23.40,81.90,44,0,0,7.81,85,23.20,23.40,22.00,20.20,25.70,24.70,23.40,22.50,23.30,22.40,23.50,24.00,25.80,23.60,23.80,22.40,22.60,23.60,22.60,23.00,25.10,21.70,23.70,21.60,20.10,24.60,23.90,20.90,24.80,22.50,25.00,20.10,24.50,21.40,23.60,25.80,22.90,23.10,25.60,21.30,22.10,25.60,25.20,24.00,20.40,21.20,22.80,25.80,25.60,23.90,21.70,22.30,25.40,25.50,22.10,22.80,23.40,23.10,24.90,20.40,22.60,20.60,22.70,21.40
TLM_RCV,-70,FG-ALPHA,1713170340,AUTO,2,33.10,5.00,-85,94.81,8.18,3.30,4.92,0,619,130,335,23.09,1013.20,12.00,405.70,1,1713170288,GSN-01,-91,23.60,75.00,43,0,0,7.82,85,20.30,24.60,21.90,22.90,24.60,23.80,25.40,20.90,24.30,22.00,24.90,20.30,21.90,20.10,22.90,21.10,23.00,20.60,25.90,22.30,23.70,20.30,24.60,22.30,20.60,25.80,25.90,25.60,21.30,24.10,25.70,23.00,20.40,25.00,24.10,25.20,22.60,22.60,23.50,23.90,25.60,24.00,21.20,20.80,22.30,22.20,21.30,24.70,23.60,21.40,20.80,24.80,20.20,22.30,25.70,20.80,21.00,20.50,25.70,22.90,25.80,24.90,25.10,25.10
TLM_RCV,-65,FG-ALPHA,1713170341,AUTO,2,33.02,5.00,-85,94.86,8.19,3.30,4.97,1177,604,123,337,22.86,1012.70,11.80,404.60,1,1713170308,GSN-01,-76,23.80,79.60,45,0,1,7.79,85,21.40,21.80,20.90,21.20,20.40,22.50,23.10,23.40,21.70,20.60,23.00,22.30,23.00,22.00,25.80,24.50,25.00,25.10,24.10,24.80,21.50,24.20,20.20,22.90,24.40,25.30,25.80,20.90,21.90,23.30,24.60,24.30,20.50,23.60,24.10,22.10,24.70,23.90,20.90,20.70,20.40,20.90,21.60,21.10,20.20,24.30,22.80,23.70,24.60,21.30,22.60,21.80,25.80,21.40,22.70,24.00,21.40,21.70,24.40,24.40,22.80,20.80,20.00,20.00
TLM_RCV,-77,FG-ALPHA,1713170342,AUTO,2,31.84,5.00,-85,94.91,8.19,3.30,4.99,1042,568,126,294,22.37,1013.00,11.90,404.50,1,1713170311,GSN-01,-87,25.50,76.90,46,0,0,7.80,85,23.60,25.80,23.20,20.40,21.60,20.80,24.80,20.60,25.10,23.80,22.10,21.00,21.10,22.30,23.50,25.90,25.40,22.10,23.70,21.40,20.20,24.10,22.90,23.80,21.60,22.90,22.60,22.80,24.10,20.60,22.40,21.60,24.50,25.40,24.10,24.90,23.10,25.40,22.30,20.30,21.30,20.40,23.80,23.10,24.90,24.60,24.40,25.30,20.30,22.20,24.20,21.60,22.90,24.30,22.50,21.30,22.10,24.30,23.90,21.40,21.20,24.10,20.00,25.50
TLM_RCV,-58,FG-ALPHA,1713170343,AUTO,2,32.76,5.00,-85,94.95,8.20,3.29,4.99,931,553,145,261,21.89,1013.50,11.90,405.40,1,1713170312,GSN-01,-74,25.90,81.30,40,0,0,7.82,85,25.00,21.50,24.10,20.00,23.20,20.90,20.70,20.00,23.90,20.60,22.00,20.50,24.90,20.90,21.10,21.90,25.40,25.10,24.40,22.00,21.60,25.90,20.00,25.70,22.10,23.60,21.40,22.20,22.90,22.60,20.20,25.40,23.10,24.40,23.20,24.20,21.70,20.00,23.70,25.00,21.20,21.90,24.20,21.70,23.50,21.80,25.20,23.00,24.10,20.00,21.50,23.40,25.20,25.20,20.70,21.80,21.70,23.60,24.10,22.40,24.60,20.50,23.30,22.60
TLM_RCV,-95,FG-ALPHA,1713170344,AUTO,2,33.12,5.00,-85,94.98,8.19,3.29,4.94,959,623,136,339,21.68,1012.70,12.10,405.50,1,1713170300,GSN-01,-74,23.10,77.80,45,0,0,7.79,84,20.90,25.60,21.10,20.60,22.80,22.70,20.50,23.40,21.40,22.20,23.20,20.10,24.70,23.50,22.00,22.20,21.50,23.80,22.70,23.90,25.80,25.80,21.10,24.00,21.20,23.10,22.30,24.20,21.30,24.80,25.40,24.50,20.30,24.00,25.10,20.00,24.60,23.80,25.10,22.30,23.20,24.60,20.40,23.40,23.70,22.30,22.30,24.80,23.30,21.10,20.30,22.40,22.20,22.30,20.00,20.70,22.20,25.10,21.20,22.90,23.40,22.40,20.40,21.00
TLM_RCV,-92,FG-ALPHA,1713170345,AUTO,2,32.10,5.00,-85,95.03,8.19,3.28,4.90,1112,619,128,348,22.47,1013.60,12.00,406.00,1,1713170290,GSN-01,-93,23.80,76.90,48,0,1,7.81,85,20.70,23.30,23.60,25.60,21.00,20.40,25.50,24.40,23.70,21.40,20.50,20.40,24.10,24.00,20.60,20.60,25.00,20.60,22.50,21.00,21.50,22.50,23.40,23.20,22.70,23.00,24.20,25.40,21.40,24.30,24.20,21.50,24.10,22.70,22.50,25.10,24.60,25.90,24.50,20.10,21.00,21.50,21.40,21.50,21.40,20.00,20.40,24.80,25.20,25.10,21.40,20.60,21.40,24.30,24.10,23.90,23.60,23.40,24.50,22.10,20.20,25.40,20.50,25.90
TLM_RCV,-53,FG-ALPHA,1713170346,AUTO,2,33.03,5.00,-85,94.97,8.19,3.28,4.95,0,605,122,340,23.02,1012.90,12.00,405.40,1,1713170331,GSN-01,-80,23.80,77.30,43,0,0,7.79,84,25.10,25.00,20.20,20.80,24.00,21.20,23.00,20.00,21.90,25.00,24.20,21.20,22.10,20.60,24.10,24.20,24.60,23.90,20.30,24.50,20.30,24.30,20.20,22.20,22.70,20.70,20.20,20.00,23.50,20.90,25.00,22.90,23.40,21.50,24.10,25.30,24.40,20.50,21.00,24.90,23.50,21.40,25.80,24.70,24.00,21.60,22.30,21.20,24.50,24.40,20.70,21.80,24.30,24.40,23.10,20.50,23.50,20.10,22.20,22.90,21.60,22.40,22.00,22.70
TLM_RCV,-47,FG-ALPHA,1713170347,AUTO,2,33.11,5.00,-85,95.01,8.19,3.31,4.92,1039,622,140,339,22.08,1013.30,12.00,406.10,1,1713170315,GSN-01,-85,24.20,78.00,40,0,0,7.78,85,23.00,25.90,21.40,24.80,21.20,22.20,20.70,22.50,25.70,24.20,20.40,20.90,20.80,23.80,22.10,23.80,23.00,23.10,20.10,21.70,22.00,20.40,23.90,25.30,23.90,22.20,25.80,24.10,23.50,23.70,23.60,25.40,21.70,25.80,23.90,25.90,22.40,22.80,21.80,25.60,23.80,22.40,25.50,22.80,25.20,25.60,24.90,22.80,22.30,24.50,25.70,22.80,24.70,24.20,22.30,25.70,22.20,22.90,20.90,20.90,25.00,24.40,25.50,22.80
TLM_RCV,-62,FG-ALPHA,1713170348,AUTO,2,32.10,5.00,-85,95.04,8.19,3.29,4.94,857,621,124,349,21.18,1013.60,11.80,405.50,1,1713170317,GSN-01,-72,23.60,78.30,49,0,0,7.79,84,22.50,20.70,23.10,24.60,20.00,20.00,21.80,21.90,21.60,24.40,20.90,22.00,22.90,22.80,25.90,24.00,23.90,24.20,23.50,22.00,24.10,21.60,21.60,21.00,25.20,20.80,25.80,23.00,24.20,22.10,24.30,25.80,23.80,24.20,23.40,22.60,25.30,21.90,20.20,25.30,25.00,20.50,20.10,23.20,22.70,21.20,23.60,23.90,25.50,22.90,24.70,23.80,21.00,24.90,20.70,24.40,24.20,21.20,22.60,25.90,22.60,25.50,23.80,23.90
TLM_RCV,-89,FG-ALPHA,1713170349,AUTO,2,32.69,5.00,-85,94.98,8.20,3.30,4.96,0,539,108,290,22.69,1012.70,11.80,406.20,1,1713170332,GSN-01,-83,25.20,73.60,45,0,0,7.80,84,21.70,21.00,25.90,20.70,20.40,23.70,20.00,22.90,24.60,22.20,25.90,22.80,25.10,25.90,20.90,24.90,24.70,20.50,21.80,23.40,23.70,21.60,23.90,21.00,25.20,23.80,22.50,21.40,25.20,23.70,22.20,24.20,20.20,21.70,25.50,25.00,24.80,22.50,23.20,23.70,25.80,21.00,24.90,21.90,20.20,23.20,23.30,20.00,25.80,23.20,25.50,22.80,21.60,21.80,20.30,25.30,20.40,21.20,20.70,25.70,25.20,20.80,23.70,20.70
TLM_RCV,-61,FG-ALPHA,1713170350,AUTO,2,33.65,5.00,-85,95.01,8.20,3.29,4.92,810,531,106,268,21.40,1012.90,11.80,406.30,1,1713170334,GSN-01,-89,24.80,80.90,43,0,0,7.81,84,22.60,24.30,23.60,20.80,25.80,20.70,21.10,20.00,21.20,25.00,25.70,24.40,23.90,20.70,20.10,24.20,25.20,21.90,21.20,25.50,20.10,22.80,23.00,22.90,24.50,20.50,21.40,21.10,25.80,20.70,23.90,22.60,24.70,24.50,24.30,21.00,23.30,23.70,23.20,23.90,22.30,25.90,22.50,25.30,21.70,21.20,20.20,25.90,20.20,21.70,21.90,21.40,23.30,25.10,23.50,20.90,25.80,23.60,23.30,23.60,23.80,21.80,20.80,21.50
TLM_RCV,-84,FG-ALPHA,1713170351,AUTO,2,34.06,5.00,-85,95.04,8.19,3.31,4.94,890,613,147,321,21.39,1012.90,11.90,405.60,1,1713170337,GSN-01,-90,24.20,79.00,49,0,0,7.79,84,22.20,24.00,22.60,21.00,20.80,83.20,24.70,20.00,25.00,22.90,22.50,21.80,20.20,22.20,24.00,20.90,23.10,22.30,22.50,25.40,22.90,22.00,25.50,23.30,22.60,25.10,25.90,25.60,20.70,24.60,25.60,25.20,22.90,21.50,20.80,21.50,21.20,20.10,22.50,25.60,23.80,20.20,20.70,22.50,23.20,24.90,25.70,20.10,23.50,20.40,22.90,20.50,21.10,22.30,21.40,25.40,21.80,24.30,24.60,21.70,22.50,25.60,21.50,24.80
TLM_RCV,-64,FG-ALPHA,1713170352,AUTO,2,32.90,5.00,-85,95.10,8.20,3.31,4.92,1141,579,101,319,22.81,1012.80,11.80,405.20,1,1713170319,GSN-01,-93,24.90,81.80,46,0,0,7.79,84,22.20,24.40,24.80,24.60,22.60,24.40,21.20,24.80,25.20,20.90,20.10,23.10,24.20,23.70,21.80,22.60,22.10,21.00,24.30,22.70,24.60,24.60,23.40,23.00,22.90,23.90,23.80,21.70,23.40,25.80,25.20,21.10,24.50,25.60,25.10,23.20,23.40,21.90,20.10,24.70,22.60,24.50,21.00,21.40,22.00,20.30,24.00,25.80,20.30,22.10,22.80,20.00,23.80,24.30,21.80,22.40,24.40,24.10,22.70,23.50,22.80,23.70,22.60,22.70
TLM_RCV,-80,FG-ALPHA,1713170353,AUTO,2,32.97,5.00,-85,95.13,8.19,3.31,4.97,915,593,142,301,21.61,1013.00,12.10,405.50,1,1713170319,GSN-01,-91,25.50,82.90,43,0,0,7.79,84,23.30,23.90,21.50,20.80,20.50,20.00,25.20,25.00,20.00,23.60,22.30,24.50,21.80,23.00,24.40,21.10,22.10,22.00,21.40,23.00,24.60,20.80,20.30,20.60,21.80,21.60,25.20,20.20,20.00,23.00,22.90,23.00,23.90,24.40,20.00,25.80,24.90,21.00,23.80,22.90,24.20,24.50,22.30,22.60,22.90,20.40,25.40,23.40,22.00,22.50,20.10,22.20,24.50,21.30,25.40,22.10,25.30,25.30,23.40,20.80,23.30,25.30,25.00,21.40
TLM_RCV,-75,FG-ALPHA,1713170354,AUTO,2,31.80,5.00,-85,95.19,8.20,3.28,4.93,1148,560,118,302,22.94,1013.60,12.00,406.30,1,1713170337,GSN-01,-93,25.10,76.20,48,0,0,7.81,85,24.70,24.50,25.80,22.10,21.60,24.40,25.10,20.40,24.10,23.60,23.90,20.90,21.30,22.00,23.00,24.10,22.00,20.10,24.70,20.80,24.30,22.60,21.10,24.70,25.70,22.50,25.40,23.90,22.40,25.40,23.40,25.60,24.50,20.70,23.00,24.90,20.30,22.10,21.70,20.20,21.30,21.80,20.50,23.20,21.90,22.50,24.90,25.50,23.20,24.40,21.90,21.10,20.00,24.80,23.50,24.10,24.80,22.10,21.80,23.60,21.40,22.50,23.20,22.70
TLM_RCV,-93,FG-ALPHA,1713170355,AUTO,2,31.69,5.00,-85,95.22,8.20,3.31,4.97,843,539,125,270,21.52,1013.10,11.80,404.70,1,1713170343,GSN-01,-81,25.00,76.80,48,0,0,7.81,84,22.20,21.30,24.60,24.60,24.80,22.80,21.50,24.90,25.20,20.40,22.40,22.80,22.10,21.90,21.70,24.20,24.20,25.90,24.10,22.60,21.40,25.60,20.90,20.90,24.80,23.20,25.90,23.00,21.80,23.00,25.50,23.50,21.70,25.90,22.00,20.90,22.10,23.80,24.90,24.80,21.00,25.10,22.00,23.80,21.90,25.90,25.90,21.80,25.30,20.10,25.30,21.60,24.50,23.20,25.20,25.50,20.10,21.90,23.80,21.50,22.80,21.70,25.40,25.70
TLM_RCV,-87,FG-ALPHA,1713170356,AUTO,2,33.03,5.00,-85,95.26,8.20,3.31,4.94,1042,607,123,335,22.17,1012.80,11.90,404.90,1,1713170314,GSN-01,-73,23.30,80.40,41,0,0,7.82,85,23.00,21.60,21.10,24.50,24.30,25.30,25.90,21.70,21.20,25.30,22.70,23.90,23.50,23.90,20.00,25.60,25.40,20.80,20.50,23.50,22.10,21.80,23.50,21.50,20.10,21.70,25.50,21.40,23.00,25.40,20.80,20.90,22.90,24.50,21.60,24.10,22.10,20.70,23.60,25.60,23.40,20.40,22.00,20.60,23.70,24.50,23.20,21.60,25.50,25.70,20.10,21.20,20.30,22.10,25.40,25.60,20.80,23.00,20.50,21.90,23.20,21.40,24.60,24.00
TLM_RCV,-82,FG-ALPHA,1713170357,AUTO,2,31.67,5.00,-85,95.29,8.21,3.31,4.90,850,533,128,265,21.58,1013.00,11.80,406.00,1,1713170313,GSN-01,-80,23.80,73.60,48,0,0,7.80,84,20.60,20.30,25.50,23.70,24.40,24.70,23.00,20.10,23.60,22.20,23.30,25.80,23.50,23.00,20.20,25.20,23.60,22.30,25.20,24.70,20.80,20.20,24.10,23.70,23.30,23.70,25.30,25.50,24.50,22.10,22.80,24.50,23.50,23.60,20.80,22.50,25.20,21.70,22.50,25.00,25.50,24.60,24.40,23.90,20.40,23.60,22.00,21.30,24.60,20.80,25.40,23.80,20.30,20.90,25.10,25.60,20.50,20.20,20.00,20.70,23.90,23.90,22.10,21.20
TLM_RCV,-95,FG-ALPHA,1713170358,AUTO,2,33.96,5.00,-85,95.34,8.20,3.28,4.95,1102,591,145,297,22.56,1013.50,12.10,405.30,1,1713170301,GSN-01,-93,25.60,79.70,45,0,0,7.81,85,21.20,25.00,22.70,20.30,24.40,21.00,21.50,20.10,22.60,22.30,20.30,25.40,25.20,22.40,23.80,21.30,24.90,24.00,23.60,24.20,22.70,21.40,20.10,24.90,21.80,21.20,21.00,24.40,22.10,21.20,23.90,20.20,24.20,21.10,20.80,20.80,21.60,21.10,20.50,20.60,23.00,22.00,24.80,23.30,22.10,20.10,21.90,20.00,25.90,24.60,22.50,20.20,25.40,20.80,20.30,21.50,21.60,21.10,22.30,25.40,23.40,21.70,23.50,22.30
TLM_RCV,-87,FG-ALPHA,1713170359,AUTO,2,32.97,5.00,-85,95.28,8.20,3.28,4.90,0,594,132,306,22.97,1013.00,11.80,406.20,1,1713170301,GSN-01,-89,24.60,78.10,45,1,0,7.80,85,24.70,25.20,23.80,20.10,24.40,21.90,25.70,20.40,20.10,21.60,25.00,24.10,24.60,24.80,21.00,23.90,25.60,22.10,23.90,23.20,22.20,20.20,21.60,21.70,23.30,23.00,24.70,22.10,21.20,22.20,24.70,24.70,24.80,22.00,22.10,23.00,21.20,20.90,23.30,25.30,21.10,24.50,22.90,22.30,21.10,20.60,24.90,20.90,20.90,25.80,24.10,21.30,25.10,24.10,23.40,23.80,24.60,23.90,22.90,25.40,23.30,24.40,23.00,22.60
TLM_RCV,-70,FG-ALPHA,1713170360,AUTO,2,32.62,5.00,-85,95.35,8.21,3.30,4.95,1168,523,101,273,23.23,1013.40,12.10,406.10,1,1713170302,GSN-01,-83,24.90,80.60,49,0,0,7.79,85,22.00,25.80,23.50,24.30,24.10,24.60,23.00,22.20,25.80,24.40,20.80,23.00,23.20,23.90,21.90,21.80,24.60,24.80,21.60,22.20,22.70,21.50,21.10,25.40,21.30,21.90,25.90,25.00,21.00,25.00,21.60,21.40,22.90,24.30,21.60,24.10,20.90,25.00,21.90,21.10,23.70,21.20,23.00,21.50,21.10,20.70,20.80,23.30,22.20,22.40,24.30,21.60,24.20,24.70,23.60,22.80,20.90,21.10,23.30,22.50,25.20,20.40,21.00,21.10
TLM_RCV,-58,FG-ALPHA,1713170361,AUTO,2,32.96,5.00,-85,95.39,8.20,3.29,4.95,1018,592,149,298,22.13,1013.60,12.00,405.90,1,1713170331,GSN-01,-76,23.20,79.50,49,0,0,7.81,85,20.80,22.50,21.70,23.20,24.70,81.10,23.80,21.00,21.60,20.50,23.10,20.60,24.40,24.90,23.50,23.10,25.40,25.40,20.60,20.30,24.60,22.10,23.60,24.80,20.10,22.10,25.50,21.60,20.40,24.00,25.30,24.60,21.60,24.60,23.20,22.80,23.30,24.10,20.20,25.30,21.30,23.00,25.60,25.80,22.20,25.60,22.70,23.90,25.90,25.00,21.10,21.80,23.30,22.80,21.30,23.40,21.60,21.00,22.70,21.90,20.10,21.50,25.20,24.00
TLM_RCV,-80,FG-ALPHA,1713170362,AUTO,2,31.87,5.00,-85,95.44,8.20,3.30,4.93,1073,575,133,285,22.49,1013.40,12.00,405.30,1,1713170327,GSN-01,-82,23.20,75.00,46,0,0,7.80,84,23.50,20.30,20.50,23.70,20.40,20.60,24.50,22.60,20.70,20.00,24.30,23.20,20.80,20.60,20.70,22.20,22.20,20.80,23.00,21.70,21.50,23.20,20.50,21.80,25.00,20.00,21.10,21.20,21.30,23.30,22.60,23.30,25.10,24.90,23.20,25.10,24.00,25.70,23.10,21.60,20.10,22.30,20.80,24.50,20.70,24.40,21.50,24.20,21.70,22.40,21.90,20.70,20.70,25.80,23.50,25.70,20.20,22.10,24.80,24.10,25.40,22.90,20.70,22.40
TLM_RCV,-44,FG-ALPHA,1713170363,AUTO,2,32.00,5.00,-85,95.49,8.20,3.31,4.93,1127,600,109,338,22.64,1013.20,11.90,406.30,1,1713170331,GSN-01,-71,24.90,80.00,44,0,0,7.79,85,24.00,24.00,24.10,25.50,23.30,20.90,25.70,20.10,22.30,21.70,24.90,22.60,25.70,21.20,21.90,25.20,20.80,23.20,20.50,21.30,21.90,24.40,22.80,22.40,25.70,23.20,25.70,21.40,21.50,23.70,22.80,24.00,21.20,20.80,22.30,24.40,24.40,25.50,21.30,23.40,25.80,22.00,24.80,22.00,25.20,20.80,23.20,23.60,25.90,24.60,24.40,24.00,23.40,22.80,21.50,23.70,24.80,21.60,20.70,23.50,25.60,24.20,25.80,22.70
TLM_RCV,-56,FG-ALPHA,1713170364,AUTO,2,31.92,5.00,-85,95.44,8.20,3.31,4.96,0,585,145,286,22.92,1012.80,12.10,404.90,1,1713170315,GSN-01,-80,24.60,75.40,42,0,0,7.80,85,25.60,25.40,21.80,23.10,20.50,24.70,24.10,23.00,21.80,22.50,25.80,21.10,22.60,25.00,25.40,22.50,21.40,24.20,24.70,21.40,20.70,22.20,25.00,24.30,25.40,20.90,22.90,21.60,24.30,20.60,22.10,21.00,20.80,22.80,20.50,20.90,24.00,21.00,21.70,24.70,21.10,22.90,21.80,24.00,25.20,23.20,25.10,20.20,22.60,20.60,20.80,25.70,23.30,21.40,24.20,21.30,25.10,21.80,20.60,20.20,20.80,25.50,25.60,25.80
TLM_RCV,-71,FG-ALPHA,1713170365,AUTO,2,33.77,5.00,-85,95.48,8.21,3.28,4.96,1035,554,136,265,22.41,1013.40,11.90,406.10,1,1713170315,GSN-01,-74,25.70,76.50,46,0,0,7.79,85,21.10,24.50,25.50,23.90,22.30,22.80,20.00,21.50,23.90,22.40,21.00,22.70,20.10,22.50,22.80,25.60,22.10,24.60,20.00,20.40,23.20,24.10,24.70,22.40,21.00,20.00,21.50,22.90,20.20,23.90,20.40,20.60,21.50,21.90,20.80,25.70,24.90,21.20,22.00,25.30,23.00,24.10,25.20,20.50,23.00,22.80,21.60,21.50,20.90,21.60,24.90,25.00,24.30,22.50,20.60,25.40,21.50,21.00,24.30,21.70,24.90,23.20,23.70,25.90
TLM_RCV,-46,FG-ALPHA,1713170366,AUTO,2,33.18,5.00,-85,95.51,8.20,3.30,4.93,897,636,143,338,21.31,1013.10,11.90,405.80,1,1713170340,GSN-01,-93,25.60,81.90,43,0,0,7.81,85,25.00,22.60,24.50,25.10,21.40,22.10,23.20,20.90,21.60,20.70,22.90,22.60,20.30,23.60,24.00,21.50,22.60,21.40,22.80,20.90,25.80,21.60,25.60,22.40,20.10,22.90,22.30,23.40,24.00,25.10,24.00,21.80,22.40,22.40,22.70,20.30,20.30,25.00,22.90,24.70,25.80,21.80,20.30,22.90,22.80,23.20,21.00,22.60,25.60,20.20,22.60,24.20,22.30,22.90,22.20,23.80,25.40,20.80,24.10,25.30,23.80,23.10,24.70,23.50
TLM_RCV,-71,FG-ALPHA,1713170367,AUTO,2,33.12,5.00,-85,95.45,8.20,3.28,4.95,0,624,142,341,23.12,1013.20,11.80,406.30,1,1713170350,GSN-01,-74,24.20,82.10,40,0,0,7.81,84,25.20,24.20,22.80,25.20,25.00,23.80,24.80,23.40,23.60,22.00,20.00,23.70,21.50,24.20,24.90,23.50,22.10,21.50,20.10,25.30,21.80,25.10,23.50,21.60,20.60,23.90,22.10,22.30,21.00,24.60,23.10,24.60,20.00,20.40,21.60,20.30,21.30,22.40,23.70,21.10,25.70,21.10,21.60,22.10,25.60,21.00,23.50,25.90,25.70,23.70,21.20,24.10,22.10,23.20,22.60,24.30,22.40,25.50,22.40,23.80,20.80,22.30,20.90,23.60
TLM_RCV,-54,FG-ALPHA,1713170368,AUTO,2,33.76,5.00,-85,95.39,8.21,3.28,4.90,0,552,137,266,22.76,1013.60,12.00,406.20,1,1713170314,GSN-01,-80,24.30,76.90,44,1,0,7.78,84,20.50,20.70,20.90,25.80,21.10,22.10,20.40,25.80,21.40,22.00,23.90,24.70,20.50,25.10,21.10,20.50,22.50,22.40,25.00,25.20,25.10,21.50,21.40,22.40,23.50,22.60,23.30,22.90,20.40,22.80,25.20,20.40,25.40,20.00,24.90,21.00,24.00,25.20,23.00,23.90,24.00,24.20,24.40,23.30,21.80,24.10,25.20,21.20,24.30,25.00,20.30,23.10,25.00,20.10,25.20,23.50,22.10,20.30,22.70,21.00,23.00,22.20,23.20,21.70
TLM_RCV,-92,FG-ALPHA,1713170369,AUTO,2,33.02,5.00,-85,95.43,8.20,3.29,4.99,951,604,123,326,21.74,1013.00,12.00,405.10,1,1713170358,GSN-01,-72,24.10,82.30,48,0,0,7.82,84,24.40,22.00,24.90,21.70,24.00,23.50,25.40,21.80,25.70,24.40,23.50,22.30,25.30,21.30,23.30,24.10,22.70,22.70,24.60,23.40,20.60,24.10,22.60,24.90,23.80,24.60,23.20,25.30,24.90,20.20,23.50,21.00,20.40,23.20,21.60,23.60,23.10,24.50,22.10,25.80,25.70,25.40,24.10,23.80,21.20,20.70,22.30,22.90,24.10,22.30,24.40,25.90,25.90,24.50,22.70,24.30,22.00,25.10,21.30,24.90,21.60,22.30,25.80,21.70
TLM_RCV,-88,FG-ALPHA,1713170370,AUTO,2,33.60,5.00,-85,95.37,8.21,3.29,4.98,0,521,113,258,22.60,1013.10,11.90,405.10,1,1713170322,GSN-01,-91,24.20,73.70,41,0,0,7.79,85,22.40,24.90,23.50,22.80,21.00,22.90,25.70,21.00,21.70,22.00,24.00,23.80,24.00,23.50,20.50,25.20,20.20,21.80,25.60,22.50,20.50,22.30,22.60,24.00,22.30,24.80,22.70,24.10,22.00,25.70,21.70,24.80,25.30,23.20,20.90,20.60,22.00,25.20,22.20,23.40,24.20,20.30,22.90,20.10,21.30,21.10,25.60,20.90,23.40,24.80,24.10,23.10,20.20,23.00,23.80,22.20,20.50,21.30,22.50,23.80,21.70,25.10,20.80,23.20
TLM_RCV,-75,FG-ALPHA,1713170371,AUTO,2,32.71,5.00,-85,95.40,8.21,3.29,4.98,821,541,144,252,21.40,1013.50,12.10,405.70,1,1713170358,GSN-01,-80,24.30,78.40,40,0,0,7.78,84,20.80,22.70,22.00,21.10,24.80,23.20,24.00,20.40,24.40,20.50,23.60,21.20,22.00,25.50,24.30,22.60,20.60,21.50,24.30,23.00,25.50,23.60,20.60,24.80,24.90,24.40,22.00,25.40,22.20,20.50,22.60,20.70,23.60,22.30,23.20,21.00,24.10,25.80,22.80,25.30,25.40,21.40,23.20,25.10,22.80,20.20,25.70,24.50,21.60,25.80,23.00,22.90,21.30,22.80,21.10,25.20,20.10,22.10,24.60,23.50,25.00,23.20,20.50,20.90
TLM_RCV,-52,FG-ALPHA,1713170393,AUTO,2,33.76,5.00,-85,96.49,8.23,3.31,4.94,0,553,133,274,22.76,1013.20,12.10,404.60,1,1713170381,GSN-01,-89,25.00,77.80,40,0,0,7.79,85,25.60,22.60,22.80,23.30,25.10,22.50,21.10,21.40,23.50,21.90,20.30,20.50,25.00,24.00,24.90,23.70,24.10,23.10,21.50,24.50,25.10,24.10,23.10,21.10,22.50,24.40,22.90,24.90,20.70,24.40,21.20,24.50,21.60,22.40,20.30,22.00,21.50,20.10,22.00,22.30,20.50,25.80,24.80,25.30,20.60,25.80,20.80,25.20,20.40,20.50,20.90,20.90,22.30,25.50,24.60,21.90,20.20,24.70,25.90,25.50,24.00,20.40,21.90,20.00
TLM_RCV,-91,FG-ALPHA,1713170394,AUTO,2,32.13,5.00,-85,96.42,8.22,3.28,4.92,0,627,137,342,23.14,1012.90,11.90,404.80,1,1713170372,GSN-01,-72,24.70,75.90,47,0,0,7.78,85,25.70,25.90,20.20,23.80,24.30,22.80,20.60,22.40,24.80,22.00,22.80,21.80,25.00,25.90,23.50,25.60,21.00,21.60,21.30,21.90,24.30,22.80,21.00,23.90,21.20,25.60,22.10,22.20,24.10,21.10,22.90,24.70,24.70,21.30,21.10,23.20,23.40,24.10,24.10,24.20,22.30,24.60,23.50,25.20,24.70,24.30,24.20,21.30,21.60,22.70,22.60,24.40,21.60,20.60,25.50,20.80,24.60,25.00,24.40,23.30,20.80,24.10,25.80,20.00
TLM_RCV,-55,FG-ALPHA,1713170395,AUTO,2,33.97,5.00,-85,96.48,8.23,3.31,4.95,1164,593,115,321,22.85,1012.70,11.80,405.00,1,1713170352,GSN-01,-91,23.00,79.10,42,0,1,7.79,85,21.50,21.20,21.60,22.80,21.50,25.50,20.20,24.60,24.90,23.90,21.20,24.80,22.70,22.50,20.80,22.60,21.70,20.00,23.40,21.50,23.70,23.50,22.80,21.90,21.00,22.20,25.50,20.60,24.50,22.90,20.20,25.30,21.80,21.10,20.60,23.60,25.90,22.70,24.50,21.20,22.90,23.60,20.40,20.90,24.60,21.60,24.90,24.90,24.50,24.20,25.40,23.30,22.50,24.10,23.90,21.00,21.30,24.50,20.50,23.80,24.90,25.00,23.80,25.00
TLM_RCV,-70,FG-ALPHA,1713170396,AUTO,2,33.03,5.00,-85,96.42,8.22,3.31,4.91,0,605,135,316,23.02,1012.90,11.80,406.10,1,1713170385,GSN-01,-82,25.70,79.20,45,0,0,7.79,85,23.20,22.10,21.90,23.80,22.70,22.90,23.80,20.70,21.80,25.90,20.20,24.50,23.30,25.00,25.90,23.70,21.60,21.40,25.20,23.60,21.10,25.40,20.30,24.30,22.70,20.20,23.10,23.00,24.30,22.80,21.30,20.30,22.00,25.00,22.80,25.20,21.70,22.80,25.00,21.90,23.60,23.70,23.20,25.40,21.60,24.20,25.70,22.20,22.20,20.50,20.20,21.60,22.00,24.00,21.90,25.60,20.80,25.20,20.70,20.50,20.10,23.30,20.20,23.70
TLM_RCV,-67,FG-ALPHA,1713170397,AUTO,2,31.95,5.00,-85,96.36,8.22,3.31,4.98,0,591,106,328,22.95,1013.40,11.80,405.50,1,1713170341,GSN-01,-85,25.10,73.50,47,0,0,7.79,84,23.10,24.20,20.00,20.30,20.80,22.10,25.50,21.30,23.20,24.20,24.50,20.50,25.70,82.90,21.60,25.00,21.60,22.20,20.60,23.80,25.30,23.50,24.20,20.80,22.70,25.50,25.60,21.30,21.80,20.90,22.20,24.50,24.90,24.40,20.20,21.50,23.40,25.00,23.90,23.00,23.30,22.40,22.80,20.50,24.60,21.40,23.10,23.60,22.60,24.50,24.70,24.20,21.80,25.90,21.70,21.10,21.40,20.10,20.10,22.00,24.30,22.30,21.10,24.30
TLM_RCV,-93,FG-ALPHA,1713170398,AUTO,2,31.72,5.00,-85,96.42,8.23,3.29,4.90,1149,543,101,286,23.03,1013.40,12.10,404.90,1,1713170369,GSN-01,-94,24.30,81.30,42,0,0,7.79,85,22.30,22.60,25.60,20.00,25.30,24.70,23.70,22.90,21.60,20.60,23.80,25.40,25.60,23.10,24.30,21.10,21.00,23.30,20.60,20.90,24.10,25.90,23.90,21.30,24.50,24.40,25.50,24.40,25.70,24.80,22.10,22.30,23.10,23.80,25.50,25.20,25.60,25.10,21.50,22.20,20.20,22.10,21.70,25.00,24.20,24.80,24.00,25.10,23.00,24.20,24.30,24.20,23.20,21.10,21.00,24.50,22.40,23.10,21.10,23.50,22.60,25.20,25.80,24.20
TLM_RCV,-65,FG-ALPHA,1713170399,AUTO,2,33.78,5.00,-85,96.46,8.23,3.29,4.97,978,557,123,290,22.10,1012.70,11.80,405.50,1,1713170352,GSN-01,-85,24.60,78.90,44,0,1,7.78,85,20.20,25.00,21.00,21.00,20.30,23.70,20.40,22.60,25.00,23.70,22.40,20.40,21.10,22.40,25.00,20.80,25.90,21.60,24.30,25.20,21.20,21.20,25.70,25.50,23.90,23.40,22.30,23.20,20.30,21.00,21.30,20.20,21.60,24.10,20.50,20.20,20.80,24.00,22.50,22.30,21.70,24.90,20.70,25.40,22.80,22.60,25.50,21.80,22.20,23.00,25.70,25.30,25.60,24.20,21.30,24.30,21.80,24.00,21.00,24.70,24.90,24.70,25.50,24.10
TLM_RCV,-76,FG-ALPHA,1713170400,AUTO,2,33.92,5.00,-85,96.51,8.23,3.31,4.96,1057,583,139,285,22.37,1012.70,11.80,405.80,1,1713170354,GSN-01,-72,25.20,82.20,41,0,1,7.81,84,20.00,23.70,23.60,21.30,21.70,23.80,25.20,21.50,24.20,22.50,24.10,21.90,22.70,24.40,24.10,20.10,25.40,20.60,22.20,21.90,21.10,20.80,22.10,21.90,25.10,23.90,21.00,22.50,20.00,25.20,20.20,23.10,23.40,24.50,21.70,24.00,22.00,22.20,21.70,20.80,22.40,20.10,22.10,21.80,23.70,25.00,24.80,21.50,22.60,23.50,22.30,21.60,23.40,24.00,21.90,21.20,20.50,23.40,25.00,25.20,25.40,25.40,20.70,25.40
TLM_RCV,-60,FG-ALPHA,1713170401,AUTO,2,32.26,5.00,-85,96.45,8.22,3.30,4.95,0,651,147,347,23.26,1013.50,11.80,406.10,1,1713170350,GSN-01,-71,25.40,77.10,43,0,0,7.80,84,24.30,23.70,22.10,20.50,23.70,24.20,20.60,21.70,24.10,20.50,20.00,22.40,22.70,20.40,25.20,25.60,20.40,23.70,25.30,21.40,25.90,24.80,23.30,22.50,21.10,21.60,21.60,25.60,23.10,20.00,20.70,20.00,25.00,22.10,25.70,25.70,25.40,22.00,22.90,20.60,23.20,25.20,21.30,23.20,22.20,24.20,20.60,20.50,20.10,22.40,22.90,25.70,25.40,24.70,24.90,24.70,25.60,25.60,21.80,25.40,24.20,21.60,22.60,23.10
TLM_RCV,-56,FG-ALPHA,1713170402,AUTO,2,32.78,5.00,-85,96.50,8.23,3.29,4.98,1103,555,111,303,22.74,1013.10,12.10,406.10,1,1713170387,GSN-01,-92,24.30,79.10,42,0,0,7.81,84,23.60,20.50,22.40,25.60,20.00,23.90,25.10,24.10,24.00,20.40,24.50,20.60,22.80,25.20,24.30,21.40,25.70,23.30,22.60,25.50,20.30,20.00,25.80,23.20,25.80,20.00,21.50,24.20,25.50,25.50,22.00,24.70,20.60,24.20,20.80,20.00,22.90,21.60,21.00,24.10,24.20,24.10,24.90,21.00,20.10,25.60,22.20,20.40,20.20,24.20,22.00,25.80,25.50,24.80,24.60,21.50,25.90,20.40,23.30,24.10,22.40,25.50,23.00,21.90
TLM_RCV,-61,FG-ALPHA,1713170403,AUTO,2,32.04,5.00,-85,96.44,8.22,3.30,4.92,0,609,121,341,23.05,1012.80,11.80,404.70,1,1713170353,GSN-01,-89,23.70,78.70,49,0,0,7.79,85,24.60,22.80,25.60,20.70,23.20,25.80,20.70,23.40,24.00,20.60,21.60,22.40,20.00,21.10,22.30,21.80,25.90,24.00,22.70,23.80,25.90,21.80,23.10,21.90,23.30,25.60,20.30,21.90,25.70,20.00,20.90,25.90,25.50,25.00,20.00,21.80,22.60,21.20,20.80,20.20,20.80,21.80,22.10,25.30,23.90,23.60,23.70,24.10,25.50,25.90,21.00,24.60,22.90,25.70,25.20,25.40,25.00,24.70,24.70,23.60,25.30,20.90,25.90,21.20
TLM_RCV,-65,FG-ALPHA,1713170404,AUTO,2,32.72,5.00,-85,96.47,8.23,3.29,4.90,806,544,123,274,21.31,1013.50,11.80,404.70,1,1713170379,GSN-01,-81,23.40,73.70,46,0,0,7.80,84,21.80,21.90,24.00,22.90,25.00,24.20,21.10,20.90,22.20,24.80,23.90,21.00,23.80,25.70,25.60,20.00,23.90,22.20,23.30,21.50,20.30,24.70,23.80,21.50,21.70,23.60,21.60,21.50,24.50,21.50,25.50,23.60,23.20,21.40,25.00,21.20,22.20,24.90,24.00,23.60,20.10,24.90,22.40,21.10,24.50,23.90,21.60,24.50,24.70,25.70,25.00,24.80,23.10,20.70,20.80,25.80,22.80,24.50,21.60,20.00,25.60,21.10,20.90,24.80
TLM_RCV,-94,FG-ALPHA,1713170405,AUTO,2,32.08,5.00,-85,96.51,8.22,3.30,4.97,1000,617,128,344,21.91,1013.10,12.10,405.60,1,1713170366,GSN-01,-79,25.60,80.70,40,0,0,7.81,85,21.70,25.00,22.00,25.40,22.30,20.80,25.90,24.00,25.00,22.20,21.30,24.40,21.60,25.10,25.30,24.30,25.50,20.90,23.30,24.40,21.00,24.10,25.00,22.60,83.30,25.90,20.30,24.00,23.10,23.70,25.20,25.70,20.50,25.30,20.50,22.90,22.80,23.00,24.40,22.50,25.90,20.70,20.20,22.50,25.00,21.90,23.90,20.70,21.20,20.50,22.90,24.60,25.20,21.80,24.30,21.20,20.60,21.20,22.20,22.90,20.80,24.60,24.70,21.90
TLM_RCV,-72,FG-ALPHA,1713170406,AUTO,2,33.94,5.00,-85,96.56,8.23,3.29,4.91,1137,589,114,330,22.74,1013.20,11.80,406.10,1,1713170377,GSN-01,-72,23.70,79.10,44,0,0,7.78,85,24.50,21.90,24.50,25.20,22.70,85.50,20.60,20.00,23.00,21.10,22.50,24.30,21.10,25.80,25.90,24.40,24.30,22.60,22.30,24.20,23.70,25.50,21.30,22.70,20.80,23.30,23.70,21.30,20.60,23.80,22.10,22.90,25.30,21.80,24.40,25.50,23.80,23.30,25.90,24.80,21.30,20.80,24.80,20.20,20.80,25.60,25.80,24.60,20.10,25.70,22.40,22.80,23.60,24.40,25.50,23.10,24.00,25.70,24.70,22.80,20.90,20.10,23.80,22.10
TLM_RCV,-82,FG-ALPHA,1713170407,AUTO,2,32.84,5.00,-85,96.59,8.23,3.30,4.97,838,568,111,311,21.35,1013.10,12.00,406.10,1,1713170371,GSN-01,-82,25.60,82.80,43,0,0,7.79,84,22.50,22.90,22.30,25.00,20.40,20.80,24.20,21.10,20.80,21.40,20.40,23.30,23.90,24.10,21.70,25.50,24.30,23.40,21.90,25.40,22.70,25.60,25.20,20.00,21.20,23.80,20.20,20.60,21.10,20.20,24.70,22.20,21.50,24.40,23.40,23.50,25.90,25.40,21.00,21.30,24.40,20.30,24.80,25.00,21.80,22.70,21.00,22.20,24.60,22.20,22.70,24.40,20.10,23.00,24.60,25.40,20.60,20.00,20.70,23.90,23.30,25.10,20.30,21.80
TLM_RCV,-42,FG-ALPHA,1713170408,AUTO,2,33.77,5.00,-85,96.64,8.24,3.31,4.94,1096,554,139,262,22.71,1013.00,12.10,405.10,1,1713170357,GSN-01,-73,24.00,82.60,42,0,0,7.81,85,22.50,22.80,25.30,20.40,24.10,22.90,21.40,25.60,21.30,22.90,23.00,20.80,21.00,24.30,23.00,24.50,22.50,21.00,24.60,23.00,22.00,22.30,20.30,22.60,22.60,20.60,20.70,20.20,23.00,24.20,23.30,23.40,23.60,24.10,25.40,20.80,24.30,21.10,24.90,22.80,22.90,22.80,23.00,21.60,21.60,24.80,24.20,25.10,22.30,20.80,20.20,24.40,25.20,21.20,21.40,21.60,24.40,20.70,24.10,25.50,21.50,22.60,25.40,20.40
TLM_RCV,-41,FG-ALPHA,1713170409,AUTO,2,31.84,5.00,-85,96.68,8.23,3.30,4.92,944,569,141,271,21.87,1013.40,12.00,406.20,1,1713170351,GSN-01,-93,25.20,81.10,44,0,0,7.80,84,23.50,21.00,21.70,21.50,25.50,25.00,23.90,22.90,20.40,21.60,22.00,20.20,21.70,24.80,22.80,21.30,24.70,25.90,23.20,25.10,20.40,25.40,20.00,25.90,20.10,23.20,25.40,24.70,25.80,25.40,23.70,20.20,25.30,23.90,25.10,21.00,22.50,21.30,24.50,21.20,23.30,23.50,23.40,20.90,24.20,23.50,21.80,23.20,20.50,22.60,24.50,20.40,20.80,22.70,20.30,24.50,21.80,20.60,24.60,21.90,20.10,22.10,24.00,21.10
TLM_RCV,-65,FG-ALPHA,1713170410,AUTO,2,31.83,5.00,-85,96.71,8.24,3.30,4.93,889,566,111,303,21.61,1013.20,11.90,405.20,1,1713170372,GSN-01,-75,24.10,83.10,41,0,0,7.81,85,20.50,23.20,23.80,22.70,24.30,22.40,25.40,20.20,20.90,22.70,22.20,21.00,21.10,25.10,20.30,20.10,22.90,25.60,21.30,23.70,23.80,24.90,22.10,22.30,23.40,21.50,24.50,20.10,24.70,22.10,25.60,24.00,21.10,22.40,20.40,23.20,23.80,25.10,25.80,23.00,22.70,21.30,22.90,25.10,25.50,23.50,25.30,25.60,20.70,25.30,21.80,25.10,23.60,22.00,20.30,21.40,21.50,24.90,23.80,24.10,22.50,24.90,25.10,21.20
TLM_RCV,-73,FG-ALPHA,1713170411,AUTO,2,32.69,5.00,-85,96.77,8.24,3.31,4.93,1109,537,112,284,22.86,1013.60,12.10,405.20,1,1713170352,GSN-01,-71,24.50,81.00,44,1,0,7.82,85,24.60,23.50,25.00,22.80,22.70,23.60,23.50,23.40,21.90,24.70,24.00,25.90,21.30,23.90,24.40,20.80,20.10,25.20,23.30,25.50,21.30,23.40,24.80,24.90,23.10,22.60,21.30,20.50,21.90,21.50,21.40,22.90,21.50,23.80,25.60,24.90,22.80,25.20,24.60,25.90,22.60,22.50,22.90,23.00,25.80,23.80,23.30,25.40,20.20,20.90,22.00,23.40,23.70,21.40,21.00,24.30,22.80,23.80,24.90,22.60,20.30,23.30,21.10,21.70
TLM_RCV,-60,FG-ALPHA,1713170412,AUTO,2,32.81,5.00,-85,96.80,8.24,3.31,4.96,922,562,147,275,21.80,1013.30,11.90,405.30,1,1713170388,GSN-01,-80,23.80,80.00,42,0,0,7.82,84,23.90,22.50,25.20,23.80,21.00,24.60,25.60,22.20,23.20,23.90,25.40,24.80,23.20,22.00,23.00,20.90,24.00,23.90,23.00,20.80,20.80,20.40,25.00,25.50,20.10,20.20,20.50,20.70,25.80,21.20,25.10,25.30,22.40,22.40,21.90,21.30,23.10,25.80,20.20,22.40,22.60,21.30,20.00,20.60,22.00,24.90,23.20,22.50,25.20,25.20,24.70,21.00,24.70,21.00,21.30,22.30,25.70,22.10,21.70,20.20,23.00,24.40,20.00,25.90
TLM_RCV,-72,FG-ALPHA,1713170413,AUTO,2,31.72,5.00,-85,96.87,8.24,3.29,4.96,1178,543,106,279,23.17,1012.90,12.00,404.90,1,1713170359,GSN-01,-93,24.30,78.80,42,0,0,7.81,85,20.30,20.60,24.00,22.50,24.50,23.60,20.00,24.30,25.60,22.40,25.20,23.30,22.90,23.70,25.50,20.00,21.00,21.00,25.80,22.50,24.30,23.70,23.10,21.20,24.70,22.00,23.00,24.00,23.80,23.40,23.90,20.30,21.10,21.30,25.00,21.90,25.50,25.40,23.20,23.80,23.80,20.90,24.80,24.30,21.30,21.50,20.50,24.80,22.40,22.10,21.00,23.90,23.00,22.20,23.90,24.80,20.80,23.90,25.70,21.10,21.00,25.20,22.20,25.30
TLM_RCV,-71,FG-ALPHA,1713170414,AUTO,2,33.83,5.00,-85,96.91,8.24,3.29,4.92,972,566,125,286,22.03,1012.90,11.90,405.30,1,1713170359,GSN-01,-73,24.10,75.00,48,0,0,7.78,84,22.60,24.90,21.10,23.40,22.60,22.30,20.80,22.80,21.30,24.90,20.30,20.80,22.70,24.60,25.10,21.50,24.50,20.10,20.10,21.80,24.90,20.70,23.80,24.70,24.80,21.60,25.10,25.60,20.50,23.00,21.60,25.60,21.70,21.60,21.40,20.50,23.30,25.30,25.40,20.40,21.50,20.10,23.50,21.50,24.20,20.30,20.10,24.20,22.70,25.50,20.30,24.10,22.10,24.80,25.30,24.30,22.90,24.00,25.30,24.90,22.80,24.10,21.90,24.00
TLM_RCV,-61,FG-ALPHA,1713170415,AUTO,2,32.80,5.00,-85,96.96,8.24,3.29,4.99,1089,560,141,274,22.65,1012.80,12.10,405.00,1,1713170402,GSN-01,-78,23.50,80.40,45,0,0,7.82,84,23.00,22.50,22.90,20.90,20.70,23.70,77.30,20.80,25.00,25.20,21.50,24.20,25.20,24.60,20.80,24.50,22.60,25.60,23.20,22.50,21.80,22.70,22.40,25.60,24.40,23.90,24.00,25.40,22.70,24.50,22.40,22.70,20.70,25.70,21.60,25.40,21.20,21.80,24.50,25.70,20.70,22.20,22.60,21.40,20.20,23.80,20.90,21.70,22.20,25.70,25.40,24.70,21.90,22.70,24.20,24.40,25.30,25.40,21.90,24.20,22.00,25.60,24.90,25.60
TLM_RCV,-53,FG-ALPHA,1713170416,AUTO,2,33.59,5.00,-85,97.02,8.25,3.29,4.99,1146,518,104,262,23.14,1013.00,12.10,405.70,1,1713170375,GSN-01,-80,25.60,77.30,43,0,0,7.79,84,23.20,20.70,24.90,20.50,22.40,23.40,23.20,22.60,20.10,25.90,20.20,21.00,22.40,23.30,25.10,22.80,21.00,21.10,21.10,22.10,20.90,25.20,20.20,25.20,24.80,21.50,25.30,22.70,23.90,20.60,20.90,21.20,22.10,22.80,22.10,21.70,21.80,25.60,23.10,23.00,22.30,21.60,21.10,21.90,22.90,21.10,23.90,24.30,24.70,22.20,25.60,21.40,22.80,21.70,21.50,22.30,23.80,20.30,25.60,25.30,21.30,25.60,23.90,23.70
TLM_RCV,-67,FG-ALPHA,1713170417,AUTO,2,31.83,5.00,-85,97.06,8.24,3.30,4.95,934,565,109,299,21.84,1013.20,12.10,405.00,1,1713170373,GSN-01,-89,24.70,82.90,48,0,0,7.81,84,24.10,22.00,24.90,20.90,21.00,20.00,23.80,20.00,22.70,22.60,20.50,23.70,23.30,23.20,24.70,22.90,24.20,22.90,25.00,23.90,25.00,22.30,21.80,21.70,21.40,22.50,24.60,25.50,20.60,24.90,22.90,20.70,24.30,24.00,22.20,22.50,20.70,25.60,22.30,22.40,24.10,21.50,23.60,25.60,22.30,20.10,25.30,22.10,76.50,21.70,23.50,23.40,25.00,21.20,20.00,20.40,21.90,22.20,21.60,20.00,25.80,23.30,22.40,20.10
TLM_RCV,-68,FG-ALPHA,1713170418,AUTO,2,32.82,5.00,-85,97.00,8.24,3.29,4.91,0,564,123,284,22.82,1013.20,12.10,404.50,1,1713170395,GSN-01,-88,23.20,81.20,40,0,0,7.82,85,23.40,22.40,25.10,24.10,21.80,24.00,24.40,25.30,21.00,20.30,24.30,21.00,25.10,25.20,24.10,23.00,20.30,25.50,24.20,20.10,22.40,23.90,21.30,21.80,24.10,21.40,21.40,24.40,23.80,23.00,22.30,22.10,21.70,23.10,21.80,20.40,25.90,22.80,20.80,24.80,22.70,24.30,21.60,20.50,23.80,21.60,21.50,25.30,22.40,24.70,24.80,24.20,23.00,25.70,24.00,20.70,21.50,22.10,22.70,22.80,23.20,24.80,22.00,22.40
TLM_RCV,-51,FG-ALPHA,1713170419,AUTO,2,34.06,5.00,-85,97.06,8.24,3.28,4.97,1180,611,121,333,22.84,1012.90,11.90,406.20,1,1713170398,GSN-01,-83,24.60,77.00,47,0,0,7.81,84,21.70,23.40,25.30,21.40,23.60,22.70,23.40,23.20,21.50,21.30,21.10,23.70,24.60,24.70,20.40,20.30,22.00,21.90,22.40,23.40,21.60,24.70,25.80,20.80,24.70,25.10,24.50,24.80,22.20,24.70,23.10,24.90,23.80,22.60,22.40,20.10,20.70,24.80,23.70,23.10,25.60,20.30,20.90,22.70,25.30,24.80,22.00,22.70,22.40,23.10,23.50,24.90,22.50,23.20,25.40,21.70,23.80,24.40,20.30,21.50,20.70,21.20,21.30,25.20
TLM_RCV,-50,FG-ALPHA,1713170420,AUTO,2,32.70,5.00,-85,97.10,8.25,3.29,4.92,957,540,132,267,22.08,1013.00,11.90,406.30,1,1713170378,GSN-01,-89,24.20,80.60,40,0,0,7.78,84,22.90,25.90,23.00,20.60,24.90,21.90,25.70,20.30,24.90,20.70,20.40,25.50,20.10,23.40,20.10,21.50,25.40,22.00,22.60,20.60,20.40,25.50,20.30,21.80,25.40,25.50,23.50,23.70,25.50,23.30,24.10,24.00,24.80,23.50,23.20,22.80,23.70,22.80,20.80,23.40,24.00,25.40,23.10,22.00,23.20,20.00,23.50,22.60,20.80,20.70,22.10,24.60,24.90,20.00,22.10,20.00,21.30,21.20,24.40,21.60,25.00,23.20,25.40,23.30
TLM_RCV,-61,FG-ALPHA,1713170421,AUTO,2,32.67,5.00,-85,97.14,8.25,3.31,4.93,916,535,119,264,21.91,1013.50,11.90,405.50,1,1713170391,GSN-01,-76,24.10,75.30,46,0,0,7.78,85,25.70,22.90,25.20,22.30,20.70,20.30,25.40,25.30,21.20,24.70,21.20,23.50,20.10,22.40,21.90,22.70,25.10,22.70,25.30,23.40,20.40,22.30,21.60,22.20,24.30,24.60,23.80,20.70,20.60,24.00,24.50,20.00,21.40,23.10,20.50,25.10,21.10,25.90,23.20,20.10,22.60,23.70,20.50,20.00,20.30,22.30,25.60,22.90,24.80,25.30,23.20,23.70,25.40,24.30,20.70,21.60,23.50,24.50,24.00,20.30,22.70,22.00,21.60,21.40
TLM_RCV,-49,FG-ALPHA,1713170422,AUTO,2,33.99,5.00,-85,97.17,8.24,3.28,4.92,924,599,117,327,21.62,1013.10,12.10,405.20,1,1713170406,GSN-01,-75,24.30,74.70,46,0,0,7.82,85,25.70,20.30,20.80,23.60,21.30,22.50,22.80,24.20,24.80,22.80,20.30,23.30,22.30,21.90,22.30,20.60,23.40,22.70,22.30,21.40,20.40,25.90,23.60,24.60,23.70,25.90,24.00,25.20,25.20,20.80,23.60,22.50,24.20,20.90,22.00,25.00,22.10,22.60,25.00,20.40,23.60,22.10,20.40,21.20,24.10,20.90,21.90,23.90,24.20,24.00,23.40,24.10,25.90,22.60,21.90,23.00,24.40,24.70,23.60,21.30,22.70,21.30,22.20,20.90
TLM_RCV,-66,FG-ALPHA,1713170423,AUTO,2,33.02,5.00,-85,97.23,8.24,3.29,4.92,1160,604,119,326,22.78,1013.00,11.90,406.00,1,1713170412,GSN-01,-91,24.30,77.20,44,0,0,7.81,84,21.30,20.40,23.10,21.10,23.30,21.10,20.80,22.30,25.10,23.80,24.20,20.40,25.10,21.60,20.00,23.20,20.10,22.50,23.90,22.00,23.10,22.60,20.50,21.30,25.00,21.20,24.90,23.70,23.00,21.70,25.20,25.20,25.10,25.70,23.80,25.10,23.00,25.10,25.60,22.90,25.30,24.70,21.90,20.10,20.50,25.00,25.00,25.40,20.90,21.30,20.50,25.70,22.20,22.90,25.00,22.60,20.80,20.30,24.10,20.40,21.70,23.50,24.70,23.60
TLM_RCV,-68,FG-ALPHA,1713170424,AUTO,2,31.60,5.00,-85,97.28,8.26,3.28,4.99,982,521,115,251,22.31,1012.70,12.10,404.60,1,1713170411,GSN-01,-79,24.20,80.30,42,0,0,7.81,85,21.00,23.30,22.80,25.20,23.10,23.60,22.10,21.70,22.20,25.00,22.90,23.40,21.20,24.20,24.70,24.80,23.90,20.00,24.40,24.30,23.70,22.30,24.70,24.70,23.30,23.70,20.10,23.10,23.60,25.10,22.20,20.80,21.00,20.40,23.30,22.80,23.20,21.60,22.30,21.80,22.90,25.70,25.00,25.70,25.70,23.50,25.60,21.80,20.60,23.40,21.30,23.50,22.80,22.40,23.60,20.60,25.40,25.70,21.80,21.30,23.80,25.10,25.20,24.60
TLM_RCV,-89,FG-ALPHA,1713170425,AUTO,2,33.92,5.00,-85,97.32,8.25,3.28,4.92,1055,585,106,320,22.35,1012.90,11.80,405.10,1,1713170381,GSN-01,-95,24.00,76.90,49,0,0,7.81,84,24.60,21.80,25.90,20.60,25.30,24.60,24.80,24.60,24.00,23.50,22.50,21.50,22.70,21.40,21.60,20.70,20.30,22.50,23.00,25.60,21.50,21.30,21.30,22.90,22.20,25.20,25.30,24.40,21.00,21.50,23.50,22.80,22.10,24.80,21.40,21.10,24.30,20.20,21.90,23.80,20.70,20.80,20.00,25.90,23.50,20.80,25.40,23.20,23.80,25.20,21.40,25.50,23.60,22.90,24.10,24.80,20.40,21.60,21.40,20.80,25.90,22.20,23.10,20.70
TLM_RCV,-87,FG-ALPHA,1713170426,AUTO,2,31.96,5.00,-85,97.35,8.25,3.31,4.90,867,592,131,303,21.37,1013.60,12.00,406.30,1,1713170388,GSN-01,-86,24.00,80.80,46,0,0,7.80,85,23.40,25.80,22.20,22.00,23.10,23.20,22.10,24.90,20.40,20.90,24.50,20.60,22.50,20.10,22.20,20.20,24.00,23.60,23.30,24.50,22.40,24.10,24.80,22.90,21.20,23.70,23.40,21.90,20.60,25.60,22.80,21.10,24.50,24.90,24.40,25.60,22.00,22.40,25.20,20.40,25.00,22.40,22.40,23.50,20.10,25.90,20.80,23.60,25.40,20.60,22.90,21.00,25.00,21.30,24.00,21.40,20.50,24.30,24.10,24.90,23.80,20.10,20.40,24.80
TLM_RCV,-79,FG-ALPHA,1713170427,AUTO,2,33.84,5.00,-85,97.38,8.25,3.31,4.97,869,568,137,278,21.50,1013.40,11.80,404.50,1,1713170404,GSN-01,-84,25.80,80.10,45,0,0,7.82,85,22.20,22.70,25.00,25.70,25.30,24.50,24.20,25.20,21.10,24.50,24.10,23.00,25.20,21.20,22.30,21.50,25.80,22.60,23.40,20.00,22.50,24.70,25.20,23.20,21.90,25.60,24.90,24.40,24.10,22.40,21.00,21.80,25.80,20.50,20.70,23.50,22.70,21.60,83.30,21.80,22.20,23.90,24.90,22.90,23.00,22.30,21.60,24.80,20.00,20.20,21.00,23.40,25.60,20.50,20.20,21.60,20.90,24.80,24.60,24.40,25.90,20.60,20.40,23.70
TLM_RCV,-82,FG-ALPHA,1713170428,AUTO,2,32.80,5.00,-85,97.32,8.25,3.28,4.99,0,560,120,283,22.80,1013.40,12.10,404.90,1,1713170386,GSN-01,-86,25.90,82.10,45,1,0,7.80,85,24.60,21.20,22.10,21.90,23.40,23.50,23.20,24.80,23.30,24.40,23.80,23.20,24.50,22.30,24.90,24.10,24.30,25.00,23.60,25.50,24.10,22.50,22.60,24.80,23.10,25.50,24.30,23.30,21.00,23.10,25.90,22.40,20.80,21.10,20.00,20.00,22.30,20.60,20.80,20.70,21.90,22.90,25.70,23.10,23.20,21.50,22.00,21.20,21.60,20.90,21.60,22.10,20.80,20.60,21.60,23.40,21.60,22.00,23.60,21.50,23.60,24.30,23.80,22.80
TLM_RCV,-45,FG-ALPHA,1713170429,AUTO,2,31.59,5.00,-85,97.36,8.26,3.31,4.93,879,519,101,262,21.80,1013.50,12.00,405.80,1,1713170417,GSN-01,-74,23.20,74.70,45,0,0,7.81,85,22.10,22.90,21.00,21.20,23.90,25.10,20.00,21.40,23.30,22.80,24.80,24.30,21.20,24.80,20.70,21.40,20.20,24.80,22.80,25.90,22.00,23.80,23.10,24.70,23.90,23.80,24.00,24.20,20.40,22.20,20.90,22.00,23.60,20.50,24.80,23.40,23.80,20.80,25.60,23.80,23.40,24.20,24.00,20.80,23.40,20.90,21.20,25.20,24.20,23.30,20.90,25.40,20.50,25.50,21.60,23.90,23.00,21.10,20.90,23.70,20.10,25.90,20.40,25.90
TLM_RCV,-70,FG-ALPHA,1713170430,AUTO,2,33.06,5.00,-85,97.30,8.24,3.29,4.96,0,613,141,324,23.07,1013.40,12.00,404.80,1,1713170410,GSN-01,-77,23.10,75.30,42,0,0,7.82,84,25.20,21.10,22.20,22.50,24.90,22.20,20.30,23.70,23.50,20.30,24.50,25.20,20.20,20.60,20.80,25.80,23.70,25.10,25.90,23.70,24.50,20.50,20.80,24.20,24.10,20.20,21.50,24.60,22.20,20.40,22.40,20.30,25.90,25.50,25.50,23.20,24.80,24.00,23.60,20.00,22.70,22.60,24.90,22.40,25.30,24.40,21.30,21.00,23.40,23.80,25.50,21.20,21.40,25.90,23.40,23.90,24.50,24.40,22.30,20.90,24.30,21.30,20.60,21.00
TLM_RCV,-71,FG-ALPHA,1713170431,AUTO,2,31.77,5.00,-85,97.24,8.25,3.28,4.94,0,555,130,277,22.77,1012.80,11.80,405.30,1,1713170393,GSN-01,-75,24.60,75.10,48,0,0,7.81,85,23.10,24.20,22.30,24.60,25.20,21.20,21.50,23.50,21.10,20.30,24.60,24.10,25.50,20.80,21.70,23.60,25.00,22.20,23.50,24.70,25.10,20.60,21.80,25.80,23.10,20.90,23.90,23.80,24.10,25.20,20.60,22.40,21.30,25.00,25.90,24.50,22.80,22.50,20.80,22.90,21.50,21.40,20.20,24.30,20.20,20.80,22.30,20.50,22.50,21.90,22.20,21.30,22.10,25.30,25.60,20.50,22.00,24.40,23.60,20.60,22.50,22.00,23.10,22.30
TLM_RCV,-84,FG-ALPHA,1713170432,AUTO,2,33.02,5.00,-85,97.18,8.24,3.29,4.98,0,604,138,317,23.02,1013.60,12.00,404.90,1,1713170414,GSN-01,-91,23.60,76.50,40,0,0,7.78,84,20.00,25.80,22.90,24.40,22.80,25.50,25.30,23.70,25.60,25.50,21.20,21.90,25.10,25.90,25.10,25.20,21.70,21.00,20.60,24.80,21.40,21.90,25.40,24.30,22.00,23.40,20.90,22.10,24.00,25.90,23.70,22.70,21.20,20.60,24.60,23.20,25.20,24.50,20.60,21.30,24.00,25.30,24.30,23.30,24.60,20.70,23.80,24.00,20.50,24.20,25.50,22.50,24.90,20.50,20.30,20.70,24.20,25.00,20.00,24.70,25.80,21.90,24.90,23.40
TLM_RCV,-75,FG-ALPHA,1713170433,AUTO,2,34.03,5.00,-85,97.22,8.24,3.28,4.97,951,606,129,324,21.73,1013.00,12.10,405.70,1,1713170420,GSN-01,-89,24.30,82.90,43,0,0,7.81,85,24.70,24.00,25.00,21.20,23.20,25.90,20.50,23.50,21.10,20.60,20.30,22.20,24.60,22.30,25.20,20.30,25.20,20.70,24.50,25.50,24.50,23.40,20.30,21.20,23.50,25.90,20.10,24.00,23.60,20.80,23.00,22.30,20.60,25.00,20.70,22.90,22.80,20.70,22.50,20.10,21.80,22.20,24.80,24.20,22.50,25.50,24.00,20.60,23.90,20.30,22.10,23.00,24.50,23.60,23.60,23.70,23.90,25.30,22.60,25.40,21.40,20.20,21.60,25.60
TLM_RCV,-90,FG-ALPHA,1713170455,AUTO,2,32.77,5.00,-85,98.35,8.28,3.31,4.99,1143,554,136,261,22.94,1013.10,12.00,404.60,1,1713170416,GSN-01,-84,23.00,76.70,42,0,0,7.79,85,23.50,25.00,23.00,21.90,21.40,24.30,21.70,21.70,20.00,22.50,21.90,23.70,21.00,23.40,20.00,23.50,20.60,22.80,25.50,23.10,23.80,24.10,25.70,21.60,23.80,24.80,22.80,23.70,21.10,21.30,21.70,21.40,20.00,22.20,23.80,24.50,20.80,24.10,25.60,23.60,23.40,21.30,25.70,21.00,22.50,21.60,24.30,24.30,25.20,21.20,25.90,20.50,21.20,20.70,21.60,20.00,21.50,20.60,24.60,21.10,22.50,21.20,23.60,21.50
TLM_RCV,-46,FG-ALPHA,1713170456,AUTO,2,33.65,5.00,-85,98.38,8.28,3.29,4.98,877,531,114,269,21.73,1013.50,12.00,406.30,1,1713170426,GSN-01,-87,23.30,78.70,45,0,0,7.80,85,20.20,23.60,21.90,21.30,25.30,25.60,22.20,22.30,20.20,23.80,23.00,23.70,21.00,25.10,22.40,22.40,25.00,21.80,25.30,23.60,20.50,22.10,24.00,21.80,21.70,24.70,20.10,22.60,20.10,20.90,23.80,21.50,20.30,25.00,23.10,25.80,23.30,24.30,24.60,22.00,23.70,21.60,21.50,23.40,24.90,24.20,21.60,22.00,23.70,25.00,23.10,21.30,20.90,24.50,20.40,25.80,22.00,20.00,23.30,24.10,21.40,24.20,21.30,20.50
TLM_RCV,-80,FG-ALPHA,1713170457,AUTO,2,34.15,5.00,-85,98.32,8.27,3.29,4.98,0,630,137,340,23.15,1013.60,12.00,404.50,1,1713170422,GSN-01,-78,23.50,77.50,49,0,1,7.80,84,23.20,23.10,21.00,22.90,24.10,22.70,22.50,20.80,25.60,23.80,25.20,25.80,25.60,21.80,20.50,24.20,20.10,22.30,20.80,23.90,21.40,20.40,24.90,20.10,24.50,22.20,20.80,21.90,21.70,22.80,24.20,20.70,22.20,24.20,25.70,21.00,25.50,20.30,24.80,21.60,22.20,24.00,20.80,25.30,25.30,21.20,25.70,23.10,22.10,25.50,24.80,20.70,21.30,25.80,21.60,25.30,24.70,21.00,21.10,21.90,21.90,20.00,23.40,25.30
TLM_RCV,-86,FG-ALPHA,1713170458,AUTO,2,31.94,5.00,-85,98.26,8.27,3.30,4.99,0,589,114,330,22.94,1013.30,12.10,406.00,1,1713170447,GSN-01,-76,23.00,80.50,40,0,0,7.78,85,21.30,23.40,20.90,20.50,25.60,21.90,23.20,22.40,21.80,25.40,22.30,20.80,20.70,23.30,23.00,22.80,23.90,20.90,24.90,21.20,20.10,24.10,23.50,25.80,21.70,25.30,24.00,22.90,25.50,22.60,25.70,24.00,24.30,20.70,23.80,23.20,20.20,20.60,24.10,20.80,23.80,21.00,23.90,24.70,22.50,24.60,25.60,24.50,22.10,22.60,23.20,25.20,22.40,21.40,24.90,23.80,25.90,21.00,24.30,24.20,23.10,23.90,24.10,21.20
TLM_RCV,-54,FG-ALPHA,1713170459,AUTO,2,33.02,5.00,-85,98.29,8.27,3.29,4.91,951,604,147,300,21.74,1013.10,11.80,404.80,1,1713170405,GSN-01,-85,24.90,80.10,40,0,0,7.79,85,23.50,24.00,25.80,23.90,20.90,20.70,23.20,22.70,25.80,24.10,25.90,21.70,22.30,25.10,24.30,25.50,25.50,20.70,22.40,21.90,25.50,22.60,24.80,21.20,20.90,25.70,20.60,22.90,20.90,25.80,22.60,20.80,20.80,22.10,20.10,25.50,21.80,24.30,21.70,21.60,24.60,25.90,24.30,21.60,20.80,22.60,21.40,25.60,21.60,20.90,20.70,23.90,21.70,23.50,21.50,24.90,24.50,24.10,25.10,24.60,20.10,21.90,23.00,25.30
TLM_RCV,-90,FG-ALPHA,1713170460,AUTO,2,33.72,5.00,-85,98.33,8.28,3.31,4.97,854,544,136,263,21.55,1013.00,11.80,405.90,1,1713170413,GSN-01,-88,23.00,81.70,43,0,0,7.80,84,24.60,23.80,24.70,24.50,20.00,24.90,20.10,22.20,23.50,20.50,20.30,21.20,23.30,22.40,25.20,20.50,20.90,22.80,22.10,21.40,21.90,23.40,25.50,25.00,24.70,21.30,24.20,23.10,25.50,25.40,25.90,20.00,25.00,22.90,25.80,25.10,25.90,25.70,24.70,23.20,22.20,23.50,24.90,20.30,23.10,22.80,24.90,25.80,20.40,22.00,25.50,20.60,20.70,24.80,23.00,25.10,22.50,23.00,20.70,24.90,23.10,24.30,23.80,24.60
TLM_RCV,-87,FG-ALPHA,1713170461,AUTO,2,32.85,5.00,-85,98.38,8.28,3.29,4.97,1163,570,130,283,22.97,1013.00,11.90,404.80,1,1713170402,GSN-01,-78,24.80,77.10,47,0,1,7.82,84,25.10,24.90,25.60,22.60,23.80,22.50,24.00,21.50,22.00,23.30,23.70,22.90,23.50,23.70,24.10,21.80,25.90,24.00,20.90,23.70,25.90,20.00,22.70,21.20,25.60,25.00,23.90,25.10,20.00,21.50,22.80,25.80,24.70,20.30,22.60,21.80,24.10,23.80,21.60,25.40,25.70,20.80,20.90,21.00,22.20,23.40,22.30,22.10,24.80,23.90,24.70,20.10,21.10,21.40,22.20,23.50,22.90,24.50,22.60,20.80,25.60,23.10,24.90,25.00
TLM_RCV,-62,FG-ALPHA,1713170462,AUTO,2,33.85,5.00,-85,98.33,8.27,3.29,4.91,0,571,100,324,22.85,1013.20,11.80,405.90,1,1713170413,GSN-01,-89,25.10,73.60,40,0,0,7.80,85,24.00,24.10,21.90,23.80,24.00,24.20,20.60,22.80,20.70,25.70,25.80,20.10,23.20,20.90,24.60,22.30,25.70,21.20,21.90,25.50,24.30,24.10,24.70,25.80,22.00,20.70,20.90,24.50,22.60,20.20,21.10,23.20,20.50,20.40,20.90,22.50,22.70,20.40,25.60,22.30,23.90,20.60,25.90,21.50,21.60,23.80,23.00,20.20,21.60,22.50,24.60,23.20,20.40,24.50,23.60,24.20,23.90,25.30,21.60,20.90,22.30,23.20,23.70,24.70
TLM_RCV,-48,FG-ALPHA,1713170463,AUTO,2,33.00,5.00,-85,98.36,8.27,3.29,4.96,916,600,106,343,21.58,1013.60,12.00,404.90,1,1713170422,GSN-01,-91,23.00,82.90,40,0,0,7.82,84,22.30,21.10,21.40,21.50,21.50,25.80,23.90,21.00,21.00,23.60,24.10,25.60,20.50,20.70,21.80,23.10,22.50,20.00,25.60,23.10,23.80,25.40,25.60,25.70,20.50,25.00,24.20,22.10,21.50,20.00,22.60,25.50,20.80,20.40,22.90,21.30,25.80,23.90,20.40,22.40,70.50,25.20,25.30,21.60,22.50,24.40,23.20,22.70,21.60,23.70,25.90,22.60,20.20,25.30,25.20,25.60,25.70,20.20,23.70,24.00,24.60,24.80,20.70,20.70
TLM_RCV,-88,FG-ALPHA,1713170464,AUTO,2,32.91,5.00,-85,98.40,8.27,3.30,4.92,1007,582,149,290,22.12,1013.50,12.10,404.90,1,1713170422,GSN-01,-73,23.40,78.60,44,0,0,7.80,85,22.10,22.30,25.30,23.60,22.70,22.20,21.40,25.00,21.00,25.30,21.70,20.10,20.70,20.70,21.20,20.90,25.80,21.50,21.10,25.50,23.90,23.90,22.80,22.30,21.20,22.20,20.70,20.30,20.90,23.00,22.00,20.60,25.30,22.30,21.00,24.60,22.10,25.90,23.30,25.10,20.20,20.40,24.30,20.90,20.80,24.70,21.10,24.30,24.80,25.90,25.30,20.80,25.40,25.50,24.20,24.90,24.20,21.90,23.90,21.50,25.90,22.90,23.50,25.10
TLM_RCV,-66,FG-ALPHA,1713170465,AUTO,2,32.72,5.00,-85,98.35,8.28,3.29,4.92,0,545,103,301,22.73,1013.10,12.10,404.80,1,1713170454,GSN-01,-80,25.90,78.50,45,0,0,7.81,85,24.10,20.30,21.90,21.20,24.40,20.90,21.30,25.70,20.90,25.90,21.50,25.50,21.80,22.70,23.80,25.90,23.20,20.00,24.60,20.40,20.40,22.00,23.10,24.80,23.00,20.30,24.80,22.30,22.40,25.70,25.40,21.20,25.60,20.60,22.90,22.50,24.00,23.00,23.60,20.10,23.20,23.10,25.80,23.60,22.60,22.40,24.80,21.10,22.90,23.20,22.70,25.70,21.70,20.30,24.60,24.40,23.90,23.80,25.30,23.30,21.50,22.50,24.80,23.90
TLM_RCV,-81,FG-ALPHA,1713170466,AUTO,2,32.90,5.00,-85,98.41,8.27,3.30,4.97,1178,581,116,311,22.99,1013.50,12.10,406.20,1,1713170413,GSN-01,-72,25.20,75.10,46,0,0,7.78,84,25.00,22.10,22.40,24.70,20.10,24.20,20.20,21.10,21.10,20.40,24.00,21.90,20.90,25.90,21.10,22.00,23.70,24.90,21.30,25.50,21.20,20.20,25.10,23.70,24.70,23.10,23.90,24.40,22.70,20.00,23.90,21.20,24.70,21.70,22.30,20.40,20.70,23.70,24.40,24.70,20.10,24.40,23.60,24.20,20.70,20.20,20.00,24.10,22.50,22.50,23.80,21.20,22.20,25.40,80.70,25.70,22.90,25.50,22.20,21.50,23.30,25.80,24.70,25.80
TLM_RCV,-41,FG-ALPHA,1713170467,AUTO,2,32.80,5.00,-85,98.46,8.28,3.28,4.96,1076,560,125,278,22.58,1012.80,11.90,406.20,1,1713170456,GSN-01,-72,23.80,76.50,45,0,1,7.78,85,22.30,25.70,22.70,22.60,25.60,21.40,22.90,25.30,20.00,25.90,25.90,24.60,24.00,25.70,23.90,22.70,21.50,22.40,23.40,20.10,24.60,25.80,23.60,24.90,25.40,20.90,21.60,22.60,24.20,21.10,21.20,23.10,24.40,22.70,24.40,22.00,20.60,25.90,22.80,20.80,22.30,20.80,22.40,22.10,24.70,21.90,20.90,20.30,21.90,23.90,22.90,25.10,24.80,22.20,24.10,21.30,23.70,20.40,21.60,22.50,24.90,22.70,22.10,22.70
TLM_RCV,-78,FG-ALPHA,1713170468,AUTO,2,32.57,5.00,-85,98.49,8.29,3.30,4.99,855,514,106,251,21.70,1013.50,11.90,405.40,1,1713170420,GSN-01,-73,24.00,81.70,40,0,0,7.82,84,23.00,21.20,25.10,22.40,25.80,24.10,25.60,20.60,20.10,20.00,21.20,25.10,20.00,20.80,25.20,24.90,25.90,23.90,24.90,23.20,23.80,22.40,20.20,22.30,24.00,25.90,24.10,23.50,23.20,23.40,23.00,22.10,25.20,25.60,24.30,20.10,25.00,21.10,23.00,21.90,23.60,22.70,22.00,20.60,20.80,21.80,20.50,22.30,20.40,22.40,20.50,23.00,24.60,21.40,24.70,20.70,21.00,21.10,20.50,22.50,25.50,23.50,24.20,20.20
TLM_RCV,-67,FG-ALPHA,1713170469,AUTO,2,32.86,5.00,-85,98.44,8.28,3.30,4.97,0,572,117,301,22.86,1013.30,12.10,406.20,1,1713170433,GSN-01,-88,23.40,77.10,47,0,0,7.81,84,23.60,22.80,24.20,25.60,23.90,22.10,23.50,22.80,24.80,20.20,25.10,21.20,22.30,25.90,21.00,22.40,24.70,25.30,20.90,23.70,21.90,24.80,24.70,24.90,22.40,20.40,20.30,24.90,20.20,25.20,24.20,23.70,22.60,21.80,23.40,20.70,21.90,23.00,21.90,23.30,22.80,22.80,23.70,20.40,23.80,21.80,22.00,21.60,20.30,24.20,23.30,20.90,25.20,23.50,22.60,21.20,22.20,20.40,23.50,23.80,20.70,25.30,22.50,25.10
TLM_RCV,-84,FG-ALPHA,1713170470,AUTO,2,32.71,5.00,-85,98.49,8.28,3.31,4.96,1123,541,111,289,22.91,1013.50,12.00,406.20,1,1713170453,GSN-01,-95,24.20,76.40,43,0,0,7.81,85,20.10,25.20,21.40,20.50,22.30,20.60,23.90,20.50,23.40,24.20,20.40,22.10,22.80,21.20,25.80,23.10,25.90,24.10,21.60,23.10,22.10,24.20,22.30,20.40,22.50,25.70,25.60,21.00,25.70,20.80,20.70,20.70,24.90,25.00,25.70,20.00,21.10,23.30,21.00,20.30,25.40,22.50,20.20,21.50,22.40,22.20,23.00,20.40,20.60,24.00,22.10,25.80,22.90,25.00,25.10,80.30,25.60,23.50,23.20,23.90,21.90,25.70,23.60,25.40
TLM_RCV,-44,FG-ALPHA,1713170471,AUTO,2,33.72,5.00,-85,98.52,8.28,3.28,4.93,837,543,118,274,21.47,1013.10,11.80,405.90,1,1713170441,GSN-01,-77,25.30,75.20,48,0,0,7.82,85,20.20,22.90,20.00,21.50,25.90,24.40,25.60,20.70,23.70,24.40,21.30,23.00,24.30,24.40,25.80,25.10,21.70,25.50,22.70,25.50,25.00,24.60,22.60,23.80,25.50,23.20,24.90,21.50,21.30,21.90,22.20,24.70,21.80,20.10,20.70,23.30,20.80,22.50,23.80,20.60,24.90,22.10,24.40,20.00,20.90,23.00,23.60,22.40,24.10,25.70,24.00,25.80,21.00,24.90,21.30,23.60,22.20,21.20,23.50,23.70,22.20,22.60,23.70,24.30
TLM_RCV,-54,FG-ALPHA,1713170472,AUTO,2,32.76,5.00,-85,98.58,8.28,3.31,4.97,1152,551,117,282,23.00,1013.20,12.10,405.80,1,1713170446,GSN-01,-94,24.40,73.20,45,0,0,7.81,84,25.30,25.10,24.30,23.10,23.00,22.70,23.80,21.80,23.10,22.20,20.20,20.10,21.50,24.00,20.20,20.10,25.30,20.50,25.10,23.80,21.10,23.40,21.90,22.10,22.50,23.70,24.30,20.90,23.50,25.30,23.70,21.10,23.20,20.90,21.30,24.60,20.10,22.50,22.10,25.10,21.60,24.70,23.20,25.00,20.60,23.80,21.40,24.90,21.50,24.00,25.90,25.00,21.00,22.40,23.90,23.10,23.30,22.80,25.70,25.00,24.50,22.60,22.80,22.10
TLM_RCV,-52,FG-ALPHA,1713170473,AUTO,2,34.01,5.00,-85,98.52,8.27,3.28,4.91,0,603,117,342,23.01,1012.90,11.80,405.00,1,1713170434,GSN-01,-91,24.40,76.40,43,0,0,7.78,85,22.60,23.30,25.20,22.50,22.70,23.70,22.50,21.10,23.70,21.00,21.90,22.90,22.50,22.30,20.40,22.60,24.00,23.00,24.20,23.00,24.30,24.20,22.70,22.90,22.20,21.60,20.10,25.50,22.50,23.70,24.20,22.70,21.60,24.80,20.90,25.80,24.00,21.30,20.60,22.40,23.20,21.00,23.00,23.20,22.50,21.30,20.50,21.60,25.20,24.10,20.20,21.70,23.30,23.50,25.60,23.40,25.50,21.50,25.30,21.20,20.90,23.90,21.60,20.70
TLM_RCV,-71,FG-ALPHA,1713170474,AUTO,2,33.64,5.00,-85,98.47,8.28,3.30,4.99,0,528,110,267,22.64,1013.50,11.80,406.40,1,1713170441,GSN-01,-89,24.00,80.10,48,0,0,7.80,84,24.60,24.30,21.90,24.80,25.20,25.10,23.80,24.70,21.90,22.80,22.70,21.80,22.10,22.00,21.70,20.40,20.20,24.80,25.80,21.60,22.20,22.00,24.40,23.60,23.90,20.00,25.60,25.10,25.70,21.20,20.80,24.40,21.60,24.90,24.70,23.10,23.90,23.60,21.90,22.60,23.90,25.50,22.10,21.90,25.70,20.90,22.40,21.70,24.10,23.60,24.80,21.70,21.30,25.30,21.60,23.10,25.70,24.90,21.90,24.10,20.80,20.60,21.20,23.50
TLM_RCV,-46,FG-ALPHA,1713170475,AUTO,2,34.18,5.00,-85,98.51,8.27,3.29,4.96,1037,636,140,339,22.00,1012.80,11.90,404.80,1,1713170464,GSN-01,-71,25.20,73.70,47,0,0,7.78,85,24.00,25.80,21.70,22.00,23.50,24.40,24.60,24.60,20.20,20.70,24.20,25.50,21.60,24.80,21.50,20.10,20.90,21.60,23.40,24.50,25.50,24.10,25.80,22.30,20.80,25.40,23.40,23.30,25.90,25.30,23.90,22.80,24.90,21.40,24.80,23.20,21.00,21.30,24.00,25.90,20.00,20.00,24.90,21.90,20.00,25.70,20.00,24.20,24.10,25.30,20.40,20.40,24.70,20.60,23.60,24.90,25.00,24.80,23.70,25.60,25.40,23.70,20.90,25.90
TLM_RCV,-79,FG-ALPHA,1713170476,AUTO,2,33.93,5.00,-85,98.57,8.28,3.29,4.90,1160,586,145,292,22.87,1013.30,12.00,405.80,1,1713170433,GSN-01,-74,25.50,75.50,47,0,0,7.78,84,21.90,20.70,20.40,25.40,22.40,20.70,21.50,24.40,22.60,20.90,24.50,23.10,24.70,24.60,23.70,20.60,25.80,25.70,24.30,21.30,23.10,23.90,24.40,23.30,25.50,20.90,24.00,24.70,20.20,20.80,20.80,25.00,23.10,24.40,20.60,20.90,25.70,25.40,23.20,21.10,21.90,24.10,24.90,24.70,21.40,24.80,21.40,22.00,20.70,25.80,23.90,25.30,23.40,21.80,21.00,25.30,25.30,23.60,20.60,23.20,22.40,25.20,22.40,21.00
TLM_RCV,-43,FG-ALPHA,1713170477,AUTO,2,33.06,5.00,-85,98.51,8.27,3.31,4.90,0,611,139,317,23.06,1013.50,12.00,404.90,1,1713170463,GSN-01,-93,23.90,78.40,46,0,0,7.80,85,24.30,23.00,22.60,24.30,24.60,20.70,22.50,25.70,21.20,23.10,23.30,21.00,21.70,22.00,22.20,23.00,20.40,25.90,25.60,23.00,24.30,22.40,23.40,22.30,20.10,24.40,22.30,23.10,25.60,24.90,24.90,23.60,21.80,25.20,21.30,25.30,21.50,24.70,21.80,22.50,24.90,24.10,22.90,21.80,23.00,24.70,25.00,22.40,20.30,22.60,23.80,22.20,24.20,23.20,20.00,22.60,22.80,25.00,22.50,22.00,24.10,23.80,25.10,22.70
TLM_RCV,-78,FG-ALPHA,1713170478,AUTO,2,33.01,5.00,-85,98.56,8.28,3.29,4.93,1164,603,133,317,22.81,1012.70,12.00,405.70,1,1713170441,GSN-01,-95,24.60,74.30,48,0,0,7.78,85,21.40,21.00,21.10,25.40,21.20,22.00,23.20,20.70,22.30,24.30,23.10,24.30,23.30,24.40,25.10,21.60,22.30,23.40,24.40,23.90,23.80,20.80,21.50,25.40,25.30,25.40,22.50,25.20,21.00,20.80,20.10,21.70,24.40,20.30,23.20,21.20,20.90,25.60,25.80,25.70,24.20,23.30,25.10,21.00,23.50,23.40,20.40,23.00,24.30,20.30,24.30,25.50,22.50,24.30,24.70,20.10,20.50,22.10,23.20,22.80,22.10,25.80,20.80,22.10
TLM_RCV,-44,FG-ALPHA,1713170479,AUTO,2,31.80,5.00,-85,98.61,8.28,3.28,4.98,1050,560,106,313,22.45,1013.30,11.90,404.80,1,1713170450,GSN-01,-73,23.60,80.10,46,0,0,7.78,84,24.10,23.70,24.00,23.10,80.20,25.80,25.20,20.70,24.30,23.00,21.10,20.50,23.30,21.20,24.00,23.60,22.20,21.90,22.30,20.60,23.70,24.80,24.00,23.90,22.70,25.00,25.70,25.50,21.30,20.10,24.70,24.50,24.50,20.90,23.40,22.20,20.90,20.30,22.20,24.20,24.10,21.40,20.00,21.10,20.90,21.00,21.60,22.30,22.70,21.40,21.50,22.50,20.00,23.20,23.60,23.10,22.10,21.20,25.20,20.50,22.60,21.60,22.80,22.30
TLM_RCV,-90,FG-ALPHA,1713170480,AUTO,2,32.72,5.00,-85,98.67,8.29,3.31,4.98,1148,544,107,289,23.02,1013.20,12.10,405.40,1,1713170430,GSN-01,-84,24.80,76.40,43,0,0,7.82,84,20.00,25.40,23.70,22.10,25.40,20.30,23.20,21.20,25.20,20.10,24.70,25.50,25.50,24.50,21.40,24.40,23.20,25.60,23.40,24.70,23.20,22.50,25.50,24.20,20.40,24.40,24.50,21.10,25.90,22.50,23.90,20.80,24.40,22.60,25.30,22.40,25.70,21.70,22.90,20.00,23.20,23.50,22.10,21.00,23.70,24.70,25.30,20.70,25.80,24.30,22.90,20.90,23.30,20.80,20.80,25.50,23.90,20.10,22.40,25.60,22.10,25.40,25.50,22.80
TLM_RCV,-49,FG-ALPHA,1713170481,AUTO,2,32.08,5.00,-85,98.71,8.28,3.30,4.94,1047,617,149,322,22.15,1013.20,12.00,405.70,1,1713170436,GSN-01,-75,24.20,81.40,42,0,0,7.81,85,21.60,22.80,20.50,22.10,24.10,24.10,23.20,25.80,24.30,21.20,21.60,22.00,23.00,20.30,21.10,25.40,21.90,22.40,24.90,24.70,25.10,23.30,22.60,22.30,25.60,25.30,21.80,25.10,24.30,24.50,21.30,23.00,23.20,20.30,23.70,21.50,24.40,23.30,25.30,23.70,21.40,24.20,24.90,23.40,22.40,25.20,25.50,21.70,20.90,22.80,23.40,23.10,25.30,23.00,25.40,25.00,23.10,21.40,24.80,20.10,22.60,23.10,25.20,22.10
TLM_RCV,-72,FG-ALPHA,1713170482,AUTO,2,32.82,5.00,-85,98.75,8.29,3.31,4.90,941,564,134,277,21.89,1013.10,11.80,405.70,1,1713170447,GSN-01,-75,25.80,79.90,40,0,0,7.81,85,23.80,25.90,20.80,24.40,23.30,25.40,21.00,20.80,22.00,23.70,23.40,20.20,22.40,25.40,22.50,20.80,25.20,22.50,21.10,20.30,22.60,21.50,24.30,21.30,23.90,23.40,22.00,24.00,25.80,23.00,23.30,22.90,25.60,25.80,23.70,21.00,21.90,21.50,21.10,22.90,22.90,25.90,20.00,20.50,23.60,23.30,20.00,25.70,21.90,22.50,23.20,23.80,23.90,22.10,24.50,25.80,20.20,24.20,23.40,23.60,21.20,20.60,25.40,24.80
TLM_RCV,-84,FG-ALPHA,1713170483,AUTO,2,32.65,5.00,-85,98.70,8.29,3.30,4.96,0,531,106,281,22.66,1012.90,12.00,404.80,1,1713170455,GSN-01,-82,25.40,80.70,47,0,0,7.79,85,20.30,22.30,20.80,21.80,23.10,20.00,21.20,22.80,25.50,20.30,22.10,23.10,23.30,20.70,23.50,20.60,24.20,25.10,24.40,25.10,24.10,21.80,22.50,20.20,25.60,24.50,23.00,22.80,21.00,25.70,21.00,21.10,20.30,25.10,25.30,21.10,21.80,21.60,21.90,23.40,22.80,20.80,24.60,23.40,22.30,24.30,25.50,25.30,20.20,20.90,20.80,23.10,20.30,24.80,20.40,24.80,21.50,23.10,20.10,22.70,22.40,22.70,21.80,20.20
TLM_RCV,-44,FG-ALPHA,1713170484,AUTO,2,31.85,5.00,-85,98.73,8.28,3.31,4.92,893,570,119,297,21.61,1012.90,11.90,404.50,1,1713170468,GSN-01,-93,25.40,81.50,49,0,0,7.81,84,24.30,23.80,25.30,20.80,22.30,23.00,22.30,21.20,21.60,23.30,24.30,25.60,20.20,20.10,22.20,24.10,24.40,25.70,24.90,21.40,23.50,24.40,20.80,20.10,23.30,25.00,20.00,20.90,23.30,20.20,20.10,24.60,21.50,21.60,25.80,20.90,25.90,21.80,20.40,21.40,25.80,25.30,20.80,25.10,23.50,20.90,21.70,22.80,22.30,24.10,23.80,24.90,25.30,21.30,23.40,24.50,20.30,20.70,24.70,25.40,20.90,24.00,24.40,24.90
TLM_RCV,-78,FG-ALPHA,1713170485,AUTO,2,32.03,5.00,-85,98.67,8.28,3.29,4.95,0,605,133,327,23.02,1012.80,12.10,404.70,1,1713170434,GSN-01,-93,24.20,75.00,47,1,0,7.82,84,25.60,22.10,20.10,22.20,24.60,23.90,21.60,23.90,22.10,20.70,20.20,25.60,20.70,22.00,23.80,21.90,25.40,23.70,21.90,22.50,22.90,22.10,24.20,24.50,21.70,20.80,21.40,21.60,25.30,22.70,21.40,23.10,24.80,23.20,24.50,21.30,22.40,23.20,21.80,23.00,25.60,22.20,20.30,20.20,22.40,23.70,23.60,25.20,23.20,25.40,21.40,25.30,24.70,22.00,23.60,25.40,20.80,20.80,20.00,22.60,24.30,23.30,25.90,24.30
TLM_RCV,-68,FG-ALPHA,1713170486,AUTO,2,33.96,5.00,-85,98.72,8.28,3.31,4.99,1068,592,109,333,22.38,1013.20,11.80,406.00,1,1713170434,GSN-01,-93,24.80,79.70,48,0,1,7.82,85,24.20,22.00,21.20,24.70,20.50,24.50,23.00,20.10,22.80,20.10,24.00,23.10,24.50,22.40,22.60,21.40,22.00,23.60,25.80,21.50,22.20,24.20,25.60,25.50,23.90,25.20,20.80,24.50,21.50,20.20,22.70,21.70,25.20,25.40,82.40,22.10,23.60,23.60,23.10,20.50,23.00,23.00,25.70,21.80,21.50,25.10,25.40,23.90,24.80,25.70,20.90,22.80,22.10,25.90,20.90,20.80,22.50,24.50,23.00,20.70,25.90,21.70,20.80,22.20
TLM_RCV,-68,FG-ALPHA,1713170487,AUTO,2,33.68,5.00,-85,98.77,8.29,3.28,4.90,1055,536,113,281,22.59,1012.70,12.10,405.80,1,1713170467,GSN-01,-93,24.00,77.80,45,0,0,7.79,85,20.50,25.00,22.10,25.60,22.50,21.40,21.10,21.90,25.20,20.50,21.10,25.60,22.00,24.30,22.50,22.20,23.90,22.90,24.50,20.60,24.10,24.20,21.70,22.30,20.20,20.40,24.70,24.70,25.60,22.20,20.40,22.10,24.20,21.20,24.10,21.10,22.50,23.00,20.20,24.20,21.00,21.20,23.30,25.00,24.80,21.10,20.20,20.30,20.40,23.90,21.40,20.20,23.70,21.60,22.80,20.10,21.00,20.90,22.10,24.00,23.10,20.20,21.50,22.80
TLM_RCV,-78,FG-ALPHA,1713170488,AUTO,2,32.87,5.00,-85,98.81,8.29,3.29,4.98,984,574,113,315,22.05,1013.10,11.90,405.90,1,1713170448,GSN-01,-80,24.70,74.70,47,0,0,7.79,85,23.20,23.40,22.90,22.60,22.60,23.10,24.20,22.60,25.10,23.30,20.50,20.20,20.50,21.30,21.80,25.90,21.60,23.70,21.20,24.10,24.20,24.50,20.50,23.80,24.60,21.00,23.60,25.70,22.10,22.80,24.50,21.20,20.50,25.40,21.80,23.60,25.60,20.00,22.50,23.70,25.80,22.60,21.70,25.50,25.80,23.10,23.00,21.80,20.40,21.30,23.40,23.40,23.80,25.40,24.10,23.40,22.30,21.60,22.60,22.80,24.80,21.30,21.40,21.50
TLM_RCV,-55,FG-ALPHA,1713170489,AUTO,2,33.90,5.00,-85,98.86,8.29,3.29,4.98,1080,581,101,331,22.50,1013.20,11.90,405.20,1,1713170478,GSN-01,-84,23.60,73.40,43,1,0,7.78,85,22.20,24.60,20.70,22.00,20.10,25.30,20.20,25.10,20.40,24.10,24.50,24.90,20.70,22.80,24.00,21.00,24.60,25.50,23.20,22.80,21.90,20.80,25.90,21.20,21.90,21.30,21.80,22.10,25.70,22.40,20.00,25.30,23.10,21.90,25.60,23.80,21.30,25.60,25.60,25.20,22.60,24.50,20.70,21.50,22.40,23.20,20.80,22.10,20.60,21.90,23.20,25.10,23.40,24.90,21.20,25.80,20.70,24.50,20.90,20.70,25.60,23.10,25.20,21.70
TLM_RCV,-69,FG-ALPHA,1713170490,AUTO,2,32.82,5.00,-85,98.90,8.29,3.28,4.97,966,564,132,280,22.01,1013.60,12.10,405.50,1,1713170446,GSN-01,-94,25.20,75.90,45,0,0,7.80,84,23.40,24.60,20.40,25.30,21.10,20.40,20.90,25.80,24.70,20.80,24.30,25.70,25.30,20.10,25.70,20.90,22.60,25.60,20.00,21.20,21.00,23.00,20.30,24.10,23.30,25.50,23.50,24.40,23.50,24.70,25.10,20.40,22.70,23.00,22.00,25.40,20.70,23.30,20.10,21.20,23.90,22.40,21.10,21.50,22.60,21.30,25.30,22.60,20.10,20.40,20.60,23.80,72.20,23.30,24.50,21.20,22.00,25.20,21.70,25.50,21.10,20.40,23.80,20.80
TLM_RCV,-94,FG-ALPHA,1713170491,AUTO,2,31.76,5.00,-85,98.85,8.29,3.31,4.98,0,553,135,274,22.76,1012.70,12.00,406.00,1,1713170434,GSN-01,-93,24.70,79.80,48,0,0,7.79,84,21.20,24.40,25.00,25.30,20.30,24.30,21.40,22.30,25.40,22.90,20.60,25.40,24.10,23.10,22.80,23.90,22.70,24.00,24.30,21.10,25.00,22.10,23.40,21.30,25.60,22.10,25.10,21.90,21.90,23.70,24.60,21.40,21.50,23.20,21.20,20.20,25.80,21.20,20.50,24.50,21.60,25.80,23.60,22.10,23.20,20.40,24.30,25.50,25.80,25.80,21.50,23.90,22.70,20.10,25.20,23.40,20.10,24.80,20.50,23.50,21.50,24.30,23.70,25.90
TLM_RCV,-79,FG-ALPHA,1713170492,AUTO,2,33.56,5.00,-85,98.80,8.29,3.31,4.97,0,512,105,261,22.56,1012.70,11.80,405.50,1,1713170442,GSN-01,-80,23.70,80.20,47,0,0,7.78,85,25.20,22.10,20.50,21.00,23.00,23.10,20.90,24.10,24.90,25.30,23.80,25.80,21.90,25.90,25.30,24.30,22.00,22.40,24.20,23.40,20.00,22.50,23.30,23.80,21.30,21.80,23.40,24.70,23.60,24.90,25.80,21.70,24.80,21.10,20.10,23.80,21.70,24.90,22.90,25.00,20.00,25.80,23.40,25.50,25.70,22.40,23.90,21.60,21.90,23.80,21.00,21.40,24.50,21.70,23.70,22.20,22.60,20.10,24.00,20.30,22.20,20.40,21.50,25.80
TLM_RCV,-69,FG-ALPHA,1713170493,AUTO,2,31.74,5.00,-85,98.74,8.29,3.29,4.92,0,547,117,272,22.74,1012.80,12.00,404.50,1,1713170479,GSN-01,-88,24.10,79.60,49,0,0,7.79,84,21.90,22.40,25.10,21.80,21.20,20.70,23.80,24.90,22.90,23.80,23.30,22.60,24.40,24.20,20.20,23.60,22.00,24.90,21.50,24.00,21.90,21.30,24.00,20.00,21.30,22.20,23.70,20.10,25.00,23.70,20.10,25.00,24.60,24.30,20.50,22.40,22.30,21.20,24.00,24.50,25.40,24.10,23.50,23.10,24.20,22.90,20.20,20.20,25.80,25.60,24.00,20.80,20.50,25.50,25.60,25.10,21.10,20.90,22.00,22.50,20.60,20.80,24.50,25.00
TLM_RCV,-79,FG-ALPHA,1713170494,AUTO,2,32.83,5.00,-85,98.68,8.28,3.29,4.98,0,565,127,280,22.83,1013.50,11.90,404.90,1,1713170453,GSN-01,-75,24.00,82.60,48,0,0,7.78,84,22.80,20.70,22.20,20.60,24.00,24.60,20.20,23.50,22.70,23.30,23.20,22.70,25.30,20.70,21.30,20.30,20.30,21.20,25.00,21.50,21.40,22.90,21.80,22.40,21.30,25.70,25.20,23.40,20.70,21.90,24.00,23.90,24.80,22.60,24.50,25.80,23.70,22.50,20.90,22.20,25.60,23.90,21.00,20.90,21.10,23.20,22.60,25.90,24.60,25.70,23.50,25.30,25.90,21.90,21.50,20.10,22.10,23.40,22.20,20.20,21.10,24.00,21.60,25.10
TLM_RCV,-56,FG-ALPHA,1713170495,AUTO,2,33.10,5.00,-85,98.71,8.28,3.29,4.90,929,621,144,333,21.54,1013.60,12.10,405.60,1,1713170468,GSN-01,-89,24.60,82.40,42,0,0,7.80,85,21.80,25.10,22.70,25.00,22.70,25.40,20.40,22.90,24.00,21.20,23.10,20.80,23.30,23.40,24.30,20.90,24.80,23.10,22.40,20.20,23.40,23.50,25.40,20.50,22.30,23.70,21.00,23.90,24.80,24.60,25.80,22.80,21.30,25.80,24.40,20.20,25.50,25.20,25.60,21.50,25.60,20.40,25.20,24.10,24.80,25.10,22.60,20.30,20.30,20.70,25.10,22.00,24.50,22.30,22.80,21.50,23.00,22.70,22.10,21.80,25.20,24.50,23.00,24.90
TLM_RCV,-80,FG-ALPHA,1713170517,AUTO,2,31.83,5.00,-85,99.71,8.31,3.29,4.93,870,565,144,265,21.52,1012.90,11.80,406.40,1,1713170490,GSN-01,-82,25.20,75.50,48,0,1,7.78,85,25.00,20.60,23.90,22.60,20.60,24.50,22.10,22.20,22.60,21.20,24.20,20.80,24.90,23.20,25.30,22.50,22.20,23.70,21.10,20.50,21.50,24.60,24.00,25.60,22.00,21.70,22.20,24.90,20.20,23.90,24.30,23.40,25.30,22.30,23.10,23.30,23.80,22.70,20.20,24.30,25.60,22.60,22.10,21.90,20.80,25.50,21.90,21.30,23.00,25.50,80.70,25.00,20.00,23.00,20.10,25.90,22.20,23.40,21.10,22.10,21.70,24.20,21.50,25.90
TLM_RCV,-45,FG-ALPHA,1713170518,AUTO,2,32.51,5.00,-85,99.74,8.32,3.30,4.95,804,503,103,251,21.50,1012.90,11.80,405.40,1,1713170501,GSN-01,-94,25.50,78.60,46,0,0,7.78,84,22.30,20.40,24.60,20.40,20.70,24.40,21.60,22.20,20.00,23.50,21.00,20.20,25.20,22.00,24.70,21.00,21.40,21.30,22.70,25.70,25.80,21.50,23.10,22.70,22.40,25.90,25.00,22.70,21.80,20.60,24.40,25.70,21.90,24.00,21.00,24.90,25.20,22.50,21.10,23.60,22.20,23.70,24.10,25.50,24.80,23.40,23.30,25.50,24.80,22.20,25.00,24.40,23.50,23.10,23.90,21.60,25.80,25.50,24.90,22.90,23.90,20.10,20.40,23.40
TLM_RCV,-89,FG-ALPHA,1713170519,AUTO,2,32.92,5.00,-85,99.78,8.31,3.28,4.94,919,585,123,314,21.67,1013.50,12.00,405.90,1,1713170484,GSN-01,-92,24.30,76.20,49,1,0,7.79,84,24.70,22.10,22.70,21.60,20.80,25.20,22.20,22.30,25.90,21.80,24.50,21.90,22.60,22.20,24.40,20.30,20.40,22.70,24.90,22.80,23.50,24.80,23.60,23.90,20.40,23.00,22.10,23.10,21.40,25.70,23.30,22.30,21.70,23.30,23.30,20.00,21.80,24.50,22.60,23.20,23.90,22.50,21.00,25.10,22.90,24.50,21.60,22.50,21.30,25.30,21.00,23.50,25.60,25.80,24.30,23.10,20.80,25.90,24.20,25.60,20.40,25.40,22.40,21.60
TLM_RCV,-81,FG-ALPHA,1713170520,AUTO,2,32.13,5.00,-85,99.80,8.30,3.28,4.94,827,625,142,328,21.01,1012.90,11.80,406.10,1,1713170485,GSN-01,-90,25.20,75.10,42,0,0,7.78,84,22.90,20.80,22.40,24.10,20.20,21.10,21.60,23.50,22.00,24.20,21.50,22.60,22.80,23.80,23.30,22.20,20.10,20.50,23.80,21.40,23.80,24.70,25.10,23.00,22.90,21.20,23.90,23.70,22.30,24.00,20.70,23.30,20.50,24.60,21.40,23.50,21.30,24.80,20.30,20.60,23.70,20.90,25.20,20.40,21.60,25.40,25.30,22.40,25.00,22.20,20.30,24.70,20.40,23.30,22.30,23.10,21.90,24.50,22.60,21.40,25.90,21.80,25.40,20.50
TLM_RCV,-55,FG-ALPHA,1713170521,AUTO,2,33.86,5.00,-85,99.86,8.31,3.30,4.95,1166,572,105,312,22.97,1013.10,12.10,405.50,1,1713170484,GSN-01,-76,25.50,78.40,44,0,1,7.80,85,22.10,23.00,24.50,23.70,24.30,22.10,25.10,74.20,21.90,24.80,25.90,25.80,22.50,22.40,20.50,23.80,20.50,22.50,24.70,23.30,21.90,25.00,20.20,23.90,21.70,24.70,22.00,24.40,21.60,24.30,22.90,24.50,21.30,22.60,24.50,22.60,24.20,22.10,23.20,21.60,22.30,21.10,24.30,22.70,20.10,25.00,23.60,25.50,25.40,24.10,25.90,22.50,21.10,21.70,23.60,25.10,24.80,20.70,24.50,20.30,21.70,24.40,23.70,25.00
TLM_RCV,-93,FG-ALPHA,1713170522,AUTO,2,31.53,5.00,-85,99.92,8.32,3.29,4.95,1116,507,103,264,23.05,1013.40,11.80,406.40,1,1713170493,GSN-01,-90,23.90,81.40,42,0,0,7.81,84,25.80,25.60,20.60,21.00,20.80,25.30,20.10,24.50,23.90,24.50,21.50,24.00,20.70,25.40,23.10,21.50,23.50,22.40,21.20,20.40,24.40,25.70,20.50,22.70,23.60,22.60,23.70,23.20,25.80,23.40,23.10,21.30,21.90,24.80,20.10,23.80,21.20,23.20,22.40,25.40,25.10,21.70,22.80,23.20,21.60,21.00,20.00,23.50,20.10,23.70,23.10,21.50,22.80,23.70,22.70,22.30,20.60,21.40,23.40,25.40,20.60,25.40,24.60,22.90
TLM_RCV,-81,FG-ALPHA,1713170523,AUTO,2,33.03,5.00,-85,99.96,8.31,3.28,4.99,1045,607,133,316,22.19,1013.50,12.10,404.80,1,1713170477,GSN-01,-76,24.80,75.40,42,0,0,7.79,84,22.00,22.20,23.40,25.40,23.40,23.20,21.10,20.70,24.90,20.70,24.40,20.70,22.00,23.70,22.30,23.80,24.70,23.10,25.60,21.30,21.80,23.00,23.20,24.90,22.70,20.00,20.00,22.00,22.80,21.40,21.80,23.40,23.90,23.30,25.70,24.10,24.40,22.40,20.50,22.70,21.20,23.00,24.40,23.70,23.40,20.00,20.00,22.10,21.70,25.60,20.90,82.30,25.80,24.20,23.30,24.60,25.30,21.70,24.40,24.40,20.20,20.50,21.60,21.90
TLM_RCV,-91,FG-ALPHA,1713170524,AUTO,2,31.82,5.00,-85,100.00,8.32,3.31,4.95,1147,563,131,292,22.92,1012.70,12.10,406.10,1,1713170469,GSN-01,-92,23.80,78.00,48,0,0,7.79,85,25.10,23.10,25.40,21.30,25.80,23.50,23.50,21.60,22.30,25.30,23.90,21.40,23.70,24.20,22.50,20.90,23.60,23.30,21.70,22.10,25.60,20.30,24.80,21.20,22.70,23.90,20.20,23.80,22.70,24.00,20.70,23.70,25.20,24.20,20.80,24.20,25.10,23.40,21.60,23.70,25.20,20.10,21.60,25.30,20.10,22.00,24.30,20.90,23.60,23.00,25.70,23.70,25.20,20.10,21.80,20.20,24.70,23.40,24.90,22.70,21.90,25.20,24.20,22.00
TLM_RCV,-54,FG-ALPHA,1713170525,AUTO,2,33.61,5.00,-85,99.95,8.32,3.31,4.93,0,522,111,270,22.61,1013.20,12.00,405.10,1,1713170503,GSN-01,-72,24.00,79.10,44,0,0,7.82,84,22.30,22.40,24.70,24.10,24.30,23.10,24.90,21.50,25.30,21.60,23.40,25.60,20.60,25.90,24.10,23.80,23.00,23.90,22.30,23.70,23.50,24.60,25.80,23.50,22.80,24.20,24.30,24.10,22.70,24.50,20.20,21.50,20.10,21.10,20.40,21.70,20.60,22.60,20.80,20.40,21.10,25.00,23.80,20.80,23.50,23.30,20.90,25.20,24.90,20.60,20.90,20.80,24.00,25.00,20.30,23.90,23.40,21.10,21.20,21.40,24.30,20.60,22.60,23.40
TLM_RCV,-51,FG-ALPHA,1713170526,AUTO,2,33.92,5.00,-85,99.99,8.31,3.30,4.99,1014,585,149,292,22.15,1013.50,11.90,405.70,1,1713170512,GSN-01,-86,24.00,79.10,48,0,0,7.79,84,25.50,20.00,24.60,20.20,22.30,20.30,25.90,21.80,24.50,24.40,22.50,23.90,20.10,24.30,21.10,21.90,22.70,25.10,22.70,24.40,23.20,22.40,24.20,24.50,23.70,22.30,25.80,25.90,20.50,20.00,25.60,21.10,21.30,21.30,20.80,20.20,23.70,24.30,24.20,23.70,20.80,25.50,20.60,20.20,21.30,24.10,20.60,25.90,21.30,23.10,23.40,24.20,23.80,23.50,25.90,24.60,23.50,22.30,23.00,20.90,25.00,25.50,23.40,21.20
TLM_RCV,-68,FG-ALPHA,1713170527,AUTO,2,34.01,5.00,-85,100.00,8.31,3.28,4.93,1018,603,125,333,22.08,1012.80,11.80,404.50,1,1713170486,GSN-01,-75,24.30,74.60,47,0,0,7.82,84,22.60,24.50,22.30,25.90,20.60,24.30,23.40,23.70,21.60,25.10,23.90,23.90,25.00,23.10,21.20,24.80,24.60,20.00,25.00,25.20,24.10,20.30,22.50,20.10,22.70,25.00,20.40,25.30,21.10,20.70,22.00,21.30,25.70,21.00,22.90,20.50,22.20,20.70,21.10,20.40,22.10,24.90,22.10,22.00,25.80,24.40,20.90,24.00,23.30,23.60,24.50,23.90,24.90,23.40,23.50,20.40,20.40,24.70,20.70,21.70,20.60,25.60,24.70,21.70
TLM_RCV,-66,FG-ALPHA,1713170528,AUTO,2,32.81,5.00,-85,100.00,8.32,3.31,4.96,951,563,115,298,21.94,1013.60,11.80,406.30,1,1713170516,GSN-01,-95,24.10,81.40,48,0,0,7.80,84,22.80,23.20,25.60,24.60,23.50,23.70,21.50,21.40,21.70,22.70,24.80,24.90,24.30,20.40,20.80,22.70,22.90,24.50,20.70,24.90,23.90,22.70,24.80,21.40,21.30,20.40,23.40,22.00,22.70,22.50,22.90,20.80,25.60,23.40,24.40,22.10,23.70,21.10,24.50,24.10,23.60,23.40,25.90,21.00,22.60,21.10,23.90,22.60,25.80,24.10,20.90,24.50,25.60,20.90,24.70,21.10,23.90,23.60,24.60,20.20,25.30,25.50,22.20,22.90
TLM_RCV,-65,FG-ALPHA,1713170529,AUTO,2,32.67,5.00,-85,100.00,8.32,3.31,4.91,1108,533,120,261,22.87,1013.40,11.80,404.50,1,1713170514,GSN-01,-93,23.30,73.80,45,0,0,7.82,84,23.40,23.30,20.90,22.60,20.20,22.60,20.90,21.40,21.30,25.90,21.20,23.80,22.80,24.30,23.50,22.30,21.90,24.30,21.40,22.70,20.80,21.30,22.80,24.90,24.10,25.30,25.10,24.10,23.70,22.80,21.40,22.20,23.10,23.50,20.70,24.60,23.60,20.90,25.90,24.70,23.00,23.80,25.40,20.90,22.90,77.20,20.00,25.50,24.50,22.10,24.60,25.70,24.20,24.20,21.00,24.40,25.80,23.50,21.20,25.90,24.10,24.00,22.10,21.80
TLM_RCV,-50,FG-ALPHA,1713170530,AUTO,2,33.72,5.00,-85,99.95,8.32,3.29,4.95,0,543,123,266,22.72,1013.20,12.00,405.60,1,1713170513,GSN-01,-76,24.80,79.50,44,0,0,7.79,84,22.10,20.00,21.90,25.40,20.80,25.50,22.50,22.50,25.20,23.20,20.80,21.50,20.20,25.50,23.20,22.80,25.50,25.80,20.80,23.60,23.40,21.20,20.90,23.30,22.90,23.40,24.40,25.40,20.50,22.60,21.10,25.70,24.50,21.00,20.50,22.10,20.60,25.40,22.90,23.10,23.00,22.60,20.50,25.30,22.40,24.90,24.70,20.30,21.50,21.40,21.60,22.70,23.20,20.10,22.30,25.00,23.80,25.50,21.50,23.20,20.80,25.10,25.90,25.80
TLM_RCV,-78,FG-ALPHA,1713170531,AUTO,2,33.70,5.00,-85,99.98,8.32,3.31,4.94,922,540,118,275,21.91,1013.40,12.00,405.60,1,1713170493,GSN-01,-75,23.30,76.30,41,0,0,7.82,84,24.80,25.80,21.50,21.20,25.90,25.30,20.40,21.80,25.40,23.70,25.30,20.30,20.20,20.30,24.80,20.10,22.10,24.70,25.60,23.30,22.30,25.50,25.40,22.70,20.90,20.70,22.30,24.70,23.00,24.50,21.60,21.20,20.00,23.70,23.20,22.40,23.80,24.80,20.30,21.30,23.40,23.30,21.60,22.70,23.20,24.60,20.40,20.30,22.50,22.10,20.70,25.60,25.00,23.40,23.80,25.50,24.30,20.30,22.80,25.00,23.40,21.70,23.30,25.60
TLM_RCV,-51,FG-ALPHA,1713170532,AUTO,2,31.78,5.00,-85,100.00,8.32,3.29,4.98,919,556,102,304,21.82,1013.20,12.00,406.20,1,1713170521,GSN-01,-82,23.70,82.00,42,0,0,7.82,85,22.40,25.90,23.80,22.50,22.50,25.60,25.90,21.90,20.20,21.60,20.20,23.70,25.00,25.00,23.40,25.80,21.70,22.50,20.50,22.50,25.60,25.70,22.10,22.90,20.40,22.80,25.90,24.20,25.00,21.50,24.90,23.60,22.00,21.80,24.60,25.20,25.10,20.30,21.70,24.40,22.90,25.00,25.30,20.30,21.80,20.20,25.00,23.20,21.80,25.10,21.00,23.40,22.60,25.30,24.70,23.00,24.40,22.40,25.50,24.20,21.10,21.60,21.10,22.60
TLM_RCV,-73,FG-ALPHA,1713170533,AUTO,2,33.57,5.00,-85,99.95,8.32,3.31,4.97,0,514,115,251,22.57,1012.70,12.10,405.90,1,1713170475,GSN-01,-80,25.00,74.20,45,0,0,7.82,85,25.10,21.80,25.00,25.10,25.60,21.30,21.00,24.00,20.50,23.40,25.00,24.70,24.60,21.90,23.80,24.50,23.00,23.20,25.60,25.70,25.90,20.40,23.00,20.40,22.10,25.00,23.60,25.50,25.50,25.20,20.50,21.70,23.90,25.00,20.00,21.60,21.00,21.70,21.20,22.60,22.00,22.40,24.00,22.90,24.10,20.70,24.40,23.90,23.70,22.50,21.50,21.10,24.60,20.70,25.00,22.50,21.80,20.20,21.80,21.60,20.30,23.80,21.80,24.80
TLM_RCV,-48,FG-ALPHA,1713170534,AUTO,2,32.91,5.00,-85,99.97,8.31,3.31,4.97,814,582,112,321,21.16,1013.60,12.10,406.00,1,1713170516,GSN-01,-76,25.10,78.60,49,0,0,7.82,84,21.50,22.90,22.20,22.10,25.20,22.90,20.30,20.60,20.60,22.30,25.30,23.10,21.20,25.40,21.00,22.30,21.50,20.70,25.10,22.80,23.30,20.30,23.30,21.80,22.50,25.80,22.10,20.70,22.40,22.60,22.90,23.20,24.10,23.00,23.80,21.50,24.60,25.80,22.40,20.00,22.50,21.60,21.30,22.30,22.30,20.20,21.10,23.50,22.90,24.80,20.40,21.70,25.40,24.20,20.80,21.30,25.20,24.60,23.80,23.00,20.00,22.60,23.30,23.10
TLM_RCV,-71,FG-ALPHA,1713170535,AUTO,2,32.65,5.00,-85,100.00,8.32,3.30,4.98,1086,530,121,254,22.78,1012.90,11.80,405.70,1,1713170521,GSN-01,-92,23.00,80.70,43,0,0,7.80,85,24.00,21.30,23.30,24.00,21.90,22.30,20.60,25.30,22.90,21.80,20.10,23.20,20.10,22.50,21.30,21.10,22.70,21.80,20.90,22.30,24.60,23.30,20.30,23.00,22.70,25.60,23.80,22.90,22.50,25.80,23.50,20.90,20.50,25.20,21.90,23.50,25.30,24.50,23.40,23.50,24.40,25.40,25.00,22.90,22.20,21.60,25.10,22.20,22.50,24.10,25.30,20.30,22.60,88.20,20.60,20.30,23.00,24.50,25.20,20.00,21.40,24.10,23.10,22.70
TLM_RCV,-70,FG-ALPHA,1713170536,AUTO,2,33.99,5.00,-85,100.00,8.31,3.31,4.94,913,598,114,342,21.58,1013.60,12.00,405.40,1,1713170522,GSN-01,-72,23.80,73.30,44,0,0,7.81,85,23.40,20.30,21.80,23.10,21.30,22.80,23.60,25.90,24.00,21.00,20.90,20.50,23.80,25.50,24.00,23.40,22.00,24.10,21.00,23.30,23.30,25.60,24.90,20.70,25.00,23.70,24.80,24.50,21.20,20.80,25.00,21.80,21.20,20.00,24.40,25.00,22.40,20.30,25.20,22.20,20.20,21.20,20.00,25.40,25.90,20.10,22.80,24.10,20.70,23.10,20.80,24.80,21.40,23.80,21.90,23.20,23.00,22.50,24.20,21.00,20.50,23.30,20.40,23.90
TLM_RCV,-42,FG-ALPHA,1713170537,AUTO,2,32.57,5.00,-85,100.00,8.32,3.28,4.91,1011,514,107,257,22.49,1012.70,11.90,405.10,1,1713170490,GSN-01,-83,25.60,78.70,49,0,0,7.78,85,23.80,21.50,25.70,20.70,20.20,22.20,20.10,22.90,22.90,20.70,20.50,24.50,24.60,20.80,22.40,24.60,25.40,23.40,22.80,23.00,21.10,25.20,23.80,79.70,25.80,25.50,25.40,20.70,21.80,24.50,21.50,24.30,22.50,22.50,21.40,23.20,21.20,21.30,21.30,23.10,25.70,25.40,23.80,25.50,22.30,22.70,22.50,23.50,24.50,21.00,22.10,25.00,20.80,23.40,25.50,22.60,24.90,23.60,25.50,20.20,20.20,20.20,25.10,24.60
TLM_RCV,-66,FG-ALPHA,1713170538,AUTO,2,32.90,5.00,-85,100.00,8.31,3.29,4.96,1134,581,148,285,22.76,1013.20,11.90,406.20,1,1713170520,GSN-01,-93,24.80,73.40,48,0,1,7.80,84,20.10,21.10,23.70,24.90,22.90,23.80,21.00,22.00,25.10,20.40,23.60,22.00,25.40,21.10,20.40,23.40,20.40,25.80,24.60,25.60,23.00,24.80,25.70,24.80,23.20,21.60,21.70,24.40,21.30,22.10,22.80,25.10,21.00,23.60,22.20,23.50,24.70,21.80,25.20,21.80,25.60,24.50,22.50,20.30,22.90,20.50,25.20,21.10,23.10,21.80,21.90,20.90,22.20,25.40,23.60,22.40,24.60,24.30,20.40,25.20,23.00,22.10,20.40,20.30
TLM_RCV,-87,FG-ALPHA,1713170539,AUTO,2,33.81,5.00,-85,100.00,8.32,3.31,4.90,1071,562,122,293,22.55,1013.30,12.00,405.60,1,1713170499,GSN-01,-78,25.30,82.50,41,0,0,7.81,85,20.90,24.80,25.00,20.00,20.50,25.50,21.10,22.40,25.50,23.70,24.50,24.70,22.10,22.40,22.80,21.90,20.30,23.50,21.50,21.50,24.80,24.10,23.50,24.20,22.60,20.00,24.50,22.70,20.30,23.90,21.60,21.50,20.00,25.80,23.30,21.20,24.90,24.70,22.80,24.90,23.30,23.80,23.10,22.80,22.60,22.00,24.60,21.10,25.90,24.20,23.90,24.20,23.60,24.60,24.60,25.30,22.70,24.30,20.20,20.10,23.70,25.50,24.50,24.50
TLM_RCV,-69,FG-ALPHA,1713170540,AUTO,2,31.97,5.00,-85,100.00,8.31,3.31,4.94,976,593,131,322,21.91,1012.90,12.10,405.80,1,1713170500,GSN-01,-81,25.80,80.30,46,1,1,7.79,85,22.80,25.00,22.50,21.70,21.40,21.60,23.60,21.90,23.50,25.60,23.70,24.50,23.60,20.20,22.80,24.60,24.30,22.10,20.90,25.70,23.20,24.20,21.80,21.30,21.40,21.60,23.50,24.40,22.60,25.00,25.30,24.30,20.30,23.50,21.30,23.90,23.40,24.70,22.20,23.60,23.90,20.90,25.40,23.30,25.70,22.80,20.90,22.60,23.80,21.50,25.10,20.20,23.20,21.10,23.80,25.40,23.90,24.20,22.10,21.80,22.30,24.00,25.20,23.20
TLM_RCV,-67,FG-ALPHA,1713170541,AUTO,2,31.97,5.00,-85,99.94,8.31,3.29,4.93,0,594,121,316,22.97,1013.10,11.90,405.00,1,1713170531,GSN-01,-83,23.70,81.50,45,0,0,7.78,85,25.30,20.20,22.90,25.00,24.40,20.60,23.60,22.90,25.30,25.50,25.60,23.10,22.60,20.50,21.40,20.60,22.60,25.10,21.00,21.10,21.10,20.10,24.50,22.90,20.50,22.10,21.60,24.80,23.40,25.90,25.00,21.00,25.10,20.40,20.20,25.30,24.10,24.60,22.70,22.10,22.20,21.50,23.20,24.10,21.00,21.80,23.00,24.90,21.90,24.50,22.30,24.20,24.90,22.00,20.40,23.70,24.10,22.70,20.80,20.00,25.40,25.60,24.20,20.60
TLM_RCV,-43,FG-ALPHA,1713170542,AUTO,2,32.19,5.00,-85,99.96,8.30,3.28,4.97,878,639,138,349,21.19,1012.90,11.90,404.70,1,1713170524,GSN-01,-72,24.70,74.20,46,0,0,7.82,84,21.50,21.50,20.20,22.70,22.80,25.50,23.60,20.20,23.20,21.80,20.50,21.80,24.30,20.60,24.70,25.10,22.40,22.00,21.30,21.00,23.90,23.90,22.10,20.30,21.20,25.80,24.00,24.20,24.50,23.00,23.20,22.40,24.10,23.40,22.20,23.10,25.10,25.40,25.40,22.20,24.90,21.40,21.60,25.50,22.40,21.60,25.90,23.40,25.70,22.50,22.70,20.30,23.30,24.10,21.90,23.00,20.40,20.50,20.40,21.50,23.10,20.90,22.20,23.00
TLM_RCV,-94,FG-ALPHA,1713170543,AUTO,2,33.82,5.00,-85,99.99,8.32,3.28,4.98,812,564,144,273,21.24,1013.20,11.80,406.30,1,1713170528,GSN-01,-94,24.40,76.80,40,0,0,7.81,85,24.00,23.90,22.00,22.80,20.80,21.90,22.20,24.50,21.70,23.20,22.30,20.60,23.20,23.80,22.80,20.30,21.80,23.60,23.40,22.90,24.90,22.20,20.80,24.30,22.90,24.20,21.10,21.50,21.80,21.50,24.60,22.00,24.60,20.80,25.20,20.70,21.90,20.70,22.40,25.60,20.80,23.20,22.90,22.80,22.00,22.80,23.20,24.40,22.60,24.30,23.70,25.20,20.90,25.70,21.50,25.60,22.80,24.70,23.30,20.10,22.40,23.90,20.50,22.50
TLM_RCV,-67,FG-ALPHA,1713170544,AUTO,2,33.03,5.00,-85,100.00,8.31,3.29,4.91,857,605,112,334,21.26,1012.80,11.80,405.30,1,1713170518,GSN-01,-82,24.60,75.50,44,0,0,7.81,84,21.40,24.40,20.60,25.10,25.70,25.00,20.90,24.70,23.10,22.30,22.50,25.90,22.70,21.10,24.30,21.40,25.90,21.70,20.40,22.10,22.90,23.90,22.10,24.80,25.30,25.80,24.70,25.60,25.10,24.00,22.20,20.20,25.00,24.40,21.40,21.80,22.70,22.90,24.20,21.00,20.00,23.20,20.30,25.40,24.30,23.10,21.30,21.80,21.30,20.70,21.70,24.60,24.90,20.60,22.00,23.70,21.20,22.80,22.00,25.40,23.00,21.50,22.10,23.90
TLM_RCV,-51,FG-ALPHA,1713170545,AUTO,2,33.94,5.00,-85,100.00,8.31,3.28,4.93,838,588,119,318,21.25,1012.90,11.80,405.80,1,1713170489,GSN-01,-90,24.70,73.90,40,0,0,7.82,85,20.00,20.50,22.30,24.10,23.90,20.00,24.50,20.10,25.40,23.00,22.40,25.10,20.50,24.00,24.50,25.40,20.10,25.30,23.10,21.80,22.80,23.60,23.90,25.50,22.20,25.10,25.10,23.50,22.20,23.60,25.90,22.60,22.00,20.90,22.60,23.60,22.00,24.10,22.30,22.70,24.30,21.60,24.70,21.80,21.70,25.90,24.60,23.40,22.70,21.00,25.50,23.30,24.60,25.80,20.30,24.70,25.30,24.60,25.20,21.80,23.80,21.90,20.80,23.20
TLM_RCV,-51,FG-ALPHA,1713170546,AUTO,2,31.85,5.00,-85,100.00,8.31,3.28,4.91,967,571,139,276,21.98,1013.30,12.10,406.30,1,1713170489,GSN-01,-80,24.70,81.60,48,0,0,7.80,84,24.40,24.80,23.80,22.70,22.30,25.50,24.40,23.00,23.00,21.10,21.70,21.10,24.40,21.50,20.80,25.70,22.40,21.30,20.00,20.40,22.50,24.30,22.40,21.20,25.00,22.00,21.40,25.90,25.70,21.60,25.10,21.80,22.60,22.70,20.90,23.60,24.80,24.20,25.80,22.50,21.50,25.80,21.70,22.50,20.10,22.40,24.90,25.90,23.90,25.20,21.50,20.70,23.80,23.60,23.70,23.30,21.20,22.20,20.50,25.80,25.50,23.10,20.30,20.00
TLM_RCV,-79,FG-ALPHA,1713170547,AUTO,2,32.05,5.00,-85,100.00,8.31,3.31,4.94,1045,610,144,317,22.17,1013.60,12.00,405.80,1,1713170507,GSN-01,-87,24.70,81.20,46,0,1,7.78,85,25.90,25.60,25.60,23.30,23.50,22.30,20.50,20.90,87.30,21.30,24.80,20.30,23.70,23.80,22.70,24.80,24.40,23.90,22.30,23.00,23.40,25.40,24.20,24.10,24.90,24.10,25.70,25.50,21.20,25.60,22.70,25.80,23.00,22.70,21.80,25.60,25.60,22.20,23.10,23.30,24.50,20.30,25.40,23.90,24.70,25.70,23.60,23.70,22.30,22.70,20.20,22.70,21.40,21.60,21.00,20.70,21.70,23.40,24.30,20.80,21.40,21.80,21.80,24.70
TLM_RCV,-77,FG-ALPHA,1713170548,AUTO,2,33.04,5.00,-85,99.94,8.31,3.30,4.90,0,608,107,348,23.04,1012.90,11.90,406.30,1,1713170511,GSN-01,-90,25.80,75.60,43,0,0,7.81,85,25.20,20.10,24.80,21.60,20.20,23.10,24.70,24.10,24.60,25.40,21.90,21.40,23.70,20.90,22.10,25.00,23.40,25.40,20.20,21.70,22.20,25.20,24.10,23.80,25.60,21.70,24.60,22.80,20.20,25.50,21.90,21.50,21.50,22.70,24.40,23.00,23.10,24.30,24.80,23.80,23.90,22.80,22.10,23.60,20.60,20.60,25.40,20.80,20.50,25.30,21.20,25.70,22.30,20.00,23.30,22.40,23.80,22.60,24.00,23.80,25.80,21.60,25.70,20.20
TLM_RCV,-65,FG-ALPHA,1713170549,AUTO,2,31.87,5.00,-85,99.97,8.31,3.30,4.97,833,575,108,318,21.29,1013.60,11.80,404.60,1,1713170525,GSN-01,-88,25.00,81.50,44,0,0,7.82,85,25.90,21.60,20.60,20.40,23.50,22.50,22.00,21.40,20.10,21.70,22.50,25.20,22.10,21.30,24.30,21.30,20.50,24.70,22.80,21.80,24.90,21.30,23.20,20.80,20.60,20.10,22.50,22.30,20.70,20.00,25.40,20.10,20.30,22.20,24.80,24.90,21.80,23.30,22.20,22.50,20.40,23.40,22.10,22.50,21.60,23.70,22.60,24.60,21.20,23.70,21.00,24.80,24.00,25.00,24.50,24.90,21.80,20.60,21.90,24.10,20.00,20.10,23.30,20.80
TLM_RCV,-58,FG-ALPHA,1713170550,AUTO,2,32.74,5.00,-85,99.91,8.32,3.30,4.94,0,548,124,268,22.74,1013.50,12.10,404.80,1,1713170538,GSN-01,-86,24.30,74.30,45,0,1,7.82,85,22.40,24.10,24.40,25.10,20.70,25.30,21.20,23.00,25.10,22.60,23.50,21.70,24.20,21.90,22.90,25.00,20.00,20.70,24.80,24.10,24.70,21.80,25.40,24.20,22.50,21.30,24.60,25.90,21.50,23.70,20.50,23.90,23.70,21.60,20.70,24.70,21.40,21.70,24.70,22.00,24.60,22.80,25.30,20.00,24.80,20.80,22.10,23.80,22.40,24.60,25.40,25.10,24.10,21.80,21.50,22.70,22.00,22.10,22.60,23.50,20.00,24.20,22.40,23.60
TLM_RCV,-71,FG-ALPHA,1713170551,AUTO,2,32.21,5.00,-85,99.96,8.30,3.31,4.94,1153,642,147,345,22.56,1012.70,11.90,404.80,1,1713170512,GSN-01,-79,25.80,82.40,47,0,0,7.79,85,25.50,22.30,22.80,23.40,25.30,25.70,25.00,25.10,21.70,23.10,20.80,20.80,22.80,21.60,20.10,23.80,22.00,25.20,20.60,21.50,20.40,25.90,23.30,20.70,25.50,20.00,25.00,24.60,25.10,22.30,25.10,24.30,21.30,23.00,24.70,25.50,23.30,24.30,25.10,24.20,21.70,24.60,21.70,23.40,21.10,22.70,23.10,22.70,21.40,21.40,20.90,22.00,24.30,25.10,23.40,24.90,21.80,20.40,22.40,24.00,21.50,22.80,20.10,21.90
TLM_RCV,-71,FG-ALPHA,1713170552,AUTO,2,31.95,5.00,-85,100.00,8.31,3.30,4.94,1027,590,123,309,22.18,1013.40,12.10,404.60,1,1713170518,GSN-01,-87,24.30,77.80,42,0,0,7.82,85,24.10,21.70,25.30,22.00,20.80,25.90,21.20,25.00,24.60,22.60,23.40,21.50,23.40,20.10,23.20,23.40,24.20,24.80,22.60,24.60,25.20,25.90,20.90,23.00,23.60,20.00,22.10,20.30,23.90,21.90,21.80,21.10,20.30,24.60,20.00,25.10,25.20,25.50,22.40,20.90,23.40,24.50,22.10,23.90,21.20,20.40,24.70,25.10,23.30,24.90,22.50,24.50,24.90,20.50,24.60,21.60,22.70,21.90,23.60,25.80,21.40,23.80,21.20,24.80
TLM_RCV,-83,FG-ALPHA,1713170553,AUTO,2,32.81,5.00,-85,100.00,8.32,3.29,4.90,940,562,134,276,21.89,1012.90,11.80,406.30,1,1713170534,GSN-01,-72,24.40,77.90,45,0,1,7.82,84,22.40,23.60,22.00,21.90,23.00,21.00,22.80,20.20,25.70,20.00,21.10,24.70,24.10,24.80,24.90,20.70,21.00,20.70,23.50,22.90,23.60,25.90,24.70,23.80,21.80,25.00,21.90,20.50,25.90,23.40,24.10,23.90,23.80,21.50,20.80,22.70,25.10,20.70,20.80,23.40,23.00,25.60,22.90,23.60,22.60,20.50,20.70,20.40,23.00,25.00,25.10,22.00,25.30,20.30,23.60,24.30,24.10,24.50,25.00,25.90,24.00,24.80,24.70,22.00
TLM_RCV,-83,FG-ALPHA,1713170554,AUTO,2,33.58,5.00,-85,100.00,8.32,3.30,4.98,958,517,106,252,22.20,1013.60,12.10,404.50,1,1713170533,GSN-01,-91,25.90,81.60,44,0,0,7.80,85,82.80,21.50,22.80,22.10,23.50,22.10,22.40,23.20,23.10,20.10,25.80,25.90,22.70,22.30,21.50,20.20,25.70,22.90,23.60,22.90,25.30,25.40,20.30,25.10,21.20,24.20,23.30,25.30,20.10,25.40,22.80,20.20,23.90,24.70,24.00,23.00,25.20,21.70,20.30,21.00,24.30,21.30,23.40,20.30,21.20,25.30,21.50,21.00,25.30,22.90,24.80,20.50,23.50,24.90,23.40,23.30,21.40,21.80,24.80,23.40,25.10,21.20,24.20,22.00
TLM_RCV,-49,FG-ALPHA,1713170555,AUTO,2,32.94,5.00,-85,100.00,8.31,3.28,4.93,858,589,119,313,21.34,1013.40,11.80,404.80,1,1713170497,GSN-01,-80,25.40,82.00,45,0,0,7.78,85,23.60,20.80,25.50,25.30,22.00,22.50,22.70,23.20,20.20,20.70,21.70,25.50,85.70,21.10,21.70,20.30,24.50,25.80,23.70,23.30,25.70,22.40,21.70,21.00,23.90,25.60,23.10,25.40,20.20,22.20,22.30,25.90,25.00,24.90,23.50,23.80,23.20,21.60,21.30,20.70,20.00,20.40,20.20,20.00,22.50,23.50,23.00,22.60,25.70,24.60,22.00,20.00,21.30,24.60,24.30,23.50,23.80,22.90,23.10,24.80,24.90,20.50,25.00,24.90
TLM_RCV,-53,FG-ALPHA,1713170556,AUTO,2,31.67,5.00,-85,100.00,8.32,3.30,4.95,995,534,124,262,22.31,1013.60,11.80,406.20,1,1713170524,GSN-01,-88,24.90,81.40,42,0,0,7.78,84,25.10,22.50,25.00,24.80,24.10,24.10,20.50,25.90,24.80,20.50,24.30,20.60,21.30,23.40,20.50,25.20,20.00,23.30,25.90,25.70,21.60,22.40,20.00,21.40,24.50,20.10,22.90,25.90,23.20,25.90,24.70,25.70,82.00,21.80,25.10,25.80,23.80,24.40,20.80,23.90,25.10,23.60,22.10,23.90,23.20,25.10,20.40,23.80,24.00,25.20,21.10,25.60,24.30,24.30,21.90,25.30,21.00,22.60,20.90,20.10,22.30,20.70,20.10,25.70
TLM_RCV,-68,FG-ALPHA,1713170557,AUTO,2,33.76,5.00,-85,100.00,8.32,3.29,4.95,1132,552,106,292,22.90,1012.90,11.90,406.40,1,1713170522,GSN-01,-75,25.90,76.60,47,0,0,7.81,84,25.50,24.40,24.30,20.70,22.30,22.40,24.60,25.00,21.80,24.10,24.00,20.30,24.80,22.50,20.80,25.80,20.90,20.10,25.80,24.30,20.90,25.20,21.30,22.00,24.30,25.00,25.30,20.10,24.10,23.80,20.10,22.80,25.80,21.50,22.30,21.30,22.60,20.40,21.80,21.70,21.30,24.10,22.90,20.40,24.00,21.60,24.00,22.20,23.80,23.40,25.50,24.10,25.20,22.70,23.30,23.40,25.60,24.40,22.60,20.40,25.00,24.10,81.50,23.60
TLM_RCV,-42,FG-ALPHA,1713170579,AUTO,2,33.57,5.00,-85,100.00,8.32,3.31,4.97,1130,514,115,251,23.08,1013.10,11.80,405.80,1,1713170559,GSN-01,-78,25.60,73.90,40,1,0,7.78,84,25.30,23.40,21.10,22.80,23.40,21.00,25.20,20.80,24.80,24.20,20.80,71.20,24.20,20.40,24.80,25.40,25.10,20.30,21.00,25.90,23.20,23.60,20.40,23.40,25.80,23.80,22.90,20.30,21.10,22.40,22.00,21.90,25.50,20.50,24.90,20.10,24.00,25.00,21.60,21.60,20.30,25.70,23.80,25.40,25.70,20.00,21.80,25.20,22.50,25.40,22.40,25.40,20.20,20.60,24.30,23.10,23.90,22.70,22.20,20.10,25.40,25.00,23.90,24.30
TLM_RCV,-85,FG-ALPHA,1713170580,AUTO,2,32.10,5.00,-85,100.00,8.31,3.31,4.94,951,620,138,340,21.66,1012.70,12.00,405.70,1,1713170521,GSN-01,-79,24.90,80.40,46,0,0,7.82,85,23.70,22.00,20.40,22.70,21.40,22.00,24.80,21.00,21.60,23.90,21.90,20.00,20.00,23.50,22.10,22.00,22.90,21.80,22.90,20.10,23.60,24.60,24.50,23.00,22.10,25.40,22.30,23.20,25.90,24.90,24.40,20.60,24.80,24.00,21.90,24.00,22.20,25.40,22.50,25.40,24.50,20.90,20.50,23.80,24.80,20.30,22.30,23.20,20.90,20.30,22.40,20.00,21.80,23.70,24.00,20.70,21.60,20.80,23.10,22.40,20.60,20.50,20.20,20.50
TLM_RCV,-82,FG-ALPHA,1713170581,AUTO,2,31.94,5.00,-85,100.00,8.31,3.30,4.94,1052,589,114,317,22.32,1013.60,11.90,405.90,1,1713170531,GSN-01,-95,24.30,76.40,44,0,0,7.82,85,23.30,24.40,23.90,20.00,20.20,23.70,23.00,23.10,21.60,24.60,21.70,23.10,24.20,22.10,24.80,21.80,21.30,23.50,22.80,24.50,23.70,25.30,23.10,21.40,25.70,23.90,24.40,22.10,23.50,24.90,22.00,24.60,22.10,21.00,20.10,23.40,24.70,22.80,20.50,23.60,23.10,20.10,22.50,20.50,23.30,25.20,21.20,22.80,21.90,25.60,22.40,21.00,21.40,20.10,20.50,24.20,21.10,24.80,22.90,23.30,22.40,23.20,24.20,24.50
TLM_RCV,-80,FG-ALPHA,1713170582,AUTO,2,32.92,5.00,-85,100.00,8.31,3.28,4.90,994,583,108,331,22.06,1013.30,12.10,404.70,1,1713170528,GSN-01,-91,25.60,73.20,40,0,0,7.79,84,22.60,21.10,21.90,22.30,24.90,22.60,22.10,22.50,22.10,21.50,23.90,23.40,25.70,25.10,21.40,24.60,20.00,23.00,21.50,24.40,23.70,25.60,22.20,22.20,20.10,24.90,22.10,25.50,23.40,25.50,23.20,22.40,24.30,21.00,21.40,23.60,22.60,25.00,20.50,21.20,20.60,22.60,22.90,25.90,22.80,24.90,24.50,20.60,22.30,20.00,21.10,21.60,24.90,20.70,20.50,24.70,22.50,25.60,21.40,23.20,21.60,24.50,21.90,25.10
TLM_RCV,-54,FG-ALPHA,1713170583,AUTO,2,33.85,5.00,-85,99.94,8.31,3.31,4.97,0,571,123,296,22.85,1012.90,12.10,405.00,1,1713170547,GSN-01,-71,23.20,75.00,41,0,0,7.82,85,24.20,23.00,22.80,24.10,24.00,20.60,24.00,20.20,20.30,24.70,24.80,20.90,22.10,22.10,21.60,25.50,25.20,25.10,21.00,21.70,22.50,22.50,25.30,25.50,25.80,21.90,21.50,21.10,25.30,21.40,25.40,23.50,20.90,22.70,21.00,21.10,21.90,21.80,21.70,20.90,22.50,25.40,22.90,22.20,20.70,25.90,25.80,20.10,75.50,21.50,20.00,20.40,20.70,24.60,25.80,22.40,22.70,20.20,21.40,20.00,21.70,25.20,23.50,24.80
TLM_RCV,-80,FG-ALPHA,1713170584,AUTO,2,32.00,5.00,-85,99.88,8.31,3.28,4.97,0,599,118,328,22.99,1013.40,11.90,406.00,1,1713170560,GSN-01,-73,25.70,80.20,40,0,0,7.82,84,20.30,24.70,23.00,23.70,24.80,22.60,20.90,22.60,22.80,21.20,25.30,22.90,25.40,21.80,22.80,21.60,20.00,25.20,25.50,21.20,23.90,22.30,25.20,25.10,22.50,25.50,25.00,20.00,24.70,20.30,22.70,20.80,25.30,25.30,23.00,22.70,23.20,22.10,24.30,24.30,25.30,23.00,25.60,23.30,25.60,20.00,23.00,21.50,23.80,22.10,24.80,23.20,24.70,24.90,21.30,23.00,25.30,23.20,25.20,20.70,22.40,22.80,22.80,25.20
TLM_RCV,-84,FG-ALPHA,1713170585,AUTO,2,33.10,5.00,-85,99.91,8.30,3.29,4.98,903,621,123,343,21.41,1013.00,11.80,406.10,1,1713170552,GSN-01,-78,24.10,76.60,40,0,0,7.81,85,24.20,20.20,22.70,21.40,22.50,23.10,20.70,20.80,25.30,88.50,22.60,21.10,24.70,21.40,25.20,22.80,24.80,20.40,20.00,23.90,23.10,23.10,22.20,24.20,22.00,21.60,21.80,24.20,20.40,20.40,20.60,20.60,23.90,24.30,23.90,24.20,24.00,21.80,25.50,21.90,20.40,22.90,23.10,22.70,25.90,24.30,21.80,22.20,21.80,21.80,21.30,22.60,22.60,21.00,21.90,24.50,22.00,20.00,21.70,24.90,22.50,25.80,24.30,25.40
TLM_RCV,-81,FG-ALPHA,1713170586,AUTO,2,32.74,5.00,-85,99.98,8.32,3.28,4.96,1197,549,101,289,23.24,1013.60,11.80,406.30,1,1713170558,GSN-01,-86,24.80,76.60,46,0,0,7.82,85,20.50,25.00,21.70,21.90,22.30,25.20,25.90,24.50,22.00,20.60,23.40,21.30,22.60,21.90,25.60,20.50,25.20,23.80,22.00,22.10,25.30,23.70,20.20,21.00,21.60,25.80,21.50,25.70,24.80,25.80,21.90,24.30,20.00,20.20,23.10,22.30,24.80,23.00,20.60,21.80,20.00,22.00,24.40,23.80,24.80,25.30,25.30,21.30,25.10,20.60,21.90,21.60,24.20,25.50,24.80,25.10,23.30,21.00,20.30,24.10,24.70,23.40,22.10,20.90
TLM_RCV,-84,FG-ALPHA,1713170587,AUTO,2,33.64,5.00,-85,100.00,8.32,3.29,4.90,852,528,105,275,21.62,1013.50,12.00,406.10,1,1713170549,GSN-01,-82,25.30,76.50,48,0,0,7.78,85,21.10,20.80,23.50,20.20,20.60,20.80,25.60,25.30,25.50,24.60,21.80,21.90,20.70,22.70,25.60,23.70,21.10,20.90,23.60,21.70,20.80,24.60,21.90,23.70,23.80,23.50,23.80,21.70,24.10,25.00,20.70,24.80,20.70,22.00,21.00,22.60,20.20,20.50,24.40,25.50,20.50,25.00,22.50,21.00,25.70,25.50,23.00,21.10,25.70,21.50,22.80,21.50,21.90,21.80,23.20,25.90,21.40,24.70,24.90,23.20,20.00,25.40,20.90,25.40
TLM_RCV,-41,FG-ALPHA,1713170588,AUTO,2,33.90,5.00,-85,100.00,8.31,3.31,4.96,964,580,145,280,21.92,1013.40,12.00,404.50,1,1713170562,GSN-01,-92,23.90,82.10,48,0,0,7.80,85,21.80,22.00,20.10,25.20,23.70,24.30,23.40,25.10,20.40,21.60,24.20,23.30,23.60,20.30,25.40,23.90,25.70,25.50,22.70,25.00,20.40,25.20,25.00,23.70,23.50,20.50,23.60,23.80,24.00,21.70,20.70,24.90,23.20,21.10,20.40,23.80,24.50,22.40,23.10,20.90,25.00,22.30,23.00,24.70,21.60,24.20,22.50,20.90,25.50,21.60,20.30,23.90,22.90,23.00,23.60,25.20,22.70,24.00,24.50,21.00,25.10,20.80,22.10,21.80
TLM_RCV,-47,FG-ALPHA,1713170589,AUTO,2,31.86,5.00,-85,100.00,8.31,3.28,4.93,809,573,141,278,21.18,1013.20,11.80,405.90,1,1713170578,GSN-01,-79,24.90,80.80,48,0,0,7.81,85,25.10,25.20,20.00,20.00,24.10,21.90,25.50,25.60,24.40,24.10,21.50,22.60,22.70,20.20,24.80,21.70,24.90,21.70,21.80,21.10,21.60,20.60,20.20,23.40,20.60,23.00,23.40,21.70,22.50,22.50,21.60,20.80,25.40,25.70,24.10,21.90,23.50,22.00,20.80,22.00,21.60,24.50,25.60,22.20,20.90,23.80,21.00,21.50,21.10,20.30,20.20,24.40,21.20,24.80,24.30,24.90,24.10,21.10,23.50,23.10,25.10,21.20,25.90,23.90
TLM_RCV,-76,FG-ALPHA,1713170590,AUTO,2,33.66,5.00,-85,100.00,8.32,3.30,4.95,865,532,115,270,21.67,1013.50,12.10,406.40,1,1713170571,GSN-01,-81,23.10,77.80,41,0,0,7.78,85,24.80,20.60,23.70,24.70,23.90,25.50,24.60,20.40,21.90,20.80,24.60,20.00,21.50,25.20,23.10,20.30,21.90,20.90,21.60,20.60,23.60,21.60,22.20,21.20,25.20,23.60,21.10,20.10,22.80,23.40,23.90,23.10,21.40,23.60,24.50,25.90,23.30,21.50,24.50,21.20,23.40,22.50,22.50,21.10,24.30,22.80,21.40,21.10,24.60,22.00,24.30,22.00,20.50,21.40,23.30,22.50,20.20,24.70,20.00,20.70,25.70,25.90,24.30,22.30
TLM_RCV,-86,FG-ALPHA,1713170591,AUTO,2,32.01,5.00,-85,100.00,8.31,3.30,4.98,1034,602,141,316,22.16,1012.90,12.10,405.30,1,1713170573,GSN-01,-95,25.20,73.50,40,0,0,7.82,85,24.30,22.70,22.70,23.70,22.40,22.00,24.70,25.00,23.30,25.90,20.90,21.00,23.50,25.40,24.80,23.20,20.00,21.70,21.00,21.00,20.10,23.90,24.60,23.90,20.20,25.60,20.40,24.70,23.90,20.50,20.30,20.30,20.00,25.70,22.80,24.00,20.70,25.80,23.90,20.30,21.90,22.10,22.40,20.20,22.60,25.00,22.10,21.40,21.40,21.10,25.30,24.60,24.30,21.20,25.00,20.80,23.10,21.40,25.90,22.10,23.30,21.00,23.70,23.00
TLM_RCV,-95,FG-ALPHA,1713170592,AUTO,2,32.76,5.00,-85,100.00,8.32,3.29,4.95,1021,551,133,278,22.35,1013.30,11.90,405.80,1,1713170543,GSN-01,-82,24.30,78.40,40,0,1,7.79,85,22.30,23.70,25.50,20.40,21.30,25.10,25.40,24.90,24.60,25.50,23.70,22.70,21.20,21.10,21.70,25.90,21.60,20.10,23.50,21.60,22.10,25.90,20.80,24.60,23.90,21.70,20.70,23.10,20.90,21.90,20.70,25.90,23.90,23.00,24.40,20.80,20.80,20.00,23.80,21.60,23.00,24.60,22.60,20.40,20.30,25.70,23.60,23.90,23.30,20.20,25.60,24.10,20.70,25.50,25.50,22.10,23.50,23.00,25.90,23.40,20.80,21.60,24.40,21.90
TLM_RCV,-56,FG-ALPHA,1713170593,AUTO,2,34.19,5.00,-85,99.94,8.30,3.31,4.93,0,639,149,343,23.19,1013.50,11.90,406.10,1,1713170566,GSN-01,-82,23.40,75.00,45,0,0,7.82,84,21.00,25.20,21.10,20.70,23.00,22.80,24.50,22.70,21.90,21.80,21.60,21.30,23.10,24.30,24.80,25.20,25.30,21.00,21.80,25.10,25.20,24.80,22.30,21.80,24.20,23.00,24.10,22.80,24.80,25.80,21.40,25.70,21.70,25.40,24.00,22.60,21.30,21.10,24.60,22.20,25.40,21.50,21.00,21.60,21.20,22.30,23.30,22.90,23.40,25.70,21.70,24.90,25.10,25.40,21.10,23.00,25.40,24.80,21.20,20.30,25.50,23.60,81.30,21.40
TLM_RCV,-94,FG-ALPHA,1713170594,AUTO,2,32.87,5.00,-85,99.97,8.31,3.29,4.94,874,574,127,291,21.50,1013.60,12.10,405.20,1,1713170579,GSN-01,-76,24.20,73.80,44,0,0,7.82,85,24.60,25.30,24.90,21.10,22.80,22.00,21.90,23.50,21.50,20.30,20.30,25.90,23.70,24.80,25.60,24.10,21.70,23.30,20.30,22.30,23.10,21.40,20.50,22.50,21.00,24.30,20.80,23.70,20.10,24.70,21.70,25.20,25.80,23.80,20.50,25.60,23.60,24.70,21.30,23.10,23.40,23.20,23.70,25.00,25.00,23.20,23.30,21.40,25.20,22.10,24.50,21.90,24.20,20.70,24.70,23.50,20.60,21.50,25.10,21.70,25.90,24.60,24.20,22.30
TLM_RCV,-42,FG-ALPHA,1713170595,AUTO,2,32.00,5.00,-85,99.91,8.31,3.30,4.92,0,599,142,308,22.99,1012.70,12.10,406.10,1,1713170571,GSN-01,-88,25.60,73.50,41,0,0,7.79,84,21.00,23.20,24.40,21.70,24.90,21.70,25.70,25.80,25.80,23.50,21.90,24.20,23.80,23.60,20.90,20.20,24.70,23.30,20.20,20.50,23.90,25.30,24.60,25.20,25.70,20.40,24.70,22.70,22.70,21.00,20.20,23.60,23.30,21.00,21.30,25.60,25.00,21.40,22.10,24.00,22.50,24.70,20.40,24.80,23.00,23.70,25.70,20.60,24.50,22.60,21.20,25.00,22.20,25.50,25.10,25.70,23.40,23.50,24.00,24.70,22.30,21.30,22.60,21.40
TLM_RCV,-43,FG-ALPHA,1713170596,AUTO,2,32.92,5.00,-85,99.85,8.31,3.31,4.91,0,584,105,336,22.92,1012.80,11.80,405.40,1,1713170564,GSN-01,-75,24.30,81.80,47,0,0,7.82,85,25.50,21.60,22.80,23.00,23.30,21.70,21.30,21.30,21.40,20.90,22.10,22.80,23.40,21.90,22.30,22.20,20.70,20.20,24.60,22.20,25.90,24.10,23.80,25.20,20.80,22.70,20.10,23.80,21.20,21.00,22.40,24.90,23.00,23.20,21.40,22.80,20.80,21.30,22.40,23.20,21.50,22.80,21.40,21.30,23.50,25.30,22.20,20.80,20.80,22.10,22.80,25.20,24.40,21.90,24.60,23.00,23.10,22.80,23.00,21.30,23.60,25.30,24.80,25.10
TLM_RCV,-51,FG-ALPHA,1713170597,AUTO,2,33.81,5.00,-85,99.90,8.31,3.30,4.93,1047,562,149,260,22.42,1012.70,11.90,405.80,1,1713170555,GSN-01,-85,24.40,75.70,42,0,0,7.82,84,22.60,24.80,24.20,24.70,22.70,25.40,24.90,20.80,23.80,21.50,24.60,25.60,22.40,23.70,23.50,20.20,21.10,25.20,23.30,25.70,23.40,24.50,23.90,25.40,22.20,21.80,22.30,24.50,23.10,23.80,21.40,25.40,20.30,24.60,24.20,23.70,24.10,21.50,21.60,23.70,25.10,21.20,22.60,24.00,20.00,25.10,80.00,23.00,25.50,25.60,24.30,25.90,22.00,22.40,21.10,20.80,25.50,20.20,22.90,21.10,21.90,24.00,25.90,23.30
TLM_RCV,-44,FG-ALPHA,1713170598,AUTO,2,33.01,5.00,-85,99.95,8.31,3.31,4.90,1093,602,136,321,22.45,1013.40,12.00,405.40,1,1713170588,GSN-01,-92,25.40,76.70,47,0,0,7.81,84,24.80,25.30,25.30,22.50,23.60,24.50,21.00,20.80,21.30,25.80,22.00,23.40,21.80,22.10,24.00,20.50,20.30,21.40,21.30,25.60,21.00,21.10,24.60,22.60,20.60,24.30,25.90,20.40,22.20,23.10,22.30,20.00,21.90,23.00,24.60,25.60,21.50,20.40,21.90,21.30,25.60,24.70,22.70,21.20,23.00,20.60,24.20,24.20,25.60,21.80,25.80,20.10,22.90,23.30,24.20,20.10,22.90,22.20,21.00,23.80,25.80,20.30,23.50,21.30
TLM_RCV,-46,FG-ALPHA,1713170599,AUTO,2,34.04,5.00,-85,99.88,8.31,3.28,4.90,0,608,134,331,23.04,1013.50,11.80,404.60,1,1713170554,GSN-01,-78,24.10,76.80,45,0,0,7.80,84,22.60,24.80,20.40,20.40,24.40,25.10,24.40,25.30,25.40,23.90,24.70,20.10,24.10,25.60,21.20,23.60,24.30,22.50,20.90,23.40,25.80,20.80,23.20,21.20,24.30,21.80,22.20,20.80,22.50,21.20,23.80,22.00,20.60,22.30,24.30,24.10,20.60,20.00,22.60,21.40,25.40,23.70,22.90,20.40,21.70,22.40,20.40,25.80,23.00,22.80,25.80,21.40,25.50,24.10,20.40,24.00,23.30,22.60,24.80,25.10,23.50,21.80,21.40,22.10
TLM_RCV,-70,FG-ALPHA,1713170600,AUTO,2,32.65,5.00,-85,99.94,8.32,3.28,4.90,1063,531,131,257,22.66,1012.90,11.80,404.70,1,1713170568,GSN-01,-80,23.60,79.50,41,0,0,7.81,85,25.30,23.20,25.90,25.20,21.40,20.80,24.40,21.00,20.20,22.50,22.80,24.10,23.20,21.00,20.10,21.10,21.30,25.90,23.10,22.70,24.90,23.40,21.90,24.30,21.20,20.30,25.90,25.60,22.70,23.10,22.50,21.60,24.60,25.80,24.60,20.00,25.30,23.50,25.00,20.50,22.30,23.20,23.90,24.20,24.90,21.50,23.90,25.80,23.60,23.10,22.40,22.60,25.70,24.40,24.60,21.30,23.20,24.70,22.70,24.20,22.90,22.10,21.40,20.10
TLM_RCV,-73,FG-ALPHA,1713170601,AUTO,2,31.79,5.00,-85,99.99,8.32,3.30,4.93,1122,558,142,270,22.82,1013.40,11.80,405.90,1,1713170555,GSN-01,-75,23.90,79.70,48,0,0,7.79,85,24.90,22.50,22.00,22.80,23.10,25.20,21.00,25.30,25.10,23.70,22.00,20.30,23.70,21.20,22.30,22.20,24.00,21.20,25.10,24.90,24.10,25.90,20.90,22.90,24.70,20.10,22.20,25.60,24.20,20.90,25.00,20.30,22.20,20.00,21.40,24.80,24.50,21.70,21.40,24.90,25.30,22.40,23.70,23.90,24.50,25.30,23.70,24.60,25.30,25.20,22.50,20.60,25.00,25.10,25.50,25.90,23.70,22.70,21.10,23.00,22.20,20.50,22.70,22.00
TLM_RCV,-82,FG-ALPHA,1713170602,AUTO,2,33.72,5.00,-85,100.00,8.32,3.31,4.97,834,543,116,286,21.45,1013.30,11.90,405.40,1,1713170579,GSN-01,-94,24.10,76.70,45,0,0,7.81,84,24.70,22.70,23.60,21.00,24.30,25.70,25.70,21.10,24.40,23.30,22.50,20.70,22.00,22.30,20.20,24.50,24.10,21.70,22.80,25.50,21.00,20.60,23.60,22.40,25.20,23.10,21.40,23.60,25.80,20.60,23.70,21.20,23.70,21.40,20.40,22.70,21.70,21.70,21.70,22.90,22.00,24.80,24.00,24.40,24.70,20.60,21.20,25.40,23.50,22.60,20.20,23.10,23.90,23.30,25.10,23.30,24.30,22.40,24.10,20.60,24.60,20.50,24.20,21.30
TLM_RCV,-44,FG-ALPHA,1713170603,AUTO,2,31.71,5.00,-85,100.00,8.32,3.30,4.91,1033,542,108,292,22.45,1012.80,11.90,404.90,1,1713170562,GSN-01,-90,23.40,80.30,43,0,0,7.79,84,23.80,22.90,23.10,20.40,25.00,25.80,23.20,24.70,24.70,25.80,25.00,23.10,25.70,24.70,25.70,20.80,22.40,24.60,23.70,20.60,23.70,21.00,22.70,20.90,24.30,22.40,20.40,25.40,23.80,25.80,20.60,24.40,20.60,21.60,21.40,20.70,24.60,23.10,20.40,22.50,22.10,22.30,24.20,25.00,23.90,20.30,25.40,24.50,23.50,22.30,25.70,23.30,20.20,20.40,21.40,20.90,23.10,20.10,24.10,25.30,23.50,20.20,23.70,24.60
TLM_RCV,-62,FG-ALPHA,1713170604,AUTO,2,31.95,5.00,-85,100.00,8.31,3.29,4.93,1067,591,129,309,22.38,1013.00,12.10,405.20,1,1713170579,GSN-01,-75,24.30,78.00,42,0,0,7.82,85,25.70,24.50,24.40,22.10,23.20,24.70,22.30,22.40,23.00,21.30,21.50,23.70,23.70,25.80,22.40,21.40,25.10,20.10,21.40,25.60,22.30,20.20,23.70,23.40,20.60,22.20,25.40,22.40,21.20,24.00,22.90,22.70,22.20,21.50,20.70,25.40,23.90,24.20,20.70,24.10,20.70,23.60,22.40,21.80,24.90,22.10,20.30,23.10,22.60,23.90,24.80,20.90,21.70,22.20,20.10,22.80,22.40,22.50,22.90,21.70,25.70,24.10,20.50,24.20
TLM_RCV,-76,FG-ALPHA,1713170605,AUTO,2,33.07,5.00,-85,100.00,8.31,3.30,4.92,897,614,137,333,21.42,1013.10,12.00,406.10,1,1713170576,GSN-01,-71,25.20,77.80,49,0,0,7.82,85,23.00,24.60,23.90,24.30,23.70,20.80,21.70,24.30,25.40,25.00,25.20,21.00,21.40,21.80,25.00,22.70,20.10,22.90,20.50,24.60,22.30,23.60,22.50,25.40,25.40,21.60,25.60,25.00,24.80,23.90,22.90,25.40,22.90,20.80,21.70,21.80,21.90,22.70,21.70,23.60,25.20,22.00,20.00,24.50,24.50,21.40,23.30,20.40,20.50,20.10,23.80,20.00,23.40,24.20,25.40,25.50,23.00,23.50,23.70,22.40,20.10,24.50,24.20,21.90
TLM_RCV,-75,FG-ALPHA,1713170606,AUTO,2,34.04,5.00,-85,100.00,8.31,3.31,4.99,990,609,137,313,21.91,1013.60,11.80,404.90,1,1713170589,GSN-01,-79,24.70,82.30,41,0,0,7.81,84,21.20,22.50,22.50,23.50,24.50,25.90,21.00,21.00,25.70,20.00,20.70,25.50,23.70,25.00,20.60,20.80,24.60,23.40,21.30,20.30,22.30,20.80,25.20,22.30,23.60,20.80,20.60,25.60,23.60,20.80,21.10,23.90,25.30,25.40,22.20,21.30,22.40,24.60,25.50,24.70,20.90,24.60,21.80,21.90,22.30,20.30,23.50,21.40,20.30,22.70,21.40,20.40,21.80,23.60,25.40,21.90,24.60,20.80,20.30,21.70,23.30,22.80,23.80,23.20
TLM_RCV,-75,FG-ALPHA,1713170607,AUTO,2,34.03,5.00,-85,100.00,8.31,3.28,4.96,810,606,129,331,21.02,1013.60,11.90,404.50,1,1713170553,GSN-01,-87,23.80,78.70,49,1,0,7.81,84,21.90,23.40,25.00,20.30,23.40,23.90,24.60,23.00,24.00,23.70,24.20,21.40,23.30,22.40,20.80,25.70,21.40,20.40,20.60,24.90,21.20,24.70,20.00,20.70,24.00,25.50,22.80,22.50,25.80,25.60,22.40,25.90,24.40,22.30,25.90,22.60,22.90,20.10,25.60,22.90,22.90,24.90,20.20,21.80,23.90,21.40,20.20,23.10,23.30,20.10,22.10,21.10,24.90,23.00,22.30,24.80,20.90,20.80,21.90,20.10,22.60,25.60,22.50,20.60
TLM_RCV,-48,FG-ALPHA,1713170608,AUTO,2,32.96,5.00,-85,99.94,8.31,3.29,4.99,0,592,143,305,22.96,1012.70,12.10,405.30,1,1713170596,GSN-01,-73,24.60,77.90,40,0,1,7.82,84,24.70,23.70,20.00,21.10,23.10,24.20,24.50,23.00,22.70,23.30,21.00,23.00,20.10,20.10,25.10,22.80,23.60,20.00,24.10,24.70,21.30,20.10,21.70,21.30,25.50,24.10,25.30,22.80,23.30,21.40,20.40,21.00,21.40,20.20,23.40,24.60,20.80,21.30,24.60,20.10,20.90,20.80,24.70,24.80,23.50,23.30,23.50,24.20,21.40,23.00,24.50,21.90,25.50,20.90,25.80,24.20,24.10,20.40,20.20,24.60,21.00,24.70,25.90,24.10
TLM_RCV,-66,FG-ALPHA,1713170609,AUTO,2,31.74,5.00,-85,99.89,8.32,3.29,4.93,0,548,105,291,22.74,1012.70,11.80,405.00,1,1713170556,GSN-01,-94,23.50,82.90,48,0,0,7.81,84,23.90,21.70,23.00,24.80,24.20,24.70,23.00,21.40,21.80,22.80,21.20,21.50,23.60,24.90,23.70,21.70,21.60,21.20,23.30,24.20,20.10,22.30,23.70,23.10,22.30,22.60,22.60,20.00,25.70,23.00,21.70,22.10,24.90,20.00,22.00,25.40,22.50,23.10,23.40,23.70,24.10,21.40,21.60,23.70,21.70,22.00,22.20,22.90,25.00,25.40,21.30,25.40,20.40,24.10,23.80,25.50,20.50,20.10,24.50,22.50,22.20,23.50,24.20,21.90
TLM_RCV,-95,FG-ALPHA,1713170610,AUTO,2,31.58,5.00,-85,99.93,8.32,3.29,4.99,924,515,101,258,22.05,1013.50,11.90,406.30,1,1713170590,GSN-01,-85,24.00,81.70,44,0,0,7.81,85,23.60,24.60,21.90,20.20,25.20,21.20,24.20,22.60,23.90,22.00,22.70,24.80,24.50,22.00,25.10,24.80,24.60,21.10,25.20,21.40,25.20,22.50,25.80,20.10,22.40,24.10,21.10,23.80,21.90,22.70,22.80,22.70,22.70,21.10,23.30,25.60,24.40,23.60,21.40,21.30,21.80,21.60,21.60,24.90,22.20,23.90,22.30,24.90,24.70,20.30,21.10,23.80,21.80,20.00,23.60,21.20,22.90,21.10,20.80,20.30,25.60,21.30,25.20,24.40
TLM_RCV,-94,FG-ALPHA,1713170611,AUTO,2,31.76,5.00,-85,99.95,8.32,3.31,4.98,820,552,117,280,21.34,1013.40,12.10,404.50,1,1713170589,GSN-01,-85,25.90,82.10,49,0,0,7.78,85,21.30,22.80,22.10,25.00,23.30,20.80,22.20,23.20,21.50,23.70,21.80,24.80,20.10,23.90,25.40,23.50,20.80,23.40,24.20,23.30,22.50,22.00,21.80,24.50,24.00,20.70,20.30,21.10,24.10,24.80,21.80,22.50,22.50,22.60,20.90,23.00,23.10,23.60,24.20,24.10,22.20,24.30,25.70,21.70,20.30,25.80,21.90,20.40,25.40,22.20,22.30,20.30,20.60,20.90,23.00,25.40,23.90,23.10,24.50,25.50,21.30,23.50,25.20,21.00
TLM_RCV,-93,FG-ALPHA,1713170612,AUTO,2,33.88,5.00,-85,99.98,8.31,3.31,4.94,845,577,135,291,21.34,1012.80,12.00,405.70,1,1713170555,GSN-01,-87,24.00,82.90,48,0,0,7.80,85,24.00,24.10,23.50,24.80,21.90,24.90,24.80,23.80,21.60,20.30,22.40,24.40,24.80,21.50,24.50,25.60,25.10,23.30,24.00,22.70,22.60,22.00,21.20,21.30,20.00,22.50,24.70,21.80,25.40,21.00,25.40,22.70,23.80,22.90,25.90,20.80,20.40,23.90,79.80,24.90,21.70,24.50,22.90,21.70,24.50,25.90,21.90,21.50,20.30,23.30,25.00,23.10,25.30,22.40,22.90,23.80,20.60,24.40,22.20,24.60,22.70,23.10,22.40,23.70
TLM_RCV,-95,FG-ALPHA,1713170613,AUTO,2,31.75,5.00,-85,100.00,8.32,3.31,4.98,1163,549,124,274,23.07,1012.70,12.00,406.20,1,1713170580,GSN-01,-95,23.20,82.70,49,0,0,7.79,84,20.70,22.20,22.80,23.60,24.80,22.70,22.40,25.00,22.60,22.20,20.40,21.10,20.20,22.80,22.40,22.90,25.60,21.30,20.70,22.20,23.20,22.60,20.20,25.60,23.10,21.20,24.80,24.90,24.20,21.80,24.90,22.40,24.60,21.80,24.40,23.50,23.00,21.20,22.10,20.90,20.80,21.10,23.90,23.60,24.10,23.50,22.50,25.40,22.00,23.30,23.10,23.30,20.00,25.90,24.10,21.60,22.40,25.20,25.10,21.70,22.80,20.50,21.10,22.60
TLM_RCV,-53,FG-ALPHA,1713170614,AUTO,2,31.74,5.00,-85,100.00,8.32,3.30,4.95,1137,547,127,274,22.95,1012.70,12.10,405.10,1,1713170566,GSN-01,-95,25.30,74.50,44,0,0,7.82,85,23.40,21.80,23.60,23.60,23.50,21.10,23.80,25.20,21.10,24.10,22.10,25.30,25.40,21.00,22.30,22.10,23.00,21.20,21.00,25.10,24.00,25.50,24.70,24.60,25.80,25.80,24.60,23.60,22.80,23.30,24.90,22.30,23.70,23.60,21.70,25.80,24.90,21.30,25.00,23.10,24.60,22.90,20.40,21.70,24.50,20.50,24.60,23.60,24.10,21.20,21.00,23.60,23.40,22.60,24.80,24.00,21.60,25.50,23.60,22.60,25.40,22.20,25.80,21.20
TLM_RCV,-52,FG-ALPHA,1713170615,AUTO,2,31.64,5.00,-85,100.00,8.32,3.28,4.96,888,527,115,259,21.81,1012.90,11.90,405.40,1,1713170601,GSN-01,-79,25.60,82.90,43,0,0,7.81,85,22.40,21.00,23.50,24.00,21.20,25.30,24.20,22.70,23.50,24.70,21.20,23.80,24.20,21.00,21.50,21.30,22.80,23.90,22.60,24.00,24.30,24.50,20.90,24.40,23.20,22.30,23.40,24.80,21.20,20.90,20.90,24.30,24.00,21.90,22.00,20.30,25.20,20.60,22.20,25.20,24.40,25.50,25.70,23.50,21.00,20.80,25.70,22.90,21.60,22.90,23.70,22.20,24.20,25.40,24.50,20.20,20.50,23.30,25.20,23.90,25.60,70.10,22.50,24.00
TLM_RCV,-46,FG-ALPHA,1713170616,AUTO,2,31.64,5.00,-85,99.95,8.32,3.28,4.91,0,527,118,260,22.64,1012.70,12.10,405.50,1,1713170573,GSN-01,-88,25.70,79.80,40,0,0,7.79,84,22.70,22.10,22.10,23.60,25.30,23.90,21.30,22.30,23.20,23.20,25.30,21.90,22.50,21.80,22.10,20.60,24.40,25.00,22.70,23.70,25.60,23.10,21.00,25.50,23.20,23.00,25.70,22.70,24.60,24.80,25.80,20.60,25.90,22.80,21.30,23.70,24.40,24.80,22.80,21.30,25.50,24.40,25.00,23.60,21.80,23.00,22.50,21.70,20.30,22.70,24.50,24.40,22.50,24.30,24.20,21.00,20.60,21.10,25.90,21.60,20.30,25.00,22.00,23.70
TLM_RCV,-72,FG-ALPHA,1713170617,AUTO,2,32.77,5.00,-85,99.89,8.31,3.28,4.90,0,554,110,303,22.77,1013.20,12.00,404.70,1,1713170603,GSN-01,-77,25.90,74.50,41,0,0,7.81,85,24.70,23.10,22.20,20.10,22.00,22.70,24.90,21.30,20.50,22.80,21.50,20.90,22.80,25.70,20.70,25.30,20.60,23.70,22.90,23.30,24.70,23.60,20.90,23.40,25.40,22.70,25.20,20.00,25.70,20.80,21.40,22.00,21.00,20.20,24.30,21.30,20.60,20.60,20.90,23.30,22.50,25.20,21.70,20.80,22.50,24.50,24.20,25.40,25.90,23.30,25.00,22.50,24.70,23.30,20.80,23.90,24.50,23.70,20.50,20.10,25.20,20.50,23.30,20.80
TLM_RCV,-53,FG-ALPHA,1713170618,AUTO,2,34.17,5.00,-85,99.91,8.30,3.31,4.95,834,634,137,345,21.00,1013.20,11.80,405.10,1,1713170578,GSN-01,-76,24.20,82.00,49,0,0,7.82,84,22.60,25.40,21.50,22.10,22.60,21.20,25.30,21.30,21.60,25.40,20.40,21.30,25.80,21.40,24.20,23.00,25.50,21.70,25.00,21.40,25.50,22.60,25.00,22.90,20.90,24.30,24.00,23.70,22.90,25.80,23.40,24.90,20.70,25.90,20.10,21.80,25.00,21.80,24.30,21.20,24.60,25.50,23.80,21.40,24.50,23.80,25.20,24.10,21.10,24.00,21.70,25.30,22.70,22.00,22.60,20.30,25.50,20.70,72.10,22.90,24.40,25.60,24.70,24.30
TLM_RCV,-93,FG-ALPHA,1713170619,AUTO,2,32.03,5.00,-85,99.85,8.31,3.30,4.94,0,606,148,303,23.03,1013.40,11.80,406.10,1,1713170584,GSN-01,-95,24.50,79.70,41,0,0,7.82,85,22.20,24.80,21.90,23.50,23.20,22.70,22.00,20.30,24.00,23.40,23.70,21.00,25.80,25.10,25.80,20.30,20.20,20.60,20.20,24.30,23.90,24.10,21.70,22.90,23.10,22.20,20.30,21.90,21.70,20.70,23.00,25.00,20.30,21.90,23.30,20.10,23.20,24.20,25.40,22.80,20.40,25.30,23.30,24.80,24.10,22.00,25.40,23.80,25.30,25.30,24.70,22.20,24.60,20.00,23.50,24.00,23.70,21.60,23.50,22.30,23.10,25.50,20.60,20.70
TLM_RCV,-44,FG-ALPHA,1713170641,AUTO,2,32.01,5.00,-85,100.00,8.31,3.30,4.94,922,602,102,348,21.60,1013.50,12.00,405.50,1,1713170609,GSN-01,-94,25.60,80.80,40,0,0,7.82,84,22.20,21.60,21.40,24.10,23.20,20.30,24.30,25.30,24.30,22.40,24.80,25.10,25.60,24.00,21.10,24.10,20.50,25.70,20.40,24.60,20.70,23.60,21.50,24.50,20.40,20.20,20.90,22.30,20.40,23.00,20.30,20.30,20.00,23.90,22.30,25.30,23.60,23.60,25.70,22.10,23.70,22.40,23.50,20.40,22.10,24.60,21.80,22.20,20.90,22.20,21.90,22.80,25.90,22.30,22.10,23.50,24.30,24.30,24.50,23.90,20.20,22.70,25.80,24.20
TLM_RCV,-61,FG-ALPHA,1713170642,AUTO,2,33.94,5.00,-85,100.00,8.31,3.29,4.94,870,588,104,341,21.41,1013.60,12.00,405.70,1,1713170592,GSN-01,-77,24.60,80.90,44,0,0,7.81,84,24.90,20.70,24.20,23.00,23.80,21.60,22.90,23.30,22.50,24.00,23.80,25.80,24.10,20.70,23.20,22.90,20.60,20.10,24.30,20.40,21.30,24.20,24.10,23.20,22.50,20.60,22.90,22.50,25.20,24.40,24.80,22.20,24.10,23.40,23.80,24.40,23.10,21.60,25.80,20.40,22.90,23.30,20.20,22.10,21.00,21.40,25.50,24.70,25.20,21.60,23.70,25.30,20.70,20.50,23.00,23.20,25.00,21.70,21.60,24.90,25.10,21.60,20.60,20.70
TLM_RCV,-51,FG-ALPHA,1713170643,AUTO,2,32.01,5.00,-85,100.00,8.31,3.28,4.94,1045,603,147,312,22.21,1013.40,12.00,406.00,1,1713170616,GSN-01,-88,24.20,76.70,49,0,0,7.82,85,20.30,22.70,24.60,21.80,22.40,24.60,24.10,21.40,22.80,22.80,21.50,23.70,23.50,22.30,25.60,20.20,21.50,21.60,24.20,20.00,20.50,24.80,21.20,23.80,22.70,22.50,22.20,24.30,21.70,22.10,21.80,20.80,25.40,20.20,21.30,22.30,21.10,21.70,21.80,24.20,23.10,23.90,23.90,22.10,20.20,24.20,22.20,23.50,25.00,21.10,24.50,24.20,22.60,22.80,22.00,24.70,21.10,25.30,20.30,23.10,21.10,20.70,23.30,23.10
TLM_RCV,-42,FG-ALPHA,1713170644,AUTO,2,33.87,5.00,-85,99.94,8.31,3.31,4.94,0,573,105,312,22.86,1013.20,11.80,405.10,1,1713170601,GSN-01,-82,25.80,79.60,46,0,0,7.81,84,25.00,24.90,22.60,20.60,20.80,22.10,21.20,23.10,23.40,21.90,21.60,20.30,24.70,23.50,20.20,23.10,21.50,24.40,24.00,23.90,22.50,24.70,22.50,23.40,20.80,23.20,22.30,22.90,20.50,25.40,24.40,25.00,22.50,25.40,22.20,20.20,23.00,23.50,23.30,22.30,22.40,20.30,24.70,20.00,24.80,25.00,22.60,22.40,25.60,24.80,23.00,20.40,20.90,25.80,22.20,22.70,20.80,21.20,21.00,22.80,23.30,21.90,21.70,24.00
TLM_RCV,-93,FG-ALPHA,1713170645,AUTO,2,32.78,5.00,-85,99.89,8.31,3.30,4.90,0,557,143,263,22.78,1013.30,11.90,404.80,1,1713170621,GSN-01,-73,25.40,76.20,47,0,0,7.80,85,20.20,21.90,25.30,21.60,22.50,25.30,24.40,23.20,25.80,25.40,21.90,25.40,22.90,23.30,24.30,25.00,22.70,23.50,21.30,23.10,20.60,21.20,22.00,21.20,20.20,24.80,24.40,24.00,24.20,24.80,21.70,21.60,22.80,24.60,25.30,21.80,20.30,24.30,25.80,21.20,23.00,20.70,22.20,24.20,20.90,20.40,20.60,24.50,24.90,25.60,20.20,25.00,20.90,24.90,25.50,21.60,21.20,21.80,25.30,24.90,20.00,22.20,24.80,22.30
TLM_RCV,-88,FG-ALPHA,1713170646,AUTO,2,31.89,5.00,-85,99.83,8.31,3.30,4.93,0,578,136,284,22.89,1012.80,11.80,405.40,1,1713170629,GSN-01,-87,25.30,80.70,48,0,1,7.82,85,20.50,21.60,22.80,21.40,25.60,25.60,23.50,22.90,25.60,23.80,23.00,23.60,25.20,21.20,25.80,25.00,24.50,20.10,24.90,24.10,25.50,21.70,21.60,24.60,24.40,25.00,24.40,25.40,21.20,24.60,23.40,23.60,20.20,21.10,20.30,23.30,24.00,24.70,22.80,25.50,25.30,24.90,22.80,21.80,25.60,24.70,20.80,23.40,24.10,23.40,22.20,23.60,24.00,22.60,24.20,24.10,24.60,22.40,22.20,22.60,23.50,20.20,21.80,23.80
TLM_RCV,-82,FG-ALPHA,1713170647,AUTO,2,33.98,5.00,-85,99.88,8.31,3.31,4.92,1120,596,149,305,22.62,1013.10,12.10,406.20,1,1713170624,GSN-01,-76,24.50,79.20,48,0,0,7.82,85,24.20,21.40,22.00,21.60,20.20,22.00,25.40,23.00,20.60,25.10,25.60,25.30,22.70,23.80,25.80,22.80,24.00,22.80,23.70,23.30,22.80,21.30,22.10,21.90,25.30,22.10,22.30,24.20,23.50,20.40,20.30,21.70,22.50,22.40,21.30,22.10,22.50,25.50,21.90,23.90,20.10,22.90,20.90,24.20,23.40,21.20,25.10,24.10,25.90,24.40,20.90,20.40,23.50,23.60,24.90,21.40,25.20,24.60,22.30,20.60,23.30,21.80,21.70,20.60
TLM_RCV,-73,FG-ALPHA,1713170648,AUTO,2,31.58,5.00,-85,99.94,8.32,3.28,4.92,1149,516,100,261,23.17,1012.80,12.00,405.80,1,1713170599,GSN-01,-74,25.30,74.60,49,0,0,7.79,85,24.00,24.30,23.40,20.10,25.40,22.70,20.30,22.50,25.90,25.20,23.70,20.20,23.20,23.00,24.10,22.80,22.70,24.60,24.50,24.40,21.10,25.20,21.10,21.00,21.10,22.00,20.00,20.50,20.80,22.30,20.00,21.50,23.30,25.20,24.60,21.00,20.40,23.10,22.40,20.90,20.50,24.40,20.80,20.80,21.80,25.80,25.40,25.90,24.70,24.30,23.90,23.40,20.70,22.10,22.20,20.80,23.90,23.20,23.00,25.90,25.80,22.50,25.40,25.10
TLM_RCV,-44,FG-ALPHA,1713170649,AUTO,2,33.69,5.00,-85,99.98,8.32,3.29,4.90,925,537,123,262,21.94,1013.20,11.90,405.00,1,1713170620,GSN-01,-79,25.00,73.30,42,0,0,7.80,84,24.60,25.60,20.20,21.00,21.10,21.70,22.30,25.30,22.80,20.80,22.00,21.00,25.80,21.50,20.00,24.30,24.70,23.40,22.20,20.00,21.30,25.40,25.40,22.90,21.00,23.80,21.00,23.50,20.10,25.00,24.30,20.80,23.00,24.10,21.20,21.00,23.40,20.90,21.70,24.50,24.40,23.60,23.60,20.40,25.70,24.90,20.50,22.40,22.30,21.40,24.50,23.10,25.00,22.40,24.00,25.90,22.90,23.60,24.20,25.20,23.10,23.90,24.80,24.80
TLM_RCV,-81,FG-ALPHA,1713170650,AUTO,2,32.78,5.00,-85,100.00,8.32,3.28,4.90,1141,557,107,304,22.92,1013.00,12.00,405.10,1,1713170640,GSN-01,-90,24.10,77.50,41,0,0,7.80,85,22.20,20.90,22.50,24.40,24.00,23.70,23.60,22.90,21.70,24.90,23.40,20.10,24.60,21.00,21.50,22.50,25.60,25.60,20.20,23.70,22.00,24.50,25.90,25.70,21.60,20.30,24.80,22.30,20.30,23.50,22.80,24.90,23.70,20.10,23.40,21.70,24.00,21.00,24.60,24.20,22.80,22.50,20.50,21.30,23.70,23.30,25.40,20.40,20.00,21.30,23.00,20.10,23.80,25.80,20.50,22.10,22.60,22.50,21.00,20.10,20.40,24.90,20.10,20.00
TLM_RCV,-66,FG-ALPHA,1713170651,AUTO,2,33.04,5.00,-85,100.00,8.31,3.29,4.95,906,609,120,339,21.49,1013.10,11.90,405.10,1,1713170597,GSN-01,-83,23.90,79.00,45,0,0,7.79,85,20.20,22.90,24.70,24.20,25.40,20.30,22.00,21.00,25.20,20.00,25.40,22.00,24.00,25.90,22.70,25.20,23.40,25.40,20.50,21.40,20.00,24.70,22.70,23.80,24.40,24.40,25.60,22.60,22.70,20.40,25.20,22.10,23.10,20.10,24.30,21.60,25.70,23.80,23.20,24.60,25.40,21.00,24.10,23.90,25.30,22.10,23.20,25.50,23.10,23.20,21.00,25.90,24.30,23.10,23.80,21.20,23.00,22.40,24.20,20.60,20.80,21.80,24.50,23.70
TLM_RCV,-53,FG-ALPHA,1713170652,AUTO,2,32.69,5.00,-85,100.00,8.32,3.30,4.91,901,537,101,287,21.82,1013.30,12.10,404.60,1,1713170620,GSN-01,-95,24.30,76.20,45,0,0,7.82,84,24.20,21.60,21.40,25.50,25.20,21.00,24.20,22.30,25.60,22.10,20.10,21.90,22.10,22.60,20.90,22.00,20.60,24.20,20.30,20.70,23.70,24.80,20.20,20.20,20.80,20.00,23.60,24.30,22.90,23.40,20.20,25.10,25.40,22.70,23.60,25.10,20.70,20.10,23.00,25.40,25.10,25.70,23.10,20.30,20.80,24.00,24.20,20.50,20.30,21.00,22.00,21.40,25.70,22.00,24.40,24.40,23.00,25.20,20.30,25.40,23.60,23.10,21.10,25.20
TLM_RCV,-55,FG-ALPHA,1713170653,AUTO,2,32.90,5.00,-85,100.00,8.31,3.29,4.90,1091,581,136,296,22.55,1013.10,12.10,405.40,1,1713170597,GSN-01,-74,25.30,78.60,42,0,0,7.80,85,22.90,22.10,23.20,21.40,20.00,20.90,23.30,20.10,25.10,20.10,21.90,21.50,23.20,23.70,25.90,21.80,22.40,22.80,25.80,21.70,21.10,24.70,25.60,23.50,23.10,21.30,23.80,20.50,25.20,22.40,22.60,22.10,21.30,21.40,24.50,25.30,22.80,20.50,25.70,24.10,21.70,20.80,22.10,23.60,21.80,24.40,21.50,22.50,25.60,22.20,20.00,21.50,21.00,24.50,24.40,21.80,24.20,20.70,24.60,20.80,20.80,23.60,25.60,21.80
TLM_RCV,-86,FG-ALPHA,1713170654,AUTO,2,32.87,5.00,-85,100.00,8.31,3.29,4.92,1054,574,124,296,22.40,1013.50,11.80,405.20,1,1713170635,GSN-01,-95,25.80,81.70,46,0,0,7.79,85,20.90,21.10,22.50,23.70,25.10,25.00,23.20,23.30,21.40,20.50,23.80,25.10,24.70,25.20,24.00,20.20,23.40,25.00,22.20,25.10,23.50,25.20,20.50,21.80,20.30,25.30,22.20,20.90,25.80,25.40,24.40,24.70,21.60,21.10,25.80,21.80,20.70,22.70,22.60,22.20,23.20,21.20,24.70,22.30,20.00,25.50,20.00,22.80,21.30,25.70,22.60,23.00,21.70,25.70,20.90,21.70,25.50,22.60,24.90,25.80,20.60,21.20,20.80,22.10
TLM_RCV,-63,FG-ALPHA,1713170655,AUTO,2,33.93,5.00,-85,100.00,8.31,3.31,4.90,1055,586,114,324,22.34,1013.20,12.00,404.50,1,1713170605,GSN-01,-89,24.50,82.40,41,0,0,7.81,84,21.60,23.50,24.30,21.10,23.00,23.00,23.90,20.00,20.60,25.50,22.70,24.50,25.80,20.80,24.90,23.00,21.40,22.20,21.10,20.80,20.90,21.70,25.90,21.50,23.80,22.80,21.20,25.00,25.90,21.10,22.60,25.90,24.90,22.00,20.70,25.20,22.40,21.70,24.60,23.10,22.80,23.20,21.80,22.60,23.10,21.60,24.70,21.90,24.10,22.60,20.80,24.00,20.60,25.20,21.40,25.90,22.00,21.30,23.30,20.40,21.90,20.90,23.90,20.40
TLM_RCV,-54,FG-ALPHA,1713170656,AUTO,2,32.58,5.00,-85,100.00,8.32,3.31,4.99,1159,516,104,262,23.22,1013.00,12.00,406.40,1,1713170626,GSN-01,-74,25.20,80.30,49,0,1,7.81,84,25.90,23.60,22.80,22.90,25.30,24.60,25.10,22.30,20.90,21.20,22.30,20.50,21.30,23.10,24.60,20.00,22.40,20.40,21.20,22.80,25.80,24.00,23.20,20.90,25.60,23.30,21.80,22.00,23.10,22.60,21.70,24.00,21.20,20.20,21.10,25.00,23.80,22.80,25.20,21.10,20.00,24.50,22.40,25.30,21.80,23.10,23.40,24.60,20.10,24.20,21.10,21.90,24.00,22.30,20.00,24.30,25.80,24.80,23.20,25.00,22.80,22.90,25.20,20.60
TLM_RCV,-48,FG-ALPHA,1713170657,AUTO,2,33.90,5.00,-85,100.00,8.31,3.31,4.93,817,581,137,294,21.18,1012.90,12.10,405.60,1,1713170618,GSN-01,-92,23.90,81.40,40,0,0,7.78,84,24.50,21.00,20.00,21.10,23.30,23.20,23.60,21.20,22.40,24.10,22.40,25.80,25.80,22.00,21.60,23.00,20.50,20.00,21.80,22.30,25.00,21.40,25.40,21.70,25.30,23.10,21.40,21.50,25.50,21.00,20.20,20.40,23.40,25.30,25.70,20.00,21.00,23.30,22.30,25.60,20.80,25.90,20.60,25.90,20.20,22.40,20.10,23.50,22.70,20.60,20.90,21.40,21.90,25.70,21.60,20.10,20.20,22.60,25.90,25.80,24.70,21.60,21.10,23.90
TLM_RCV,-44,FG-ALPHA,1713170658,AUTO,2,33.98,5.00,-85,99.94,8.31,3.31,4.97,0,596,140,301,22.98,1012.80,12.00,406.10,1,1713170629,GSN-01,-91,23.30,73.40,44,0,0,7.79,84,22.80,23.70,21.10,24.20,25.80,25.50,21.40,25.00,24.60,22.40,25.60,20.10,23.40,23.70,24.70,22.30,22.80,24.00,25.20,20.90,21.60,21.30,24.50,22.90,24.80,25.90,22.40,24.30,21.30,21.90,20.50,22.70,22.70,25.40,24.60,24.70,23.10,21.30,21.50,20.10,22.90,21.10,22.00,25.10,20.60,20.70,23.20,23.90,21.10,20.60,25.20,24.40,21.00,22.00,24.90,24.50,20.10,22.80,21.30,25.10,21.30,23.30,21.80,21.00
TLM_RCV,-94,FG-ALPHA,1713170659,AUTO,2,31.99,5.00,-85,100.00,8.31,3.30,4.90,1148,598,147,295,22.75,1013.60,11.80,404.70,1,1713170607,GSN-01,-78,23.10,73.90,44,0,0,7.80,84,23.70,22.50,21.80,20.10,23.60,20.80,23.70,22.90,22.00,22.50,25.10,25.50,20.30,25.10,25.20,20.60,20.40,24.10,20.40,20.10,23.80,22.50,23.70,24.60,23.90,21.20,25.40,21.00,25.20,22.50,22.10,21.60,21.70,24.10,24.30,25.80,25.50,21.80,23.90,25.60,23.70,23.60,20.20,20.00,24.10,23.30,23.70,25.80,24.40,23.50,20.80,23.00,24.20,24.60,23.80,25.70,20.00,23.30,25.30,25.40,23.80,23.70,23.80,23.90
TLM_RCV,-46,FG-ALPHA,1713170660,AUTO,2,32.87,5.00,-85,99.94,8.31,3.30,4.90,0,574,112,308,22.87,1013.30,12.00,405.90,1,1713170631,GSN-01,-79,23.10,76.80,48,0,0,7.78,85,22.90,20.10,23.30,23.00,23.30,20.60,24.30,20.40,24.00,25.90,23.40,25.70,24.90,21.10,22.30,20.60,24.90,24.00,25.10,20.60,21.50,25.10,23.80,25.50,20.80,23.20,24.60,21.70,23.60,21.70,20.10,24.20,24.10,21.30,20.70,23.70,25.00,20.50,22.10,22.30,25.10,25.00,25.70,23.30,20.80,22.20,20.90,23.40,20.50,20.00,20.30,23.50,20.00,20.00,20.30,21.50,22.70,25.20,22.10,22.40,21.50,25.50,25.30,22.50
TLM_RCV,-73,FG-ALPHA,1713170661,AUTO,2,32.04,5.00,-85,99.88,8.31,3.31,4.94,0,608,147,305,23.04,1013.40,11.90,404.90,1,1713170617,GSN-01,-92,24.80,75.20,45,0,0,7.78,85,24.20,25.00,22.20,25.10,25.40,24.10,22.50,23.70,24.30,21.30,25.20,22.30,24.00,20.60,22.60,21.70,25.20,20.80,24.40,23.70,25.30,23.40,23.60,25.80,25.30,23.80,22.20,25.00,22.80,22.90,21.50,21.50,24.70,20.40,23.80,20.90,20.00,24.10,22.70,25.10,24.10,20.60,20.20,25.40,23.80,20.00,21.30,25.70,22.50,22.20,20.10,23.90,22.20,21.10,20.60,20.20,22.20,20.70,25.40,20.10,23.50,20.00,24.00,20.10
TLM_RCV,-80,FG-ALPHA,1713170662,AUTO,2,33.13,5.00,-85,99.91,8.30,3.28,4.95,999,626,146,331,21.86,1013.00,12.10,406.00,1,1713170611,GSN-01,-85,24.50,79.00,41,0,0,7.82,84,25.10,22.60,23.60,22.60,20.70,23.60,23.30,22.20,25.90,21.80,21.80,20.30,22.50,23.00,25.30,21.30,25.80,20.20,23.60,23.60,25.10,20.80,25.70,22.00,23.00,22.20,25.30,25.50,20.00,21.90,25.50,21.30,24.60,25.90,20.80,22.40,25.40,21.80,25.20,21.00,20.10,24.80,24.30,20.40,23.30,24.10,21.00,23.60,22.30,24.60,23.30,21.10,25.60,20.70,20.30,23.00,25.60,23.80,22.80,23.90,23.50,22.00,23.10,24.10
TLM_RCV,-44,FG-ALPHA,1713170663,AUTO,2,32.84,5.00,-85,99.95,8.31,3.29,4.90,934,568,141,276,21.83,1013.00,12.00,405.60,1,1713170640,GSN-01,-79,25.40,82.70,43,0,0,7.79,85,22.40,21.40,89.40,22.20,22.80,24.40,25.90,22.70,20.50,21.60,20.10,24.80,25.00,20.60,23.70,20.40,25.00,21.90,20.70,24.10,20.60,22.20,24.90,21.80,25.00,23.60,25.00,21.30,24.10,21.90,23.30,21.30,22.60,21.60,24.30,22.40,22.80,22.00,20.20,24.60,22.40,23.70,22.50,25.10,24.60,24.70,24.70,23.40,22.70,21.80,23.10,22.00,20.10,24.20,20.60,25.50,22.50,25.90,20.70,23.00,21.10,24.50,22.80,21.30
TLM_RCV,-79,FG-ALPHA,1713170664,AUTO,2,33.99,5.00,-85,99.99,8.31,3.28,4.94,992,599,115,333,21.97,1013.20,11.90,404.70,1,1713170624,GSN-01,-91,24.60,74.30,49,0,0,7.78,85,23.70,20.50,20.60,20.50,24.70,22.00,24.50,20.80,24.70,21.40,25.90,20.00,21.00,24.50,24.40,23.80,24.30,25.00,25.30,23.10,25.30,21.20,25.50,23.60,22.90,25.50,21.80,23.70,21.60,21.00,21.60,22.30,20.80,25.00,23.40,20.70,21.40,24.60,24.10,20.10,22.10,25.80,25.20,25.90,20.30,20.80,22.30,20.10,22.40,22.30,21.40,22.40,22.10,25.40,24.50,22.70,24.40,23.90,25.40,21.50,24.10,22.60,24.10,23.10
TLM_RCV,-95,FG-ALPHA,1713170665,AUTO,2,33.74,5.00,-85,100.00,8.32,3.29,4.90,1198,549,128,273,23.25,1012.90,11.80,404.80,1,1713170641,GSN-01,-76,23.70,79.20,40,0,0,7.80,84,25.80,24.40,20.50,21.90,21.60,24.80,22.50,25.90,24.50,21.10,23.50,22.20,25.00,21.30,25.50,25.40,22.00,23.90,23.30,23.30,22.80,23.00,25.30,24.90,23.30,20.20,21.70,22.30,22.80,23.20,24.10,22.40,23.70,23.50,24.10,25.10,21.00,22.80,23.60,23.80,20.30,23.40,21.60,21.80,22.60,21.90,23.20,22.70,25.20,25.20,23.70,25.10,22.80,24.50,24.50,21.20,25.20,25.00,23.80,21.70,24.00,22.30,24.90,20.70
TLM_RCV,-74,FG-ALPHA,1713170666,AUTO,2,33.69,5.00,-85,100.00,8.32,3.31,4.90,1013,539,118,269,22.37,1013.30,11.90,404.80,1,1713170616,GSN-01,-76,23.50,73.40,41,0,0,7.81,85,22.90,23.20,24.60,21.50,20.60,23.50,21.50,25.70,24.10,24.00,24.80,22.60,23.80,21.20,20.80,23.80,22.80,25.30,20.80,21.50,24.10,25.80,24.30,21.50,22.00,21.60,22.90,22.30,21.10,24.50,24.20,21.80,24.80,24.30,21.10,24.20,22.00,22.40,23.70,24.50,23.30,22.40,21.60,24.10,24.60,22.60,21.00,23.10,21.50,21.40,23.20,21.70,24.80,22.80,21.80,21.40,21.80,23.00,21.70,25.30,23.20,24.50,24.40,23.30
TLM_RCV,-84,FG-ALPHA,1713170667,AUTO,2,33.01,5.00,-85,100.00,8.31,3.31,4.98,822,601,130,314,21.10,1012.70,11.80,405.60,1,1713170621,GSN-01,-95,23.70,82.90,47,0,0,7.79,84,23.00,20.70,25.90,24.20,24.50,24.70,21.50,25.40,22.30,21.40,22.80,25.90,20.40,21.80,24.70,20.60,20.20,24.20,21.40,20.60,24.60,21.50,20.50,20.60,21.50,21.80,21.30,25.90,21.30,24.90,24.60,25.40,20.90,20.60,25.50,20.50,25.30,25.80,21.20,24.70,22.10,22.10,22.30,24.40,20.10,24.60,22.00,25.20,25.50,21.40,20.30,23.60,21.80,25.20,25.80,20.70,25.00,21.80,22.90,22.50,25.90,23.20,21.10,20.20
TLM_RCV,-67,FG-ALPHA,1713170668,AUTO,2,33.06,5.00,-85,99.94,8.31,3.31,4.90,0,611,119,337,23.06,1013.10,11.90,405.50,1,1713170632,GSN-01,-93,24.60,80.60,48,0,0,7.81,84,20.80,21.80,23.80,22.50,20.40,24.60,25.60,25.20,20.70,20.90,24.40,23.20,22.10,23.80,24.40,21.20,20.00,23.80,20.00,25.00,24.70,25.20,20.60,25.40,21.90,22.90,21.70,21.20,21.50,22.80,22.00,25.70,20.80,23.60,24.90,25.40,23.80,23.40,23.80,25.70,22.80,21.10,22.10,25.60,24.80,23.60,23.50,24.10,21.90,24.50,78.60,22.20,21.50,21.60,25.70,24.40,21.50,22.80,20.00,25.00,25.60,25.50,20.80,25.70
TLM_RCV,-66,FG-ALPHA,1713170669,AUTO,2,32.69,5.00,-85,99.89,8.32,3.28,4.99,0,538,133,250,22.69,1013.40,11.90,405.20,1,1713170639,GSN-01,-86,24.30,79.10,47,0,0,7.79,84,23.10,20.40,21.50,20.50,25.20,24.60,25.70,23.90,20.60,21.30,20.90,21.00,22.60,20.30,24.00,25.40,24.60,21.80,22.90,20.00,21.30,22.40,21.90,23.40,21.00,21.90,21.80,20.40,25.50,23.70,25.20,25.60,20.20,25.20,25.00,20.70,22.00,23.00,25.00,20.30,25.40,22.40,24.60,25.40,22.80,21.20,20.20,24.50,24.20,21.20,21.10,22.70,20.50,20.50,25.90,22.50,22.70,23.60,22.40,20.40,23.60,21.20,20.90,21.20
TLM_RCV,-91,FG-ALPHA,1713170670,AUTO,2,31.72,5.00,-85,99.83,8.31,3.29,4.97,0,543,101,287,22.72,1013.00,12.10,406.10,1,1713170635,GSN-01,-89,23.00,78.90,42,0,0,7.81,85,20.40,21.10,20.30,23.00,22.60,24.10,24.40,23.10,25.60,24.50,22.20,22.90,22.50,21.30,21.50,25.40,22.20,20.80,23.40,24.30,23.70,23.50,21.70,20.70,24.10,20.50,22.10,22.60,25.40,22.20,23.30,21.70,23.80,22.40,23.60,24.50,24.30,20.00,24.50,23.70,21.40,24.20,23.60,21.00,21.30,20.80,25.60,25.80,21.40,22.70,24.00,22.90,23.80,23.70,21.90,25.00,21.20,24.60,21.20,24.30,21.00,21.50,23.90,24.80
TLM_RCV,-92,FG-ALPHA,1713170671,AUTO,2,33.06,5.00,-85,99.87,8.30,3.31,4.96,961,613,135,328,21.74,1013.40,12.00,405.90,1,1713170654,GSN-01,-84,24.40,77.70,47,0,1,7.80,84,20.30,24.40,22.20,22.40,24.30,20.60,24.60,25.60,22.30,20.10,20.00,20.80,22.30,21.80,21.50,25.10,23.20,25.80,25.70,22.40,24.20,20.50,20.60,21.40,20.90,25.90,24.30,22.50,23.20,21.10,23.40,24.50,21.90,21.80,25.80,21.10,20.20,21.10,23.70,22.40,23.00,22.20,20.80,20.60,24.10,25.40,23.10,23.70,20.80,22.30,21.90,22.50,25.50,22.60,22.80,25.70,23.40,21.50,22.40,20.10,21.50,23.90,20.00,25.80
TLM_RCV,-46,FG-ALPHA,1713170672,AUTO,2,32.72,5.00,-85,99.92,8.32,3.30,4.97,1113,545,118,277,22.84,1013.20,11.80,406.30,1,1713170640,GSN-01,-76,24.60,82.70,44,0,0,7.80,85,21.80,20.50,24.70,21.90,21.90,20.00,20.10,21.70,21.60,22.90,24.60,20.00,20.10,22.70,24.10,23.60,21.30,24.20,22.70,22.50,20.70,22.80,22.50,25.90,23.50,21.10,20.30,22.60,24.70,20.00,23.70,25.10,25.60,20.50,23.70,23.30,20.00,21.20,20.40,20.90,21.50,24.90,23.60,25.90,24.10,24.30,25.20,24.60,23.60,23.50,23.20,20.60,23.20,21.30,23.50,22.20,23.70,20.80,21.20,25.60,25.40,21.30,22.40,23.00
TLM_RCV,-46,FG-ALPHA,1713170673,AUTO,2,32.74,5.00,-85,99.95,8.32,3.28,4.97,869,547,127,268,21.61,1013.40,11.80,404.60,1,1713170658,GSN-01,-71,25.10,79.20,40,0,0,7.81,84,21.10,24.00,20.10,22.30,24.50,23.80,25.50,20.90,23.90,23.40,21.90,24.00,22.90,21.70,25.50,20.80,22.80,24.80,24.80,23.80,25.20,21.20,25.90,22.00,24.30,71.00,24.20,23.20,25.60,20.70,20.50,22.30,20.70,22.10,22.50,22.40,25.80,23.50,24.90,23.40,23.90,22.30,21.60,23.60,21.20,21.80,21.60,24.20,23.90,23.40,23.90,23.60,21.80,21.50,21.50,25.50,23.80,24.40,25.20,24.20,24.00,25.90,20.20,22.70
TLM_RCV,-51,FG-ALPHA,1713170674,AUTO,2,32.08,5.00,-85,99.89,8.30,3.29,4.95,0,617,116,344,23.08,1013.20,11.80,404.50,1,1713170628,GSN-01,-81,24.10,82.20,41,0,1,7.78,84,24.10,21.10,20.40,22.00,25.60,21.30,22.90,22.80,25.20,20.80,24.30,22.90,24.60,23.10,25.10,21.00,20.70,21.90,24.80,22.20,24.30,22.50,25.00,22.90,25.30,22.00,24.80,24.30,20.70,24.70,22.90,22.10,20.80,21.40,25.80,21.50,24.50,25.80,21.50,21.20,20.10,23.90,24.80,24.80,24.60,25.40,24.40,22.30,24.60,23.70,22.10,21.10,25.30,21.90,23.90,23.60,21.20,21.00,24.30,24.00,21.50,20.20,22.40,25.90
TLM_RCV,-66,FG-ALPHA,1713170675,AUTO,2,33.13,5.00,-85,99.92,8.30,3.29,4.93,923,627,136,332,21.48,1012.80,12.00,405.70,1,1713170638,GSN-01,-76,23.70,82.80,49,0,0,7.79,84,25.10,23.30,21.10,25.90,25.80,23.90,21.60,22.00,21.30,22.90,21.10,25.90,21.40,22.60,22.60,20.30,22.90,22.60,22.90,21.50,25.80,24.30,23.10,24.30,23.60,21.50,21.30,23.50,23.30,20.20,24.90,21.00,20.50,20.40,21.50,25.70,20.00,24.40,24.70,25.10,21.90,89.00,21.90,20.60,22.70,23.90,21.70,20.50,21.30,21.10,21.80,23.80,23.90,25.30,21.70,21.60,23.90,25.50,24.60,21.80,21.70,20.00,25.40,25.50
TLM_RCV,-71,FG-ALPHA,1713170676,AUTO,2,31.67,5.00,-85,99.99,8.32,3.28,4.90,1172,535,109,282,23.18,1013.60,11.90,404.70,1,1713170631,GSN-01,-84,25.00,73.50,48,0,0,7.78,84,23.60,20.20,22.40,20.20,24.40,22.10,21.90,20.10,21.70,23.10,21.60,25.00,22.30,20.10,24.00,20.10,23.20,21.20,25.70,21.70,24.70,21.60,24.20,24.20,21.30,22.30,21.40,21.80,20.90,20.50,20.70,25.20,22.50,23.10,20.80,21.30,24.90,25.80,21.80,23.70,20.30,25.20,25.50,22.60,24.90,20.20,20.60,20.30,25.70,21.70,22.70,20.90,20.70,21.60,25.70,25.00,20.10,24.90,20.00,20.00,24.20,23.60,22.30,25.20
TLM_RCV,-89,FG-ALPHA,1713170677,AUTO,2,33.88,5.00,-85,99.93,8.31,3.31,4.95,0,575,127,301,22.87,1013.20,12.00,406.10,1,1713170640,GSN-01,-89,25.50,77.20,49,0,0,7.82,85,24.60,20.10,24.40,20.40,25.80,25.00,25.00,24.00,24.80,22.10,21.50,21.20,23.00,23.80,23.30,22.40,24.90,20.50,23.40,24.50,25.80,24.70,20.50,20.70,23.90,24.10,21.50,20.80,25.10,20.10,23.80,21.60,23.10,20.10,25.30,23.20,23.40,24.30,22.40,22.20,20.80,25.00,23.50,22.30,23.50,24.90,23.20,20.90,22.30,21.90,23.90,23.40,21.90,24.10,25.80,25.70,21.70,24.90,25.20,22.60,21.30,20.80,20.70,24.80
TLM_RCV,-61,FG-ALPHA,1713170678,AUTO,2,32.97,5.00,-85,99.98,8.31,3.28,4.98,1058,594,114,321,22.32,1012.90,11.90,404.80,1,1713170662,GSN-01,-92,25.00,81.90,45,1,0,7.78,84,20.40,22.40,25.40,20.60,23.30,20.40,25.50,21.80,21.50,25.70,20.20,23.00,20.10,20.00,20.80,25.10,24.10,22.30,22.50,20.40,24.60,20.00,22.80,25.40,24.40,23.60,24.70,22.40,20.20,25.60,23.90,20.00,20.50,24.60,20.70,23.40,23.80,23.60,24.30,25.40,20.90,20.10,23.70,20.80,22.80,21.50,24.00,22.80,23.10,22.00,22.50,24.60,25.60,21.50,21.20,24.90,22.80,20.40,21.00,21.00,21.40,21.40,25.80,24.60
TLM_RCV,-71,FG-ALPHA,1713170679,AUTO,2,32.69,5.00,-85,100.00,8.32,3.30,4.98,1005,539,106,291,22.33,1013.50,12.00,404.90,1,1713170667,GSN-01,-82,24.40,81.40,48,0,0,7.81,85,23.50,24.20,21.70,25.50,20.30,21.50,23.80,21.70,21.00,24.30,24.60,25.40,25.70,22.00,21.60,25.10,23.70,24.40,22.60,24.40,22.20,20.90,23.40,24.40,24.60,24.90,23.30,25.50,23.60,24.10,23.90,25.40,23.50,24.70,21.50,21.70,24.60,21.80,20.30,25.50,25.60,23.70,21.70,22.80,23.70,25.60,20.40,21.10,25.80,20.80,25.10,23.80,22.50,20.70,20.10,24.10,22.10,22.60,23.30,21.70,25.60,20.60,23.60,21.50
TLM_RCV,-48,FG-ALPHA,1713170680,AUTO,2,32.54,5.00,-85,99.95,8.32,3.31,4.92,0,509,105,257,22.55,1013.00,12.10,405.90,1,1713170623,GSN-01,-88,25.20,79.50,45,0,0,7.82,85,85.90,25.40,23.50,25.80,23.30,22.90,21.90,20.90,24.20,23.50,25.20,21.10,22.00,25.10,21.90,22.70,20.50,23.90,25.70,25.10,20.40,24.00,21.70,20.00,22.00,21.00,24.90,22.70,23.50,24.50,20.40,23.90,20.80,22.40,25.10,24.00,21.30,20.10,24.30,20.90,25.30,24.80,23.70,25.20,25.20,23.50,23.70,23.20,20.20,21.40,23.60,24.70,22.90,24.70,24.40,23.50,20.90,24.90,21.90,20.50,21.50,22.30,24.90,22.50
TLM_RCV,-83,FG-ALPHA,1713170681,AUTO,2,33.87,5.00,-85,100.00,8.31,3.30,4.97,1180,573,125,301,23.03,1013.20,12.10,406.00,1,1713170654,GSN-01,-92,24.50,75.40,48,0,0,7.81,85,20.10,20.70,21.80,25.10,20.50,25.60,86.70,22.30,23.70,24.40,21.30,23.70,24.00,23.10,25.20,22.50,20.70,23.00,25.70,23.30,20.10,24.00,25.30,24.40,24.40,22.00,22.20,20.20,23.70,23.80,24.00,23.80,24.40,23.70,25.60,24.30,25.50,21.70,21.40,22.00,20.90,22.70,23.70,23.40,22.30,24.80,21.10,22.30,22.70,25.10,21.80,24.00,21.80,21.30,22.70,23.40,24.50,25.30,23.90,25.80,25.60,23.50,22.40,21.50
TLM_RCV,-84,FG-ALPHA,1713170703,AUTO,2,32.91,5.00,-85,100.00,8.31,3.31,4.90,1047,582,100,332,22.33,1013.40,11.90,406.40,1,1713170673,GSN-01,-91,23.00,73.20,43,0,0,7.82,84,23.90,22.60,20.90,20.80,23.00,22.50,22.40,20.60,24.50,25.80,23.00,24.10,25.90,21.70,23.50,21.30,24.20,24.10,25.40,22.10,22.00,24.30,20.30,23.00,22.20,20.20,24.40,21.20,24.70,24.80,25.60,22.00,21.70,24.50,24.00,21.80,24.40,23.70,22.40,24.50,23.60,23.00,25.60,24.50,21.30,25.20,21.60,20.20,25.10,23.30,21.90,24.50,20.40,20.20,22.90,24.00,21.60,24.60,20.30,22.80,24.20,23.50,24.40,23.10
TLM_RCV,-42,FG-ALPHA,1713170704,AUTO,2,31.73,5.00,-85,100.00,8.32,3.30,4.92,1091,546,100,296,22.73,1012.90,11.90,406.00,1,1713170675,GSN-01,-71,25.30,79.10,49,0,0,7.82,84,25.40,23.60,21.40,24.60,23.90,81.80,25.80,20.10,25.80,21.20,24.20,24.80,25.00,21.00,22.20,21.30,20.30,21.20,20.90,22.90,20.70,22.50,20.10,20.60,21.10,21.30,22.80,22.30,25.40,24.50,20.10,23.20,25.10,25.20,25.70,25.00,22.80,24.50,21.10,23.10,20.90,23.60,22.70,24.80,23.50,20.50,21.80,21.80,22.90,21.70,21.50,24.10,20.90,24.20,22.00,21.20,22.50,22.10,22.20,21.60,24.60,23.70,23.30,21.10
TLM_RCV,-65,FG-ALPHA,1713170705,AUTO,2,31.83,5.00,-85,100.00,8.31,3.28,4.93,1055,567,120,304,22.44,1013.40,11.80,405.40,1,1713170649,GSN-01,-94,23.60,75.20,45,0,0,7.80,85,25.90,25.40,24.00,24.90,22.90,21.90,25.20,21.40,25.80,22.50,23.50,20.30,79.30,21.60,23.80,20.00,24.60,24.30,20.30,21.00,23.90,20.10,23.60,21.80,21.40,24.50,21.80,20.10,25.00,25.50,24.60,24.30,24.60,20.50,22.50,20.20,23.60,24.40,25.10,20.80,22.90,24.60,22.90,22.90,20.00,20.80,20.00,21.50,25.80,22.20,25.50,20.40,21.30,24.50,22.50,25.80,23.80,20.30,22.00,25.60,24.10,25.90,22.30,20.10
TLM_RCV,-82,FG-ALPHA,1713170706,AUTO,2,33.67,5.00,-85,100.00,8.32,3.31,4.94,1151,534,106,286,23.08,1012.80,11.90,404.60,1,1713170654,GSN-01,-82,23.80,74.90,45,0,0,7.80,85,23.50,25.50,25.70,23.10,23.00,21.30,22.20,22.40,24.10,22.60,23.70,24.60,21.30,25.80,20.40,24.20,23.90,22.70,22.70,25.40,23.00,20.80,22.80,21.00,25.20,20.50,21.10,22.20,22.90,24.90,21.10,23.40,22.80,20.00,25.40,21.00,24.30,24.50,23.00,20.90,24.90,20.10,20.60,20.10,24.60,23.40,25.80,25.10,23.70,24.10,20.50,21.70,20.70,20.80,20.30,22.40,25.40,20.40,23.80,22.50,23.90,25.90,22.30,22.20
TLM_RCV,-90,FG-ALPHA,1713170707,AUTO,2,32.90,5.00,-85,100.00,8.31,3.28,4.90,1062,581,128,309,22.41,1013.00,11.80,406.20,1,1713170690,GSN-01,-85,24.70,82.30,41,0,1,7.81,85,23.10,24.40,23.60,22.60,21.30,22.20,25.20,25.00,21.40,20.30,25.80,21.80,22.10,24.80,24.70,25.10,22.30,22.50,22.60,25.60,25.20,25.00,21.70,24.40,23.80,20.20,22.20,23.60,23.30,22.70,22.50,23.80,25.80,20.40,22.10,23.80,23.80,23.80,24.20,25.00,23.30,25.50,21.00,24.70,21.30,23.90,25.80,23.50,20.70,21.10,23.90,22.20,23.90,25.90,22.60,25.10,23.90,25.80,24.80,22.30,25.40,24.10,23.80,21.90
TLM_RCV,-42,FG-ALPHA,1713170708,AUTO,2,31.70,5.00,-85,99.95,8.32,3.29,4.99,0,541,101,288,22.70,1013.60,11.80,405.20,1,1713170650,GSN-01,-76,25.10,76.00,43,0,0,7.79,85,22.70,22.90,22.10,23.20,20.50,23.60,21.80,20.70,21.40,23.10,20.50,20.70,21.60,23.70,20.30,24.20,24.70,23.70,25.10,21.90,22.00,22.90,24.80,22.20,24.30,20.60,22.40,20.20,21.70,25.00,22.70,22.30,20.80,25.30,24.30,23.30,25.90,22.90,24.00,22.30,20.50,20.40,20.00,23.00,21.60,22.80,24.50,21.40,25.00,23.40,21.20,21.50,23.30,25.10,25.30,24.40,20.40,20.40,22.30,20.60,24.50,25.40,25.90,20.70
TLM_RCV,-63,FG-ALPHA,1713170709,AUTO,2,33.74,5.00,-85,99.98,8.32,3.29,4.95,915,547,147,251,21.84,1013.50,11.80,406.40,1,1713170682,GSN-01,-76,25.30,81.90,40,0,0,7.82,84,23.30,20.70,23.70,23.80,23.00,25.70,79.30,25.60,23.70,20.30,25.40,21.60,20.70,20.60,21.00,22.50,21.00,23.60,24.90,21.40,20.70,24.60,20.10,20.70,21.60,20.90,20.60,21.50,23.80,22.40,23.50,21.90,25.50,24.20,20.80,22.80,24.80,24.80,22.20,22.10,24.70,24.00,25.90,22.40,24.30,21.60,25.10,22.30,21.90,23.60,21.80,24.30,22.50,22.50,25.20,21.80,25.70,25.70,25.80,21.70,20.70,24.60,24.10,23.00
TLM_RCV,-87,FG-ALPHA,1713170710,AUTO,2,33.21,5.00,-85,100.00,8.30,3.31,4.94,1171,642,149,345,22.65,1013.00,11.80,405.80,1,1713170651,GSN-01,-80,25.10,79.90,43,0,0,7.78,84,21.70,25.60,21.30,23.40,21.10,25.70,25.00,20.60,24.90,21.00,25.60,24.30,24.30,22.10,23.10,21.80,25.80,22.30,20.40,20.00,24.10,25.20,21.00,23.60,22.20,24.00,24.10,23.00,25.90,20.10,24.70,25.60,20.50,21.60,21.50,21.60,21.60,24.30,21.70,22.20,21.00,25.10,22.60,23.10,23.10,23.30,24.10,21.80,23.50,25.10,25.30,22.50,21.10,21.50,23.70,22.40,22.00,22.40,25.20,21.40,20.60,20.90,24.90,20.60
TLM_RCV,-44,FG-ALPHA,1713170711,AUTO,2,31.98,5.00,-85,100.00,8.31,3.28,4.97,848,595,142,304,21.26,1012.80,11.90,405.10,1,1713170684,GSN-01,-88,24.70,82.00,40,0,0,7.82,84,20.20,24.50,25.50,20.90,25.80,25.30,22.40,24.50,20.40,22.10,21.70,24.40,25.80,24.10,20.70,23.60,22.70,21.70,23.50,21.80,24.80,25.40,25.60,21.80,23.60,23.40,21.90,21.90,23.80,23.10,23.10,20.30,25.80,21.20,24.50,23.60,25.30,22.20,24.00,23.10,22.20,24.30,24.20,20.60,23.90,23.90,20.30,21.00,23.20,22.30,20.00,21.90,24.80,24.80,20.60,20.90,25.70,23.70,20.30,24.30,22.00,20.20,24.50,24.60
TLM_RCV,-47,FG-ALPHA,1713170712,AUTO,2,32.10,5.00,-85,99.94,8.31,3.30,4.96,0,621,140,338,23.10,1013.60,11.80,405.50,1,1713170662,GSN-01,-93,25.60,82.10,41,1,0,7.81,84,24.70,21.60,22.20,21.50,23.20,23.20,25.40,23.10,25.20,23.00,24.50,24.10,25.30,24.10,21.00,22.40,23.50,25.50,24.10,24.60,23.60,21.70,22.80,20.10,21.10,23.60,25.90,23.80,25.00,21.70,25.50,23.90,23.20,24.40,23.80,24.20,25.60,24.40,21.80,24.70,25.30,24.30,23.90,24.70,23.50,21.30,23.90,23.70,25.30,24.50,21.10,22.10,25.40,24.10,22.90,24.30,25.80,20.20,25.30,24.90,21.10,20.50,21.70,20.20
TLM_RCV,-94,FG-ALPHA,1713170713,AUTO,2,31.67,5.00,-85,99.97,8.32,3.29,4.91,831,533,115,267,21.49,1013.00,12.10,404.90,1,1713170669,GSN-01,-86,24.60,79.20,44,0,0,7.80,84,21.50,23.30,21.90,24.80,24.30,21.70,23.30,20.40,21.80,20.50,22.00,20.90,23.60,25.00,24.90,24.20,20.30,22.00,20.70,23.30,22.90,20.20,23.10,23.50,20.50,20.20,20.10,21.20,21.10,25.40,20.90,22.90,21.00,23.70,20.70,23.00,20.10,22.60,23.30,22.70,24.60,24.30,24.90,22.00,22.70,20.10,22.40,21.40,24.00,22.20,22.40,23.10,22.50,21.00,20.10,21.60,21.20,21.30,22.10,21.20,22.90,22.40,22.20,25.20
TLM_RCV,-67,FG-ALPHA,1713170714,AUTO,2,32.05,5.00,-85,100.00,8.31,3.31,4.98,946,610,116,336,21.68,1013.20,12.00,405.70,1,1713170695,GSN-01,-93,23.20,74.80,43,0,0,7.78,85,20.90,24.00,24.30,25.20,24.20,25.80,21.10,23.60,24.80,20.00,24.70,23.40,20.70,25.00,21.80,23.30,25.50,23.20,22.00,24.40,21.60,23.40,21.30,24.70,23.30,23.10,23.90,21.10,25.50,20.40,21.50,20.20,20.40,24.10,25.40,20.50,23.70,25.60,24.10,20.70,21.20,21.10,23.30,21.00,24.50,23.90,21.90,25.40,21.20,21.40,24.70,23.60,22.40,20.20,23.70,21.80,21.60,20.70,24.00,22.20,23.80,24.20,22.70,22.90
TLM_RCV,-54,FG-ALPHA,1713170715,AUTO,2,31.83,5.00,-85,100.00,8.31,3.31,4.93,990,567,123,297,22.11,1013.30,11.90,406.10,1,1713170656,GSN-01,-75,24.00,82.80,49,0,0,7.78,84,21.90,21.50,24.30,22.30,23.20,24.80,24.30,20.80,24.00,25.00,24.80,22.70,25.10,22.40,21.70,22.20,21.10,24.70,25.10,23.20,25.70,20.10,24.30,24.70,25.00,21.70,24.20,21.50,22.50,23.50,25.70,22.20,21.60,21.10,24.10,22.30,21.60,20.60,23.50,24.60,24.50,25.50,24.60,25.70,25.90,23.00,22.80,21.10,22.30,20.10,24.60,20.30,24.90,21.40,23.00,23.00,25.90,22.60,20.30,21.50,20.10,20.30,24.40,25.80
TLM_RCV,-68,FG-ALPHA,1713170716,AUTO,2,31.79,5.00,-85,100.00,8.32,3.31,4.96,864,558,140,276,21.53,1013.10,12.00,405.50,1,1713170675,GSN-01,-90,25.70,73.20,46,1,0,7.78,84,21.40,24.30,25.90,20.50,22.70,23.30,21.40,22.50,24.80,21.50,20.50,21.70,24.20,20.80,21.80,23.40,24.60,22.80,23.80,23.10,25.40,23.90,20.30,22.10,21.80,21.80,20.10,25.20,21.10,25.60,24.60,20.30,22.50,23.70,21.10,22.00,23.80,22.30,22.50,24.00,23.30,25.30,25.00,22.10,20.30,25.80,23.50,25.60,82.30,21.10,23.30,24.10,25.20,20.40,22.10,22.40,20.20,22.40,25.70,24.50,24.80,23.90,23.00,22.00
TLM_RCV,-78,FG-ALPHA,1713170717,AUTO,2,32.01,5.00,-85,99.94,8.31,3.30,4.90,0,602,117,345,23.01,1012.70,11.90,405.40,1,1713170689,GSN-01,-82,24.20,81.40,46,0,0,7.82,84,25.50,23.40,21.60,20.40,23.00,25.60,24.80,22.30,23.50,25.10,23.70,24.90,23.20,24.30,23.70,24.10,23.80,25.00,23.90,25.50,24.30,25.70,20.50,25.40,25.20,24.30,22.80,20.80,21.10,24.80,23.50,20.60,20.50,20.60,23.30,25.30,25.30,20.80,25.70,21.30,25.20,21.90,25.90,24.30,25.20,23.00,21.50,22.20,25.10,20.30,24.80,25.20,23.40,22.00,25.80,23.40,21.30,21.30,24.00,21.40,22.40,23.40,20.50,23.70
TLM_RCV,-94,FG-ALPHA,1713170718,AUTO,2,33.97,5.00,-85,99.97,8.31,3.28,4.90,939,594,124,323,21.73,1013.10,12.10,405.40,1,1713170707,GSN-01,-93,24.50,77.20,41,0,0,7.79,84,21.10,20.50,25.80,21.00,21.40,23.50,20.00,25.00,23.50,20.30,20.90,20.90,24.70,20.90,25.50,21.00,25.00,23.80,21.70,24.30,20.80,25.20,21.00,24.90,25.30,24.90,22.50,22.30,23.60,23.80,20.80,20.60,21.90,24.60,25.60,23.00,22.80,22.80,24.70,24.60,24.80,22.30,21.90,22.00,25.70,22.10,24.50,20.30,24.10,24.30,22.20,22.80,21.90,21.90,25.10,23.70,23.30,21.20,25.10,22.50,21.80,25.00,20.50,24.90
TLM_RCV,-87,FG-ALPHA,1713170719,AUTO,2,32.81,5.00,-85,100.00,8.32,3.30,4.95,822,562,149,259,21.30,1012.90,12.00,406.20,1,1713170692,GSN-01,-77,25.10,76.20,43,0,0,7.80,84,25.90,22.40,25.70,24.90,25.20,22.80,23.20,23.60,20.40,21.70,22.20,25.70,22.40,21.90,25.60,24.40,21.40,20.90,24.10,24.90,20.40,25.20,21.40,22.60,23.00,21.30,22.60,24.80,25.50,24.70,21.70,23.50,25.60,20.90,24.50,22.90,25.50,24.80,25.60,23.60,20.70,21.90,21.40,24.20,24.70,25.10,22.70,21.30,22.90,21.50,24.50,20.70,21.10,25.70,25.00,25.60,20.10,20.90,23.60,22.00,20.70,25.30,20.80,20.70
TLM_RCV,-69,FG-ALPHA,1713170720,AUTO,2,31.89,5.00,-85,99.94,8.31,3.28,4.94,0,577,130,305,22.89,1013.40,12.10,404.60,1,1713170694,GSN-01,-87,23.30,81.90,47,0,1,7.81,84,21.60,22.80,21.80,22.70,23.40,24.70,21.30,20.30,23.20,22.70,25.40,20.60,24.30,25.90,25.90,21.90,20.00,20.00,25.00,22.50,24.60,21.10,21.50,24.30,25.90,25.90,21.90,24.80,21.90,23.00,23.30,25.10,22.10,24.90,21.50,21.50,20.40,21.30,24.10,21.90,24.00,22.50,20.20,25.00,25.80,25.80,20.90,20.20,21.90,23.50,20.10,25.60,21.60,24.80,21.50,24.50,25.00,20.80,24.00,25.20,23.70,21.00,24.90,20.70
TLM_RCV,-79,FG-ALPHA,1713170721,AUTO,2,31.82,5.00,-85,100.00,8.32,3.29,4.98,1170,564,126,283,23.03,1013.20,12.10,405.80,1,1713170702,GSN-01,-88,25.60,79.40,47,0,0,7.80,84,20.10,24.80,21.50,20.80,21.90,25.70,25.20,23.10,25.70,21.40,22.00,24.70,20.40,23.80,24.90,24.50,21.10,20.10,23.60,25.20,23.80,23.30,25.30,23.20,21.90,22.20,20.20,23.20,22.00,21.90,24.10,23.30,25.10,22.70,20.40,22.10,21.50,21.50,25.00,21.80,24.70,24.40,24.60,24.30,20.40,22.50,25.50,24.90,22.60,24.60,20.30,20.40,21.80,21.80,22.70,25.20,23.10,21.00,22.90,25.20,21.30,22.90,24.70,25.10
TLM_RCV,-63,FG-ALPHA,1713170722,AUTO,2,31.64,5.00,-85,100.00,8.32,3.31,4.99,956,527,113,257,22.15,1013.40,11.80,404.60,1,1713170671,GSN-01,-86,24.50,80.50,45,0,0,7.78,85,22.30,25.60,25.20,23.10,22.60,25.40,25.00,24.20,22.40,24.30,23.90,23.10,21.10,24.10,23.50,20.20,25.10,22.80,24.00,25.00,25.40,20.80,22.20,23.60,20.50,22.00,20.70,25.50,21.30,25.30,24.20,24.20,20.80,24.50,21.70,24.40,24.00,23.90,20.60,25.30,20.30,23.30,21.10,25.70,24.10,20.60,20.90,23.80,25.10,21.70,20.50,21.10,22.20,22.30,24.50,24.30,25.00,20.30,21.80,24.10,23.00,21.80,20.10,25.00
TLM_RCV,-80,FG-ALPHA,1713170723,AUTO,2,32.63,5.00,-85,100.00,8.32,3.29,4.99,809,526,113,263,21.42,1013.40,12.00,405.10,1,1713170699,GSN-01,-81,25.70,82.30,49,0,0,7.79,85,23.30,20.50,24.90,21.30,21.00,25.40,20.00,20.60,23.10,24.20,22.20,22.00,22.70,24.80,20.40,25.30,20.90,25.80,20.90,20.60,20.90,20.10,25.00,24.30,25.70,23.30,22.10,25.60,22.80,24.60,22.40,24.30,24.70,24.40,25.10,24.70,21.90,25.20,25.40,23.40,23.50,25.90,20.50,25.00,22.10,23.60,24.30,20.00,24.50,25.50,23.30,22.60,25.20,20.70,21.20,22.20,25.50,20.50,21.80,22.70,23.00,76.80,25.20,24.90
TLM_RCV,-65,FG-ALPHA,1713170724,AUTO,2,33.69,5.00,-85,99.95,8.32,3.30,4.95,0,539,116,283,22.69,1013.20,12.10,404.60,1,1713170699,GSN-01,-73,25.60,79.70,43,0,0,7.80,84,21.10,24.00,25.60,24.90,23.00,24.10,25.40,22.70,23.00,23.50,22.10,23.40,24.80,23.00,22.90,23.60,22.20,23.10,22.90,24.10,23.20,21.90,24.20,25.30,23.50,21.40,20.20,21.60,21.60,23.40,20.20,25.30,21.30,21.10,24.00,22.60,20.80,21.80,25.30,22.10,21.90,23.50,23.40,20.40,20.50,24.50,20.70,23.50,20.20,22.00,20.60,20.70,20.00,21.30,20.30,21.10,25.00,25.60,21.50,20.50,23.40,22.10,20.30,21.30
TLM_RCV,-72,FG-ALPHA,1713170725,AUTO,2,33.72,5.00,-85,99.99,8.32,3.29,4.93,1026,544,128,265,22.41,1013.40,12.10,404.50,1,1713170684,GSN-01,-94,25.00,79.40,48,0,0,7.79,85,24.30,22.90,22.90,23.10,24.50,24.20,20.70,22.10,22.40,20.50,24.40,22.00,24.70,25.00,21.90,21.10,24.40,22.40,25.00,22.10,23.50,20.10,23.40,20.00,21.00,20.90,24.70,22.30,24.60,21.00,20.60,20.40,23.40,21.10,24.20,24.20,21.70,23.20,23.10,20.70,25.70,23.00,24.60,21.60,20.90,20.60,20.20,25.40,21.70,22.40,23.30,22.70,24.20,21.20,24.20,25.30,20.30,21.20,23.90,24.70,22.50,24.20,23.00,22.60
TLM_RCV,-86,FG-ALPHA,1713170726,AUTO,2,31.73,5.00,-85,100.00,8.32,3.31,4.91,924,545,104,290,21.90,1012.70,11.90,406.20,1,1713170686,GSN-01,-81,24.70,80.30,41,0,0,7.78,85,22.30,24.40,20.90,24.10,21.90,24.30,22.40,23.90,22.80,23.60,20.70,25.00,20.70,20.40,25.30,20.40,25.70,20.60,24.50,25.30,23.00,24.50,22.50,23.60,20.40,22.10,22.20,24.80,23.40,20.50,24.00,21.60,21.30,24.50,24.10,21.60,21.50,21.00,22.70,24.60,22.60,22.10,20.80,23.70,24.50,20.10,21.50,25.60,21.30,25.30,23.20,20.20,24.30,23.20,25.20,23.60,24.90,23.60,20.70,23.30,22.30,22.80,21.00,20.40
TLM_RCV,-82,FG-ALPHA,1713170727,AUTO,2,33.94,5.00,-85,100.00,8.31,3.31,4.96,1122,587,147,293,22.67,1013.30,12.10,405.30,1,1713170705,GSN-01,-93,23.40,75.80,43,0,0,7.82,84,23.40,25.00,21.00,21.10,23.40,25.10,23.70,23.20,21.10,23.60,25.20,20.80,20.40,25.80,25.80,23.90,24.80,20.30,25.10,21.70,24.60,24.60,25.00,21.30,25.00,24.10,20.60,23.80,25.90,21.00,21.50,25.50,25.40,20.70,22.40,23.50,21.20,24.20,21.70,22.90,20.40,24.10,23.80,22.80,24.90,23.30,20.40,21.80,20.50,22.80,25.30,24.00,25.10,24.60,25.30,21.40,25.20,21.90,22.80,24.40,22.00,25.40,25.30,21.30
TLM_RCV,-79,FG-ALPHA,1713170728,AUTO,2,32.08,5.00,-85,100.00,8.31,3.31,4.95,1089,617,129,344,22.36,1013.40,11.80,406.00,1,1713170679,GSN-01,-84,25.10,80.50,49,0,0,7.79,85,24.20,22.30,23.60,25.80,24.20,20.20,24.10,20.50,21.70,22.20,24.00,22.60,23.90,20.80,23.20,24.70,20.80,20.70,22.40,25.90,22.80,22.80,20.70,22.30,25.40,21.70,24.20,24.90,21.50,21.30,25.90,23.90,24.10,23.20,21.30,23.20,21.40,20.80,23.00,21.80,20.10,20.80,25.10,21.90,24.30,21.60,20.40,25.40,23.60,22.20,22.20,25.30,22.30,22.90,21.50,24.70,24.40,20.40,25.30,23.30,24.00,21.20,23.70,24.50
TLM_RCV,-94,FG-ALPHA,1713170729,AUTO,2,32.89,5.00,-85,99.94,8.31,3.29,4.96,0,578,106,323,22.89,1013.20,11.80,406.10,1,1713170702,GSN-01,-93,25.00,75.30,49,0,0,7.82,84,24.20,23.60,24.60,23.50,25.00,22.90,24.10,22.80,24.30,21.30,22.30,24.10,21.10,21.50,21.20,20.70,25.30,25.70,21.10,23.30,23.60,24.20,22.60,23.20,21.10,22.30,24.40,22.00,24.70,22.30,20.80,20.40,21.60,21.90,24.90,21.90,21.00,21.70,21.90,24.00,23.30,21.70,25.20,25.40,23.30,24.80,20.20,25.50,23.00,24.80,22.40,24.90,21.60,25.10,20.00,22.30,24.30,20.90,25.70,21.40,22.10,25.60,22.60,20.30
TLM_RCV,-87,FG-ALPHA,1713170730,AUTO,2,32.55,5.00,-85,99.97,8.32,3.29,4.90,829,510,100,263,21.59,1012.80,11.80,406.40,1,1713170702,GSN-01,-84,23.20,81.90,48,0,0,7.78,84,23.60,21.90,21.90,86.60,25.00,22.30,24.90,23.60,25.60,24.60,21.40,21.00,22.40,23.20,24.50,20.40,25.70,25.40,25.60,22.90,20.40,22.00,22.70,23.80,24.00,21.90,22.70,20.80,23.90,24.00,23.90,25.90,22.90,24.00,25.70,21.50,23.10,25.20,23.90,20.10,25.90,23.80,21.40,21.70,22.90,22.80,20.10,25.90,22.90,22.10,22.50,21.80,24.00,24.80,20.10,24.20,23.70,22.40,25.80,23.80,24.50,23.30,23.10,21.30
TLM_RCV,-43,FG-ALPHA,1713170731,AUTO,2,32.85,5.00,-85,100.00,8.31,3.31,4.95,901,570,128,293,21.66,1013.50,12.00,404.90,1,1713170700,GSN-01,-76,23.70,73.70,43,0,0,7.80,85,20.80,23.30,21.10,23.10,24.40,20.00,24.60,22.80,24.30,22.30,22.80,24.80,24.50,20.80,24.30,25.20,20.70,23.90,22.70,21.70,23.30,20.40,20.50,25.20,23.70,23.20,21.00,22.70,25.20,23.10,25.40,21.10,24.70,22.70,25.00,22.90,21.50,24.80,25.20,24.80,24.90,21.10,23.50,24.20,21.80,25.90,23.30,25.90,20.20,21.30,21.90,24.50,25.40,25.90,21.80,22.70,22.20,24.70,23.00,25.50,20.30,20.70,22.70,23.30
TLM_RCV,-59,FG-ALPHA,1713170732,AUTO,2,32.14,5.00,-85,100.00,8.31,3.30,4.94,993,628,141,341,21.83,1013.30,11.80,405.50,1,1713170704,GSN-01,-74,23.30,74.10,48,0,0,7.78,85,23.00,24.10,20.50,20.60,22.50,21.00,22.40,25.90,23.50,24.40,23.20,23.90,20.50,23.00,22.80,20.10,21.40,20.70,23.50,21.80,21.90,23.90,23.30,22.70,25.90,25.80,20.20,23.50,22.90,24.80,25.10,25.20,22.50,21.60,22.10,24.80,23.30,24.00,23.40,22.70,24.00,20.90,24.10,24.60,22.00,21.10,24.00,24.10,24.80,25.70,22.80,23.60,21.10,23.10,24.20,20.20,22.20,25.70,22.60,20.70,20.10,21.80,24.20,22.60
TLM_RCV,-72,FG-ALPHA,1713170733,AUTO,2,33.90,5.00,-85,100.00,8.31,3.31,4.96,863,579,135,300,21.42,1013.30,11.80,404.60,1,1713170705,GSN-01,-74,25.60,78.80,42,0,0,7.81,85,20.30,22.40,24.40,23.90,21.00,21.40,24.50,25.10,23.10,20.60,22.70,21.40,20.80,24.90,25.90,21.10,24.90,25.80,22.90,25.50,22.30,24.40,24.90,25.30,23.90,24.20,24.00,23.00,23.70,23.90,20.50,22.90,23.00,24.20,24.90,20.40,20.30,25.40,24.00,23.50,24.50,22.10,25.30,25.90,23.90,21.90,21.50,24.40,21.30,22.40,25.40,21.00,21.40,20.90,23.30,24.90,22.40,23.60,25.60,22.60,20.10,25.10,22.00,22.10
TLM_RCV,-63,FG-ALPHA,1713170734,AUTO,2,31.74,5.00,-85,99.95,8.32,3.28,4.96,0,547,143,258,22.74,1012.80,12.10,404.60,1,1713170712,GSN-01,-75,23.50,78.60,43,1,0,7.82,84,22.20,21.30,25.40,25.50,25.50,25.30,21.80,23.50,20.60,25.80,20.20,25.80,20.60,23.10,25.30,24.60,25.10,22.30,24.80,22.70,25.70,20.30,22.90,20.70,21.10,21.90,25.80,23.80,22.10,24.80,22.10,24.20,23.30,20.70,25.30,23.30,22.10,24.60,20.20,20.60,23.90,23.80,22.20,20.00,25.40,24.70,25.80,24.90,24.30,23.10,23.40,24.70,22.80,21.70,23.10,21.60,23.20,23.20,20.80,21.90,20.40,22.70,23.60,24.50
TLM_RCV,-90,FG-ALPHA,1713170735,AUTO,2,32.78,5.00,-85,99.99,8.32,3.31,4.96,1040,555,116,282,22.42,1013.20,11.80,405.70,1,1713170723,GSN-01,-78,25.50,79.00,49,0,0,7.79,84,24.40,20.50,25.90,21.40,23.10,23.70,24.80,22.10,25.30,22.50,20.20,24.40,24.90,21.10,23.10,25.00,21.90,23.50,21.90,20.10,24.00,21.60,22.30,21.10,20.70,25.30,22.00,23.00,25.00,21.90,25.80,23.10,21.60,21.40,24.90,20.60,25.90,23.40,20.10,22.30,24.00,21.80,21.50,23.70,20.90,23.20,21.60,24.40,23.90,24.60,24.20,25.00,23.10,24.30,22.90,20.30,20.10,24.60,20.50,23.30,20.10,21.40,25.40,23.80
TLM_RCV,-90,FG-ALPHA,1713170736,AUTO,2,33.96,5.00,-85,100.00,8.31,3.28,4.97,1054,592,149,298,22.31,1013.10,11.80,405.00,1,1713170683,GSN-01,-76,23.70,79.80,42,0,0,7.78,85,22.00,20.50,22.70,20.90,23.50,23.30,24.00,20.80,23.80,22.50,24.30,25.90,25.50,23.40,22.80,25.00,21.30,21.90,21.10,22.00,20.10,23.80,21.80,20.80,22.00,22.70,25.10,25.30,22.30,25.60,22.70,25.20,21.80,23.80,23.10,23.90,25.30,20.10,23.90,20.00,20.90,21.30,25.70,22.60,24.40,24.80,22.20,22.30,25.50,21.20,21.00,22.40,22.60,22.70,22.90,23.90,23.60,23.40,21.50,22.20,20.30,22.50,20.00,22.90
TLM_RCV,-85,FG-ALPHA,1713170737,AUTO,2,34.01,5.00,-85,100.00,8.31,3.29,4.94,845,602,123,324,21.22,1012.70,11.80,404.70,1,1713170681,GSN-01,-78,24.20,78.60,41,0,0,7.78,84,25.20,25.60,20.60,25.20,22.30,22.10,20.50,22.90,22.10,21.30,20.40,23.70,20.80,25.00,23.40,21.20,20.70,20.50,24.10,20.20,25.20,21.40,25.40,25.60,23.50,20.70,22.30,23.70,21.40,22.70,22.00,22.00,23.90,21.40,25.90,25.50,22.90,22.00,24.60,25.10,22.70,21.20,20.00,24.30,25.90,21.20,23.40,21.40,23.20,24.70,22.00,20.30,21.90,20.10,24.90,22.70,20.20,24.00,24.10,23.30,24.70,20.90,25.70,20.20
TLM_RCV,-67,FG-ALPHA,1713170738,AUTO,2,32.81,5.00,-85,99.94,8.31,3.28,4.91,0,563,140,278,22.82,1012.90,11.80,404.90,1,1713170691,GSN-01,-84,23.20,81.30,42,0,0,7.81,85,20.80,20.70,22.20,22.10,22.40,20.30,20.00,23.90,25.70,25.60,23.40,21.80,23.00,21.20,22.80,25.70,24.20,20.60,20.80,21.50,23.10,22.10,21.90,24.70,21.20,25.40,23.20,24.50,20.30,24.20,22.00,24.40,20.50,25.60,25.40,25.00,24.00,21.40,21.10,21.70,23.00,24.40,22.80,21.60,22.70,21.40,25.50,24.40,22.70,25.00,24.00,25.80,24.70,24.70,21.60,20.90,24.40,22.90,21.20,24.20,25.50,20.80,20.40,20.10
TLM_RCV,-75,FG-ALPHA,1713170739,AUTO,2,32.12,5.00,-85,100.00,8.31,3.30,4.91,1145,624,119,349,22.60,1013.30,11.80,404.70,1,1713170722,GSN-01,-94,24.40,81.90,42,0,0,7.78,84,25.80,20.90,20.10,25.60,23.30,24.50,20.30,24.20,20.40,21.80,22.30,24.80,22.20,23.80,25.50,21.50,22.20,20.40,20.90,20.30,20.60,20.90,23.60,23.10,23.70,24.10,22.90,21.20,22.70,22.50,21.60,20.90,25.20,23.10,23.20,23.40,25.20,21.70,22.10,25.30,23.60,21.10,22.40,21.20,22.70,20.50,25.20,22.20,20.80,20.10,23.40,24.80,23.60,24.20,25.20,24.20,25.10,23.60,24.20,23.40,20.50,20.50,25.30,21.80
TLM_RCV,-77,FG-ALPHA,1713170740,AUTO,2,32.19,5.00,-85,99.93,8.30,3.30,4.98,0,639,133,348,23.19,1013.30,12.10,405.00,1,1713170721,GSN-01,-84,23.80,75.40,44,0,0,7.81,84,25.70,20.50,20.90,21.60,20.40,21.00,20.70,24.40,25.20,24.40,21.60,23.60,22.10,20.30,20.40,24.20,20.40,25.60,25.40,24.10,20.90,25.30,23.80,22.80,25.90,22.10,20.30,24.50,23.70,21.90,23.00,20.80,24.80,22.20,21.70,21.70,21.40,22.10,21.60,22.80,25.30,23.40,20.80,23.00,25.70,24.00,21.00,22.70,24.30,25.40,24.00,21.90,25.00,24.80,21.60,23.20,25.20,22.50,21.30,20.60,23.50,21.80,20.00,22.10
TLM_RCV,-79,FG-ALPHA,1713170741,AUTO,2,32.80,5.00,-85,99.98,8.32,3.31,4.90,1041,560,115,297,22.41,1013.00,11.90,406.00,1,1713170682,GSN-01,-90,25.30,75.80,42,0,0,7.80,84,21.20,20.70,20.80,24.70,20.60,22.50,23.50,25.60,23.60,22.90,23.50,22.50,20.70,24.90,21.60,20.40,21.90,20.20,24.00,23.80,21.00,22.20,23.50,23.30,22.80,23.00,23.30,20.50,24.80,24.80,23.80,23.70,21.30,22.10,21.70,20.20,24.10,25.50,25.10,21.50,20.10,23.20,25.50,24.10,23.50,24.00,22.40,21.40,24.00,23.10,23.20,25.50,22.20,21.90,25.10,24.30,24.80,21.50,20.50,20.20,25.30,25.10,21.30,22.60
TLM_RCV,-54,FG-ALPHA,1713170742,AUTO,2,32.88,5.00,-85,100.00,8.31,3.28,4.96,1082,577,103,320,22.52,1013.20,11.90,404.60,1,1713170731,GSN-01,-88,24.60,74.50,45,0,0,7.79,84,21.90,25.20,23.20,22.10,21.90,24.90,23.00,22.80,22.70,24.40,20.10,21.70,23.20,25.20,23.80,20.50,20.80,24.20,21.50,23.00,25.90,24.00,20.20,23.10,23.40,21.60,23.10,25.20,22.80,22.00,25.80,21.30,23.80,21.90,20.60,20.50,24.90,20.10,22.40,20.30,20.10,24.10,22.60,20.30,20.40,23.90,21.80,20.50,21.00,24.30,20.50,21.20,24.00,24.40,25.00,25.60,22.00,23.40,24.50,20.20,22.30,24.30,24.90,23.10
TLM_RCV,-88,FG-ALPHA,1713170743,AUTO,2,31.59,5.00,-85,99.95,8.32,3.31,4.94,0,518,102,267,22.59,1012.90,12.10,406.20,1,1713170713,GSN-01,-83,25.10,73.80,40,0,0,7.79,84,22.70,22.60,23.20,21.30,21.00,25.50,20.20,22.40,20.50,25.00,21.20,25.70,22.10,22.80,23.00,24.70,21.80,21.30,21.90,21.70,23.80,22.60,20.10,23.70,21.50,23.80,20.20,25.30,23.10,25.70,20.00,24.80,24.20,23.00,20.70,20.00,21.20,24.50,24.60,23.50,24.70,24.10,25.20,23.80,22.40,22.10,24.40,22.80,22.40,22.90,24.70,20.00,24.30,23.90,22.70,25.70,20.10,23.50,22.90,21.50,24.70,20.80,21.00,22.20
TLM_RCV,-78,FG-ALPHA,1713170765,AUTO,2,31.55,5.00,-85,99.92,8.32,3.30,4.99,0,510,112,253,22.55,1013.60,12.10,406.30,1,1713170750,GSN-01,-81,25.30,80.70,47,0,0,7.81,84,24.20,22.60,25.40,23.60,22.70,21.90,22.90,25.30,21.30,22.90,21.40,22.10,22.60,21.20,25.50,22.50,25.00,21.10,21.80,23.50,20.30,22.00,24.70,25.60,23.40,21.90,25.50,22.00,22.50,20.80,20.00,25.30,24.10,24.80,24.20,25.10,24.30,20.60,23.70,25.20,25.30,20.20,24.10,24.80,25.30,20.80,23.70,20.40,22.70,25.90,23.00,24.40,23.80,21.10,23.20,24.20,21.30,25.40,22.90,21.60,20.30,24.80,25.90,23.10
TLM_RCV,-69,FG-ALPHA,1713170766,AUTO,2,34.05,5.00,-85,99.86,8.31,3.28,4.91,0,610,135,331,23.05,1012.70,12.10,406.00,1,1713170716,GSN-01,-88,24.60,83.10,40,0,0,7.80,85,24.60,23.80,22.30,23.10,22.10,24.90,21.50,20.90,20.30,20.00,22.90,22.10,24.40,20.20,20.00,23.80,20.30,24.30,21.20,24.40,20.80,24.60,22.30,23.70,20.60,23.70,23.20,25.80,21.10,24.10,23.10,25.40,23.70,25.80,22.30,21.60,23.40,21.60,22.90,23.20,20.30,20.90,23.30,21.00,24.40,24.40,25.90,22.90,24.60,20.90,24.30,22.00,24.20,23.80,21.80,22.40,22.50,24.00,22.70,20.60,21.10,20.20,25.40,21.20
TLM_RCV,-94,FG-ALPHA,1713170767,AUTO,2,33.58,5.00,-85,99.92,8.32,3.30,4.92,1146,516,101,269,23.15,1013.30,11.80,405.80,1,1713170718,GSN-01,-94,25.10,76.10,48,0,0,7.80,84,20.30,21.50,20.30,23.50,22.80,21.20,24.40,23.90,20.00,24.00,22.10,24.20,23.10,20.90,21.60,22.40,23.40,22.80,23.30,22.30,23.90,21.40,20.80,24.80,22.60,22.00,20.80,20.30,22.90,25.90,24.70,21.40,21.00,74.80,20.70,24.00,20.20,25.40,25.20,20.70,24.40,25.40,24.20,20.10,25.20,25.00,23.80,25.90,25.80,24.40,24.50,21.10,24.90,25.10,24.00,20.70,22.00,20.30,22.90,21.20,22.80,22.70,25.10,22.70
TLM_RCV,-53,FG-ALPHA,1713170768,AUTO,2,33.97,5.00,-85,99.86,8.31,3.31,4.94,0,594,122,313,22.97,1013.40,11.90,405.90,1,1713170740,GSN-01,-83,25.60,82.80,42,1,0,7.79,84,24.20,24.70,20.60,25.10,20.70,25.60,20.00,20.60,22.00,25.10,23.70,22.80,24.40,24.30,20.40,25.20,23.20,25.90,25.00,24.70,25.90,20.30,22.40,22.30,21.50,25.20,25.50,20.60,22.50,25.10,20.70,20.80,20.80,25.40,22.00,21.30,25.10,23.70,22.90,21.10,21.00,20.50,23.10,25.30,25.30,22.20,24.80,21.00,25.40,20.80,24.40,23.60,23.00,22.40,25.20,25.50,23.40,21.40,25.80,22.00,24.00,25.60,23.20,24.00
TLM_RCV,-71,FG-ALPHA,1713170769,AUTO,2,31.80,5.00,-85,99.80,8.31,3.30,4.95,0,559,106,296,22.80,1012.90,12.00,406.30,1,1713170759,GSN-01,-82,25.80,75.70,49,0,1,7.79,84,22.00,21.40,20.60,25.80,20.80,25.60,20.80,21.20,22.20,25.10,24.40,23.90,24.00,20.50,25.20,25.60,22.10,21.40,23.70,25.20,25.40,20.50,25.90,24.80,22.20,22.30,20.30,20.30,22.70,24.00,24.50,22.60,25.10,23.00,21.00,25.60,25.30,25.70,21.10,23.70,23.90,25.10,24.30,25.60,23.30,22.20,25.60,25.60,24.60,21.50,24.20,25.90,25.50,22.50,22.40,21.00,21.50,22.10,23.40,21.40,21.50,22.40,25.80,23.40
TLM_RCV,-56,FG-ALPHA,1713170770,AUTO,2,34.00,5.00,-85,99.85,8.31,3.28,4.90,1010,600,136,315,22.05,1013.50,11.80,405.10,1,1713170729,GSN-01,-78,25.60,81.50,48,0,0,7.78,84,24.80,24.40,21.90,23.90,25.30,21.20,22.40,23.20,21.40,25.20,25.50,23.00,22.40,25.50,23.60,25.60,21.70,24.50,21.80,21.40,23.50,21.10,22.80,22.10,24.40,22.70,25.60,25.00,21.30,20.00,20.60,22.70,22.90,23.80,20.80,24.70,25.20,22.10,20.20,21.20,25.40,20.80,20.40,22.10,24.10,20.90,22.50,20.50,23.70,22.50,20.00,23.10,21.10,25.50,22.70,24.50,21.30,20.00,23.00,25.50,24.20,20.70,20.00,21.70
TLM_RCV,-76,FG-ALPHA,1713170771,AUTO,2,32.78,5.00,-85,99.90,8.31,3.30,4.91,1144,555,102,305,22.94,1012.80,11.90,406.00,1,1713170750,GSN-01,-95,25.80,83.00,47,1,0,7.81,85,25.70,23.00,25.50,21.90,22.50,25.50,22.10,22.90,24.10,20.10,21.20,22.80,20.80,22.50,24.50,23.90,20.30,20.70,20.60,21.90,22.40,25.70,22.90,20.20,25.00,22.50,22.30,24.80,23.80,24.00,25.30,24.10,25.10,25.30,21.00,21.00,21.70,24.00,21.10,20.60,25.40,21.60,25.10,20.40,24.10,20.80,23.90,23.70,25.00,24.50,21.50,24.20,20.60,24.80,20.70,22.90,22.80,22.60,21.30,22.70,21.80,22.90,24.30,22.50
TLM_RCV,-62,FG-ALPHA,1713170772,AUTO,2,31.67,5.00,-85,99.96,8.32,3.28,4.98,1055,534,128,254,22.60,1013.10,11.80,405.60,1,1713170724,GSN-01,-76,25.90,74.90,48,0,0,7.78,84,23.50,23.60,23.60,23.20,25.00,25.40,20.00,24.60,23.90,24.40,20.30,21.40,21.70,21.00,22.00,24.60,24.70,25.50,24.40,24.00,20.20,20.80,24.70,24.60,22.30,20.40,22.80,22.10,22.60,25.80,21.60,21.50,24.00,24.80,21.40,20.10,21.80,20.10,23.50,22.30,25.30,25.40,23.80,24.40,22.40,24.10,24.30,23.20,21.70,25.70,21.00,21.80,25.70,22.70,22.10,20.10,23.00,25.00,20.40,22.20,23.30,24.90,24.50,23.80
TLM_RCV,-53,FG-ALPHA,1713170773,AUTO,2,33.15,5.00,-85,99.98,8.31,3.28,4.91,890,630,135,346,21.30,1012.90,11.80,405.50,1,1713170727,GSN-01,-81,24.80,73.60,43,0,0,7.81,84,23.90,24.90,22.70,24.60,20.10,21.90,24.70,24.50,21.60,25.90,21.80,21.20,25.70,20.10,23.80,22.10,22.40,21.70,21.80,22.20,21.60,22.30,20.50,20.50,21.00,22.10,21.60,22.80,24.70,22.90,25.30,23.90,21.00,24.60,21.70,21.20,22.00,22.80,20.10,20.60,21.60,24.70,22.30,21.10,24.30,22.10,21.90,23.20,23.80,22.50,22.70,20.60,24.30,22.20,23.70,20.80,24.80,24.80,20.30,20.50,20.20,21.80,25.60,23.00
TLM_RCV,-53,FG-ALPHA,1713170774,AUTO,2,33.81,5.00,-85,100.00,8.32,3.28,4.98,947,562,142,262,21.92,1012.70,12.00,405.20,1,1713170741,GSN-01,-90,24.70,81.20,48,0,0,7.78,85,25.40,23.10,20.00,21.40,23.10,25.10,20.30,21.00,23.50,20.50,25.40,24.00,21.20,25.40,21.00,25.60,25.10,21.10,20.90,24.80,22.10,23.10,23.00,25.60,25.20,23.90,24.80,23.40,20.10,22.30,22.00,23.40,22.20,22.20,20.90,25.30,21.90,25.50,22.10,25.60,24.00,23.30,23.90,23.50,25.30,21.60,21.20,21.30,25.90,21.30,23.70,22.20,21.10,25.40,21.00,21.10,24.50,23.30,24.30,25.00,25.60,20.30,25.80,21.20
TLM_RCV,-68,FG-ALPHA,1713170775,AUTO,2,32.99,5.00,-85,100.00,8.31,3.29,4.94,1022,597,146,298,22.12,1013.00,12.00,404.50,1,1713170725,GSN-01,-80,23.50,75.40,48,0,0,7.81,84,22.10,22.10,22.90,22.10,21.90,23.20,21.60,25.80,21.10,20.50,20.90,23.40,20.90,24.50,20.90,24.20,21.70,20.80,21.10,20.30,20.50,21.60,23.40,23.20,20.60,21.60,25.40,22.40,23.20,20.10,22.60,20.90,21.90,21.70,21.70,21.30,22.20,25.30,21.80,24.40,20.50,20.50,21.90,25.70,24.60,23.20,20.70,20.50,20.30,21.60,24.40,25.40,21.20,23.80,25.80,21.10,23.60,23.10,22.00,20.10,24.00,20.00,23.00,25.30
TLM_RCV,-87,FG-ALPHA,1713170776,AUTO,2,32.04,5.00,-85,99.94,8.31,3.31,4.98,0,609,129,325,23.05,1012.80,11.90,404.70,1,1713170738,GSN-01,-83,25.80,81.60,41,0,0,7.80,84,20.00,20.50,25.90,20.80,22.00,24.70,24.20,21.20,20.80,22.90,25.90,25.70,21.90,20.50,21.60,24.00,20.20,23.50,21.10,23.10,21.80,20.40,24.00,22.70,21.40,25.80,23.70,24.50,23.30,20.00,23.50,24.70,24.50,21.80,21.90,23.00,22.30,21.90,24.10,25.10,24.10,20.30,20.50,22.10,21.90,23.80,24.30,20.70,21.50,23.50,24.00,25.80,23.50,25.90,23.60,20.80,20.30,21.60,24.40,20.40,23.30,20.20,20.80,23.60
TLM_RCV,-87,FG-ALPHA,1713170777,AUTO,2,32.73,5.00,-85,99.99,8.32,3.30,4.95,1016,546,131,257,22.35,1013.40,12.10,405.10,1,1713170729,GSN-01,-88,23.20,76.50,45,1,0,7.78,85,24.00,23.60,25.80,20.90,20.70,21.20,21.50,20.90,21.30,21.00,20.30,24.90,21.60,20.80,22.30,22.30,24.00,23.00,23.60,25.80,22.40,24.20,23.40,25.30,25.10,20.10,23.20,23.50,20.70,24.70,22.10,24.80,23.90,24.30,21.00,23.80,24.30,21.00,20.80,22.30,20.80,25.80,21.00,24.40,25.80,23.20,23.30,23.00,21.50,87.80,22.50,20.10,22.40,24.50,23.90,23.80,24.70,20.50,21.50,21.80,24.50,21.30,25.80,20.60
TLM_RCV,-53,FG-ALPHA,1713170778,AUTO,2,33.04,5.00,-85,99.93,8.31,3.28,4.96,0,608,110,344,23.04,1013.60,12.10,405.00,1,1713170756,GSN-01,-81,23.90,73.60,49,0,0,7.78,84,24.70,20.80,23.00,23.00,20.50,24.80,22.90,21.40,20.50,20.90,23.60,20.80,23.40,20.60,23.70,23.90,21.90,21.40,24.40,20.80,22.70,22.50,22.60,22.80,24.90,21.00,20.70,25.10,25.30,24.20,20.50,20.70,22.50,24.50,22.60,25.60,23.40,24.20,25.80,21.70,21.70,25.20,25.20,23.70,23.10,25.80,25.40,21.50,22.50,23.90,22.00,25.10,24.10,23.90,22.50,21.50,23.80,23.20,25.30,21.80,24.80,20.70,21.40,24.60
TLM_RCV,-61,FG-ALPHA,1713170779,AUTO,2,34.12,5.00,-85,99.95,8.31,3.30,4.94,889,623,141,324,21.33,1013.20,12.10,405.00,1,1713170737,GSN-01,-80,24.70,73.90,48,0,0,7.82,84,21.00,21.70,21.70,25.40,21.60,21.00,23.60,73.20,22.80,21.70,22.40,21.10,20.70,21.00,23.80,24.70,24.80,24.80,23.60,23.50,20.40,24.40,22.70,20.90,20.50,24.50,24.50,24.60,22.90,25.50,22.50,24.30,21.80,24.30,24.20,20.50,23.70,20.70,22.30,21.20,22.80,22.00,21.70,20.70,22.30,21.70,23.90,21.10,21.90,23.70,24.50,23.00,25.90,24.50,25.20,24.70,24.00,21.70,23.80,25.60,25.80,25.90,24.00,22.60
TLM_RCV,-42,FG-ALPHA,1713170780,AUTO,2,33.75,5.00,-85,99.99,8.32,3.29,4.94,899,550,109,288,21.75,1013.20,12.10,404.60,1,1713170722,GSN-01,-75,23.40,82.90,43,0,0,7.78,84,22.90,24.60,22.70,24.30,23.80,24.00,20.80,20.80,20.50,22.30,21.20,20.70,22.60,23.80,22.50,22.50,25.40,24.60,25.00,25.40,24.20,23.80,22.00,22.30,21.80,24.80,22.70,22.80,23.90,22.80,22.70,25.80,25.00,25.50,20.20,25.70,21.30,22.00,22.80,22.00,20.30,23.70,25.80,20.10,22.40,21.30,24.60,20.70,20.50,21.80,23.60,24.40,21.60,21.40,20.80,20.30,20.90,22.90,23.80,22.50,23.30,23.40,21.20,23.90
TLM_RCV,-85,FG-ALPHA,1713170781,AUTO,2,34.19,5.00,-85,100.00,8.30,3.31,4.90,914,637,144,342,21.39,1013.10,12.00,404.80,1,1713170728,GSN-01,-82,25.50,80.50,47,0,0,7.79,85,22.30,21.90,20.60,20.70,20.30,25.00,20.90,22.00,25.30,21.80,22.50,21.80,22.90,22.00,23.50,21.00,20.20,25.20,25.00,22.50,25.40,23.40,24.30,24.70,20.70,23.90,22.10,23.00,20.20,24.50,23.30,24.00,21.40,25.70,20.90,21.20,22.70,23.70,21.20,20.80,21.80,20.40,20.60,24.50,22.10,23.00,21.10,25.30,24.80,22.50,25.70,23.60,25.20,25.20,22.40,22.40,22.90,23.80,23.40,21.50,24.90,25.00,25.60,21.90
TLM_RCV,-84,FG-ALPHA,1713170782,AUTO,2,31.85,5.00,-85,100.00,8.31,3.29,4.95,1194,571,126,286,23.11,1013.30,11.80,404.50,1,1713170766,GSN-01,-89,23.50,77.90,43,0,0,7.79,85,21.70,22.80,23.40,21.00,22.90,22.50,23.70,21.80,20.30,24.30,22.70,23.40,21.10,22.40,24.20,22.30,24.00,22.10,25.60,24.80,21.50,25.10,23.30,20.80,25.50,25.80,25.80,24.00,20.40,21.30,21.50,24.40,24.90,20.40,24.50,25.50,20.80,24.20,23.30,25.00,21.40,25.30,20.00,23.70,23.30,23.00,25.10,21.20,21.50,20.10,21.80,22.30,23.10,23.20,20.80,21.40,23.50,20.60,23.30,23.50,21.70,24.50,22.50,20.70
TLM_RCV,-94,FG-ALPHA,1713170783,AUTO,2,33.67,5.00,-85,100.00,8.32,3.29,4.97,1176,533,133,257,23.22,1013.30,12.10,405.30,1,1713170743,GSN-01,-78,24.10,74.30,40,0,0,7.82,84,22.80,21.20,21.20,77.00,25.80,23.80,25.10,22.50,21.00,25.50,23.80,25.30,24.00,21.70,22.40,21.90,22.20,21.20,23.70,20.10,25.10,23.30,24.40,25.90,24.30,20.50,21.80,24.90,22.00,25.00,21.00,20.40,22.90,20.70,20.60,20.40,21.00,21.10,25.00,22.00,23.00,25.30,24.60,22.60,21.80,21.90,25.80,21.40,23.40,25.80,21.70,25.90,20.40,24.60,24.20,21.20,23.80,21.50,22.60,21.90,25.60,21.90,23.20,20.90
TLM_RCV,-83,FG-ALPHA,1713170784,AUTO,2,32.97,5.00,-85,100.00,8.31,3.29,4.91,831,593,115,330,21.19,1012.70,12.10,406.00,1,1713170751,GSN-01,-73,23.10,77.10,44,0,1,7.81,84,25.30,24.90,21.60,23.80,24.90,23.00,25.30,23.10,20.40,20.70,22.00,24.00,23.00,23.60,22.10,21.60,22.60,20.60,25.90,22.30,25.30,24.70,24.30,22.90,20.70,20.70,20.20,22.90,20.10,22.60,23.40,23.10,23.80,24.50,21.60,24.60,25.40,22.40,21.20,21.90,20.30,24.70,20.10,20.00,22.60,23.50,20.70,22.90,20.30,20.40,25.20,25.90,23.80,22.00,21.90,22.10,22.90,22.80,24.20,25.70,21.00,25.10,25.30,25.50
TLM_RCV,-50,FG-ALPHA,1713170785,AUTO,2,33.12,5.00,-85,100.00,8.31,3.31,4.99,933,623,138,332,21.55,1013.30,11.90,405.70,1,1713170732,GSN-01,-77,24.40,74.10,42,0,0,7.82,84,24.10,23.40,21.90,24.50,24.60,23.60,23.70,24.60,23.10,20.80,23.30,21.90,25.00,20.60,20.10,22.10,25.20,25.70,21.80,23.50,20.40,21.00,21.20,25.30,21.10,24.20,24.00,23.40,20.40,21.80,21.30,21.30,22.70,20.00,23.90,22.60,25.20,25.60,21.30,21.20,21.80,21.80,20.70,21.60,24.10,21.50,21.60,20.80,22.10,25.90,23.70,25.20,24.30,21.20,20.00,24.30,75.10,22.80,23.40,23.90,22.30,20.30,23.90,21.40
TLM_RCV,-82,FG-ALPHA,1713170786,AUTO,2,33.78,5.00,-85,100.00,8.32,3.31,4.94,865,557,117,284,21.54,1013.10,11.80,405.70,1,1713170752,GSN-01,-85,24.20,80.00,42,0,0,7.79,84,21.10,24.40,21.50,23.30,21.40,23.00,24.60,21.20,21.00,25.30,20.30,20.00,21.70,24.50,22.30,23.10,23.60,23.80,25.20,20.20,22.50,22.20,24.70,24.60,25.40,25.20,21.60,20.70,23.20,20.70,25.50,22.30,25.60,25.30,20.70,24.00,25.90,23.50,21.70,23.30,21.50,25.70,25.60,22.70,22.00,23.20,22.20,24.00,21.80,25.70,24.20,24.70,20.60,24.20,20.90,22.70,25.90,23.10,24.60,23.50,25.00,22.20,23.50,21.30
TLM_RCV,-87,FG-ALPHA,1713170787,AUTO,2,32.96,5.00,-85,100.00,8.31,3.31,4.90,951,592,120,324,21.80,1012.80,11.80,405.30,1,1713170774,GSN-01,-91,24.70,75.60,41,0,0,7.79,85,23.60,25.10,20.70,25.00,22.00,24.00,20.20,20.30,25.10,22.40,20.40,24.90,21.10,21.40,21.60,24.20,21.40,23.60,21.80,25.30,24.00,21.70,20.10,24.20,21.70,25.80,22.70,20.60,24.00,20.30,21.80,23.20,24.70,24.00,25.20,23.70,21.40,25.20,22.00,21.30,24.20,20.30,20.20,20.30,23.90,24.60,20.90,21.40,20.10,22.80,21.80,20.80,23.10,21.50,20.80,21.10,25.40,25.10,24.40,20.30,21.50,25.30,24.40,25.60
TLM_RCV,-89,FG-ALPHA,1713170788,AUTO,2,33.01,5.00,-85,100.00,8.31,3.30,4.92,1139,601,140,317,22.69,1013.60,12.10,405.50,1,1713170776,GSN-01,-72,24.70,74.70,42,0,0,7.81,85,24.00,24.50,21.50,25.80,21.90,20.60,22.40,23.30,21.50,20.10,20.50,21.80,22.00,21.30,23.20,23.20,23.70,23.30,23.60,25.90,22.30,24.90,20.70,23.60,20.20,20.90,20.60,22.00,21.20,22.30,20.30,25.70,25.30,24.10,21.50,21.80,23.90,21.80,25.90,21.40,25.60,21.10,25.20,23.40,23.60,21.70,25.00,22.70,25.70,24.70,24.70,20.40,21.60,21.80,21.30,22.30,22.30,21.70,21.40,21.10,20.60,21.10,21.80,20.00
TLM_RCV,-76,FG-ALPHA,1713170789,AUTO,2,32.83,5.00,-85,100.00,8.32,3.29,4.97,805,565,140,271,21.20,1013.50,11.80,405.80,1,1713170758,GSN-01,-93,25.10,75.10,41,0,0,7.78,85,23.70,23.20,24.30,22.50,22.60,25.10,22.10,89.90,21.20,25.70,20.30,22.20,23.90,25.70,22.30,22.30,20.50,23.00,20.50,20.90,20.90,24.70,24.20,21.80,24.70,21.80,21.80,22.00,21.80,21.90,24.00,21.60,20.40,23.60,20.70,21.50,22.00,21.60,20.10,25.30,22.40,21.20,20.40,21.40,20.50,21.40,23.00,23.50,22.90,23.70,21.10,25.30,24.40,23.20,22.80,23.90,21.90,25.70,24.00,21.50,25.50,22.70,24.70,22.90
TLM_RCV,-54,FG-ALPHA,1713170790,AUTO,2,32.61,5.00,-85,99.95,8.32,3.29,4.93,0,522,105,274,22.61,1012.90,11.90,405.80,1,1713170744,GSN-01,-95,25.80,75.10,40,0,0,7.78,85,23.90,24.30,24.30,25.20,23.90,23.10,24.70,20.00,24.90,23.20,20.50,23.00,21.00,23.70,22.20,24.20,23.30,20.50,22.60,20.40,25.00,20.20,25.50,22.60,25.60,20.40,25.10,24.60,25.60,20.50,24.50,21.30,20.00,22.50,25.10,21.60,22.70,22.70,24.40,25.70,22.00,23.50,22.90,22.50,20.80,20.00,23.40,23.30,20.60,21.20,20.60,23.60,24.00,22.20,20.50,21.00,23.30,23.90,23.40,22.60,24.20,25.20,20.30,24.00
TLM_RCV,-93,FG-ALPHA,1713170791,AUTO,2,33.02,5.00,-85,99.89,8.31,3.28,4.96,0,604,122,341,23.02,1012.80,11.80,404.50,1,1713170737,GSN-01,-86,24.00,74.10,44,0,0,7.80,84,21.20,25.60,20.40,25.80,24.90,25.90,25.20,24.50,23.50,21.10,20.60,23.50,22.60,25.80,22.40,25.20,20.30,21.90,24.20,22.90,21.60,25.10,20.80,25.60,23.30,25.90,21.50,24.30,23.20,24.20,21.90,21.70,24.90,23.60,22.70,25.60,22.40,24.40,23.60,23.90,25.10,25.00,25.50,20.70,20.00,23.40,22.80,20.50,25.80,21.10,21.70,21.90,25.00,25.40,21.60,23.60,25.10,24.00,25.60,25.80,25.10,25.00,20.60,23.10
TLM_RCV,-53,FG-ALPHA,1713170792,AUTO,2,32.69,5.00,-85,99.83,8.32,3.30,4.96,0,538,138,260,22.69,1012.80,12.00,404.70,1,1713170751,GSN-01,-85,23.00,77.50,43,1,0,7.79,84,22.60,20.50,20.10,23.70,22.50,22.00,21.90,25.50,25.30,21.40,22.10,21.30,21.40,23.20,20.90,20.10,25.00,21.00,21.10,22.10,22.80,79.30,20.70,24.40,23.70,25.70,25.40,25.30,21.60,21.00,22.40,20.20,22.40,21.60,21.20,25.60,25.70,21.50,24.80,25.90,22.90,21.80,21.40,24.00,20.90,23.80,21.00,25.90,23.30,23.90,25.70,22.20,22.10,21.50,23.90,25.40,25.90,20.10,20.10,25.60,21.20,24.30,25.60,22.90
TLM_RCV,-55,FG-ALPHA,1713170793,AUTO,2,32.70,5.00,-85,99.87,8.32,3.31,4.91,900,540,100,297,21.80,1012.90,11.90,404.50,1,1713170764,GSN-01,-86,24.20,81.10,45,0,0,7.81,85,24.60,24.20,22.00,22.00,23.10,21.10,25.50,24.00,21.40,24.80,22.90,25.40,24.30,24.30,23.60,21.70,20.50,25.10,21.40,22.00,25.10,25.90,20.60,21.80,20.40,70.80,24.30,22.80,21.60,22.70,25.40,24.10,20.30,20.40,24.30,20.70,24.20,22.60,24.20,20.20,21.60,25.10,23.50,25.10,20.90,23.20,25.50,23.30,21.90,20.30,23.80,23.50,20.50,24.10,23.50,25.50,22.90,20.70,22.40,21.50,22.30,22.70,21.20,23.60
TLM_RCV,-75,FG-ALPHA,1713170794,AUTO,2,32.72,5.00,-85,99.91,8.32,3.31,4.99,928,545,132,269,21.91,1013.20,12.10,405.70,1,1713170765,GSN-01,-89,25.60,82.20,44,0,0,7.80,85,24.90,25.80,20.70,21.20,21.20,25.80,23.10,24.70,23.30,25.80,21.70,25.70,20.00,24.40,24.40,21.20,20.80,23.50,23.50,21.50,20.10,21.70,24.50,20.10,22.00,25.20,22.20,25.50,20.00,25.80,21.80,20.30,25.80,25.90,20.00,21.60,24.60,20.00,20.50,21.10,21.80,23.40,24.90,20.40,23.10,24.10,24.10,21.30,25.60,24.80,22.20,25.90,21.10,21.90,21.70,22.80,20.80,24.70,21.80,24.80,21.60,23.90,20.80,21.80
TLM_RCV,-51,FG-ALPHA,1713170795,AUTO,2,32.88,5.00,-85,99.95,8.31,3.30,4.95,998,577,133,299,22.10,1012.70,12.00,404.80,1,1713170770,GSN-01,-85,24.30,75.80,47,0,0,7.81,85,23.90,77.80,21.70,21.90,25.60,22.30,22.60,20.50,20.50,22.60,23.60,20.40,24.10,24.80,23.70,20.30,23.00,21.00,22.70,20.20,22.00,21.90,22.50,20.00,22.90,20.60,20.80,24.20,23.70,24.80,20.80,24.40,22.20,20.40,25.00,24.80,24.10,22.50,23.40,22.50,21.20,21.70,23.80,22.10,23.90,23.60,23.60,25.20,22.20,22.80,23.10,24.80,25.00,23.80,25.60,20.70,23.90,24.60,24.60,22.70,21.50,20.80,20.40,22.50
TLM_RCV,-61,FG-ALPHA,1713170796,AUTO,2,32.72,5.00,-85,100.00,8.32,3.28,4.91,1119,545,126,271,22.87,1012.90,12.00,405.20,1,1713170738,GSN-01,-90,23.20,77.50,40,0,0,7.80,85,23.90,25.50,20.90,21.80,20.50,22.00,22.60,22.30,20.10,21.30,21.60,24.20,25.40,22.10,20.50,21.70,25.90,20.50,25.40,24.30,25.50,23.80,24.30,21.10,20.00,21.90,25.20,24.20,24.80,23.90,21.00,24.00,25.30,23.30,24.80,25.20,24.60,24.90,21.60,24.10,23.60,24.40,22.00,20.60,22.20,23.00,20.80,22.60,23.10,22.80,21.80,20.00,22.80,24.90,22.70,22.90,22.10,22.10,25.40,21.80,25.10,24.60,22.60,20.20
TLM_RCV,-48,FG-ALPHA,1713170797,AUTO,2,32.75,5.00,-85,99.94,8.32,3.31,4.97,0,550,125,273,22.75,1012.90,12.10,404.90,1,1713170750,GSN-01,-94,24.10,77.90,44,0,1,7.80,85,25.60,23.30,24.10,22.80,22.40,20.30,20.50,23.70,20.00,24.70,21.60,22.00,20.90,24.50,23.70,24.90,21.70,20.50,23.50,25.30,21.50,22.90,25.60,25.90,20.20,22.50,25.00,21.80,22.70,22.20,25.10,23.10,23.80,22.60,24.80,20.60,22.30,23.30,23.70,23.70,24.60,20.40,25.90,21.30,20.20,21.90,20.10,22.70,20.40,22.50,22.60,20.40,25.40,22.40,23.10,20.00,20.90,20.10,25.10,24.80,25.30,23.30,22.30,24.00
TLM_RCV,-72,FG-ALPHA,1713170798,AUTO,2,31.82,5.00,-85,99.89,8.31,3.31,4.90,0,564,110,298,22.82,1013.00,12.00,404.60,1,1713170743,GSN-01,-82,24.70,78.50,42,0,0,7.81,84,20.30,23.80,24.20,24.10,23.00,23.00,20.60,24.90,20.10,24.30,23.00,21.10,24.40,24.10,25.10,20.00,20.10,21.00,25.80,20.20,21.90,23.30,24.10,23.30,21.70,25.00,21.80,21.00,23.90,25.20,22.50,23.70,21.70,23.10,22.50,22.90,20.00,24.90,25.60,24.20,25.10,24.10,23.40,21.70,24.90,22.70,24.50,23.10,20.10,20.50,20.10,23.30,25.70,22.80,22.20,22.50,24.20,24.30,23.50,24.00,21.90,24.70,25.70,20.80
TLM_RCV,-67,FG-ALPHA,1713170799,AUTO,2,31.92,5.00,-85,99.93,8.31,3.31,4.94,973,584,137,289,21.94,1013.40,12.10,405.80,1,1713170771,GSN-01,-71,23.40,75.80,48,0,0,7.79,84,24.50,23.20,20.60,23.50,24.40,25.90,20.30,21.90,22.60,20.50,20.80,23.50,24.30,25.30,25.20,21.60,24.30,25.80,20.90,22.50,24.10,25.00,23.80,21.20,23.30,21.40,25.00,23.70,20.30,20.90,25.20,20.00,20.40,22.10,21.70,20.60,23.50,23.80,24.00,24.70,20.00,23.80,22.70,23.20,21.80,25.40,20.40,23.00,20.10,20.20,20.40,21.30,23.10,24.60,23.30,20.40,20.80,24.50,20.00,22.70,25.10,21.40,23.50,20.90
TLM_RCV,-45,FG-ALPHA,1713170800,AUTO,2,33.80,5.00,-85,99.87,8.31,3.30,4.99,0,560,140,272,22.80,1013.60,11.90,405.60,1,1713170747,GSN-01,-92,24.50,75.10,45,0,0,7.78,84,20.70,22.00,25.20,20.70,20.40,24.30,23.70,25.10,23.50,22.70,24.50,24.40,21.80,24.00,21.10,21.60,24.80,25.30,22.80,22.70,21.40,25.10,22.40,21.90,24.00,25.30,24.90,23.90,21.60,20.80,23.50,22.20,23.10,21.80,21.20,24.10,21.00,23.00,24.50,20.40,24.30,23.70,25.70,25.20,21.20,20.10,25.50,23.80,25.50,22.60,22.80,24.80,25.30,23.20,24.70,21.00,24.80,25.80,20.30,25.60,23.10,22.80,24.70,21.50
TLM_RCV,-49,FG-ALPHA,1713170801,AUTO,2,33.94,5.00,-85,99.90,8.31,3.30,4.98,856,588,130,299,21.34,1012.90,11.80,404.80,1,1713170755,GSN-01,-83,25.00,79.70,40,0,1,7.79,85,21.80,24.50,24.40,22.20,21.70,25.40,21.50,23.00,25.60,20.00,24.70,21.10,25.50,22.20,20.30,24.40,24.90,22.70,24.80,21.90,24.40,21.40,20.20,23.50,20.10,23.10,21.90,21.30,25.60,22.70,23.10,23.80,22.30,20.30,25.50,21.70,21.20,21.80,21.40,22.40,22.30,21.10,24.50,20.80,24.20,20.60,23.50,24.30,24.70,24.50,25.40,23.80,21.40,23.30,21.00,20.70,20.00,24.70,21.20,25.10,22.20,21.10,21.80,23.50
TLM_RCV,-94,FG-ALPHA,1713170802,AUTO,2,31.60,5.00,-85,99.85,8.32,3.30,4.99,0,520,102,263,22.60,1013.40,12.00,404.70,1,1713170780,GSN-01,-87,25.60,82.10,41,0,0,7.81,85,22.20,23.70,24.30,22.80,21.50,22.40,21.60,22.60,24.90,23.70,21.10,25.00,22.40,20.30,25.30,22.80,24.20,24.40,20.00,22.90,20.30,24.90,23.90,25.20,25.70,23.30,20.00,24.00,21.50,23.70,22.40,25.60,25.00,21.90,21.30,23.10,22.30,22.10,21.90,23.80,23.70,20.60,23.00,24.00,22.20,20.10,20.10,25.20,22.70,22.90,23.80,24.30,21.70,20.10,20.00,24.90,21.80,20.30,20.20,25.00,20.70,24.90,23.80,24.20
TLM_RCV,-84,FG-ALPHA,1713170803,AUTO,2,32.90,5.00,-85,99.91,8.31,3.30,4.93,1199,579,147,276,23.10,1012.70,12.10,405.90,1,1713170785,GSN-01,-94,25.60,73.90,46,0,0,7.78,84,23.60,22.80,24.30,23.60,22.50,22.50,21.20,21.10,23.90,22.00,24.40,21.30,24.90,23.60,21.60,25.50,23.10,21.60,23.40,20.40,24.70,22.80,20.30,25.00,25.80,25.40,22.60,20.70,21.10,20.60,21.50,23.30,23.30,24.80,23.00,20.50,25.20,20.70,24.00,23.80,22.00,21.20,21.50,25.60,25.00,21.00,23.90,22.80,20.50,25.30,20.60,22.70,20.10,21.00,21.10,21.10,22.60,23.60,22.20,25.60,20.50,21.00,22.70,24.40
TLM_RCV,-53,FG-ALPHA,1713170804,AUTO,2,33.11,5.00,-85,99.95,8.31,3.29,4.90,1026,622,136,336,22.02,1013.50,12.00,405.50,1,1713170763,GSN-01,-81,25.10,78.70,41,0,1,7.78,84,22.80,25.40,24.40,24.40,20.50,21.70,23.50,23.30,25.00,20.40,23.80,21.30,22.90,24.00,23.40,25.30,25.30,21.70,21.60,21.90,22.10,22.30,22.10,21.80,23.50,23.40,21.30,22.20,20.40,21.70,20.70,20.20,25.20,21.60,20.10,22.00,25.10,22.10,21.60,20.10,24.10,21.90,24.70,22.40,25.00,23.70,25.70,25.10,20.30,25.20,22.50,20.40,22.80,21.90,22.00,21.60,23.60,21.10,24.60,22.30,23.40,22.80,21.50,20.10
TLM_RCV,-45,FG-ALPHA,1713170805,AUTO,2,34.05,5.00,-85,99.99,8.31,3.29,4.94,1021,610,106,349,22.06,1012.80,12.00,406.20,1,1713170778,GSN-01,-89,23.10,79.20,44,0,0,7.78,85,22.90,20.40,21.10,22.70,25.70,24.10,23.10,23.30,24.50,24.40,22.70,24.10,24.80,25.70,24.40,25.50,22.90,23.10,24.90,21.70,25.50,22.30,25.00,25.80,24.70,23.70,22.50,23.60,20.00,21.80,23.10,23.80,21.80,21.90,20.60,22.50,25.50,24.60,20.00,25.30,24.90,22.10,21.40,20.70,22.30,23.40,20.90,25.50,25.70,25.30,25.70,20.70,20.10,20.80,21.20,24.60,25.20,25.40,23.80,24.60,22.10,20.10,24.60,25.30
TLM_RCV,-47,FG-ALPHA,1713170827,AUTO,2,34.05,5.00,-85,99.94,8.31,3.30,4.97,0,610,108,346,23.05,1013.20,12.10,404.90,1,1713170770,GSN-01,-73,24.90,74.80,45,0,0,7.81,84,23.40,22.20,22.50,24.10,20.90,25.40,21.20,20.40,23.90,20.30,21.80,25.20,24.20,24.20,20.90,21.70,21.70,20.10,22.10,22.70,23.90,22.00,25.00,20.20,22.60,22.80,23.00,21.50,20.60,21.90,22.10,23.20,24.60,20.80,25.90,24.50,24.80,24.30,24.60,23.00,21.80,22.90,22.10,24.80,21.40,22.50,23.30,21.20,25.50,21.90,25.70,23.70,22.40,20.00,20.10,25.00,23.10,21.10,22.70,21.60,25.50,23.00,25.00,25.20
TLM_RCV,-89,FG-ALPHA,1713170828,AUTO,2,31.92,5.00,-85,100.00,8.31,3.28,4.98,1154,584,102,337,22.85,1013.50,11.80,404.70,1,1713170789,GSN-01,-87,24.90,77.10,42,0,1,7.78,84,24.60,24.50,20.60,24.10,23.90,25.30,23.80,23.20,24.50,23.20,21.10,21.50,20.90,25.20,22.50,23.80,24.90,21.90,21.70,22.70,24.60,22.20,22.80,23.90,21.60,23.00,23.50,25.40,22.30,25.50,23.90,25.80,20.50,24.90,25.20,23.10,21.40,23.40,24.90,21.60,25.00,23.10,22.50,21.00,25.80,23.50,22.10,20.60,23.80,22.20,20.90,20.20,24.90,21.30,25.40,25.90,22.60,22.10,25.00,22.90,24.60,25.80,23.90,23.10
TLM_RCV,-64,FG-ALPHA,1713170829,AUTO,2,33.69,5.00,-85,100.00,8.32,3.31,4.94,968,537,108,278,22.16,1012.70,12.10,406.10,1,1713170808,GSN-01,-95,24.90,78.80,48,0,0,7.80,84,25.20,21.30,21.70,24.00,23.80,23.80,21.00,20.30,20.40,23.10,23.00,21.90,21.80,24.10,23.70,25.70,25.80,22.20,24.80,21.60,24.90,22.80,20.90,21.50,23.80,22.90,21.20,24.80,25.40,20.00,21.70,25.90,24.00,22.20,21.20,25.40,24.30,22.10,21.50,24.80,20.30,24.20,20.60,23.20,21.80,20.10,23.00,25.60,24.30,20.70,20.10,25.80,24.40,23.30,22.80,25.20,25.20,24.90,21.30,22.20,23.70,22.50,24.40,22.80
TLM_RCV,-60,FG-ALPHA,1713170830,AUTO,2,33.95,5.00,-85,100.00,8.31,3.30,4.98,800,590,116,316,21.05,1013.10,12.10,404.90,1,1713170795,GSN-01,-83,23.50,74.20,47,0,1,7.79,84,21.60,23.10,21.10,22.10,22.00,23.00,21.80,21.00,20.30,24.20,21.40,22.70,22.40,21.70,24.30,20.40,20.20,24.80,23.50,20.10,25.00,23.90,22.50,23.80,20.10,22.50,23.90,23.40,23.00,20.40,23.90,23.80,20.70,21.20,22.50,21.50,20.60,25.40,21.30,23.00,20.40,24.40,22.80,25.20,20.20,22.30,23.40,21.30,24.10,25.20,25.40,22.00,24.00,25.00,21.20,24.20,23.10,20.60,23.10,23.90,25.30,22.40,21.30,21.10
TLM_RCV,-78,FG-ALPHA,1713170831,AUTO,2,32.15,5.00,-85,100.00,8.31,3.28,4.93,812,631,137,340,20.91,1012.80,12.00,406.10,1,1713170801,GSN-01,-87,24.80,81.40,47,0,0,7.82,85,24.80,22.60,25.40,20.10,24.40,24.40,21.30,20.80,24.10,22.50,21.20,20.10,20.20,20.00,20.90,24.20,22.20,24.00,23.40,23.70,21.00,23.50,22.70,25.50,23.90,23.60,20.10,25.10,25.80,22.30,20.80,23.10,20.60,25.00,24.60,21.90,20.20,21.90,24.00,21.10,24.50,21.60,23.80,22.40,25.80,20.30,24.10,24.00,20.60,20.50,24.00,25.50,21.90,25.90,24.70,25.80,23.40,23.70,21.50,24.60,25.80,22.90,24.30,24.40
TLM_RCV,-77,FG-ALPHA,1713170832,AUTO,2,32.90,5.00,-85,100.00,8.31,3.28,4.96,1085,579,133,304,22.53,1012.70,12.10,405.70,1,1713170777,GSN-01,-74,24.30,73.40,45,0,0,7.79,84,20.30,23.40,25.00,23.00,21.70,22.10,24.90,22.80,21.80,21.20,21.20,25.30,21.90,22.70,23.70,20.20,25.80,22.10,24.00,22.80,22.60,22.50,20.80,25.30,23.20,25.00,22.60,23.70,21.50,23.40,25.30,25.90,21.20,23.30,20.30,25.40,25.60,21.00,24.60,21.10,23.40,20.00,23.60,24.60,24.40,25.60,24.00,25.00,23.10,22.70,23.70,24.40,25.90,20.20,21.80,22.10,22.50,23.00,24.70,22.10,20.90,23.50,20.50,20.10
TLM_RCV,-53,FG-ALPHA,1713170833,AUTO,2,32.05,5.00,-85,100.00,8.31,3.31,4.99,1103,610,147,316,22.47,1012.90,11.80,404.50,1,1713170778,GSN-01,-76,25.90,81.70,47,0,0,7.78,84,22.30,21.60,21.40,22.20,25.70,23.50,20.60,23.90,22.70,24.20,24.10,24.60,23.10,24.80,25.30,25.30,22.30,20.80,23.10,21.00,23.40,25.00,20.80,24.20,20.80,21.60,23.40,22.00,21.40,20.60,21.30,24.50,21.30,23.30,24.80,21.90,21.40,24.50,22.10,24.50,21.90,25.70,24.00,23.00,20.80,24.30,20.60,23.30,21.70,21.10,24.90,22.80,20.50,25.40,25.90,24.10,22.80,25.10,22.40,22.90,22.90,21.90,25.20,24.10
TLM_RCV,-88,FG-ALPHA,1713170834,AUTO,2,31.78,5.00,-85,100.00,8.32,3.31,4.93,803,556,148,262,21.24,1013.50,12.00,404.50,1,1713170819,GSN-01,-73,24.30,74.50,49,0,0,7.80,85,20.20,20.10,23.20,25.80,21.70,23.20,25.00,24.10,23.10,24.10,21.30,23.50,20.70,24.20,21.90,23.90,20.00,21.00,24.50,22.10,24.70,21.90,25.70,22.30,23.70,20.90,24.90,23.80,22.80,25.20,21.60,21.80,20.40,24.80,25.50,21.60,22.20,24.50,24.80,20.20,20.10,24.20,23.70,25.10,22.60,20.80,23.60,25.20,22.90,21.40,22.70,21.00,23.20,23.60,22.60,24.20,25.30,25.20,21.50,22.40,24.80,22.90,23.30,22.40
TLM_RCV,-90,FG-ALPHA,1713170835,AUTO,2,32.66,5.00,-85,100.00,8.32,3.28,4.94,1160,532,102,286,23.14,1013.50,11.80,406.30,1,1713170776,GSN-01,-77,23.70,77.00,40,0,1,7.80,84,25.10,21.00,22.50,22.00,24.00,21.00,23.50,20.60,24.60,25.60,20.00,22.40,20.50,22.20,25.70,21.00,20.70,23.00,25.70,23.20,22.50,25.50,23.90,24.40,25.70,25.80,23.20,22.40,21.00,22.70,23.70,22.70,22.00,20.40,23.40,24.10,20.60,20.70,24.90,20.20,23.50,23.80,22.80,20.60,21.10,20.00,21.20,23.00,25.60,21.00,22.70,25.20,21.60,22.20,23.70,23.80,22.40,23.70,25.00,22.70,20.60,23.40,25.20,24.50
TLM_RCV,-54,FG-ALPHA,1713170836,AUTO,2,32.70,5.00,-85,100.00,8.32,3.30,4.95,1171,540,113,281,23.16,1012.80,12.10,405.70,1,1713170814,GSN-01,-80,23.90,81.60,47,0,0,7.78,84,23.00,20.20,23.90,25.60,21.20,25.30,23.80,22.60,21.90,24.70,22.70,25.90,23.00,22.50,22.10,21.00,23.40,21.20,25.70,22.20,24.20,20.20,24.50,20.20,21.20,23.50,22.90,24.60,25.90,20.60,20.80,25.10,21.40,25.70,24.00,25.90,21.30,21.70,21.40,22.80,23.50,21.20,23.90,20.50,25.30,24.00,20.90,23.40,24.90,22.00,22.30,23.60,25.10,25.40,21.40,22.70,23.60,21.70,25.90,21.50,20.70,23.90,24.60,25.20
TLM_RCV,-79,FG-ALPHA,1713170837,AUTO,2,32.93,5.00,-85,100.00,8.31,3.29,4.98,996,586,111,333,22.05,1013.50,12.10,406.20,1,1713170796,GSN-01,-73,23.60,81.00,49,0,0,7.81,85,22.40,22.90,23.60,23.80,25.90,22.10,22.80,22.20,24.00,22.50,20.60,23.20,23.20,24.60,24.00,21.40,25.20,22.90,23.00,22.70,24.20,20.10,21.20,22.30,21.40,25.40,20.30,25.80,23.60,21.40,24.40,24.50,23.30,24.30,21.80,21.20,24.20,22.50,20.00,21.90,23.10,25.40,22.60,22.70,25.10,23.30,21.60,23.50,24.70,24.80,22.90,23.10,23.50,22.60,23.10,24.40,25.20,25.00,21.50,22.60,23.90,23.00,25.40,20.50
TLM_RCV,-43,FG-ALPHA,1713170838,AUTO,2,33.98,5.00,-85,100.00,8.31,3.28,4.90,934,596,142,305,21.69,1013.40,12.00,405.50,1,1713170791,GSN-01,-94,24.50,74.90,44,0,0,7.81,84,21.70,23.60,22.00,21.10,25.50,24.40,25.70,21.60,23.00,22.60,24.30,20.30,20.80,20.60,24.50,24.10,22.00,25.70,20.70,23.30,20.50,21.90,22.30,23.20,23.30,23.20,21.30,22.90,24.50,21.70,20.10,20.40,24.90,20.40,20.30,25.70,25.40,21.50,22.60,83.10,24.50,20.20,23.10,24.20,23.40,22.40,21.20,20.70,20.80,25.00,21.30,24.90,23.90,22.80,21.20,21.30,24.10,21.50,25.50,21.60,25.20,23.40,24.20,25.00
TLM_RCV,-67,FG-ALPHA,1713170839,AUTO,2,32.06,5.00,-85,100.00,8.31,3.28,4.91,937,613,144,315,21.62,1013.20,11.80,404.70,1,1713170798,GSN-01,-79,25.10,78.00,47,0,0,7.80,84,20.70,23.60,22.10,23.00,23.30,25.60,21.30,24.20,20.40,21.80,20.90,21.90,21.40,23.60,25.50,25.40,25.20,22.30,23.10,20.40,22.90,20.60,20.10,22.90,21.40,23.10,25.40,20.10,22.90,21.80,25.30,21.50,20.80,25.50,22.90,23.20,25.70,20.00,21.80,21.90,23.90,24.30,25.30,22.00,21.00,23.60,20.50,20.90,23.60,23.50,22.10,21.20,25.50,24.90,25.90,23.50,24.60,20.70,23.70,25.40,22.20,25.30,20.80,23.60
TLM_RCV,-44,FG-ALPHA,1713170840,AUTO,2,31.66,5.00,-85,100.00,8.32,3.30,4.96,932,532,125,256,22.00,1013.60,11.80,406.40,1,1713170795,GSN-01,-88,25.10,82.20,46,1,1,7.78,84,21.00,25.60,20.40,20.00,20.30,23.20,21.50,23.40,23.60,22.30,22.80,25.50,22.90,23.40,20.40,24.80,24.40,24.50,25.30,25.20,23.90,20.10,25.00,21.50,24.20,23.20,23.40,21.60,21.10,25.60,22.90,20.50,20.10,22.90,25.10,25.00,21.90,23.40,25.70,25.00,22.60,25.80,25.90,24.30,24.20,22.40,23.90,25.30,20.50,22.90,24.00,23.80,22.50,24.60,22.70,20.40,23.70,24.40,23.70,25.60,23.90,22.40,20.60,24.20
TLM_RCV,-88,FG-ALPHA,1713170841,AUTO,2,32.97,5.00,-85,99.94,8.31,3.28,4.90,0,595,143,295,22.98,1013.10,12.00,405.30,1,1713170784,GSN-01,-92,24.20,79.80,41,0,0,7.82,84,25.80,25.40,20.80,20.00,20.20,24.50,22.70,21.80,21.00,20.10,20.70,24.70,25.20,23.20,20.00,24.50,25.40,24.40,20.60,20.60,25.30,25.90,20.00,21.80,25.00,21.20,20.60,20.60,20.40,20.50,21.00,22.50,20.40,20.20,22.10,20.40,20.90,23.70,24.10,22.40,21.80,22.00,23.10,25.20,24.30,22.50,23.60,22.60,23.30,20.10,24.70,22.20,22.50,21.60,21.10,23.20,24.60,20.20,20.60,23.00,20.40,22.70,22.90,20.40
TLM_RCV,-74,FG-ALPHA,1713170842,AUTO,2,32.76,5.00,-85,99.89,8.31,3.30,4.92,0,553,104,303,22.76,1012.90,12.00,405.20,1,1713170823,GSN-01,-71,24.60,78.00,48,0,0,7.82,84,21.90,25.50,21.00,21.90,22.30,21.30,23.50,21.20,21.80,22.70,24.70,20.80,25.30,20.50,20.20,22.80,25.30,20.50,21.00,21.70,24.70,20.70,25.30,25.50,22.60,25.00,24.30,25.70,20.20,20.30,23.90,24.10,25.90,20.80,21.00,21.10,21.40,22.30,21.00,21.80,23.30,20.00,24.30,20.80,20.20,21.60,21.40,25.10,25.20,25.40,22.00,23.70,21.70,22.00,21.70,23.60,20.60,24.90,21.20,25.80,20.80,23.50,25.90,24.90
TLM_RCV,-91,FG-ALPHA,1713170843,AUTO,2,32.21,5.00,-85,99.92,8.30,3.31,4.95,976,641,140,348,21.67,1013.00,12.10,405.40,1,1713170823,GSN-01,-74,25.40,77.60,41,0,0,7.81,85,23.20,24.80,22.30,21.30,20.30,25.10,23.80,23.80,23.30,21.80,25.90,23.30,20.80,23.80,21.40,23.70,20.50,24.90,22.20,23.90,21.10,23.60,24.70,22.80,21.90,23.00,23.30,22.20,22.50,25.70,25.80,25.50,25.60,20.50,24.60,23.30,23.80,21.80,25.50,20.80,22.40,24.10,21.20,22.70,23.50,25.10,24.30,24.30,25.90,24.20,21.00,20.90,23.30,24.60,25.80,23.90,21.90,22.20,21.90,24.90,22.20,22.10,25.40,23.20
TLM_RCV,-46,FG-ALPHA,1713170844,AUTO,2,33.90,5.00,-85,99.86,8.31,3.30,4.98,0,580,141,290,22.90,1013.60,12.00,406.00,1,1713170800,GSN-01,-91,24.30,80.30,41,0,0,7.78,84,25.90,20.30,20.00,22.80,20.90,25.10,24.20,23.20,20.40,25.70,25.80,25.10,22.50,25.10,23.70,24.60,20.70,20.90,21.70,24.50,20.10,22.40,24.40,20.60,23.30,22.70,22.20,20.80,21.20,24.80,23.60,20.30,22.40,23.60,20.50,23.60,23.10,25.30,22.00,25.40,23.10,21.90,23.50,24.80,21.40,23.70,24.20,25.50,24.30,21.00,25.30,25.30,23.20,20.20,21.50,21.40,24.80,20.60,22.40,23.80,24.50,25.20,25.90,21.80
TLM_RCV,-43,FG-ALPHA,1713170845,AUTO,2,32.04,5.00,-85,99.92,8.31,3.31,4.94,1180,609,149,320,22.85,1013.50,11.80,404.60,1,1713170820,GSN-01,-75,23.70,82.20,47,0,0,7.78,85,25.20,20.30,24.80,20.90,24.80,20.80,25.10,20.20,20.30,24.10,23.20,23.70,25.50,25.50,25.40,22.90,22.80,22.20,20.10,24.20,23.30,20.70,22.20,21.30,25.20,20.80,23.20,20.90,25.50,23.30,24.50,20.20,21.10,22.30,25.50,25.20,23.60,20.80,23.90,22.20,22.70,22.00,25.00,24.30,22.10,23.70,22.30,24.60,20.80,21.10,20.30,22.00,24.80,21.30,24.80,21.60,20.70,25.20,24.50,23.40,25.10,20.70,23.30,21.30
TLM_RCV,-81,FG-ALPHA,1713170846,AUTO,2,34.22,5.00,-85,99.96,8.30,3.30,4.92,1040,645,144,348,21.98,1013.20,11.80,404.60,1,1713170788,GSN-01,-83,23.30,80.40,47,1,0,7.80,85,24.20,22.40,24.50,23.20,25.10,24.30,24.80,24.20,25.40,23.30,22.20,25.20,20.60,23.40,20.20,24.40,22.40,22.40,23.10,20.40,25.50,20.60,25.80,24.40,25.80,23.60,25.10,21.60,22.00,23.00,24.60,22.70,20.90,25.90,25.20,22.30,21.30,22.80,24.30,20.80,22.60,23.80,22.80,24.70,25.90,20.00,22.80,21.10,25.70,25.20,25.60,24.50,24.50,22.60,25.20,21.30,23.50,23.20,24.30,21.30,23.10,22.70,21.90,25.40
TLM_RCV,-51,FG-ALPHA,1713170847,AUTO,2,33.08,5.00,-85,100.00,8.31,3.28,4.99,1028,615,142,319,22.07,1012.90,11.90,405.00,1,1713170804,GSN-01,-92,24.20,78.70,47,0,0,7.81,85,20.80,24.20,21.30,24.60,20.60,23.50,21.40,20.60,24.50,23.30,23.50,22.30,24.70,20.10,23.90,21.90,21.70,20.10,24.80,23.70,23.50,22.50,22.70,25.50,21.70,23.50,21.00,22.70,24.30,24.90,20.90,24.10,25.30,25.00,25.40,23.50,21.50,25.90,25.30,25.20,20.60,23.90,25.50,20.70,20.10,25.90,21.50,24.60,25.10,24.40,25.30,24.80,25.30,20.40,20.00,21.30,21.50,20.80,21.80,20.00,21.60,23.20,25.70,25.20
TLM_RCV,-95,FG-ALPHA,1713170848,AUTO,2,32.94,5.00,-85,99.94,8.31,3.30,4.95,0,588,134,305,22.94,1012.90,12.10,404.50,1,1713170823,GSN-01,-78,23.40,81.70,49,0,0,7.81,85,23.60,21.60,23.80,21.20,20.60,25.80,23.00,21.10,23.50,22.20,25.10,20.10,22.20,22.20,23.70,24.60,21.20,20.30,23.40,25.20,23.10,24.80,25.00,25.90,24.10,25.80,21.60,25.40,21.40,23.20,23.80,23.90,20.40,24.20,24.00,23.80,21.00,20.60,22.90,20.40,25.20,21.90,21.00,20.20,21.00,21.30,20.50,21.00,24.00,23.30,23.90,21.10,21.40,21.70,22.50,25.40,24.50,22.60,24.60,20.00,23.60,20.90,21.60,20.00
TLM_RCV,-83,FG-ALPHA,1713170849,AUTO,2,31.86,5.00,-85,99.97,8.31,3.30,4.98,901,572,116,297,21.65,1012.80,12.00,406.30,1,1713170819,GSN-01,-72,24.70,80.20,48,0,0,7.79,84,24.40,24.20,22.30,23.00,23.50,20.50,21.00,24.20,23.00,22.40,20.70,22.10,20.30,24.80,21.30,22.80,23.10,23.10,20.90,20.20,23.70,23.30,25.70,24.20,23.80,23.60,23.60,25.60,22.60,23.70,25.60,20.80,21.50,22.40,20.50,22.40,21.80,23.00,23.30,22.50,20.50,20.90,23.70,20.90,24.20,23.80,22.00,22.90,23.40,21.10,22.70,24.30,25.40,22.00,22.90,24.70,20.20,20.50,20.20,20.40,25.60,21.00,21.00,21.30
TLM_RCV,-95,FG-ALPHA,1713170850,AUTO,2,33.80,5.00,-85,100.00,8.32,3.30,4.94,1048,560,132,273,22.44,1013.00,12.00,405.60,1,1713170806,GSN-01,-93,25.00,74.70,49,0,0,7.78,84,22.00,23.20,24.00,24.10,23.80,23.80,23.90,23.40,20.60,23.80,20.00,22.00,24.20,23.70,22.40,24.20,22.50,23.90,23.80,23.40,24.70,21.10,20.50,25.40,21.00,22.20,23.10,25.10,20.80,25.20,25.10,25.80,22.20,24.20,25.90,20.80,20.00,24.00,20.20,24.30,20.10,22.60,23.10,24.30,23.60,24.20,21.50,22.20,22.90,23.90,21.10,25.40,21.10,22.80,23.40,23.90,21.40,24.80,23.00,21.70,25.40,21.80,24.40,25.30
TLM_RCV,-57,FG-ALPHA,1713170851,AUTO,2,31.73,5.00,-85,99.95,8.32,3.28,4.90,0,545,131,263,22.73,1013.40,12.00,406.20,1,1713170813,GSN-01,-84,23.80,81.00,44,0,0,7.79,85,21.40,25.30,20.90,22.30,24.00,25.70,20.00,24.80,20.50,25.30,21.60,22.70,24.70,21.30,20.80,25.30,21.40,23.10,23.10,24.50,23.70,22.00,20.30,21.40,23.00,24.10,25.60,20.60,25.30,25.80,25.70,24.20,22.70,25.30,20.10,23.80,24.40,25.90,25.80,25.00,25.20,23.80,24.50,22.90,21.10,21.50,22.20,25.60,21.40,20.30,21.60,20.70,20.60,20.90,20.20,24.00,20.60,20.00,24.40,25.10,24.40,20.80,22.20,21.60
TLM_RCV,-94,FG-ALPHA,1713170852,AUTO,2,32.98,5.00,-85,99.97,8.31,3.30,4.94,886,596,140,304,21.45,1012.90,12.00,406.10,1,1713170839,GSN-01,-87,23.10,78.40,48,0,0,7.79,85,25.20,22.90,23.90,25.60,22.80,22.50,24.20,20.90,21.20,21.60,21.70,23.40,24.00,21.90,25.00,21.90,20.60,25.80,23.90,25.70,25.90,23.20,22.80,22.20,22.70,21.70,24.90,22.00,21.20,20.50,20.40,25.60,21.90,20.90,23.80,25.40,22.90,22.20,21.50,21.80,24.00,23.40,20.30,23.40,24.10,21.80,22.30,22.10,21.80,21.10,25.00,22.80,20.70,24.80,24.50,21.10,24.70,21.60,24.10,20.60,20.80,20.00,22.90,20.60
TLM_RCV,-47,FG-ALPHA,1713170853,AUTO,2,34.01,5.00,-85,100.00,8.31,3.28,4.90,830,601,139,306,21.15,1013.60,11.90,404.70,1,1713170805,GSN-01,-87,23.90,80.50,49,0,0,7.80,85,23.90,21.20,23.50,21.30,23.20,23.90,22.10,24.70,23.20,24.00,21.50,21.10,20.40,21.80,24.90,23.60,21.20,20.20,20.70,24.20,24.50,22.10,20.60,22.50,25.60,20.50,25.50,23.10,23.80,25.40,20.10,24.40,23.10,20.00,21.40,25.80,20.10,21.70,23.30,23.50,20.50,25.10,24.90,21.70,25.90,23.30,25.80,24.80,25.90,24.00,22.60,22.90,21.00,25.20,25.20,22.20,21.00,23.60,21.30,21.30,25.00,20.50,25.80,20.70
TLM_RCV,-90,FG-ALPHA,1713170854,AUTO,2,33.63,5.00,-85,99.94,8.32,3.30,4.90,0,525,118,260,22.62,1012.80,11.80,404.60,1,1713170828,GSN-01,-94,23.80,79.80,46,0,0,7.79,84,20.20,20.30,25.80,23.70,21.90,21.00,21.50,22.90,24.20,24.80,22.10,24.10,23.10,25.80,24.50,25.60,22.20,23.60,20.50,21.90,25.80,22.80,22.10,20.20,23.30,23.80,22.60,25.90,21.90,20.60,21.70,24.00,22.70,24.60,21.00,22.80,21.50,21.70,24.30,22.10,23.60,20.00,24.40,24.40,22.00,22.50,21.00,21.00,25.10,24.90,21.00,24.50,22.60,22.30,20.00,22.80,21.40,25.30,20.40,24.90,23.30,24.10,21.40,21.80
TLM_RCV,-53,FG-ALPHA,1713170855,AUTO,2,31.75,5.00,-85,99.98,8.32,3.31,4.95,929,549,105,293,21.90,1013.60,11.90,405.40,1,1713170821,GSN-01,-73,23.30,77.30,40,0,0,7.82,84,20.50,21.50,24.10,22.80,23.30,20.90,23.50,21.60,22.00,24.40,25.10,24.60,25.50,22.20,25.80,24.60,25.70,25.40,25.30,22.00,24.40,25.30,22.10,23.00,22.90,20.20,25.70,22.20,25.10,21.40,23.60,24.20,21.50,20.20,22.20,24.90,20.50,25.80,22.40,21.10,23.90,23.70,25.40,21.60,22.20,21.00,24.50,25.40,21.50,21.60,24.80,24.10,20.50,21.00,25.60,22.40,20.20,22.80,20.00,20.70,23.80,23.40,21.70,22.10
TLM_RCV,-42,FG-ALPHA,1713170856,AUTO,2,31.78,5.00,-85,100.00,8.32,3.29,4.93,953,556,138,277,21.99,1012.90,11.90,404.70,1,1713170834,GSN-01,-79,24.60,78.90,42,0,0,7.81,85,23.10,25.90,23.60,24.30,20.10,23.50,21.00,25.40,21.40,25.50,23.20,23.70,20.10,21.90,20.00,20.00,20.10,24.50,20.20,23.40,20.90,25.70,22.70,20.60,22.90,23.20,24.80,23.90,21.00,22.90,22.70,25.80,21.80,20.60,24.60,22.00,22.90,23.40,21.20,25.50,25.60,25.60,20.30,23.30,20.10,21.30,20.40,21.90,22.90,25.40,21.60,23.80,25.70,22.20,22.80,23.10,23.70,22.00,21.20,24.60,25.70,20.30,22.40,25.30
TLM_RCV,-41,FG-ALPHA,1713170857,AUTO,2,34.08,5.00,-85,99.94,8.31,3.30,4.91,0,617,130,341,23.08,1012.70,12.10,405.00,1,1713170844,GSN-01,-94,24.40,80.70,48,0,0,7.82,85,25.20,25.30,23.50,25.20,24.10,20.40,24.30,22.10,24.70,25.90,25.80,24.30,23.70,21.90,21.30,25.40,23.60,23.70,21.30,25.40,20.80,22.60,22.30,20.90,23.40,22.00,25.20,24.30,22.20,24.00,23.50,25.10,22.70,22.70,23.90,25.30,23.50,23.90,20.00,23.00,20.10,24.10,20.10,20.00,24.40,21.70,25.20,25.60,24.60,24.10,23.30,21.50,20.40,21.70,23.90,23.40,20.60,23.70,25.00,20.90,21.80,20.10,21.70,24.90
TLM_RCV,-53,FG-ALPHA,1713170858,AUTO,2,32.06,5.00,-85,99.97,8.31,3.31,4.95,954,613,132,334,21.70,1012.90,11.80,404.90,1,1713170837,GSN-01,-82,24.70,76.70,40,0,0,7.78,84,25.60,22.00,24.70,24.90,24.90,23.50,22.90,22.80,24.70,20.50,21.80,25.30,24.00,23.80,24.20,20.70,23.80,21.70,23.10,25.70,24.90,20.40,21.70,25.90,22.60,24.50,20.50,20.60,23.40,23.90,22.00,24.70,22.40,25.30,23.30,20.90,20.10,24.20,20.10,20.30,25.20,22.60,20.30,21.60,23.30,21.20,24.00,24.00,24.20,21.30,20.80,24.10,25.60,23.80,20.70,23.70,20.60,24.70,22.30,25.20,21.60,20.00,24.10,25.20
TLM_RCV,-69,FG-ALPHA,1713170859,AUTO,2,31.98,5.00,-85,100.00,8.31,3.28,4.91,897,595,145,301,21.51,1012.70,12.10,404.90,1,1713170820,GSN-01,-95,24.60,77.90,42,0,1,7.81,85,23.10,22.60,23.10,24.20,22.70,21.00,23.90,20.30,20.50,24.80,20.90,24.00,22.70,22.80,25.90,21.50,21.40,24.00,21.20,20.70,20.60,22.40,22.30,24.60,20.10,20.20,24.70,22.20,20.80,25.30,22.50,23.50,21.10,20.90,20.50,20.00,20.00,22.90,25.60,20.60,24.10,20.20,23.70,20.30,21.50,23.50,25.30,20.10,20.30,25.30,23.40,25.70,23.80,25.80,21.50,23.40,22.30,21.90,21.60,24.40,25.70,24.60,25.10,20.90
TLM_RCV,-57,FG-ALPHA,1713170860,AUTO,2,33.13,5.00,-85,100.00,8.31,3.28,4.95,931,627,131,340,21.52,1013.10,12.10,405.10,1,1713170817,GSN-01,-75,23.70,82.30,45,0,0,7.79,85,23.60,20.80,25.00,20.30,24.10,21.80,20.60,24.10,25.00,22.30,20.40,20.00,20.20,20.50,20.20,23.40,22.00,23.70,21.30,21.10,20.90,20.70,23.70,20.40,25.80,25.80,22.80,24.70,21.70,25.30,22.10,24.10,21.80,24.20,25.80,20.60,22.40,24.80,24.00,20.70,20.00,24.10,25.00,21.40,22.70,21.40,20.70,20.00,23.40,23.80,21.60,25.70,21.70,24.40,23.40,22.70,23.90,21.10,20.70,25.50,20.80,23.30,24.30,22.20
TLM_RCV,-69,FG-ALPHA,1713170861,AUTO,2,32.92,5.00,-85,100.00,8.31,3.31,4.98,1027,584,132,308,22.22,1012.70,12.00,404.50,1,1713170840,GSN-01,-83,23.90,76.00,44,0,0,7.81,85,23.50,25.70,22.70,20.30,21.80,23.90,25.00,25.60,20.80,22.70,24.50,23.70,23.00,22.40,25.80,20.50,25.80,21.30,20.50,23.30,23.20,25.20,22.60,21.90,22.90,20.20,25.70,20.70,23.70,22.90,20.30,23.80,23.50,21.70,21.30,25.50,21.50,24.40,22.00,25.30,22.20,22.20,23.70,23.50,25.10,20.40,25.40,23.50,23.30,22.30,23.20,24.30,23.90,22.90,20.00,20.20,23.70,21.10,24.20,23.00,23.40,24.70,23.90,20.50
TLM_RCV,-79,FG-ALPHA,1713170862,AUTO,2,31.77,5.00,-85,100.00,8.32,3.29,4.96,1179,555,142,259,23.12,1013.20,12.10,405.40,1,1713170835,GSN-01,-94,24.40,78.40,43,0,0,7.78,85,22.90,21.00,21.90,24.70,20.80,21.90,24.50,22.20,23.00,24.10,24.40,22.30,24.40,21.30,21.20,23.90,25.20,23.10,25.90,21.80,24.10,24.20,20.20,23.70,24.10,25.90,23.80,21.20,25.10,22.40,23.10,23.00,20.40,25.80,21.30,20.90,22.20,20.20,25.60,20.50,23.30,25.20,20.50,25.50,24.80,24.90,24.50,20.20,24.40,24.90,23.60,20.10,23.80,20.80,22.10,23.70,20.40,25.30,25.30,22.00,20.30,21.60,20.10,24.80
TLM_RCV,-57,FG-ALPHA,1713170863,AUTO,2,33.62,5.00,-85,100.00,8.32,3.30,4.99,1003,523,118,254,22.40,1013.60,12.00,404.70,1,1713170837,GSN-01,-79,25.60,82.70,45,0,0,7.80,85,23.80,21.20,21.00,24.70,23.60,21.70,20.50,24.60,23.40,22.90,21.60,25.70,22.20,23.10,23.00,22.30,20.20,21.50,24.60,22.30,25.70,21.70,23.70,22.10,24.20,25.20,25.70,22.50,22.10,22.00,21.10,20.60,22.80,22.00,25.40,25.30,25.90,22.00,25.30,23.20,24.90,20.40,22.40,23.90,23.00,21.90,20.10,20.80,23.90,24.10,20.80,25.30,20.90,21.80,23.70,25.70,24.40,24.10,24.90,24.70,25.10,23.30,20.50,20.90
TLM_RCV,-43,FG-ALPHA,1713170864,AUTO,2,33.92,5.00,-85,100.00,8.31,3.30,4.99,1163,585,110,330,22.89,1013.40,11.90,405.70,1,1713170847,GSN-01,-85,25.00,77.50,40,0,0,7.82,85,23.80,21.90,20.90,21.90,20.60,20.60,25.90,23.60,22.70,20.50,22.20,20.40,23.10,22.40,24.90,23.00,21.50,24.70,21.60,20.90,20.10,25.30,24.90,24.30,24.50,24.40,24.70,22.20,22.40,23.30,21.80,24.80,24.70,25.30,22.60,24.80,22.00,21.20,25.60,24.30,23.70,20.80,24.20,20.20,23.80,22.70,23.80,24.90,21.10,21.60,21.50,21.20,25.90,21.90,22.10,20.20,23.20,23.50,21.50,24.70,24.60,20.10,23.50,25.50
TLM_RCV,-94,FG-ALPHA,1713170865,AUTO,2,34.06,5.00,-85,100.00,8.31,3.28,4.95,846,613,145,328,21.17,1012.80,11.90,404.90,1,1713170822,GSN-01,-78,25.20,75.00,44,0,0,7.81,85,20.70,25.30,21.90,21.80,21.20,21.50,21.80,22.80,25.80,23.90,24.40,24.40,22.20,20.50,20.90,23.80,25.40,24.60,20.40,25.70,24.70,21.70,22.20,21.50,22.40,25.30,22.10,22.80,20.00,23.30,20.80,22.00,24.70,20.40,25.10,21.80,22.00,22.00,22.10,25.60,25.60,23.10,21.80,23.50,25.80,25.70,25.70,22.10,20.50,25.50,22.50,23.30,24.20,21.90,24.30,25.00,20.00,25.60,21.90,22.10,21.40,20.00,23.00,22.40
TLM_RCV,-45,FG-ALPHA,1713170866,AUTO,2,34.02,5.00,-85,100.00,8.31,3.30,4.95,1184,604,129,331,22.90,1013.20,11.80,405.20,1,1713170845,GSN-01,-73,24.50,77.60,45,0,0,7.80,84,23.40,24.90,24.30,21.10,21.60,20.00,25.00,21.70,22.90,23.90,20.10,21.40,20.70,23.10,25.10,23.20,23.30,23.70,25.80,23.10,20.40,24.30,20.60,25.60,24.20,21.50,25.20,23.20,22.00,22.00,20.00,25.10,25.30,21.20,24.90,25.40,20.50,23.30,25.60,23.20,25.60,25.50,22.20,24.30,20.90,22.70,25.80,20.70,21.80,22.20,22.10,22.20,24.10,21.00,25.60,24.00,24.40,25.70,20.00,23.90,20.70,24.80,20.40,23.50
TLM_RCV,-68,FG-ALPHA,1713170867,AUTO,2,33.78,5.00,-85,100.00,8.32,3.29,4.96,975,555,146,262,22.10,1013.00,11.90,405.70,1,1713170810,GSN-01,-88,23.50,73.60,47,0,0,7.78,84,24.90,25.20,24.60,22.10,21.20,25.90,23.00,25.60,25.10,22.20,23.80,25.10,21.20,22.20,25.40,21.80,22.10,23.30,24.70,20.40,21.50,24.20,22.90,22.30,20.50,20.70,20.80,22.50,24.40,22.50,20.80,24.20,20.60,24.00,24.40,22.40,23.90,21.40,20.70,23.50,23.30,22.30,24.80,85.30,25.80,20.60,22.60,22.80,24.70,25.10,25.70,22.10,21.80,24.70,24.00,21.80,23.60,20.50,25.40,25.00,24.80,23.50,23.90,23.90
TLM_RCV,-47,FG-ALPHA,1713170889,AUTO,2,33.87,5.00,-85,99.94,8.31,3.28,4.97,0,573,117,315,22.86,1013.00,12.00,405.50,1,1713170879,GSN-01,-89,25.50,78.70,43,0,0,7.81,84,22.00,25.70,23.30,21.90,21.10,24.80,22.00,23.40,20.00,22.20,23.40,20.70,23.50,21.80,20.70,25.30,21.70,22.20,25.40,24.60,23.70,20.80,24.90,20.50,24.00,22.80,25.00,20.20,25.50,23.10,22.60,21.00,21.10,24.20,20.20,22.00,23.60,21.00,24.50,21.40,22.30,23.30,20.80,24.60,25.30,25.70,20.30,23.40,20.80,24.40,25.60,21.00,20.40,88.90,25.40,23.10,23.40,23.50,24.90,24.90,20.20,25.10,20.40,21.90
TLM_RCV,-49,FG-ALPHA,1713170890,AUTO,2,31.93,5.00,-85,99.99,8.31,3.30,4.96,1101,587,100,334,22.57,1013.20,11.90,404.60,1,1713170853,GSN-01,-88,25.00,73.50,49,0,0,7.82,85,23.90,24.50,25.10,23.50,21.60,22.20,20.00,23.00,23.30,22.40,23.20,24.60,23.10,24.90,21.40,21.40,22.60,22.50,25.50,25.30,24.10,22.40,23.90,20.90,22.40,21.80,23.80,21.00,22.30,20.20,23.00,22.20,23.40,21.00,24.30,24.30,20.80,24.30,22.90,21.70,21.70,22.60,20.80,23.50,22.00,22.60,24.80,23.40,25.20,24.80,23.30,20.90,25.00,23.80,21.20,24.00,21.90,24.70,25.00,21.90,23.50,23.90,21.50,23.80
TLM_RCV,-44,FG-ALPHA,1713170891,AUTO,2,34.03,5.00,-85,100.00,8.31,3.29,4.90,814,605,104,342,21.05,1012.90,12.00,404.50,1,1713170836,GSN-01,-95,24.50,74.80,41,0,0,7.79,85,22.20,24.00,22.10,25.30,25.80,20.30,25.10,23.70,20.30,24.20,22.80,23.00,22.50,22.70,22.80,22.20,20.40,25.70,21.90,20.90,21.10,25.40,25.60,24.80,23.40,23.90,20.60,23.60,24.60,24.40,22.30,23.00,23.70,21.70,25.20,20.80,20.50,20.10,20.30,23.50,25.40,24.10,21.10,24.70,20.40,20.50,25.40,23.30,21.10,23.30,21.60,20.20,22.90,20.10,23.40,25.60,22.70,25.40,25.20,25.60,20.50,20.90,20.40,25.20
TLM_RCV,-72,FG-ALPHA,1713170892,AUTO,2,33.06,5.00,-85,100.00,8.31,3.30,4.91,894,612,117,339,21.41,1013.10,12.10,405.00,1,1713170835,GSN-01,-77,24.80,81.10,44,0,0,7.81,85,23.10,21.30,23.80,20.90,25.00,21.40,20.40,24.90,25.50,20.80,25.80,25.60,21.10,25.20,21.00,22.20,23.70,21.60,20.00,22.00,23.40,24.20,21.00,25.10,25.20,25.10,21.30,20.60,20.90,22.70,20.90,22.80,25.80,25.60,22.10,23.80,23.80,24.00,25.30,20.50,25.10,20.30,22.00,22.90,20.70,21.60,21.90,22.50,22.70,23.30,25.50,20.80,24.60,20.00,25.30,21.10,23.50,23.10,21.80,25.10,22.30,23.60,23.10,22.10
TLM_RCV,-80,FG-ALPHA,1713170893,AUTO,2,34.07,5.00,-85,100.00,8.31,3.29,4.96,858,614,127,330,21.22,1013.50,11.80,405.00,1,1713170877,GSN-01,-88,25.60,78.60,47,0,0,7.81,84,22.00,22.20,22.40,21.40,25.90,23.30,21.70,22.70,21.20,25.90,20.10,22.30,24.80,23.80,21.90,25.70,22.20,20.70,24.00,24.60,22.80,25.00,24.00,25.10,23.00,25.50,21.40,25.20,21.20,21.70,21.30,22.60,20.80,20.60,23.20,22.30,20.30,25.50,23.80,21.20,22.80,21.10,25.40,20.90,20.60,23.30,22.90,22.40,21.50,25.40,20.00,22.30,23.90,20.70,22.60,24.00,20.90,20.60,20.20,20.10,25.80,20.00,23.40,20.60
TLM_RCV,-49,FG-ALPHA,1713170894,AUTO,2,33.83,5.00,-85,99.94,8.31,3.31,4.97,0,565,140,271,22.83,1012.70,12.10,405.90,1,1713170836,GSN-01,-87,23.10,73.20,46,0,0,7.80,84,20.70,23.90,22.70,21.00,22.20,21.40,25.80,22.70,20.90,20.30,24.70,22.70,23.60,21.30,24.80,21.40,20.90,20.20,21.60,24.20,20.40,24.40,22.30,24.90,21.50,20.90,22.70,20.70,21.80,21.30,25.60,25.90,21.20,22.10,20.70,23.70,20.80,21.20,23.70,22.70,22.40,24.40,21.20,22.00,23.80,20.70,21.80,24.30,24.00,24.80,24.40,22.90,20.50,20.30,21.70,83.40,25.60,25.70,24.30,23.60,23.00,23.40,22.20,23.70
TLM_RCV,-42,FG-ALPHA,1713170895,AUTO,2,32.90,5.00,-85,100.00,8.31,3.28,4.95,1152,580,108,330,22.86,1012.70,11.90,405.70,1,1713170871,GSN-01,-84,23.40,78.00,43,0,0,7.81,84,24.10,21.40,23.30,21.40,23.10,20.40,24.10,22.20,23.60,24.30,25.00,25.40,23.30,24.80,22.50,21.00,21.20,24.60,22.50,22.40,20.20,22.60,21.00,23.00,25.20,23.10,24.20,20.70,25.00,22.60,23.10,22.20,23.50,24.70,24.60,23.40,23.40,23.70,24.60,25.80,23.10,20.00,25.50,22.70,25.10,20.70,22.10,20.40,24.30,22.80,23.20,20.90,21.60,23.50,21.90,24.20,22.40,24.80,25.60,22.20,25.00,23.10,21.30,25.80
TLM_RCV,-71,FG-ALPHA,1713170896,AUTO,2,32.73,5.00,-85,100.00,8.32,3.29,4.94,1145,546,121,282,22.99,1013.00,11.80,406.10,1,1713170864,GSN-01,-78,23.10,75.50,43,0,0,7.79,84,23.40,21.00,23.50,23.20,20.70,22.10,20.70,20.00,21.00,24.40,22.70,20.10,21.30,25.70,22.60,21.90,24.40,24.30,21.20,25.70,23.10,25.20,24.40,23.20,22.20,20.60,21.90,22.90,23.70,25.90,21.60,20.20,23.80,25.10,21.90,24.00,20.30,24.90,23.50,22.00,20.50,20.50,23.50,24.20,24.30,21.70,23.00,23.20,22.20,22.40,22.30,24.70,21.00,22.60,25.50,25.30,22.30,25.80,21.70,24.70,23.10,24.50,25.90,22.90
TLM_RCV,-59,FG-ALPHA,1713170897,AUTO,2,33.03,5.00,-85,100.00,8.31,3.30,4.98,892,607,125,337,21.42,1013.00,12.10,405.10,1,1713170853,GSN-01,-78,23.30,76.90,44,0,0,7.79,85,22.50,21.20,23.60,20.70,20.50,20.50,22.00,22.30,24.40,24.00,21.60,24.20,20.50,25.40,22.60,23.00,23.70,23.30,24.60,24.70,23.40,25.60,25.70,23.30,24.50,23.90,21.00,20.60,21.40,25.10,23.40,25.70,25.50,21.20,22.80,21.60,20.40,23.00,25.60,22.70,23.90,23.00,23.00,24.50,24.90,21.80,21.70,23.50,25.10,20.50,25.10,23.10,25.00,23.20,22.70,25.00,21.00,22.10,24.50,20.60,25.90,25.70,23.40,25.00
TLM_RCV,-70,FG-ALPHA,1713170898,AUTO,2,33.69,5.00,-85,99.95,8.32,3.28,4.90,0,538,130,253,22.69,1013.20,11.80,405.10,1,1713170843,GSN-01,-71,25.30,75.90,44,0,0,7.82,84,25.80,21.80,20.20,23.30,24.00,25.40,22.50,24.30,25.80,23.40,24.00,21.60,23.00,23.40,24.40,24.00,24.70,22.70,22.10,24.90,20.10,22.90,22.10,21.90,23.00,24.80,21.60,25.50,25.40,25.70,23.00,25.70,21.80,20.30,24.10,21.20,24.30,24.50,23.00,23.10,23.40,23.00,24.40,25.20,23.10,25.10,21.10,21.50,24.70,25.80,22.60,21.60,21.90,25.90,21.80,23.90,24.90,25.60,22.80,25.80,25.40,21.40,20.70,20.80
TLM_RCV,-89,FG-ALPHA,1713170899,AUTO,2,31.87,5.00,-85,100.00,8.31,3.28,4.93,1143,574,117,308,22.84,1013.20,12.00,406.20,1,1713170889,GSN-01,-85,25.70,73.70,41,0,0,7.80,85,25.20,25.00,23.60,25.40,23.70,24.00,20.20,23.80,21.80,23.30,21.30,22.80,23.40,24.00,21.00,23.30,24.90,24.60,22.20,24.10,22.50,23.00,24.50,25.20,22.50,23.80,25.20,22.10,25.40,22.50,22.00,22.40,24.80,23.20,20.50,23.40,23.80,25.40,23.50,22.00,22.80,24.00,22.40,20.30,21.70,20.20,24.90,21.20,20.70,21.00,21.60,22.40,25.00,25.80,20.20,22.90,25.00,24.80,21.10,20.50,21.80,25.10,23.20,25.60
TLM_RCV,-59,FG-ALPHA,1713170900,AUTO,2,31.92,5.00,-85,100.00,8.31,3.30,4.93,812,585,139,304,21.14,1012.90,11.90,404.60,1,1713170879,GSN-01,-85,25.90,80.60,40,0,0,7.80,84,25.60,25.30,24.70,25.30,23.50,24.10,21.20,22.10,20.60,22.60,25.50,23.20,24.80,22.50,25.30,21.20,25.40,24.00,25.00,20.30,24.10,24.60,21.30,20.90,25.70,23.80,25.20,24.80,21.90,22.00,21.10,20.30,22.00,23.00,21.00,20.50,25.50,25.80,23.90,25.10,24.50,24.00,24.00,20.30,24.30,25.80,25.20,20.70,22.70,20.60,22.20,22.30,24.00,23.40,22.90,20.50,21.10,21.70,22.90,24.80,23.30,24.90,22.20,24.60
TLM_RCV,-57,FG-ALPHA,1713170901,AUTO,2,31.75,5.00,-85,100.00,8.32,3.28,4.95,1143,551,106,287,22.96,1013.60,11.80,404.80,1,1713170888,GSN-01,-82,23.20,80.80,41,0,0,7.79,85,22.80,20.00,21.20,20.40,21.90,24.70,23.40,25.00,24.00,20.30,21.30,24.40,20.70,20.80,25.60,24.90,21.70,21.50,24.60,22.30,25.50,23.10,20.30,25.40,24.40,20.40,21.40,21.80,25.30,21.00,21.20,21.30,20.40,23.40,20.50,24.50,21.50,20.40,25.00,24.60,23.60,22.60,24.30,25.70,25.40,22.20,21.00,24.20,22.10,21.50,24.20,23.60,21.80,22.00,23.70,21.20,20.00,22.90,21.30,25.00,23.50,24.90,20.80,23.10
TLM_RCV,-52,FG-ALPHA,1713170902,AUTO,2,32.92,5.00,-85,99.94,8.31,3.31,4.90,0,583,109,328,22.92,1013.10,12.10,406.20,1,1713170861,GSN-01,-85,24.80,73.80,47,0,0,7.82,84,24.10,20.10,24.50,21.90,20.00,22.30,21.80,22.20,25.70,21.10,23.20,21.20,24.10,21.90,23.40,20.80,22.30,20.20,20.70,21.30,24.20,21.70,23.70,22.20,23.70,23.70,22.40,24.90,25.10,24.60,20.70,24.70,22.60,24.80,23.10,22.60,23.20,22.90,20.80,22.80,23.90,20.10,25.30,23.70,22.30,25.70,22.10,21.10,21.80,23.30,21.00,23.80,25.40,20.60,25.60,20.50,23.60,21.00,23.80,25.00,22.70,25.30,21.30,20.60
TLM_RCV,-41,FG-ALPHA,1713170903,AUTO,2,33.05,5.00,-85,99.88,8.31,3.29,4.90,0,610,126,330,23.05,1013.10,11.90,406.20,1,1713170844,GSN-01,-85,25.80,82.20,41,0,0,7.78,85,25.30,20.00,25.00,21.50,24.90,24.30,23.80,22.40,22.30,21.00,20.10,25.60,22.50,25.90,21.70,25.40,21.40,21.60,20.70,22.70,25.00,20.70,20.10,23.80,25.90,24.20,24.40,22.00,20.20,22.20,24.80,22.50,20.60,24.30,22.20,25.10,25.70,25.50,25.60,21.30,25.80,23.10,21.00,20.90,22.50,21.20,25.50,20.10,23.70,20.50,25.90,20.60,21.70,24.90,22.30,22.10,20.20,21.40,21.60,20.30,25.70,22.00,22.00,22.50
TLM_RCV,-90,FG-ALPHA,1713170904,AUTO,2,32.81,5.00,-85,99.91,8.31,3.30,4.94,886,562,144,274,21.62,1012.90,11.80,405.70,1,1713170861,GSN-01,-92,24.40,81.10,49,0,0,7.82,85,20.60,20.10,21.80,24.30,21.10,25.10,21.00,24.20,22.70,23.70,21.50,24.90,23.30,22.10,24.40,24.00,23.10,22.30,24.40,20.90,20.00,21.50,20.90,25.30,23.50,25.90,25.50,21.20,22.10,24.70,25.90,21.80,23.90,21.00,23.80,21.00,24.00,23.40,21.40,22.90,24.10,24.10,25.00,22.20,22.50,20.50,20.00,22.70,22.70,25.60,22.80,25.60,20.80,23.40,24.30,23.40,22.80,24.30,25.30,22.90,24.00,21.90,24.30,25.70
TLM_RCV,-90,FG-ALPHA,1713170905,AUTO,2,32.80,5.00,-85,99.96,8.31,3.29,4.99,993,560,137,274,22.17,1013.10,12.00,404.60,1,1713170873,GSN-01,-88,24.70,74.90,42,0,0,7.80,85,24.90,23.70,22.10,21.40,20.40,20.80,24.10,20.60,24.70,20.90,24.10,21.70,21.70,21.20,21.00,25.90,22.00,20.50,24.20,24.90,21.20,22.80,21.00,24.60,20.10,20.30,20.20,23.60,22.70,23.20,21.50,22.50,21.10,24.90,23.20,22.20,22.60,25.60,20.90,22.40,24.50,24.40,20.90,25.50,22.60,25.70,22.10,21.30,21.40,20.70,23.50,21.60,24.60,24.20,25.10,21.20,23.60,24.40,25.50,23.90,25.70,21.50,25.00,21.00
TLM_RCV,-78,FG-ALPHA,1713170906,AUTO,2,31.75,5.00,-85,100.00,8.32,3.30,4.99,1050,550,114,286,22.50,1013.10,12.10,404.50,1,1713170881,GSN-01,-88,25.30,81.00,40,0,0,7.80,85,25.70,21.20,20.30,21.50,22.30,22.60,22.70,23.30,24.80,21.60,24.20,21.30,20.10,24.90,24.60,24.60,22.70,20.40,25.60,20.00,22.00,22.80,23.70,25.00,21.70,24.40,23.30,22.40,21.50,25.30,23.40,24.90,24.80,20.70,22.30,25.70,25.80,21.30,22.20,22.00,20.30,25.40,20.30,21.90,24.00,24.50,23.90,24.30,20.90,21.00,22.60,20.50,24.60,24.50,22.40,21.10,21.70,22.00,20.70,20.80,20.00,22.90,25.70,25.80
TLM_RCV,-73,FG-ALPHA,1713170907,AUTO,2,32.72,5.00,-85,99.95,8.32,3.28,4.93,0,545,137,268,22.73,1013.20,12.00,406.40,1,1713170866,GSN-01,-71,25.50,81.00,43,0,0,7.78,85,21.40,25.10,24.20,24.90,22.20,24.50,24.10,20.80,21.20,20.40,23.70,22.20,20.70,24.00,24.40,20.80,23.00,25.80,20.50,22.70,20.40,20.20,20.50,25.40,20.90,21.70,22.70,22.20,22.80,25.00,22.40,20.20,25.50,25.70,23.80,20.90,22.70,23.70,21.40,23.30,20.60,25.40,24.90,24.60,20.50,25.90,22.80,23.70,21.50,20.20,24.10,25.80,22.20,21.40,23.70,23.60,22.10,25.60,22.00,24.60,25.30,22.30,21.50,25.10
TLM_RCV,-59,FG-ALPHA,1713170908,AUTO,2,31.77,5.00,-85,100.00,8.32,3.29,4.91,1159,554,142,268,23.02,1012.90,12.10,404.50,1,1713170854,GSN-01,-88,25.10,82.80,48,0,0,7.78,84,22.40,23.20,23.20,23.00,22.00,21.00,24.30,20.30,20.10,25.50,20.20,23.00,23.60,24.80,21.60,20.50,25.30,24.30,23.30,24.80,21.70,23.50,22.50,24.00,25.80,24.30,24.50,21.60,21.00,22.20,25.40,20.50,20.70,20.90,22.10,25.10,20.30,25.70,22.50,22.20,23.70,25.30,25.40,20.20,21.20,21.10,20.50,25.40,25.50,22.20,24.10,24.30,25.40,21.40,22.30,22.20,22.80,24.30,23.40,25.00,25.10,22.70,21.10,23.00
TLM_RCV,-67,FG-ALPHA,1713170909,AUTO,2,34.11,5.00,-85,99.94,8.31,3.31,4.92,0,622,129,342,23.11,1012.70,12.10,405.90,1,1713170857,GSN-01,-91,24.60,81.90,46,0,1,7.78,85,24.70,24.20,25.00,22.80,22.30,22.60,25.20,22.10,22.90,22.70,23.00,24.00,21.30,20.20,24.00,24.50,25.30,24.00,25.40,21.80,24.20,25.30,21.00,23.30,25.20,24.80,21.80,24.20,24.40,22.30,23.60,24.40,22.20,22.00,25.40,20.50,21.70,24.70,24.50,23.20,20.60,25.00,20.60,21.20,25.00,22.60,20.40,24.60,20.50,23.50,23.80,23.60,23.60,25.40,21.90,20.00,20.70,22.60,25.00,22.70,23.40,23.90,23.90,20.00
TLM_RCV,-84,FG-ALPHA,1713170910,AUTO,2,33.15,5.00,-85,99.98,8.31,3.28,4.99,1068,629,135,341,22.19,1013.10,12.10,404.70,1,1713170874,GSN-01,-76,23.60,75.20,44,0,0,7.80,85,21.40,23.50,24.50,20.90,24.90,24.40,21.20,20.00,24.40,21.40,23.30,20.70,22.70,25.90,23.20,23.70,22.90,24.40,25.60,24.10,23.20,25.30,23.10,22.90,20.00,24.00,23.10,20.00,24.30,22.20,20.20,21.60,20.80,21.10,25.90,24.10,23.90,22.90,21.00,25.20,23.90,25.80,23.90,20.60,25.20,20.40,20.10,22.30,21.80,21.70,22.80,21.90,25.70,23.90,20.30,23.20,21.30,23.00,24.60,25.40,23.50,23.10,22.30,25.40
TLM_RCV,-93,FG-ALPHA,1713170911,AUTO,2,32.97,5.00,-85,100.00,8.31,3.28,4.93,815,594,136,314,21.10,1013.50,11.90,405.90,1,1713170895,GSN-01,-71,24.10,75.70,48,0,0,7.82,84,22.30,20.20,20.80,20.10,23.90,23.20,23.80,24.70,20.90,25.70,20.90,23.30,24.20,22.50,24.40,21.80,25.70,21.00,22.40,25.40,22.50,21.80,20.50,24.30,22.40,22.20,23.20,20.70,23.30,21.40,23.90,24.90,23.10,23.10,22.90,24.90,20.10,20.60,24.80,23.30,24.00,24.40,23.00,25.80,22.80,20.60,23.20,25.30,22.10,23.70,25.50,23.60,24.40,21.80,21.60,21.70,25.20,24.60,20.00,23.50,22.90,25.80,23.90,23.50
TLM_RCV,-48,FG-ALPHA,1713170912,AUTO,2,31.94,5.00,-85,99.94,8.31,3.29,4.91,0,588,123,313,22.94,1012.80,11.90,404.60,1,1713170853,GSN-01,-85,23.40,81.60,47,0,0,7.78,84,23.90,24.90,23.40,23.80,23.70,21.30,21.10,21.30,21.60,24.80,20.80,20.20,20.30,24.50,24.40,20.70,24.60,21.50,22.70,22.50,24.80,25.50,22.20,22.10,22.70,25.50,22.70,24.10,23.80,22.60,22.10,25.50,25.60,21.20,22.70,22.30,24.10,21.70,25.50,21.10,24.90,21.40,25.40,23.90,25.70,24.50,22.50,20.90,20.20,22.60,23.50,25.00,23.70,25.20,20.40,21.40,21.70,22.90,23.80,20.80,21.20,24.60,22.30,20.20
TLM_RCV,-52,FG-ALPHA,1713170913,AUTO,2,33.73,5.00,-85,99.99,8.32,3.29,4.99,1012,546,114,280,22.33,1012.90,11.80,406.40,1,1713170872,GSN-01,-92,23.70,81.00,45,0,0,7.81,84,23.00,24.30,22.90,23.00,25.00,22.00,20.40,24.40,23.20,22.90,21.00,21.40,21.30,25.90,23.50,20.10,21.30,24.60,24.90,21.60,24.20,25.60,23.10,23.70,20.10,23.40,25.90,25.00,20.20,23.40,24.30,23.80,22.00,22.90,24.40,24.20,25.10,20.10,21.10,23.90,23.80,23.90,20.10,20.20,24.90,25.80,22.90,23.60,21.40,24.40,24.00,21.80,21.00,20.60,22.60,21.20,21.80,25.10,20.10,23.20,23.70,23.10,25.10,25.40
TLM_RCV,-57,FG-ALPHA,1713170914,AUTO,2,31.79,5.00,-85,100.00,8.32,3.28,4.91,1081,558,110,296,22.61,1013.20,12.10,405.20,1,1713170874,GSN-01,-71,23.40,80.10,47,0,0,7.81,85,21.00,21.60,22.50,20.10,21.20,20.30,21.60,22.10,25.50,25.00,22.20,22.60,25.30,25.10,24.00,20.10,22.10,21.60,20.00,22.80,22.70,20.90,25.90,22.00,24.00,25.50,22.30,22.30,24.80,25.00,72.80,21.30,25.40,23.00,20.10,21.20,20.20,23.20,22.30,24.60,23.20,24.30,25.70,20.60,25.80,20.20,23.20,24.30,20.90,24.20,21.80,24.70,22.40,21.00,21.60,21.70,21.30,23.00,21.00,20.90,20.00,23.40,20.10,20.90
TLM_RCV,-59,FG-ALPHA,1713170915,AUTO,2,33.68,5.00,-85,100.00,8.32,3.30,4.92,1013,536,129,251,22.39,1013.20,12.10,404.70,1,1713170857,GSN-01,-71,24.30,74.70,47,0,0,7.80,85,22.70,22.80,21.60,25.30,20.40,21.40,21.40,23.70,20.60,22.30,22.50,21.20,24.70,20.40,22.90,25.10,23.50,22.00,20.40,23.10,22.10,20.00,21.60,22.00,20.30,22.00,20.30,25.00,21.00,25.00,22.80,22.90,20.50,20.60,24.20,24.50,20.80,23.70,22.30,25.00,21.40,25.10,25.20,20.40,23.80,25.10,21.80,25.80,20.90,21.70,20.40,21.20,21.10,23.80,22.00,22.10,24.70,23.90,23.00,25.10,20.40,21.90,20.50,20.80
TLM_RCV,-65,FG-ALPHA,1713170916,AUTO,2,34.01,5.00,-85,99.94,8.31,3.31,4.94,0,602,113,347,23.01,1013.50,11.80,406.30,1,1713170859,GSN-01,-75,25.80,74.90,45,0,0,7.79,85,24.80,21.60,20.50,21.40,24.30,25.60,22.80,22.70,22.40,21.20,20.90,25.80,21.80,21.40,25.70,22.40,25.00,22.60,25.10,21.90,20.10,21.80,21.70,24.30,22.90,22.40,20.30,23.10,22.60,25.60,25.10,24.60,24.20,21.70,22.60,21.10,23.30,20.10,20.20,21.20,23.70,20.80,20.70,23.20,20.90,21.00,25.90,22.90,21.80,21.00,21.90,25.30,24.10,25.90,22.00,21.80,25.60,21.70,20.70,21.10,21.50,24.30,22.90,20.50
TLM_RCV,-41,FG-ALPHA,1713170917,AUTO,2,32.01,5.00,-85,99.99,8.31,3.30,4.92,1106,601,109,339,22.52,1013.20,12.10,405.60,1,1713170903,GSN-01,-83,24.80,75.00,46,1,0,7.82,85,25.40,23.00,22.50,24.30,22.70,25.90,25.20,21.40,20.50,22.20,21.90,23.70,22.80,24.40,20.80,25.80,22.70,22.00,20.20,24.30,24.60,21.50,20.20,24.70,20.40,24.00,25.90,20.70,25.80,20.40,22.10,22.20,22.30,24.10,21.40,23.80,20.60,24.10,24.60,21.80,20.80,22.40,23.70,22.30,20.20,20.30,21.20,20.40,20.00,25.10,23.90,20.80,24.60,24.10,22.60,25.50,25.30,25.40,23.30,22.20,20.30,22.10,85.00,25.60
TLM_RCV,-66,FG-ALPHA,1713170918,AUTO,2,33.04,5.00,-85,100.00,8.31,3.28,4.90,1009,608,119,341,22.00,1013.00,11.90,405.60,1,1713170859,GSN-01,-75,24.50,75.30,44,0,0,7.79,85,21.30,25.00,24.80,23.30,23.50,20.40,20.90,25.10,21.70,23.20,25.70,23.50,23.80,23.00,24.30,23.90,21.10,23.90,25.40,25.70,21.40,22.50,23.50,20.50,24.20,25.60,22.30,21.30,20.80,22.00,21.60,21.30,21.30,23.40,25.90,22.70,22.80,24.60,23.20,22.10,24.60,20.40,25.90,23.10,21.20,20.10,20.50,22.40,23.00,22.80,23.00,24.20,22.00,20.20,20.70,25.80,21.30,22.70,20.40,22.30,20.90,25.10,25.10,24.50
TLM_RCV,-58,FG-ALPHA,1713170919,AUTO,2,32.65,5.00,-85,100.00,8.32,3.30,4.90,891,531,115,258,21.80,1013.30,11.90,405.60,1,1713170905,GSN-01,-89,25.80,80.50,42,0,0,7.80,84,24.50,23.40,24.40,25.00,24.30,23.30,23.90,24.50,24.60,20.30,24.50,23.70,22.50,23.20,25.80,22.10,21.80,24.80,24.90,24.50,23.90,23.10,21.60,24.20,25.00,21.30,22.80,25.20,25.20,22.30,25.40,24.80,25.40,25.20,21.70,22.50,23.10,24.10,24.30,23.80,21.20,23.30,20.10,25.00,24.20,24.10,21.90,23.20,21.80,21.40,25.50,24.80,21.80,20.70,21.60,22.10,20.30,22.50,22.70,25.00,21.10,22.90,24.20,20.70
TLM_RCV,-90,FG-ALPHA,1713170920,AUTO,2,33.21,5.00,-85,100.00,8.30,3.29,4.92,1031,642,148,345,21.94,1013.20,12.10,405.60,1,1713170865,GSN-01,-82,24.10,78.80,41,0,0,7.78,85,25.50,23.70,25.60,24.50,25.40,22.30,22.80,21.80,22.10,21.30,25.30,24.00,21.30,22.20,22.70,21.60,21.10,20.50,24.90,20.20,22.30,22.20,23.60,25.80,22.20,22.20,25.00,21.90,21.20,22.40,22.60,23.70,25.90,22.80,24.00,23.80,25.10,24.80,20.60,23.50,25.80,25.70,24.60,21.70,25.70,25.70,20.70,21.50,25.50,22.50,23.20,25.10,21.10,23.30,20.80,24.20,22.30,22.80,24.20,23.60,20.00,21.90,22.50,21.50
TLM_RCV,-95,FG-ALPHA,1713170921,AUTO,2,33.02,5.00,-85,100.00,8.31,3.28,4.96,1195,604,123,324,22.95,1013.60,11.90,405.60,1,1713170884,GSN-01,-85,23.10,81.60,48,0,0,7.81,84,23.30,22.80,24.60,25.00,23.70,20.30,25.70,24.90,24.50,20.20,20.70,20.80,23.50,25.40,25.70,22.10,20.20,23.10,24.90,21.20,22.40,25.20,25.80,25.00,23.90,20.40,22.70,21.60,21.20,25.70,24.10,21.40,25.00,22.00,22.50,25.40,25.00,22.00,20.20,24.50,20.30,22.20,23.90,25.30,21.90,24.80,23.10,25.80,22.20,24.20,23.50,21.60,21.30,25.20,21.90,23.40,25.30,20.10,20.60,21.80,25.60,23.20,25.90,21.10
TLM_RCV,-80,FG-ALPHA,1713170922,AUTO,2,33.85,5.00,-85,100.00,8.31,3.30,4.98,881,571,132,288,21.55,1012.80,12.10,404.80,1,1713170865,GSN-01,-83,24.80,78.70,43,0,0,7.79,84,22.00,21.20,24.20,25.40,24.30,21.00,23.20,20.10,21.00,20.90,25.60,23.00,25.20,21.50,20.50,22.00,23.90,24.40,25.20,24.90,22.60,22.90,21.00,24.00,22.90,25.80,24.60,22.80,24.80,23.30,22.00,25.10,23.10,24.50,23.40,24.90,25.20,23.80,22.50,21.60,20.90,22.40,25.90,25.90,21.70,23.50,25.40,20.90,21.40,22.20,23.60,21.40,20.10,21.80,23.20,22.20,22.30,20.20,21.30,22.00,21.80,24.90,20.30,22.80
TLM_RCV,-42,FG-ALPHA,1713170923,AUTO,2,33.99,5.00,-85,100.00,8.31,3.31,4.97,1168,597,140,300,22.85,1013.40,11.80,405.90,1,1713170898,GSN-01,-93,23.00,82.20,44,1,0,7.80,84,25.10,21.40,23.80,22.80,22.70,20.10,24.20,23.20,25.00,22.70,21.60,24.30,22.50,24.20,23.70,20.40,25.10,23.30,20.80,23.60,21.10,23.40,22.60,21.10,22.80,23.60,20.60,24.50,21.00,24.30,23.40,22.60,25.00,22.90,25.40,22.90,20.70,22.70,22.00,23.50,20.50,24.50,24.30,25.70,25.00,22.50,24.90,22.50,21.30,21.60,21.20,24.70,23.10,21.60,24.20,22.00,23.90,25.30,20.40,25.40,23.10,21.80,21.20,20.60
TLM_RCV,-80,FG-ALPHA,1713170924,AUTO,2,33.69,5.00,-85,100.00,8.32,3.31,4.99,1154,537,124,271,23.08,1012.90,12.00,405.60,1,1713170913,GSN-01,-84,24.50,81.20,46,0,0,7.80,84,20.50,21.50,22.60,24.00,21.50,23.00,25.00,24.10,21.20,20.00,24.90,24.60,21.60,23.60,24.00,20.90,25.80,22.60,23.80,22.30,21.60,23.80,25.50,20.80,25.10,25.20,25.10,23.80,21.00,23.70,23.50,25.50,20.10,22.50,24.20,21.10,21.80,25.30,21.70,21.70,25.50,23.10,23.00,21.60,22.40,22.80,22.00,21.30,22.40,23.70,22.90,23.40,22.60,21.40,25.40,25.90,22.20,25.20,21.70,23.20,24.90,22.70,25.20,25.90
TLM_RCV,-92,FG-ALPHA,1713170925,AUTO,2,33.71,5.00,-85,99.95,8.32,3.29,4.90,0,542,124,260,22.71,1012.70,11.90,404.60,1,1713170869,GSN-01,-80,23.10,74.50,43,0,0,7.81,84,22.60,21.80,20.90,23.10,22.20,24.80,25.60,23.40,21.40,25.70,23.00,22.90,22.00,21.50,20.90,21.60,20.70,23.60,21.50,22.30,22.90,24.10,22.30,22.20,20.60,24.20,21.00,21.20,25.10,23.00,20.20,21.20,22.40,24.10,21.10,22.10,21.20,23.30,20.90,25.60,24.10,23.30,21.50,25.40,22.70,20.60,21.90,20.90,22.40,25.30,21.70,23.50,20.50,20.70,24.10,22.20,25.90,24.80,21.00,22.10,23.00,20.40,20.40,21.20
TLM_RCV,-51,FG-ALPHA,1713170926,AUTO,2,33.70,5.00,-85,99.89,8.32,3.31,4.98,0,540,108,287,22.70,1013.50,11.90,405.00,1,1713170884,GSN-01,-95,23.10,73.60,41,0,0,7.82,84,25.80,20.20,24.70,22.70,20.60,25.50,21.10,25.80,20.40,24.30,23.20,25.70,23.00,24.50,24.50,21.80,25.00,24.00,23.00,25.40,25.10,22.40,25.50,25.50,21.70,24.30,21.20,25.40,20.20,25.00,24.90,22.50,20.60,22.50,23.70,20.40,20.90,23.70,25.80,25.30,25.90,25.20,21.20,20.10,20.20,24.40,21.60,24.90,20.60,22.90,22.50,23.00,20.40,24.50,22.40,24.80,22.80,23.90,20.40,21.70,23.50,23.30,21.70,25.10
TLM_RCV,-75,FG-ALPHA,1713170927,AUTO,2,31.73,5.00,-85,99.94,8.32,3.30,4.98,1047,546,112,276,22.50,1012.90,12.10,404.70,1,1713170889,GSN-01,-82,24.60,82.30,46,0,1,7.82,84,22.20,25.00,20.10,21.50,23.60,22.40,22.00,20.80,21.70,24.70,24.90,25.50,23.20,25.70,25.50,21.50,24.30,25.60,20.70,24.80,25.40,21.40,21.00,25.60,20.70,24.90,23.40,24.00,21.30,23.10,20.60,21.10,22.10,24.90,21.50,24.50,23.70,24.80,24.80,25.40,25.40,22.80,24.10,23.00,21.50,21.60,25.90,21.30,23.20,20.80,25.90,22.90,22.90,21.00,23.50,20.20,24.90,21.10,21.40,21.90,23.30,21.10,23.90,22.10
TLM_RCV,-50,FG-ALPHA,1713170928,AUTO,2,31.61,5.00,-85,100.00,8.32,3.30,4.96,1117,522,114,254,22.98,1012.80,11.90,405.00,1,1713170905,GSN-01,-81,23.30,79.80,40,1,0,7.78,84,22.30,21.40,24.90,23.20,25.30,22.50,23.10,21.70,21.60,22.00,25.40,24.30,25.80,20.70,25.30,23.50,23.20,23.50,21.50,23.90,25.70,23.90,25.90,23.40,20.10,25.60,20.90,22.20,24.90,24.40,21.90,22.70,24.00,23.10,23.70,24.10,25.30,22.30,20.60,24.20,23.60,20.30,22.80,20.50,23.40,25.90,22.00,21.90,22.40,23.90,25.10,21.40,20.70,22.50,20.00,24.20,23.90,24.90,25.40,21.00,20.10,24.90,20.20,20.00
TLM_RCV,-73,FG-ALPHA,1713170929,AUTO,2,31.80,5.00,-85,99.94,8.31,3.31,4.98,0,560,105,300,22.80,1013.10,12.00,404.50,1,1713170877,GSN-01,-74,23.60,82.80,49,1,0,7.78,84,21.30,23.60,25.00,23.80,20.70,24.70,23.30,24.70,20.90,20.50,25.90,20.40,21.00,23.10,25.40,21.80,22.00,21.40,25.20,23.60,22.00,23.00,23.40,22.10,24.90,22.90,24.30,23.30,20.80,24.30,24.30,22.60,25.90,21.00,22.80,21.80,21.90,25.50,22.40,24.10,24.30,23.00,20.00,21.50,24.00,23.30,25.40,21.50,24.70,24.90,21.20,21.20,22.50,24.00,24.10,21.50,23.20,22.20,22.50,22.10,23.50,24.30,23.60,23.40
TLM_RCV,-68,FG-ALPHA,1713170951,AUTO,2,31.93,5.00,-85,100.00,8.31,3.28,4.96,972,586,112,332,21.93,1013.10,11.90,405.90,1,1713170893,GSN-01,-77,24.20,74.40,43,0,0,7.82,85,23.10,23.70,22.40,20.60,20.00,23.30,20.50,21.40,24.20,24.10,23.90,23.00,23.50,20.90,25.00,21.30,24.80,23.70,22.70,25.30,24.80,20.50,25.00,20.30,24.50,20.70,21.60,25.30,23.20,20.00,20.90,20.60,25.70,22.60,24.60,23.40,21.70,22.90,20.90,23.70,22.20,21.80,25.30,24.90,22.30,25.70,21.80,25.00,23.00,25.80,24.40,25.50,24.20,24.90,24.80,21.90,25.30,20.20,25.90,20.30,23.50,25.90,24.70,20.00
TLM_RCV,-62,FG-ALPHA,1713170952,AUTO,2,33.98,5.00,-85,99.94,8.31,3.31,4.91,0,596,110,344,22.98,1013.60,11.90,404.90,1,1713170896,GSN-01,-85,25.60,78.90,40,0,0,7.82,84,21.30,21.20,25.60,21.00,25.00,21.00,22.20,22.00,20.50,22.60,23.80,23.30,21.80,21.90,24.30,21.20,79.20,25.00,24.20,20.20,20.10,25.70,21.50,23.00,21.10,25.00,25.10,20.00,21.40,23.70,21.60,21.60,22.80,20.70,20.40,21.90,21.40,22.80,21.00,23.90,21.40,22.50,25.80,25.70,25.60,23.40,21.90,25.50,24.60,25.80,21.30,25.10,21.20,25.00,20.90,20.60,20.60,22.80,23.50,22.20,25.40,20.60,22.70,25.60
TLM_RCV,-51,FG-ALPHA,1713170953,AUTO,2,31.85,5.00,-85,99.98,8.31,3.28,4.93,968,570,126,303,21.99,1013.20,12.00,404.80,1,1713170894,GSN-01,-88,23.70,81.30,42,0,0,7.78,84,20.60,24.30,20.10,22.80,23.40,23.00,22.60,20.30,23.60,20.00,22.80,23.50,20.20,25.10,20.00,23.70,22.40,24.10,20.10,23.40,20.10,24.40,20.50,20.40,24.10,24.30,24.70,25.40,21.10,24.90,25.40,21.50,20.90,24.80,21.70,25.10,22.00,21.00,23.80,25.20,24.90,22.20,25.80,23.30,22.70,21.90,25.90,24.30,25.60,20.20,24.30,25.90,22.30,20.40,22.00,22.10,22.90,20.40,21.00,25.90,25.10,21.10,22.30,20.60
TLM_RCV,-83,FG-ALPHA,1713170954,AUTO,2,33.76,5.00,-85,99.92,8.32,3.30,4.97,0,553,139,267,22.76,1013.50,11.90,405.70,1,1713170896,GSN-01,-91,23.00,79.80,46,0,0,7.78,84,22.30,24.60,20.80,20.20,22.60,20.10,23.90,20.30,21.90,25.50,21.30,24.30,23.40,20.70,20.50,22.10,21.20,20.00,20.10,25.00,23.70,25.50,25.30,21.60,24.20,25.30,22.40,21.60,22.60,25.20,21.20,20.60,24.10,22.50,25.90,24.90,20.30,22.30,20.10,22.60,21.70,25.50,21.40,20.40,20.30,24.50,22.70,24.50,24.30,23.20,24.00,23.90,21.50,20.10,21.30,20.10,25.70,21.20,25.30,20.60,24.40,24.60,22.80,22.70
TLM_RCV,-61,FG-ALPHA,1713170955,AUTO,2,31.61,5.00,-85,99.99,8.32,3.30,4.97,1175,523,113,255,23.26,1013.00,12.00,405.80,1,1713170922,GSN-01,-83,23.70,80.00,48,0,0,7.79,85,23.70,22.10,22.40,24.30,21.60,24.70,24.30,23.00,24.30,21.00,20.20,23.10,20.70,23.00,23.00,24.80,23.30,25.20,23.60,22.10,20.50,21.70,22.20,24.50,21.10,24.20,24.30,21.70,24.00,21.90,21.80,23.00,25.80,21.90,20.40,25.00,22.70,25.60,24.50,25.50,23.50,21.20,22.00,22.40,25.80,24.30,20.30,22.70,24.00,23.20,25.40,22.10,23.10,20.50,21.10,25.60,24.90,22.80,25.90,20.60,21.10,24.10,25.80,25.60
TLM_RCV,-52,FG-ALPHA,1713170956,AUTO,2,31.71,5.00,-85,100.00,8.32,3.28,4.92,1056,542,116,269,22.57,1012.90,11.80,404.60,1,1713170924,GSN-01,-81,23.40,82.70,46,0,1,7.79,85,20.60,20.00,23.60,21.80,24.60,20.50,24.90,20.90,23.70,24.40,22.40,20.90,23.80,21.10,22.20,22.70,23.20,24.80,22.50,20.00,23.90,20.10,20.80,21.00,20.50,20.30,23.60,20.10,20.60,24.00,23.70,21.00,25.80,20.60,24.60,21.90,25.90,20.40,24.90,21.70,21.90,24.60,24.30,23.20,20.00,20.70,23.60,22.80,23.50,20.50,22.50,20.20,25.60,25.80,20.30,22.30,21.10,25.60,20.50,24.60,22.60,25.80,20.60,24.70
TLM_RCV,-76,FG-ALPHA,1713170957,AUTO,2,33.72,5.00,-85,99.95,8.32,3.29,4.91,0,544,119,275,22.72,1013.40,12.10,406.00,1,1713170916,GSN-01,-80,23.00,73.40,42,0,0,7.81,85,23.60,24.00,24.50,21.00,20.60,24.50,23.90,22.80,25.80,25.50,24.80,21.40,22.60,25.90,20.30,21.60,23.00,24.30,24.40,21.60,25.50,24.70,20.30,23.50,21.70,21.80,21.30,24.40,22.10,20.30,21.10,22.50,23.20,20.90,22.40,21.90,23.70,21.30,21.40,20.20,23.00,24.10,24.30,22.40,21.90,24.80,20.80,20.30,20.30,20.50,24.10,24.80,23.80,22.50,25.20,23.90,25.20,21.20,22.40,21.10,25.70,22.30,20.60,21.30
TLM_RCV,-56,FG-ALPHA,1713170958,AUTO,2,34.10,5.00,-85,99.88,8.30,3.28,4.92,0,620,139,323,23.10,1013.00,12.10,405.30,1,1713170907,GSN-01,-92,25.70,76.80,44,0,0,7.82,85,24.20,25.20,20.00,20.40,20.80,22.70,24.70,20.80,22.70,25.30,23.00,20.10,20.90,24.40,21.00,22.40,24.30,22.80,23.40,23.00,22.50,24.80,25.30,25.20,23.70,22.10,21.50,21.30,20.50,23.60,25.20,23.90,23.60,24.90,25.00,23.30,25.10,25.60,25.20,25.40,22.80,21.10,23.40,22.50,25.50,22.10,25.10,23.60,24.60,25.80,22.20,25.50,23.90,23.20,22.50,21.70,20.30,20.30,20.00,23.40,20.60,22.50,21.40,20.80
TLM_RCV,-61,FG-ALPHA,1713170959,AUTO,2,33.51,5.00,-85,99.92,8.32,3.31,4.97,843,502,105,256,21.70,1013.30,12.00,404.50,1,1713170945,GSN-01,-90,24.90,73.90,44,0,0,7.82,84,20.10,24.00,25.90,22.50,23.80,25.50,20.10,23.00,24.10,21.50,21.70,22.60,22.40,22.60,22.80,25.50,23.50,25.90,24.00,20.30,23.70,20.30,23.30,22.60,21.30,21.90,24.00,23.50,22.70,23.40,24.30,23.70,23.70,20.20,24.90,22.40,24.50,22.30,25.50,24.50,24.90,20.30,23.30,23.20,24.40,25.70,25.50,20.80,22.20,23.30,22.30,24.10,25.00,22.40,25.30,21.40,20.00,22.10,22.80,23.30,23.00,23.20,21.90,21.90
TLM_RCV,-74,FG-ALPHA,1713170960,AUTO,2,31.77,5.00,-85,99.86,8.31,3.28,4.93,0,554,114,300,22.77,1013.50,11.80,405.30,1,1713170906,GSN-01,-89,24.10,75.70,47,0,0,7.81,85,24.30,20.30,25.30,20.70,22.10,23.20,24.90,22.80,23.10,24.80,22.60,23.10,25.90,24.80,23.10,22.10,24.40,23.30,21.10,21.40,20.40,23.50,23.90,21.30,22.70,25.20,21.70,25.50,22.50,23.90,23.00,20.00,20.80,20.20,25.10,21.70,23.00,23.90,22.90,25.80,24.50,20.70,25.10,25.30,21.20,25.00,23.60,24.30,22.30,22.50,20.30,22.40,21.30,20.10,22.90,22.00,24.10,24.90,22.10,23.50,22.50,22.10,24.60,22.20
TLM_RCV,-87,FG-ALPHA,1713170961,AUTO,2,31.96,5.00,-85,99.92,8.31,3.29,4.99,1127,592,149,288,22.67,1012.80,11.80,404.90,1,1713170940,GSN-01,-84,24.90,76.80,42,0,0,7.80,85,23.70,21.00,22.00,22.30,24.40,21.60,24.10,21.40,21.90,24.80,22.00,23.60,21.40,25.90,20.60,22.50,21.40,23.90,20.30,21.90,20.30,21.70,21.30,25.70,22.80,20.40,23.60,23.20,23.80,23.40,25.30,25.90,25.40,22.20,24.10,22.90,21.30,22.50,20.00,22.80,22.20,84.50,25.20,22.30,23.80,22.40,22.80,22.50,20.30,24.60,23.90,20.30,21.80,22.60,25.70,22.50,20.10,25.40,20.20,25.00,22.90,24.10,20.50,21.70
TLM_RCV,-42,FG-ALPHA,1713170962,AUTO,2,33.95,5.00,-85,99.95,8.31,3.31,4.94,978,590,126,315,21.94,1013.60,11.90,405.80,1,1713170932,GSN-01,-80,24.20,74.90,47,0,0,7.82,84,24.20,20.90,21.20,23.00,21.60,20.70,23.90,25.80,22.20,20.50,23.30,20.00,24.00,25.80,25.20,25.10,21.60,25.60,21.20,22.80,21.60,20.70,20.00,25.30,24.40,25.70,20.60,23.20,21.20,21.30,23.90,20.10,22.50,20.10,25.90,25.10,25.50,22.10,20.60,22.10,21.40,23.20,22.50,20.00,25.60,25.20,24.80,22.40,24.20,23.00,21.70,23.80,25.80,23.30,21.40,22.80,20.00,24.90,23.50,20.80,24.00,20.30,21.10,24.40
TLM_RCV,-66,FG-ALPHA,1713170963,AUTO,2,31.81,5.00,-85,99.98,8.32,3.28,4.96,822,561,128,274,21.31,1013.60,12.00,405.50,1,1713170922,GSN-01,-73,25.10,74.80,47,0,0,7.78,85,20.80,22.80,25.90,23.80,25.90,25.20,22.80,20.30,24.30,24.30,20.90,21.90,24.80,25.80,25.00,24.00,23.20,21.20,23.90,22.00,22.10,23.60,23.60,21.90,24.80,25.30,22.20,24.90,25.60,25.30,21.30,22.40,22.40,24.70,23.00,25.40,20.00,20.30,23.10,25.30,21.20,23.60,25.00,25.50,21.70,23.20,22.10,23.30,21.20,24.10,23.40,20.60,25.30,21.70,23.60,20.60,20.10,25.80,22.40,25.30,20.60,24.40,20.50,24.80
TLM_RCV,-62,FG-ALPHA,1713170964,AUTO,2,31.92,5.00,-85,100.00,8.31,3.29,4.94,1186,584,129,313,23.01,1013.20,12.00,406.40,1,1713170921,GSN-01,-75,24.10,77.60,44,0,0,7.79,84,21.90,25.10,20.40,20.40,20.30,22.10,24.70,24.30,22.80,24.60,20.40,21.70,24.10,20.40,25.00,24.10,25.80,23.40,22.80,20.50,23.80,20.60,23.60,22.90,22.20,25.80,23.10,21.00,23.40,25.20,25.20,21.70,23.90,20.00,20.50,21.80,23.80,20.20,25.50,25.10,21.50,23.00,21.80,25.40,24.70,20.10,21.10,21.20,22.70,25.80,20.30,21.80,22.10,24.90,21.50,24.10,20.10,21.10,23.60,21.60,23.60,23.30,25.00,22.40
TLM_RCV,-72,FG-ALPHA,1713170965,AUTO,2,32.18,5.00,-85,100.00,8.30,3.28,4.91,857,636,148,341,21.10,1013.40,11.90,405.60,1,1713170948,GSN-01,-94,24.50,80.10,42,1,0,7.81,85,21.80,20.00,23.10,21.30,20.30,25.10,25.20,24.80,24.60,22.80,25.90,21.50,21.80,20.00,23.10,20.00,22.00,21.30,20.10,24.90,25.30,25.10,20.40,24.60,21.30,23.00,25.00,23.10,21.00,22.10,22.80,25.60,25.30,25.80,21.80,24.90,24.30,24.10,22.70,21.20,25.80,20.60,24.00,21.50,24.30,20.10,24.50,20.50,22.70,24.80,25.60,25.70,21.50,23.00,21.30,20.70,25.20,23.80,23.50,24.30,21.30,20.50,25.00,24.30
TLM_RCV,-65,FG-ALPHA,1713170966,AUTO,2,32.74,5.00,-85,100.00,8.32,3.30,4.94,962,547,145,258,22.08,1013.00,11.80,404.70,1,1713170940,GSN-01,-91,25.90,73.90,40,0,0,7.80,85,24.90,21.20,23.80,20.70,24.50,20.10,22.00,21.70,20.20,22.90,24.70,24.30,21.10,24.50,24.30,23.50,24.10,25.60,20.00,22.20,25.70,25.80,24.10,20.50,21.80,25.90,25.10,25.10,23.00,25.80,23.00,21.90,25.00,24.60,23.80,22.30,22.50,21.60,25.00,25.20,22.30,23.50,21.50,20.80,22.50,25.80,25.40,25.20,23.70,22.70,24.70,23.10,22.20,20.70,20.00,20.40,24.50,25.90,25.70,23.30,24.60,22.60,21.60,25.40
TLM_RCV,-67,FG-ALPHA,1713170967,AUTO,2,32.92,5.00,-85,100.00,8.31,3.28,4.98,950,583,113,324,21.84,1012.70,12.10,405.00,1,1713170910,GSN-01,-73,23.80,77.90,43,0,0,7.81,85,20.70,24.50,24.50,21.20,25.20,24.30,23.50,25.80,20.40,23.40,20.00,24.30,22.40,24.20,23.10,25.80,23.30,21.40,20.30,24.80,24.20,21.90,21.40,25.30,24.10,22.00,21.30,24.90,25.20,23.60,21.90,21.10,24.70,21.50,21.80,25.00,24.90,22.50,25.90,22.90,20.40,22.40,22.10,21.20,23.20,25.50,21.20,22.90,22.20,24.70,21.40,21.00,24.70,24.90,21.60,20.30,21.70,23.30,25.30,21.20,21.20,24.10,20.70,23.40
TLM_RCV,-78,FG-ALPHA,1713170968,AUTO,2,32.98,5.00,-85,100.00,8.31,3.29,4.95,863,596,135,319,21.33,1013.10,12.00,404.50,1,1713170931,GSN-01,-94,25.60,81.90,41,0,0,7.78,84,25.40,22.70,24.60,24.10,23.90,25.90,24.00,20.60,25.60,21.80,25.10,22.90,21.30,24.00,24.00,25.20,20.90,22.10,24.40,22.40,20.80,20.00,20.30,21.80,25.20,77.50,24.90,24.10,25.10,21.50,20.80,21.20,21.70,24.80,22.50,20.10,21.10,22.70,21.80,21.90,20.00,21.50,24.70,22.10,24.30,20.70,25.60,20.00,23.50,25.80,20.40,21.00,24.80,25.50,21.30,20.10,20.10,24.90,23.70,24.10,21.90,24.30,22.70,21.50
TLM_RCV,-90,FG-ALPHA,1713170969,AUTO,2,34.22,5.00,-85,100.00,8.30,3.30,4.93,909,645,140,349,21.32,1012.80,12.10,406.20,1,1713170917,GSN-01,-92,25.80,74.10,46,0,0,7.80,84,25.80,24.00,22.30,20.10,25.60,23.60,20.60,25.50,25.50,24.90,22.20,21.60,20.60,21.00,23.00,23.30,21.30,21.40,24.30,22.70,20.20,25.00,23.70,25.70,24.40,21.70,25.10,23.40,21.00,20.90,22.30,25.70,23.00,20.80,20.40,24.40,21.40,22.40,23.80,23.00,21.80,23.30,23.50,20.20,22.70,24.60,21.50,22.20,25.90,21.20,21.90,21.90,25.00,25.60,20.60,22.70,25.50,21.90,24.30,22.20,22.60,22.10,21.00,23.00
TLM_RCV,-81,FG-ALPHA,1713170970,AUTO,2,33.81,5.00,-85,100.00,8.32,3.28,4.97,927,561,132,270,21.83,1013.10,12.10,405.40,1,1713170929,GSN-01,-71,23.10,81.00,48,0,0,7.80,85,21.90,20.90,21.90,22.50,23.80,23.40,25.90,25.60,20.00,21.30,24.10,21.80,23.40,21.30,23.10,25.10,25.00,24.90,25.30,23.30,22.70,25.60,22.50,22.50,24.60,21.90,20.60,25.00,21.60,23.10,24.40,21.30,22.30,23.30,21.30,20.90,24.00,22.90,20.70,20.50,23.10,23.00,21.10,24.20,25.00,24.20,20.50,25.80,25.50,24.60,24.20,25.30,25.30,25.90,23.10,20.20,20.40,22.80,25.90,20.90,23.30,20.60,23.50,21.90
TLM_RCV,-83,FG-ALPHA,1713170971,AUTO,2,31.86,5.00,-85,100.00,8.31,3.29,4.90,850,572,141,275,21.39,1013.40,11.80,404.80,1,1713170941,GSN-01,-85,23.80,78.30,46,0,0,7.81,85,23.10,22.50,24.80,23.90,24.00,23.40,23.00,24.50,24.30,25.10,22.60,20.90,20.40,23.70,21.20,21.00,22.00,23.40,23.90,24.40,25.40,20.10,20.70,25.80,22.00,20.30,23.10,21.90,21.60,23.60,25.00,25.10,25.40,23.20,22.70,25.60,22.70,23.80,24.30,25.80,22.60,25.50,21.50,25.70,25.40,24.80,23.50,24.20,21.60,24.30,23.80,22.30,20.50,20.70,21.10,21.70,22.00,22.00,21.90,24.40,23.70,20.00,22.20,22.20
TLM_RCV,-57,FG-ALPHA,1713170972,AUTO,2,32.63,5.00,-85,100.00,8.32,3.30,4.94,922,526,115,262,21.98,1012.80,12.00,405.50,1,1713170958,GSN-01,-90,23.00,76.30,41,0,1,7.80,85,24.30,25.20,24.90,21.10,22.80,25.20,21.10,21.60,20.80,23.30,21.40,22.10,22.00,22.10,20.30,24.70,23.60,22.40,23.00,24.90,25.50,25.40,22.20,23.10,21.50,21.70,23.90,20.90,21.70,23.10,21.30,21.30,23.90,23.80,24.00,22.10,25.50,22.10,22.00,21.30,22.70,25.90,24.80,22.70,23.90,25.70,24.80,24.10,24.00,25.60,23.80,22.30,24.00,22.20,21.70,20.60,20.70,20.20,25.00,25.70,24.50,22.10,24.80,20.70
TLM_RCV,-60,FG-ALPHA,1713170973,AUTO,2,31.97,5.00,-85,100.00,8.31,3.28,4.95,915,594,144,304,21.60,1012.80,11.80,406.40,1,1713170944,GSN-01,-75,23.20,81.00,43,0,0,7.80,84,22.20,25.80,22.80,24.60,23.90,20.20,25.70,22.80,22.30,25.40,25.10,23.80,25.40,23.20,24.50,20.60,22.70,23.90,24.20,20.40,22.90,22.40,20.50,21.50,24.70,20.60,24.50,25.80,25.90,23.00,21.50,20.10,23.80,20.40,21.30,24.90,22.40,25.50,20.20,23.00,23.10,24.20,23.70,23.70,21.10,24.90,21.30,25.10,24.20,25.70,25.00,20.60,20.20,22.90,20.00,20.90,23.50,23.00,23.80,22.10,21.00,23.80,25.50,21.60
TLM_RCV,-68,FG-ALPHA,1713170974,AUTO,2,32.02,5.00,-85,99.94,8.31,3.30,4.99,0,604,124,328,23.02,1013.20,11.80,405.00,1,1713170923,GSN-01,-79,23.00,79.00,46,0,0,7.79,85,23.00,22.30,21.00,23.80,21.20,25.80,20.20,20.30,22.10,22.60,21.90,24.20,21.30,21.20,20.50,22.50,24.60,20.80,20.00,23.60,23.50,21.30,25.10,22.20,20.80,24.80,25.70,20.50,25.90,22.00,21.60,25.60,22.60,20.70,21.60,22.10,21.50,20.10,21.50,20.20,25.90,25.00,22.70,21.60,24.10,20.00,23.40,24.60,24.20,21.80,22.60,25.20,23.50,25.20,25.00,24.60,20.30,20.10,20.60,24.50,20.50,20.10,25.40,25.60
TLM_RCV,-42,FG-ALPHA,1713170975,AUTO,2,33.07,5.00,-85,99.88,8.30,3.30,4.93,0,614,125,336,23.07,1013.50,12.10,405.70,1,1713170958,GSN-01,-87,23.00,77.30,44,0,0,7.78,84,20.90,23.40,24.80,21.20,23.00,25.10,24.00,20.50,21.90,23.40,22.20,21.40,25.60,22.90,23.20,24.90,21.90,22.90,21.50,21.60,25.20,23.70,21.40,25.00,24.60,25.70,22.10,24.10,24.50,23.60,21.50,21.20,25.50,25.30,23.00,24.90,21.40,21.30,25.30,22.60,21.10,21.60,21.40,25.10,23.90,20.80,21.70,21.10,24.30,20.70,25.10,21.50,21.60,20.20,20.00,25.10,21.90,20.60,23.10,23.10,22.40,25.90,24.60,24.40
TLM_RCV,-88,FG-ALPHA,1713170976,AUTO,2,33.75,5.00,-85,99.91,8.32,3.29,4.93,865,550,109,294,21.58,1013.10,11.90,405.70,1,1713170953,GSN-01,-84,24.00,77.60,45,0,0,7.80,84,23.40,23.80,23.10,24.40,20.80,23.20,23.30,21.40,23.80,20.40,24.90,23.60,21.30,24.10,20.90,20.30,25.50,25.30,24.00,23.00,20.30,25.50,20.90,20.60,23.30,22.00,24.00,22.80,20.10,20.00,24.10,23.20,22.10,25.60,25.30,25.90,25.80,25.00,23.60,24.60,23.20,21.10,24.50,21.10,24.50,23.90,21.90,21.90,20.20,22.10,23.30,21.00,20.70,20.20,25.90,21.10,21.20,20.30,23.90,22.80,24.40,20.90,23.70,21.00
TLM_RCV,-62,FG-ALPHA,1713170977,AUTO,2,33.74,5.00,-85,99.94,8.32,3.30,4.90,887,549,130,262,21.69,1012.70,11.80,404.80,1,1713170965,GSN-01,-76,24.40,81.90,45,0,0,7.82,85,24.10,24.70,22.70,22.70,20.50,23.10,21.90,24.00,24.30,22.60,21.00,20.10,23.60,22.10,21.20,22.70,20.60,23.70,20.60,20.30,21.60,24.40,23.80,23.20,23.10,23.40,22.30,23.60,25.40,21.20,21.20,23.30,23.10,21.30,21.20,23.80,21.80,22.50,21.40,25.00,23.80,24.60,22.60,23.20,24.60,24.90,21.50,24.80,24.40,22.30,21.10,24.80,20.30,23.60,24.20,22.10,25.10,21.50,23.60,24.30,25.50,21.10,24.20,23.30
TLM_RCV,-80,FG-ALPHA,1713170978,AUTO,2,33.83,5.00,-85,99.98,8.31,3.29,4.95,973,566,128,280,22.03,1012.90,11.80,405.10,1,1713170939,GSN-01,-72,23.80,82.50,48,0,0,7.80,84,25.10,25.40,24.00,20.60,25.30,25.80,20.30,22.40,21.90,21.20,25.10,25.60,21.10,22.00,23.40,23.50,21.10,24.00,22.70,25.00,21.30,24.80,24.80,21.40,20.80,20.90,20.70,22.10,21.00,24.20,22.20,22.60,20.70,23.80,20.80,22.40,20.50,21.90,24.00,25.00,24.20,20.20,24.50,22.80,22.00,24.30,25.10,23.80,22.30,20.10,24.50,21.80,21.70,22.50,25.00,23.30,22.90,25.50,23.60,23.50,22.70,20.40,21.60,25.70
TLM_RCV,-69,FG-ALPHA,1713170979,AUTO,2,32.76,5.00,-85,100.00,8.32,3.29,4.91,1198,551,144,256,23.24,1013.60,12.10,406.00,1,1713170933,GSN-01,-94,23.40,77.70,46,0,0,7.82,84,22.10,21.00,24.20,22.50,24.10,22.10,20.00,23.40,22.80,20.70,23.40,21.00,25.20,22.90,20.50,22.80,20.60,23.40,21.00,25.40,25.60,24.10,22.40,24.50,22.60,24.70,24.90,25.30,20.50,24.00,24.70,23.50,25.80,20.30,22.70,22.10,24.10,23.70,20.10,25.10,24.40,23.90,25.30,22.70,20.70,20.70,22.60,23.00,24.90,23.50,24.40,21.40,21.50,22.00,20.10,24.20,24.30,24.70,24.60,20.70,25.40,20.10,22.20,21.70
TLM_RCV,-64,FG-ALPHA,1713170980,AUTO,2,33.93,5.00,-85,100.00,8.31,3.28,4.91,994,586,122,318,22.04,1013.60,11.90,405.40,1,1713170966,GSN-01,-72,24.40,75.50,47,0,0,7.78,85,23.30,22.30,25.80,24.40,22.10,20.20,24.50,25.70,22.90,21.00,25.50,20.90,23.30,22.70,20.90,20.00,22.50,24.40,25.10,24.40,25.10,24.60,23.20,24.00,22.60,21.10,21.20,21.50,22.90,24.30,21.10,25.80,23.70,21.30,21.40,25.50,21.70,20.20,25.40,21.50,24.90,20.50,25.40,22.50,25.40,20.20,22.30,21.30,24.30,25.20,23.20,21.70,21.40,22.90,25.60,20.80,25.80,23.60,23.00,20.50,25.30,22.40,25.80,20.50
TLM_RCV,-51,FG-ALPHA,1713170981,AUTO,2,32.88,5.00,-85,99.94,8.31,3.28,4.93,0,577,146,275,22.89,1013.10,11.80,405.40,1,1713170968,GSN-01,-91,25.70,79.40,46,0,0,7.80,84,25.00,20.60,21.80,20.00,21.50,20.90,20.00,22.90,22.90,21.60,21.60,25.40,22.50,21.20,24.30,24.50,25.20,24.50,21.20,24.00,20.50,22.30,24.60,20.00,22.80,21.30,20.40,23.40,23.30,24.70,25.60,21.50,21.90,25.40,21.80,22.70,24.10,24.40,22.60,20.00,20.00,20.20,22.60,22.60,22.70,25.40,24.30,20.20,23.60,21.40,24.80,24.70,23.80,20.40,21.30,21.40,24.90,20.20,22.80,21.30,25.90,22.40,20.20,25.70
TLM_RCV,-80,FG-ALPHA,1713170982,AUTO,2,31.83,5.00,-85,99.97,8.31,3.29,4.93,811,565,142,264,21.23,1013.00,12.10,404.50,1,1713170960,GSN-01,-76,23.40,75.90,48,0,0,7.82,84,20.60,23.60,20.80,23.80,22.90,24.90,25.60,24.00,25.90,25.20,24.70,25.40,23.80,24.60,24.20,24.90,25.20,20.30,24.70,25.60,20.00,22.60,21.10,21.20,22.60,22.70,21.70,22.60,20.80,24.00,24.40,24.50,25.60,23.90,23.70,25.80,25.90,22.40,25.90,20.00,24.90,25.60,25.40,25.40,21.90,21.60,21.50,23.20,24.50,20.50,24.10,23.30,20.80,22.70,22.50,25.00,23.10,23.50,24.30,23.20,22.90,25.20,25.90,21.90
TLM_RCV,-67,FG-ALPHA,1713170983,AUTO,2,31.62,5.00,-85,100.00,8.32,3.28,4.93,923,525,128,256,21.99,1013.30,12.10,405.40,1,1713170973,GSN-01,-85,23.40,75.40,49,0,0,7.82,84,25.80,25.40,20.80,21.90,20.20,22.30,24.20,21.80,25.20,25.80,21.40,23.60,24.20,21.60,23.70,22.30,25.00,21.60,22.20,20.40,20.80,23.80,24.70,22.50,24.00,23.20,25.90,21.10,23.00,23.00,20.40,21.40,25.00,24.30,25.70,22.10,20.70,23.30,20.80,25.20,25.50,23.70,23.90,22.20,22.10,22.50,22.60,24.70,23.70,20.20,25.20,20.90,23.50,21.10,20.80,20.30,23.20,20.40,22.20,21.80,24.50,25.30,22.00,24.60
TLM_RCV,-44,FG-ALPHA,1713170984,AUTO,2,32.83,5.00,-85,100.00,8.32,3.31,4.90,882,566,148,275,21.58,1012.90,12.00,406.20,1,1713170931,GSN-01,-76,24.50,81.30,40,0,0,7.78,84,25.60,20.10,20.30,21.90,20.80,23.00,23.80,24.10,21.10,24.70,23.70,21.20,22.90,23.50,22.20,24.80,22.20,22.40,21.30,24.10,20.00,23.00,21.90,23.70,21.00,24.50,22.80,25.00,25.50,22.50,20.90,21.10,24.60,25.60,25.80,22.70,24.80,20.60,20.90,20.40,22.10,20.60,23.80,25.00,21.20,25.60,22.20,24.60,23.70,20.10,23.90,20.70,23.10,24.80,24.00,23.30,25.40,21.70,22.50,21.10,25.00,22.30,25.90,25.50
TLM_RCV,-61,FG-ALPHA,1713170985,AUTO,2,34.03,5.00,-85,100.00,8.31,3.29,4.97,952,607,122,327,21.73,1013.10,11.90,406.00,1,1713170942,GSN-01,-93,24.60,78.50,43,0,0,7.80,84,20.90,22.30,25.90,22.40,20.00,24.30,24.10,24.40,23.90,25.40,25.20,23.90,23.00,25.40,25.30,20.40,21.40,21.40,21.70,22.20,25.60,20.00,22.50,20.00,22.20,22.00,20.50,21.00,22.10,21.10,25.70,20.30,20.30,25.30,21.90,23.60,23.40,22.10,24.20,25.20,21.40,21.70,23.50,20.40,21.40,20.90,23.90,24.50,23.80,22.50,25.40,24.70,22.40,21.60,23.80,22.30,22.70,20.60,20.60,22.20,24.00,23.80,24.30,24.80
TLM_RCV,-91,FG-ALPHA,1713170986,AUTO,2,33.94,5.00,-85,100.00,8.31,3.30,4.96,997,589,143,297,22.04,1013.00,11.90,406.10,1,1713170955,GSN-01,-87,25.80,82.10,45,1,0,7.81,84,20.60,21.30,22.30,22.70,23.40,20.50,21.80,25.90,25.30,21.40,21.80,24.20,23.90,25.20,21.30,25.90,20.30,25.40,20.60,21.60,21.50,21.60,22.30,24.00,25.20,21.90,25.90,23.30,22.70,24.80,24.00,22.20,21.00,25.00,24.10,22.10,24.00,25.60,25.40,22.00,23.90,22.20,20.10,23.50,24.60,22.90,24.20,23.30,22.30,25.40,22.30,21.80,24.70,25.10,21.20,24.40,21.00,23.60,20.10,22.30,23.60,24.30,22.50,24.70
TLM_RCV,-77,FG-ALPHA,1713170987,AUTO,2,33.78,5.00,-85,100.00,8.32,3.31,4.99,814,557,140,267,21.28,1013.20,12.10,405.00,1,1713170928,GSN-01,-73,24.10,79.00,42,0,0,7.79,84,23.20,20.20,21.10,21.20,21.40,21.40,25.40,23.60,24.40,20.80,25.70,22.70,20.70,22.90,22.70,24.80,24.90,24.40,23.20,23.20,25.00,20.20,23.50,21.60,23.30,24.20,23.00,24.70,25.50,21.70,23.70,22.70,25.10,24.30,20.90,21.20,22.10,22.10,23.90,22.40,23.10,24.90,20.60,21.70,23.20,23.10,25.40,21.90,21.90,22.90,25.30,24.50,22.70,24.60,22.20,22.70,22.20,20.70,25.90,21.80,21.20,25.40,21.00,20.70
TLM_RCV,-74,FG-ALPHA,1713170988,AUTO,2,33.64,5.00,-85,99.95,8.32,3.28,4.96,0,528,101,272,22.64,1012.80,11.90,405.10,1,1713170943,GSN-01,-91,25.50,75.60,47,0,0,7.79,85,20.20,22.30,20.70,20.00,20.50,23.80,25.30,21.00,20.60,22.10,20.90,25.80,20.40,21.70,23.30,22.40,22.10,21.40,22.20,20.10,21.20,22.00,20.00,25.90,22.10,23.20,20.30,24.00,20.50,21.30,25.90,20.80,25.50,20.10,21.60,20.80,25.90,25.50,24.70,20.80,24.30,22.20,22.10,23.70,22.10,24.00,22.80,24.70,25.10,25.30,24.20,21.10,22.70,23.80,71.10,20.50,25.50,21.40,22.70,24.00,23.80,20.20,21.10,24.00
TLM_RCV,-87,FG-ALPHA,1713170989,AUTO,2,33.84,5.00,-85,99.99,8.31,3.30,4.92,953,568,107,310,21.92,1013.50,11.80,405.40,1,1713170969,GSN-01,-84,23.50,79.90,47,0,0,7.78,84,25.20,21.00,22.20,23.90,23.30,25.70,20.10,23.40,21.20,22.80,25.10,23.70,22.80,21.60,20.50,23.80,20.10,25.40,25.40,24.60,20.30,24.60,20.90,25.30,20.20,25.90,21.30,25.80,21.70,22.20,22.70,23.70,20.00,21.50,24.60,25.30,24.40,25.90,21.30,25.50,20.70,25.10,20.40,22.90,21.00,20.80,22.30,22.00,20.80,20.20,21.40,25.50,23.40,21.40,20.80,21.90,24.00,23.40,21.40,23.00,25.20,22.80,23.00,20.80
TLM_RCV,-58,FG-ALPHA,1713170990,AUTO,2,32.03,5.00,-85,100.00,8.31,3.31,4.92,988,607,143,313,21.91,1013.40,12.10,406.10,1,1713170976,GSN-01,-95,25.90,75.10,43,0,1,7.79,84,21.10,25.40,21.40,23.70,25.80,22.70,22.70,21.90,25.60,23.70,21.70,20.80,21.50,21.10,23.90,25.20,24.50,21.60,24.40,24.70,20.10,25.50,21.40,21.10,20.10,21.60,23.30,25.40,21.80,22.00,20.30,21.60,22.40,20.40,25.10,23.50,22.00,23.20,23.20,21.70,23.80,22.30,22.90,25.10,20.60,22.60,25.40,21.00,23.40,20.50,24.40,21.30,24.60,21.40,20.00,22.40,22.90,21.20,21.50,22.00,25.80,24.10,23.60,25.90
TLM_RCV,-76,FG-ALPHA,1713170991,AUTO,2,32.76,5.00,-85,100.00,8.32,3.29,4.99,1086,553,129,270,22.67,1013.00,12.00,405.00,1,1713170980,GSN-01,-89,25.20,73.30,47,0,0,7.79,85,24.90,20.80,24.20,23.90,22.80,25.50,25.80,21.40,21.20,23.70,23.90,23.90,21.70,20.30,24.30,23.20,23.20,24.40,22.10,23.50,24.30,24.00,23.00,20.30,21.30,23.10,24.30,25.50,24.10,22.00,24.70,21.60,22.70,22.90,24.60,23.00,24.00,24.50,22.90,25.50,20.80,20.40,22.00,21.90,22.30,25.00,24.90,20.30,24.50,23.20,20.30,20.90,23.40,21.10,25.90,24.80,25.80,25.70,24.30,25.80,25.50,25.00,25.90,24.60
TLM_RCV,-54,FG-ALPHA,1713171013,AUTO,2,31.77,5.00,-85,100.00,8.32,3.30,4.99,1029,555,142,259,22.37,1013.30,11.90,406.10,1,1713170983,GSN-01,-72,23.00,73.40,45,0,0,7.78,84,24.60,25.40,22.80,23.90,22.10,23.50,24.80,23.90,24.50,22.40,22.40,24.70,22.30,22.60,24.00,25.40,25.00,20.50,21.60,22.00,23.10,25.80,23.40,22.30,25.30,24.10,21.90,23.70,20.10,25.00,21.60,20.30,22.80,23.60,23.50,23.10,23.00,24.30,20.90,21.20,20.60,22.00,23.70,22.20,23.50,24.30,20.10,21.40,21.80,20.10,25.00,22.20,20.60,22.90,21.00,25.90,21.70,23.60,25.50,21.60,20.50,23.70,21.80,20.60
TLM_RCV,-62,FG-ALPHA,1713171014,AUTO,2,32.89,5.00,-85,100.00,8.31,3.30,4.91,1104,578,120,305,22.63,1012.80,12.10,405.40,1,1713170973,GSN-01,-76,25.90,79.00,49,0,0,7.78,85,23.30,21.90,24.00,23.80,24.60,20.20,20.50,20.50,23.30,21.10,25.70,22.40,20.10,25.20,24.10,24.60,23.80,21.30,21.40,23.10,22.50,25.30,25.30,25.70,24.20,23.50,23.70,22.90,23.30,23.70,24.70,23.00,20.10,22.20,21.50,25.40,21.70,23.10,21.50,25.10,22.80,21.90,20.50,24.40,21.00,21.70,20.40,23.20,21.30,21.80,23.90,24.50,22.20,22.60,20.60,21.90,25.70,20.80,23.10,22.80,24.30,21.90,21.10,25.10
TLM_RCV,-85,FG-ALPHA,1713171015,AUTO,2,32.03,5.00,-85,100.00,8.31,3.28,4.92,1160,605,109,340,22.77,1012.70,11.80,406.40,1,1713170981,GSN-01,-86,24.60,76.80,45,0,0,7.81,85,24.90,23.10,23.40,25.90,24.00,23.10,24.10,23.50,25.20,21.70,24.90,21.00,24.80,22.70,25.10,22.40,22.50,24.00,23.90,21.90,24.90,20.20,23.50,21.70,24.30,20.40,25.30,23.30,25.30,25.60,24.80,24.40,20.10,20.60,25.50,23.00,20.50,20.40,23.70,22.60,25.10,21.00,24.60,22.00,25.40,23.30,22.00,24.10,22.90,22.10,22.60,25.80,22.80,23.40,23.40,23.50,21.70,23.20,20.30,21.30,21.00,20.40,20.60,21.40
TLM_RCV,-43,FG-ALPHA,1713171016,AUTO,2,33.97,5.00,-85,100.00,8.31,3.28,4.97,878,593,116,330,21.42,1013.10,11.80,405.60,1,1713170989,GSN-01,-90,24.20,79.60,45,0,0,7.79,84,21.40,25.30,22.60,24.40,24.40,22.30,22.40,21.40,22.50,22.00,22.30,23.70,24.20,23.00,23.90,24.00,25.20,20.30,21.60,20.80,22.10,25.50,22.30,20.80,20.00,24.80,23.70,22.00,21.10,20.70,22.00,25.00,20.90,22.20,23.10,20.20,24.20,23.40,22.00,24.10,24.10,21.70,21.30,25.60,25.60,23.20,22.40,22.50,24.30,24.40,24.50,24.90,24.40,21.70,24.40,22.90,21.10,21.50,20.00,21.10,22.60,21.50,25.20,23.00
TLM_RCV,-55,FG-ALPHA,1713171017,AUTO,2,31.80,5.00,-85,100.00,8.32,3.28,4.94,906,559,113,299,21.74,1013.20,11.90,404.90,1,1713170963,GSN-01,-71,24.90,75.80,41,0,0,7.78,84,20.20,23.60,20.10,20.90,24.80,23.30,24.10,22.90,22.00,21.80,25.80,22.20,22.20,23.20,23.30,20.30,21.60,24.10,20.80,24.50,20.30,25.10,23.30,24.10,21.20,21.40,23.40,21.70,21.00,24.10,23.50,20.80,24.30,24.50,22.10,21.60,22.50,23.20,20.90,23.80,24.70,20.20,25.40,23.20,25.90,21.00,25.10,21.40,20.60,23.30,22.20,24.90,23.80,20.60,25.10,22.50,24.30,21.50,22.10,23.20,21.40,24.60,25.60,22.10
TLM_RCV,-86,FG-ALPHA,1713171018,AUTO,2,31.85,5.00,-85,99.94,8.31,3.29,4.90,0,571,141,273,22.85,1013.40,12.10,405.00,1,1713170985,GSN-01,-81,25.20,81.20,40,0,0,7.78,85,20.30,22.20,22.70,23.00,25.00,21.60,20.20,23.70,24.90,20.10,24.00,24.90,21.10,24.20,24.40,23.10,21.90,20.60,22.30,22.50,21.60,21.30,20.70,20.50,24.10,24.80,22.20,23.30,25.70,21.00,23.60,21.60,21.60,25.40,21.10,25.00,25.20,21.50,20.20,20.00,23.70,25.10,21.40,22.70,23.60,20.60,24.70,20.00,23.30,21.30,20.40,21.50,25.80,25.80,22.20,23.60,25.50,22.70,20.30,21.70,25.30,23.80,22.70,24.30
TLM_RCV,-53,FG-ALPHA,1713171019,AUTO,2,33.76,5.00,-85,99.98,8.32,3.30,4.99,916,553,142,268,21.82,1012.70,12.00,405.80,1,1713170992,GSN-01,-84,23.80,78.80,45,0,0,7.80,85,22.10,22.40,24.90,21.60,23.00,23.00,24.30,24.30,21.80,20.40,25.80,22.10,23.00,20.00,24.30,25.50,25.60,21.40,24.50,24.80,22.40,23.40,24.90,22.30,22.00,23.10,25.00,20.00,24.00,24.80,21.70,24.40,25.60,21.80,24.90,22.40,20.60,22.10,24.50,25.90,25.20,20.90,21.50,23.00,21.10,20.50,22.50,23.50,22.90,21.80,23.60,24.50,22.90,22.10,21.70,21.40,22.90,25.00,21.80,22.70,21.00,23.30,20.10,23.60
TLM_RCV,-43,FG-ALPHA,1713171020,AUTO,2,33.02,5.00,-85,100.00,8.31,3.30,4.96,812,604,116,329,21.04,1012.80,12.10,404.70,1,1713170993,GSN-01,-76,23.50,79.80,43,0,0,7.80,84,23.40,23.80,21.90,21.50,25.40,21.80,24.00,22.70,25.70,21.30,23.90,20.90,24.50,20.80,22.80,25.50,23.00,24.00,21.00,23.40,24.30,25.20,20.70,20.90,24.70,21.50,25.80,23.60,24.20,21.40,24.70,25.60,21.80,24.60,23.60,22.70,25.40,25.40,23.10,23.80,22.20,25.30,25.30,25.20,24.30,25.90,20.20,23.10,21.30,22.00,23.40,24.70,24.00,23.60,20.40,20.80,24.20,20.60,24.00,25.20,24.70,25.70,22.10,21.30
TLM_RCV,-43,FG-ALPHA,1713171021,AUTO,2,34.08,5.00,-85,100.00,8.31,3.29,4.97,1066,615,138,325,22.25,1012.80,11.80,405.40,1,1713170980,GSN-01,-92,23.10,76.20,41,0,0,7.80,85,24.40,24.60,25.70,22.70,20.50,20.80,25.40,24.30,25.30,22.00,23.90,21.70,22.40,21.20,24.50,21.80,25.40,24.50,20.40,22.60,24.60,20.20,25.20,21.40,23.60,24.90,21.00,22.40,21.00,25.00,25.70,21.60,24.50,25.40,23.10,23.70,22.90,22.00,20.40,21.40,25.30,25.00,23.80,20.80,24.20,25.90,21.80,23.40,23.90,22.30,22.40,25.00,24.00,22.20,24.50,23.60,23.40,23.10,20.70,20.10,24.40,25.30,22.00,21.10
TLM_RCV,-75,FG-ALPHA,1713171022,AUTO,2,31.78,5.00,-85,100.00,8.32,3.31,4.96,1061,557,136,270,22.52,1013.10,11.90,404.60,1,1713170969,GSN-01,-85,23.70,82.80,46,0,0,7.82,85,24.70,25.80,21.30,20.60,25.40,20.00,24.40,25.70,22.60,22.90,25.10,20.20,21.10,22.20,25.80,23.20,21.40,20.20,20.20,21.60,20.10,25.70,21.30,24.10,25.80,23.60,22.70,21.90,25.80,24.90,20.60,20.00,25.60,23.00,22.00,25.80,20.10,25.60,25.20,21.00,22.90,20.90,23.80,23.60,22.30,22.80,23.10,22.60,23.50,23.30,22.50,21.30,25.40,25.00,22.00,22.00,25.40,24.30,79.00,20.20,22.40,24.70,20.70,21.10
TLM_RCV,-67,FG-ALPHA,1713171023,AUTO,2,32.79,5.00,-85,100.00,8.32,3.30,4.92,943,558,121,296,21.92,1013.30,12.10,405.40,1,1713170981,GSN-01,-75,25.70,80.50,44,0,0,7.81,84,20.50,21.30,20.80,20.50,23.30,24.10,22.40,21.30,23.90,24.40,20.00,24.80,23.40,24.80,24.00,22.20,24.30,23.80,21.40,22.30,23.10,22.10,23.60,21.90,23.40,23.90,21.30,21.50,23.00,23.00,25.50,25.80,22.40,25.30,22.90,22.60,21.00,22.90,82.10,25.70,22.30,22.70,20.10,24.30,24.00,22.70,25.00,25.50,23.80,25.20,20.20,23.50,20.00,22.50,24.10,20.90,22.40,20.50,21.20,24.30,25.00,20.10,20.00,21.70
TLM_RCV,-87,FG-ALPHA,1713171024,AUTO,2,33.08,5.00,-85,100.00,8.31,3.30,4.96,1173,616,113,347,22.78,1012.70,12.10,405.50,1,1713170965,GSN-01,-72,23.50,78.40,45,0,0,7.81,85,20.60,23.20,24.20,22.10,22.10,23.50,25.50,20.10,22.00,25.80,25.90,24.00,25.10,24.40,20.50,21.20,22.70,23.80,21.90,25.70,22.00,22.50,20.60,20.00,25.40,24.80,21.30,23.20,21.90,20.80,20.70,21.30,23.00,22.60,20.70,24.70,22.30,24.10,23.90,22.70,24.40,24.80,25.60,25.60,21.60,21.70,22.60,21.00,21.00,24.40,23.20,24.10,21.40,24.00,20.70,24.90,25.40,24.80,24.90,23.90,22.50,24.40,21.00,24.30
TLM_RCV,-58,FG-ALPHA,1713171025,AUTO,2,33.01,5.00,-85,100.00,8.31,3.28,4.97,1087,602,134,327,22.42,1013.30,12.00,405.50,1,1713170977,GSN-01,-84,24.40,78.90,42,0,1,7.81,85,20.60,25.30,23.00,20.00,23.70,25.70,23.80,20.80,23.60,23.70,24.10,21.80,20.40,21.80,22.10,21.00,20.00,22.00,23.20,73.60,25.70,21.40,25.30,25.90,25.40,24.50,24.70,24.70,22.40,20.40,23.60,20.10,22.00,21.30,24.70,25.10,25.00,20.50,20.30,20.40,20.00,21.30,25.90,24.50,20.10,20.10,25.20,21.30,20.00,20.60,25.70,20.40,20.00,21.80,20.30,20.20,25.70,20.50,21.50,22.30,22.00,24.40,21.90,23.70
TLM_RCV,-52,FG-ALPHA,1713171026,AUTO,2,33.10,5.00,-85,100.00,8.31,3.28,4.93,1128,619,144,325,22.55,1013.00,11.80,404.50,1,1713171012,GSN-01,-83,25.20,73.30,43,0,0,7.81,85,24.20,24.60,22.70,25.00,23.70,25.30,25.40,23.50,21.30,24.00,25.30,25.40,22.60,20.20,21.90,20.60,24.80,23.10,21.20,24.20,21.00,23.70,22.90,25.00,20.40,23.70,22.80,21.20,23.30,22.30,22.70,20.90,21.90,24.20,21.20,25.80,24.10,24.00,25.30,22.50,22.90,25.80,25.60,22.20,23.90,21.70,23.00,23.20,24.20,25.40,21.20,20.20,25.90,25.80,22.20,22.60,22.00,23.00,22.30,21.50,20.70,25.20,25.60,24.90
TLM_RCV,-83,FG-ALPHA,1713171027,AUTO,2,32.71,5.00,-85,99.95,8.32,3.31,4.93,0,541,143,255,22.70,1013.10,11.90,405.20,1,1713170987,GSN-01,-79,23.70,80.40,41,0,0,7.81,85,23.40,20.90,23.40,23.00,24.30,22.40,21.70,23.80,24.60,20.70,24.00,20.90,20.30,25.40,25.30,24.10,25.40,22.20,23.40,20.60,21.20,23.40,22.00,21.20,25.90,20.20,25.80,22.00,20.90,22.90,25.30,21.40,22.40,22.70,22.10,22.90,20.60,20.20,22.70,22.30,24.10,20.20,20.90,22.40,20.00,23.30,21.90,20.20,21.60,24.80,84.70,23.60,22.40,20.40,20.50,21.00,23.30,22.40,22.70,22.00,21.70,21.80,22.50,20.60
TLM_RCV,-77,FG-ALPHA,1713171028,AUTO,2,31.77,5.00,-85,99.98,8.32,3.29,4.92,938,554,117,295,21.92,1013.20,11.90,406.00,1,1713171006,GSN-01,-77,23.40,75.20,48,0,0,7.82,85,23.30,20.60,24.00,24.40,23.60,24.20,23.90,24.30,22.60,20.40,20.50,24.90,23.80,23.80,25.00,25.80,23.90,23.70,21.30,20.50,23.90,24.70,24.50,24.40,25.50,25.40,24.00,23.00,24.30,20.80,23.60,20.80,22.80,25.50,20.20,22.80,21.50,21.80,20.70,22.60,20.30,20.20,24.40,23.50,25.10,24.50,23.00,22.30,22.90,24.90,23.80,21.00,25.70,20.80,22.00,21.10,25.60,24.00,21.10,23.00,22.10,24.50,21.20,25.00
TLM_RCV,-57,FG-ALPHA,1713171029,AUTO,2,32.91,5.00,-85,100.00,8.31,3.29,4.97,1015,582,115,320,22.17,1013.20,11.80,405.70,1,1713170987,GSN-01,-73,24.20,82.80,47,0,0,7.80,84,22.70,22.00,25.80,21.90,24.40,21.30,22.10,25.30,24.00,22.40,20.80,20.40,23.70,25.00,21.80,20.00,23.70,25.70,23.70,23.20,23.80,24.10,24.70,24.00,24.60,24.20,22.70,22.20,25.60,22.70,23.00,21.90,24.00,25.10,21.10,24.60,20.20,23.40,20.20,20.30,22.70,21.80,22.40,23.30,22.90,23.50,25.60,24.80,20.70,23.90,25.90,25.10,22.10,20.40,24.20,24.10,20.10,21.60,24.10,21.40,23.20,24.10,20.90,22.10
TLM_RCV,-47,FG-ALPHA,1713171030,AUTO,2,33.60,5.00,-85,100.00,8.32,3.29,4.98,828,521,109,255,21.53,1013.30,12.00,406.20,1,1713171018,GSN-01,-83,25.70,81.80,42,1,0,7.81,85,24.50,25.20,20.60,25.60,21.20,23.30,22.40,24.00,20.30,23.80,23.50,24.80,25.90,24.40,21.20,22.10,22.00,25.10,21.30,24.30,23.80,23.40,22.20,24.80,24.70,24.70,23.50,25.10,22.20,24.00,25.00,20.70,20.70,23.60,20.30,24.00,23.00,22.70,24.10,25.50,24.70,22.90,25.50,24.20,24.90,21.40,25.00,20.60,21.90,23.70,25.80,23.20,22.60,23.70,23.50,25.50,23.40,25.60,20.90,22.30,24.40,22.50,23.60,20.90
TLM_RCV,-94,FG-ALPHA,1713171031,AUTO,2,31.70,5.00,-85,100.00,8.32,3.29,4.95,970,540,108,273,22.15,1013.50,12.00,405.10,1,1713170996,GSN-01,-73,23.00,79.60,42,1,0,7.80,84,25.70,24.10,22.50,25.80,20.90,22.80,22.10,22.90,25.40,21.60,25.90,22.40,25.80,24.90,21.40,23.00,20.70,21.10,20.00,21.90,25.60,21.10,22.80,21.20,21.30,20.90,22.20,20.30,25.10,24.50,24.10,24.50,20.20,23.30,23.50,22.40,23.50,24.90,24.50,22.90,25.60,23.50,23.10,22.90,24.50,24.50,22.50,22.90,23.20,20.20,21.20,23.40,23.80,21.50,24.30,21.00,23.90,23.60,21.30,24.60,20.40,21.10,20.00,20.50
TLM_RCV,-49,FG-ALPHA,1713171032,AUTO,2,33.88,5.00,-85,100.00,8.31,3.29,4.96,1075,577,134,285,22.49,1012.70,11.80,405.40,1,1713170992,GSN-01,-82,25.20,82.00,44,0,0,7.81,85,24.10,25.30,24.70,20.10,24.50,24.30,23.00,21.40,23.60,24.80,25.20,22.00,25.00,24.80,25.00,21.40,72.10,21.70,24.60,25.20,22.80,21.40,23.20,20.80,23.10,20.40,24.10,24.60,20.40,21.60,21.20,23.40,24.10,24.70,24.40,21.50,25.20,24.20,21.10,24.20,24.50,24.10,25.00,21.20,23.40,24.80,25.00,24.80,25.80,24.20,20.50,24.60,25.10,20.80,25.60,20.70,20.30,25.90,23.80,24.90,24.70,22.00,24.60,23.00
TLM_RCV,-46,FG-ALPHA,1713171033,AUTO,2,31.94,5.00,-85,99.94,8.31,3.29,4.92,0,588,137,307,22.94,1012.70,11.90,405.80,1,1713171013,GSN-01,-82,25.90,82.70,43,0,0,7.82,84,21.60,22.70,21.70,24.80,23.50,24.30,24.80,20.00,20.20,21.80,20.50,25.90,25.10,21.60,20.70,25.50,22.60,21.60,23.30,24.90,21.70,21.30,21.80,25.50,23.90,24.40,25.60,24.80,25.80,23.80,20.10,23.00,20.50,20.20,23.80,21.00,24.80,20.90,22.70,22.60,24.80,21.80,21.20,20.00,21.90,21.70,25.60,23.90,25.30,21.20,25.20,22.30,20.30,23.40,23.70,20.70,21.60,25.90,22.80,21.20,23.50,23.10,22.50,25.70
TLM_RCV,-44,FG-ALPHA,1713171034,AUTO,2,33.78,5.00,-85,99.97,8.32,3.29,4.92,887,555,145,257,21.66,1013.60,12.10,405.80,1,1713170979,GSN-01,-92,24.20,81.30,46,0,0,7.81,84,20.20,20.80,21.20,23.70,21.00,24.50,25.10,21.80,21.00,25.00,20.00,20.80,20.20,22.10,21.80,24.40,25.00,20.20,25.70,25.80,23.80,25.40,21.70,25.00,20.60,21.80,21.70,21.00,22.10,20.30,24.20,22.80,22.70,23.80,21.10,21.30,22.90,23.30,24.80,25.30,25.60,20.40,23.90,22.10,22.10,21.60,25.70,21.90,22.90,22.60,20.80,22.00,25.60,25.40,20.50,24.00,22.20,22.00,25.10,23.00,25.30,20.00,23.60,23.80
TLM_RCV,-62,FG-ALPHA,1713171035,AUTO,2,33.71,5.00,-85,100.00,8.32,3.31,4.96,1147,542,117,284,23.02,1013.60,12.10,404.50,1,1713171024,GSN-01,-74,25.80,78.80,45,0,0,7.81,85,23.50,21.00,21.30,21.50,25.50,22.40,21.50,23.00,22.20,22.30,20.40,21.90,24.00,22.50,24.10,25.40,22.70,22.00,21.50,25.70,21.30,21.30,22.10,20.50,21.50,22.50,20.00,23.80,21.30,20.60,23.50,21.80,21.70,24.20,24.90,23.80,20.10,24.00,22.20,21.90,25.70,23.50,25.30,22.60,22.50,21.10,23.40,23.80,24.80,23.30,23.30,24.00,24.90,21.70,20.40,25.90,20.30,24.40,25.20,22.20,20.00,25.40,23.70,22.20
TLM_RCV,-62,FG-ALPHA,1713171036,AUTO,2,31.59,5.00,-85,100.00,8.32,3.31,4.97,879,519,101,259,21.80,1013.00,11.90,405.20,1,1713171008,GSN-01,-83,25.00,78.70,41,0,0,7.81,84,21.10,24.70,22.60,20.30,20.30,22.70,22.00,20.70,22.70,24.60,20.70,20.30,20.40,22.10,24.90,22.40,22.10,25.10,24.70,23.10,24.70,23.60,21.30,21.30,25.30,23.10,22.50,25.90,23.70,25.00,22.90,20.60,22.50,22.60,20.00,23.10,23.40,20.70,20.80,20.30,22.20,20.50,24.00,21.20,25.30,22.50,20.90,23.00,24.60,25.60,22.00,25.20,21.40,25.30,23.50,25.50,25.60,24.40,21.80,20.40,25.20,24.60,23.70,21.80
TLM_RCV,-63,FG-ALPHA,1713171037,AUTO,2,31.98,5.00,-85,99.94,8.31,3.28,4.99,0,596,111,339,22.98,1013.30,12.10,405.30,1,1713171012,GSN-01,-92,23.30,81.90,49,1,0,7.82,85,22.90,21.80,23.50,23.10,20.60,21.60,20.30,20.20,20.70,22.90,21.40,21.40,22.80,21.90,24.00,25.10,23.30,23.10,20.60,25.00,22.10,22.20,21.60,23.20,23.70,25.10,24.80,23.80,24.50,22.40,21.90,23.50,23.90,22.90,24.50,25.60,23.20,25.40,25.50,22.70,21.20,21.80,20.70,24.30,24.90,20.10,24.90,23.10,23.50,23.60,24.80,22.30,23.30,20.60,22.30,22.20,23.30,23.50,21.20,22.20,20.50,23.80,25.80,20.10
TLM_RCV,-51,FG-ALPHA,1713171038,AUTO,2,31.66,5.00,-85,100.00,8.32,3.29,4.98,1156,532,117,265,23.12,1013.40,12.00,404.90,1,1713170996,GSN-01,-87,24.20,73.60,46,0,0,7.81,84,24.90,24.10,20.10,24.70,25.70,22.40,20.50,21.80,24.60,23.10,25.90,20.80,22.50,25.80,24.60,25.00,25.50,24.00,25.50,22.60,20.10,22.60,24.00,21.40,21.90,25.50,24.50,21.10,20.20,24.40,25.90,21.60,22.40,20.80,21.50,22.90,21.80,21.90,24.90,25.10,22.90,22.50,21.80,20.40,21.60,21.50,24.60,23.50,22.30,22.70,20.90,22.70,21.90,21.90,25.20,23.70,24.70,20.50,25.50,22.40,23.70,25.30,24.80,22.20
TLM_RCV,-76,FG-ALPHA,1713171039,AUTO,2,32.69,5.00,-85,100.00,8.32,3.31,4.98,810,538,121,261,21.36,1012.80,11.80,405.70,1,1713171013,GSN-01,-84,23.00,81.10,49,0,0,7.82,84,22.60,23.30,25.50,23.60,23.60,25.40,21.70,23.50,24.40,24.70,21.60,24.00,23.40,22.50,24.70,25.90,24.00,22.70,21.50,21.00,22.90,23.50,21.20,23.00,21.00,24.00,23.20,23.50,21.00,25.20,23.10,25.80,24.70,25.90,20.80,21.20,25.10,20.90,21.40,21.20,20.40,24.60,20.20,24.70,24.40,21.20,24.00,24.10,21.40,23.70,25.90,22.20,24.90,23.90,24.60,22.50,21.40,21.30,22.40,21.70,25.90,23.30,25.30,20.80
TLM_RCV,-92,FG-ALPHA,1713171040,AUTO,2,32.04,5.00,-85,100.00,8.31,3.29,4.91,849,608,120,345,21.20,1012.80,12.00,405.60,1,1713171030,GSN-01,-92,25.00,75.50,44,0,0,7.78,85,22.30,22.90,20.00,24.70,24.50,24.30,22.50,24.40,23.20,25.90,23.10,21.90,25.00,25.90,20.20,25.20,20.00,20.40,20.80,25.20,21.60,20.40,23.20,22.90,24.40,25.60,24.10,25.00,25.30,21.40,20.30,21.80,23.00,23.40,25.00,25.60,21.60,24.30,20.00,21.90,23.60,24.30,20.30,22.00,20.10,22.40,24.80,25.30,22.60,22.20,22.00,25.80,21.20,25.20,23.30,21.50,22.10,22.80,25.30,21.80,20.20,24.60,24.90,24.20
TLM_RCV,-69,FG-ALPHA,1713171041,AUTO,2,33.69,5.00,-85,100.00,8.32,3.31,4.99,1081,539,135,250,22.71,1013.00,12.00,404.50,1,1713171022,GSN-01,-87,25.20,81.90,46,0,0,7.80,84,23.60,21.70,24.90,25.20,24.40,25.50,25.00,24.30,24.60,23.30,21.80,21.00,25.70,20.00,21.90,21.30,23.30,20.60,23.20,24.80,21.10,21.20,21.60,24.50,21.80,21.60,23.60,21.20,22.30,20.20,25.30,21.80,25.50,21.60,25.30,20.60,24.90,24.00,21.70,21.40,20.90,20.80,21.00,21.50,25.40,23.50,24.20,24.80,21.00,21.30,20.40,25.10,21.90,25.70,22.80,20.60,22.60,22.60,23.50,25.00,22.30,21.50,22.70,24.10
TLM_RCV,-60,FG-ALPHA,1713171042,AUTO,2,33.78,5.00,-85,100.00,8.32,3.29,4.91,874,557,125,281,21.58,1013.20,11.80,404.60,1,1713170990,GSN-01,-81,25.20,81.70,48,0,1,7.81,84,22.70,24.00,20.20,22.70,24.90,23.10,24.00,23.70,20.60,25.70,21.00,21.60,20.00,25.40,21.60,24.00,23.90,23.10,24.70,22.80,23.70,20.40,20.70,20.10,20.40,23.10,20.00,22.20,23.50,22.20,23.90,21.10,24.50,21.60,23.40,22.20,21.30,24.50,22.40,22.30,25.80,22.70,23.50,23.10,21.20,23.20,21.90,25.80,24.00,25.10,21.10,24.40,22.50,20.00,20.90,25.00,20.90,22.00,25.10,20.60,24.70,22.60,25.70,25.30
TLM_RCV,-73,FG-ALPHA,1713171043,AUTO,2,32.76,5.00,-85,100.00,8.32,3.28,4.91,1080,553,125,275,22.64,1012.80,12.00,406.40,1,1713171015,GSN-01,-95,25.40,81.60,47,0,0,7.78,85,23.80,20.50,24.50,20.90,22.60,22.40,20.50,22.30,24.90,21.60,20.30,23.10,21.20,25.50,23.60,20.10,22.70,20.80,23.70,24.30,21.70,87.80,25.90,21.60,23.10,21.20,23.80,24.90,24.00,25.90,22.30,21.80,23.30,24.80,25.30,25.00,20.70,22.50,24.50,23.90,24.70,22.60,21.90,24.10,20.00,20.70,24.70,21.20,23.90,21.50,23.40,21.70,24.00,21.70,25.60,24.20,20.60,20.30,21.00,22.70,25.10,22.60,23.70,21.70
TLM_RCV,-52,FG-ALPHA,1713171044,AUTO,2,33.82,5.00,-85,100.00,8.32,3.31,4.97,829,564,129,288,21.33,1013.00,12.10,406.00,1,1713171028,GSN-01,-92,24.00,75.90,47,0,0,7.80,84,23.10,25.60,24.80,24.00,24.60,23.10,25.00,24.40,20.00,22.30,24.70,23.40,21.40,21.60,22.30,23.80,21.90,21.50,21.20,20.10,22.00,23.20,24.00,25.40,21.40,22.00,22.80,22.00,20.40,20.00,20.50,25.90,25.40,23.50,20.00,25.70,22.10,21.30,21.20,20.30,20.10,25.40,22.60,25.40,25.50,23.10,21.20,22.40,23.80,25.50,25.60,20.30,20.50,22.30,25.60,24.00,25.20,20.10,25.90,23.30,22.00,25.10,22.50,20.90
TLM_RCV,-80,FG-ALPHA,1713171045,AUTO,2,32.78,5.00,-85,100.00,8.32,3.31,4.96,1146,555,143,266,22.95,1012.80,11.80,406.40,1,1713171034,GSN-01,-82,23.90,75.80,42,0,0,7.82,84,24.00,24.80,24.70,23.50,25.00,22.40,20.10,25.20,23.30,20.20,22.00,23.30,23.30,24.90,21.40,24.20,20.50,23.20,21.30,24.40,22.90,23.70,20.50,21.70,22.90,20.80,25.40,24.70,25.00,21.60,23.60,21.40,22.30,23.40,21.60,22.10,21.00,25.00,21.80,23.30,21.70,25.20,21.80,24.80,23.60,20.30,20.40,21.50,25.50,20.10,20.10,22.70,21.70,20.30,23.20,21.40,25.20,20.40,20.20,24.50,25.10,21.30,25.20,22.80
TLM_RCV,-70,FG-ALPHA,1713171046,AUTO,2,32.07,5.00,-85,100.00,8.31,3.31,4.99,863,614,130,334,21.25,1012.80,11.90,405.80,1,1713171018,GSN-01,-83,23.90,80.30,46,0,0,7.81,84,23.70,21.00,23.70,21.50,20.90,25.20,25.80,20.70,22.50,20.80,25.50,25.00,21.00,25.80,21.20,23.20,20.60,20.60,23.70,25.00,21.80,21.50,25.70,24.70,22.50,21.50,22.20,20.80,21.90,24.80,24.70,23.30,25.30,25.60,20.10,25.30,21.90,24.00,21.50,24.70,21.70,22.10,22.60,23.10,21.30,25.70,22.30,23.80,23.60,24.10,21.30,23.00,21.70,20.40,21.40,21.90,24.60,24.30,86.60,24.40,20.20,24.60,20.80,25.90
TLM_RCV,-76,FG-ALPHA,1713171047,AUTO,2,32.78,5.00,-85,100.00,8.32,3.28,4.92,945,555,130,272,21.95,1012.90,12.10,405.50,1,1713171019,GSN-01,-76,25.20,77.00,42,0,0,7.82,85,22.30,21.60,21.80,24.80,22.50,23.90,25.20,21.00,22.20,25.20,23.20,23.00,23.50,25.70,20.60,22.90,22.20,24.60,23.70,23.40,25.50,20.20,25.90,20.10,20.40,24.60,25.80,22.70,20.00,21.50,25.60,20.70,23.70,25.30,23.90,22.20,24.90,25.30,24.50,22.40,20.00,21.40,24.10,23.60,22.70,24.40,25.30,21.30,23.00,25.30,25.50,23.30,21.80,24.50,20.40,21.40,24.70,20.10,20.80,22.80,23.20,23.40,22.90,23.10
TLM_RCV,-54,FG-ALPHA,1713171048,AUTO,2,32.85,5.00,-85,100.00,8.31,3.31,4.97,1157,571,121,297,22.93,1013.40,11.90,405.10,1,1713171022,GSN-01,-89,24.00,80.20,44,0,0,7.79,85,23.60,22.60,21.20,24.50,24.80,20.30,22.30,20.10,22.60,25.40,25.40,20.30,25.50,23.10,25.70,21.50,21.20,21.00,23.00,24.20,20.30,22.90,23.60,21.50,21.90,23.90,23.00,23.20,24.20,25.30,25.40,21.90,23.40,21.60,20.20,24.00,25.60,21.40,24.20,23.80,24.60,23.00,20.40,20.60,25.10,21.50,20.00,24.50,20.70,25.30,23.80,22.80,24.00,23.10,24.80,22.20,23.00,22.50,25.10,24.10,23.10,21.20,24.40,24.40
TLM_RCV,-91,FG-ALPHA,1713171049,AUTO,2,32.17,5.00,-85,100.00,8.30,3.28,4.93,1039,635,143,333,22.02,1013.00,11.80,405.10,1,1713170996,GSN-01,-89,24.00,76.10,45,0,0,7.78,85,20.70,21.00,23.10,20.30,24.50,24.20,20.00,22.40,22.10,23.90,24.80,24.70,24.30,24.50,25.30,20.90,24.80,23.40,21.40,22.30,25.00,24.70,22.30,25.50,23.70,23.00,25.10,20.50,23.50,22.50,24.60,25.60,21.40,24.10,24.90,25.00,25.50,24.50,21.60,25.10,23.70,24.10,21.90,21.30,24.60,22.20,22.00,21.20,23.10,25.10,25.10,21.20,25.20,25.90,23.00,21.70,24.10,22.40,24.20,23.50,23.30,23.40,20.00,21.80
TLM_RCV,-52,FG-ALPHA,1713171050,AUTO,2,31.88,5.00,-85,99.94,8.31,3.30,4.96,0,576,115,320,22.88,1012.80,11.90,405.80,1,1713171005,GSN-01,-95,25.50,78.00,49,0,0,7.82,85,21.00,23.00,24.70,20.80,20.00,20.10,23.30,23.40,21.40,23.50,21.80,23.20,21.70,20.40,21.70,23.60,22.10,20.50,22.40,25.70,23.80,23.90,25.20,23.20,25.30,22.10,21.20,22.90,21.80,25.70,22.90,25.20,22.50,20.50,23.40,23.70,25.90,22.60,25.00,23.80,21.80,25.60,21.80,24.90,24.80,23.70,22.70,23.80,25.70,24.40,21.80,22.20,24.20,20.50,22.30,25.50,23.30,23.10,20.60,22.70,25.40,20.60,25.60,23.20
TLM_RCV,-87,FG-ALPHA,1713171051,AUTO,2,32.92,5.00,-85,99.97,8.31,3.30,4.98,909,585,147,285,21.62,1013.60,11.80,405.70,1,1713171014,GSN-01,-75,23.60,80.90,44,0,0,7.78,85,24.80,24.60,20.70,24.20,24.40,21.60,25.10,24.10,20.50,24.50,20.20,22.20,21.80,24.80,23.40,20.90,22.90,25.00,21.20,25.80,20.90,25.90,24.70,22.80,24.40,21.60,23.60,25.10,24.50,22.10,25.40,21.10,24.10,23.20,23.60,22.70,25.30,21.60,25.00,22.80,25.30,22.10,22.70,20.90,20.50,24.20,25.00,22.00,24.90,21.20,25.30,20.10,21.60,20.60,21.90,21.70,23.10,23.30,20.10,20.10,22.00,22.40,23.00,24.90
TLM_RCV,-45,FG-ALPHA,1713171052,AUTO,2,32.13,5.00,-85,100.00,8.31,3.29,4.97,1049,627,146,326,22.11,1013.00,12.00,405.30,1,1713171006,GSN-01,-72,25.50,75.90,42,0,0,7.82,84,20.50,22.30,25.80,22.70,23.20,23.10,23.20,23.90,22.70,23.30,21.10,20.10,24.40,20.70,23.20,21.30,25.90,23.00,25.90,23.70,25.70,25.50,20.10,25.80,25.30,22.00,22.50,20.00,24.50,24.90,23.30,20.10,24.70,25.10,23.40,22.40,20.20,21.20,24.80,24.30,23.30,24.30,23.40,21.70,23.60,23.40,23.70,23.30,25.00,23.80,20.60,21.10,21.10,21.90,25.40,24.10,25.90,21.60,24.70,20.30,22.70,24.10,23.20,21.40
TLM_RCV,-46,FG-ALPHA,1713171053,AUTO,2,32.00,5.00,-85,100.00,8.31,3.30,4.90,960,599,103,348,21.81,1013.10,12.10,406.00,1,1713171007,GSN-01,-95,25.80,78.50,45,0,0,7.81,84,25.40,23.00,23.60,21.80,20.20,21.20,24.40,22.80,22.90,25.30,21.10,22.30,20.70,24.20,22.60,24.70,24.10,25.60,24.60,22.80,23.20,20.10,24.40,21.80,22.30,23.00,21.70,24.70,21.20,25.30,20.40,25.20,21.60,22.70,22.60,22.50,21.50,24.50,21.90,25.00,22.90,21.00,20.90,23.00,24.80,25.50,20.00,21.50,22.20,25.40,20.80,21.70,24.40,23.00,21.70,20.40,25.50,24.10,21.80,25.00,21.80,21.70,25.50,20.60
TLM_RCV,-79,FG-ALPHA,1713171075,AUTO,2,31.97,5.00,-85,100.00,8.31,3.28,4.95,895,593,112,326,21.51,1013.60,11.90,405.00,1,1713171041,GSN-01,-86,24.50,73.20,43,0,0,7.78,85,25.60,25.40,24.10,25.10,21.20,23.30,25.90,23.40,21.20,20.30,24.50,24.80,21.00,22.60,23.40,20.60,23.30,21.20,21.50,23.50,20.80,25.50,23.80,22.50,24.00,24.30,20.40,22.40,24.50,25.30,23.90,21.70,22.00,21.90,22.40,25.50,21.80,21.70,22.60,25.90,21.10,23.80,25.50,21.10,20.20,23.30,20.30,21.30,21.80,23.50,25.40,20.40,21.40,22.00,20.60,25.30,21.60,25.10,23.40,20.30,23.00,20.00,22.30,20.30
TLM_RCV,-73,FG-ALPHA,1713171076,AUTO,2,34.10,5.00,-85,100.00,8.31,3.31,4.96,1192,620,141,329,22.86,1013.50,12.00,406.40,1,1713171063,GSN-01,-90,25.10,77.30,46,0,0,7.78,85,22.80,21.20,21.50,24.70,23.20,22.60,21.10,21.50,21.00,20.50,20.90,21.90,24.80,24.80,21.60,22.90,25.00,25.70,21.30,23.90,73.90,20.00,25.50,25.60,21.00,20.90,20.80,22.40,20.60,24.00,21.00,22.10,22.70,25.40,20.50,20.90,21.40,20.40,24.00,25.50,23.30,25.40,24.30,24.50,22.30,20.80,23.20,22.40,20.00,25.10,24.70,22.80,22.90,23.00,23.70,23.00,22.30,24.60,25.30,25.20,20.90,24.10,23.30,22.30
TLM_RCV,-56,FG-ALPHA,1713171077,AUTO,2,33.76,5.00,-85,100.00,8.32,3.31,4.95,917,552,120,291,21.83,1013.60,12.00,405.70,1,1713171031,GSN-01,-71,25.80,77.70,41,0,1,7.80,85,25.90,22.80,20.10,21.90,20.30,25.00,25.10,21.20,22.30,23.70,21.00,20.70,25.20,24.30,20.20,22.30,24.20,24.10,24.60,24.00,24.10,21.10,21.90,22.50,20.70,25.50,20.10,24.60,22.30,21.10,22.20,24.80,20.80,22.10,20.40,24.90,25.40,23.20,24.60,23.50,21.20,23.10,25.10,23.30,24.30,23.60,23.10,25.40,21.50,21.00,22.00,24.50,24.40,20.70,20.10,20.30,25.30,25.50,25.10,21.40,23.20,23.40,24.00,20.60
TLM_RCV,-59,FG-ALPHA,1713171078,AUTO,2,31.99,5.00,-85,100.00,8.31,3.31,4.96,883,598,145,295,21.42,1013.30,11.90,404.60,1,1713171021,GSN-01,-71,24.00,77.80,46,0,0,7.78,85,23.30,20.70,21.10,20.60,25.50,25.30,20.30,22.60,23.80,21.60,22.00,24.40,24.60,24.30,25.00,22.90,25.10,22.50,22.90,21.50,24.90,21.80,21.40,25.20,24.10,23.00,20.10,24.40,25.50,20.00,22.30,21.00,22.90,23.60,23.70,25.00,23.80,21.30,25.20,24.20,25.60,24.10,20.10,24.30,23.00,21.70,24.10,23.20,21.10,24.40,22.40,23.40,24.20,21.00,23.20,24.40,23.50,25.50,23.50,21.20,25.20,24.90,22.90,22.10
TLM_RCV,-86,FG-ALPHA,1713171079,AUTO,2,32.65,5.00,-85,100.00,8.32,3.31,4.90,1176,531,100,272,23.23,1012.80,12.00,404.80,1,1713171047,GSN-01,-72,24.60,81.70,47,0,1,7.79,84,23.60,24.20,24.70,20.80,24.00,24.00,21.90,24.40,25.10,20.60,20.00,24.80,20.10,25.90,25.00,24.30,24.00,23.20,21.00,24.30,20.10,20.20,24.90,21.50,24.70,23.00,20.90,25.40,20.00,25.60,25.40,22.90,21.90,23.10,23.00,24.50,24.50,23.80,21.90,24.00,24.20,25.40,21.10,21.00,20.50,25.40,25.10,25.10,24.30,22.50,24.80,25.20,24.60,25.70,25.00,22.70,23.60,21.20,23.20,23.80,25.20,24.40,23.10,24.70
TLM_RCV,-45,FG-ALPHA,1713171080,AUTO,2,33.01,5.00,-85,100.00,8.31,3.28,4.98,882,601,113,342,21.41,1013.10,12.10,405.30,1,1713171066,GSN-01,-74,25.40,80.00,48,0,0,7.82,85,24.80,21.60,25.70,21.00,25.60,23.60,22.60,24.30,25.20,25.50,22.90,25.70,23.60,24.80,21.60,24.30,23.10,24.20,20.60,25.10,24.00,25.90,23.70,20.90,22.10,21.90,20.80,24.90,22.20,21.30,21.40,23.50,20.60,20.30,25.20,25.30,23.50,20.80,22.90,24.60,20.90,24.00,21.40,21.80,22.00,20.70,24.70,23.60,24.40,21.70,20.70,21.80,23.40,22.80,21.90,23.70,21.40,25.10,24.60,22.30,20.80,20.50,21.60,20.70
TLM_RCV,-89,FG-ALPHA,1713171081,AUTO,2,33.01,5.00,-85,100.00,8.31,3.28,4.91,1162,602,148,295,22.80,1013.10,11.90,405.00,1,1713171040,GSN-01,-77,25.20,75.10,40,0,0,7.79,85,22.50,25.00,22.50,23.60,22.30,21.70,23.30,24.10,20.90,22.60,25.90,23.00,20.40,22.00,25.80,24.40,24.90,21.50,24.30,22.50,21.70,21.60,23.50,21.40,22.60,22.10,24.10,24.30,20.70,20.60,23.60,21.80,22.50,23.10,22.10,21.90,21.90,24.30,20.10,21.30,21.70,25.00,23.40,22.10,24.20,25.50,22.50,23.70,20.80,24.70,22.50,20.30,22.60,24.90,22.70,20.10,21.00,20.30,24.80,22.40,20.10,20.60,23.30,24.70
TLM_RCV,-56,FG-ALPHA,1713171082,AUTO,2,34.04,5.00,-85,99.94,8.31,3.29,4.99,0,609,120,349,23.05,1013.30,12.10,404.80,1,1713171040,GSN-01,-88,25.90,82.10,43,0,0,7.80,84,25.80,23.00,24.80,22.50,21.40,25.60,22.90,20.80,22.90,21.20,25.80,20.60,23.80,23.70,25.70,25.50,24.90,20.70,25.00,21.40,24.80,25.20,21.10,23.40,23.30,24.60,21.20,23.40,22.50,22.40,25.20,20.80,24.80,25.60,25.70,21.50,25.00,20.50,22.50,21.30,21.90,22.30,25.40,21.10,21.40,21.60,20.30,21.30,22.20,25.60,22.50,20.50,20.00,20.40,24.30,22.50,21.80,24.20,24.10,25.70,22.20,24.30,25.60,25.30
TLM_RCV,-49,FG-ALPHA,1713171083,AUTO,2,31.85,5.00,-85,99.98,8.31,3.29,4.91,956,570,148,269,21.93,1013.60,11.90,405.40,1,1713171056,GSN-01,-90,23.90,78.70,45,0,0,7.79,84,24.50,23.80,20.20,23.20,24.00,23.80,23.10,21.40,25.20,25.30,25.60,23.50,20.70,20.60,20.20,20.10,23.60,20.20,23.40,20.80,24.80,24.40,22.50,20.90,23.70,21.10,25.70,20.00,22.40,21.80,22.90,22.40,20.40,23.70,21.70,25.60,25.30,24.40,23.90,21.70,23.70,20.80,23.70,23.10,23.90,23.40,25.50,25.80,21.90,20.50,21.90,24.00,22.80,24.30,23.70,24.40,25.20,23.50,20.20,25.00,22.90,23.90,22.70,25.50
TLM_RCV,-72,FG-ALPHA,1713171084,AUTO,2,31.53,5.00,-85,100.00,8.32,3.28,4.96,1065,506,109,255,22.80,1013.00,12.00,405.20,1,1713171030,GSN-01,-74,24.40,77.60,44,0,0,7.79,85,24.30,24.20,23.60,22.80,20.30,20.00,22.00,20.30,24.50,21.30,20.10,23.40,24.30,25.10,24.80,24.60,21.90,22.50,20.80,25.00,24.60,24.80,24.10,22.30,20.70,25.20,24.20,22.30,25.30,21.00,25.30,22.00,25.10,20.90,24.80,21.30,20.70,21.20,24.40,23.20,20.90,20.70,24.30,20.80,22.40,22.60,25.10,20.10,23.00,20.80,25.10,23.50,20.00,25.70,24.10,25.40,20.00,23.30,21.30,25.30,25.50,20.50,25.90,23.20
TLM_RCV,-71,FG-ALPHA,1713171085,AUTO,2,33.78,5.00,-85,99.94,8.32,3.28,4.91,0,555,137,267,22.77,1012.70,12.00,406.10,1,1713171034,GSN-01,-73,23.60,73.20,46,0,0,7.80,85,23.90,24.10,20.40,21.10,25.40,20.90,22.00,24.30,22.60,25.10,23.80,21.80,25.60,22.10,22.60,23.30,21.40,21.50,20.30,25.40,24.40,20.80,25.30,24.30,22.30,21.30,21.50,21.40,21.50,20.70,25.00,20.00,21.00,21.40,24.50,22.10,21.10,20.10,23.20,25.40,20.80,22.90,24.10,23.70,22.40,23.80,22.10,20.50,25.50,25.90,22.60,21.30,25.90,25.80,24.50,22.30,24.40,22.20,21.30,22.20,24.60,23.20,23.90,21.00
TLM_RCV,-63,FG-ALPHA,1713171086,AUTO,2,31.83,5.00,-85,99.89,8.31,3.31,4.92,0,567,115,309,22.83,1013.10,12.10,405.80,1,1713171055,GSN-01,-93,23.80,76.20,45,0,0,7.81,85,25.00,24.80,22.00,24.00,21.10,23.00,25.70,24.20,20.50,23.80,24.00,23.30,24.40,21.60,25.90,20.10,24.60,25.00,22.60,20.40,24.60,24.50,24.90,22.00,20.70,23.00,24.90,22.00,24.20,23.90,21.00,25.50,20.50,22.30,24.00,24.10,25.90,25.60,22.80,21.60,21.00,25.40,22.20,21.80,21.80,24.50,20.80,20.50,25.10,20.80,23.20,21.10,25.10,20.40,20.30,21.30,25.40,22.80,24.70,25.60,24.70,21.80,20.30,24.90
TLM_RCV,-95,FG-ALPHA,1713171087,AUTO,2,33.87,5.00,-85,99.92,8.31,3.29,4.92,905,574,132,294,21.66,1013.00,11.80,406.20,1,1713171030,GSN-01,-87,24.70,74.50,41,0,0,7.79,84,21.30,25.10,23.80,22.40,22.90,22.90,23.50,21.50,25.40,22.70,22.30,20.20,22.50,25.90,21.80,25.80,21.30,25.70,20.80,20.90,24.80,23.10,25.80,23.10,23.30,23.60,22.00,25.90,20.00,25.70,25.00,20.90,22.90,22.60,25.60,20.10,25.00,21.40,25.60,20.70,23.70,22.80,23.40,20.10,23.70,22.50,21.50,25.10,24.70,21.40,25.40,25.80,25.70,20.00,25.30,21.40,21.40,23.70,24.80,25.80,22.60,24.30,23.60,21.90
TLM_RCV,-86,FG-ALPHA,1713171088,AUTO,2,32.96,5.00,-85,99.97,8.31,3.31,4.95,1131,591,122,318,22.70,1012.90,12.00,405.20,1,1713171057,GSN-01,-72,23.50,82.20,40,0,0,7.82,84,23.60,25.20,22.90,20.00,24.80,22.30,23.70,22.90,20.00,25.90,23.20,24.10,23.40,20.10,24.50,20.80,23.80,24.20,22.00,21.80,20.30,20.30,21.10,20.10,21.20,25.10,20.00,21.10,24.90,22.60,21.90,22.20,24.00,22.80,24.30,25.00,20.40,24.00,20.70,21.00,25.70,22.70,20.70,22.80,25.00,21.30,25.10,25.70,25.20,23.10,23.80,20.50,23.60,22.30,25.20,25.00,21.30,24.40,24.50,25.30,21.50,23.40,23.30,20.40
TLM_RCV,-47,FG-ALPHA,1713171089,AUTO,2,31.94,5.00,-85,99.92,8.31,3.30,4.94,0,589,145,302,22.94,1013.10,11.90,405.80,1,1713171053,GSN-01,-74,24.50,73.20,41,0,0,7.79,85,22.10,25.90,23.00,24.80,24.30,24.50,24.40,20.40,22.00,24.80,21.80,23.80,25.80,20.80,22.80,25.20,24.20,25.70,25.50,23.60,23.10,24.80,21.80,21.70,22.50,25.30,20.50,24.00,23.40,25.20,23.30,20.30,23.50,22.60,25.60,23.70,21.30,21.40,23.40,25.00,25.30,22.80,21.20,23.90,24.50,25.00,21.20,25.50,21.80,23.30,24.80,25.30,24.90,21.80,22.00,23.80,24.10,20.10,24.50,23.60,23.00,24.20,23.00,23.30
TLM_RCV,-55,FG-ALPHA,1713171090,AUTO,2,31.77,5.00,-85,99.98,8.32,3.28,4.90,1149,555,132,268,22.97,1013.40,12.10,404.80,1,1713171057,GSN-01,-84,24.10,75.00,45,0,0,7.78,84,21.60,22.60,24.30,25.10,23.70,24.30,22.00,22.90,20.70,21.20,21.10,21.60,22.60,24.40,24.00,25.40,25.30,21.10,20.70,24.10,21.30,25.60,25.80,20.60,22.10,24.00,22.00,20.70,25.70,25.70,20.90,24.60,20.60,22.10,20.90,24.30,20.10,23.80,21.80,22.70,24.50,24.00,20.00,25.00,22.40,25.00,23.40,24.90,24.70,24.10,21.10,22.70,22.70,20.20,20.60,22.60,24.60,23.50,24.70,25.30,22.40,25.50,25.10,20.30
TLM_RCV,-72,FG-ALPHA,1713171091,AUTO,2,33.68,5.00,-85,100.00,8.32,3.30,4.98,1027,536,109,273,22.45,1012.80,12.00,404.90,1,1713171076,GSN-01,-87,25.90,78.20,43,0,0,7.80,84,21.50,25.50,23.80,20.90,24.80,21.80,25.20,23.30,23.40,24.20,23.90,25.50,21.00,23.30,20.20,22.90,24.70,23.60,21.40,25.10,21.50,21.40,23.30,22.60,22.00,24.50,23.10,24.60,21.90,22.40,22.60,20.40,23.00,21.50,21.80,21.30,21.70,22.80,23.90,22.20,20.30,22.10,20.90,23.60,23.10,24.20,20.20,21.30,24.40,21.70,20.60,22.80,23.30,23.40,24.50,25.70,23.40,25.20,21.30,24.60,22.30,20.30,25.60,22.10
TLM_RCV,-93,FG-ALPHA,1713171092,AUTO,2,33.71,5.00,-85,100.00,8.32,3.31,4.94,1147,541,138,251,23.03,1012.80,11.80,405.00,1,1713171033,GSN-01,-73,25.50,81.30,42,0,0,7.79,85,22.20,23.10,22.30,25.20,21.00,23.70,21.70,21.50,25.10,24.60,20.40,25.30,23.50,23.10,20.60,23.80,25.60,21.00,23.40,22.60,21.30,25.50,20.00,24.70,25.40,23.80,23.60,25.70,21.60,25.40,25.60,22.90,25.50,23.20,24.10,20.60,21.00,23.20,24.20,22.00,21.60,20.10,22.40,23.40,23.80,24.90,25.00,22.30,20.50,23.20,20.50,24.70,21.20,20.10,21.50,22.40,22.40,20.00,22.10,22.80,21.20,25.90,21.60,23.90
TLM_RCV,-86,FG-ALPHA,1713171093,AUTO,2,33.72,5.00,-85,100.00,8.32,3.28,4.98,1120,543,104,285,22.89,1013.40,11.80,405.10,1,1713171057,GSN-01,-95,24.40,74.50,40,0,1,7.80,84,20.50,25.60,21.30,21.00,22.40,22.60,22.10,23.00,25.00,24.10,21.00,24.50,22.90,22.20,25.50,21.30,24.00,20.50,21.90,21.90,20.50,21.40,25.20,24.30,20.90,24.00,23.40,20.30,22.30,21.90,24.40,21.60,22.50,25.40,24.90,21.90,23.50,25.40,23.50,23.50,25.60,23.20,25.60,21.10,22.50,23.50,20.00,20.50,20.10,21.70,25.10,23.80,22.60,25.40,25.20,23.00,23.40,25.80,23.70,20.20,23.80,22.50,20.90,20.70
TLM_RCV,-94,FG-ALPHA,1713171094,AUTO,2,33.69,5.00,-85,99.95,8.32,3.29,4.98,0,537,128,259,22.68,1013.40,11.80,404.50,1,1713171065,GSN-01,-79,23.90,74.60,40,0,0,7.78,85,25.10,25.40,21.10,22.50,20.00,24.20,25.50,25.00,22.60,23.50,21.50,24.80,25.30,20.70,22.60,22.80,22.30,20.30,22.00,21.70,23.40,21.10,21.20,20.50,21.50,25.10,24.70,23.10,21.00,22.60,24.00,20.50,24.60,25.90,25.30,20.10,22.50,23.40,23.90,21.90,23.10,21.80,20.00,24.20,21.90,21.50,22.20,23.00,20.10,20.70,25.40,25.70,22.90,25.40,23.30,25.80,25.80,23.80,22.50,24.00,25.90,21.90,20.50,25.60
TLM_RCV,-51,FG-ALPHA,1713171095,AUTO,2,32.97,5.00,-85,99.97,8.31,3.29,4.97,846,595,132,311,21.25,1012.70,12.10,405.90,1,1713171065,GSN-01,-85,23.80,75.80,40,0,0,7.81,85,22.40,22.40,25.40,24.30,21.10,21.60,25.80,25.40,22.20,21.30,21.70,25.50,25.20,22.10,25.50,21.10,24.50,21.50,24.00,25.60,21.40,23.40,24.70,25.60,21.00,24.90,24.10,24.90,23.10,20.00,22.70,22.80,24.10,21.20,20.60,25.40,20.00,23.90,22.10,22.60,23.30,20.40,25.10,21.90,25.50,23.00,22.80,24.50,21.00,21.90,20.00,21.90,22.80,22.00,23.30,22.40,21.80,22.60,20.00,20.50,22.00,24.70,20.50,25.90
TLM_RCV,-69,FG-ALPHA,1713171096,AUTO,2,33.03,5.00,-85,100.00,8.31,3.29,4.99,888,607,112,339,21.41,1013.60,11.80,406.20,1,1713171049,GSN-01,-81,25.80,82.40,41,0,0,7.80,84,24.20,25.40,23.90,21.30,23.60,25.80,20.70,24.30,24.70,20.10,25.40,24.80,22.70,25.90,24.20,25.10,20.90,24.70,21.60,21.70,22.60,25.50,22.70,23.40,24.20,21.50,20.70,21.80,21.60,25.60,21.00,23.80,20.20,24.00,25.60,25.60,20.40,23.30,22.40,24.10,25.30,24.60,22.60,22.10,20.80,21.50,23.50,22.30,23.20,21.70,25.90,21.40,23.20,21.80,24.80,21.70,22.00,22.40,22.80,23.10,24.60,22.40,21.20,20.30
TLM_RCV,-86,FG-ALPHA,1713171097,AUTO,2,33.62,5.00,-85,100.00,8.32,3.28,4.90,996,523,115,251,22.36,1013.50,11.80,404.50,1,1713171038,GSN-01,-78,25.20,73.80,43,0,0,7.82,85,23.90,21.80,21.10,25.60,25.60,24.90,21.50,23.00,23.60,24.10,21.00,23.40,20.00,20.70,22.90,20.00,23.40,23.60,21.90,25.10,20.70,25.70,22.30,20.40,22.80,20.60,84.00,21.60,20.30,23.40,25.80,23.30,20.70,20.30,24.20,24.30,24.50,22.30,22.30,23.70,21.60,24.30,25.10,21.70,25.40,24.60,22.80,23.80,22.40,22.60,20.00,25.40,25.30,25.40,23.30,22.30,24.10,22.30,24.50,24.80,20.60,21.40,22.00,23.70
TLM_RCV,-47,FG-ALPHA,1713171098,AUTO,2,32.86,5.00,-85,100.00,8.31,3.31,4.91,981,572,145,274,22.05,1012.70,11.80,405.00,1,1713171063,GSN-01,-95,25.60,73.20,46,0,0,7.81,85,24.20,21.60,24.10,25.00,21.50,25.00,24.00,20.20,22.70,23.60,20.20,20.10,22.00,23.50,20.50,22.60,24.60,20.90,24.00,23.40,20.40,24.30,23.60,22.70,24.90,25.30,25.90,24.80,23.70,25.60,25.10,23.10,23.10,21.10,24.20,25.40,20.50,25.80,21.60,21.80,20.60,21.80,25.10,25.40,25.30,21.90,25.50,21.60,25.60,23.80,20.20,20.90,20.50,24.40,20.00,21.80,22.00,25.80,24.90,20.90,21.60,21.40,23.90,22.90
TLM_RCV,-93,FG-ALPHA,1713171099,AUTO,2,33.15,5.00,-85,100.00,8.31,3.29,4.96,956,629,137,344,21.64,1013.60,11.90,406.40,1,1713171047,GSN-01,-88,24.50,82.80,45,0,0,7.80,84,25.80,21.80,21.40,25.00,25.90,25.70,22.00,21.40,21.90,20.60,20.40,23.80,25.50,21.60,25.30,22.90,24.30,25.00,24.30,23.70,24.10,20.00,20.30,21.60,23.50,24.00,25.30,21.70,24.90,20.10,25.90,22.30,21.60,24.50,23.60,23.10,20.10,25.80,23.90,23.30,22.00,24.30,24.50,23.30,25.00,25.50,23.60,25.70,21.80,23.70,23.20,24.80,21.50,21.80,25.30,23.20,24.30,20.10,22.00,22.30,22.10,21.00,24.50,21.30
TLM_RCV,-83,FG-ALPHA,1713171100,AUTO,2,31.62,5.00,-85,99.95,8.32,3.29,4.99,0,525,111,260,22.62,1013.20,12.00,405.90,1,1713171067,GSN-01,-94,25.00,81.70,48,0,0,7.78,85,22.40,24.70,21.90,23.90,22.20,20.20,21.00,25.90,22.30,20.20,24.50,24.80,20.10,23.70,25.80,21.50,20.20,22.30,23.10,20.80,25.30,22.60,21.40,24.00,22.60,22.30,23.70,25.30,22.80,22.60,24.30,24.30,21.20,23.90,21.30,22.60,22.00,22.90,25.00,25.40,23.00,21.70,21.90,24.30,20.90,23.80,21.10,23.90,21.40,20.40,21.80,24.10,21.70,20.90,25.20,25.20,25.10,25.60,22.60,22.70,24.30,24.20,22.90,21.40
TLM_RCV,-61,FG-ALPHA,1713171101,AUTO,2,31.73,5.00,-85,100.00,8.32,3.29,4.93,1057,545,137,254,22.56,1012.90,12.00,404.50,1,1713171077,GSN-01,-72,23.00,73.60,47,0,0,7.80,84,24.30,23.20,24.40,21.90,21.50,20.20,23.40,20.70,22.30,21.40,20.90,21.20,23.80,23.00,22.40,20.30,23.00,24.00,23.60,20.30,24.70,23.90,21.90,23.80,22.00,25.40,20.80,24.00,24.10,22.20,22.70,21.10,25.40,23.00,22.80,25.90,21.10,24.20,22.00,20.70,25.90,25.20,24.60,20.20,23.30,24.90,20.50,22.10,23.70,24.70,23.00,25.20,24.30,23.40,20.50,22.50,21.20,23.90,20.20,20.90,23.30,22.60,23.60,21.80
TLM_RCV,-63,FG-ALPHA,1713171102,AUTO,2,33.77,5.00,-85,100.00,8.32,3.29,4.95,836,554,133,272,21.41,1013.30,11.80,404.50,1,1713171080,GSN-01,-92,24.60,77.00,41,0,0,7.79,84,22.20,21.50,22.20,24.80,23.70,21.20,23.30,21.70,25.70,25.30,22.20,20.20,25.80,21.30,24.40,23.80,23.40,24.10,22.40,22.40,22.00,22.50,22.50,24.10,22.20,21.20,22.90,25.20,22.90,24.60,22.70,20.90,24.40,22.90,22.50,21.10,24.00,20.30,21.50,22.70,20.40,22.80,25.10,20.60,21.80,23.10,21.10,23.70,23.80,24.40,20.70,25.90,22.40,20.30,20.80,20.10,23.80,21.70,24.10,21.40,21.70,25.30,25.80,22.20
TLM_RCV,-56,FG-ALPHA,1713171103,AUTO,2,33.76,5.00,-85,100.00,8.32,3.31,4.95,1032,553,143,260,22.40,1012.90,11.80,405.40,1,1713171074,GSN-01,-92,24.80,80.50,46,0,0,7.82,85,22.90,24.20,25.70,23.10,22.50,21.70,20.80,20.10,23.60,22.90,24.80,23.50,21.30,20.40,25.40,23.10,20.20,22.80,23.70,21.70,23.20,25.20,25.90,21.10,20.40,25.80,22.40,22.80,24.50,24.30,25.70,22.80,25.50,25.00,24.90,25.60,21.90,20.90,21.80,24.90,23.80,25.60,23.60,21.10,25.10,20.50,25.20,22.50,24.30,20.00,24.40,20.60,24.90,25.70,20.10,20.80,20.20,24.50,22.30,25.50,24.70,23.60,23.60,25.20
TLM_RCV,-70,FG-ALPHA,1713171104,AUTO,2,33.93,5.00,-85,100.00,8.31,3.30,4.93,948,586,114,322,21.81,1013.40,12.00,405.10,1,1713171051,GSN-01,-93,24.20,79.90,49,0,0,7.80,84,23.00,21.50,23.00,21.60,24.00,20.10,24.50,23.00,25.30,24.70,20.80,25.80,24.30,23.80,23.30,22.00,21.40,23.50,21.00,23.40,21.90,24.90,22.70,22.70,24.80,23.60,25.50,22.60,25.50,21.30,20.00,24.30,20.30,25.10,25.00,22.30,21.50,22.10,23.80,23.50,24.80,22.80,24.20,25.10,25.70,21.70,22.10,20.80,23.10,25.30,23.00,21.40,25.80,25.50,21.70,22.80,23.50,21.00,25.40,20.00,24.70,23.30,23.90,21.30
TLM_RCV,-61,FG-ALPHA,1713171105,AUTO,2,31.58,5.00,-85,100.00,8.32,3.29,4.93,995,517,111,265,22.39,1013.40,12.10,404.80,1,1713171084,GSN-01,-76,24.40,75.90,43,0,0,7.80,85,25.50,21.20,24.80,24.80,23.70,20.10,22.90,25.00,21.50,21.10,21.00,22.00,20.70,25.60,20.30,77.20,20.20,20.70,21.30,24.80,20.50,20.40,20.90,20.30,20.00,25.70,20.70,24.90,21.10,25.10,23.30,20.70,20.60,22.90,25.50,25.30,20.40,25.70,22.70,23.00,23.50,24.50,21.40,25.40,24.30,21.10,23.00,23.00,21.10,24.60,21.20,21.60,25.60,25.80,24.30,23.80,23.20,21.60,21.60,24.90,20.50,25.80,24.30,22.40
TLM_RCV,-52,FG-ALPHA,1713171106,AUTO,2,31.62,5.00,-85,99.95,8.32,3.29,4.91,0,525,107,261,22.62,1013.30,11.80,405.90,1,1713171070,GSN-01,-80,25.80,75.70,44,0,0,7.79,85,21.20,23.20,22.60,25.60,20.20,23.50,24.70,22.70,25.20,24.00,20.60,22.60,21.00,20.30,21.20,20.40,20.40,25.20,25.30,22.80,22.10,23.20,24.30,21.70,23.50,24.00,24.70,20.70,22.40,20.40,25.60,22.70,21.30,23.00,21.60,24.90,24.30,25.90,24.40,23.40,22.80,21.90,22.90,24.60,24.50,22.00,25.80,23.10,21.60,23.40,22.80,23.20,21.20,22.00,21.50,22.30,25.10,20.40,24.70,20.10,24.20,24.70,25.70,23.10
TLM_RCV,-84,FG-ALPHA,1713171107,AUTO,2,32.78,5.00,-85,100.00,8.32,3.30,4.95,1121,555,132,271,22.83,1012.90,12.10,404.50,1,1713171080,GSN-01,-87,24.40,78.00,42,0,0,7.82,84,21.50,21.70,23.50,20.20,22.90,22.60,24.30,23.10,25.70,23.90,25.90,20.80,21.00,25.80,22.60,21.20,25.60,24.60,21.10,23.10,21.40,22.60,20.40,20.50,24.60,20.70,20.20,23.60,20.10,23.30,22.80,20.80,20.80,23.20,20.70,21.70,25.20,20.90,20.60,21.90,25.50,22.00,21.00,20.40,24.10,25.00,22.80,22.60,20.10,20.90,25.50,23.30,24.70,24.40,21.60,24.70,25.40,23.10,22.60,20.40,22.40,21.10,24.20,21.10
TLM_RCV,-91,FG-ALPHA,1713171108,AUTO,2,34.17,5.00,-85,100.00,8.31,3.30,4.97,921,633,138,343,21.44,1013.00,12.10,404.60,1,1713171084,GSN-01,-76,25.70,78.50,48,0,0,7.80,84,25.60,22.90,21.20,20.10,20.40,20.80,20.00,21.30,21.40,25.70,23.90,24.90,21.90,25.10,24.90,24.00,23.80,21.50,24.30,20.30,23.90,23.40,23.50,20.70,25.80,25.70,23.70,22.30,24.60,25.60,20.70,24.10,24.80,22.50,22.40,25.30,23.60,25.70,20.80,23.70,23.90,23.50,23.60,24.50,20.50,20.70,23.40,20.00,24.10,22.40,24.90,21.70,23.70,23.10,21.20,20.20,21.80,22.10,23.40,22.20,23.30,21.50,21.90,25.60
TLM_RCV,-94,FG-ALPHA,1713171109,AUTO,2,33.94,5.00,-85,100.00,8.31,3.29,4.94,1134,587,116,318,22.74,1012.70,11.90,405.60,1,1713171080,GSN-01,-93,24.10,82.70,47,0,0,7.82,85,24.70,22.50,24.40,22.50,21.70,20.70,23.20,20.00,23.60,23.40,23.50,21.00,21.30,25.80,21.50,25.60,24.90,25.20,23.70,21.40,24.10,21.60,22.40,23.70,23.60,22.20,25.20,21.80,25.00,25.70,20.30,20.70,22.60,21.60,24.20,21.50,20.90,24.60,24.40,23.70,22.10,21.00,20.10,25.40,21.60,21.40,23.10,24.30,23.40,23.80,20.80,25.50,21.40,20.70,20.20,23.20,21.70,25.70,23.80,24.70,21.60,21.10,22.70,25.00
TLM_RCV,-41,FG-ALPHA,1713171110,AUTO,2,33.05,5.00,-85,99.94,8.31,3.30,4.99,0,610,139,323,23.05,1012.80,12.10,406.20,1,1713171057,GSN-01,-85,24.50,76.00,41,0,0,7.80,85,22.90,24.60,25.40,25.90,24.90,20.80,22.60,25.50,21.50,23.20,25.30,25.10,20.50,20.80,25.40,24.10,24.10,24.50,20.60,25.40,25.60,22.60,24.90,25.10,21.90,22.00,21.80,20.90,21.60,20.40,23.10,24.80,24.20,25.60,24.10,23.10,20.50,24.90,21.00,20.90,23.40,22.60,22.00,23.00,20.70,24.80,20.00,23.90,25.00,22.60,21.90,25.90,23.00,20.20,20.30,20.10,24.20,25.70,24.30,23.70,24.00,24.50,22.80,24.50
TLM_RCV,-59,FG-ALPHA,1713171111,AUTO,2,31.92,5.00,-85,99.88,8.31,3.29,4.94,0,585,110,330,22.92,1012.90,12.10,405.00,1,1713171066,GSN-01,-95,24.80,78.00,44,0,0,7.81,84,21.60,24.90,20.50,23.40,22.00,25.10,23.70,21.80,25.40,21.10,22.00,23.10,23.80,22.60,23.20,23.20,25.50,24.90,20.00,20.30,23.20,24.30,22.30,24.80,24.20,22.50,23.40,22.00,22.80,24.70,24.70,23.10,25.50,23.10,24.30,23.00,21.70,23.00,22.10,24.60,23.20,22.50,24.40,25.20,24.60,23.50,20.20,21.70,21.10,25.30,23.00,21.50,22.40,20.00,22.80,20.20,24.80,22.20,20.50,22.90,22.70,22.70,25.90,22.10
TLM_RCV,-73,FG-ALPHA,1713171112,AUTO,2,33.98,5.00,-85,99.91,8.31,3.31,4.90,864,596,146,310,21.34,1012.90,12.00,405.70,1,1713171059,GSN-01,-71,24.50,77.10,41,0,0,7.78,84,20.30,25.60,23.40,21.30,22.50,20.20,25.30,20.30,22.50,20.10,24.60,20.50,25.60,22.30,21.80,21.50,21.80,20.40,24.70,24.60,23.20,23.70,25.00,20.20,25.70,22.30,22.10,24.70,25.60,20.00,22.20,23.30,21.00,23.40,22.50,22.60,24.80,22.30,24.20,23.00,25.60,22.40,25.80,22.90,21.90,23.00,23.90,24.70,22.10,25.90,21.60,20.70,25.50,20.40,24.20,23.50,22.50,20.90,20.80,24.70,21.10,24.30,20.20,23.70
TLM_RCV,-57,FG-ALPHA,1713171113,AUTO,2,32.92,5.00,-85,99.96,8.31,3.29,4.94,1122,585,106,335,22.68,1013.00,12.00,405.80,1,1713171073,GSN-01,-90,23.20,78.10,40,0,0,7.80,84,24.50,24.80,20.80,24.60,24.00,23.60,20.20,23.10,21.50,24.30,24.40,22.30,22.30,23.60,23.70,23.80,22.30,20.30,23.50,25.50,24.40,24.30,22.30,24.70,23.10,22.50,21.10,22.40,24.70,21.50,21.10,20.30,21.00,20.70,23.60,21.30,20.80,22.60,23.40,21.40,21.40,24.40,21.90,24.70,20.20,23.60,22.50,24.00,25.40,22.60,24.20,22.40,21.80,20.00,23.20,20.20,25.70,25.80,20.50,24.20,20.90,25.90,24.00,21.60
TLM_RCV,-65,FG-ALPHA,1713171114,AUTO,2,33.60,5.00,-85,100.00,8.32,3.29,4.97,880,520,111,259,21.80,1013.20,12.00,405.40,1,1713171086,GSN-01,-94,25.00,79.00,42,1,0,7.78,84,24.00,20.60,20.30,22.30,21.90,24.30,24.80,22.70,21.70,20.80,23.80,23.20,20.90,20.30,25.60,24.30,20.20,23.90,23.10,20.60,22.40,22.00,22.80,20.50,25.20,22.00,25.50,24.50,23.10,22.50,25.90,24.50,23.20,20.00,22.70,20.10,25.00,21.40,24.70,25.50,20.20,25.80,21.10,22.30,21.30,21.20,23.10,20.40,21.60,25.40,22.20,21.00,20.80,22.30,24.70,20.10,21.80,25.40,21.70,25.40,23.50,22.50,22.70,22.80
TLM_RCV,-73,FG-ALPHA,1713171115,AUTO,2,34.17,5.00,-85,99.93,8.30,3.31,4.91,0,634,148,330,23.17,1013.40,12.00,404.90,1,1713171096,GSN-01,-82,23.80,81.80,41,0,0,7.81,85,20.40,21.50,24.80,24.80,24.50,25.40,23.20,24.30,25.40,24.50,24.80,25.00,22.10,23.10,24.50,24.50,24.60,22.90,22.60,23.90,23.20,23.90,23.50,21.60,25.00,22.80,21.90,22.80,22.60,24.00,25.70,25.50,25.50,23.20,23.40,24.80,24.20,23.20,25.20,24.00,20.40,23.40,21.40,20.20,21.70,22.20,24.70,23.50,24.40,22.40,25.50,25.60,24.70,23.80,20.70,25.10,23.70,25.00,23.10,23.90,22.00,25.40,21.90,24.40
TLM_RCV,-57,FG-ALPHA,1713171137,AUTO,2,32.18,5.00,-85,100.00,8.30,3.30,4.96,932,636,141,348,21.48,1013.30,12.00,406.10,1,1713171120,GSN-01,-71,23.00,78.50,44,0,0,7.82,84,21.30,23.40,23.00,20.10,24.80,23.10,21.00,20.70,21.20,22.10,22.10,20.90,23.20,23.60,20.90,23.50,25.60,23.50,23.90,23.90,25.60,24.20,20.70,21.30,22.80,21.20,24.90,21.40,22.10,25.90,21.50,24.90,25.70,25.60,25.40,23.40,24.40,22.70,25.80,22.70,24.10,20.60,23.10,25.50,20.80,20.70,20.80,24.10,24.30,24.80,21.60,24.60,22.80,20.50,21.40,25.80,24.00,22.60,22.50,23.70,20.30,22.80,22.70,21.90
TLM_RCV,-90,FG-ALPHA,1713171138,AUTO,2,33.93,5.00,-85,100.00,8.31,3.31,4.98,840,586,145,292,21.27,1012.70,12.10,404.80,1,1713171080,GSN-01,-77,24.80,80.20,41,0,0,7.82,84,24.40,25.60,22.90,25.00,23.10,25.30,23.50,20.80,21.40,21.20,20.80,23.30,21.40,22.50,24.10,23.90,24.40,24.90,23.90,22.70,20.60,22.00,21.70,24.30,23.50,24.40,23.90,24.90,25.30,23.30,21.70,23.30,24.60,21.00,25.10,25.70,25.90,23.50,24.50,20.70,20.90,23.50,21.20,21.70,23.30,21.20,23.40,21.30,22.50,24.70,23.30,21.30,22.30,21.00,24.60,24.70,22.50,22.80,23.60,21.00,25.60,25.10,24.10,22.70
TLM_RCV,-77,FG-ALPHA,1713171139,AUTO,2,33.58,5.00,-85,100.00,8.32,3.31,4.98,1047,516,104,271,22.66,1012.80,11.80,404.90,1,1713171098,GSN-01,-75,24.90,82.20,41,0,1,7.81,84,22.40,24.50,20.40,23.50,25.80,20.50,22.90,25.50,21.00,25.70,25.00,21.70,20.40,23.70,25.70,25.90,22.90,25.20,25.50,22.80,23.60,25.90,21.50,23.20,22.70,24.10,21.40,20.30,22.70,25.00,21.80,24.20,20.10,23.10,20.70,22.60,21.50,21.80,22.90,21.30,22.60,24.30,22.80,20.50,22.50,22.50,21.40,25.00,24.00,20.20,24.40,23.80,21.70,25.90,23.00,22.50,21.00,24.60,25.20,20.70,20.40,21.20,24.40,22.20
TLM_RCV,-84,FG-ALPHA,1713171140,AUTO,2,32.67,5.00,-85,100.00,8.32,3.28,4.95,1140,533,116,265,23.03,1013.50,12.10,405.90,1,1713171104,GSN-01,-91,23.60,73.70,43,0,0,7.81,85,24.00,25.00,25.00,20.40,21.10,20.70,24.00,22.30,23.90,21.60,22.50,24.70,21.00,22.90,24.40,22.10,21.80,21.00,21.00,21.00,20.70,25.80,24.70,22.30,21.20,24.50,22.40,22.50,20.80,24.60,20.50,25.70,24.90,23.00,25.30,20.10,23.70,22.60,24.70,25.20,25.50,22.60,22.70,20.60,21.50,23.30,22.60,22.10,25.20,21.70,21.10,20.50,20.50,25.60,25.20,24.30,22.50,25.50,23.00,24.50,21.00,23.70,24.20,20.00
TLM_RCV,-54,FG-ALPHA,1713171141,AUTO,2,33.63,5.00,-85,99.95,8.32,3.28,4.94,0,525,103,271,22.62,1013.00,12.10,405.10,1,1713171082,GSN-01,-80,23.30,74.70,47,0,0,7.78,85,20.00,22.50,73.00,21.40,22.90,22.10,25.80,20.30,21.50,25.90,23.00,25.50,23.80,22.00,24.50,22.70,23.00,21.90,24.50,20.30,23.30,22.50,25.60,24.20,25.30,20.20,24.50,24.10,21.30,24.80,25.40,20.50,25.50,21.20,22.80,25.40,25.80,23.40,23.40,25.90,23.10,22.90,22.60,24.20,24.00,23.90,23.70,22.30,24.30,23.00,22.50,21.10,25.10,24.40,23.70,21.80,20.00,23.20,25.40,25.50,21.10,21.10,20.00,22.20
TLM_RCV,-92,FG-ALPHA,1713171142,AUTO,2,33.01,5.00,-85,99.97,8.31,3.28,4.91,820,601,127,327,21.09,1013.10,12.00,404.70,1,1713171120,GSN-01,-93,25.00,79.10,46,0,0,7.81,84,25.20,23.40,21.90,20.90,23.20,23.40,20.60,22.10,21.10,25.50,20.80,25.00,24.60,23.30,22.50,22.30,23.80,23.60,23.60,24.60,25.40,22.20,25.50,22.00,24.40,24.20,21.60,23.80,25.40,23.60,20.00,23.60,22.90,24.20,22.80,25.50,24.80,24.30,21.10,20.00,23.40,22.60,23.80,20.00,22.20,22.70,20.20,20.30,21.10,24.90,22.50,24.60,23.00,25.40,23.80,24.90,24.10,21.20,22.90,25.00,20.70,24.10,21.40,25.40
TLM_RCV,-82,FG-ALPHA,1713171143,AUTO,2,31.62,5.00,-85,100.00,8.32,3.29,4.97,1000,524,114,258,22.38,1013.40,11.80,405.80,1,1713171129,GSN-01,-76,23.70,82.70,41,0,0,7.80,84,24.80,21.80,20.30,20.20,23.00,22.00,21.10,22.80,24.20,25.00,24.30,24.00,21.70,23.30,23.60,24.90,24.10,25.10,21.00,25.30,24.00,23.00,21.70,23.20,25.10,24.90,21.40,25.80,23.80,25.10,22.50,22.80,23.70,22.60,25.20,21.10,24.10,20.40,21.80,24.00,20.00,22.60,21.00,25.50,25.10,23.80,22.60,24.50,24.20,21.00,23.60,20.90,21.60,23.70,21.60,20.40,23.30,22.40,21.50,24.60,21.80,24.70,24.30,21.20
TLM_RCV,-92,FG-ALPHA,1713171144,AUTO,2,33.85,5.00,-85,100.00,8.31,3.28,4.92,990,570,116,299,22.10,1013.30,11.80,405.10,1,1713171133,GSN-01,-89,25.20,79.70,44,0,0,7.79,84,22.50,22.60,22.80,23.10,23.20,23.80,20.00,22.10,25.00,21.20,21.30,23.80,23.20,25.60,20.60,23.20,24.40,24.40,25.20,21.60,25.10,22.30,22.10,20.20,20.90,22.30,20.30,20.90,22.80,22.90,23.30,24.20,23.50,22.80,23.30,20.60,20.80,24.80,21.00,23.20,22.00,23.90,22.10,21.20,23.80,23.20,22.50,21.80,23.10,25.80,24.10,25.30,22.60,24.90,23.70,22.80,24.70,20.60,24.20,22.00,21.60,21.20,24.00,23.60
TLM_RCV,-58,FG-ALPHA,1713171145,AUTO,2,31.75,5.00,-85,99.94,8.32,3.29,4.92,0,551,101,292,22.75,1013.00,12.00,405.90,1,1713171103,GSN-01,-90,24.30,77.70,47,0,0,7.80,85,25.60,24.10,24.30,24.60,22.60,24.70,23.70,20.60,20.10,23.00,21.10,22.00,20.00,23.10,23.90,23.50,23.40,23.00,24.40,25.90,24.40,23.80,21.60,24.30,23.40,20.10,22.80,24.90,22.20,23.70,24.80,23.40,21.70,20.40,24.60,24.10,25.30,24.60,22.80,21.20,21.80,25.50,23.30,24.50,21.50,22.60,22.10,22.10,21.40,23.80,20.70,20.50,23.10,21.90,23.70,24.80,22.20,23.60,25.20,23.30,22.60,22.30,25.30,20.40
TLM_RCV,-89,FG-ALPHA,1713171146,AUTO,2,31.78,5.00,-85,99.89,8.31,3.28,4.91,0,556,108,292,22.78,1013.40,12.00,404.60,1,1713171096,GSN-01,-91,24.60,75.70,40,0,0,7.82,84,21.50,22.40,25.50,23.30,22.70,21.90,23.70,21.40,25.50,24.90,23.60,20.70,21.10,22.90,20.30,22.70,23.70,25.50,23.80,24.20,24.00,25.80,25.60,20.90,20.00,25.20,20.00,24.10,23.00,20.50,23.30,25.90,20.20,23.10,25.10,23.90,21.60,23.70,23.30,24.80,20.60,20.70,22.30,20.60,24.90,20.00,22.80,20.40,22.40,25.30,21.80,22.00,23.00,25.30,25.10,25.60,24.90,21.10,22.00,23.20,20.80,24.50,21.40,25.50
TLM_RCV,-48,FG-ALPHA,1713171147,AUTO,2,31.69,5.00,-85,99.84,8.32,3.30,4.98,0,539,123,265,22.69,1013.50,12.10,404.60,1,1713171126,GSN-01,-83,23.20,82.50,45,0,1,7.80,85,22.80,24.00,22.90,21.40,23.20,23.50,25.20,20.60,21.40,20.10,23.50,25.50,23.70,21.40,23.40,23.50,22.40,20.00,22.70,24.60,20.70,24.80,21.40,22.10,23.70,21.20,21.90,20.30,25.70,22.80,25.30,24.30,20.70,23.80,20.70,24.10,23.80,25.00,25.90,24.60,21.00,22.90,22.60,25.40,25.60,20.60,20.90,25.90,21.40,23.80,24.10,21.90,21.00,23.90,24.10,24.30,21.90,22.10,20.20,24.60,24.50,24.50,22.60,21.00
TLM_RCV,-65,FG-ALPHA,1713171148,AUTO,2,33.69,5.00,-85,99.89,8.32,3.30,4.96,1117,538,102,285,22.90,1013.40,11.90,405.70,1,1713171092,GSN-01,-86,23.10,76.60,41,0,0,7.82,84,24.20,25.70,21.40,23.30,20.90,25.90,23.50,25.50,22.40,21.00,23.40,25.30,20.60,24.70,24.60,25.80,24.90,23.00,20.60,25.00,20.10,25.10,22.10,21.40,25.30,25.40,21.30,24.90,20.00,20.10,21.90,21.50,21.40,21.10,25.70,20.70,21.30,24.00,22.00,23.90,25.10,20.50,20.60,23.50,20.90,22.70,23.90,25.10,22.70,21.10,22.10,22.50,22.20,21.00,24.80,25.50,24.10,22.20,21.80,24.30,24.50,24.00,24.00,24.40
TLM_RCV,-81,FG-ALPHA,1713171149,AUTO,2,33.67,5.00,-85,99.94,8.32,3.31,4.94,975,533,109,276,22.21,1013.00,11.80,404.50,1,1713171098,GSN-01,-81,25.70,73.60,47,0,0,7.79,84,20.90,22.20,23.80,22.80,20.40,25.40,25.10,20.40,22.60,23.30,20.40,25.50,25.80,22.90,23.80,25.50,21.40,24.90,25.70,25.30,22.90,22.10,20.10,24.40,20.10,21.50,20.20,25.80,21.20,24.20,21.80,21.80,22.20,20.40,23.30,24.10,20.70,22.00,23.20,24.00,24.00,25.60,24.20,22.40,23.30,23.90,21.60,23.70,24.70,25.00,20.00,23.80,24.80,24.70,21.40,25.80,23.30,21.70,22.40,22.20,22.50,25.50,21.00,23.00
TLM_RCV,-61,FG-ALPHA,1713171150,AUTO,2,33.78,5.00,-85,99.97,8.32,3.29,4.91,867,557,115,283,21.55,1013.50,12.10,405.70,1,1713171117,GSN-01,-92,25.50,75.00,48,0,1,7.81,84,25.10,24.20,24.90,21.40,25.40,20.80,25.30,21.10,21.90,24.40,25.00,25.00,25.50,23.50,24.80,21.20,23.40,23.10,22.20,20.70,20.00,20.90,22.80,23.70,25.40,23.70,22.30,22.70,22.60,24.40,23.80,20.20,25.60,24.40,21.20,23.20,23.40,23.00,20.60,23.90,24.50,24.20,20.00,23.80,21.60,22.50,24.50,24.40,20.40,20.80,21.10,25.70,25.70,20.30,21.30,21.90,23.30,24.40,21.30,25.00,23.00,22.10,25.20,21.40
TLM_RCV,-47,FG-ALPHA,1713171151,AUTO,2,31.92,5.00,-85,99.99,8.31,3.28,4.95,820,583,108,330,21.18,1012.70,12.00,404.80,1,1713171103,GSN-01,-77,24.80,82.30,45,0,0,7.79,84,23.90,25.70,23.00,22.00,23.60,22.30,23.60,21.50,24.40,23.80,25.30,25.40,25.30,22.70,25.40,22.70,23.00,23.50,24.90,20.30,21.00,21.10,23.40,25.20,21.40,24.00,25.30,22.60,25.50,21.20,22.90,24.70,20.80,25.00,21.70,24.20,22.30,22.50,23.40,25.70,23.00,25.30,22.40,21.50,22.70,22.10,21.10,23.20,22.20,20.40,24.60,23.20,23.20,23.00,22.80,20.80,24.00,24.30,24.80,20.30,20.70,20.60,21.50,23.80
TLM_RCV,-48,FG-ALPHA,1713171152,AUTO,2,33.77,5.00,-85,100.00,8.32,3.28,4.93,874,554,115,298,21.60,1013.40,12.10,405.70,1,1713171124,GSN-01,-73,23.20,75.30,46,0,0,7.80,85,24.60,25.50,22.00,23.90,23.20,20.60,22.40,20.90,25.50,25.60,22.50,25.00,23.90,22.10,21.00,20.70,20.50,25.60,23.60,21.20,25.30,21.80,20.90,22.20,20.80,20.00,24.20,21.50,24.30,21.60,22.70,23.30,21.60,23.20,20.20,25.90,21.50,23.20,20.80,20.70,22.90,24.80,24.10,22.60,22.40,21.00,25.90,21.10,25.70,25.40,23.50,22.20,25.50,20.40,24.20,21.10,24.10,22.00,23.20,25.00,20.70,20.90,22.40,20.80
TLM_RCV,-76,FG-ALPHA,1713171153,AUTO,2,32.64,5.00,-85,99.95,8.32,3.28,4.92,0,528,104,279,22.64,1013.30,12.10,404.60,1,1713171116,GSN-01,-95,23.60,73.30,41,0,0,7.79,84,23.80,25.60,23.60,23.10,24.10,24.40,22.90,21.50,21.40,23.40,25.90,20.20,23.40,24.70,25.10,20.20,24.10,20.20,23.60,24.30,22.70,25.80,25.80,21.90,24.30,20.20,20.10,22.00,24.90,24.90,20.40,23.10,25.50,23.30,24.80,25.00,25.00,20.40,25.10,24.30,24.00,25.70,22.40,21.70,24.90,20.70,21.10,24.30,20.00,23.70,23.80,21.80,21.80,24.40,25.40,22.10,23.60,21.80,21.60,23.90,25.20,21.40,20.10,25.30
TLM_RCV,-61,FG-ALPHA,1713171154,AUTO,2,31.57,5.00,-85,100.00,8.32,3.29,4.99,1125,513,107,254,23.06,1013.10,12.00,405.50,1,1713171129,GSN-01,-84,24.60,73.60,49,0,0,7.79,84,20.30,25.50,24.20,25.30,24.70,25.10,24.60,20.30,22.30,25.90,22.50,23.30,23.70,23.40,23.30,21.80,24.90,24.90,23.20,25.40,25.40,23.20,25.50,20.60,23.10,22.00,21.90,20.80,22.70,24.30,23.10,21.70,25.40,20.20,21.40,23.20,20.20,23.70,20.60,22.90,24.60,25.60,24.50,22.80,21.80,25.00,23.00,23.00,21.10,22.10,23.20,24.20,20.10,20.80,24.80,24.60,25.90,23.70,22.20,22.10,24.90,24.70,25.40,21.00
TLM_RCV,-56,FG-ALPHA,1713171155,AUTO,2,31.70,5.00,-85,100.00,8.32,3.30,4.98,1023,541,116,268,22.41,1013.00,12.10,404.90,1,1713171123,GSN-01,-87,25.80,81.20,43,0,0,7.80,85,23.90,20.20,25.90,23.60,25.40,24.50,23.30,23.50,20.60,22.40,21.20,22.80,20.20,20.30,22.60,22.60,23.40,24.00,22.10,25.00,25.30,21.60,22.00,24.00,25.70,23.30,21.50,21.20,22.00,22.00,24.00,72.30,20.30,22.70,24.70,25.10,21.50,22.10,20.70,22.20,24.80,23.10,21.60,22.60,25.00,20.90,20.70,25.40,22.20,23.00,20.80,25.30,21.00,21.60,22.80,22.00,22.90,22.30,24.10,21.30,23.30,21.70,23.20,23.80
TLM_RCV,-60,FG-ALPHA,1713171156,AUTO,2,33.81,5.00,-85,100.00,8.32,3.30,4.95,1079,562,101,321,22.59,1013.10,12.00,406.10,1,1713171106,GSN-01,-73,23.30,76.90,45,0,0,7.82,85,22.20,22.40,24.30,23.50,23.20,24.60,23.50,25.20,24.10,23.60,23.30,22.60,20.60,22.20,23.20,25.40,22.60,22.00,20.50,25.50,22.90,21.00,20.40,21.50,20.70,23.10,20.40,20.80,24.80,20.60,25.30,21.10,21.60,25.70,22.60,22.90,25.40,22.60,24.10,24.90,23.30,20.70,21.20,23.50,25.00,23.80,20.10,25.50,23.40,21.10,23.50,23.30,21.30,21.70,24.50,24.10,22.50,22.40,25.20,23.20,22.50,24.20,25.30,21.80
TLM_RCV,-47,FG-ALPHA,1713171157,AUTO,2,32.86,5.00,-85,99.94,8.31,3.29,4.92,0,572,125,294,22.86,1013.40,12.00,405.60,1,1713171138,GSN-01,-91,23.00,74.80,43,0,1,7.81,84,25.50,24.10,25.20,23.90,24.20,20.60,20.60,22.10,24.90,24.00,20.20,25.80,20.20,24.10,24.70,20.10,21.10,22.50,22.40,25.70,25.40,20.30,20.80,20.50,21.40,23.70,24.20,24.90,23.50,21.30,23.80,25.50,25.60,21.20,21.80,24.30,24.00,22.90,25.60,24.20,24.10,24.60,24.10,24.00,25.00,24.60,21.20,23.90,24.00,23.10,22.00,20.90,25.60,22.70,20.40,22.40,21.50,24.10,25.90,22.50,24.80,21.60,25.00,23.20
TLM_RCV,-94,FG-ALPHA,1713171158,AUTO,2,31.95,5.00,-85,99.98,8.31,3.30,4.93,971,591,122,311,21.90,1013.20,12.00,406.30,1,1713171129,GSN-01,-74,25.20,79.90,40,0,0,7.82,84,23.70,23.10,24.70,23.10,20.90,22.50,23.00,21.40,22.80,22.30,23.70,22.60,23.20,24.30,25.20,20.70,25.90,21.10,21.20,21.70,21.90,24.10,24.00,22.40,21.80,20.80,25.40,25.30,20.90,23.60,21.40,23.50,21.50,23.00,21.00,22.90,23.30,21.80,23.50,20.50,23.30,21.40,23.90,21.60,24.70,24.30,25.10,25.80,20.90,21.10,24.80,20.40,24.50,20.00,21.90,21.50,20.80,25.90,22.80,25.30,20.50,22.40,21.30,24.00
TLM_RCV,-64,FG-ALPHA,1713171159,AUTO,2,31.76,5.00,-85,99.93,8.32,3.29,4.92,0,553,110,294,22.76,1013.50,11.90,405.40,1,1713171102,GSN-01,-91,25.80,80.30,47,0,0,7.81,85,21.20,21.70,23.70,23.80,23.30,25.60,21.00,21.40,25.10,21.20,24.60,23.20,20.90,24.60,21.80,24.50,25.50,22.10,25.90,23.00,24.30,21.50,20.10,23.00,20.30,21.40,21.20,25.10,22.40,25.40,21.00,24.30,23.20,20.00,20.70,24.30,24.10,24.20,20.70,21.80,23.40,24.90,20.70,22.70,21.90,22.70,21.10,22.70,21.00,23.80,20.50,24.70,20.70,21.10,23.40,20.60,24.30,25.10,23.40,21.40,24.70,24.80,20.60,20.50
TLM_RCV,-49,FG-ALPHA,1713171160,AUTO,2,33.72,5.00,-85,99.97,8.32,3.30,4.99,1018,544,109,284,22.37,1013.60,11.80,406.40,1,1713171131,GSN-01,-86,23.80,82.90,48,0,0,7.82,85,23.40,20.90,23.30,77.90,20.50,20.30,23.50,24.00,20.70,24.80,23.10,25.10,23.70,22.10,24.70,25.30,24.90,22.40,25.30,21.50,25.30,24.80,22.30,21.40,23.80,22.50,22.40,23.80,25.20,24.60,25.30,24.70,24.40,25.90,25.50,23.80,21.50,22.00,22.80,22.80,21.80,24.10,23.00,24.20,23.20,20.20,21.30,23.70,22.30,24.70,22.20,21.30,22.30,20.70,21.80,24.70,24.70,25.20,25.30,20.70,21.60,20.30,24.90,22.40
TLM_RCV,-76,FG-ALPHA,1713171161,AUTO,2,32.67,5.00,-85,100.00,8.32,3.31,4.99,1192,533,122,259,23.30,1013.10,11.90,406.40,1,1713171139,GSN-01,-78,25.60,82.90,48,0,0,7.82,85,22.10,25.90,20.90,24.80,23.00,23.30,25.10,22.70,20.00,25.80,25.10,22.20,24.20,24.70,24.90,24.00,24.80,22.80,22.80,23.30,23.80,21.50,23.40,23.80,24.60,23.80,21.90,24.60,22.40,22.20,21.60,23.60,25.30,22.40,23.40,23.60,22.20,20.10,22.40,25.40,24.10,25.10,22.80,20.20,22.50,23.40,22.00,25.50,25.50,23.40,21.90,25.80,24.30,20.40,24.40,24.50,22.60,24.10,23.00,25.20,23.20,24.10,20.90,21.60
TLM_RCV,-70,FG-ALPHA,1713171162,AUTO,2,31.95,5.00,-85,100.00,8.31,3.31,4.92,1013,591,124,320,22.11,1012.70,12.10,404.80,1,1713171148,GSN-01,-90,23.70,76.70,44,0,0,7.80,84,24.20,22.80,24.90,21.20,20.60,22.20,24.10,20.70,21.90,22.70,21.30,25.80,22.50,20.90,22.40,24.40,22.80,22.50,24.60,24.60,21.70,22.20,20.30,24.60,20.90,22.20,23.50,23.40,22.20,22.60,23.90,21.80,23.60,25.80,23.00,22.20,24.20,21.60,24.00,21.30,23.60,25.90,24.30,23.70,21.30,21.30,21.50,25.40,23.90,24.50,24.90,24.60,20.80,22.60,25.40,23.00,24.20,23.40,24.50,24.40,25.60,23.30,25.70,24.20
TLM_RCV,-65,FG-ALPHA,1713171163,AUTO,2,33.67,5.00,-85,100.00,8.32,3.30,4.99,1189,534,131,252,23.27,1012.70,12.10,405.50,1,1713171125,GSN-01,-82,23.10,73.40,47,0,0,7.80,84,70.00,24.30,25.10,21.90,20.00,22.30,23.80,20.50,25.90,25.80,24.40,22.90,21.10,21.30,23.40,23.90,22.20,24.00,24.50,22.70,22.70,22.30,22.70,24.90,25.20,23.30,22.20,25.60,25.80,20.40,24.50,22.70,25.40,24.70,22.00,21.90,22.00,20.40,23.10,20.20,21.60,25.30,20.20,20.00,20.00,24.30,24.10,24.00,22.00,22.40,23.10,25.30,25.00,21.00,20.20,23.30,23.60,21.50,20.10,24.80,22.10,20.30,22.00,20.70
TLM_RCV,-50,FG-ALPHA,1713171164,AUTO,2,34.13,5.00,-85,100.00,8.31,3.31,4.96,976,626,139,341,21.75,1013.40,12.10,406.40,1,1713171112,GSN-01,-85,24.60,79.10,40,0,0,7.82,85,24.70,20.40,24.70,24.20,21.70,20.10,24.90,23.40,22.00,20.40,22.20,21.80,20.00,25.80,21.10,22.20,23.50,21.20,20.00,24.20,24.60,20.70,24.50,24.30,20.20,21.70,22.30,20.50,20.50,25.40,25.40,25.60,22.50,21.40,23.60,20.60,25.90,22.30,22.50,23.00,21.10,25.70,20.30,25.80,24.70,20.30,23.30,24.20,24.30,21.80,23.00,20.20,21.50,25.50,23.30,22.80,23.90,24.00,23.60,20.60,25.20,23.80,24.80,25.90
TLM_RCV,-50,FG-ALPHA,1713171165,AUTO,2,32.17,5.00,-85,100.00,8.30,3.29,4.90,889,634,147,340,21.27,1013.00,12.10,405.40,1,1713171132,GSN-01,-82,24.80,81.40,48,0,0,7.78,85,23.40,25.80,22.70,24.20,23.60,24.60,22.80,21.10,23.70,25.60,20.70,23.00,25.30,22.90,22.70,21.40,25.80,20.10,22.10,20.30,20.50,21.40,21.00,22.00,24.30,24.80,82.60,23.00,25.40,24.90,22.20,24.00,20.40,23.10,23.00,25.40,22.20,25.70,23.10,21.80,20.90,24.10,25.90,22.50,21.90,23.10,25.10,21.80,25.40,24.10,21.70,23.50,22.10,23.10,23.50,21.80,22.70,22.10,23.50,24.10,23.00,24.90,21.20,22.20
TLM_RCV,-59,FG-ALPHA,1713171166,AUTO,2,31.89,5.00,-85,99.94,8.31,3.31,4.91,0,578,111,309,22.89,1013.20,11.90,404.70,1,1713171127,GSN-01,-80,23.40,76.20,46,0,0,7.79,85,20.00,24.70,23.80,22.30,21.50,20.90,20.00,25.30,21.10,20.60,25.40,23.80,24.20,23.70,22.40,25.60,23.80,24.20,22.80,22.80,25.20,23.70,24.40,20.40,20.20,20.90,25.60,24.80,20.00,21.50,25.50,23.80,24.10,24.40,23.50,25.10,21.40,21.40,23.10,24.70,22.60,21.70,23.30,23.40,20.10,21.10,25.10,25.20,23.70,22.30,23.70,20.70,24.10,21.50,25.50,21.00,21.60,24.70,23.30,21.00,23.80,21.40,20.30,22.40
TLM_RCV,-72,FG-ALPHA,1713171167,AUTO,2,31.97,5.00,-85,100.00,8.31,3.31,4.92,1158,594,143,305,22.82,1013.10,11.80,406.30,1,1713171114,GSN-01,-83,25.00,76.20,40,0,0,7.81,84,21.30,21.00,25.50,21.20,24.50,22.60,22.70,21.20,20.00,25.90,25.10,23.00,21.50,25.60,22.90,24.10,22.90,22.60,25.00,25.00,20.80,21.00,25.60,21.30,21.10,21.30,25.70,24.10,24.20,20.20,21.70,20.50,23.80,23.30,20.70,22.60,24.00,25.10,21.10,21.40,24.70,22.90,24.10,20.40,25.20,24.20,24.20,21.50,24.70,20.30,22.60,25.80,20.20,22.00,23.50,21.30,23.40,21.00,20.50,20.00,22.20,23.80,25.20,24.60
TLM_RCV,-50,FG-ALPHA,1713171168,AUTO,2,32.00,5.00,-85,100.00,8.31,3.30,4.98,1072,599,133,310,22.36,1013.30,12.10,405.80,1,1713171142,GSN-01,-84,23.80,78.60,44,0,0,7.80,85,25.50,25.20,24.80,22.90,20.10,22.60,21.00,22.30,21.20,20.40,20.20,20.30,24.30,22.80,24.70,20.70,21.20,25.40,22.10,20.70,21.00,21.30,25.90,25.40,24.70,20.80,21.90,24.90,74.80,25.30,24.60,25.80,20.70,24.70,21.50,25.30,24.40,23.10,21.40,25.90,24.20,24.80,24.30,21.50,21.70,20.20,22.70,24.50,23.50,25.40,25.80,22.20,22.10,25.50,25.90,24.60,21.50,25.50,23.40,24.90,20.00,23.60,23.70,23.10
TLM_RCV,-42,FG-ALPHA,1713171169,AUTO,2,31.70,5.00,-85,100.00,8.32,3.30,4.94,807,540,135,256,21.33,1013.30,12.10,406.10,1,1713171153,GSN-01,-89,23.20,81.50,46,1,0,7.81,85,25.50,22.40,24.30,20.00,22.40,23.30,20.00,25.40,22.70,24.60,21.50,25.80,22.20,22.40,21.00,22.90,20.40,20.20,22.00,21.50,21.10,25.80,21.50,25.00,23.80,25.50,20.30,23.00,25.10,25.60,22.80,20.60,23.80,20.90,23.80,21.00,25.70,21.90,20.00,24.60,25.10,21.60,25.80,21.50,21.40,20.80,20.10,23.70,20.00,21.00,80.50,21.70,22.40,21.80,25.20,22.00,21.00,25.60,23.90,23.10,23.40,23.10,23.90,20.40
TLM_RCV,-87,FG-ALPHA,1713171170,AUTO,2,33.83,5.00,-85,100.00,8.31,3.28,4.97,886,567,147,267,21.59,1013.60,12.00,405.00,1,1713171115,GSN-01,-83,25.40,79.10,42,0,0,7.78,85,25.10,22.90,22.70,25.30,25.00,21.90,25.60,25.90,25.20,24.10,25.40,25.90,20.20,25.10,24.00,21.20,25.80,21.10,20.70,20.80,23.00,25.90,23.10,20.10,24.60,24.80,23.00,24.20,25.30,24.30,21.00,25.70,21.70,25.40,24.20,21.10,22.20,21.30,21.20,21.20,22.10,25.60,21.30,22.30,24.10,20.80,21.70,21.90,21.60,23.30,21.30,20.20,20.80,20.90,22.50,22.20,25.10,25.60,20.30,21.80,23.10,25.50,22.40,20.10
TLM_RCV,-44,FG-ALPHA,1713171171,AUTO,2,31.84,5.00,-85,100.00,8.31,3.30,4.92,1198,568,107,317,23.15,1013.00,11.90,405.20,1,1713171143,GSN-01,-83,24.90,81.80,41,0,0,7.81,85,23.20,24.10,22.60,25.80,23.30,25.10,25.90,21.30,21.10,25.90,20.10,20.60,25.70,24.80,24.60,21.50,23.80,25.20,24.50,25.60,21.40,25.80,25.90,20.50,23.10,20.40,25.20,25.40,24.50,24.60,23.70,25.70,25.00,20.00,21.60,22.20,21.30,24.60,25.40,25.80,21.70,21.10,23.90,20.50,20.00,25.90,23.80,24.80,23.30,21.40,25.30,21.40,21.10,25.10,20.70,21.30,24.30,23.40,22.00,23.50,21.60,23.60,23.50,25.40
TLM_RCV,-74,FG-ALPHA,1713171172,AUTO,2,33.12,5.00,-85,99.94,8.30,3.31,4.90,0,624,117,349,23.12,1013.10,12.00,405.50,1,1713171129,GSN-01,-93,23.10,75.70,47,0,0,7.78,84,25.10,22.80,23.00,22.20,21.10,21.60,24.30,25.30,22.70,21.80,22.90,21.20,24.10,20.70,24.40,25.20,20.10,20.20,24.20,22.30,23.60,23.80,22.70,22.90,22.90,24.00,25.90,24.00,20.90,20.50,20.00,20.60,20.20,23.60,20.20,23.00,24.10,20.20,21.90,24.40,20.00,21.50,25.90,23.00,23.30,23.90,24.70,22.40,25.20,24.40,25.20,23.80,23.70,22.80,24.20,20.60,25.50,25.10,23.50,23.80,25.40,25.50,24.60,24.30
TLM_RCV,-55,FG-ALPHA,1713171173,AUTO,2,33.90,5.00,-85,99.88,8.31,3.29,4.98,0,581,110,329,22.91,1013.50,11.80,405.90,1,1713171143,GSN-01,-91,25.20,73.80,45,0,0,7.79,85,20.60,23.40,22.30,21.40,21.50,23.50,22.70,23.50,22.00,20.30,23.00,24.00,24.50,25.70,22.90,20.00,25.80,22.10,22.50,23.00,21.70,24.40,23.90,25.80,24.70,24.70,23.90,21.10,22.10,22.80,23.60,25.20,21.50,24.00,21.70,22.60,20.40,22.00,21.10,21.50,21.00,21.50,21.30,23.30,20.10,24.30,21.60,22.20,21.80,22.70,22.00,22.80,24.10,22.50,22.70,24.10,23.00,25.40,24.10,22.50,21.90,25.40,24.40,20.40
TLM_RCV,-45,FG-ALPHA,1713171174,AUTO,2,34.03,5.00,-85,99.93,8.31,3.29,4.92,1073,606,120,331,22.33,1013.10,12.10,405.10,1,1713171155,GSN-01,-86,23.30,81.60,41,0,0,7.79,84,24.80,21.10,22.20,24.60,23.40,20.30,25.60,25.90,21.40,22.20,23.80,20.60,23.70,20.70,21.60,22.00,22.60,25.30,24.60,25.60,20.80,20.60,23.80,24.30,23.50,20.50,23.30,22.30,20.30,23.60,25.80,25.10,24.60,21.40,24.30,22.70,21.20,20.80,20.70,25.60,24.30,21.50,25.60,20.30,23.60,24.30,25.40,24.90,20.40,24.40,21.20,21.40,20.20,25.10,24.00,20.70,21.20,25.40,22.90,22.50,21.80,24.60,25.80,23.20
TLM_RCV,-92,FG-ALPHA,1713171175,AUTO,2,32.10,5.00,-85,99.96,8.31,3.28,4.93,958,619,143,328,21.69,1013.50,12.00,404.80,1,1713171125,GSN-01,-84,23.50,78.30,41,0,0,7.79,85,25.00,23.40,25.00,25.80,21.70,25.50,25.10,20.50,22.70,23.60,21.40,24.10,24.90,22.60,25.30,23.20,22.60,23.40,20.50,21.80,21.00,25.00,25.80,22.40,21.00,24.60,25.70,20.60,20.10,22.80,22.20,23.40,20.20,22.60,21.20,25.90,22.50,22.50,25.30,23.10,24.50,24.10,25.00,22.90,20.60,20.90,20.60,23.80,20.00,24.30,21.30,24.60,24.70,22.80,22.70,22.80,22.60,23.60,20.20,21.90,23.10,24.40,25.90,25.70
TLM_RCV,-44,FG-ALPHA,1713171176,AUTO,2,33.13,5.00,-85,100.00,8.31,3.29,4.98,1015,625,142,331,21.95,1013.40,12.00,405.60,1,1713171125,GSN-01,-76,23.80,73.50,40,0,0,7.78,84,21.60,22.10,24.70,23.40,21.80,25.30,24.60,20.70,20.90,24.00,24.20,23.70,23.60,22.30,25.10,22.70,21.10,23.30,25.70,21.70,24.20,25.20,24.20,22.40,21.20,22.60,24.00,20.00,20.10,22.90,25.20,24.90,23.50,21.00,20.70,22.40,25.80,20.80,24.90,22.30,20.60,20.10,23.20,21.20,22.00,22.90,22.20,24.20,20.80,25.60,20.50,23.70,24.90,25.00,23.50,25.10,20.00,21.90,21.60,22.20,21.20,20.40,23.60,25.00
TLM_RCV,-83,FG-ALPHA,1713171177,AUTO,2,32.72,5.00,-85,100.00,8.32,3.28,4.92,981,544,145,253,22.18,1012.90,12.00,404.60,1,1713171164,GSN-01,-73,24.70,76.40,45,0,0,7.80,85,23.00,23.10,25.70,25.20,20.20,24.80,20.20,24.60,21.40,25.30,23.90,24.10,25.60,21.20,24.90,21.90,23.70,25.90,24.20,23.60,21.30,20.30,20.20,22.20,25.80,23.20,20.80,22.30,21.90,25.70,22.90,25.50,25.60,24.60,20.30,23.60,24.20,21.00,25.70,25.10,22.50,20.30,23.70,24.60,23.60,21.90,24.90,25.00,20.30,21.50,22.10,25.80,22.80,23.90,25.30,22.80,22.70,23.20,25.80,21.40,23.70,25.60,21.60,21.10
TLM_RCV,-56,FG-ALPHA,1713171199,AUTO,2,31.80,5.00,-85,100.00,8.32,3.31,4.90,1089,560,136,277,22.65,1013.20,12.00,405.50,1,1713171172,GSN-01,-77,24.20,75.00,40,0,0,7.78,84,24.60,24.60,21.70,23.50,24.80,20.90,21.70,23.30,24.10,24.10,22.00,21.80,23.50,22.20,23.50,20.70,24.70,22.20,20.60,24.30,25.70,20.90,25.20,22.40,21.10,25.10,22.70,24.10,25.00,25.90,23.00,20.50,24.60,20.60,21.70,24.10,24.20,21.40,20.50,25.30,24.00,23.50,24.70,23.60,23.30,20.10,25.70,20.30,24.50,25.90,21.30,21.40,24.30,21.80,22.10,23.50,22.20,24.20,22.40,25.40,21.10,24.10,20.10,24.70
TLM_RCV,-56,FG-ALPHA,1713171200,AUTO,2,32.60,5.00,-85,99.95,8.32,3.28,4.99,0,520,106,258,22.60,1013.00,11.80,405.60,1,1713171171,GSN-01,-72,23.50,80.20,42,0,1,7.80,85,21.40,25.00,21.10,25.80,25.20,24.70,25.80,20.60,21.40,21.20,21.90,20.10,23.10,21.00,25.70,23.30,20.40,21.90,22.20,21.50,23.20,21.20,25.90,23.80,21.20,25.10,20.70,22.00,21.80,20.40,20.70,23.70,25.90,20.30,23.70,23.70,25.20,24.50,23.20,25.50,23.20,25.10,23.70,25.60,20.60,20.80,20.60,21.40,23.10,23.80,24.30,25.30,22.20,25.70,22.30,25.70,23.00,21.30,22.10,23.00,25.70,20.10,25.90,23.50
TLM_RCV,-91,FG-ALPHA,1713171201,AUTO,2,32.65,5.00,-85,99.89,8.32,3.30,4.98,0,531,119,264,22.66,1013.30,12.10,406.20,1,1713171151,GSN-01,-78,23.00,73.40,49,0,0,7.80,84,23.70,20.40,22.30,25.80,24.80,23.60,24.20,23.80,22.90,23.20,22.10,25.20,21.10,20.30,21.30,23.00,25.00,20.50,25.30,21.50,20.60,20.70,22.20,20.90,25.40,25.30,20.60,24.70,21.00,20.00,24.30,22.40,21.80,23.00,22.00,24.60,23.10,22.20,25.80,21.90,25.30,24.50,20.30,24.30,22.80,22.00,25.00,25.40,21.10,21.90,25.80,22.90,25.90,23.90,22.90,25.40,20.20,22.40,24.50,23.50,20.20,23.70,24.10,25.60
TLM_RCV,-69,FG-ALPHA,1713171202,AUTO,2,31.76,5.00,-85,99.84,8.31,3.29,4.96,0,553,135,262,22.76,1013.50,11.90,404.50,1,1713171163,GSN-01,-75,23.70,78.40,46,0,0,7.79,85,21.50,25.80,23.60,24.70,20.00,23.60,21.40,21.50,22.20,21.50,25.90,22.20,22.70,25.80,20.60,25.90,22.20,22.40,24.40,22.60,24.90,25.10,21.70,22.30,22.30,21.50,24.90,22.20,24.90,20.80,23.20,25.10,20.10,25.60,22.00,23.30,22.50,20.50,22.40,21.70,24.50,20.10,21.00,25.10,23.80,23.80,20.90,24.90,23.20,21.50,20.50,24.00,25.80,20.00,25.50,22.80,21.90,21.50,23.90,24.60,24.00,21.40,24.90,22.40
TLM_RCV,-82,FG-ALPHA,1713171203,AUTO,2,31.83,5.00,-85,99.89,8.31,3.30,4.95,1051,566,147,277,22.42,1013.50,11.90,405.90,1,1713171154,GSN-01,-80,23.10,76.80,45,1,0,7.79,84,24.40,21.80,21.90,23.00,21.50,24.10,21.00,20.00,24.00,25.70,22.40,21.10,20.30,22.40,23.10,25.70,25.90,25.80,22.50,20.40,24.80,24.20,24.10,23.00,21.40,23.80,21.80,21.10,21.70,23.10,24.60,21.20,25.70,25.20,20.80,21.50,21.50,23.00,25.60,24.50,22.30,21.20,25.40,24.60,23.50,23.20,22.10,25.50,22.00,24.80,23.60,21.90,23.80,20.20,22.80,23.10,22.80,24.70,23.00,22.70,24.20,21.80,23.80,25.80
TLM_RCV,-42,FG-ALPHA,1713171204,AUTO,2,31.90,5.00,-85,99.94,8.31,3.29,4.96,1123,579,113,317,22.72,1013.50,11.80,405.60,1,1713171172,GSN-01,-83,25.60,77.50,42,1,0,7.82,85,22.30,20.60,20.20,20.70,20.40,20.00,24.50,23.30,21.60,25.40,22.50,20.10,20.10,20.10,22.80,23.40,23.40,25.70,23.30,24.50,23.60,22.80,22.60,24.20,24.60,20.30,23.60,20.90,21.50,24.00,24.00,23.70,23.30,23.50,24.80,23.70,23.90,22.90,20.60,21.50,22.60,21.60,22.50,24.00,23.90,20.70,20.40,21.80,24.60,25.90,24.50,20.40,22.00,23.20,20.10,21.80,25.80,24.20,22.40,21.50,25.80,24.30,25.00,22.50
TLM_RCV,-79,FG-ALPHA,1713171205,AUTO,2,34.22,5.00,-85,99.96,8.30,3.30,4.97,815,644,147,345,20.85,1013.20,12.00,405.70,1,1713171146,GSN-01,-72,23.50,81.20,45,0,0,7.81,85,25.50,25.40,21.10,20.10,23.30,21.80,21.10,22.30,21.90,24.30,21.20,21.80,22.80,21.50,23.70,22.40,21.80,23.10,24.00,25.80,20.70,22.60,21.30,22.50,22.00,23.40,20.70,22.80,22.70,23.50,24.50,25.10,20.00,21.80,20.00,20.50,23.30,20.30,23.00,20.00,20.50,25.60,24.00,20.00,21.60,21.90,21.80,21.90,23.30,25.10,22.10,21.00,22.60,24.60,24.80,23.20,21.20,22.50,25.60,20.70,24.40,25.20,22.00,20.40
TLM_RCV,-47,FG-ALPHA,1713171206,AUTO,2,32.92,5.00,-85,99.90,8.31,3.30,4.95,0,584,131,305,22.92,1013.20,12.00,405.60,1,1713171166,GSN-01,-92,25.20,73.80,47,0,0,7.79,84,22.00,25.90,20.30,24.80,25.70,23.80,20.70,21.10,20.40,24.00,25.10,21.20,25.30,25.20,20.90,24.80,25.30,22.20,21.20,24.50,25.10,20.60,21.00,25.00,22.90,24.00,24.20,21.70,22.40,20.90,22.10,20.70,20.80,22.10,23.30,23.00,21.80,21.60,24.60,22.70,21.60,24.70,25.20,25.70,24.30,25.60,23.30,25.60,22.50,22.80,22.80,21.50,23.90,24.60,22.60,23.50,22.50,21.40,22.70,22.80,23.90,24.70,22.30,21.00
TLM_RCV,-89,FG-ALPHA,1713171207,AUTO,2,34.00,5.00,-85,99.96,8.31,3.31,4.93,1163,600,132,319,22.82,1013.00,12.00,405.90,1,1713171172,GSN-01,-93,24.70,75.60,40,0,0,7.82,85,24.10,24.40,22.90,23.70,24.50,21.90,25.20,20.20,24.70,22.80,24.00,21.40,20.40,20.00,20.00,25.00,24.10,22.80,21.10,23.90,21.60,20.60,24.20,23.20,25.90,22.20,25.40,20.90,23.70,20.20,20.00,24.00,20.50,24.90,25.80,23.00,21.10,23.60,25.50,23.80,22.40,25.20,20.90,25.10,23.40,22.50,24.40,25.10,22.40,20.30,22.20,23.60,20.00,21.30,24.70,22.70,23.50,21.20,20.60,21.90,22.30,25.30,25.60,22.10
TLM_RCV,-86,FG-ALPHA,1713171208,AUTO,2,32.60,5.00,-85,100.00,8.32,3.30,4.99,1069,519,110,268,22.75,1013.40,12.10,406.10,1,1713171188,GSN-01,-82,25.20,82.30,48,0,0,7.79,85,23.60,23.30,22.40,25.90,20.00,23.70,23.50,20.30,25.10,22.70,20.30,23.70,24.50,23.70,21.50,23.90,23.00,21.80,21.90,23.40,25.80,20.50,25.80,24.30,23.90,22.40,25.00,73.60,23.10,22.40,24.20,25.80,21.90,20.00,22.10,22.00,25.90,24.30,21.80,22.30,22.50,21.50,24.60,20.80,22.50,20.30,25.80,22.40,20.70,25.90,24.90,22.80,23.30,25.80,20.50,20.40,25.70,23.50,25.40,20.90,24.50,21.80,22.90,21.90
TLM_RCV,-72,FG-ALPHA,1713171209,AUTO,2,33.88,5.00,-85,100.00,8.31,3.28,4.95,1013,576,113,318,22.18,1013.00,11.90,405.50,1,1713171163,GSN-01,-78,25.90,73.80,47,0,0,7.78,84,23.70,22.00,23.90,25.30,25.40,21.50,22.50,20.30,22.00,25.30,24.00,22.60,25.70,24.80,24.10,22.30,25.40,22.40,22.60,20.50,25.60,22.30,23.90,23.50,24.00,25.20,25.50,21.00,24.60,20.60,22.10,24.00,22.20,24.00,23.40,21.20,25.20,23.30,22.00,25.80,20.10,24.60,25.10,21.40,25.00,21.30,25.10,21.80,22.20,20.70,25.90,23.10,24.50,21.60,21.30,24.30,22.40,20.10,21.60,25.90,25.30,22.90,22.20,20.60
TLM_RCV,-41,FG-ALPHA,1713171210,AUTO,2,33.60,5.00,-85,100.00,8.32,3.31,4.93,988,520,125,250,22.34,1013.40,11.90,405.20,1,1713171197,GSN-01,-87,25.20,83.10,48,0,0,7.80,84,24.10,21.40,25.30,22.40,22.60,20.10,20.60,24.70,20.70,24.10,25.40,20.10,25.00,22.90,21.60,21.70,24.00,23.60,22.80,24.90,23.60,24.90,24.20,25.00,25.30,20.80,23.20,20.80,21.10,24.30,20.60,23.80,24.50,25.20,22.50,21.20,25.80,24.70,23.50,21.70,25.70,23.00,23.40,23.10,22.70,20.10,23.60,22.10,20.10,20.60,21.30,22.20,20.30,25.80,21.30,21.10,21.80,21.40,20.50,25.40,22.10,23.20,22.40,21.90
TLM_RCV,-64,FG-ALPHA,1713171211,AUTO,2,31.73,5.00,-85,100.00,8.32,3.31,4.92,912,546,133,264,21.83,1013.60,11.80,406.10,1,1713171182,GSN-01,-90,25.30,76.50,46,0,0,7.81,85,22.30,20.40,21.00,25.20,20.90,20.20,21.70,21.10,22.20,25.70,24.00,20.70,20.70,21.80,21.20,24.90,21.50,25.00,25.40,23.80,23.60,25.20,23.10,22.40,24.60,22.70,23.50,22.00,21.40,24.40,20.20,24.80,21.60,22.60,24.00,24.90,24.20,23.80,25.60,23.20,24.90,24.30,23.10,21.40,21.50,20.30,21.70,25.20,22.50,23.80,23.00,25.10,20.50,20.00,24.60,23.40,22.90,21.70,24.00,23.20,21.70,24.70,22.30,25.20
TLM_RCV,-95,FG-ALPHA,1713171212,AUTO,2,32.99,5.00,-85,100.00,8.31,3.31,4.98,975,598,114,344,21.89,1013.40,11.80,405.10,1,1713171177,GSN-01,-82,25.20,74.00,43,0,0,7.81,85,22.10,24.30,24.50,21.30,21.60,21.10,25.50,25.30,24.10,20.80,21.50,22.00,25.70,24.30,24.90,22.90,22.70,21.50,21.40,23.30,21.70,21.30,24.80,21.70,25.00,25.20,25.10,21.90,22.00,25.00,24.00,21.60,86.70,24.40,24.70,24.60,24.50,22.00,25.80,24.20,21.00,21.60,25.60,21.60,22.80,24.90,20.50,20.60,23.00,23.90,20.70,23.30,24.20,25.60,23.20,22.00,22.10,25.30,23.50,21.70,25.10,22.40,22.20,23.10
TLM_RCV,-78,FG-ALPHA,1713171213,AUTO,2,33.17,5.00,-85,100.00,8.31,3.29,4.97,1002,633,138,341,21.84,1012.70,12.10,405.20,1,1713171165,GSN-01,-77,23.80,76.50,45,0,0,7.81,84,24.30,22.60,22.30,23.70,22.80,24.20,21.70,23.80,24.50,20.60,22.40,23.10,25.60,22.20,23.50,21.10,23.80,20.20,20.90,21.60,76.00,20.80,21.40,21.60,20.40,20.40,20.10,21.90,22.30,22.40,23.50,24.60,21.60,24.20,24.40,22.90,22.40,22.00,25.50,25.10,22.10,25.10,24.80,20.40,22.00,21.00,20.70,22.70,25.30,22.80,23.20,22.20,22.60,21.10,20.20,22.50,24.10,21.10,20.80,21.90,23.10,20.00,24.40,24.90
TLM_RCV,-81,FG-ALPHA,1713171214,AUTO,2,31.69,5.00,-85,100.00,8.32,3.28,4.95,931,538,125,266,21.97,1013.20,11.90,404.70,1,1713171192,GSN-01,-85,25.30,75.10,49,0,0,7.81,85,20.80,23.20,25.20,22.90,21.40,21.60,22.70,24.80,22.50,24.30,21.10,23.20,25.90,24.00,25.90,20.90,24.30,24.40,22.70,20.70,25.90,20.40,22.50,22.10,23.00,24.60,22.70,22.60,23.90,20.80,25.90,23.20,25.80,23.70,20.40,25.30,20.00,20.40,24.30,25.10,21.40,25.30,24.80,20.80,25.00,24.00,22.10,23.30,25.90,25.40,20.10,25.60,21.60,23.70,22.90,23.50,25.90,23.70,23.10,20.20,22.90,22.50,22.80,22.70
TLM_RCV,-48,FG-ALPHA,1713171215,AUTO,2,31.94,5.00,-85,99.94,8.31,3.29,4.98,0,589,129,304,22.94,1013.10,12.10,405.20,1,1713171174,GSN-01,-72,24.70,78.80,41,0,0,7.80,84,22.00,25.90,20.20,24.50,24.60,21.30,24.20,20.40,20.10,22.60,22.00,25.30,21.80,22.30,23.50,25.50,21.30,21.20,21.90,22.20,24.70,22.80,20.20,24.30,21.10,23.80,21.30,25.30,20.20,23.10,22.60,24.50,21.60,25.50,23.90,23.40,24.10,20.40,25.00,25.70,23.00,24.70,25.30,22.20,21.00,24.80,21.80,22.10,24.10,23.50,22.60,21.40,23.60,25.20,24.80,24.20,23.90,24.90,22.30,25.40,21.60,25.50,23.70,25.90
TLM_RCV,-94,FG-ALPHA,1713171216,AUTO,2,33.14,5.00,-85,99.88,8.30,3.29,4.98,0,628,144,342,23.14,1013.00,11.90,405.70,1,1713171192,GSN-01,-89,25.90,80.70,41,0,0,7.82,84,24.50,25.40,21.70,20.10,23.50,20.60,24.90,24.10,20.30,20.70,25.10,24.00,25.20,25.30,24.50,22.00,24.50,25.80,20.20,25.60,23.90,23.30,21.30,25.60,25.50,20.70,25.60,23.20,20.70,20.90,21.80,21.20,24.40,24.40,21.70,21.30,22.30,23.80,22.90,23.70,21.00,23.10,21.20,21.50,21.70,24.40,20.20,20.90,23.00,20.50,20.60,21.30,25.80,22.20,25.60,22.50,24.50,23.30,21.20,22.00,21.10,21.90,22.20,24.30
TLM_RCV,-51,FG-ALPHA,1713171217,AUTO,2,33.67,5.00,-85,99.94,8.32,3.31,4.98,1128,535,114,272,22.97,1013.40,11.80,405.80,1,1713171165,GSN-01,-94,23.90,80.20,49,0,0,7.82,84,23.10,22.80,24.30,22.60,22.80,24.00,22.80,24.40,21.20,23.30,24.30,23.90,23.00,22.20,21.10,20.30,25.20,22.40,20.70,21.60,24.20,23.40,23.50,24.20,23.40,23.90,20.30,25.20,25.30,22.60,25.30,23.00,20.70,21.20,22.80,21.00,22.20,25.70,23.90,23.60,24.30,25.80,23.90,22.90,22.60,24.50,21.20,25.30,21.60,24.70,20.50,21.40,21.10,25.10,23.80,20.80,23.10,23.10,24.30,20.90,22.70,25.00,23.20,25.00
TLM_RCV,-81,FG-ALPHA,1713171218,AUTO,2,33.69,5.00,-85,99.88,8.32,3.31,4.97,0,538,118,275,22.69,1013.00,11.90,406.40,1,1713171206,GSN-01,-83,23.50,81.70,49,0,0,7.78,84,22.60,23.70,24.10,24.00,20.00,23.50,20.20,20.30,22.10,21.10,21.10,20.90,23.60,21.10,25.30,20.10,21.60,25.40,21.60,20.40,21.30,24.40,25.60,23.80,23.30,22.10,23.10,23.20,25.90,24.20,20.50,23.30,20.00,21.90,21.60,22.50,25.80,24.40,21.90,21.20,24.30,24.10,24.30,22.20,25.50,21.10,25.80,25.90,20.10,22.80,20.50,20.20,24.00,25.40,23.70,23.20,25.20,23.40,21.90,20.10,22.00,22.80,21.20,21.90
TLM_RCV,-86,FG-ALPHA,1713171219,AUTO,2,31.92,5.00,-85,99.91,8.31,3.31,4.97,804,583,105,323,21.10,1012.80,11.90,405.30,1,1713171191,GSN-01,-79,25.30,75.70,40,0,0,7.82,85,20.90,25.60,23.60,20.10,23.80,25.30,25.00,24.90,25.80,20.80,21.80,25.50,24.60,24.20,20.00,24.90,20.80,21.00,20.70,21.30,22.10,22.20,25.70,25.80,21.30,21.20,22.20,21.70,21.30,23.40,24.10,22.90,23.00,21.60,24.30,21.00,24.00,21.80,21.30,20.10,21.40,25.70,21.00,22.20,23.40,20.80,20.80,25.80,22.30,21.10,23.00,23.60,24.50,20.30,25.80,21.40,22.20,24.30,25.90,24.20,21.60,25.60,25.90,22.80
TLM_RCV,-69,FG-ALPHA,1713171220,AUTO,2,33.02,5.00,-85,99.96,8.31,3.30,4.96,1192,604,142,316,22.94,1013.00,11.80,406.10,1,1713171209,GSN-01,-78,23.70,79.40,46,0,0,7.79,85,23.60,22.20,24.00,21.30,21.80,21.00,21.10,22.50,22.20,25.30,24.00,24.30,21.10,22.60,22.00,25.10,23.70,21.80,21.50,20.60,20.30,23.80,20.60,24.30,20.20,24.50,21.70,24.60,21.00,22.60,22.40,23.20,25.00,23.00,25.50,20.80,25.30,24.20,21.80,23.70,20.10,25.20,21.00,21.00,23.40,25.40,20.30,21.60,25.70,24.10,22.40,21.00,23.30,23.40,20.90,21.20,21.60,25.50,23.70,25.30,21.80,20.60,21.00,24.00
TLM_RCV,-79,FG-ALPHA,1713171221,AUTO,2,33.81,5.00,-85,100.00,8.32,3.31,4.91,873,561,133,271,21.56,1012.70,11.80,406.10,1,1713171166,GSN-01,-85,23.70,82.50,41,0,0,7.79,85,25.00,20.60,23.60,22.90,22.60,25.00,22.60,22.70,23.50,20.00,20.20,23.20,24.40,22.60,21.50,24.50,25.60,23.40,20.80,22.30,21.40,23.60,20.10,21.80,25.90,23.00,24.00,25.80,23.00,22.90,20.60,24.10,24.40,24.90,25.70,20.70,24.90,22.80,21.80,25.80,23.30,24.40,21.20,24.70,23.40,22.30,25.40,21.60,23.70,20.20,20.20,25.50,25.50,25.50,22.40,22.30,25.40,22.20,20.00,22.40,22.00,20.30,21.10,24.90
TLM_RCV,-44,FG-ALPHA,1713171222,AUTO,2,33.03,5.00,-85,100.00,8.31,3.28,4.95,1039,606,137,312,22.17,1013.00,12.10,405.60,1,1713171185,GSN-01,-76,23.90,78.00,47,0,0,7.80,85,21.10,23.90,25.90,20.60,22.90,23.90,24.20,25.10,25.30,22.60,20.10,21.80,25.10,22.30,20.10,20.20,21.50,25.60,21.50,25.00,24.30,24.70,22.40,25.00,24.00,22.50,21.00,25.40,23.90,25.60,23.70,25.90,20.50,24.50,22.00,22.50,21.00,21.20,20.60,22.80,22.80,22.30,20.40,23.20,22.30,22.40,21.30,24.10,24.60,21.10,23.90,21.80,24.10,22.60,21.50,22.30,20.40,25.40,21.30,21.10,20.80,22.40,25.70,20.60
TLM_RCV,-78,FG-ALPHA,1713171223,AUTO,2,33.81,5.00,-85,100.00,8.32,3.31,4.92,929,561,132,281,21.84,1012.70,12.00,404.70,1,1713171171,GSN-01,-83,24.90,74.50,45,0,0,7.78,84,21.00,25.80,21.60,25.10,22.70,20.80,22.50,24.80,21.00,22.80,20.20,25.90,20.70,22.30,21.30,21.60,24.50,20.60,23.30,24.30,22.70,22.50,21.90,23.70,24.30,24.90,20.10,21.10,21.40,22.90,23.80,25.40,24.00,23.50,24.40,23.30,21.40,21.50,21.90,21.70,20.50,21.40,24.20,24.90,20.70,20.90,20.90,20.40,24.70,24.20,24.60,23.20,25.10,20.20,25.20,24.50,20.70,24.80,22.90,22.40,25.10,25.00,22.70,24.80
TLM_RCV,-48,FG-ALPHA,1713171224,AUTO,2,33.03,5.00,-85,100.00,8.31,3.30,4.94,979,605,134,313,21.87,1013.40,12.00,406.00,1,1713171202,GSN-01,-90,25.20,75.20,43,0,0,7.78,84,24.50,20.90,22.80,22.20,23.10,23.50,21.30,25.10,22.40,23.90,20.00,23.90,21.10,21.70,25.50,24.20,20.10,20.20,21.20,21.70,23.10,20.90,20.10,24.50,20.90,20.50,22.90,23.20,20.30,23.60,20.50,22.20,21.20,20.90,21.20,24.20,24.40,25.90,23.30,21.30,21.90,24.90,23.50,21.60,21.60,22.40,23.00,25.30,25.20,22.40,25.50,21.70,20.00,23.20,20.60,22.60,23.00,20.00,20.90,20.10,20.60,23.90,24.80,20.00
TLM_RCV,-90,FG-ALPHA,1713171225,AUTO,2,34.11,5.00,-85,100.00,8.31,3.31,4.95,1172,622,138,332,22.75,1013.20,12.00,404.60,1,1713171192,GSN-01,-84,24.00,77.10,45,0,0,7.79,84,23.80,25.50,25.80,21.30,20.30,24.80,21.40,24.80,24.90,21.10,22.40,25.90,23.60,20.10,23.60,22.90,21.90,25.10,20.60,24.20,20.90,22.40,25.90,21.50,25.50,20.20,21.10,25.80,21.10,20.60,21.50,20.60,20.60,20.50,21.10,23.40,23.80,23.30,21.50,21.50,25.20,20.40,20.30,21.00,20.70,20.70,21.20,20.30,23.40,21.40,24.20,21.40,20.90,22.50,21.50,22.80,25.60,21.30,20.90,20.70,24.40,24.50,21.10,22.30
TLM_RCV,-84,FG-ALPHA,1713171226,AUTO,2,33.81,5.00,-85,100.00,8.32,3.31,4.98,800,563,105,310,21.18,1013.00,11.80,404.80,1,1713171186,GSN-01,-78,23.20,74.90,47,0,0,7.81,84,23.70,21.50,22.10,23.70,21.20,25.60,22.80,22.30,22.60,22.20,25.60,24.80,24.00,21.40,24.10,21.30,25.20,22.40,20.10,21.10,21.80,23.30,23.20,20.20,20.60,23.00,22.50,22.80,20.60,23.10,25.70,25.10,25.50,24.70,21.70,23.90,22.80,23.70,21.70,21.10,21.60,21.30,21.20,20.70,25.20,21.80,22.60,20.10,24.80,22.50,25.30,23.30,20.40,20.00,20.50,25.10,22.90,20.20,20.60,25.70,21.20,23.30,22.50,25.50
TLM_RCV,-92,FG-ALPHA,1713171227,AUTO,2,33.67,5.00,-85,99.95,8.32,3.28,4.91,0,533,123,267,22.67,1012.80,12.10,404.70,1,1713171190,GSN-01,-81,23.40,78.00,49,0,1,7.82,84,24.40,21.80,21.70,23.10,24.30,24.50,23.80,25.20,24.90,23.10,21.60,20.30,25.40,25.60,25.70,22.60,22.00,22.50,24.90,25.20,25.00,23.60,24.50,20.70,20.70,23.10,22.50,21.00,22.70,23.00,25.30,21.80,21.60,25.00,24.70,25.50,22.60,24.20,22.20,20.40,22.80,24.80,24.80,24.00,24.50,24.90,20.40,23.00,22.00,20.60,24.40,25.50,23.00,25.40,23.20,24.50,25.20,23.00,24.60,22.20,23.90,20.80,24.60,21.60
TLM_RCV,-94,FG-ALPHA,1713171228,AUTO,2,31.74,5.00,-85,99.99,8.32,3.31,4.96,1012,547,145,260,22.33,1012.80,11.90,404.80,1,1713171190,GSN-01,-87,23.60,78.70,45,0,0,7.78,84,22.00,20.70,25.10,21.40,25.60,21.80,22.20,23.80,25.30,24.80,24.50,23.10,20.90,22.40,25.20,22.80,24.50,24.70,23.60,25.20,22.30,22.00,21.80,22.10,23.70,23.60,73.00,21.30,20.10,23.80,20.50,20.30,25.90,22.80,25.50,22.70,25.90,25.20,23.40,23.80,23.00,21.40,24.60,20.60,23.90,20.30,25.90,23.00,21.70,21.00,22.50,24.80,23.70,21.30,25.90,22.40,20.10,21.50,24.80,24.70,21.10,20.60,23.80,23.30
TLM_RCV,-85,FG-ALPHA,1713171229,AUTO,2,31.83,5.00,-85,100.00,8.31,3.28,4.95,1164,567,142,274,22.99,1013.30,12.00,405.70,1,1713171176,GSN-01,-92,25.40,75.10,40,0,0,7.82,84,22.10,20.30,24.40,25.20,25.30,22.10,25.20,25.70,20.20,24.70,20.30,24.80,25.00,24.50,23.20,25.20,23.90,25.60,25.60,20.20,24.00,23.20,22.60,23.50,23.40,21.70,20.40,22.60,25.80,21.30,23.10,23.80,22.20,21.00,24.80,24.10,21.40,23.90,23.60,21.20,21.20,24.20,20.40,21.30,25.30,22.50,21.20,20.40,25.20,24.40,20.00,24.50,21.00,24.80,25.80,25.60,24.40,25.20,20.30,23.60,21.90,20.00,25.20,21.30
TLM_RCV,-83,FG-ALPHA,1713171230,AUTO,2,33.74,5.00,-85,100.00,8.32,3.28,4.93,1065,547,107,292,22.59,1013.30,11.90,405.40,1,1713171215,GSN-01,-75,24.80,80.60,49,0,0,7.78,85,25.20,24.90,22.60,24.70,24.20,24.80,22.10,21.00,23.50,25.10,24.30,25.00,21.80,25.80,20.20,21.30,24.10,25.60,25.80,20.30,23.30,24.30,22.50,25.20,21.40,22.40,21.50,20.90,20.70,23.30,20.30,24.60,21.90,23.70,23.20,22.50,22.60,23.90,24.80,20.60,24.70,20.90,24.50,25.00,25.70,21.90,24.80,24.70,22.30,25.40,21.90,23.50,25.70,22.70,23.40,22.00,20.40,23.50,25.40,25.90,24.70,21.40,22.60,22.60
TLM_RCV,-69,FG-ALPHA,1713171231,AUTO,2,32.00,5.00,-85,100.00,8.31,3.29,4.92,1131,599,145,304,22.66,1012.80,11.80,404.60,1,1713171173,GSN-01,-90,24.60,75.60,48,0,0,7.79,85,21.40,25.00,24.90,23.60,20.10,20.20,23.20,22.10,25.00,24.60,22.90,20.00,23.90,20.20,24.60,20.00,21.20,24.70,22.30,24.90,20.70,25.50,23.00,23.80,20.50,23.40,22.00,24.40,23.00,22.80,21.30,23.50,20.80,23.40,21.30,24.80,25.40,25.60,24.00,22.60,23.80,21.60,23.80,22.00,20.90,24.90,20.00,21.70,23.00,22.50,22.10,21.20,25.60,24.40,24.20,25.90,22.30,22.30,23.90,25.30,21.80,24.90,20.60,23.00
TLM_RCV,-45,FG-ALPHA,1713171232,AUTO,2,33.82,5.00,-85,100.00,8.32,3.29,4.98,1035,564,118,293,22.35,1013.50,12.00,406.30,1,1713171187,GSN-01,-92,23.10,73.70,40,0,0,7.80,85,20.90,23.30,22.00,21.50,21.40,24.00,21.90,20.00,22.10,25.00,22.20,21.80,23.40,22.90,23.30,21.60,21.30,24.40,25.20,24.00,21.90,23.80,24.90,21.90,22.00,22.60,24.50,23.00,21.50,23.90,23.70,22.10,20.70,21.60,21.10,22.30,21.20,23.90,23.30,21.80,23.20,24.80,22.00,21.40,20.20,20.40,21.90,22.90,24.60,21.10,23.90,25.60,20.10,21.40,24.80,21.40,25.90,23.20,23.60,20.00,25.70,21.00,23.40,25.10
TLM_RCV,-86,FG-ALPHA,1713171233,AUTO,2,33.68,5.00,-85,99.95,8.32,3.30,4.90,0,536,125,269,22.68,1013.10,11.80,405.20,1,1713171217,GSN-01,-76,23.50,80.40,49,0,0,7.82,85,25.80,25.30,25.70,25.70,20.90,24.60,25.70,24.50,20.20,23.00,21.00,22.60,20.40,23.60,24.00,24.20,24.70,25.00,21.80,24.80,22.20,24.80,22.70,24.80,20.10,24.10,23.40,23.70,24.80,24.70,23.40,24.20,20.50,24.10,23.40,24.40,21.90,22.40,21.00,22.60,23.30,25.80,24.60,20.90,21.50,20.10,20.90,21.40,25.50,24.80,23.90,25.70,25.00,22.70,21.50,21.30,20.70,22.40,25.20,22.30,22.20,21.20,21.60,22.40
TLM_RCV,-41,FG-ALPHA,1713171234,AUTO,2,32.83,5.00,-85,100.00,8.31,3.30,4.97,1055,566,117,293,22.44,1013.40,12.00,405.10,1,1713171217,GSN-01,-73,25.00,74.90,49,0,0,7.82,84,23.90,22.20,21.60,23.40,23.40,20.80,21.70,23.70,20.20,25.50,24.00,21.60,24.20,21.50,22.90,22.90,25.20,20.40,24.70,22.20,24.00,20.70,24.10,24.30,25.90,21.70,21.20,20.40,25.60,24.00,20.50,23.00,23.70,20.30,20.00,21.70,22.10,24.20,22.10,20.50,22.10,21.00,23.20,25.90,23.30,21.60,23.10,23.30,22.80,21.60,20.10,24.40,24.50,20.30,23.40,23.60,20.90,23.80,22.70,25.60,21.60,22.80,21.30,22.70
TLM_RCV,-66,FG-ALPHA,1713171235,AUTO,2,32.13,5.00,-85,99.93,8.30,3.30,4.91,0,625,127,343,23.12,1013.00,11.80,405.30,1,1713171223,GSN-01,-80,23.30,78.90,49,0,0,7.81,84,20.50,23.10,21.80,20.20,23.00,25.80,20.50,20.60,25.10,25.20,21.70,23.10,20.60,20.90,25.00,24.70,24.60,24.10,24.00,22.80,23.50,20.00,25.90,25.10,21.00,25.40,23.80,21.40,23.10,23.30,20.20,25.70,21.30,24.70,24.00,22.80,23.50,20.40,25.40,21.90,23.80,24.30,23.50,21.50,25.40,20.20,21.70,20.50,23.90,23.50,21.90,22.30,25.90,22.60,23.70,20.90,22.40,21.20,22.10,21.20,22.00,21.10,24.70,23.00
TLM_RCV,-88,FG-ALPHA,1713171236,AUTO,2,32.88,5.00,-85,99.98,8.31,3.28,4.96,1051,577,143,283,22.37,1013.50,11.80,406.20,1,1713171213,GSN-01,-82,25.80,77.40,43,0,0,7.80,85,22.20,22.40,25.50,20.60,21.80,23.30,25.60,21.30,20.70,22.20,22.70,25.80,23.40,25.60,23.30,21.20,21.00,21.40,23.10,20.90,22.20,25.80,21.30,21.90,23.20,25.90,22.40,23.30,22.60,21.50,22.80,24.20,20.30,24.00,21.40,24.80,21.40,24.20,20.40,21.80,22.70,24.90,20.80,22.80,22.80,21.20,25.70,25.70,25.00,23.10,22.80,22.60,21.20,21.40,23.00,22.50,23.30,21.50,20.50,25.30,22.40,20.20,22.10,21.20
TLM_RCV,-81,FG-ALPHA,1713171237,AUTO,2,34.13,5.00,-85,99.92,8.30,3.31,4.91,0,627,149,334,23.14,1013.60,12.00,405.80,1,1713171225,GSN-01,-83,24.50,79.20,47,0,0,7.81,85,25.00,23.90,21.90,23.70,20.10,23.50,24.10,24.70,21.50,21.30,25.20,24.50,22.80,25.00,22.70,25.40,20.70,23.30,20.40,23.60,24.60,22.90,21.50,25.70,24.40,23.50,21.60,21.00,25.90,22.60,22.90,25.50,21.70,24.40,21.30,24.60,20.20,23.80,20.10,21.10,23.80,23.20,20.30,20.20,24.90,25.20,22.40,25.10,21.10,21.00,21.20,24.70,23.00,21.00,23.60,21.00,25.10,22.70,25.30,20.30,21.50,20.10,23.30,21.80
TLM_RCV,-55,FG-ALPHA,1713171238,AUTO,2,32.11,5.00,-85,99.86,8.30,3.31,4.94,0,622,145,324,23.11,1013.00,12.10,405.40,1,1713171180,GSN-01,-78,24.40,77.20,43,0,0,7.79,84,20.80,23.00,22.10,21.90,20.00,21.30,25.80,21.20,22.00,23.80,21.70,20.50,24.20,20.40,24.90,20.30,23.50,25.40,24.40,25.40,20.20,20.60,25.10,24.60,21.30,20.60,21.90,20.60,22.50,23.10,24.40,20.40,24.70,21.60,23.90,21.50,23.70,20.70,24.10,24.30,25.50,24.50,21.10,21.20,24.00,23.90,22.30,21.30,25.60,23.50,22.50,20.50,22.90,20.20,24.30,24.80,21.00,25.10,24.30,20.20,21.40,25.80,20.10,20.60
TLM_RCV,-91,FG-ALPHA,1713171239,AUTO,2,33.83,5.00,-85,99.91,8.31,3.28,4.96,1155,567,148,274,22.94,1013.20,12.00,405.30,1,1713171193,GSN-01,-95,24.50,75.20,47,0,0,7.79,85,22.00,20.50,23.00,20.90,21.30,23.70,24.70,25.70,23.40,20.80,24.30,25.60,21.70,24.00,21.60,25.10,20.10,25.60,20.60,21.30,22.30,23.60,20.60,24.70,24.80,23.50,24.00,20.70,24.40,23.80,22.80,21.70,25.00,25.60,25.70,21.30,25.40,21.90,23.10,20.30,21.30,23.40,25.10,23.10,20.40,24.90,25.10,25.60,22.70,25.30,21.00,20.90,23.40,21.10,20.10,23.80,21.00,25.60,23.40,21.00,20.40,22.70,25.80,20.90
TLM_RCV,-91,FG-ALPHA,1713171261,AUTO,2,33.60,5.00,-85,100.00,8.32,3.28,4.96,998,521,100,267,22.39,1013.20,12.00,405.60,1,1713171210,GSN-01,-91,24.40,74.30,46,0,0,7.82,84,20.30,21.40,21.40,24.50,21.20,22.50,21.10,23.10,23.40,21.20,21.20,22.20,22.20,21.60,22.70,25.90,22.80,23.80,23.10,25.30,23.80,21.20,20.60,24.40,20.00,24.60,21.30,22.80,21.40,24.60,24.10,20.60,20.90,24.60,22.20,24.30,22.70,21.00,21.50,20.40,23.20,22.10,23.10,22.00,21.80,24.40,21.80,20.30,25.30,23.50,22.10,20.50,20.70,23.00,24.40,22.80,22.50,25.20,25.10,21.30,23.60,22.80,20.10,23.30
TLM_RCV,-62,FG-ALPHA,1713171262,AUTO,2,31.75,5.00,-85,100.00,8.32,3.30,4.98,945,551,129,267,21.97,1012.80,11.90,405.80,1,1713171221,GSN-01,-86,23.20,82.50,40,0,0,7.78,85,25.10,23.40,20.30,20.00,24.90,25.90,20.10,21.40,20.10,20.70,21.20,20.50,20.80,21.20,21.10,25.20,21.10,24.90,23.70,25.60,22.80,20.70,21.90,24.70,20.10,24.70,25.20,25.00,23.10,21.60,22.00,21.10,25.20,25.40,25.70,24.40,22.30,23.40,20.10,22.80,20.90,25.20,24.20,23.80,24.60,24.40,22.10,24.30,22.40,22.00,21.50,25.60,20.90,25.70,23.10,20.90,20.20,20.90,23.90,22.90,25.50,21.80,20.60,23.40
TLM_RCV,-82,FG-ALPHA,1713171263,AUTO,2,31.66,5.00,-85,100.00,8.32,3.31,4.97,1103,531,100,272,22.86,1013.30,11.80,404.90,1,1713171234,GSN-01,-92,23.00,81.00,47,0,0,7.81,85,25.10,20.80,24.30,23.40,23.70,22.00,25.50,23.20,22.70,21.80,22.80,22.00,21.60,20.40,25.30,22.30,22.10,23.10,23.00,25.80,23.40,25.80,20.80,24.80,22.20,22.80,21.70,22.90,22.20,21.60,24.80,20.60,23.90,20.10,23.30,21.00,25.50,22.30,20.40,22.50,21.50,24.10,20.50,21.50,25.80,21.60,23.00,20.30,23.40,20.90,23.70,20.60,22.60,21.10,21.20,22.70,24.30,25.60,25.90,20.50,25.10,22.40,25.70,22.30
TLM_RCV,-50,FG-ALPHA,1713171264,AUTO,2,32.60,5.00,-85,100.00,8.32,3.31,4.95,1070,521,105,257,22.75,1013.00,12.10,405.20,1,1713171254,GSN-01,-81,24.50,76.30,49,1,0,7.80,84,21.00,25.40,23.90,25.10,23.30,21.60,25.40,22.40,23.70,20.90,21.30,22.90,25.00,23.80,21.90,20.10,23.60,25.80,23.90,24.00,24.30,24.20,21.40,22.90,24.90,24.80,23.20,24.40,21.80,21.10,22.90,23.00,21.10,23.10,23.60,21.00,23.90,21.60,21.40,25.10,21.80,21.40,23.00,21.20,21.50,20.50,21.50,24.60,24.30,25.20,20.80,24.20,25.30,20.30,20.50,24.10,21.10,21.50,20.70,24.40,24.10,22.30,25.80,21.20
TLM_RCV,-51,FG-ALPHA,1713171265,AUTO,2,34.08,5.00,-85,99.94,8.31,3.31,4.97,0,617,122,346,23.08,1013.20,12.00,405.70,1,1713171245,GSN-01,-85,25.90,81.50,45,0,0,7.79,84,24.30,20.70,24.30,23.40,24.80,20.40,24.00,25.90,25.40,22.60,23.10,23.00,23.80,22.70,20.10,22.40,22.60,24.40,25.80,23.40,22.70,21.90,20.10,20.00,23.70,24.90,25.30,20.60,21.60,21.30,21.40,23.80,21.10,22.60,21.30,21.20,21.30,20.70,24.30,23.20,25.30,25.20,25.00,20.00,24.80,24.60,24.50,22.90,24.30,24.10,23.00,21.20,20.50,24.00,25.00,24.20,21.50,23.70,22.90,25.10,21.80,20.20,20.50,25.30
TLM_RCV,-84,FG-ALPHA,1713171266,AUTO,2,32.60,5.00,-85,99.97,8.32,3.30,4.96,865,520,105,260,21.73,1013.50,11.90,405.90,1,1713171209,GSN-01,-92,24.30,81.00,49,0,0,7.82,84,24.30,24.70,20.50,23.20,22.50,24.20,25.80,25.80,20.00,23.80,25.10,25.60,20.90,21.10,25.90,22.40,23.30,25.60,20.90,21.90,24.60,20.30,24.40,24.90,22.20,25.50,20.30,24.60,25.00,21.40,23.10,23.70,24.30,22.00,24.60,24.50,24.40,21.10,20.40,23.00,21.00,25.90,21.50,21.20,24.50,23.50,22.10,21.50,25.90,24.40,22.10,22.40,24.20,24.10,21.10,22.10,23.90,23.80,23.70,21.20,20.50,22.70,25.40,23.30
TLM_RCV,-49,FG-ALPHA,1713171267,AUTO,2,33.61,5.00,-85,99.92,8.32,3.28,4.93,0,522,120,257,22.61,1012.70,11.80,406.30,1,1713171248,GSN-01,-77,24.10,82.10,49,0,0,7.80,85,20.10,20.60,22.40,22.90,23.30,22.20,24.00,24.50,24.50,22.30,20.20,21.20,24.80,24.90,25.70,25.90,21.90,22.20,24.00,20.40,22.90,20.80,24.30,24.30,21.50,22.70,21.70,20.90,23.60,24.60,23.40,23.80,21.70,21.30,22.60,21.50,25.70,24.40,20.20,22.20,22.00,25.90,23.30,20.60,22.40,22.20,23.80,24.10,24.40,22.50,23.90,24.40,23.40,20.40,20.50,24.40,23.90,20.10,21.10,25.90,20.70,20.70,23.60,25.40
TLM_RCV,-47,FG-ALPHA,1713171268,AUTO,2,32.11,5.00,-85,99.86,8.30,3.30,4.98,0,622,141,327,23.11,1012.80,12.10,405.80,1,1713171242,GSN-01,-72,25.40,80.60,43,0,0,7.82,85,20.10,24.70,23.10,24.40,22.10,20.10,24.20,24.20,20.70,20.20,20.00,24.20,22.70,25.90,25.10,23.90,20.80,25.70,25.40,21.30,22.90,21.70,22.90,22.00,20.30,20.40,25.60,21.20,23.20,21.20,20.40,21.30,23.90,21.70,21.20,25.60,22.50,20.00,20.80,20.50,23.50,23.10,25.20,23.60,20.10,20.40,20.40,20.40,22.10,25.80,24.00,25.20,20.30,20.20,23.80,21.50,23.50,22.80,20.80,20.90,20.20,21.80,25.70,25.60
TLM_RCV,-50,FG-ALPHA,1713171269,AUTO,2,33.84,5.00,-85,99.91,8.31,3.28,4.95,1061,568,144,273,22.47,1012.70,11.80,405.10,1,1713171238,GSN-01,-83,24.20,80.60,40,0,0,7.80,85,25.90,20.10,20.50,21.40,21.50,20.10,22.20,20.70,25.70,22.60,22.20,22.90,23.30,24.00,25.00,23.40,22.80,21.80,22.30,20.60,23.20,20.40,25.60,20.00,25.80,23.20,22.60,24.80,24.00,22.20,23.00,25.90,22.40,24.30,22.20,21.70,20.30,24.30,23.50,24.00,22.80,24.50,22.20,22.50,22.00,20.10,24.50,22.50,25.00,23.30,21.90,22.80,25.20,21.90,23.00,22.10,20.10,24.40,23.60,23.50,22.40,25.80,23.40,21.90
TLM_RCV,-60,FG-ALPHA,1713171270,AUTO,2,33.67,5.00,-85,99.95,8.32,3.31,4.93,973,533,130,259,22.20,1012.70,11.90,406.00,1,1713171230,GSN-01,-86,23.30,78.70,41,1,0,7.79,84,25.20,25.60,20.80,23.30,22.40,24.50,25.80,21.30,23.40,20.20,24.10,23.80,20.60,20.30,22.50,21.40,23.00,22.10,25.10,24.70,24.90,22.30,24.80,20.80,20.00,25.10,25.50,24.50,23.50,21.30,21.00,22.70,21.40,22.80,24.50,23.80,21.60,22.30,22.10,25.50,23.50,23.30,22.10,24.30,25.70,24.30,23.50,25.90,22.30,24.70,22.30,23.70,22.70,25.40,23.90,20.90,22.10,20.20,23.40,23.10,25.10,24.90,20.90,23.00
TLM_RCV,-88,FG-ALPHA,1713171271,AUTO,2,31.75,5.00,-85,99.98,8.32,3.28,4.93,844,550,149,253,21.47,1013.20,11.80,405.80,1,1713171240,GSN-01,-77,24.10,79.30,44,0,0,7.82,85,22.10,22.70,20.10,24.70,21.90,21.00,22.70,22.60,24.20,20.10,25.00,23.50,25.80,22.50,24.70,23.70,20.40,24.50,22.90,24.90,25.50,23.50,20.70,25.90,25.20,24.30,25.20,21.10,21.30,23.20,25.70,21.80,22.40,21.00,22.50,20.40,20.70,23.30,24.30,25.90,25.40,24.20,23.30,24.40,22.80,25.80,21.70,21.00,20.70,20.70,21.30,22.00,23.70,24.50,20.10,22.40,22.30,24.70,25.10,21.80,20.20,21.90,24.40,20.10
TLM_RCV,-77,FG-ALPHA,1713171272,AUTO,2,31.76,5.00,-85,100.00,8.32,3.29,4.98,922,553,104,292,21.84,1012.80,11.80,406.30,1,1713171243,GSN-01,-83,25.60,83.10,47,0,0,7.79,85,79.50,22.20,24.70,23.30,25.60,20.10,24.30,24.60,22.10,24.20,24.30,20.50,21.10,25.80,23.10,23.60,23.50,23.30,25.80,22.50,22.80,23.70,20.30,21.70,22.50,21.30,25.10,20.90,21.00,23.30,23.60,21.50,25.80,22.40,23.90,21.80,22.40,24.70,23.20,21.50,20.30,21.20,25.20,25.90,23.20,21.40,23.00,20.50,20.40,23.50,21.20,23.90,23.50,23.40,20.50,24.20,24.10,20.60,21.50,22.10,25.70,23.50,22.70,20.90
TLM_RCV,-93,FG-ALPHA,1713171273,AUTO,2,33.05,5.00,-85,100.00,8.31,3.28,4.96,1097,610,143,318,22.43,1013.30,12.10,405.60,1,1713171246,GSN-01,-93,24.20,83.00,47,0,0,7.78,85,21.10,22.60,20.70,25.90,23.60,25.00,20.10,21.30,25.50,20.40,23.90,24.30,20.90,22.50,25.80,24.50,22.60,20.70,21.10,24.60,21.80,24.10,22.50,24.80,24.30,21.20,22.10,23.10,20.10,20.40,24.90,24.10,22.50,25.60,25.80,24.00,25.10,22.70,20.80,22.30,22.20,25.00,23.10,24.30,24.30,24.90,23.20,25.90,20.40,21.20,20.40,24.00,25.60,25.00,21.50,24.50,24.40,20.50,22.20,25.00,25.30,24.60,24.10,20.10
TLM_RCV,-84,FG-ALPHA,1713171274,AUTO,2,32.71,5.00,-85,100.00,8.32,3.31,4.98,1026,542,139,252,22.42,1013.00,11.90,405.00,1,1713171236,GSN-01,-76,23.60,83.10,40,0,0,7.79,85,20.80,24.30,20.30,22.80,25.20,24.00,24.80,24.70,20.10,21.50,23.10,21.80,21.70,24.30,21.40,25.70,24.00,24.80,20.90,25.00,22.00,20.60,23.90,22.80,25.80,22.30,24.20,22.10,23.10,23.50,21.70,23.20,21.10,21.80,25.30,25.50,20.40,20.00,22.20,23.10,23.90,21.40,25.90,22.60,20.60,23.00,24.80,24.60,24.30,23.20,22.00,23.70,21.40,21.40,22.90,23.00,23.60,23.80,20.40,20.10,21.20,23.10,23.60,23.80
TLM_RCV,-67,FG-ALPHA,1713171275,AUTO,2,31.74,5.00,-85,100.00,8.32,3.28,4.92,1176,548,145,260,23.14,1013.20,11.90,406.30,1,1713171261,GSN-01,-71,23.40,76.50,41,0,0,7.78,85,21.10,23.40,22.40,23.60,23.40,24.00,22.50,23.60,25.90,23.20,23.00,24.20,20.10,23.90,21.50,22.30,23.00,22.60,22.50,25.50,21.30,23.40,20.40,23.50,24.40,22.20,21.90,21.50,22.50,20.10,24.00,24.70,21.30,23.80,20.40,23.50,24.00,24.10,25.00,25.10,22.10,21.60,23.20,20.10,21.90,24.50,22.90,23.40,25.90,21.40,21.90,24.40,23.80,25.00,25.00,25.30,20.20,22.60,24.60,23.50,24.80,24.90,22.60,24.10
TLM_RCV,-44,FG-ALPHA,1713171276,AUTO,2,33.94,5.00,-85,100.00,8.31,3.28,4.90,1190,588,143,290,23.01,1013.40,12.10,406.10,1,1713171228,GSN-01,-87,24.40,79.50,43,0,0,7.78,84,21.00,22.10,23.50,23.90,22.60,24.60,25.60,23.60,23.30,25.00,25.20,20.90,20.00,25.00,23.30,23.40,23.00,22.80,22.10,24.10,21.20,20.00,25.40,23.20,21.90,22.70,24.00,21.30,25.90,23.30,25.30,24.50,20.50,25.80,20.50,24.10,24.30,20.60,24.30,24.80,24.80,20.10,25.80,20.20,22.70,24.40,21.70,24.00,25.50,23.80,25.10,22.30,22.00,22.00,25.60,23.90,24.30,22.40,21.30,22.20,23.50,23.80,20.70,25.30
TLM_RCV,-91,FG-ALPHA,1713171277,AUTO,2,32.97,5.00,-85,100.00,8.31,3.30,4.97,1193,595,120,323,22.99,1013.50,11.90,406.30,1,1713171244,GSN-01,-87,24.50,76.40,41,0,0,7.80,84,20.70,23.50,23.70,21.70,22.60,23.60,21.60,20.70,24.00,23.00,21.80,23.80,25.20,21.00,24.10,25.20,24.00,25.10,24.50,23.20,20.40,20.10,23.90,20.30,24.70,22.20,25.70,21.30,23.70,21.70,25.90,24.70,21.60,21.30,21.50,21.50,21.20,20.40,23.60,25.20,22.30,22.40,24.80,20.90,22.40,21.20,21.00,22.50,20.30,24.50,24.30,25.20,20.40,25.60,22.00,20.10,24.60,22.80,20.60,20.00,24.20,25.90,25.90,22.10
TLM_RCV,-41,FG-ALPHA,1713171278,AUTO,2,32.04,5.00,-85,99.94,8.31,3.28,4.98,0,608,144,305,23.04,1012.80,12.10,405.90,1,1713171249,GSN-01,-79,24.50,75.10,48,0,0,7.81,85,22.40,22.00,25.20,24.20,21.90,22.50,25.70,25.40,21.90,23.50,25.20,25.60,24.90,21.40,22.60,21.00,24.40,21.60,20.80,23.60,23.30,21.90,22.80,23.80,25.50,23.70,22.80,25.10,24.40,22.80,24.10,20.30,23.50,21.30,24.40,25.20,20.40,21.10,20.70,23.90,25.70,25.30,24.40,22.70,20.00,24.70,24.20,22.80,20.90,23.60,24.60,22.30,23.70,20.20,24.50,25.30,21.70,25.50,22.40,25.90,23.80,22.50,24.80,24.30
TLM_RCV,-54,FG-ALPHA,1713171279,AUTO,2,33.69,5.00,-85,100.00,8.32,3.30,4.97,1121,539,116,264,22.91,1012.90,11.80,405.10,1,1713171242,GSN-01,-71,24.30,74.60,44,0,0,7.82,84,22.60,21.80,20.00,25.00,20.20,23.90,20.30,24.10,20.50,23.70,22.50,20.10,21.10,22.80,25.40,22.00,25.80,23.10,22.20,22.20,22.50,22.40,22.60,20.20,21.40,21.00,20.00,20.80,25.70,23.80,20.20,21.00,21.60,25.10,24.80,23.10,21.30,22.80,25.40,24.50,23.60,24.20,24.30,20.20,23.70,21.50,24.90,22.60,21.90,21.10,23.10,22.60,25.00,20.30,22.00,23.90,21.00,21.70,21.80,20.60,23.40,20.10,23.30,20.50
TLM_RCV,-49,FG-ALPHA,1713171280,AUTO,2,33.74,5.00,-85,100.00,8.32,3.28,4.93,918,549,110,281,21.84,1013.00,11.90,406.20,1,1713171268,GSN-01,-75,25.00,73.90,49,0,0,7.80,84,20.90,24.80,20.70,21.60,25.70,21.30,23.60,23.20,25.50,20.70,25.80,24.20,22.90,21.80,25.70,23.50,22.00,20.40,20.80,22.10,20.30,23.00,22.30,20.60,25.90,23.20,20.60,21.70,25.90,25.40,23.40,21.10,20.10,21.90,22.20,24.40,21.00,21.90,20.40,24.90,22.90,24.00,22.90,20.60,20.00,20.80,21.40,20.80,25.50,24.10,20.70,20.90,23.10,22.50,25.80,25.60,21.00,25.20,22.70,24.40,23.80,22.90,22.20,20.00
TLM_RCV,-84,FG-ALPHA,1713171281,AUTO,2,32.84,5.00,-85,100.00,8.31,3.30,4.93,1141,568,112,313,22.86,1013.30,11.90,405.90,1,1713171250,GSN-01,-85,24.40,77.60,47,0,0,7.81,84,23.70,23.20,21.00,24.40,22.40,20.90,23.90,23.30,20.30,20.20,20.50,20.50,20.70,21.50,21.00,22.60,25.30,22.60,24.70,25.40,21.20,21.20,20.10,22.50,22.20,24.90,22.10,21.70,24.30,22.40,23.10,21.40,23.90,22.90,23.80,23.50,20.70,25.40,22.20,23.40,23.20,23.40,20.20,23.50,23.20,21.60,25.50,23.50,21.60,21.00,21.20,20.50,24.10,23.60,23.10,21.80,21.60,21.40,22.30,24.20,22.60,23.20,20.10,24.00
