PACKET_TYPE,GS_RSSI,SAT_ID,TIMESTAMP,FDIR_MODE,PAYLOAD_STATE,OBC_T,PAYLOAD_T,RSSI_UPLINK,SOC,V_BAT,V_3V3,V_5V,I_IN,I_OUT,I_PAY,I_COMMS,EPS_T,PRESSURE,HUMIDITY,GPS_ALT,OBC_SD_PCT,PAYLOAD_SD_PCT,HAS_GSN,GSN_TS,GSN_NODE,GSN_RSSI,GSN_T,GSN_HUM,GSN_SOIL,GSN_SMOKE,GSN_SOUND,GSN_VBAT,GSN_SOC,GSN_SD_PCT,THERMAL_DATA_64...
TLM_RCV,-82,FG-ALPHA,1713170021,AUTO,0,33.24,7.50,-85,85.68,7.99,3.29,5.02,0,448,0,305,22.24,1013.40,12.00,406.20,12.42,46.15,1,1713169997,GSN-01,-73,25.70,75.40,48,0,0,7.82,84,8.51,23.30,25.00,25.10,20.70,20.10,22.70,21.30,21.20,20.50,25.40,23.10,21.40,82.20,24.80,21.40,24.80,25.10,24.30,22.20,25.20,24.30,24.40,22.60,24.20,22.40,20.20,22.10,20.00,25.60,22.40,24.40,22.80,21.90,20.80,22.40,21.80,22.40,21.10,25.20,25.10,22.30,20.30,22.50,21.10,23.60,25.80,24.00,24.20,21.60,20.00,21.60,24.30,23.20,23.00,22.80,20.60,23.00,24.10,24.70,23.70,21.90,24.60,22.00,20.70
TLM_RCV,-53,FG-ALPHA,1713170022,AUTO,0,31.17,5.50,-85,85.74,7.99,3.28,5.02,1015,434,0,290,22.91,1013.40,11.90,404.50,12.42,46.15,1,1713169989,GSN-01,-91,25.10,76.40,40,0,1,7.78,84,8.51,24.00,22.60,21.90,21.20,21.70,21.40,22.30,21.20,22.60,21.70,20.90,22.40,21.20,23.10,21.80,24.10,24.60,22.40,20.00,24.60,23.60,21.40,25.40,25.00,20.50,20.80,25.20,25.50,20.00,25.70,25.20,22.20,20.50,22.40,23.90,20.80,24.20,23.00,25.60,21.70,24.00,20.30,23.00,22.80,23.40,20.70,25.00,20.00,20.40,25.90,21.30,23.00,20.80,25.90,21.00,25.20,24.60,23.70,24.60,23.30,24.30,23.00,24.80,23.70
TLM_RCV,-62,FG-ALPHA,1713170023,AUTO,0,33.24,5.00,-85,85.78,7.99,3.29,5.02,866,449,0,304,22.08,1013.30,12.10,406.00,12.42,46.15,1,1713169990,GSN-01,-77,25.10,80.40,47,0,0,7.80,85,8.52,24.60,25.30,24.70,23.50,21.70,23.80,20.70,25.90,21.60,21.80,20.20,22.80,22.90,22.00,24.50,21.20,25.70,21.80,24.40,20.40,24.80,23.40,25.40,20.20,22.70,23.70,25.00,20.90,20.40,23.40,24.50,22.90,23.50,20.70,24.10,23.30,21.80,23.20,23.60,21.70,24.50,25.00,23.80,23.90,23.80,22.00,21.10,24.30,24.50,20.20,24.80,20.30,23.50,21.60,21.10,22.40,22.30,25.30,20.20,21.30,23.60,20.40,20.30,20.40
TLM_RCV,-83,FG-ALPHA,1713170024,AUTO,0,33.33,5.00,-85,85.81,7.99,3.28,5.02,827,465,0,306,21.81,1013.30,12.00,406.30,12.42,46.15,1,1713169977,GSN-01,-77,25.30,76.90,40,0,1,7.78,84,8.52,21.80,22.00,23.40,23.40,25.40,23.30,21.60,22.60,23.40,23.00,23.00,21.70,24.50,22.00,25.70,25.10,25.70,24.60,20.00,24.80,22.40,23.60,20.20,21.20,20.00,21.30,22.20,20.70,21.80,21.80,22.70,25.40,22.40,25.10,25.20,22.30,23.60,24.40,24.80,22.00,24.10,20.40,25.00,25.90,22.20,20.60,24.80,24.60,21.10,21.20,21.70,25.80,22.10,23.80,21.30,24.30,21.60,21.30,25.00,25.60,25.90,23.50,25.70,24.00
TLM_RCV,-67,FG-ALPHA,1713170025,AUTO,0,31.05,5.00,-85,85.86,8.00,3.29,5.02,917,410,0,258,22.53,1012.90,12.10,404.90,12.43,46.15,1,1713169992,GSN-01,-77,24.10,75.80,42,0,0,7.81,85,8.53,22.30,23.30,25.80,24.00,24.10,24.60,24.40,24.10,24.10,20.40,20.90,24.90,21.40,25.80,25.20,24.30,25.30,21.50,22.10,20.00,22.20,23.00,20.30,22.30,24.10,25.90,25.80,20.30,25.80,21.90,20.00,22.70,20.00,24.80,25.30,25.50,22.50,21.30,24.60,25.30,23.40,24.90,25.00,22.70,20.60,24.30,23.60,25.90,21.00,23.30,21.60,21.60,21.40,20.60,24.20,23.70,22.40,24.00,22.10,23.60,24.00,24.30,24.90,25.40
TLM_RCV,-66,FG-ALPHA,1713170026,AUTO,0,31.08,5.00,-85,85.82,8.00,3.31,5.02,0,417,0,267,22.08,1013.50,11.80,405.60,12.43,46.15,1,1713169995,GSN-01,-74,25.80,78.50,40,0,0,7.80,84,8.53,24.40,21.00,25.30,22.20,22.40,23.60,22.10,25.50,20.10,22.50,25.30,22.30,23.10,20.80,22.00,20.70,22.20,23.50,22.80,23.60,20.50,21.30,23.90,25.90,23.10,21.50,20.90,25.20,25.10,20.10,25.40,20.30,21.80,25.20,25.90,24.50,22.70,21.50,22.70,20.60,21.90,24.50,25.70,22.60,21.60,20.70,23.50,22.30,20.70,25.10,20.50,22.40,22.30,23.30,24.20,24.00,20.30,22.90,20.00,24.40,24.80,22.30,21.40,22.40
TLM_RCV,-80,FG-ALPHA,1713170027,AUTO,0,32.21,5.00,-85,85.89,8.00,3.30,5.02,1143,442,0,285,23.50,1013.30,11.90,406.40,12.43,46.15,1,1713169979,GSN-01,-79,25.30,73.50,46,0,0,7.78,85,8.54,23.40,25.50,23.80,24.70,20.60,25.50,20.30,21.00,23.30,20.10,20.30,21.20,25.80,25.70,23.20,24.40,24.20,22.30,20.40,21.50,24.50,21.90,25.70,20.40,21.30,24.60,24.80,25.30,21.70,22.50,23.80,23.00,22.00,24.20,22.80,20.10,22.20,25.70,21.40,20.90,23.10,24.20,21.90,22.00,22.40,25.70,22.30,20.90,25.50,24.50,21.00,21.90,23.10,25.10,23.30,23.80,23.80,23.60,24.60,21.60,23.60,24.10,25.90,23.60
TLM_RCV,-92,FG-ALPHA,1713170028,AUTO,0,31.19,5.00,-85,85.97,8.00,3.28,5.02,1195,439,0,283,23.78,1013.10,11.80,405.20,12.43,46.15,1,1713169970,GSN-01,-77,23.40,83.00,40,0,0,7.82,85,8.54,21.40,23.90,25.40,24.70,24.80,21.50,20.20,20.30,25.10,21.00,25.90,25.90,23.60,23.60,25.70,20.70,21.40,25.10,21.70,24.70,25.50,20.60,21.20,25.50,25.80,23.40,22.50,24.20,23.30,24.30,21.00,24.50,21.20,23.70,25.50,22.30,20.70,23.10,24.30,21.10,21.50,25.50,25.00,25.10,23.50,20.60,24.40,24.50,20.20,23.20,20.40,25.30,21.80,23.90,23.30,25.10,20.50,23.30,24.00,23.90,23.00,21.20,22.90,20.50
TLM_RCV,-56,FG-ALPHA,1713170029,AUTO,0,32.11,5.00,-85,86.01,8.00,3.30,5.02,813,422,0,270,21.95,1013.00,11.80,405.70,12.43,46.15,1,1713169987,GSN-01,-72,25.70,78.80,47,0,0,7.80,84,8.55,22.10,25.60,21.40,25.00,25.00,22.40,21.60,23.30,23.30,25.10,25.80,24.30,23.10,23.00,25.00,22.20,22.70,20.20,22.00,23.80,24.40,21.10,25.60,21.20,25.30,21.90,20.90,24.80,21.00,20.70,20.90,25.50,21.70,21.10,22.40,25.50,21.00,25.30,21.70,24.90,24.80,25.10,20.10,25.70,22.70,24.50,24.40,20.20,24.70,24.10,20.90,20.50,22.90,24.60,20.70,24.00,20.60,23.00,20.60,23.70,20.90,21.40,20.10,25.10
TLM_RCV,-77,FG-ALPHA,1713170030,AUTO,0,31.14,5.00,-85,86.08,8.00,3.28,5.02,1142,427,0,282,23.58,1012.80,11.90,404.70,12.43,46.15,1,1713170016,GSN-01,-95,24.50,77.20,46,0,0,7.80,84,8.55,20.50,22.40,22.80,21.80,20.00,21.50,25.80,24.70,22.30,20.30,23.10,24.50,20.20,20.90,23.30,25.00,24.50,24.00,20.90,21.60,21.40,20.10,21.60,25.20,23.10,20.10,24.00,24.80,20.70,23.20,22.00,24.30,23.80,21.40,21.80,22.20,20.50,21.30,24.30,24.90,24.00,24.70,25.30,23.90,24.10,23.50,25.00,23.30,24.70,23.30,20.20,22.00,24.70,23.90,25.00,20.20,23.10,24.00,22.40,20.70,25.70,25.70,24.80,20.00
TLM_RCV,-89,FG-ALPHA,1713170031,AUTO,0,32.47,5.00,-85,86.12,7.99,3.31,5.02,884,495,0,342,21.94,1013.40,12.10,404.90,12.43,46.15,1,1713169988,GSN-01,-77,23.30,78.80,41,0,0,7.82,85,8.56,20.90,20.10,21.40,22.30,23.70,20.90,23.60,21.50,21.60,20.60,25.50,22.80,20.40,24.50,25.80,20.90,21.50,25.60,25.40,21.10,24.20,25.50,24.00,24.40,21.80,20.00,25.90,22.10,23.60,24.30,25.50,20.50,21.80,21.30,22.00,22.00,24.20,20.90,24.70,20.40,20.00,22.50,21.00,23.50,21.30,21.80,25.50,21.60,20.00,25.60,20.70,21.90,21.60,25.20,25.00,24.50,23.90,22.20,22.90,23.10,23.30,22.80,21.50,23.90
TLM_RCV,-46,FG-ALPHA,1713170032,AUTO,0,32.40,5.00,-85,86.07,7.99,3.29,5.02,0,479,0,329,22.40,1013.10,12.10,406.00,12.43,46.15,1,1713169994,GSN-01,-88,25.30,80.70,43,0,0,7.78,84,8.56,22.10,23.60,25.40,23.70,24.70,22.50,23.60,24.50,24.00,21.80,21.70,20.40,22.00,23.90,23.30,23.80,21.30,25.40,22.70,20.30,23.90,20.30,24.80,23.80,23.40,24.60,21.50,23.20,25.70,21.90,24.60,20.90,21.40,22.40,24.30,21.80,21.90,23.00,23.40,25.60,24.80,21.70,22.30,21.70,23.10,20.30,23.80,20.80,21.80,20.10,23.40,21.50,25.20,20.10,22.10,23.80,25.50,25.10,24.60,22.80,21.90,22.40,21.60,24.80
TLM_RCV,-81,FG-ALPHA,1713170033,AUTO,0,32.42,5.00,-85,86.11,7.99,3.30,5.02,848,483,0,342,21.83,1013.40,11.90,404.90,12.43,46.15,1,1713170002,GSN-01,-80,25.40,78.50,40,0,1,7.78,84,8.57,24.80,25.50,20.10,22.80,20.90,23.20,22.50,21.10,24.70,24.80,21.90,21.80,24.60,20.70,21.80,24.50,23.30,23.70,24.20,25.70,22.90,25.00,20.20,24.30,25.40,24.50,22.90,21.50,24.10,21.40,24.80,20.50,21.10,22.90,23.00,25.10,22.50,24.70,24.20,25.50,24.20,23.20,20.90,25.40,22.80,24.50,25.20,24.80,21.50,22.60,22.30,22.50,20.50,25.90,22.30,24.30,22.40,23.20,24.50,21.20,24.70,25.50,25.70,22.20
TLM_RCV,-79,FG-ALPHA,1713170034,AUTO,0,32.49,5.00,-85,86.14,7.99,3.28,5.02,833,497,0,349,21.68,1013.50,12.10,406.30,12.43,46.15,1,1713170010,GSN-01,-79,23.70,74.70,48,0,1,7.78,84,8.57,21.90,20.60,22.20,20.10,23.90,20.20,22.50,25.80,24.70,24.70,21.20,20.00,25.30,23.20,22.20,20.20,22.00,25.00,22.50,20.60,20.20,23.70,21.90,23.90,22.20,24.60,23.70,21.20,22.70,25.60,20.90,20.70,20.30,20.60,22.70,21.80,21.90,23.50,21.60,20.50,23.00,21.40,20.70,22.70,21.60,25.40,21.70,22.30,23.00,24.40,22.60,21.50,24.80,21.10,22.60,22.20,24.00,20.00,20.70,24.40,22.90,23.20,20.70,23.90
TLM_RCV,-62,FG-ALPHA,1713170035,AUTO,0,32.19,5.00,-85,86.19,8.00,3.29,5.02,975,439,0,287,22.68,1012.90,12.10,406.30,12.44,46.15,1,1713169991,GSN-01,-71,23.80,79.30,49,0,0,7.81,85,8.58,20.30,70.60,23.30,24.90,25.90,23.70,23.30,24.30,20.80,23.00,21.40,24.50,20.60,20.90,21.10,21.10,23.70,22.10,21.80,24.90,25.40,23.10,20.90,25.50,20.90,23.70,24.20,21.70,22.40,22.10,20.80,22.60,23.70,21.80,20.80,23.20,21.50,22.30,24.80,21.20,23.60,22.30,25.90,24.40,21.30,23.30,23.10,24.00,23.60,23.70,23.20,20.50,20.40,24.80,25.20,23.00,21.90,25.10,23.00,23.10,24.90,21.00,23.10,23.80
TLM_RCV,-89,FG-ALPHA,1713170036,AUTO,0,32.35,5.00,-85,86.26,8.00,3.30,5.02,1146,470,0,330,23.38,1013.10,11.80,406.20,12.44,46.15,1,1713169988,GSN-01,-89,25.20,75.10,49,0,1,7.80,85,8.58,22.40,24.90,24.50,25.30,22.90,22.10,23.20,22.80,24.20,25.20,23.30,24.60,23.80,22.00,22.40,22.20,25.00,23.30,20.50,20.50,21.70,20.00,22.30,21.50,25.50,24.50,20.50,25.80,22.10,25.10,22.70,20.20,24.30,23.70,24.10,20.30,25.80,23.60,24.50,24.20,21.30,23.20,22.20,20.80,20.60,20.40,20.10,25.20,22.90,25.00,22.10,22.60,24.80,22.00,25.40,24.70,25.90,23.30,22.70,23.00,21.40,24.50,24.40,22.30
TLM_RCV,-51,FG-ALPHA,1713170037,AUTO,0,32.10,5.00,-85,86.32,8.01,3.29,5.02,977,420,0,270,22.78,1012.90,11.90,405.60,12.44,46.15,1,1713170005,GSN-01,-83,23.90,81.20,43,0,0,7.82,84,8.59,23.00,21.20,22.30,23.30,21.50,22.00,24.90,25.80,21.90,23.00,20.10,24.30,22.20,25.60,82.90,24.70,20.50,21.10,25.60,20.60,23.10,20.30,22.70,24.80,23.00,25.30,24.30,25.80,22.50,22.30,25.60,24.60,25.20,25.30,20.00,23.50,21.40,25.30,22.00,21.40,23.30,21.70,22.80,24.70,24.50,23.90,23.10,25.40,24.70,22.90,22.50,22.00,23.30,25.30,21.90,24.00,22.90,24.20,24.00,25.70,24.40,21.30,20.80,22.00
TLM_RCV,-87,FG-ALPHA,1713170038,AUTO,0,33.04,5.00,-85,86.38,8.01,3.31,5.02,1018,408,0,250,23.05,1013.10,12.00,405.80,12.44,46.15,1,1713169992,GSN-01,-78,25.90,83.00,49,0,1,7.78,85,8.59,24.70,24.10,22.50,22.00,25.90,24.20,24.40,22.40,23.80,21.00,24.90,24.20,25.90,24.00,25.20,25.10,23.90,22.30,25.20,20.90,22.60,21.40,21.80,22.10,24.70,22.70,24.10,24.10,25.00,25.70,21.20,24.50,20.20,25.40,22.60,20.80,20.80,24.20,23.20,24.40,25.40,24.70,21.50,20.40,24.10,22.50,24.20,20.10,20.50,21.20,24.60,25.20,23.80,20.40,23.20,21.40,21.40,25.20,22.00,24.60,21.80,20.50,24.40,21.50
TLM_RCV,-64,FG-ALPHA,1713170039,AUTO,0,33.09,5.00,-85,86.45,8.01,3.28,5.02,1121,418,0,270,23.51,1013.10,12.10,405.60,12.44,46.15,1,1713169985,GSN-01,-92,24.60,83.00,44,0,1,7.82,84,8.60,20.00,24.00,23.40,23.60,24.60,22.20,21.00,21.80,22.20,22.90,24.10,22.00,24.50,25.90,22.60,21.70,21.70,23.60,23.60,20.00,23.50,20.00,25.40,25.10,25.80,23.40,25.10,22.80,20.80,25.30,20.00,22.90,21.20,21.80,22.50,25.10,24.20,22.10,24.30,22.20,21.50,24.50,21.50,25.00,21.10,20.60,20.60,22.70,22.20,23.40,22.30,21.70,21.20,25.00,20.80,24.10,25.00,23.70,20.00,23.20,20.80,25.30,20.80,24.00
TLM_RCV,-93,FG-ALPHA,1713170040,AUTO,0,33.29,5.00,-85,86.50,8.01,3.31,5.02,937,458,0,299,22.40,1013.50,12.10,404.80,12.44,46.15,1,1713170010,GSN-01,-93,25.70,78.20,44,0,0,7.79,84,8.60,25.30,22.20,24.00,21.00,22.20,20.90,23.60,25.10,24.10,25.60,23.90,21.30,24.30,24.20,21.00,22.60,21.70,22.50,22.50,23.00,24.20,22.30,22.90,20.00,20.10,25.90,23.00,25.30,23.30,24.70,21.60,23.70,23.70,24.30,22.80,22.10,20.50,25.80,21.50,24.00,21.60,20.10,23.00,22.60,21.10,22.10,21.60,23.60,20.80,21.50,20.60,23.90,22.70,22.60,23.30,24.20,24.80,23.80,23.10,25.10,20.20,23.30,23.80,25.00
TLM_RCV,-70,FG-ALPHA,1713170041,AUTO,0,31.20,5.00,-85,86.55,8.01,3.30,5.02,1022,441,0,299,22.91,1013.50,11.80,404.70,12.44,46.15,1,1713169985,GSN-01,-85,25.10,82.90,46,0,0,7.82,84,8.61,21.20,22.60,22.10,23.90,21.00,23.30,23.60,22.50,25.20,23.00,22.40,20.70,23.00,21.30,23.70,24.40,23.70,21.80,21.80,22.90,25.20,25.90,24.80,20.00,24.50,21.50,25.80,23.00,24.70,23.60,21.60,21.30,22.00,25.10,21.00,21.50,20.10,25.50,20.10,21.50,22.60,25.90,20.50,25.00,21.60,20.00,23.50,21.70,21.60,25.00,20.30,24.10,22.30,20.30,20.90,20.30,20.60,23.70,20.00,23.80,23.00,23.80,25.50,24.60
TLM_RCV,-61,FG-ALPHA,1713170042,AUTO,0,31.42,5.00,-85,86.59,8.01,3.29,5.02,824,484,0,333,21.70,1013.20,12.00,404.80,12.44,46.15,1,1713170013,GSN-01,-87,25.50,75.50,45,0,0,7.79,85,8.61,20.00,20.80,25.30,25.00,21.50,24.60,21.30,24.70,23.50,23.90,22.30,20.20,24.50,24.10,22.20,24.30,20.00,23.80,20.10,20.50,22.80,24.80,22.60,21.60,22.50,22.20,21.90,25.70,22.40,21.20,23.90,22.40,24.20,20.30,20.10,22.30,23.30,24.80,23.70,23.20,21.60,21.00,21.00,24.70,20.10,22.40,23.10,22.10,22.60,20.10,23.40,25.80,20.10,25.40,23.50,24.10,23.80,20.90,23.80,23.80,22.10,21.60,20.30,24.60
TLM_RCV,-80,FG-ALPHA,1713170043,AUTO,0,32.06,5.00,-85,86.64,8.02,3.30,5.02,979,411,0,269,22.84,1013.20,11.90,405.80,12.44,46.15,1,1713170004,GSN-01,-90,23.20,82.50,40,0,0,7.79,85,8.62,23.70,20.20,24.80,20.10,24.90,25.60,20.60,20.50,24.40,23.30,21.50,24.40,23.80,23.50,21.20,24.60,25.90,20.60,20.10,24.80,20.90,20.60,25.30,77.80,25.10,20.10,22.70,22.30,22.20,25.90,24.60,20.90,23.20,25.70,20.00,24.50,24.30,25.60,25.10,24.70,22.60,20.70,23.00,23.80,25.60,21.10,25.60,22.70,23.70,20.80,21.00,20.30,24.60,22.90,21.30,24.20,22.90,23.70,21.30,20.20,23.80,23.10,23.00,25.40
TLM_RCV,-69,FG-ALPHA,1713170044,AUTO,0,32.37,5.00,-85,86.71,8.01,3.30,5.02,1117,473,0,327,23.22,1012.90,11.90,404.50,12.44,46.15,1,1713170008,GSN-01,-71,25.20,76.80,42,0,1,7.79,85,8.62,23.50,20.10,23.90,24.50,20.80,21.30,25.70,25.20,20.10,21.40,21.10,22.30,25.00,25.90,21.60,24.60,25.70,22.80,21.20,20.60,22.00,21.30,23.60,25.50,22.10,20.20,22.60,23.90,25.60,25.50,25.10,21.60,23.30,20.50,23.80,25.60,21.70,25.50,25.70,20.50,20.40,23.30,21.00,24.40,22.80,20.80,25.40,22.30,21.10,22.30,24.00,20.70,25.70,21.60,23.80,20.70,20.70,21.20,25.00,25.40,22.70,24.10,22.30,24.40
TLM_RCV,-54,FG-ALPHA,1713170045,AUTO,0,32.29,5.00,-85,86.76,8.01,3.29,5.02,992,459,0,308,22.67,1012.90,12.00,405.90,12.45,46.15,1,1713169992,GSN-01,-76,25.30,75.70,46,0,0,7.80,85,8.63,23.60,23.80,23.80,20.00,21.20,24.40,22.40,21.90,24.10,25.20,24.60,22.30,21.40,25.30,22.80,21.50,23.60,20.10,24.20,20.90,21.30,24.40,24.60,23.30,23.10,21.20,23.20,22.50,22.90,20.90,25.40,25.80,23.50,22.30,20.20,23.40,23.90,25.00,24.60,24.10,20.40,21.50,25.10,23.60,25.10,24.00,25.50,22.80,23.00,20.20,24.70,24.40,22.10,20.20,25.30,25.90,25.40,24.00,23.20,20.30,25.70,20.40,21.50,21.90
TLM_RCV,-72,FG-ALPHA,1713170046,AUTO,0,32.42,5.00,-85,86.80,8.01,3.30,5.02,896,484,0,336,22.06,1013.40,11.90,404.60,12.45,46.15,1,1713169995,GSN-01,-84,25.50,80.60,46,1,0,7.82,85,8.63,24.40,25.70,21.30,23.80,21.20,20.20,20.70,21.80,23.00,23.00,23.90,21.90,23.40,24.10,22.30,21.20,22.20,20.20,20.90,23.90,23.30,23.30,22.90,25.70,22.20,20.20,21.60,24.60,20.70,24.40,20.30,21.60,71.60,23.60,23.60,20.00,20.10,24.70,21.20,22.30,22.80,23.10,22.60,21.10,24.10,25.80,25.00,22.00,21.20,25.10,20.20,23.80,24.80,24.50,25.80,24.30,24.00,25.80,24.90,23.80,21.20,24.00,21.00,25.50
TLM_RCV,-86,FG-ALPHA,1713170047,AUTO,0,31.05,5.00,-85,86.88,8.02,3.31,5.02,1156,410,0,270,23.73,1013.20,11.80,404.70,12.45,46.15,1,1713170036,GSN-01,-82,25.60,78.20,43,0,0,7.82,84,8.64,22.60,25.70,24.40,24.20,25.20,20.30,22.00,24.90,23.20,23.90,80.30,24.00,21.10,25.30,24.10,25.30,25.10,21.70,20.70,22.50,20.10,22.90,23.00,20.30,25.30,21.50,22.70,20.30,22.20,24.40,23.20,24.20,23.40,22.80,20.60,25.90,20.70,22.40,21.00,21.30,23.90,22.80,23.30,22.10,23.50,24.50,25.20,22.90,25.10,20.90,21.40,21.20,20.10,22.70,25.10,23.50,25.00,22.60,22.30,20.20,21.30,21.10,22.90,20.30
TLM_RCV,-91,FG-ALPHA,1713170048,AUTO,0,32.06,5.00,-85,86.95,8.03,3.30,5.02,1119,411,0,262,23.54,1012.80,12.10,405.60,12.45,46.15,1,1713170031,GSN-01,-91,24.20,78.90,48,0,0,7.81,84,8.64,22.10,20.10,22.80,20.40,21.50,25.50,25.10,24.20,23.50,22.40,25.50,24.80,24.70,24.40,25.20,24.10,21.40,23.00,24.50,24.50,25.00,21.00,22.00,24.20,22.60,25.70,25.40,25.40,23.80,21.30,21.10,24.80,25.20,21.30,21.40,22.50,25.80,23.20,21.60,22.10,21.10,23.20,22.20,24.90,22.60,22.30,22.40,20.40,21.80,25.40,23.90,21.70,25.10,24.10,22.50,21.80,25.10,20.80,24.70,21.90,22.50,24.50,21.20,23.00
TLM_RCV,-84,FG-ALPHA,1713170049,AUTO,0,32.49,5.00,-85,86.90,8.01,3.30,5.02,0,497,0,349,22.49,1013.30,11.90,405.00,12.45,46.15,1,1713170007,GSN-01,-90,24.70,74.00,46,0,0,7.80,84,8.65,24.10,22.70,24.60,23.90,20.50,21.30,24.30,20.90,24.10,24.60,25.40,22.50,20.40,24.80,23.10,23.80,25.40,22.40,23.80,24.60,21.60,20.50,25.10,20.90,21.50,20.60,22.50,23.70,24.00,24.50,24.90,24.40,24.80,25.30,24.60,21.10,20.00,23.80,22.60,20.50,24.20,23.50,25.20,22.40,23.30,21.80,21.70,22.80,25.00,22.60,23.40,21.60,22.90,22.90,25.30,21.60,25.60,20.80,23.10,24.20,25.30,20.10,24.40,23.10
TLM_RCV,-85,FG-ALPHA,1713170050,AUTO,0,31.05,5.00,-85,86.94,8.03,3.31,5.02,839,410,0,256,22.15,1013.60,11.90,404.50,12.45,46.15,1,1713170020,GSN-01,-88,24.70,78.60,41,0,0,7.78,85,8.65,20.50,22.50,25.40,24.40,24.70,25.20,23.00,25.70,24.00,23.00,25.60,20.50,22.60,25.80,21.30,21.30,24.50,22.00,22.40,25.30,20.90,20.40,23.40,22.50,24.00,24.60,24.30,20.20,25.00,23.20,22.50,25.60,20.00,24.60,22.20,25.70,24.50,23.50,25.80,25.50,20.70,23.50,21.90,25.50,21.60,25.50,20.50,24.10,22.40,20.40,24.90,20.80,22.90,21.00,23.80,21.20,24.80,20.90,24.90,23.20,22.20,24.40,24.60,21.90
TLM_RCV,-84,FG-ALPHA,1713170051,AUTO,0,33.40,5.00,-85,87.00,8.02,3.30,5.02,1016,480,0,323,22.68,1013.10,11.90,405.30,12.45,46.15,1,1713170037,GSN-01,-75,24.90,78.50,42,0,0,7.78,85,8.66,24.70,22.50,24.90,24.80,21.40,20.50,24.50,24.30,70.10,20.80,23.90,22.60,20.60,22.40,22.90,20.90,21.90,25.40,23.10,24.50,23.90,20.20,25.30,21.50,20.50,23.10,22.70,20.20,20.00,24.20,25.20,20.80,25.20,25.70,20.30,25.20,23.30,23.20,20.70,22.20,20.30,24.20,25.80,25.30,25.90,21.30,23.50,24.10,22.10,23.10,23.40,20.90,25.20,22.50,22.70,23.60,21.90,23.00,24.50,25.30,20.20,20.60,21.00,21.70
TLM_RCV,-46,FG-ALPHA,1713170052,AUTO,0,32.40,5.00,-85,86.95,8.01,3.29,5.02,0,480,0,340,22.40,1013.00,12.00,405.40,12.45,46.15,1,1713169996,GSN-01,-74,25.30,79.80,46,0,0,7.82,84,8.66,24.10,20.10,21.30,25.70,21.70,23.90,25.70,25.40,24.80,25.60,23.00,24.20,20.80,23.80,21.80,21.20,22.00,23.60,22.30,21.70,20.30,25.80,24.40,23.70,20.30,21.00,21.30,23.10,20.90,24.60,24.00,20.00,20.60,23.40,24.60,21.70,23.10,24.40,20.30,25.30,22.60,21.60,22.10,20.10,22.60,23.20,23.00,22.30,24.70,21.00,23.90,25.60,23.40,24.70,20.80,21.80,24.20,20.00,25.20,25.60,20.60,24.80,20.60,23.60
TLM_RCV,-68,FG-ALPHA,1713170053,AUTO,0,32.19,5.00,-85,86.90,8.02,3.29,5.02,0,437,0,278,22.18,1012.70,11.80,405.00,12.45,46.15,1,1713170040,GSN-01,-93,23.80,74.50,44,0,0,7.82,84,8.67,22.40,20.10,20.00,24.30,25.40,23.00,20.20,21.40,24.10,23.30,20.70,22.50,20.70,24.80,22.00,22.70,20.20,21.20,23.70,23.90,20.90,23.20,23.40,24.70,20.70,21.30,24.10,24.10,25.50,23.90,25.60,25.20,22.30,20.00,25.50,23.80,21.30,23.50,24.40,23.50,23.10,23.60,23.60,25.10,22.30,25.80,25.70,21.40,23.50,24.20,24.60,25.40,73.40,21.20,20.40,22.50,22.20,22.50,23.40,21.10,22.20,21.30,25.50,25.40
TLM_RCV,-42,FG-ALPHA,1713170054,AUTO,0,31.20,5.00,-85,86.94,8.02,3.29,5.02,843,440,0,282,22.01,1012.70,11.80,405.10,12.45,46.15,1,1713170037,GSN-01,-76,25.60,76.70,48,1,0,7.80,84,8.67,24.20,21.80,21.50,25.40,24.70,25.80,25.30,23.90,24.40,20.60,20.80,23.40,23.30,23.70,22.00,25.80,24.30,23.40,21.40,24.00,22.00,24.20,24.90,25.00,21.00,20.30,22.10,24.30,20.90,25.20,25.90,20.80,20.70,24.70,25.00,23.60,21.30,24.20,20.30,21.30,20.80,20.50,22.70,23.60,24.20,24.30,20.50,24.30,24.20,24.60,24.30,23.20,23.40,25.10,23.90,25.70,23.70,22.20,23.50,21.90,23.10,25.70,24.10,20.60
TLM_RCV,-51,FG-ALPHA,1713170055,AUTO,0,33.02,5.00,-85,86.98,8.03,3.31,5.02,802,404,0,256,21.99,1013.30,11.90,404.70,12.46,46.15,1,1713169997,GSN-01,-71,24.00,73.80,44,0,0,7.78,84,8.68,24.50,20.60,23.30,20.90,24.00,20.40,24.60,21.90,25.90,25.70,22.80,23.20,24.80,25.30,23.80,21.80,24.70,24.30,23.30,20.40,20.20,23.30,22.50,23.70,23.30,23.10,20.60,20.30,25.60,25.60,24.30,22.10,23.20,24.00,20.50,21.80,22.60,24.30,21.10,23.10,22.70,21.50,20.20,20.90,23.20,25.40,24.50,20.70,24.30,24.20,24.20,23.50,23.70,23.50,25.30,22.30,25.90,20.00,25.00,22.50,20.70,24.20,22.30,25.10
TLM_RCV,-49,FG-ALPHA,1713170056,AUTO,0,33.40,5.00,-85,87.03,8.02,3.31,5.02,971,481,0,327,22.45,1013.50,12.00,405.10,12.46,46.15,1,1713170032,GSN-01,-85,25.60,76.10,42,0,0,7.82,84,8.68,25.20,20.80,23.40,20.20,23.30,22.30,24.90,24.00,22.40,25.50,22.40,21.20,23.20,22.00,23.40,23.70,22.00,23.30,20.60,24.20,24.00,20.10,20.80,20.90,23.40,21.30,24.00,20.70,24.40,20.70,21.10,20.60,23.20,24.10,24.10,23.10,25.60,21.30,22.60,22.60,24.10,24.30,23.30,23.40,23.70,21.20,24.20,24.80,20.00,22.70,24.70,21.30,24.40,24.70,23.60,22.90,22.50,25.10,25.10,22.00,22.90,23.50,24.90,21.60
TLM_RCV,-75,FG-ALPHA,1713170057,AUTO,0,33.46,5.00,-85,87.08,8.02,3.28,5.02,1004,491,0,347,22.57,1012.90,11.90,404.50,12.46,46.15,1,1713170035,GSN-01,-87,24.30,74.00,43,0,0,7.81,85,8.69,20.50,21.90,24.50,21.00,20.40,23.90,24.70,22.40,25.50,25.40,23.30,20.80,20.00,21.20,23.20,23.10,22.10,21.60,21.40,25.30,24.10,23.60,20.30,22.30,21.90,20.80,22.10,24.30,21.50,22.20,21.00,20.70,23.50,23.60,20.90,22.00,24.70,25.10,20.20,25.20,24.50,23.40,23.80,24.70,22.80,21.70,23.70,21.90,22.30,22.90,21.40,25.00,20.90,23.40,23.30,23.80,20.20,20.80,21.60,24.40,22.80,24.40,20.70,23.40
TLM_RCV,-92,FG-ALPHA,1713170058,AUTO,0,32.29,5.00,-85,87.12,8.02,3.29,5.02,849,458,0,302,21.95,1012.90,11.90,405.90,12.46,46.15,1,1713170002,GSN-01,-90,23.00,79.60,45,0,1,7.81,85,8.69,25.10,21.40,25.60,22.60,25.10,23.20,23.50,20.90,25.60,24.80,21.50,22.50,20.90,20.80,20.00,23.50,25.90,23.90,22.00,24.40,21.40,23.30,23.20,20.70,20.70,25.50,25.30,22.60,23.20,20.30,23.30,21.00,21.20,24.50,20.90,24.50,23.20,21.80,24.20,25.30,21.30,20.30,24.20,25.70,24.30,23.80,23.90,22.80,20.00,24.90,21.60,21.10,24.90,24.20,24.90,22.10,24.50,21.10,25.70,22.90,20.20,22.70,24.50,25.60
TLM_RCV,-77,FG-ALPHA,1713170059,AUTO,0,31.46,5.00,-85,87.19,8.02,3.30,5.02,1196,492,0,335,23.52,1013.00,11.90,406.00,12.46,46.15,1,1713170041,GSN-01,-86,23.40,78.10,44,0,0,7.79,84,8.70,23.70,23.40,24.60,25.40,20.00,23.90,20.20,20.80,22.20,24.50,21.70,23.00,22.10,24.90,25.30,25.40,22.90,24.60,23.50,23.80,25.60,21.10,21.90,20.30,22.40,24.40,22.90,20.20,24.00,20.10,23.20,22.20,22.20,20.10,24.60,23.50,24.60,21.30,23.50,23.70,25.70,24.90,20.50,25.40,23.80,22.20,21.40,24.50,21.60,23.60,23.00,23.80,22.50,20.40,25.20,24.40,21.80,23.70,20.30,22.50,22.40,22.20,25.00,21.80
TLM_RCV,-58,FG-ALPHA,1713170060,AUTO,0,33.10,5.00,-85,87.27,8.03,3.29,5.02,1179,420,0,264,23.80,1013.10,12.00,404.60,12.46,46.15,1,1713170023,GSN-01,-84,25.60,82.90,47,0,0,7.82,84,8.70,25.30,23.70,24.60,20.10,25.00,25.60,23.90,22.70,25.00,20.20,24.30,22.10,24.00,25.90,23.80,20.90,22.40,22.10,22.40,25.50,23.10,20.50,23.70,25.60,20.30,24.10,20.90,23.00,20.30,20.90,22.50,24.00,23.60,22.40,20.30,21.50,21.40,24.30,20.00,23.80,21.00,22.10,23.00,22.20,24.60,21.50,21.70,23.00,22.60,23.50,24.00,20.40,22.30,21.40,23.90,24.10,20.40,21.50,21.90,22.40,23.90,25.20,21.10,21.10
TLM_RCV,-74,FG-ALPHA,1713170061,AUTO,0,33.17,5.00,-85,87.34,8.03,3.31,5.02,1136,435,0,292,23.50,1013.20,12.10,406.40,12.46,46.15,1,1713170047,GSN-01,-80,23.90,76.70,41,0,0,7.82,84,8.71,24.60,24.70,22.80,22.20,22.30,21.70,22.40,23.40,25.70,22.20,21.10,20.40,23.30,22.00,24.30,20.40,24.10,21.90,21.80,21.70,20.70,24.00,20.80,25.40,21.40,22.80,22.70,23.60,23.70,21.40,24.10,20.70,24.30,22.60,24.70,24.30,25.10,23.50,21.10,21.10,20.70,25.10,25.20,23.30,22.80,21.50,22.60,25.80,22.40,24.40,23.70,21.20,23.60,22.50,23.30,23.00,25.10,23.20,24.00,20.30,22.30,21.10,25.60,21.40
TLM_RCV,-70,FG-ALPHA,1713170083,AUTO,0,31.26,5.00,-85,88.88,8.07,3.31,5.02,0,452,0,293,22.26,1013.10,11.90,404.70,12.48,46.15,1,1713170046,GSN-01,-84,24.60,79.70,40,0,0,7.81,84,8.71,22.50,25.20,24.50,23.10,24.00,23.00,21.80,23.00,23.60,22.80,23.20,22.90,23.00,23.20,21.50,21.30,24.10,20.60,21.90,21.80,20.80,20.20,22.50,21.70,21.90,21.20,20.80,25.00,22.10,21.80,25.70,24.90,24.70,21.00,25.50,20.00,25.90,21.90,21.20,20.90,20.40,21.50,25.30,20.30,25.10,23.80,23.60,20.10,23.20,23.00,25.70,25.90,24.60,23.80,23.50,24.60,21.50,21.50,25.10,25.70,22.00,25.50,25.70,22.70
TLM_RCV,-84,FG-ALPHA,1713170084,AUTO,0,31.22,5.00,-85,88.94,8.07,3.31,5.02,985,443,0,291,22.71,1013.20,11.90,406.10,12.48,46.15,1,1713170040,GSN-01,-77,23.00,78.30,43,0,0,7.82,84,8.72,20.80,25.90,25.60,25.40,23.30,25.80,24.90,22.10,23.90,23.20,23.60,21.60,20.80,20.80,20.00,21.20,22.90,23.60,22.80,24.80,24.50,25.00,21.30,21.10,20.10,22.90,24.10,22.80,23.30,24.60,25.60,21.80,24.20,24.80,21.60,22.20,20.30,23.10,24.00,21.60,25.40,24.20,21.20,21.80,25.50,20.20,23.10,25.10,20.30,20.90,25.80,21.10,22.50,20.30,23.60,22.00,25.90,22.20,23.70,24.00,23.30,21.20,20.70,20.10
TLM_RCV,-66,FG-ALPHA,1713170085,AUTO,0,31.43,5.00,-85,89.00,8.06,3.29,5.02,1128,486,0,339,23.21,1013.00,12.10,405.10,12.49,46.15,1,1713170072,GSN-01,-95,25.50,80.80,47,0,0,7.82,84,8.72,25.10,21.50,25.10,24.40,23.90,23.90,22.70,23.90,24.80,20.20,22.10,22.40,21.30,25.40,24.30,20.40,24.10,23.00,22.10,20.60,23.50,23.20,24.80,22.10,21.80,25.00,24.30,24.30,21.80,20.10,24.30,23.00,25.20,25.60,20.80,24.50,20.80,21.80,20.60,21.90,20.60,22.20,21.60,25.90,22.30,24.80,20.30,24.00,21.50,25.00,23.60,21.70,22.60,25.80,22.00,24.10,23.80,24.20,20.40,25.80,25.60,24.40,25.90,22.70
TLM_RCV,-46,FG-ALPHA,1713170086,AUTO,0,32.28,5.00,-85,89.07,8.07,3.28,5.02,1129,455,0,303,23.37,1012.90,11.90,405.00,12.49,46.15,1,1713170073,GSN-01,-90,23.10,74.30,42,0,1,7.79,85,8.73,22.60,25.30,24.20,23.10,24.80,25.90,20.80,25.70,22.00,25.60,22.20,25.50,21.30,21.50,20.70,24.60,22.10,23.40,20.90,20.50,23.10,20.50,24.00,23.60,23.00,25.30,21.40,24.70,21.90,25.80,22.40,20.50,21.80,22.50,24.90,24.30,21.40,22.70,22.40,24.70,24.50,20.20,23.50,23.70,21.50,20.70,25.60,25.80,22.40,23.20,21.10,20.50,20.30,22.60,22.20,23.30,23.10,21.30,22.40,22.00,21.00,21.40,25.60,21.40
TLM_RCV,-85,FG-ALPHA,1713170087,AUTO,0,33.22,5.00,-85,89.11,8.07,3.28,5.02,877,444,0,285,22.17,1012.70,11.80,405.70,12.49,46.15,1,1713170042,GSN-01,-90,25.10,76.50,40,0,0,7.79,85,8.73,20.70,20.70,22.40,25.40,25.30,21.60,25.40,23.50,22.60,20.10,25.80,20.60,20.80,22.70,24.50,25.50,25.30,24.30,24.70,21.60,23.40,23.60,22.40,23.90,21.70,20.60,24.70,25.10,24.00,25.80,20.20,23.90,25.60,25.10,25.10,24.80,24.90,21.40,25.30,23.70,20.40,25.30,23.10,23.40,22.10,20.30,23.90,23.60,25.50,21.70,22.70,25.60,24.90,20.70,24.80,23.70,25.00,23.60,21.40,22.20,22.60,22.00,23.00,24.90
TLM_RCV,-46,FG-ALPHA,1713170088,AUTO,0,31.30,5.00,-85,89.15,8.07,3.31,5.02,816,460,0,317,21.78,1013.50,12.10,405.10,12.49,46.15,1,1713170034,GSN-01,-90,25.80,74.00,48,0,0,7.81,85,8.74,20.80,22.40,20.90,22.00,24.00,23.20,22.00,24.00,20.90,20.80,23.80,20.50,24.30,22.30,20.80,24.00,23.50,22.60,20.70,24.00,23.80,22.90,24.30,25.30,21.20,22.30,22.40,23.00,24.10,20.60,24.60,25.00,24.40,22.90,23.40,25.30,24.60,25.00,23.60,20.90,20.30,24.10,25.00,23.20,20.60,21.60,24.00,23.50,21.70,21.50,22.80,25.90,20.20,22.80,24.70,24.60,24.60,21.90,22.60,20.90,21.40,21.00,22.40,20.50
TLM_RCV,-69,FG-ALPHA,1713170089,AUTO,0,32.40,5.00,-85,89.18,8.07,3.31,5.02,811,480,0,328,21.66,1013.60,12.10,404.90,12.49,46.15,1,1713170031,GSN-01,-80,24.60,82.10,47,0,0,7.82,85,8.74,22.60,21.10,24.80,25.40,21.20,21.10,21.40,25.20,25.70,22.10,22.90,22.20,21.70,22.70,22.30,21.00,21.10,23.00,23.60,24.90,21.50,20.20,21.40,21.50,25.90,21.40,24.90,23.10,24.00,22.20,21.40,20.60,21.50,25.00,22.20,20.30,23.00,20.80,20.30,23.00,25.00,24.70,23.30,22.40,24.30,20.50,22.30,21.10,23.60,25.90,22.00,24.70,24.80,22.80,25.80,24.30,20.80,21.50,25.50,24.70,20.30,21.60,20.30,22.40
TLM_RCV,-57,FG-ALPHA,1713170090,AUTO,0,32.19,5.00,-85,89.25,8.08,3.29,5.02,1166,438,0,291,23.64,1013.30,12.10,404.90,12.49,46.15,1,1713170063,GSN-01,-88,23.80,73.50,49,0,0,7.79,85,8.75,21.80,25.30,20.90,25.00,22.50,25.00,20.50,22.00,25.70,23.00,22.00,22.60,25.20,21.10,21.70,20.40,23.40,24.70,21.90,20.40,23.70,23.90,25.60,22.70,25.60,21.70,24.00,24.00,20.60,23.90,22.80,21.40,22.30,24.40,20.10,21.10,21.60,25.70,24.00,21.00,23.10,23.10,25.80,20.90,24.50,21.70,21.30,24.30,23.10,25.60,20.70,23.10,21.50,23.40,23.20,23.80,21.30,20.00,20.20,21.20,21.60,24.90,25.20,20.20
TLM_RCV,-44,FG-ALPHA,1713170091,AUTO,0,33.08,5.00,-85,89.32,8.08,3.29,5.02,1076,417,0,264,23.30,1013.50,11.90,404.60,12.49,46.15,1,1713170033,GSN-01,-87,25.20,73.80,41,0,0,7.81,84,8.75,21.00,25.80,22.50,23.30,25.20,22.40,24.90,25.60,22.80,24.00,22.80,23.00,25.70,21.60,25.40,22.50,21.80,25.60,21.80,21.60,24.90,21.80,23.80,22.30,20.40,22.30,23.50,23.30,22.70,20.10,20.10,22.30,20.80,23.80,23.60,24.10,23.60,24.90,20.40,21.50,20.10,21.20,24.80,24.90,25.30,23.00,20.80,21.60,23.30,25.60,21.20,21.70,20.80,25.30,25.40,21.60,22.40,21.50,24.80,24.70,22.90,24.30,23.50,21.70
TLM_RCV,-68,FG-ALPHA,1713170092,AUTO,0,32.33,5.00,-85,89.39,8.08,3.31,5.02,1149,467,0,313,23.41,1013.20,12.10,406.20,12.49,46.15,1,1713170037,GSN-01,-71,24.20,78.10,46,0,0,7.78,85,8.76,25.90,21.60,21.10,25.60,24.70,24.00,21.40,20.80,23.20,24.30,20.00,24.80,25.50,20.70,23.70,20.60,24.10,23.00,24.70,24.00,22.40,22.50,21.70,21.20,22.30,20.50,21.80,21.00,25.30,20.30,23.70,21.30,25.10,23.00,23.10,23.90,24.80,25.20,24.00,20.00,22.10,23.80,22.40,25.10,22.10,24.90,24.60,23.40,25.80,25.80,24.40,22.80,21.80,25.10,21.80,22.00,22.40,22.10,21.20,24.70,24.10,23.20,21.30,20.10
TLM_RCV,-65,FG-ALPHA,1713170093,AUTO,0,33.46,5.00,-85,89.34,8.07,3.31,5.02,0,491,0,342,22.45,1012.90,11.80,405.80,12.49,46.15,1,1713170048,GSN-01,-77,24.10,80.40,48,0,0,7.81,85,8.76,25.90,24.90,23.40,24.00,20.60,24.90,23.10,20.90,24.20,24.00,20.80,23.50,20.20,24.90,25.60,23.00,23.90,23.20,21.20,22.10,25.20,25.30,24.80,21.20,21.60,20.10,23.30,20.10,23.20,22.50,25.10,24.50,20.20,20.40,23.00,23.10,23.70,21.60,22.30,22.40,20.80,23.60,21.90,21.70,23.20,21.70,22.60,22.90,22.70,21.30,25.00,23.30,24.50,21.40,22.80,23.70,22.90,23.90,25.30,23.80,21.50,86.80,24.40,23.40
TLM_RCV,-82,FG-ALPHA,1713170094,AUTO,0,32.10,5.00,-85,89.41,8.08,3.29,5.02,1155,420,0,270,23.67,1013.60,11.90,406.30,12.49,46.15,1,1713170069,GSN-01,-84,25.30,75.20,47,0,0,7.81,84,8.77,22.70,22.60,24.30,21.30,25.60,20.60,22.80,21.00,24.90,24.00,21.80,20.10,25.10,21.90,23.00,24.10,25.80,23.40,20.30,22.10,21.30,22.70,21.70,21.30,24.10,21.40,25.30,21.90,23.60,21.00,23.40,25.50,20.70,25.50,21.10,23.10,23.90,25.90,24.90,24.50,23.10,21.40,20.00,23.20,23.50,23.40,22.80,24.30,22.00,21.30,25.90,25.10,22.90,22.20,22.00,21.70,20.90,23.60,25.70,22.60,23.40,25.80,24.30,25.90
TLM_RCV,-74,FG-ALPHA,1713170095,AUTO,0,31.10,5.00,-85,89.37,8.08,3.30,5.02,0,421,0,277,22.10,1013.30,12.10,405.00,12.50,46.15,1,1713170037,GSN-01,-90,24.00,76.40,43,0,0,7.82,85,8.77,20.00,25.30,20.80,21.40,20.80,25.90,25.20,20.10,21.00,25.00,22.70,20.00,24.60,21.80,25.60,24.10,21.80,23.50,22.30,21.60,24.80,22.60,20.80,22.20,22.90,24.50,20.40,24.70,20.70,20.80,21.20,23.90,25.00,20.90,21.60,22.50,24.70,24.40,25.20,25.20,21.30,21.00,25.40,23.00,22.90,21.30,21.40,22.70,25.50,20.50,23.80,23.40,23.50,20.60,24.50,24.30,21.60,22.70,22.00,23.20,24.80,25.70,24.80,23.50
TLM_RCV,-92,FG-ALPHA,1713170096,AUTO,0,33.21,5.00,-85,89.41,8.08,3.31,5.02,831,441,0,298,21.95,1013.30,11.90,406.30,12.50,46.15,1,1713170044,GSN-01,-95,25.30,75.60,41,0,0,7.82,84,8.78,21.00,22.30,25.90,24.90,23.60,23.10,25.80,22.80,23.40,22.10,25.30,23.60,23.30,25.70,23.50,20.70,20.20,25.50,22.90,24.80,21.80,23.10,24.40,24.00,22.90,22.80,21.80,23.80,25.50,23.30,21.90,23.80,25.30,21.00,23.20,23.50,25.70,23.00,25.70,20.40,23.60,21.00,22.60,22.10,21.40,21.60,21.70,20.60,23.70,21.60,24.20,24.80,25.20,22.10,22.50,20.30,21.10,21.50,21.10,22.80,20.30,24.10,25.00,25.50
TLM_RCV,-45,FG-ALPHA,1713170097,AUTO,0,32.38,5.00,-85,89.47,8.08,3.31,5.02,1136,477,0,318,23.30,1013.10,12.10,406.20,12.50,46.15,1,1713170043,GSN-01,-78,23.40,77.90,48,0,0,7.82,85,8.78,22.60,24.40,20.60,22.30,23.90,25.20,24.70,20.00,20.10,23.90,20.20,23.10,24.20,25.40,21.50,23.00,21.90,25.70,25.40,24.70,24.10,25.90,20.90,21.30,23.20,21.10,22.30,24.80,23.50,24.80,20.30,23.00,78.00,23.30,21.10,22.20,20.50,25.50,22.00,24.10,22.90,20.10,25.70,25.60,24.10,24.40,20.40,23.70,22.60,21.40,22.00,21.90,23.40,20.40,23.40,23.90,22.70,22.90,24.00,25.20,23.70,20.00,25.50,20.90
TLM_RCV,-61,FG-ALPHA,1713170098,AUTO,0,31.03,5.00,-85,89.53,8.09,3.31,5.02,921,407,0,267,22.57,1013.00,11.80,405.10,12.50,46.15,1,1713170042,GSN-01,-85,25.30,76.50,40,0,0,7.79,85,8.79,21.50,22.60,24.10,23.50,20.20,23.40,23.10,23.90,23.70,20.80,20.80,21.90,21.50,21.20,22.70,21.40,21.90,25.20,23.70,22.80,20.00,21.60,25.50,20.70,21.50,24.70,24.00,21.40,21.40,24.00,23.70,24.70,24.40,24.90,22.80,22.40,20.50,23.80,21.10,25.50,25.90,23.40,22.20,24.70,22.70,21.00,25.10,25.00,22.50,21.40,20.10,21.80,22.10,22.90,20.00,23.80,25.10,21.10,23.00,20.70,24.90,21.30,25.20,24.10
TLM_RCV,-63,FG-ALPHA,1713170099,AUTO,0,32.37,5.00,-85,89.58,8.08,3.29,5.02,1004,473,0,328,22.66,1013.50,12.10,405.90,12.50,46.15,1,1713170081,GSN-01,-75,25.60,83.00,45,0,0,7.82,85,8.79,24.00,20.30,21.70,25.10,22.10,22.80,20.20,20.00,21.80,23.20,20.00,25.60,22.10,25.50,20.10,22.10,23.10,21.80,22.40,21.80,21.50,23.40,21.50,23.10,20.70,22.60,21.10,21.90,22.00,22.30,22.30,21.00,20.60,20.20,25.40,21.30,23.80,21.50,25.00,25.60,23.20,22.90,21.10,22.50,20.50,21.90,22.00,23.60,25.80,22.90,20.70,22.00,24.80,23.40,21.20,23.50,24.80,22.50,22.20,23.10,25.40,25.20,23.30,21.90
TLM_RCV,-55,FG-ALPHA,1713170100,AUTO,0,33.13,5.00,-85,89.66,8.09,3.31,5.02,1191,426,0,276,23.83,1013.30,12.00,405.30,12.50,46.15,1,1713170065,GSN-01,-74,23.90,78.90,48,0,0,7.81,85,8.80,24.30,24.80,25.00,24.50,20.20,24.80,22.30,23.30,24.10,23.90,20.00,21.80,25.10,22.40,20.60,21.70,24.00,25.90,24.80,24.50,20.10,24.50,21.10,22.30,20.30,23.10,21.00,23.20,24.50,25.80,20.60,20.20,24.00,22.90,22.40,23.60,25.20,25.50,24.70,25.90,20.90,21.70,22.50,25.70,23.10,21.90,22.70,22.40,20.50,24.70,22.10,22.20,23.60,25.60,20.80,20.50,24.40,21.90,25.30,21.30,20.50,25.20,22.40,22.30
TLM_RCV,-95,FG-ALPHA,1713170101,AUTO,0,33.42,5.00,-85,89.70,8.08,3.29,5.02,940,485,0,334,22.27,1013.10,12.00,406.20,12.50,46.15,1,1713170055,GSN-01,-78,24.80,81.70,43,1,0,7.78,85,8.80,21.30,23.40,25.70,20.80,20.10,23.30,21.40,21.60,24.10,20.20,24.30,24.60,25.80,25.20,23.00,22.10,24.30,24.30,20.90,25.00,20.00,25.00,25.10,25.80,20.00,23.20,21.80,22.20,22.70,24.90,21.90,23.30,24.30,20.20,21.80,24.60,23.70,23.20,21.80,24.60,24.10,22.90,20.00,21.40,24.60,23.20,20.60,22.50,25.50,21.20,22.90,21.70,20.80,23.50,25.00,21.80,25.40,25.60,23.80,24.90,20.00,25.90,20.80,20.40
TLM_RCV,-65,FG-ALPHA,1713170102,AUTO,0,32.10,5.00,-85,89.75,8.09,3.28,5.02,922,421,0,268,22.50,1013.30,11.90,406.20,12.50,46.15,1,1713170067,GSN-01,-77,23.80,82.10,49,0,1,7.80,84,8.81,24.40,23.80,21.90,21.90,20.10,23.00,23.20,21.00,25.50,22.10,21.30,23.40,22.40,21.50,25.00,20.00,23.20,21.90,20.40,20.70,21.80,24.40,22.70,20.30,21.50,24.50,21.30,23.10,22.90,20.50,20.80,23.80,25.00,20.70,25.40,23.70,24.40,22.10,25.10,24.50,25.30,22.30,21.20,25.10,22.70,23.00,21.80,20.60,24.50,23.50,24.90,21.70,22.70,21.90,25.10,25.40,21.50,24.30,25.30,21.90,24.70,25.00,25.80,25.20
TLM_RCV,-64,FG-ALPHA,1713170103,AUTO,0,32.24,5.00,-85,89.82,8.09,3.30,5.02,1117,447,0,294,23.35,1013.60,11.80,406.40,12.50,46.15,1,1713170080,GSN-01,-84,25.20,76.10,47,0,1,7.78,84,8.81,23.90,25.60,20.50,24.80,21.20,25.50,24.00,23.90,23.70,23.50,21.10,21.00,21.90,22.50,23.90,23.10,25.50,24.90,22.60,20.40,24.30,21.10,20.50,21.90,25.20,23.10,22.40,24.90,25.30,24.30,20.30,22.40,25.20,22.70,21.90,23.90,25.20,23.00,24.30,22.50,23.30,21.20,23.80,25.50,20.20,23.30,25.50,23.50,20.60,23.70,24.40,24.40,22.70,21.40,21.00,23.60,21.50,22.00,22.30,20.20,20.70,23.50,24.60,23.90
TLM_RCV,-49,FG-ALPHA,1713170104,AUTO,0,32.30,5.00,-85,89.86,8.09,3.29,5.02,919,460,0,313,22.30,1013.20,12.10,404.60,12.50,46.15,1,1713170093,GSN-01,-94,25.20,79.20,42,0,0,7.82,85,8.82,23.80,23.70,23.50,25.70,25.20,23.50,23.60,21.70,21.80,25.00,22.80,20.90,21.00,20.70,20.50,22.40,22.20,25.80,20.40,22.00,21.70,21.00,20.30,25.20,22.70,22.30,23.90,23.70,21.10,24.90,20.60,23.60,22.60,24.60,25.50,22.20,22.60,22.90,20.90,24.60,20.10,22.90,23.40,20.60,25.50,20.60,21.00,21.70,25.30,24.60,25.90,21.10,25.10,22.00,20.50,25.70,23.40,20.50,22.50,23.80,24.10,21.50,20.10,22.60
TLM_RCV,-71,FG-ALPHA,1713170105,AUTO,0,32.29,5.00,-85,89.82,8.09,3.31,5.02,0,458,0,314,22.29,1013.30,11.80,406.00,12.51,46.15,1,1713170085,GSN-01,-80,24.40,74.40,43,0,0,7.78,84,8.82,20.90,24.80,24.20,22.50,25.70,24.00,20.60,21.30,21.70,21.10,25.30,23.80,24.60,24.20,25.70,24.20,23.90,24.60,25.00,20.20,20.60,25.30,24.70,23.80,25.80,25.50,21.30,24.30,20.80,21.10,20.40,23.60,22.20,24.30,22.80,24.10,24.90,23.70,24.10,25.90,25.70,22.80,23.50,23.40,20.00,20.50,25.80,21.00,22.10,21.00,20.90,21.60,24.40,25.30,24.60,22.90,24.20,24.40,20.00,23.40,23.40,24.10,22.00,21.40
TLM_RCV,-86,FG-ALPHA,1713170106,AUTO,0,33.32,5.00,-85,89.87,8.09,3.28,5.02,1030,464,0,320,22.83,1013.00,12.00,406.40,12.51,46.15,1,1713170088,GSN-01,-95,23.20,73.80,43,0,0,7.78,85,8.83,23.50,24.10,21.80,24.00,22.30,20.80,23.90,22.30,23.20,22.40,22.30,24.60,24.90,21.40,23.20,25.10,25.90,20.60,23.30,21.50,24.40,22.00,22.50,25.10,20.70,25.10,25.80,22.70,25.30,25.50,24.80,23.60,20.80,24.30,22.20,20.70,20.00,25.70,24.90,23.20,22.60,23.00,25.60,20.70,20.30,20.60,23.10,22.60,22.40,21.70,22.30,25.80,21.80,24.80,24.60,24.80,23.60,21.30,20.00,20.60,25.80,21.90,21.00,24.60
TLM_RCV,-77,FG-ALPHA,1713170107,AUTO,0,31.15,5.00,-85,89.83,8.09,3.28,5.02,0,429,0,289,22.15,1013.20,11.80,405.80,12.51,46.15,1,1713170054,GSN-01,-92,23.30,76.10,41,0,1,7.81,84,8.83,25.70,21.80,21.30,21.00,25.00,21.70,22.30,20.70,20.20,21.20,20.90,20.50,24.20,23.50,24.90,23.30,25.20,23.40,20.80,21.30,25.60,25.80,25.60,21.50,20.00,24.30,24.10,21.60,23.20,23.00,20.40,25.40,21.00,21.00,22.70,23.80,24.60,22.00,25.00,20.10,21.50,20.90,25.90,25.70,25.90,20.10,23.50,20.00,20.00,25.80,24.40,22.10,21.90,21.50,22.30,20.20,23.90,20.10,21.10,24.80,25.50,24.40,22.00,20.70
TLM_RCV,-60,FG-ALPHA,1713170108,AUTO,0,31.48,5.00,-85,89.87,8.08,3.28,5.02,885,496,0,340,21.94,1012.80,11.90,405.80,12.51,46.15,1,1713170074,GSN-01,-86,25.50,78.50,45,0,0,7.81,84,8.84,22.30,20.40,23.10,22.90,21.30,25.70,21.90,21.50,23.70,24.20,22.10,23.50,24.30,23.30,25.80,22.50,20.70,21.30,23.30,20.70,21.00,20.90,24.70,20.80,22.10,22.50,22.10,22.40,20.00,20.40,20.70,25.50,21.90,23.30,21.50,21.20,22.50,20.30,24.00,23.10,21.90,25.10,22.80,22.40,22.40,21.00,22.30,24.90,23.10,25.20,21.40,22.50,20.50,24.60,24.60,25.60,20.10,25.40,25.80,23.90,22.60,23.60,21.40,21.30
TLM_RCV,-74,FG-ALPHA,1713170109,AUTO,0,31.36,5.00,-85,89.90,8.09,3.29,5.02,818,472,0,320,21.73,1013.40,12.00,405.70,12.51,46.15,1,1713170082,GSN-01,-82,23.10,82.10,40,0,0,7.78,85,8.84,23.40,20.20,22.10,24.70,21.20,21.20,24.30,24.70,20.60,20.00,23.50,25.30,20.90,21.30,25.90,21.90,25.00,20.30,23.60,23.30,22.10,20.20,25.80,20.70,22.30,20.00,22.50,22.50,22.50,21.10,20.90,21.50,22.40,23.40,20.90,23.00,22.40,20.80,22.00,21.90,23.20,22.30,20.40,23.30,22.50,22.10,23.90,24.10,20.60,25.50,22.90,22.40,22.10,21.50,20.20,21.40,25.30,24.30,20.50,21.00,24.30,24.70,23.40,23.70
TLM_RCV,-57,FG-ALPHA,1713170110,AUTO,0,33.38,5.00,-85,89.94,8.09,3.28,5.02,822,475,0,328,21.74,1013.60,11.90,406.40,12.51,46.15,1,1713170069,GSN-01,-86,24.90,77.60,40,0,0,7.79,85,8.85,22.70,24.00,23.00,24.90,24.80,23.20,21.00,20.20,25.90,24.60,23.30,20.10,21.40,25.20,21.20,23.10,23.10,20.40,20.10,24.30,22.40,23.90,22.40,20.80,22.50,25.30,20.90,20.50,23.60,21.50,20.00,20.00,25.80,24.10,21.70,25.00,24.80,21.70,23.20,20.40,24.10,24.80,23.20,23.50,25.30,20.70,23.20,20.10,23.90,21.30,22.20,24.90,23.60,25.80,21.50,21.70,23.00,25.00,24.20,22.70,23.10,25.90,23.70,22.20
TLM_RCV,-71,FG-ALPHA,1713170111,AUTO,0,32.49,5.00,-85,89.89,8.08,3.30,5.02,0,499,0,348,22.50,1012.80,11.80,406.20,12.51,46.15,1,1713170080,GSN-01,-87,25.30,75.30,45,0,0,7.82,84,8.85,24.10,21.70,23.20,21.90,20.00,24.00,24.00,24.20,22.40,21.30,24.00,22.00,20.50,24.50,24.10,22.60,23.90,24.90,24.90,25.30,21.60,21.00,23.60,24.30,21.70,23.70,23.60,25.30,20.10,25.10,20.80,21.70,20.80,24.20,25.80,22.60,22.00,23.60,23.80,21.00,22.30,21.90,23.60,23.60,23.20,25.70,20.50,21.40,23.10,22.60,22.60,22.30,23.30,22.70,22.00,21.20,20.50,24.90,21.10,25.90,24.30,25.50,23.80,21.50
TLM_RCV,-94,FG-ALPHA,1713170112,AUTO,0,32.99,5.00,-85,89.96,8.10,3.31,5.02,1120,399,0,259,23.60,1012.80,11.80,404.70,12.51,46.15,1,1713170091,GSN-01,-83,23.30,76.70,45,0,0,7.81,84,8.86,23.80,21.20,23.30,22.00,24.80,24.90,21.50,25.00,23.30,21.80,20.60,25.80,23.70,24.60,24.80,23.20,25.30,20.10,25.70,21.00,25.70,23.40,22.40,23.80,23.80,21.60,24.80,21.20,20.70,23.90,23.80,22.20,23.60,22.30,23.90,21.00,21.80,23.50,20.80,23.20,24.20,21.20,21.30,21.10,24.00,23.60,20.90,20.20,20.90,23.50,22.20,21.90,21.90,25.40,20.50,23.80,23.90,22.80,21.40,20.30,23.60,20.50,20.30,24.40
TLM_RCV,-80,FG-ALPHA,1713170113,AUTO,0,31.23,5.00,-85,90.00,8.09,3.29,5.02,862,445,0,288,22.08,1013.50,12.00,405.70,12.51,46.15,1,1713170080,GSN-01,-91,25.20,74.30,44,0,0,7.78,84,8.86,21.20,25.30,25.60,21.30,22.80,23.80,25.10,20.70,23.10,24.50,24.40,21.20,20.90,21.10,24.50,21.60,22.00,23.00,20.80,23.80,22.20,21.90,25.00,24.00,23.10,23.20,21.00,22.40,24.70,21.70,24.30,20.30,20.50,21.90,22.30,22.10,24.40,20.20,24.20,25.60,21.30,23.20,21.40,22.60,20.80,21.00,23.10,22.00,25.70,24.10,21.40,22.60,20.90,23.50,25.70,24.40,25.90,22.20,23.60,22.80,20.70,25.10,24.50,25.80
TLM_RCV,-67,FG-ALPHA,1713170114,AUTO,0,33.21,5.00,-85,89.96,8.09,3.28,5.02,0,442,0,294,22.21,1013.30,11.80,406.40,12.51,46.15,1,1713170082,GSN-01,-79,23.80,76.40,42,0,0,7.81,84,8.87,20.90,23.10,22.20,24.30,25.20,21.60,20.10,22.10,22.50,21.70,24.50,23.30,22.80,24.70,22.00,21.50,22.10,20.90,25.60,20.30,24.00,25.70,20.30,23.70,23.80,23.30,25.90,21.90,22.50,24.70,25.10,24.40,24.70,24.20,24.00,24.50,24.50,22.70,23.60,22.50,21.10,24.60,25.50,21.20,22.50,21.70,22.40,24.00,22.60,24.60,21.60,22.60,24.20,23.50,23.70,21.50,22.30,25.50,22.80,20.80,25.50,24.50,24.10,21.40
TLM_RCV,-45,FG-ALPHA,1713170115,AUTO,0,32.40,5.00,-85,90.01,8.09,3.29,5.02,948,479,0,326,22.34,1012.80,11.90,405.40,12.52,46.15,1,1713170098,GSN-01,-92,23.40,80.10,40,0,0,7.81,85,8.87,20.60,20.00,24.60,21.60,22.70,24.20,25.70,20.30,20.30,20.00,23.00,22.40,21.40,25.90,20.10,25.90,24.50,23.40,25.90,21.50,24.90,21.10,25.00,20.00,22.00,20.10,25.00,24.20,23.50,22.60,22.40,24.60,21.90,20.40,23.80,20.80,24.20,23.10,24.30,22.70,25.30,23.20,24.20,24.70,25.30,24.30,20.50,24.90,25.30,21.50,21.00,20.20,23.50,20.30,20.80,23.10,21.90,24.70,22.80,22.20,21.60,23.50,21.10,21.90
TLM_RCV,-63,FG-ALPHA,1713170116,AUTO,0,33.33,5.00,-85,90.04,8.09,3.30,5.02,808,467,0,311,21.70,1013.00,12.10,405.60,12.52,46.15,1,1713170082,GSN-01,-83,24.30,81.80,48,0,0,7.82,85,8.88,23.70,21.80,23.00,21.20,21.70,21.80,23.40,24.10,22.90,22.90,21.60,20.20,20.80,22.50,24.80,22.40,23.90,23.70,21.10,25.30,23.10,25.70,22.60,22.80,23.30,25.80,20.70,22.50,20.90,22.80,25.70,24.80,22.80,24.40,21.60,25.00,79.60,25.30,22.90,22.70,20.60,24.80,25.20,24.90,23.40,21.30,22.90,25.20,20.20,24.20,20.50,23.40,23.40,22.70,22.60,23.10,22.20,25.00,23.50,22.80,23.20,20.80,23.40,21.70
TLM_RCV,-57,FG-ALPHA,1713170117,AUTO,0,32.32,5.00,-85,90.09,8.09,3.31,5.02,922,464,0,308,22.29,1012.80,12.10,405.80,12.52,46.15,1,1713170070,GSN-01,-71,25.30,80.90,40,0,0,7.81,84,8.88,20.60,24.80,21.30,23.70,24.40,25.10,25.50,21.20,25.40,25.50,24.50,25.90,20.30,23.90,22.50,22.00,22.90,23.90,22.70,22.30,25.40,20.80,23.60,20.20,25.90,24.30,25.50,20.50,24.20,23.10,23.50,22.90,25.50,23.10,20.80,21.50,20.50,24.50,23.60,21.40,21.10,22.30,23.90,25.90,24.10,20.90,25.00,23.20,24.10,22.50,20.80,25.50,23.30,25.90,24.20,20.20,25.50,23.80,20.30,20.30,24.40,23.30,21.50,21.40
TLM_RCV,-60,FG-ALPHA,1713170118,AUTO,0,32.04,5.00,-85,90.15,8.10,3.28,5.02,1059,408,0,257,23.26,1012.70,12.00,405.00,12.52,46.15,1,1713170092,GSN-01,-86,24.70,75.90,48,0,0,7.79,85,8.89,20.40,21.60,23.00,25.40,22.70,24.80,23.20,22.30,21.60,23.60,22.20,22.70,23.30,21.10,22.40,21.20,22.40,20.20,20.70,24.70,23.10,24.20,22.00,23.90,25.50,23.60,21.20,20.50,20.00,21.60,21.20,24.90,22.10,23.40,24.30,24.10,21.10,24.50,22.60,24.80,22.80,23.20,22.70,21.80,25.10,25.50,20.70,24.80,21.70,23.10,23.90,25.20,25.10,21.90,22.00,23.80,20.80,23.10,23.90,24.40,21.20,20.90,21.50,25.00
TLM_RCV,-65,FG-ALPHA,1713170119,AUTO,0,32.26,5.00,-85,90.11,8.09,3.28,5.02,0,453,0,307,22.26,1013.20,11.80,405.40,12.52,46.15,1,1713170080,GSN-01,-93,23.20,81.20,44,0,0,7.78,85,8.89,20.60,20.10,24.40,24.00,24.10,21.30,20.10,25.90,21.60,23.00,21.30,22.40,22.40,21.50,24.00,22.20,23.20,23.20,22.80,20.80,24.50,21.50,22.80,25.50,21.50,23.10,25.60,24.90,21.10,25.30,20.10,25.00,22.10,21.00,25.30,22.20,23.50,22.90,20.50,21.90,22.80,24.10,24.80,21.30,22.30,24.60,25.50,23.70,20.80,23.30,20.00,24.90,21.10,23.70,25.20,23.40,25.60,20.10,20.90,20.60,23.10,22.40,24.50,23.00
TLM_RCV,-94,FG-ALPHA,1713170120,AUTO,0,31.10,5.00,-85,90.06,8.10,3.29,5.02,0,420,0,274,22.10,1013.20,11.80,404.80,12.52,46.15,1,1713170093,GSN-01,-91,25.10,80.10,49,0,0,7.79,84,8.90,25.70,23.60,25.00,24.80,23.00,22.50,24.00,23.50,22.80,21.50,22.20,23.60,21.80,20.80,23.00,21.50,21.10,25.50,25.80,22.40,23.30,23.50,20.70,20.30,22.40,23.70,22.70,23.10,22.60,23.30,20.10,23.00,25.40,21.30,25.70,21.90,21.80,24.50,21.10,20.10,25.20,23.00,20.50,24.70,20.00,20.20,21.80,22.80,24.60,22.60,25.80,24.60,23.50,22.20,20.70,22.60,25.90,20.90,20.30,20.90,25.20,24.10,22.10,22.50
TLM_RCV,-64,FG-ALPHA,1713170121,AUTO,0,33.24,5.00,-85,90.10,8.10,3.30,5.02,803,449,0,309,21.77,1013.20,11.90,406.20,12.52,46.15,1,1713170104,GSN-01,-75,25.80,77.50,43,0,0,7.80,85,8.90,23.00,25.40,20.60,20.90,20.30,21.70,21.00,20.40,21.30,25.90,24.90,22.50,22.70,20.70,22.40,25.10,24.20,23.70,20.50,22.10,25.90,24.20,20.90,20.80,20.10,21.20,21.20,24.70,22.70,23.40,22.70,22.80,22.70,20.50,24.10,22.10,25.80,20.90,21.70,25.60,23.20,25.10,25.10,23.60,23.00,22.80,23.80,20.70,24.90,23.60,22.80,23.90,23.60,22.30,23.00,25.50,24.40,20.20,20.70,24.40,21.00,21.10,24.50,23.30
TLM_RCV,-79,FG-ALPHA,1713170122,AUTO,0,32.24,5.00,-85,90.05,8.09,3.30,5.02,0,447,0,298,22.24,1013.00,11.90,405.00,12.52,46.15,1,1713170086,GSN-01,-77,25.70,82.70,42,0,0,7.81,84,8.91,25.10,23.30,24.40,22.70,21.10,21.70,24.00,20.40,23.40,21.10,23.90,22.70,20.10,21.70,22.20,21.10,20.40,21.40,25.00,21.70,23.20,20.40,21.10,22.10,21.10,25.40,24.60,20.90,25.40,20.80,25.60,24.80,20.60,24.30,25.40,21.10,20.50,20.70,21.60,25.10,25.60,22.00,23.30,24.20,22.80,23.30,25.80,20.20,21.70,25.40,24.70,21.60,21.00,20.40,25.30,25.20,23.20,20.70,21.30,23.30,21.30,25.30,22.10,25.10
TLM_RCV,-49,FG-ALPHA,1713170123,AUTO,0,32.26,5.00,-85,90.13,8.10,3.28,5.02,1195,451,0,300,23.72,1012.90,12.00,405.50,12.52,46.15,1,1713170064,GSN-01,-76,23.30,74.60,43,0,1,7.79,85,8.91,25.60,22.70,24.60,24.60,24.50,24.20,23.20,20.70,22.20,20.50,25.90,25.60,23.20,22.20,25.90,21.20,23.40,24.00,22.30,25.80,24.10,21.20,84.80,24.30,21.40,23.20,22.80,23.60,24.40,22.70,24.20,23.60,25.50,24.20,23.30,23.90,24.30,25.90,22.00,22.00,23.50,23.90,21.20,20.20,21.10,21.00,23.40,23.40,21.40,21.40,22.50,23.50,25.90,20.50,24.80,25.90,20.70,20.70,23.90,23.30,20.80,20.50,24.80,21.90
TLM_RCV,-89,FG-ALPHA,1713170145,AUTO,0,33.49,5.00,-85,91.25,8.12,3.31,5.02,1070,497,0,340,22.86,1013.00,12.00,405.30,12.55,46.60,1,1713170116,GSN-01,-79,24.30,75.50,46,0,1,7.80,84,8.92,22.80,24.30,25.60,20.80,25.60,20.00,21.60,22.20,22.20,22.70,24.20,24.30,20.00,23.30,21.70,21.50,21.90,24.10,23.30,20.80,22.50,24.10,20.80,25.30,21.70,23.90,25.50,21.40,25.50,21.10,22.00,25.90,23.40,20.50,22.20,22.10,21.90,25.80,24.70,23.50,25.20,23.30,21.50,21.80,23.00,21.10,20.40,22.60,20.90,25.50,20.80,20.80,22.30,20.60,20.50,25.20,25.30,21.40,25.90,20.60,23.60,20.20,25.60,22.30
TLM_RCV,-90,FG-ALPHA,1713170146,AUTO,0,31.44,5.00,-85,91.28,8.12,3.28,5.02,809,489,0,337,21.60,1012.90,11.90,405.30,12.55,46.60,1,1713170127,GSN-01,-80,24.50,74.20,47,0,0,7.82,85,8.92,23.00,21.50,22.30,23.30,21.00,22.30,21.60,22.70,21.40,22.70,25.00,23.20,20.20,25.80,21.70,25.20,23.30,24.50,20.00,25.00,21.70,24.70,21.90,23.00,22.10,21.80,22.00,21.50,25.90,21.10,25.60,20.10,24.90,24.10,24.70,20.50,25.90,22.30,25.50,24.20,21.20,22.60,23.60,24.10,25.00,23.60,25.30,23.80,20.10,23.70,20.20,22.30,24.20,20.70,25.70,21.90,22.40,25.10,21.30,20.20,20.20,23.10,21.40,22.20
TLM_RCV,-58,FG-ALPHA,1713170147,AUTO,0,32.10,5.00,-85,91.35,8.13,3.30,5.02,1154,420,0,262,23.67,1012.90,11.80,405.60,12.55,46.60,1,1713170108,GSN-01,-87,23.30,74.80,42,0,0,7.80,84,8.93,20.30,24.00,24.30,20.00,20.10,21.90,23.50,24.90,24.70,25.40,25.50,24.70,24.90,20.70,22.60,25.70,24.40,24.00,23.60,24.70,21.20,23.20,21.90,22.00,23.80,23.40,25.50,20.20,20.70,24.10,23.80,23.90,24.70,22.20,22.30,23.60,20.80,22.30,22.00,21.00,23.90,24.40,23.10,25.20,24.80,20.20,24.00,25.00,25.70,20.10,20.60,20.80,23.40,23.80,25.60,24.50,24.00,22.00,24.30,21.60,23.20,23.10,22.40,20.90
TLM_RCV,-46,FG-ALPHA,1713170148,AUTO,0,32.47,5.00,-85,91.40,8.12,3.30,5.02,935,495,0,336,22.20,1012.80,11.80,404.60,12.55,46.60,1,1713170101,GSN-01,-86,25.80,75.40,47,0,0,7.80,84,8.93,21.90,25.40,24.10,20.80,23.10,22.90,21.40,20.20,23.30,25.80,23.30,24.90,23.00,23.80,20.90,21.20,21.70,21.80,23.60,22.20,24.20,25.30,24.80,22.90,22.10,21.60,23.00,20.20,23.10,22.40,23.50,86.60,21.70,21.60,22.40,23.90,25.50,22.60,24.60,23.50,21.50,25.00,23.40,25.80,25.90,22.00,25.10,20.10,21.30,21.40,24.60,20.40,25.90,22.50,21.20,20.80,24.80,22.00,22.50,22.70,22.80,22.60,21.90,21.70
TLM_RCV,-67,FG-ALPHA,1713170149,AUTO,0,33.33,5.00,-85,91.44,8.12,3.28,5.02,913,465,0,307,22.24,1013.50,12.00,405.50,12.55,46.60,1,1713170092,GSN-01,-82,23.60,83.00,40,0,0,7.78,85,8.94,21.50,24.10,24.50,25.20,24.90,25.00,24.90,22.70,24.70,21.20,22.90,23.70,21.60,24.20,20.70,20.60,24.00,24.20,22.20,20.90,22.70,22.60,24.30,24.80,20.50,21.90,20.30,20.30,23.70,20.30,20.60,25.30,20.20,20.10,22.20,22.10,20.20,21.60,24.60,25.70,25.20,20.00,20.60,24.30,25.10,23.40,21.80,22.50,24.70,20.20,25.80,24.40,24.20,24.50,23.50,25.50,23.80,25.20,20.10,25.10,25.50,23.60,25.50,20.90
TLM_RCV,-68,FG-ALPHA,1713170150,AUTO,0,32.28,5.00,-85,91.51,8.13,3.28,5.02,1117,456,0,309,23.31,1012.90,11.80,405.00,12.55,46.60,1,1713170140,GSN-01,-90,25.00,81.20,40,0,0,7.81,84,8.94,20.60,22.80,20.90,20.50,25.60,25.00,22.70,23.70,23.80,22.90,23.80,21.40,25.80,25.70,20.90,23.20,24.60,23.10,20.30,22.50,20.00,21.60,21.20,24.80,20.30,20.50,22.40,24.50,22.70,20.90,23.10,25.80,25.60,22.20,24.20,24.90,20.10,22.40,24.20,25.70,22.00,25.50,21.00,23.30,20.80,25.40,22.20,20.80,20.30,77.40,25.80,25.80,21.70,23.20,24.10,22.80,25.50,22.90,23.10,21.40,25.90,24.90,21.60,21.90
TLM_RCV,-45,FG-ALPHA,1713170151,AUTO,0,31.32,5.00,-85,91.58,8.13,3.29,5.02,1138,463,0,310,23.37,1013.30,11.80,405.50,12.55,46.60,1,1713170092,GSN-01,-87,25.00,77.40,49,0,0,7.79,85,8.95,21.00,22.10,23.40,25.50,21.70,21.70,22.10,20.30,25.60,24.70,23.00,24.50,25.40,25.00,24.20,23.10,21.20,21.50,21.40,24.80,24.50,20.30,24.00,21.10,21.80,23.60,25.20,20.80,25.00,25.20,24.80,25.20,20.50,22.10,22.40,23.20,24.60,20.90,22.70,25.90,22.50,25.80,20.00,23.40,21.70,22.20,20.30,20.30,25.60,22.20,22.80,22.00,25.90,20.30,20.60,24.10,25.80,22.00,20.40,23.80,24.80,20.40,22.90,22.00
TLM_RCV,-62,FG-ALPHA,1713170152,AUTO,0,33.32,5.00,-85,91.53,8.13,3.30,5.02,0,464,0,310,22.32,1012.90,11.90,406.20,12.55,46.60,1,1713170100,GSN-01,-81,24.70,77.70,41,1,0,7.82,85,8.95,25.10,24.50,22.30,23.70,23.40,22.50,23.30,25.10,21.00,20.90,23.30,24.90,22.50,20.00,21.30,20.10,20.00,22.90,20.30,24.50,22.30,25.40,21.10,23.50,22.00,23.40,21.30,23.00,24.70,21.30,21.70,20.30,24.80,24.60,22.50,24.10,21.00,22.90,22.80,24.70,20.30,22.20,24.60,22.90,25.80,24.60,21.30,22.00,22.80,20.70,23.90,25.60,25.40,23.40,25.40,24.30,25.50,24.50,23.10,20.10,24.10,25.40,21.10,21.90
TLM_RCV,-92,FG-ALPHA,1713170153,AUTO,0,33.45,5.00,-85,91.59,8.12,3.30,5.02,1136,490,0,341,23.23,1013.50,11.90,405.30,12.55,46.60,1,1713170140,GSN-01,-88,23.40,77.40,40,0,0,7.82,84,8.96,23.00,23.20,24.30,23.60,20.30,22.80,23.10,22.50,21.50,23.50,23.60,23.50,22.20,23.30,25.20,24.40,22.30,24.10,23.50,24.90,25.80,21.60,20.70,22.00,21.10,25.10,22.40,23.70,24.90,21.30,22.90,23.90,25.50,20.70,23.40,22.50,23.60,22.90,22.90,25.90,24.90,25.40,24.40,22.60,23.10,22.90,21.70,22.70,20.80,23.70,24.90,22.70,20.90,21.40,24.70,24.10,24.30,24.60,21.60,22.10,21.40,24.40,23.40,24.10
TLM_RCV,-60,FG-ALPHA,1713170154,AUTO,0,32.33,5.00,-85,91.66,8.13,3.30,5.02,1108,465,0,318,23.22,1012.80,11.80,404.60,12.55,46.60,1,1713170140,GSN-01,-86,23.60,73.60,48,0,0,7.80,85,8.96,24.60,21.70,21.30,20.30,25.80,25.50,22.20,25.80,21.30,23.90,22.50,20.00,23.50,20.80,23.50,24.90,24.70,24.60,23.80,25.10,22.00,23.30,20.20,21.70,23.10,25.70,21.80,23.40,25.70,24.00,24.70,22.30,24.40,24.90,24.30,25.20,23.00,22.50,22.20,20.00,23.90,21.30,24.40,23.90,24.70,20.60,25.70,20.10,25.20,23.90,23.50,25.90,24.80,24.50,25.00,20.20,22.10,72.20,24.80,25.90,23.30,24.80,20.50,21.40
TLM_RCV,-58,FG-ALPHA,1713170155,AUTO,0,32.40,5.00,-85,91.61,8.13,3.29,5.02,0,479,0,332,22.40,1013.50,12.00,406.00,12.56,46.60,1,1713170143,GSN-01,-75,25.50,75.80,48,0,0,7.78,84,8.97,22.20,25.70,20.80,25.70,21.20,23.10,21.10,22.00,21.20,21.30,21.10,24.70,21.40,23.40,21.50,21.60,25.30,22.40,25.90,21.50,24.60,21.90,24.60,25.60,24.20,25.40,24.50,20.50,21.80,20.00,21.30,22.70,23.80,21.10,20.00,23.70,24.20,23.60,21.80,24.90,21.60,22.10,24.30,20.50,25.10,22.50,25.40,22.80,23.00,20.00,25.80,23.60,20.70,25.10,24.40,24.00,25.00,25.00,22.90,22.00,25.30,24.90,21.30,21.20
TLM_RCV,-69,FG-ALPHA,1713170156,AUTO,0,32.27,5.00,-85,91.68,8.13,3.28,5.02,1183,454,0,307,23.65,1013.10,11.90,405.60,12.56,46.60,1,1713170136,GSN-01,-77,23.00,73.50,43,0,0,7.81,85,8.97,24.30,21.20,24.80,24.30,23.10,24.80,24.40,24.70,22.40,22.00,23.10,23.80,21.90,23.10,25.40,23.30,24.90,20.40,21.90,23.70,22.20,24.60,25.10,25.60,24.70,25.10,22.80,20.00,25.80,24.70,25.60,25.00,23.80,84.10,23.20,20.30,25.80,20.20,23.30,25.60,20.30,25.10,20.50,25.90,23.40,22.20,22.30,25.30,20.40,20.60,23.30,25.10,22.80,22.00,20.00,21.60,22.10,22.10,24.40,20.50,23.30,21.80,24.70,24.90
TLM_RCV,-69,FG-ALPHA,1713170157,AUTO,0,33.45,5.00,-85,91.72,8.13,3.31,5.02,810,490,0,342,21.60,1012.90,11.80,405.90,12.56,46.60,1,1713170124,GSN-01,-90,23.30,81.20,47,0,1,7.78,85,8.98,23.60,20.20,25.10,24.20,22.00,24.90,20.00,21.60,24.30,20.80,24.90,21.40,22.50,21.50,20.00,21.40,24.70,22.10,20.40,20.50,23.20,21.50,22.60,20.00,22.40,25.90,20.50,22.20,25.90,21.40,20.60,22.50,24.60,22.60,22.70,24.10,25.40,21.60,21.30,25.00,24.50,24.50,21.90,25.20,22.60,25.20,24.60,22.70,21.20,21.40,21.50,21.00,25.20,24.80,20.10,23.80,23.50,21.10,20.70,24.50,20.90,20.50,23.00,25.70
TLM_RCV,-95,FG-ALPHA,1713170158,AUTO,0,31.33,5.00,-85,91.78,8.13,3.31,5.02,1127,467,0,308,23.30,1012.80,11.80,404.60,12.56,46.60,1,1713170124,GSN-01,-77,23.00,76.80,45,0,0,7.79,84,8.98,23.00,24.10,25.30,25.30,25.80,22.50,22.60,20.80,22.00,20.20,25.40,20.00,22.90,24.20,20.60,23.50,20.50,25.30,24.10,24.30,20.80,21.20,22.10,22.00,20.50,24.20,25.90,24.40,25.70,23.70,22.30,22.50,23.80,20.70,20.00,22.10,24.80,20.40,20.60,23.70,25.80,25.20,22.90,25.50,25.90,21.60,21.80,24.20,21.20,23.00,23.30,23.60,25.50,21.90,22.70,22.90,20.60,22.90,22.00,21.80,23.60,24.90,22.90,25.50
TLM_RCV,-48,FG-ALPHA,1713170159,AUTO,0,31.33,5.00,-85,91.74,8.13,3.30,5.02,0,465,0,314,22.33,1013.10,11.80,405.20,12.56,46.60,1,1713170116,GSN-01,-81,24.30,81.90,49,0,0,7.82,84,8.99,21.70,23.10,24.90,24.80,23.70,23.80,24.30,23.60,23.50,24.00,24.50,22.60,24.00,25.50,22.90,23.40,20.70,21.50,22.00,20.30,21.70,25.80,25.80,24.40,22.40,23.20,21.30,23.50,21.10,24.80,21.90,20.10,23.30,20.20,21.10,20.50,20.10,22.20,23.60,23.20,20.80,24.70,22.30,20.10,23.90,24.90,25.70,23.60,20.60,20.80,23.10,21.30,24.00,22.90,25.60,22.60,22.80,23.60,21.20,23.80,24.50,23.20,23.60,22.90
TLM_RCV,-73,FG-ALPHA,1713170160,AUTO,0,32.09,5.00,-85,91.79,8.14,3.31,5.02,934,418,0,272,22.58,1012.80,12.00,405.20,12.56,46.60,1,1713170136,GSN-01,-82,23.10,78.70,49,0,0,7.82,84,8.99,21.40,24.50,23.50,20.10,24.20,22.20,25.80,20.90,20.80,24.80,23.80,22.20,22.20,23.90,22.80,21.90,24.70,20.00,22.90,20.00,20.30,20.10,25.20,24.60,24.10,23.00,22.90,25.00,20.40,25.80,22.10,21.20,20.20,25.70,22.50,24.30,20.50,21.40,22.90,25.70,22.00,20.50,22.60,21.00,25.90,23.50,22.80,24.90,23.20,21.70,24.20,24.40,21.10,21.30,21.80,23.60,25.00,23.60,22.70,23.80,20.90,25.10,22.90,20.80
TLM_RCV,-66,FG-ALPHA,1713170161,AUTO,0,33.07,5.00,-85,91.85,8.14,3.28,5.02,1033,414,0,261,23.09,1013.20,11.80,404.60,12.56,46.60,1,1713170106,GSN-01,-82,25.70,81.60,44,0,0,7.81,85,9.00,22.90,20.10,20.40,24.90,22.20,24.30,24.10,23.20,20.60,22.60,25.80,22.20,20.20,25.50,24.60,25.60,22.20,24.60,20.60,24.40,22.60,20.80,21.20,25.80,20.90,21.70,21.30,20.80,23.50,25.70,24.90,25.30,25.30,23.90,20.30,24.80,21.90,20.20,22.30,23.80,24.60,24.40,25.50,22.10,21.00,20.90,25.20,22.10,25.60,20.50,22.50,25.30,21.00,24.20,20.90,20.40,25.40,24.70,87.10,21.40,25.30,20.60,20.20,24.20
TLM_RCV,-55,FG-ALPHA,1713170162,AUTO,0,31.12,5.00,-85,91.90,8.14,3.31,5.02,981,425,0,270,22.78,1013.30,12.00,405.00,12.56,46.60,1,1713170125,GSN-01,-71,24.50,78.00,44,0,0,7.79,85,9.00,24.90,23.70,21.50,21.20,21.50,25.90,24.40,21.20,22.70,25.40,21.80,20.70,20.60,22.00,24.90,23.40,23.00,22.90,23.40,23.40,21.90,24.10,20.40,23.40,21.10,22.80,23.70,24.20,21.30,20.50,21.10,21.40,24.00,22.20,20.90,24.60,22.60,25.30,25.20,21.70,24.10,23.50,24.50,21.80,22.20,21.60,21.50,21.90,23.70,24.60,22.20,22.40,20.60,21.00,25.60,25.50,24.10,22.90,22.80,21.00,25.80,22.40,25.30,23.30
TLM_RCV,-41,FG-ALPHA,1713170163,AUTO,0,31.10,5.00,-85,91.96,8.14,3.31,5.02,944,420,0,266,22.62,1013.00,12.00,405.00,12.56,46.60,1,1713170116,GSN-01,-80,24.00,77.10,44,0,0,7.80,84,9.01,24.30,21.70,22.30,20.10,23.30,20.50,22.30,21.60,22.70,20.10,20.00,20.60,22.60,22.40,23.40,24.70,22.70,22.50,24.40,23.30,20.80,23.50,20.50,23.20,22.30,25.00,22.70,20.80,20.50,23.20,24.10,24.80,24.10,25.30,24.70,24.40,25.00,21.40,22.50,24.40,23.80,23.50,22.50,21.70,21.30,21.60,25.40,20.40,22.50,23.80,22.50,20.00,20.90,24.40,23.00,24.10,20.20,22.30,21.20,21.30,20.50,20.20,22.60,24.70
TLM_RCV,-79,FG-ALPHA,1713170164,AUTO,0,32.32,5.00,-85,91.91,8.14,3.30,5.02,0,464,0,315,22.32,1013.00,11.90,405.20,12.56,46.60,1,1713170127,GSN-01,-72,23.50,78.50,45,0,1,7.80,84,9.01,23.90,22.20,22.70,23.70,20.10,24.20,25.80,24.30,21.40,25.70,21.10,23.80,23.20,22.80,21.70,23.20,22.10,25.90,24.70,21.00,23.40,20.50,21.00,22.40,20.80,23.70,23.40,22.50,21.50,25.80,21.10,25.00,25.90,25.20,20.70,24.20,24.40,20.40,25.60,25.00,24.60,21.00,24.80,24.20,24.60,20.10,21.00,24.90,20.70,21.10,25.10,21.20,23.40,23.80,23.50,20.60,20.60,22.20,20.60,24.00,24.50,22.60,20.30,21.50
TLM_RCV,-59,FG-ALPHA,1713170165,AUTO,0,32.45,5.00,-85,91.97,8.13,3.28,5.02,1039,490,0,349,22.75,1013.30,12.00,405.00,12.57,46.60,1,1713170131,GSN-01,-82,24.60,77.40,46,0,0,7.78,85,9.02,23.10,20.30,24.10,22.70,24.30,21.80,20.00,23.40,24.80,21.80,25.60,25.00,23.80,21.90,23.40,24.70,24.00,23.50,23.70,22.30,25.50,24.60,24.60,24.10,23.80,21.60,20.50,24.40,23.40,25.70,20.40,20.80,21.10,23.00,22.30,21.30,25.50,22.10,21.00,20.40,23.30,24.20,20.10,20.00,25.30,24.10,20.80,25.80,24.60,20.20,20.40,24.50,22.50,22.00,20.60,22.90,20.20,23.30,20.80,20.40,21.00,76.00,22.70,25.00
TLM_RCV,-58,FG-ALPHA,1713170166,AUTO,0,33.03,5.00,-85,92.01,8.15,3.30,5.02,899,406,0,266,22.47,1013.30,12.10,404.70,12.57,46.60,1,1713170119,GSN-01,-76,24.60,80.50,47,0,0,7.80,85,9.02,23.90,25.60,21.30,21.30,20.20,22.50,20.80,21.10,23.40,24.20,20.20,22.30,25.50,23.90,21.80,23.90,22.70,20.30,21.40,21.70,24.00,22.40,20.90,21.70,23.00,22.60,22.30,22.40,20.70,24.90,25.00,21.00,24.20,22.60,21.00,24.70,20.60,24.80,20.30,23.90,22.30,21.10,25.40,22.50,21.70,21.30,20.90,23.30,22.90,20.00,21.20,23.70,20.00,20.30,23.10,20.60,23.40,22.80,23.30,22.80,22.90,24.00,21.80,24.00
TLM_RCV,-56,FG-ALPHA,1713170167,AUTO,0,31.47,5.00,-85,92.08,8.14,3.29,5.02,1106,494,0,349,23.06,1013.30,11.80,405.80,12.57,46.60,1,1713170130,GSN-01,-83,24.90,82.70,43,0,0,7.78,84,9.03,22.90,25.00,25.20,22.20,25.80,22.70,23.10,25.30,21.20,25.70,22.10,23.50,25.90,22.10,21.90,24.50,22.90,25.50,21.80,20.80,25.30,23.60,23.50,20.40,20.60,21.50,25.30,25.50,20.30,23.80,24.10,24.80,24.60,22.20,24.50,23.50,25.60,22.90,23.00,22.10,20.10,22.00,25.40,20.70,22.90,23.80,23.60,21.70,24.70,23.90,20.10,23.50,25.80,25.00,22.00,22.40,22.10,22.60,20.60,23.70,21.00,23.30,23.60,20.00
TLM_RCV,-52,FG-ALPHA,1713170168,AUTO,0,31.18,5.00,-85,92.15,8.15,3.28,5.02,1130,437,0,281,23.47,1012.90,12.00,404.80,12.57,46.60,1,1713170121,GSN-01,-93,24.90,76.10,45,0,0,7.79,84,9.03,24.20,25.20,21.10,24.80,22.20,21.20,22.80,24.40,24.10,22.70,21.80,20.40,20.30,22.80,22.10,21.70,23.90,23.80,20.80,23.10,23.10,20.30,23.90,22.20,22.80,25.60,24.60,21.40,22.30,21.80,25.00,23.80,24.10,23.00,20.70,23.70,21.60,24.90,25.40,20.20,21.30,21.00,25.20,20.70,22.10,25.60,21.00,24.40,20.80,22.30,25.40,23.40,21.60,24.10,20.90,24.00,23.80,24.30,21.80,21.50,24.80,23.60,20.40,23.50
TLM_RCV,-87,FG-ALPHA,1713170169,AUTO,0,32.29,5.00,-85,92.20,8.14,3.31,5.02,970,459,0,312,22.56,1012.90,12.00,404.90,12.57,46.60,1,1713170153,GSN-01,-77,24.10,78.80,43,0,0,7.78,84,9.04,20.90,24.00,21.00,25.60,22.20,20.10,20.50,20.80,25.00,20.60,23.90,21.30,20.80,20.80,24.60,22.00,22.00,20.10,25.60,24.40,22.60,21.10,21.10,25.10,22.10,20.90,21.60,20.20,23.90,25.70,23.00,25.40,23.70,22.20,21.90,21.80,23.00,24.10,25.50,23.80,25.60,25.20,21.00,25.60,20.30,25.80,25.20,20.80,21.60,21.40,22.20,20.00,23.50,24.70,24.00,20.70,20.50,23.60,21.70,22.50,25.90,21.70,23.50,21.50
TLM_RCV,-63,FG-ALPHA,1713170170,AUTO,0,31.23,5.00,-85,92.25,8.15,3.28,5.02,1006,446,0,288,22.80,1012.70,11.90,405.90,12.57,46.60,1,1713170124,GSN-01,-85,23.20,79.70,47,0,0,7.81,84,9.04,22.70,21.10,22.90,21.60,24.80,23.50,23.90,24.90,22.00,22.70,21.80,24.70,20.40,21.50,25.20,23.00,21.30,20.60,25.10,21.80,21.70,20.10,24.10,24.00,22.20,20.90,23.00,25.10,25.70,25.70,25.40,24.70,23.30,23.30,25.20,20.20,20.70,21.20,25.20,21.20,22.20,25.60,21.50,24.10,22.40,24.90,23.50,22.20,20.80,21.00,23.30,23.40,24.20,24.30,24.60,21.90,24.90,23.00,22.50,20.80,25.50,25.80,21.60,23.40
TLM_RCV,-67,FG-ALPHA,1713170171,AUTO,0,32.19,5.00,-85,92.32,8.15,3.29,5.02,1158,437,0,283,23.60,1013.40,11.80,405.50,12.57,46.60,1,1713170124,GSN-01,-88,25.40,76.50,43,0,0,7.79,85,9.05,20.60,21.90,23.00,20.60,22.60,25.60,21.90,23.20,21.60,24.30,20.70,22.20,22.50,20.10,20.20,22.00,24.20,22.90,24.50,23.80,25.80,24.30,24.20,22.90,24.50,23.40,25.00,25.60,24.70,23.90,24.00,21.30,22.30,21.20,25.40,20.40,25.40,22.60,23.50,21.70,24.80,23.50,20.50,20.20,25.80,25.30,24.90,21.50,24.20,23.00,22.00,24.10,22.30,21.60,21.30,22.60,21.40,22.60,25.00,22.00,25.90,22.30,23.70,20.50
TLM_RCV,-91,FG-ALPHA,1713170172,AUTO,0,33.21,5.00,-85,92.38,8.15,3.30,5.02,978,441,0,282,22.68,1012.80,11.80,405.00,12.57,46.60,1,1713170130,GSN-01,-78,24.00,82.60,44,0,0,7.81,84,9.05,25.40,20.90,24.70,23.60,24.30,21.10,23.00,25.70,25.70,23.70,22.80,21.50,25.90,25.40,22.20,22.30,24.30,25.90,24.50,21.00,23.20,23.20,25.50,21.50,21.30,20.40,24.10,23.10,20.70,23.00,22.80,23.00,22.20,20.20,20.70,25.90,21.50,21.80,25.30,24.80,20.80,22.10,22.70,20.10,24.80,23.40,24.60,22.50,20.00,20.10,21.50,25.30,21.30,25.70,20.10,24.80,24.60,25.90,20.90,21.40,20.30,20.90,23.60,23.80
TLM_RCV,-64,FG-ALPHA,1713170173,AUTO,0,32.22,5.00,-85,92.42,8.15,3.31,5.02,887,443,0,293,22.22,1012.90,11.90,405.90,12.57,46.60,1,1713170136,GSN-01,-93,24.20,78.90,47,0,0,7.82,85,9.06,20.40,25.10,20.40,21.70,20.60,25.40,24.70,24.60,25.80,25.60,20.00,20.10,21.70,24.40,22.70,22.10,22.50,23.20,22.80,24.30,24.70,24.50,24.80,24.50,25.60,22.40,24.00,24.20,24.60,21.40,24.80,20.50,20.10,20.10,21.70,23.40,23.80,20.10,24.50,21.70,25.70,21.90,23.10,25.00,22.90,21.00,20.20,22.50,22.20,23.50,24.20,23.20,25.60,23.80,24.40,21.10,22.20,23.70,23.70,20.40,25.30,22.40,24.40,24.30
TLM_RCV,-52,FG-ALPHA,1713170174,AUTO,0,32.11,5.00,-85,92.48,8.16,3.29,5.02,986,422,0,276,22.82,1013.00,11.80,405.10,12.57,46.60,1,1713170124,GSN-01,-76,24.90,77.80,40,0,0,7.82,85,9.06,23.00,22.50,22.90,23.00,23.40,23.80,25.90,20.70,24.90,22.00,25.90,25.20,21.20,24.40,23.70,24.60,20.70,23.40,21.90,23.30,22.20,22.70,25.40,25.60,25.30,20.50,22.20,20.20,24.50,21.30,20.60,22.10,20.50,20.70,24.40,23.90,25.20,21.10,25.10,22.10,20.20,23.90,25.70,25.20,21.40,23.20,23.00,25.90,24.60,21.40,24.30,23.30,23.00,24.10,22.80,22.70,22.60,20.10,25.40,22.60,20.70,22.40,24.60,21.10
TLM_RCV,-74,FG-ALPHA,1713170175,AUTO,0,33.19,5.00,-85,92.55,8.16,3.30,5.02,1135,439,0,297,23.48,1013.60,12.10,406.30,12.58,46.60,1,1713170120,GSN-01,-77,23.50,79.90,45,0,0,7.81,84,9.07,24.60,21.40,23.80,23.00,21.90,23.40,24.40,22.00,24.60,25.00,25.80,22.60,21.50,24.40,25.00,20.10,22.90,25.60,24.80,21.30,23.30,23.30,24.60,24.90,22.90,24.20,22.20,24.70,23.00,24.50,24.50,24.90,25.30,25.00,23.00,22.10,21.00,21.80,20.60,23.80,23.40,25.90,22.80,25.60,77.60,23.50,23.10,25.20,21.20,25.00,24.00,24.70,24.20,20.50,22.10,25.20,22.00,22.70,20.70,21.10,25.20,23.00,25.90,24.80
TLM_RCV,-44,FG-ALPHA,1713170176,AUTO,0,33.37,5.00,-85,92.50,8.15,3.31,5.02,0,474,0,329,22.37,1013.20,12.10,405.30,12.58,46.60,1,1713170132,GSN-01,-91,24.20,79.10,44,0,0,7.78,84,9.07,23.80,20.80,21.60,24.40,25.10,21.40,25.90,22.00,23.90,25.80,21.00,22.00,22.20,20.70,20.20,22.00,25.00,25.10,20.00,23.30,24.90,24.90,25.80,22.20,20.40,20.20,25.30,23.90,22.20,21.70,22.40,22.70,22.70,21.80,24.40,21.00,22.90,22.70,21.50,22.50,24.80,21.10,22.10,24.50,23.30,25.00,21.00,21.30,23.00,21.70,22.70,22.10,25.90,25.30,23.30,21.30,22.90,21.80,22.80,23.90,23.60,22.30,24.80,23.60
TLM_RCV,-75,FG-ALPHA,1713170177,AUTO,0,33.14,5.00,-85,92.46,8.15,3.31,5.02,0,428,0,283,22.14,1013.20,11.90,404.70,12.58,46.60,1,1713170165,GSN-01,-87,24.10,77.10,47,0,0,7.80,85,9.08,20.60,20.70,20.30,20.30,24.30,23.80,25.00,23.00,77.90,23.20,21.50,23.50,24.10,20.10,24.10,22.30,22.90,21.80,23.50,25.50,25.20,23.30,24.90,23.20,25.10,20.10,24.20,23.70,21.50,23.80,21.30,21.40,20.60,24.20,23.20,20.20,21.50,22.90,25.00,25.40,22.90,24.50,23.30,21.70,20.40,21.90,24.20,25.70,21.30,24.10,25.90,21.60,25.10,21.00,23.30,25.90,23.60,20.90,21.10,23.30,24.80,21.10,21.20,23.20
TLM_RCV,-60,FG-ALPHA,1713170178,AUTO,0,33.31,5.00,-85,92.50,8.15,3.28,5.02,885,462,0,315,22.11,1012.90,12.00,405.10,12.58,46.60,1,1713170129,GSN-01,-81,23.40,77.90,42,0,0,7.82,85,9.08,24.70,20.80,24.20,20.70,21.60,22.70,22.20,20.90,25.20,22.80,25.40,22.60,22.00,20.80,24.50,21.00,25.40,22.50,20.00,21.90,23.00,21.30,20.90,20.50,23.80,21.20,24.90,22.50,23.00,25.60,24.80,24.30,24.30,22.10,20.40,22.10,23.70,23.70,21.60,20.80,20.10,21.10,24.30,23.60,24.60,25.90,23.10,21.40,20.00,20.10,24.60,21.40,20.30,24.90,21.70,21.80,20.10,20.80,21.70,20.50,22.70,23.80,22.30,21.00
TLM_RCV,-58,FG-ALPHA,1713170179,AUTO,0,31.41,5.00,-85,92.56,8.15,3.30,5.02,1072,482,0,342,22.95,1013.60,12.00,404.50,12.58,46.60,1,1713170132,GSN-01,-89,24.60,81.70,46,0,0,7.78,84,9.09,25.30,21.60,21.90,25.50,20.00,24.30,20.40,22.00,22.70,25.70,21.80,20.30,20.30,24.30,20.00,21.50,21.60,24.60,21.80,20.50,23.00,23.70,25.20,25.10,23.40,20.10,23.80,20.50,20.00,25.60,22.60,23.70,20.90,25.20,20.70,23.00,22.60,25.50,22.40,23.80,25.90,20.70,25.60,22.20,23.20,24.60,21.60,21.10,22.80,24.80,20.10,25.60,20.00,21.90,25.90,25.20,24.00,20.40,23.60,25.20,20.70,24.90,25.80,23.30
TLM_RCV,-43,FG-ALPHA,1713170180,AUTO,0,32.16,5.00,-85,92.62,8.16,3.31,5.02,1062,432,0,280,23.15,1013.10,12.10,405.80,12.58,46.60,1,1713170127,GSN-01,-74,24.90,78.60,48,0,1,7.79,85,9.09,21.30,25.70,22.60,23.80,22.10,25.40,20.60,20.60,25.80,25.90,22.80,24.90,24.40,23.30,25.10,22.60,21.80,25.70,20.50,20.70,20.70,21.00,24.40,21.00,21.70,20.50,23.10,20.90,23.40,21.00,25.10,24.90,25.10,24.90,25.90,22.30,23.20,22.60,20.90,23.50,22.70,23.00,24.60,24.20,24.40,22.50,21.50,20.00,21.90,25.90,22.60,23.00,20.70,21.00,25.80,20.90,21.60,24.50,22.60,21.70,21.50,20.90,21.60,25.40
TLM_RCV,-76,FG-ALPHA,1713170181,AUTO,0,31.28,5.00,-85,92.69,8.16,3.29,5.02,1088,457,0,303,23.16,1013.60,11.90,406.40,12.58,46.60,1,1713170168,GSN-01,-73,24.00,76.40,47,0,0,7.79,84,9.10,24.00,24.60,22.40,22.80,21.20,21.40,22.40,25.90,20.40,24.00,24.30,21.70,20.90,23.20,21.70,23.10,24.80,20.50,25.30,23.80,22.80,22.40,24.60,24.20,25.20,23.10,24.90,20.70,22.90,23.80,20.20,23.90,24.00,25.80,20.50,24.30,22.50,24.00,21.50,23.60,20.50,25.10,23.90,22.60,25.60,22.30,25.70,23.10,25.60,21.80,21.60,22.30,23.60,22.60,24.60,21.00,24.10,21.10,23.90,25.20,24.80,21.80,21.60,20.70
TLM_RCV,-66,FG-ALPHA,1713170182,AUTO,0,33.14,5.00,-85,92.76,8.16,3.30,5.02,1147,428,0,274,23.59,1013.40,12.00,405.80,12.58,46.60,1,1713170167,GSN-01,-83,24.40,81.70,40,1,1,7.78,84,9.10,24.60,23.70,23.50,23.00,21.90,23.80,20.90,20.40,23.00,20.30,20.00,20.20,25.90,20.40,23.60,20.50,21.90,20.60,21.20,21.10,25.40,25.00,22.10,21.20,22.80,24.10,24.70,24.90,20.80,25.50,21.40,23.50,24.10,21.30,25.20,23.50,21.80,24.90,24.80,25.40,20.40,25.00,24.70,25.40,23.60,22.00,24.10,23.30,22.40,21.20,22.30,21.90,23.70,24.60,22.50,23.10,21.30,21.90,24.10,23.10,23.90,21.50,25.80,25.10
TLM_RCV,-93,FG-ALPHA,1713170183,AUTO,0,31.41,5.00,-85,92.83,8.16,3.28,5.02,1189,481,0,328,23.54,1013.40,11.80,404.50,12.58,46.60,1,1713170151,GSN-01,-74,24.10,78.80,42,0,0,7.80,85,9.11,20.40,24.10,23.80,22.80,20.60,20.70,23.60,21.40,25.60,25.00,24.60,23.90,21.50,23.80,23.70,20.20,22.70,23.20,20.20,22.60,24.80,22.80,22.20,21.40,20.00,21.10,24.40,25.50,20.00,20.60,22.00,24.40,21.00,20.60,21.60,24.80,22.90,23.30,21.30,24.40,22.10,22.90,22.90,20.40,23.70,21.70,24.50,25.20,24.90,24.80,24.20,25.70,24.00,23.60,21.00,21.90,24.70,20.60,24.30,24.50,22.20,25.10,22.40,23.90
TLM_RCV,-48,FG-ALPHA,1713170184,AUTO,0,31.03,5.00,-85,92.79,8.17,3.28,5.02,0,407,0,251,22.03,1012.70,12.10,405.30,12.58,46.60,1,1713170125,GSN-01,-79,23.00,75.50,42,0,0,7.81,85,9.11,23.00,23.90,25.50,24.00,23.20,22.00,24.20,21.50,22.00,22.30,21.90,20.90,20.30,25.40,24.40,23.20,21.10,23.40,20.50,25.20,23.10,20.90,20.20,22.90,20.70,21.00,24.60,25.30,21.20,21.80,25.00,23.40,22.90,25.60,23.30,21.80,21.80,20.60,24.30,25.50,22.10,22.10,20.00,24.00,21.00,25.70,20.70,23.60,23.30,22.80,22.60,21.60,22.60,22.60,21.60,25.60,25.90,20.00,24.70,22.60,22.50,25.00,21.80,25.50
TLM_RCV,-95,FG-ALPHA,1713170185,AUTO,0,33.00,5.00,-85,92.75,8.17,3.28,5.02,0,400,0,251,22.00,1012.70,12.00,406.10,12.59,46.60,1,1713170171,GSN-01,-87,25.50,76.10,42,0,0,7.78,85,9.12,22.20,23.40,21.40,20.10,20.70,23.00,21.10,25.70,21.90,22.10,21.60,22.30,23.50,22.20,23.60,22.80,22.80,23.60,25.90,23.80,23.70,23.10,25.40,21.40,21.20,22.20,23.30,24.50,22.70,20.70,25.40,23.90,23.90,24.00,21.20,21.10,22.90,24.20,25.60,20.30,22.90,21.40,23.20,20.80,23.70,25.50,21.40,24.10,22.20,23.60,22.90,23.50,25.40,24.70,25.70,22.70,24.40,20.50,20.40,25.60,22.10,21.30,23.30,25.50
TLM_RCV,-73,FG-ALPHA,1713170207,AUTO,0,31.40,5.00,-85,93.85,8.18,3.29,5.02,1113,480,0,333,23.17,1013.60,11.80,406.40,12.61,47.35,1,1713170182,GSN-01,-72,23.60,79.10,44,0,0,7.80,85,9.12,25.90,21.50,21.00,21.30,22.90,25.20,21.70,25.10,22.60,22.30,20.80,23.50,24.20,22.20,24.50,24.60,22.30,25.80,21.60,22.30,24.00,22.50,24.50,20.30,23.40,23.00,23.30,23.30,25.00,24.40,25.50,22.10,21.40,22.20,24.30,24.60,24.30,20.50,25.50,25.30,25.60,20.10,22.30,20.30,24.20,25.70,20.10,21.80,23.60,23.30,23.00,25.20,25.70,21.80,23.90,24.50,22.80,20.70,23.00,23.90,24.80,22.00,24.20,21.20
TLM_RCV,-76,FG-ALPHA,1713170208,AUTO,0,32.42,5.00,-85,93.90,8.18,3.28,5.02,953,483,0,341,22.35,1013.10,12.10,405.60,12.61,47.35,1,1713170154,GSN-01,-77,23.00,74.70,43,0,0,7.79,84,9.13,23.80,20.00,21.40,23.20,25.50,23.70,21.80,21.10,22.20,22.70,23.60,21.00,21.40,23.50,25.80,24.20,24.40,25.50,21.40,23.00,25.10,20.50,21.80,22.10,22.50,25.20,24.60,23.10,21.40,22.10,22.80,23.30,20.20,23.20,25.60,22.60,22.50,23.60,21.10,24.40,20.70,25.90,24.40,24.20,20.20,23.80,24.60,22.10,25.60,25.10,21.40,25.10,22.20,25.80,21.40,25.30,20.30,24.40,23.60,20.00,22.20,23.00,23.80,23.30
TLM_RCV,-85,FG-ALPHA,1713170209,AUTO,0,33.12,5.00,-85,93.97,8.19,3.30,5.02,1196,423,0,266,23.86,1013.40,11.90,404.90,12.61,47.35,1,1713170163,GSN-01,-75,23.00,76.30,44,0,0,7.82,84,9.13,25.30,20.00,23.20,23.40,20.40,23.50,22.60,22.90,24.40,21.60,24.30,24.60,21.90,20.50,22.50,24.10,23.70,21.60,22.90,20.10,20.30,23.50,23.90,25.60,20.20,23.30,21.20,22.70,25.90,20.50,22.70,24.80,24.60,22.60,22.50,25.40,24.90,21.90,25.10,20.70,25.20,20.20,22.70,21.40,20.50,25.10,20.60,20.00,24.90,24.80,24.40,21.70,23.80,21.30,22.90,23.30,23.70,20.80,23.10,23.70,23.00,25.50,24.60,22.10
TLM_RCV,-71,FG-ALPHA,1713170210,AUTO,0,33.23,5.00,-85,94.05,8.19,3.30,5.02,1174,446,0,291,23.64,1013.50,11.80,404.60,12.61,47.35,1,1713170175,GSN-01,-90,25.40,73.30,49,0,0,7.79,84,9.14,23.00,23.10,24.90,24.50,23.50,20.90,24.50,22.00,20.40,22.30,23.90,25.50,25.20,25.70,23.30,22.60,24.30,22.40,24.70,24.00,21.90,22.00,22.30,20.70,22.30,21.00,25.20,22.90,23.70,22.20,24.70,20.20,22.50,21.10,24.30,20.30,23.00,25.70,25.40,25.20,23.60,22.60,24.90,22.50,25.30,21.50,23.00,24.70,22.70,24.80,20.40,21.60,21.60,20.40,21.90,21.40,21.90,25.50,23.10,20.30,24.80,20.30,25.30,24.80
TLM_RCV,-93,FG-ALPHA,1713170211,AUTO,0,32.35,5.00,-85,94.09,8.19,3.29,5.02,869,469,0,322,22.00,1012.90,12.10,406.20,12.61,47.35,1,1713170181,GSN-01,-94,25.50,81.80,41,0,0,7.81,84,9.14,23.10,24.80,24.10,21.20,25.30,20.60,23.00,21.40,23.20,25.90,25.80,25.70,23.80,24.10,21.10,20.40,23.90,25.90,25.00,25.40,25.80,25.40,21.50,23.20,24.20,24.80,25.80,22.20,24.80,20.20,25.50,23.80,22.00,25.10,25.00,24.90,21.90,20.20,20.00,24.90,20.10,25.80,24.50,23.80,23.30,22.90,21.60,24.50,21.70,23.20,22.20,23.30,23.20,23.60,24.30,24.50,21.10,23.80,24.20,23.90,25.30,25.00,20.90,22.40
TLM_RCV,-68,FG-ALPHA,1713170212,AUTO,0,33.42,5.00,-85,94.12,8.19,3.29,5.02,849,483,0,342,21.83,1013.00,11.80,405.30,12.61,47.35,1,1713170156,GSN-01,-85,23.70,83.00,46,0,1,7.78,84,9.15,23.70,24.30,20.60,22.40,24.40,22.80,24.00,24.50,25.60,23.80,20.10,20.40,24.10,21.40,22.00,21.20,22.50,23.70,22.10,25.00,25.50,23.10,25.00,23.00,24.90,24.30,20.50,24.90,22.50,25.80,25.40,23.20,20.60,22.70,24.40,25.30,20.70,21.20,21.90,22.70,24.40,23.90,20.70,23.50,21.00,24.90,25.40,23.50,23.70,22.40,20.30,25.20,22.10,22.70,23.60,21.10,25.90,25.80,25.30,21.30,21.50,20.50,25.60,25.10
TLM_RCV,-63,FG-ALPHA,1713170213,AUTO,0,31.37,5.00,-85,94.20,8.19,3.31,5.02,1191,474,0,319,23.58,1013.00,12.00,405.40,12.61,47.35,1,1713170169,GSN-01,-87,23.40,78.50,43,0,0,7.78,84,9.15,24.50,22.20,23.10,22.80,24.80,24.00,22.20,20.00,22.50,22.70,25.20,21.20,22.80,20.60,21.60,22.10,24.30,24.60,22.20,25.60,22.20,23.60,22.10,23.90,20.60,22.70,23.20,20.10,22.40,24.90,24.80,22.90,25.60,22.50,20.10,22.80,21.50,24.60,22.80,22.60,20.40,22.00,24.70,24.00,21.70,20.00,21.90,20.10,23.30,24.30,22.30,25.50,21.90,21.40,24.80,20.10,25.00,20.90,20.20,25.00,23.50,23.80,20.50,24.30
TLM_RCV,-68,FG-ALPHA,1713170214,AUTO,0,31.20,5.00,-85,94.25,8.20,3.30,5.02,1020,440,0,290,22.90,1013.00,11.80,404.80,12.61,47.35,1,1713170166,GSN-01,-73,24.30,73.90,46,0,0,7.81,85,9.16,25.50,22.20,22.10,23.10,24.80,23.10,23.30,22.00,25.80,23.00,21.70,20.30,23.00,24.90,21.80,24.00,20.40,20.80,24.10,20.70,25.60,25.30,22.10,25.50,23.60,23.20,22.30,22.60,21.10,22.20,25.20,23.00,23.20,20.50,23.20,21.80,23.50,21.20,25.10,22.30,24.50,24.60,25.20,24.10,23.30,22.90,20.40,25.20,25.00,21.10,25.40,20.80,23.30,21.40,24.70,25.20,21.20,25.60,21.70,21.60,22.50,25.10,25.50,23.00
TLM_RCV,-87,FG-ALPHA,1713170215,AUTO,0,33.00,5.00,-85,94.30,8.20,3.29,5.02,889,400,0,256,22.44,1013.20,11.80,406.00,12.62,47.35,1,1713170202,GSN-01,-82,25.90,81.50,44,0,0,7.82,84,9.16,25.80,23.20,23.20,22.40,21.60,20.20,23.60,21.20,21.10,20.30,20.50,21.90,22.90,21.40,21.80,22.30,22.20,24.10,20.70,20.30,23.10,23.70,24.20,24.50,22.30,23.00,22.80,25.10,25.80,23.10,22.20,20.50,21.40,24.20,25.40,24.20,21.90,22.80,23.20,25.40,21.70,22.10,24.20,20.50,25.90,23.40,25.40,22.20,24.40,25.70,23.70,21.60,20.80,20.10,25.00,24.80,21.00,24.40,20.50,23.10,23.60,24.00,23.60,23.40
TLM_RCV,-67,FG-ALPHA,1713170216,AUTO,0,32.35,5.00,-85,94.37,8.19,3.30,5.02,1123,469,0,310,23.27,1013.20,12.00,406.00,12.62,47.35,1,1713170173,GSN-01,-71,25.80,73.20,48,0,0,7.82,85,9.17,24.70,21.50,22.50,23.10,23.30,21.10,25.50,22.80,23.60,20.40,20.80,20.80,24.60,20.50,21.00,21.80,23.10,20.00,23.30,22.20,21.80,22.60,22.20,22.70,25.60,24.10,22.20,24.40,25.80,23.10,23.70,24.10,24.60,21.50,25.50,25.20,21.10,20.70,24.80,24.20,23.40,75.00,22.60,22.20,25.30,23.80,22.70,20.60,25.00,24.80,25.60,23.50,21.00,22.80,25.90,20.20,23.40,23.00,20.80,23.80,22.30,23.70,24.80,24.80
TLM_RCV,-55,FG-ALPHA,1713170217,AUTO,0,33.42,5.00,-85,94.43,8.19,3.30,5.02,1077,483,0,337,22.97,1013.60,11.90,405.00,12.62,47.35,1,1713170201,GSN-01,-95,25.20,77.20,41,0,0,7.78,85,9.17,22.10,24.70,21.70,25.10,25.60,22.00,20.30,21.40,23.00,21.40,20.10,22.00,20.90,25.10,20.40,24.80,24.20,23.20,21.70,20.70,25.70,23.20,21.90,23.50,21.60,22.70,23.20,21.70,21.00,25.50,25.50,20.70,25.10,20.50,23.10,22.70,20.50,25.60,25.20,24.00,22.00,24.00,22.20,20.80,25.60,25.10,24.70,25.00,20.60,20.90,21.40,25.30,25.40,21.10,20.40,20.10,24.20,20.90,21.60,20.50,23.50,23.50,23.80,22.00
TLM_RCV,-56,FG-ALPHA,1713170218,AUTO,0,32.28,5.00,-85,94.47,8.20,3.28,5.02,919,456,0,306,22.32,1012.70,11.80,404.80,12.62,47.35,1,1713170187,GSN-01,-77,24.60,74.30,47,0,0,7.82,84,9.18,23.70,21.80,24.20,21.10,23.70,25.90,22.90,25.80,22.10,24.50,22.60,23.00,20.20,23.60,20.80,23.00,23.00,21.60,22.90,22.30,23.50,20.80,20.10,20.90,21.10,25.80,21.30,24.30,25.90,20.00,21.10,20.20,21.30,22.10,25.30,25.80,25.50,21.30,25.20,24.60,24.90,23.80,20.40,23.70,22.90,24.60,24.90,24.60,25.40,20.50,25.80,23.20,22.60,23.20,22.70,23.20,23.50,22.90,23.30,24.00,21.00,21.70,23.20,21.40
TLM_RCV,-69,FG-ALPHA,1713170219,AUTO,0,31.41,5.00,-85,94.53,8.20,3.28,5.02,1014,482,0,334,22.66,1012.70,11.80,404.90,12.62,47.35,1,1713170162,GSN-01,-76,24.30,81.20,49,0,0,7.79,85,9.18,22.40,22.10,21.80,21.90,23.30,24.10,20.10,20.50,23.50,25.40,22.70,24.00,24.60,22.50,20.50,25.40,20.60,25.40,22.30,20.80,21.40,25.70,20.10,21.10,21.20,24.80,24.30,23.10,21.70,25.80,20.20,23.20,22.30,23.90,21.70,23.00,21.40,22.10,23.10,21.80,21.60,25.60,20.30,25.10,24.90,24.70,24.90,20.80,23.70,24.70,20.60,21.20,24.70,22.40,25.90,23.80,25.60,21.80,21.40,21.30,22.80,20.40,25.20,21.40
TLM_RCV,-84,FG-ALPHA,1713170220,AUTO,0,32.29,5.00,-85,94.58,8.20,3.28,5.02,996,459,0,313,22.68,1013.50,11.90,405.20,12.62,47.35,1,1713170165,GSN-01,-89,24.20,82.60,49,0,0,7.78,84,9.19,22.60,25.20,24.30,24.60,21.80,20.90,25.90,22.60,25.10,24.30,25.10,22.50,24.20,25.30,24.90,21.30,21.70,25.30,22.10,21.40,25.80,24.80,20.00,25.80,24.20,20.50,24.20,22.50,25.30,23.60,20.10,23.30,21.10,23.70,24.10,23.80,20.80,25.30,22.00,24.70,25.00,20.80,24.20,23.70,23.30,25.90,21.50,25.20,20.90,21.90,21.10,25.20,23.60,25.40,25.40,22.80,24.10,24.00,22.40,89.90,21.50,20.10,20.90,20.80
TLM_RCV,-63,FG-ALPHA,1713170221,AUTO,0,33.17,5.00,-85,94.54,8.20,3.31,5.02,0,433,0,281,22.17,1013.30,11.90,405.70,12.62,47.35,1,1713170183,GSN-01,-93,24.10,75.80,45,0,0,7.81,85,9.19,23.80,20.80,25.80,24.10,25.80,22.90,21.50,25.70,25.10,20.00,22.60,24.70,22.00,20.90,23.60,20.20,24.70,20.60,23.60,20.10,22.10,22.10,25.10,23.70,25.50,24.20,25.80,25.40,22.90,23.50,20.50,22.50,23.40,23.70,21.30,22.20,20.70,20.00,24.80,20.10,25.50,25.00,23.60,24.30,23.60,25.80,24.90,25.00,21.90,24.20,22.40,20.30,23.50,23.00,20.80,21.40,21.30,22.70,20.90,21.90,20.30,23.10,24.50,21.40
TLM_RCV,-75,FG-ALPHA,1713170222,AUTO,0,31.34,5.00,-85,94.60,8.20,3.30,5.02,1071,468,0,311,23.01,1012.70,11.80,405.40,12.62,47.35,1,1713170198,GSN-01,-81,24.50,73.30,49,0,0,7.78,85,9.20,22.80,22.50,21.10,23.70,23.20,21.20,22.80,23.80,21.70,25.60,20.20,23.10,25.10,23.10,24.70,22.60,22.20,20.80,24.10,24.80,23.80,22.70,25.70,23.00,22.20,24.00,22.80,25.30,21.60,22.30,20.20,20.80,22.90,21.40,20.40,20.50,25.00,20.00,23.80,23.50,22.40,21.30,22.10,20.30,22.00,25.90,22.60,20.20,20.50,21.50,21.10,23.30,24.40,21.40,21.50,25.90,21.30,22.20,20.10,24.10,20.10,25.50,25.70,21.20
TLM_RCV,-55,FG-ALPHA,1713170223,AUTO,0,33.15,5.00,-85,94.67,8.21,3.30,5.02,1132,431,0,288,23.50,1013.10,11.90,406.20,12.62,47.35,1,1713170201,GSN-01,-71,23.80,74.40,45,0,0,7.79,84,9.20,22.50,25.80,21.80,20.10,21.70,24.60,23.70,22.50,23.60,22.90,21.80,24.90,25.00,22.20,25.10,24.80,20.50,25.00,20.80,21.40,23.80,22.70,21.10,21.90,21.60,20.50,22.70,25.10,24.80,23.90,23.80,21.50,24.20,25.70,21.00,25.10,24.00,23.00,22.60,23.90,21.70,21.00,21.30,25.10,25.40,20.70,21.50,20.00,24.40,24.80,24.10,20.20,21.00,21.10,21.90,22.00,22.60,24.70,23.60,22.90,24.80,20.40,21.20,21.10
TLM_RCV,-93,FG-ALPHA,1713170224,AUTO,0,32.01,5.00,-85,94.72,8.21,3.31,5.02,937,402,0,258,22.67,1012.80,11.80,406.00,12.62,47.35,1,1713170210,GSN-01,-86,24.50,74.00,43,0,0,7.81,85,9.21,20.60,20.30,20.80,21.50,20.60,22.40,23.40,22.50,20.70,22.80,25.90,24.90,22.80,25.00,23.90,25.40,21.40,25.80,21.70,24.90,20.90,22.60,20.60,24.00,22.60,24.50,24.10,24.40,23.20,21.00,24.20,24.90,25.10,25.40,22.30,22.70,20.60,20.80,24.00,21.90,22.00,24.30,21.20,20.10,20.10,23.00,24.30,21.80,20.80,21.80,23.50,24.70,25.60,20.50,22.30,25.00,23.90,20.20,24.00,24.00,25.60,21.60,25.80,21.20
TLM_RCV,-71,FG-ALPHA,1713170225,AUTO,0,32.17,5.00,-85,94.78,8.21,3.28,5.02,1051,435,0,291,23.08,1013.30,11.90,405.90,12.63,47.35,1,1713170171,GSN-01,-91,23.40,76.40,44,0,0,7.81,84,9.21,20.80,25.40,25.30,25.50,22.50,21.00,23.70,25.10,20.20,21.40,25.80,25.90,25.90,22.20,21.90,23.80,20.80,21.50,24.60,24.30,20.50,23.40,25.10,25.70,22.80,21.90,21.30,25.90,22.70,21.20,20.60,22.90,20.00,25.70,22.30,21.50,23.00,21.00,24.10,22.70,24.40,22.70,23.10,23.80,25.80,25.80,20.70,20.80,25.00,22.50,25.50,24.00,25.70,22.40,21.40,20.00,20.90,22.90,24.40,20.70,24.40,20.70,20.20,22.50
TLM_RCV,-81,FG-ALPHA,1713170226,AUTO,0,32.03,5.00,-85,94.85,8.22,3.31,5.02,1043,407,0,259,23.18,1013.30,11.90,405.30,12.63,47.35,1,1713170215,GSN-01,-86,24.90,80.00,43,0,0,7.82,84,9.22,21.30,24.30,22.20,23.20,22.70,24.20,25.20,22.00,23.40,23.30,20.90,25.50,22.60,20.50,25.70,23.40,21.20,23.10,25.50,23.00,22.20,23.60,22.00,22.40,22.10,22.00,22.30,25.30,20.50,23.00,21.80,25.90,20.40,25.60,20.00,25.90,22.70,22.10,23.10,25.60,24.50,21.00,23.40,22.00,25.80,23.90,20.50,25.60,24.30,22.40,25.00,23.30,20.10,23.90,20.00,25.70,20.80,22.30,22.50,21.70,20.70,22.20,22.10,24.50
TLM_RCV,-76,FG-ALPHA,1713170227,AUTO,0,33.08,5.00,-85,94.89,8.22,3.29,5.02,892,415,0,273,22.39,1012.90,12.10,406.00,12.63,47.35,1,1713170216,GSN-01,-74,24.40,81.80,49,0,0,7.80,85,9.22,21.50,25.80,21.10,25.30,24.60,20.60,21.60,25.10,21.60,22.70,22.60,20.40,20.20,21.80,20.10,21.60,21.10,22.10,23.50,25.00,25.40,25.80,22.70,20.70,23.70,24.80,25.60,20.10,23.90,23.80,24.90,25.10,22.30,25.70,20.30,25.90,21.10,24.60,24.50,25.10,23.00,25.00,20.00,24.70,25.90,24.10,24.50,25.00,25.20,20.80,23.10,23.90,24.10,23.20,25.90,23.60,23.70,22.40,25.00,21.70,23.90,20.30,25.50,21.30
TLM_RCV,-46,FG-ALPHA,1713170228,AUTO,0,33.37,5.00,-85,94.94,8.21,3.30,5.02,975,474,0,322,22.50,1013.50,12.10,405.10,12.63,47.35,1,1713170182,GSN-01,-76,25.70,73.90,40,0,0,7.81,84,9.23,24.20,22.30,25.70,21.90,22.80,20.70,22.20,23.50,21.80,22.50,24.00,22.00,23.90,20.60,23.70,24.70,25.40,21.70,25.90,22.00,24.00,25.70,24.90,22.20,23.00,20.00,20.80,24.50,24.10,24.70,22.90,21.40,24.60,23.80,24.60,20.20,23.50,21.10,20.80,22.60,20.40,21.30,20.20,20.70,20.50,23.80,23.60,23.10,24.40,24.10,25.50,25.70,24.00,25.60,23.10,25.30,21.10,22.80,24.90,20.70,25.50,25.30,20.80,20.30
TLM_RCV,-41,FG-ALPHA,1713170229,AUTO,0,33.10,5.00,-85,95.02,8.22,3.31,5.02,1139,420,0,262,23.59,1013.00,11.90,405.40,12.63,47.35,1,1713170191,GSN-01,-81,23.70,77.60,45,0,0,7.79,85,9.23,21.10,23.70,21.90,21.10,24.70,24.30,20.00,25.80,20.40,22.60,21.30,22.30,25.80,20.10,21.80,21.20,22.20,23.80,22.00,21.50,20.60,20.40,20.50,21.70,21.60,25.80,21.80,21.90,20.70,25.80,21.40,25.50,20.90,23.70,23.00,21.00,20.20,24.70,23.70,22.00,22.90,23.50,20.90,24.00,20.50,25.70,25.10,25.70,22.40,22.70,22.40,22.80,23.70,25.60,25.30,25.00,22.50,20.40,22.20,25.70,24.30,23.20,24.10,24.30
TLM_RCV,-95,FG-ALPHA,1713170230,AUTO,0,32.13,5.00,-85,95.08,8.22,3.30,5.02,1087,425,0,281,23.31,1012.80,11.90,405.30,12.63,47.35,1,1713170181,GSN-01,-84,25.80,80.90,43,0,0,7.81,85,9.24,25.90,23.80,22.20,23.10,23.30,22.20,25.60,22.00,25.20,23.60,21.10,23.40,21.70,25.50,22.40,24.00,22.40,23.50,24.90,23.90,24.10,22.10,22.60,20.90,22.70,25.40,24.90,24.50,25.90,20.90,21.20,21.40,24.70,24.90,25.90,23.50,21.70,23.80,22.20,24.80,20.80,21.10,22.60,24.20,23.40,22.00,20.00,21.10,21.10,24.50,23.30,21.90,23.60,22.60,22.10,21.60,20.50,20.70,25.10,24.00,21.40,21.20,23.70,22.60
TLM_RCV,-58,FG-ALPHA,1713170231,AUTO,0,31.00,5.00,-85,95.04,8.22,3.29,5.02,0,399,0,256,22.00,1013.00,12.10,404.80,12.63,47.35,1,1713170205,GSN-01,-72,23.10,77.90,44,0,0,7.80,84,9.24,24.50,20.30,25.40,22.80,24.90,24.90,21.40,25.50,22.20,21.00,23.80,23.50,22.40,20.80,22.90,22.20,21.40,22.90,20.70,22.70,23.50,25.00,23.90,24.50,24.30,22.70,25.80,25.00,23.20,21.60,24.60,24.80,24.30,22.70,20.30,22.40,20.50,22.70,24.20,25.30,22.70,24.00,25.90,23.80,22.40,21.20,22.40,20.80,24.20,24.20,23.30,24.10,20.10,22.80,25.90,23.90,24.20,22.30,23.30,21.50,20.40,21.50,24.70,24.50
TLM_RCV,-66,FG-ALPHA,1713170232,AUTO,0,31.27,5.00,-85,95.11,8.21,3.28,5.02,1170,454,0,303,23.58,1013.60,12.10,405.80,12.63,47.35,1,1713170178,GSN-01,-86,25.90,79.40,48,0,0,7.78,85,9.25,23.50,20.70,22.60,25.70,21.50,25.10,20.40,23.00,24.10,23.30,23.90,25.80,25.00,23.20,23.50,20.00,21.10,20.00,21.80,20.50,22.90,20.50,21.80,25.70,24.50,20.50,25.10,20.60,21.80,24.90,23.80,24.80,22.90,24.40,24.80,21.40,21.40,23.40,25.60,23.40,24.60,21.10,24.10,20.10,24.10,21.30,22.70,24.50,21.00,21.20,22.60,25.70,21.50,22.50,21.50,25.50,24.40,23.00,21.70,21.30,22.00,25.70,25.80,22.80
TLM_RCV,-77,FG-ALPHA,1713170233,AUTO,0,31.16,5.00,-85,95.16,8.22,3.28,5.02,917,432,0,281,22.42,1012.90,12.10,405.00,12.63,47.35,1,1713170219,GSN-01,-89,25.70,77.00,48,0,0,7.78,85,9.25,23.10,25.10,22.90,23.30,24.20,20.90,24.90,23.80,20.70,20.20,22.30,24.20,23.80,23.60,22.00,25.40,23.40,23.10,21.30,22.20,20.00,24.00,22.60,25.30,25.10,21.60,24.40,25.80,20.60,20.50,21.60,24.90,20.30,22.90,25.40,22.90,23.70,20.30,23.20,20.80,25.70,23.60,23.70,24.60,20.00,21.40,24.60,21.60,20.70,23.80,20.30,22.20,22.70,23.40,20.90,20.10,22.30,23.20,20.20,20.80,21.70,20.50,24.20,25.80
TLM_RCV,-50,FG-ALPHA,1713170234,AUTO,0,32.15,5.00,-85,95.20,8.22,3.31,5.02,827,429,0,289,21.99,1012.70,11.90,405.90,12.63,47.35,1,1713170211,GSN-01,-71,25.50,75.60,40,0,0,7.81,84,9.26,21.20,22.20,22.90,23.90,23.30,25.00,23.50,22.90,21.40,22.60,24.40,21.20,23.10,22.70,23.60,24.20,22.30,24.50,24.40,20.20,24.00,22.60,21.20,21.60,24.70,22.70,24.80,20.10,21.80,24.20,24.90,23.50,25.70,21.00,24.60,22.50,25.50,22.50,22.60,22.20,25.30,24.70,22.30,25.30,20.20,22.50,22.60,22.60,20.40,20.20,21.70,21.00,24.00,21.00,22.80,24.10,21.30,21.60,21.70,23.40,25.50,24.70,22.80,24.10
TLM_RCV,-51,FG-ALPHA,1713170235,AUTO,0,31.23,5.00,-85,95.26,8.22,3.29,5.02,1024,446,0,287,22.89,1012.70,11.90,405.10,12.64,47.35,1,1713170208,GSN-01,-81,23.80,76.00,45,1,1,7.78,84,9.26,24.80,24.50,21.20,24.40,20.30,22.90,24.10,22.00,25.10,21.50,24.70,23.40,23.50,22.50,22.40,25.50,22.60,20.90,24.50,25.80,22.80,21.10,24.30,21.20,23.00,23.30,20.10,22.80,25.50,20.00,21.30,22.40,25.80,25.40,24.30,20.20,25.90,23.60,20.60,23.70,20.20,22.40,20.10,22.30,25.40,24.50,23.00,25.50,23.70,20.40,21.00,20.10,20.30,24.20,24.50,21.70,23.90,24.80,23.90,22.20,25.40,21.30,22.50,22.50
TLM_RCV,-82,FG-ALPHA,1713170236,AUTO,0,33.08,5.00,-85,95.30,8.22,3.29,5.02,844,416,0,262,22.14,1013.10,11.80,404.50,12.64,47.35,1,1713170202,GSN-01,-72,24.40,78.50,40,0,0,7.79,85,9.27,21.10,24.50,22.80,24.70,21.00,21.00,21.30,23.50,24.80,21.10,24.40,22.90,23.30,20.70,21.90,24.10,22.60,24.30,20.80,23.70,23.10,23.70,24.90,23.50,22.90,20.50,20.80,21.30,21.90,25.90,22.20,21.40,21.80,22.50,21.70,20.10,21.60,25.50,24.40,22.40,21.90,21.40,21.90,21.00,23.90,21.70,22.90,20.10,23.50,21.10,20.00,22.10,24.60,20.40,21.60,20.30,23.40,24.70,22.30,21.20,25.20,21.00,23.60,23.40
TLM_RCV,-79,FG-ALPHA,1713170237,AUTO,0,33.08,5.00,-85,95.26,8.22,3.31,5.02,0,416,0,260,22.08,1013.00,11.90,406.00,12.64,47.35,1,1713170211,GSN-01,-71,23.10,76.50,46,0,0,7.81,85,9.27,20.10,24.90,22.60,23.80,22.50,23.90,25.10,21.10,25.30,23.70,24.20,25.60,24.50,22.50,21.50,20.10,20.80,20.90,24.00,25.40,22.40,24.80,25.10,20.60,24.80,25.20,23.50,24.60,25.20,23.80,20.90,22.40,20.90,23.30,25.80,25.00,23.50,21.20,24.60,24.90,25.50,20.10,24.40,23.90,22.80,21.20,25.20,22.80,20.10,21.60,22.90,20.50,24.10,25.70,22.70,23.70,24.40,25.00,24.10,20.90,25.50,23.00,21.20,24.40
TLM_RCV,-43,FG-ALPHA,1713170238,AUTO,0,32.03,5.00,-85,95.31,8.23,3.30,5.02,851,406,0,258,22.23,1013.60,12.10,406.30,12.64,47.35,1,1713170218,GSN-01,-86,23.20,76.70,45,0,0,7.78,85,9.28,21.10,20.60,24.30,25.90,23.50,23.70,20.90,23.70,24.80,22.60,20.70,20.20,22.70,20.50,22.80,21.80,20.10,21.60,20.90,22.50,20.70,25.20,23.80,21.80,24.00,25.80,22.30,21.90,24.90,21.00,23.40,24.60,22.60,22.90,24.10,21.30,21.00,22.00,22.50,20.10,21.80,25.20,25.90,21.60,23.70,22.90,22.50,20.70,24.70,25.30,25.90,23.70,25.40,25.30,20.50,22.70,21.90,20.90,20.80,23.50,23.40,24.20,21.30,20.40
TLM_RCV,-41,FG-ALPHA,1713170239,AUTO,0,33.38,5.00,-85,95.35,8.22,3.30,5.02,952,475,0,327,22.39,1013.30,11.80,405.70,12.64,47.35,1,1713170216,GSN-01,-93,25.00,75.10,42,0,0,7.80,85,9.28,22.70,22.50,21.70,22.10,24.60,22.70,22.30,21.80,20.60,20.00,24.70,22.10,23.70,22.20,21.90,24.40,22.40,25.10,21.20,20.10,21.70,24.30,24.20,22.00,22.30,24.90,20.20,23.20,24.50,22.70,24.10,21.20,21.60,25.80,25.40,25.30,22.10,24.80,23.20,22.40,20.30,20.70,22.20,23.50,25.50,25.50,22.90,20.90,20.50,24.70,20.00,25.10,25.60,23.10,24.50,25.30,20.40,20.50,21.90,23.40,23.90,21.20,24.40,22.20
TLM_RCV,-42,FG-ALPHA,1713170240,AUTO,0,31.41,5.00,-85,95.41,8.22,3.31,5.02,1040,481,0,327,22.80,1013.60,12.00,405.10,12.64,47.35,1,1713170225,GSN-01,-86,24.70,74.70,46,0,0,7.82,84,9.29,22.00,24.30,22.90,21.00,24.40,25.90,24.10,25.20,24.10,23.00,24.20,24.40,23.70,24.90,23.40,24.20,25.40,22.10,22.70,23.20,20.30,23.00,24.10,24.90,20.30,21.60,23.00,22.00,21.30,20.20,25.90,23.00,22.40,22.20,20.80,23.60,20.80,23.60,23.30,21.10,23.90,21.60,23.30,21.20,22.40,22.40,24.20,21.70,22.70,23.70,25.20,23.50,24.60,21.00,25.40,20.30,20.30,24.80,23.00,21.70,24.70,21.10,23.00,24.50
TLM_RCV,-43,FG-ALPHA,1713170241,AUTO,0,31.28,5.00,-85,95.46,8.22,3.31,5.02,1001,457,0,302,22.72,1013.30,11.80,406.00,12.64,47.35,1,1713170214,GSN-01,-85,24.00,76.10,48,0,0,7.80,84,9.29,20.80,21.10,21.40,23.20,22.60,20.00,22.50,21.80,20.50,25.20,21.50,22.70,25.00,22.70,22.00,22.40,25.30,24.00,20.10,20.00,21.00,25.80,20.90,20.00,21.80,24.00,25.90,22.90,22.00,25.60,24.80,22.10,22.40,21.50,20.50,22.50,21.70,24.60,20.00,23.50,22.90,24.10,20.70,24.40,24.40,22.10,22.00,23.70,21.50,21.00,24.10,22.30,22.40,25.00,25.10,25.70,20.20,23.30,24.70,21.40,25.10,24.90,23.30,20.00
TLM_RCV,-87,FG-ALPHA,1713170242,AUTO,0,32.35,5.00,-85,95.50,8.22,3.28,5.02,815,469,0,316,21.73,1013.00,11.90,406.40,12.64,47.35,1,1713170201,GSN-01,-87,24.50,75.00,41,0,0,7.82,85,9.30,25.70,24.60,21.00,21.20,21.00,23.60,24.80,25.30,24.20,25.10,20.90,24.60,25.00,24.10,20.40,22.00,23.10,25.10,23.00,21.80,23.90,22.30,23.80,20.70,22.90,20.30,20.60,23.60,22.70,20.00,21.50,23.50,20.00,25.30,22.50,23.70,25.80,25.80,20.80,25.20,20.20,23.80,21.50,21.20,22.90,21.10,25.30,23.20,20.30,25.00,20.70,21.80,24.40,20.70,24.10,21.50,23.60,22.80,22.90,25.20,24.90,22.50,23.70,20.50
TLM_RCV,-69,FG-ALPHA,1713170243,AUTO,0,31.04,5.00,-85,95.55,8.23,3.31,5.02,878,408,0,258,22.35,1013.40,12.00,405.00,12.64,47.35,1,1713170188,GSN-01,-77,24.90,82.50,49,0,0,7.78,85,9.30,21.00,24.30,25.30,21.50,24.00,24.40,23.30,24.00,22.80,21.90,21.00,24.70,22.10,20.40,21.80,21.60,22.10,24.70,23.70,24.20,21.80,24.90,23.70,25.60,20.10,24.60,20.20,25.50,21.30,24.10,23.70,22.30,21.80,24.60,22.50,23.20,20.40,21.00,23.50,21.70,20.10,25.00,23.50,23.00,21.80,23.80,20.70,21.50,25.50,20.20,22.10,20.00,20.10,25.20,25.70,24.70,25.60,25.90,21.60,23.30,20.20,23.20,22.50,23.30
TLM_RCV,-67,FG-ALPHA,1713170244,AUTO,0,33.49,5.00,-85,95.58,8.22,3.29,5.02,847,499,0,343,21.74,1013.20,11.80,404.60,12.64,47.35,1,1713170188,GSN-01,-93,23.40,78.20,43,1,0,7.78,84,9.31,25.00,21.80,25.20,24.10,21.10,22.00,21.60,24.20,25.40,23.00,20.70,21.80,20.70,23.10,25.10,20.90,21.10,20.10,20.50,24.40,20.80,23.80,22.90,24.60,24.30,22.20,22.60,21.60,21.20,24.30,24.30,22.10,24.80,21.10,21.80,25.90,22.00,21.50,21.90,20.60,22.60,21.40,25.30,21.30,24.80,24.10,25.80,22.60,23.10,25.40,21.20,25.00,24.20,24.50,25.60,23.30,22.10,24.40,21.80,24.20,25.40,23.80,23.50,23.80
TLM_RCV,-83,FG-ALPHA,1713170245,AUTO,0,33.06,5.00,-85,95.63,8.23,3.28,5.02,919,413,0,269,22.53,1013.40,11.90,406.20,12.65,47.35,1,1713170195,GSN-01,-84,24.50,80.00,43,0,0,7.81,84,9.31,20.00,25.50,25.50,24.80,25.20,23.50,23.20,25.10,23.90,25.10,23.10,20.90,25.50,25.10,21.30,20.60,24.70,23.70,21.80,21.60,20.40,24.80,22.70,22.60,24.10,20.50,22.10,25.00,22.60,22.90,25.20,20.50,25.90,20.00,22.20,23.40,20.30,20.30,23.50,23.40,20.30,21.50,25.20,22.50,24.70,24.40,24.00,25.70,24.90,23.10,22.30,22.10,24.10,21.40,22.90,23.90,21.90,22.70,23.20,25.60,24.60,24.90,25.60,21.70
TLM_RCV,-75,FG-ALPHA,1713170246,AUTO,0,31.51,5.00,-85,95.70,8.22,3.29,5.02,1149,502,0,346,23.24,1013.50,11.90,404.70,12.65,47.35,1,1713170235,GSN-01,-75,23.80,73.30,40,0,0,7.78,85,9.32,22.60,20.10,24.90,24.80,25.10,20.20,24.80,25.90,24.00,20.00,21.20,25.80,22.10,22.30,21.70,21.20,22.20,23.60,24.80,24.50,20.00,21.70,23.50,20.80,21.20,21.70,23.70,25.80,24.20,21.30,25.30,24.60,23.30,25.70,20.20,24.60,23.90,21.30,22.60,25.20,25.80,20.50,21.90,20.90,21.00,22.70,24.90,25.40,21.30,25.40,22.10,25.20,23.00,24.90,22.30,24.80,20.40,22.40,24.80,22.00,21.80,24.60,23.20,21.40
TLM_RCV,-86,FG-ALPHA,1713170247,AUTO,0,32.19,5.00,-85,95.65,8.23,3.28,5.02,0,439,0,291,22.19,1012.90,12.10,406.40,12.65,47.35,1,1713170225,GSN-01,-85,25.10,82.40,43,0,0,7.78,85,9.32,23.70,22.80,22.40,20.60,23.90,20.00,21.20,25.90,23.40,24.00,24.60,21.80,21.90,24.00,22.70,20.00,21.90,24.30,20.80,25.90,23.80,24.70,21.80,23.30,23.70,24.40,24.60,23.60,24.40,23.70,23.20,24.30,24.20,25.80,21.90,21.50,22.30,24.20,21.60,24.90,20.80,25.60,22.30,20.30,20.90,20.20,20.50,20.60,21.90,23.80,22.60,20.00,22.60,21.90,25.40,20.40,22.80,21.60,20.20,23.30,21.70,25.50,21.70,21.60
TLM_RCV,-53,FG-ALPHA,1713170269,AUTO,1,35.97,8.00,-85,96.99,8.15,3.29,4.99,1054,1195,773,272,20.70,1013.10,11.90,405.40,12.67,47.65,1,1713170242,GSN-01,-86,24.80,74.10,48,0,0,7.82,84,9.33,22.00,23.00,24.50,23.60,21.30,20.30,20.90,23.20,21.30,20.70,24.00,20.90,20.30,25.60,24.80,23.40,20.20,22.90,22.50,20.20,21.50,21.80,24.00,25.00,20.10,22.00,24.70,25.30,24.60,21.80,20.90,24.50,24.40,23.00,25.20,25.90,22.10,22.80,21.40,23.50,24.40,25.70,25.60,21.60,25.30,24.50,21.00,20.50,23.60,20.50,20.60,24.00,24.50,24.60,22.30,24.50,24.80,20.40,21.60,21.70,22.50,23.30,22.20,24.00
TLM_RCV,-47,FG-ALPHA,1713170270,AUTO,0,31.33,6.00,-85,97.03,8.26,3.29,5.02,943,467,0,321,22.38,1013.10,11.90,404.80,12.67,47.65,1,1713170227,GSN-01,-89,24.30,81.50,49,0,0,7.81,84,9.33,24.00,24.90,22.00,22.40,21.50,23.50,20.10,24.70,23.70,25.40,21.20,23.30,21.50,23.40,21.40,24.90,21.80,23.30,20.40,22.30,25.70,23.80,25.60,20.10,21.50,25.30,20.70,23.00,21.30,22.90,21.50,21.00,21.00,20.90,24.30,21.80,24.30,23.70,20.40,22.80,25.80,20.50,20.10,21.40,22.10,25.60,21.50,23.30,23.80,25.10,20.90,21.10,21.50,25.40,25.50,24.30,25.80,20.70,25.50,24.40,20.60,20.50,22.80,21.80
TLM_RCV,-73,FG-ALPHA,1713170271,AUTO,0,33.24,5.00,-85,97.10,8.26,3.30,5.02,1065,447,0,298,23.09,1013.00,11.90,406.30,12.67,47.65,1,1713170252,GSN-01,-93,24.90,81.60,45,0,0,7.82,85,9.34,21.40,22.40,23.90,25.70,21.40,20.60,22.30,21.90,20.30,23.30,22.60,22.00,22.70,21.70,22.30,25.60,24.20,21.00,22.00,22.50,25.30,20.20,23.40,23.20,25.10,20.10,22.80,25.30,23.60,25.30,22.60,22.30,24.70,22.50,21.00,23.70,24.00,25.90,25.40,21.10,22.40,20.90,22.60,20.70,21.90,25.60,23.40,21.20,24.90,25.20,22.20,25.70,21.30,22.50,20.00,24.30,24.20,25.50,24.90,25.90,23.30,22.60,22.90,24.50
TLM_RCV,-79,FG-ALPHA,1713170272,AUTO,0,31.25,5.00,-85,97.17,8.26,3.29,5.02,1171,450,0,292,23.60,1013.40,11.80,405.50,12.67,47.65,1,1713170225,GSN-01,-81,25.10,75.80,44,0,0,7.80,85,9.34,20.10,22.30,23.50,25.30,24.00,25.90,21.80,21.90,21.50,24.20,25.90,21.40,24.60,22.90,21.70,23.80,25.40,25.50,20.20,25.20,23.60,21.40,21.20,24.00,25.60,20.40,25.00,22.90,21.90,22.90,25.80,21.30,22.10,25.60,23.20,22.10,25.30,25.40,22.70,25.20,22.40,21.70,20.30,20.10,25.90,20.50,21.80,24.00,23.30,20.70,20.50,20.60,22.90,21.40,23.40,22.60,25.00,25.30,21.40,23.70,20.70,21.90,21.20,22.10
TLM_RCV,-80,FG-ALPHA,1713170273,AUTO,0,31.19,5.00,-85,97.23,8.27,3.31,5.02,1044,438,0,294,23.03,1013.20,11.80,404.80,12.67,47.65,1,1713170243,GSN-01,-82,24.70,81.80,45,0,0,7.78,85,9.35,25.90,21.70,24.20,21.90,22.30,22.80,24.50,22.20,23.60,20.30,22.60,24.40,21.50,22.00,21.30,23.90,21.50,24.20,25.20,24.70,20.40,25.30,21.30,22.60,22.50,25.90,23.20,22.50,23.50,23.50,20.90,25.90,20.20,23.80,20.50,24.80,20.80,22.50,21.10,21.90,25.50,23.30,22.10,25.20,22.30,24.00,23.00,23.20,22.10,25.40,25.50,22.10,24.60,24.40,21.20,24.70,22.40,25.30,22.10,23.60,24.10,21.70,24.40,21.30
TLM_RCV,-58,FG-ALPHA,1713170274,AUTO,0,33.35,5.00,-85,97.28,8.26,3.29,5.02,1010,471,0,314,22.69,1012.80,12.00,405.10,12.67,47.65,1,1713170219,GSN-01,-94,24.30,77.60,49,0,0,7.81,85,9.35,24.70,23.10,24.80,21.00,20.10,20.60,22.70,25.50,24.30,20.10,24.00,22.40,20.30,21.50,21.00,23.70,23.20,23.90,25.60,23.60,21.00,21.50,24.20,21.90,25.20,22.10,25.00,25.90,22.90,20.50,22.30,21.30,20.90,24.50,23.60,24.80,20.80,24.00,20.70,22.60,23.10,25.20,22.90,23.00,20.40,23.00,21.20,21.50,25.90,23.60,22.30,23.30,25.70,22.70,25.90,25.90,22.30,23.90,21.50,24.80,23.20,21.50,25.90,21.80
TLM_RCV,-85,FG-ALPHA,1713170275,AUTO,0,33.24,5.00,-85,97.35,8.27,3.31,5.02,1103,449,0,302,23.27,1013.20,11.90,405.40,12.68,47.65,1,1713170231,GSN-01,-72,24.20,75.00,42,0,0,7.78,84,9.36,23.60,24.90,24.40,20.60,22.60,25.00,21.50,24.80,22.10,81.20,23.90,23.70,24.20,23.90,21.50,24.50,25.90,24.30,20.60,22.50,21.90,22.50,22.80,24.60,24.80,25.90,24.30,21.30,22.80,22.50,24.00,24.20,23.30,25.80,23.10,21.90,23.40,21.30,21.40,24.80,21.40,24.90,24.10,22.00,21.00,21.40,25.80,20.20,21.80,20.80,20.90,21.60,25.80,24.90,24.50,23.80,23.50,22.40,20.70,24.80,24.50,24.20,22.60,24.80
TLM_RCV,-42,FG-ALPHA,1713170276,AUTO,0,31.42,5.00,-85,97.41,8.27,3.31,5.02,1092,483,0,336,23.05,1013.10,11.80,404.70,12.68,47.65,1,1713170254,GSN-01,-75,23.50,77.10,46,0,0,7.80,85,9.36,23.40,23.70,24.80,24.30,21.20,23.00,24.70,25.00,23.50,21.30,23.20,25.00,22.80,22.60,23.40,21.20,22.70,21.40,24.50,23.20,20.30,22.70,25.10,20.60,21.80,21.40,24.60,20.70,23.60,25.60,20.70,20.80,22.00,21.90,21.40,24.90,20.00,22.30,23.80,23.70,24.30,22.10,21.30,23.60,22.10,23.50,24.70,21.40,23.70,25.90,21.80,22.90,23.20,20.30,20.20,23.10,25.80,20.40,21.70,23.50,20.90,23.70,23.60,21.60
TLM_RCV,-73,FG-ALPHA,1713170277,AUTO,0,33.24,5.00,-85,97.48,8.27,3.29,5.02,1181,448,0,303,23.66,1012.80,11.90,405.00,12.68,47.65,1,1713170229,GSN-01,-72,25.30,78.90,49,0,0,7.79,84,9.37,22.60,20.20,24.70,20.10,24.00,22.60,24.30,23.40,23.70,21.40,20.50,22.40,23.20,22.80,21.90,22.60,21.80,89.20,20.00,23.20,23.80,22.20,23.20,24.40,21.70,23.10,21.30,25.80,20.80,25.00,25.30,20.20,20.50,23.70,24.60,22.30,21.80,20.80,21.30,25.70,24.20,25.90,22.20,25.40,23.60,23.20,22.90,21.90,21.30,21.20,23.90,23.90,23.60,21.20,23.10,21.90,23.50,21.30,24.70,22.60,21.10,24.40,23.20,22.70
TLM_RCV,-55,FG-ALPHA,1713170278,AUTO,0,32.07,5.00,-85,97.53,8.28,3.31,5.02,865,414,0,258,22.25,1013.20,12.00,404.90,12.68,47.65,1,1713170256,GSN-01,-77,24.00,78.80,45,0,0,7.79,85,9.37,24.90,21.60,22.10,21.50,25.00,21.90,22.40,23.00,23.00,25.50,23.20,24.60,22.20,21.80,25.10,24.00,21.90,24.10,23.50,25.10,23.90,21.40,23.80,21.30,22.00,25.00,23.70,24.90,21.40,20.50,20.20,24.70,22.70,23.10,23.20,23.60,22.00,23.90,20.60,22.40,24.00,20.70,22.60,24.40,23.40,23.30,24.40,25.40,24.20,23.30,24.00,25.70,20.20,25.90,22.10,22.20,20.50,23.90,20.70,20.90,23.10,20.70,22.50,21.40
TLM_RCV,-61,FG-ALPHA,1713170279,AUTO,0,31.07,5.00,-85,97.57,8.28,3.28,5.02,815,414,0,273,22.00,1013.50,12.10,405.30,12.68,47.65,1,1713170242,GSN-01,-79,23.70,77.50,43,1,0,7.82,85,9.38,25.70,21.10,25.30,25.50,24.40,25.20,25.90,20.80,20.20,22.60,25.20,25.80,24.00,20.10,21.40,22.20,22.30,25.70,23.70,24.30,21.20,21.40,24.80,22.60,24.70,20.40,25.50,20.00,20.20,21.90,22.50,21.60,25.00,24.20,23.60,24.30,20.80,22.40,24.80,22.40,23.40,21.60,21.70,23.70,22.20,21.60,21.10,21.80,22.10,22.60,22.20,25.30,20.80,22.80,23.30,25.80,22.90,23.60,21.20,20.10,24.80,23.50,20.20,23.40
TLM_RCV,-60,FG-ALPHA,1713170280,AUTO,0,31.33,5.00,-85,97.61,8.27,3.28,5.02,940,467,0,311,22.36,1013.50,12.00,405.50,12.68,47.65,1,1713170221,GSN-01,-84,23.80,76.40,41,0,0,7.79,85,9.38,20.90,25.50,25.00,23.60,25.30,20.10,21.20,22.40,23.20,22.30,24.40,25.10,25.50,25.10,23.30,20.10,20.40,22.00,24.90,24.50,24.10,21.00,20.80,21.40,24.80,20.20,22.60,20.80,25.50,20.30,22.80,21.40,24.50,24.50,25.60,24.30,22.10,20.80,21.80,24.00,22.90,23.70,20.00,23.70,23.70,23.20,20.50,25.10,23.60,25.90,20.70,21.10,25.00,24.30,23.20,21.50,24.90,22.10,23.60,23.50,25.90,21.60,22.10,21.00
TLM_RCV,-67,FG-ALPHA,1713170281,AUTO,0,31.39,5.00,-85,97.57,8.27,3.28,5.02,0,478,0,321,22.39,1013.20,12.10,405.20,12.68,47.65,1,1713170249,GSN-01,-95,24.10,82.30,43,0,0,7.82,84,9.39,22.70,22.10,20.90,24.60,23.40,25.60,21.60,21.60,20.60,21.10,20.90,25.20,22.10,24.40,25.10,23.20,20.10,23.50,20.80,23.90,23.10,25.10,24.90,25.10,21.50,21.10,20.70,24.90,21.00,20.60,24.20,21.10,20.20,25.60,25.40,22.80,25.30,24.20,25.70,24.90,24.30,20.30,24.90,25.80,23.00,24.20,23.70,22.00,20.10,25.50,20.00,22.50,23.30,25.80,23.80,24.70,25.40,25.80,24.00,22.20,20.50,20.60,24.30,23.70
TLM_RCV,-51,FG-ALPHA,1713170282,AUTO,0,31.51,5.00,-85,97.63,8.27,3.30,5.02,1111,503,0,346,23.04,1013.30,11.90,406.30,12.68,47.65,1,1713170244,GSN-01,-95,25.60,75.30,42,0,0,7.79,84,9.39,22.10,25.40,22.20,24.00,22.30,20.10,22.30,23.60,22.30,22.00,21.40,21.10,25.20,25.40,23.10,24.60,22.30,25.80,22.20,23.40,20.90,22.80,21.50,25.20,24.10,20.40,21.40,25.40,22.50,21.50,21.20,23.90,24.30,21.00,24.30,24.20,25.70,24.60,24.90,25.80,22.70,20.70,25.00,25.50,24.40,21.30,25.20,20.80,20.40,22.30,21.70,25.50,20.90,20.70,23.90,24.20,25.80,21.60,23.30,25.60,25.80,23.70,20.80,25.70
TLM_RCV,-60,FG-ALPHA,1713170283,AUTO,0,33.03,5.00,-85,97.67,8.28,3.31,5.02,827,406,0,251,22.10,1013.40,11.90,405.90,12.68,47.65,1,1713170251,GSN-01,-73,23.70,80.60,40,0,0,7.81,84,9.40,21.30,23.30,21.90,24.50,20.40,21.80,25.10,24.00,22.00,24.30,23.40,21.70,20.60,20.30,21.30,24.30,25.10,23.80,25.50,21.00,22.90,24.60,24.50,23.70,21.70,23.70,21.80,24.90,21.00,24.90,22.00,23.20,21.40,20.90,22.00,20.10,25.90,24.00,21.90,25.30,23.60,23.50,25.00,20.50,20.30,21.50,22.10,20.20,20.90,21.60,25.80,25.20,24.20,21.40,25.60,20.60,22.20,21.90,23.50,20.10,21.10,24.30,24.00,24.40
TLM_RCV,-76,FG-ALPHA,1713170284,AUTO,0,31.99,5.00,-85,97.71,8.29,3.30,5.02,812,397,0,252,22.08,1013.40,12.00,406.20,12.68,47.65,1,1713170251,GSN-01,-90,25.00,74.80,49,0,0,7.80,84,9.40,23.50,21.30,23.80,21.00,23.90,22.60,21.30,21.20,23.10,23.30,22.20,23.80,23.00,24.00,22.20,21.40,22.70,24.30,20.40,21.50,22.80,20.50,22.60,22.30,20.70,23.40,23.10,20.70,24.40,23.30,24.50,20.60,21.80,25.50,22.20,22.20,21.60,24.70,24.20,20.60,25.00,21.70,25.60,25.10,22.20,23.20,22.10,23.50,23.50,25.50,23.00,23.40,22.00,24.50,23.00,25.80,23.10,21.20,25.90,23.80,23.80,24.20,25.90,21.80
TLM_RCV,-47,FG-ALPHA,1713170285,AUTO,0,33.17,5.00,-85,97.67,8.28,3.28,5.02,0,435,0,294,22.17,1013.30,11.80,405.70,12.69,47.65,1,1713170268,GSN-01,-85,23.90,78.10,46,0,0,7.79,84,9.41,24.50,22.30,23.40,20.90,21.90,24.10,20.60,21.90,24.50,22.30,23.40,25.60,25.80,20.20,25.30,23.20,24.90,86.40,20.40,20.40,22.90,23.80,20.50,24.70,22.80,25.70,20.00,22.90,25.30,20.20,22.20,20.90,21.50,22.90,23.50,21.60,23.90,25.60,21.00,23.90,24.40,25.00,24.00,21.90,20.10,21.20,20.90,21.00,24.30,24.40,24.20,24.60,22.20,22.60,23.60,23.60,20.90,25.40,25.70,20.60,24.80,21.90,24.30,24.90
TLM_RCV,-62,FG-ALPHA,1713170286,AUTO,0,33.22,5.00,-85,97.73,8.28,3.31,5.02,1019,443,0,294,22.88,1013.10,12.00,405.80,12.69,47.65,1,1713170246,GSN-01,-73,25.30,77.50,45,0,0,7.80,84,9.41,24.30,22.30,25.70,23.30,21.20,20.00,24.40,25.30,21.20,21.00,22.90,21.40,23.70,24.30,23.80,24.40,21.00,21.80,21.30,22.30,21.50,21.40,22.30,21.80,22.60,21.50,24.00,23.40,25.30,20.80,21.00,21.30,22.30,20.50,23.30,23.00,22.50,20.20,25.50,20.10,20.40,21.70,21.20,25.90,20.90,24.90,24.50,25.40,21.60,25.20,20.70,23.40,21.30,20.60,20.60,21.20,25.80,20.90,25.00,21.70,20.70,25.20,20.00,21.50
TLM_RCV,-91,FG-ALPHA,1713170287,AUTO,0,33.13,5.00,-85,97.68,8.28,3.31,5.02,0,427,0,275,22.14,1013.30,11.90,405.10,12.69,47.65,1,1713170255,GSN-01,-76,23.80,81.40,41,0,0,7.79,84,9.42,20.90,21.60,23.00,23.80,25.00,24.30,24.60,24.00,22.20,20.40,23.00,22.60,22.50,24.00,21.30,20.80,20.30,25.60,22.60,20.00,24.40,21.40,25.60,23.10,22.60,21.30,24.40,20.70,23.40,20.70,22.40,21.80,20.60,25.50,24.20,20.60,21.80,21.80,21.70,20.20,25.90,21.90,22.90,20.00,23.70,22.60,24.60,20.00,22.10,22.40,25.90,23.00,23.20,21.40,20.70,20.70,22.10,21.30,22.30,24.30,21.20,22.60,20.00,21.90
TLM_RCV,-61,FG-ALPHA,1713170288,AUTO,0,31.31,5.00,-85,97.74,8.28,3.29,5.02,1061,462,0,318,22.99,1012.90,11.80,404.90,12.69,47.65,1,1713170277,GSN-01,-91,23.10,76.90,40,0,0,7.78,84,9.42,25.90,25.60,22.90,20.40,23.60,20.80,21.60,23.90,22.70,25.10,22.30,20.80,22.80,23.00,25.40,22.80,21.30,22.40,22.00,25.70,25.60,24.60,21.30,23.40,23.70,21.00,20.30,20.00,21.30,23.90,20.70,25.50,20.00,22.40,20.10,23.50,24.90,22.00,22.20,24.10,24.60,25.50,23.10,24.70,25.80,24.80,21.70,22.80,21.50,23.50,20.90,23.70,24.60,21.40,22.30,20.50,21.90,22.40,20.50,24.90,20.90,20.80,24.50,23.20
TLM_RCV,-73,FG-ALPHA,1713170289,AUTO,0,33.03,5.00,-85,97.80,8.29,3.30,5.02,946,405,0,262,22.70,1013.20,11.90,404.70,12.69,47.65,1,1713170270,GSN-01,-95,24.70,82.50,46,0,0,7.80,84,9.43,24.90,22.30,22.60,24.60,20.00,22.20,25.40,25.40,25.20,20.40,23.20,24.50,21.90,23.30,24.80,25.20,20.70,21.20,22.70,20.50,22.00,25.70,21.60,22.40,22.50,20.40,23.20,22.80,22.90,25.20,25.50,25.10,22.70,21.20,22.70,25.50,20.40,24.10,22.90,21.20,24.90,23.40,21.90,24.40,24.90,24.90,20.30,20.80,21.20,22.40,22.20,23.20,22.80,25.30,24.30,21.70,23.50,25.40,22.30,23.40,20.00,21.00,25.40,23.60
TLM_RCV,-56,FG-ALPHA,1713170290,AUTO,0,33.33,5.00,-85,97.84,8.28,3.31,5.02,904,467,0,314,22.18,1012.90,12.10,405.20,12.69,47.65,1,1713170246,GSN-01,-83,23.10,82.40,48,0,0,7.80,85,9.43,22.90,22.10,22.00,24.60,25.00,20.00,22.10,20.00,25.00,20.00,20.10,23.90,23.80,21.40,24.70,22.30,77.90,20.30,23.10,23.80,24.60,23.10,24.60,22.30,24.80,23.20,22.10,22.70,22.60,23.20,20.50,23.70,21.50,24.00,23.30,20.50,22.40,23.90,20.60,22.90,24.60,25.00,21.90,22.90,24.20,20.30,21.20,21.50,22.90,25.50,24.10,25.70,24.80,23.80,25.10,21.10,21.40,21.50,20.80,25.70,20.80,21.70,25.50,24.90
TLM_RCV,-63,FG-ALPHA,1713170291,AUTO,0,32.33,5.00,-85,97.91,8.28,3.30,5.02,1124,467,0,308,23.28,1013.00,12.00,405.20,12.69,47.65,1,1713170252,GSN-01,-76,24.90,82.10,44,0,0,7.82,84,9.44,25.00,24.70,20.20,21.10,22.70,20.80,22.90,23.80,20.10,20.30,22.70,22.20,21.20,20.80,24.50,20.20,24.10,21.10,25.70,25.70,24.40,22.90,23.20,25.70,20.60,22.90,22.30,24.20,21.70,22.20,20.30,21.00,23.90,25.90,22.20,20.10,23.80,22.60,24.10,24.10,20.50,21.80,23.60,24.50,25.80,21.10,25.60,21.20,24.10,21.00,24.80,22.20,21.60,21.70,21.70,25.40,25.10,20.50,20.30,23.10,24.10,22.00,24.50,20.20
TLM_RCV,-66,FG-ALPHA,1713170292,AUTO,0,33.10,5.00,-85,97.98,8.29,3.30,5.02,1196,421,0,264,23.87,1013.60,11.80,404.80,12.69,47.65,1,1713170242,GSN-01,-84,24.20,80.30,48,0,0,7.78,84,9.44,23.70,24.00,22.80,21.10,21.20,24.80,21.40,21.00,20.20,21.30,20.10,25.60,21.90,22.90,22.60,21.10,25.40,23.60,25.10,23.20,20.20,23.90,25.80,20.40,24.60,23.60,20.90,21.70,22.80,22.80,25.50,24.20,24.40,20.50,23.00,23.20,23.80,21.90,23.50,21.00,22.80,24.50,20.00,23.00,23.30,23.90,21.80,23.70,22.00,23.00,24.40,23.50,25.60,22.70,25.20,23.80,22.20,25.90,20.90,23.30,21.50,23.50,25.50,20.50
TLM_RCV,-47,FG-ALPHA,1713170293,AUTO,0,30.98,5.00,-85,98.03,8.29,3.29,5.02,870,395,0,251,22.37,1013.10,12.00,404.80,12.69,47.65,1,1713170237,GSN-01,-87,25.00,74.40,41,0,0,7.81,84,9.45,20.50,20.40,20.70,21.30,20.20,25.40,25.20,24.20,23.30,24.30,25.30,25.00,23.50,23.10,23.40,24.80,21.40,21.30,25.40,24.80,24.60,25.10,20.10,24.60,21.60,20.40,21.20,23.50,25.40,23.60,20.10,21.10,23.60,21.30,25.00,22.00,22.20,24.80,20.90,20.20,24.30,22.60,23.00,23.50,24.10,25.70,21.90,25.90,24.00,24.50,21.10,21.50,25.40,20.40,23.30,24.40,21.40,24.00,20.10,23.90,22.90,21.30,20.50,23.60
TLM_RCV,-64,FG-ALPHA,1713170294,AUTO,0,32.04,5.00,-85,98.09,8.29,3.31,5.02,1019,408,0,265,23.06,1013.30,11.80,406.10,12.69,47.65,1,1713170247,GSN-01,-85,23.10,81.60,44,0,1,7.79,85,9.45,21.20,24.40,24.10,23.50,21.40,22.90,21.00,25.60,22.40,23.00,21.30,24.60,21.30,21.60,25.10,23.50,22.20,24.90,23.10,25.30,24.80,25.30,20.60,20.50,21.80,25.10,23.90,25.90,24.50,25.40,25.80,20.00,21.10,22.10,23.90,24.60,21.80,24.30,20.30,25.50,21.90,22.40,24.80,23.90,25.90,24.40,24.30,25.50,22.40,24.40,21.50,23.30,23.30,21.90,20.70,21.80,24.60,25.00,22.70,22.50,20.10,23.60,25.00,25.10
TLM_RCV,-42,FG-ALPHA,1713170295,AUTO,0,31.16,5.00,-85,98.14,8.29,3.31,5.02,866,431,0,288,22.17,1012.90,11.90,406.40,12.70,47.65,1,1713170249,GSN-01,-79,24.40,79.70,46,0,0,7.81,84,9.46,24.40,22.60,25.10,20.20,25.90,24.50,23.20,22.10,22.70,24.60,25.60,25.50,23.60,24.90,73.70,25.30,21.60,22.00,22.00,25.20,25.40,21.60,21.90,25.00,24.30,23.80,25.30,23.60,25.80,23.40,24.10,25.20,22.30,22.10,20.40,21.90,20.80,20.50,24.80,23.00,25.70,21.40,25.00,24.60,23.60,21.30,21.00,24.00,21.80,22.80,22.40,20.30,20.70,25.20,22.80,22.50,23.90,24.50,23.40,25.80,24.80,23.80,23.20,24.60
TLM_RCV,-49,FG-ALPHA,1713170296,AUTO,0,31.28,5.00,-85,98.19,8.29,3.29,5.02,1008,457,0,306,22.75,1013.00,11.90,405.10,12.70,47.65,1,1713170266,GSN-01,-72,23.50,78.90,42,0,0,7.81,85,9.46,20.60,22.70,24.20,25.00,23.70,22.50,20.80,25.10,23.60,25.80,25.50,23.00,25.80,24.50,21.40,23.90,86.50,23.10,23.30,24.90,25.50,24.70,22.50,21.30,22.00,21.10,25.80,25.50,22.30,22.90,20.60,24.80,21.70,23.00,20.90,20.80,24.70,25.50,23.80,21.20,21.40,21.50,23.80,20.00,22.50,23.30,20.80,21.10,25.30,24.30,22.70,20.20,22.00,22.30,25.50,24.90,25.40,24.70,20.60,25.10,24.80,23.80,23.60,20.80
TLM_RCV,-70,FG-ALPHA,1713170297,AUTO,0,31.10,5.00,-85,98.26,8.30,3.29,5.02,1110,421,0,275,23.44,1012.70,11.80,404.90,12.70,47.65,1,1713170241,GSN-01,-72,24.00,77.90,49,0,0,7.81,85,9.47,25.30,21.20,21.50,21.90,23.00,24.50,23.90,22.00,23.50,21.10,21.60,23.00,21.20,21.00,22.90,23.00,20.10,21.90,21.40,22.80,20.90,23.60,20.10,23.30,23.80,23.90,21.60,23.70,21.60,25.10,24.30,20.20,23.70,25.70,23.80,20.90,24.80,22.90,23.70,21.20,25.90,23.30,25.20,24.10,25.90,21.10,25.40,23.50,23.50,22.70,22.90,23.90,22.70,21.40,21.50,20.50,20.80,25.50,20.40,22.70,25.30,23.60,22.10,21.60
TLM_RCV,-52,FG-ALPHA,1713170298,AUTO,0,32.28,5.00,-85,98.30,8.29,3.31,5.02,828,456,0,301,21.86,1012.70,12.00,405.40,12.70,47.65,1,1713170241,GSN-01,-72,23.70,76.60,41,0,0,7.79,85,9.47,20.90,25.70,25.20,23.70,20.60,21.80,22.70,24.80,23.30,21.20,22.50,20.10,21.10,25.40,20.60,23.00,22.90,23.20,24.90,22.60,22.00,22.10,20.60,21.00,20.00,22.00,21.60,21.70,20.70,22.30,25.90,20.40,20.80,20.80,24.90,22.20,20.40,24.30,24.40,24.30,25.90,21.60,21.30,20.70,24.90,21.90,24.90,22.20,25.90,22.20,21.40,22.30,22.50,20.40,24.10,23.00,20.10,20.70,20.40,20.90,23.30,24.00,24.40,25.00
TLM_RCV,-76,FG-ALPHA,1713170299,AUTO,0,33.26,5.00,-85,98.25,8.29,3.29,5.02,0,452,0,309,22.26,1012.70,12.00,405.30,12.70,47.65,1,1713170242,GSN-01,-76,25.40,82.70,46,0,0,7.81,85,9.48,24.40,22.40,21.80,24.60,21.30,22.00,25.60,23.00,24.70,21.70,24.40,25.50,20.80,20.60,25.90,21.90,23.40,23.20,21.60,22.10,24.20,25.70,20.60,21.30,25.90,25.80,21.20,22.80,23.70,21.10,22.50,25.40,24.40,23.40,20.30,20.90,24.00,24.50,22.50,24.00,25.30,20.90,20.30,20.40,22.90,20.20,20.90,23.00,24.50,21.00,24.80,24.70,21.50,21.00,20.40,22.20,23.60,23.10,24.70,23.20,24.80,23.90,23.50,22.20
TLM_RCV,-52,FG-ALPHA,1713170300,AUTO,0,31.14,5.00,-85,98.21,8.29,3.29,5.02,0,428,0,276,22.14,1013.50,12.00,405.10,12.70,47.65,1,1713170252,GSN-01,-73,25.30,79.30,47,0,0,7.81,85,9.48,20.80,22.80,83.50,25.10,21.50,24.70,25.40,22.10,21.50,24.40,24.20,22.50,21.10,23.60,21.10,25.30,25.30,23.50,23.80,20.40,21.20,23.50,22.20,23.90,22.00,20.90,25.00,22.90,20.60,21.20,24.60,25.00,20.70,20.50,23.90,23.40,25.10,20.30,20.50,21.90,21.90,20.40,22.20,22.20,25.10,25.90,24.90,23.80,24.00,25.10,22.20,24.40,20.40,23.10,21.30,20.80,21.00,21.00,25.60,24.70,25.40,22.20,21.90,21.30
TLM_RCV,-72,FG-ALPHA,1713170301,AUTO,0,31.95,5.00,-85,98.29,8.30,3.30,5.02,1157,391,0,251,23.83,1013.30,11.80,404.50,12.70,47.65,1,1713170268,GSN-01,-85,24.60,78.10,48,0,0,7.81,84,9.49,24.60,21.20,24.30,22.80,21.00,21.60,20.80,24.60,24.90,20.20,23.90,24.80,21.60,22.10,25.40,22.40,21.50,24.60,23.60,24.50,24.50,24.30,21.70,24.70,20.50,20.40,24.70,24.70,20.80,23.40,25.60,24.70,25.00,20.40,21.00,24.10,21.80,22.00,20.50,20.40,25.70,21.00,22.80,24.90,25.50,23.90,24.90,25.40,24.90,20.80,25.40,24.90,24.00,22.30,23.50,21.40,23.80,21.70,20.30,22.70,25.30,23.80,20.20,24.40
TLM_RCV,-79,FG-ALPHA,1713170302,AUTO,0,32.04,5.00,-85,98.35,8.30,3.28,5.02,1055,409,0,252,23.23,1013.60,12.10,404.50,12.70,47.65,1,1713170289,GSN-01,-79,23.10,73.90,45,0,0,7.80,85,9.49,24.70,20.50,24.20,22.20,21.20,25.30,25.00,25.80,20.70,20.40,20.80,21.00,24.50,24.90,25.10,20.90,23.20,23.00,24.00,22.00,25.90,23.00,21.30,23.60,20.70,23.50,20.60,21.00,25.40,24.20,21.90,25.40,22.30,25.30,21.80,23.30,22.00,23.60,23.50,22.10,23.20,23.10,22.80,22.80,22.90,23.00,24.20,21.60,25.20,25.70,23.90,24.90,24.50,23.20,20.70,23.70,22.20,20.60,22.90,22.40,21.30,22.00,20.80,25.00
TLM_RCV,-68,FG-ALPHA,1713170303,AUTO,0,32.53,5.00,-85,98.30,8.28,3.28,5.02,0,505,0,346,22.52,1012.80,11.90,406.30,12.70,47.65,1,1713170280,GSN-01,-84,24.60,74.90,49,1,0,7.78,85,9.50,21.00,22.50,21.90,24.10,22.20,25.30,23.90,20.90,24.10,20.70,25.60,23.70,25.20,20.10,21.20,20.80,21.60,22.90,24.10,21.60,22.60,24.10,25.50,24.50,20.10,23.10,23.90,21.00,23.80,22.40,25.00,21.30,24.40,24.00,20.10,22.90,20.30,23.70,24.10,22.00,24.70,22.10,22.50,20.20,25.10,24.60,24.90,21.20,24.60,24.20,25.80,20.30,21.10,20.40,21.20,25.70,25.00,22.10,24.30,20.50,20.50,20.00,20.70,24.60
TLM_RCV,-52,FG-ALPHA,1713170304,AUTO,0,32.33,5.00,-85,98.35,8.29,3.28,5.02,1002,466,0,315,22.68,1013.50,11.90,405.90,12.70,47.65,1,1713170268,GSN-01,-91,23.10,78.20,47,0,0,7.82,84,9.50,20.80,20.60,25.80,22.50,24.10,21.30,25.30,21.10,20.30,24.00,20.80,21.90,24.40,25.60,21.20,25.90,25.50,20.00,23.60,20.30,21.00,21.70,22.50,21.70,23.90,23.00,24.30,20.20,21.00,24.70,23.70,23.80,23.60,24.40,24.90,21.20,20.10,25.20,21.80,24.30,22.90,20.80,20.60,24.30,22.80,22.10,23.40,20.60,21.00,25.90,23.30,25.20,24.00,20.80,20.70,22.70,20.60,25.90,22.40,22.40,20.10,22.50,22.40,24.10
TLM_RCV,-88,FG-ALPHA,1713170305,AUTO,0,33.08,5.00,-85,98.31,8.30,3.28,5.02,0,415,0,265,22.08,1013.40,12.10,405.80,12.71,47.65,1,1713170278,GSN-01,-83,24.80,78.60,48,0,0,7.78,85,9.51,24.40,21.30,21.90,23.40,21.40,25.00,23.60,21.60,23.40,21.00,21.20,21.70,23.70,20.60,20.40,24.70,22.60,23.30,24.80,20.80,21.40,21.60,21.60,21.40,23.10,23.90,24.40,21.40,21.60,23.30,20.80,20.20,23.10,22.20,20.50,25.40,24.40,25.70,21.50,24.90,23.60,22.50,20.70,23.60,21.70,21.60,21.00,23.60,24.60,22.40,22.20,25.40,25.10,20.30,21.20,25.40,20.10,21.50,23.50,23.50,24.10,21.60,21.90,24.90
TLM_RCV,-41,FG-ALPHA,1713170306,AUTO,0,33.01,5.00,-85,98.38,8.30,3.28,5.02,1062,402,0,257,23.30,1013.30,11.80,405.40,12.71,47.65,1,1713170255,GSN-01,-89,25.40,79.30,45,0,0,7.82,84,9.51,25.10,20.30,24.70,24.20,22.00,22.50,25.50,21.20,24.70,22.40,25.30,22.70,25.40,24.30,25.20,22.30,21.00,25.00,20.80,20.30,24.90,23.60,24.20,24.10,23.40,24.00,21.30,20.00,21.80,20.50,20.10,25.90,24.40,24.50,24.50,25.00,25.90,21.70,23.60,24.90,24.00,24.40,22.00,24.80,25.60,24.80,24.90,20.20,24.30,21.80,23.70,22.40,25.90,22.90,22.10,23.50,21.00,24.50,21.10,22.20,22.90,21.80,20.80,24.40
TLM_RCV,-92,FG-ALPHA,1713170307,AUTO,0,31.12,5.00,-85,98.44,8.30,3.31,5.02,1091,424,0,281,23.33,1013.00,11.90,406.20,12.71,47.65,1,1713170291,GSN-01,-94,23.80,76.20,45,0,0,7.82,85,9.52,20.90,21.10,20.00,23.60,24.10,20.50,24.40,22.50,24.70,21.90,24.20,25.50,24.30,20.50,21.50,24.30,24.60,20.70,25.30,22.10,20.90,22.40,20.20,20.70,24.40,20.50,22.00,20.40,21.60,21.20,23.50,23.70,25.80,20.00,21.30,22.70,24.30,24.40,21.80,21.80,23.40,23.40,22.90,25.30,20.80,23.90,21.70,23.80,22.80,25.40,23.90,23.00,23.30,24.50,21.00,22.70,25.10,23.40,20.00,23.00,20.80,20.60,25.40,24.30
TLM_RCV,-54,FG-ALPHA,1713170308,AUTO,0,31.16,5.00,-85,98.51,8.30,3.28,5.02,1117,432,0,285,23.42,1013.50,12.10,405.90,12.71,47.65,1,1713170281,GSN-01,-87,25.40,76.30,40,0,0,7.80,84,9.52,22.90,22.10,22.20,23.30,24.60,21.30,24.80,21.40,22.50,23.40,24.20,25.40,21.00,24.20,25.90,21.70,24.50,24.70,25.50,21.80,21.80,24.50,21.80,25.90,20.80,20.30,23.20,21.70,24.60,22.20,25.00,24.10,23.40,24.90,20.60,21.20,20.90,21.10,22.80,21.40,23.70,20.80,25.90,23.10,21.50,24.50,20.00,22.70,23.70,24.70,25.10,24.70,21.30,22.80,20.00,21.50,25.00,21.50,22.60,21.10,21.80,22.80,23.90,22.20
TLM_RCV,-63,FG-ALPHA,1713170309,AUTO,0,33.33,5.00,-85,98.56,8.30,3.29,5.02,935,465,0,315,22.35,1012.70,11.80,405.00,12.71,47.65,1,1713170263,GSN-01,-92,23.60,75.00,47,0,0,7.78,84,9.53,25.80,24.10,21.30,20.90,22.30,25.60,25.60,21.60,23.30,20.80,22.30,24.80,24.60,23.30,24.80,22.70,22.40,21.80,22.50,23.40,22.90,25.30,24.20,25.40,25.60,23.10,24.90,24.80,24.60,25.70,21.40,20.90,20.90,23.90,21.90,20.80,25.70,20.60,20.20,25.80,25.30,23.60,23.10,22.10,25.70,25.00,21.20,23.10,25.30,25.90,23.80,24.90,25.50,21.50,20.80,24.70,25.80,20.50,25.00,23.10,22.70,22.70,20.50,21.80
TLM_RCV,-74,FG-ALPHA,1713170331,AUTO,1,35.65,18.50,-85,98.66,8.20,3.29,4.93,1127,1130,633,340,20.01,1013.00,12.10,406.40,12.73,49.15,1,1713170280,GSN-01,-87,23.60,79.00,44,0,0,7.80,85,9.53,22.70,24.00,21.60,23.30,22.30,22.10,21.00,21.80,20.30,25.20,21.80,23.50,25.80,23.60,24.10,24.60,20.10,23.00,20.80,25.40,25.40,24.30,24.90,25.60,22.80,22.00,21.70,20.60,24.40,24.00,21.20,21.90,24.80,22.70,25.80,22.60,21.90,21.50,20.70,24.90,24.20,24.90,22.80,22.70,23.60,23.30,22.00,20.40,23.80,23.40,20.00,25.10,24.10,20.70,21.80,25.50,22.80,21.50,22.60,20.60,23.10,23.70,21.80,21.60
TLM_RCV,-67,FG-ALPHA,1713170332,AUTO,1,37.23,20.00,-85,98.54,8.18,3.28,4.93,0,1246,764,342,26.23,1013.40,12.00,406.10,12.73,49.30,1,1713170284,GSN-01,-85,25.50,81.20,45,0,0,7.80,85,9.54,25.40,21.00,22.80,20.80,21.20,25.60,24.40,23.10,20.20,25.00,21.10,22.70,25.20,20.10,22.30,22.50,22.70,25.20,20.40,22.10,22.60,22.90,21.40,23.80,24.50,25.70,25.10,23.70,24.10,25.50,23.10,20.10,24.00,22.70,23.70,20.40,25.50,24.80,20.70,21.40,24.70,20.20,20.80,20.90,25.50,22.90,21.80,24.90,20.50,20.80,20.30,21.70,21.90,20.70,21.90,21.90,24.90,25.00,24.60,21.60,20.10,23.00,25.30,20.40
TLM_RCV,-65,FG-ALPHA,1713170333,AUTO,1,36.01,21.50,-85,98.53,8.18,3.29,4.96,1125,1203,719,336,20.39,1012.90,11.90,405.60,12.73,49.45,1,1713170318,GSN-01,-87,25.40,81.90,46,0,0,7.80,84,9.54,21.00,23.90,22.50,21.20,23.30,25.40,25.90,21.90,25.30,20.50,23.50,23.70,23.10,21.10,23.30,23.50,24.60,21.40,21.00,23.10,21.50,21.00,20.60,23.50,24.50,22.60,20.40,24.90,25.20,23.60,22.90,20.30,20.90,22.00,20.80,25.50,21.00,21.20,21.90,20.00,22.20,22.70,24.80,25.90,25.70,25.60,25.60,20.50,22.70,24.30,25.00,23.90,22.10,22.00,22.80,23.60,23.80,21.60,25.10,20.60,22.00,22.80,25.30,22.30
TLM_RCV,-72,FG-ALPHA,1713170334,AUTO,1,36.71,23.00,-85,98.41,8.19,3.28,4.95,0,1141,731,251,25.70,1013.30,12.10,404.70,12.73,49.60,1,1713170300,GSN-01,-91,24.30,77.80,43,0,0,7.81,84,9.55,24.10,25.70,22.20,25.90,23.50,21.70,20.50,21.80,20.40,25.90,20.70,21.70,24.00,22.70,24.10,25.20,20.80,25.90,22.70,24.50,24.80,25.40,25.80,23.80,21.90,23.70,22.30,21.50,22.50,25.90,25.40,24.90,24.80,22.80,21.30,23.60,21.30,21.70,25.80,20.90,25.70,22.60,25.40,21.10,23.70,25.00,21.10,21.80,25.50,25.70,22.30,21.10,25.00,20.30,25.40,23.60,24.90,21.70,23.40,23.20,24.60,24.50,25.20,21.70
TLM_RCV,-93,FG-ALPHA,1713170335,AUTO,0,33.28,21.00,-85,98.47,8.29,3.29,5.02,1022,456,0,308,22.83,1012.70,11.90,405.70,12.74,49.60,1,1713170323,GSN-01,-85,25.10,73.80,46,0,0,7.78,84,9.55,21.70,24.20,25.50,25.90,22.70,24.10,21.30,25.40,20.20,24.80,25.80,22.70,24.50,20.20,25.80,20.70,20.10,22.50,25.60,24.30,23.30,24.00,23.40,21.80,25.70,21.60,24.40,21.50,23.10,25.20,20.10,24.80,23.90,20.50,25.30,23.70,20.90,23.60,22.80,23.60,21.50,22.60,21.80,22.40,21.30,25.00,22.70,20.30,23.90,21.30,23.10,20.80,22.50,20.90,22.80,25.70,21.20,23.10,21.80,23.00,20.60,22.60,25.00,21.10
TLM_RCV,-67,FG-ALPHA,1713170336,AUTO,0,33.26,19.00,-85,98.53,8.30,3.30,5.02,1085,452,0,310,23.17,1013.40,11.90,406.00,12.74,49.60,1,1713170319,GSN-01,-84,23.80,79.40,47,0,0,7.78,84,9.56,25.80,23.90,25.20,23.10,20.90,24.00,25.60,23.00,24.00,22.40,20.40,24.00,21.70,21.70,24.20,24.70,23.20,22.90,23.40,22.40,20.30,24.00,22.40,22.10,24.50,20.60,23.10,20.40,21.00,22.50,24.90,22.50,24.70,20.70,23.10,25.70,23.50,21.40,25.40,20.40,20.50,22.80,22.70,21.00,24.40,24.60,24.30,25.00,24.80,22.00,23.00,23.30,25.50,24.10,23.60,23.80,20.90,24.60,24.80,21.00,25.10,23.00,24.10,24.70
TLM_RCV,-46,FG-ALPHA,1713170337,AUTO,0,32.28,17.00,-85,98.58,8.30,3.28,5.02,902,455,0,303,22.24,1012.90,11.90,405.90,12.74,49.60,1,1713170317,GSN-01,-79,24.00,80.60,46,0,0,7.79,84,9.56,24.10,20.60,23.40,22.60,21.50,21.80,22.30,20.20,22.70,22.70,22.80,23.10,21.00,24.50,23.40,22.20,20.70,20.30,22.30,22.10,25.90,22.40,22.80,21.10,25.70,20.10,25.60,21.50,25.60,22.00,21.90,24.40,20.00,20.60,24.30,24.60,24.90,21.20,21.40,25.80,24.50,24.80,20.40,23.70,22.10,23.50,25.70,20.70,25.70,24.80,22.30,21.50,21.50,23.40,22.00,21.30,21.20,21.40,23.50,25.60,24.80,24.70,21.10,21.40
TLM_RCV,-59,FG-ALPHA,1713170338,AUTO,0,32.08,15.00,-85,98.62,8.30,3.29,5.02,871,416,0,273,22.27,1012.80,12.00,404.50,12.74,49.60,1,1713170299,GSN-01,-89,25.90,80.50,44,0,0,7.78,84,9.57,24.00,23.60,24.20,21.00,23.50,21.50,21.20,24.20,25.40,20.50,23.10,25.40,23.90,24.80,23.50,25.70,20.10,23.70,20.40,22.30,22.90,24.00,22.40,22.50,23.50,25.90,21.80,24.20,20.30,20.40,24.60,22.90,21.90,23.40,22.20,22.80,23.60,20.20,21.60,24.70,21.70,23.80,25.20,25.80,21.30,21.10,20.80,24.00,24.50,24.10,25.10,20.60,22.60,22.00,21.80,21.00,20.80,20.20,22.90,20.10,22.00,21.00,23.00,20.80
TLM_RCV,-46,FG-ALPHA,1713170339,AUTO,0,33.16,13.00,-85,98.67,8.30,3.28,5.02,857,432,0,291,22.12,1013.30,12.00,405.30,12.74,49.60,1,1713170292,GSN-01,-71,23.80,75.00,47,0,0,7.82,85,9.57,24.20,20.50,23.80,20.70,23.90,20.30,22.30,20.60,25.80,24.00,21.90,23.90,24.20,23.50,24.70,25.20,23.40,25.80,21.00,21.60,25.30,23.90,20.90,21.60,21.40,21.70,24.50,25.10,23.90,20.40,22.20,23.00,23.10,85.20,22.20,25.30,24.60,24.20,24.20,21.90,21.50,21.80,25.00,25.40,22.80,24.20,21.90,21.20,25.00,23.50,22.20,23.00,20.00,25.30,20.90,21.80,24.40,24.10,22.70,25.20,25.90,20.50,20.70,21.50
TLM_RCV,-59,FG-ALPHA,1713170340,AUTO,0,32.13,11.00,-85,98.72,8.31,3.29,5.02,984,426,0,275,22.79,1012.80,12.10,404.50,12.74,49.60,1,1713170327,GSN-01,-75,25.50,75.20,46,0,0,7.80,84,9.58,20.80,25.70,25.70,25.10,20.60,23.90,23.00,25.60,21.30,20.70,21.50,22.40,25.70,22.70,22.90,24.50,24.50,24.90,21.10,24.10,21.20,21.10,21.40,24.10,24.00,24.90,25.50,23.60,25.60,23.60,24.40,21.90,23.20,24.90,23.80,25.30,25.30,24.20,23.40,23.80,22.50,24.00,24.20,23.40,21.50,25.20,21.40,21.90,24.20,23.10,24.30,23.40,25.80,25.40,24.80,22.20,24.40,20.40,23.90,24.90,21.30,24.30,20.80,25.40
TLM_RCV,-46,FG-ALPHA,1713170341,AUTO,0,31.39,9.00,-85,98.77,8.30,3.31,5.02,966,478,0,337,22.44,1013.10,12.10,405.50,12.74,49.60,1,1713170330,GSN-01,-82,24.10,77.30,49,0,0,7.79,85,9.58,22.70,24.70,25.40,24.10,20.40,23.40,21.60,22.50,24.70,21.60,22.70,25.60,20.40,25.10,23.40,25.10,22.30,23.70,23.90,22.00,22.60,25.00,22.60,21.50,25.70,20.60,21.80,23.20,20.00,24.80,21.20,23.70,20.50,22.30,23.40,21.60,23.20,78.30,24.70,20.30,25.30,23.20,22.30,22.60,22.60,20.80,25.30,20.20,22.00,20.10,23.00,20.70,22.10,24.70,22.70,25.20,20.00,23.90,22.90,22.40,21.30,24.00,24.00,23.20
TLM_RCV,-91,FG-ALPHA,1713170342,AUTO,0,33.49,7.00,-85,98.82,8.30,3.28,5.02,967,497,0,340,22.35,1013.20,12.10,406.00,12.74,49.60,1,1713170330,GSN-01,-92,24.50,74.00,45,0,0,7.81,84,9.59,21.80,21.90,23.10,24.00,23.20,21.00,22.80,24.10,21.40,21.50,23.90,22.50,23.20,22.90,24.40,23.10,20.50,22.90,21.80,21.40,24.90,20.20,21.30,22.70,25.80,21.50,22.70,21.30,23.10,25.90,22.50,23.20,25.50,23.30,25.50,22.00,23.60,22.50,20.80,22.80,24.20,23.10,24.40,24.30,25.70,23.30,21.00,21.20,22.40,21.10,21.10,21.10,22.20,21.20,21.10,24.80,24.10,24.20,22.40,20.40,22.40,22.50,23.30,23.70
TLM_RCV,-59,FG-ALPHA,1713170343,AUTO,0,33.10,5.00,-85,98.78,8.31,3.29,5.02,0,420,0,276,22.10,1013.10,11.90,404.60,12.74,49.60,1,1713170326,GSN-01,-84,25.50,81.70,44,0,0,7.78,84,9.59,22.30,21.30,21.40,20.40,25.90,25.60,20.50,24.40,21.50,22.50,21.20,25.90,20.30,21.40,22.20,23.20,25.50,22.20,23.10,25.00,25.70,23.60,21.40,23.20,24.20,20.80,22.90,20.00,25.50,22.10,23.10,21.00,22.80,21.20,22.50,22.20,24.60,22.20,23.70,22.30,24.70,24.20,21.20,21.80,20.00,24.10,20.90,22.90,24.90,21.60,25.00,21.70,23.90,25.40,24.60,24.90,22.30,20.50,23.40,23.60,22.80,21.70,22.40,22.00
TLM_RCV,-44,FG-ALPHA,1713170344,AUTO,0,33.35,5.00,-85,98.73,8.30,3.31,5.02,0,469,0,312,22.34,1013.10,12.10,406.00,12.74,49.60,1,1713170327,GSN-01,-93,25.60,73.70,46,1,0,7.79,84,9.60,25.00,22.10,22.70,21.20,22.80,22.80,23.00,22.10,20.40,20.30,21.00,24.10,21.90,22.20,24.20,24.10,22.50,24.50,20.90,24.50,21.70,25.30,23.10,24.20,24.90,21.50,22.50,22.50,22.10,21.30,24.60,23.30,25.50,22.30,23.50,23.50,22.00,21.90,22.70,23.70,23.50,21.00,25.80,24.60,23.80,20.70,21.10,20.40,24.20,22.00,22.60,21.10,23.50,21.80,24.40,20.40,20.70,22.40,21.90,25.00,20.10,20.00,23.60,22.70
TLM_RCV,-56,FG-ALPHA,1713170345,AUTO,0,33.26,5.00,-85,98.78,8.30,3.29,5.02,994,452,0,310,22.71,1013.10,11.90,405.80,12.75,49.60,1,1713170300,GSN-01,-95,25.80,76.80,48,0,0,7.81,85,9.60,21.70,23.70,21.60,20.10,24.60,23.90,20.90,24.80,22.50,25.00,20.10,24.50,21.40,23.60,25.80,22.90,23.10,25.60,21.30,22.10,25.60,25.20,24.00,20.40,21.20,22.80,25.80,25.60,23.90,21.70,22.30,25.40,25.50,22.10,22.80,23.40,23.10,24.90,20.40,22.60,20.60,22.70,21.40,20.80,24.00,24.50,23.40,20.20,21.20,21.00,22.50,22.60,23.20,20.00,25.20,23.40,23.60,23.80,25.30,25.40,25.60,21.50,21.20,25.80
TLM_RCV,-72,FG-ALPHA,1713170346,AUTO,0,32.38,5.00,-85,98.83,8.30,3.29,5.02,943,475,0,316,22.34,1013.50,12.00,405.40,12.75,49.60,1,1713170316,GSN-01,-86,23.30,81.10,41,0,0,7.82,85,9.61,23.70,20.30,24.60,22.30,20.60,25.80,25.90,25.60,21.30,24.10,25.70,23.00,20.40,25.00,24.10,25.20,22.60,22.60,23.50,23.90,25.60,24.00,21.20,20.80,22.30,22.20,21.30,24.70,23.60,21.40,20.80,24.80,20.20,22.30,25.70,20.80,21.00,20.50,25.70,22.90,25.80,24.90,25.10,25.10,25.00,25.70,23.30,24.70,22.40,22.60,20.70,24.30,20.00,20.00,20.10,24.00,23.30,22.90,23.80,20.40,24.50,24.90,24.60,21.30
TLM_RCV,-84,FG-ALPHA,1713170347,AUTO,0,31.43,5.00,-85,98.86,8.30,3.30,5.02,828,486,0,332,21.71,1012.90,11.80,405.00,12.75,49.60,1,1713170293,GSN-01,-88,23.60,76.20,43,0,0,7.79,84,9.61,24.10,24.80,21.50,24.20,20.20,22.90,24.40,25.30,25.80,20.90,21.90,23.30,24.60,24.30,20.50,23.60,24.10,22.10,24.70,23.90,20.90,20.70,20.40,20.90,21.60,21.10,20.20,24.30,22.80,23.70,24.60,21.30,22.60,21.80,25.80,21.40,22.70,24.00,21.40,21.70,24.40,24.40,22.80,20.80,20.00,20.00,22.60,24.20,22.60,22.40,20.80,23.00,25.90,22.10,21.30,23.30,24.00,22.80,24.10,20.30,25.50,23.70,20.60,25.20
TLM_RCV,-41,FG-ALPHA,1713170348,AUTO,0,33.28,5.00,-85,98.82,8.30,3.29,5.02,0,455,0,297,22.27,1013.30,12.00,405.70,12.75,49.60,1,1713170302,GSN-01,-72,24.80,77.80,41,0,0,7.82,84,9.62,25.90,25.40,22.10,23.70,21.40,20.20,24.10,22.90,23.80,21.60,22.90,22.60,22.80,24.10,20.60,22.40,21.60,24.50,25.40,24.10,24.90,23.10,25.40,22.30,20.30,21.30,20.40,23.80,23.10,24.90,24.60,24.40,25.30,20.30,22.20,24.20,21.60,22.90,24.30,22.50,21.30,22.10,24.30,23.90,21.40,21.20,24.10,20.00,25.50,21.80,21.10,20.50,21.10,24.70,22.90,20.90,21.00,24.80,20.90,22.90,20.20,22.10,24.10,22.90
TLM_RCV,-45,FG-ALPHA,1713170349,AUTO,0,31.33,5.00,-85,98.86,8.30,3.28,5.02,850,465,0,311,21.92,1013.50,11.90,405.50,12.75,49.60,1,1713170318,GSN-01,-75,23.20,76.10,47,0,0,7.81,85,9.62,20.90,21.10,21.90,25.40,25.10,24.40,22.00,21.60,25.90,20.00,25.70,22.10,23.60,21.40,22.20,22.90,22.60,20.20,25.40,23.10,24.40,23.20,24.20,21.70,20.00,23.70,25.00,21.20,21.90,24.20,21.70,23.50,21.80,25.20,23.00,24.10,20.00,21.50,23.40,25.20,25.20,20.70,21.80,21.70,23.60,24.10,22.40,24.60,20.50,23.30,22.60,25.20,25.90,20.60,22.90,22.80,24.90,25.40,21.60,21.00,21.50,25.00,24.00,25.40
TLM_RCV,-53,FG-ALPHA,1713170350,AUTO,0,33.21,5.00,-85,98.91,8.31,3.29,5.02,931,441,0,296,22.45,1013.50,11.90,404.70,12.75,49.60,1,1713170331,GSN-01,-94,24.10,73.80,48,0,0,7.78,85,9.63,20.10,24.70,23.50,22.00,22.20,21.50,23.80,22.70,23.90,25.80,25.80,21.10,24.00,21.20,23.10,22.30,24.20,21.30,24.80,25.40,24.50,20.30,24.00,25.10,20.00,24.60,23.80,25.10,22.30,23.20,24.60,20.40,23.40,23.70,22.30,22.30,24.80,23.30,21.10,20.30,22.40,22.20,22.30,20.00,20.70,22.20,25.10,21.20,22.90,23.40,22.40,20.40,21.00,25.20,23.20,22.80,25.80,24.30,21.60,24.00,22.10,20.90,25.80,21.50
TLM_RCV,-49,FG-ALPHA,1713170351,AUTO,0,31.30,5.00,-85,98.95,8.31,3.29,5.02,895,460,0,302,22.17,1012.80,11.90,404.60,12.75,49.60,1,1713170297,GSN-01,-94,23.70,82.50,46,0,0,7.78,84,9.63,21.40,20.50,20.40,24.10,24.00,20.60,20.60,25.00,20.60,22.50,21.00,21.50,22.50,23.40,23.20,22.70,23.00,24.20,25.40,21.40,24.30,24.20,21.50,24.10,22.70,22.50,25.10,24.60,25.90,24.50,20.10,21.00,21.50,21.40,21.50,21.40,20.00,20.40,24.80,25.20,25.10,21.40,20.60,21.40,24.30,24.10,23.90,23.60,23.40,24.50,22.10,20.20,25.40,20.50,25.90,24.60,25.20,25.00,24.30,21.60,22.50,24.90,20.20,22.60
TLM_RCV,-72,FG-ALPHA,1713170352,AUTO,0,33.28,5.00,-85,98.90,8.31,3.29,5.02,0,457,0,302,22.28,1012.80,12.10,405.40,12.75,49.60,1,1713170294,GSN-01,-71,24.10,79.60,41,0,1,7.79,85,9.64,20.00,21.90,25.00,24.20,21.20,22.10,20.60,24.10,24.20,24.60,23.90,20.30,24.50,20.30,24.30,20.20,22.20,22.70,20.70,20.20,20.00,23.50,20.90,25.00,22.90,23.40,21.50,24.10,25.30,24.40,20.50,21.00,24.90,23.50,21.40,25.80,24.70,24.00,89.60,22.30,21.20,24.50,24.40,20.70,21.80,24.30,24.40,23.10,20.50,23.50,20.10,22.20,22.90,21.60,22.40,22.00,22.70,22.50,25.90,25.00,22.90,24.30,20.30,24.20
TLM_RCV,-75,FG-ALPHA,1713170353,AUTO,0,32.32,5.00,-85,98.94,8.31,3.29,5.02,866,464,0,308,22.01,1013.20,12.00,405.30,12.75,49.60,1,1713170341,GSN-01,-89,25.90,81.80,48,0,0,7.78,85,9.64,22.20,20.70,22.50,25.70,24.20,20.40,20.90,20.80,23.80,22.10,23.80,23.00,23.10,20.10,21.70,22.00,20.40,23.90,25.30,23.90,22.20,25.80,24.10,23.50,23.70,23.60,25.40,21.70,25.80,23.90,25.90,22.40,22.80,21.80,25.60,23.80,22.40,25.50,22.80,25.20,25.60,24.90,22.80,22.30,24.50,25.70,22.80,24.70,24.20,22.30,25.70,22.20,22.90,20.90,20.90,25.00,24.40,25.50,22.80,22.50,25.70,25.40,21.90,20.80
TLM_RCV,-52,FG-ALPHA,1713170354,AUTO,0,33.22,5.00,-85,98.90,8.31,3.31,5.02,0,444,0,304,22.22,1012.70,11.90,404.60,12.75,49.60,1,1713170308,GSN-01,-94,23.90,74.40,48,1,0,7.80,84,9.65,23.10,24.60,20.00,20.00,21.80,21.90,21.60,24.40,20.90,22.00,22.90,22.80,25.90,24.00,23.90,88.20,23.50,22.00,24.10,21.60,21.60,21.00,25.20,20.80,25.80,23.00,24.20,22.10,24.30,25.80,23.80,24.20,23.40,22.60,25.30,21.90,20.20,25.30,25.00,20.50,20.10,23.20,22.70,21.20,23.60,23.90,25.50,22.90,24.70,23.80,21.00,24.90,20.70,24.40,24.20,21.20,22.60,25.90,22.60,25.50,23.80,23.90,22.50,25.80
TLM_RCV,-63,FG-ALPHA,1713170355,AUTO,0,32.43,5.00,-85,98.96,8.30,3.28,5.02,1041,486,0,340,22.77,1012.70,11.90,406.10,12.76,49.60,1,1713170308,GSN-01,-88,23.40,75.70,49,0,0,7.82,85,9.65,21.00,25.90,20.70,20.40,23.70,20.00,22.90,24.60,22.20,25.90,22.80,25.10,25.90,20.90,24.90,24.70,20.50,21.80,23.40,23.70,21.60,23.90,21.00,25.20,23.80,22.50,21.40,25.20,23.70,22.20,24.20,20.20,21.70,25.50,25.00,24.80,22.50,23.20,23.70,25.80,21.00,24.90,21.90,20.20,23.20,23.30,20.00,25.80,23.20,25.50,22.80,21.60,21.80,20.30,25.30,20.40,21.20,20.70,25.70,25.20,20.80,23.70,20.70,23.20
TLM_RCV,-65,FG-ALPHA,1713170356,AUTO,0,31.07,5.00,-85,98.91,8.31,3.29,5.02,0,414,0,256,22.07,1012.90,11.90,404.70,12.76,49.60,1,1713170338,GSN-01,-91,25.60,73.80,48,0,0,7.78,84,9.66,25.50,23.20,22.60,24.30,23.60,20.80,25.80,20.70,21.10,20.00,21.20,25.00,25.70,24.40,23.90,20.70,20.10,24.20,25.20,21.90,21.20,25.50,20.10,22.80,23.00,22.90,24.50,20.50,21.40,21.10,25.80,20.70,23.90,22.60,24.70,24.50,24.30,21.00,23.30,23.70,23.20,23.90,22.30,25.90,22.50,25.30,21.70,21.20,20.20,25.90,20.20,21.70,21.90,21.40,23.30,25.10,23.50,20.90,25.80,23.60,23.30,23.60,23.80,21.80
TLM_RCV,-86,FG-ALPHA,1713170357,AUTO,0,33.38,5.00,-85,98.95,8.30,3.29,5.02,855,475,0,325,21.90,1013.20,12.10,405.90,12.76,49.60,1,1713170335,GSN-01,-91,25.10,79.80,44,0,1,7.79,84,9.66,23.80,24.30,25.10,21.30,22.20,24.00,22.60,21.00,20.80,25.20,24.70,20.00,25.00,22.90,22.50,21.80,20.20,22.20,24.00,20.90,23.10,22.30,22.50,25.40,22.90,22.00,25.50,23.30,22.60,25.10,25.90,25.60,20.70,24.60,25.60,25.20,22.90,21.50,20.80,21.50,21.20,20.10,22.50,25.60,23.80,20.20,20.70,22.50,23.20,24.90,25.70,20.10,23.50,20.40,22.90,20.50,21.10,22.30,21.40,25.40,21.80,24.30,24.60,21.70
TLM_RCV,-63,FG-ALPHA,1713170358,AUTO,0,32.17,5.00,-85,99.03,8.31,3.28,5.02,1176,433,0,285,23.72,1012.80,11.90,406.40,12.76,49.60,1,1713170346,GSN-01,-86,23.10,73.20,47,0,0,7.80,84,9.67,25.40,24.50,25.30,20.70,23.70,22.30,22.20,24.40,24.80,24.60,22.60,24.40,21.20,24.80,25.20,20.90,20.10,23.10,24.20,23.70,21.80,22.60,22.10,21.00,24.30,22.70,24.60,24.60,23.40,23.00,22.90,23.90,23.80,21.70,23.40,25.80,25.20,21.10,24.50,25.60,25.10,23.20,23.40,21.90,20.10,24.70,22.60,24.50,21.00,21.40,22.00,20.30,24.00,25.80,20.30,22.10,22.80,20.00,23.80,24.30,21.80,22.40,24.40,24.10
TLM_RCV,-64,FG-ALPHA,1713170359,AUTO,0,31.48,5.00,-85,99.09,8.30,3.30,5.02,1155,495,0,338,23.30,1012.70,12.10,404.70,12.76,49.60,1,1713170339,GSN-01,-94,23.70,75.50,43,0,0,7.82,85,9.67,25.70,22.30,24.90,20.80,24.30,24.50,23.10,22.70,23.30,23.90,21.50,20.80,20.50,20.00,25.20,25.00,20.00,23.60,22.30,24.50,21.80,23.00,24.40,21.10,22.10,22.00,21.40,23.00,24.60,20.80,20.30,20.60,21.80,21.60,25.20,20.20,20.00,23.00,22.90,23.00,23.90,24.40,20.00,25.80,24.90,21.00,23.80,22.90,24.20,24.50,22.30,22.60,22.90,20.40,25.40,23.40,22.00,22.50,20.10,22.20,24.50,21.30,25.40,22.10
TLM_RCV,-92,FG-ALPHA,1713170360,AUTO,0,33.46,5.00,-85,99.13,8.31,3.29,5.02,853,492,0,344,21.81,1012.70,12.00,405.30,12.76,49.60,1,1713170332,GSN-01,-93,23.00,74.80,43,0,0,7.81,85,9.68,25.20,25.10,23.00,21.80,21.70,23.10,24.60,24.40,25.70,23.60,24.70,24.50,25.80,22.10,21.60,24.40,25.10,20.40,24.10,23.60,23.90,20.90,21.30,22.00,23.00,24.10,22.00,20.10,24.70,20.80,24.30,22.60,21.10,24.70,25.70,22.50,25.40,23.90,22.40,25.40,23.40,25.60,24.50,20.70,23.00,24.90,20.30,22.10,21.70,20.20,21.30,21.80,20.50,23.20,21.90,22.50,24.90,25.50,23.20,24.40,21.90,21.10,20.00,24.80
TLM_RCV,-78,FG-ALPHA,1713170361,AUTO,0,31.30,5.00,-85,99.20,8.31,3.30,5.02,1161,459,0,318,23.51,1013.10,11.90,405.70,12.76,49.60,1,1713170305,GSN-01,-77,23.50,75.20,44,0,0,7.78,85,9.68,25.70,20.20,25.90,25.00,25.60,24.80,25.40,22.60,24.10,20.30,23.40,22.50,22.20,21.30,24.60,24.60,24.80,22.80,21.50,24.90,25.20,20.40,22.40,22.80,22.10,21.90,21.70,24.20,24.20,25.90,24.10,22.60,21.40,25.60,20.90,20.90,24.80,23.20,25.90,23.00,21.80,23.00,83.50,23.50,21.70,25.90,22.00,20.90,22.10,23.80,24.90,24.80,21.00,25.10,22.00,23.80,21.90,25.90,25.90,21.80,25.30,20.10,25.30,21.60
TLM_RCV,-73,FG-ALPHA,1713170362,AUTO,0,32.28,5.00,-85,99.25,8.31,3.29,5.02,952,457,0,302,22.48,1013.50,12.10,405.30,12.76,49.60,1,1713170348,GSN-01,-73,25.00,77.40,43,0,0,7.82,85,9.69,25.30,20.40,25.30,21.20,20.20,23.30,23.20,22.10,20.50,20.10,25.50,24.00,25.00,23.00,23.00,21.60,21.10,24.50,24.30,25.30,25.90,21.70,21.20,25.30,22.70,23.90,23.50,23.90,20.00,25.60,25.40,20.80,20.50,23.50,22.10,21.80,23.50,21.50,20.10,21.70,25.50,21.40,23.00,25.40,20.80,20.90,22.90,24.50,21.60,24.10,22.10,20.70,23.60,25.60,23.40,20.40,22.00,20.60,23.70,24.50,23.20,21.60,25.50,25.70
TLM_RCV,-75,FG-ALPHA,1713170363,AUTO,0,31.33,5.00,-85,99.20,8.31,3.29,5.02,0,465,0,322,22.33,1013.30,11.80,405.50,12.76,49.60,1,1713170304,GSN-01,-83,24.40,75.80,40,0,0,7.79,84,9.69,21.00,23.60,23.30,22.40,21.50,23.80,24.40,20.00,23.80,20.40,22.80,20.70,21.30,23.70,20.10,23.60,24.80,20.60,20.30,25.50,23.70,24.40,24.70,23.00,20.10,23.60,22.20,23.30,25.80,23.50,23.00,20.20,25.20,23.60,22.30,25.20,24.70,20.80,20.20,24.10,23.70,23.30,23.70,25.30,25.50,24.50,22.10,22.80,24.50,23.50,23.60,20.80,22.50,25.20,21.70,22.50,25.00,25.50,24.60,24.40,23.90,20.40,23.60,22.00
TLM_RCV,-55,FG-ALPHA,1713170364,AUTO,0,31.36,5.00,-85,99.27,8.31,3.30,5.02,1146,472,0,318,23.37,1013.60,12.10,406.10,12.76,49.60,1,1713170332,GSN-01,-80,23.70,77.10,49,0,0,7.79,85,9.70,22.90,22.40,20.50,23.80,21.80,22.30,24.80,21.50,20.70,23.20,22.60,22.50,25.50,20.10,22.40,23.10,24.80,22.60,25.60,21.20,25.00,22.70,20.30,24.40,21.00,21.50,20.10,22.60,22.30,20.30,25.40,25.20,22.40,23.80,21.30,24.90,24.00,23.60,24.20,22.70,21.40,20.10,24.90,21.80,21.20,21.00,24.40,22.10,21.20,23.90,20.20,24.20,21.10,20.80,20.80,21.60,21.10,20.50,20.60,23.00,22.00,24.80,23.30,22.10
TLM_RCV,-82,FG-ALPHA,1713170365,AUTO,0,32.44,5.00,-85,99.31,8.31,3.30,5.02,879,489,0,330,21.95,1012.90,12.00,405.30,12.77,49.60,1,1713170330,GSN-01,-74,24.10,77.50,44,0,0,7.82,84,9.70,23.60,21.60,24.40,21.00,25.80,22.30,24.80,21.70,23.30,24.80,23.60,24.60,22.90,20.50,24.30,20.80,81.20,25.60,20.30,25.50,24.70,25.20,23.80,20.10,24.40,21.90,25.70,20.40,20.10,21.60,25.00,24.10,24.60,24.80,21.00,23.90,25.60,22.10,23.90,23.20,22.20,20.20,21.60,21.70,23.30,23.00,24.70,22.10,21.20,22.20,24.70,24.70,24.80,22.00,22.10,23.00,21.20,20.90,23.30,25.30,21.10,24.50,22.90,22.30
TLM_RCV,-74,FG-ALPHA,1713170366,AUTO,0,31.12,5.00,-85,99.27,8.32,3.29,5.02,0,425,0,276,22.12,1013.50,11.90,405.80,12.77,49.60,1,1713170315,GSN-01,-76,23.80,79.80,49,0,0,7.79,85,9.71,20.90,20.80,25.10,24.30,20.90,23.80,20.50,24.90,21.70,24.70,23.60,20.00,25.80,24.70,21.90,23.40,24.90,24.10,23.50,24.30,22.40,21.90,24.20,22.00,25.80,23.50,24.30,24.10,24.60,23.00,22.20,25.80,24.40,20.80,23.00,23.20,23.90,21.90,21.80,24.60,24.80,21.60,22.20,22.70,21.50,21.10,25.40,21.30,21.90,25.90,25.00,21.00,25.00,21.60,21.40,22.90,24.30,21.60,24.10,20.90,25.00,21.90,21.10,23.70
TLM_RCV,-66,FG-ALPHA,1713170367,AUTO,0,32.38,5.00,-85,99.22,8.31,3.31,5.02,0,475,0,320,22.37,1013.50,11.90,404.70,12.77,49.60,1,1713170324,GSN-01,-79,24.20,77.90,46,0,0,7.81,84,9.71,20.40,21.00,21.10,23.70,23.80,24.90,20.80,22.50,21.70,23.50,24.30,20.90,23.00,25.40,25.70,25.00,21.40,20.20,24.30,23.90,23.60,23.80,24.60,25.40,24.10,24.50,20.80,22.50,21.70,23.20,24.70,21.10,23.80,21.00,21.60,20.50,23.10,20.60,24.40,24.90,23.50,23.10,25.40,25.40,20.60,20.30,24.60,22.10,23.60,24.80,20.10,22.10,25.50,21.60,20.40,24.00,25.30,24.60,21.60,24.60,23.20,22.80,23.30,24.10
TLM_RCV,-76,FG-ALPHA,1713170368,AUTO,0,32.47,5.00,-85,99.29,8.31,3.28,5.02,1193,493,0,343,23.50,1012.90,11.80,405.20,12.77,49.60,1,1713170329,GSN-01,-95,24.10,79.00,43,0,0,7.78,85,9.72,21.90,20.10,21.50,25.20,24.00,21.50,25.30,20.30,23.50,21.70,22.60,21.30,24.80,20.70,21.00,22.80,20.00,23.50,22.30,23.20,23.80,23.60,25.30,23.90,25.20,22.50,21.70,25.60,23.50,20.30,20.50,23.70,20.40,20.60,24.50,22.60,20.70,20.00,24.30,23.20,20.80,20.60,20.70,22.20,22.20,20.80,23.00,21.70,21.50,23.20,20.50,21.80,25.00,20.00,21.10,21.20,21.30,23.30,22.60,23.30,25.10,24.90,23.20,25.10
TLM_RCV,-41,FG-ALPHA,1713170369,AUTO,0,33.28,5.00,-85,99.34,8.32,3.29,5.02,977,457,0,301,22.60,1013.50,11.90,405.20,12.77,49.60,1,1713170324,GSN-01,-73,24.70,75.60,49,0,0,7.79,84,9.72,22.10,24.80,24.10,25.40,22.90,20.70,22.40,24.30,20.70,22.90,22.80,23.30,20.30,20.30,24.20,23.50,22.10,23.80,22.60,22.20,23.90,24.90,20.80,20.40,22.10,22.40,24.30,23.80,25.90,22.60,24.00,24.00,24.10,25.50,23.30,20.90,25.70,20.10,22.30,21.70,24.90,22.60,25.70,21.20,21.90,25.20,20.80,23.20,20.50,21.30,21.90,24.40,22.80,22.40,25.70,23.20,25.70,21.40,21.50,23.70,22.80,24.00,21.20,20.80
TLM_RCV,-75,FG-ALPHA,1713170370,AUTO,0,32.24,5.00,-85,99.38,8.32,3.29,5.02,824,449,0,294,21.87,1013.50,11.80,405.30,12.77,49.60,1,1713170338,GSN-01,-92,23.20,82.80,49,0,0,7.82,85,9.73,23.70,24.80,21.60,20.70,23.50,25.60,24.20,25.80,22.70,22.10,23.50,25.60,21.40,23.50,21.60,25.70,24.10,25.50,24.40,21.40,25.90,20.00,24.60,20.20,21.20,21.60,25.50,21.20,23.20,21.60,25.60,25.60,25.40,21.80,23.10,20.50,24.70,24.10,23.00,21.80,22.50,25.80,21.10,22.60,25.00,25.40,22.50,21.40,24.20,24.70,21.40,20.70,22.20,25.00,24.30,25.40,20.90,22.90,21.60,24.30,20.60,22.10,21.00,20.80
TLM_RCV,-47,FG-ALPHA,1713170371,AUTO,0,33.19,5.00,-85,99.43,8.32,3.30,5.02,965,439,0,299,22.63,1013.40,12.10,405.40,12.77,49.60,1,1713170321,GSN-01,-93,23.20,74.30,42,0,0,7.79,84,9.73,24.20,21.30,25.10,21.80,20.60,20.20,20.80,25.50,25.60,25.80,25.90,21.50,25.60,21.50,23.30,22.00,22.60,22.60,24.70,20.50,23.60,20.40,21.00,24.10,25.70,23.30,25.60,24.80,21.30,23.30,22.40,23.90,23.00,21.10,24.50,25.50,23.90,22.30,22.80,20.00,21.50,23.90,22.40,21.00,22.70,20.10,22.50,22.80,25.60,22.10,24.60,20.00,20.40,23.20,24.10,24.70,22.40,21.00,20.00,21.50,22.90,20.20,23.90,20.40
TLM_RCV,-79,FG-ALPHA,1713170393,AUTO,0,33.04,10.50,-85,100.00,8.34,3.30,5.02,1004,408,0,263,22.98,1013.40,11.90,406.30,12.79,50.35,1,1713170362,GSN-01,-81,25.80,80.60,40,0,1,7.82,84,9.74,22.50,22.40,25.00,25.20,25.10,21.50,21.40,22.40,23.50,22.60,23.30,22.90,20.40,22.80,25.20,20.40,25.40,20.00,24.90,21.00,24.00,25.20,23.00,23.90,24.00,24.20,24.40,23.30,21.80,24.10,25.20,21.20,24.30,25.00,20.30,23.10,25.00,20.10,25.20,23.50,22.10,20.30,22.70,21.00,23.00,22.20,23.20,21.70,22.30,25.10,21.30,25.60,23.50,21.70,24.90,24.00,21.30,25.80,24.60,23.30,25.10,25.30,21.10,23.10
TLM_RCV,-71,FG-ALPHA,1713170394,AUTO,0,31.23,8.50,-85,100.00,8.33,3.31,5.02,943,446,0,306,22.49,1013.50,11.80,404.50,12.79,50.35,1,1713170367,GSN-01,-85,23.50,80.60,48,0,0,7.82,84,9.74,23.30,24.10,22.70,22.70,24.60,23.40,20.60,24.10,22.60,24.90,23.80,24.60,23.20,25.30,24.90,20.20,23.50,21.00,20.40,23.20,21.60,23.60,23.10,24.50,22.10,25.80,25.70,25.40,24.10,23.80,21.20,20.70,22.30,22.90,24.10,22.30,24.40,25.90,25.90,24.50,22.70,24.30,22.00,25.10,21.30,24.90,21.60,22.30,25.80,21.70,25.80,22.30,22.80,21.00,21.70,23.80,21.10,21.40,23.30,24.60,22.70,20.80,24.90,21.20
TLM_RCV,-61,FG-ALPHA,1713170395,AUTO,0,32.30,6.50,-85,99.95,8.33,3.31,5.02,0,460,0,311,22.30,1013.50,12.10,404.60,12.80,50.35,1,1713170366,GSN-01,-75,25.80,76.20,49,0,0,7.80,85,9.75,24.00,23.50,20.50,25.20,20.20,21.80,25.60,22.50,20.50,22.30,22.60,24.00,22.30,24.80,22.70,24.10,22.00,25.70,21.70,24.80,25.30,23.20,20.90,20.60,22.00,25.20,22.20,23.40,24.20,20.30,22.90,20.10,21.30,21.10,25.60,20.90,23.40,24.80,24.10,23.10,20.20,23.00,23.80,22.20,20.50,21.30,22.50,23.80,21.70,25.10,20.80,23.20,25.10,24.10,21.40,24.20,20.50,21.30,24.80,20.40,24.80,20.30,25.20,22.50
TLM_RCV,-90,FG-ALPHA,1713170396,AUTO,0,31.22,5.00,-85,99.91,8.33,3.28,5.02,0,443,0,290,22.22,1013.20,12.00,405.40,12.80,50.35,1,1713170366,GSN-01,-71,23.80,77.90,40,0,0,7.80,85,9.75,20.50,23.60,21.20,22.00,25.50,24.30,22.60,20.60,21.50,24.30,23.00,25.50,23.60,20.60,24.80,24.90,24.40,22.00,25.40,22.20,20.50,22.60,20.70,23.60,22.30,23.20,21.00,24.10,25.80,22.80,25.30,25.40,21.40,23.20,25.10,22.80,20.20,25.70,24.50,21.60,25.80,23.00,22.90,21.30,22.80,21.10,25.20,20.10,22.10,24.60,23.50,25.00,23.20,20.50,20.90,22.20,20.70,22.60,23.60,24.50,21.70,25.10,23.50,21.10
TLM_RCV,-91,FG-ALPHA,1713170397,AUTO,0,31.20,5.00,-85,99.98,8.33,3.30,5.02,1118,440,0,287,23.39,1013.20,11.80,404.90,12.80,50.35,1,1713170387,GSN-01,-82,23.60,77.10,48,0,0,7.81,85,9.76,24.90,22.30,23.20,23.90,24.00,22.30,23.60,20.10,23.00,23.70,24.50,20.50,24.40,20.40,22.50,24.30,20.10,20.40,20.00,24.30,24.90,22.60,23.00,25.40,24.00,20.40,25.80,24.00,22.70,25.10,22.80,21.60,25.30,22.50,22.90,22.10,24.50,22.20,25.70,20.90,20.90,25.30,20.10,24.50,20.80,22.40,24.00,20.00,22.00,23.30,20.70,22.80,20.50,25.10,24.90,20.40,24.90,21.70,25.30,20.80,21.90,23.40,21.10,25.70
TLM_RCV,-56,FG-ALPHA,1713170398,AUTO,0,33.14,5.00,-85,100.00,8.34,3.29,5.02,1044,428,0,283,23.08,1013.50,12.00,406.10,12.80,50.35,1,1713170356,GSN-01,-78,23.70,76.70,41,0,0,7.82,85,9.76,24.70,25.20,24.00,24.20,24.80,22.30,20.30,25.50,23.60,23.20,24.90,23.80,24.60,25.10,25.60,24.20,24.90,20.10,20.40,25.00,23.30,24.70,23.20,22.30,21.50,25.50,24.30,22.50,20.30,24.60,21.20,20.30,24.10,22.20,23.20,20.90,21.70,20.20,23.70,24.80,24.70,23.30,25.80,24.20,25.50,24.80,21.20,22.50,23.80,20.10,22.20,25.40,23.00,24.10,21.30,23.20,24.20,24.00,20.90,20.00,21.90,21.90,24.40,20.40
TLM_RCV,-69,FG-ALPHA,1713170399,AUTO,0,31.24,5.00,-85,100.00,8.33,3.29,5.02,1070,447,0,294,23.11,1013.60,11.90,405.00,12.80,50.35,1,1713170350,GSN-01,-74,25.00,77.50,41,0,0,7.78,84,9.77,21.20,25.20,20.40,20.70,22.40,25.70,23.20,21.40,25.70,23.70,24.20,20.50,24.80,25.70,20.60,25.60,23.10,23.30,22.50,21.60,22.90,23.40,25.70,25.00,20.50,21.30,21.00,24.50,25.30,25.20,24.90,20.90,24.20,25.70,20.70,21.70,21.70,23.30,21.50,22.20,24.10,22.20,22.50,22.60,24.40,21.00,21.50,20.20,25.70,23.30,23.30,22.40,22.60,21.50,24.40,21.10,20.50,21.10,24.10,23.30,22.20,23.60,22.00,24.60
TLM_RCV,-49,FG-ALPHA,1713170400,AUTO,0,31.20,5.00,-85,99.96,8.33,3.28,5.02,0,441,0,283,22.20,1013.30,12.10,406.10,12.80,50.35,1,1713170352,GSN-01,-77,25.10,77.70,41,0,0,7.78,84,9.77,24.00,24.90,23.70,24.10,23.10,21.50,24.50,25.10,24.10,23.10,21.10,22.50,24.40,22.90,24.90,20.70,24.40,21.20,24.50,21.60,22.40,20.30,22.00,21.50,20.10,22.00,22.30,20.50,25.80,24.80,25.30,20.60,25.80,20.80,25.20,20.40,20.50,20.90,20.90,22.30,25.50,24.60,21.90,20.20,24.70,25.90,25.50,24.00,20.40,21.90,20.00,21.40,24.70,25.20,20.80,20.80,23.20,25.40,24.20,24.90,22.30,23.40,21.20,25.80
TLM_RCV,-48,FG-ALPHA,1713170401,AUTO,0,32.43,5.00,-85,99.99,8.33,3.30,5.02,827,486,0,327,21.70,1012.90,11.80,405.10,12.80,50.35,1,1713170362,GSN-01,-78,23.80,79.50,48,0,0,7.79,85,9.78,25.00,25.90,23.50,25.60,21.00,21.60,21.30,21.90,24.30,22.80,21.00,23.90,21.20,25.60,22.10,22.20,24.10,21.10,22.90,24.70,24.70,21.30,21.10,23.20,23.40,24.10,24.10,24.20,22.30,24.60,23.50,25.20,24.70,24.30,24.20,21.30,21.60,22.70,22.60,24.40,21.60,20.60,25.50,20.80,24.60,25.00,24.40,23.30,20.80,24.10,25.80,20.00,21.20,24.40,23.50,25.10,23.70,24.30,23.50,25.90,24.00,20.00,20.50,23.00
TLM_RCV,-84,FG-ALPHA,1713170402,AUTO,0,33.29,5.00,-85,100.00,8.33,3.30,5.02,904,459,0,300,22.23,1012.90,11.90,405.90,12.80,50.35,1,1713170369,GSN-01,-85,24.20,74.80,48,0,0,7.80,85,9.78,21.20,24.80,22.70,22.50,20.80,22.60,21.70,20.00,23.40,21.50,23.70,23.50,22.80,21.90,21.00,22.20,25.50,20.60,24.50,22.90,20.20,25.30,21.80,21.10,20.60,23.60,25.90,22.70,24.50,21.20,22.90,23.60,20.40,20.90,24.60,21.60,24.90,24.90,24.50,24.20,25.40,23.30,22.50,24.10,23.90,21.00,21.30,24.50,20.50,23.80,24.90,25.00,23.80,25.00,24.10,20.50,20.60,25.40,22.70,23.10,21.00,23.20,24.40,25.60
TLM_RCV,-52,FG-ALPHA,1713170403,AUTO,0,32.02,5.00,-85,99.96,8.34,3.31,5.02,0,404,0,251,22.02,1013.20,12.10,405.30,12.80,50.35,1,1713170377,GSN-01,-88,25.50,76.40,41,0,0,7.80,84,9.79,21.80,25.90,20.20,24.50,23.30,25.00,25.90,23.70,21.60,21.40,25.20,23.60,21.10,25.40,20.30,24.30,22.70,20.20,23.10,23.00,24.30,22.80,21.30,20.30,22.00,25.00,22.80,25.20,21.70,22.80,25.00,21.90,23.60,23.70,23.20,25.40,21.60,24.20,25.70,22.20,22.20,20.50,20.20,21.60,22.00,24.00,21.90,25.60,20.80,25.20,20.70,20.50,20.10,23.30,20.20,23.70,25.70,22.60,25.80,25.70,23.90,24.80,23.90,22.70
TLM_RCV,-54,FG-ALPHA,1713170404,AUTO,0,31.50,5.00,-85,100.00,8.33,3.29,5.02,1030,499,0,343,22.66,1013.00,11.90,405.90,12.80,50.35,1,1713170346,GSN-01,-93,23.60,75.30,41,0,0,7.79,85,9.79,21.30,23.20,24.20,24.50,20.50,25.70,22.90,21.60,25.00,21.60,22.20,20.60,23.80,25.30,23.50,24.20,20.80,22.70,25.50,25.60,21.30,21.80,20.90,22.20,24.50,24.90,24.40,20.20,21.50,23.40,25.00,23.90,23.00,23.30,22.40,22.80,20.50,24.60,21.40,23.10,23.60,22.60,24.50,24.70,24.20,21.80,25.90,21.70,21.10,21.40,20.10,20.10,22.00,24.30,22.30,21.10,24.30,25.60,24.90,21.10,25.60,21.60,25.70,25.00
TLM_RCV,-64,FG-ALPHA,1713170405,AUTO,0,31.06,5.00,-85,99.96,8.34,3.28,5.02,0,412,0,257,22.06,1013.60,12.00,405.80,12.81,50.35,1,1713170363,GSN-01,-86,25.60,81.50,46,0,0,7.79,85,9.80,25.30,24.70,23.70,22.90,21.60,20.60,23.80,25.40,25.60,23.10,24.30,21.10,21.00,23.30,20.60,20.90,24.10,25.90,23.90,21.30,24.50,24.40,25.50,24.40,25.70,24.80,22.10,22.30,23.10,23.80,25.50,25.20,25.60,25.10,21.50,22.20,20.20,22.10,21.70,25.00,24.20,24.80,24.00,25.10,23.00,24.20,24.30,24.20,23.20,21.10,21.00,24.50,22.40,23.10,21.10,23.50,22.60,25.20,25.80,24.20,20.90,23.80,21.30,20.00
TLM_RCV,-75,FG-ALPHA,1713170406,AUTO,0,33.33,5.00,-85,100.00,8.33,3.30,5.02,1097,465,0,307,23.16,1012.70,11.80,406.20,12.81,50.35,1,1713170350,GSN-01,-88,25.40,82.20,43,0,0,7.78,85,9.80,21.00,21.00,20.30,23.70,20.40,22.60,25.00,23.70,22.40,20.40,21.10,22.40,25.00,20.80,25.90,21.60,24.30,25.20,21.20,21.20,25.70,25.50,23.90,23.40,22.30,23.20,20.30,21.00,21.30,20.20,21.60,24.10,20.50,20.20,20.80,24.00,22.50,22.30,21.70,24.90,20.70,25.40,22.80,22.60,25.50,21.80,22.20,23.00,25.70,25.30,25.60,24.20,21.30,24.30,21.80,24.00,21.00,24.70,24.90,24.70,25.50,24.10,22.80,25.70
TLM_RCV,-76,FG-ALPHA,1713170407,AUTO,0,33.26,5.00,-85,100.00,8.33,3.28,5.02,835,452,0,309,21.91,1012.70,11.80,405.80,12.81,50.35,1,1713170361,GSN-01,-72,25.20,82.20,41,0,1,7.81,84,9.81,20.00,23.70,23.60,21.30,21.70,23.80,25.20,21.50,24.20,22.50,24.10,21.90,22.70,24.40,24.10,20.10,25.40,20.60,22.20,21.90,21.10,20.80,22.10,21.90,25.10,23.90,21.00,22.50,20.00,25.20,20.20,23.10,23.40,24.50,21.70,24.00,22.00,22.20,21.70,20.80,22.40,20.10,22.10,21.80,23.70,25.00,24.80,21.50,22.60,23.50,22.30,21.60,23.40,24.00,21.90,21.20,20.50,23.40,25.00,25.20,25.40,25.40,20.70,25.40
TLM_RCV,-71,FG-ALPHA,1713170408,AUTO,0,31.27,5.00,-85,99.95,8.33,3.29,5.02,0,454,0,297,22.27,1013.20,12.10,406.30,12.81,50.35,1,1713170382,GSN-01,-90,24.10,75.60,44,0,0,7.82,84,9.81,20.80,24.90,24.30,23.70,22.10,20.50,23.70,24.20,20.60,21.70,24.10,20.50,20.00,22.40,22.70,20.40,25.20,25.60,20.40,71.70,25.30,21.40,25.90,24.80,23.30,22.50,21.10,21.60,21.60,25.60,23.10,20.00,20.70,20.00,25.00,22.10,25.70,25.70,25.40,22.00,22.90,20.60,23.20,25.20,21.30,23.20,22.20,24.20,20.60,20.50,20.10,22.40,22.90,25.70,25.40,24.70,24.90,24.70,25.60,25.60,21.80,25.40,24.20,21.60
TLM_RCV,-56,FG-ALPHA,1713170409,AUTO,0,31.27,5.00,-85,99.99,8.33,3.29,5.02,851,454,0,311,21.99,1012.80,11.90,406.30,12.81,50.35,1,1713170395,GSN-01,-91,24.60,75.60,45,0,0,7.78,85,9.82,23.10,22.30,23.60,20.00,23.60,20.50,22.40,25.60,20.00,23.90,25.10,24.10,24.00,20.40,24.50,20.60,22.80,25.20,24.30,21.40,25.70,23.30,22.60,25.50,20.30,20.00,25.80,23.20,25.80,20.00,21.50,24.20,25.50,25.50,22.00,24.70,20.60,24.20,20.80,20.00,22.90,21.60,21.00,24.10,24.20,24.10,24.90,21.00,20.10,25.60,22.20,20.40,20.20,24.20,22.00,25.80,25.50,24.80,24.60,21.50,25.90,20.40,23.30,24.10
TLM_RCV,-43,FG-ALPHA,1713170410,AUTO,0,32.10,5.00,-85,100.00,8.34,3.30,5.02,1095,419,0,260,23.38,1012.80,12.10,406.30,12.81,50.35,1,1713170393,GSN-01,-84,23.20,73.40,49,0,1,7.80,84,9.82,23.00,20.30,25.60,24.60,24.90,24.60,22.80,25.60,20.70,23.20,25.80,20.70,23.40,24.00,20.60,21.60,22.40,20.00,21.10,22.30,21.80,25.90,24.00,22.70,23.80,25.90,21.80,23.10,21.90,23.30,25.60,20.30,21.90,25.70,20.00,20.90,25.90,25.50,25.00,20.00,21.80,22.60,21.20,20.80,20.20,20.80,21.80,22.10,25.30,23.90,23.60,23.70,24.10,25.50,25.90,21.00,24.60,22.90,25.70,25.20,25.40,25.00,24.70,24.70
TLM_RCV,-71,FG-ALPHA,1713170411,AUTO,0,31.06,5.00,-85,99.96,8.34,3.31,5.02,0,412,0,263,22.06,1013.10,12.00,405.80,12.81,50.35,1,1713170374,GSN-01,-88,23.00,81.10,48,0,0,7.82,84,9.83,20.50,21.60,24.10,22.90,21.70,25.90,22.60,24.00,21.80,21.90,24.00,22.90,25.00,24.20,21.10,20.90,22.20,24.80,23.90,21.00,23.80,25.70,25.60,20.00,23.90,22.20,23.30,21.50,20.30,24.70,23.80,21.50,21.70,23.60,21.60,21.50,24.50,21.50,25.50,23.60,23.20,21.40,25.00,21.20,22.20,24.90,24.00,23.60,20.10,24.90,22.40,21.10,24.50,23.90,21.60,24.50,24.70,25.70,25.00,24.80,23.10,20.70,20.80,25.80
TLM_RCV,-52,FG-ALPHA,1713170412,AUTO,0,33.26,5.00,-85,99.91,8.33,3.28,5.02,0,451,0,295,22.25,1012.80,11.90,405.30,12.81,50.35,1,1713170402,GSN-01,-92,23.40,77.70,42,0,0,7.78,84,9.83,21.90,21.10,22.60,25.50,22.00,21.90,23.90,21.60,22.40,22.30,20.00,21.70,25.00,22.00,25.40,22.30,20.80,25.90,24.00,25.00,22.20,21.30,24.40,21.60,25.10,25.30,24.30,25.50,20.90,23.30,24.40,85.00,24.10,25.00,22.60,23.30,25.90,20.30,24.00,23.10,23.70,25.20,25.70,20.50,25.30,20.50,22.90,22.80,23.00,24.40,22.50,25.90,20.70,20.20,22.50,25.00,21.90,23.90,20.70,21.20,20.50,22.90,24.60,25.20
TLM_RCV,-93,FG-ALPHA,1713170413,AUTO,0,32.14,5.00,-85,99.97,8.34,3.28,5.02,1003,428,0,282,22.87,1013.60,11.80,405.10,12.81,50.35,1,1713170394,GSN-01,-83,25.70,74.60,40,0,0,7.81,84,9.84,21.60,21.30,21.90,22.80,23.70,23.90,22.40,21.90,23.00,20.40,24.60,22.50,23.30,24.50,21.90,24.50,25.20,22.70,21.50,20.60,20.00,23.00,21.10,22.50,24.30,21.10,25.80,25.90,24.40,24.30,22.60,22.30,24.20,23.70,25.50,21.30,22.70,20.80,23.30,23.70,21.30,20.60,23.80,22.10,22.90,25.30,21.80,24.40,25.50,23.80,23.30,25.90,24.80,21.30,20.80,24.80,20.20,20.80,25.60,25.80,24.60,20.10,25.70,22.40
TLM_RCV,-71,FG-ALPHA,1713170414,AUTO,0,32.15,5.00,-85,100.00,8.34,3.31,5.02,896,429,0,274,22.33,1013.40,12.10,405.30,12.81,50.35,1,1713170403,GSN-01,-77,25.10,81.80,48,0,0,7.81,85,9.84,25.40,23.00,21.60,24.80,21.60,20.30,25.60,23.60,20.30,22.30,25.70,21.80,20.10,24.20,25.70,22.50,22.90,22.30,25.00,20.40,20.80,24.20,21.10,20.80,21.40,20.40,23.30,23.90,24.10,21.70,25.50,24.30,23.40,21.90,25.40,22.70,25.60,25.20,20.00,21.20,23.80,20.20,20.60,21.10,20.20,24.70,22.20,21.50,24.40,23.40,23.50,25.90,25.40,21.00,21.30,24.40,20.30,24.80,25.00,21.80,22.70,21.00,22.20,24.60
TLM_RCV,-53,FG-ALPHA,1713170415,AUTO,0,32.08,5.00,-85,100.00,8.34,3.30,5.02,1147,415,0,274,23.66,1013.10,12.00,404.50,12.82,50.35,1,1713170396,GSN-01,-77,25.10,77.50,48,0,0,7.78,85,9.85,22.40,23.80,22.30,20.30,20.60,21.80,24.10,20.70,24.00,21.40,25.20,23.00,20.50,20.60,21.60,22.40,24.70,22.50,22.80,25.30,20.40,24.10,22.90,21.40,25.60,21.30,22.90,23.00,20.80,21.00,24.30,23.00,24.50,22.50,21.00,24.60,23.00,22.00,22.30,20.30,22.60,22.60,20.60,20.70,20.20,23.00,24.20,23.30,23.40,23.60,24.10,25.40,20.80,24.30,21.10,24.90,22.80,22.90,22.80,23.00,21.60,21.60,24.80,24.20
TLM_RCV,-71,FG-ALPHA,1713170416,AUTO,0,32.30,5.00,-85,100.00,8.33,3.28,5.02,983,460,0,318,22.61,1012.90,12.00,406.10,12.82,50.35,1,1713170389,GSN-01,-84,25.50,78.70,46,0,0,7.82,85,9.85,23.70,24.20,21.20,20.60,24.70,24.20,21.70,23.90,24.80,20.70,25.20,25.90,21.40,25.20,25.70,23.70,20.90,21.80,22.10,23.50,21.00,21.70,21.50,25.50,25.00,23.90,22.90,20.40,21.60,22.00,20.20,21.70,24.80,22.80,21.30,24.70,25.90,23.20,25.10,20.40,25.40,20.00,25.90,20.10,23.20,25.40,24.70,25.80,25.40,23.70,20.20,25.30,23.90,25.10,21.00,22.50,21.30,24.50,21.20,23.30,23.50,23.40,20.90,24.20
TLM_RCV,-52,FG-ALPHA,1713170417,AUTO,0,31.14,5.00,-85,100.00,8.34,3.30,5.02,1158,427,0,282,23.66,1013.10,11.80,405.20,12.82,50.35,1,1713170392,GSN-01,-87,23.60,77.80,49,0,0,7.82,84,9.86,23.10,21.30,23.20,25.80,25.30,20.30,21.50,23.70,22.70,25.00,21.80,25.50,21.10,23.90,22.10,24.30,21.10,22.60,20.00,25.40,20.10,20.50,23.20,23.80,22.70,24.30,22.40,25.40,20.20,20.90,22.70,22.20,21.00,21.10,25.10,20.30,20.10,22.90,25.60,21.30,23.70,23.80,24.90,22.10,22.30,23.40,21.50,24.50,20.10,24.70,22.10,25.60,24.00,21.10,22.40,20.40,23.20,23.80,25.10,25.80,23.00,22.70,21.30,22.90
TLM_RCV,-79,FG-ALPHA,1713170418,AUTO,0,33.10,5.00,-85,99.96,8.34,3.29,5.02,0,420,0,265,22.10,1013.40,11.90,406.30,12.82,50.35,1,1713170362,GSN-01,-95,23.30,78.60,45,0,0,7.81,84,9.86,21.20,21.10,24.90,23.20,23.40,24.10,23.10,23.30,22.50,20.90,20.30,22.70,25.70,22.90,23.40,21.50,25.80,21.40,20.30,20.80,25.00,21.60,20.40,21.10,24.60,23.50,25.00,22.80,22.70,23.60,23.50,23.40,21.90,24.70,24.00,25.90,21.30,23.90,24.40,20.80,20.10,25.20,23.30,25.50,21.30,23.40,24.80,24.90,23.10,22.60,21.30,20.50,21.90,21.50,21.40,22.90,21.50,23.80,25.60,24.90,22.80,25.20,24.60,25.90
TLM_RCV,-61,FG-ALPHA,1713170419,AUTO,0,33.15,5.00,-85,100.00,8.34,3.30,5.02,1025,429,0,279,22.98,1013.00,12.00,404.70,12.82,50.35,1,1713170369,GSN-01,-81,23.70,74.60,40,1,0,7.79,84,9.87,23.30,21.10,21.70,24.50,22.20,23.70,20.50,20.00,22.70,21.60,20.70,25.60,22.50,24.80,20.00,25.40,23.00,20.80,20.80,21.20,20.50,25.40,21.00,25.90,23.90,24.80,23.90,22.50,25.20,23.80,21.00,24.60,25.60,22.20,23.20,23.90,25.40,24.80,23.20,22.00,23.00,20.90,24.00,23.90,23.00,20.80,20.80,20.40,25.00,25.50,20.10,20.20,20.50,20.70,25.80,21.20,25.10,25.30,22.40,22.40,21.90,21.30,23.10,25.80
TLM_RCV,-80,FG-ALPHA,1713170420,AUTO,0,31.34,5.00,-85,100.00,8.33,3.28,5.02,924,469,0,316,22.27,1012.70,11.90,405.70,12.82,50.35,1,1713170408,GSN-01,-88,24.70,74.20,47,0,0,7.79,84,9.87,20.20,23.00,24.40,20.00,25.90,25.40,23.80,21.60,24.90,23.80,25.30,20.60,23.60,21.20,21.80,22.40,20.80,22.40,22.70,21.30,21.60,21.20,25.80,22.70,20.10,25.00,22.90,20.40,20.30,20.60,24.00,22.50,24.50,23.60,20.00,24.30,25.60,22.40,25.20,23.30,22.90,23.70,25.50,20.00,21.00,21.00,25.80,22.50,24.30,23.70,23.10,21.20,24.70,22.00,23.00,24.00,23.80,23.40,23.90,20.30,21.10,21.30,25.00,21.90
TLM_RCV,-47,FG-ALPHA,1713170421,AUTO,0,33.48,5.00,-85,99.95,8.32,3.30,5.02,0,496,0,344,22.48,1013.60,11.80,404.80,12.82,50.35,1,1713170386,GSN-01,-90,24.80,81.60,41,0,0,7.82,85,9.88,20.80,23.90,25.70,21.10,21.00,25.20,22.20,25.30,24.00,23.20,20.50,25.60,21.50,24.50,21.20,22.60,23.20,21.30,22.80,20.40,20.50,22.70,21.10,23.80,23.80,23.00,23.10,21.40,21.30,25.80,23.60,22.60,24.90,21.10,23.40,22.60,22.30,20.80,22.80,21.30,24.90,20.30,20.80,22.70,24.60,25.10,21.50,24.50,20.10,20.10,21.80,24.90,20.70,23.80,24.70,24.80,21.60,25.10,25.60,20.50,23.00,21.60,25.60,21.70
TLM_RCV,-70,FG-ALPHA,1713170422,AUTO,0,31.34,5.00,-85,100.00,8.33,3.29,5.02,1094,468,0,315,23.13,1013.10,12.10,404.60,12.82,50.35,1,1713170407,GSN-01,-83,23.30,75.30,42,0,0,7.79,84,9.88,25.30,24.30,22.90,24.00,25.30,24.90,22.80,24.10,21.90,24.00,22.00,24.90,20.10,20.40,20.50,24.90,25.90,20.10,20.10,24.30,20.50,21.40,21.30,24.70,23.50,21.20,24.50,25.80,21.30,21.50,21.90,21.40,23.40,23.00,22.50,22.90,20.90,20.70,23.70,25.30,20.80,25.00,25.20,21.50,24.20,25.20,24.60,20.80,24.50,22.60,25.60,23.20,22.50,21.80,22.70,22.40,25.60,24.40,23.90,24.00,25.40,22.70,24.50,22.40
TLM_RCV,-63,FG-ALPHA,1713170423,AUTO,0,31.32,5.00,-85,100.00,8.33,3.30,5.02,1127,463,0,307,23.32,1013.50,11.90,406.20,12.82,50.35,1,1713170391,GSN-01,-94,24.40,81.40,48,0,0,7.80,84,9.89,21.90,22.70,24.20,24.40,25.30,25.40,21.90,24.20,22.00,25.60,24.90,25.60,20.00,22.60,22.40,23.20,25.20,21.70,24.90,22.30,22.30,25.90,23.20,20.20,23.10,25.00,25.60,20.10,22.30,24.10,23.20,24.80,21.70,21.80,25.90,23.20,20.70,24.90,20.50,22.40,23.40,23.20,22.60,20.10,25.90,20.20,21.00,22.40,23.30,25.10,22.80,21.00,21.10,21.10,22.10,20.90,25.20,20.20,25.20,24.80,21.50,25.30,22.70,23.90
TLM_RCV,-94,FG-ALPHA,1713170424,AUTO,0,31.32,5.00,-85,100.00,8.33,3.28,5.02,1189,463,0,322,23.63,1013.40,12.00,406.10,12.82,50.35,1,1713170384,GSN-01,-87,24.60,78.30,49,0,0,7.78,84,9.89,25.60,21.40,22.80,21.70,21.50,22.30,23.80,20.30,25.60,25.30,21.30,25.60,23.90,23.70,22.80,23.40,22.90,24.90,25.70,24.20,24.50,23.30,25.50,22.30,24.50,24.80,24.40,20.60,21.70,25.70,21.80,21.40,23.60,21.10,24.30,24.00,21.60,24.10,22.00,24.90,20.90,21.00,20.00,23.80,20.00,22.70,22.60,20.50,23.70,23.30,23.20,24.70,22.90,24.20,22.90,25.00,23.90,25.00,22.30,21.80,21.70,21.40,22.50,24.60
TLM_RCV,-43,FG-ALPHA,1713170425,AUTO,0,32.24,5.00,-85,100.00,8.33,3.31,5.02,826,448,0,299,21.89,1012.70,12.00,405.00,12.83,50.35,1,1713170409,GSN-01,-92,25.40,75.30,45,0,0,7.79,84,9.90,24.50,21.70,23.50,23.40,25.00,21.20,20.00,20.40,21.90,22.20,21.60,20.00,25.80,23.30,22.40,20.10,22.20,23.30,21.40,25.70,21.30,24.10,22.80,24.50,24.70,24.00,23.70,21.30,22.70,89.20,22.00,25.00,23.70,25.80,20.50,25.00,23.80,24.60,23.40,22.40,25.10,24.10,21.80,24.00,24.40,25.30,21.00,20.30,24.30,21.00,25.10,25.20,24.10,23.00,20.30,25.50,24.20,20.10,22.40,23.90,21.30,21.80,24.10,21.40
TLM_RCV,-87,FG-ALPHA,1713170426,AUTO,0,33.36,5.00,-85,99.95,8.33,3.30,5.02,0,472,0,314,22.36,1012.80,11.90,405.60,12.83,50.35,1,1713170392,GSN-01,-86,25.80,82.00,48,0,0,7.81,84,9.90,21.50,25.30,22.40,24.70,24.80,24.20,23.00,25.70,24.00,20.70,21.50,22.10,22.70,22.80,23.20,24.80,22.00,22.40,22.60,22.00,20.10,20.30,25.70,23.20,25.70,21.70,25.20,21.70,23.70,22.90,20.10,21.20,24.60,23.80,20.70,22.90,24.50,20.10,20.10,23.20,21.60,21.70,23.40,25.30,21.40,23.60,22.70,23.40,23.20,21.50,21.30,21.10,23.70,24.60,24.70,20.40,20.30,22.00,21.90,22.40,23.40,21.60,24.70,25.80
TLM_RCV,-72,FG-ALPHA,1713170427,AUTO,0,32.23,5.00,-85,100.00,8.33,3.28,5.02,1047,446,0,301,23.00,1013.40,12.10,405.40,12.83,50.35,1,1713170391,GSN-01,-71,23.10,73.90,48,0,0,7.81,84,9.91,25.30,24.80,22.00,22.70,22.40,23.10,23.50,24.90,22.50,23.20,25.40,21.70,23.80,24.40,20.30,21.50,20.70,21.20,21.30,25.20,21.70,21.70,24.20,21.70,24.10,22.90,21.20,25.80,21.30,24.10,21.80,21.00,25.20,25.10,21.20,21.40,20.00,21.00,22.20,23.90,25.30,22.10,25.30,22.90,25.90,23.00,20.60,24.90,21.90,25.70,20.30,24.90,20.70,20.40,25.50,20.10,23.40,20.10,21.50,25.40,22.00,22.60,20.60,20.40
TLM_RCV,-79,FG-ALPHA,1713170428,AUTO,0,33.31,5.00,-85,100.00,8.33,3.31,5.02,1063,462,0,308,23.00,1013.40,12.10,405.80,12.83,50.35,1,1713170398,GSN-01,-82,23.50,74.40,48,0,0,7.79,85,9.91,23.10,22.00,23.20,20.00,23.50,22.60,20.80,20.70,22.10,24.60,24.90,20.00,22.10,20.00,21.30,21.20,24.40,21.60,25.00,23.20,25.40,23.30,21.20,23.60,23.90,21.40,25.20,21.90,21.30,23.70,22.80,20.90,23.00,20.40,20.00,23.90,21.10,22.10,25.60,21.20,20.80,25.40,25.20,23.80,23.40,25.70,22.90,25.20,22.30,20.70,20.30,25.40,25.30,21.20,24.70,21.20,23.50,20.10,22.40,21.90,22.70,25.10,22.70,25.30
TLM_RCV,-89,FG-ALPHA,1713170429,AUTO,0,32.15,5.00,-85,100.00,8.34,3.30,5.02,984,429,0,273,22.77,1013.30,12.00,405.20,12.83,50.35,1,1713170379,GSN-01,-95,23.00,74.60,41,0,0,7.81,84,9.92,22.60,23.70,20.50,20.00,20.30,22.30,25.60,22.90,24.80,25.30,23.20,23.70,25.40,24.30,20.70,21.60,23.50,24.50,24.00,20.30,22.70,22.00,21.60,21.40,23.40,20.40,25.70,25.70,23.50,23.60,20.20,21.40,22.40,23.90,22.70,20.10,21.60,21.50,24.30,23.50,20.60,22.60,22.90,23.00,23.00,23.10,20.90,25.70,20.30,20.80,23.60,21.30,22.50,22.80,24.20,24.80,22.80,20.30,23.30,22.30,21.90,22.30,20.60,23.40
TLM_RCV,-60,FG-ALPHA,1713170430,AUTO,0,31.14,5.00,-85,100.00,8.34,3.31,5.02,1103,428,0,284,23.37,1013.30,11.90,406.40,12.83,50.35,1,1713170398,GSN-01,-83,23.80,80.80,45,0,0,7.82,85,9.92,25.00,20.40,23.60,22.10,20.40,21.20,24.10,20.90,21.90,23.90,24.20,24.00,23.40,24.10,25.90,22.60,21.90,23.00,24.40,24.70,23.60,21.30,22.70,21.30,22.20,20.90,21.00,24.00,22.90,21.60,21.90,25.70,23.20,22.20,24.30,20.10,21.50,20.90,25.10,24.40,21.30,22.00,23.40,21.50,20.00,22.60,25.30,24.50,21.80,21.30,20.40,23.10,21.10,23.30,21.10,20.80,22.30,25.10,23.80,24.20,20.40,25.10,21.60,20.00
TLM_RCV,-60,FG-ALPHA,1713170431,AUTO,0,32.47,5.00,-85,100.00,8.33,3.28,5.02,1101,494,0,335,23.03,1013.30,11.90,405.80,12.83,50.35,1,1713170419,GSN-01,-76,23.70,78.20,47,0,0,7.81,84,9.93,23.00,25.10,25.60,22.90,25.30,24.70,21.90,20.10,20.50,25.00,25.00,25.40,20.90,21.30,20.50,25.70,22.20,22.90,25.00,22.60,20.80,20.30,24.10,20.40,21.70,23.50,24.70,23.60,23.50,20.20,24.50,20.10,23.50,20.40,22.90,22.10,21.00,22.70,20.10,20.20,24.30,24.10,24.20,23.10,21.20,22.80,21.40,23.10,22.40,20.90,21.30,21.00,23.30,22.80,25.20,23.10,23.60,22.10,21.70,22.20,25.00,22.90,23.40,21.20
TLM_RCV,-68,FG-ALPHA,1713170432,AUTO,0,33.38,5.00,-85,100.00,8.33,3.28,5.02,987,477,0,318,22.55,1013.00,11.90,404.80,12.83,50.35,1,1713170395,GSN-01,-72,23.70,81.30,41,0,0,7.80,85,9.93,23.30,22.80,23.20,21.60,22.30,21.80,22.90,25.70,25.00,25.70,25.70,23.50,25.60,21.80,20.60,23.40,21.30,23.50,22.80,22.40,23.60,20.60,25.40,25.70,21.80,21.30,23.80,25.10,25.20,24.60,24.90,21.50,25.60,25.00,23.90,23.60,23.20,21.70,23.20,22.80,24.60,24.60,22.40,21.00,24.00,25.70,21.90,21.00,23.40,22.10,22.50,21.50,20.30,24.60,21.80,25.90,20.60,25.30,24.60,24.80,24.60,24.00,23.50,22.50
TLM_RCV,-44,FG-ALPHA,1713170433,AUTO,0,32.26,5.00,-85,99.95,8.33,3.28,5.02,0,451,0,297,22.25,1013.00,11.90,405.50,12.83,50.35,1,1713170388,GSN-01,-77,24.30,74.10,42,0,0,7.78,85,9.94,22.80,22.10,24.80,21.40,21.10,24.30,20.20,21.90,23.80,20.70,20.80,20.00,25.90,23.50,20.80,25.40,23.20,23.80,25.20,21.40,25.50,23.60,22.90,24.10,24.80,20.40,21.60,21.40,20.80,25.90,22.20,23.10,20.70,22.20,22.70,20.10,21.30,21.80,21.90,22.00,20.90,24.90,20.60,23.80,20.80,21.80,22.40,24.00,25.60,21.60,21.00,23.50,25.70,23.00,25.50,25.30,23.40,25.80,22.20,22.00,23.10,23.20,22.10,24.90
TLM_RCV,-41,FG-ALPHA,1713170455,AUTO,0,32.10,5.00,-85,100.00,8.34,3.28,5.02,1000,421,0,266,22.90,1013.50,11.80,405.70,12.86,51.10,1,1713170444,GSN-01,-83,25.60,82.70,43,0,0,7.78,84,9.94,25.60,23.20,25.50,24.50,22.60,25.20,23.60,23.60,20.80,22.80,22.10,22.90,21.00,21.20,23.90,25.10,20.00,21.40,23.30,22.80,24.80,24.30,21.20,24.80,20.70,21.40,20.20,24.80,22.80,25.90,22.00,23.80,23.10,24.70,23.90,23.80,24.00,24.20,20.40,22.20,20.90,22.00,23.60,20.50,24.80,23.40,23.80,20.80,25.60,23.80,23.40,24.20,24.00,20.80,23.40,20.90,21.20,25.20,24.20,23.30,20.90,25.40,20.50,25.50
TLM_RCV,-66,FG-ALPHA,1713170456,AUTO,0,31.09,5.00,-85,99.96,8.34,3.31,5.02,0,419,0,269,22.09,1013.40,11.90,406.40,12.86,51.10,1,1713170417,GSN-01,-87,25.10,80.60,48,0,0,7.82,84,9.95,24.00,24.00,20.30,20.10,20.10,20.20,23.20,22.80,20.50,22.10,24.30,24.10,25.20,21.10,22.20,22.50,24.90,22.20,20.30,23.70,23.50,20.30,24.50,25.20,20.20,20.60,20.80,25.80,23.70,25.10,25.90,23.70,24.50,20.50,20.80,70.20,24.10,20.20,21.50,24.60,22.20,20.40,22.40,20.30,25.90,25.50,25.50,23.20,24.80,24.00,23.60,20.00,22.70,22.60,24.90,22.40,25.30,24.40,21.30,21.00,23.40,23.80,25.50,21.20
TLM_RCV,-82,FG-ALPHA,1713170457,AUTO,0,31.42,5.00,-85,99.91,8.33,3.31,5.02,0,483,0,329,22.42,1013.10,12.10,405.40,12.86,51.10,1,1713170404,GSN-01,-74,24.00,74.50,40,0,0,7.80,85,9.95,20.80,20.80,23.90,21.80,22.00,21.60,25.90,23.80,20.90,21.30,21.60,25.20,22.30,25.30,23.10,24.20,22.30,24.60,25.20,21.20,21.50,23.50,21.10,20.30,24.60,24.10,25.50,20.80,21.70,23.60,25.00,22.20,23.50,24.70,25.10,20.60,21.80,25.80,23.10,20.90,23.90,23.80,24.10,25.20,20.60,22.40,21.30,25.00,25.90,24.50,22.80,22.50,20.80,22.90,21.50,21.40,20.20,24.30,20.20,20.80,22.30,20.50,22.50,21.90
TLM_RCV,-59,FG-ALPHA,1713170458,AUTO,0,33.22,5.00,-85,99.97,8.33,3.28,5.02,1053,444,0,291,23.05,1012.70,11.80,406.10,12.86,51.10,1,1713170413,GSN-01,-90,23.10,77.50,44,0,0,7.78,84,9.96,24.90,23.80,24.40,21.60,22.80,21.40,23.60,23.30,20.00,25.90,23.80,25.40,21.10,24.10,25.20,20.00,25.80,22.90,24.40,22.80,25.50,25.30,23.70,25.60,25.50,21.20,21.90,25.10,25.90,25.10,25.20,21.70,21.00,20.60,24.80,21.40,21.90,25.40,24.30,22.00,23.40,20.90,22.10,24.00,25.90,23.70,22.70,21.20,20.60,24.60,23.20,25.20,24.50,20.60,21.30,24.00,25.30,24.30,23.30,24.60,20.70,23.80,24.00,20.50
TLM_RCV,-75,FG-ALPHA,1713170459,AUTO,0,31.42,5.00,-85,100.00,8.33,3.29,5.02,1095,484,0,335,23.06,1013.40,12.00,405.50,12.86,51.10,1,1713170422,GSN-01,-72,24.90,76.10,44,0,0,7.78,85,9.96,21.70,22.60,25.30,24.70,23.20,22.00,23.30,25.60,21.30,25.70,21.30,22.30,23.00,22.10,21.00,21.90,22.10,24.70,24.00,25.00,21.20,23.20,25.90,20.50,23.50,21.10,20.60,20.30,22.20,24.60,22.30,25.20,20.30,25.20,20.70,24.50,25.50,24.50,23.40,20.30,73.20,23.50,25.90,20.10,24.00,23.60,20.80,23.00,22.30,20.60,25.00,20.70,22.90,22.80,20.70,22.50,20.10,21.80,22.20,24.80,24.20,22.50,25.50,24.00
TLM_RCV,-91,FG-ALPHA,1713170460,AUTO,0,31.17,5.00,-85,100.00,8.33,3.30,5.02,1199,434,0,293,23.83,1013.30,11.80,406.20,12.86,51.10,1,1713170437,GSN-01,-89,25.40,80.60,42,0,0,7.78,84,9.97,20.70,23.20,24.40,25.30,20.30,20.40,22.60,22.30,20.20,24.10,20.00,25.10,20.40,22.70,20.00,20.50,22.10,21.30,23.50,24.70,22.40,22.40,23.50,25.20,22.60,24.50,25.80,23.70,24.20,21.70,23.30,22.60,25.20,20.60,24.20,21.10,22.60,21.40,20.50,23.30,22.90,21.90,23.30,20.30,21.20,25.00,21.70,22.10,21.30,24.00,21.00,20.80,23.80,20.00,20.80,22.50,21.00,21.10,20.90,22.40,20.20,20.10,22.90,22.30
TLM_RCV,-89,FG-ALPHA,1713170461,AUTO,0,31.17,5.00,-85,99.96,8.33,3.31,5.02,0,434,0,280,22.17,1013.50,12.00,404.70,12.86,51.10,1,1713170421,GSN-01,-77,24.80,80.70,43,0,0,7.79,85,9.97,25.20,20.20,20.10,23.40,22.30,21.10,24.20,24.40,22.50,25.30,20.10,23.80,25.50,20.40,21.90,22.50,20.70,23.50,21.80,25.90,25.70,23.90,24.50,25.60,25.50,21.80,25.40,23.40,24.60,23.20,22.40,24.90,25.60,21.60,20.10,24.60,22.50,25.60,21.40,24.90,25.30,25.80,22.50,24.30,21.80,23.20,21.80,21.20,25.80,20.30,25.80,23.50,25.30,24.70,23.90,25.90,25.80,24.60,22.50,25.50,23.20,25.90,24.40,22.20
TLM_RCV,-73,FG-ALPHA,1713170462,AUTO,0,32.24,5.00,-85,100.00,8.33,3.30,5.02,864,447,0,295,22.08,1013.40,11.80,404.70,12.86,51.10,1,1713170444,GSN-01,-79,23.20,79.40,46,0,0,7.79,84,9.98,24.00,24.80,20.30,23.80,21.10,24.10,25.30,25.10,20.80,24.40,22.80,21.40,21.70,23.00,21.00,22.50,20.90,25.60,20.30,21.80,21.70,21.60,22.90,21.20,22.20,21.10,21.70,20.90,21.80,25.40,21.90,23.20,21.60,22.50,24.80,25.60,23.10,21.10,21.10,24.80,20.60,20.10,22.80,22.80,22.40,21.90,24.80,22.30,20.70,22.90,23.50,23.00,23.40,22.10,25.80,25.60,22.40,20.10,23.50,20.80,23.70,23.80,22.50,25.90
TLM_RCV,-50,FG-ALPHA,1713170463,AUTO,0,31.44,5.00,-85,100.00,8.33,3.30,5.02,988,489,0,345,22.50,1013.10,12.00,404.50,12.86,51.10,1,1713170417,GSN-01,-81,25.30,77.50,46,0,0,7.81,84,9.98,21.00,20.10,25.50,23.90,22.10,20.00,23.50,23.20,25.00,25.40,20.30,20.40,24.50,22.50,23.50,25.00,23.00,21.90,21.40,24.30,21.70,21.70,20.00,22.50,21.90,23.70,21.00,23.40,20.00,23.50,20.60,22.80,25.50,23.10,23.80,24.10,25.70,21.60,23.80,24.80,22.80,23.70,21.10,21.30,21.70,21.40,20.00,22.20,23.80,24.50,20.80,24.10,25.60,23.60,23.40,21.30,25.70,21.00,22.50,21.60,24.30,24.30,25.20,21.20
TLM_RCV,-59,FG-ALPHA,1713170464,AUTO,0,31.44,5.00,-85,100.00,8.33,3.28,5.02,925,489,0,342,22.18,1013.20,12.00,405.10,12.86,51.10,1,1713170429,GSN-01,-83,23.60,76.70,47,0,0,7.78,85,9.99,22.30,25.80,22.60,23.80,23.90,23.00,24.30,23.30,23.50,21.50,21.90,21.10,25.20,24.40,21.00,24.40,20.20,23.60,21.90,21.30,25.30,25.60,22.20,22.30,20.20,23.80,23.00,23.70,21.00,25.10,22.40,22.40,25.00,21.80,25.30,23.60,20.50,22.10,24.00,21.80,21.70,24.70,20.10,22.60,20.10,20.90,23.80,21.50,20.30,25.00,23.10,25.80,23.30,24.30,24.60,22.00,23.70,21.60,21.50,23.40,24.90,24.20,21.60,22.00
TLM_RCV,-60,FG-ALPHA,1713170465,AUTO,0,31.17,5.00,-85,100.00,8.33,3.29,5.02,890,434,0,281,22.28,1013.10,12.00,404.50,12.87,51.10,1,1713170412,GSN-01,-89,24.40,77.40,43,0,1,7.80,85,9.99,24.80,21.40,20.90,22.60,24.00,25.50,23.50,20.20,23.50,22.30,25.90,24.10,20.60,20.20,24.90,23.00,24.90,23.20,23.10,21.00,22.90,24.10,22.70,22.50,20.80,25.60,23.80,25.20,25.80,25.60,21.80,20.50,24.20,20.10,22.30,20.80,23.90,21.40,20.40,24.90,20.10,24.50,22.20,20.80,21.90,21.70,22.80,24.20,20.70,22.20,24.20,25.70,21.00,25.50,20.30,24.80,21.60,22.20,24.00,20.80,25.30,25.30,21.20,25.70
TLM_RCV,-63,FG-ALPHA,1713170466,AUTO,0,32.06,5.00,-85,100.00,8.34,3.31,5.02,921,413,0,265,22.54,1013.50,11.80,405.80,12.87,51.10,1,1713170416,GSN-01,-84,24.90,81.10,40,0,0,7.79,85,10.00,21.80,25.90,22.10,25.60,25.10,25.50,24.90,25.10,23.90,23.00,25.30,20.00,20.50,22.10,22.90,21.20,21.10,20.20,21.30,23.40,20.90,20.50,25.60,21.90,23.20,22.40,21.80,25.40,22.30,20.80,20.70,23.30,23.00,22.80,23.90,20.90,24.90,21.20,20.10,24.10,23.50,25.80,21.70,25.30,24.00,22.90,25.50,22.60,25.70,24.00,24.30,20.70,23.80,23.20,20.20,20.60,24.10,20.80,23.80,21.00,23.90,24.70,22.50,24.60
TLM_RCV,-81,FG-ALPHA,1713170467,AUTO,0,32.98,5.00,-85,99.96,8.34,3.30,5.02,0,396,0,255,21.98,1012.90,11.80,405.90,12.87,51.10,1,1713170429,GSN-01,-81,24.00,75.50,42,0,0,7.81,85,10.00,22.70,23.00,23.70,20.90,22.10,24.60,21.40,22.40,22.30,23.60,22.40,24.50,24.90,22.90,23.00,25.80,21.10,24.80,23.40,22.80,23.30,23.50,24.00,25.80,23.90,20.90,20.70,23.20,22.70,25.80,24.10,25.90,21.70,22.30,25.10,24.30,25.50,25.50,20.70,22.40,21.90,25.50,22.60,24.80,21.20,20.90,25.70,20.60,22.90,20.90,25.80,22.60,20.80,20.80,22.10,20.10,25.50,21.80,24.30,21.70,21.60,24.60,25.90,24.30
TLM_RCV,-88,FG-ALPHA,1713170468,AUTO,0,32.35,5.00,-85,100.00,8.33,3.28,5.02,1168,470,0,316,23.49,1013.60,12.10,406.40,12.87,51.10,1,1713170423,GSN-01,-90,24.90,75.70,41,0,0,7.81,84,10.01,22.50,23.40,25.60,23.30,24.50,20.30,21.70,23.20,21.30,24.00,25.40,20.50,24.70,25.20,23.00,20.50,21.30,20.50,23.40,20.70,22.10,21.60,24.70,24.60,23.80,24.70,24.50,20.00,24.90,20.10,22.20,23.50,20.50,80.30,21.20,23.30,22.40,25.20,20.50,20.90,22.80,22.10,21.40,21.90,23.40,25.50,25.00,24.70,21.30,24.20,23.10,25.50,25.40,25.90,20.00,25.00,22.90,25.80,25.10,25.90,25.70,24.70,23.20,22.20
TLM_RCV,-65,FG-ALPHA,1713170469,AUTO,0,32.32,5.00,-85,100.00,8.33,3.28,5.02,909,464,0,313,22.23,1013.50,11.80,404.50,12.87,51.10,1,1713170453,GSN-01,-88,24.80,76.20,41,0,0,7.80,84,10.01,23.80,24.60,23.90,20.30,25.00,23.30,23.70,24.50,21.70,21.30,21.30,23.70,24.30,24.80,22.90,20.20,24.80,21.90,25.70,21.80,24.50,23.50,24.10,21.10,22.90,25.10,24.90,25.60,22.60,23.80,22.50,24.00,21.50,22.00,23.30,23.70,22.90,23.50,23.70,24.10,21.80,25.90,24.00,20.90,23.70,25.90,20.00,22.70,21.20,25.60,25.00,23.90,25.10,20.00,21.50,22.80,25.80,24.70,20.30,22.60,21.80,24.10,23.80,21.60
TLM_RCV,-52,FG-ALPHA,1713170470,AUTO,0,32.33,5.00,-85,100.00,8.33,3.30,5.02,1017,467,0,318,22.75,1013.10,12.10,404.60,12.87,51.10,1,1713170451,GSN-01,-88,23.10,80.30,44,1,0,7.78,84,10.02,25.60,23.10,24.90,25.00,22.70,20.00,23.40,22.70,20.90,23.10,22.60,25.50,20.80,25.40,25.80,25.90,21.60,25.10,22.40,25.00,24.70,25.30,23.70,23.20,23.10,21.70,24.00,24.10,21.90,23.80,24.00,24.20,20.60,22.80,20.70,25.70,25.80,20.10,23.20,20.90,24.60,22.30,25.70,21.20,21.90,25.50,24.30,24.10,24.70,25.80,22.00,20.70,20.90,24.50,22.60,20.20,21.10,23.20,20.50,20.40,20.90,22.50,22.70,20.40
TLM_RCV,-93,FG-ALPHA,1713170471,AUTO,0,31.48,5.00,-85,100.00,8.33,3.31,5.02,1003,495,0,349,22.54,1013.30,12.00,405.50,12.87,51.10,1,1713170415,GSN-01,-80,24.60,76.40,44,0,0,7.80,84,10.02,20.90,22.30,23.20,23.70,24.70,25.50,21.60,23.60,25.30,25.10,22.90,20.60,21.60,20.90,25.80,20.40,25.70,20.10,20.40,23.00,23.70,25.00,22.80,24.50,23.50,21.70,24.10,20.00,22.30,21.10,21.40,21.50,21.50,25.80,23.90,21.00,21.00,23.60,24.10,25.60,20.50,20.70,21.80,23.10,22.50,20.00,25.60,23.10,23.80,25.40,25.60,25.70,20.50,25.00,24.20,22.10,21.50,20.00,22.60,25.50,20.80,20.40,22.90,21.30
TLM_RCV,-61,FG-ALPHA,1713170472,AUTO,0,32.29,5.00,-85,100.00,8.33,3.29,5.02,1139,458,0,314,23.41,1013.00,11.80,405.00,12.87,51.10,1,1713170440,GSN-01,-73,24.60,76.90,49,0,1,7.79,85,10.03,20.20,23.70,24.00,24.60,24.80,20.70,20.70,24.70,20.70,25.90,22.00,24.30,22.20,24.20,22.50,25.80,22.30,20.40,23.70,21.20,21.70,20.40,23.40,20.40,24.60,25.00,24.70,21.80,22.90,23.90,22.10,22.30,25.30,23.60,22.70,22.20,21.40,25.00,21.00,25.30,21.70,20.10,20.70,20.70,21.20,20.90,25.80,21.50,21.10,25.50,23.90,23.90,22.80,22.30,21.20,22.20,20.70,20.30,20.90,23.00,22.00,20.60,25.30,22.30
TLM_RCV,-77,FG-ALPHA,1713170473,AUTO,0,31.39,5.00,-85,99.95,8.33,3.31,5.02,0,477,0,336,22.39,1012.80,12.00,404.90,12.87,51.10,1,1713170414,GSN-01,-82,24.70,80.30,43,0,0,7.79,85,10.03,24.20,24.90,24.20,21.90,23.90,21.50,25.90,22.90,23.50,25.10,20.00,20.30,23.10,22.10,22.90,21.20,24.30,21.40,25.50,20.30,24.90,25.10,23.00,22.90,21.30,22.50,21.40,22.90,22.60,25.20,22.20,21.00,24.10,20.30,21.90,21.20,24.40,20.90,21.30,25.70,20.90,25.90,21.50,25.50,21.80,22.70,23.80,25.90,23.20,20.00,24.60,20.40,20.40,22.00,23.10,24.80,23.00,20.30,24.80,22.30,22.40,25.70,25.40,21.20
TLM_RCV,-84,FG-ALPHA,1713170474,AUTO,0,31.12,5.00,-85,100.00,8.34,3.28,5.02,1046,424,0,279,23.11,1013.30,11.90,405.70,12.87,51.10,1,1713170416,GSN-01,-89,25.60,79.60,48,0,0,7.80,84,10.04,20.30,24.60,24.40,23.90,23.80,25.30,23.30,21.50,22.50,24.80,23.90,25.30,23.80,25.60,24.10,25.40,25.40,24.70,25.80,20.80,23.10,21.70,23.90,23.30,22.30,25.20,21.90,25.60,22.10,20.40,22.40,23.90,20.30,25.40,25.00,22.10,22.40,24.70,20.10,24.20,20.20,21.10,21.10,20.40,24.00,21.90,20.90,25.90,21.10,22.00,23.70,24.90,21.30,25.50,21.20,20.20,25.10,23.70,24.70,23.10,23.90,24.40,22.70,20.00
TLM_RCV,-78,FG-ALPHA,1713170475,AUTO,0,32.47,5.00,-85,100.00,8.33,3.31,5.02,832,494,0,337,21.69,1013.40,11.90,404.90,12.88,51.10,1,1713170464,GSN-01,-71,23.60,73.40,47,0,0,7.81,84,10.04,21.20,22.20,25.40,20.70,25.70,22.90,25.50,22.20,21.50,23.30,25.80,24.70,25.80,21.40,21.60,20.50,22.80,23.70,20.40,25.60,20.10,24.10,21.70,21.70,23.40,23.10,24.30,20.80,23.30,25.50,25.90,22.50,25.90,22.20,21.90,24.30,22.30,25.70,22.70,22.60,25.60,21.40,22.90,25.30,20.00,25.90,25.90,24.60,24.00,25.70,23.90,22.70,21.50,22.40,23.40,20.10,24.60,25.80,23.60,24.90,25.40,20.90,21.60,22.60
TLM_RCV,-76,FG-ALPHA,1713170476,AUTO,0,31.26,5.00,-85,100.00,8.33,3.28,5.02,811,453,0,302,21.79,1013.10,11.80,405.10,12.88,51.10,1,1713170418,GSN-01,-87,25.30,82.00,44,0,0,7.78,84,10.05,23.90,22.90,25.10,24.80,22.20,24.10,21.30,23.70,20.40,21.60,22.50,24.90,22.70,22.10,22.70,20.90,21.50,21.60,24.10,25.70,21.80,22.90,25.50,23.80,24.90,20.90,21.70,25.80,20.20,24.00,22.50,22.00,23.70,23.90,23.50,21.30,20.20,21.20,23.00,21.20,25.10,22.40,25.80,24.10,25.60,20.60,20.10,20.00,21.20,25.10,20.00,20.80,25.20,24.90,25.90,23.90,24.90,23.20,23.80,22.40,20.20,22.30,24.00,25.90
TLM_RCV,-94,FG-ALPHA,1713170477,AUTO,0,31.38,5.00,-85,100.00,8.33,3.30,5.02,815,476,0,322,21.69,1012.90,11.80,404.80,12.88,51.10,1,1713170427,GSN-01,-79,23.00,75.10,46,0,0,7.81,85,10.05,22.30,20.40,22.40,20.50,23.00,24.60,21.40,24.70,20.70,21.00,21.10,20.50,22.50,25.50,23.50,24.20,20.20,21.20,21.70,21.10,23.40,23.40,24.70,22.50,20.60,25.10,23.70,21.80,25.60,24.20,23.40,21.90,23.70,20.40,20.60,21.10,22.70,23.50,21.50,23.60,22.80,24.20,25.60,23.90,22.10,23.50,22.80,24.80,20.20,25.10,21.20,22.30,25.90,21.00,22.40,24.70,25.30,20.90,23.70,21.90,24.80,24.70,24.90,22.40
TLM_RCV,-81,FG-ALPHA,1713170478,AUTO,0,31.20,5.00,-85,100.00,8.33,3.28,5.02,1123,441,0,299,23.41,1013.40,12.00,406.30,12.88,51.10,1,1713170461,GSN-01,-91,23.00,77.10,43,0,0,7.80,85,10.06,22.00,21.60,20.30,24.20,23.30,20.90,25.20,23.50,22.60,21.20,22.20,20.40,23.50,23.80,20.70,25.30,22.50,25.10,24.20,20.30,24.10,25.90,22.10,21.10,21.60,21.90,20.80,22.60,23.70,24.10,20.70,20.50,21.20,21.20,25.30,21.30,23.00,23.60,25.20,22.00,21.90,20.10,25.20,21.40,20.50,22.30,20.60,23.90,20.50,23.40,24.20,20.40,22.10,22.80,21.20,25.80,23.10,25.90,24.10,21.60,23.10,22.10,24.20,22.30
TLM_RCV,-76,FG-ALPHA,1713170479,AUTO,0,31.11,5.00,-85,100.00,8.34,3.30,5.02,945,423,0,267,22.61,1013.50,12.10,405.20,12.88,51.10,1,1713170439,GSN-01,-93,23.00,74.30,43,0,0,7.78,84,10.06,22.40,22.20,23.00,20.40,20.60,24.00,22.10,25.80,22.90,25.00,25.10,24.30,25.60,23.50,23.20,23.90,21.90,25.70,23.60,25.40,22.40,25.70,24.80,20.40,25.10,21.60,23.30,23.80,24.40,20.40,23.40,20.10,22.00,22.30,22.30,24.00,25.80,24.50,23.60,24.50,20.40,25.00,22.40,20.20,22.90,20.00,21.50,25.90,24.40,25.60,20.70,23.70,24.40,21.30,23.00,24.30,24.40,25.80,25.10,21.70,25.50,22.70,25.50,25.00
TLM_RCV,-88,FG-ALPHA,1713170480,AUTO,0,32.12,5.00,-85,100.00,8.34,3.28,5.02,1026,423,0,268,23.01,1013.20,11.90,406.40,12.88,51.10,1,1713170443,GSN-01,-72,23.10,79.90,43,0,1,7.79,85,10.07,24.40,20.00,20.90,23.00,23.60,22.40,24.10,25.70,24.00,25.80,21.00,24.90,21.30,23.60,22.20,21.20,23.50,23.70,22.20,22.60,23.70,24.30,25.90,25.20,20.70,23.20,21.20,20.70,25.70,21.60,21.50,20.30,23.30,20.60,25.60,20.10,21.40,22.00,20.50,22.70,23.40,21.10,25.70,24.60,25.90,25.30,25.10,24.30,23.10,23.00,22.70,23.80,21.80,23.10,22.20,20.20,20.10,21.50,24.00,20.20,20.10,25.30,20.50,25.10
TLM_RCV,-90,FG-ALPHA,1713170481,AUTO,0,32.12,5.00,-85,100.00,8.34,3.29,5.02,871,423,0,264,22.24,1013.40,12.10,405.40,12.88,51.10,1,1713170428,GSN-01,-73,24.10,82.40,49,0,1,7.81,84,10.07,21.60,24.70,23.20,25.00,20.60,23.80,21.40,24.90,21.50,24.00,25.90,25.00,21.00,22.40,23.90,23.10,23.30,22.80,25.70,25.00,24.50,22.60,22.80,22.10,20.70,23.70,23.20,24.40,21.20,22.10,24.70,23.20,21.20,24.50,20.80,20.90,25.40,21.40,25.20,24.30,22.60,23.10,20.40,23.80,25.80,24.30,22.60,23.30,25.20,22.50,22.70,23.70,22.50,21.10,23.70,21.00,21.90,22.90,22.50,22.30,20.40,22.60,24.00,23.00
TLM_RCV,-65,FG-ALPHA,1713170482,AUTO,0,33.28,5.00,-85,100.00,8.33,3.31,5.02,1110,455,0,313,23.27,1012.90,11.80,404.60,12.88,51.10,1,1713170447,GSN-01,-73,24.20,77.90,46,0,0,7.79,85,10.08,22.40,23.20,21.00,23.00,23.20,22.50,21.30,20.50,21.60,25.20,24.10,20.20,21.70,23.30,23.50,25.60,23.40,25.50,21.50,25.30,21.20,20.90,23.90,21.60,20.70,21.40,22.00,23.70,21.10,21.80,25.90,24.70,22.80,20.40,25.90,25.40,23.30,25.10,21.00,24.90,25.80,23.00,23.20,25.70,24.30,25.90,23.70,24.60,24.30,21.90,24.80,25.20,25.10,23.80,24.70,21.90,22.80,22.70,21.80,22.10,22.00,21.70,20.40,20.20
TLM_RCV,-59,FG-ALPHA,1713170483,AUTO,0,33.24,5.00,-85,100.00,8.33,3.28,5.02,1038,448,0,306,22.95,1013.30,12.10,404.50,12.88,51.10,1,1713170432,GSN-01,-78,24.20,78.00,44,0,0,7.80,84,10.08,21.90,22.60,23.90,25.50,22.10,21.90,25.70,20.90,22.40,21.70,24.10,23.60,24.80,21.70,21.30,25.30,21.60,23.10,25.70,24.90,21.90,24.10,20.80,20.60,21.20,23.50,23.70,23.70,21.00,22.90,23.70,23.70,22.60,20.50,20.10,23.70,22.30,24.40,23.10,25.40,25.20,22.50,25.70,21.40,22.40,22.40,21.80,23.80,25.40,24.00,25.80,21.70,22.00,23.50,24.40,24.60,24.60,20.20,20.70,24.20,25.50,21.60,24.80,21.50
TLM_RCV,-92,FG-ALPHA,1713170484,AUTO,0,32.20,5.00,-85,100.00,8.33,3.29,5.02,929,440,0,286,22.44,1012.80,12.00,404.80,12.88,51.10,1,1713170440,GSN-01,-81,23.30,83.10,43,0,0,7.78,85,10.09,21.00,21.30,24.00,25.90,20.00,20.00,24.90,21.90,20.00,25.70,20.00,24.20,24.10,25.30,20.40,20.40,24.70,20.60,23.60,24.90,25.00,24.80,23.70,25.60,25.40,23.70,20.90,25.90,25.20,22.00,25.50,24.20,24.90,24.50,20.00,23.50,25.60,23.80,25.30,23.10,22.30,20.10,22.50,24.30,24.70,23.70,25.80,23.90,20.10,21.70,23.10,21.90,20.70,20.40,25.40,22.40,20.70,21.50,24.40,22.60,20.90,24.50,23.10,24.70
TLM_RCV,-61,FG-ALPHA,1713170485,AUTO,0,32.27,5.00,-85,100.00,8.33,3.29,5.02,957,454,0,296,22.51,1013.00,12.10,406.40,12.89,51.10,1,1713170452,GSN-01,-75,23.90,75.20,47,0,0,7.79,85,10.09,20.60,20.90,25.70,25.40,23.20,21.10,21.90,24.10,24.90,24.70,21.40,24.80,21.40,22.00,20.70,25.80,23.90,25.30,23.40,21.80,21.00,25.30,25.30,23.60,20.60,23.20,22.40,25.20,22.40,21.00,21.40,25.90,20.70,23.50,21.50,22.00,20.40,20.80,24.60,22.40,25.70,24.40,20.20,20.90,25.20,20.60,20.20,20.10,25.20,24.40,23.80,22.90,24.30,23.00,22.60,24.30,24.60,20.70,22.50,25.70,21.20,23.10,23.30,21.00
TLM_RCV,-41,FG-ALPHA,1713170486,AUTO,0,33.21,5.00,-85,100.00,8.33,3.28,5.02,900,442,0,292,22.29,1013.30,12.00,404.80,12.89,51.10,1,1713170472,GSN-01,-82,23.10,79.60,43,0,0,7.78,84,10.10,25.20,21.30,25.30,21.50,24.70,21.80,22.50,24.90,24.10,22.90,21.80,23.00,24.70,25.00,22.40,20.30,22.60,23.80,22.20,24.20,23.20,20.00,22.60,22.80,25.00,22.50,22.00,24.10,23.80,25.10,22.70,23.50,22.40,22.30,22.70,21.30,22.90,25.30,21.00,25.00,21.40,25.20,25.70,23.70,24.50,21.60,21.10,25.80,22.70,21.80,22.40,21.80,23.30,22.20,21.40,21.00,21.10,25.40,21.20,22.00,23.20,20.70,22.30,24.30
TLM_RCV,-71,FG-ALPHA,1713170487,AUTO,0,32.33,5.00,-85,100.00,8.33,3.31,5.02,923,467,0,323,22.28,1013.00,12.00,404.90,12.89,51.10,1,1713170429,GSN-01,-92,24.50,78.60,43,0,0,7.80,85,10.10,21.70,24.40,20.30,23.20,21.20,20.90,25.60,25.80,25.70,24.20,23.30,25.10,21.00,23.50,23.40,20.40,23.00,24.30,20.30,24.30,25.50,22.50,24.30,24.70,20.10,20.50,22.10,23.20,22.80,22.10,25.80,20.80,22.10,23.80,21.00,22.60,24.30,24.10,20.40,22.80,25.70,22.60,24.90,22.30,23.10,22.90,24.20,20.60,22.90,20.60,21.60,20.80,25.40,24.30,22.40,23.60,24.10,23.70,24.00,23.10,22.20,25.80,25.20,20.70
TLM_RCV,-91,FG-ALPHA,1713170488,AUTO,0,31.13,5.00,-85,100.00,8.34,3.29,5.02,810,426,0,281,21.92,1012.70,11.80,404.70,12.89,51.10,1,1713170435,GSN-01,-94,23.70,82.00,40,0,0,7.82,84,10.11,20.10,24.70,24.50,24.50,20.90,23.40,22.20,20.90,20.30,22.20,24.20,24.10,21.40,20.00,21.10,20.90,21.00,21.60,22.30,22.70,21.40,21.50,22.50,20.00,23.20,23.60,23.10,22.10,21.20,25.20,20.50,22.60,21.60,22.80,22.30,20.30,22.80,20.70,23.90,20.80,21.50,20.80,20.40,24.50,20.30,24.90,24.00,21.00,24.60,21.80,21.20,20.30,25.10,24.80,20.00,23.90,21.50,21.90,20.00,25.40,23.70,22.10,25.40,20.30
TLM_RCV,-41,FG-ALPHA,1713170489,AUTO,0,33.17,5.00,-85,99.96,8.33,3.29,5.02,0,434,0,282,22.17,1013.20,12.10,405.00,12.89,51.10,1,1713170465,GSN-01,-78,25.60,78.60,47,0,0,7.82,85,10.11,24.50,21.10,25.90,22.50,23.90,20.80,24.40,22.60,25.30,22.40,25.70,21.70,22.90,20.00,23.20,23.50,22.10,21.00,23.70,24.70,25.30,20.70,25.80,24.30,22.90,20.90,23.30,20.80,20.80,25.50,23.90,20.10,22.40,25.60,22.10,25.40,25.50,22.80,20.60,24.70,84.90,21.20,20.60,22.60,23.40,22.40,22.50,24.60,23.20,20.60,25.50,20.50,24.20,20.20,21.20,20.90,22.10,20.60,22.40,22.50,21.10,21.60,22.80,20.50
TLM_RCV,-95,FG-ALPHA,1713170490,AUTO,0,32.42,5.00,-85,100.00,8.33,3.30,5.02,1001,483,0,331,22.59,1012.90,11.80,404.50,12.89,51.10,1,1713170447,GSN-01,-84,25.40,81.10,44,0,1,7.81,84,10.12,25.60,25.30,21.80,25.10,24.30,24.50,21.30,23.00,23.20,20.30,23.70,21.50,24.40,23.30,25.30,23.70,21.40,24.20,24.90,23.40,22.40,25.20,25.50,21.70,20.90,22.80,23.40,23.10,25.30,23.00,25.40,25.00,23.10,21.40,24.80,72.10,22.60,23.10,25.20,22.10,22.20,20.10,24.40,22.70,21.30,25.90,21.00,25.50,20.40,20.00,21.20,23.80,24.50,23.50,25.80,22.70,23.00,22.40,25.20,23.60,25.60,22.40,20.80,23.80
TLM_RCV,-76,FG-ALPHA,1713170491,AUTO,0,32.44,5.00,-85,100.00,8.33,3.30,5.02,1028,487,0,334,22.70,1013.50,11.80,406.20,12.89,51.10,1,1713170469,GSN-01,-86,25.40,77.70,48,0,0,7.81,84,10.12,24.30,21.30,23.90,23.40,22.00,24.00,25.80,23.00,23.30,22.90,25.60,25.80,23.70,21.00,21.90,21.50,21.10,22.90,22.90,25.90,20.00,20.50,23.60,23.30,20.00,25.70,21.90,22.50,23.20,23.80,23.90,22.10,24.50,25.80,20.20,24.20,23.40,23.60,21.20,20.60,25.40,24.80,20.70,21.60,23.10,22.40,23.00,21.60,20.40,22.20,25.40,20.30,23.60,22.80,24.80,25.40,25.50,21.70,20.10,21.70,25.30,22.40,22.50,23.80
TLM_RCV,-70,FG-ALPHA,1713170492,AUTO,0,32.10,5.00,-85,99.96,8.34,3.30,5.02,0,421,0,273,22.10,1012.70,11.80,405.30,12.89,51.10,1,1713170449,GSN-01,-74,23.10,82.50,47,0,0,7.80,84,10.13,24.10,21.80,22.50,20.20,25.60,24.50,23.00,22.80,21.00,25.70,21.00,21.10,20.30,25.10,25.30,21.10,21.80,21.60,21.90,23.40,22.80,20.80,24.60,23.40,22.30,24.30,25.50,25.30,20.20,20.90,20.80,23.10,20.30,24.80,20.40,24.80,21.50,23.10,20.10,22.70,22.40,22.70,21.80,20.20,21.40,25.30,24.90,20.70,21.40,21.90,21.20,25.40,22.20,20.10,24.00,25.10,22.60,25.70,22.40,24.30,23.90,25.00,21.10,25.60
TLM_RCV,-77,FG-ALPHA,1713170493,AUTO,0,33.07,5.00,-85,100.00,8.34,3.30,5.02,1172,414,0,271,23.79,1013.50,12.10,405.50,12.89,51.10,1,1713170441,GSN-01,-89,23.30,77.50,46,0,0,7.80,84,10.13,24.90,21.40,23.50,24.40,20.80,20.10,23.30,25.00,20.00,20.90,23.30,20.20,20.10,24.60,21.50,21.60,25.80,20.90,25.90,21.80,20.40,21.40,25.80,25.30,20.80,25.10,23.50,20.90,21.70,22.80,22.30,24.10,23.80,24.90,25.30,21.30,23.40,24.50,20.30,20.70,24.70,25.40,20.90,24.00,24.40,24.90,25.60,23.30,23.70,24.50,23.70,23.50,23.60,20.10,21.90,20.20,23.70,25.10,25.20,21.20,21.80,23.70,22.20,21.00
TLM_RCV,-91,FG-ALPHA,1713170494,AUTO,0,31.20,5.00,-85,100.00,8.33,3.28,5.02,1041,440,0,288,23.00,1012.80,12.00,405.10,12.89,51.10,1,1713170478,GSN-01,-91,25.10,79.90,42,0,0,7.82,85,10.14,23.70,21.90,22.50,22.90,22.10,24.20,24.50,21.70,20.80,21.40,21.60,25.30,22.70,21.40,23.10,24.80,23.20,24.50,21.30,22.40,23.20,21.80,23.00,25.60,22.20,20.30,20.20,22.40,23.70,23.60,25.20,23.20,25.40,21.40,25.30,24.70,22.00,23.60,25.40,20.80,20.80,20.00,22.60,24.30,23.30,25.90,24.30,21.50,20.80,20.90,22.30,23.00,23.90,22.90,25.30,25.50,21.20,25.50,24.70,21.20,22.70,24.80,24.50,23.80
TLM_RCV,-53,FG-ALPHA,1713170495,AUTO,0,33.42,5.00,-85,100.00,8.33,3.28,5.02,1100,484,0,340,23.08,1012.90,11.80,405.70,12.90,51.10,1,1713170470,GSN-01,-90,23.00,79.30,48,0,0,7.81,84,10.14,21.40,22.00,23.60,25.80,21.50,22.20,24.20,25.60,25.50,23.90,25.20,20.80,24.50,21.50,20.20,22.70,21.70,25.20,25.40,24.40,22.10,23.60,23.60,23.10,20.50,23.00,23.00,25.70,21.80,21.50,25.10,25.40,23.90,24.80,25.70,20.90,22.80,22.10,25.90,20.90,20.80,22.50,24.50,23.00,20.70,25.90,21.70,20.80,22.20,25.50,21.50,21.30,21.10,20.20,21.20,22.00,25.90,23.00,23.50,25.30,20.20,22.00,21.70,21.00
TLM_RCV,-42,FG-ALPHA,1713170517,AUTO,0,32.07,5.00,-85,99.96,8.34,3.29,5.02,0,414,0,274,22.07,1013.60,11.80,406.30,12.92,51.40,1,1713170501,GSN-01,-89,25.20,75.80,45,0,0,7.78,85,10.15,20.60,21.90,23.20,25.10,23.40,24.90,21.20,25.80,20.70,24.50,20.90,20.70,25.60,23.10,25.20,21.70,21.10,20.60,22.20,21.00,25.20,20.80,22.70,25.50,24.90,21.50,23.00,21.60,24.40,20.60,25.20,22.70,22.50,25.50,20.70,20.20,22.30,22.80,21.20,23.40,24.60,20.40,25.30,21.10,20.40,20.90,25.80,24.70,20.80,24.30,25.70,25.30,20.10,25.70,20.90,22.60,25.60,20.00,21.20,21.00,23.00,20.30,24.10,23.30
TLM_RCV,-95,FG-ALPHA,1713170518,AUTO,0,31.25,5.00,-85,100.00,8.33,3.31,5.02,1095,449,0,294,23.23,1013.10,12.10,405.50,12.92,51.40,1,1713170474,GSN-01,-83,23.30,81.30,42,0,0,7.81,84,10.15,25.30,22.60,20.10,20.40,20.60,23.80,20.20,23.30,24.50,21.20,22.00,25.20,21.70,25.50,21.10,20.40,23.80,20.80,23.30,25.50,24.40,22.40,23.90,20.80,25.10,24.00,25.80,21.50,21.60,22.70,25.70,21.70,24.60,22.80,23.40,20.60,22.80,21.30,22.50,22.00,21.20,24.40,25.00,25.30,20.30,24.30,21.40,22.30,25.40,22.90,20.60,25.40,24.10,23.10,22.80,23.90,22.70,24.00,24.30,21.10,25.00,22.10,23.40,21.30
TLM_RCV,-78,FG-ALPHA,1713170519,AUTO,0,32.40,5.00,-85,100.00,8.33,3.31,5.02,921,480,0,321,22.20,1013.30,12.00,406.00,12.92,51.40,1,1713170477,GSN-01,-88,25.80,82.40,45,0,0,7.79,85,10.16,20.40,24.30,25.50,25.80,25.80,21.50,23.90,22.70,20.10,25.20,23.40,20.10,24.80,20.50,23.50,21.50,24.30,23.70,25.90,25.90,21.50,25.10,20.60,23.50,25.70,25.00,24.00,21.20,25.00,24.10,22.00,20.50,20.70,25.00,23.70,22.90,21.50,21.40,22.40,25.30,23.90,25.20,22.10,20.50,21.00,23.00,23.10,20.90,24.10,24.90,25.30,23.80,25.80,21.90,25.90,25.30,24.30,22.00,22.40,24.20,23.40,20.00,22.50,23.30
TLM_RCV,-72,FG-ALPHA,1713170520,AUTO,0,31.11,5.00,-85,100.00,8.34,3.31,5.02,933,422,0,268,22.56,1013.60,12.00,406.20,12.92,51.40,1,1713170479,GSN-01,-89,23.80,80.90,49,0,0,7.82,85,10.16,25.70,22.40,23.90,21.60,21.90,23.80,21.00,21.40,24.50,21.70,23.70,22.20,22.60,20.10,24.00,20.30,22.20,20.40,21.50,25.80,22.00,21.70,20.20,21.80,25.70,21.20,21.20,21.10,21.40,24.00,24.60,23.40,23.70,24.10,22.40,20.90,21.50,20.10,25.80,21.50,25.80,20.50,21.90,22.40,25.10,21.80,21.20,20.70,23.80,24.90,22.90,23.80,23.30,22.60,24.40,24.20,20.20,23.60,22.00,24.90,21.50,24.00,21.90,21.30
TLM_RCV,-75,FG-ALPHA,1713170521,AUTO,0,32.13,5.00,-85,100.00,8.34,3.29,5.02,900,425,0,283,22.37,1012.70,11.90,404.60,12.92,51.40,1,1713170495,GSN-01,-87,23.50,81.60,43,0,1,7.82,85,10.17,23.10,24.20,22.90,20.20,20.20,25.80,25.60,24.00,20.80,20.50,25.50,25.60,25.10,21.10,20.90,22.00,22.50,20.60,20.80,24.50,25.00,24.10,23.70,21.00,21.80,21.30,20.80,24.90,21.80,22.10,22.40,21.60,21.10,20.00,24.00,23.40,24.80,21.70,25.20,24.90,20.90,21.20,24.30,22.80,20.70,22.20,20.60,24.00,24.60,20.20,23.50,22.70,23.30,23.20,22.70,25.30,20.70,21.30,20.30,20.30,21.20,25.00,21.50,21.40
TLM_RCV,-81,FG-ALPHA,1713170522,AUTO,0,31.06,5.00,-85,99.96,8.34,3.29,5.02,0,412,0,268,22.06,1012.90,12.00,405.20,12.92,51.40,1,1713170472,GSN-01,-86,24.80,81.80,45,0,0,7.82,84,10.17,23.90,21.00,20.90,21.10,23.20,22.60,25.90,24.60,25.70,23.50,25.30,25.90,21.90,21.50,20.10,22.10,23.40,22.20,20.20,21.10,24.00,21.60,25.10,21.30,22.90,24.40,22.30,22.40,24.50,21.00,24.60,25.90,25.10,21.10,22.90,20.70,21.60,21.60,21.20,24.20,20.40,20.20,22.20,23.60,25.30,23.40,21.80,25.10,22.70,25.00,22.70,25.40,20.40,22.90,24.00,21.20,23.10,20.80,23.30,23.40,24.30,20.90,24.80,23.10
TLM_RCV,-45,FG-ALPHA,1713170523,AUTO,0,31.33,5.00,-85,99.91,8.33,3.31,5.02,0,466,0,312,22.33,1013.20,12.10,406.20,12.92,51.40,1,1713170474,GSN-01,-77,24.60,75.00,48,0,0,7.78,85,10.18,25.60,21.50,25.60,20.40,25.20,24.10,24.80,25.10,22.60,20.30,20.30,20.70,25.10,22.00,24.50,22.30,22.80,21.50,23.00,22.70,22.10,21.80,25.20,24.50,23.00,24.90,24.80,25.00,22.30,22.60,25.60,22.30,23.40,20.60,20.50,23.20,21.50,22.20,20.50,25.90,24.10,25.50,25.40,21.00,23.00,23.20,25.20,20.80,25.60,20.40,23.50,22.70,21.70,23.20,24.70,24.80,21.80,21.90,24.30,25.90,25.30,22.50,22.60,23.10
TLM_RCV,-66,FG-ALPHA,1713170524,AUTO,0,31.13,5.00,-85,99.97,8.34,3.28,5.02,955,426,0,284,22.65,1013.40,11.90,406.10,12.92,51.40,1,1713170507,GSN-01,-83,24.00,79.40,45,0,0,7.78,85,10.18,22.30,20.10,23.50,24.60,23.30,25.10,25.70,22.30,21.50,25.40,20.20,24.30,22.50,22.00,20.50,20.20,24.10,20.00,23.80,23.10,22.80,20.60,23.40,24.90,21.80,23.90,22.10,25.20,24.10,24.20,25.80,24.20,24.00,25.00,20.00,22.30,21.60,25.80,25.50,20.40,24.90,23.10,23.40,20.40,21.30,21.00,22.90,20.80,21.70,24.30,24.80,24.30,24.70,21.50,23.50,22.10,20.90,22.00,20.60,20.70,21.20,25.00,23.70,21.60
TLM_RCV,-65,FG-ALPHA,1713170525,AUTO,0,31.35,5.00,-85,99.92,8.33,3.29,5.02,0,470,0,320,22.35,1013.10,12.00,406.30,12.93,51.40,1,1713170474,GSN-01,-88,24.10,80.90,41,0,0,7.79,84,10.19,21.90,21.20,24.60,21.60,23.10,23.00,25.80,24.70,24.10,23.10,20.40,24.00,21.60,22.20,20.80,22.30,21.10,25.30,23.30,22.40,22.20,23.10,21.90,23.90,21.90,21.00,24.80,24.70,21.80,22.60,21.60,21.30,23.10,20.50,20.00,23.00,20.80,24.20,25.70,21.30,23.00,22.40,25.70,20.80,20.50,22.00,24.40,24.10,22.30,24.80,21.20,22.60,20.80,21.60,23.10,22.30,22.30,25.70,23.00,23.90,22.90,20.40,21.30,24.40
TLM_RCV,-41,FG-ALPHA,1713170526,AUTO,0,32.48,5.00,-85,99.98,8.33,3.29,5.02,1067,496,0,348,22.85,1013.10,11.90,406.30,12.93,51.40,1,1713170490,GSN-01,-86,25.80,74.80,47,0,0,7.81,84,10.19,22.90,22.10,25.10,22.00,25.90,25.70,22.60,20.40,20.70,25.10,25.90,21.20,20.10,21.10,21.70,25.50,22.40,20.70,24.50,25.90,21.00,21.40,23.50,23.60,24.10,22.30,22.40,21.20,20.00,21.90,25.50,20.70,24.30,25.20,20.30,20.80,23.20,20.60,24.90,24.40,23.10,23.00,25.00,20.60,23.90,22.60,20.60,24.50,22.10,22.20,22.60,21.20,24.20,20.80,24.90,23.20,25.30,22.50,22.20,23.70,21.10,20.50,21.50,24.60
TLM_RCV,-47,FG-ALPHA,1713170527,AUTO,0,32.43,5.00,-85,99.93,8.33,3.29,5.02,0,486,0,346,22.43,1013.60,12.00,406.40,12.93,51.40,1,1713170513,GSN-01,-72,25.30,80.30,43,0,0,7.80,84,10.20,22.10,21.90,20.80,25.50,21.90,21.30,23.00,25.50,20.70,25.00,20.00,23.00,20.10,25.90,22.20,23.40,21.10,22.10,21.70,24.20,21.50,25.90,20.20,24.40,24.30,24.10,22.90,25.00,24.50,25.50,22.20,21.20,20.90,20.50,22.70,24.60,25.50,23.40,23.60,20.00,22.40,24.90,21.70,24.60,22.90,22.30,20.40,24.60,20.40,20.70,24.40,21.60,22.20,20.00,23.50,21.00,20.20,25.20,22.00,24.70,21.00,21.40,21.30,22.70
TLM_RCV,-82,FG-ALPHA,1713170528,AUTO,0,31.38,5.00,-85,99.97,8.33,3.31,5.02,938,476,0,325,22.31,1013.60,12.00,405.20,12.93,51.40,1,1713170472,GSN-01,-76,25.70,81.10,40,0,0,7.80,84,10.20,22.20,23.70,24.10,25.50,24.80,23.40,23.30,25.50,24.80,22.20,25.00,24.40,23.50,23.10,23.90,21.60,25.80,25.50,24.90,22.90,23.90,20.10,20.40,23.40,24.90,21.90,20.30,24.40,20.80,25.20,22.40,21.30,23.80,21.00,23.40,21.60,22.50,21.30,24.30,25.00,21.90,22.00,21.30,22.30,21.90,20.10,21.50,24.70,22.10,22.70,21.60,20.80,25.20,22.20,22.30,25.90,21.80,24.50,21.90,22.60,22.20,24.40,20.30,20.40
TLM_RCV,-59,FG-ALPHA,1713170529,AUTO,0,31.17,5.00,-85,100.00,8.34,3.28,5.02,1089,433,0,278,23.28,1013.60,11.80,405.50,12.93,51.40,1,1713170498,GSN-01,-71,25.70,74.50,43,0,0,7.79,85,10.21,22.60,23.20,23.90,22.50,21.00,25.10,22.90,24.50,21.60,22.50,21.30,25.30,21.00,23.50,25.60,25.80,24.30,23.10,20.80,25.90,24.20,25.60,20.40,25.40,22.40,21.60,20.70,22.70,23.20,23.80,21.50,24.40,20.40,23.30,20.20,24.00,25.60,24.90,22.50,23.50,22.20,25.90,24.20,22.00,25.80,23.90,22.50,21.50,24.00,22.90,20.80,22.40,24.10,20.20,21.10,21.60,23.50,22.00,24.20,21.50,22.60,22.80,23.80,23.30
TLM_RCV,-86,FG-ALPHA,1713170530,AUTO,0,33.37,5.00,-85,100.00,8.33,3.30,5.02,1181,473,0,315,23.54,1013.40,12.10,405.50,12.93,51.40,1,1713170498,GSN-01,-76,23.70,81.50,40,0,0,7.82,85,10.21,21.30,24.80,20.30,20.60,23.70,20.90,25.20,20.40,21.60,25.40,25.30,22.40,25.00,22.20,20.30,24.70,20.40,23.30,22.30,23.10,21.90,24.50,22.60,21.40,25.90,21.80,25.40,20.50,25.60,20.60,20.50,24.20,25.50,23.00,23.50,22.90,21.40,25.10,25.00,24.00,24.70,20.40,22.50,21.20,21.40,20.90,22.20,21.20,23.80,21.10,21.90,22.10,23.00,24.50,23.70,24.30,22.10,25.10,22.20,21.90,24.80,25.90,25.80,22.50
TLM_RCV,-83,FG-ALPHA,1713170531,AUTO,0,33.06,5.00,-85,100.00,8.34,3.29,5.02,985,413,0,268,22.86,1013.00,12.10,405.50,12.93,51.40,1,1713170512,GSN-01,-73,24.70,75.20,44,0,0,7.78,84,10.22,24.50,22.60,24.20,22.10,23.20,21.60,22.30,21.10,24.30,22.70,20.10,25.00,23.60,25.50,25.40,24.10,25.90,22.50,21.10,21.70,23.60,25.10,24.80,20.70,24.50,20.30,21.70,24.40,23.70,25.00,22.50,25.60,22.30,25.40,20.00,21.30,23.50,25.40,22.70,25.60,23.90,23.20,21.90,23.00,20.90,24.20,22.20,23.50,21.70,24.60,25.90,24.30,24.80,25.80,25.60,20.60,21.00,20.80,25.30,20.10,24.50,23.90,24.50,21.50
TLM_RCV,-86,FG-ALPHA,1713170532,AUTO,0,33.28,5.00,-85,100.00,8.33,3.31,5.02,807,455,0,304,21.76,1013.10,11.80,404.90,12.93,51.40,1,1713170485,GSN-01,-75,25.70,74.80,46,0,0,7.79,85,10.22,21.90,24.80,20.10,23.80,21.20,23.20,22.40,25.40,25.10,21.70,22.80,23.20,21.60,21.00,20.00,23.50,20.10,23.70,23.10,21.50,22.80,23.70,22.70,22.30,20.60,21.40,23.40,25.40,20.60,25.40,24.60,22.90,20.90,22.50,24.30,20.60,23.80,22.80,22.90,21.90,22.80,23.10,22.30,21.40,25.60,22.90,24.80,22.20,22.20,25.10,25.80,22.30,24.50,23.30,24.30,22.00,22.20,23.40,25.40,23.40,23.20,21.10,20.70,24.90
TLM_RCV,-49,FG-ALPHA,1713170533,AUTO,0,33.38,5.00,-85,100.00,8.33,3.29,5.02,1064,477,0,337,22.93,1013.50,12.10,405.60,12.93,51.40,1,1713170520,GSN-01,-82,23.00,74.40,49,0,0,7.82,85,10.23,21.80,23.40,23.90,23.30,25.70,24.10,24.40,22.40,20.50,22.70,21.20,23.00,24.40,23.70,23.40,20.00,20.00,22.10,21.70,25.60,20.90,24.30,25.80,24.20,23.30,24.60,25.30,21.70,24.40,24.40,20.20,20.50,21.60,21.90,25.60,24.70,23.10,24.20,22.00,20.30,23.50,24.80,25.00,25.90,25.60,25.90,23.50,24.80,23.80,24.80,22.80,22.50,22.60,24.80,20.20,25.60,23.10,25.10,23.10,25.40,21.30,25.80,23.50,23.50
TLM_RCV,-94,FG-ALPHA,1713170534,AUTO,0,32.11,5.00,-85,100.00,8.34,3.30,5.02,923,422,0,263,22.50,1012.90,11.90,405.40,12.93,51.40,1,1713170501,GSN-01,-88,25.10,78.80,43,0,0,7.80,84,10.23,22.70,24.00,20.70,23.70,25.20,24.20,20.80,24.20,25.10,23.40,21.60,23.70,25.20,20.10,21.60,25.30,20.10,22.00,24.30,20.90,23.60,23.00,25.70,23.70,25.20,20.10,21.80,20.20,24.70,23.40,24.90,22.70,21.90,25.20,24.20,22.00,23.70,20.10,24.00,20.10,23.10,21.30,24.10,22.50,23.40,22.60,23.60,23.20,23.30,21.00,21.90,23.40,23.10,23.00,21.50,24.30,22.20,21.80,22.30,22.40,24.70,24.10,24.30,23.10
TLM_RCV,-67,FG-ALPHA,1713170535,AUTO,0,33.29,5.00,-85,100.00,8.33,3.30,5.02,815,459,0,303,21.78,1013.30,12.10,404.60,12.94,51.40,1,1713170505,GSN-01,-86,25.30,76.90,45,0,0,7.82,85,10.24,24.10,22.70,24.50,20.20,21.50,20.10,21.10,20.40,21.70,20.60,22.60,20.80,20.40,21.10,25.00,23.80,20.80,23.50,23.30,20.90,25.20,24.90,20.60,20.90,20.80,24.00,25.00,20.30,23.90,23.40,21.10,21.20,21.40,24.30,20.60,22.60,23.40,20.10,25.40,24.90,24.20,24.40,25.80,21.90,25.60,24.80,23.70,21.20,21.90,25.40,22.40,24.00,23.90,25.80,24.00,23.10,22.80,24.30,21.80,21.10,25.50,20.00,24.60,20.20
TLM_RCV,-47,FG-ALPHA,1713170536,AUTO,0,33.24,5.00,-85,100.00,8.33,3.29,5.02,1123,447,0,289,23.38,1013.20,12.10,404.60,12.94,51.40,1,1713170485,GSN-01,-91,25.70,74.30,47,0,0,7.78,85,10.24,22.30,25.80,25.90,20.50,20.00,25.60,21.10,21.30,21.30,20.80,20.20,23.70,24.30,24.20,23.70,20.80,25.50,20.60,20.20,21.30,24.10,20.60,25.90,21.30,23.10,23.40,24.20,23.80,23.50,25.90,24.60,23.50,22.30,23.00,20.90,25.00,25.50,23.40,21.20,23.60,21.80,24.50,20.30,20.50,23.60,23.30,25.90,20.10,22.80,24.00,22.70,25.10,23.00,24.30,25.40,25.70,22.30,22.50,25.50,23.90,23.20,20.90,22.60,24.50
TLM_RCV,-61,FG-ALPHA,1713170537,AUTO,0,32.19,5.00,-85,100.00,8.33,3.30,5.02,999,439,0,296,22.80,1013.30,12.10,406.40,12.94,51.40,1,1713170517,GSN-01,-74,24.20,78.00,46,0,0,7.80,84,10.25,20.10,22.70,25.00,20.40,25.30,21.10,20.70,22.00,21.30,77.70,21.00,22.90,20.50,22.20,20.70,21.10,20.40,22.10,24.90,22.10,22.00,25.80,24.40,20.90,24.00,23.30,23.60,24.50,23.90,24.90,23.40,23.50,20.40,20.40,24.70,20.70,21.70,20.60,25.60,24.70,21.70,22.10,23.10,22.50,24.80,23.00,25.90,21.60,22.80,22.90,22.00,21.80,24.40,25.20,20.00,21.10,24.20,21.80,20.80,21.20,22.70,25.10,25.60,23.80
TLM_RCV,-63,FG-ALPHA,1713170538,AUTO,0,32.36,5.00,-85,100.00,8.33,3.31,5.02,1192,472,0,326,23.60,1013.20,12.00,406.20,12.94,51.40,1,1713170490,GSN-01,-76,24.30,77.60,48,0,0,7.82,84,10.25,22.70,24.80,21.40,21.30,20.40,23.40,22.00,22.70,22.50,22.90,20.80,25.60,23.40,24.40,22.10,23.70,21.10,24.50,24.10,23.60,23.40,25.90,21.00,22.60,21.10,23.90,22.60,25.80,24.10,20.90,24.50,25.60,20.90,24.70,21.10,23.90,23.60,24.60,20.20,25.30,25.50,22.20,22.90,23.50,22.80,25.00,21.10,23.20,25.90,22.10,23.70,24.70,20.40,22.00,22.50,22.50,25.20,23.30,24.60,20.50,20.60,23.90,20.00,20.70
TLM_RCV,-46,FG-ALPHA,1713170539,AUTO,0,31.36,5.00,-85,99.95,8.33,3.29,5.02,0,473,0,319,22.36,1013.30,12.00,405.10,12.94,51.40,1,1713170525,GSN-01,-92,25.90,82.40,48,0,0,7.82,84,10.26,21.40,22.70,20.80,21.30,22.80,24.90,24.10,25.30,25.10,24.10,23.70,22.80,21.40,22.20,23.10,23.50,20.70,24.60,23.60,20.90,25.90,24.70,23.00,23.80,25.40,20.90,22.90,23.20,20.00,25.50,24.50,22.10,24.60,25.70,24.20,24.20,21.00,24.40,25.80,23.50,21.20,25.90,24.10,24.00,22.10,21.80,21.90,22.30,23.60,21.40,24.10,23.50,24.40,22.50,25.00,23.10,23.50,24.70,20.40,24.80,22.30,23.40,23.60,25.70
TLM_RCV,-75,FG-ALPHA,1713170540,AUTO,0,31.17,5.00,-85,100.00,8.33,3.29,5.02,1073,435,0,289,23.19,1013.60,12.00,405.30,12.94,51.40,1,1713170495,GSN-01,-85,25.20,74.40,48,0,0,7.82,85,10.26,25.80,20.80,23.60,23.40,21.20,20.90,23.30,22.90,23.40,24.40,25.40,20.50,22.60,21.10,25.70,24.50,21.00,20.50,22.10,20.60,25.40,22.90,23.10,23.00,22.60,20.50,25.30,22.40,24.90,24.70,20.30,21.50,21.40,21.60,22.70,23.20,20.10,22.30,25.00,23.80,25.50,21.50,23.20,20.80,25.10,25.90,25.80,23.00,24.20,22.80,24.50,20.70,21.90,22.40,24.70,24.70,24.60,25.10,24.20,24.80,20.50,23.30,25.10,25.10
TLM_RCV,-88,FG-ALPHA,1713170541,AUTO,0,31.20,5.00,-85,100.00,8.33,3.28,5.02,819,441,0,300,21.89,1013.50,12.00,406.00,12.94,51.40,1,1713170512,GSN-01,-77,23.40,75.00,44,0,0,7.79,85,10.27,20.10,22.10,24.70,25.60,23.30,22.30,25.50,25.40,22.70,20.90,20.70,22.30,24.70,23.00,24.50,21.60,21.20,20.00,23.70,23.20,22.40,23.80,24.80,20.30,21.30,23.40,23.30,21.60,22.70,23.20,24.60,20.40,20.30,22.50,22.10,20.70,25.60,25.00,23.40,23.80,25.50,24.30,20.30,22.80,25.00,23.40,21.70,23.30,25.60,22.10,21.90,20.20,21.40,21.00,24.10,21.80,25.40,23.50,23.00,25.70,24.90,22.10,21.30,23.70
TLM_RCV,-86,FG-ALPHA,1713170542,AUTO,0,32.40,5.00,-85,100.00,8.33,3.29,5.02,922,479,0,323,22.22,1013.40,11.80,404.90,12.94,51.40,1,1713170514,GSN-01,-90,25.50,80.80,49,0,0,7.81,85,10.27,25.00,23.40,25.80,21.70,22.50,20.50,22.50,25.60,25.70,22.10,22.90,20.40,22.80,25.90,24.20,25.00,21.50,24.90,23.60,22.00,21.80,24.60,25.20,25.10,20.30,21.70,24.40,22.90,25.00,25.30,20.30,21.80,20.20,25.00,23.20,21.80,25.10,21.00,23.40,22.60,25.30,24.70,23.00,24.40,22.40,25.50,24.20,21.10,21.60,21.10,22.60,24.40,21.50,22.10,20.80,20.70,24.70,22.30,23.00,21.50,23.40,22.70,22.80,21.50
TLM_RCV,-72,FG-ALPHA,1713170543,AUTO,0,33.03,5.00,-85,99.96,8.34,3.29,5.02,0,405,0,260,22.02,1012.70,11.80,404.90,12.94,51.40,1,1713170512,GSN-01,-82,25.00,80.30,46,0,0,7.82,84,10.28,24.70,24.60,21.90,23.80,24.50,23.00,23.20,25.60,25.70,25.90,20.40,23.00,20.40,22.10,25.00,23.60,25.50,25.50,25.20,20.50,21.70,23.90,25.00,20.00,21.60,21.00,21.70,21.20,22.60,22.00,22.40,24.00,22.90,24.10,20.70,24.40,23.90,23.70,22.50,21.50,21.10,24.60,20.70,25.00,22.50,21.80,20.20,21.80,21.60,20.30,23.80,21.80,24.80,25.60,23.40,21.20,23.10,24.90,21.10,22.70,23.70,20.90,25.50,25.50
TLM_RCV,-43,FG-ALPHA,1713170544,AUTO,0,32.05,5.00,-85,100.00,8.34,3.30,5.02,1058,410,0,269,23.24,1013.00,11.80,404.50,12.94,51.40,1,1713170494,GSN-01,-75,24.50,74.10,42,0,0,7.78,84,10.28,22.30,25.30,23.10,21.20,25.40,21.00,22.30,21.50,20.70,25.10,22.80,23.30,20.30,23.30,21.80,22.50,25.80,22.10,20.70,22.40,22.60,22.90,23.20,24.10,23.00,23.80,21.50,24.60,25.80,22.40,20.00,22.50,21.60,21.30,22.30,22.30,20.20,21.10,23.50,22.90,24.80,20.40,21.70,25.40,24.20,20.80,21.30,25.20,24.60,23.80,23.00,20.00,22.60,23.30,23.10,21.80,24.60,25.10,24.40,25.50,25.80,25.80,20.40,21.20
TLM_RCV,-78,FG-ALPHA,1713170545,AUTO,0,31.32,5.00,-85,100.00,8.33,3.28,5.02,932,463,0,309,22.34,1013.20,12.10,406.10,12.95,51.40,1,1713170513,GSN-01,-85,25.60,75.30,40,0,0,7.82,84,10.29,25.30,22.90,21.80,20.10,23.20,20.10,22.50,21.30,21.10,22.70,21.80,20.90,22.30,24.60,23.30,20.30,23.00,22.70,25.60,23.80,22.90,22.50,25.80,23.50,20.90,20.50,25.20,21.90,23.50,25.30,24.50,23.40,23.50,24.40,25.40,25.00,22.90,22.20,21.60,25.10,22.20,22.50,24.10,25.30,20.30,22.60,22.20,20.60,20.30,23.00,24.50,25.20,20.00,21.40,24.10,23.10,22.70,24.20,23.30,25.40,21.20,20.20,21.90,23.40
TLM_RCV,-74,FG-ALPHA,1713170546,AUTO,0,31.33,5.00,-85,99.95,8.33,3.29,5.02,0,465,0,319,22.33,1013.10,11.80,405.30,12.95,51.40,1,1713170522,GSN-01,-71,23.50,75.80,48,0,0,7.78,84,10.29,21.30,22.80,23.60,25.90,24.00,21.00,20.90,20.50,23.80,25.50,24.00,23.40,22.00,24.10,21.00,23.30,23.30,25.60,24.90,20.70,25.00,23.70,24.80,24.50,21.20,20.80,25.00,21.80,21.20,20.00,24.40,25.00,22.40,20.30,25.20,22.20,20.20,21.20,20.00,25.40,25.90,20.10,22.80,24.10,20.70,23.10,20.80,24.80,21.40,23.80,21.90,23.20,23.00,22.50,24.20,21.00,20.50,23.30,20.40,23.90,23.20,23.10,23.70,20.70
TLM_RCV,-83,FG-ALPHA,1713170547,AUTO,0,31.03,5.00,-85,100.00,8.34,3.28,5.02,868,407,0,261,22.31,1013.30,12.00,405.20,12.95,51.40,1,1713170521,GSN-01,-90,24.90,75.10,40,0,0,7.81,84,10.30,25.70,20.70,20.20,22.20,20.10,22.90,22.90,20.70,20.50,24.50,24.60,20.80,22.40,24.60,25.40,23.40,22.80,23.00,21.10,25.20,23.80,23.70,25.80,25.50,25.40,20.70,21.80,24.50,21.50,24.30,22.50,22.50,21.40,23.20,21.20,21.30,21.30,23.10,25.70,25.40,23.80,25.50,22.30,22.70,22.50,23.50,24.50,21.00,22.10,25.00,20.80,23.40,25.50,22.60,24.90,23.60,25.50,20.20,20.20,20.20,25.10,24.60,25.00,25.40
TLM_RCV,-66,FG-ALPHA,1713170548,AUTO,0,32.19,5.00,-85,100.00,8.33,3.28,5.02,1135,439,0,298,23.48,1013.20,11.90,406.20,12.95,51.40,1,1713170530,GSN-01,-93,24.80,73.40,48,0,1,7.80,84,10.30,20.10,21.10,23.70,24.90,22.90,23.80,21.00,22.00,25.10,20.40,23.60,22.00,25.40,21.10,20.40,23.40,20.40,25.80,24.60,25.60,23.00,24.80,25.70,24.80,23.20,21.60,21.70,24.40,21.30,22.10,22.80,25.10,21.00,23.60,22.20,23.50,24.70,21.80,25.20,21.80,25.60,24.50,22.50,20.30,22.90,20.50,25.20,21.10,23.10,21.80,21.90,20.90,22.20,25.40,23.60,22.40,24.60,24.30,20.40,25.20,23.00,22.10,20.40,20.30
TLM_RCV,-75,FG-ALPHA,1713170549,AUTO,0,33.33,5.00,-85,100.00,8.33,3.31,5.02,1071,465,0,322,23.03,1012.70,12.10,406.10,12.95,51.40,1,1713170528,GSN-01,-82,24.00,74.90,43,0,1,7.81,85,10.31,21.20,20.40,20.90,24.80,25.00,20.00,20.50,25.50,21.10,22.40,25.50,23.70,24.50,24.70,22.10,22.40,22.80,21.90,20.30,23.50,21.50,21.50,24.80,24.10,23.50,24.20,22.60,20.00,24.50,22.70,20.30,23.90,21.60,21.50,20.00,25.80,23.30,21.20,24.90,24.70,22.80,24.90,23.30,23.80,23.10,22.80,22.60,22.00,24.60,21.10,25.90,24.20,23.90,24.20,23.60,24.60,24.60,25.30,22.70,24.30,20.20,20.10,23.70,25.50
TLM_RCV,-51,FG-ALPHA,1713170550,AUTO,0,32.28,5.00,-85,99.95,8.33,3.28,5.02,0,455,0,315,22.27,1012.90,11.80,406.40,12.95,51.40,1,1713170537,GSN-01,-93,25.50,78.50,46,0,0,7.79,84,10.31,22.60,22.80,23.20,25.90,23.90,22.80,25.00,22.50,21.70,21.40,21.60,23.60,21.90,23.50,25.60,23.70,24.50,23.60,20.20,22.80,24.60,24.30,22.10,20.90,25.70,23.20,24.20,21.80,21.30,21.40,21.60,23.50,24.40,22.60,25.00,25.30,24.30,20.30,23.50,21.30,23.90,23.40,24.70,22.20,23.60,23.90,20.90,25.40,23.30,25.70,22.80,20.90,22.60,23.80,21.50,25.10,20.20,23.20,21.10,23.80,25.40,23.90,24.20,22.10
TLM_RCV,-87,FG-ALPHA,1713170551,AUTO,0,32.21,5.00,-85,100.00,8.33,3.28,5.02,1103,442,0,290,23.31,1012.80,12.00,406.20,12.95,51.40,1,1713170508,GSN-01,-87,24.40,74.50,45,0,1,7.80,84,10.32,21.40,20.40,23.40,21.20,24.30,23.00,25.30,20.20,22.90,25.00,24.40,20.60,23.60,22.90,25.30,25.50,25.60,23.10,22.60,20.50,21.40,20.60,22.60,25.10,21.00,21.10,21.10,20.10,24.50,22.90,20.50,22.10,21.60,24.80,23.40,25.90,25.00,21.00,25.10,20.40,20.20,25.30,24.10,24.60,22.70,22.10,22.20,21.50,23.20,24.10,21.00,21.80,23.00,24.90,21.90,24.50,22.30,24.20,24.90,22.00,20.40,23.70,24.10,22.70
TLM_RCV,-41,FG-ALPHA,1713170552,AUTO,0,31.40,5.00,-85,100.00,8.33,3.30,5.02,1080,480,0,324,23.00,1013.10,12.00,406.30,12.95,51.40,1,1713170540,GSN-01,-82,23.70,79.20,42,0,1,7.80,85,10.32,21.00,24.60,21.10,25.60,22.50,25.90,23.70,21.50,21.50,21.50,20.20,22.70,22.80,25.50,23.60,20.20,23.20,21.80,20.50,21.80,24.30,20.60,24.70,25.10,22.40,22.00,21.30,21.00,23.90,23.90,22.10,20.30,21.20,25.80,24.00,24.20,24.50,23.00,23.20,22.40,24.10,23.40,22.20,23.10,25.10,25.40,25.40,22.20,24.90,21.40,21.60,25.50,22.40,21.60,25.90,23.40,25.70,22.50,22.70,20.30,23.30,24.10,21.90,23.00
TLM_RCV,-53,FG-ALPHA,1713170553,AUTO,0,31.44,5.00,-85,100.00,8.33,3.31,5.02,1065,489,0,334,22.88,1012.90,12.00,405.90,12.95,51.40,1,1713170499,GSN-01,-72,24.70,78.40,48,0,0,7.81,85,10.33,23.10,24.40,25.60,24.00,21.50,22.20,20.60,21.40,21.20,20.50,24.00,23.90,22.00,22.80,20.80,21.90,22.20,24.50,21.70,23.20,22.30,20.60,23.20,23.80,22.80,20.30,21.80,23.60,23.40,22.90,24.90,22.20,20.80,24.30,22.90,24.20,21.10,21.50,21.80,21.50,24.60,22.00,24.60,20.80,25.20,20.70,21.90,20.70,22.40,25.60,20.80,23.20,22.90,22.80,22.00,22.80,23.20,24.40,22.60,24.30,23.70,25.20,20.90,25.70
TLM_RCV,-95,FG-ALPHA,1713170554,AUTO,0,31.17,5.00,-85,99.96,8.33,3.31,5.02,0,434,0,286,22.17,1012.80,11.80,406.40,12.95,51.40,1,1713170499,GSN-01,-74,23.70,79.40,44,0,1,7.81,84,10.33,24.80,22.30,25.60,25.80,21.60,22.30,24.40,21.20,22.60,22.10,24.70,25.60,24.00,21.40,24.40,20.60,25.10,25.70,25.00,20.90,24.70,23.10,22.30,22.50,25.90,22.70,21.10,24.30,21.40,25.90,21.70,20.40,22.10,22.90,23.90,22.10,24.80,25.30,25.80,24.70,25.60,25.10,24.00,22.20,20.20,25.00,24.40,21.40,21.80,22.70,22.90,24.20,21.00,20.00,23.20,20.30,25.40,24.30,23.10,21.30,21.80,21.30,20.70,21.70
TLM_RCV,-70,FG-ALPHA,1713170555,AUTO,0,31.08,5.00,-85,100.00,8.34,3.29,5.02,989,416,0,276,22.86,1013.50,11.80,405.90,12.96,51.40,1,1713170500,GSN-01,-84,23.90,79.10,48,0,0,7.81,85,10.34,22.20,23.60,21.30,24.40,24.60,21.00,24.70,24.70,24.00,23.30,24.60,22.00,20.40,24.00,23.00,20.00,20.50,22.30,24.10,23.90,20.00,24.50,20.10,25.40,23.00,22.40,25.10,20.50,24.00,24.50,25.40,20.10,25.30,23.10,81.80,22.80,23.60,23.90,25.50,22.20,25.10,25.10,23.50,22.20,23.60,25.90,22.60,22.00,20.90,22.60,23.60,22.00,24.10,22.30,22.70,24.30,21.60,24.70,21.80,21.70,25.90,24.60,23.40,22.70
TLM_RCV,-63,FG-ALPHA,1713170556,AUTO,0,31.34,5.00,-85,100.00,8.33,3.30,5.02,1095,469,0,323,23.13,1013.40,11.90,405.10,12.96,51.40,1,1713170508,GSN-01,-77,24.90,78.00,42,0,0,7.78,85,10.34,20.10,20.90,20.60,24.30,23.80,24.40,21.70,20.00,24.70,22.40,24.80,23.00,25.40,23.20,24.90,21.00,20.60,24.40,24.80,23.80,22.70,22.30,25.50,24.40,23.00,23.00,21.10,21.70,21.10,24.40,21.50,20.80,25.70,22.40,21.30,20.00,20.40,22.50,24.30,22.40,21.20,25.00,22.00,21.40,25.90,25.70,21.60,25.10,21.80,22.60,22.70,20.90,23.60,24.80,24.20,25.80,22.50,21.50,25.80,21.70,22.50,20.10,22.40,24.90
TLM_RCV,-63,FG-ALPHA,1713170557,AUTO,0,33.08,5.00,-85,100.00,8.34,3.31,5.02,839,417,0,262,22.11,1013.30,11.90,405.80,12.96,51.40,1,1713170545,GSN-01,-80,25.80,76.70,41,0,0,7.78,84,10.35,22.90,24.70,21.40,20.00,24.90,21.00,25.30,22.10,24.00,24.80,24.70,24.00,25.60,22.30,22.70,21.90,25.20,21.20,22.80,25.90,25.60,25.60,23.30,23.50,22.30,20.50,20.90,25.30,21.30,24.80,20.30,23.70,23.80,22.70,24.80,24.40,23.90,22.30,23.00,23.40,25.40,24.20,24.10,24.90,24.10,25.70,25.50,21.20,25.60,22.70,25.80,23.00,22.70,21.80,25.60,25.60,22.20,23.10,23.30,24.50,20.30,25.40,23.90,24.70
TLM_RCV,-94,FG-ALPHA,1713170579,AUTO,0,33.33,5.00,-85,100.00,8.33,3.31,5.02,961,465,0,314,22.48,1012.90,12.00,405.60,12.98,51.85,1,1713170524,GSN-01,-93,24.20,81.10,49,0,1,7.80,85,10.35,21.80,25.40,24.20,22.50,21.30,24.60,25.90,21.50,23.70,20.50,23.90,23.70,21.60,20.70,24.70,21.40,21.70,24.70,22.00,24.60,22.80,25.30,20.00,24.80,20.80,22.10,23.80,22.40,24.60,25.40,25.10,24.10,21.80,21.50,22.70,22.00,22.10,22.60,23.50,20.00,24.20,22.40,23.60,24.90,25.30,22.70,23.50,21.00,25.90,25.40,25.40,20.00,24.50,24.30,25.90,24.90,22.60,25.80,25.20,22.70,22.50,25.40,24.30,20.40
TLM_RCV,-94,FG-ALPHA,1713170580,AUTO,0,32.44,5.00,-85,100.00,8.33,3.28,5.02,1055,488,0,345,22.83,1013.00,11.90,405.50,12.98,51.85,1,1713170543,GSN-01,-74,23.80,78.00,48,0,0,7.79,85,10.36,21.50,20.40,25.90,23.30,20.70,25.50,20.00,25.00,24.60,25.10,22.30,25.10,24.30,21.30,23.00,24.70,25.50,23.30,24.30,25.10,24.20,21.70,24.60,21.70,23.40,21.10,22.70,23.10,22.70,21.40,21.40,20.90,22.00,24.30,25.10,23.40,24.90,21.80,20.40,22.40,24.00,21.50,22.80,20.10,21.90,21.50,24.70,25.30,25.90,21.80,24.60,21.40,20.90,22.70,25.90,20.10,20.90,20.40,24.30,24.30,22.60,24.20,21.10,22.90
TLM_RCV,-86,FG-ALPHA,1713170581,AUTO,0,33.38,5.00,-85,100.00,8.33,3.29,5.02,952,477,0,327,22.37,1013.00,11.80,405.30,12.98,51.85,1,1713170569,GSN-01,-80,24.60,73.80,44,0,0,7.81,85,10.36,24.80,22.60,24.60,25.20,25.90,20.90,23.00,23.60,20.00,22.10,20.30,23.90,21.90,21.80,21.10,20.30,24.60,20.00,25.10,25.20,25.50,22.40,20.90,23.40,24.50,22.10,23.90,21.20,20.40,24.70,25.10,23.30,24.90,22.50,24.50,24.90,20.50,24.60,21.60,22.70,21.90,23.60,25.80,21.40,23.80,21.20,24.80,20.70,22.00,22.40,20.60,25.20,22.50,25.00,20.10,25.20,20.80,21.80,23.70,25.90,20.80,24.40,22.70,23.50
TLM_RCV,-85,FG-ALPHA,1713170582,AUTO,0,30.98,5.00,-85,99.96,8.34,3.31,5.02,0,396,0,256,21.98,1013.00,11.80,406.10,12.98,51.85,1,1713170563,GSN-01,-80,24.00,80.00,42,0,0,7.81,84,10.37,24.90,20.70,21.00,20.70,23.50,22.90,23.60,25.90,24.70,23.80,21.80,25.00,21.90,20.50,25.90,23.40,24.10,23.90,23.80,21.50,20.80,22.70,25.10,20.70,20.80,23.40,23.00,25.60,22.90,23.60,22.60,20.50,20.70,20.40,23.00,25.00,25.10,22.00,25.30,20.30,23.60,24.30,24.10,24.50,25.00,25.90,24.00,24.80,24.70,22.00,25.30,25.80,20.60,22.20,21.90,25.40,20.80,21.70,24.90,25.50,24.00,23.70,20.10,23.40
TLM_RCV,-82,FG-ALPHA,1713170583,AUTO,0,32.21,5.00,-85,100.00,8.33,3.29,5.02,1184,441,0,284,23.72,1013.10,12.10,404.90,12.98,51.85,1,1713170558,GSN-01,-82,25.10,78.70,41,0,0,7.81,84,10.37,22.70,22.30,21.50,20.20,25.70,22.90,23.60,22.90,25.30,25.40,20.30,25.10,21.20,24.20,23.30,25.30,20.10,25.40,22.80,20.20,23.90,24.70,24.00,23.00,25.20,21.70,20.30,21.00,24.30,21.30,23.40,20.30,21.20,25.30,21.50,21.00,25.30,22.90,24.80,20.50,23.50,24.90,23.40,23.30,21.40,21.80,24.80,23.40,25.10,21.20,24.20,22.00,25.40,21.80,25.90,22.30,21.70,23.60,21.30,21.30,25.70,23.20,24.30,20.10
TLM_RCV,-94,FG-ALPHA,1713170584,AUTO,0,33.41,5.00,-85,100.00,8.33,3.29,5.02,840,482,0,334,21.79,1012.90,12.10,406.10,12.98,51.85,1,1713170566,GSN-01,-94,23.80,80.70,43,0,0,7.80,85,10.38,21.70,25.50,25.70,21.10,21.70,20.30,24.50,25.80,23.70,23.30,25.70,22.40,21.70,21.00,23.90,25.60,23.10,25.40,20.20,22.20,22.30,25.90,25.00,24.90,23.50,23.80,23.20,21.60,21.30,20.70,20.00,20.40,20.20,20.00,22.50,23.50,23.00,22.60,25.70,24.60,22.00,20.00,21.30,24.60,24.30,23.50,23.80,22.90,23.10,24.80,24.90,20.50,25.00,24.90,25.20,25.50,22.40,21.20,24.80,24.60,24.50,24.80,23.90,20.40
TLM_RCV,-81,FG-ALPHA,1713170585,AUTO,0,33.07,5.00,-85,100.00,8.34,3.31,5.02,1032,414,0,272,23.09,1012.90,12.10,406.10,12.99,51.85,1,1713170566,GSN-01,-88,24.80,80.30,45,0,0,7.81,84,10.38,24.80,20.50,24.30,20.60,21.30,23.40,20.50,25.20,20.00,23.30,25.90,25.70,21.60,22.40,20.00,21.40,24.50,20.10,22.90,25.90,23.20,25.90,24.70,25.70,20.00,21.80,25.10,25.80,23.80,24.40,20.80,23.90,25.10,23.60,22.10,23.90,23.20,25.10,20.40,23.80,24.00,25.20,21.10,25.60,24.30,24.30,21.90,25.30,21.00,22.60,20.90,20.10,22.30,20.70,20.10,25.70,22.40,25.20,24.60,22.20,25.40,25.30,20.50,20.20
TLM_RCV,-65,FG-ALPHA,1713170586,AUTO,0,33.38,5.00,-85,100.00,8.33,3.31,5.02,969,476,0,329,22.47,1013.60,12.00,406.20,12.99,51.85,1,1713170531,GSN-01,-94,23.10,74.50,44,0,1,7.79,84,10.39,24.60,25.00,21.80,24.10,24.00,20.30,24.80,22.50,20.80,25.80,20.90,20.10,25.80,24.30,20.90,25.20,21.30,22.00,24.30,25.00,25.30,20.10,24.10,23.80,20.10,22.80,25.80,21.50,22.30,21.30,22.60,20.40,21.80,21.70,21.30,24.10,22.90,20.40,24.00,21.60,24.00,22.20,23.80,23.40,25.50,24.10,25.20,22.70,23.30,23.40,25.60,24.40,22.60,20.40,25.00,24.10,25.50,23.60,21.50,24.40,21.40,21.20,21.50,21.90
TLM_RCV,-47,FG-ALPHA,1713170587,AUTO,0,32.31,5.00,-85,100.00,8.33,3.31,5.02,1162,462,0,316,23.50,1013.50,12.10,406.40,12.99,51.85,1,1713170528,GSN-01,-75,23.40,80.40,47,0,0,7.80,85,10.39,23.10,21.10,20.40,20.40,25.20,22.10,23.60,23.30,21.30,21.60,25.00,23.60,24.30,24.10,25.80,21.00,25.80,21.00,25.40,21.80,21.20,22.10,24.80,21.10,25.80,22.90,22.20,24.70,24.60,21.70,21.40,23.70,21.70,24.70,23.00,23.50,20.00,20.50,22.20,22.60,22.80,21.40,23.50,23.30,20.20,23.40,22.60,24.70,21.50,22.50,23.20,23.00,25.00,23.40,23.30,20.60,22.70,20.70,24.20,20.50,24.00,25.60,23.70,24.30
TLM_RCV,-76,FG-ALPHA,1713170588,AUTO,0,31.35,5.00,-85,100.00,8.33,3.31,5.02,891,470,0,324,22.10,1013.20,12.10,405.80,12.99,51.85,1,1713170530,GSN-01,-84,24.60,76.60,43,0,0,7.79,84,10.40,23.50,25.50,22.10,23.70,24.40,23.80,24.30,20.40,25.90,25.20,24.60,21.40,20.70,21.90,22.60,24.80,20.10,22.30,21.40,23.30,22.80,22.40,22.10,22.70,21.10,23.70,21.50,20.70,25.70,25.10,24.00,23.90,22.90,20.70,24.00,20.90,23.00,25.80,23.60,22.70,25.20,23.80,23.90,21.60,22.70,24.20,24.70,21.20,25.90,21.80,25.50,22.70,23.80,24.20,21.80,24.10,25.20,23.50,25.00,24.90,21.60,22.30,24.00,21.40
TLM_RCV,-95,FG-ALPHA,1713170589,AUTO,0,31.16,5.00,-85,100.00,8.34,3.28,5.02,1072,431,0,277,23.20,1013.50,12.10,405.20,12.99,51.85,1,1713170532,GSN-01,-75,25.10,82.90,46,0,0,7.78,85,10.40,22.40,24.60,21.90,23.40,23.40,20.30,24.40,24.70,20.70,24.50,21.50,23.40,24.10,24.80,22.70,23.50,21.20,20.00,22.20,24.40,20.60,22.20,22.40,20.80,22.60,24.40,24.40,24.80,23.20,22.10,24.80,23.30,25.80,21.80,25.40,21.20,21.80,22.50,21.50,21.80,21.90,20.00,25.30,20.20,20.00,24.10,22.80,21.80,20.40,21.80,21.00,20.50,24.10,24.80,24.30,21.70,21.40,21.40,25.20,21.30,24.30,23.00,22.70,22.60
TLM_RCV,-47,FG-ALPHA,1713170590,AUTO,0,31.11,5.00,-85,99.96,8.34,3.31,5.02,0,423,0,280,22.11,1012.80,11.80,404.80,12.99,51.85,1,1713170536,GSN-01,-84,25.80,74.60,40,0,0,7.79,85,10.41,24.20,20.40,24.80,25.40,25.10,20.30,21.00,25.90,23.20,23.60,20.40,23.40,25.80,23.80,22.90,20.30,21.10,22.40,22.00,21.90,25.50,20.50,24.90,20.10,24.00,25.00,21.60,21.60,20.30,25.70,23.80,25.40,25.70,20.00,21.80,25.20,22.50,25.40,22.40,25.40,20.20,20.60,24.30,23.10,23.90,22.70,22.20,20.10,25.40,25.00,23.90,24.30,23.50,23.10,22.80,25.00,20.20,24.30,20.40,22.40,25.00,22.20,25.20,24.00
TLM_RCV,-44,FG-ALPHA,1713170591,AUTO,0,33.46,5.00,-85,100.00,8.33,3.30,5.02,1116,491,0,339,23.12,1013.10,12.00,404.90,12.99,51.85,1,1713170566,GSN-01,-73,25.00,73.60,47,0,0,7.79,85,10.41,21.90,20.00,20.00,23.50,22.10,22.00,22.90,21.80,22.90,20.10,23.60,24.60,24.50,23.00,22.10,25.40,22.30,23.20,25.90,24.90,24.40,20.60,24.80,24.00,21.90,24.00,22.20,25.40,22.50,25.40,24.50,20.90,20.50,23.80,24.80,20.30,22.30,23.20,20.90,20.30,22.40,20.00,21.80,23.70,24.00,20.70,21.60,20.80,23.10,22.40,20.60,20.50,20.20,20.50,25.90,21.20,23.40,20.70,21.80,22.60,25.40,23.00,25.90,20.50
TLM_RCV,-80,FG-ALPHA,1713170592,AUTO,0,33.20,5.00,-85,100.00,8.33,3.31,5.02,803,440,0,290,21.82,1013.10,12.00,404.70,12.99,51.85,1,1713170556,GSN-01,-75,24.10,82.50,44,0,0,7.80,84,10.42,21.60,24.60,21.70,23.10,24.20,22.10,24.80,21.80,21.30,23.50,22.80,24.50,23.70,25.30,23.10,21.40,25.70,23.90,24.40,22.10,23.50,24.90,22.00,24.60,22.10,21.00,20.10,23.40,24.70,22.80,20.50,23.60,23.10,20.10,22.50,20.50,23.30,25.20,21.20,22.80,21.90,25.60,22.40,21.00,21.40,20.10,20.50,24.20,21.10,24.80,22.90,23.30,22.40,23.20,24.20,24.50,20.90,23.40,25.80,20.10,20.40,22.00,25.00,22.50
TLM_RCV,-54,FG-ALPHA,1713170593,AUTO,0,31.11,5.00,-85,100.00,8.34,3.28,5.02,1087,422,0,272,23.33,1013.30,11.80,405.50,12.99,51.85,1,1713170574,GSN-01,-92,25.90,79.90,43,0,0,7.78,84,10.42,22.10,22.50,22.10,21.50,23.90,23.40,25.70,25.10,21.40,24.60,76.00,23.00,21.50,24.40,23.70,25.60,22.20,22.20,20.10,24.90,22.10,25.50,23.40,25.50,23.20,22.40,24.30,21.00,21.40,23.60,22.60,25.00,20.50,21.20,20.60,22.60,22.90,25.90,22.80,24.90,24.50,20.60,22.30,20.00,21.10,21.60,24.90,20.70,20.50,24.70,22.50,25.60,21.40,23.20,21.60,24.50,21.90,25.10,22.30,21.30,22.60,25.20,25.50,22.70
TLM_RCV,-69,FG-ALPHA,1713170594,AUTO,0,33.07,5.00,-85,100.00,8.34,3.28,5.02,862,414,0,269,22.24,1013.10,11.80,406.30,12.99,51.85,1,1713170568,GSN-01,-90,23.50,80.80,41,0,1,7.82,85,10.43,20.60,24.00,20.20,20.30,24.70,24.80,20.90,22.10,22.10,21.60,25.50,25.20,25.10,21.00,21.70,22.50,22.50,25.30,25.50,25.80,21.90,21.50,21.10,25.30,21.40,25.40,23.50,20.90,22.70,21.00,21.10,21.90,21.80,21.70,20.90,22.50,83.40,22.90,22.20,20.70,25.90,25.80,20.10,21.50,21.50,20.00,20.40,20.70,24.60,25.80,22.40,22.70,20.20,21.40,20.00,21.70,25.20,23.50,24.80,23.50,23.80,25.80,25.30,20.00
TLM_RCV,-95,FG-ALPHA,1713170595,AUTO,0,31.47,5.00,-85,100.00,8.33,3.31,5.02,903,494,0,337,22.05,1013.10,12.00,406.20,13.00,51.85,1,1713170565,GSN-01,-88,24.80,77.70,45,0,0,7.79,84,10.43,24.80,22.60,20.90,22.60,22.80,21.20,25.30,22.90,25.40,21.80,22.80,21.60,20.00,25.20,25.50,21.20,23.90,22.30,25.20,25.10,22.50,25.50,25.00,20.00,24.70,20.30,22.70,20.80,25.30,25.30,23.00,22.70,23.20,22.10,24.30,24.30,25.30,23.00,25.60,23.30,25.60,20.00,23.00,21.50,23.80,22.10,24.80,23.20,24.70,24.90,21.30,23.00,25.30,23.20,25.20,20.70,22.40,22.80,22.80,25.20,22.20,20.30,24.30,25.30
TLM_RCV,-68,FG-ALPHA,1713170596,AUTO,0,32.36,5.00,-85,100.00,8.33,3.29,5.02,1157,472,0,328,23.42,1013.30,12.00,405.80,13.00,51.85,1,1713170575,GSN-01,-86,24.00,77.60,45,0,0,7.81,84,10.44,22.70,21.40,22.50,23.10,20.70,20.80,25.30,20.50,22.60,21.10,24.70,21.40,25.20,22.80,24.80,20.40,20.00,23.90,23.10,23.10,22.20,24.20,22.00,21.60,21.80,24.20,20.40,20.40,20.60,20.60,23.90,24.30,23.90,24.20,24.00,21.80,25.50,21.90,20.40,22.90,23.10,22.70,25.90,24.30,21.80,22.20,21.80,21.80,21.30,22.60,22.60,21.00,21.90,24.50,22.00,20.00,21.70,24.90,22.50,25.80,24.30,25.40,23.10,23.70
TLM_RCV,-81,FG-ALPHA,1713170597,AUTO,0,32.08,5.00,-85,100.00,8.34,3.30,5.02,1139,417,0,269,23.61,1013.60,11.80,406.30,13.00,51.85,1,1713170569,GSN-01,-86,24.80,76.60,46,0,0,7.82,85,10.44,20.50,25.00,21.70,21.90,22.30,25.20,25.90,24.50,22.00,20.60,23.40,21.30,22.60,21.90,25.60,20.50,25.20,23.80,22.00,22.10,25.30,23.70,20.20,21.00,21.60,25.80,21.50,25.70,24.80,25.80,21.90,24.30,20.00,20.20,23.10,22.30,24.80,23.00,20.60,21.80,20.00,22.00,24.40,23.80,24.80,25.30,25.30,21.30,25.10,20.60,21.90,21.60,24.20,25.50,24.80,25.10,23.30,21.00,20.30,24.10,24.70,23.40,22.10,20.90
TLM_RCV,-87,FG-ALPHA,1713170598,AUTO,0,33.25,5.00,-85,100.00,8.33,3.28,5.02,852,450,0,305,22.01,1012.70,12.10,405.30,13.00,51.85,1,1713170582,GSN-01,-94,25.80,74.50,43,0,0,7.79,85,10.45,23.80,21.40,21.10,20.80,23.50,20.20,20.60,20.80,25.60,25.30,25.50,24.60,21.80,21.90,20.70,22.70,25.60,23.70,21.10,20.90,23.60,21.70,20.80,24.60,21.90,23.70,23.80,23.50,23.80,21.70,24.10,25.00,20.70,24.80,20.70,22.00,21.00,22.60,20.20,20.50,24.40,25.50,20.50,25.00,22.50,21.00,25.70,25.50,23.00,21.10,25.70,21.50,22.80,21.50,21.90,21.80,23.20,25.90,21.40,24.70,24.90,23.20,20.00,25.40
TLM_RCV,-92,FG-ALPHA,1713170599,AUTO,0,31.23,5.00,-85,100.00,8.33,3.31,5.02,1094,446,0,302,23.24,1013.20,12.10,405.10,13.00,51.85,1,1713170572,GSN-01,-76,23.00,77.60,46,0,0,7.78,85,10.45,21.70,23.80,22.00,24.80,21.80,22.00,20.10,25.20,23.70,24.30,23.40,25.10,20.40,21.60,24.20,23.30,23.60,20.30,25.40,23.90,25.70,25.50,22.70,25.00,20.40,25.20,25.00,23.70,23.50,20.50,23.60,23.80,24.00,21.70,20.70,24.90,23.20,21.10,20.40,23.80,24.50,22.40,23.10,20.90,25.00,22.30,23.00,24.70,21.60,24.20,22.50,20.90,25.50,21.60,20.30,23.90,22.90,23.00,23.60,25.20,22.70,24.00,24.50,21.00
TLM_RCV,-47,FG-ALPHA,1713170600,AUTO,0,31.44,5.00,-85,100.00,8.33,3.31,5.02,1008,489,0,331,22.59,1012.80,11.80,405.90,13.00,51.85,1,1713170557,GSN-01,-82,24.50,76.80,44,0,1,7.81,84,10.46,20.10,21.20,21.10,22.00,22.20,20.90,25.10,25.20,20.00,20.00,24.10,21.90,25.50,25.60,24.40,24.10,21.50,22.60,22.70,20.20,24.80,21.70,24.90,21.70,21.80,21.10,21.60,20.60,20.20,23.40,20.60,23.00,23.40,21.70,22.50,22.50,21.60,20.80,25.40,25.70,24.10,21.90,23.50,22.00,20.80,22.00,21.60,24.50,25.60,22.20,20.90,23.80,21.00,21.50,21.10,20.30,20.20,24.40,21.20,24.80,24.30,24.90,24.10,21.10
TLM_RCV,-90,FG-ALPHA,1713170601,AUTO,0,31.36,5.00,-85,100.00,8.33,3.31,5.02,911,473,0,321,22.19,1013.50,11.90,405.00,13.00,51.85,1,1713170564,GSN-01,-86,23.50,82.00,48,0,0,7.78,84,10.46,24.60,21.10,21.70,25.80,21.40,20.80,20.20,22.50,24.80,20.60,23.70,24.70,23.90,25.50,24.60,20.40,21.90,20.80,24.60,20.00,21.50,25.20,23.10,20.30,21.90,20.90,21.60,20.60,23.60,21.60,22.20,21.20,25.20,23.60,21.10,20.10,22.80,23.40,23.90,23.10,21.40,23.60,24.50,25.90,23.30,21.50,24.50,21.20,23.40,22.50,22.50,21.10,24.30,22.80,21.40,21.10,24.60,22.00,24.30,22.00,20.50,21.40,23.30,22.50
TLM_RCV,-66,FG-ALPHA,1713170602,AUTO,0,33.08,5.00,-85,100.00,8.34,3.29,5.02,1007,417,0,270,22.95,1013.00,12.10,405.70,13.00,51.85,1,1713170551,GSN-01,-79,25.50,80.20,48,0,0,7.81,85,10.47,25.00,25.20,24.30,23.00,21.90,23.40,23.50,25.20,22.20,21.60,24.30,22.70,22.70,23.70,22.40,22.00,24.70,25.00,23.30,25.90,20.90,21.00,23.50,25.40,24.80,23.20,20.00,21.70,21.00,21.00,20.10,23.90,24.60,23.90,20.20,25.60,20.40,24.70,23.90,20.50,20.30,20.30,88.00,25.70,22.80,24.00,20.70,25.80,23.90,20.30,21.90,22.10,22.40,20.20,22.60,25.00,22.10,21.40,21.40,21.10,25.30,24.60,24.30,21.20
TLM_RCV,-60,FG-ALPHA,1713170603,AUTO,0,31.27,5.00,-85,100.00,8.33,3.31,5.02,988,455,0,301,22.67,1013.00,12.00,406.20,13.00,51.85,1,1713170563,GSN-01,-74,24.30,76.00,40,0,0,7.78,85,10.47,23.00,20.90,24.80,24.30,23.20,23.00,22.10,20.00,24.30,25.40,25.20,24.40,22.30,23.70,25.50,20.40,21.30,25.10,25.40,24.90,24.60,25.50,23.70,22.70,21.20,21.10,21.70,25.90,21.60,20.10,23.50,21.60,22.10,25.90,20.80,24.60,23.90,21.70,20.70,23.10,20.90,21.90,20.70,25.90,23.90,23.00,24.40,20.80,20.80,20.00,23.80,21.60,23.00,24.60,22.60,20.40,20.30,25.70,23.60,23.90,23.30,20.20,25.60,24.10
TLM_RCV,-89,FG-ALPHA,1713170604,AUTO,0,31.23,5.00,-85,100.00,8.33,3.31,5.02,935,446,0,305,22.44,1013.60,12.00,405.30,13.00,51.85,1,1713170570,GSN-01,-86,23.90,83.10,43,0,0,7.79,85,10.48,23.60,21.40,22.70,21.30,20.40,23.80,21.50,20.10,23.00,20.50,21.50,20.20,23.80,21.00,25.20,21.10,20.70,23.00,22.80,24.50,22.70,21.90,21.80,21.60,21.30,23.10,24.30,24.80,25.20,25.30,21.00,21.80,25.10,25.20,24.80,22.30,21.80,24.20,23.00,24.10,22.80,24.80,25.80,21.40,25.70,21.70,25.40,24.00,22.60,21.30,21.10,24.60,22.20,25.40,21.50,21.00,21.60,21.20,22.30,23.30,22.90,23.40,25.70,21.70
TLM_RCV,-70,FG-ALPHA,1713170605,AUTO,0,31.27,5.00,-85,100.00,8.33,3.30,5.02,1191,455,0,304,23.68,1013.50,11.80,404.80,13.01,51.85,1,1713170549,GSN-01,-82,24.40,78.20,44,0,0,7.81,84,10.48,20.90,25.50,20.70,21.10,20.50,24.90,21.20,20.60,23.40,24.10,21.70,23.00,22.60,24.80,25.30,24.60,25.30,24.90,21.10,22.80,22.00,21.90,23.50,21.50,20.30,20.30,25.90,23.70,24.80,25.60,24.10,21.70,23.30,20.30,22.30,23.10,21.40,20.50,22.50,21.00,24.30,20.80,23.70,20.10,24.70,21.70,25.20,25.80,23.80,20.50,25.60,23.60,24.70,21.30,23.10,23.40,23.20,23.70,25.00,25.00,23.20,23.30,21.40,25.20
TLM_RCV,-69,FG-ALPHA,1713170606,AUTO,0,33.26,5.00,-85,100.00,8.33,3.31,5.02,985,451,0,309,22.67,1013.20,12.00,406.00,13.01,51.85,1,1713170579,GSN-01,-91,24.60,79.40,43,0,0,7.79,84,10.49,21.20,22.00,23.10,23.60,23.80,22.40,20.70,25.60,20.30,20.10,21.40,21.30,24.80,22.90,25.70,23.90,21.00,23.20,24.40,21.70,24.90,21.70,25.70,25.80,25.80,23.50,21.90,24.20,23.80,23.60,20.90,20.20,24.70,23.30,20.20,20.50,23.90,25.30,24.60,25.20,25.70,20.40,24.70,22.70,22.70,21.00,20.20,23.60,23.30,21.00,21.30,25.60,25.00,21.40,22.10,24.00,22.50,24.70,20.40,24.80,23.00,23.70,25.70,20.60
TLM_RCV,-61,FG-ALPHA,1713170607,AUTO,0,32.34,5.00,-85,99.95,8.33,3.30,5.02,0,468,0,316,22.34,1013.20,12.10,406.20,13.01,51.85,1,1713170562,GSN-01,-75,24.70,77.50,43,0,0,7.78,84,10.49,23.50,21.10,20.70,20.10,20.40,20.90,23.20,25.20,24.50,24.30,20.60,24.70,24.50,20.40,20.50,24.80,25.10,21.40,25.50,21.60,22.80,23.00,23.30,21.70,21.30,21.30,21.40,20.90,22.10,22.80,23.40,21.90,22.30,22.20,20.70,20.20,24.60,22.20,25.90,24.10,23.80,25.20,20.80,22.70,20.10,23.80,21.20,21.00,22.40,24.90,23.00,23.20,21.40,22.80,20.80,21.30,22.40,23.20,21.50,22.80,21.40,21.30,23.50,25.30
TLM_RCV,-74,FG-ALPHA,1713170608,AUTO,0,32.13,5.00,-85,99.91,8.33,3.29,5.02,0,426,0,278,22.13,1012.90,11.80,406.40,13.01,51.85,1,1713170598,GSN-01,-94,25.80,82.20,43,0,0,7.79,84,10.50,22.90,25.00,23.30,24.20,21.30,21.40,21.00,21.30,21.30,20.40,20.20,24.00,24.40,20.50,20.20,23.60,25.40,21.50,24.10,20.00,21.00,22.60,24.80,24.20,24.70,22.70,25.40,24.90,20.80,23.80,21.50,24.60,25.60,22.40,23.70,23.50,20.20,21.10,25.20,23.30,25.70,23.40,24.50,23.90,25.40,22.20,21.80,22.30,24.50,23.10,23.80,21.40,25.40,20.30,24.60,24.20,23.70,24.10,21.50,21.60,23.70,25.10,21.20,22.60
TLM_RCV,-80,FG-ALPHA,1713170609,AUTO,0,32.21,5.00,-85,99.98,8.33,3.30,5.02,1180,441,0,301,23.69,1013.30,12.10,406.40,13.01,51.85,1,1713170575,GSN-01,-89,23.80,82.70,42,0,0,7.78,85,10.50,23.40,23.30,22.60,23.10,24.50,23.50,21.00,25.20,22.70,22.60,20.90,24.10,20.00,23.80,22.40,21.50,20.70,22.80,21.80,21.60,22.10,21.90,23.50,24.80,25.30,25.30,22.50,23.60,24.50,21.00,20.80,21.30,25.80,22.00,23.40,21.80,22.10,24.00,20.50,20.30,21.40,21.30,25.60,21.00,21.10,24.60,22.60,20.60,24.30,25.90,20.40,22.20,23.10,22.30,20.00,21.90,23.00,24.60,25.60,21.50,20.40,21.90,21.30,25.60
TLM_RCV,-57,FG-ALPHA,1713170610,AUTO,0,31.36,5.00,-85,100.00,8.33,3.30,5.02,1067,472,0,322,22.98,1012.90,11.80,406.30,13.01,51.85,1,1713170589,GSN-01,-71,23.30,75.40,41,0,0,7.82,85,10.51,23.50,21.30,22.10,25.40,20.10,24.30,25.60,25.00,22.60,21.80,22.40,22.10,23.40,24.50,20.20,21.10,21.60,25.50,22.90,22.80,20.20,23.30,22.60,20.70,22.60,24.80,20.40,20.40,24.40,25.10,24.40,25.30,25.40,23.90,24.70,20.10,24.10,25.60,21.20,23.60,24.30,22.50,20.90,23.40,25.80,20.80,23.20,21.20,24.30,21.80,22.20,20.80,22.50,21.20,23.80,22.00,20.60,22.30,24.30,24.10,20.60,20.00,22.60,21.40
TLM_RCV,-57,FG-ALPHA,1713170611,AUTO,0,31.22,5.00,-85,100.00,8.33,3.29,5.02,1117,443,0,299,23.37,1013.10,12.00,405.50,13.01,51.85,1,1713170553,GSN-01,-91,25.50,73.30,44,0,0,7.81,85,10.51,21.80,21.40,22.10,22.10,20.30,24.10,20.70,22.30,21.60,25.00,23.40,23.20,23.60,24.20,21.00,21.20,22.50,23.60,24.30,22.10,21.60,21.10,22.60,25.00,25.20,21.00,25.30,23.20,25.90,25.20,21.40,20.80,24.40,21.00,20.20,22.50,22.80,24.10,23.20,21.00,20.10,21.10,21.30,25.90,23.10,22.70,24.90,23.40,21.90,24.30,21.20,20.30,25.90,25.60,22.70,23.10,22.50,21.60,24.60,25.80,24.60,20.00,25.30,23.50
TLM_RCV,-77,FG-ALPHA,1713170612,AUTO,0,31.02,5.00,-85,100.00,8.34,3.31,5.02,985,405,0,253,22.90,1013.60,12.10,406.40,13.01,51.85,1,1713170556,GSN-01,-79,25.40,75.80,47,0,0,7.79,85,10.52,24.20,22.90,22.10,21.40,20.10,22.10,22.20,21.20,22.00,20.60,24.60,21.30,24.20,23.70,21.60,25.40,21.70,21.60,21.00,20.90,20.50,22.80,21.50,23.30,23.80,21.00,22.10,24.00,24.90,22.50,22.00,22.80,23.10,25.20,21.00,25.30,25.10,23.70,22.00,20.30,23.70,21.20,22.30,22.20,24.00,21.20,25.10,24.90,24.10,25.90,20.90,22.90,24.70,20.10,22.20,25.60,24.20,20.90,25.00,20.30,22.20,20.00,21.40,24.80
TLM_RCV,-80,FG-ALPHA,1713170613,AUTO,0,33.10,5.00,-85,99.96,8.34,3.29,5.02,0,421,0,267,22.10,1013.10,11.90,406.40,13.01,51.85,1,1713170570,GSN-01,-93,24.60,78.50,42,0,0,7.82,84,10.52,23.70,22.70,21.10,23.00,22.20,20.50,22.70,22.00,23.10,25.40,20.60,25.60,24.10,20.30,22.70,22.90,21.60,21.30,20.90,25.80,22.30,20.10,21.10,21.50,20.50,22.20,21.80,25.10,22.70,20.70,21.50,24.70,22.70,23.60,21.00,24.30,25.70,25.70,21.10,24.40,23.30,22.50,20.70,22.00,22.30,20.20,24.50,24.10,21.70,22.80,25.50,21.00,20.60,23.60,22.40,25.20,23.10,21.40,23.60,25.80,20.60,23.70,21.20,23.70
TLM_RCV,-85,FG-ALPHA,1713170614,AUTO,0,33.17,5.00,-85,100.00,8.33,3.29,5.02,1004,434,0,277,22.85,1013.60,11.80,405.30,13.01,51.85,1,1713170600,GSN-01,-83,23.60,78.40,44,0,0,7.80,84,10.53,25.10,23.30,24.30,22.40,24.10,20.60,24.60,20.50,24.20,21.30,24.20,23.30,24.80,20.20,20.20,21.40,25.10,24.50,24.10,22.50,20.40,20.10,24.10,21.00,23.40,23.10,20.30,23.10,21.00,21.80,24.30,23.80,23.20,23.80,22.90,23.10,20.40,25.00,25.80,23.20,24.70,24.70,25.80,25.00,23.10,25.70,24.70,25.70,20.80,22.40,24.60,23.70,20.60,23.70,21.00,22.70,20.90,24.30,22.40,20.40,25.40,23.80,25.80,20.60
TLM_RCV,-79,FG-ALPHA,1713170615,AUTO,0,32.40,5.00,-85,100.00,8.33,3.31,5.02,1046,480,0,326,22.83,1012.80,11.80,405.00,13.02,51.85,1,1713170572,GSN-01,-78,25.00,83.10,43,0,0,7.82,84,10.53,20.20,20.40,21.40,20.90,23.10,20.10,24.10,25.30,23.50,20.20,23.70,24.60,23.20,24.70,25.90,25.90,23.30,20.90,20.30,25.10,23.30,25.90,22.70,23.80,24.50,21.00,21.30,20.80,24.20,22.90,24.90,20.00,22.00,24.40,23.20,25.70,24.50,24.40,22.10,23.20,24.70,22.30,22.40,23.00,21.30,21.50,23.70,23.70,25.80,22.40,21.40,25.10,20.10,21.40,25.60,22.30,20.20,23.70,23.40,20.60,22.20,25.40,22.40,21.20
TLM_RCV,-53,FG-ALPHA,1713170616,AUTO,0,32.29,5.00,-85,100.00,8.33,3.31,5.02,969,459,0,317,22.55,1013.10,12.10,404.70,13.02,51.85,1,1713170605,GSN-01,-93,23.60,77.60,48,0,0,7.79,84,10.54,24.80,20.90,21.70,22.20,20.10,22.80,22.40,22.50,22.90,21.70,25.70,76.10,20.50,24.20,22.70,23.70,21.70,22.30,22.40,21.80,25.20,20.70,23.40,24.60,21.60,20.90,22.90,22.90,22.20,22.60,20.90,23.70,24.30,20.50,25.60,25.60,22.60,23.00,24.60,23.90,24.30,23.70,20.80,21.70,24.30,25.40,25.00,25.20,21.00,21.40,21.80,25.00,22.70,20.10,22.90,20.50,24.60,22.30,23.60,22.50,25.40,25.40,21.60,25.60
TLM_RCV,-81,FG-ALPHA,1713170617,AUTO,0,33.19,5.00,-85,100.00,8.33,3.30,5.02,1048,438,0,289,23.05,1013.50,11.90,406.30,13.02,51.85,1,1713170600,GSN-01,-88,23.60,74.40,40,0,1,7.82,85,10.54,20.50,20.10,23.80,20.00,23.40,24.20,25.40,25.50,23.00,23.50,23.70,22.40,20.10,24.50,24.20,21.90,22.20,25.00,21.70,24.30,25.90,21.50,25.90,25.30,23.90,22.80,20.40,23.50,24.70,25.60,24.70,23.10,21.10,20.40,20.60,24.60,23.10,23.70,25.10,21.20,22.50,22.50,23.50,24.50,25.90,21.00,21.00,25.70,20.00,20.70,25.50,23.70,25.00,20.60,20.80,24.60,23.40,21.30,20.30,22.30,20.80,25.20,22.30,23.60
TLM_RCV,-68,FG-ALPHA,1713170618,AUTO,0,33.41,5.00,-85,100.00,8.33,3.28,5.02,866,482,0,326,21.92,1013.60,11.90,405.90,13.02,51.85,1,1713170605,GSN-01,-81,24.60,74.70,47,0,0,7.79,84,10.55,23.50,21.40,20.30,22.70,21.40,20.40,21.80,23.60,25.40,21.90,24.60,20.80,20.30,21.70,23.30,22.80,23.80,23.20,21.60,71.00,22.90,24.10,20.60,25.20,21.60,24.40,24.90,20.90,20.00,20.50,24.40,25.30,23.80,25.50,25.90,20.30,23.50,24.10,24.70,23.00,24.70,21.90,23.40,25.00,20.30,23.40,23.90,24.60,23.00,24.00,23.70,24.20,21.40,23.30,22.40,20.80,25.70,21.40,20.40,20.60,24.90,21.20,24.70,20.00
TLM_RCV,-76,FG-ALPHA,1713170619,AUTO,0,32.17,5.00,-85,100.00,8.34,3.29,5.02,900,433,0,285,22.33,1013.30,11.80,406.40,13.02,51.85,1,1713170596,GSN-01,-81,25.60,82.10,41,0,0,7.78,84,10.55,23.90,21.40,20.20,23.10,23.30,20.10,22.10,21.10,24.90,23.00,22.30,24.80,20.90,20.80,21.90,20.10,22.60,25.60,22.50,20.60,25.40,21.30,23.50,24.40,20.50,22.90,20.40,24.00,22.30,22.80,23.20,21.20,22.20,24.60,20.70,25.00,21.40,24.30,21.50,20.90,23.00,20.10,24.70,23.70,20.00,21.10,23.10,24.20,24.50,23.00,22.70,23.30,21.00,23.00,20.10,20.10,25.10,22.80,23.60,20.00,24.10,24.70,21.30,20.10
TLM_RCV,-55,FG-ALPHA,1713170641,AUTO,0,32.01,5.00,-85,99.96,8.34,3.28,5.02,0,401,0,258,22.00,1012.90,11.80,404.90,13.04,51.85,1,1713170614,GSN-01,-90,25.50,79.90,48,0,0,7.81,85,10.56,24.00,25.90,22.90,25.90,21.70,21.50,20.90,22.00,20.50,20.10,21.30,22.80,22.10,25.00,23.30,20.80,22.20,23.20,21.50,23.70,21.80,24.80,20.10,23.90,25.40,23.50,20.80,23.40,24.20,23.30,22.50,22.00,21.80,24.50,24.00,20.70,20.30,21.10,24.10,24.80,21.80,22.50,22.50,22.60,20.90,23.00,23.10,23.60,24.20,24.10,22.20,24.30,25.70,21.70,20.30,25.80,21.90,20.40,25.40,22.20,22.30,20.30,20.60,20.90
TLM_RCV,-80,FG-ALPHA,1713170642,AUTO,0,32.30,5.00,-85,100.00,8.33,3.29,5.02,1194,460,0,309,23.67,1013.00,12.10,405.70,13.04,51.85,1,1713170583,GSN-01,-75,24.50,77.30,41,0,0,7.81,84,10.56,22.20,25.70,25.80,24.00,23.70,22.80,23.50,22.80,20.70,20.40,23.10,24.20,24.00,24.10,23.50,24.80,21.90,24.90,24.80,23.80,21.60,20.30,22.40,24.40,24.80,21.50,24.50,25.60,25.10,23.30,24.00,22.70,22.60,22.00,21.20,21.30,20.00,22.50,24.70,21.80,25.40,21.00,25.40,22.70,23.80,22.90,25.90,20.80,20.40,23.90,23.80,24.90,21.70,24.50,22.90,21.70,24.50,25.90,21.90,21.50,20.30,23.30,25.00,23.10
TLM_RCV,-79,FG-ALPHA,1713170643,AUTO,0,33.49,5.00,-85,100.00,8.33,3.30,5.02,1104,497,0,339,23.03,1012.90,12.00,405.20,13.04,51.85,1,1713170599,GSN-01,-93,23.70,79.50,44,0,0,7.79,85,10.57,25.80,23.70,24.50,23.30,25.00,23.20,25.50,21.90,24.00,21.50,22.80,20.50,23.00,20.90,20.70,22.20,22.80,23.60,24.80,22.70,22.40,25.00,22.60,22.20,20.40,21.10,20.20,22.80,22.40,22.90,25.60,21.30,20.70,22.20,23.20,22.60,20.20,25.60,23.10,21.20,24.80,24.90,24.20,21.80,24.90,22.40,24.60,21.80,24.40,23.50,23.00,21.20,22.10,20.90,20.80,21.10,23.90,23.60,24.10,23.50,22.50,25.40,22.00,23.30
TLM_RCV,-93,FG-ALPHA,1713170644,AUTO,0,32.44,5.00,-85,100.00,8.33,3.29,5.02,1093,489,0,330,23.02,1013.10,11.80,405.60,13.04,51.85,1,1713170626,GSN-01,-85,24.10,77.80,40,0,0,7.78,85,10.57,23.90,20.00,25.90,24.60,21.20,22.80,22.00,25.30,25.30,25.40,24.30,23.10,25.50,21.20,24.80,21.80,23.40,21.80,23.60,23.60,23.50,21.10,23.80,25.20,21.10,24.10,22.10,25.30,25.40,21.00,22.30,22.10,23.00,21.20,21.00,25.10,24.00,25.50,24.70,24.60,25.80,25.80,24.60,23.60,22.80,23.30,24.90,22.30,23.70,23.60,21.70,25.80,24.90,21.30,25.00,23.10,24.60,22.90,20.40,21.70,24.50,20.50,24.60,23.60
TLM_RCV,-84,FG-ALPHA,1713170645,AUTO,0,32.16,5.00,-85,99.96,8.33,3.28,5.02,0,432,0,282,22.16,1013.30,11.80,404.50,13.05,51.85,1,1713170610,GSN-01,-79,25.60,82.60,42,0,0,7.81,85,10.58,23.30,20.00,23.60,22.40,22.20,24.10,20.90,24.80,24.40,23.60,25.60,21.70,22.30,23.70,21.10,23.10,24.60,20.40,24.90,22.40,21.00,23.50,24.00,21.20,25.30,24.20,22.70,23.50,24.70,21.20,23.80,24.20,21.00,21.50,21.30,22.80,23.90,22.60,24.00,24.30,24.50,20.90,24.40,23.20,22.30,23.40,24.80,21.20,20.90,20.90,24.30,24.00,21.90,22.00,20.30,25.20,20.60,22.20,25.20,24.40,25.50,25.70,23.50,21.00
TLM_RCV,-70,FG-ALPHA,1713170646,AUTO,0,32.47,5.00,-85,100.00,8.33,3.29,5.02,1197,495,0,339,23.51,1012.90,12.00,405.90,13.05,51.85,1,1713170634,GSN-01,-90,23.30,76.40,49,0,1,7.82,85,10.58,25.00,22.90,24.80,23.10,21.20,21.00,23.90,21.00,23.40,22.30,21.20,22.70,76.60,20.00,22.30,22.60,23.80,22.50,23.80,22.10,22.70,22.10,22.10,23.60,25.30,23.90,21.30,22.30,23.20,23.20,25.30,21.90,22.50,21.80,22.10,20.60,24.40,25.00,22.70,23.70,25.60,23.10,21.00,25.50,23.20,23.00,25.70,22.70,24.60,24.80,25.80,20.60,25.90,22.80,21.30,23.70,24.40,24.80,22.80,21.30,25.50,24.40,25.00,23.60
TLM_RCV,-57,FG-ALPHA,1713170647,AUTO,0,31.26,5.00,-85,100.00,8.33,3.31,5.02,1150,452,0,295,23.49,1013.20,11.80,405.00,13.05,51.85,1,1713170635,GSN-01,-75,23.60,82.30,49,0,1,7.82,85,10.59,22.00,21.30,22.10,25.20,20.00,21.60,22.50,25.00,20.20,25.80,23.40,25.30,22.90,23.30,24.10,20.80,24.40,24.60,21.40,23.00,20.50,24.70,23.10,22.20,20.10,22.00,22.70,24.90,21.30,20.50,22.80,21.50,20.90,22.80,25.70,20.70,25.30,20.60,23.70,22.90,23.30,24.70,23.60,20.90,23.40,25.40,22.70,25.20,20.00,25.70,20.80,21.40,22.00,21.00,20.20,24.30,21.30,20.60,20.60,20.90,23.30,22.50,25.20,21.70
TLM_RCV,-90,FG-ALPHA,1713170648,AUTO,0,31.30,5.00,-85,99.95,8.33,3.30,5.02,0,460,0,315,22.30,1013.60,11.90,405.50,13.05,51.85,1,1713170621,GSN-01,-72,23.80,81.10,45,0,1,7.81,85,10.59,20.80,25.00,23.40,25.70,25.50,23.20,25.10,20.50,20.20,24.50,22.40,20.60,23.70,23.00,24.40,24.20,24.80,21.90,23.50,23.30,22.50,25.30,22.40,20.20,22.60,25.40,21.50,22.10,22.60,21.20,25.30,21.30,21.60,25.40,20.40,21.30,25.80,21.40,24.20,23.00,25.50,21.70,25.00,21.40,25.50,72.60,25.00,22.90,20.90,24.30,24.00,23.70,22.90,25.80,23.40,24.90,20.70,25.90,20.10,21.80,25.00,21.80,24.30,21.20
TLM_RCV,-75,FG-ALPHA,1713170649,AUTO,0,33.21,5.00,-85,100.00,8.33,3.29,5.02,1155,442,0,288,23.57,1012.90,11.90,405.60,13.05,51.85,1,1713170632,GSN-01,-72,25.70,79.20,46,1,0,7.80,84,10.60,25.60,24.70,24.30,23.30,23.80,21.30,23.50,23.80,20.40,21.80,20.70,23.60,23.60,23.70,25.50,25.00,24.50,24.50,20.10,24.10,24.30,25.50,22.00,20.70,22.20,22.20,24.80,21.90,23.50,23.20,22.70,22.00,20.30,24.00,23.40,23.70,21.00,25.80,25.10,25.80,20.30,20.20,20.60,20.20,24.30,23.90,24.10,21.70,22.90,23.10,22.20,20.30,21.90,21.70,20.70,23.00,25.00,20.30,21.90,23.30,20.10,23.20,24.20,25.40
TLM_RCV,-42,FG-ALPHA,1713170650,AUTO,0,33.08,5.00,-85,100.00,8.34,3.28,5.02,904,416,0,263,22.44,1012.70,12.00,406.30,13.05,51.85,1,1713170627,GSN-01,-83,25.20,75.80,40,0,1,7.80,85,10.60,23.10,25.50,20.60,20.70,20.00,21.30,22.80,22.40,20.30,20.50,21.10,24.60,20.90,24.40,20.20,25.40,22.90,22.20,23.00,22.20,22.40,24.20,20.10,23.10,20.10,24.30,23.40,23.10,23.80,20.60,22.60,23.80,22.60,23.00,23.10,23.00,24.10,21.50,21.70,24.10,24.00,21.80,25.80,21.10,21.60,23.90,21.20,24.40,22.60,24.30,22.30,25.50,21.10,20.80,21.20,25.70,24.90,24.20,22.20,21.20,23.20,21.70,24.80,25.90
TLM_RCV,-51,FG-ALPHA,1713170651,AUTO,0,32.36,5.00,-85,100.00,8.33,3.31,5.02,1053,472,0,325,22.91,1013.20,12.10,405.10,13.05,51.85,1,1713170615,GSN-01,-86,25.60,80.00,42,0,0,7.79,84,10.61,21.30,21.40,24.50,20.40,24.10,25.10,25.40,25.00,21.70,21.60,21.50,22.80,22.40,21.10,25.80,25.40,22.70,23.30,25.70,22.40,21.70,25.20,21.10,25.30,25.30,20.80,22.30,21.10,23.60,23.10,20.10,24.50,24.30,22.70,25.80,24.50,22.10,24.30,22.70,24.70,22.60,23.30,20.50,22.90,20.20,21.10,21.70,23.70,21.70,24.40,23.80,25.50,24.90,24.30,21.50,24.90,22.80,22.00,25.60,25.40,24.70,20.40,21.60,21.60
TLM_RCV,-81,FG-ALPHA,1713170652,AUTO,0,31.19,5.00,-85,99.96,8.33,3.30,5.02,0,439,0,294,22.19,1012.90,12.00,405.20,13.05,51.85,1,1713170601,GSN-01,-79,24.50,75.90,43,0,0,7.80,85,10.61,24.60,25.30,21.70,24.70,24.10,20.10,20.00,21.80,21.60,22.80,22.80,20.40,22.10,24.50,23.40,25.80,25.40,20.40,23.90,25.60,22.10,23.40,21.60,20.20,22.10,21.30,23.30,22.10,24.40,21.20,24.80,23.40,21.60,20.40,24.10,23.00,21.80,21.00,25.00,21.30,22.90,23.70,24.00,22.90,21.70,25.60,25.70,23.20,22.60,20.40,20.30,24.90,24.40,25.00,25.80,21.80,24.80,20.50,20.40,22.20,24.20,24.90,20.00,23.10
TLM_RCV,-43,FG-ALPHA,1713170653,AUTO,0,33.35,5.00,-85,99.91,8.33,3.30,5.02,0,470,0,322,22.35,1013.40,11.90,404.50,13.05,51.85,1,1713170642,GSN-01,-87,25.70,78.00,42,0,0,7.78,85,10.62,24.20,80.20,21.80,25.20,25.40,24.40,21.50,23.80,21.00,25.00,25.10,22.20,20.10,25.60,21.60,20.00,22.50,20.80,21.00,23.70,24.60,24.00,22.20,21.60,21.40,24.10,23.20,20.30,24.30,25.30,24.30,22.40,24.80,25.10,25.60,24.00,21.10,24.10,20.50,25.70,20.40,24.60,20.70,23.60,21.50,24.50,20.40,20.20,20.90,22.30,20.40,23.00,20.30,20.30,20.00,23.90,22.30,25.30,23.60,23.60,25.70,22.10,23.70,22.40
TLM_RCV,-92,FG-ALPHA,1713170654,AUTO,0,32.38,5.00,-85,99.97,8.33,3.30,5.02,1064,477,0,331,22.93,1013.60,12.00,406.40,13.05,51.85,1,1713170615,GSN-01,-92,25.10,76.70,43,0,0,7.78,85,10.62,24.20,20.70,25.00,20.40,21.10,24.30,25.70,20.40,21.70,22.90,24.60,21.20,21.90,24.00,22.80,21.60,21.70,24.40,25.10,24.30,23.10,20.90,25.80,20.80,24.90,20.70,24.20,23.00,23.80,21.60,22.90,23.30,22.50,24.00,23.80,25.80,24.10,20.70,23.20,22.90,20.60,20.10,24.30,20.40,21.30,24.20,24.10,23.20,22.50,20.60,22.90,22.50,25.20,24.40,24.80,22.20,24.10,23.40,23.80,24.40,23.10,21.60,25.80,20.40
TLM_RCV,-94,FG-ALPHA,1713170655,AUTO,0,33.06,5.00,-85,100.00,8.34,3.30,5.02,873,413,0,272,22.30,1013.20,12.10,405.70,13.06,51.85,1,1713170618,GSN-01,-92,23.70,77.70,40,0,0,7.80,85,10.63,21.60,20.60,20.70,22.20,22.50,24.70,20.20,24.40,20.40,22.40,24.50,24.70,22.20,25.50,21.40,21.70,24.20,21.20,25.50,21.90,24.40,22.10,21.50,24.40,25.50,22.40,20.30,22.70,24.60,21.80,22.40,74.60,24.10,21.40,22.80,22.80,21.50,23.70,23.50,22.30,25.60,20.20,21.50,21.60,24.20,20.00,20.50,24.80,21.20,23.80,22.70,22.50,22.20,24.30,21.70,22.10,21.80,20.80,25.40,20.20,21.30,22.30,21.10,21.70
TLM_RCV,-70,FG-ALPHA,1713170656,AUTO,0,31.10,5.00,-85,100.00,8.34,3.31,5.02,942,420,0,261,22.61,1012.90,12.00,404.70,13.06,51.85,1,1713170636,GSN-01,-89,24.50,77.40,46,0,0,7.80,84,10.63,23.10,21.10,20.70,23.30,23.10,24.70,25.50,22.20,21.60,21.10,21.40,21.10,23.50,20.00,24.60,25.30,22.30,21.80,22.80,20.40,22.60,23.70,22.00,23.10,20.90,21.70,21.80,25.00,24.90,22.60,20.60,20.80,22.10,21.20,23.10,23.40,21.90,21.60,20.30,24.70,23.50,20.20,23.10,21.50,24.40,24.00,23.90,22.50,24.70,22.50,23.40,20.80,23.20,22.30,22.90,20.50,25.40,24.40,25.00,22.50,25.40,22.20,20.20,23.00
TLM_RCV,-49,FG-ALPHA,1713170657,AUTO,0,33.08,5.00,-85,100.00,8.34,3.31,5.02,853,417,0,273,22.18,1012.70,11.80,405.50,13.06,51.85,1,1713170613,GSN-01,-74,24.80,82.20,44,0,0,7.80,84,10.64,21.00,22.80,23.30,21.90,21.70,24.00,23.80,21.30,25.30,21.10,23.80,25.00,25.20,23.60,25.30,20.30,21.70,22.40,23.70,22.40,25.00,20.70,22.10,20.40,25.70,21.80,20.20,25.40,20.20,21.90,25.30,21.60,22.50,25.30,24.40,23.20,25.80,25.40,21.90,25.40,22.90,23.30,24.30,25.00,22.70,23.50,21.30,23.10,20.60,21.20,22.00,21.20,20.20,24.80,24.40,24.00,24.20,24.80,21.70,21.60,22.80,24.60,25.30,21.80
TLM_RCV,-86,FG-ALPHA,1713170658,AUTO,0,32.30,5.00,-85,100.00,8.33,3.30,5.02,923,460,0,308,22.32,1012.90,12.00,405.40,13.06,51.85,1,1713170602,GSN-01,-80,24.90,74.80,42,0,0,7.78,84,10.64,21.80,25.30,24.90,20.00,22.20,24.80,22.30,21.70,23.60,25.40,21.80,24.60,24.30,21.20,21.10,21.60,22.90,24.20,25.70,20.30,25.30,25.50,20.80,23.50,20.40,22.50,23.20,22.20,23.60,20.50,21.60,22.80,21.40,25.60,25.60,23.50,22.90,25.60,23.80,23.00,23.60,25.20,21.20,25.80,25.00,24.50,20.10,24.90,24.10,25.50,21.70,21.60,24.60,24.40,25.00,24.40,25.40,21.20,24.60,23.40,23.60,20.20,21.10,20.30
TLM_RCV,-84,FG-ALPHA,1713170659,AUTO,0,33.22,5.00,-85,100.00,8.33,3.31,5.02,800,445,0,297,21.77,1013.60,11.80,406.30,13.06,51.85,1,1713170612,GSN-01,-77,23.40,77.30,44,0,0,7.82,85,10.65,24.60,22.40,22.20,22.60,23.50,20.20,21.80,23.80,20.70,22.00,22.90,21.50,22.20,23.50,24.20,22.00,21.40,21.90,21.70,20.80,24.30,24.40,24.50,24.00,24.80,23.60,21.70,25.50,21.80,21.90,22.60,24.20,21.40,22.00,21.60,20.20,22.00,25.40,23.00,20.60,25.10,25.60,25.30,22.70,23.80,25.80,22.80,24.00,22.80,23.70,23.30,22.80,21.30,22.10,21.90,25.30,22.10,22.30,24.20,23.50,20.40,20.30,21.70,22.50
TLM_RCV,-76,FG-ALPHA,1713170660,AUTO,0,32.08,5.00,-85,100.00,8.34,3.31,5.02,913,416,0,271,22.49,1013.60,11.90,405.40,13.06,51.85,1,1713170618,GSN-01,-71,24.20,76.30,41,0,1,7.78,85,10.65,24.90,21.40,25.20,24.60,22.30,20.60,23.30,21.80,21.70,20.60,20.30,20.90,20.00,23.10,23.50,20.80,24.20,24.80,24.10,23.00,23.30,22.70,25.90,20.60,22.30,21.40,22.90,22.10,22.90,20.80,22.20,24.60,25.80,24.00,24.30,23.40,20.10,25.40,22.70,20.30,22.50,25.90,25.20,23.70,20.20,23.20,23.00,24.10,22.80,22.70,24.60,24.50,24.40,21.10,25.20,21.10,21.00,21.10,22.00,20.00,20.50,20.80,22.30,20.00
TLM_RCV,-85,FG-ALPHA,1713170661,AUTO,0,32.24,5.00,-85,100.00,8.33,3.30,5.02,1193,448,0,302,23.73,1012.80,11.80,405.40,13.06,51.85,1,1713170607,GSN-01,-92,23.80,83.00,48,0,0,7.80,84,10.66,20.70,22.10,22.20,20.80,23.90,23.20,23.00,25.90,25.80,22.50,25.40,25.10,23.90,20.50,25.30,25.20,23.20,25.70,24.00,24.40,25.50,23.30,24.50,24.10,24.90,21.60,22.00,24.10,21.20,25.80,20.70,21.70,22.10,20.60,21.10,24.60,25.60,20.20,21.00,21.10,21.70,22.30,25.30,22.80,20.80,22.00,21.00,25.80,21.50,20.00,24.30,24.70,23.40,22.20,20.00,21.30,25.40,25.40,22.90,21.00,23.80,21.00,23.50,20.10
TLM_RCV,-41,FG-ALPHA,1713170662,AUTO,0,33.21,5.00,-85,99.96,8.33,3.30,5.02,0,441,0,293,22.20,1012.90,12.00,405.90,13.06,51.85,1,1713170615,GSN-01,-90,24.40,82.80,46,0,0,7.78,84,10.66,21.40,24.50,23.10,25.00,22.40,24.00,25.90,22.90,23.60,24.20,25.20,23.10,23.90,24.80,24.80,23.40,20.10,24.70,21.40,24.60,24.00,24.00,21.60,24.30,25.40,24.60,21.90,23.00,22.00,21.10,20.30,23.10,23.60,23.60,24.20,25.80,21.00,20.60,22.20,20.90,22.50,24.40,24.00,23.70,23.60,22.90,21.70,24.90,23.40,20.10,24.60,21.00,21.50,22.50,25.60,25.60,20.20,23.70,22.00,24.50,25.90,25.70,21.60,20.30
TLM_RCV,-88,FG-ALPHA,1713170663,AUTO,0,32.34,5.00,-85,100.00,8.33,3.28,5.02,1163,468,0,313,23.48,1013.40,11.90,405.90,13.06,51.85,1,1713170623,GSN-01,-85,24.60,81.40,48,0,0,7.79,84,10.67,20.40,20.00,21.30,23.00,20.10,23.80,25.80,20.50,22.10,22.60,22.50,21.00,20.10,20.40,24.90,20.10,20.00,20.90,22.60,22.00,24.90,25.00,22.50,23.50,21.90,25.40,24.10,24.60,22.40,25.40,24.70,20.90,25.80,21.50,20.90,22.80,22.80,21.00,25.90,20.70,20.20,22.90,24.70,24.20,25.40,20.30,22.00,21.00,25.20,20.00,25.40,22.00,24.00,25.90,22.70,25.20,23.40,25.40,20.50,21.40,20.00,24.70,22.70,23.80
TLM_RCV,-44,FG-ALPHA,1713170664,AUTO,0,32.36,5.00,-85,100.00,8.33,3.31,5.02,1144,472,0,326,23.36,1012.90,11.90,405.60,13.06,51.85,1,1713170621,GSN-01,-79,25.70,81.00,42,0,0,7.82,84,10.67,22.10,23.20,25.50,23.10,23.20,21.00,25.90,24.30,23.10,23.80,21.20,23.00,22.40,24.20,20.60,20.80,21.80,24.50,23.70,21.60,22.10,22.10,25.70,22.90,22.60,21.10,25.20,21.60,25.90,24.10,24.20,25.20,22.50,21.30,23.00,21.50,21.80,22.40,20.50,22.90,25.00,20.00,24.20,21.60,21.40,25.50,25.20,21.00,24.20,22.30,25.60,22.10,20.10,21.90,22.10,22.60,20.90,22.00,20.60,24.20,20.30,20.70,23.70,24.80
TLM_RCV,-54,FG-ALPHA,1713170665,AUTO,0,32.19,5.00,-85,100.00,8.33,3.28,5.02,942,438,0,298,22.52,1013.60,12.00,404.70,13.07,51.85,1,1713170611,GSN-01,-78,23.60,78.30,47,0,0,7.78,84,10.68,20.30,20.80,24.00,24.20,20.50,20.30,21.00,22.00,21.40,25.70,22.00,24.40,24.40,23.00,25.20,20.30,25.40,23.60,23.10,21.10,25.20,24.80,25.10,23.60,20.60,20.90,20.10,24.00,23.10,23.40,21.90,22.90,20.00,23.60,22.10,25.30,25.40,21.20,25.50,25.40,21.70,22.60,23.30,21.80,22.90,22.10,23.20,21.40,20.00,20.90,23.30,20.10,25.10,20.10,21.90,21.50,23.20,23.70,25.90,21.80,22.40,22.80,25.80,21.70
TLM_RCV,-91,FG-ALPHA,1713170666,AUTO,0,32.31,5.00,-85,100.00,8.33,3.31,5.02,847,461,0,306,21.93,1013.50,11.90,405.70,13.07,51.85,1,1713170640,GSN-01,-79,24.30,76.60,45,0,0,7.82,84,10.68,20.80,22.10,23.60,21.80,24.40,21.50,22.50,25.60,22.20,20.00,21.50,21.00,24.50,24.40,21.80,24.20,20.70,24.60,20.80,20.80,23.60,25.60,21.80,20.40,21.40,24.40,24.60,23.40,22.90,20.20,20.40,23.80,24.00,22.70,25.40,24.90,23.00,25.80,22.50,21.60,25.70,20.40,23.80,22.80,24.10,20.00,20.90,21.10,22.50,23.70,25.10,25.00,23.20,23.30,21.40,20.50,23.80,25.10,24.70,25.20,24.00,20.20,23.40,25.00
TLM_RCV,-68,FG-ALPHA,1713170667,AUTO,0,33.18,5.00,-85,99.96,8.33,3.28,5.02,0,436,0,281,22.18,1013.50,12.10,405.80,13.07,51.85,1,1713170628,GSN-01,-72,25.40,73.60,47,0,0,7.79,85,10.69,22.60,22.20,23.20,21.20,24.70,22.30,20.00,25.50,20.00,22.80,21.30,25.70,22.60,23.00,21.70,25.70,20.90,21.70,25.50,22.60,24.90,25.80,20.60,21.20,20.80,22.10,20.20,23.50,25.40,21.40,24.80,20.30,24.00,22.00,20.50,23.80,20.00,24.70,24.00,20.60,24.50,23.20,24.10,21.00,25.90,23.10,23.10,25.80,22.40,21.60,23.50,24.30,21.10,23.00,23.00,23.90,20.00,20.60,25.50,22.70,24.50,25.80,20.80,24.90
TLM_RCV,-52,FG-ALPHA,1713170668,AUTO,0,31.22,5.00,-85,100.00,8.33,3.28,5.02,974,443,0,292,22.66,1013.40,12.10,406.00,13.07,51.85,1,1713170640,GSN-01,-73,25.00,79.10,41,0,0,7.78,85,10.69,22.40,21.70,24.60,23.10,22.80,23.20,21.80,22.60,23.10,21.60,24.70,21.90,24.10,22.60,20.80,24.00,20.60,25.20,21.40,25.90,22.00,21.30,23.30,20.40,21.90,20.90,23.90,20.40,24.70,25.90,25.40,25.20,21.00,21.90,22.90,25.20,23.30,20.20,25.90,21.60,20.00,21.60,22.20,23.10,20.90,25.80,20.10,24.60,20.90,24.60,20.50,25.90,23.60,22.80,22.90,25.30,24.60,25.10,22.30,20.90,21.20,22.30,20.50,21.30
TLM_RCV,-58,FG-ALPHA,1713170669,AUTO,0,31.27,5.00,-85,100.00,8.33,3.28,5.02,1086,454,0,310,23.16,1013.50,12.00,404.50,13.07,51.85,1,1713170640,GSN-01,-84,23.30,83.00,40,0,0,7.80,85,10.70,21.10,25.00,23.80,22.80,25.20,21.10,20.00,24.50,22.40,25.30,21.80,23.10,23.40,24.60,20.10,24.20,21.10,21.90,24.00,22.30,20.00,24.30,25.80,24.80,23.20,25.00,22.80,22.90,25.20,20.60,23.40,23.70,22.70,24.40,21.00,20.30,24.30,24.10,20.20,24.70,21.10,25.70,21.90,23.80,23.90,20.20,20.00,21.80,20.70,21.90,22.90,22.10,22.10,24.50,21.00,20.00,21.10,23.30,23.20,23.60,21.20,22.40,24.10,22.40
TLM_RCV,-45,FG-ALPHA,1713170670,AUTO,0,33.23,5.00,-85,100.00,8.33,3.30,5.02,1078,446,0,290,23.16,1012.70,12.00,404.80,13.07,51.85,1,1713170636,GSN-01,-71,24.70,78.50,41,0,0,7.82,85,10.70,23.40,25.30,25.70,20.00,21.00,23.30,22.30,25.60,20.80,25.90,20.60,25.90,20.20,22.40,20.10,23.50,22.70,20.60,20.90,21.40,21.90,25.70,21.60,20.10,20.20,22.60,25.90,25.80,24.70,21.60,21.10,23.90,23.30,24.00,21.10,23.50,23.10,23.70,25.30,20.10,22.20,23.60,22.10,23.90,25.90,20.30,24.20,24.40,20.80,20.50,23.80,20.90,22.80,23.40,22.80,23.70,21.10,24.20,25.80,25.50,21.40,25.00,24.60,22.40
TLM_RCV,-66,FG-ALPHA,1713170671,AUTO,0,33.31,5.00,-85,100.00,8.33,3.31,5.02,1061,461,0,304,23.00,1013.50,11.80,405.70,13.07,51.85,1,1713170655,GSN-01,-72,24.50,80.10,48,0,1,7.79,84,10.71,22.70,22.70,25.40,24.60,24.70,23.10,21.30,21.50,20.10,22.90,21.10,22.00,25.10,20.60,20.70,23.20,23.90,21.10,20.60,25.20,24.40,21.00,22.00,24.90,24.50,20.10,22.80,21.30,25.10,21.30,23.30,21.80,21.00,24.10,22.80,21.70,22.50,23.60,24.20,21.00,24.80,20.90,23.20,20.20,21.60,23.20,20.20,23.10,20.70,24.40,24.20,20.00,20.70,20.70,23.60,22.80,23.70,22.50,21.80,20.10,23.60,20.80,23.70,22.90
TLM_RCV,-94,FG-ALPHA,1713170672,AUTO,0,31.08,5.00,-85,100.00,8.34,3.31,5.02,1165,416,0,261,23.75,1012.90,12.00,404.90,13.07,51.85,1,1713170638,GSN-01,-74,23.80,75.70,47,0,0,7.80,85,10.71,22.50,22.10,21.60,21.70,24.10,24.30,25.80,25.50,21.80,23.90,25.60,23.70,23.60,20.20,20.00,24.10,23.30,23.70,25.80,24.40,89.50,20.80,23.00,24.20,24.60,23.80,25.70,20.00,23.30,25.30,25.40,23.80,23.70,23.80,23.90,23.40,20.20,21.80,23.40,21.40,23.00,24.90,25.60,23.40,21.40,23.90,23.90,20.10,20.10,23.60,24.80,25.90,23.40,22.90,25.20,23.80,21.80,22.90,20.10,23.30,23.00,23.30,20.60,24.30
TLM_RCV,-76,FG-ALPHA,1713170673,AUTO,0,32.22,5.00,-85,100.00,8.33,3.29,5.02,800,443,0,289,21.78,1012.80,12.10,405.10,13.07,51.85,1,1713170633,GSN-01,-94,23.60,78.70,41,0,0,7.79,85,10.72,23.60,21.70,20.10,24.20,24.10,21.30,20.70,23.70,25.00,20.50,22.10,22.30,25.10,25.00,25.70,23.30,20.80,22.20,20.90,23.40,20.50,20.00,20.30,23.50,20.00,20.00,20.30,21.50,22.70,25.20,22.10,22.40,21.50,25.50,25.30,22.50,22.80,21.70,23.50,25.60,25.50,24.40,22.10,20.70,21.30,24.40,24.70,20.40,24.30,24.80,22.00,24.50,21.30,21.10,20.90,22.80,23.00,25.20,24.20,25.00,22.20,25.10,25.40,24.10
TLM_RCV,-68,FG-ALPHA,1713170674,AUTO,0,33.23,5.00,-85,100.00,8.33,3.28,5.02,997,446,0,293,22.75,1012.70,12.00,405.10,13.07,51.85,1,1713170652,GSN-01,-77,24.40,80.90,43,0,0,7.79,84,10.72,25.00,22.80,22.90,21.50,21.50,24.70,20.40,23.80,20.90,20.00,24.10,22.70,25.10,24.10,20.60,20.20,25.40,23.80,20.00,21.30,25.70,22.50,22.20,20.10,23.90,22.20,21.10,20.60,20.20,22.20,20.70,25.40,20.10,23.50,20.00,24.00,20.10,23.40,25.90,24.60,24.10,22.90,24.80,24.50,25.20,20.30,21.50,23.50,22.50,22.10,22.00,24.50,23.80,24.10,23.50,21.70,22.00,25.50,24.30,25.30,25.10,22.60,23.60,22.60
TLM_RCV,-75,FG-ALPHA,1713170675,AUTO,0,33.29,5.00,-85,99.95,8.33,3.30,5.02,0,459,0,306,22.30,1013.50,12.00,404.80,13.08,51.85,1,1713170645,GSN-01,-87,24.30,77.00,42,0,0,7.81,85,10.73,23.00,22.20,25.30,25.50,20.00,21.90,25.50,21.30,24.60,25.90,20.80,22.40,25.40,21.80,25.20,21.00,20.10,24.80,24.30,20.40,23.30,24.10,21.00,23.60,22.30,24.60,23.30,21.10,25.60,20.70,20.30,23.00,25.60,23.80,22.80,23.90,23.50,22.00,23.10,24.10,22.80,21.40,24.10,24.60,25.10,23.70,22.00,24.60,24.30,21.00,21.10,24.60,25.30,22.10,22.40,23.50,22.30,25.70,22.20,25.80,20.20,23.10,25.00,22.40
TLM_RCV,-44,FG-ALPHA,1713170676,AUTO,0,33.40,5.00,-85,100.00,8.33,3.28,5.02,994,480,0,332,22.57,1013.40,11.90,406.10,13.08,51.85,1,1713170628,GSN-01,-75,23.60,80.90,44,0,0,7.80,84,10.73,24.90,21.80,25.00,23.60,25.00,21.30,24.10,21.90,23.30,21.30,22.60,21.60,24.30,22.40,22.80,22.00,20.20,24.60,22.40,23.70,22.50,25.10,24.60,24.70,24.70,23.40,22.70,21.80,23.10,22.00,20.10,24.20,20.60,25.50,22.50,25.90,20.70,23.00,21.10,24.50,22.80,21.30,87.20,21.20,24.50,22.30,25.10,20.00,24.40,22.90,20.50,25.30,20.20,23.60,23.00,24.90,21.60,25.10,25.90,25.90,22.60,21.90,20.80,21.90
TLM_RCV,-67,FG-ALPHA,1713170677,AUTO,0,33.06,5.00,-85,99.96,8.34,3.30,5.02,0,412,0,267,22.06,1013.40,11.80,405.00,13.08,51.85,1,1713170650,GSN-01,-76,25.90,77.20,40,0,0,7.79,84,10.74,23.10,25.30,21.20,25.50,23.60,74.90,25.50,21.80,23.70,21.60,21.00,21.60,22.30,20.80,25.00,23.40,20.70,21.40,24.60,24.10,20.10,22.10,25.80,25.20,25.90,20.30,20.80,22.30,20.10,22.40,22.30,21.40,22.40,22.10,25.40,24.50,22.70,24.40,23.90,25.40,21.50,24.10,22.60,24.10,23.10,20.80,23.80,25.80,20.30,20.80,24.50,22.00,25.60,23.20,24.00,24.30,22.00,25.40,22.40,20.70,24.00,20.00,20.20,22.50
TLM_RCV,-67,FG-ALPHA,1713170678,AUTO,0,33.10,5.00,-85,100.00,8.34,3.30,5.02,1103,420,0,280,23.42,1013.20,12.10,406.10,13.08,51.85,1,1713170623,GSN-01,-81,24.50,80.30,45,0,0,7.79,84,10.74,23.90,23.30,23.30,22.80,23.00,25.30,24.90,23.30,20.20,21.70,22.30,22.80,23.20,24.10,22.40,23.70,23.50,24.10,25.10,21.00,22.80,23.60,23.80,20.30,23.40,21.60,21.80,22.60,21.90,23.20,22.70,25.20,25.20,23.70,25.10,22.80,24.50,24.50,21.20,25.20,25.00,23.80,21.70,24.00,22.30,24.90,20.70,21.20,25.30,23.80,25.90,25.20,20.70,21.00,22.60,23.60,25.30,20.30,25.60,22.00,23.40,20.50,22.20,24.10
TLM_RCV,-95,FG-ALPHA,1713170679,AUTO,0,31.16,5.00,-85,100.00,8.34,3.29,5.02,1075,432,0,276,23.22,1013.60,11.80,405.10,13.08,51.85,1,1713170663,GSN-01,-75,24.50,74.90,41,0,0,7.81,85,10.75,23.80,22.80,25.30,20.80,21.50,24.10,25.80,24.30,21.50,22.00,21.60,22.90,22.30,21.10,24.50,24.20,21.80,24.80,24.30,21.10,24.20,22.00,22.40,23.70,24.50,23.30,22.40,21.60,24.10,24.60,22.60,21.00,23.10,21.50,21.40,23.20,21.70,24.80,22.80,21.80,21.40,21.80,23.00,21.70,25.30,23.20,24.50,24.40,23.30,25.10,24.20,22.00,22.40,21.70,25.90,23.80,24.60,21.00,25.20,23.10,20.10,21.60,20.50,23.70
TLM_RCV,-58,FG-ALPHA,1713170680,AUTO,0,32.10,5.00,-85,100.00,8.34,3.29,5.02,817,419,0,261,21.99,1013.50,11.80,405.50,13.08,51.85,1,1713170621,GSN-01,-78,24.50,75.90,45,0,0,7.78,85,10.75,21.80,24.70,20.60,20.20,24.20,21.40,20.60,24.60,21.50,20.50,20.60,21.50,21.80,21.30,25.90,21.30,24.90,24.60,25.40,20.90,20.60,25.50,20.50,25.30,25.80,21.20,24.70,22.10,22.10,22.30,24.40,20.10,24.60,22.00,25.20,25.50,21.40,20.30,23.60,21.80,25.20,25.80,20.70,25.00,21.80,22.90,22.50,25.90,23.20,21.10,20.20,25.30,20.90,20.70,21.50,22.70,24.00,24.90,25.40,23.70,25.00,24.30,20.60,23.70
TLM_RCV,-47,FG-ALPHA,1713170681,AUTO,0,33.41,5.00,-85,99.95,8.33,3.30,5.02,0,482,0,324,22.41,1013.30,12.10,405.40,13.08,51.85,1,1713170653,GSN-01,-72,23.80,73.70,44,0,0,7.80,84,10.76,23.20,22.10,23.80,24.40,21.20,20.00,23.80,20.00,25.00,24.70,25.20,20.60,25.40,21.90,22.90,21.70,21.20,21.50,22.80,22.00,25.70,20.80,23.60,24.90,25.40,23.80,23.40,23.80,25.70,22.80,21.10,22.10,25.60,24.80,23.60,23.50,24.10,21.90,24.50,24.60,22.20,21.50,21.60,25.70,24.40,21.50,22.80,20.00,25.00,25.60,25.50,20.80,25.70,23.60,22.30,20.00,23.50,21.20,22.90,25.50,21.70,24.90,24.70,24.40
TLM_RCV,-73,FG-ALPHA,1713170703,AUTO,0,31.20,5.00,-85,99.96,8.33,3.30,5.02,0,441,0,295,22.20,1013.60,12.10,405.00,13.10,51.85,1,1713170652,GSN-01,-76,24.50,75.10,48,0,0,7.80,84,10.76,23.00,22.20,20.80,20.60,24.10,25.40,23.10,23.70,20.80,22.30,21.90,22.50,25.50,22.60,22.80,25.70,23.40,21.50,22.40,20.10,21.50,23.90,20.00,25.80,23.90,23.30,24.80,24.70,21.00,21.00,25.70,23.40,20.50,23.60,23.80,24.90,22.20,24.40,24.60,23.50,24.40,22.40,23.30,22.70,21.80,22.50,25.50,21.80,20.50,24.70,21.90,21.90,20.00,20.10,21.70,21.60,22.90,24.60,20.00,20.10,22.70,24.10,23.60,21.30
TLM_RCV,-92,FG-ALPHA,1713170704,AUTO,0,32.11,5.00,-85,100.00,8.34,3.28,5.02,1107,422,0,275,23.42,1013.60,12.10,405.60,13.10,51.85,1,1713170648,GSN-01,-78,23.00,74.90,41,0,0,7.80,84,10.77,20.40,20.90,21.50,24.90,23.60,25.90,24.10,24.30,25.20,24.60,23.60,23.50,23.20,20.60,23.20,21.30,23.50,22.20,23.70,20.80,21.20,25.60,25.40,21.30,22.40,23.00,22.80,24.90,23.70,21.80,23.20,22.00,24.70,24.30,20.70,20.00,22.10,22.40,25.50,23.40,25.10,20.00,25.00,24.30,25.10,21.10,24.30,22.00,22.50,21.10,24.00,20.10,74.30,24.50,23.80,25.50,20.90,23.90,23.40,21.90,24.00,22.90,21.70,25.50
TLM_RCV,-87,FG-ALPHA,1713170705,AUTO,0,32.23,5.00,-85,100.00,8.33,3.30,5.02,1108,446,0,298,23.31,1012.90,12.10,404.50,13.11,51.85,1,1713170685,GSN-01,-73,23.20,82.80,47,0,0,7.80,84,10.77,25.80,23.50,24.90,23.40,23.90,22.30,21.60,23.60,21.20,21.80,21.60,24.20,23.90,23.40,23.90,23.60,21.80,21.50,21.50,25.50,23.80,24.40,25.20,24.20,24.00,25.90,20.20,22.70,22.80,24.60,21.40,23.70,21.30,25.50,24.80,25.50,24.40,20.00,20.90,24.60,88.90,24.10,21.00,21.10,23.40,24.40,22.40,21.50,25.70,22.00,24.10,21.10,20.40,22.00,25.60,21.30,22.90,22.80,25.20,20.80,24.30,22.90,24.60,23.10
TLM_RCV,-65,FG-ALPHA,1713170706,AUTO,0,31.24,5.00,-85,99.96,8.33,3.31,5.02,0,447,0,300,22.24,1012.90,12.10,405.00,13.11,51.85,1,1713170667,GSN-01,-87,25.00,74.00,43,0,0,7.78,84,10.78,25.80,21.50,24.50,25.80,21.50,21.20,20.10,23.90,24.80,24.80,24.60,25.40,24.40,22.30,24.60,23.70,22.10,21.10,25.30,21.90,23.90,23.60,21.20,21.00,24.30,24.00,21.50,20.20,22.40,25.90,22.50,24.30,20.60,24.20,23.90,25.70,24.30,25.50,21.10,22.60,21.20,21.90,24.70,21.90,20.70,23.60,22.90,23.90,21.10,23.30,20.50,20.20,24.90,25.10,23.30,21.10,25.90,25.80,23.90,21.60,22.00,21.30,22.90,21.10
TLM_RCV,-87,FG-ALPHA,1713170707,AUTO,0,33.41,5.00,-85,100.00,8.33,3.31,5.02,994,482,0,336,22.56,1013.30,11.90,406.00,13.11,51.85,1,1713170654,GSN-01,-74,24.30,80.80,45,0,0,7.79,85,10.78,20.50,20.40,21.50,25.70,20.00,24.40,24.70,25.10,21.90,25.00,21.90,20.60,22.70,23.90,21.70,20.50,21.30,21.10,21.80,23.80,23.90,25.30,21.70,21.60,23.90,25.50,24.60,21.80,21.70,20.00,25.40,25.50,23.60,25.20,25.90,25.20,22.40,22.00,21.00,21.20,23.90,25.70,22.20,25.90,24.50,20.10,22.00,22.30,21.80,25.50,25.40,21.90,23.90,23.80,22.10,23.60,20.20,22.40,20.20,24.40,22.10,21.90,20.10,21.70
TLM_RCV,-43,FG-ALPHA,1713170708,AUTO,0,32.22,5.00,-85,100.00,8.33,3.29,5.02,1076,443,0,300,23.17,1012.80,11.80,405.70,13.11,51.85,1,1713170651,GSN-01,-73,24.60,73.40,42,0,0,7.78,85,10.79,20.70,25.20,22.50,23.10,20.80,21.30,24.90,25.80,21.80,23.70,20.30,25.20,25.50,22.60,24.90,20.20,20.60,20.30,25.70,21.70,22.70,20.90,20.70,21.60,25.70,25.00,20.10,24.90,20.00,20.00,24.20,23.60,22.30,25.20,21.50,21.70,25.10,20.70,22.70,25.50,20.20,20.50,21.80,25.60,23.60,22.70,25.60,25.50,20.00,25.90,20.20,22.90,25.00,21.20,21.20,23.60,24.60,20.10,24.40,20.40,25.80,25.00,25.00,24.00
TLM_RCV,-70,FG-ALPHA,1713170709,AUTO,0,33.49,5.00,-85,100.00,8.33,3.30,5.02,1101,497,0,345,23.02,1013.00,11.80,405.40,13.11,51.85,1,1713170685,GSN-01,-95,25.80,81.90,45,0,0,7.81,84,10.79,20.10,23.80,21.60,23.10,20.10,25.30,23.20,23.40,24.30,22.40,22.20,20.80,25.00,23.50,22.30,23.50,24.90,23.20,20.90,22.30,21.90,23.90,23.40,21.90,24.10,25.80,25.70,21.70,24.90,25.20,22.60,21.30,20.80,20.70,24.80,25.50,23.80,23.40,25.10,23.90,23.20,22.80,24.30,21.20,22.50,20.30,24.40,21.60,22.80,25.00,20.70,24.50,22.20,25.40,23.40,21.10,21.70,23.10,20.40,22.40,25.40,20.60,23.30,20.40
TLM_RCV,-49,FG-ALPHA,1713170710,AUTO,0,31.31,5.00,-85,100.00,8.33,3.30,5.02,978,462,0,305,22.58,1012.80,11.80,405.30,13.11,51.85,1,1713170699,GSN-01,-77,25.50,79.60,46,0,0,7.78,85,10.80,22.40,20.20,25.60,23.90,20.00,20.50,24.60,20.70,23.40,23.80,23.60,24.30,25.40,20.90,20.10,23.70,20.80,22.80,21.50,24.00,22.80,23.10,22.00,22.50,24.60,25.60,21.50,21.20,24.90,22.80,20.40,21.00,21.00,21.40,21.40,25.80,24.60,23.90,22.50,24.60,24.10,20.20,23.40,21.80,22.80,22.80,23.00,24.40,23.40,20.20,25.80,24.40,20.20,21.80,21.20,23.50,23.60,22.60,24.70,24.00,23.50,24.20,21.70,25.50
TLM_RCV,-55,FG-ALPHA,1713170711,AUTO,0,32.42,5.00,-85,100.00,8.33,3.30,5.02,875,485,0,328,21.95,1013.30,12.00,406.20,13.11,51.85,1,1713170655,GSN-01,-84,23.70,73.60,46,0,0,7.78,85,10.80,24.90,23.30,25.50,23.60,24.10,23.90,25.40,23.50,24.70,21.50,87.70,24.60,21.80,20.30,25.50,25.60,23.70,21.70,22.80,23.70,25.60,20.40,21.10,25.80,20.80,25.10,23.80,22.50,20.70,20.10,24.10,22.10,22.60,23.30,21.70,25.60,20.60,23.60,21.50,22.30,24.50,22.70,24.70,25.90,22.20,21.30,23.30,23.10,25.40,22.20,22.70,24.20,25.20,20.30,22.50,25.90,25.50,24.50,22.40,20.50,22.80,21.90,25.40,23.50
TLM_RCV,-85,FG-ALPHA,1713170712,AUTO,0,31.39,5.00,-85,100.00,8.33,3.29,5.02,973,478,0,319,22.48,1013.20,11.80,405.60,13.11,51.85,1,1713170661,GSN-01,-91,25.70,77.70,49,0,0,7.78,85,10.81,22.00,21.00,24.90,22.70,23.50,24.50,20.40,23.90,20.80,22.40,25.10,24.00,21.30,20.10,24.30,20.90,25.30,24.80,23.70,25.20,25.20,23.50,23.70,23.20,20.20,21.40,23.60,24.70,22.90,24.70,24.40,23.50,20.90,24.90,21.90,20.50,21.50,22.30,24.90,22.50,24.10,20.00,25.50,23.10,24.70,23.80,20.70,25.90,23.50,21.50,25.50,25.20,20.70,22.80,21.50,22.20,20.80,22.60,25.30,20.60,24.40,22.60,23.00,20.10
TLM_RCV,-46,FG-ALPHA,1713170713,AUTO,0,33.29,5.00,-85,99.95,8.33,3.29,5.02,0,459,0,308,22.30,1013.40,12.10,406.20,13.11,51.85,1,1713170700,GSN-01,-73,24.00,78.30,42,0,1,7.82,84,10.81,24.00,25.30,24.40,24.40,22.00,22.20,20.20,23.70,23.80,24.00,23.80,24.40,23.70,25.60,24.30,25.50,21.70,21.40,22.00,20.90,22.70,23.70,23.40,22.30,24.80,21.10,22.30,22.70,25.10,21.80,24.00,21.80,21.30,22.70,23.40,24.50,25.30,23.90,25.80,25.60,23.50,22.40,21.50,23.60,22.60,20.30,24.70,20.20,21.40,24.10,24.70,23.50,25.00,20.30,20.10,25.70,23.90,21.40,22.20,24.50,21.70,23.40,25.10,25.60
TLM_RCV,-69,FG-ALPHA,1713170714,AUTO,0,32.22,5.00,-85,99.91,8.33,3.30,5.02,0,445,0,298,22.23,1013.10,11.90,404.60,13.11,51.85,1,1713170666,GSN-01,-84,23.50,81.20,42,0,0,7.78,84,10.82,20.10,22.00,23.30,24.20,21.10,24.30,25.30,23.90,24.90,21.10,24.70,24.60,25.50,25.60,25.00,25.90,24.30,21.70,23.10,24.60,25.90,20.80,23.00,23.70,23.80,21.60,24.80,21.10,22.10,25.80,24.60,22.90,21.00,23.50,25.80,22.80,23.00,22.10,25.40,21.00,20.00,22.50,21.10,22.70,24.10,22.50,24.80,20.80,21.20,24.80,23.80,22.00,21.80,23.10,22.70,24.00,24.40,20.80,23.40,24.40,23.60,23.50,20.10,20.70
TLM_RCV,-69,FG-ALPHA,1713170715,AUTO,0,31.42,5.00,-85,99.98,8.33,3.29,5.02,1184,483,0,325,23.50,1013.10,11.90,406.00,13.12,51.85,1,1713170690,GSN-01,-82,23.40,81.10,44,0,0,7.80,85,10.82,23.20,20.00,21.50,24.60,24.80,21.10,20.60,20.90,20.40,24.70,20.70,23.10,24.80,22.50,25.80,25.70,20.50,22.00,20.30,23.80,23.30,25.60,23.90,23.20,25.10,21.30,20.70,22.90,22.50,22.30,21.30,20.80,21.90,25.10,21.80,24.20,21.20,21.90,20.20,20.30,25.10,23.20,23.50,23.50,24.20,25.30,23.20,21.70,22.20,20.80,21.60,21.90,24.00,23.40,24.90,24.40,22.20,20.50,24.10,20.50,23.80,25.10,20.50,21.90
TLM_RCV,-80,FG-ALPHA,1713170716,AUTO,0,32.35,5.00,-85,99.93,8.33,3.31,5.02,0,471,0,316,22.35,1013.20,11.80,406.30,13.12,51.85,1,1713170662,GSN-01,-77,23.70,74.10,43,0,0,7.82,84,10.83,24.70,22.30,22.20,21.30,22.00,20.70,21.30,23.00,20.00,20.30,23.20,22.50,25.10,20.80,23.70,21.40,21.50,21.10,20.00,25.50,21.70,25.40,20.40,23.70,21.00,21.00,21.70,21.30,23.70,25.60,22.90,23.50,24.50,23.40,22.20,20.60,24.70,24.70,23.00,24.20,21.00,23.90,21.00,23.70,22.70,22.10,23.90,24.10,23.00,25.90,20.00,20.00,25.30,20.90,24.70,20.50,24.10,23.90,25.70,23.90,22.60,20.90,20.80,23.00
TLM_RCV,-83,FG-ALPHA,1713170717,AUTO,0,32.10,5.00,-85,99.89,8.33,3.29,5.02,0,420,0,274,22.10,1012.70,11.90,406.40,13.12,51.85,1,1713170662,GSN-01,-77,24.20,75.30,44,0,1,7.79,84,10.83,20.20,24.40,21.20,24.70,24.80,25.60,22.00,21.70,24.50,24.00,21.80,24.40,23.70,22.40,24.50,23.60,23.00,25.60,24.50,21.30,25.20,21.60,20.20,25.10,23.30,21.90,24.50,20.40,20.20,22.90,24.00,21.60,24.60,20.30,22.80,24.20,23.50,24.40,23.10,21.70,23.10,20.00,24.60,23.00,25.40,25.20,21.20,22.20,21.30,23.50,24.30,23.90,25.90,22.30,21.90,22.90,21.10,21.20,24.50,20.70,20.00,22.50,25.40,23.60
TLM_RCV,-87,FG-ALPHA,1713170718,AUTO,0,32.53,5.00,-85,99.96,8.32,3.30,5.02,1166,507,0,349,23.30,1013.50,11.80,404.70,13.12,51.85,1,1713170668,GSN-01,-80,25.20,74.50,43,0,0,7.78,84,10.84,20.60,21.10,21.30,22.80,22.30,25.40,24.50,20.10,23.20,25.10,25.20,25.70,25.00,22.80,24.50,21.10,23.10,20.90,23.60,22.70,24.80,23.50,20.50,21.80,21.80,22.90,21.70,21.50,24.10,20.90,24.20,22.00,21.20,22.50,22.10,22.20,21.60,24.60,23.70,23.30,21.10,20.60,21.50,23.00,21.40,24.30,24.80,22.30,20.60,22.70,25.20,24.90,24.50,25.60,25.60,23.60,20.00,22.50,20.60,20.10,22.70,24.00,20.50,25.20
TLM_RCV,-52,FG-ALPHA,1713170719,AUTO,0,33.32,5.00,-85,99.91,8.33,3.29,5.02,0,464,0,324,22.32,1013.60,11.80,405.90,13.12,51.85,1,1713170674,GSN-01,-80,23.30,82.50,46,0,0,7.81,84,10.84,23.90,20.10,23.60,21.80,21.40,24.50,21.80,20.10,25.00,25.50,24.60,24.30,24.60,20.50,22.50,20.20,23.60,24.40,25.10,20.80,22.90,24.60,22.90,22.90,20.00,20.80,20.00,21.50,25.80,22.20,25.50,20.40,21.30,24.50,22.50,25.80,23.80,20.30,22.00,25.60,24.10,25.90,22.30,20.10,21.10,25.10,25.60,25.60,22.20,21.10,21.40,21.70,21.10,21.70,20.10,24.30,23.20,20.80,23.80,21.70,24.50,22.60,24.80,20.20
TLM_RCV,-47,FG-ALPHA,1713170720,AUTO,0,32.13,5.00,-85,99.87,8.33,3.31,5.02,0,426,0,277,22.13,1013.40,12.10,405.50,13.12,51.85,1,1713170698,GSN-01,-76,24.10,81.80,47,0,0,7.79,85,10.85,22.70,22.70,25.40,23.00,20.80,22.80,21.00,25.20,20.50,21.10,22.20,22.90,24.90,21.10,23.40,22.80,20.00,25.40,21.00,24.30,24.50,23.00,20.90,24.90,20.10,20.60,20.10,24.60,23.40,25.80,25.10,23.70,24.10,20.50,21.70,20.70,20.80,20.30,22.40,25.40,20.40,23.80,22.50,23.90,25.90,22.30,22.20,23.40,20.20,21.80,25.90,22.40,24.40,21.00,23.10,25.30,21.20,23.70,22.50,24.70,24.50,21.70,21.10,24.10
TLM_RCV,-74,FG-ALPHA,1713170721,AUTO,0,32.03,5.00,-85,99.83,8.33,3.28,5.02,0,407,0,256,22.03,1012.90,12.10,404.90,13.12,51.85,1,1713170685,GSN-01,-72,25.20,78.40,40,0,0,7.79,85,10.85,24.70,25.10,22.30,22.50,22.60,25.60,25.20,25.00,21.70,24.40,23.80,20.20,22.20,23.60,23.30,22.70,22.50,23.80,25.80,20.40,72.10,23.80,23.80,23.80,24.20,25.00,23.30,25.50,21.00,24.70,21.30,23.90,25.80,23.50,20.70,21.10,23.90,22.20,23.90,25.90,22.60,25.10,23.90,25.80,24.80,22.30,25.40,24.10,23.80,21.90,25.90,21.10,25.80,25.20,20.90,23.90,21.20,22.90,25.20,22.70,23.30,23.80,23.40,22.10
TLM_RCV,-91,FG-ALPHA,1713170722,AUTO,0,32.19,5.00,-85,99.87,8.33,3.30,5.02,853,438,0,280,22.08,1013.30,11.80,405.20,13.12,51.85,1,1713170711,GSN-01,-83,23.50,80.80,48,0,0,7.81,84,10.86,23.70,20.30,24.20,24.70,23.70,25.10,21.90,22.00,22.90,24.80,22.20,24.30,20.60,22.40,20.20,21.70,25.00,22.70,22.30,20.80,25.30,24.30,23.30,25.90,22.90,24.00,22.30,20.50,20.40,20.00,23.00,21.60,22.80,24.50,21.40,25.00,23.40,21.20,21.50,23.30,25.10,25.30,24.40,20.40,20.40,22.30,20.60,24.50,25.40,25.90,20.70,23.80,25.50,22.70,24.10,22.90,23.30,23.50,20.20,21.80,25.60,21.90,20.20,20.70
TLM_RCV,-65,FG-ALPHA,1713170723,AUTO,0,31.39,5.00,-85,99.94,8.33,3.30,5.02,1173,477,0,337,23.48,1012.70,12.10,404.60,13.12,51.85,1,1713170680,GSN-01,-88,23.70,83.00,40,0,0,7.81,84,10.86,21.60,20.70,20.60,21.00,22.50,21.00,23.60,24.90,21.40,20.70,24.60,20.10,20.70,21.60,20.90,20.60,21.50,23.80,22.40,23.50,21.90,25.50,24.20,20.80,22.80,24.80,24.80,22.20,22.10,24.70,24.00,25.90,22.40,24.30,21.60,25.10,22.30,21.90,23.60,21.80,24.30,22.50,22.50,25.20,21.80,25.70,25.70,25.80,21.70,20.70,24.60,24.10,23.00,22.60,23.10,22.90,23.50,24.80,25.90,21.40,25.80,24.30,21.20,21.30
TLM_RCV,-43,FG-ALPHA,1713170724,AUTO,0,32.33,5.00,-85,99.99,8.33,3.31,5.02,949,466,0,315,22.42,1013.60,11.90,404.90,13.12,51.85,1,1713170685,GSN-01,-84,24.70,74.80,43,0,0,7.80,85,10.87,21.00,25.60,24.30,24.30,22.10,23.10,21.80,25.80,22.30,20.40,20.00,24.10,25.20,21.00,23.60,22.20,24.00,24.10,23.00,25.90,20.10,24.70,25.60,20.50,21.60,21.50,21.60,21.60,24.30,21.70,22.20,21.00,25.10,22.60,23.10,23.10,23.30,24.10,21.80,23.50,25.10,25.30,22.50,21.10,21.50,23.70,22.40,22.00,22.40,25.20,21.40,20.60,20.90,24.90,20.60,23.00,22.80,23.20,21.40,24.90,20.80,23.70,20.30,21.10
TLM_RCV,-45,FG-ALPHA,1713170725,AUTO,0,33.14,5.00,-85,100.00,8.34,3.30,5.02,1166,428,0,271,23.69,1013.50,11.80,405.40,13.13,51.85,1,1713170705,GSN-01,-85,24.60,83.00,42,0,0,7.78,85,10.87,24.50,20.40,22.10,21.70,24.40,25.80,24.10,20.70,23.60,22.70,21.70,23.50,21.80,24.80,25.40,25.60,21.80,23.60,23.40,21.90,21.90,23.80,23.10,23.10,20.30,25.80,21.20,24.50,23.60,25.30,22.20,24.00,23.10,22.20,24.30,24.20,20.60,23.90,23.90,20.30,21.00,23.20,22.30,20.00,21.90,24.80,24.80,20.60,20.90,25.70,23.70,20.30,24.30,22.00,20.20,24.50,24.60,24.80,24.00,24.80,22.30,21.00,25.60,25.10
TLM_RCV,-45,FG-ALPHA,1713170726,AUTO,0,33.26,5.00,-85,100.00,8.33,3.28,5.02,1116,453,0,300,23.32,1013.30,11.90,404.60,13.13,51.85,1,1713170695,GSN-01,-89,23.30,77.70,43,0,0,7.80,84,10.88,25.40,23.10,25.20,23.00,24.50,24.10,25.30,24.10,21.00,22.40,23.50,25.50,24.10,24.60,23.60,21.70,22.80,20.10,21.10,23.60,25.90,23.80,25.00,21.70,25.50,23.90,23.20,24.40,23.80,24.20,25.60,24.40,21.80,24.70,25.30,24.30,23.90,24.70,23.50,21.30,23.90,23.70,25.30,24.50,21.10,22.10,25.40,24.10,72.90,24.30,25.80,20.20,25.30,24.90,21.10,20.50,21.70,20.20,24.80,21.10,23.50,25.70,21.10,22.50
TLM_RCV,-70,FG-ALPHA,1713170727,AUTO,0,31.10,5.00,-85,100.00,8.34,3.28,5.02,1028,420,0,273,23.04,1013.10,11.90,405.10,13.13,51.85,1,1713170713,GSN-01,-72,25.40,77.40,41,0,0,7.82,84,10.88,24.30,21.70,23.30,20.40,21.80,20.50,22.00,20.90,23.60,25.00,24.90,24.20,20.30,22.00,20.70,23.30,22.90,20.20,23.10,23.50,20.50,20.20,20.10,21.20,21.10,25.40,20.90,22.90,21.00,23.70,20.70,23.00,20.10,22.60,23.30,22.70,24.60,24.30,24.90,22.00,22.70,20.10,22.40,21.40,24.00,22.20,22.40,23.10,22.50,21.00,20.10,21.60,21.20,21.30,22.10,21.20,22.90,22.40,22.20,25.20,23.10,20.60,23.60,20.60
TLM_RCV,-76,FG-ALPHA,1713170728,AUTO,0,31.30,5.00,-85,99.95,8.33,3.29,5.02,0,459,0,301,22.30,1012.90,11.80,405.30,13.13,51.85,1,1713170716,GSN-01,-93,25.60,77.50,46,0,0,7.81,84,10.89,24.00,24.30,25.20,24.20,25.80,21.10,23.60,24.80,20.00,24.70,23.40,20.70,25.00,21.80,23.30,25.50,23.20,22.00,24.40,21.60,23.40,21.30,24.70,23.30,23.10,23.90,21.10,25.50,20.40,21.50,20.20,20.40,24.10,25.40,20.50,23.70,25.60,24.10,20.70,21.20,21.10,23.30,21.00,24.50,23.90,21.90,25.40,21.20,21.40,24.70,23.60,22.40,20.20,23.70,21.80,21.60,20.70,24.00,22.20,23.80,24.20,22.70,22.90,20.20
TLM_RCV,-79,FG-ALPHA,1713170729,AUTO,0,33.22,5.00,-85,100.00,8.33,3.31,5.02,923,444,0,297,22.40,1012.70,11.80,406.20,13.13,51.85,1,1713170673,GSN-01,-71,23.00,78.20,46,0,0,7.79,85,10.89,25.00,21.90,21.50,24.30,22.30,23.20,24.80,24.30,20.80,24.00,25.00,24.80,22.70,25.10,22.40,21.70,22.20,21.10,24.70,25.10,23.20,25.70,20.10,24.30,24.70,25.00,21.70,24.20,21.50,22.50,23.50,25.70,22.20,21.60,21.10,24.10,22.30,21.60,20.60,23.50,24.60,24.50,25.50,24.60,25.70,25.90,23.00,22.80,21.10,22.30,20.10,24.60,20.30,24.90,21.40,23.00,23.00,25.90,22.60,20.30,21.50,20.10,20.30,24.40
TLM_RCV,-76,FG-ALPHA,1713170730,AUTO,0,31.32,5.00,-85,100.00,8.33,3.30,5.02,939,464,0,314,22.37,1013.40,11.80,405.90,13.13,51.85,1,1713170686,GSN-01,-85,24.70,76.30,45,0,1,7.81,84,10.90,23.90,20.40,25.60,21.40,24.30,25.90,20.50,22.70,23.30,21.40,22.50,24.80,21.50,20.50,21.70,24.20,20.80,21.80,23.40,24.60,22.80,23.80,23.10,25.40,23.90,20.30,22.10,21.80,21.80,20.10,25.20,21.10,25.60,24.60,20.30,22.50,23.70,21.10,22.00,23.80,22.30,22.50,24.00,23.30,25.30,25.00,22.10,20.30,25.80,23.50,25.60,22.30,21.10,23.30,24.10,25.20,20.40,22.10,22.40,20.20,22.40,25.70,24.50,24.80
TLM_RCV,-60,FG-ALPHA,1713170731,AUTO,0,32.40,5.00,-85,99.95,8.33,3.29,5.02,0,480,0,340,22.40,1013.20,11.80,405.90,13.13,51.85,1,1713170705,GSN-01,-85,25.50,82.10,42,0,0,7.80,85,10.90,22.40,25.50,22.70,23.80,22.50,25.50,23.40,21.60,20.40,23.00,25.60,24.80,22.30,23.50,25.10,23.70,24.90,23.20,24.30,23.70,24.10,23.80,25.00,23.90,25.50,24.30,25.70,20.50,25.40,25.20,24.30,22.80,20.80,21.10,24.80,23.50,20.60,20.50,20.60,23.30,25.30,25.30,20.80,25.70,21.30,25.20,21.90,25.90,24.30,25.20,23.00,21.50,22.20,25.10,20.30,24.80,25.20,23.40,22.00,25.80,23.40,21.30,21.30,24.00
TLM_RCV,-78,FG-ALPHA,1713170732,AUTO,0,32.04,5.00,-85,100.00,8.34,3.29,5.02,944,409,0,264,22.67,1013.60,12.00,405.80,13.13,51.85,1,1713170708,GSN-01,-85,25.60,74.60,45,0,0,7.81,84,10.91,24.10,25.10,23.20,23.80,22.50,20.50,21.60,21.10,20.50,25.80,21.00,21.40,23.50,20.00,25.00,23.50,20.30,20.90,20.90,24.70,20.90,25.50,21.00,25.00,23.80,21.70,24.30,20.80,25.20,21.00,24.90,25.30,24.90,22.50,22.30,23.60,23.80,20.80,20.60,21.90,24.60,25.60,23.00,22.80,22.80,24.70,24.60,24.80,22.30,21.90,22.00,25.70,22.10,24.50,20.30,24.10,24.30,22.20,22.80,21.90,21.90,25.10,23.70,23.30
TLM_RCV,-76,FG-ALPHA,1713170733,AUTO,0,33.26,5.00,-85,100.00,8.33,3.30,5.02,851,453,0,295,21.99,1013.60,11.90,404.70,13.13,51.85,1,1713170714,GSN-01,-81,24.40,78.70,47,0,0,7.80,84,10.91,22.10,21.00,22.30,21.00,25.40,21.70,21.50,21.90,20.00,25.90,22.40,25.70,24.90,25.20,22.80,23.20,23.60,20.40,21.70,22.20,25.70,22.40,21.90,25.60,24.40,21.40,20.90,24.10,24.90,20.40,25.20,21.40,22.60,23.00,21.30,22.60,24.80,25.50,24.70,21.70,23.50,25.60,20.90,24.50,22.90,25.50,24.80,25.60,23.60,20.70,21.90,21.40,24.20,24.70,25.10,22.70,21.30,22.90,21.50,24.50,20.70,21.10,25.70,25.00
TLM_RCV,-75,FG-ALPHA,1713170734,AUTO,0,32.28,5.00,-85,100.00,8.33,3.28,5.02,1101,455,0,299,23.23,1013.00,11.80,405.20,13.13,51.85,1,1713170694,GSN-01,-90,25.20,74.80,44,0,0,7.80,84,10.92,21.80,23.30,22.70,25.70,23.60,24.10,22.60,21.90,25.50,21.30,21.60,22.80,21.80,22.70,23.40,24.70,21.30,20.30,23.20,22.70,25.40,20.60,24.30,25.90,25.90,21.90,20.00,20.00,25.00,22.50,24.60,21.10,21.50,24.30,25.90,25.90,21.90,24.80,21.90,23.00,23.30,25.10,22.10,24.90,21.50,21.50,20.40,21.30,24.10,21.90,24.00,22.50,20.20,25.00,25.80,25.80,20.90,20.20,21.90,23.50,20.10,25.60,21.60,24.80
TLM_RCV,-88,FG-ALPHA,1713170735,AUTO,0,32.14,5.00,-85,100.00,8.34,3.28,5.02,805,428,0,280,21.89,1013.40,12.00,405.40,13.14,51.85,1,1713170700,GSN-01,-75,24.60,76.50,45,0,0,7.79,84,10.92,20.60,24.90,22.70,25.60,20.20,20.70,20.20,22.20,25.70,23.50,24.20,23.90,20.10,24.80,21.50,20.80,21.90,25.70,25.20,23.10,25.70,21.40,22.00,24.70,20.40,23.80,24.90,24.50,21.10,20.10,23.60,25.20,23.80,23.30,25.30,23.20,21.90,22.20,20.20,23.20,22.00,21.90,24.10,23.30,25.10,22.70,20.40,22.10,21.50,21.50,25.00,21.80,24.70,24.40,24.60,24.30,20.40,22.50,25.50,24.90,22.60,24.60,20.30,20.40
TLM_RCV,-87,FG-ALPHA,1713170736,AUTO,0,32.47,5.00,-85,99.95,8.32,3.28,5.02,0,495,0,348,22.48,1012.70,11.90,405.70,13.14,51.85,1,1713170707,GSN-01,-83,25.10,75.50,46,0,1,7.80,84,10.93,21.70,20.80,24.10,25.20,25.10,25.90,21.50,25.30,23.50,22.40,23.50,21.90,24.40,24.00,23.10,22.30,25.60,25.20,23.10,22.60,25.40,25.00,24.20,22.40,24.30,23.90,23.10,21.10,24.10,23.50,20.20,25.10,22.80,24.00,25.00,25.40,20.80,22.20,23.60,20.50,22.00,20.70,25.50,21.30,25.30,24.20,24.20,20.80,24.50,21.70,24.40,24.00,23.90,20.60,25.30,20.30,23.30,21.10,25.70,24.10,20.60,20.90,23.80,25.10
TLM_RCV,-42,FG-ALPHA,1713170737,AUTO,0,31.32,5.00,-85,100.00,8.33,3.31,5.02,1025,463,0,321,22.81,1013.00,12.00,404.80,13.14,51.85,1,1713170686,GSN-01,-80,24.80,77.30,40,0,0,7.79,84,10.93,20.90,24.00,25.70,21.40,20.60,22.50,24.40,25.90,25.70,25.10,25.90,20.00,21.20,23.30,20.00,21.00,22.10,23.30,20.50,24.90,21.30,21.00,25.40,20.00,20.60,23.10,24.20,22.20,22.00,22.70,24.80,20.40,25.30,20.90,25.80,20.90,20.60,20.90,20.10,25.00,24.30,25.70,23.30,22.10,25.60,22.80,24.60,22.40,24.30,24.70,24.40,25.10,24.70,21.90,25.20,25.40,23.40,23.50,25.90,20.50,25.00,22.10,23.60,24.30
TLM_RCV,-93,FG-ALPHA,1713170738,AUTO,0,33.05,5.00,-85,99.96,8.34,3.29,5.02,0,410,0,255,22.05,1012.90,12.10,405.70,13.14,51.85,1,1713170683,GSN-01,-90,24.80,75.90,40,0,0,7.78,84,10.94,22.00,25.80,25.50,24.10,25.50,21.10,22.10,21.50,20.50,24.20,25.60,20.50,20.30,20.70,22.20,25.70,22.50,25.00,22.70,21.10,24.00,25.60,24.90,23.00,24.10,25.40,22.70,23.00,23.50,22.10,23.40,24.80,23.00,22.90,23.60,22.20,23.10,22.90,24.10,23.20,21.90,24.20,25.30,23.50,21.40,20.20,21.60,21.60,23.40,20.20,25.30,21.30,21.10,24.00,22.60,20.80,21.80,25.30,22.10,21.90,23.50,23.40,20.40,20.50
TLM_RCV,-72,FG-ALPHA,1713170739,AUTO,0,31.14,5.00,-85,100.00,8.34,3.28,5.02,1027,427,0,285,23.00,1013.40,11.80,405.80,13.14,51.85,1,1713170708,GSN-01,-80,25.60,74.70,45,0,0,7.79,84,10.94,24.80,25.50,23.10,21.30,24.30,24.40,21.70,25.10,22.00,25.80,23.10,23.10,22.00,20.20,20.80,21.30,25.20,22.30,25.40,23.90,21.30,24.30,22.90,22.90,23.10,24.50,24.20,20.70,22.10,22.40,20.50,24.40,22.00,24.70,25.00,21.90,21.10,24.40,22.40,25.00,22.10,23.50,20.10,23.40,20.00,21.00,20.90,24.70,22.30,24.60,21.00,20.60,20.40,23.40,21.10,24.20,24.20,21.70,23.20,23.10,20.70,25.70,23.00,24.60
TLM_RCV,-63,FG-ALPHA,1713170740,AUTO,0,33.29,5.00,-85,100.00,8.33,3.30,5.02,1189,458,0,316,23.66,1013.10,11.90,405.20,13.14,51.85,1,1713170698,GSN-01,-83,25.30,79.50,42,0,1,7.82,85,10.95,21.30,20.40,23.40,22.00,25.10,22.70,20.10,20.60,20.00,20.90,23.70,22.40,20.00,22.40,24.70,21.10,24.10,22.10,23.20,21.40,25.40,23.50,20.90,22.30,24.40,20.90,24.10,21.90,24.30,22.40,23.90,22.80,23.60,20.70,25.00,20.70,20.40,25.30,20.40,25.70,20.60,24.50,25.30,23.00,24.50,22.50,23.60,20.40,22.10,22.20,24.80,23.40,20.50,24.00,21.60,21.30,24.50,24.10,21.60,21.50,21.00,22.70,24.60,22.60
TLM_RCV,-53,FG-ALPHA,1713170741,AUTO,0,31.06,5.00,-85,100.00,8.34,3.29,5.02,1188,412,0,267,23.88,1013.30,11.90,405.80,13.14,51.85,1,1713170699,GSN-01,-92,23.20,80.40,46,0,0,7.80,84,10.95,21.00,20.40,21.70,20.20,23.70,20.30,24.70,24.30,25.60,25.30,24.60,24.70,22.80,22.80,21.20,22.20,20.40,24.60,20.30,20.20,20.00,25.50,23.30,24.50,21.00,23.40,25.00,21.00,21.10,23.40,25.10,23.70,23.20,21.10,23.60,25.20,20.80,20.40,25.80,25.80,23.90,24.80,20.30,25.10,21.70,24.60,24.60,25.00,21.30,25.00,24.10,20.60,23.80,25.90,21.00,21.50,25.50,25.40,20.70,22.40,23.50,21.20,24.20,21.70
TLM_RCV,-65,FG-ALPHA,1713170742,AUTO,0,32.04,5.00,-85,100.00,8.34,3.28,5.02,1084,409,0,251,23.37,1013.00,11.80,406.30,13.14,51.85,1,1713170684,GSN-01,-87,24.00,74.30,46,0,0,7.80,84,10.96,22.00,25.40,25.30,21.30,23.50,22.90,25.90,21.40,24.40,25.50,20.50,25.40,22.70,20.40,21.50,25.10,23.90,24.60,25.10,23.30,20.90,21.70,22.10,20.80,23.00,25.10,22.80,24.20,22.30,23.60,25.80,24.20,20.20,24.10,20.50,21.70,22.20,24.00,22.60,23.90,20.80,23.20,24.70,20.80,20.70,22.40,25.90,22.80,22.80,20.70,22.30,25.40,21.70,24.20,24.90,21.50,21.30,25.90,23.90,24.10,23.20,21.30,23.20,21.40
TLM_RCV,-56,FG-ALPHA,1713170743,AUTO,0,31.05,5.00,-85,100.00,8.34,3.28,5.02,830,409,0,268,22.10,1013.60,12.10,406.10,13.14,51.85,1,1713170709,GSN-01,-79,25.20,77.40,43,1,0,7.82,84,10.96,25.30,23.30,24.00,21.20,23.70,24.50,21.00,22.60,25.30,22.90,25.70,25.60,23.40,22.50,24.00,21.60,23.10,20.70,20.20,22.00,22.10,21.90,23.10,24.80,24.00,23.50,20.70,25.60,24.20,23.60,24.60,23.50,25.00,22.90,24.10,22.80,24.30,21.30,22.30,24.10,21.10,21.50,21.20,20.70,25.30,25.70,21.10,23.30,23.60,24.20,22.60,23.20,21.10,22.30,24.40,22.00,24.70,22.30,20.80,20.40,21.60,21.90,24.90,21.90
TLM_RCV,-59,FG-ALPHA,1713170765,AUTO,1,36.44,17.50,-85,99.72,8.23,3.31,4.98,979,1089,679,263,20.55,1013.20,11.90,405.30,13.17,54.10,1,1713170743,GSN-01,-90,24.60,77.30,48,0,0,7.78,84,10.97,24.10,24.60,22.00,21.10,24.00,24.10,24.80,25.70,22.80,23.60,21.10,23.10,24.20,20.20,22.20,25.70,22.60,20.70,20.10,21.80,24.20,22.60,25.10,22.30,23.50,21.00,20.40,20.70,23.60,23.50,25.60,20.00,24.10,20.30,23.80,22.60,22.60,25.60,22.20,24.60,20.10,24.10,23.40,20.10,21.80,20.30,22.40,24.40,23.90,21.00,21.40,24.50,25.10,23.10,20.60,22.70,21.40,20.80,24.90,25.90,21.10,24.90,25.80,22.90
TLM_RCV,-91,FG-ALPHA,1713170766,AUTO,1,35.06,19.00,-85,99.70,8.21,3.30,4.90,1004,1211,769,283,21.03,1013.40,12.10,405.00,13.17,54.25,1,1713170736,GSN-01,-73,24.90,81.60,43,0,1,7.82,84,10.97,25.90,23.90,21.90,21.50,24.40,21.30,22.40,25.40,21.00,77.40,20.90,23.30,24.90,22.40,23.60,25.60,22.60,20.10,25.10,22.00,22.10,22.50,24.30,20.80,20.60,24.00,25.60,23.90,25.10,22.30,24.10,24.20,20.20,23.00,20.50,25.40,20.30,22.30,23.70,22.00,21.30,25.20,24.30,22.20,21.30,25.40,25.50,25.50,25.30,21.80,23.50,20.60,25.80,20.20,25.80,20.60,23.10,25.30,24.60,25.10,22.30,24.80,22.70,25.70
TLM_RCV,-78,FG-ALPHA,1713170767,AUTO,1,34.49,20.50,-85,99.69,8.23,3.30,4.91,987,1098,671,269,20.56,1012.80,12.00,405.80,13.17,54.40,1,1713170724,GSN-01,-82,25.10,75.80,42,0,0,7.79,85,10.98,24.70,25.80,24.90,24.30,23.10,23.40,24.70,22.80,21.70,23.10,21.60,23.20,23.20,20.80,21.90,20.40,22.70,23.60,24.50,24.30,22.00,24.60,21.20,25.70,23.50,21.60,22.20,24.50,20.40,21.20,25.00,24.20,22.70,22.50,23.80,24.90,23.00,20.80,24.30,22.90,20.90,25.00,24.40,20.50,25.90,21.40,23.10,23.70,24.80,22.10,25.30,22.50,20.20,24.40,24.90,21.10,23.10,25.00,21.90,23.50,21.90,20.10,24.00,21.60
TLM_RCV,-81,FG-ALPHA,1713170768,AUTO,1,35.56,22.00,-85,99.67,8.23,3.30,4.99,967,1113,633,330,20.73,1012.80,11.80,405.90,13.17,54.55,1,1713170752,GSN-01,-86,23.40,73.30,43,0,0,7.82,84,10.98,21.60,24.40,23.90,24.60,24.20,25.00,23.10,24.30,22.90,20.30,20.10,24.60,20.50,23.30,20.10,21.40,25.40,23.80,24.40,23.40,23.90,20.80,24.50,23.60,25.70,21.10,21.40,24.80,22.50,22.00,20.30,21.40,23.70,20.60,25.20,23.10,21.40,22.40,21.20,20.20,23.00,22.00,20.50,22.70,20.90,23.50,23.30,24.00,20.80,23.80,22.50,24.30,25.90,25.50,23.40,22.80,25.00,21.30,21.90,21.10,22.00,20.10,23.80,21.80
TLM_RCV,-69,FG-ALPHA,1713170769,AUTO,1,35.01,23.50,-85,99.55,8.21,3.31,4.96,0,1201,787,261,26.00,1012.90,12.00,406.30,13.17,54.70,1,1713170750,GSN-01,-77,23.10,81.10,40,0,0,7.80,85,10.99,22.20,22.30,25.50,21.20,21.00,22.40,22.60,22.70,22.90,23.90,23.60,23.40,21.50,22.20,20.30,22.50,20.00,22.90,22.20,20.50,21.30,21.40,25.50,24.50,21.40,20.20,23.00,24.00,24.20,25.00,22.60,23.20,24.20,25.40,22.10,25.60,21.90,22.40,24.90,25.30,20.80,25.20,25.60,20.60,25.20,22.30,22.10,20.50,22.90,22.10,21.30,20.40,23.70,20.80,25.00,23.40,21.20,20.70,20.50,24.10,20.20,25.20,21.40,25.40
TLM_RCV,-65,FG-ALPHA,1713170770,AUTO,1,36.72,25.00,-85,99.56,8.22,3.31,4.90,1187,1144,643,347,20.22,1013.60,12.00,406.40,13.17,54.85,1,1713170741,GSN-01,-75,24.60,80.30,47,0,0,7.79,84,10.99,21.40,23.20,24.70,22.00,20.30,21.90,20.10,24.90,22.70,20.20,24.00,24.10,23.30,24.70,20.90,25.70,20.20,23.90,20.00,22.80,24.50,20.80,25.10,25.20,22.20,20.00,24.40,21.30,24.70,25.60,20.20,24.10,22.20,20.40,21.60,24.60,20.80,22.10,22.80,20.80,20.70,22.20,22.10,22.40,20.30,20.00,23.90,25.70,25.60,23.40,21.80,23.00,21.20,22.80,25.70,24.20,20.60,20.80,21.50,23.10,22.10,21.90,24.70,21.20
TLM_RCV,-85,FG-ALPHA,1713170771,AUTO,1,36.30,26.50,-85,99.45,8.23,3.28,4.94,0,1060,645,273,25.30,1013.30,12.00,405.50,13.17,55.00,1,1713170747,GSN-01,-89,24.70,82.20,44,0,0,7.80,85,11.00,22.70,25.00,24.00,25.80,24.70,24.70,21.60,20.90,24.40,22.90,21.20,24.20,25.50,20.80,20.40,20.10,23.30,24.50,25.90,21.90,23.60,21.80,21.10,25.70,21.60,22.80,22.20,21.00,25.70,24.60,21.40,22.70,20.20,20.30,24.60,20.90,22.50,23.90,22.00,25.80,20.90,20.10,25.60,23.30,24.50,20.30,24.20,20.40,21.80,22.30,24.80,22.20,23.80,25.50,21.50,22.20,20.40,20.90,20.30,20.60,20.90,23.60,23.10,23.70
TLM_RCV,-68,FG-ALPHA,1713170772,AUTO,1,35.29,28.00,-85,99.44,8.23,3.29,4.92,912,1058,607,295,20.73,1012.90,12.00,405.70,13.17,55.15,1,1713170741,GSN-01,-87,23.60,78.30,44,0,0,7.82,85,11.00,20.10,23.40,24.80,23.60,24.20,25.20,24.20,25.10,23.60,24.20,23.40,20.50,20.50,25.30,21.80,22.80,24.30,23.80,21.80,22.60,20.80,25.40,24.60,22.70,22.50,21.30,22.90,23.60,23.80,22.20,23.40,20.30,25.40,21.60,21.50,24.30,25.90,25.70,20.50,20.90,21.60,20.40,21.00,20.70,24.40,25.20,24.40,21.60,23.60,22.10,20.30,20.40,24.20,20.40,25.60,25.40,24.10,20.90,25.30,23.80,22.80,25.90,22.10,20.30
TLM_RCV,-57,FG-ALPHA,1713170773,AUTO,1,36.98,29.50,-85,99.40,8.21,3.30,4.97,819,1196,790,258,21.89,1013.10,11.90,406.10,13.17,55.30,1,1713170720,GSN-01,-76,23.80,76.20,47,0,0,7.80,84,11.01,21.90,25.00,24.80,21.60,23.20,25.20,22.50,21.30,20.60,23.50,21.80,20.00,22.10,24.40,22.10,24.50,20.70,24.80,20.30,21.00,21.00,22.30,21.70,25.50,22.60,23.90,23.50,22.30,24.60,21.20,24.90,25.20,23.20,23.10,25.50,25.80,21.20,20.70,20.80,24.70,20.60,22.50,23.50,25.60,23.60,22.90,23.50,22.50,20.70,24.90,21.60,20.40,21.90,20.20,24.00,23.80,21.00,22.20,23.50,23.30,22.80,23.00,23.30,20.50
TLM_RCV,-64,FG-ALPHA,1713170774,AUTO,1,37.21,31.00,-85,99.38,8.20,3.29,4.92,1058,1241,797,303,20.92,1013.20,12.10,406.00,13.17,55.45,1,1713170762,GSN-01,-90,24.10,76.70,40,0,0,7.82,84,11.01,22.20,21.90,25.10,24.30,24.80,21.50,20.50,88.20,25.30,25.10,21.30,22.60,22.70,20.20,22.30,25.00,21.40,25.20,20.60,21.30,25.50,22.10,22.10,22.10,25.10,23.20,24.60,23.30,23.50,20.40,23.20,20.80,24.10,24.90,23.30,21.90,25.20,23.20,22.10,21.90,24.90,23.00,22.80,22.70,24.40,20.10,21.70,23.20,25.20,23.80,20.50,20.80,24.20,21.50,23.00,25.90,24.00,20.20,23.10,23.40,21.60,23.10,25.20,22.80
TLM_RCV,-84,FG-ALPHA,1713170775,AUTO,1,35.87,32.50,-85,99.38,8.21,3.29,4.99,1173,1173,738,289,20.00,1013.10,12.10,404.60,13.18,55.60,1,1713170729,GSN-01,-87,23.40,79.10,48,0,0,7.79,84,11.02,24.40,25.00,25.60,22.00,23.40,24.50,20.20,22.30,24.30,24.90,23.10,22.90,24.20,25.70,20.90,25.10,21.40,23.00,23.20,22.70,23.70,20.20,22.00,20.20,25.10,24.60,22.00,21.40,24.40,22.80,24.30,25.90,24.50,22.70,22.60,23.20,21.30,21.00,25.50,20.20,22.40,20.50,25.00,21.20,25.70,22.10,22.80,23.00,24.70,21.80,21.30,21.90,21.70,23.80,22.60,20.10,23.70,21.50,23.80,20.20,25.30,23.10,25.70,20.00
TLM_RCV,-69,FG-ALPHA,1713170776,AUTO,0,31.18,30.50,-85,99.44,8.32,3.28,5.02,1030,437,0,297,22.97,1013.30,12.10,405.20,13.18,55.60,1,1713170754,GSN-01,-87,25.40,77.30,44,0,0,7.78,84,11.02,23.90,22.70,25.70,20.10,23.50,22.90,21.50,24.70,20.80,21.00,22.20,23.10,20.00,25.70,22.10,20.90,23.70,24.60,22.10,23.00,22.60,25.20,24.90,25.90,22.60,20.40,20.50,22.40,23.50,20.00,22.20,23.40,22.40,24.90,25.80,21.60,22.00,22.90,21.30,24.30,25.90,20.10,20.20,22.30,24.80,23.80,25.00,24.00,23.10,22.90,22.20,23.90,22.10,23.50,24.20,25.50,23.40,21.70,21.20,22.20,25.30,24.10,20.80,22.20
TLM_RCV,-52,FG-ALPHA,1713170777,AUTO,0,32.49,28.50,-85,99.39,8.31,3.30,5.02,0,497,0,346,22.49,1013.40,11.80,406.00,13.18,55.60,1,1713170746,GSN-01,-86,24.60,74.50,44,0,0,7.80,85,11.03,20.70,20.00,25.60,22.40,23.50,25.60,23.00,21.90,24.90,25.40,21.90,20.20,20.30,25.00,20.20,21.90,24.00,20.70,20.00,24.00,21.80,22.10,20.00,23.60,24.70,23.10,21.70,23.00,25.00,21.10,24.80,22.10,23.40,20.20,23.10,24.30,21.30,20.40,21.90,22.40,20.70,22.30,23.50,24.40,24.90,22.30,23.70,22.30,25.10,23.70,22.00,21.90,25.00,25.00,24.10,25.90,25.80,23.90,23.30,25.10,25.60,23.20,78.80,25.10
TLM_RCV,-74,FG-ALPHA,1713170778,AUTO,0,33.44,26.50,-85,99.34,8.31,3.29,5.02,0,488,0,339,22.44,1012.80,11.90,404.60,13.18,55.60,1,1713170760,GSN-01,-78,25.90,73.50,45,0,0,7.79,84,11.03,22.80,25.20,21.10,21.60,21.30,21.10,20.10,23.80,20.90,22.40,20.40,24.90,22.80,24.80,20.00,21.10,24.00,22.80,25.20,24.90,24.50,25.10,23.70,25.00,23.90,21.20,22.50,22.10,25.00,22.90,22.00,22.50,24.50,22.80,20.40,21.90,22.10,20.90,25.30,21.90,23.00,25.10,23.60,21.10,25.00,25.80,20.00,25.50,23.80,23.70,23.00,21.00,23.80,22.10,24.30,22.10,22.90,21.80,24.60,25.00,23.90,23.00,24.20,21.00
TLM_RCV,-93,FG-ALPHA,1713170779,AUTO,0,30.99,24.50,-85,99.42,8.33,3.31,5.02,1176,398,0,251,23.89,1012.70,12.10,404.60,13.18,55.60,1,1713170768,GSN-01,-94,25.80,77.70,44,1,0,7.80,85,11.04,21.30,21.60,20.80,24.30,24.40,20.20,22.30,20.50,22.60,20.90,25.40,24.90,23.10,23.80,21.20,21.50,22.90,22.30,25.50,20.70,21.90,25.20,20.60,24.90,25.30,23.90,24.20,22.60,25.40,23.60,22.70,21.90,22.90,25.30,21.30,22.90,21.40,22.10,22.60,21.20,25.50,22.50,25.00,21.10,21.80,23.50,20.30,22.00,24.70,25.60,23.40,21.90,25.50,22.00,22.50,20.80,20.00,25.30,24.10,24.80,24.20,25.10,24.30,20.60
TLM_RCV,-88,FG-ALPHA,1713170780,AUTO,0,33.28,22.50,-85,99.37,8.32,3.30,5.02,0,455,0,302,22.27,1013.50,11.90,405.30,13.18,55.60,1,1713170736,GSN-01,-93,25.90,82.20,44,0,0,7.80,85,11.04,22.90,21.60,20.30,24.80,25.90,23.10,24.00,23.50,20.10,22.40,21.20,22.10,25.60,20.00,25.10,23.50,23.10,22.00,22.70,24.60,25.90,23.00,21.00,24.90,22.20,25.00,22.80,20.70,24.60,23.80,22.30,23.10,22.10,24.90,21.50,20.90,20.30,20.00,22.90,22.10,24.40,20.20,88.00,23.80,20.30,24.30,21.20,24.40,20.80,24.60,22.30,23.70,20.60,23.70,23.20,25.80,21.10,24.10,23.10,25.40,23.70,25.80,22.30,21.60
TLM_RCV,-56,FG-ALPHA,1713170781,AUTO,0,31.45,20.50,-85,99.41,8.31,3.31,5.02,836,491,0,339,21.73,1013.00,12.00,404.90,13.18,55.60,1,1713170732,GSN-01,-86,24.60,78.10,43,0,1,7.79,85,11.05,24.00,22.70,20.60,21.10,20.20,25.40,21.20,20.20,22.60,23.10,21.90,22.60,22.20,23.20,25.60,23.60,25.60,21.30,22.10,24.90,21.60,25.10,20.90,25.80,21.30,24.90,23.70,22.90,22.40,21.70,20.30,21.50,20.30,23.50,22.80,21.20,24.40,23.90,20.00,24.00,22.10,24.20,23.10,20.90,21.60,22.40,23.40,22.80,23.30,22.30,23.90,21.40,20.80,24.80,22.60,22.00,20.80,20.30,22.90,25.90,24.70,21.40,21.00,24.80
TLM_RCV,-84,FG-ALPHA,1713170782,AUTO,0,32.43,18.50,-85,99.44,8.31,3.28,5.02,800,486,0,332,21.57,1013.10,12.00,404.70,13.18,55.60,1,1713170740,GSN-01,-95,23.80,83.10,48,0,0,7.81,84,11.05,20.70,22.00,20.30,22.90,21.20,22.80,22.70,25.10,22.70,25.70,25.20,22.30,21.90,21.10,22.40,22.00,20.70,22.50,23.40,20.20,24.80,24.70,25.60,23.60,23.20,24.20,23.50,20.30,25.30,24.50,25.90,24.20,24.70,20.60,25.10,20.70,25.60,20.00,20.60,22.00,25.10,23.70,22.80,24.40,24.30,20.40,25.20,23.20,25.90,25.00,24.70,25.90,20.30,22.40,22.30,21.50,25.20,25.50,20.60,22.50,25.10,20.70,20.80,20.80
TLM_RCV,-79,FG-ALPHA,1713170783,AUTO,0,33.37,16.50,-85,99.50,8.32,3.29,5.02,1100,474,0,323,23.13,1012.80,12.00,405.00,13.18,55.60,1,1713170760,GSN-01,-82,25.20,74.00,40,0,0,7.78,85,11.06,25.20,25.50,23.40,21.40,25.80,22.00,24.00,25.60,23.20,24.00,21.00,21.60,20.60,21.70,24.20,24.50,22.10,23.20,23.80,25.80,25.40,25.00,23.80,25.80,22.50,25.90,25.40,22.00,22.80,23.50,23.50,23.60,22.00,21.40,20.60,25.80,20.80,25.60,20.80,21.20,22.20,25.10,24.40,23.90,24.00,20.50,25.20,25.60,22.10,21.40,23.70,25.20,25.40,20.50,25.90,24.80,22.20,22.30,20.30,20.30,22.70,24.00,24.50,22.60
TLM_RCV,-79,FG-ALPHA,1713170784,AUTO,0,31.18,14.50,-85,99.55,8.32,3.29,5.02,970,436,0,280,22.67,1012.80,11.90,406.40,13.18,55.60,1,1713170761,GSN-01,-89,23.30,75.40,46,0,1,7.82,85,11.06,22.50,22.40,21.00,21.50,22.10,23.40,21.40,21.50,22.40,25.80,23.40,22.40,23.00,24.60,24.50,20.90,22.40,22.00,25.30,20.80,24.40,24.60,20.40,24.10,24.20,22.60,24.30,20.80,23.90,23.90,21.40,23.70,21.70,21.30,24.80,24.40,21.90,23.90,25.30,21.20,22.40,23.20,21.40,25.20,25.50,23.00,22.40,25.50,23.60,25.60,21.70,24.50,21.80,21.40,23.50,21.10,22.80,22.10,24.40,22.70,25.60,25.00,21.30,20.00
TLM_RCV,-53,FG-ALPHA,1713170785,AUTO,0,33.28,12.50,-85,99.59,8.32,3.28,5.02,807,457,0,299,21.75,1012.90,11.90,404.70,13.19,55.60,1,1713170761,GSN-01,-92,23.40,73.30,41,0,0,7.82,84,11.07,23.10,21.10,25.50,22.70,24.50,21.30,20.00,23.00,25.50,24.20,20.70,20.00,21.70,24.80,20.40,24.20,21.50,24.80,24.20,22.10,25.20,22.10,25.70,25.50,25.40,25.10,20.00,22.80,21.80,20.70,24.10,24.70,25.60,25.00,24.00,24.80,25.70,23.00,25.50,21.90,22.50,25.50,22.10,22.90,24.10,20.10,21.20,22.80,20.80,22.50,24.50,23.90,72.30,20.70,20.60,21.90,22.40,25.70,22.90,20.20,25.00,22.50,22.30,24.80
TLM_RCV,-85,FG-ALPHA,1713170786,AUTO,0,33.42,10.50,-85,99.65,8.32,3.31,5.02,1120,484,0,343,23.18,1012.70,12.00,406.20,13.19,55.60,1,1713170735,GSN-01,-79,25.40,76.80,41,0,0,7.79,84,11.07,24.50,21.50,24.20,20.60,24.80,20.70,22.90,22.80,22.60,21.30,22.70,21.80,22.90,24.30,22.50,25.70,23.50,24.80,22.40,21.20,23.60,20.80,23.00,20.40,22.40,25.10,25.80,22.80,25.90,25.90,21.70,23.80,22.30,23.10,22.40,21.10,22.90,22.60,23.50,23.60,23.60,23.20,25.00,25.40,20.00,24.60,23.90,24.40,20.30,21.40,21.70,21.00,22.00,24.60,24.70,25.50,24.40,24.00,20.20,20.80,24.70,24.60,22.30,20.40
TLM_RCV,-51,FG-ALPHA,1713170787,AUTO,0,32.19,8.50,-85,99.61,8.33,3.30,5.02,0,437,0,291,22.18,1013.20,11.80,405.30,13.19,55.60,1,1713170776,GSN-01,-92,23.10,82.70,43,0,0,7.79,85,11.08,24.30,23.20,21.70,25.70,21.00,21.80,25.70,22.70,22.10,20.10,23.00,25.00,20.40,70.20,23.30,24.90,24.50,23.80,21.30,21.00,24.50,25.60,20.90,23.20,23.10,22.20,25.20,24.80,23.00,23.70,21.60,25.40,21.80,22.40,23.30,25.30,20.50,23.60,23.10,21.70,23.60,23.90,24.90,22.70,24.60,20.10,21.90,24.70,24.50,21.60,25.90,21.80,21.20,25.70,20.10,23.80,22.10,22.40,21.70,21.80,22.20,21.60,22.30,20.50
TLM_RCV,-95,FG-ALPHA,1713170788,AUTO,0,33.13,6.50,-85,99.66,8.33,3.28,5.02,910,427,0,271,22.42,1013.60,11.90,406.40,13.19,55.60,1,1713170732,GSN-01,-88,24.20,77.20,48,1,0,7.81,84,11.08,24.30,22.10,21.90,23.20,23.80,22.50,22.70,20.60,24.30,22.20,23.70,20.80,24.80,24.80,20.30,20.50,20.20,21.80,25.60,23.00,20.80,22.70,24.20,25.20,21.80,20.00,23.80,25.30,20.00,21.40,20.70,25.70,24.30,25.50,24.70,24.00,20.80,22.90,22.50,21.90,24.20,24.00,21.60,25.40,23.10,20.00,21.40,23.10,25.10,20.30,21.00,23.50,20.50,25.40,24.00,21.20,25.40,21.00,25.60,25.10,21.10,20.90,24.80,22.10
TLM_RCV,-85,FG-ALPHA,1713170789,AUTO,0,31.39,5.00,-85,99.72,8.32,3.31,5.02,1110,478,0,326,23.16,1013.10,11.90,404.80,13.19,55.60,1,1713170745,GSN-01,-88,25.20,78.10,43,0,0,7.81,85,11.09,23.90,23.50,25.30,21.60,21.20,21.30,25.90,21.30,23.70,22.20,21.10,25.40,21.00,21.10,24.50,23.30,24.30,25.00,25.60,20.30,25.80,21.20,23.30,20.20,23.60,22.80,25.30,20.10,25.40,24.30,22.30,24.60,20.00,24.20,25.00,24.50,20.50,22.20,22.80,23.00,24.90,22.60,24.70,21.50,22.90,22.10,22.10,22.90,22.10,21.90,23.20,21.60,25.80,21.10,20.50,20.90,23.40,20.90,24.50,20.90,24.20,21.70,20.80,21.10
TLM_RCV,-86,FG-ALPHA,1713170790,AUTO,0,33.15,5.00,-85,99.68,8.33,3.30,5.02,0,431,0,275,22.16,1013.30,11.80,405.90,13.19,55.60,1,1713170758,GSN-01,-74,25.60,80.10,49,0,0,7.79,85,11.09,24.40,20.50,20.50,21.90,25.70,24.60,23.20,20.70,20.50,20.30,21.60,24.40,25.40,21.20,23.80,25.80,21.10,23.60,23.10,22.00,20.10,24.00,20.00,23.00,25.30,24.60,20.90,25.50,23.50,21.90,23.80,22.40,24.10,25.70,22.20,21.30,22.80,25.70,22.80,24.40,20.10,23.60,22.00,21.70,21.70,24.40,25.80,20.00,20.50,25.90,20.80,22.00,24.70,24.20,21.20,20.80,22.90,25.90,25.70,21.90,20.50,21.60,24.00,20.20
TLM_RCV,-73,FG-ALPHA,1713170791,AUTO,0,32.29,5.00,-85,99.75,8.33,3.28,5.02,1171,459,0,301,23.56,1013.40,12.00,406.30,13.19,55.60,1,1713170736,GSN-01,-92,23.00,82.70,47,0,0,7.78,85,11.10,24.10,25.10,24.10,20.30,20.50,22.10,21.90,23.80,24.30,20.70,21.50,23.50,24.00,25.80,23.50,25.90,23.60,20.80,20.30,21.60,24.40,20.40,23.30,20.20,20.80,23.60,21.60,21.60,23.10,20.70,25.80,25.80,25.50,24.30,25.70,24.30,24.60,24.30,20.80,23.20,20.20,21.30,22.50,22.30,25.80,25.40,23.80,23.10,22.50,24.00,23.60,25.80,20.90,20.70,21.20,21.50,20.90,21.30,21.00,20.30,24.90,21.60,20.80,22.30
TLM_RCV,-69,FG-ALPHA,1713170792,AUTO,0,31.28,5.00,-85,99.82,8.33,3.30,5.02,1180,456,0,300,23.62,1012.90,12.00,405.80,13.19,55.60,1,1713170771,GSN-01,-78,23.50,79.90,47,1,0,7.78,84,11.10,24.30,21.00,20.80,22.30,20.80,25.80,21.00,24.40,25.80,23.20,23.30,23.00,21.50,21.80,22.50,20.10,22.40,24.50,23.90,23.80,24.70,20.50,21.50,21.80,24.50,21.30,25.80,20.60,23.80,23.00,21.40,23.40,24.00,23.60,20.40,23.90,24.30,20.50,25.70,25.20,25.90,20.90,22.40,21.90,25.00,21.70,23.40,20.10,21.90,20.50,24.70,20.80,23.00,23.00,20.50,24.80,22.90,21.40,20.50,20.90,23.60,20.80,23.40,20.60
TLM_RCV,-57,FG-ALPHA,1713170793,AUTO,0,33.42,5.00,-85,99.87,8.32,3.28,5.02,959,483,0,329,22.38,1013.40,11.90,405.10,13.19,55.60,1,1713170774,GSN-01,-75,23.70,74.30,43,0,1,7.80,84,11.11,25.60,23.40,24.20,25.80,21.70,21.70,25.20,25.20,23.70,23.10,25.80,25.40,21.50,22.50,23.90,22.00,25.10,24.10,23.90,22.50,21.50,23.80,23.20,25.30,21.80,24.80,20.70,21.40,24.60,23.90,22.90,23.10,25.40,23.80,23.40,25.40,24.70,22.50,23.50,20.50,25.90,21.20,21.50,21.70,22.70,21.80,21.00,24.40,25.50,25.50,20.30,22.30,21.00,21.70,21.70,25.40,21.60,21.00,23.60,25.20,22.80,21.70,22.40,21.10
TLM_RCV,-51,FG-ALPHA,1713170794,AUTO,0,31.37,5.00,-85,99.93,8.33,3.28,5.02,1110,475,0,328,23.17,1013.30,12.10,404.90,13.19,55.60,1,1713170777,GSN-01,-71,23.50,75.70,45,0,0,7.82,84,11.11,24.30,24.20,20.50,23.70,20.70,22.30,21.20,22.80,22.00,21.70,20.70,22.30,21.70,23.90,21.10,21.90,23.70,24.50,23.00,25.90,24.50,25.20,24.70,24.00,21.70,23.80,25.60,25.80,25.90,24.00,22.60,25.90,21.90,20.90,25.80,23.30,24.90,23.40,20.20,21.50,21.10,22.10,22.80,24.80,25.50,20.40,21.70,22.30,23.90,24.00,22.40,24.30,21.70,20.80,22.90,24.60,22.70,24.30,23.80,24.00,20.80,20.80,20.50,22.30
TLM_RCV,-41,FG-ALPHA,1713170795,AUTO,0,32.47,5.00,-85,99.97,8.33,3.29,5.02,847,494,0,336,21.76,1013.10,12.00,405.50,13.20,55.60,1,1713170743,GSN-01,-77,25.00,75.50,48,0,0,7.79,84,11.12,25.80,25.00,25.50,20.20,25.70,21.30,22.00,22.80,22.00,20.30,23.70,25.80,20.10,22.40,21.30,24.60,20.70,20.50,21.80,23.60,24.40,21.60,21.40,20.80,20.30,20.90,22.90,23.80,22.50,23.30,23.40,21.20,23.90,24.50,25.40,22.40,25.20,25.10,23.50,25.00,25.30,22.40,22.20,20.30,21.50,22.30,24.30,22.50,21.30,22.70,21.00,21.60,25.80,20.40,25.60,21.20,22.30,21.90,20.60,20.70,20.30,25.00,20.90,22.00
TLM_RCV,-63,FG-ALPHA,1713170796,AUTO,0,33.47,5.00,-85,100.00,8.33,3.29,5.02,1138,493,0,335,23.23,1013.20,12.00,404.70,13.20,55.60,1,1713170766,GSN-01,-90,25.40,78.60,43,0,0,7.78,84,11.12,24.50,23.30,24.00,21.40,25.70,20.90,21.20,22.70,23.70,21.20,20.80,21.80,20.40,20.60,24.50,22.10,23.00,21.10,25.30,24.80,22.50,25.70,23.60,25.20,25.20,22.40,22.40,22.90,23.80,23.40,71.50,24.90,25.00,25.60,21.90,23.70,21.40,23.60,23.60,23.90,22.10,22.50,23.00,24.60,22.80,24.00,20.60,24.60,20.10,23.50,20.70,23.30,21.80,23.90,23.30,21.40,20.00,23.10,21.70,22.80,23.40,21.00,22.90,22.50
TLM_RCV,-42,FG-ALPHA,1713170797,AUTO,0,31.98,5.00,-85,100.00,8.34,3.31,5.02,858,396,0,253,22.31,1012.80,11.80,404.70,13.20,55.60,1,1713170777,GSN-01,-94,25.60,74.00,45,0,0,7.79,84,11.13,24.00,20.40,21.30,21.50,24.40,24.90,20.40,24.50,25.50,20.80,24.20,23.30,25.00,21.40,25.30,20.00,23.70,23.30,23.00,25.10,21.20,21.50,20.10,21.80,22.30,23.10,23.20,20.80,21.40,23.50,20.60,23.30,23.50,21.70,24.50,22.50,20.70,21.30,23.60,20.30,24.70,22.30,20.50,20.70,24.40,23.60,22.30,20.80,20.60,23.00,21.20,24.10,25.10,24.00,21.80,21.20,23.50,24.90,22.50,24.30,22.80,21.20,21.20,23.00
TLM_RCV,-63,FG-ALPHA,1713170798,AUTO,0,32.43,5.00,-85,100.00,8.33,3.30,5.02,1118,486,0,341,23.16,1013.50,11.90,404.50,13.20,55.60,1,1713170774,GSN-01,-81,25.20,74.40,47,0,0,7.79,85,11.13,20.50,21.80,24.90,22.00,25.00,21.00,20.40,22.90,20.70,20.60,20.40,21.00,21.10,25.00,22.00,23.00,25.30,24.60,22.60,21.80,21.90,25.80,21.40,23.40,25.80,21.70,25.90,20.40,24.60,24.20,21.20,23.80,21.50,22.60,21.90,25.60,21.90,23.20,20.90,20.80,23.10,21.50,20.00,22.80,20.90,20.10,22.50,22.00,24.70,21.50,25.20,25.30,23.70,20.10,25.90,22.40,22.60,24.00,24.10,20.90,21.60,24.20,25.30,24.90
TLM_RCV,-50,FG-ALPHA,1713170799,AUTO,0,32.35,5.00,-85,100.00,8.33,3.29,5.02,1018,469,0,319,22.75,1013.10,12.10,404.50,13.20,55.60,1,1713170749,GSN-01,-89,25.10,74.80,46,0,0,7.79,84,11.14,22.90,20.70,20.70,20.20,22.90,20.10,22.60,23.40,23.10,23.80,24.50,21.60,24.60,25.40,22.40,21.20,21.90,20.30,24.70,20.10,20.00,22.60,23.50,20.70,22.90,20.30,20.40,25.20,25.90,23.80,22.00,21.90,22.10,22.90,22.80,24.20,25.70,21.00,25.10,25.30,25.50,21.90,21.30,20.80,24.20,21.30,24.70,20.90,21.00,24.60,22.10,21.20,24.50,23.30,25.80,81.40,24.90,20.20,25.00,25.10,24.50,20.70,21.20,24.40
TLM_RCV,-62,FG-ALPHA,1713170800,AUTO,0,31.37,5.00,-85,100.00,8.33,3.30,5.02,1154,474,0,329,23.40,1013.40,12.00,405.60,13.20,55.60,1,1713170787,GSN-01,-86,25.00,81.80,41,1,0,7.80,85,11.14,21.00,21.20,25.30,21.10,24.20,24.00,23.40,20.40,21.80,21.30,21.30,22.70,20.00,23.90,22.60,25.20,25.60,21.30,21.20,21.80,21.80,20.70,21.60,24.10,21.50,21.60,20.80,22.10,25.90,23.70,25.20,24.30,21.20,20.00,24.30,21.10,22.80,23.40,23.90,22.30,20.30,23.90,21.40,20.20,22.50,20.70,23.40,23.60,23.50,24.40,25.00,20.40,24.40,23.20,23.80,23.40,24.50,21.20,20.80,21.20,22.50,25.70,24.30,23.10
TLM_RCV,-63,FG-ALPHA,1713170801,AUTO,0,31.23,5.00,-85,100.00,8.33,3.31,5.02,1152,445,0,301,23.53,1013.10,12.00,405.10,13.20,55.60,1,1713170771,GSN-01,-77,23.30,77.20,47,0,1,7.81,85,11.15,20.20,22.50,22.20,24.70,24.60,25.40,25.20,21.60,20.70,23.20,20.70,25.50,22.30,25.60,25.30,20.70,24.00,25.90,23.50,21.70,23.30,21.50,25.70,25.60,22.70,22.00,23.20,22.20,24.00,21.80,25.70,24.20,24.70,20.60,24.20,20.90,22.70,25.90,23.10,24.60,23.50,25.00,22.20,23.50,21.30,24.60,21.10,20.00,23.40,22.80,21.90,25.00,21.90,24.10,24.80,22.80,25.80,21.30,22.40,21.70,22.40,24.10,21.80,22.20
TLM_RCV,-85,FG-ALPHA,1713170802,AUTO,0,31.50,5.00,-85,99.95,8.32,3.28,5.02,0,499,0,340,22.50,1012.80,12.10,405.50,13.20,55.60,1,1713170782,GSN-01,-88,23.30,76.30,44,0,0,7.81,85,11.15,21.40,23.60,21.80,25.30,24.00,21.70,20.10,24.20,21.70,25.80,22.70,20.60,24.00,20.30,21.80,23.20,24.70,24.00,25.20,23.70,21.40,25.20,22.00,21.30,24.20,20.30,20.20,20.30,23.90,24.60,20.90,21.40,20.10,22.80,21.80,20.80,23.10,21.50,20.80,21.10,25.40,25.10,24.40,20.30,21.50,25.30,24.40,25.60,24.90,21.90,22.00,22.70,20.40,23.00,23.20,25.20,22.90,24.70,25.00,25.10,24.20,22.30,24.70,25.50
TLM_RCV,-45,FG-ALPHA,1713170803,AUTO,0,32.42,5.00,-85,100.00,8.33,3.30,5.02,1138,483,0,332,23.27,1013.20,11.80,405.00,13.20,55.60,1,1713170775,GSN-01,-81,23.60,81.60,43,0,0,7.82,85,11.16,23.20,23.20,23.70,23.30,23.60,25.90,22.30,24.90,20.70,23.60,20.20,20.90,20.60,22.00,21.20,22.30,20.30,25.70,25.30,24.10,21.50,21.80,23.90,21.80,25.90,21.40,25.60,21.10,25.20,23.40,23.60,21.70,25.00,22.70,25.70,24.70,24.70,20.40,21.60,21.80,21.30,22.30,22.30,21.70,21.40,21.10,20.60,21.10,21.80,20.00,22.30,20.50,20.00,22.10,21.40,21.70,23.70,22.20,22.80,23.20,21.30,25.40,22.10,24.70
TLM_RCV,-73,FG-ALPHA,1713170804,AUTO,0,33.13,5.00,-85,100.00,8.34,3.28,5.02,919,427,0,281,22.46,1012.90,11.90,405.20,13.20,55.60,1,1713170782,GSN-01,-87,25.50,79.80,41,0,0,7.80,84,11.16,23.90,25.70,22.30,22.30,20.50,23.00,20.50,20.90,20.90,24.70,24.20,21.80,24.70,21.80,21.80,22.00,21.80,21.90,24.00,21.60,20.40,23.60,20.70,21.50,22.00,21.60,20.10,25.30,22.40,21.20,20.40,21.40,20.50,21.40,23.00,23.50,22.90,23.70,21.10,25.30,24.40,23.20,22.80,23.90,21.90,25.70,24.00,21.50,25.50,22.70,24.70,22.90,22.00,23.50,24.40,20.30,25.30,22.30,25.80,23.20,20.90,21.30,22.60,21.60
TLM_RCV,-60,FG-ALPHA,1713170805,AUTO,0,32.44,5.00,-85,99.95,8.33,3.28,5.02,0,487,0,328,22.43,1013.60,11.90,405.30,13.21,55.60,1,1713170774,GSN-01,-71,24.30,81.50,42,0,0,7.80,85,11.17,20.50,23.00,21.00,23.70,22.20,24.20,23.30,20.50,22.60,20.40,25.00,20.20,25.50,22.60,25.60,20.40,25.10,24.60,25.60,20.50,24.50,21.30,20.00,22.50,25.10,21.60,22.70,22.70,24.40,25.70,22.00,23.50,22.90,22.50,20.80,20.00,23.40,23.30,20.60,21.20,20.60,23.60,24.00,22.20,20.50,21.00,23.30,23.90,23.40,22.60,24.20,25.20,20.30,24.00,22.00,20.20,23.10,24.10,25.20,22.60,22.50,23.10,25.20,22.00
TLM_RCV,-93,FG-ALPHA,1713170827,AUTO,0,32.07,5.00,-85,99.96,8.34,3.28,5.02,0,414,0,256,22.07,1013.00,11.80,406.10,13.23,55.60,1,1713170813,GSN-01,-74,23.30,77.60,43,0,0,7.81,85,11.17,25.10,23.50,25.10,20.90,23.20,25.50,23.30,21.90,20.30,23.80,23.50,20.50,24.10,23.50,25.50,22.90,20.70,22.40,21.50,22.30,22.70,21.20,23.60,22.10,20.80,25.20,23.90,24.40,24.30,22.90,20.10,24.50,21.10,23.20,24.00,22.90,21.10,25.60,25.00,21.40,24.10,22.10,22.20,25.60,24.50,24.80,24.90,25.80,20.70,21.20,21.20,25.80,23.10,24.70,23.30,25.80,21.70,25.70,20.00,24.40,24.40,21.20,20.80,23.50
TLM_RCV,-80,FG-ALPHA,1713170828,AUTO,0,32.34,5.00,-85,100.00,8.33,3.29,5.02,1195,468,0,311,23.64,1012.70,11.80,404.70,13.23,55.60,1,1713170808,GSN-01,-77,24.80,79.50,48,0,0,7.81,85,11.18,21.10,21.80,23.40,24.90,20.40,23.10,24.10,24.10,21.30,25.60,24.80,22.20,25.90,21.10,21.90,21.70,22.80,20.80,24.70,21.80,24.80,21.60,23.90,20.80,21.80,20.10,25.80,22.30,20.90,22.50,24.20,21.50,23.10,21.00,22.60,20.30,21.40,21.50,21.00,24.30,22.60,20.70,20.30,25.90,22.60,21.60,20.90,20.10,23.90,25.80,21.70,21.90,25.60,22.30,22.60,20.50,20.50,22.60,23.60,20.40,24.10,24.80,23.70,20.30
TLM_RCV,-89,FG-ALPHA,1713170829,AUTO,0,32.19,5.00,-85,100.00,8.33,3.28,5.02,1130,439,0,297,23.45,1013.20,11.80,405.40,13.23,55.60,1,1713170811,GSN-01,-73,23.70,76.00,48,0,0,7.78,85,11.18,22.50,23.40,22.50,21.20,21.70,23.80,22.10,23.90,23.60,23.60,25.20,22.20,22.80,23.10,24.80,25.00,23.80,25.60,20.70,23.90,24.60,24.60,22.70,21.50,20.80,20.40,22.50,23.90,25.90,24.60,20.10,22.80,20.00,23.10,23.70,22.20,20.60,20.70,25.90,20.80,25.50,20.20,24.30,20.00,25.40,23.90,22.20,24.00,23.00,21.80,23.90,25.50,20.90,21.80,20.50,22.00,22.60,22.30,20.10,21.30,21.60,24.20,25.40,22.10
TLM_RCV,-94,FG-ALPHA,1713170830,AUTO,0,32.07,5.00,-85,100.00,8.34,3.30,5.02,897,414,0,269,22.42,1013.20,12.00,404.80,13.23,55.60,1,1713170810,GSN-01,-81,25.20,75.40,48,0,0,7.82,84,11.19,25.20,24.60,24.90,21.60,24.10,23.60,24.40,22.00,20.60,22.20,23.00,20.80,22.60,23.10,22.80,21.80,20.00,22.80,24.90,22.70,22.90,22.10,22.10,25.40,21.80,25.10,24.60,22.60,20.20,20.30,21.50,22.30,25.20,25.50,23.70,23.40,22.20,24.70,22.40,22.20,22.70,20.10,21.10,20.70,20.40,23.40,24.60,20.70,21.00,25.90,25.40,25.60,23.30,24.10,22.80,22.40,20.30,20.50,23.70,20.00,24.70,21.60,22.00,20.90
TLM_RCV,-56,FG-ALPHA,1713170831,AUTO,0,33.18,5.00,-85,99.96,8.33,3.29,5.02,0,436,0,287,22.18,1013.20,11.90,406.00,13.23,55.60,1,1713170785,GSN-01,-76,23.20,79.70,40,0,0,7.80,84,11.19,22.60,24.80,20.60,22.30,23.30,23.70,23.70,24.60,20.40,25.90,21.30,20.20,21.90,20.10,22.70,20.40,22.50,22.60,20.40,25.40,22.40,23.10,20.00,20.90,20.10,25.10,24.80,25.30,23.30,22.30,24.00,24.50,23.00,20.80,25.60,23.10,20.00,20.60,22.30,25.40,24.10,24.80,20.50,24.80,21.70,25.30,21.20,22.50,23.80,20.60,21.10,24.80,25.40,20.30,23.80,24.20,24.10,23.00,23.00,20.60,24.90,20.10,24.30,23.00
TLM_RCV,-51,FG-ALPHA,1713170832,AUTO,0,32.11,5.00,-85,100.00,8.34,3.28,5.02,1084,422,0,271,23.31,1012.70,12.00,404.70,13.23,55.60,1,1713170819,GSN-01,-79,23.30,78.90,40,0,0,7.78,85,11.20,21.70,23.10,22.50,22.90,20.00,24.90,25.60,24.20,25.10,24.10,23.40,21.70,24.90,22.70,24.50,23.10,20.10,20.50,20.10,23.30,25.70,22.80,22.20,22.50,24.20,24.30,23.50,24.00,21.90,24.70,25.70,20.80,22.30,25.30,20.70,21.90,23.80,21.10,23.40,20.00,24.70,24.70,21.30,23.80,23.80,22.40,20.40,20.60,25.80,25.30,20.20,24.30,23.70,20.10,22.70,24.50,23.20,20.60,23.50,24.40,25.90,20.30,21.90,22.60
TLM_RCV,-76,FG-ALPHA,1713170833,AUTO,0,32.24,5.00,-85,100.00,8.33,3.29,5.02,1028,448,0,305,22.90,1013.30,12.10,406.30,13.23,55.60,1,1713170788,GSN-01,-79,25.00,81.00,42,0,0,7.82,84,11.20,25.20,20.00,20.40,22.10,21.70,20.60,23.50,23.80,24.00,24.70,20.00,23.80,22.70,23.20,21.80,25.40,20.40,23.00,20.10,20.20,20.40,21.30,23.10,24.60,23.30,20.40,20.80,24.50,20.00,22.70,25.10,21.40,23.50,20.90,21.80,22.00,22.20,22.80,22.20,23.90,25.90,20.90,20.10,23.10,24.50,22.30,23.80,24.50,25.90,21.50,22.50,21.90,22.90,24.50,23.40,25.00,20.70,22.00,25.20,20.70,20.40,24.30,23.70,25.10
TLM_RCV,-87,FG-ALPHA,1713170834,AUTO,0,32.19,5.00,-85,100.00,8.33,3.30,5.02,1047,439,0,295,23.04,1012.80,11.80,405.30,13.23,55.60,1,1713170816,GSN-01,-83,24.40,82.30,44,0,0,7.79,84,11.21,20.80,23.50,22.20,23.10,21.80,21.20,24.10,21.00,23.00,24.50,20.40,24.30,23.70,25.70,25.20,21.20,20.10,25.50,23.80,25.50,22.60,22.80,24.80,25.30,23.20,24.70,21.00,24.80,25.80,20.30,25.60,23.10,22.80,24.70,21.50,22.70,21.60,23.00,22.90,21.90,22.60,24.80,25.60,21.20,25.60,22.30,23.10,24.60,24.70,25.00,22.50,21.00,20.40,20.50,21.30,21.80,24.50,20.40,21.80,24.50,24.40,22.20,21.70,25.40
TLM_RCV,-86,FG-ALPHA,1713170835,AUTO,0,33.23,5.00,-85,100.00,8.33,3.31,5.02,1010,446,0,306,22.82,1013.20,12.00,404.80,13.24,55.60,1,1713170786,GSN-01,-93,24.80,75.10,44,0,0,7.82,84,11.21,21.30,25.60,22.70,23.10,23.80,22.30,20.30,25.50,21.70,21.20,21.80,21.40,22.40,22.30,21.10,24.50,20.80,24.20,20.60,23.50,24.30,24.70,24.50,25.40,23.80,21.40,23.30,21.00,20.70,20.00,24.70,21.20,25.10,22.20,21.10,21.80,23.50,25.90,22.20,23.30,23.50,21.80,25.90,21.80,20.70,24.20,24.20,25.10,23.20,20.30,22.60,24.90,22.10,23.90,23.00,24.10,20.00,24.60,25.40,22.20,23.70,24.30,22.80,21.50
TLM_RCV,-47,FG-ALPHA,1713170836,AUTO,0,33.22,5.00,-85,100.00,8.33,3.29,5.02,896,445,0,296,22.25,1012.70,11.80,404.80,13.24,55.60,1,1713170818,GSN-01,-93,24.40,81.20,49,0,0,7.78,85,11.22,20.00,24.00,21.50,23.70,22.40,25.60,25.00,21.90,21.30,23.10,22.30,22.10,21.90,23.80,23.70,20.60,23.00,24.00,22.20,20.10,20.10,25.20,22.70,22.90,23.80,24.30,21.70,20.10,20.00,24.90,21.80,20.30,20.20,25.00,20.70,24.90,23.80,24.20,23.70,21.90,21.70,24.60,23.60,25.80,22.30,21.30,21.00,23.90,23.40,23.10,20.80,25.60,25.60,22.70,25.60,24.00,25.50,23.90,23.10,25.10,25.70,23.60,22.80,24.30
TLM_RCV,-66,FG-ALPHA,1713170837,AUTO,0,31.03,5.00,-85,100.00,8.34,3.31,5.02,805,407,0,255,21.99,1012.70,11.80,405.80,13.24,55.60,1,1713170811,GSN-01,-94,25.50,80.30,46,0,0,7.80,85,11.22,25.80,25.40,22.60,20.70,21.10,20.60,21.50,23.30,23.30,24.80,23.00,20.50,25.20,20.70,24.00,23.80,22.00,21.20,21.50,25.60,25.00,21.00,23.90,22.80,20.50,25.30,20.60,22.70,20.10,21.00,21.10,21.10,22.60,23.60,22.20,25.60,20.50,21.00,22.70,24.40,24.00,22.60,25.60,24.60,21.00,24.10,25.00,24.60,20.80,21.40,21.00,23.20,25.10,20.40,25.10,21.50,22.10,22.40,24.30,23.40,23.30,23.60,24.00,22.80
TLM_RCV,-87,FG-ALPHA,1713170838,AUTO,0,33.10,5.00,-85,100.00,8.34,3.29,5.02,804,419,0,274,21.92,1013.00,12.00,404.90,13.24,55.60,1,1713170805,GSN-01,-76,24.00,82.60,43,0,0,7.81,84,11.23,22.10,21.80,23.50,23.40,21.30,22.20,20.40,21.70,20.70,20.20,25.20,21.60,20.10,22.00,25.10,22.10,21.60,20.10,24.10,21.90,24.70,22.40,25.00,23.70,25.70,25.10,20.30,25.20,22.50,20.40,22.80,21.90,22.00,21.60,23.60,21.10,24.60,22.30,23.40,22.80,21.50,20.10,23.50,22.10,21.60,21.90,23.50,23.70,23.40,22.90,22.10,23.40,25.70,21.00,24.70,22.10,20.10,20.00,22.40,21.20,25.40,23.40,21.00,23.10
TLM_RCV,-67,FG-ALPHA,1713170839,AUTO,0,31.11,5.00,-85,99.96,8.34,3.31,5.02,0,423,0,279,22.11,1013.40,11.90,405.60,13.24,55.60,1,1713170814,GSN-01,-71,25.70,73.30,48,0,0,7.82,84,11.23,21.70,25.50,22.30,25.00,25.80,24.70,23.70,22.50,23.60,20.00,21.80,23.10,23.80,21.80,21.90,20.60,22.50,25.50,24.60,20.00,25.30,24.90,22.10,21.40,20.70,22.30,23.40,20.90,25.50,25.70,25.30,25.70,20.70,20.10,20.80,21.20,24.60,25.20,25.40,23.80,24.60,22.10,20.10,24.60,25.30,25.10,20.90,21.80,23.70,21.90,22.40,23.70,21.70,23.10,25.50,22.60,25.20,24.70,23.40,23.50,23.40,23.50,22.30,23.60
TLM_RCV,-95,FG-ALPHA,1713170840,AUTO,0,31.42,5.00,-85,100.00,8.33,3.29,5.02,1034,484,0,329,22.75,1013.10,12.10,406.30,13.24,55.60,1,1713170790,GSN-01,-72,25.50,80.50,43,0,0,7.80,84,11.24,25.50,20.20,21.70,22.70,23.00,23.80,22.60,25.00,25.70,21.00,24.70,23.60,24.70,25.30,23.20,22.30,24.30,21.90,23.70,20.30,25.60,23.70,22.50,20.70,20.50,20.80,23.80,23.70,25.10,21.30,25.30,25.20,25.10,22.50,22.80,20.00,24.20,20.70,22.70,25.30,21.70,25.90,23.10,23.00,21.50,25.80,20.50,22.20,25.00,21.50,25.10,21.00,20.80,22.90,21.60,20.40,25.50,25.40,23.80,23.10,23.70,23.20,22.80,24.00
TLM_RCV,-71,FG-ALPHA,1713170841,AUTO,0,32.01,5.00,-85,100.00,8.34,3.29,5.02,1127,401,0,257,23.63,1012.70,11.90,405.80,13.24,55.60,1,1713170829,GSN-01,-77,23.90,82.70,49,0,0,7.81,84,11.24,21.90,20.90,25.80,24.30,25.70,25.10,24.90,24.70,25.20,22.90,20.50,22.90,24.40,23.20,25.00,20.40,23.80,21.30,22.60,21.80,25.60,23.10,24.10,22.00,22.20,22.90,22.30,23.80,24.20,25.50,21.80,25.80,22.20,20.90,25.40,23.90,24.30,25.00,21.20,21.40,24.90,21.80,21.30,20.80,21.50,20.30,25.00,20.70,25.20,20.50,23.80,20.10,25.00,23.70,24.30,23.70,20.60,25.60,21.10,22.40,22.50,23.90,20.90,21.10
TLM_RCV,-71,FG-ALPHA,1713170842,AUTO,0,33.31,5.00,-85,99.95,8.33,3.31,5.02,0,462,0,317,22.31,1012.90,11.90,405.20,13.24,55.60,1,1713170798,GSN-01,-80,23.90,77.20,41,0,0,7.78,85,11.25,21.50,22.40,22.90,23.80,23.20,25.90,21.40,24.90,22.70,21.60,22.90,25.20,20.20,23.60,24.30,21.90,23.20,20.10,23.40,24.30,25.80,22.80,22.50,20.30,24.40,20.40,21.00,20.30,22.40,20.20,23.10,20.40,24.00,21.60,22.50,21.30,22.50,22.20,20.80,25.60,23.60,25.40,25.70,21.10,23.50,24.30,24.40,22.80,25.70,21.20,21.90,21.60,25.50,24.80,22.80,21.10,25.50,22.60,20.20,23.40,22.20,22.50,24.10,20.90
TLM_RCV,-81,FG-ALPHA,1713170843,AUTO,0,31.36,5.00,-85,99.99,8.33,3.31,5.02,852,473,0,314,21.90,1012.90,12.00,404.70,13.24,55.60,1,1713170816,GSN-01,-88,23.10,77.30,47,0,1,7.82,85,11.25,23.00,21.50,20.60,21.90,22.10,23.20,24.60,20.80,25.90,24.50,24.80,24.30,24.60,23.00,21.80,22.90,22.10,24.80,21.40,22.50,23.30,21.20,25.50,21.90,25.70,23.70,22.40,20.00,20.10,25.00,23.10,21.10,22.70,21.60,25.50,23.00,25.00,25.20,21.70,25.40,25.20,20.70,24.50,22.00,23.80,21.80,25.80,20.40,22.20,25.10,21.90,23.30,24.90,21.90,25.20,22.90,22.50,25.40,22.70,21.80,22.60,24.60,24.50,20.60
TLM_RCV,-91,FG-ALPHA,1713170844,AUTO,0,31.31,5.00,-85,100.00,8.33,3.28,5.02,839,461,0,303,21.89,1012.90,12.10,406.00,13.24,55.60,1,1713170812,GSN-01,-85,23.80,76.10,49,0,1,7.81,85,11.26,21.60,23.00,23.50,25.40,22.30,25.50,23.90,25.80,20.50,24.90,25.20,23.10,21.40,23.40,24.90,21.60,25.00,23.10,22.50,21.00,25.80,23.50,22.10,20.60,23.80,22.20,20.90,20.20,24.90,21.30,25.40,25.90,22.60,22.10,25.00,22.90,24.60,25.80,23.90,23.10,20.20,24.80,22.80,24.80,23.10,25.50,21.40,25.00,20.00,25.90,23.60,25.60,24.10,22.00,24.90,25.60,25.80,23.20,24.90,23.20,22.50,22.50,25.50,25.20
TLM_RCV,-65,FG-ALPHA,1713170845,AUTO,0,32.44,5.00,-85,100.00,8.33,3.30,5.02,1037,488,0,330,22.75,1013.00,11.80,405.60,13.25,55.60,1,1713170826,GSN-01,-72,24.10,78.90,47,0,1,7.79,85,11.26,20.90,21.50,23.80,22.90,21.20,24.80,25.40,20.00,21.70,25.90,24.00,22.20,21.20,25.40,24.30,22.10,21.50,24.80,20.30,24.20,20.60,23.20,21.80,20.10,23.00,25.60,24.30,20.70,20.10,25.80,24.40,23.30,22.80,25.20,25.20,24.90,21.30,22.20,23.70,22.50,24.40,22.80,24.30,24.00,21.60,22.60,25.80,23.40,21.80,21.70,23.40,21.90,24.40,21.00,21.50,25.70,23.50,23.00,24.70,22.90,20.40,21.30,25.30,22.90
TLM_RCV,-50,FG-ALPHA,1713170846,AUTO,0,31.08,5.00,-85,99.96,8.34,3.31,5.02,0,417,0,266,22.08,1012.70,12.00,406.30,13.25,55.60,1,1713170833,GSN-01,-88,24.40,79.90,44,0,0,7.78,85,11.27,20.10,25.00,23.90,22.50,23.80,20.10,22.50,23.90,23.40,23.00,20.40,23.90,23.80,20.70,21.20,22.50,21.50,20.60,25.40,21.30,23.00,20.40,24.40,22.80,25.20,20.20,22.30,23.40,21.30,24.10,25.20,25.40,22.00,24.00,25.00,21.20,24.20,23.10,20.60,23.10,23.90,25.30,22.40,21.30,21.10,20.90,21.20,22.70,23.00,25.40,25.60,20.30,21.80,24.10,24.20,23.60,23.20,22.00,22.80,21.80,22.20,21.70,21.90,23.00
TLM_RCV,-51,FG-ALPHA,1713170847,AUTO,0,33.21,5.00,-85,100.00,8.33,3.28,5.02,940,441,0,301,22.50,1013.10,11.90,404.90,13.25,55.60,1,1713170814,GSN-01,-92,24.10,77.70,42,0,0,7.82,84,11.27,24.00,23.40,23.70,21.00,23.50,22.70,25.50,23.90,23.60,20.10,25.10,25.80,22.30,20.80,23.10,20.60,25.00,24.60,21.90,20.20,21.90,24.00,21.10,24.50,21.60,23.80,22.40,25.80,20.30,24.10,24.00,20.60,20.50,24.00,25.50,21.90,25.90,24.70,25.80,23.40,23.70,21.50,24.60,25.80,22.90,24.30,24.40,23.60,22.50,21.30,23.40,22.20,21.60,25.60,24.00,21.00,24.70,25.20,24.30,22.50,20.60,21.30,20.20,23.50
TLM_RCV,-95,FG-ALPHA,1713170848,AUTO,0,33.33,5.00,-85,100.00,8.33,3.30,5.02,951,466,0,313,22.42,1013.00,12.00,405.50,13.25,55.60,1,1713170791,GSN-01,-89,24.90,74.00,48,0,0,7.79,84,11.28,20.20,25.80,22.10,24.00,22.80,22.60,22.50,20.80,25.30,23.20,25.00,22.60,23.70,21.50,23.40,25.30,25.90,21.20,23.30,20.30,25.40,25.60,21.00,24.60,21.10,23.40,20.00,23.60,24.60,24.40,25.60,24.00,25.00,23.10,22.70,23.70,24.40,25.90,20.20,21.80,22.10,22.50,23.00,24.70,22.10,20.90,23.50,20.50,20.10,22.00,20.30,20.70,22.60,22.70,20.30,22.90,20.30,22.20,24.00,24.00,23.70,22.50,20.90,25.90
TLM_RCV,-64,FG-ALPHA,1713170849,AUTO,0,33.40,5.00,-85,100.00,8.33,3.30,5.02,1047,479,0,326,22.84,1013.60,12.10,404.80,13.25,55.60,1,1713170805,GSN-01,-88,25.70,76.70,46,0,0,7.80,84,11.28,24.80,25.30,25.30,22.30,20.80,23.10,21.00,23.40,25.00,20.80,24.20,20.80,21.60,23.40,22.00,21.40,20.60,21.30,24.50,21.30,23.30,24.80,21.90,21.40,24.50,22.10,24.50,21.90,25.70,24.00,23.00,20.80,24.30,20.60,23.30,21.70,21.10,24.90,22.80,20.50,25.40,25.90,24.10,22.80,25.10,22.40,22.90,22.90,21.90,25.20,24.10,23.30,24.30,25.80,21.20,24.60,23.10,25.30,23.90,20.80,25.80,22.00,25.70,20.50
TLM_RCV,-58,FG-ALPHA,1713170850,AUTO,0,33.06,5.00,-85,100.00,8.34,3.30,5.02,1123,412,0,263,23.56,1012.90,11.80,405.00,13.25,55.60,1,1713170818,GSN-01,-94,23.20,79.00,47,0,0,7.81,84,11.29,23.50,20.70,24.20,21.90,23.90,20.00,21.00,24.50,22.10,24.70,21.90,25.70,22.30,23.70,20.90,24.90,23.80,22.80,25.20,21.60,21.80,20.40,24.80,25.50,21.60,22.20,24.50,24.80,20.20,20.10,24.20,23.70,25.10,22.60,20.80,23.60,25.20,22.90,21.40,22.70,21.00,23.20,23.60,22.60,24.20,25.30,25.20,21.50,22.40,24.80,22.90,23.30,22.40,20.20,20.00,24.20,21.60,20.40,20.80,21.40,23.70,23.80,22.40,21.80
TLM_RCV,-66,FG-ALPHA,1713170851,AUTO,0,32.13,5.00,-85,100.00,8.34,3.30,5.02,999,425,0,268,22.87,1013.00,12.10,404.70,13.25,55.60,1,1713170792,GSN-01,-86,25.10,74.20,45,0,0,7.82,84,11.29,25.60,20.00,22.40,20.50,22.20,25.70,21.00,20.70,23.00,25.70,23.20,22.50,25.50,23.90,24.40,25.70,25.80,23.20,22.40,21.00,22.70,23.70,22.70,22.00,20.40,23.40,24.10,20.60,20.70,24.90,20.20,23.50,23.80,22.80,20.60,21.10,20.00,21.20,23.00,25.60,21.00,22.70,25.20,21.60,22.20,23.70,23.80,22.40,23.70,25.00,80.70,20.60,23.40,25.20,24.50,21.00,25.10,23.30,25.10,24.60,21.00,23.50,23.40,21.10
TLM_RCV,-75,FG-ALPHA,1713170852,AUTO,0,31.17,5.00,-85,100.00,8.34,3.31,5.02,1092,433,0,291,23.30,1013.10,12.10,404.80,13.25,55.60,1,1713170823,GSN-01,-83,24.20,78.50,40,0,0,7.81,85,11.30,22.60,21.90,24.70,22.70,25.90,23.00,22.50,22.10,21.00,23.40,21.20,25.70,22.20,24.20,20.20,24.50,20.20,21.20,23.50,22.90,24.60,25.90,20.60,20.80,25.10,21.40,25.70,24.00,25.90,21.30,21.70,21.40,22.80,23.50,21.20,23.90,20.50,25.30,24.00,20.90,23.40,24.90,22.00,22.30,23.60,25.10,73.40,21.40,22.70,23.60,21.70,25.90,21.50,20.70,23.90,24.60,25.20,20.20,25.60,23.10,24.30,20.20,23.30,23.80
TLM_RCV,-66,FG-ALPHA,1713170853,AUTO,0,33.11,5.00,-85,100.00,8.34,3.29,5.02,848,422,0,265,22.13,1013.40,11.80,406.30,13.25,55.60,1,1713170813,GSN-01,-73,23.60,73.60,46,0,0,7.78,85,11.30,22.10,22.80,22.20,24.00,22.50,20.60,23.20,23.20,24.60,24.00,21.40,25.20,22.90,23.00,22.70,24.20,20.10,21.20,22.30,21.40,25.40,20.30,25.80,23.60,21.40,24.40,24.50,23.30,24.30,21.80,21.20,24.20,22.50,20.00,21.90,23.10,25.40,22.60,22.70,25.10,23.30,21.60,23.50,24.70,24.80,22.90,23.10,23.50,22.60,23.10,24.40,25.20,25.00,21.50,22.60,23.90,23.00,25.40,20.50,25.70,21.40,21.20,23.50,20.90
TLM_RCV,-65,FG-ALPHA,1713170854,AUTO,0,32.06,5.00,-85,100.00,8.34,3.30,5.02,910,412,0,255,22.49,1012.90,12.10,404.60,13.25,55.60,1,1713170827,GSN-01,-81,24.80,78.40,41,0,0,7.79,84,11.31,21.10,25.50,24.40,25.70,21.60,23.00,22.60,24.30,20.30,20.80,20.60,24.50,24.10,22.00,25.70,20.70,23.30,20.50,21.90,22.30,23.20,23.30,23.20,21.30,22.90,24.50,21.70,20.10,20.40,24.90,20.40,20.30,25.70,25.40,21.50,22.60,21.10,24.50,20.20,23.10,24.20,23.40,22.40,21.20,20.70,20.80,25.00,21.30,24.90,23.90,22.80,21.20,21.30,24.10,21.50,25.50,21.60,25.20,23.40,24.20,25.00,22.30,21.70,21.40
TLM_RCV,-49,FG-ALPHA,1713170855,AUTO,0,32.35,5.00,-85,100.00,8.33,3.31,5.02,894,469,0,318,22.12,1012.70,12.00,406.30,13.26,55.60,1,1713170829,GSN-01,-79,25.80,74.90,47,0,0,7.81,85,11.31,23.60,22.10,23.00,23.30,25.60,21.30,24.20,20.40,21.80,20.90,21.90,21.40,23.60,25.50,25.40,25.20,22.30,23.10,20.40,22.90,20.60,20.10,22.90,21.40,23.10,25.40,20.10,22.90,21.80,25.30,21.50,20.80,25.50,22.90,23.20,25.70,20.00,21.80,21.90,23.90,24.30,25.30,22.00,21.00,23.60,20.50,20.90,23.60,23.50,22.10,21.20,25.50,24.90,25.90,23.50,24.60,20.70,23.70,25.40,22.20,25.30,20.80,23.60,21.00
TLM_RCV,-91,FG-ALPHA,1713170856,AUTO,0,33.03,5.00,-85,100.00,8.34,3.30,5.02,1025,407,0,256,23.09,1013.10,12.10,405.30,13.26,55.60,1,1713170830,GSN-01,-85,25.20,74.30,40,0,1,7.82,85,11.32,20.90,21.00,25.60,20.40,20.00,20.30,23.20,21.50,23.40,23.60,22.30,22.80,25.50,22.90,23.40,20.40,24.80,24.40,24.50,25.30,25.20,23.90,20.10,25.00,21.50,24.20,23.20,23.40,21.60,21.10,25.60,22.90,20.50,20.10,22.90,25.10,25.00,21.90,23.40,25.70,25.00,22.60,25.80,25.90,24.30,24.20,22.40,23.90,25.30,20.50,22.90,24.00,23.80,22.50,24.60,22.70,20.40,23.70,24.40,23.70,25.60,23.90,22.40,20.60
TLM_RCV,-91,FG-ALPHA,1713170857,AUTO,0,32.19,5.00,-85,100.00,8.33,3.29,5.02,1101,438,0,293,23.32,1012.70,12.00,405.90,13.26,55.60,1,1713170839,GSN-01,-73,23.70,81.00,42,0,1,7.79,85,11.32,25.30,25.20,25.80,25.40,20.80,20.00,20.20,24.50,22.70,21.80,21.00,20.10,20.70,24.70,25.20,23.20,20.00,24.50,25.40,24.40,20.60,20.60,25.30,25.90,20.00,21.80,25.00,21.20,20.60,20.60,20.40,20.50,21.00,22.50,20.40,20.20,22.10,20.40,20.90,23.70,24.10,22.40,21.80,22.00,23.10,25.20,24.30,22.50,23.60,22.60,23.30,20.10,24.70,22.20,22.50,21.60,21.10,23.20,24.60,20.20,20.60,23.00,20.40,22.70
TLM_RCV,-63,FG-ALPHA,1713170858,AUTO,0,33.05,5.00,-85,100.00,8.34,3.29,5.02,884,410,0,266,22.37,1013.30,12.00,406.20,13.26,55.60,1,1713170800,GSN-01,-73,25.10,79.10,44,0,0,7.79,85,11.33,23.10,20.40,21.80,21.90,25.50,21.00,21.90,22.30,21.30,23.50,21.20,21.80,22.70,24.70,20.80,25.30,20.50,20.20,22.80,25.30,20.50,21.00,21.70,24.70,20.70,25.30,25.50,22.60,25.00,24.30,25.70,20.20,20.30,23.90,24.10,25.90,20.80,21.00,21.10,21.40,22.30,21.00,21.80,23.30,20.00,24.30,20.80,20.20,21.60,21.40,25.10,25.20,25.40,22.00,23.70,21.70,22.00,21.70,23.60,20.60,24.90,21.20,25.80,20.80
TLM_RCV,-75,FG-ALPHA,1713170859,AUTO,0,31.39,5.00,-85,99.95,8.33,3.29,5.02,0,478,0,329,22.39,1012.70,12.00,405.80,13.26,55.60,1,1713170814,GSN-01,-76,24.30,74.30,49,0,0,7.81,85,11.33,25.30,20.30,22.60,23.40,24.00,21.10,23.20,24.80,22.30,21.30,20.30,25.10,23.80,23.80,23.30,21.80,25.90,23.30,20.80,23.80,21.40,23.70,20.50,24.90,22.20,23.90,21.10,23.60,24.70,22.80,21.90,23.00,23.30,22.20,22.50,25.70,25.80,25.50,25.60,20.50,24.60,23.30,23.80,21.80,25.50,20.80,22.40,24.10,21.20,22.70,23.50,25.10,24.30,24.30,25.90,24.20,21.00,20.90,23.30,24.60,25.80,23.90,21.90,22.20
TLM_RCV,-61,FG-ALPHA,1713170860,AUTO,0,33.17,5.00,-85,100.00,8.34,3.30,5.02,989,433,0,292,22.78,1012.70,12.10,404.50,13.26,55.60,1,1713170810,GSN-01,-72,24.40,80.10,44,0,0,7.78,84,11.34,25.10,24.90,24.00,20.40,20.50,23.90,25.20,25.90,20.30,20.00,22.80,20.90,25.10,24.20,23.20,20.40,25.70,25.80,25.10,22.50,25.10,23.70,24.60,20.70,20.90,21.70,24.50,20.10,22.40,24.40,20.60,23.30,22.70,22.20,20.80,21.20,24.80,23.60,20.30,22.40,23.60,20.50,23.60,23.10,25.30,22.00,25.40,23.10,21.90,23.50,24.80,21.40,23.70,24.20,25.50,24.30,21.00,25.30,25.30,23.20,20.20,21.50,21.40,24.80
TLM_RCV,-81,FG-ALPHA,1713170861,AUTO,0,33.17,5.00,-85,100.00,8.34,3.28,5.02,1144,433,0,288,23.56,1013.50,11.80,404.50,13.26,55.60,1,1713170831,GSN-01,-75,23.30,81.60,43,0,0,7.81,84,11.34,23.70,21.00,25.70,23.50,21.20,23.40,22.80,23.10,24.00,25.20,20.30,24.80,20.90,24.80,20.80,25.10,20.20,20.30,24.10,23.20,23.70,25.50,25.50,25.40,22.90,22.80,22.20,20.10,24.20,23.30,20.70,22.20,21.30,25.20,20.80,23.20,20.90,25.50,23.30,24.50,20.20,21.10,22.30,25.50,25.20,23.60,20.80,23.90,22.20,22.70,22.00,25.00,24.30,22.10,23.70,22.30,24.60,20.80,21.10,20.30,22.00,24.80,21.30,24.80
TLM_RCV,-68,FG-ALPHA,1713170862,AUTO,0,31.43,5.00,-85,100.00,8.33,3.30,5.02,1027,487,0,342,22.70,1013.40,11.90,405.80,13.26,55.60,1,1713170812,GSN-01,-76,23.80,76.50,48,0,0,7.82,85,11.35,23.80,23.70,20.30,25.20,23.70,24.30,25.90,25.70,24.20,21.90,24.80,24.20,22.40,24.50,23.20,25.10,24.30,24.80,24.20,25.40,23.30,22.20,25.20,20.60,23.40,20.20,24.40,22.40,22.40,23.10,20.40,25.50,20.60,25.80,24.40,25.80,23.60,25.10,21.60,22.00,23.00,24.60,22.70,20.90,25.90,25.20,22.30,21.30,22.80,24.30,20.80,22.60,23.80,22.80,24.70,25.90,20.00,22.80,21.10,25.70,25.20,25.60,24.50,24.50
TLM_RCV,-66,FG-ALPHA,1713170863,AUTO,0,32.39,5.00,-85,100.00,8.33,3.28,5.02,1152,478,0,323,23.37,1013.00,12.10,405.20,13.26,55.60,1,1713170819,GSN-01,-83,25.80,82.40,49,0,0,7.78,85,11.35,22.50,25.40,21.30,23.30,24.20,23.50,25.70,23.90,21.00,22.10,24.80,21.90,20.60,20.80,24.20,21.30,24.60,20.60,23.50,21.40,20.60,24.50,23.30,23.50,22.30,24.70,20.10,23.90,21.90,21.70,20.10,24.80,23.70,23.50,22.50,22.70,25.50,21.70,23.50,21.00,22.70,24.30,24.90,20.90,24.10,25.30,25.00,25.40,23.50,21.50,25.90,25.30,25.20,20.60,23.90,25.50,20.70,20.10,25.90,21.50,24.60,25.10,24.40,25.30
TLM_RCV,-59,FG-ALPHA,1713170864,AUTO,0,31.37,5.00,-85,100.00,8.33,3.29,5.02,1193,474,0,334,23.59,1013.50,12.00,404.50,13.26,55.60,1,1713170812,GSN-01,-73,25.20,73.50,44,0,0,7.81,84,11.36,23.10,20.00,23.00,21.50,21.20,20.40,20.50,21.90,22.80,23.50,25.60,20.60,21.60,20.90,23.60,21.60,23.80,21.20,20.60,25.80,23.00,21.10,23.50,22.20,25.10,20.10,22.20,22.20,23.70,24.60,21.20,20.30,23.40,25.20,23.10,24.80,25.00,25.90,24.10,25.80,21.60,25.40,21.40,23.20,23.80,23.90,20.40,24.20,24.00,23.80,21.00,20.60,22.90,20.40,25.20,21.90,21.00,20.20,21.00,21.30,20.50,21.00,24.00,23.30
TLM_RCV,-80,FG-ALPHA,1713170865,AUTO,0,31.20,5.00,-85,100.00,8.33,3.29,5.02,931,441,0,284,22.45,1013.20,12.00,405.10,13.27,55.60,1,1713170809,GSN-01,-71,24.60,79.20,40,1,0,7.80,84,11.36,25.10,23.10,21.40,21.80,22.70,24.00,22.30,21.70,23.00,25.80,20.20,22.50,25.80,22.10,20.10,25.20,24.40,24.20,22.30,23.00,23.50,20.50,21.00,24.20,23.00,22.40,20.70,22.10,20.30,24.80,21.30,22.80,23.10,23.10,20.90,20.20,23.70,23.30,25.70,24.20,23.80,23.60,23.60,25.60,22.60,23.70,25.60,20.80,21.50,22.40,20.50,22.40,21.80,23.00,23.30,22.50,20.50,20.90,23.70,20.90,24.20,23.80,22.00,22.90
TLM_RCV,-80,FG-ALPHA,1713170866,AUTO,0,33.00,5.00,-85,100.00,8.34,3.30,5.02,971,400,0,257,22.85,1013.60,12.10,404.70,13.27,55.60,1,1713170834,GSN-01,-71,25.60,78.20,40,0,0,7.79,85,11.37,21.00,21.40,22.00,20.30,23.00,23.10,22.00,23.40,25.70,25.00,23.50,23.90,20.70,25.40,24.90,20.30,24.50,20.80,22.00,23.20,24.00,24.10,23.80,23.80,23.90,23.40,20.60,23.80,20.00,22.00,24.20,23.70,22.40,24.20,22.50,23.90,23.80,23.40,24.70,21.10,20.50,25.40,21.00,22.20,23.10,25.10,20.80,25.20,25.10,25.80,22.20,24.20,25.90,20.80,20.00,24.00,20.20,24.30,20.10,22.60,23.10,24.30,23.60,24.20
TLM_RCV,-91,FG-ALPHA,1713170867,AUTO,0,31.19,5.00,-85,100.00,8.33,3.31,5.02,982,438,0,279,22.72,1012.80,11.80,405.90,13.27,55.60,1,1713170853,GSN-01,-82,23.00,82.90,44,0,0,7.79,84,11.37,23.10,24.80,20.00,20.90,22.70,25.80,23.70,23.30,25.80,24.60,23.80,25.80,24.40,22.10,20.80,24.80,23.40,24.20,22.60,21.40,25.30,20.90,22.30,24.00,25.70,20.00,24.80,20.50,25.30,21.60,22.70,24.70,21.30,20.80,25.30,21.40,23.10,23.10,24.50,23.70,22.00,20.30,21.40,23.00,24.10,25.60,20.60,25.30,25.80,25.70,24.20,22.70,25.30,20.10,23.80,24.40,25.90,25.80,25.00,25.20,23.80,24.50,22.90,21.10
TLM_RCV,-91,FG-ALPHA,1713170889,AUTO,0,33.36,5.00,-85,99.95,8.33,3.30,5.02,0,472,0,316,22.36,1013.00,11.90,404.60,13.29,55.60,1,1713170857,GSN-01,-87,25.80,80.90,49,0,0,7.78,85,11.38,24.10,23.10,25.80,24.50,25.60,22.20,23.60,20.50,21.90,25.80,22.80,22.10,20.20,23.30,23.80,22.60,25.90,21.90,20.60,21.70,24.00,22.70,24.60,21.00,22.80,21.50,21.70,24.30,22.10,23.60,20.00,24.40,24.40,22.00,22.50,21.00,21.00,25.10,24.90,21.00,24.50,22.60,22.30,20.00,22.80,21.40,25.30,20.40,24.90,23.30,24.10,21.40,21.80,23.90,20.90,25.50,24.30,25.10,20.70,22.50,20.00,21.90,20.90,24.90
TLM_RCV,-48,FG-ALPHA,1713170890,AUTO,0,33.08,5.00,-85,100.00,8.34,3.29,5.02,1124,415,0,272,23.55,1012.80,11.80,405.00,13.29,55.60,1,1713170857,GSN-01,-93,23.50,74.70,41,0,0,7.78,84,11.38,24.40,25.10,24.60,25.50,22.20,25.80,24.60,25.70,25.40,25.30,22.00,24.40,25.30,22.10,23.00,22.90,20.20,25.70,22.20,25.10,21.40,23.60,24.20,21.50,20.20,22.20,24.90,20.50,25.80,22.40,21.10,23.90,23.70,25.40,21.60,22.20,21.00,24.50,25.40,21.50,21.60,24.80,24.10,20.50,21.00,25.60,22.40,20.20,22.80,20.00,20.70,23.80,23.40,21.70,22.10,22.60,21.30,20.80,20.70,24.10,20.50,20.30,25.40,21.20
TLM_RCV,-74,FG-ALPHA,1713170891,AUTO,0,32.15,5.00,-85,100.00,8.34,3.31,5.02,902,430,0,288,22.36,1013.40,12.00,406.00,13.29,55.60,1,1713170865,GSN-01,-71,24.30,75.90,41,0,0,7.79,84,11.39,25.40,21.40,25.50,23.20,23.70,20.10,21.90,20.00,20.00,20.10,24.50,20.20,23.40,20.90,25.70,22.70,20.60,22.90,23.20,24.80,23.90,21.00,22.90,22.70,25.80,21.80,20.60,24.60,22.00,22.90,23.40,21.20,25.50,25.60,25.60,20.30,23.30,20.10,21.30,20.40,21.90,22.90,25.40,21.60,23.80,25.70,22.20,22.80,23.10,23.70,22.00,21.20,24.60,25.70,20.30,22.40,25.30,24.00,24.00,23.10,22.60,23.00,24.10,22.30
TLM_RCV,-93,FG-ALPHA,1713170892,AUTO,0,31.47,5.00,-85,100.00,8.33,3.31,5.02,1123,494,0,335,23.15,1013.10,12.10,405.30,13.29,55.60,1,1713170866,GSN-01,-85,23.00,75.00,44,0,0,7.82,85,11.39,24.30,22.10,24.70,25.90,25.80,24.30,23.70,21.90,21.30,25.40,23.60,23.70,21.30,25.40,20.80,22.60,22.30,20.90,23.40,22.00,25.20,24.30,22.20,24.00,23.50,25.10,22.70,22.70,23.90,25.30,23.50,23.90,20.00,23.00,20.10,24.10,20.10,20.00,24.40,21.70,25.20,25.60,24.60,24.10,23.30,21.50,20.40,21.70,23.90,23.40,20.60,23.70,25.00,20.90,21.80,20.10,21.70,24.90,20.50,23.40,24.20,20.40,20.70,24.30
TLM_RCV,-90,FG-ALPHA,1713170893,AUTO,0,32.31,5.00,-85,100.00,8.33,3.28,5.02,1122,462,0,322,23.30,1012.80,12.10,406.20,13.29,55.60,1,1713170843,GSN-01,-78,25.60,79.10,47,0,0,7.81,85,11.40,24.90,23.50,22.90,22.80,24.70,20.50,21.80,25.30,24.00,23.80,24.20,20.70,23.80,21.70,23.10,25.70,24.90,20.40,21.70,25.90,22.60,24.50,20.50,20.60,23.40,23.90,22.00,24.70,22.40,25.30,23.30,20.90,20.10,24.20,20.10,20.30,25.20,22.60,20.30,21.60,23.30,21.20,24.00,24.00,24.20,21.30,20.80,24.10,25.60,23.80,20.70,23.70,20.60,24.70,22.30,25.20,21.60,20.00,24.10,25.20,25.30,21.70,20.50,21.10
TLM_RCV,-50,FG-ALPHA,1713170894,AUTO,0,32.03,5.00,-85,100.00,8.34,3.30,5.02,1004,406,0,251,22.99,1013.10,11.90,406.40,13.29,55.60,1,1713170838,GSN-01,-73,23.20,76.80,46,0,0,7.82,85,11.40,23.10,24.20,22.70,21.00,23.90,20.30,20.50,24.80,20.90,24.00,22.70,22.80,25.90,21.50,21.40,24.00,21.20,20.70,20.60,22.40,22.30,24.60,20.10,20.20,24.70,22.20,20.80,25.30,22.50,23.50,21.10,20.90,20.50,20.00,20.00,22.90,25.60,20.60,24.10,20.20,23.70,20.30,21.50,23.50,25.30,20.10,20.30,25.30,23.40,25.70,23.80,25.80,21.50,23.40,22.30,21.90,21.60,24.40,25.70,24.60,25.10,20.90,24.90,25.10
TLM_RCV,-57,FG-ALPHA,1713170895,AUTO,0,32.29,5.00,-85,100.00,8.33,3.29,5.02,1190,458,0,306,23.66,1013.10,12.10,405.10,13.30,55.60,1,1713170852,GSN-01,-75,23.70,82.30,45,0,0,7.79,85,11.41,23.60,20.80,25.00,20.30,24.10,21.80,20.60,24.10,25.00,22.30,20.40,20.00,20.20,20.50,20.20,23.40,22.00,23.70,21.30,21.10,20.90,20.70,23.70,20.40,25.80,25.80,22.80,24.70,21.70,25.30,22.10,24.10,21.80,24.20,25.80,20.60,22.40,24.80,24.00,20.70,20.00,24.10,25.00,21.40,22.70,21.40,20.70,20.00,23.40,23.80,21.60,25.70,21.70,24.40,23.40,22.70,23.90,21.10,20.70,25.50,20.80,23.30,24.30,22.20
TLM_RCV,-42,FG-ALPHA,1713170896,AUTO,0,32.45,5.00,-85,100.00,8.33,3.28,5.02,1027,490,0,332,22.68,1013.50,12.10,405.50,13.30,55.60,1,1713170866,GSN-01,-94,23.10,74.40,49,0,0,7.81,84,11.41,21.60,22.00,23.50,25.70,22.70,20.30,21.80,23.90,25.00,25.60,20.80,22.70,24.50,23.70,23.00,22.40,25.80,20.50,25.80,21.30,20.50,23.30,23.20,25.20,22.60,21.90,22.90,20.20,25.70,20.70,23.70,22.90,20.30,23.80,23.50,21.70,21.30,25.50,21.50,24.40,22.00,25.30,22.20,22.20,23.70,23.50,25.10,20.40,25.40,23.50,23.30,22.30,23.20,24.30,23.90,22.90,20.00,20.20,23.70,21.10,24.20,23.00,23.40,24.70
TLM_RCV,-69,FG-ALPHA,1713170897,AUTO,0,32.46,5.00,-85,100.00,8.33,3.28,5.02,965,491,0,332,22.37,1013.10,11.90,406.10,13.30,55.60,1,1713170872,GSN-01,-85,24.90,78.80,47,0,0,7.80,84,11.42,25.40,22.80,20.00,73.80,22.90,21.00,21.90,24.70,20.80,21.90,24.50,22.20,23.00,24.10,24.40,22.30,24.40,21.30,21.20,23.90,25.20,23.10,25.90,21.80,24.10,24.20,20.20,23.70,24.10,25.90,23.80,21.20,25.10,22.40,23.10,23.00,20.40,25.80,21.30,20.90,22.20,20.20,25.60,20.50,23.30,25.20,20.50,25.50,24.80,24.90,24.50,20.20,24.40,24.90,23.60,20.10,23.80,20.80,22.10,23.70,20.40,25.30,25.30,22.00
TLM_RCV,-42,FG-ALPHA,1713170898,AUTO,0,31.40,5.00,-85,100.00,8.33,3.28,5.02,1156,479,0,331,23.39,1013.50,11.80,405.60,13.30,55.60,1,1713170849,GSN-01,-83,24.90,80.60,42,0,0,7.81,85,11.42,23.50,23.40,24.70,24.00,23.10,23.80,23.80,21.20,21.00,24.70,23.60,21.70,20.50,24.60,23.40,22.90,21.60,25.70,22.20,23.10,23.00,22.30,20.20,21.50,24.60,22.30,25.70,21.70,23.70,22.10,24.20,25.20,25.70,22.50,22.10,22.00,21.10,20.60,22.80,22.00,25.40,25.30,25.90,22.00,25.30,23.20,24.90,20.40,22.40,23.90,23.00,21.90,20.10,20.80,23.90,24.10,20.80,25.30,20.90,21.80,23.70,25.70,24.40,24.10
TLM_RCV,-60,FG-ALPHA,1713170899,AUTO,0,31.07,5.00,-85,100.00,8.34,3.29,5.02,1107,414,0,261,23.47,1013.60,12.10,404.50,13.30,55.60,1,1713170864,GSN-01,-89,23.90,81.90,47,0,0,7.80,84,11.43,20.30,23.00,20.70,24.40,24.50,25.60,20.10,23.00,23.80,21.90,20.90,21.90,20.60,20.60,25.90,23.60,22.70,20.50,22.20,20.40,23.10,22.40,24.90,23.00,21.50,24.70,21.60,20.90,20.10,25.30,24.90,24.30,24.50,24.40,24.70,22.20,22.40,23.30,21.80,24.80,24.70,25.30,22.60,24.80,22.00,21.20,25.60,24.30,23.70,20.80,24.20,20.20,23.80,22.70,23.80,24.90,21.10,21.60,21.50,21.20,25.90,21.90,22.10,20.20
TLM_RCV,-84,FG-ALPHA,1713170900,AUTO,0,32.26,5.00,-85,100.00,8.33,3.30,5.02,1055,452,0,305,23.01,1013.20,12.10,406.20,13.30,55.60,1,1713170845,GSN-01,-92,25.00,78.00,45,0,0,7.82,85,11.43,22.20,25.20,25.80,22.40,22.20,25.70,24.10,21.00,23.40,22.90,20.70,25.30,21.90,21.80,21.20,21.50,21.80,22.80,25.80,23.90,24.40,24.40,22.20,20.50,20.90,23.80,25.40,24.60,20.40,25.70,24.70,21.70,22.20,21.50,22.40,25.30,22.10,22.80,20.00,23.30,20.80,22.00,24.70,20.40,25.10,21.80,22.00,22.00,22.10,25.60,25.60,23.10,21.80,23.50,25.80,25.70,25.70,22.10,20.50,25.50,22.50,23.30,24.20,21.90
TLM_RCV,-61,FG-ALPHA,1713170901,AUTO,0,31.23,5.00,-85,100.00,8.33,3.31,5.02,1010,446,0,290,22.82,1013.10,11.80,405.50,13.30,55.60,1,1713170886,GSN-01,-86,24.90,81.30,44,0,0,7.81,84,11.44,21.50,24.10,20.70,24.50,24.40,20.50,24.90,21.30,24.20,21.70,23.90,22.40,23.40,24.90,24.30,21.10,21.60,20.00,25.00,21.70,22.90,23.90,20.10,21.40,20.70,23.10,25.10,23.20,23.30,23.70,25.80,23.10,20.40,24.30,20.60,25.60,24.20,21.50,25.20,23.20,22.00,22.00,20.00,25.10,25.30,21.20,24.90,25.40,20.50,23.30,25.60,23.20,25.60,25.50,22.20,24.30,20.90,22.70,25.80,20.70,21.80,22.20,22.10,22.20
TLM_RCV,-42,FG-ALPHA,1713170902,AUTO,0,31.33,5.00,-85,100.00,8.33,3.28,5.02,830,466,0,326,21.82,1012.70,12.10,405.20,13.30,55.60,1,1713170858,GSN-01,-80,25.00,80.70,46,0,1,7.78,85,11.44,24.10,21.20,24.70,22.70,24.70,20.50,20.40,21.70,20.70,25.40,24.40,21.50,22.40,24.70,24.90,25.20,24.60,22.10,21.20,25.90,23.00,25.60,25.10,22.20,23.80,25.10,21.20,22.20,25.40,21.80,22.10,23.30,24.70,20.40,21.50,24.20,22.90,22.30,20.50,20.70,20.80,22.50,24.40,22.50,20.80,24.20,20.60,24.00,24.40,22.40,23.90,21.40,20.70,23.50,23.30,22.30,24.80,25.30,25.80,20.60,22.60,22.80,24.70,25.10
TLM_RCV,-65,FG-ALPHA,1713170903,AUTO,0,31.27,5.00,-85,100.00,8.33,3.28,5.02,1021,455,0,308,22.83,1013.30,11.90,405.90,13.30,55.60,1,1713170875,GSN-01,-80,23.90,81.10,48,0,0,7.82,84,11.45,23.70,23.30,20.40,23.40,20.20,22.50,24.60,22.00,20.80,20.30,20.80,22.20,20.60,21.60,22.80,24.80,21.20,22.40,20.20,20.10,21.70,21.30,20.50,25.90,22.30,22.20,21.50,21.80,23.20,20.10,25.90,25.30,20.50,20.10,21.20,22.40,23.00,23.90,20.90,21.50,24.50,22.50,23.30,24.50,23.60,20.80,24.70,24.20,21.30,24.70,22.70,23.70,25.80,24.10,21.70,22.10,24.70,23.90,24.90,21.50,25.20,25.20,21.80,24.90
TLM_RCV,-44,FG-ALPHA,1713170904,AUTO,0,33.10,5.00,-85,100.00,8.34,3.29,5.02,1125,421,0,266,23.52,1013.30,11.90,404.90,13.30,55.60,1,1713170891,GSN-01,-90,24.30,81.70,42,0,1,7.82,85,11.45,24.50,20.00,24.80,22.50,20.80,24.20,21.00,25.40,24.50,21.00,23.70,23.50,20.10,21.20,21.10,23.90,20.90,24.10,24.80,20.80,25.60,25.10,24.80,20.80,22.20,24.80,21.50,21.60,23.90,20.90,20.10,21.70,20.30,23.00,21.80,21.40,25.90,20.00,24.10,21.70,23.90,20.30,25.00,23.50,23.00,21.10,22.00,23.10,20.90,24.30,22.20,24.30,23.00,22.40,20.50,23.90,25.30,25.00,21.40,23.00,25.70,20.00,20.50,20.40
TLM_RCV,-52,FG-ALPHA,1713170905,AUTO,0,33.26,5.00,-85,100.00,8.33,3.31,5.02,1184,453,0,298,23.66,1012.70,11.80,405.70,13.31,55.60,1,1713170860,GSN-01,-95,25.30,80.20,45,0,0,7.80,85,11.46,23.30,20.30,24.70,25.20,25.90,21.90,25.90,24.10,21.10,23.70,22.00,24.40,22.80,25.40,20.90,24.20,24.10,23.60,21.00,20.10,25.70,23.30,21.60,25.80,23.30,21.90,24.40,21.50,20.40,23.20,20.00,20.80,21.70,23.90,21.50,23.60,25.20,23.30,21.00,22.80,24.20,22.10,23.90,24.20,22.50,21.20,20.60,24.10,24.40,24.60,20.40,22.00,20.00,22.70,22.90,25.10,22.30,23.50,21.10,24.00,20.10,24.50,20.50,25.90
TLM_RCV,-51,FG-ALPHA,1713170906,AUTO,0,33.22,5.00,-85,100.00,8.33,3.29,5.02,857,444,0,286,22.07,1013.30,12.00,406.10,13.31,55.60,1,1713170879,GSN-01,-80,25.10,82.40,47,0,0,7.79,85,11.46,21.10,25.50,23.50,24.30,20.10,21.70,20.10,23.50,24.30,24.10,22.00,25.70,23.30,21.90,21.10,24.80,22.00,23.40,20.00,22.20,23.40,20.70,23.50,21.80,20.70,25.30,21.70,22.20,25.40,24.60,23.70,20.80,24.90,20.50,24.00,22.80,25.00,20.20,25.50,23.10,22.60,21.00,21.10,24.20,20.20,22.00,23.60,21.00,24.50,21.40,22.30,23.30,20.80,24.60,25.30,25.70,20.30,23.40,20.80,24.40,25.60,21.00,20.40,22.90
TLM_RCV,-41,FG-ALPHA,1713170907,AUTO,0,32.19,5.00,-85,100.00,8.33,3.29,5.02,1111,439,0,284,23.36,1012.90,12.10,404.90,13.31,55.60,1,1713170851,GSN-01,-94,23.00,81.60,43,0,0,7.82,84,11.47,22.60,24.70,23.20,25.00,24.30,20.90,24.90,23.00,20.50,21.60,23.40,25.40,23.90,24.50,25.10,23.50,21.60,22.20,20.00,23.00,23.30,22.40,23.20,24.60,23.10,82.90,21.40,21.40,22.60,22.50,25.50,25.30,24.10,22.40,23.90,20.90,22.40,21.80,23.80,21.00,22.30,20.20,23.00,22.20,23.40,21.00,24.30,24.30,20.80,24.30,22.90,21.70,21.70,22.60,20.80,23.50,22.00,22.60,24.80,23.40,25.20,24.80,23.30,20.90
TLM_RCV,-55,FG-ALPHA,1713170908,AUTO,0,32.50,5.00,-85,99.95,8.32,3.28,5.02,0,500,0,348,22.50,1013.40,12.00,406.40,13.31,55.60,1,1713170849,GSN-01,-85,23.80,77.10,44,1,0,7.78,84,11.47,23.20,22.60,24.00,23.10,25.50,24.50,21.50,23.60,25.10,20.80,21.60,20.80,23.60,20.10,24.60,22.20,24.00,22.10,25.30,25.80,20.30,25.10,23.70,20.30,24.20,22.80,23.00,22.50,22.70,22.80,22.20,20.40,25.70,21.90,20.90,21.10,25.40,25.60,24.80,23.40,23.90,20.60,23.60,24.60,24.40,22.30,23.00,23.70,21.70,25.20,20.80,20.50,20.10,20.30,23.50,25.40,24.10,21.10,24.70,20.40,20.50,25.40,23.30,21.10
TLM_RCV,-88,FG-ALPHA,1713170909,AUTO,0,32.40,5.00,-85,100.00,8.33,3.29,5.02,1016,481,0,332,22.67,1013.30,12.10,405.90,13.31,55.60,1,1713170893,GSN-01,-75,23.90,79.60,42,0,0,7.80,84,11.48,24.10,24.00,23.40,20.70,22.50,21.80,22.70,20.80,21.80,21.90,24.40,23.90,20.60,23.60,22.40,24.50,23.00,23.10,21.30,23.80,20.90,25.00,21.40,20.40,24.90,25.50,20.80,25.80,25.60,21.10,25.20,21.00,22.20,23.70,21.60,20.00,22.00,23.40,24.20,21.00,25.10,25.20,25.10,21.30,20.60,20.90,22.70,20.90,22.80,25.80,25.60,22.10,23.80,23.80,24.00,25.30,20.50,25.10,20.30,22.00,22.90,20.70,21.60,21.90
TLM_RCV,-75,FG-ALPHA,1713170910,AUTO,0,32.19,5.00,-85,100.00,8.33,3.28,5.02,1187,438,0,283,23.75,1012.70,11.90,405.60,13.31,55.60,1,1713170899,GSN-01,-87,25.10,77.50,46,0,0,7.81,85,11.48,21.70,22.50,23.60,25.90,21.80,20.80,24.50,22.50,20.60,24.20,25.60,21.40,24.70,25.90,24.30,24.10,20.10,25.50,25.20,22.00,22.20,22.40,21.40,25.90,23.30,21.70,22.70,21.20,25.90,20.10,22.30,24.80,23.80,21.90,25.70,22.20,20.70,24.00,24.60,22.80,25.00,24.00,25.10,23.00,25.50,21.40,25.20,21.20,21.70,21.30,22.60,20.80,20.60,23.20,22.30,20.30,25.50,23.80,21.20,22.80,21.10,25.40,20.90,20.60
TLM_RCV,-54,FG-ALPHA,1713170911,AUTO,0,31.05,5.00,-85,100.00,8.34,3.30,5.02,1169,409,0,254,23.80,1013.00,12.10,405.20,13.31,55.60,1,1713170861,GSN-01,-76,23.60,77.40,41,0,0,7.78,85,11.49,24.10,23.40,23.10,21.70,20.80,20.00,20.30,25.40,25.10,22.80,20.30,20.10,22.00,24.60,25.50,25.90,20.70,24.50,22.40,21.10,20.70,23.90,22.70,21.00,22.20,21.40,25.80,22.70,20.90,20.30,24.70,22.70,23.60,21.30,24.80,21.40,20.90,20.20,21.60,24.20,20.40,24.40,22.30,24.90,21.50,20.90,22.70,20.70,21.80,21.30,25.60,25.90,21.20,22.10,20.70,23.70,20.80,21.20,23.70,22.70,22.40,24.40,21.20,22.00
TLM_RCV,-77,FG-ALPHA,1713170912,AUTO,0,31.06,5.00,-85,100.00,8.34,3.28,5.02,1007,411,0,268,22.98,1013.10,11.90,405.00,13.31,55.60,1,1713170875,GSN-01,-86,25.60,82.90,43,0,0,7.78,85,11.49,23.20,22.80,20.00,24.20,20.40,25.50,23.40,21.00,20.10,25.20,20.30,23.40,20.10,23.40,24.80,25.30,21.10,21.70,24.60,21.90,21.90,20.70,24.10,21.40,23.30,21.40,23.10,20.40,24.10,22.20,23.60,24.30,25.00,25.40,23.30,24.80,22.50,21.00,21.20,24.60,22.50,22.40,20.20,22.60,21.00,23.00,25.20,23.10,24.20,20.70,25.00,22.60,23.10,22.20,23.50,24.70,24.60,23.40,23.40,23.70,24.60,25.80,23.10,20.00
TLM_RCV,-56,FG-ALPHA,1713170913,AUTO,0,32.14,5.00,-85,100.00,8.34,3.29,5.02,827,428,0,281,22.00,1013.00,11.80,405.70,13.31,55.60,1,1713170897,GSN-01,-85,24.90,81.40,44,0,0,7.80,85,11.50,25.80,24.10,20.50,24.10,25.20,22.30,21.70,25.40,25.80,25.30,23.20,23.60,20.90,22.20,24.20,20.10,22.30,21.30,24.20,25.10,21.30,22.10,24.40,22.80,23.40,21.00,23.50,23.20,20.70,22.10,20.70,20.00,21.00,24.40,22.70,20.10,21.30,25.70,22.60,21.90,24.40,24.30,21.20,25.70,23.10,25.20,24.40,23.20,22.20,20.60,21.90,22.90,23.70,25.90,21.60,20.20,23.80,25.10,21.90,24.00,20.30,24.90,23.50,22.00
TLM_RCV,-76,FG-ALPHA,1713170914,AUTO,0,33.24,5.00,-85,100.00,8.33,3.31,5.02,1125,447,0,305,23.39,1012.70,11.80,404.70,13.31,55.60,1,1713170901,GSN-01,-88,24.00,73.80,45,0,1,7.79,84,11.50,24.50,25.90,22.90,76.60,25.20,24.50,22.70,24.50,25.40,21.80,24.60,20.30,23.50,24.60,22.60,21.40,20.20,23.30,23.70,20.40,22.20,25.00,24.30,22.60,21.70,24.90,22.50,21.20,23.60,20.70,20.50,20.50,22.00,22.30,24.40,24.00,21.60,24.20,20.50,25.40,22.60,23.00,23.70,23.30,24.60,24.70,23.40,25.60,25.70,23.30,24.50,23.90,21.00,20.60,21.40,25.10,23.40,25.70,25.50,21.20,22.80,21.60,20.40,23.00
TLM_RCV,-73,FG-ALPHA,1713170915,AUTO,0,31.08,5.00,-85,99.96,8.34,3.30,5.02,0,416,0,257,22.08,1013.20,11.90,406.30,13.32,55.60,1,1713170880,GSN-01,-89,23.50,76.30,41,0,0,7.80,85,11.51,24.50,20.60,25.90,25.70,23.40,25.00,25.00,20.00,24.30,21.50,25.20,22.00,20.20,25.50,25.20,24.60,23.00,20.50,25.90,25.30,20.70,25.40,23.30,25.30,22.00,22.50,25.40,24.40,25.80,21.80,20.20,23.30,24.00,25.40,22.50,24.30,25.80,23.40,24.00,21.60,23.00,23.40,24.40,24.00,24.70,22.70,22.10,24.90,20.10,22.90,22.10,21.90,23.00,24.80,21.60,25.50,25.40,25.70,23.00,25.70,21.80,20.30,24.10,21.20
TLM_RCV,-59,FG-ALPHA,1713170916,AUTO,0,31.35,5.00,-85,100.00,8.33,3.30,5.02,985,471,0,320,22.57,1013.10,11.80,405.60,13.32,55.60,1,1713170865,GSN-01,-95,24.70,77.00,46,0,0,7.78,85,11.51,25.60,22.80,25.80,25.40,21.40,20.70,20.80,21.80,20.30,21.70,21.80,20.90,22.40,25.30,23.90,23.50,21.00,25.70,25.60,20.00,20.00,25.70,24.50,23.10,25.20,24.70,22.70,21.40,25.70,23.90,25.20,25.00,23.60,25.40,23.70,24.00,20.20,23.80,21.80,23.30,21.30,22.80,23.40,24.00,21.00,23.30,24.90,24.60,22.20,24.10,22.50,23.00,24.50,25.20,22.50,23.80,25.20,22.10,25.40,22.50,22.00,22.40,24.80,23.20
TLM_RCV,-72,FG-ALPHA,1713170917,AUTO,0,33.31,5.00,-85,100.00,8.33,3.31,5.02,1114,462,0,308,23.26,1013.50,11.80,404.90,13.32,55.60,1,1713170880,GSN-01,-93,24.90,78.40,47,0,0,7.78,85,11.52,22.90,25.00,24.80,21.10,20.50,21.80,25.10,23.20,25.60,22.10,23.20,23.90,21.40,22.20,22.20,24.30,24.50,24.20,22.50,24.10,23.10,23.10,20.50,22.90,21.40,22.00,22.00,23.10,21.70,20.90,21.80,22.90,25.60,25.30,24.70,25.30,23.50,24.10,21.20,22.10,20.60,22.60,25.50,23.20,24.80,22.50,25.30,21.20,25.40,24.00,25.00,20.30,24.10,24.60,21.30,20.90,25.70,23.80,25.20,24.80,21.90,22.00,21.10,20.30
TLM_RCV,-80,FG-ALPHA,1713170918,AUTO,0,32.13,5.00,-85,100.00,8.34,3.31,5.02,1010,425,0,280,22.92,1013.60,12.10,405.00,13.32,55.60,1,1713170908,GSN-01,-92,24.30,79.00,42,0,0,7.81,85,11.52,23.40,22.90,20.50,21.10,21.70,22.90,24.80,23.30,24.90,22.20,24.60,21.90,20.30,21.60,25.70,21.80,24.00,25.50,24.50,25.90,20.00,24.30,23.30,22.30,20.30,23.20,21.60,25.10,21.70,25.90,23.80,24.60,71.80,20.50,22.80,20.00,21.20,20.40,21.90,24.70,23.40,25.00,24.00,20.30,21.30,24.40,20.70,20.80,25.60,24.90,21.70,21.50,24.60,22.30,25.50,23.10,20.30,25.40,24.40,20.40,21.40,21.80,25.30,21.00
TLM_RCV,-80,FG-ALPHA,1713170919,AUTO,0,33.03,5.00,-85,99.96,8.34,3.30,5.02,0,407,0,263,22.03,1013.20,12.10,404.90,13.32,55.60,1,1713170893,GSN-01,-84,25.60,79.50,47,0,0,7.82,85,11.53,24.20,23.60,21.80,22.00,23.70,21.20,20.00,22.90,21.30,25.00,23.50,24.90,20.80,23.10,25.20,21.90,25.80,22.60,22.70,23.00,20.10,24.40,23.10,21.70,20.80,24.10,22.50,21.80,20.60,21.70,20.60,23.90,21.00,22.30,23.60,24.20,24.10,20.10,24.50,21.90,20.00,22.30,21.80,78.20,25.70,21.10,23.20,21.20,24.10,21.90,23.40,20.80,22.30,20.20,20.70,21.30,24.20,21.70,23.70,22.20,23.70,23.70,22.40,24.90
TLM_RCV,-86,FG-ALPHA,1713170920,AUTO,0,31.32,5.00,-85,100.00,8.33,3.30,5.02,846,464,0,317,21.91,1012.80,12.00,405.70,13.32,55.60,1,1713170892,GSN-01,-82,23.90,75.30,43,0,0,7.80,84,11.53,23.30,21.00,23.80,25.40,20.60,25.60,20.50,23.60,21.00,23.80,25.00,22.70,25.30,21.30,20.60,20.90,23.60,24.00,23.40,20.90,23.00,25.80,25.40,23.30,21.70,20.40,25.90,22.00,22.80,23.00,25.10,24.70,23.30,20.40,25.00,21.40,22.50,25.30,20.00,25.00,21.50,24.90,24.30,23.80,22.40,22.30,21.00,20.10,25.60,22.50,25.90,21.70,25.40,21.40,21.60,20.70,22.70,25.00,20.70,20.10,23.80,25.90,24.20,24.40
TLM_RCV,-73,FG-ALPHA,1713170921,AUTO,0,31.40,5.00,-85,100.00,8.33,3.29,5.02,1122,480,0,332,23.21,1013.00,12.00,405.60,13.32,55.60,1,1713170896,GSN-01,-79,24.30,81.00,41,0,0,7.82,85,11.54,23.70,20.50,25.90,20.60,21.70,24.90,22.30,22.10,20.20,21.40,21.60,20.30,25.70,22.00,22.00,22.50,23.60,22.60,22.40,20.40,20.40,22.60,25.40,22.50,23.20,25.20,21.20,23.00,24.30,22.80,24.40,23.90,21.90,23.80,20.20,21.00,23.60,22.60,23.90,20.60,20.10,21.80,24.30,21.10,25.10,21.00,24.20,22.70,23.70,21.50,24.90,23.30,22.10,24.40,24.00,23.10,22.30,24.40,20.90,20.00,21.50,20.90,25.30,23.50
TLM_RCV,-77,FG-ALPHA,1713170922,AUTO,0,33.31,5.00,-85,100.00,8.33,3.31,5.02,915,463,0,322,22.26,1013.50,12.10,405.50,13.32,55.60,1,1713170892,GSN-01,-75,23.40,76.60,49,0,0,7.82,85,11.54,20.00,22.70,22.70,25.60,22.80,25.60,20.80,23.40,24.30,23.40,22.80,24.30,25.30,22.90,24.00,21.90,24.30,25.70,25.70,23.30,22.70,24.40,22.90,20.50,22.90,20.70,22.40,25.00,22.10,21.50,20.20,24.20,21.70,25.70,24.20,25.10,21.40,25.20,25.80,23.80,22.50,24.90,23.70,22.10,21.40,20.40,20.80,24.10,20.60,24.70,20.90,24.10,21.70,21.70,21.20,21.00,25.90,22.00,20.50,24.20,24.90,21.20,22.80,21.00
TLM_RCV,-74,FG-ALPHA,1713170923,AUTO,0,31.08,5.00,-85,100.00,8.34,3.28,5.02,1161,415,0,273,23.73,1012.90,12.10,405.00,13.32,55.60,1,1713170874,GSN-01,-73,25.20,79.80,46,0,1,7.82,85,11.55,22.60,25.70,22.10,21.30,21.40,20.70,23.50,21.60,24.60,24.20,25.10,21.20,23.60,24.40,25.50,23.90,25.70,21.50,25.00,21.00,25.50,23.00,22.40,23.60,21.00,22.20,22.90,25.40,25.40,23.90,20.00,25.20,22.50,20.20,25.30,25.80,23.00,21.40,25.70,22.70,22.80,22.30,20.20,25.70,21.20,20.30,21.50,22.30,22.60,22.70,23.30,24.80,21.60,24.20,21.30,20.10,24.90,24.60,24.60,22.70,20.40,25.60,20.00,22.00
TLM_RCV,-46,FG-ALPHA,1713170924,AUTO,0,31.39,5.00,-85,100.00,8.33,3.28,5.02,1057,477,0,320,22.90,1013.10,12.10,405.80,13.32,55.60,1,1713170885,GSN-01,-87,23.70,73.50,47,0,0,7.80,85,11.55,20.30,21.90,24.00,24.50,23.90,24.30,74.90,21.00,22.60,20.50,24.60,24.50,22.40,21.10,21.70,22.00,20.70,20.80,20.00,22.90,25.70,25.80,22.50,23.70,23.80,20.00,24.00,22.30,20.70,20.50,25.40,25.90,25.70,25.10,21.40,25.50,23.80,21.30,25.40,22.70,20.90,25.20,24.00,21.30,21.40,25.10,24.20,24.90,22.20,24.50,24.10,20.80,21.20,20.40,23.70,22.20,20.70,24.00,24.40,20.80,23.00,25.80,20.50,22.70
TLM_RCV,-65,FG-ALPHA,1713170925,AUTO,0,33.44,5.00,-85,100.00,8.33,3.29,5.02,922,489,0,335,22.17,1013.40,12.00,405.30,13.33,55.60,1,1713170911,GSN-01,-78,25.50,78.90,48,0,1,7.80,85,11.56,25.40,24.90,24.60,20.50,25.90,22.80,23.70,21.50,20.20,24.10,25.80,22.20,21.40,23.70,23.60,22.10,25.60,22.00,24.60,25.30,22.30,21.50,25.10,21.50,21.90,21.20,21.80,22.40,22.50,23.10,20.90,22.20,25.90,22.00,23.10,24.40,21.20,25.10,25.60,22.80,22.00,24.10,24.90,24.90,22.90,21.90,22.40,23.20,23.20,23.00,22.00,21.00,24.30,20.30,20.10,25.50,20.20,23.00,23.60,24.80,21.60,20.50,25.30,24.30
TLM_RCV,-74,FG-ALPHA,1713170926,AUTO,0,32.31,5.00,-85,100.00,8.33,3.29,5.02,1188,462,0,307,23.63,1013.50,12.10,405.00,13.33,55.60,1,1713170876,GSN-01,-93,25.40,79.70,47,0,0,7.81,84,11.56,22.20,23.70,25.30,25.40,20.20,21.20,21.10,20.50,25.40,25.50,22.20,24.10,24.30,25.40,21.40,22.30,22.20,22.80,24.30,23.40,25.00,25.10,22.70,21.10,23.00,22.10,21.90,23.20,23.10,21.90,21.20,23.80,23.00,25.10,21.40,24.30,23.20,25.90,21.60,24.70,22.60,25.80,22.10,25.40,25.20,25.80,23.70,24.70,24.20,25.00,22.80,22.30,22.60,25.20,22.10,22.90,22.70,23.00,24.00,21.30,20.20,24.00,24.50,25.30
TLM_RCV,-87,FG-ALPHA,1713170927,AUTO,0,33.11,5.00,-85,99.96,8.34,3.30,5.02,0,422,0,264,22.11,1012.70,11.90,405.70,13.33,55.60,1,1713170869,GSN-01,-73,24.40,73.50,46,0,0,7.82,85,11.57,24.70,24.50,23.20,20.60,25.00,20.60,21.20,25.00,22.60,20.40,24.60,20.50,23.50,23.80,23.60,23.60,25.40,21.90,20.00,20.70,22.60,25.00,22.70,23.40,23.90,23.90,20.00,20.80,22.80,22.50,21.10,25.30,22.40,20.90,21.30,20.40,21.90,22.20,21.10,22.60,24.40,20.60,20.00,23.40,23.30,23.10,25.20,25.80,25.70,88.90,21.40,23.50,24.50,20.90,24.90,24.40,21.20,20.00,24.40,21.40,23.30,20.70,22.70,25.90
TLM_RCV,-46,FG-ALPHA,1713170928,AUTO,0,33.42,5.00,-85,100.00,8.33,3.28,5.02,1197,483,0,339,23.57,1012.90,11.90,405.60,13.33,55.60,1,1713170898,GSN-01,-85,23.10,81.20,43,0,1,7.81,85,11.57,24.10,23.90,22.90,21.00,25.20,23.90,25.80,23.90,20.60,25.20,20.40,20.10,22.30,21.80,21.70,22.80,21.90,25.70,23.90,20.30,23.20,21.30,23.00,24.60,25.40,23.50,23.10,22.30,25.40,21.60,21.50,20.60,22.40,20.40,24.80,20.30,24.30,20.80,24.50,21.40,22.20,21.60,21.40,24.10,24.50,21.80,25.50,23.10,23.50,21.50,21.70,24.90,22.30,20.20,20.80,20.10,23.90,23.20,23.80,24.70,20.90,25.70,20.90,23.30
TLM_RCV,-87,FG-ALPHA,1713170929,AUTO,0,32.16,5.00,-85,100.00,8.34,3.29,5.02,1005,432,0,274,22.86,1013.10,12.00,405.00,13.33,55.60,1,1713170914,GSN-01,-77,25.40,77.40,42,0,0,7.78,84,11.58,23.10,22.90,24.90,20.10,20.60,24.80,23.30,24.00,24.40,23.00,25.80,22.80,20.60,23.20,25.30,22.10,23.70,25.50,23.60,24.40,21.80,21.60,21.70,25.20,24.60,20.00,23.50,22.90,25.80,23.90,23.50,23.30,20.30,20.30,21.20,22.50,24.10,25.40,22.10,24.50,22.10,23.20,21.90,23.50,23.40,20.40,25.70,20.80,24.10,21.90,21.90,22.60,22.00,23.90,24.90,23.40,23.80,23.70,21.30,21.10,21.30,21.60,24.80,20.80
TLM_RCV,-84,FG-ALPHA,1713170951,AUTO,0,31.02,5.00,-85,100.00,8.34,3.29,5.02,880,405,0,264,22.37,1013.00,11.90,404.60,13.35,56.35,1,1713170941,GSN-01,-78,23.20,80.70,47,0,0,7.79,84,11.58,20.70,22.10,22.60,21.70,23.00,23.70,20.50,22.70,22.80,21.60,25.30,20.40,21.40,21.40,23.70,20.60,22.30,22.50,21.20,24.70,20.40,22.90,25.10,23.50,22.00,20.40,23.10,22.10,20.00,21.60,22.00,20.30,22.00,20.30,25.00,21.00,25.00,22.80,22.90,20.50,20.60,24.20,24.50,20.80,23.70,22.30,25.00,21.40,25.10,25.20,20.40,23.80,25.10,21.80,25.80,20.90,21.70,20.40,21.20,21.10,23.80,22.00,22.10,24.70
TLM_RCV,-48,FG-ALPHA,1713170952,AUTO,0,33.42,5.00,-85,100.00,8.33,3.31,5.02,890,485,0,341,22.02,1013.50,12.10,405.80,13.35,56.35,1,1713170940,GSN-01,-83,25.40,82.00,48,0,0,7.82,84,11.59,25.70,24.50,25.50,21.80,21.80,22.40,25.20,22.10,24.80,21.60,20.50,21.40,24.30,25.60,22.80,22.70,22.40,21.20,20.90,25.80,21.80,21.40,25.70,22.40,25.00,22.60,25.10,21.90,20.10,21.80,21.70,24.30,22.90,22.40,20.30,23.10,22.60,25.60,25.10,24.60,24.20,21.70,22.60,21.10,23.30,20.10,20.20,21.20,23.70,20.80,20.70,23.20,20.90,21.00,25.90,22.90,21.80,21.00,21.90,25.30,24.10,25.90,22.00,21.80
TLM_RCV,-49,FG-ALPHA,1713170953,AUTO,0,32.34,5.00,-85,100.00,8.33,3.31,5.02,997,468,0,317,22.65,1013.60,11.90,406.00,13.35,56.35,1,1713170934,GSN-01,-81,24.30,82.60,42,0,0,7.79,84,11.59,20.20,21.80,23.80,24.60,22.10,25.40,21.50,24.00,20.60,20.60,87.40,23.00,22.50,24.30,22.70,25.90,25.20,21.40,20.50,22.20,21.90,23.70,22.80,24.40,20.80,25.80,22.70,22.00,20.20,24.30,24.60,21.50,20.20,24.70,20.40,24.00,25.90,20.70,25.80,20.40,22.10,22.20,22.30,24.10,21.40,23.80,20.60,24.10,24.60,21.80,20.80,22.40,23.70,22.30,20.20,20.30,21.20,20.40,20.00,25.10,23.90,20.80,24.60,24.10
TLM_RCV,-79,FG-ALPHA,1713170954,AUTO,0,32.38,5.00,-85,100.00,8.33,3.29,5.02,975,477,0,323,22.49,1013.00,11.90,405.50,13.35,56.35,1,1713170941,GSN-01,-86,25.90,82.30,48,0,0,7.81,84,11.60,22.90,21.90,23.50,24.50,22.10,23.40,22.60,24.10,24.80,21.20,25.40,25.30,21.30,25.00,24.80,23.30,23.50,20.40,20.90,25.10,21.70,23.20,25.70,23.50,23.80,23.00,24.30,23.90,21.10,23.90,25.40,25.70,21.40,22.50,23.50,20.50,24.20,25.60,22.30,21.30,20.80,22.00,21.60,21.30,21.30,23.40,25.90,22.70,22.80,24.60,23.20,22.10,24.60,20.40,25.90,23.10,21.20,20.10,20.50,22.40,23.00,22.80,23.00,24.20
TLM_RCV,-49,FG-ALPHA,1713170955,AUTO,0,31.17,5.00,-85,100.00,8.33,3.29,5.02,1062,435,0,277,23.14,1013.10,12.10,405.40,13.36,56.35,1,1713170914,GSN-01,-80,25.30,82.30,45,0,0,7.79,85,11.60,20.10,21.10,23.70,20.40,23.60,22.80,21.30,21.20,21.40,20.20,20.70,21.10,22.90,22.70,24.50,23.40,24.40,25.00,24.30,23.30,23.90,24.50,24.60,20.30,24.50,23.70,22.50,23.20,25.80,22.10,21.80,24.80,24.90,24.50,23.90,23.10,21.60,24.20,25.00,21.30,22.80,25.20,25.20,22.30,25.40,24.80,25.40,25.20,21.70,22.50,23.10,24.10,24.30,23.80,21.20,23.30,20.10,25.00,24.20,24.10,21.90,23.20,21.80,21.40
TLM_RCV,-60,FG-ALPHA,1713170956,AUTO,0,31.48,5.00,-85,100.00,8.33,3.28,5.02,1088,495,0,348,22.97,1013.00,11.90,405.20,13.36,56.35,1,1713170915,GSN-01,-86,24.20,77.90,41,0,0,7.82,84,11.61,20.10,23.50,24.70,21.10,20.50,24.50,22.30,21.10,25.60,21.10,25.20,21.10,23.40,22.80,25.90,20.20,25.50,23.70,25.60,24.50,25.40,22.30,22.80,21.80,22.10,21.30,25.30,24.00,21.30,22.20,22.70,21.60,21.10,20.50,24.90,20.20,22.30,22.20,23.60,25.80,22.20,22.20,25.00,21.90,21.20,22.40,22.60,23.70,25.90,22.80,24.00,23.80,25.10,24.80,20.60,23.50,25.80,25.70,24.60,21.70,25.70,25.70,20.70,21.50
TLM_RCV,-62,FG-ALPHA,1713170957,AUTO,0,31.07,5.00,-85,100.00,8.34,3.31,5.02,965,413,0,262,22.76,1013.50,12.00,404.80,13.36,56.35,1,1713170915,GSN-01,-79,23.00,81.10,45,0,0,7.82,84,11.61,25.20,23.60,22.80,25.90,24.90,23.10,24.50,25.70,21.00,23.10,24.40,21.80,23.20,24.00,22.10,22.50,20.30,21.70,23.30,22.80,24.60,25.00,23.70,20.30,25.70,24.90,24.50,20.20,20.70,20.80,23.50,25.40,25.70,22.10,20.20,23.10,24.90,21.20,22.40,25.20,25.80,25.00,23.90,20.40,22.70,21.60,21.20,25.70,24.10,21.40,25.00,22.00,22.50,25.40,25.00,22.00,20.20,24.50,20.30,22.20,23.90,25.30,21.90,24.80
TLM_RCV,-46,FG-ALPHA,1713170958,AUTO,0,32.27,5.00,-85,100.00,8.33,3.31,5.02,898,454,0,312,22.22,1013.00,11.80,406.40,13.36,56.35,1,1713170945,GSN-01,-94,23.60,79.00,46,0,0,7.81,84,11.62,21.80,21.10,21.00,21.80,25.60,20.10,22.30,22.30,25.50,22.70,21.20,24.80,21.50,25.30,24.20,25.70,22.30,24.30,24.20,21.20,22.00,21.20,24.20,25.40,24.30,21.00,23.20,20.10,21.00,20.90,25.60,23.00,25.20,21.50,20.50,22.00,23.90,24.40,25.20,24.90,22.60,22.90,21.00,24.00,22.90,25.80,24.60,22.80,24.80,23.30,22.00,25.10,23.10,24.50,23.40,24.90,25.20,23.80,22.50,21.60,20.90,22.40,25.90,25.90
TLM_RCV,-54,FG-ALPHA,1713170959,AUTO,0,33.19,5.00,-85,99.96,8.33,3.29,5.02,0,439,0,285,22.19,1012.90,11.80,405.90,13.36,56.35,1,1713170901,GSN-01,-73,25.20,75.50,42,0,0,7.79,84,11.62,23.20,24.80,20.00,23.00,21.70,25.90,22.70,23.20,23.70,20.40,21.40,24.30,24.50,23.20,23.00,23.00,22.40,22.20,23.30,23.20,21.50,25.20,20.90,25.10,21.40,23.80,22.80,22.70,20.10,24.20,23.20,25.00,22.70,21.60,24.30,22.50,24.20,23.70,20.40,25.10,23.30,20.80,23.60,21.10,71.40,22.60,21.10,22.80,23.60,20.60,24.50,21.00,24.30,23.40,22.60,25.00,22.90,25.40,22.90,20.70,22.70,22.00,23.50,20.50
TLM_RCV,-79,FG-ALPHA,1713170960,AUTO,0,32.05,5.00,-85,99.92,8.34,3.30,5.02,0,410,0,253,22.05,1013.60,11.90,405.80,13.36,56.35,1,1713170918,GSN-01,-83,23.10,80.80,42,0,0,7.79,85,11.63,21.80,21.20,20.60,21.70,21.40,23.40,24.10,74.20,21.10,25.90,21.70,20.20,25.80,21.10,22.00,21.10,25.10,24.50,24.00,25.60,21.50,24.30,20.20,24.90,25.60,24.20,20.50,21.50,22.60,24.00,21.50,23.00,25.00,24.10,21.20,20.00,24.90,24.60,21.60,23.60,24.00,20.90,25.80,22.60,23.80,22.30,21.60,23.80,25.50,20.80,25.10,25.20,25.10,23.80,21.00,23.70,23.50,25.50,20.10,22.50,24.20,21.10,21.80,25.30
TLM_RCV,-72,FG-ALPHA,1713170961,AUTO,0,32.48,5.00,-85,99.96,8.32,3.30,5.02,897,496,0,345,22.00,1013.10,11.80,404.50,13.36,56.35,1,1713170937,GSN-01,-88,25.90,76.60,46,0,0,7.78,85,11.63,23.20,24.90,22.70,25.20,25.90,23.00,21.40,23.00,25.80,24.10,25.00,20.80,24.00,25.70,24.10,20.80,21.60,22.00,20.10,25.30,20.30,25.30,25.40,25.10,25.50,22.80,20.00,22.60,21.80,20.90,23.10,22.20,24.80,25.60,23.40,21.40,25.70,23.00,22.90,22.00,21.50,20.90,21.60,20.70,23.60,83.50,22.30,22.90,24.10,22.30,22.20,20.60,24.20,21.00,21.20,25.10,23.00,20.20,21.20,22.40,24.10,21.10,22.10,21.20
TLM_RCV,-69,FG-ALPHA,1713170962,AUTO,0,31.37,5.00,-85,99.91,8.33,3.29,5.02,0,475,0,319,22.37,1013.20,12.00,405.20,13.36,56.35,1,1713170933,GSN-01,-86,25.40,74.50,47,0,0,7.80,84,11.64,24.80,21.00,22.10,23.00,20.40,20.40,21.20,25.50,25.80,21.70,24.50,22.70,25.80,22.90,21.80,25.30,20.50,25.90,21.20,22.50,20.10,22.40,21.10,20.90,21.40,23.50,23.50,21.40,24.50,25.80,20.20,24.70,22.70,20.60,25.50,21.10,25.80,20.40,24.30,23.20,25.70,23.00,24.50,24.50,21.80,25.00,24.00,23.00,25.40,25.10,22.40,25.50,25.50,21.70,24.30,21.20,25.40,20.20,25.00,24.90,22.50,20.60,22.50,23.70
TLM_RCV,-78,FG-ALPHA,1713170963,AUTO,0,33.22,5.00,-85,99.95,8.33,3.29,5.02,829,445,0,287,21.92,1012.90,11.80,404.60,13.36,56.35,1,1713170939,GSN-01,-89,24.90,73.80,49,0,0,7.78,84,11.64,22.80,23.90,20.40,21.70,23.50,23.30,21.70,25.10,20.20,24.70,25.20,20.60,21.80,23.80,25.80,23.90,24.20,21.10,22.20,21.00,22.80,24.30,21.60,23.10,23.60,23.80,20.10,22.00,21.70,22.30,22.80,22.20,25.00,20.10,21.50,23.60,22.40,22.00,20.80,21.70,24.70,24.90,25.50,23.20,25.70,25.50,21.50,24.30,25.60,20.70,24.80,25.40,21.40,21.00,25.60,20.70,24.90,23.40,24.00,21.30,23.10,20.60,21.10,22.10
TLM_RCV,-49,FG-ALPHA,1713170964,AUTO,0,31.06,5.00,-85,100.00,8.34,3.28,5.02,1055,412,0,255,23.22,1013.10,12.00,405.30,13.36,56.35,1,1713170944,GSN-01,-95,24.60,75.10,43,0,0,7.78,84,11.65,23.50,20.20,24.90,21.10,21.40,21.90,23.30,21.10,23.90,22.10,24.00,23.70,20.40,24.40,21.40,23.80,20.60,24.20,21.10,21.70,20.50,23.50,23.30,22.90,20.30,24.60,20.00,20.00,24.10,23.90,25.90,21.40,24.60,22.30,21.40,24.90,23.20,25.30,22.50,23.10,21.70,21.60,22.00,25.40,24.30,25.80,20.70,25.30,23.50,23.20,23.50,21.50,23.90,25.70,23.90,25.90,23.40,20.10,25.60,20.90,22.20,24.90,24.40,21.90
TLM_RCV,-79,FG-ALPHA,1713170965,AUTO,0,33.39,5.00,-85,100.00,8.33,3.29,5.02,940,478,0,321,22.31,1013.00,12.00,404.70,13.37,56.35,1,1713170942,GSN-01,-82,23.50,76.60,49,0,0,7.78,84,11.65,20.70,22.50,20.00,24.20,23.90,24.90,25.40,21.00,20.10,24.90,20.20,20.00,22.10,24.50,21.00,21.50,20.70,23.80,25.10,25.40,23.40,24.00,20.70,20.20,23.60,23.60,25.60,21.90,24.40,22.80,24.40,21.50,23.90,21.40,21.30,23.60,25.00,23.80,20.70,24.70,23.30,24.70,20.90,20.50,25.90,20.40,21.00,23.10,25.40,21.80,22.00,21.40,25.20,23.60,22.00,23.00,23.40,22.10,24.90,22.90,24.30,23.30,20.80,24.30
TLM_RCV,-69,FG-ALPHA,1713170966,AUTO,0,31.30,5.00,-85,100.00,8.33,3.28,5.02,1106,459,0,309,23.24,1013.60,12.10,404.90,13.37,56.35,1,1713170943,GSN-01,-80,23.00,74.70,40,0,0,7.82,84,11.66,21.20,22.50,24.00,24.10,21.50,23.20,22.20,22.50,22.10,23.50,24.30,23.60,23.40,24.80,21.80,22.60,24.50,25.90,22.50,25.70,23.30,21.80,22.50,20.30,24.40,25.10,24.00,20.50,22.40,20.00,21.90,21.00,21.10,25.70,22.20,22.10,23.00,25.30,22.80,22.70,21.40,21.20,21.10,24.80,25.70,21.60,21.10,22.10,20.40,20.20,22.10,25.70,24.80,20.90,25.30,20.60,25.50,24.40,20.90,25.10,25.40,21.60,21.00,23.50
TLM_RCV,-91,FG-ALPHA,1713170967,AUTO,0,31.41,5.00,-85,100.00,8.33,3.30,5.02,840,482,0,339,21.79,1012.80,12.10,405.80,13.37,56.35,1,1713170908,GSN-01,-80,24.30,80.70,48,0,0,7.80,84,11.66,25.60,23.80,20.20,25.80,22.20,20.20,23.10,25.00,23.90,23.80,20.00,24.40,24.90,23.40,21.40,24.50,25.70,22.80,23.20,23.60,20.70,22.80,20.90,21.00,21.50,25.70,22.80,24.30,21.80,22.90,22.70,25.50,21.20,21.80,20.10,22.00,20.00,24.90,21.40,23.90,23.50,23.30,22.40,25.50,24.30,22.00,25.40,25.70,20.80,24.60,21.10,22.70,20.70,25.10,23.40,21.70,22.60,25.30,23.70,20.80,25.80,21.00,21.00,24.80
TLM_RCV,-91,FG-ALPHA,1713170968,AUTO,0,33.26,5.00,-85,100.00,8.33,3.28,5.02,809,452,0,300,21.78,1013.50,11.80,406.10,13.37,56.35,1,1713170916,GSN-01,-80,24.70,81.80,43,0,0,7.82,84,11.67,21.00,24.90,24.80,24.80,22.50,21.40,21.70,20.50,24.90,21.40,23.90,23.10,24.90,22.50,21.60,23.90,24.70,25.60,20.80,21.10,22.00,22.10,21.30,20.30,24.20,21.80,20.00,25.90,24.20,22.90,22.10,22.10,23.40,22.50,21.60,22.10,22.20,25.80,25.50,25.80,21.60,23.60,25.30,20.50,25.70,21.70,20.50,24.10,20.00,24.10,25.80,20.00,24.70,24.00,23.60,22.40,22.60,22.30,25.40,25.30,20.10,23.70,22.30,21.50
TLM_RCV,-83,FG-ALPHA,1713170969,AUTO,0,32.01,5.00,-85,100.00,8.34,3.31,5.02,942,401,0,253,22.70,1013.40,11.80,404.90,13.37,56.35,1,1713170954,GSN-01,-88,24.40,80.20,47,0,1,7.81,84,11.67,22.40,22.00,21.50,23.00,23.20,24.20,24.20,20.20,22.80,20.60,21.20,20.40,20.10,21.40,24.20,21.80,20.80,21.20,21.20,20.30,20.00,23.80,22.00,22.00,20.00,20.70,23.10,23.70,22.40,20.60,20.00,23.30,20.50,21.40,24.20,24.10,23.90,23.00,23.50,20.90,25.00,21.30,24.80,23.70,22.70,25.30,24.80,20.50,25.00,20.30,24.50,20.70,21.60,25.30,23.20,20.00,20.90,20.60,25.70,22.60,24.60,23.40,21.70,22.90
TLM_RCV,-75,FG-ALPHA,1713170970,AUTO,0,32.45,5.00,-85,100.00,8.33,3.29,5.02,1137,490,0,332,23.24,1013.00,11.90,406.30,13.37,56.35,1,1713170950,GSN-01,-77,24.40,80.70,42,0,0,7.78,84,11.68,20.30,23.50,25.90,24.70,20.00,21.30,24.00,25.40,20.20,24.30,20.10,23.50,20.90,20.50,24.40,21.30,22.60,21.50,22.60,23.70,24.00,20.30,25.70,22.00,24.10,24.60,22.00,21.30,21.20,25.60,21.00,25.00,21.00,22.20,22.00,20.50,22.60,23.80,23.30,21.80,21.90,24.30,21.20,23.20,25.00,24.20,20.20,20.10,25.70,21.50,23.00,21.10,25.00,25.10,20.00,21.40,23.70,21.60,21.60,22.80,20.70,20.40,21.90,21.40
TLM_RCV,-46,FG-ALPHA,1713170971,AUTO,0,32.42,5.00,-85,100.00,8.33,3.29,5.02,990,483,0,329,22.53,1013.40,11.80,405.90,13.37,56.35,1,1713170936,GSN-01,-79,25.80,74.50,41,0,0,7.78,85,11.68,23.50,22.20,25.40,20.60,22.70,25.60,24.60,24.80,23.60,25.30,20.10,22.80,25.30,23.30,23.50,21.80,24.30,24.40,20.90,24.70,20.70,20.10,22.20,21.50,22.50,24.90,20.10,23.90,21.60,20.60,24.30,20.10,22.80,23.40,23.00,22.60,20.30,23.60,20.00,22.80,23.50,20.20,25.10,20.00,23.70,22.40,24.10,20.10,23.40,20.10,24.40,20.50,20.40,24.10,24.30,24.70,25.40,21.10,24.90,25.40,21.50,20.90,24.80,21.70
TLM_RCV,-73,FG-ALPHA,1713170972,AUTO,0,32.29,5.00,-85,100.00,8.33,3.28,5.02,860,458,0,300,22.01,1012.90,12.00,405.80,13.37,56.35,1,1713170933,GSN-01,-86,24.30,80.80,42,0,0,7.79,85,11.69,22.90,20.40,21.00,25.90,25.10,21.10,22.30,20.60,21.40,21.90,21.70,20.70,21.40,25.70,20.80,24.80,24.10,21.20,22.70,21.80,20.40,20.00,22.60,21.60,20.60,25.30,24.40,22.10,20.20,25.00,22.30,24.60,20.80,82.20,22.60,20.10,23.90,20.30,21.90,25.50,21.30,24.30,23.40,20.70,20.50,22.10,21.20,20.00,20.10,25.00,23.70,25.50,25.30,21.60,24.20,25.30,22.40,21.60,22.60,25.20,21.20,20.60,24.10,22.50
TLM_RCV,-51,FG-ALPHA,1713170973,AUTO,0,33.28,5.00,-85,100.00,8.33,3.29,5.02,869,456,0,313,22.07,1013.40,12.10,405.90,13.37,56.35,1,1713170940,GSN-01,-80,25.70,73.70,43,0,0,7.78,84,11.69,20.10,25.70,21.20,25.30,20.60,24.40,24.60,22.80,22.70,23.30,25.50,22.30,20.50,25.50,25.80,20.70,24.50,20.30,24.20,25.30,20.90,21.30,23.20,20.70,24.80,20.80,21.10,25.70,22.30,25.60,21.70,25.20,23.70,22.10,22.40,24.30,21.60,24.70,24.30,23.00,24.30,21.00,20.20,23.10,20.70,23.00,23.00,24.80,23.30,25.20,23.60,22.10,20.50,81.70,22.20,24.50,21.10,24.20,24.30,21.70,24.00,21.90,21.80,23.00
TLM_RCV,-88,FG-ALPHA,1713170974,AUTO,0,33.42,5.00,-85,100.00,8.33,3.31,5.02,1119,484,0,334,23.17,1013.20,12.10,406.00,13.37,56.35,1,1713170934,GSN-01,-86,25.80,79.50,43,0,0,7.80,85,11.70,20.50,21.10,25.60,24.90,22.80,25.90,20.60,21.10,24.10,25.80,25.60,22.80,21.60,24.60,23.90,25.70,25.60,25.20,23.00,25.20,20.00,22.10,20.30,21.20,21.90,23.40,21.50,23.60,23.30,24.70,25.30,22.60,22.10,24.90,20.60,20.00,23.60,21.80,24.60,20.50,24.90,20.90,23.70,24.40,22.40,20.90,23.80,21.10,22.20,22.70,23.20,24.80,22.50,20.00,23.90,20.10,20.80,21.00,20.50,20.30,23.60,20.10,20.60,24.00
TLM_RCV,-73,FG-ALPHA,1713170975,AUTO,0,32.37,5.00,-85,100.00,8.33,3.30,5.02,1110,474,0,328,23.18,1013.60,11.80,405.40,13.38,56.35,1,1713170946,GSN-01,-74,24.30,80.40,40,0,0,7.79,84,11.70,20.20,25.60,25.80,20.30,22.30,21.10,25.60,20.50,24.60,22.60,25.80,20.60,24.70,25.20,23.90,24.50,23.00,22.10,20.10,25.00,24.70,20.70,21.50,20.40,23.10,21.00,23.00,24.20,22.20,22.80,22.40,22.60,22.20,21.60,24.90,23.60,24.00,24.50,21.00,20.60,24.50,23.90,22.80,25.80,25.50,24.80,21.40,22.60,25.90,20.30,21.60,23.00,24.30,24.40,21.60,25.50,24.70,20.30,23.50,21.70,21.80,21.30,24.40,22.10
TLM_RCV,-41,FG-ALPHA,1713170976,AUTO,0,31.43,5.00,-85,100.00,8.33,3.29,5.02,1051,487,0,335,22.82,1013.60,11.90,405.80,13.38,56.35,1,1713170924,GSN-01,-85,24.10,75.50,44,0,0,7.79,84,11.71,24.10,24.80,23.80,22.50,25.20,23.90,25.20,21.20,22.40,21.10,25.70,22.30,20.60,21.30,21.20,20.90,23.30,23.80,23.20,25.20,25.90,25.30,21.90,22.80,20.40,24.10,25.80,22.70,21.60,21.40,21.30,24.40,22.00,25.80,23.50,22.50,24.20,25.20,20.00,20.40,20.80,22.70,24.70,20.80,22.70,25.30,23.00,20.10,20.90,24.40,21.00,22.40,24.30,22.80,23.40,23.00,22.50,24.80,25.30,25.20,23.70,22.10,21.50,21.30
TLM_RCV,-89,FG-ALPHA,1713170977,AUTO,0,32.31,5.00,-85,100.00,8.33,3.28,5.02,896,461,0,302,22.17,1012.70,11.90,405.60,13.38,56.35,1,1713170965,GSN-01,-86,25.80,76.30,44,0,0,7.81,84,11.71,25.80,22.20,25.50,23.90,23.20,22.50,21.70,20.30,20.30,20.00,23.40,20.60,22.50,21.40,20.80,25.50,22.30,25.50,22.60,20.10,22.70,24.70,25.00,25.60,25.00,24.00,22.90,21.40,20.00,21.90,20.70,22.40,20.80,25.20,24.00,24.10,24.20,23.80,20.10,24.00,25.90,22.50,23.80,25.50,20.10,23.00,24.10,21.50,21.70,22.60,22.40,22.60,22.80,25.50,23.50,25.90,24.00,20.30,23.70,20.30,23.30,22.60,21.30,21.90
TLM_RCV,-41,FG-ALPHA,1713170978,AUTO,0,32.46,5.00,-85,99.95,8.33,3.30,5.02,0,492,0,345,22.46,1013.40,11.90,404.70,13.38,56.35,1,1713170964,GSN-01,-95,25.30,78.70,45,0,0,7.79,85,11.72,25.50,20.80,22.20,23.30,22.30,24.10,25.00,22.40,25.30,21.40,20.00,22.10,22.80,23.30,23.00,23.20,21.90,21.90,24.70,24.40,23.00,24.00,21.20,22.30,25.70,21.80,21.60,24.80,24.10,23.40,21.10,21.10,24.50,23.70,23.40,23.60,22.60,21.80,21.30,25.60,24.30,20.30,25.30,20.70,22.10,23.20,24.90,22.80,23.10,24.80,22.60,23.10,25.90,24.80,23.10,22.10,24.40,23.30,21.10,21.40,20.40,23.50,23.90,21.30
TLM_RCV,-63,FG-ALPHA,1713170979,AUTO,0,31.51,5.00,-85,100.00,8.32,3.29,5.02,1072,502,0,347,22.85,1012.70,11.80,405.30,13.38,56.35,1,1713170968,GSN-01,-83,23.00,77.10,49,0,0,7.80,84,11.72,25.00,23.60,24.30,22.30,22.50,20.30,22.40,21.30,20.10,22.90,22.00,24.10,24.90,22.10,23.50,22.50,22.10,24.60,22.20,20.90,20.70,25.90,23.80,21.50,22.90,23.90,20.00,23.10,24.00,20.40,24.30,20.10,24.60,21.90,23.60,23.20,25.80,24.60,22.70,23.40,21.10,24.10,23.70,21.00,22.00,22.30,24.40,21.60,24.10,21.40,21.90,24.80,22.00,23.60,21.40,25.90,20.60,22.50,21.40,23.90,20.30,21.90,20.30,21.70
TLM_RCV,-86,FG-ALPHA,1713170980,AUTO,0,33.01,5.00,-85,100.00,8.34,3.28,5.02,1137,402,0,258,23.67,1013.50,12.00,405.80,13.38,56.35,1,1713170946,GSN-01,-88,24.10,78.10,43,0,0,7.79,85,11.73,22.30,23.80,22.40,22.80,22.50,20.30,24.60,23.90,20.30,21.80,22.60,25.70,22.50,20.10,25.40,20.20,25.00,22.90,24.10,20.50,21.70,22.10,21.80,25.60,24.50,20.90,22.30,22.40,24.40,24.90,25.30,25.30,23.30,25.00,23.50,24.20,25.70,23.70,21.40,25.60,22.00,22.30,23.00,25.30,24.20,20.90,21.20,23.00,21.60,20.70,23.90,25.80,22.20,20.50,23.30,20.00,24.00,25.80,25.20,25.10,21.60,25.60,21.20,22.80
TLM_RCV,-57,FG-ALPHA,1713170981,AUTO,0,31.32,5.00,-85,100.00,8.33,3.28,5.02,1147,463,0,310,23.42,1013.30,11.80,405.70,13.38,56.35,1,1713170932,GSN-01,-74,25.50,79.30,49,0,0,7.81,85,11.73,23.20,22.50,20.00,25.60,25.20,24.80,22.40,24.20,23.00,21.70,23.80,25.80,23.30,21.40,22.80,20.00,24.90,23.50,20.80,24.00,20.30,21.10,24.40,22.60,20.20,25.80,20.40,23.90,22.00,25.60,23.30,23.90,21.00,25.00,85.90,21.10,24.20,25.10,25.60,24.70,21.00,25.60,21.90,21.60,20.60,24.70,20.80,22.80,25.90,23.80,25.90,25.20,22.80,20.30,24.30,24.30,20.90,21.90,24.80,25.80,25.00,24.00,23.20,21.20
TLM_RCV,-48,FG-ALPHA,1713170982,AUTO,0,31.06,5.00,-85,99.96,8.34,3.28,5.02,0,411,0,270,22.06,1013.60,11.80,405.80,13.38,56.35,1,1713170933,GSN-01,-74,25.30,78.50,44,0,1,7.82,85,11.74,23.10,25.30,21.20,23.60,25.00,25.50,21.70,23.20,22.10,23.30,21.20,24.10,23.40,20.60,25.30,21.70,23.60,20.60,20.10,25.80,22.40,25.30,20.60,24.40,20.50,24.80,24.80,22.60,20.90,22.30,24.20,24.90,20.40,21.50,20.50,23.00,23.90,21.30,23.30,22.50,24.10,20.40,20.40,23.20,20.80,24.30,20.50,22.10,20.70,21.90,25.10,20.40,20.40,20.30,22.10,24.70,24.30,22.80,24.60,20.40,21.70,24.10,20.40,25.00
TLM_RCV,-46,FG-ALPHA,1713170983,AUTO,0,33.21,5.00,-85,99.91,8.33,3.28,5.02,0,442,0,288,22.21,1013.50,12.00,406.10,13.38,56.35,1,1713170951,GSN-01,-72,23.10,78.20,44,0,0,7.80,84,11.74,21.80,23.80,20.20,25.50,25.10,21.50,23.00,21.80,25.40,24.70,20.10,21.10,21.20,22.70,25.80,20.30,21.80,22.10,24.90,21.50,24.10,20.10,21.10,23.60,21.60,23.60,23.30,25.00,22.40,23.10,25.70,24.80,25.10,24.70,21.20,25.10,22.40,22.70,20.90,21.10,25.80,21.70,25.60,21.50,24.90,25.20,20.20,20.30,25.10,24.00,21.70,25.50,21.80,20.00,23.10,21.30,20.30,25.10,25.20,24.80,24.60,22.80,25.90,21.50
TLM_RCV,-44,FG-ALPHA,1713170984,AUTO,0,32.31,5.00,-85,99.98,8.33,3.28,5.02,1140,461,0,321,23.40,1012.80,11.90,405.80,13.38,56.35,1,1713170930,GSN-01,-94,24.30,76.20,40,0,0,7.81,85,11.75,25.80,21.80,24.90,24.30,24.10,22.70,21.20,25.80,20.60,24.00,21.50,24.30,20.10,24.50,20.50,22.70,24.80,25.60,25.70,21.50,23.00,21.30,20.70,25.20,23.80,23.50,24.30,21.30,20.50,25.00,24.30,20.60,24.20,20.50,24.80,22.40,25.00,23.40,21.30,24.30,21.20,20.20,25.00,20.60,24.40,22.90,24.70,25.00,21.60,20.80,21.70,24.60,22.90,24.70,24.90,21.20,23.80,20.70,24.50,20.10,22.00,21.70,20.20,22.90
TLM_RCV,-80,FG-ALPHA,1713170985,AUTO,0,32.02,5.00,-85,99.94,8.34,3.29,5.02,0,404,0,253,22.02,1013.20,11.90,406.10,13.39,56.35,1,1713170953,GSN-01,-88,25.80,81.30,45,0,0,7.81,84,11.75,23.00,21.90,25.00,24.60,23.80,22.30,22.50,21.60,25.00,25.20,22.30,23.50,21.50,20.80,22.50,25.80,25.40,25.20,23.70,22.70,24.70,23.10,22.20,20.70,20.00,20.40,24.50,25.90,25.70,23.30,24.60,22.60,21.60,25.40,23.40,21.00,24.30,25.40,22.60,23.60,25.80,25.80,22.00,24.30,22.50,25.30,23.70,21.70,20.80,24.70,21.30,20.60,23.50,23.10,21.80,21.50,20.10,20.70,24.50,24.50,21.20,25.20,24.30,23.50
TLM_RCV,-62,FG-ALPHA,1713170986,AUTO,0,31.42,5.00,-85,99.99,8.33,3.31,5.02,1004,484,0,344,22.60,1012.90,12.10,406.30,13.39,56.35,1,1713170942,GSN-01,-92,24.80,79.40,49,0,0,7.81,85,11.76,25.20,73.60,21.90,21.10,24.70,21.50,21.80,25.00,24.90,22.50,25.90,22.90,20.40,22.40,22.10,21.20,23.20,25.50,21.20,22.90,22.20,24.70,21.40,21.00,24.70,24.90,21.60,20.30,21.70,23.30,25.30,21.20,21.20,24.10,20.70,23.40,22.70,24.30,20.50,24.90,20.20,25.70,25.50,21.90,21.40,24.60,20.00,20.70,21.70,25.60,22.60,24.70,21.10,23.20,22.00,23.90,22.70,24.30,24.90,25.40,22.70,24.60,24.10,23.90
TLM_RCV,-75,FG-ALPHA,1713170987,AUTO,0,31.26,5.00,-85,100.00,8.33,3.30,5.02,940,452,0,296,22.44,1013.60,11.90,404.50,13.39,56.35,1,1713170955,GSN-01,-76,25.10,79.60,44,0,0,7.79,85,11.76,24.90,24.10,25.10,21.50,20.80,21.20,21.70,24.80,22.50,20.10,21.10,22.70,21.80,21.90,20.00,21.50,24.70,22.10,24.30,20.70,25.60,20.00,23.50,25.80,20.40,21.00,24.80,25.50,21.30,20.10,20.10,24.90,23.70,24.10,21.90,24.30,22.70,21.50,21.90,20.90,23.00,21.90,23.60,25.80,24.30,20.20,22.10,23.10,25.70,20.00,20.20,25.30,25.80,22.90,23.60,23.90,25.60,21.20,21.10,21.00,20.80,25.80,24.00,22.30
TLM_RCV,-89,FG-ALPHA,1713170988,AUTO,0,32.26,5.00,-85,100.00,8.33,3.31,5.02,1176,452,0,306,23.62,1013.60,12.00,406.10,13.39,56.35,1,1713170978,GSN-01,-85,23.30,74.50,44,0,0,7.80,85,11.77,24.40,21.70,25.10,23.40,21.00,20.90,22.30,25.70,23.00,20.80,20.40,24.40,21.40,22.40,23.80,23.00,21.80,23.30,23.50,20.20,22.70,24.60,21.50,22.20,25.90,21.20,21.90,21.90,25.00,25.60,20.60,22.70,25.50,21.90,24.30,22.20,22.60,22.10,21.00,23.00,25.50,24.70,23.20,22.00,23.90,21.60,21.70,24.10,21.40,25.50,22.90,25.40,23.10,21.40,20.10,25.80,23.80,25.00,23.00,20.20,24.60,24.10,25.00,21.90
TLM_RCV,-82,FG-ALPHA,1713170989,AUTO,0,32.17,5.00,-85,99.96,8.33,3.30,5.02,0,434,0,289,22.17,1013.60,11.80,404.50,13.39,56.35,1,1713170958,GSN-01,-77,23.40,80.50,41,0,0,7.78,84,11.77,25.60,22.50,22.50,24.60,21.90,20.60,25.00,21.60,23.10,24.40,21.30,22.30,23.30,21.30,20.90,24.00,22.90,20.70,20.50,23.10,23.00,21.10,24.20,25.00,24.20,20.50,25.80,25.50,24.60,24.20,25.30,25.30,25.90,23.10,20.20,20.40,22.80,25.90,20.90,23.30,20.60,23.50,21.90,21.60,21.00,20.10,20.50,21.60,22.90,25.00,23.30,22.70,20.40,22.30,25.70,22.00,22.00,20.80,21.10,23.60,24.00,24.20,22.60,23.40
TLM_RCV,-80,FG-ALPHA,1713170990,AUTO,0,31.13,5.00,-85,100.00,8.34,3.28,5.02,932,426,0,281,22.53,1012.70,12.00,405.50,13.39,56.35,1,1713170977,GSN-01,-89,25.60,80.10,44,0,0,7.82,85,11.78,24.40,25.40,20.10,20.70,25.80,22.00,20.30,23.10,21.90,21.60,23.60,25.00,25.10,25.40,23.20,22.70,25.60,22.70,23.80,24.30,25.80,22.60,25.50,21.50,25.70,25.40,24.80,23.50,24.20,21.60,24.30,23.80,22.30,20.50,20.70,21.10,21.70,22.00,22.00,21.90,24.40,23.70,20.00,22.20,22.20,25.70,20.20,23.50,21.20,24.90,20.60,20.40,24.00,20.10,23.40,23.00,24.30,23.40,24.50,20.00,23.10,22.10,23.40,22.40
TLM_RCV,-73,FG-ALPHA,1713170991,AUTO,0,32.29,5.00,-85,100.00,8.33,3.31,5.02,968,458,0,315,22.55,1013.60,12.10,405.30,13.39,56.35,1,1713170970,GSN-01,-89,23.80,74.50,44,0,0,7.81,84,11.78,22.40,23.00,24.90,25.50,25.40,22.20,23.10,21.50,21.70,23.90,20.90,21.70,23.10,21.30,21.30,23.90,23.80,24.00,22.10,25.50,22.10,22.00,21.30,22.70,25.90,24.80,22.70,23.90,25.70,24.80,24.10,24.00,25.60,23.80,22.30,24.00,22.20,21.70,20.60,20.70,20.20,25.00,25.70,24.50,22.10,24.80,20.70,25.30,25.50,24.40,21.40,20.60,22.00,22.50,20.00,23.10,22.00,25.90,22.50,22.90,21.50,20.20,21.80,22.30
TLM_RCV,-94,FG-ALPHA,1713171013,AUTO,1,34.90,11.00,-85,99.88,8.22,3.31,4.91,0,1181,737,301,25.91,1013.30,12.00,404.50,13.41,57.25,1,1713170994,GSN-01,-84,23.10,74.30,44,0,0,7.78,85,11.79,24.40,24.70,21.30,24.30,22.30,21.40,24.10,21.20,22.70,23.30,23.60,21.00,20.40,23.50,24.60,25.90,20.20,24.10,23.00,25.20,23.40,23.80,23.10,24.40,20.80,23.20,23.30,21.40,23.80,20.40,24.90,23.60,21.30,24.10,20.90,20.30,25.50,25.30,24.00,23.00,20.30,25.50,20.90,20.60,23.30,22.00,24.00,22.80,20.10,20.00,24.10,23.20,22.10,25.60,25.30,25.90,25.80,25.00,23.60,24.60,23.20,21.10,24.50,21.10
TLM_RCV,-89,FG-ALPHA,1713171014,AUTO,1,36.05,12.50,-85,99.76,8.21,3.29,4.93,0,1210,799,269,26.05,1013.40,12.00,406.40,13.41,57.40,1,1713170972,GSN-01,-87,23.90,82.00,44,0,0,7.82,85,11.79,23.20,21.70,25.40,25.00,21.40,21.00,23.20,20.30,24.30,24.20,20.90,21.40,24.70,24.50,21.60,24.70,23.50,20.00,25.80,20.50,24.10,24.70,22.70,22.70,20.50,23.10,21.90,24.00,24.30,22.60,21.00,20.10,23.60,22.10,21.20,22.70,20.60,23.70,20.60,20.30,21.60,24.40,23.80,23.20,23.10,23.40,22.30,23.60,25.40,21.20,21.20,23.30,23.10,21.30,21.20,23.80,21.80,22.50,21.40,25.00,23.80,24.60,22.60,23.20
TLM_RCV,-94,FG-ALPHA,1713171015,AUTO,1,34.33,14.00,-85,99.76,8.23,3.31,4.98,1035,1065,608,314,20.15,1013.30,12.00,404.60,13.42,57.55,1,1713170970,GSN-01,-84,24.30,78.70,41,0,0,7.80,84,11.80,25.80,21.30,24.50,23.20,24.20,25.20,20.60,20.00,23.90,25.30,20.80,23.30,21.80,21.90,23.80,20.70,22.70,25.00,24.40,25.10,25.40,24.00,20.60,25.30,25.80,20.30,22.40,21.90,21.20,25.10,25.60,21.10,22.00,23.40,23.50,21.10,24.00,22.70,25.00,21.30,24.80,24.80,21.40,20.80,20.90,20.70,22.10,21.00,24.20,22.20,22.60,20.70,23.80,20.80,22.40,20.50,21.90,24.00,25.00,24.20,20.20,24.50,22.80,22.00
TLM_RCV,-95,FG-ALPHA,1713171016,AUTO,0,31.25,12.00,-85,99.71,8.33,3.29,5.02,0,451,0,308,22.25,1013.50,11.90,405.00,13.42,57.55,1,1713170983,GSN-01,-76,25.50,82.80,45,0,0,7.81,84,11.80,25.40,24.60,23.10,21.30,21.10,21.60,20.90,20.70,23.50,24.60,24.60,22.60,23.40,20.50,21.60,21.20,25.80,25.50,24.50,23.30,22.80,22.10,21.00,24.20,22.50,24.10,22.10,20.00,23.40,22.80,20.70,23.40,21.00,25.20,22.90,20.50,22.80,20.60,23.40,21.00,25.40,25.60,24.10,22.40,24.50,22.60,24.70,24.90,25.30,20.50,24.00,24.70,23.50,25.80,20.30,22.70,22.10,24.10,23.70,20.10,25.10,24.40,23.90,25.30
TLM_RCV,-55,FG-ALPHA,1713171017,AUTO,0,32.01,10.00,-85,99.79,8.33,3.30,5.02,1187,403,0,257,23.92,1013.20,11.80,405.90,13.42,57.55,1,1713170987,GSN-01,-94,24.20,75.50,47,0,0,7.78,84,11.81,23.00,25.40,25.20,24.80,24.60,24.40,22.10,20.20,24.90,20.10,24.90,21.60,20.40,21.30,21.40,22.30,20.70,24.70,25.00,22.40,22.00,25.70,24.70,23.30,22.30,25.80,24.40,22.10,20.20,24.50,25.70,22.90,21.00,25.50,20.90,23.30,22.70,20.90,20.00,22.50,24.40,25.10,24.40,25.10,24.60,23.20,24.00,22.60,21.10,21.20,21.50,22.90,24.30,21.10,25.80,23.70,21.30,21.40,25.50,21.70,20.20,25.40,21.50,24.90
TLM_RCV,-58,FG-ALPHA,1713171018,AUTO,0,33.24,8.00,-85,99.75,8.33,3.30,5.02,0,449,0,304,22.25,1013.00,11.90,404.80,13.42,57.55,1,1713170986,GSN-01,-73,24.40,82.10,46,0,0,7.81,85,11.81,22.40,25.80,20.50,25.00,21.60,20.50,23.60,25.20,20.30,24.90,21.40,24.00,20.90,25.40,21.30,20.40,22.70,22.20,22.60,23.10,24.70,20.20,23.90,24.40,21.30,25.00,20.60,21.80,20.00,21.50,20.90,20.00,22.90,22.90,21.60,21.60,25.40,22.50,21.20,24.30,24.50,25.20,24.50,21.20,24.00,20.50,22.30,24.60,20.00,22.80,21.30,20.40,23.40,23.30,24.70,25.60,21.50,21.90,25.40,21.80,22.70,24.10,24.40,22.60
TLM_RCV,-74,FG-ALPHA,1713171019,AUTO,0,31.29,6.00,-85,99.79,8.33,3.30,5.02,880,458,0,312,22.11,1013.10,12.10,404.70,13.42,57.55,1,1713170975,GSN-01,-72,24.70,81.00,44,0,0,7.78,85,11.82,25.90,22.40,20.20,25.70,25.80,23.10,23.20,25.40,25.90,22.50,23.30,22.40,23.30,23.50,22.00,22.50,20.20,25.90,23.40,20.70,24.80,20.20,25.30,23.00,20.10,21.00,23.90,20.60,23.60,20.80,23.80,22.90,24.90,25.60,24.00,25.90,25.20,24.70,25.40,23.80,24.60,24.20,24.90,25.20,20.30,24.70,25.60,20.00,22.60,81.10,21.20,22.60,22.70,21.70,22.60,20.80,24.00,24.40,24.50,25.60,23.90,23.70,25.80,25.90
TLM_RCV,-84,FG-ALPHA,1713171020,AUTO,0,33.15,5.00,-85,99.75,8.33,3.29,5.02,0,429,0,289,22.15,1013.10,12.00,406.40,13.42,57.55,1,1713170975,GSN-01,-93,24.50,77.70,41,0,0,7.80,84,11.82,23.50,24.30,23.20,22.90,25.20,25.90,21.90,24.20,20.30,22.80,20.60,22.10,21.20,25.30,22.40,22.60,23.90,20.90,25.30,25.00,25.00,23.40,20.20,25.90,24.70,25.70,23.50,21.90,20.00,23.20,25.80,25.40,20.80,21.90,20.20,22.30,24.20,21.80,25.20,25.80,21.40,23.60,24.20,21.60,23.70,22.30,25.00,21.60,22.20,20.40,20.80,23.80,24.70,22.50,24.00,23.20,25.90,21.10,23.00,23.00,20.40,21.40,25.00,24.30
TLM_RCV,-71,FG-ALPHA,1713171021,AUTO,0,32.99,5.00,-85,99.71,8.33,3.29,5.02,0,398,0,251,21.99,1012.90,12.10,406.20,13.42,57.55,1,1713170999,GSN-01,-89,25.50,75.80,47,0,0,7.80,84,11.83,20.80,20.30,23.20,20.40,22.20,21.80,24.50,25.30,22.00,24.60,24.30,24.20,24.80,22.50,20.30,24.70,23.00,20.40,20.20,21.00,21.70,24.10,23.30,23.40,21.50,22.10,25.00,24.80,21.50,21.90,20.30,25.00,21.40,25.60,20.10,20.30,21.90,20.80,23.00,23.80,24.10,21.10,24.70,23.70,21.20,22.90,23.50,22.20,24.80,22.20,22.40,21.30,24.10,20.00,23.00,21.90,23.70,21.00,24.50,22.80,25.00,25.50,22.50,20.90
TLM_RCV,-64,FG-ALPHA,1713171022,AUTO,0,31.42,5.00,-85,99.75,8.32,3.31,5.02,946,484,0,326,22.31,1013.30,11.90,404.90,13.42,57.55,1,1713171006,GSN-01,-87,25.00,76.40,46,0,0,7.80,84,11.83,23.10,24.80,24.00,23.30,25.40,21.70,22.50,21.10,25.00,22.30,25.90,25.50,20.10,25.20,20.20,21.70,25.80,21.70,21.70,22.30,24.40,20.90,23.50,24.90,24.30,22.70,24.60,21.30,21.30,20.30,24.80,20.20,21.70,23.30,23.40,20.90,22.30,25.90,22.40,20.00,24.30,24.10,24.40,23.90,25.40,25.20,23.90,23.00,25.40,25.30,20.40,21.40,21.40,21.70,22.20,25.60,20.00,22.50,20.00,22.20,22.00,20.50,21.00,22.10
TLM_RCV,-78,FG-ALPHA,1713171023,AUTO,0,32.28,5.00,-85,99.80,8.33,3.29,5.02,917,456,0,313,22.31,1013.30,12.00,404.60,13.42,57.55,1,1713171001,GSN-01,-86,24.70,78.70,44,0,0,7.78,84,11.84,25.40,24.70,22.40,21.60,23.80,22.30,22.70,20.60,20.60,22.20,24.00,23.80,24.30,24.80,25.20,23.70,25.30,20.70,20.90,23.80,25.60,21.40,24.30,22.50,21.60,25.90,25.10,23.80,22.80,20.90,22.50,22.30,23.30,23.60,22.90,22.10,22.50,20.60,21.30,22.30,22.70,23.40,20.50,21.80,25.90,25.30,21.40,21.80,24.20,23.90,25.20,21.30,25.90,20.30,25.40,20.60,21.60,21.50,21.60,22.30,24.00,25.20,21.90,25.90
TLM_RCV,-85,FG-ALPHA,1713171024,AUTO,0,32.09,5.00,-85,99.84,8.33,3.30,5.02,887,418,0,278,22.34,1012.70,11.90,404.60,13.42,57.55,1,1713170988,GSN-01,-86,25.00,75.10,42,0,0,7.81,84,11.84,22.30,25.40,22.30,21.80,24.70,25.10,21.20,24.40,21.00,23.60,20.10,22.30,23.60,24.30,22.50,24.70,24.00,23.40,24.00,21.70,25.00,23.90,23.90,25.00,20.50,20.30,22.50,24.80,20.90,22.70,24.10,25.80,21.20,20.50,20.30,20.30,24.10,24.10,25.70,23.20,20.20,21.10,21.20,21.40,21.40,25.40,23.60,24.40,20.80,25.70,22.70,20.70,22.90,22.70,24.80,24.90,24.40,23.20,23.20,25.00,20.20,23.50,21.60,23.30
TLM_RCV,-92,FG-ALPHA,1713171025,AUTO,0,33.13,5.00,-85,99.80,8.33,3.31,5.02,0,427,0,280,22.14,1013.40,12.10,405.60,13.43,57.55,1,1713170996,GSN-01,-78,25.10,75.30,49,1,0,7.78,85,11.85,23.10,25.40,21.90,21.90,22.90,25.30,24.50,22.70,24.60,22.20,22.70,22.20,20.70,25.90,21.80,21.20,25.40,21.00,20.70,25.70,24.10,20.20,21.50,20.80,25.60,22.60,20.10,23.70,24.60,20.60,20.50,20.40,25.50,22.40,22.70,20.10,20.10,22.30,24.40,23.10,23.80,20.20,22.30,20.70,20.00,20.50,23.80,25.30,21.00,20.60,22.10,20.90,25.80,20.40,21.70,23.30,22.40,22.10,21.40,22.20,20.10,21.20,22.00,20.00
TLM_RCV,-60,FG-ALPHA,1713171026,AUTO,0,33.13,5.00,-85,99.84,8.33,3.28,5.02,821,425,0,282,21.98,1013.00,12.10,405.30,13.43,57.55,1,1713171005,GSN-01,-84,23.80,81.10,45,0,0,7.79,85,11.85,22.10,24.00,22.80,24.70,25.10,25.30,24.20,21.10,22.70,23.80,21.10,20.50,25.50,21.40,22.70,24.00,23.80,20.20,21.10,24.00,23.90,25.30,23.70,24.00,25.10,21.00,23.20,25.60,23.80,24.80,20.90,25.30,24.00,21.60,23.50,24.70,21.70,23.00,20.90,24.40,24.90,22.50,20.40,25.20,21.00,22.20,23.90,23.30,25.70,20.10,23.40,21.20,22.80,25.10,23.70,22.80,21.60,20.50,23.80,20.10,25.40,25.40,24.60,20.30
TLM_RCV,-78,FG-ALPHA,1713171027,AUTO,0,32.03,5.00,-85,99.89,8.34,3.31,5.02,909,405,0,263,22.52,1013.50,11.90,404.70,13.43,57.55,1,1713170980,GSN-01,-75,24.50,73.80,43,0,0,7.79,84,11.86,20.40,22.90,21.00,20.80,22.30,22.00,20.80,20.20,21.40,25.50,23.40,21.40,20.80,21.90,24.00,23.40,21.40,23.00,25.20,22.80,23.00,20.80,21.50,22.80,22.30,22.30,23.10,24.30,20.20,25.10,20.70,21.50,21.60,23.70,24.40,23.00,25.90,21.90,22.30,22.00,24.30,21.30,23.90,22.20,22.20,21.10,25.40,21.40,23.70,25.80,22.70,22.70,21.90,25.60,23.70,21.70,20.80,21.50,21.10,23.90,25.20,24.50,21.60,24.40
TLM_RCV,-47,FG-ALPHA,1713171028,AUTO,0,32.49,5.00,-85,99.95,8.32,3.31,5.02,1081,499,0,345,22.91,1013.30,11.90,405.90,13.43,57.55,1,1713171008,GSN-01,-92,24.60,77.60,44,0,0,7.82,85,11.86,23.80,22.30,22.90,25.10,20.60,22.60,25.40,21.00,23.40,20.50,24.40,21.30,24.60,21.40,20.00,22.40,22.90,21.20,21.50,22.00,25.80,24.10,23.60,25.90,21.10,20.60,21.90,22.00,23.40,20.10,24.90,24.90,23.30,21.00,24.50,24.40,25.10,24.10,22.20,22.10,21.70,20.30,24.50,25.80,25.00,25.30,25.80,24.90,20.80,24.20,23.90,22.80,25.50,25.80,21.40,21.20,23.70,23.90,23.90,21.70,20.30,24.30,23.20,23.20
TLM_RCV,-72,FG-ALPHA,1713171029,AUTO,0,31.44,5.00,-85,99.98,8.33,3.28,5.02,821,488,0,345,21.67,1013.00,11.90,405.60,13.43,57.55,1,1713170984,GSN-01,-79,25.00,79.90,46,0,0,7.81,85,11.87,22.90,25.50,20.80,20.40,22.00,21.90,22.30,25.00,24.90,20.30,24.50,23.20,20.30,20.90,23.40,21.10,25.90,24.80,25.80,25.70,24.30,25.80,25.50,25.00,25.90,24.60,24.50,21.50,22.50,25.60,24.60,24.10,21.90,21.70,25.50,25.20,23.00,21.00,20.40,20.70,24.80,20.00,25.40,25.10,24.50,23.40,23.90,20.20,22.90,25.70,20.30,24.80,21.20,23.60,21.40,24.00,23.90,20.50,20.10,22.50,25.00,24.80,22.80,20.90
TLM_RCV,-74,FG-ALPHA,1713171030,AUTO,0,31.53,5.00,-85,100.00,8.32,3.29,5.02,1136,506,0,347,23.15,1013.60,12.00,406.20,13.43,57.55,1,1713170972,GSN-01,-79,23.40,77.90,41,0,0,7.81,85,11.87,20.30,24.30,21.20,20.50,25.20,20.30,20.20,22.30,23.30,23.30,20.30,21.30,21.60,23.10,24.00,22.10,21.00,21.60,22.10,25.50,23.30,22.10,22.50,25.80,20.10,25.60,25.50,23.40,25.80,24.70,21.60,25.30,25.00,22.00,24.60,25.20,23.70,20.50,21.70,23.60,24.80,22.60,22.50,25.10,20.10,21.70,21.70,22.60,24.90,21.50,25.30,24.20,21.00,20.10,21.00,25.80,21.20,20.20,21.30,23.40,23.00,22.10,22.40,24.30
TLM_RCV,-58,FG-ALPHA,1713171031,AUTO,0,31.11,5.00,-85,100.00,8.34,3.29,5.02,934,422,0,267,22.56,1012.80,12.00,404.60,13.43,57.55,1,1713171019,GSN-01,-93,25.60,79.70,43,1,0,7.78,84,11.88,21.70,21.20,23.10,23.70,25.90,25.10,20.80,20.80,24.50,21.20,23.60,22.70,21.40,24.60,24.00,24.20,24.10,25.30,23.70,24.80,24.70,23.80,24.10,25.40,24.80,22.00,23.90,22.80,22.00,21.20,23.10,20.00,22.90,24.40,24.70,22.20,20.30,20.70,24.30,22.80,20.20,25.70,25.30,20.40,21.00,22.70,22.30,21.90,21.10,23.50,24.30,25.30,22.50,22.20,24.10,22.50,21.00,23.00,24.50,23.40,20.30,23.30,25.50,21.10
TLM_RCV,-79,FG-ALPHA,1713171032,AUTO,0,31.34,5.00,-85,100.00,8.33,3.31,5.02,1005,468,0,314,22.68,1013.40,12.10,405.10,13.43,57.55,1,1713171021,GSN-01,-80,24.40,82.90,49,0,0,7.78,84,11.88,20.60,21.50,20.60,20.40,22.40,25.50,20.50,22.90,22.20,25.40,20.90,21.10,22.60,21.90,24.20,23.30,21.10,22.20,22.60,23.20,20.90,25.20,22.90,25.40,22.60,22.90,21.20,25.60,22.50,23.60,22.60,21.00,24.30,23.00,22.20,25.50,21.80,21.70,21.90,21.30,23.60,25.00,24.60,25.40,22.80,23.90,22.10,23.50,24.80,23.90,24.50,22.40,22.40,24.70,22.30,22.60,24.00,25.40,25.00,20.50,21.60,22.00,23.10,25.80
TLM_RCV,-87,FG-ALPHA,1713171033,AUTO,0,32.32,5.00,-85,100.00,8.33,3.31,5.02,1023,464,0,323,22.80,1012.80,12.00,406.10,13.43,57.55,1,1713171005,GSN-01,-79,23.50,74.30,40,0,0,7.80,85,11.89,22.20,23.50,24.30,20.10,21.40,21.80,20.10,25.00,22.20,20.60,22.90,21.00,25.90,21.70,23.60,25.50,21.60,20.50,23.70,21.80,20.60,24.90,22.40,21.00,21.50,21.30,23.40,20.10,22.80,23.10,23.90,22.90,25.80,25.10,20.40,25.90,21.80,25.90,23.20,23.00,21.40,21.60,23.00,21.50,23.30,21.90,24.00,23.80,24.60,20.20,20.50,20.50,23.30,21.10,25.70,22.40,20.10,25.20,24.10,24.60,23.80,21.30,21.40,23.10
TLM_RCV,-88,FG-ALPHA,1713171034,AUTO,0,33.50,5.00,-85,100.00,8.32,3.30,5.02,833,500,0,343,21.67,1013.40,11.90,405.80,13.43,57.55,1,1713170997,GSN-01,-75,23.10,81.40,45,0,0,7.81,84,11.89,79.90,20.50,24.40,21.00,21.70,20.40,23.20,21.30,21.80,23.90,24.50,22.20,22.60,20.60,21.90,25.70,20.80,23.10,22.80,24.30,21.90,21.10,25.10,24.50,22.00,20.90,23.00,21.60,23.60,22.20,21.20,20.00,20.80,25.90,20.00,23.40,23.40,21.60,21.60,20.50,23.40,23.50,24.10,24.60,20.80,20.60,24.90,23.10,23.40,25.90,24.00,23.10,24.10,23.50,25.20,21.70,24.90,21.00,24.80,22.70,25.10,22.40,22.50,24.00
TLM_RCV,-77,FG-ALPHA,1713171035,AUTO,0,33.31,5.00,-85,100.00,8.33,3.31,5.02,959,461,0,319,22.49,1013.00,11.80,405.80,13.44,57.55,1,1713171022,GSN-01,-74,24.80,73.60,41,0,0,7.82,84,11.90,22.60,25.10,21.00,24.60,22.00,25.40,23.30,22.00,24.10,22.90,22.10,22.60,25.80,22.80,23.40,23.40,23.50,21.70,23.20,20.30,21.30,21.00,20.40,20.60,21.40,21.30,25.80,23.60,24.00,24.70,22.40,22.70,22.30,20.40,23.20,21.10,22.70,21.70,20.50,24.20,24.40,25.50,21.90,21.30,24.80,80.50,20.90,20.60,21.40,25.30,22.60,24.40,24.40,22.30,22.40,21.40,22.50,22.00,22.30,23.70,24.20,23.00,23.90,24.00
TLM_RCV,-47,FG-ALPHA,1713171036,AUTO,0,32.17,5.00,-85,100.00,8.33,3.29,5.02,1183,434,0,286,23.75,1013.00,11.80,404.50,13.44,57.55,1,1713170979,GSN-01,-95,24.10,81.90,40,0,0,7.80,84,11.90,23.40,22.00,24.10,24.10,21.70,21.30,25.60,25.60,23.20,22.40,22.50,24.30,24.40,24.50,24.90,24.40,21.70,24.40,22.90,21.10,21.50,20.00,21.10,22.60,21.50,25.20,23.00,21.90,24.60,20.30,22.90,20.70,20.40,20.40,25.40,22.50,23.70,22.40,21.50,22.40,21.40,24.90,24.60,24.10,22.30,25.90,25.90,24.70,22.10,23.90,20.20,23.60,20.10,20.90,24.80,23.30,24.10,22.90,22.00,21.80,25.80,22.20,22.20,23.20
TLM_RCV,-59,FG-ALPHA,1713171037,AUTO,0,31.14,5.00,-85,100.00,8.34,3.28,5.02,983,427,0,286,22.78,1013.00,12.10,405.80,13.44,57.55,1,1713170995,GSN-01,-71,23.40,76.90,40,0,0,7.79,84,11.91,21.60,22.50,23.20,20.90,23.80,24.70,20.20,25.40,23.20,25.90,21.00,25.10,21.40,20.60,23.30,22.20,24.90,23.80,20.60,25.10,22.50,24.30,21.50,22.10,23.20,21.40,24.60,25.60,22.10,22.60,25.10,22.30,21.70,20.90,24.00,22.70,21.70,23.90,24.50,22.90,25.30,21.40,22.20,20.00,23.00,23.60,22.40,24.40,22.00,25.40,22.40,20.30,22.20,22.70,23.00,25.00,21.60,20.20,23.70,24.90,20.10,24.00,24.90,21.10
TLM_RCV,-52,FG-ALPHA,1713171038,AUTO,0,31.12,5.00,-85,99.96,8.34,3.31,5.02,0,425,0,274,22.12,1013.00,11.90,406.10,13.44,57.55,1,1713171001,GSN-01,-85,24.10,78.00,42,0,0,7.82,85,11.91,25.40,21.10,25.00,25.20,21.50,20.20,20.00,23.70,25.10,21.40,22.70,23.60,20.60,24.70,20.00,23.30,21.30,20.40,21.50,25.80,25.80,22.20,23.60,25.50,22.70,20.30,21.70,25.30,23.80,22.70,24.30,22.10,23.60,21.20,23.80,22.30,21.00,23.90,21.10,25.00,24.60,23.30,22.70,21.70,24.10,23.80,25.60,20.50,23.80,23.50,21.70,20.80,24.70,23.00,22.10,22.40,24.90,21.60,23.00,23.00,24.30,24.30,21.80,20.40
TLM_RCV,-42,FG-ALPHA,1713171039,AUTO,0,32.40,5.00,-85,100.00,8.33,3.31,5.02,1121,480,0,340,23.20,1013.30,12.00,405.00,13.44,57.55,1,1713171005,GSN-01,-91,24.90,77.50,40,0,0,7.82,85,11.92,24.40,25.60,21.80,24.90,22.40,20.60,22.10,24.50,25.90,25.20,20.90,21.50,23.00,21.10,20.50,22.50,23.50,22.90,21.80,23.60,24.50,22.90,22.10,21.70,21.40,22.90,25.00,21.80,22.70,21.00,23.30,20.10,23.60,25.70,23.20,25.60,25.90,21.90,23.40,25.60,23.70,23.10,25.90,22.20,25.70,20.70,21.40,20.50,20.60,21.30,21.30,24.60,25.20,21.10,23.80,25.20,23.40,23.80,21.90,21.50,25.40,21.80,24.00,22.70
TLM_RCV,-55,FG-ALPHA,1713171040,AUTO,0,31.31,5.00,-85,99.95,8.33,3.29,5.02,0,462,0,303,22.31,1013.50,11.80,406.00,13.44,57.55,1,1713171030,GSN-01,-90,23.40,73.50,42,0,0,7.80,84,11.92,24.20,21.40,24.70,25.60,21.80,24.60,23.60,22.70,25.40,25.40,23.10,23.80,22.20,25.30,25.30,25.20,24.30,25.90,20.20,23.10,21.30,22.00,23.40,24.70,24.00,23.60,20.40,20.80,24.20,20.60,24.00,25.20,24.70,25.70,22.10,21.30,22.20,24.60,23.80,23.50,25.20,24.50,24.70,20.50,25.10,22.40,22.90,23.20,20.10,25.80,23.10,25.00,23.10,24.70,25.70,20.20,20.20,22.50,25.30,24.40,24.60,25.70,22.70,20.50
TLM_RCV,-90,FG-ALPHA,1713171041,AUTO,0,31.03,5.00,-85,100.00,8.34,3.28,5.02,1134,406,0,253,23.64,1013.40,11.80,405.70,13.44,57.55,1,1713170983,GSN-01,-76,24.50,73.60,46,0,0,7.80,85,11.93,21.00,22.40,21.00,25.00,25.70,21.60,24.50,25.40,23.10,23.70,22.90,22.00,20.40,21.40,25.30,25.00,23.80,20.80,24.20,25.90,21.80,23.40,23.90,22.30,22.40,25.00,24.00,22.20,24.50,23.60,23.40,23.10,20.70,20.10,24.40,25.30,22.00,21.10,25.40,22.10,20.60,20.00,25.10,21.50,23.60,20.30,25.40,21.30,22.10,23.00,23.30,21.50,20.70,25.60,23.60,23.00,20.30,23.50,21.00,20.40,24.60,24.70,25.80,21.30
TLM_RCV,-64,FG-ALPHA,1713171042,AUTO,0,33.37,5.00,-85,100.00,8.33,3.29,5.02,974,474,0,330,22.50,1013.60,12.10,404.70,13.44,57.55,1,1713171030,GSN-01,-72,23.20,80.60,42,1,0,7.81,84,11.93,25.80,23.60,22.70,21.90,25.80,24.90,20.60,20.00,25.60,23.00,22.00,25.80,20.10,25.60,25.20,21.00,22.90,20.90,23.80,23.60,22.30,22.80,23.10,22.60,23.50,23.30,22.50,21.30,25.40,25.00,22.00,22.00,25.40,24.30,25.00,20.20,22.40,24.70,20.70,21.10,22.30,20.30,21.10,24.60,24.10,20.20,22.20,25.50,24.60,23.10,22.90,21.80,25.20,20.50,22.70,23.30,21.40,23.60,25.00,22.60,20.90,24.80,23.00,20.50
TLM_RCV,-55,FG-ALPHA,1713171043,AUTO,0,31.04,5.00,-85,100.00,8.34,3.29,5.02,808,408,0,255,22.00,1013.00,12.10,404.90,13.44,57.55,1,1713171015,GSN-01,-86,24.80,77.20,42,0,0,7.78,84,11.94,23.60,21.90,23.40,23.90,21.30,21.50,23.00,23.00,25.50,25.80,22.40,25.30,22.90,22.60,21.00,22.90,24.10,25.70,22.30,22.70,20.10,24.30,24.00,22.70,25.00,25.50,23.80,25.20,20.20,23.50,20.00,22.50,24.10,20.90,22.40,20.50,21.20,24.30,25.00,20.10,20.00,21.70,20.60,25.30,20.30,21.70,21.60,22.60,24.60,25.80,20.00,23.10,23.00,22.80,24.90,24.30,23.50,23.20,22.50,23.30,21.90,21.60,23.40,25.70
TLM_RCV,-85,FG-ALPHA,1713171044,AUTO,0,31.12,5.00,-85,100.00,8.34,3.29,5.02,1166,424,0,282,23.71,1013.20,12.10,404.60,13.44,57.55,1,1713170986,GSN-01,-76,24.00,82.30,44,0,0,7.80,85,11.94,22.00,22.50,20.60,20.00,25.40,24.80,21.30,23.20,21.90,20.80,20.70,21.30,23.00,22.60,20.70,24.70,22.30,24.10,23.90,22.70,24.40,24.80,25.60,25.60,21.60,21.70,22.60,21.00,21.00,24.40,23.20,24.10,21.40,24.00,20.70,24.90,25.40,24.80,24.90,23.90,22.50,24.40,21.00,24.30,22.10,20.70,24.40,25.70,22.10,22.00,23.70,23.70,20.60,25.40,21.00,22.70,21.80,22.60,21.40,25.70,20.20,25.30,22.50,25.60
TLM_RCV,-82,FG-ALPHA,1713171045,AUTO,0,31.14,5.00,-85,100.00,8.34,3.29,5.02,1111,427,0,281,23.42,1012.70,11.90,406.20,13.45,57.55,1,1713171027,GSN-01,-94,23.70,73.30,48,0,0,7.81,85,11.95,23.20,23.60,25.70,21.40,25.30,25.90,25.40,24.50,24.70,24.70,22.40,20.40,23.60,20.10,22.00,21.30,24.70,25.10,25.00,20.50,20.30,20.40,20.00,21.30,25.90,24.50,20.10,20.10,25.20,21.30,20.00,20.60,25.70,20.40,20.00,21.80,20.30,20.20,25.70,20.50,21.50,22.30,22.00,24.40,21.90,23.70,20.80,22.80,20.40,23.50,25.00,22.40,21.30,20.10,22.30,22.80,82.00,20.30,20.40,25.70,22.20,24.10,24.30,23.50
TLM_RCV,-93,FG-ALPHA,1713171046,AUTO,0,31.02,5.00,-85,100.00,8.34,3.31,5.02,971,405,0,256,22.83,1013.30,12.10,405.50,13.45,57.55,1,1713171033,GSN-01,-91,23.50,78.50,40,0,0,7.81,85,11.95,24.80,23.10,21.20,24.20,21.00,23.70,22.90,25.00,20.40,23.70,22.80,21.20,23.30,22.30,22.70,20.90,21.90,24.20,21.20,25.80,24.10,24.00,25.30,22.50,22.90,25.80,25.60,22.20,23.90,21.70,23.00,23.20,24.20,25.40,21.20,20.20,25.90,25.80,22.20,22.60,22.00,23.00,22.30,21.50,20.70,25.20,25.60,24.90,23.50,23.30,22.50,22.30,24.70,20.30,24.30,24.40,21.70,24.70,22.70,21.00,24.10,20.70,25.20,25.10
TLM_RCV,-90,FG-ALPHA,1713171047,AUTO,0,33.23,5.00,-85,100.00,8.33,3.28,5.02,822,446,0,296,21.88,1013.10,11.90,405.90,13.45,57.55,1,1713170994,GSN-01,-76,24.70,75.00,46,0,0,7.78,84,11.96,24.10,25.40,22.20,23.40,20.60,21.20,23.40,22.00,21.20,25.90,20.20,25.80,22.00,20.90,22.90,25.30,21.40,22.40,22.70,22.10,22.90,20.60,20.20,22.70,22.30,24.10,20.20,20.90,22.40,20.00,23.30,21.90,20.20,21.60,24.80,24.70,23.60,22.40,20.40,20.50,21.00,23.30,22.40,22.70,22.00,21.70,21.80,22.50,20.60,24.30,25.80,25.70,24.50,24.20,22.50,20.20,23.00,21.50,23.70,25.50,21.30,20.20,21.30,23.40
TLM_RCV,-82,FG-ALPHA,1713171048,AUTO,0,32.15,5.00,-85,99.96,8.33,3.29,5.02,0,431,0,288,22.16,1013.30,11.90,405.60,13.45,57.55,1,1713171032,GSN-01,-95,24.40,78.80,42,0,0,7.81,85,11.96,23.80,23.80,25.00,25.80,23.90,23.70,21.30,20.50,23.90,24.70,24.50,24.40,25.50,25.40,24.00,23.00,24.30,20.80,23.60,20.80,22.80,25.50,20.20,22.80,21.50,21.80,20.70,22.60,20.30,20.20,24.40,23.50,25.10,24.50,23.00,22.30,22.90,24.90,23.80,21.00,25.70,20.80,22.00,21.10,25.60,24.00,21.10,23.00,22.10,24.50,21.20,25.00,22.30,21.50,20.50,21.00,20.70,22.90,20.70,22.50,23.50,25.20,25.20,20.30
TLM_RCV,-93,FG-ALPHA,1713171049,AUTO,0,32.34,5.00,-85,100.00,8.33,3.31,5.02,997,468,0,312,22.65,1012.80,12.10,404.80,13.45,57.55,1,1713171019,GSN-01,-93,25.00,79.00,49,0,0,7.81,84,11.97,20.80,20.40,23.70,25.00,21.80,20.00,23.70,25.70,23.70,23.20,23.80,24.10,24.70,24.00,24.60,24.20,22.70,22.20,25.60,22.70,23.00,21.90,24.00,25.10,21.10,24.60,20.20,23.40,20.20,20.30,22.70,21.80,22.40,23.30,22.90,23.50,25.60,24.80,20.70,23.90,25.90,25.10,22.10,20.40,24.20,24.10,20.10,21.60,24.10,21.40,23.20,24.10,20.90,22.10,25.00,20.80,24.90,22.50,25.70,20.10,23.80,21.70,21.60,21.40
TLM_RCV,-92,FG-ALPHA,1713171050,AUTO,0,31.30,5.00,-85,99.95,8.33,3.29,5.02,0,460,0,318,22.30,1013.30,11.80,404.60,13.45,57.55,1,1713171009,GSN-01,-95,25.90,78.10,45,0,0,7.81,85,11.97,24.00,20.30,23.80,23.50,24.80,25.90,24.40,21.20,22.10,22.00,25.10,21.30,24.30,23.80,23.40,22.20,24.80,24.70,24.70,23.50,25.10,22.20,24.00,25.00,20.70,20.70,23.60,20.30,24.00,23.00,22.70,24.10,25.50,24.70,22.90,25.50,24.20,24.90,21.40,25.00,20.60,21.90,23.70,25.80,23.20,22.60,23.70,23.50,25.50,23.40,25.60,20.90,22.30,24.40,22.50,23.60,20.90,20.10,23.00,20.80,20.30,23.90,25.70,23.50
TLM_RCV,-68,FG-ALPHA,1713171051,AUTO,0,33.17,5.00,-85,100.00,8.33,3.31,5.02,1168,434,0,288,23.67,1012.90,11.80,404.90,13.45,57.55,1,1713171041,GSN-01,-87,23.70,77.10,48,0,0,7.81,84,11.98,22.80,22.10,22.90,25.40,21.60,25.90,22.40,25.80,24.90,21.40,23.00,20.70,21.10,20.00,21.90,25.60,21.10,22.80,21.20,21.30,20.90,22.20,20.30,25.10,24.50,24.10,24.50,20.20,23.30,23.50,22.40,23.50,24.90,24.50,22.90,25.60,23.50,23.10,22.90,24.50,24.50,22.50,22.90,23.20,20.20,21.20,23.40,23.80,21.50,24.30,21.00,23.90,23.60,21.30,24.60,20.40,21.10,20.00,20.50,21.30,21.50,22.40,23.50,21.80
TLM_RCV,-73,FG-ALPHA,1713171052,AUTO,0,33.06,5.00,-85,100.00,8.34,3.28,5.02,1036,413,0,263,23.11,1013.30,12.00,405.80,13.45,57.55,1,1713171004,GSN-01,-86,23.00,75.50,41,0,0,7.80,84,11.98,20.10,24.50,24.30,23.00,21.40,23.60,24.80,25.20,22.00,25.00,24.80,25.00,21.40,20.10,21.70,24.60,25.20,22.80,21.40,23.20,20.80,23.10,20.40,24.10,24.60,20.40,21.60,21.20,23.40,24.10,24.70,24.40,21.50,25.20,24.20,21.10,24.20,24.50,24.10,25.00,21.20,23.40,24.80,25.00,24.80,25.80,24.20,20.50,24.60,25.10,20.80,25.60,20.70,20.30,25.90,23.80,24.90,24.70,22.00,24.60,23.00,20.50,20.70,25.70
TLM_RCV,-72,FG-ALPHA,1713171053,AUTO,0,31.24,5.00,-85,100.00,8.33,3.30,5.02,1029,448,0,292,22.91,1013.00,12.10,405.50,13.45,57.55,1,1713171014,GSN-01,-75,24.30,77.30,41,1,0,7.79,85,11.99,21.70,24.80,23.50,24.30,24.80,20.00,20.20,21.80,20.50,25.90,25.10,21.60,20.70,25.50,22.60,21.60,23.30,24.90,21.70,21.30,21.80,25.50,23.90,24.40,25.60,24.80,25.80,23.80,20.10,23.00,20.50,20.20,23.80,21.00,24.80,20.90,22.70,22.60,24.80,21.80,21.20,20.00,21.90,21.70,25.60,23.90,25.30,21.20,25.20,22.30,20.30,23.40,23.70,20.70,21.60,25.90,22.80,21.20,23.50,23.10,22.50,25.70,24.40,24.70
TLM_RCV,-75,FG-ALPHA,1713171075,AUTO,0,32.18,5.00,-85,100.00,8.33,3.29,5.02,1036,436,0,283,23.00,1013.20,12.10,406.20,13.48,58.00,1,1713171026,GSN-01,-94,25.50,75.80,40,0,0,7.80,85,11.99,20.50,24.00,21.20,25.30,22.50,20.90,23.00,24.60,25.60,22.00,25.20,21.40,25.30,23.50,25.50,25.60,24.40,21.80,20.40,25.20,24.60,23.70,21.80,22.00,25.10,24.90,20.60,23.20,25.90,24.80,25.60,25.90,24.80,21.20,20.50,21.80,23.30,22.70,24.90,24.40,22.40,21.00,20.80,22.60,23.70,22.90,21.80,23.50,23.10,20.60,21.60,20.30,20.20,20.70,22.90,21.40,21.40,22.80,21.90,24.00,25.10,23.30,23.10,20.60
TLM_RCV,-90,FG-ALPHA,1713171076,AUTO,0,32.04,5.00,-85,100.00,8.34,3.28,5.02,1021,408,0,252,23.07,1012.80,11.80,406.30,13.48,58.00,1,1713171052,GSN-01,-91,23.50,77.10,49,0,0,7.80,85,12.00,21.20,21.80,20.70,24.30,24.90,20.10,24.90,23.10,23.50,23.60,24.80,22.30,23.30,20.60,22.30,22.20,23.30,23.50,21.20,22.20,20.50,23.80,25.80,20.10,23.80,23.60,20.70,25.50,23.00,24.10,22.80,23.90,23.70,23.80,22.40,22.40,20.20,23.80,21.20,20.40,21.60,21.40,22.90,21.60,24.10,25.30,23.40,24.90,24.10,20.10,24.70,25.70,22.40,20.50,21.80,24.60,23.10,25.90,20.80,22.50,25.80,24.60,25.00,25.50
TLM_RCV,-75,FG-ALPHA,1713171077,AUTO,0,33.06,5.00,-85,99.96,8.34,3.29,5.02,0,411,0,265,22.06,1012.70,12.00,406.40,13.48,58.00,1,1713171062,GSN-01,-94,23.20,77.60,49,0,0,7.79,84,12.00,21.90,24.90,25.10,22.90,22.50,21.80,20.40,21.60,21.50,24.60,23.50,22.30,22.70,20.90,22.70,21.90,21.90,25.20,23.70,24.70,20.50,25.50,22.40,23.70,25.30,24.80,22.20,25.20,23.00,22.10,21.10,23.60,23.90,25.80,20.40,21.10,25.20,21.20,25.90,21.60,25.60,23.00,25.90,20.90,24.70,21.80,21.00,25.70,22.90,20.50,22.60,23.30,25.50,23.60,23.60,25.40,21.70,23.50,24.40,24.70,21.60,24.00,23.40,22.50
TLM_RCV,-70,FG-ALPHA,1713171078,AUTO,0,32.28,5.00,-85,100.00,8.33,3.31,5.02,1199,457,0,310,23.71,1013.60,12.10,405.70,13.48,58.00,1,1713171038,GSN-01,-85,23.20,80.70,40,0,0,7.79,84,12.01,21.20,25.10,20.90,21.40,21.20,20.40,24.60,20.20,24.70,24.40,21.20,24.00,24.10,21.40,23.70,25.90,22.20,24.90,23.90,24.60,22.50,21.40,21.30,22.40,21.70,25.90,23.30,25.30,20.80,23.80,20.90,22.00,21.50,24.30,22.90,21.10,24.80,24.10,20.60,23.10,20.30,21.00,23.80,22.00,20.30,24.40,25.10,21.60,23.90,24.00,20.80,25.90,22.30,22.90,20.00,24.70,24.50,24.30,22.50,24.40,23.20,25.90,23.10,21.90
TLM_RCV,-91,FG-ALPHA,1713171079,AUTO,0,32.12,5.00,-85,100.00,8.34,3.28,5.02,1099,424,0,272,23.37,1013.50,11.80,406.10,13.48,58.00,1,1713171027,GSN-01,-76,24.40,78.80,41,0,0,7.78,84,12.01,23.40,25.00,25.60,21.60,24.30,20.00,21.90,23.60,24.30,20.30,22.00,20.10,22.40,24.80,25.30,22.60,22.20,22.00,25.80,21.20,25.20,23.30,21.50,22.10,22.80,25.30,21.80,20.20,24.60,24.90,24.20,21.80,22.10,21.50,22.00,25.40,20.70,21.90,21.40,25.30,25.80,24.00,23.10,23.90,20.80,22.20,22.70,23.60,20.60,24.50,23.20,24.70,21.10,22.90,23.60,21.70,24.90,25.20,24.40,25.50,25.00,24.30,24.60,23.30
TLM_RCV,-47,FG-ALPHA,1713171080,AUTO,0,32.24,5.00,-85,100.00,8.33,3.31,5.02,1110,447,0,307,23.32,1013.00,12.00,405.70,13.48,58.00,1,1713171059,GSN-01,-78,24.60,77.70,48,0,0,7.80,84,12.02,21.80,25.50,21.60,25.30,20.60,24.90,24.00,21.70,21.40,20.90,20.80,21.00,21.50,25.40,23.50,24.20,24.80,21.00,21.30,20.40,25.10,21.90,25.70,22.80,20.60,22.60,22.60,23.50,25.00,22.30,21.50,22.70,24.10,24.40,21.40,24.50,21.10,21.10,22.10,23.10,25.30,21.50,24.80,22.10,22.50,20.20,23.40,25.20,20.50,22.80,21.60,20.20,25.10,25.70,25.20,20.70,22.70,24.00,20.20,22.70,24.90,23.10,24.00,23.70
TLM_RCV,-81,FG-ALPHA,1713171081,AUTO,0,31.49,5.00,-85,99.95,8.32,3.28,5.02,0,497,0,347,22.49,1013.10,11.80,404.50,13.48,58.00,1,1713171040,GSN-01,-73,25.80,82.90,44,0,0,7.78,84,12.02,23.50,22.20,23.90,21.10,24.50,21.60,23.40,22.20,21.30,24.50,22.40,22.30,25.80,22.70,23.50,23.10,21.20,23.20,21.90,25.80,24.00,25.10,21.10,24.40,22.50,20.00,20.90,25.00,20.90,22.00,25.10,20.60,24.70,22.60,25.70,25.30,23.10,24.00,20.50,20.50,23.30,20.40,21.10,23.40,20.10,25.00,25.90,20.20,21.80,23.00,25.40,22.40,22.70,22.70,21.00,24.40,23.20,24.20,22.90,23.80,20.50,24.50,20.90,22.60
TLM_RCV,-54,FG-ALPHA,1713171082,AUTO,0,31.11,5.00,-85,100.00,8.34,3.28,5.02,1125,422,0,273,23.51,1012.80,11.80,406.00,13.48,58.00,1,1713171031,GSN-01,-78,23.80,82.90,43,0,0,7.78,85,12.03,23.80,24.90,24.00,25.90,22.30,21.80,23.30,24.80,25.30,25.00,20.70,22.50,24.50,23.90,24.70,22.60,21.90,24.10,20.00,20.70,24.70,21.20,23.90,21.50,23.40,21.70,24.00,21.70,25.60,24.20,20.60,20.30,21.00,22.70,25.10,22.60,23.70,21.70,24.40,24.90,22.90,21.80,24.70,23.10,20.70,23.80,25.30,23.10,21.50,23.80,24.60,21.30,24.00,20.70,23.70,22.00,25.60,20.20,21.50,23.10,23.10,23.10,25.60,24.80
TLM_RCV,-46,FG-ALPHA,1713171083,AUTO,0,33.33,5.00,-85,99.95,8.33,3.30,5.02,0,467,0,316,22.33,1012.70,12.10,405.20,13.48,58.00,1,1713171049,GSN-01,-89,25.30,79.00,49,0,0,7.81,85,12.03,25.40,21.40,22.00,22.80,22.00,20.40,20.00,20.50,25.90,25.40,23.50,20.00,25.70,22.10,21.30,21.20,20.30,20.10,25.40,22.60,25.40,25.50,23.10,21.20,22.40,23.80,25.50,25.60,20.30,20.50,22.30,25.60,24.00,25.20,20.10,25.90,23.30,22.00,25.10,22.50,20.90,23.40,20.60,21.30,21.60,24.60,21.50,25.60,73.30,25.10,24.40,21.90,21.00,25.10,24.80,23.90,22.60,20.20,25.90,24.30,22.00,22.30,23.50,24.30
TLM_RCV,-78,FG-ALPHA,1713171084,AUTO,0,31.16,5.00,-85,100.00,8.34,3.30,5.02,968,432,0,277,22.68,1012.80,11.80,405.80,13.48,58.00,1,1713171054,GSN-01,-72,23.30,76.10,44,0,0,7.80,84,12.04,23.70,20.50,21.70,22.90,20.80,25.40,24.70,25.00,21.60,23.60,21.40,22.30,23.40,21.60,22.10,21.00,25.00,21.80,23.30,21.70,25.20,21.80,24.80,23.60,20.30,20.40,21.50,25.50,20.10,20.10,22.70,21.70,20.30,23.20,21.40,25.20,20.40,20.20,24.50,25.10,21.30,25.20,22.80,20.10,24.30,21.00,20.40,23.00,24.30,21.90,23.00,22.10,22.50,25.30,23.50,23.80,21.70,20.90,25.10,22.60,25.70,25.30,22.10,23.90
TLM_RCV,-72,FG-ALPHA,1713171085,AUTO,0,32.53,5.00,-85,99.95,8.32,3.30,5.02,0,505,0,348,22.52,1013.20,11.90,405.70,13.49,58.00,1,1713171068,GSN-01,-95,23.80,82.70,40,0,0,7.80,85,12.04,23.70,25.00,21.80,21.50,25.70,24.70,22.50,21.50,22.20,20.80,21.90,24.80,24.70,23.30,25.30,25.60,20.10,25.30,21.90,24.00,21.50,24.70,21.70,22.10,22.60,23.10,21.30,25.70,22.30,23.80,23.60,24.10,21.30,23.00,21.70,20.40,21.40,21.90,24.60,24.30,24.60,24.40,20.20,24.60,20.80,25.90,23.20,20.50,25.00,20.20,23.30,24.00,22.20,20.70,22.20,23.50,23.00,23.40,23.80,22.90,22.20,25.80,25.20,21.40
TLM_RCV,-52,FG-ALPHA,1713171086,AUTO,0,31.99,5.00,-85,99.91,8.34,3.30,5.02,0,397,0,255,21.99,1013.00,11.80,406.30,13.49,58.00,1,1713171041,GSN-01,-76,25.20,78.20,42,0,0,7.82,84,12.05,22.90,22.20,24.60,23.70,23.40,25.50,20.20,25.90,20.10,20.40,24.60,25.80,22.70,20.00,21.50,25.60,20.70,23.70,25.30,23.90,22.20,24.90,25.30,24.50,22.40,20.00,21.40,24.10,23.60,22.70,24.40,25.30,21.30,23.00,25.30,25.50,23.30,21.80,24.50,20.40,21.40,24.70,20.10,20.80,22.80,23.20,23.40,22.90,23.10,20.80,25.70,23.10,20.70,25.30,21.90,24.70,21.00,25.70,22.90,22.60,20.60,25.60,24.60,24.00
TLM_RCV,-69,FG-ALPHA,1713171087,AUTO,0,32.01,5.00,-85,99.99,8.34,3.29,5.02,1184,402,0,256,23.91,1012.80,11.80,406.10,13.49,58.00,1,1713171075,GSN-01,-80,24.80,77.50,43,0,1,7.78,85,12.05,23.10,25.70,21.50,21.20,21.00,23.00,24.20,20.30,22.90,23.60,21.50,21.90,23.90,23.00,23.20,24.20,25.30,25.40,21.90,23.40,21.60,20.20,24.00,25.60,21.40,24.20,23.80,24.60,23.00,20.40,20.60,25.10,21.50,20.00,24.50,20.70,25.30,23.80,22.80,24.00,23.10,24.80,22.20,23.00,22.50,25.10,24.10,23.10,21.20,24.40,24.40,21.10,23.90,25.30,20.30,23.90,20.40,21.30,25.40,22.30,20.80,22.60,21.90,25.30
TLM_RCV,-66,FG-ALPHA,1713171088,AUTO,0,32.15,5.00,-85,99.95,8.33,3.31,5.02,0,429,0,280,22.15,1012.70,12.10,406.30,13.49,58.00,1,1713171033,GSN-01,-88,24.00,78.30,43,0,0,7.82,85,12.06,24.80,24.70,24.30,24.50,25.30,20.90,24.80,23.40,21.40,22.30,25.00,24.70,22.30,25.50,23.70,23.00,25.10,20.50,23.50,22.50,24.60,25.60,21.40,24.10,24.90,25.00,25.50,24.50,21.60,25.10,23.70,24.10,21.90,21.30,24.60,22.20,22.00,21.20,23.10,25.10,25.10,21.20,25.20,25.90,23.00,21.70,24.10,22.40,24.20,23.50,23.30,23.40,20.00,21.80,20.20,22.50,25.00,20.10,25.80,25.60,23.90,24.10,24.10,23.30
TLM_RCV,-80,FG-ALPHA,1713171089,AUTO,0,32.35,5.00,-85,99.98,8.33,3.28,5.02,835,470,0,325,21.83,1013.20,11.80,406.00,13.49,58.00,1,1713171058,GSN-01,-83,24.00,74.20,47,0,0,7.81,84,12.06,23.50,21.80,23.20,21.70,20.40,21.70,23.60,22.10,20.50,22.40,25.70,23.80,23.90,25.20,23.20,25.30,22.10,21.20,22.90,21.80,25.70,22.90,25.20,22.50,20.50,23.40,23.70,25.90,22.60,25.00,71.80,21.80,25.60,21.80,24.90,24.80,23.70,22.70,23.80,25.70,24.40,21.80,22.20,24.20,20.50,22.30,25.50,23.30,23.10,20.60,22.70,25.40,20.60,25.60,23.20,25.70,22.90,23.70,23.50,25.30,25.40,23.80,25.80,22.90
TLM_RCV,-51,FG-ALPHA,1713171090,AUTO,0,31.00,5.00,-85,100.00,8.34,3.31,5.02,1192,400,0,253,23.96,1013.40,11.80,404.90,13.49,58.00,1,1713171071,GSN-01,-79,25.70,79.50,48,0,0,7.80,85,12.07,24.10,20.50,24.50,20.20,22.20,21.80,24.80,23.40,20.90,22.90,25.00,21.20,25.80,20.90,25.90,24.70,22.80,24.40,21.60,23.60,25.10,24.50,22.10,25.40,21.10,24.10,23.20,23.60,22.70,25.30,21.60,25.00,22.80,25.30,22.10,22.70,20.90,20.50,24.20,25.00,22.00,24.90,21.20,25.30,20.10,21.60,20.60,21.90,21.70,23.10,23.30,20.10,20.10,22.00,22.40,23.00,24.90,23.50,20.90,25.60,25.60,23.50,22.10,21.70
TLM_RCV,-93,FG-ALPHA,1713171091,AUTO,0,33.20,5.00,-85,100.00,8.33,3.30,5.02,1063,440,0,292,23.11,1013.00,11.90,405.20,13.49,58.00,1,1713171050,GSN-01,-83,24.00,77.70,42,0,0,7.79,85,12.07,23.10,23.20,23.90,22.70,23.30,21.10,20.10,24.40,20.70,23.20,21.30,25.90,23.00,25.90,23.70,25.70,25.50,20.10,25.80,25.30,22.00,22.50,20.00,24.50,24.90,23.30,20.10,24.70,25.10,23.40,22.40,20.20,21.20,24.80,24.30,23.30,24.30,23.40,21.70,23.60,23.40,23.70,23.30,25.00,23.80,20.60,21.10,21.10,21.90,25.40,24.10,25.90,21.60,24.70,20.30,22.70,24.10,23.20,21.40,23.30,24.00,20.30,23.80,20.80
TLM_RCV,-42,FG-ALPHA,1713171092,AUTO,0,33.24,5.00,-85,100.00,8.33,3.31,5.02,960,449,0,305,22.56,1013.10,12.00,405.50,13.49,58.00,1,1713171079,GSN-01,-75,25.30,76.50,41,0,0,7.79,85,12.08,21.80,20.20,21.20,24.40,22.80,22.90,25.30,21.10,22.30,20.70,24.20,22.60,24.70,24.10,25.60,24.60,22.80,23.20,20.10,24.40,21.80,22.30,23.00,21.70,24.70,21.20,25.30,20.40,25.20,21.60,22.70,22.60,22.50,21.50,24.50,21.90,25.00,22.90,21.00,20.90,23.00,24.80,25.50,20.00,21.50,22.20,25.40,20.80,21.70,24.40,23.00,21.70,20.40,25.50,24.10,21.80,25.00,21.80,21.70,25.50,20.60,23.50,24.80,21.40
TLM_RCV,-57,FG-ALPHA,1713171093,AUTO,0,31.06,5.00,-85,100.00,8.34,3.28,5.02,1119,411,0,259,23.54,1013.50,11.80,406.00,13.49,58.00,1,1713171064,GSN-01,-73,23.30,82.50,44,0,0,7.81,85,12.08,21.50,25.00,25.00,20.10,23.70,22.20,22.70,24.60,20.60,20.10,25.80,22.10,20.70,20.60,21.50,25.70,22.40,25.90,24.80,25.30,20.00,24.70,20.30,24.30,22.50,20.80,21.80,20.40,25.50,24.40,24.20,24.50,23.10,24.30,25.70,23.60,23.10,23.80,22.70,23.10,24.90,24.80,20.00,24.40,23.20,24.00,25.90,25.10,20.60,20.80,22.00,23.50,21.30,23.60,22.90,20.70,20.00,24.00,20.20,22.20,20.90,25.00,23.70,22.70
TLM_RCV,-74,FG-ALPHA,1713171094,AUTO,0,32.21,5.00,-85,100.00,8.33,3.30,5.02,1127,442,0,288,23.42,1013.40,12.00,404.60,13.49,58.00,1,1713171067,GSN-01,-79,23.70,80.20,49,0,0,7.82,84,12.09,22.60,24.70,21.00,24.30,24.00,25.20,24.60,21.00,20.70,22.80,21.90,22.80,23.90,24.70,24.30,20.20,25.30,22.50,20.30,23.20,22.70,24.80,25.10,22.50,24.80,20.50,23.80,21.20,24.30,20.60,22.80,24.80,20.70,22.90,23.80,20.90,24.40,23.20,21.50,24.00,22.00,21.70,24.10,21.40,24.80,20.30,25.40,21.10,25.30,21.90,24.80,23.10,22.70,20.20,24.20,21.60,20.70,25.80,25.60,23.20,25.80,24.90,25.20,22.30
TLM_RCV,-75,FG-ALPHA,1713171095,AUTO,0,31.33,5.00,-85,100.00,8.33,3.28,5.02,982,466,0,311,22.58,1013.20,11.80,406.00,13.50,58.00,1,1713171074,GSN-01,-72,24.00,78.60,44,0,0,7.79,85,12.09,25.30,25.10,23.80,23.40,24.40,21.00,20.20,25.00,20.50,21.50,20.00,20.50,20.80,25.60,25.70,25.50,22.90,22.00,23.10,20.50,25.00,23.60,25.00,24.70,23.20,20.80,24.50,22.10,23.80,22.80,24.60,25.60,20.20,25.00,24.50,24.50,24.10,22.20,20.10,21.40,20.90,21.60,21.50,22.50,22.70,20.00,24.70,20.50,25.10,22.70,24.40,22.40,25.20,21.30,23.40,24.20,21.50,21.20,23.60,25.50,21.20,25.50,20.90,21.90
TLM_RCV,-59,FG-ALPHA,1713171096,AUTO,0,31.40,5.00,-85,100.00,8.33,3.29,5.02,1065,480,0,336,22.92,1012.70,12.10,405.60,13.50,58.00,1,1713171082,GSN-01,-77,24.80,81.70,46,0,1,7.81,85,12.10,23.40,21.20,20.30,24.50,24.80,21.00,22.60,23.40,20.60,23.30,21.20,21.50,23.50,20.80,25.50,23.80,22.50,24.00,24.30,20.40,22.40,24.50,25.30,23.90,21.70,22.00,21.90,22.40,25.50,21.80,21.70,22.60,25.90,21.10,23.80,25.50,21.10,20.20,23.30,82.30,21.30,21.80,23.50,25.40,20.40,21.40,22.00,20.60,25.30,21.60,25.10,23.40,20.30,23.00,20.00,22.30,20.30,22.20,23.20,21.10,23.90,23.00,25.50,25.60
TLM_RCV,-59,FG-ALPHA,1713171097,AUTO,0,31.14,5.00,-85,100.00,8.34,3.30,5.02,1008,427,0,268,22.91,1013.20,12.10,404.60,13.50,58.00,1,1713171060,GSN-01,-72,25.40,77.40,42,0,0,7.80,84,12.10,22.60,21.10,21.50,21.00,20.50,20.90,21.90,24.80,24.80,21.60,22.90,25.00,25.70,21.30,23.90,21.90,20.00,25.50,25.60,21.00,20.90,20.80,22.40,20.60,24.00,21.00,22.10,22.70,25.40,20.50,20.90,21.40,20.40,24.00,25.50,23.30,25.40,24.30,24.50,22.30,20.80,23.20,22.40,20.00,25.10,24.70,22.80,22.90,23.00,23.70,23.00,22.30,24.60,25.30,25.20,20.90,88.10,23.30,22.30,20.90,25.70,25.00,22.10,22.10
TLM_RCV,-47,FG-ALPHA,1713171098,AUTO,0,33.32,5.00,-85,100.00,8.33,3.30,5.02,1045,464,0,315,22.91,1013.60,12.00,404.90,13.50,58.00,1,1713171043,GSN-01,-94,23.80,73.70,42,0,0,7.82,84,12.11,21.90,20.30,25.00,25.10,21.20,22.30,23.70,21.00,20.70,25.20,24.30,20.20,22.30,24.20,24.10,24.60,24.00,24.10,21.10,21.90,22.50,20.70,25.50,20.10,24.60,22.30,21.10,22.20,24.80,20.80,22.10,20.40,24.90,25.40,23.20,24.60,23.50,21.20,23.10,25.10,23.30,24.30,23.60,23.10,25.40,21.50,21.00,22.00,24.50,24.40,20.70,20.10,20.30,25.30,25.50,25.10,21.40,23.20,23.40,24.00,20.60,21.60,24.30,22.50
TLM_RCV,-83,FG-ALPHA,1713171099,AUTO,0,31.00,5.00,-85,100.00,8.34,3.28,5.02,1118,399,0,253,23.59,1013.40,11.90,405.10,13.50,58.00,1,1713171040,GSN-01,-75,24.60,80.80,48,0,0,7.82,85,12.11,20.70,21.10,20.60,25.50,25.30,20.30,22.60,23.80,21.60,22.00,24.40,24.60,24.30,25.00,22.90,25.10,22.50,22.90,21.50,24.90,21.80,21.40,25.20,24.10,23.00,20.10,24.40,25.50,20.00,22.30,21.00,22.90,23.60,23.70,25.00,23.80,21.30,25.20,24.20,25.60,24.10,20.10,24.30,23.00,21.70,24.10,23.20,21.10,24.40,22.40,23.40,24.20,21.00,23.20,24.40,23.50,25.50,23.50,21.20,25.20,24.90,22.90,22.10,23.80
TLM_RCV,-92,FG-ALPHA,1713171100,AUTO,0,32.15,5.00,-85,100.00,8.34,3.31,5.02,1150,431,0,272,23.59,1013.10,12.10,405.10,13.50,58.00,1,1713171081,GSN-01,-73,24.30,75.80,45,0,0,7.79,85,12.12,22.00,23.60,24.20,24.70,20.80,24.00,24.00,21.90,24.40,25.10,20.60,20.00,24.80,20.10,25.90,25.00,24.30,24.00,23.20,21.00,24.30,20.10,20.20,24.90,21.50,24.70,23.00,20.90,25.40,20.00,25.60,25.40,22.90,21.90,23.10,23.00,24.50,24.50,23.80,21.90,24.00,24.20,25.40,21.10,21.00,20.50,25.40,25.10,25.10,24.30,22.50,24.80,25.20,24.60,25.70,25.00,22.70,23.60,21.20,23.20,23.80,25.20,24.40,23.10
TLM_RCV,-89,FG-ALPHA,1713171101,AUTO,0,32.28,5.00,-85,99.95,8.33,3.31,5.02,0,455,0,313,22.27,1013.30,11.80,406.30,13.50,58.00,1,1713171087,GSN-01,-93,23.80,80.20,44,0,0,7.79,85,12.12,23.00,21.00,21.50,23.30,24.80,21.60,25.70,21.00,25.60,23.60,22.60,24.30,25.20,25.50,22.90,25.70,23.60,24.80,21.60,24.30,23.10,24.20,20.60,25.10,24.00,25.90,23.70,20.90,22.10,21.90,20.80,24.90,22.20,21.30,21.40,23.50,20.60,20.30,25.20,25.30,23.50,20.80,22.90,24.60,20.90,24.00,21.40,21.80,22.00,20.70,24.70,23.60,24.40,21.70,20.70,21.80,23.40,22.80,21.90,23.70,21.40,25.10,24.60,22.30
TLM_RCV,-72,FG-ALPHA,1713171102,AUTO,0,33.26,5.00,-85,100.00,8.33,3.28,5.02,1085,453,0,306,23.16,1013.50,11.90,406.40,13.50,58.00,1,1713171061,GSN-01,-71,25.40,77.70,45,0,0,7.79,85,12.13,24.70,25.10,21.30,25.60,25.40,22.80,22.50,25.00,22.50,23.60,22.30,21.70,23.30,24.10,20.90,22.60,25.90,23.00,20.40,22.00,25.80,24.40,24.90,21.50,24.30,22.50,21.70,21.60,23.50,21.40,22.60,22.10,24.10,24.30,20.70,20.60,23.60,21.80,22.50,23.10,22.10,21.90,21.90,24.30,20.10,21.30,21.70,25.00,23.40,22.10,24.20,25.50,22.50,23.70,20.80,24.70,22.50,20.30,22.60,24.90,22.70,20.10,21.00,20.30
TLM_RCV,-81,FG-ALPHA,1713171103,AUTO,0,31.27,5.00,-85,99.95,8.33,3.30,5.02,0,455,0,314,22.27,1013.40,12.00,404.50,13.50,58.00,1,1713171063,GSN-01,-93,23.90,75.90,46,0,0,7.78,85,12.13,22.90,25.30,21.90,21.40,23.70,24.10,24.00,24.60,25.80,23.00,24.80,22.50,21.40,25.60,22.90,20.80,22.90,21.20,25.80,20.60,23.80,23.70,25.70,25.50,24.90,20.70,25.00,21.40,24.80,25.20,21.10,23.40,23.30,24.60,21.20,23.40,22.50,22.40,25.20,20.80,24.80,25.60,25.70,21.50,25.00,20.50,22.50,21.30,21.90,22.30,25.40,21.10,21.40,21.60,20.30,21.30,22.20,25.60,22.50,20.50,20.00,20.40,24.30,22.50
TLM_RCV,-49,FG-ALPHA,1713171104,AUTO,0,32.24,5.00,-85,100.00,8.33,3.30,5.02,1062,448,0,291,23.07,1013.30,11.90,405.10,13.50,58.00,1,1713171046,GSN-01,-76,23.30,78.90,41,0,0,7.81,84,12.14,24.00,20.90,25.50,20.50,20.30,23.30,24.30,25.50,21.70,23.60,24.50,23.80,20.20,23.20,24.00,23.80,23.10,21.40,25.20,25.30,25.60,23.50,20.70,20.60,20.20,20.10,23.60,20.20,23.40,20.80,24.80,24.40,22.50,20.90,23.70,21.10,25.70,20.00,22.40,21.80,22.90,22.40,20.40,23.70,21.70,25.60,25.30,24.40,23.90,21.70,23.70,20.80,23.70,23.10,23.90,23.40,25.50,25.80,21.90,20.50,21.90,24.00,22.80,24.30
TLM_RCV,-45,FG-ALPHA,1713171105,AUTO,0,33.08,5.00,-85,100.00,8.34,3.30,5.02,1024,417,0,262,23.03,1013.60,12.10,405.20,13.51,58.00,1,1713171064,GSN-01,-80,24.90,73.70,42,0,0,7.82,84,12.14,24.30,24.40,20.10,21.40,20.40,20.40,20.40,23.20,23.80,22.40,20.90,24.40,24.30,24.20,23.60,22.80,20.30,20.00,22.00,20.30,24.50,21.30,20.10,23.40,24.30,25.10,24.80,24.60,21.90,22.50,20.80,25.00,24.60,24.80,24.10,22.30,20.70,25.20,24.20,22.30,25.30,21.00,25.30,22.00,25.10,20.90,24.80,21.30,20.70,21.20,24.40,23.20,20.90,20.70,24.30,20.80,22.40,22.60,25.10,20.10,23.00,20.80,25.10,23.50
TLM_RCV,-85,FG-ALPHA,1713171106,AUTO,0,31.44,5.00,-85,99.95,8.33,3.30,5.02,0,488,0,347,22.44,1013.00,11.90,405.80,13.51,58.00,1,1713171081,GSN-01,-81,23.20,74.70,47,0,0,7.79,84,12.15,23.40,21.60,23.40,24.10,22.20,20.60,22.00,22.60,20.90,22.40,22.70,24.80,22.30,21.90,23.90,24.10,20.40,21.10,25.40,20.90,22.00,24.30,22.60,25.10,23.80,21.80,25.60,22.10,22.60,23.30,21.40,21.50,20.30,25.40,24.40,20.80,25.30,24.30,22.30,21.30,21.50,21.40,21.50,20.70,25.00,20.00,21.00,21.40,24.50,22.10,21.10,20.10,23.20,25.40,20.80,22.90,24.10,23.70,22.40,23.80,22.10,20.50,25.50,25.90
TLM_RCV,-68,FG-ALPHA,1713171107,AUTO,0,33.24,5.00,-85,100.00,8.33,3.29,5.02,993,447,0,289,22.73,1013.10,12.00,405.80,13.51,58.00,1,1713171091,GSN-01,-93,23.90,78.20,48,0,0,7.79,84,12.15,25.40,20.70,25.30,22.70,23.10,24.70,20.80,23.00,20.50,22.20,24.90,23.10,25.60,24.00,22.00,25.00,24.80,22.00,24.00,21.10,23.00,25.70,24.20,20.50,23.80,24.00,23.30,24.40,21.60,25.90,20.10,24.60,25.00,22.60,20.40,24.60,24.50,24.90,22.00,20.70,23.00,24.90,22.00,24.20,23.90,21.00,25.50,20.50,22.30,24.00,24.10,25.90,25.60,22.80,21.60,21.00,25.40,22.20,21.80,21.80,24.50,20.80,20.50,25.10
TLM_RCV,-88,FG-ALPHA,1713171108,AUTO,0,31.26,5.00,-85,100.00,8.33,3.28,5.02,892,452,0,301,22.20,1013.00,12.00,405.30,13.51,58.00,1,1713171092,GSN-01,-83,24.80,75.50,49,0,1,7.80,85,12.16,23.20,23.50,24.30,21.20,21.70,22.50,24.70,25.30,24.70,23.30,25.10,20.10,25.60,21.30,22.30,22.30,20.90,21.30,25.10,23.80,22.40,22.90,22.90,23.50,21.50,25.40,22.70,22.30,20.20,22.50,25.90,21.80,25.80,21.30,25.70,20.80,20.90,24.80,23.10,25.80,23.10,23.30,23.60,22.00,25.90,20.00,25.70,25.00,20.90,22.90,22.60,25.60,20.10,25.00,21.40,25.60,20.70,23.70,22.80,23.40,20.10,79.70,22.50,21.50
TLM_RCV,-71,FG-ALPHA,1713171109,AUTO,0,31.29,5.00,-85,100.00,8.33,3.30,5.02,1007,458,0,304,22.75,1012.70,11.90,405.90,13.51,58.00,1,1713171072,GSN-01,-92,25.80,75.80,43,0,0,7.82,84,12.16,25.10,25.10,23.50,23.10,22.20,25.40,24.70,24.90,22.10,25.80,23.50,23.00,20.00,25.10,22.60,21.50,24.10,22.40,23.40,23.60,25.20,22.90,20.00,24.80,22.30,23.70,22.90,20.00,25.90,23.20,24.10,23.40,20.10,24.50,20.80,23.80,24.20,22.00,21.80,20.30,20.30,21.10,20.10,21.20,25.10,20.00,21.10,24.90,22.60,21.90,22.20,24.00,22.80,24.30,25.00,20.40,24.00,20.70,21.00,25.70,22.70,20.70,22.80,25.00
TLM_RCV,-63,FG-ALPHA,1713171110,AUTO,0,33.29,5.00,-85,100.00,8.33,3.31,5.02,1131,459,0,307,23.36,1013.20,11.80,404.80,13.51,58.00,1,1713171070,GSN-01,-72,24.40,75.70,43,0,0,7.79,85,12.17,25.20,22.20,21.40,21.40,25.70,24.40,25.70,25.30,24.30,21.60,23.10,21.50,24.00,21.10,23.50,24.30,20.80,20.20,21.90,20.00,22.10,25.90,23.00,24.80,24.30,24.50,24.40,20.40,22.00,24.80,21.80,23.80,25.80,20.80,22.80,25.20,24.20,25.70,25.50,23.60,23.10,24.80,21.80,21.70,22.50,25.30,20.50,24.00,23.40,25.20,23.30,20.30,23.50,22.60,25.60,23.70,21.30,21.40,23.40,25.00,25.30,22.80,21.20,23.90
TLM_RCV,-82,FG-ALPHA,1713171111,AUTO,0,31.49,5.00,-85,100.00,8.33,3.30,5.02,1090,497,0,342,22.97,1013.50,11.90,405.40,13.51,58.00,1,1713171081,GSN-01,-87,24.10,79.30,45,0,0,7.80,85,12.17,24.90,22.20,25.80,23.50,20.80,20.00,22.40,25.70,22.70,22.30,23.00,20.30,20.10,24.10,23.80,25.50,22.80,25.60,21.40,25.30,20.50,21.00,21.60,22.60,24.30,25.10,23.70,24.30,22.00,22.90,20.70,21.20,21.10,21.60,22.60,24.40,24.00,25.40,25.30,21.10,20.70,24.10,21.30,25.60,25.80,20.60,22.10,24.00,22.00,20.70,25.70,25.70,20.90,24.60,20.60,22.10,20.90,24.30,20.10,23.80,21.80,22.70,24.50,24.00
TLM_RCV,-89,FG-ALPHA,1713171112,AUTO,0,32.12,5.00,-85,99.96,8.34,3.30,5.02,0,424,0,280,22.12,1013.60,12.10,404.60,13.51,58.00,1,1713171085,GSN-01,-78,23.20,77.80,46,0,0,7.80,84,12.18,25.10,20.30,24.60,24.70,20.90,20.30,25.40,22.60,24.80,24.40,21.10,24.20,20.40,25.80,22.50,25.80,22.90,23.00,22.30,20.80,20.50,25.70,23.30,20.10,21.00,21.50,25.50,23.80,20.90,24.80,21.80,25.20,23.30,23.40,24.20,23.90,25.50,21.00,23.30,20.20,22.90,24.70,23.60,21.40,25.10,21.50,21.40,23.30,22.60,22.00,24.50,23.10,24.60,21.90,22.40,22.60,20.40,23.00,21.50,21.80,21.30,21.70,22.80,23.90
TLM_RCV,-91,FG-ALPHA,1713171113,AUTO,0,32.20,5.00,-85,100.00,8.33,3.28,5.02,1123,440,0,291,23.42,1012.90,12.00,405.80,13.51,58.00,1,1713171076,GSN-01,-94,25.80,74.50,44,0,0,7.78,85,12.18,22.30,20.30,25.60,22.10,22.40,22.70,22.80,20.10,23.20,24.70,24.40,24.10,23.10,22.00,22.50,21.70,24.90,25.20,25.50,20.10,21.20,24.90,21.80,20.80,22.80,22.60,23.20,22.20,23.10,22.30,25.20,21.00,23.70,21.70,21.50,25.10,24.60,20.40,25.30,23.50,23.10,20.60,23.80,25.60,21.00,23.40,22.60,21.30,25.50,20.00,24.70,25.40,23.80,23.60,25.70,21.60,25.40,25.60,22.90,25.50,23.20,24.10,20.60,21.00
TLM_RCV,-41,FG-ALPHA,1713171114,AUTO,0,32.26,5.00,-85,99.95,8.33,3.28,5.02,0,452,0,312,22.26,1013.10,12.00,406.30,13.51,58.00,1,1713171094,GSN-01,-77,23.50,74.40,45,0,0,7.81,84,12.19,20.00,22.10,22.80,21.20,25.90,21.60,23.90,23.80,22.00,23.40,25.50,21.40,22.00,22.80,25.60,20.70,24.00,24.60,20.90,25.60,23.50,21.40,21.30,20.00,21.40,24.20,21.20,23.70,21.90,20.60,20.50,25.60,21.30,21.00,22.40,22.60,22.10,23.00,25.00,24.10,21.00,24.50,22.90,22.20,25.50,21.30,24.00,20.50,21.90,21.90,20.50,21.40,25.20,24.30,20.90,24.00,23.40,20.30,22.30,21.90,24.40,21.60,22.50,25.40
TLM_RCV,-69,FG-ALPHA,1713171115,AUTO,0,33.29,5.00,-85,100.00,8.33,3.31,5.02,919,459,0,305,22.30,1013.30,11.80,406.10,13.52,58.00,1,1713171080,GSN-01,-90,23.00,79.70,41,0,0,7.79,85,12.19,23.00,23.40,25.80,23.70,20.20,23.80,22.50,20.90,20.70,24.80,25.80,24.90,25.00,20.50,23.80,21.70,21.70,24.80,22.00,23.10,22.90,21.60,20.90,23.40,24.00,23.90,25.20,24.40,24.80,21.30,25.80,25.10,25.40,21.10,22.50,20.00,24.20,25.50,25.00,22.60,23.50,21.50,24.80,25.30,20.70,22.60,22.80,22.30,20.30,22.00,21.70,23.40,21.10,21.20,20.50,21.50,25.10,24.70,23.10,21.00,22.60,24.00,20.50,24.60
