PACKET_TYPE,GS_RSSI,SAT_ID,TIMESTAMP,FDIR_MODE,PAYLOAD_STATE,OBC_T,PAYLOAD_T,RSSI_UPLINK,SOC,V_BAT,V_3V3,V_5V,I_IN,I_OUT,I_PAY,I_COMMS,EPS_T,PRESSURE,HUMIDITY,GPS_ALT,OBC_SD_PCT,PAYLOAD_SD_PCT,RESOLUTION,HAS_GSN,GSN_TS,GSN_NODE,GSN_RSSI,GSN_T,GSN_HUM,GSN_SOIL,GSN_SMOKE,GSN_SOUND,GSN_VBAT,GSN_SOC,GSN_SD_PCT,THERMAL_DATA_64...
TLM_RCV,-82,FG-ALPHA,1713170021,AUTO,0,33.24,7.50,-85,85.68,7.99,3.29,5.02,0,448,0,305,22.24,1013.40,12.00,406.20,12.42,46.15,1080,1,1713169997,GSN-01,-73,25.70,75.40,48,0,0,7.82,84,8.51,23.30,25.00,25.10,20.70,20.10,22.70,21.30,21.20,20.50,25.40,23.10,21.40,82.20,24.80,21.40,24.80,25.10,24.30,22.20,25.20,24.30,24.40,22.60,24.20,22.40,20.20,22.10,20.00,25.60,22.40,24.40,22.80,21.90,20.80,22.40,21.80,22.40,21.10,25.20,25.10,22.30,20.30,22.50,21.10,23.60,25.80,24.00,24.20,21.60,20.00,21.60,24.30,23.20,23.00,22.80,20.60,23.00,24.10,24.70,23.70,21.90,24.60,22.00,20.70
TLM_RCV,-53,FG-ALPHA,1713170022,AUTO,0,31.17,5.50,-85,85.74,7.99,3.28,5.02,1015,434,0,290,22.91,1013.40,11.90,404.50,12.42,46.15,1080,1,1713169989,GSN-01,-91,25.10,76.40,40,0,1,7.78,84,8.51,24.00,22.60,21.90,21.20,21.70,21.40,22.30,21.20,22.60,21.70,20.90,22.40,21.20,23.10,21.80,24.10,24.60,22.40,20.00,24.60,23.60,21.40,25.40,25.00,20.50,20.80,25.20,25.50,20.00,25.70,25.20,22.20,20.50,22.40,23.90,20.80,24.20,23.00,25.60,21.70,24.00,20.30,23.00,22.80,23.40,20.70,25.00,20.00,20.40,25.90,21.30,23.00,20.80,25.90,21.00,25.20,24.60,23.70,24.60,23.30,24.30,23.00,24.80,23.70
TLM_RCV,-62,FG-ALPHA,1713170023,AUTO,0,33.24,5.00,-85,85.78,7.99,3.29,5.02,866,449,0,304,22.08,1013.30,12.10,406.00,12.42,46.15,1080,1,1713169990,GSN-01,-77,25.10,80.40,47,0,0,7.80,85,8.52,24.60,25.30,24.70,23.50,21.70,23.80,20.70,25.90,21.60,21.80,20.20,22.80,22.90,22.00,24.50,21.20,25.70,21.80,24.40,20.40,24.80,23.40,25.40,20.20,22.70,23.70,25.00,20.90,20.40,23.40,24.50,22.90,23.50,20.70,24.10,23.30,21.80,23.20,23.60,21.70,24.50,25.00,23.80,23.90,23.80,22.00,21.10,24.30,24.50,20.20,24.80,20.30,23.50,21.60,21.10,22.40,22.30,25.30,20.20,21.30,23.60,20.40,20.30,20.40
TLM_RCV,-83,FG-ALPHA,1713170024,AUTO,0,33.33,5.00,-85,85.81,7.99,3.28,5.02,827,465,0,306,21.81,1013.30,12.00,406.30,12.42,46.15,1080,1,1713169977,GSN-01,-77,25.30,76.90,40,0,1,7.78,84,8.52,21.80,22.00,23.40,23.40,25.40,23.30,21.60,22.60,23.40,23.00,23.00,21.70,24.50,22.00,25.70,25.10,25.70,24.60,20.00,24.80,22.40,23.60,20.20,21.20,20.00,21.30,22.20,20.70,21.80,21.80,22.70,25.40,22.40,25.10,25.20,22.30,23.60,24.40,24.80,22.00,24.10,20.40,25.00,25.90,22.20,20.60,24.80,24.60,21.10,21.20,21.70,25.80,22.10,23.80,21.30,24.30,21.60,21.30,25.00,25.60,25.90,23.50,25.70,24.00
TLM_RCV,-67,FG-ALPHA,1713170025,AUTO,0,31.05,5.00,-85,85.86,8.00,3.29,5.02,917,410,0,258,22.53,1012.90,12.10,404.90,12.43,46.15,1080,1,1713169992,GSN-01,-77,24.10,75.80,42,0,0,7.81,85,8.53,22.30,23.30,25.80,24.00,24.10,24.60,24.40,24.10,24.10,20.40,20.90,24.90,21.40,25.80,25.20,24.30,25.30,21.50,22.10,20.00,22.20,23.00,20.30,22.30,24.10,25.90,25.80,20.30,25.80,21.90,20.00,22.70,20.00,24.80,25.30,25.50,22.50,21.30,24.60,25.30,23.40,24.90,25.00,22.70,20.60,24.30,23.60,25.90,21.00,23.30,21.60,21.60,21.40,20.60,24.20,23.70,22.40,24.00,22.10,23.60,24.00,24.30,24.90,25.40
TLM_RCV,-66,FG-ALPHA,1713170026,AUTO,0,31.08,5.00,-85,85.82,8.00,3.31,5.02,0,417,0,267,22.08,1013.50,11.80,405.60,12.43,46.15,1080,1,1713169995,GSN-01,-74,25.80,78.50,40,0,0,7.80,84,8.53,24.40,21.00,25.30,22.20,22.40,23.60,22.10,25.50,20.10,22.50,25.30,22.30,23.10,20.80,22.00,20.70,22.20,23.50,22.80,23.60,20.50,21.30,23.90,25.90,23.10,21.50,20.90,25.20,25.10,20.10,25.40,20.30,21.80,25.20,25.90,24.50,22.70,21.50,22.70,20.60,21.90,24.50,25.70,22.60,21.60,20.70,23.50,22.30,20.70,25.10,20.50,22.40,22.30,23.30,24.20,24.00,20.30,22.90,20.00,24.40,24.80,22.30,21.40,22.40
TLM_RCV,-80,FG-ALPHA,1713170027,AUTO,0,32.21,5.00,-85,85.89,8.00,3.30,5.02,1143,442,0,285,23.50,1013.30,11.90,406.40,12.43,46.15,1080,1,1713169979,GSN-01,-79,25.30,73.50,46,0,0,7.78,85,8.54,23.40,25.50,23.80,24.70,20.60,25.50,20.30,21.00,23.30,20.10,20.30,21.20,25.80,25.70,23.20,24.40,24.20,22.30,20.40,21.50,24.50,21.90,25.70,20.40,21.30,24.60,24.80,25.30,21.70,22.50,23.80,23.00,22.00,24.20,22.80,20.10,22.20,25.70,21.40,20.90,23.10,24.20,21.90,22.00,22.40,25.70,22.30,20.90,25.50,24.50,21.00,21.90,23.10,25.10,23.30,23.80,23.80,23.60,24.60,21.60,23.60,24.10,25.90,23.60
TLM_RCV,-92,FG-ALPHA,1713170028,AUTO,0,31.19,5.00,-85,85.97,8.00,3.28,5.02,1195,439,0,283,23.78,1013.10,11.80,405.20,12.43,46.15,1080,1,1713169970,GSN-01,-77,23.40,83.00,40,0,0,7.82,85,8.54,21.40,23.90,25.40,24.70,24.80,21.50,20.20,20.30,25.10,21.00,25.90,25.90,23.60,23.60,25.70,20.70,21.40,25.10,21.70,24.70,25.50,20.60,21.20,25.50,25.80,23.40,22.50,24.20,23.30,24.30,21.00,24.50,21.20,23.70,25.50,22.30,20.70,23.10,24.30,21.10,21.50,25.50,25.00,25.10,23.50,20.60,24.40,24.50,20.20,23.20,20.40,25.30,21.80,23.90,23.30,25.10,20.50,23.30,24.00,23.90,23.00,21.20,22.90,20.50
TLM_RCV,-56,FG-ALPHA,1713170029,AUTO,0,32.11,5.00,-85,86.01,8.00,3.30,5.02,813,422,0,270,21.95,1013.00,11.80,405.70,12.43,46.15,1080,1,1713169987,GSN-01,-72,25.70,78.80,47,0,0,7.80,84,8.55,22.10,25.60,21.40,25.00,25.00,22.40,21.60,23.30,23.30,25.10,25.80,24.30,23.10,23.00,25.00,22.20,22.70,20.20,22.00,23.80,24.40,21.10,25.60,21.20,25.30,21.90,20.90,24.80,21.00,20.70,20.90,25.50,21.70,21.10,22.40,25.50,21.00,25.30,21.70,24.90,24.80,25.10,20.10,25.70,22.70,24.50,24.40,20.20,24.70,24.10,20.90,20.50,22.90,24.60,20.70,24.00,20.60,23.00,20.60,23.70,20.90,21.40,20.10,25.10
TLM_RCV,-77,FG-ALPHA,1713170030,AUTO,0,31.14,5.00,-85,86.08,8.00,3.28,5.02,1142,427,0,282,23.58,1012.80,11.90,404.70,12.43,46.15,1080,1,1713170016,GSN-01,-95,24.50,77.20,46,0,0,7.80,84,8.55,20.50,22.40,22.80,21.80,20.00,21.50,25.80,24.70,22.30,20.30,23.10,24.50,20.20,20.90,23.30,25.00,24.50,24.00,20.90,21.60,21.40,20.10,21.60,25.20,23.10,20.10,24.00,24.80,20.70,23.20,22.00,24.30,23.80,21.40,21.80,22.20,20.50,21.30,24.30,24.90,24.00,24.70,25.30,23.90,24.10,23.50,25.00,23.30,24.70,23.30,20.20,22.00,24.70,23.90,25.00,20.20,23.10,24.00,22.40,20.70,25.70,25.70,24.80,20.00
TLM_RCV,-89,FG-ALPHA,1713170031,AUTO,0,32.47,5.00,-85,86.12,7.99,3.31,5.02,884,495,0,342,21.94,1013.40,12.10,404.90,12.43,46.15,1080,1,1713169988,GSN-01,-77,23.30,78.80,41,0,0,7.82,85,8.56,20.90,20.10,21.40,22.30,23.70,20.90,23.60,21.50,21.60,20.60,25.50,22.80,20.40,24.50,25.80,20.90,21.50,25.60,25.40,21.10,24.20,25.50,24.00,24.40,21.80,20.00,25.90,22.10,23.60,24.30,25.50,20.50,21.80,21.30,22.00,22.00,24.20,20.90,24.70,20.40,20.00,22.50,21.00,23.50,21.30,21.80,25.50,21.60,20.00,25.60,20.70,21.90,21.60,25.20,25.00,24.50,23.90,22.20,22.90,23.10,23.30,22.80,21.50,23.90
TLM_RCV,-46,FG-ALPHA,1713170032,AUTO,0,32.40,5.00,-85,86.07,7.99,3.29,5.02,0,479,0,329,22.40,1013.10,12.10,406.00,12.43,46.15,1080,1,1713169994,GSN-01,-88,25.30,80.70,43,0,0,7.78,84,8.56,22.10,23.60,25.40,23.70,24.70,22.50,23.60,24.50,24.00,21.80,21.70,20.40,22.00,23.90,23.30,23.80,21.30,25.40,22.70,20.30,23.90,20.30,24.80,23.80,23.40,24.60,21.50,23.20,25.70,21.90,24.60,20.90,21.40,22.40,24.30,21.80,21.90,23.00,23.40,25.60,24.80,21.70,22.30,21.70,23.10,20.30,23.80,20.80,21.80,20.10,23.40,21.50,25.20,20.10,22.10,23.80,25.50,25.10,24.60,22.80,21.90,22.40,21.60,24.80
TLM_RCV,-81,FG-ALPHA,1713170033,AUTO,0,32.42,5.00,-85,86.11,7.99,3.30,5.02,848,483,0,342,21.83,1013.40,11.90,404.90,12.43,46.15,1080,1,1713170002,GSN-01,-80,25.40,78.50,40,0,1,7.78,84,8.57,24.80,25.50,20.10,22.80,20.90,23.20,22.50,21.10,24.70,24.80,21.90,21.80,24.60,20.70,21.80,24.50,23.30,23.70,24.20,25.70,22.90,25.00,20.20,24.30,25.40,24.50,22.90,21.50,24.10,21.40,24.80,20.50,21.10,22.90,23.00,25.10,22.50,24.70,24.20,25.50,24.20,23.20,20.90,25.40,22.80,24.50,25.20,24.80,21.50,22.60,22.30,22.50,20.50,25.90,22.30,24.30,22.40,23.20,24.50,21.20,24.70,25.50,25.70,22.20
TLM_RCV,-79,FG-ALPHA,1713170034,AUTO,0,32.49,5.00,-85,86.14,7.99,3.28,5.02,833,497,0,349,21.68,1013.50,12.10,406.30,12.43,46.15,1080,1,1713170010,GSN-01,-79,23.70,74.70,48,0,1,7.78,84,8.57,21.90,20.60,22.20,20.10,23.90,20.20,22.50,25.80,24.70,24.70,21.20,20.00,25.30,23.20,22.20,20.20,22.00,25.00,22.50,20.60,20.20,23.70,21.90,23.90,22.20,24.60,23.70,21.20,22.70,25.60,20.90,20.70,20.30,20.60,22.70,21.80,21.90,23.50,21.60,20.50,23.00,21.40,20.70,22.70,21.60,25.40,21.70,22.30,23.00,24.40,22.60,21.50,24.80,21.10,22.60,22.20,24.00,20.00,20.70,24.40,22.90,23.20,20.70,23.90
TLM_RCV,-62,FG-ALPHA,1713170035,AUTO,0,32.19,5.00,-85,86.19,8.00,3.29,5.02,975,439,0,287,22.68,1012.90,12.10,406.30,12.44,46.15,1080,1,1713169991,GSN-01,-71,23.80,79.30,49,0,0,7.81,85,8.58,20.30,70.60,23.30,24.90,25.90,23.70,23.30,24.30,20.80,23.00,21.40,24.50,20.60,20.90,21.10,21.10,23.70,22.10,21.80,24.90,25.40,23.10,20.90,25.50,20.90,23.70,24.20,21.70,22.40,22.10,20.80,22.60,23.70,21.80,20.80,23.20,21.50,22.30,24.80,21.20,23.60,22.30,25.90,24.40,21.30,23.30,23.10,24.00,23.60,23.70,23.20,20.50,20.40,24.80,25.20,23.00,21.90,25.10,23.00,23.10,24.90,21.00,23.10,23.80
TLM_RCV,-89,FG-ALPHA,1713170036,AUTO,0,32.35,5.00,-85,86.26,8.00,3.30,5.02,1146,470,0,330,23.38,1013.10,11.80,406.20,12.44,46.15,1080,1,1713169988,GSN-01,-89,25.20,75.10,49,0,1,7.80,85,8.58,22.40,24.90,24.50,25.30,22.90,22.10,23.20,22.80,24.20,25.20,23.30,24.60,23.80,22.00,22.40,22.20,25.00,23.30,20.50,20.50,21.70,20.00,22.30,21.50,25.50,24.50,20.50,25.80,22.10,25.10,22.70,20.20,24.30,23.70,24.10,20.30,25.80,23.60,24.50,24.20,21.30,23.20,22.20,20.80,20.60,20.40,20.10,25.20,22.90,25.00,22.10,22.60,24.80,22.00,25.40,24.70,25.90,23.30,22.70,23.00,21.40,24.50,24.40,22.30
TLM_RCV,-51,FG-ALPHA,1713170037,AUTO,0,32.10,5.00,-85,86.32,8.01,3.29,5.02,977,420,0,270,22.78,1012.90,11.90,405.60,12.44,46.15,1080,1,1713170005,GSN-01,-83,23.90,81.20,43,0,0,7.82,84,8.59,23.00,21.20,22.30,23.30,21.50,22.00,24.90,25.80,21.90,23.00,20.10,24.30,22.20,25.60,82.90,24.70,20.50,21.10,25.60,20.60,23.10,20.30,22.70,24.80,23.00,25.30,24.30,25.80,22.50,22.30,25.60,24.60,25.20,25.30,20.00,23.50,21.40,25.30,22.00,21.40,23.30,21.70,22.80,24.70,24.50,23.90,23.10,25.40,24.70,22.90,22.50,22.00,23.30,25.30,21.90,24.00,22.90,24.20,24.00,25.70,24.40,21.30,20.80,22.00
TLM_RCV,-87,FG-ALPHA,1713170038,AUTO,0,33.04,5.00,-85,86.38,8.01,3.31,5.02,1018,408,0,250,23.05,1013.10,12.00,405.80,12.44,46.15,1080,1,1713169992,GSN-01,-78,25.90,83.00,49,0,1,7.78,85,8.59,24.70,24.10,22.50,22.00,25.90,24.20,24.40,22.40,23.80,21.00,24.90,24.20,25.90,24.00,25.20,25.10,23.90,22.30,25.20,20.90,22.60,21.40,21.80,22.10,24.70,22.70,24.10,24.10,25.00,25.70,21.20,24.50,20.20,25.40,22.60,20.80,20.80,24.20,23.20,24.40,25.40,24.70,21.50,20.40,24.10,22.50,24.20,20.10,20.50,21.20,24.60,25.20,23.80,20.40,23.20,21.40,21.40,25.20,22.00,24.60,21.80,20.50,24.40,21.50
TLM_RCV,-64,FG-ALPHA,1713170039,AUTO,0,33.09,5.00,-85,86.45,8.01,3.28,5.02,1121,418,0,270,23.51,1013.10,12.10,405.60,12.44,46.15,1080,1,1713169985,GSN-01,-92,24.60,83.00,44,0,1,7.82,84,8.60,20.00,24.00,23.40,23.60,24.60,22.20,21.00,21.80,22.20,22.90,24.10,22.00,24.50,25.90,22.60,21.70,21.70,23.60,23.60,20.00,23.50,20.00,25.40,25.10,25.80,23.40,25.10,22.80,20.80,25.30,20.00,22.90,21.20,21.80,22.50,25.10,24.20,22.10,24.30,22.20,21.50,24.50,21.50,25.00,21.10,20.60,20.60,22.70,22.20,23.40,22.30,21.70,21.20,25.00,20.80,24.10,25.00,23.70,20.00,23.20,20.80,25.30,20.80,24.00
TLM_RCV,-93,FG-ALPHA,1713170040,AUTO,0,33.29,5.00,-85,86.50,8.01,3.31,5.02,937,458,0,299,22.40,1013.50,12.10,404.80,12.44,46.15,1080,1,1713170010,GSN-01,-93,25.70,78.20,44,0,0,7.79,84,8.60,25.30,22.20,24.00,21.00,22.20,20.90,23.60,25.10,24.10,25.60,23.90,21.30,24.30,24.20,21.00,22.60,21.70,22.50,22.50,23.00,24.20,22.30,22.90,20.00,20.10,25.90,23.00,25.30,23.30,24.70,21.60,23.70,23.70,24.30,22.80,22.10,20.50,25.80,21.50,24.00,21.60,20.10,23.00,22.60,21.10,22.10,21.60,23.60,20.80,21.50,20.60,23.90,22.70,22.60,23.30,24.20,24.80,23.80,23.10,25.10,20.20,23.30,23.80,25.00
TLM_RCV,-70,FG-ALPHA,1713170041,AUTO,0,31.20,5.00,-85,86.55,8.01,3.30,5.02,1022,441,0,299,22.91,1013.50,11.80,404.70,12.44,46.15,1080,1,1713169985,GSN-01,-85,25.10,82.90,46,0,0,7.82,84,8.61,21.20,22.60,22.10,23.90,21.00,23.30,23.60,22.50,25.20,23.00,22.40,20.70,23.00,21.30,23.70,24.40,23.70,21.80,21.80,22.90,25.20,25.90,24.80,20.00,24.50,21.50,25.80,23.00,24.70,23.60,21.60,21.30,22.00,25.10,21.00,21.50,20.10,25.50,20.10,21.50,22.60,25.90,20.50,25.00,21.60,20.00,23.50,21.70,21.60,25.00,20.30,24.10,22.30,20.30,20.90,20.30,20.60,23.70,20.00,23.80,23.00,23.80,25.50,24.60
TLM_RCV,-61,FG-ALPHA,1713170042,AUTO,0,31.42,5.00,-85,86.59,8.01,3.29,5.02,824,484,0,333,21.70,1013.20,12.00,404.80,12.44,46.15,1080,1,1713170013,GSN-01,-87,25.50,75.50,45,0,0,7.79,85,8.61,20.00,20.80,25.30,25.00,21.50,24.60,21.30,24.70,23.50,23.90,22.30,20.20,24.50,24.10,22.20,24.30,20.00,23.80,20.10,20.50,22.80,24.80,22.60,21.60,22.50,22.20,21.90,25.70,22.40,21.20,23.90,22.40,24.20,20.30,20.10,22.30,23.30,24.80,23.70,23.20,21.60,21.00,21.00,24.70,20.10,22.40,23.10,22.10,22.60,20.10,23.40,25.80,20.10,25.40,23.50,24.10,23.80,20.90,23.80,23.80,22.10,21.60,20.30,24.60
TLM_RCV,-80,FG-ALPHA,1713170043,AUTO,0,32.06,5.00,-85,86.64,8.02,3.30,5.02,979,411,0,269,22.84,1013.20,11.90,405.80,12.44,46.15,1080,1,1713170004,GSN-01,-90,23.20,82.50,40,0,0,7.79,85,8.62,23.70,20.20,24.80,20.10,24.90,25.60,20.60,20.50,24.40,23.30,21.50,24.40,23.80,23.50,21.20,24.60,25.90,20.60,20.10,24.80,20.90,20.60,25.30,77.80,25.10,20.10,22.70,22.30,22.20,25.90,24.60,20.90,23.20,25.70,20.00,24.50,24.30,25.60,25.10,24.70,22.60,20.70,23.00,23.80,25.60,21.10,25.60,22.70,23.70,20.80,21.00,20.30,24.60,22.90,21.30,24.20,22.90,23.70,21.30,20.20,23.80,23.10,23.00,25.40
TLM_RCV,-69,FG-ALPHA,1713170044,AUTO,0,32.37,5.00,-85,86.71,8.01,3.30,5.02,1117,473,0,327,23.22,1012.90,11.90,404.50,12.44,46.15,1080,1,1713170008,GSN-01,-71,25.20,76.80,42,0,1,7.79,85,8.62,23.50,20.10,23.90,24.50,20.80,21.30,25.70,25.20,20.10,21.40,21.10,22.30,25.00,25.90,21.60,24.60,25.70,22.80,21.20,20.60,22.00,21.30,23.60,25.50,22.10,20.20,22.60,23.90,25.60,25.50,25.10,21.60,23.30,20.50,23.80,25.60,21.70,25.50,25.70,20.50,20.40,23.30,21.00,24.40,22.80,20.80,25.40,22.30,21.10,22.30,24.00,20.70,25.70,21.60,23.80,20.70,20.70,21.20,25.00,25.40,22.70,24.10,22.30,24.40
TLM_RCV,-54,FG-ALPHA,1713170045,AUTO,0,32.29,5.00,-85,86.76,8.01,3.29,5.02,992,459,0,308,22.67,1012.90,12.00,405.90,12.45,46.15,1080,1,1713169992,GSN-01,-76,25.30,75.70,46,0,0,7.80,85,8.63,23.60,23.80,23.80,20.00,21.20,24.40,22.40,21.90,24.10,25.20,24.60,22.30,21.40,25.30,22.80,21.50,23.60,20.10,24.20,20.90,21.30,24.40,24.60,23.30,23.10,21.20,23.20,22.50,22.90,20.90,25.40,25.80,23.50,22.30,20.20,23.40,23.90,25.00,24.60,24.10,20.40,21.50,25.10,23.60,25.10,24.00,25.50,22.80,23.00,20.20,24.70,24.40,22.10,20.20,25.30,25.90,25.40,24.00,23.20,20.30,25.70,20.40,21.50,21.90
TLM_RCV,-72,FG-ALPHA,1713170046,AUTO,0,32.42,5.00,-85,86.80,8.01,3.30,5.02,896,484,0,336,22.06,1013.40,11.90,404.60,12.45,46.15,1080,1,1713169995,GSN-01,-84,25.50,80.60,46,1,0,7.82,85,8.63,24.40,25.70,21.30,23.80,21.20,20.20,20.70,21.80,23.00,23.00,23.90,21.90,23.40,24.10,22.30,21.20,22.20,20.20,20.90,23.90,23.30,23.30,22.90,25.70,22.20,20.20,21.60,24.60,20.70,24.40,20.30,21.60,71.60,23.60,23.60,20.00,20.10,24.70,21.20,22.30,22.80,23.10,22.60,21.10,24.10,25.80,25.00,22.00,21.20,25.10,20.20,23.80,24.80,24.50,25.80,24.30,24.00,25.80,24.90,23.80,21.20,24.00,21.00,25.50
TLM_RCV,-86,FG-ALPHA,1713170047,AUTO,0,31.05,5.00,-85,86.88,8.02,3.31,5.02,1156,410,0,270,23.73,1013.20,11.80,404.70,12.45,46.15,1080,1,1713170036,GSN-01,-82,25.60,78.20,43,0,0,7.82,84,8.64,22.60,25.70,24.40,24.20,25.20,20.30,22.00,24.90,23.20,23.90,80.30,24.00,21.10,25.30,24.10,25.30,25.10,21.70,20.70,22.50,20.10,22.90,23.00,20.30,25.30,21.50,22.70,20.30,22.20,24.40,23.20,24.20,23.40,22.80,20.60,25.90,20.70,22.40,21.00,21.30,23.90,22.80,23.30,22.10,23.50,24.50,25.20,22.90,25.10,20.90,21.40,21.20,20.10,22.70,25.10,23.50,25.00,22.60,22.30,20.20,21.30,21.10,22.90,20.30
TLM_RCV,-91,FG-ALPHA,1713170048,AUTO,0,32.06,5.00,-85,86.95,8.03,3.30,5.02,1119,411,0,262,23.54,1012.80,12.10,405.60,12.45,46.15,1080,1,1713170031,GSN-01,-91,24.20,78.90,48,0,0,7.81,84,8.64,22.10,20.10,22.80,20.40,21.50,25.50,25.10,24.20,23.50,22.40,25.50,24.80,24.70,24.40,25.20,24.10,21.40,23.00,24.50,24.50,25.00,21.00,22.00,24.20,22.60,25.70,25.40,25.40,23.80,21.30,21.10,24.80,25.20,21.30,21.40,22.50,25.80,23.20,21.60,22.10,21.10,23.20,22.20,24.90,22.60,22.30,22.40,20.40,21.80,25.40,23.90,21.70,25.10,24.10,22.50,21.80,25.10,20.80,24.70,21.90,22.50,24.50,21.20,23.00
TLM_RCV,-84,FG-ALPHA,1713170049,AUTO,0,32.49,5.00,-85,86.90,8.01,3.30,5.02,0,497,0,349,22.49,1013.30,11.90,405.00,12.45,46.15,1080,1,1713170007,GSN-01,-90,24.70,74.00,46,0,0,7.80,84,8.65,24.10,22.70,24.60,23.90,20.50,21.30,24.30,20.90,24.10,24.60,25.40,22.50,20.40,24.80,23.10,23.80,25.40,22.40,23.80,24.60,21.60,20.50,25.10,20.90,21.50,20.60,22.50,23.70,24.00,24.50,24.90,24.40,24.80,25.30,24.60,21.10,20.00,23.80,22.60,20.50,24.20,23.50,25.20,22.40,23.30,21.80,21.70,22.80,25.00,22.60,23.40,21.60,22.90,22.90,25.30,21.60,25.60,20.80,23.10,24.20,25.30,20.10,24.40,23.10
TLM_RCV,-85,FG-ALPHA,1713170050,AUTO,0,31.05,5.00,-85,86.94,8.03,3.31,5.02,839,410,0,256,22.15,1013.60,11.90,404.50,12.45,46.15,1080,1,1713170020,GSN-01,-88,24.70,78.60,41,0,0,7.78,85,8.65,20.50,22.50,25.40,24.40,24.70,25.20,23.00,25.70,24.00,23.00,25.60,20.50,22.60,25.80,21.30,21.30,24.50,22.00,22.40,25.30,20.90,20.40,23.40,22.50,24.00,24.60,24.30,20.20,25.00,23.20,22.50,25.60,20.00,24.60,22.20,25.70,24.50,23.50,25.80,25.50,20.70,23.50,21.90,25.50,21.60,25.50,20.50,24.10,22.40,20.40,24.90,20.80,22.90,21.00,23.80,21.20,24.80,20.90,24.90,23.20,22.20,24.40,24.60,21.90
TLM_RCV,-84,FG-ALPHA,1713170051,AUTO,0,33.40,5.00,-85,87.00,8.02,3.30,5.02,1016,480,0,323,22.68,1013.10,11.90,405.30,12.45,46.15,1080,1,1713170037,GSN-01,-75,24.90,78.50,42,0,0,7.78,85,8.66,24.70,22.50,24.90,24.80,21.40,20.50,24.50,24.30,70.10,20.80,23.90,22.60,20.60,22.40,22.90,20.90,21.90,25.40,23.10,24.50,23.90,20.20,25.30,21.50,20.50,23.10,22.70,20.20,20.00,24.20,25.20,20.80,25.20,25.70,20.30,25.20,23.30,23.20,20.70,22.20,20.30,24.20,25.80,25.30,25.90,21.30,23.50,24.10,22.10,23.10,23.40,20.90,25.20,22.50,22.70,23.60,21.90,23.00,24.50,25.30,20.20,20.60,21.00,21.70
TLM_RCV,-46,FG-ALPHA,1713170052,AUTO,0,32.40,5.00,-85,86.95,8.01,3.29,5.02,0,480,0,340,22.40,1013.00,12.00,405.40,12.45,46.15,1080,1,1713169996,GSN-01,-74,25.30,79.80,46,0,0,7.82,84,8.66,24.10,20.10,21.30,25.70,21.70,23.90,25.70,25.40,24.80,25.60,23.00,24.20,20.80,23.80,21.80,21.20,22.00,23.60,22.30,21.70,20.30,25.80,24.40,23.70,20.30,21.00,21.30,23.10,20.90,24.60,24.00,20.00,20.60,23.40,24.60,21.70,23.10,24.40,20.30,25.30,22.60,21.60,22.10,20.10,22.60,23.20,23.00,22.30,24.70,21.00,23.90,25.60,23.40,24.70,20.80,21.80,24.20,20.00,25.20,25.60,20.60,24.80,20.60,23.60
TLM_RCV,-88,FG-ALPHA,1713170053,AUTO,0,33.13,5.00,-85,87.00,8.02,3.30,5.02,979,426,0,279,22.76,1013.20,12.00,405.80,12.45,46.15,1080,1,1713170035,GSN-01,-82,24.40,78.90,41,0,0,7.78,85,8.67,20.00,24.30,25.40,23.00,20.20,21.40,24.10,23.30,20.70,22.50,20.70,24.80,22.00,22.70,20.20,21.20,23.70,23.90,20.90,23.20,23.40,24.70,20.70,21.30,24.10,24.10,25.50,23.90,25.60,25.20,22.30,20.00,25.50,23.80,21.30,23.50,24.40,23.50,23.10,23.60,23.60,25.10,22.30,25.80,25.70,21.40,23.50,24.20,24.60,25.40,25.40,21.20,20.40,22.50,22.20,22.50,23.40,21.10,22.20,21.30,25.50,25.40,24.40,20.30
TLM_RCV,-61,FG-ALPHA,1713170054,AUTO,0,33.44,5.00,-85,87.04,8.02,3.28,5.02,858,489,0,339,21.84,1013.30,11.90,406.20,12.45,46.15,1080,1,1713170038,GSN-01,-85,24.80,73.30,44,0,0,7.78,85,8.67,21.50,25.40,24.70,25.80,25.30,23.90,24.40,20.60,20.80,23.40,23.30,23.70,22.00,25.80,24.30,23.40,21.40,24.00,22.00,24.20,24.90,25.00,21.00,20.30,22.10,24.30,20.90,25.20,25.90,20.80,20.70,24.70,25.00,23.60,21.30,24.20,20.30,21.30,20.80,20.50,22.70,23.60,24.20,24.30,20.50,24.30,24.20,24.60,24.30,23.20,23.40,25.10,23.90,25.70,23.70,22.20,23.50,21.90,23.10,25.70,24.10,20.60,21.60,22.20
TLM_RCV,-77,FG-ALPHA,1713170055,AUTO,0,32.01,5.00,-85,87.00,8.03,3.28,5.02,0,401,0,258,22.00,1012.80,12.00,405.90,12.46,46.15,1080,1,1713170021,GSN-01,-75,25.60,82.60,40,0,0,7.82,85,8.68,20.60,23.30,20.90,24.00,20.40,24.60,21.90,25.90,25.70,22.80,23.20,24.80,25.30,23.80,21.80,24.70,24.30,23.30,20.40,20.20,23.30,22.50,23.70,23.30,23.10,20.60,20.30,25.60,25.60,24.30,22.10,23.20,24.00,20.50,21.80,22.60,24.30,21.10,23.10,22.70,21.50,20.20,20.90,23.20,25.40,24.50,20.70,24.30,24.20,24.20,23.50,23.70,23.50,25.30,22.30,25.90,20.00,25.00,22.50,20.70,24.20,22.30,25.10,21.50
TLM_RCV,-86,FG-ALPHA,1713170056,AUTO,0,32.31,5.00,-85,87.06,8.02,3.29,5.02,1077,463,0,304,23.07,1013.30,12.00,405.10,12.46,46.15,1080,1,1713170011,GSN-01,-84,24.90,79.40,46,0,0,7.82,84,8.68,20.80,23.40,20.20,23.30,22.30,24.90,24.00,22.40,25.50,22.40,21.20,23.20,22.00,23.40,23.70,22.00,23.30,20.60,24.20,24.00,20.10,20.80,20.90,23.40,21.30,24.00,20.70,24.40,20.70,21.10,20.60,23.20,24.10,24.10,23.10,25.60,21.30,22.60,22.60,24.10,24.30,23.30,23.40,23.70,21.20,24.20,24.80,20.00,22.70,24.70,21.30,24.40,24.70,23.60,22.90,22.50,25.10,25.10,22.00,22.90,23.50,24.90,21.60,25.30
TLM_RCV,-75,FG-ALPHA,1713170057,AUTO,0,33.46,5.00,-85,87.01,8.01,3.28,5.02,0,491,0,347,22.45,1012.90,11.90,404.50,12.46,46.15,1080,1,1713170035,GSN-01,-87,24.30,74.00,43,0,0,7.81,85,8.69,20.50,21.90,24.50,21.00,20.40,23.90,24.70,22.40,25.50,25.40,23.30,20.80,20.00,21.20,23.20,23.10,22.10,21.60,21.40,25.30,24.10,23.60,20.30,22.30,21.90,20.80,22.10,24.30,21.50,22.20,21.00,20.70,23.50,23.60,20.90,22.00,24.70,25.10,20.20,25.20,24.50,23.40,23.80,24.70,22.80,21.70,23.70,21.90,22.30,22.90,21.40,25.00,20.90,23.40,23.30,23.80,20.20,20.80,21.60,24.40,22.80,24.40,20.70,23.40
TLM_RCV,-92,FG-ALPHA,1713170058,AUTO,0,32.29,5.00,-85,87.05,8.02,3.29,5.02,849,458,0,302,21.95,1012.90,11.90,405.90,12.46,46.15,1080,1,1713170002,GSN-01,-90,23.00,79.60,45,0,1,7.81,85,8.69,25.10,21.40,25.60,22.60,25.10,23.20,23.50,20.90,25.60,24.80,21.50,22.50,20.90,20.80,20.00,23.50,25.90,23.90,22.00,24.40,21.40,23.30,23.20,20.70,20.70,25.50,25.30,22.60,23.20,20.30,23.30,21.00,21.20,24.50,20.90,24.50,23.20,21.80,24.20,25.30,21.30,20.30,24.20,25.70,24.30,23.80,23.90,22.80,20.00,24.90,21.60,21.10,24.90,24.20,24.90,22.10,24.50,21.10,25.70,22.90,20.20,22.70,24.50,25.60
TLM_RCV,-77,FG-ALPHA,1713170059,AUTO,0,31.46,5.00,-85,87.12,8.02,3.30,5.02,1196,492,0,335,23.52,1013.00,11.90,406.00,12.46,46.15,1080,1,1713170041,GSN-01,-86,23.40,78.10,44,0,0,7.79,84,8.70,23.70,23.40,24.60,25.40,20.00,23.90,20.20,20.80,22.20,24.50,21.70,23.00,22.10,24.90,25.30,25.40,22.90,24.60,23.50,23.80,25.60,21.10,21.90,20.30,22.40,24.40,22.90,20.20,24.00,20.10,23.20,22.20,22.20,20.10,24.60,23.50,24.60,21.30,23.50,23.70,25.70,24.90,20.50,25.40,23.80,22.20,21.40,24.50,21.60,23.60,23.00,23.80,22.50,20.40,25.20,24.40,21.80,23.70,20.30,22.50,22.40,22.20,25.00,21.80
TLM_RCV,-58,FG-ALPHA,1713170060,AUTO,0,33.10,5.00,-85,87.20,8.03,3.29,5.02,1179,420,0,264,23.80,1013.10,12.00,404.60,12.46,46.15,1080,1,1713170023,GSN-01,-84,25.60,82.90,47,0,0,7.82,84,8.70,25.30,23.70,24.60,20.10,25.00,25.60,23.90,22.70,25.00,20.20,24.30,22.10,24.00,25.90,23.80,20.90,22.40,22.10,22.40,25.50,23.10,20.50,23.70,25.60,20.30,24.10,20.90,23.00,20.30,20.90,22.50,24.00,23.60,22.40,20.30,21.50,21.40,24.30,20.00,23.80,21.00,22.10,23.00,22.20,24.60,21.50,21.70,23.00,22.60,23.50,24.00,20.40,22.30,21.40,23.90,24.10,20.40,21.50,21.90,22.40,23.90,25.20,21.10,21.10
TLM_RCV,-74,FG-ALPHA,1713170061,AUTO,0,33.17,5.00,-85,87.27,8.03,3.31,5.02,1136,435,0,292,23.50,1013.20,12.10,406.40,12.46,46.15,1080,1,1713170047,GSN-01,-80,23.90,76.70,41,0,0,7.82,84,8.71,24.60,24.70,22.80,22.20,22.30,21.70,22.40,23.40,25.70,22.20,21.10,20.40,23.30,22.00,24.30,20.40,24.10,21.90,21.80,21.70,20.70,24.00,20.80,25.40,21.40,22.80,22.70,23.60,23.70,21.40,24.10,20.70,24.30,22.60,24.70,24.30,25.10,23.50,21.10,21.10,20.70,25.10,25.20,23.30,22.80,21.50,22.60,25.80,22.40,24.40,23.70,21.20,23.60,22.50,23.30,23.00,25.10,23.20,24.00,20.30,22.30,21.10,25.60,21.40
TLM_RCV,-70,FG-ALPHA,1713170083,AUTO,0,31.26,5.00,-85,88.81,8.06,3.31,5.02,0,452,0,293,22.26,1013.10,11.90,404.70,12.48,46.15,1080,1,1713170046,GSN-01,-84,24.60,79.70,40,0,0,7.81,84,8.71,22.50,25.20,24.50,23.10,24.00,23.00,21.80,23.00,23.60,22.80,23.20,22.90,23.00,23.20,21.50,21.30,24.10,20.60,21.90,21.80,20.80,20.20,22.50,21.70,21.90,21.20,20.80,25.00,22.10,21.80,25.70,24.90,24.70,21.00,25.50,20.00,25.90,21.90,21.20,20.90,20.40,21.50,25.30,20.30,25.10,23.80,23.60,20.10,23.20,23.00,25.70,25.90,24.60,23.80,23.50,24.60,21.50,21.50,25.10,25.70,22.00,25.50,25.70,22.70
TLM_RCV,-84,FG-ALPHA,1713170084,AUTO,0,31.22,5.00,-85,88.86,8.07,3.31,5.02,985,443,0,291,22.71,1013.20,11.90,406.10,12.48,46.15,1080,1,1713170040,GSN-01,-77,23.00,78.30,43,0,0,7.82,84,8.72,20.80,25.90,25.60,25.40,23.30,25.80,24.90,22.10,23.90,23.20,23.60,21.60,20.80,20.80,20.00,21.20,22.90,23.60,22.80,24.80,24.50,25.00,21.30,21.10,20.10,22.90,24.10,22.80,23.30,24.60,25.60,21.80,24.20,24.80,21.60,22.20,20.30,23.10,24.00,21.60,25.40,24.20,21.20,21.80,25.50,20.20,23.10,25.10,20.30,20.90,25.80,21.10,22.50,20.30,23.60,22.00,25.90,22.20,23.70,24.00,23.30,21.20,20.70,20.10
TLM_RCV,-66,FG-ALPHA,1713170085,AUTO,0,31.43,5.00,-85,88.93,8.06,3.29,5.02,1128,486,0,339,23.21,1013.00,12.10,405.10,12.49,46.15,1080,1,1713170072,GSN-01,-95,25.50,80.80,47,0,0,7.82,84,8.72,25.10,21.50,25.10,24.40,23.90,23.90,22.70,23.90,24.80,20.20,22.10,22.40,21.30,25.40,24.30,20.40,24.10,23.00,22.10,20.60,23.50,23.20,24.80,22.10,21.80,25.00,24.30,24.30,21.80,20.10,24.30,23.00,25.20,25.60,20.80,24.50,20.80,21.80,20.60,21.90,20.60,22.20,21.60,25.90,22.30,24.80,20.30,24.00,21.50,25.00,23.60,21.70,22.60,25.80,22.00,24.10,23.80,24.20,20.40,25.80,25.60,24.40,25.90,22.70
TLM_RCV,-46,FG-ALPHA,1713170086,AUTO,0,32.28,5.00,-85,89.00,8.07,3.28,5.02,1129,455,0,303,23.37,1012.90,11.90,405.00,12.49,46.15,1080,1,1713170073,GSN-01,-90,23.10,74.30,42,0,1,7.79,85,8.73,22.60,25.30,24.20,23.10,24.80,25.90,20.80,25.70,22.00,25.60,22.20,25.50,21.30,21.50,20.70,24.60,22.10,23.40,20.90,20.50,23.10,20.50,24.00,23.60,23.00,25.30,21.40,24.70,21.90,25.80,22.40,20.50,21.80,22.50,24.90,24.30,21.40,22.70,22.40,24.70,24.50,20.20,23.50,23.70,21.50,20.70,25.60,25.80,22.40,23.20,21.10,20.50,20.30,22.60,22.20,23.30,23.10,21.30,22.40,22.00,21.00,21.40,25.60,21.40
TLM_RCV,-85,FG-ALPHA,1713170087,AUTO,0,33.22,5.00,-85,89.04,8.07,3.28,5.02,877,444,0,285,22.17,1012.70,11.80,405.70,12.49,46.15,1080,1,1713170042,GSN-01,-90,25.10,76.50,40,0,0,7.79,85,8.73,20.70,20.70,22.40,25.40,25.30,21.60,25.40,23.50,22.60,20.10,25.80,20.60,20.80,22.70,24.50,25.50,25.30,24.30,24.70,21.60,23.40,23.60,22.40,23.90,21.70,20.60,24.70,25.10,24.00,25.80,20.20,23.90,25.60,25.10,25.10,24.80,24.90,21.40,25.30,23.70,20.40,25.30,23.10,23.40,22.10,20.30,23.90,23.60,25.50,21.70,22.70,25.60,24.90,20.70,24.80,23.70,25.00,23.60,21.40,22.20,22.60,22.00,23.00,24.90
TLM_RCV,-46,FG-ALPHA,1713170088,AUTO,0,31.30,5.00,-85,89.07,8.07,3.31,5.02,816,460,0,317,21.78,1013.50,12.10,405.10,12.49,46.15,1080,1,1713170034,GSN-01,-90,25.80,74.00,48,0,0,7.81,85,8.74,20.80,22.40,20.90,22.00,24.00,23.20,22.00,24.00,20.90,20.80,23.80,20.50,24.30,22.30,20.80,24.00,23.50,22.60,20.70,24.00,23.80,22.90,24.30,25.30,21.20,22.30,22.40,23.00,24.10,20.60,24.60,25.00,24.40,22.90,23.40,25.30,24.60,25.00,23.60,20.90,20.30,24.10,25.00,23.20,20.60,21.60,24.00,23.50,21.70,21.50,22.80,25.90,20.20,22.80,24.70,24.60,24.60,21.90,22.60,20.90,21.40,21.00,22.40,20.50
TLM_RCV,-69,FG-ALPHA,1713170089,AUTO,0,32.40,5.00,-85,89.11,8.07,3.31,5.02,811,480,0,328,21.66,1013.60,12.10,404.90,12.49,46.15,1080,1,1713170031,GSN-01,-80,24.60,82.10,47,0,0,7.82,85,8.74,22.60,21.10,24.80,25.40,21.20,21.10,21.40,25.20,25.70,22.10,22.90,22.20,21.70,22.70,22.30,21.00,21.10,23.00,23.60,24.90,21.50,20.20,21.40,21.50,25.90,21.40,24.90,23.10,24.00,22.20,21.40,20.60,21.50,25.00,22.20,20.30,23.00,20.80,20.30,23.00,25.00,24.70,23.30,22.40,24.30,20.50,22.30,21.10,23.60,25.90,22.00,24.70,24.80,22.80,25.80,24.30,20.80,21.50,25.50,24.70,20.30,21.60,20.30,22.40
TLM_RCV,-57,FG-ALPHA,1713170090,AUTO,0,32.19,5.00,-85,89.18,8.07,3.29,5.02,1166,438,0,291,23.64,1013.30,12.10,404.90,12.49,46.15,1080,1,1713170063,GSN-01,-88,23.80,73.50,49,0,0,7.79,85,8.75,21.80,25.30,20.90,25.00,22.50,25.00,20.50,22.00,25.70,23.00,22.00,22.60,25.20,21.10,21.70,20.40,23.40,24.70,21.90,20.40,23.70,23.90,25.60,22.70,25.60,21.70,24.00,24.00,20.60,23.90,22.80,21.40,22.30,24.40,20.10,21.10,21.60,25.70,24.00,21.00,23.10,23.10,25.80,20.90,24.50,21.70,21.30,24.30,23.10,25.60,20.70,23.10,21.50,23.40,23.20,23.80,21.30,20.00,20.20,21.20,21.60,24.90,25.20,20.20
TLM_RCV,-44,FG-ALPHA,1713170091,AUTO,0,33.08,5.00,-85,89.25,8.08,3.29,5.02,1076,417,0,264,23.30,1013.50,11.90,404.60,12.49,46.15,1080,1,1713170033,GSN-01,-87,25.20,73.80,41,0,0,7.81,84,8.75,21.00,25.80,22.50,23.30,25.20,22.40,24.90,25.60,22.80,24.00,22.80,23.00,25.70,21.60,25.40,22.50,21.80,25.60,21.80,21.60,24.90,21.80,23.80,22.30,20.40,22.30,23.50,23.30,22.70,20.10,20.10,22.30,20.80,23.80,23.60,24.10,23.60,24.90,20.40,21.50,20.10,21.20,24.80,24.90,25.30,23.00,20.80,21.60,23.30,25.60,21.20,21.70,20.80,25.30,25.40,21.60,22.40,21.50,24.80,24.70,22.90,24.30,23.50,21.70
TLM_RCV,-68,FG-ALPHA,1713170092,AUTO,0,32.33,5.00,-85,89.31,8.07,3.31,5.02,1149,467,0,313,23.41,1013.20,12.10,406.20,12.49,46.15,1080,1,1713170037,GSN-01,-71,24.20,78.10,46,0,0,7.78,85,8.76,25.90,21.60,21.10,25.60,24.70,24.00,21.40,20.80,23.20,24.30,20.00,24.80,25.50,20.70,23.70,20.60,24.10,23.00,24.70,24.00,22.40,22.50,21.70,21.20,22.30,20.50,21.80,21.00,25.30,20.30,23.70,21.30,25.10,23.00,23.10,23.90,24.80,25.20,24.00,20.00,22.10,23.80,22.40,25.10,22.10,24.90,24.60,23.40,25.80,25.80,24.40,22.80,21.80,25.10,21.80,22.00,22.40,22.10,21.20,24.70,24.10,23.20,21.30,20.10
TLM_RCV,-65,FG-ALPHA,1713170093,AUTO,0,33.46,5.00,-85,89.27,8.07,3.31,5.02,0,491,0,342,22.45,1012.90,11.80,405.80,12.49,46.15,1080,1,1713170048,GSN-01,-77,24.10,80.40,48,0,0,7.81,85,8.76,25.90,24.90,23.40,24.00,20.60,24.90,23.10,20.90,24.20,24.00,20.80,23.50,20.20,24.90,25.60,23.00,23.90,23.20,21.20,22.10,25.20,25.30,24.80,21.20,21.60,20.10,23.30,20.10,23.20,22.50,25.10,24.50,20.20,20.40,23.00,23.10,23.70,21.60,22.30,22.40,20.80,23.60,21.90,21.70,23.20,21.70,22.60,22.90,22.70,21.30,25.00,23.30,24.50,21.40,22.80,23.70,22.90,23.90,25.30,23.80,21.50,86.80,24.40,23.40
TLM_RCV,-82,FG-ALPHA,1713170094,AUTO,0,32.10,5.00,-85,89.34,8.08,3.29,5.02,1155,420,0,270,23.67,1013.60,11.90,406.30,12.49,46.15,1080,1,1713170069,GSN-01,-84,25.30,75.20,47,0,0,7.81,84,8.77,22.70,22.60,24.30,21.30,25.60,20.60,22.80,21.00,24.90,24.00,21.80,20.10,25.10,21.90,23.00,24.10,25.80,23.40,20.30,22.10,21.30,22.70,21.70,21.30,24.10,21.40,25.30,21.90,23.60,21.00,23.40,25.50,20.70,25.50,21.10,23.10,23.90,25.90,24.90,24.50,23.10,21.40,20.00,23.20,23.50,23.40,22.80,24.30,22.00,21.30,25.90,25.10,22.90,22.20,22.00,21.70,20.90,23.60,25.70,22.60,23.40,25.80,24.30,25.90
TLM_RCV,-74,FG-ALPHA,1713170095,AUTO,0,31.10,5.00,-85,89.30,8.08,3.30,5.02,0,421,0,277,22.10,1013.30,12.10,405.00,12.50,46.15,1080,1,1713170037,GSN-01,-90,24.00,76.40,43,0,0,7.82,85,8.77,20.00,25.30,20.80,21.40,20.80,25.90,25.20,20.10,21.00,25.00,22.70,20.00,24.60,21.80,25.60,24.10,21.80,23.50,22.30,21.60,24.80,22.60,20.80,22.20,22.90,24.50,20.40,24.70,20.70,20.80,21.20,23.90,25.00,20.90,21.60,22.50,24.70,24.40,25.20,25.20,21.30,21.00,25.40,23.00,22.90,21.30,21.40,22.70,25.50,20.50,23.80,23.40,23.50,20.60,24.50,24.30,21.60,22.70,22.00,23.20,24.80,25.70,24.80,23.50
TLM_RCV,-92,FG-ALPHA,1713170096,AUTO,0,33.21,5.00,-85,89.34,8.08,3.31,5.02,831,441,0,298,21.95,1013.30,11.90,406.30,12.50,46.15,1080,1,1713170044,GSN-01,-95,25.30,75.60,41,0,0,7.82,84,8.78,21.00,22.30,25.90,24.90,23.60,23.10,25.80,22.80,23.40,22.10,25.30,23.60,23.30,25.70,23.50,20.70,20.20,25.50,22.90,24.80,21.80,23.10,24.40,24.00,22.90,22.80,21.80,23.80,25.50,23.30,21.90,23.80,25.30,21.00,23.20,23.50,25.70,23.00,25.70,20.40,23.60,21.00,22.60,22.10,21.40,21.60,21.70,20.60,23.70,21.60,24.20,24.80,25.20,22.10,22.50,20.30,21.10,21.50,21.10,22.80,20.30,24.10,25.00,25.50
TLM_RCV,-45,FG-ALPHA,1713170097,AUTO,0,32.38,5.00,-85,89.40,8.07,3.31,5.02,1136,477,0,318,23.30,1013.10,12.10,406.20,12.50,46.15,1080,1,1713170043,GSN-01,-78,23.40,77.90,48,0,0,7.82,85,8.78,22.60,24.40,20.60,22.30,23.90,25.20,24.70,20.00,20.10,23.90,20.20,23.10,24.20,25.40,21.50,23.00,21.90,25.70,25.40,24.70,24.10,25.90,20.90,21.30,23.20,21.10,22.30,24.80,23.50,24.80,20.30,23.00,78.00,23.30,21.10,22.20,20.50,25.50,22.00,24.10,22.90,20.10,25.70,25.60,24.10,24.40,20.40,23.70,22.60,21.40,22.00,21.90,23.40,20.40,23.40,23.90,22.70,22.90,24.00,25.20,23.70,20.00,25.50,20.90
TLM_RCV,-61,FG-ALPHA,1713170098,AUTO,0,31.03,5.00,-85,89.45,8.09,3.31,5.02,921,407,0,267,22.57,1013.00,11.80,405.10,12.50,46.15,1080,1,1713170042,GSN-01,-85,25.30,76.50,40,0,0,7.79,85,8.79,21.50,22.60,24.10,23.50,20.20,23.40,23.10,23.90,23.70,20.80,20.80,21.90,21.50,21.20,22.70,21.40,21.90,25.20,23.70,22.80,20.00,21.60,25.50,20.70,21.50,24.70,24.00,21.40,21.40,24.00,23.70,24.70,24.40,24.90,22.80,22.40,20.50,23.80,21.10,25.50,25.90,23.40,22.20,24.70,22.70,21.00,25.10,25.00,22.50,21.40,20.10,21.80,22.10,22.90,20.00,23.80,25.10,21.10,23.00,20.70,24.90,21.30,25.20,24.10
TLM_RCV,-63,FG-ALPHA,1713170099,AUTO,0,32.37,5.00,-85,89.51,8.08,3.29,5.02,1004,473,0,328,22.66,1013.50,12.10,405.90,12.50,46.15,1080,1,1713170081,GSN-01,-75,25.60,83.00,45,0,0,7.82,85,8.79,24.00,20.30,21.70,25.10,22.10,22.80,20.20,20.00,21.80,23.20,20.00,25.60,22.10,25.50,20.10,22.10,23.10,21.80,22.40,21.80,21.50,23.40,21.50,23.10,20.70,22.60,21.10,21.90,22.00,22.30,22.30,21.00,20.60,20.20,25.40,21.30,23.80,21.50,25.00,25.60,23.20,22.90,21.10,22.50,20.50,21.90,22.00,23.60,25.80,22.90,20.70,22.00,24.80,23.40,21.20,23.50,24.80,22.50,22.20,23.10,25.40,25.20,23.30,21.90
TLM_RCV,-55,FG-ALPHA,1713170100,AUTO,0,33.13,5.00,-85,89.58,8.09,3.31,5.02,1191,426,0,276,23.83,1013.30,12.00,405.30,12.50,46.15,1080,1,1713170065,GSN-01,-74,23.90,78.90,48,0,0,7.81,85,8.80,24.30,24.80,25.00,24.50,20.20,24.80,22.30,23.30,24.10,23.90,20.00,21.80,25.10,22.40,20.60,21.70,24.00,25.90,24.80,24.50,20.10,24.50,21.10,22.30,20.30,23.10,21.00,23.20,24.50,25.80,20.60,20.20,24.00,22.90,22.40,23.60,25.20,25.50,24.70,25.90,20.90,21.70,22.50,25.70,23.10,21.90,22.70,22.40,20.50,24.70,22.10,22.20,23.60,25.60,20.80,20.50,24.40,21.90,25.30,21.30,20.50,25.20,22.40,22.30
TLM_RCV,-95,FG-ALPHA,1713170101,AUTO,0,33.42,5.00,-85,89.63,8.08,3.29,5.02,940,485,0,334,22.27,1013.10,12.00,406.20,12.50,46.15,1080,1,1713170055,GSN-01,-78,24.80,81.70,43,1,0,7.78,85,8.80,21.30,23.40,25.70,20.80,20.10,23.30,21.40,21.60,24.10,20.20,24.30,24.60,25.80,25.20,23.00,22.10,24.30,24.30,20.90,25.00,20.00,25.00,25.10,25.80,20.00,23.20,21.80,22.20,22.70,24.90,21.90,23.30,24.30,20.20,21.80,24.60,23.70,23.20,21.80,24.60,24.10,22.90,20.00,21.40,24.60,23.20,20.60,22.50,25.50,21.20,22.90,21.70,20.80,23.50,25.00,21.80,25.40,25.60,23.80,24.90,20.00,25.90,20.80,20.40
TLM_RCV,-65,FG-ALPHA,1713170102,AUTO,0,32.10,5.00,-85,89.68,8.09,3.28,5.02,922,421,0,268,22.50,1013.30,11.90,406.20,12.50,46.15,1080,1,1713170067,GSN-01,-77,23.80,82.10,49,0,1,7.80,84,8.81,24.40,23.80,21.90,21.90,20.10,23.00,23.20,21.00,25.50,22.10,21.30,23.40,22.40,21.50,25.00,20.00,23.20,21.90,20.40,20.70,21.80,24.40,22.70,20.30,21.50,24.50,21.30,23.10,22.90,20.50,20.80,23.80,25.00,20.70,25.40,23.70,24.40,22.10,25.10,24.50,25.30,22.30,21.20,25.10,22.70,23.00,21.80,20.60,24.50,23.50,24.90,21.70,22.70,21.90,25.10,25.40,21.50,24.30,25.30,21.90,24.70,25.00,25.80,25.20
TLM_RCV,-64,FG-ALPHA,1713170103,AUTO,0,32.24,5.00,-85,89.75,8.09,3.30,5.02,1117,447,0,294,23.35,1013.60,11.80,406.40,12.50,46.15,1080,1,1713170080,GSN-01,-84,25.20,76.10,47,0,1,7.78,84,8.81,23.90,25.60,20.50,24.80,21.20,25.50,24.00,23.90,23.70,23.50,21.10,21.00,21.90,22.50,23.90,23.10,25.50,24.90,22.60,20.40,24.30,21.10,20.50,21.90,25.20,23.10,22.40,24.90,25.30,24.30,20.30,22.40,25.20,22.70,21.90,23.90,25.20,23.00,24.30,22.50,23.30,21.20,23.80,25.50,20.20,23.30,25.50,23.50,20.60,23.70,24.40,24.40,22.70,21.40,21.00,23.60,21.50,22.00,22.30,20.20,20.70,23.50,24.60,23.90
TLM_RCV,-49,FG-ALPHA,1713170104,AUTO,0,32.30,5.00,-85,89.79,8.09,3.29,5.02,919,460,0,313,22.30,1013.20,12.10,404.60,12.50,46.15,1080,1,1713170093,GSN-01,-94,25.20,79.20,42,0,0,7.82,85,8.82,23.80,23.70,23.50,25.70,25.20,23.50,23.60,21.70,21.80,25.00,22.80,20.90,21.00,20.70,20.50,22.40,22.20,25.80,20.40,22.00,21.70,21.00,20.30,25.20,22.70,22.30,23.90,23.70,21.10,24.90,20.60,23.60,22.60,24.60,25.50,22.20,22.60,22.90,20.90,24.60,20.10,22.90,23.40,20.60,25.50,20.60,21.00,21.70,25.30,24.60,25.90,21.10,25.10,22.00,20.50,25.70,23.40,20.50,22.50,23.80,24.10,21.50,20.10,22.60
TLM_RCV,-71,FG-ALPHA,1713170105,AUTO,0,32.29,5.00,-85,89.75,8.09,3.31,5.02,0,458,0,314,22.29,1013.30,11.80,406.00,12.51,46.15,1080,1,1713170085,GSN-01,-80,24.40,74.40,43,0,0,7.78,84,8.82,20.90,24.80,24.20,22.50,25.70,24.00,20.60,21.30,21.70,21.10,25.30,23.80,24.60,24.20,25.70,24.20,23.90,24.60,25.00,20.20,20.60,25.30,24.70,23.80,25.80,25.50,21.30,24.30,20.80,21.10,20.40,23.60,22.20,24.30,22.80,24.10,24.90,23.70,24.10,25.90,25.70,22.80,23.50,23.40,20.00,20.50,25.80,21.00,22.10,21.00,20.90,21.60,24.40,25.30,24.60,22.90,24.20,24.40,20.00,23.40,23.40,24.10,22.00,21.40
TLM_RCV,-86,FG-ALPHA,1713170106,AUTO,0,33.32,5.00,-85,89.80,8.09,3.28,5.02,1030,464,0,320,22.83,1013.00,12.00,406.40,12.51,46.15,1080,1,1713170088,GSN-01,-95,23.20,73.80,43,0,0,7.78,85,8.83,23.50,24.10,21.80,24.00,22.30,20.80,23.90,22.30,23.20,22.40,22.30,24.60,24.90,21.40,23.20,25.10,25.90,20.60,23.30,21.50,24.40,22.00,22.50,25.10,20.70,25.10,25.80,22.70,25.30,25.50,24.80,23.60,20.80,24.30,22.20,20.70,20.00,25.70,24.90,23.20,22.60,23.00,25.60,20.70,20.30,20.60,23.10,22.60,22.40,21.70,22.30,25.80,21.80,24.80,24.60,24.80,23.60,21.30,20.00,20.60,25.80,21.90,21.00,24.60
TLM_RCV,-77,FG-ALPHA,1713170107,AUTO,0,31.15,5.00,-85,89.76,8.09,3.28,5.02,0,429,0,289,22.15,1013.20,11.80,405.80,12.51,46.15,1080,1,1713170054,GSN-01,-92,23.30,76.10,41,0,1,7.81,84,8.83,25.70,21.80,21.30,21.00,25.00,21.70,22.30,20.70,20.20,21.20,20.90,20.50,24.20,23.50,24.90,23.30,25.20,23.40,20.80,21.30,25.60,25.80,25.60,21.50,20.00,24.30,24.10,21.60,23.20,23.00,20.40,25.40,21.00,21.00,22.70,23.80,24.60,22.00,25.00,20.10,21.50,20.90,25.90,25.70,25.90,20.10,23.50,20.00,20.00,25.80,24.40,22.10,21.90,21.50,22.30,20.20,23.90,20.10,21.10,24.80,25.50,24.40,22.00,20.70
TLM_RCV,-60,FG-ALPHA,1713170108,AUTO,0,31.48,5.00,-85,89.80,8.08,3.28,5.02,885,496,0,340,21.94,1012.80,11.90,405.80,12.51,46.15,1080,1,1713170074,GSN-01,-86,25.50,78.50,45,0,0,7.81,84,8.84,22.30,20.40,23.10,22.90,21.30,25.70,21.90,21.50,23.70,24.20,22.10,23.50,24.30,23.30,25.80,22.50,20.70,21.30,23.30,20.70,21.00,20.90,24.70,20.80,22.10,22.50,22.10,22.40,20.00,20.40,20.70,25.50,21.90,23.30,21.50,21.20,22.50,20.30,24.00,23.10,21.90,25.10,22.80,22.40,22.40,21.00,22.30,24.90,23.10,25.20,21.40,22.50,20.50,24.60,24.60,25.60,20.10,25.40,25.80,23.90,22.60,23.60,21.40,21.30
TLM_RCV,-74,FG-ALPHA,1713170109,AUTO,0,31.36,5.00,-85,89.83,8.09,3.29,5.02,818,472,0,320,21.73,1013.40,12.00,405.70,12.51,46.15,1080,1,1713170082,GSN-01,-82,23.10,82.10,40,0,0,7.78,85,8.84,23.40,20.20,22.10,24.70,21.20,21.20,24.30,24.70,20.60,20.00,23.50,25.30,20.90,21.30,25.90,21.90,25.00,20.30,23.60,23.30,22.10,20.20,25.80,20.70,22.30,20.00,22.50,22.50,22.50,21.10,20.90,21.50,22.40,23.40,20.90,23.00,22.40,20.80,22.00,21.90,23.20,22.30,20.40,23.30,22.50,22.10,23.90,24.10,20.60,25.50,22.90,22.40,22.10,21.50,20.20,21.40,25.30,24.30,20.50,21.00,24.30,24.70,23.40,23.70
TLM_RCV,-57,FG-ALPHA,1713170110,AUTO,0,33.38,5.00,-85,89.87,8.09,3.28,5.02,822,475,0,328,21.74,1013.60,11.90,406.40,12.51,46.15,1080,1,1713170069,GSN-01,-86,24.90,77.60,40,0,0,7.79,85,8.85,22.70,24.00,23.00,24.90,24.80,23.20,21.00,20.20,25.90,24.60,23.30,20.10,21.40,25.20,21.20,23.10,23.10,20.40,20.10,24.30,22.40,23.90,22.40,20.80,22.50,25.30,20.90,20.50,23.60,21.50,20.00,20.00,25.80,24.10,21.70,25.00,24.80,21.70,23.20,20.40,24.10,24.80,23.20,23.50,25.30,20.70,23.20,20.10,23.90,21.30,22.20,24.90,23.60,25.80,21.50,21.70,23.00,25.00,24.20,22.70,23.10,25.90,23.70,22.20
TLM_RCV,-71,FG-ALPHA,1713170111,AUTO,0,32.49,5.00,-85,89.82,8.08,3.30,5.02,0,499,0,348,22.50,1012.80,11.80,406.20,12.51,46.15,1080,1,1713170080,GSN-01,-87,25.30,75.30,45,0,0,7.82,84,8.85,24.10,21.70,23.20,21.90,20.00,24.00,24.00,24.20,22.40,21.30,24.00,22.00,20.50,24.50,24.10,22.60,23.90,24.90,24.90,25.30,21.60,21.00,23.60,24.30,21.70,23.70,23.60,25.30,20.10,25.10,20.80,21.70,20.80,24.20,25.80,22.60,22.00,23.60,23.80,21.00,22.30,21.90,23.60,23.60,23.20,25.70,20.50,21.40,23.10,22.60,22.60,22.30,23.30,22.70,22.00,21.20,20.50,24.90,21.10,25.90,24.30,25.50,23.80,21.50
TLM_RCV,-94,FG-ALPHA,1713170112,AUTO,0,32.99,5.00,-85,89.89,8.10,3.31,5.02,1120,399,0,259,23.60,1012.80,11.80,404.70,12.51,46.15,1080,1,1713170091,GSN-01,-83,23.30,76.70,45,0,0,7.81,84,8.86,23.80,21.20,23.30,22.00,24.80,24.90,21.50,25.00,23.30,21.80,20.60,25.80,23.70,24.60,24.80,23.20,25.30,20.10,25.70,21.00,25.70,23.40,22.40,23.80,23.80,21.60,24.80,21.20,20.70,23.90,23.80,22.20,23.60,22.30,23.90,21.00,21.80,23.50,20.80,23.20,24.20,21.20,21.30,21.10,24.00,23.60,20.90,20.20,20.90,23.50,22.20,21.90,21.90,25.40,20.50,23.80,23.90,22.80,21.40,20.30,23.60,20.50,20.30,24.40
TLM_RCV,-80,FG-ALPHA,1713170113,AUTO,0,31.23,5.00,-85,89.93,8.09,3.29,5.02,862,445,0,288,22.08,1013.50,12.00,405.70,12.51,46.15,1080,1,1713170080,GSN-01,-91,25.20,74.30,44,0,0,7.78,84,8.86,21.20,25.30,25.60,21.30,22.80,23.80,25.10,20.70,23.10,24.50,24.40,21.20,20.90,21.10,24.50,21.60,22.00,23.00,20.80,23.80,22.20,21.90,25.00,24.00,23.10,23.20,21.00,22.40,24.70,21.70,24.30,20.30,20.50,21.90,22.30,22.10,24.40,20.20,24.20,25.60,21.30,23.20,21.40,22.60,20.80,21.00,23.10,22.00,25.70,24.10,21.40,22.60,20.90,23.50,25.70,24.40,25.90,22.20,23.60,22.80,20.70,25.10,24.50,25.80
TLM_RCV,-67,FG-ALPHA,1713170114,AUTO,0,33.21,5.00,-85,89.89,8.09,3.28,5.02,0,442,0,294,22.21,1013.30,11.80,406.40,12.51,46.15,1080,1,1713170082,GSN-01,-79,23.80,76.40,42,0,0,7.81,84,8.87,20.90,23.10,22.20,24.30,25.20,21.60,20.10,22.10,22.50,21.70,24.50,23.30,22.80,24.70,22.00,21.50,22.10,20.90,25.60,20.30,24.00,25.70,20.30,23.70,23.80,23.30,25.90,21.90,22.50,24.70,25.10,24.40,24.70,24.20,24.00,24.50,24.50,22.70,23.60,22.50,21.10,24.60,25.50,21.20,22.50,21.70,22.40,24.00,22.60,24.60,21.60,22.60,24.20,23.50,23.70,21.50,22.30,25.50,22.80,20.80,25.50,24.50,24.10,21.40
TLM_RCV,-45,FG-ALPHA,1713170115,AUTO,0,32.40,5.00,-85,89.93,8.09,3.29,5.02,948,479,0,326,22.34,1012.80,11.90,405.40,12.52,46.15,1080,1,1713170098,GSN-01,-92,23.40,80.10,40,0,0,7.81,85,8.87,20.60,20.00,24.60,21.60,22.70,24.20,25.70,20.30,20.30,20.00,23.00,22.40,21.40,25.90,20.10,25.90,24.50,23.40,25.90,21.50,24.90,21.10,25.00,20.00,22.00,20.10,25.00,24.20,23.50,22.60,22.40,24.60,21.90,20.40,23.80,20.80,24.20,23.10,24.30,22.70,25.30,23.20,24.20,24.70,25.30,24.30,20.50,24.90,25.30,21.50,21.00,20.20,23.50,20.30,20.80,23.10,21.90,24.70,22.80,22.20,21.60,23.50,21.10,21.90
TLM_RCV,-63,FG-ALPHA,1713170116,AUTO,0,33.33,5.00,-85,89.97,8.09,3.30,5.02,808,467,0,311,21.70,1013.00,12.10,405.60,12.52,46.15,1080,1,1713170082,GSN-01,-83,24.30,81.80,48,0,0,7.82,85,8.88,23.70,21.80,23.00,21.20,21.70,21.80,23.40,24.10,22.90,22.90,21.60,20.20,20.80,22.50,24.80,22.40,23.90,23.70,21.10,25.30,23.10,25.70,22.60,22.80,23.30,25.80,20.70,22.50,20.90,22.80,25.70,24.80,22.80,24.40,21.60,25.00,79.60,25.30,22.90,22.70,20.60,24.80,25.20,24.90,23.40,21.30,22.90,25.20,20.20,24.20,20.50,23.40,23.40,22.70,22.60,23.10,22.20,25.00,23.50,22.80,23.20,20.80,23.40,21.70
TLM_RCV,-57,FG-ALPHA,1713170117,AUTO,0,32.32,5.00,-85,90.01,8.09,3.31,5.02,922,464,0,308,22.29,1012.80,12.10,405.80,12.52,46.15,1080,1,1713170070,GSN-01,-71,25.30,80.90,40,0,0,7.81,84,8.88,20.60,24.80,21.30,23.70,24.40,25.10,25.50,21.20,25.40,25.50,24.50,25.90,20.30,23.90,22.50,22.00,22.90,23.90,22.70,22.30,25.40,20.80,23.60,20.20,25.90,24.30,25.50,20.50,24.20,23.10,23.50,22.90,25.50,23.10,20.80,21.50,20.50,24.50,23.60,21.40,21.10,22.30,23.90,25.90,24.10,20.90,25.00,23.20,24.10,22.50,20.80,25.50,23.30,25.90,24.20,20.20,25.50,23.80,20.30,20.30,24.40,23.30,21.50,21.40
TLM_RCV,-60,FG-ALPHA,1713170118,AUTO,0,32.04,5.00,-85,90.08,8.10,3.28,5.02,1059,408,0,257,23.26,1012.70,12.00,405.00,12.52,46.15,1080,1,1713170092,GSN-01,-86,24.70,75.90,48,0,0,7.79,85,8.89,20.40,21.60,23.00,25.40,22.70,24.80,23.20,22.30,21.60,23.60,22.20,22.70,23.30,21.10,22.40,21.20,22.40,20.20,20.70,24.70,23.10,24.20,22.00,23.90,25.50,23.60,21.20,20.50,20.00,21.60,21.20,24.90,22.10,23.40,24.30,24.10,21.10,24.50,22.60,24.80,22.80,23.20,22.70,21.80,25.10,25.50,20.70,24.80,21.70,23.10,23.90,25.20,25.10,21.90,22.00,23.80,20.80,23.10,23.90,24.40,21.20,20.90,21.50,25.00
TLM_RCV,-65,FG-ALPHA,1713170119,AUTO,0,32.26,5.00,-85,90.03,8.09,3.28,5.02,0,453,0,307,22.26,1013.20,11.80,405.40,12.52,46.15,1080,1,1713170080,GSN-01,-93,23.20,81.20,44,0,0,7.78,85,8.89,20.60,20.10,24.40,24.00,24.10,21.30,20.10,25.90,21.60,23.00,21.30,22.40,22.40,21.50,24.00,22.20,23.20,23.20,22.80,20.80,24.50,21.50,22.80,25.50,21.50,23.10,25.60,24.90,21.10,25.30,20.10,25.00,22.10,21.00,25.30,22.20,23.50,22.90,20.50,21.90,22.80,24.10,24.80,21.30,22.30,24.60,25.50,23.70,20.80,23.30,20.00,24.90,21.10,23.70,25.20,23.40,25.60,20.10,20.90,20.60,23.10,22.40,24.50,23.00
TLM_RCV,-94,FG-ALPHA,1713170120,AUTO,0,31.10,5.00,-85,89.99,8.10,3.29,5.02,0,420,0,274,22.10,1013.20,11.80,404.80,12.52,46.15,1080,1,1713170093,GSN-01,-91,25.10,80.10,49,0,0,7.79,84,8.90,25.70,23.60,25.00,24.80,23.00,22.50,24.00,23.50,22.80,21.50,22.20,23.60,21.80,20.80,23.00,21.50,21.10,25.50,25.80,22.40,23.30,23.50,20.70,20.30,22.40,23.70,22.70,23.10,22.60,23.30,20.10,23.00,25.40,21.30,25.70,21.90,21.80,24.50,21.10,20.10,25.20,23.00,20.50,24.70,20.00,20.20,21.80,22.80,24.60,22.60,25.80,24.60,23.50,22.20,20.70,22.60,25.90,20.90,20.30,20.90,25.20,24.10,22.10,22.50
TLM_RCV,-64,FG-ALPHA,1713170121,AUTO,0,33.24,5.00,-85,90.03,8.09,3.30,5.02,803,449,0,309,21.77,1013.20,11.90,406.20,12.52,46.15,1080,1,1713170104,GSN-01,-75,25.80,77.50,43,0,0,7.80,85,8.90,23.00,25.40,20.60,20.90,20.30,21.70,21.00,20.40,21.30,25.90,24.90,22.50,22.70,20.70,22.40,25.10,24.20,23.70,20.50,22.10,25.90,24.20,20.90,20.80,20.10,21.20,21.20,24.70,22.70,23.40,22.70,22.80,22.70,20.50,24.10,22.10,25.80,20.90,21.70,25.60,23.20,25.10,25.10,23.60,23.00,22.80,23.80,20.70,24.90,23.60,22.80,23.90,23.60,22.30,23.00,25.50,24.40,20.20,20.70,24.40,21.00,21.10,24.50,23.30
TLM_RCV,-79,FG-ALPHA,1713170122,AUTO,0,32.24,5.00,-85,89.98,8.09,3.30,5.02,0,447,0,298,22.24,1013.00,11.90,405.00,12.52,46.15,1080,1,1713170086,GSN-01,-77,25.70,82.70,42,0,0,7.81,84,8.91,25.10,23.30,24.40,22.70,21.10,21.70,24.00,20.40,23.40,21.10,23.90,22.70,20.10,21.70,22.20,21.10,20.40,21.40,25.00,21.70,23.20,20.40,21.10,22.10,21.10,25.40,24.60,20.90,25.40,20.80,25.60,24.80,20.60,24.30,25.40,21.10,20.50,20.70,21.60,25.10,25.60,22.00,23.30,24.20,22.80,23.30,25.80,20.20,21.70,25.40,24.70,21.60,21.00,20.40,25.30,25.20,23.20,20.70,21.30,23.30,21.30,25.30,22.10,25.10
TLM_RCV,-49,FG-ALPHA,1713170123,AUTO,0,32.26,5.00,-85,90.06,8.09,3.28,5.02,1195,451,0,300,23.72,1012.90,12.00,405.50,12.52,46.15,1080,1,1713170064,GSN-01,-76,23.30,74.60,43,0,1,7.79,85,8.91,25.60,22.70,24.60,24.60,24.50,24.20,23.20,20.70,22.20,20.50,25.90,25.60,23.20,22.20,25.90,21.20,23.40,24.00,22.30,25.80,24.10,21.20,84.80,24.30,21.40,23.20,22.80,23.60,24.40,22.70,24.20,23.60,25.50,24.20,23.30,23.90,24.30,25.90,22.00,22.00,23.50,23.90,21.20,20.20,21.10,21.00,23.40,23.40,21.40,21.40,22.50,23.50,25.90,20.50,24.80,25.90,20.70,20.70,23.90,23.30,20.80,20.50,24.80,21.90
TLM_RCV,-89,FG-ALPHA,1713170145,AUTO,0,33.49,5.00,-85,91.18,8.11,3.31,5.02,1070,497,0,340,22.86,1013.00,12.00,405.30,12.55,46.60,1080,1,1713170116,GSN-01,-79,24.30,75.50,46,0,1,7.80,84,8.92,22.80,24.30,25.60,20.80,25.60,20.00,21.60,22.20,22.20,22.70,24.20,24.30,20.00,23.30,21.70,21.50,21.90,24.10,23.30,20.80,22.50,24.10,20.80,25.30,21.70,23.90,25.50,21.40,25.50,21.10,22.00,25.90,23.40,20.50,22.20,22.10,21.90,25.80,24.70,23.50,25.20,23.30,21.50,21.80,23.00,21.10,20.40,22.60,20.90,25.50,20.80,20.80,22.30,20.60,20.50,25.20,25.30,21.40,25.90,20.60,23.60,20.20,25.60,22.30
TLM_RCV,-90,FG-ALPHA,1713170146,AUTO,0,31.44,5.00,-85,91.21,8.12,3.28,5.02,809,489,0,337,21.60,1012.90,11.90,405.30,12.55,46.60,1080,1,1713170127,GSN-01,-80,24.50,74.20,47,0,0,7.82,85,8.92,23.00,21.50,22.30,23.30,21.00,22.30,21.60,22.70,21.40,22.70,25.00,23.20,20.20,25.80,21.70,25.20,23.30,24.50,20.00,25.00,21.70,24.70,21.90,23.00,22.10,21.80,22.00,21.50,25.90,21.10,25.60,20.10,24.90,24.10,24.70,20.50,25.90,22.30,25.50,24.20,21.20,22.60,23.60,24.10,25.00,23.60,25.30,23.80,20.10,23.70,20.20,22.30,24.20,20.70,25.70,21.90,22.40,25.10,21.30,20.20,20.20,23.10,21.40,22.20
TLM_RCV,-58,FG-ALPHA,1713170147,AUTO,0,32.10,5.00,-85,91.28,8.13,3.30,5.02,1154,420,0,262,23.67,1012.90,11.80,405.60,12.55,46.60,1080,1,1713170108,GSN-01,-87,23.30,74.80,42,0,0,7.80,84,8.93,20.30,24.00,24.30,20.00,20.10,21.90,23.50,24.90,24.70,25.40,25.50,24.70,24.90,20.70,22.60,25.70,24.40,24.00,23.60,24.70,21.20,23.20,21.90,22.00,23.80,23.40,25.50,20.20,20.70,24.10,23.80,23.90,24.70,22.20,22.30,23.60,20.80,22.30,22.00,21.00,23.90,24.40,23.10,25.20,24.80,20.20,24.00,25.00,25.70,20.10,20.60,20.80,23.40,23.80,25.60,24.50,24.00,22.00,24.30,21.60,23.20,23.10,22.40,20.90
TLM_RCV,-46,FG-ALPHA,1713170148,AUTO,0,32.47,5.00,-85,91.33,8.12,3.30,5.02,935,495,0,336,22.20,1012.80,11.80,404.60,12.55,46.60,1080,1,1713170101,GSN-01,-86,25.80,75.40,47,0,0,7.80,84,8.93,21.90,25.40,24.10,20.80,23.10,22.90,21.40,20.20,23.30,25.80,23.30,24.90,23.00,23.80,20.90,21.20,21.70,21.80,23.60,22.20,24.20,25.30,24.80,22.90,22.10,21.60,23.00,20.20,23.10,22.40,23.50,86.60,21.70,21.60,22.40,23.90,25.50,22.60,24.60,23.50,21.50,25.00,23.40,25.80,25.90,22.00,25.10,20.10,21.30,21.40,24.60,20.40,25.90,22.50,21.20,20.80,24.80,22.00,22.50,22.70,22.80,22.60,21.90,21.70
TLM_RCV,-67,FG-ALPHA,1713170149,AUTO,0,33.33,5.00,-85,91.37,8.12,3.28,5.02,913,465,0,307,22.24,1013.50,12.00,405.50,12.55,46.60,1080,1,1713170092,GSN-01,-82,23.60,83.00,40,0,0,7.78,85,8.94,21.50,24.10,24.50,25.20,24.90,25.00,24.90,22.70,24.70,21.20,22.90,23.70,21.60,24.20,20.70,20.60,24.00,24.20,22.20,20.90,22.70,22.60,24.30,24.80,20.50,21.90,20.30,20.30,23.70,20.30,20.60,25.30,20.20,20.10,22.20,22.10,20.20,21.60,24.60,25.70,25.20,20.00,20.60,24.30,25.10,23.40,21.80,22.50,24.70,20.20,25.80,24.40,24.20,24.50,23.50,25.50,23.80,25.20,20.10,25.10,25.50,23.60,25.50,20.90
TLM_RCV,-68,FG-ALPHA,1713170150,AUTO,0,32.28,5.00,-85,91.44,8.13,3.28,5.02,1117,456,0,309,23.31,1012.90,11.80,405.00,12.55,46.60,1080,1,1713170140,GSN-01,-90,25.00,81.20,40,0,0,7.81,84,8.94,20.60,22.80,20.90,20.50,25.60,25.00,22.70,23.70,23.80,22.90,23.80,21.40,25.80,25.70,20.90,23.20,24.60,23.10,20.30,22.50,20.00,21.60,21.20,24.80,20.30,20.50,22.40,24.50,22.70,20.90,23.10,25.80,25.60,22.20,24.20,24.90,20.10,22.40,24.20,25.70,22.00,25.50,21.00,23.30,20.80,25.40,22.20,20.80,20.30,77.40,25.80,25.80,21.70,23.20,24.10,22.80,25.50,22.90,23.10,21.40,25.90,24.90,21.60,21.90
TLM_RCV,-45,FG-ALPHA,1713170151,AUTO,0,31.32,5.00,-85,91.50,8.13,3.29,5.02,1138,463,0,310,23.37,1013.30,11.80,405.50,12.55,46.60,1080,1,1713170092,GSN-01,-87,25.00,77.40,49,0,0,7.79,85,8.95,21.00,22.10,23.40,25.50,21.70,21.70,22.10,20.30,25.60,24.70,23.00,24.50,25.40,25.00,24.20,23.10,21.20,21.50,21.40,24.80,24.50,20.30,24.00,21.10,21.80,23.60,25.20,20.80,25.00,25.20,24.80,25.20,20.50,22.10,22.40,23.20,24.60,20.90,22.70,25.90,22.50,25.80,20.00,23.40,21.70,22.20,20.30,20.30,25.60,22.20,22.80,22.00,25.90,20.30,20.60,24.10,25.80,22.00,20.40,23.80,24.80,20.40,22.90,22.00
TLM_RCV,-62,FG-ALPHA,1713170152,AUTO,0,33.32,5.00,-85,91.46,8.13,3.30,5.02,0,464,0,310,22.32,1012.90,11.90,406.20,12.55,46.60,1080,1,1713170100,GSN-01,-81,24.70,77.70,41,1,0,7.82,85,8.95,25.10,24.50,22.30,23.70,23.40,22.50,23.30,25.10,21.00,20.90,23.30,24.90,22.50,20.00,21.30,20.10,20.00,22.90,20.30,24.50,22.30,25.40,21.10,23.50,22.00,23.40,21.30,23.00,24.70,21.30,21.70,20.30,24.80,24.60,22.50,24.10,21.00,22.90,22.80,24.70,20.30,22.20,24.60,22.90,25.80,24.60,21.30,22.00,22.80,20.70,23.90,25.60,25.40,23.40,25.40,24.30,25.50,24.50,23.10,20.10,24.10,25.40,21.10,21.90
TLM_RCV,-92,FG-ALPHA,1713170153,AUTO,0,33.45,5.00,-85,91.52,8.12,3.30,5.02,1136,490,0,341,23.23,1013.50,11.90,405.30,12.55,46.60,1080,1,1713170140,GSN-01,-88,23.40,77.40,40,0,0,7.82,84,8.96,23.00,23.20,24.30,23.60,20.30,22.80,23.10,22.50,21.50,23.50,23.60,23.50,22.20,23.30,25.20,24.40,22.30,24.10,23.50,24.90,25.80,21.60,20.70,22.00,21.10,25.10,22.40,23.70,24.90,21.30,22.90,23.90,25.50,20.70,23.40,22.50,23.60,22.90,22.90,25.90,24.90,25.40,24.40,22.60,23.10,22.90,21.70,22.70,20.80,23.70,24.90,22.70,20.90,21.40,24.70,24.10,24.30,24.60,21.60,22.10,21.40,24.40,23.40,24.10
TLM_RCV,-60,FG-ALPHA,1713170154,AUTO,0,32.33,5.00,-85,91.59,8.13,3.30,5.02,1108,465,0,318,23.22,1012.80,11.80,404.60,12.55,46.60,1080,1,1713170140,GSN-01,-86,23.60,73.60,48,0,0,7.80,85,8.96,24.60,21.70,21.30,20.30,25.80,25.50,22.20,25.80,21.30,23.90,22.50,20.00,23.50,20.80,23.50,24.90,24.70,24.60,23.80,25.10,22.00,23.30,20.20,21.70,23.10,25.70,21.80,23.40,25.70,24.00,24.70,22.30,24.40,24.90,24.30,25.20,23.00,22.50,22.20,20.00,23.90,21.30,24.40,23.90,24.70,20.60,25.70,20.10,25.20,23.90,23.50,25.90,24.80,24.50,25.00,20.20,22.10,72.20,24.80,25.90,23.30,24.80,20.50,21.40
TLM_RCV,-58,FG-ALPHA,1713170155,AUTO,0,32.40,5.00,-85,91.54,8.13,3.29,5.02,0,479,0,332,22.40,1013.50,12.00,406.00,12.56,46.60,1080,1,1713170143,GSN-01,-75,25.50,75.80,48,0,0,7.78,84,8.97,22.20,25.70,20.80,25.70,21.20,23.10,21.10,22.00,21.20,21.30,21.10,24.70,21.40,23.40,21.50,21.60,25.30,22.40,25.90,21.50,24.60,21.90,24.60,25.60,24.20,25.40,24.50,20.50,21.80,20.00,21.30,22.70,23.80,21.10,20.00,23.70,24.20,23.60,21.80,24.90,21.60,22.10,24.30,20.50,25.10,22.50,25.40,22.80,23.00,20.00,25.80,23.60,20.70,25.10,24.40,24.00,25.00,25.00,22.90,22.00,25.30,24.90,21.30,21.20
TLM_RCV,-69,FG-ALPHA,1713170156,AUTO,0,32.27,5.00,-85,91.61,8.13,3.28,5.02,1183,454,0,307,23.65,1013.10,11.90,405.60,12.56,46.60,1080,1,1713170136,GSN-01,-77,23.00,73.50,43,0,0,7.81,85,8.97,24.30,21.20,24.80,24.30,23.10,24.80,24.40,24.70,22.40,22.00,23.10,23.80,21.90,23.10,25.40,23.30,24.90,20.40,21.90,23.70,22.20,24.60,25.10,25.60,24.70,25.10,22.80,20.00,25.80,24.70,25.60,25.00,23.80,84.10,23.20,20.30,25.80,20.20,23.30,25.60,20.30,25.10,20.50,25.90,23.40,22.20,22.30,25.30,20.40,20.60,23.30,25.10,22.80,22.00,20.00,21.60,22.10,22.10,24.40,20.50,23.30,21.80,24.70,24.90
TLM_RCV,-69,FG-ALPHA,1713170157,AUTO,0,33.45,5.00,-85,91.64,8.13,3.31,5.02,810,490,0,342,21.60,1012.90,11.80,405.90,12.56,46.60,1080,1,1713170124,GSN-01,-90,23.30,81.20,47,0,1,7.78,85,8.98,23.60,20.20,25.10,24.20,22.00,24.90,20.00,21.60,24.30,20.80,24.90,21.40,22.50,21.50,20.00,21.40,24.70,22.10,20.40,20.50,23.20,21.50,22.60,20.00,22.40,25.90,20.50,22.20,25.90,21.40,20.60,22.50,24.60,22.60,22.70,24.10,25.40,21.60,21.30,25.00,24.50,24.50,21.90,25.20,22.60,25.20,24.60,22.70,21.20,21.40,21.50,21.00,25.20,24.80,20.10,23.80,23.50,21.10,20.70,24.50,20.90,20.50,23.00,25.70
TLM_RCV,-95,FG-ALPHA,1713170158,AUTO,0,31.33,5.00,-85,91.71,8.13,3.31,5.02,1127,467,0,308,23.30,1012.80,11.80,404.60,12.56,46.60,1080,1,1713170124,GSN-01,-77,23.00,76.80,45,0,0,7.79,84,8.98,23.00,24.10,25.30,25.30,25.80,22.50,22.60,20.80,22.00,20.20,25.40,20.00,22.90,24.20,20.60,23.50,20.50,25.30,24.10,24.30,20.80,21.20,22.10,22.00,20.50,24.20,25.90,24.40,25.70,23.70,22.30,22.50,23.80,20.70,20.00,22.10,24.80,20.40,20.60,23.70,25.80,25.20,22.90,25.50,25.90,21.60,21.80,24.20,21.20,23.00,23.30,23.60,25.50,21.90,22.70,22.90,20.60,22.90,22.00,21.80,23.60,24.90,22.90,25.50
TLM_RCV,-48,FG-ALPHA,1713170159,AUTO,0,31.33,5.00,-85,91.66,8.13,3.30,5.02,0,465,0,314,22.33,1013.10,11.80,405.20,12.56,46.60,1080,1,1713170116,GSN-01,-81,24.30,81.90,49,0,0,7.82,84,8.99,21.70,23.10,24.90,24.80,23.70,23.80,24.30,23.60,23.50,24.00,24.50,22.60,24.00,25.50,22.90,23.40,20.70,21.50,22.00,20.30,21.70,25.80,25.80,24.40,22.40,23.20,21.30,23.50,21.10,24.80,21.90,20.10,23.30,20.20,21.10,20.50,20.10,22.20,23.60,23.20,20.80,24.70,22.30,20.10,23.90,24.90,25.70,23.60,20.60,20.80,23.10,21.30,24.00,22.90,25.60,22.60,22.80,23.60,21.20,23.80,24.50,23.20,23.60,22.90
TLM_RCV,-73,FG-ALPHA,1713170160,AUTO,0,32.09,5.00,-85,91.71,8.14,3.31,5.02,934,418,0,272,22.58,1012.80,12.00,405.20,12.56,46.60,1080,1,1713170136,GSN-01,-82,23.10,78.70,49,0,0,7.82,84,8.99,21.40,24.50,23.50,20.10,24.20,22.20,25.80,20.90,20.80,24.80,23.80,22.20,22.20,23.90,22.80,21.90,24.70,20.00,22.90,20.00,20.30,20.10,25.20,24.60,24.10,23.00,22.90,25.00,20.40,25.80,22.10,21.20,20.20,25.70,22.50,24.30,20.50,21.40,22.90,25.70,22.00,20.50,22.60,21.00,25.90,23.50,22.80,24.90,23.20,21.70,24.20,24.40,21.10,21.30,21.80,23.60,25.00,23.60,22.70,23.80,20.90,25.10,22.90,20.80
TLM_RCV,-66,FG-ALPHA,1713170161,AUTO,0,33.07,5.00,-85,91.78,8.14,3.28,5.02,1033,414,0,261,23.09,1013.20,11.80,404.60,12.56,46.60,1080,1,1713170106,GSN-01,-82,25.70,81.60,44,0,0,7.81,85,9.00,22.90,20.10,20.40,24.90,22.20,24.30,24.10,23.20,20.60,22.60,25.80,22.20,20.20,25.50,24.60,25.60,22.20,24.60,20.60,24.40,22.60,20.80,21.20,25.80,20.90,21.70,21.30,20.80,23.50,25.70,24.90,25.30,25.30,23.90,20.30,24.80,21.90,20.20,22.30,23.80,24.60,24.40,25.50,22.10,21.00,20.90,25.20,22.10,25.60,20.50,22.50,25.30,21.00,24.20,20.90,20.40,25.40,24.70,87.10,21.40,25.30,20.60,20.20,24.20
TLM_RCV,-55,FG-ALPHA,1713170162,AUTO,0,31.12,5.00,-85,91.83,8.14,3.31,5.02,981,425,0,270,22.78,1013.30,12.00,405.00,12.56,46.60,1080,1,1713170125,GSN-01,-71,24.50,78.00,44,0,0,7.79,85,9.00,24.90,23.70,21.50,21.20,21.50,25.90,24.40,21.20,22.70,25.40,21.80,20.70,20.60,22.00,24.90,23.40,23.00,22.90,23.40,23.40,21.90,24.10,20.40,23.40,21.10,22.80,23.70,24.20,21.30,20.50,21.10,21.40,24.00,22.20,20.90,24.60,22.60,25.30,25.20,21.70,24.10,23.50,24.50,21.80,22.20,21.60,21.50,21.90,23.70,24.60,22.20,22.40,20.60,21.00,25.60,25.50,24.10,22.90,22.80,21.00,25.80,22.40,25.30,23.30
TLM_RCV,-41,FG-ALPHA,1713170163,AUTO,0,31.10,5.00,-85,91.88,8.14,3.31,5.02,944,420,0,266,22.62,1013.00,12.00,405.00,12.56,46.60,1080,1,1713170116,GSN-01,-80,24.00,77.10,44,0,0,7.80,84,9.01,24.30,21.70,22.30,20.10,23.30,20.50,22.30,21.60,22.70,20.10,20.00,20.60,22.60,22.40,23.40,24.70,22.70,22.50,24.40,23.30,20.80,23.50,20.50,23.20,22.30,25.00,22.70,20.80,20.50,23.20,24.10,24.80,24.10,25.30,24.70,24.40,25.00,21.40,22.50,24.40,23.80,23.50,22.50,21.70,21.30,21.60,25.40,20.40,22.50,23.80,22.50,20.00,20.90,24.40,23.00,24.10,20.20,22.30,21.20,21.30,20.50,20.20,22.60,24.70
TLM_RCV,-79,FG-ALPHA,1713170164,AUTO,0,32.32,5.00,-85,91.84,8.13,3.30,5.02,0,464,0,315,22.32,1013.00,11.90,405.20,12.56,46.60,1080,1,1713170127,GSN-01,-72,23.50,78.50,45,0,1,7.80,84,9.01,23.90,22.20,22.70,23.70,20.10,24.20,25.80,24.30,21.40,25.70,21.10,23.80,23.20,22.80,21.70,23.20,22.10,25.90,24.70,21.00,23.40,20.50,21.00,22.40,20.80,23.70,23.40,22.50,21.50,25.80,21.10,25.00,25.90,25.20,20.70,24.20,24.40,20.40,25.60,25.00,24.60,21.00,24.80,24.20,24.60,20.10,21.00,24.90,20.70,21.10,25.10,21.20,23.40,23.80,23.50,20.60,20.60,22.20,20.60,24.00,24.50,22.60,20.30,21.50
TLM_RCV,-59,FG-ALPHA,1713170165,AUTO,0,32.45,5.00,-85,91.89,8.13,3.28,5.02,1039,490,0,349,22.75,1013.30,12.00,405.00,12.57,46.60,1080,1,1713170131,GSN-01,-82,24.60,77.40,46,0,0,7.78,85,9.02,23.10,20.30,24.10,22.70,24.30,21.80,20.00,23.40,24.80,21.80,25.60,25.00,23.80,21.90,23.40,24.70,24.00,23.50,23.70,22.30,25.50,24.60,24.60,24.10,23.80,21.60,20.50,24.40,23.40,25.70,20.40,20.80,21.10,23.00,22.30,21.30,25.50,22.10,21.00,20.40,23.30,24.20,20.10,20.00,25.30,24.10,20.80,25.80,24.60,20.20,20.40,24.50,22.50,22.00,20.60,22.90,20.20,23.30,20.80,20.40,21.00,76.00,22.70,25.00
TLM_RCV,-58,FG-ALPHA,1713170166,AUTO,0,33.03,5.00,-85,91.94,8.15,3.30,5.02,899,406,0,266,22.47,1013.30,12.10,404.70,12.57,46.60,1080,1,1713170119,GSN-01,-76,24.60,80.50,47,0,0,7.80,85,9.02,23.90,25.60,21.30,21.30,20.20,22.50,20.80,21.10,23.40,24.20,20.20,22.30,25.50,23.90,21.80,23.90,22.70,20.30,21.40,21.70,24.00,22.40,20.90,21.70,23.00,22.60,22.30,22.40,20.70,24.90,25.00,21.00,24.20,22.60,21.00,24.70,20.60,24.80,20.30,23.90,22.30,21.10,25.40,22.50,21.70,21.30,20.90,23.30,22.90,20.00,21.20,23.70,20.00,20.30,23.10,20.60,23.40,22.80,23.30,22.80,22.90,24.00,21.80,24.00
TLM_RCV,-56,FG-ALPHA,1713170167,AUTO,0,31.47,5.00,-85,92.00,8.13,3.29,5.02,1106,494,0,349,23.06,1013.30,11.80,405.80,12.57,46.60,1080,1,1713170130,GSN-01,-83,24.90,82.70,43,0,0,7.78,84,9.03,22.90,25.00,25.20,22.20,25.80,22.70,23.10,25.30,21.20,25.70,22.10,23.50,25.90,22.10,21.90,24.50,22.90,25.50,21.80,20.80,25.30,23.60,23.50,20.40,20.60,21.50,25.30,25.50,20.30,23.80,24.10,24.80,24.60,22.20,24.50,23.50,25.60,22.90,23.00,22.10,20.10,22.00,25.40,20.70,22.90,23.80,23.60,21.70,24.70,23.90,20.10,23.50,25.80,25.00,22.00,22.40,22.10,22.60,20.60,23.70,21.00,23.30,23.60,20.00
TLM_RCV,-52,FG-ALPHA,1713170168,AUTO,0,31.18,5.00,-85,92.07,8.14,3.28,5.02,1130,437,0,281,23.47,1012.90,12.00,404.80,12.57,46.60,1080,1,1713170121,GSN-01,-93,24.90,76.10,45,0,0,7.79,84,9.03,24.20,25.20,21.10,24.80,22.20,21.20,22.80,24.40,24.10,22.70,21.80,20.40,20.30,22.80,22.10,21.70,23.90,23.80,20.80,23.10,23.10,20.30,23.90,22.20,22.80,25.60,24.60,21.40,22.30,21.80,25.00,23.80,24.10,23.00,20.70,23.70,21.60,24.90,25.40,20.20,21.30,21.00,25.20,20.70,22.10,25.60,21.00,24.40,20.80,22.30,25.40,23.40,21.60,24.10,20.90,24.00,23.80,24.30,21.80,21.50,24.80,23.60,20.40,23.50
TLM_RCV,-87,FG-ALPHA,1713170169,AUTO,0,32.29,5.00,-85,92.12,8.14,3.31,5.02,970,459,0,312,22.56,1012.90,12.00,404.90,12.57,46.60,1080,1,1713170153,GSN-01,-77,24.10,78.80,43,0,0,7.78,84,9.04,20.90,24.00,21.00,25.60,22.20,20.10,20.50,20.80,25.00,20.60,23.90,21.30,20.80,20.80,24.60,22.00,22.00,20.10,25.60,24.40,22.60,21.10,21.10,25.10,22.10,20.90,21.60,20.20,23.90,25.70,23.00,25.40,23.70,22.20,21.90,21.80,23.00,24.10,25.50,23.80,25.60,25.20,21.00,25.60,20.30,25.80,25.20,20.80,21.60,21.40,22.20,20.00,23.50,24.70,24.00,20.70,20.50,23.60,21.70,22.50,25.90,21.70,23.50,21.50
TLM_RCV,-63,FG-ALPHA,1713170170,AUTO,0,31.23,5.00,-85,92.18,8.15,3.28,5.02,1006,446,0,288,22.80,1012.70,11.90,405.90,12.57,46.60,1080,1,1713170124,GSN-01,-85,23.20,79.70,47,0,0,7.81,84,9.04,22.70,21.10,22.90,21.60,24.80,23.50,23.90,24.90,22.00,22.70,21.80,24.70,20.40,21.50,25.20,23.00,21.30,20.60,25.10,21.80,21.70,20.10,24.10,24.00,22.20,20.90,23.00,25.10,25.70,25.70,25.40,24.70,23.30,23.30,25.20,20.20,20.70,21.20,25.20,21.20,22.20,25.60,21.50,24.10,22.40,24.90,23.50,22.20,20.80,21.00,23.30,23.40,24.20,24.30,24.60,21.90,24.90,23.00,22.50,20.80,25.50,25.80,21.60,23.40
TLM_RCV,-67,FG-ALPHA,1713170171,AUTO,0,32.19,5.00,-85,92.25,8.15,3.29,5.02,1158,437,0,283,23.60,1013.40,11.80,405.50,12.57,46.60,1080,1,1713170124,GSN-01,-88,25.40,76.50,43,0,0,7.79,85,9.05,20.60,21.90,23.00,20.60,22.60,25.60,21.90,23.20,21.60,24.30,20.70,22.20,22.50,20.10,20.20,22.00,24.20,22.90,24.50,23.80,25.80,24.30,24.20,22.90,24.50,23.40,25.00,25.60,24.70,23.90,24.00,21.30,22.30,21.20,25.40,20.40,25.40,22.60,23.50,21.70,24.80,23.50,20.50,20.20,25.80,25.30,24.90,21.50,24.20,23.00,22.00,24.10,22.30,21.60,21.30,22.60,21.40,22.60,25.00,22.00,25.90,22.30,23.70,20.50
TLM_RCV,-91,FG-ALPHA,1713170172,AUTO,0,33.21,5.00,-85,92.31,8.15,3.30,5.02,978,441,0,282,22.68,1012.80,11.80,405.00,12.57,46.60,1080,1,1713170130,GSN-01,-78,24.00,82.60,44,0,0,7.81,84,9.05,25.40,20.90,24.70,23.60,24.30,21.10,23.00,25.70,25.70,23.70,22.80,21.50,25.90,25.40,22.20,22.30,24.30,25.90,24.50,21.00,23.20,23.20,25.50,21.50,21.30,20.40,24.10,23.10,20.70,23.00,22.80,23.00,22.20,20.20,20.70,25.90,21.50,21.80,25.30,24.80,20.80,22.10,22.70,20.10,24.80,23.40,24.60,22.50,20.00,20.10,21.50,25.30,21.30,25.70,20.10,24.80,24.60,25.90,20.90,21.40,20.30,20.90,23.60,23.80
TLM_RCV,-64,FG-ALPHA,1713170173,AUTO,0,32.22,5.00,-85,92.35,8.15,3.31,5.02,887,443,0,293,22.22,1012.90,11.90,405.90,12.57,46.60,1080,1,1713170136,GSN-01,-93,24.20,78.90,47,0,0,7.82,85,9.06,20.40,25.10,20.40,21.70,20.60,25.40,24.70,24.60,25.80,25.60,20.00,20.10,21.70,24.40,22.70,22.10,22.50,23.20,22.80,24.30,24.70,24.50,24.80,24.50,25.60,22.40,24.00,24.20,24.60,21.40,24.80,20.50,20.10,20.10,21.70,23.40,23.80,20.10,24.50,21.70,25.70,21.90,23.10,25.00,22.90,21.00,20.20,22.50,22.20,23.50,24.20,23.20,25.60,23.80,24.40,21.10,22.20,23.70,23.70,20.40,25.30,22.40,24.40,24.30
TLM_RCV,-52,FG-ALPHA,1713170174,AUTO,0,32.11,5.00,-85,92.41,8.15,3.29,5.02,986,422,0,276,22.82,1013.00,11.80,405.10,12.57,46.60,1080,1,1713170124,GSN-01,-76,24.90,77.80,40,0,0,7.82,85,9.06,23.00,22.50,22.90,23.00,23.40,23.80,25.90,20.70,24.90,22.00,25.90,25.20,21.20,24.40,23.70,24.60,20.70,23.40,21.90,23.30,22.20,22.70,25.40,25.60,25.30,20.50,22.20,20.20,24.50,21.30,20.60,22.10,20.50,20.70,24.40,23.90,25.20,21.10,25.10,22.10,20.20,23.90,25.70,25.20,21.40,23.20,23.00,25.90,24.60,21.40,24.30,23.30,23.00,24.10,22.80,22.70,22.60,20.10,25.40,22.60,20.70,22.40,24.60,21.10
TLM_RCV,-74,FG-ALPHA,1713170175,AUTO,0,33.19,5.00,-85,92.48,8.15,3.30,5.02,1135,439,0,297,23.48,1013.60,12.10,406.30,12.58,46.60,1080,1,1713170120,GSN-01,-77,23.50,79.90,45,0,0,7.81,84,9.07,24.60,21.40,23.80,23.00,21.90,23.40,24.40,22.00,24.60,25.00,25.80,22.60,21.50,24.40,25.00,20.10,22.90,25.60,24.80,21.30,23.30,23.30,24.60,24.90,22.90,24.20,22.20,24.70,23.00,24.50,24.50,24.90,25.30,25.00,23.00,22.10,21.00,21.80,20.60,23.80,23.40,25.90,22.80,25.60,77.60,23.50,23.10,25.20,21.20,25.00,24.00,24.70,24.20,20.50,22.10,25.20,22.00,22.70,20.70,21.10,25.20,23.00,25.90,24.80
TLM_RCV,-44,FG-ALPHA,1713170176,AUTO,0,33.37,5.00,-85,92.43,8.15,3.31,5.02,0,474,0,329,22.37,1013.20,12.10,405.30,12.58,46.60,1080,1,1713170132,GSN-01,-91,24.20,79.10,44,0,0,7.78,84,9.07,23.80,20.80,21.60,24.40,25.10,21.40,25.90,22.00,23.90,25.80,21.00,22.00,22.20,20.70,20.20,22.00,25.00,25.10,20.00,23.30,24.90,24.90,25.80,22.20,20.40,20.20,25.30,23.90,22.20,21.70,22.40,22.70,22.70,21.80,24.40,21.00,22.90,22.70,21.50,22.50,24.80,21.10,22.10,24.50,23.30,25.00,21.00,21.30,23.00,21.70,22.70,22.10,25.90,25.30,23.30,21.30,22.90,21.80,22.80,23.90,23.60,22.30,24.80,23.60
TLM_RCV,-75,FG-ALPHA,1713170177,AUTO,0,33.14,5.00,-85,92.39,8.15,3.31,5.02,0,428,0,283,22.14,1013.20,11.90,404.70,12.58,46.60,1080,1,1713170165,GSN-01,-87,24.10,77.10,47,0,0,7.80,85,9.08,20.60,20.70,20.30,20.30,24.30,23.80,25.00,23.00,77.90,23.20,21.50,23.50,24.10,20.10,24.10,22.30,22.90,21.80,23.50,25.50,25.20,23.30,24.90,23.20,25.10,20.10,24.20,23.70,21.50,23.80,21.30,21.40,20.60,24.20,23.20,20.20,21.50,22.90,25.00,25.40,22.90,24.50,23.30,21.70,20.40,21.90,24.20,25.70,21.30,24.10,25.90,21.60,25.10,21.00,23.30,25.90,23.60,20.90,21.10,23.30,24.80,21.10,21.20,23.20
TLM_RCV,-60,FG-ALPHA,1713170178,AUTO,0,33.31,5.00,-85,92.43,8.15,3.28,5.02,885,462,0,315,22.11,1012.90,12.00,405.10,12.58,46.60,1080,1,1713170129,GSN-01,-81,23.40,77.90,42,0,0,7.82,85,9.08,24.70,20.80,24.20,20.70,21.60,22.70,22.20,20.90,25.20,22.80,25.40,22.60,22.00,20.80,24.50,21.00,25.40,22.50,20.00,21.90,23.00,21.30,20.90,20.50,23.80,21.20,24.90,22.50,23.00,25.60,24.80,24.30,24.30,22.10,20.40,22.10,23.70,23.70,21.60,20.80,20.10,21.10,24.30,23.60,24.60,25.90,23.10,21.40,20.00,20.10,24.60,21.40,20.30,24.90,21.70,21.80,20.10,20.80,21.70,20.50,22.70,23.80,22.30,21.00
TLM_RCV,-58,FG-ALPHA,1713170179,AUTO,0,31.41,5.00,-85,92.49,8.15,3.30,5.02,1072,482,0,342,22.95,1013.60,12.00,404.50,12.58,46.60,1080,1,1713170132,GSN-01,-89,24.60,81.70,46,0,0,7.78,84,9.09,25.30,21.60,21.90,25.50,20.00,24.30,20.40,22.00,22.70,25.70,21.80,20.30,20.30,24.30,20.00,21.50,21.60,24.60,21.80,20.50,23.00,23.70,25.20,25.10,23.40,20.10,23.80,20.50,20.00,25.60,22.60,23.70,20.90,25.20,20.70,23.00,22.60,25.50,22.40,23.80,25.90,20.70,25.60,22.20,23.20,24.60,21.60,21.10,22.80,24.80,20.10,25.60,20.00,21.90,25.90,25.20,24.00,20.40,23.60,25.20,20.70,24.90,25.80,23.30
TLM_RCV,-43,FG-ALPHA,1713170180,AUTO,0,32.16,5.00,-85,92.55,8.16,3.31,5.02,1062,432,0,280,23.15,1013.10,12.10,405.80,12.58,46.60,1080,1,1713170127,GSN-01,-74,24.90,78.60,48,0,1,7.79,85,9.09,21.30,25.70,22.60,23.80,22.10,25.40,20.60,20.60,25.80,25.90,22.80,24.90,24.40,23.30,25.10,22.60,21.80,25.70,20.50,20.70,20.70,21.00,24.40,21.00,21.70,20.50,23.10,20.90,23.40,21.00,25.10,24.90,25.10,24.90,25.90,22.30,23.20,22.60,20.90,23.50,22.70,23.00,24.60,24.20,24.40,22.50,21.50,20.00,21.90,25.90,22.60,23.00,20.70,21.00,25.80,20.90,21.60,24.50,22.60,21.70,21.50,20.90,21.60,25.40
TLM_RCV,-76,FG-ALPHA,1713170181,AUTO,0,31.28,5.00,-85,92.61,8.15,3.29,5.02,1088,457,0,303,23.16,1013.60,11.90,406.40,12.58,46.60,1080,1,1713170168,GSN-01,-73,24.00,76.40,47,0,0,7.79,84,9.10,24.00,24.60,22.40,22.80,21.20,21.40,22.40,25.90,20.40,24.00,24.30,21.70,20.90,23.20,21.70,23.10,24.80,20.50,25.30,23.80,22.80,22.40,24.60,24.20,25.20,23.10,24.90,20.70,22.90,23.80,20.20,23.90,24.00,25.80,20.50,24.30,22.50,24.00,21.50,23.60,20.50,25.10,23.90,22.60,25.60,22.30,25.70,23.10,25.60,21.80,21.60,22.30,23.60,22.60,24.60,21.00,24.10,21.10,23.90,25.20,24.80,21.80,21.60,20.70
TLM_RCV,-66,FG-ALPHA,1713170182,AUTO,0,33.14,5.00,-85,92.69,8.16,3.30,5.02,1147,428,0,274,23.59,1013.40,12.00,405.80,12.58,46.60,1080,1,1713170167,GSN-01,-83,24.40,81.70,40,1,1,7.78,84,9.10,24.60,23.70,23.50,23.00,21.90,23.80,20.90,20.40,23.00,20.30,20.00,20.20,25.90,20.40,23.60,20.50,21.90,20.60,21.20,21.10,25.40,25.00,22.10,21.20,22.80,24.10,24.70,24.90,20.80,25.50,21.40,23.50,24.10,21.30,25.20,23.50,21.80,24.90,24.80,25.40,20.40,25.00,24.70,25.40,23.60,22.00,24.10,23.30,22.40,21.20,22.30,21.90,23.70,24.60,22.50,23.10,21.30,21.90,24.10,23.10,23.90,21.50,25.80,25.10
TLM_RCV,-93,FG-ALPHA,1713170183,AUTO,0,31.41,5.00,-85,92.76,8.15,3.28,5.02,1189,481,0,328,23.54,1013.40,11.80,404.50,12.58,46.60,1080,1,1713170151,GSN-01,-74,24.10,78.80,42,0,0,7.80,85,9.11,20.40,24.10,23.80,22.80,20.60,20.70,23.60,21.40,25.60,25.00,24.60,23.90,21.50,23.80,23.70,20.20,22.70,23.20,20.20,22.60,24.80,22.80,22.20,21.40,20.00,21.10,24.40,25.50,20.00,20.60,22.00,24.40,21.00,20.60,21.60,24.80,22.90,23.30,21.30,24.40,22.10,22.90,22.90,20.40,23.70,21.70,24.50,25.20,24.90,24.80,24.20,25.70,24.00,23.60,21.00,21.90,24.70,20.60,24.30,24.50,22.20,25.10,22.40,23.90
TLM_RCV,-48,FG-ALPHA,1713170184,AUTO,0,31.03,5.00,-85,92.72,8.16,3.28,5.02,0,407,0,251,22.03,1012.70,12.10,405.30,12.58,46.60,1080,1,1713170125,GSN-01,-79,23.00,75.50,42,0,0,7.81,85,9.11,23.00,23.90,25.50,24.00,23.20,22.00,24.20,21.50,22.00,22.30,21.90,20.90,20.30,25.40,24.40,23.20,21.10,23.40,20.50,25.20,23.10,20.90,20.20,22.90,20.70,21.00,24.60,25.30,21.20,21.80,25.00,23.40,22.90,25.60,23.30,21.80,21.80,20.60,24.30,25.50,22.10,22.10,20.00,24.00,21.00,25.70,20.70,23.60,23.30,22.80,22.60,21.60,22.60,22.60,21.60,25.60,25.90,20.00,24.70,22.60,22.50,25.00,21.80,25.50
TLM_RCV,-95,FG-ALPHA,1713170185,AUTO,0,33.00,5.00,-85,92.68,8.16,3.28,5.02,0,400,0,251,22.00,1012.70,12.00,406.10,12.59,46.60,1080,1,1713170171,GSN-01,-87,25.50,76.10,42,0,0,7.78,85,9.12,22.20,23.40,21.40,20.10,20.70,23.00,21.10,25.70,21.90,22.10,21.60,22.30,23.50,22.20,23.60,22.80,22.80,23.60,25.90,23.80,23.70,23.10,25.40,21.40,21.20,22.20,23.30,24.50,22.70,20.70,25.40,23.90,23.90,24.00,21.20,21.10,22.90,24.20,25.60,20.30,22.90,21.40,23.20,20.80,23.70,25.50,21.40,24.10,22.20,23.60,22.90,23.50,25.40,24.70,25.70,22.70,24.40,20.50,20.40,25.60,22.10,21.30,23.30,25.50
TLM_RCV,-87,FG-ALPHA,1713170207,AUTO,2,33.94,5.00,-85,93.40,8.15,3.29,4.92,1199,588,115,320,23.06,1012.80,12.00,404.80,11.11,47.20,1080,1,1713170172,GSN-01,-73,25.20,75.70,46,0,0,7.81,84,9.12,24.50,20.30,23.40,23.00,23.30,23.30,25.00,24.40,25.50,22.10,21.40,22.20,24.30,24.60,24.30,20.50,25.50,25.30,25.60,20.10,22.30,20.30,24.20,25.70,20.10,21.80,23.60,23.30,23.00,25.20,25.70,21.80,23.90,24.50,22.80,20.70,23.00,23.90,24.80,22.00,24.20,21.20,22.40,23.30,21.10,22.20,20.80,25.20,21.40,20.70,21.10,23.40,20.40,23.30,23.00,25.50,23.30,21.40,20.00,20.80,21.10,21.20,20.10,23.80
TLM_RCV,-41,FG-ALPHA,1713170208,AUTO,2,33.02,5.00,-85,93.46,8.15,3.30,4.91,1194,604,122,325,22.95,1013.40,11.80,405.50,11.11,47.20,1080,1,1713170193,GSN-01,-77,24.20,75.60,45,0,0,7.81,84,9.13,22.50,25.20,24.60,23.10,21.40,22.10,22.80,23.30,20.20,23.20,25.60,22.60,22.50,23.60,21.10,24.40,20.70,25.90,24.40,24.20,20.20,23.80,24.60,22.10,25.60,25.10,21.40,25.10,22.20,25.80,21.40,25.30,20.30,24.40,23.60,20.00,22.20,23.00,23.80,23.30,20.80,25.60,25.60,21.70,25.40,22.90,22.70,24.90,22.40,25.50,25.60,23.00,23.00,25.10,23.40,24.40,24.20,25.00,20.10,22.60,20.70,25.30,20.00,23.20
TLM_RCV,-65,FG-ALPHA,1713170209,AUTO,2,32.90,5.00,-85,93.50,8.16,3.28,4.96,964,580,115,316,21.92,1013.30,12.10,405.00,11.11,47.20,1080,1,1713170188,GSN-01,-93,24.60,76.10,41,0,0,7.78,85,9.13,21.20,22.70,25.90,20.50,22.70,24.80,24.60,22.60,22.50,25.40,24.90,21.90,25.10,20.70,25.20,20.20,22.70,21.40,20.50,25.10,20.60,20.00,24.90,24.80,24.40,21.70,23.80,21.30,22.90,23.30,23.70,20.80,23.10,23.70,23.00,25.50,24.60,22.10,23.70,23.40,20.10,25.50,23.80,21.10,22.80,20.80,20.10,20.90,22.50,25.00,25.40,24.10,21.90,24.10,21.80,25.80,20.50,23.60,24.30,23.00,23.10,24.90,24.50,23.50
TLM_RCV,-62,FG-ALPHA,1713170210,AUTO,2,32.63,5.00,-85,93.55,8.17,3.31,4.95,1045,527,110,274,22.59,1013.40,11.90,405.10,11.11,47.20,1080,1,1713170166,GSN-01,-78,24.00,81.10,40,0,0,7.79,85,9.14,23.70,22.20,24.70,20.20,22.50,21.10,24.30,20.30,23.00,25.70,25.40,25.20,23.60,22.60,24.90,22.50,25.30,85.50,23.00,24.70,22.70,24.80,20.40,21.60,21.60,20.40,21.90,21.40,21.90,25.50,23.10,20.30,24.80,20.30,25.30,24.80,22.10,22.90,21.20,20.70,23.30,24.90,24.20,25.90,25.70,23.20,21.00,22.10,25.50,22.60,20.10,21.40,21.60,22.60,25.90,21.40,24.50,23.10,24.80,24.10,21.20,25.30,20.60,23.00
TLM_RCV,-85,FG-ALPHA,1713170211,AUTO,2,34.02,5.00,-85,93.57,8.16,3.30,4.91,872,604,119,328,21.34,1013.10,12.10,406.40,11.11,47.20,1080,1,1713170167,GSN-01,-72,25.40,76.70,42,0,0,7.79,85,9.14,25.50,23.80,22.00,25.10,25.00,24.90,21.90,20.20,20.00,24.90,20.10,25.80,24.50,23.80,23.30,22.90,21.60,24.50,21.70,23.20,22.20,23.30,23.20,23.60,24.30,24.50,21.10,23.80,24.20,23.90,25.30,25.00,20.90,22.40,24.20,20.90,21.20,20.10,20.50,22.60,20.30,25.20,24.80,21.20,22.60,23.50,20.70,25.80,21.60,25.40,24.10,25.40,25.10,24.40,21.10,23.70,24.30,20.60,22.40,24.40,22.80,24.00,24.50,25.60
TLM_RCV,-50,FG-ALPHA,1713170212,AUTO,2,32.60,5.00,-85,93.63,8.17,3.28,4.92,1081,519,114,251,22.81,1013.40,11.90,405.50,11.11,47.20,1080,1,1713170181,GSN-01,-75,23.00,76.10,43,0,0,7.82,85,9.15,20.60,22.70,24.40,25.30,20.70,21.20,21.90,22.70,24.40,23.90,20.70,23.50,21.00,24.90,25.40,23.50,23.70,22.40,20.30,25.20,22.10,22.70,23.60,21.10,25.90,25.80,25.30,21.30,21.50,20.50,25.60,25.10,21.70,21.10,22.90,23.50,20.30,25.10,23.30,22.60,22.90,22.20,23.40,21.80,23.40,21.30,20.30,21.80,22.30,24.90,20.50,24.50,23.10,24.50,22.20,23.10,22.80,24.80,24.00,22.20,20.00,22.50,22.70,25.20
TLM_RCV,-64,FG-ALPHA,1713170213,AUTO,2,32.95,5.00,-85,93.57,8.16,3.29,4.93,0,590,118,316,22.95,1012.90,11.80,404.70,11.11,47.20,1080,1,1713170202,GSN-01,-81,23.60,81.90,42,0,0,7.78,85,9.15,22.50,20.10,22.80,21.50,24.60,22.80,22.60,20.40,22.00,24.70,24.00,21.70,20.00,21.90,20.10,23.30,24.30,22.30,25.50,21.90,21.40,24.80,20.10,25.00,20.90,20.20,25.00,23.50,23.80,20.50,24.30,20.60,22.00,22.00,23.00,23.80,23.90,21.30,24.00,22.30,25.70,22.80,25.70,24.30,22.70,25.60,20.30,21.80,23.60,20.20,24.70,20.50,25.50,22.20,22.10,23.10,24.80,23.10,23.30,22.00,25.80,23.00,21.70,20.30
TLM_RCV,-70,FG-ALPHA,1713170214,AUTO,2,32.66,5.00,-85,93.61,8.17,3.28,4.91,949,532,138,250,22.08,1013.30,11.90,404.60,11.11,47.20,1080,1,1713170188,GSN-01,-78,25.30,81.80,41,0,0,7.82,85,9.16,21.80,23.50,21.20,25.10,22.30,24.50,24.60,25.20,24.10,23.30,22.90,20.40,25.20,25.00,21.10,25.40,20.80,23.30,21.40,24.70,25.20,21.20,25.60,21.70,21.60,22.50,25.10,25.50,23.00,21.20,24.90,24.60,24.40,23.30,21.40,21.50,23.20,23.50,23.80,20.30,24.80,22.90,22.30,22.40,20.60,21.70,21.50,23.70,24.70,24.10,25.80,23.20,23.20,22.40,21.60,20.20,23.60,21.20,21.10,20.30,20.50,21.90,22.90,21.40
TLM_RCV,-70,FG-ALPHA,1713170215,AUTO,2,32.60,5.00,-85,93.65,8.17,3.31,4.91,883,520,122,251,21.82,1012.90,11.90,404.80,11.12,47.20,1080,1,1713170187,GSN-01,-94,25.80,76.30,42,0,0,7.80,85,9.16,22.80,23.20,25.40,21.70,22.10,24.20,20.50,25.90,23.40,25.40,22.20,24.40,25.70,23.70,21.60,20.80,20.10,25.00,24.80,21.00,24.40,20.50,23.10,23.60,24.00,23.60,23.40,23.80,22.30,24.00,25.90,24.20,24.30,23.50,25.00,25.50,22.30,25.30,24.40,22.80,24.00,23.80,25.00,20.60,25.50,23.40,24.20,24.50,24.70,21.50,22.50,23.10,23.30,21.10,25.50,22.80,23.60,20.40,20.80,20.80,24.60,20.50,21.00,21.80
TLM_RCV,-43,FG-ALPHA,1713170216,AUTO,2,32.83,5.00,-85,93.59,8.16,3.30,4.96,0,565,120,303,22.83,1013.40,11.80,404.60,11.12,47.20,1080,1,1713170172,GSN-01,-77,23.10,74.90,41,0,0,7.82,85,9.17,24.80,24.20,23.40,23.00,22.60,22.20,25.30,23.80,22.70,20.60,25.00,24.80,25.60,23.50,21.00,22.80,25.90,20.20,23.40,23.00,20.80,23.80,22.30,23.70,24.80,24.80,20.50,25.70,22.70,22.60,22.60,21.10,23.90,21.30,24.50,20.50,23.60,24.50,25.20,20.00,25.10,24.10,22.70,21.90,23.20,20.70,24.80,22.10,24.70,21.70,25.10,25.60,22.00,20.30,21.40,23.00,21.40,20.10,22.00,20.90,25.10,20.40,24.80,24.20
TLM_RCV,-85,FG-ALPHA,1713170217,AUTO,2,33.03,5.00,-85,93.64,8.16,3.31,4.95,1097,606,127,327,22.45,1013.40,11.80,406.20,11.12,47.20,1080,1,1713170192,GSN-01,-95,23.70,74.30,45,0,1,7.82,85,9.17,22.00,24.00,22.20,20.80,25.60,25.10,24.70,25.00,20.60,20.90,21.40,25.30,25.40,21.10,20.40,20.10,24.20,20.90,21.60,20.50,23.50,23.50,23.80,22.00,23.70,21.90,23.60,25.00,73.20,25.80,22.00,22.80,20.30,22.90,22.10,23.80,24.60,23.10,23.70,22.60,24.70,25.50,25.30,20.30,23.20,23.70,21.80,24.20,21.10,23.70,25.90,22.90,25.80,22.10,24.50,22.60,23.00,20.20,23.60,20.80,23.00,23.00,21.60,22.90
TLM_RCV,-94,FG-ALPHA,1713170218,AUTO,2,32.79,5.00,-85,93.68,8.16,3.31,4.98,895,558,118,291,21.68,1013.00,12.10,404.50,11.12,47.20,1080,1,1713170176,GSN-01,-87,25.10,80.50,48,0,0,7.80,85,9.18,20.40,23.70,22.90,24.60,24.90,24.60,25.40,20.50,25.80,23.20,22.60,23.20,22.70,23.20,23.50,22.90,23.30,24.00,21.00,21.70,23.20,21.40,21.10,25.40,22.40,20.80,22.40,21.80,21.00,22.40,20.40,21.10,20.70,21.40,24.30,24.00,24.90,21.80,21.20,25.30,20.00,21.50,24.80,22.40,22.10,21.80,21.90,23.30,24.10,20.10,20.50,23.50,25.40,22.70,24.00,24.60,22.50,20.50,25.40,20.60,25.40,22.30,20.80,21.40
TLM_RCV,-82,FG-ALPHA,1713170219,AUTO,2,33.81,5.00,-85,93.70,8.16,3.31,4.91,821,561,131,282,21.30,1013.50,12.00,405.70,11.12,47.20,1080,1,1713170160,GSN-01,-88,23.00,78.60,41,0,0,7.81,85,9.18,24.90,24.70,24.90,20.80,23.70,24.70,20.60,21.20,24.70,22.40,25.90,23.80,25.60,21.80,21.40,21.30,22.80,20.40,25.20,21.40,24.20,25.60,22.30,20.60,25.20,22.20,22.80,21.70,24.70,20.10,24.50,24.60,21.20,25.40,23.90,22.90,22.90,25.40,25.10,25.20,22.30,22.60,25.20,24.30,24.60,21.80,20.90,25.90,22.60,25.10,24.30,25.10,22.50,24.20,25.30,24.90,21.30,21.70,25.30,22.10,21.40,25.80,24.80,20.00
TLM_RCV,-74,FG-ALPHA,1713170220,AUTO,2,32.61,5.00,-85,93.73,8.17,3.29,4.96,802,522,105,272,21.40,1013.00,12.10,406.20,11.12,47.20,1080,1,1713170192,GSN-01,-82,25.30,77.20,47,0,0,7.80,84,9.19,21.50,25.20,20.90,21.90,21.10,25.20,23.60,25.40,25.40,22.80,24.10,24.00,22.40,25.90,21.50,20.10,20.90,20.80,22.30,23.10,21.20,25.50,22.30,24.60,24.90,21.20,22.70,21.80,21.70,24.10,24.60,20.50,24.90,25.20,24.10,21.40,20.80,23.20,23.80,20.80,25.80,24.10,25.80,22.90,21.50,25.70,25.10,20.00,22.60,24.70,22.00,20.90,23.60,20.20,24.70,20.60,23.60,20.10,22.10,22.10,25.10,23.70,25.50,24.20
TLM_RCV,-85,FG-ALPHA,1713170221,AUTO,2,32.99,5.00,-85,93.78,8.16,3.29,4.94,1114,599,129,325,22.58,1013.00,12.00,405.20,11.12,47.20,1080,1,1713170173,GSN-01,-94,25.50,76.20,46,0,0,7.79,84,9.19,24.20,22.40,20.30,23.50,23.00,20.80,21.40,21.30,22.70,20.90,21.90,20.30,23.10,24.50,21.40,22.10,23.10,20.10,25.70,21.40,20.00,24.00,23.60,24.90,25.00,21.40,24.40,24.50,20.10,25.90,21.00,24.70,25.90,22.80,20.30,24.80,22.80,22.50,21.10,23.70,23.20,21.20,22.80,23.80,21.70,25.60,20.20,23.10,25.10,23.10,24.70,22.60,22.20,20.80,24.10,24.80,23.80,22.70,25.70,23.00,22.20,24.00,22.80,25.30
TLM_RCV,-75,FG-ALPHA,1713170222,AUTO,2,33.74,5.00,-85,93.81,8.17,3.30,4.94,803,549,102,298,21.27,1012.70,11.80,406.30,11.12,47.20,1080,1,1713170198,GSN-01,-87,25.10,73.50,40,0,0,7.80,84,9.20,23.30,24.40,21.40,21.50,25.90,21.30,22.20,20.10,24.10,20.10,25.50,25.70,21.20,21.70,23.20,23.80,22.30,24.60,20.50,24.40,22.90,21.70,25.00,22.20,23.90,23.80,21.20,24.50,23.00,23.40,25.30,23.10,21.30,20.30,22.50,25.80,21.80,20.10,21.70,24.60,23.70,22.50,23.60,22.90,21.80,24.90,25.00,22.20,25.10,24.80,20.50,25.00,20.80,21.40,23.80,22.70,21.10,21.90,21.60,20.50,22.70,25.10,24.80,23.90
TLM_RCV,-63,FG-ALPHA,1713170223,AUTO,2,33.02,5.00,-85,93.75,8.16,3.30,4.91,0,604,115,332,23.02,1012.70,12.00,406.40,11.12,47.20,1080,1,1713170193,GSN-01,-92,25.10,80.60,47,0,0,7.78,85,9.20,21.00,21.10,21.90,22.00,22.60,24.70,23.60,22.90,24.80,20.40,21.20,21.10,22.30,21.70,20.80,22.40,22.30,21.00,20.10,25.60,21.50,24.70,23.40,24.40,21.50,20.80,20.30,20.30,24.40,22.60,25.80,21.60,23.00,20.60,20.30,20.80,21.50,20.60,22.40,23.40,22.50,20.70,22.80,25.90,24.90,22.80,25.00,23.90,25.40,21.40,25.80,21.70,24.90,20.90,22.60,20.60,24.00,22.60,24.50,24.10,24.40,23.20,21.00,24.20
TLM_RCV,-89,FG-ALPHA,1713170224,AUTO,1,35.73,6.50,-85,93.72,8.08,3.28,4.90,874,1146,723,277,21.36,1012.70,12.10,405.70,11.12,47.35,1080,1,1713170183,GSN-01,-75,24.30,75.00,48,0,0,7.80,85,9.21,25.00,23.90,20.20,24.00,24.00,25.60,21.60,25.80,21.20,25.60,23.10,22.10,22.40,21.20,23.70,22.60,21.30,25.40,24.90,24.40,20.40,23.40,21.20,25.40,21.60,23.10,22.60,22.90,20.40,20.70,20.80,25.40,25.30,25.50,22.50,21.00,23.70,25.10,20.20,21.40,25.80,25.90,25.90,22.20,21.90,23.80,20.80,21.50,24.60,24.30,20.50,23.40,25.10,25.70,22.80,21.90,21.30,25.90,22.70,21.20,20.60,22.90,20.00,25.70
TLM_RCV,-67,FG-ALPHA,1713170225,AUTO,1,34.96,8.00,-85,93.60,8.07,3.31,4.94,0,1191,730,320,25.95,1012.80,12.00,406.30,11.13,47.50,1080,1,1713170178,GSN-01,-72,25.00,73.70,45,0,0,7.78,85,9.21,22.90,24.40,20.70,24.40,20.70,20.20,22.50,24.40,24.30,24.90,22.80,24.30,25.80,22.60,20.90,20.80,23.40,21.10,25.40,24.90,20.80,22.30,21.40,20.80,23.50,21.10,23.70,22.50,21.30,24.30,22.20,23.20,22.70,24.20,25.20,22.00,23.40,23.30,20.90,25.50,22.60,20.50,25.70,23.40,21.20,23.10,25.50,23.00,22.20,23.60,22.00,22.40,22.10,22.00,22.30,25.30,20.50,23.00,21.80,25.90,20.40,25.60,20.00,25.90
TLM_RCV,-45,FG-ALPHA,1713170226,AUTO,0,32.06,6.00,-85,93.65,8.19,3.30,5.02,871,411,0,266,22.30,1012.70,12.00,406.40,11.13,47.50,1080,1,1713170190,GSN-01,-77,25.40,80.20,43,0,0,7.82,84,9.22,22.50,21.70,20.70,22.20,22.10,24.50,24.30,23.20,24.30,24.20,24.90,21.10,24.20,23.10,23.50,25.90,21.10,25.60,21.40,24.60,21.90,22.80,24.50,23.70,23.00,22.10,22.10,21.50,25.80,21.10,25.30,78.60,20.60,21.60,25.10,21.60,22.70,22.60,20.40,20.20,21.80,20.10,21.60,21.10,22.10,23.50,25.00,25.40,25.80,22.70,20.70,23.70,24.80,25.60,20.10,23.90,23.80,24.90,25.10,22.30,25.70,20.30,25.90,21.10
TLM_RCV,-70,FG-ALPHA,1713170227,AUTO,0,31.35,5.00,-85,93.71,8.18,3.30,5.02,1065,471,0,321,22.97,1013.40,12.10,404.60,11.13,47.50,1080,1,1713170207,GSN-01,-88,23.80,80.30,49,0,0,7.78,85,9.22,25.00,21.70,23.90,20.30,25.50,21.30,24.70,23.50,25.20,21.20,22.60,22.30,25.80,20.30,24.60,25.40,22.60,25.90,25.70,22.70,25.00,25.10,22.80,23.60,21.90,21.50,24.70,24.20,22.30,25.70,21.90,22.80,20.70,22.20,23.50,21.80,22.50,24.00,22.00,23.90,20.60,23.70,24.70,25.40,21.70,25.90,22.00,24.00,25.70,24.90,22.20,23.00,20.00,20.80,24.50,24.10,24.70,22.90,21.40,24.60,23.80,24.60,20.20,23.50
TLM_RCV,-84,FG-ALPHA,1713170228,AUTO,0,33.20,5.00,-85,93.76,8.18,3.29,5.02,988,440,0,296,22.74,1013.40,11.90,406.30,11.13,47.50,1080,1,1713170187,GSN-01,-86,24.10,82.70,47,0,0,7.81,84,9.23,24.90,20.70,25.50,25.30,20.80,20.30,25.80,23.90,21.20,23.80,25.90,22.30,21.30,24.90,24.90,25.40,24.80,25.40,20.70,22.40,20.50,23.60,23.50,22.80,24.80,25.10,20.40,21.10,23.70,21.90,21.10,24.70,24.30,20.00,25.80,20.40,22.60,21.30,22.30,25.80,20.10,21.80,21.20,22.20,23.80,22.00,21.50,20.60,20.40,20.50,21.70,21.60,25.80,21.80,21.90,20.70,25.80,21.40,25.50,20.90,23.70,23.00,21.00,20.20
TLM_RCV,-78,FG-ALPHA,1713170229,AUTO,0,33.24,5.00,-85,93.72,8.18,3.29,5.02,0,447,0,307,22.24,1013.60,11.80,405.00,11.13,47.50,1080,1,1713170218,GSN-01,-83,25.40,73.90,44,0,0,7.81,84,9.23,20.40,22.20,25.70,24.30,23.20,24.10,24.30,20.90,20.70,21.10,22.40,24.60,24.60,23.10,24.90,22.80,24.00,21.90,25.60,25.80,25.70,24.30,23.00,23.30,24.10,20.40,20.80,23.70,25.90,23.80,22.20,23.10,23.30,22.20,25.60,22.00,25.20,23.60,21.10,23.40,21.70,25.50,22.40,24.00,22.40,23.50,24.90,23.90,24.10,22.10,22.60,20.90,22.70,87.40,24.90,24.50,25.90,20.90,21.20,21.40,24.70,24.90,25.90,23.50
TLM_RCV,-50,FG-ALPHA,1713170230,AUTO,0,33.10,5.00,-85,93.79,8.19,3.28,5.02,1198,420,0,272,23.89,1013.30,12.00,405.90,11.13,47.50,1080,1,1713170210,GSN-01,-94,24.10,73.70,43,0,0,7.81,84,9.24,20.70,25.10,24.00,21.40,21.20,23.70,22.60,23.70,20.60,20.30,21.30,20.00,25.30,24.30,24.30,22.70,24.60,22.30,23.10,24.70,20.40,25.80,23.50,25.20,23.30,21.60,22.60,24.50,20.30,25.40,22.80,24.90,24.90,21.40,25.50,22.20,21.00,23.80,23.50,22.40,20.80,22.90,22.20,21.40,22.90,20.70,22.70,23.50,25.00,23.90,24.50,24.30,22.70,25.80,25.00,23.20,21.60,24.60,24.80,24.30,22.70,20.30,22.40,20.50
TLM_RCV,-46,FG-ALPHA,1713170231,AUTO,0,33.45,5.00,-85,93.86,8.18,3.28,5.02,1162,490,0,343,23.36,1013.50,11.80,405.70,11.13,47.50,1080,1,1713170203,GSN-01,-78,24.20,78.50,41,0,0,7.78,84,9.24,23.30,21.50,20.40,21.50,24.70,24.50,21.40,21.00,21.30,21.10,23.60,20.00,24.90,20.70,23.30,25.40,22.40,24.40,25.90,24.20,21.80,24.20,23.40,25.90,24.60,20.30,25.30,23.50,20.70,22.60,25.70,21.50,25.10,20.40,23.00,24.10,23.30,23.90,25.80,25.00,23.20,23.50,20.00,21.10,20.00,21.80,20.50,22.90,20.50,21.80,25.70,24.50,20.50,25.10,20.60,21.80,24.90,23.80,24.80,22.90,24.40,24.80,21.40,21.40
TLM_RCV,-63,FG-ALPHA,1713170232,AUTO,0,33.15,5.00,-85,93.92,8.19,3.31,5.02,1016,430,0,284,22.93,1012.80,11.90,405.80,11.13,47.50,1080,1,1713170187,GSN-01,-80,24.20,81.80,47,0,0,7.82,84,9.25,21.70,21.30,70.00,25.70,25.80,22.80,25.70,25.70,23.10,23.10,23.20,22.10,23.20,22.70,22.50,25.30,20.40,20.60,22.70,25.80,21.80,24.50,21.50,22.90,24.40,20.00,23.70,23.10,25.10,22.90,23.30,24.20,20.90,24.90,23.80,20.70,20.20,22.30,24.20,23.80,23.60,22.00,25.40,23.40,23.10,21.30,22.20,20.00,24.00,22.60,25.30,25.10,21.60,24.40,25.80,20.60,20.50,21.60,24.90,20.30,22.90,25.40,22.90,23.70
TLM_RCV,-89,FG-ALPHA,1713170233,AUTO,0,32.28,5.00,-85,93.96,8.19,3.28,5.02,872,455,0,298,22.08,1013.30,11.80,405.90,11.13,47.50,1080,1,1713170207,GSN-01,-88,23.80,77.50,42,0,0,7.78,84,9.25,20.20,20.80,21.70,20.50,24.20,25.80,24.20,24.70,21.90,24.00,24.70,24.00,24.00,20.50,21.40,21.00,25.30,25.40,22.50,24.40,22.00,24.90,25.40,22.60,21.30,22.10,23.30,21.20,22.20,22.90,23.90,23.30,25.00,23.50,22.90,21.40,22.60,24.40,21.20,23.10,22.70,23.60,24.20,22.30,24.50,24.40,20.20,24.00,22.60,21.20,21.60,24.70,22.70,24.80,20.10,21.80,24.20,24.90,23.50,25.70,21.00,24.60,22.50,25.50
TLM_RCV,-59,FG-ALPHA,1713170234,AUTO,0,33.42,5.00,-85,94.02,8.18,3.31,5.02,1086,485,0,332,23.00,1013.00,12.00,405.00,11.13,47.50,1080,1,1713170208,GSN-01,-71,23.20,80.90,40,0,0,7.79,84,9.26,21.70,23.40,25.50,24.70,22.80,24.10,20.30,24.40,23.70,21.90,22.10,21.20,21.00,20.10,22.60,25.40,24.70,20.90,23.80,22.80,25.50,22.00,24.60,21.40,25.30,24.70,21.30,24.80,24.50,21.20,24.40,20.30,22.90,24.10,22.00,25.10,21.50,24.70,23.40,23.50,22.50,22.40,25.50,22.60,20.90,24.50,25.80,22.80,21.10,24.30,21.20,23.00,23.30,20.10,22.80,25.50,20.00,21.30,22.40,25.80,25.40,24.30,20.20,25.90
TLM_RCV,-70,FG-ALPHA,1713170235,AUTO,0,32.24,5.00,-85,94.08,8.19,3.28,5.02,1006,449,0,307,22.78,1013.00,12.00,405.00,11.14,47.50,1080,1,1713170180,GSN-01,-83,23.40,82.20,41,0,0,7.82,84,9.26,23.90,22.20,25.40,21.30,22.50,22.50,25.50,22.40,21.20,23.40,25.70,22.60,20.40,20.00,24.00,20.30,22.40,25.30,24.40,21.30,22.00,21.60,25.70,25.80,22.80,22.10,22.40,21.10,24.50,22.80,24.70,21.00,21.00,21.30,23.50,24.80,21.10,24.40,22.90,23.30,20.70,21.90,24.10,22.60,24.30,20.80,23.70,23.10,23.70,24.90,23.50,22.90,20.50,20.80,21.30,21.90,25.90,22.20,21.40,21.80,22.50,21.70,20.10,21.60
TLM_RCV,-73,FG-ALPHA,1713170236,AUTO,0,33.09,5.00,-85,94.03,8.19,3.31,5.02,0,418,0,274,22.09,1013.60,12.00,406.40,11.14,47.50,1080,1,1713170207,GSN-01,-89,23.50,78.30,40,0,1,7.78,85,9.27,24.70,22.30,21.20,25.20,21.00,23.60,23.40,25.60,23.00,25.60,21.50,20.50,21.30,23.30,21.50,21.60,25.60,21.40,20.10,21.30,25.60,25.50,23.00,25.60,22.60,25.20,20.20,20.10,24.90,22.60,23.80,22.50,23.90,25.10,21.10,25.30,23.70,24.20,25.60,24.50,22.50,21.50,20.10,20.80,20.90,24.00,25.40,22.40,24.80,25.10,20.60,24.80,25.20,23.50,24.60,25.20,23.80,20.90,22.40,20.90,23.30,25.80,25.00,23.50
TLM_RCV,-68,FG-ALPHA,1713170237,AUTO,0,33.47,5.00,-85,94.07,8.18,3.29,5.02,866,494,0,339,21.86,1013.60,11.80,405.70,11.14,47.50,1080,1,1713170199,GSN-01,-89,24.60,76.10,45,0,0,7.80,84,9.27,24.10,20.90,25.50,23.00,21.20,24.40,23.20,25.10,20.80,24.80,21.40,21.60,22.90,25.50,25.80,22.20,21.00,20.40,23.20,23.50,24.50,25.90,23.60,24.90,24.80,22.50,24.60,21.10,20.60,24.30,25.90,23.50,23.70,20.90,23.70,24.80,22.60,20.70,20.20,22.70,20.50,22.80,21.80,20.10,21.60,20.90,22.50,20.70,25.20,23.80,89.80,24.00,25.80,22.30,21.90,24.90,21.00,23.40,24.60,22.60,22.90,24.10,21.30,21.00
TLM_RCV,-80,FG-ALPHA,1713170238,AUTO,0,33.04,5.00,-85,94.11,8.20,3.28,5.02,825,409,0,251,22.08,1013.30,11.90,405.40,11.14,47.50,1080,1,1713170191,GSN-01,-78,25.30,83.10,47,0,0,7.82,84,9.28,20.80,23.50,23.40,24.20,21.30,20.40,20.30,21.20,21.70,22.80,24.20,25.30,20.60,21.20,21.20,25.90,20.30,23.70,22.00,21.90,24.20,21.20,20.90,21.20,20.00,20.40,25.90,22.70,22.50,21.70,22.10,24.60,22.70,22.30,21.80,20.60,20.00,24.70,22.10,23.70,22.20,21.90,24.40,22.40,25.10,21.20,20.10,21.70,24.30,24.20,22.00,22.30,24.90,20.20,23.20,24.50,22.70,24.10,21.20,21.60,25.80,25.40,25.30,22.10
TLM_RCV,-76,FG-ALPHA,1713170239,AUTO,0,32.28,5.00,-85,94.15,8.19,3.31,5.02,812,457,0,314,21.77,1013.20,12.10,406.00,11.14,47.50,1080,1,1713170200,GSN-01,-85,24.70,81.20,41,0,0,7.82,84,9.28,21.90,23.40,23.90,21.20,24.40,22.20,21.80,22.00,21.70,25.40,21.90,23.60,20.90,22.20,22.60,23.80,24.50,25.90,21.70,23.50,20.60,24.00,24.00,21.00,25.10,20.60,25.30,22.00,24.30,22.90,21.00,24.40,25.90,24.10,25.20,24.10,23.00,24.20,24.40,23.70,24.90,23.40,24.20,25.40,22.10,22.70,23.20,20.30,23.00,24.10,24.90,20.30,21.60,23.00,22.00,21.30,20.20,25.90,23.00,22.40,22.20,20.80,23.60,20.80
TLM_RCV,-48,FG-ALPHA,1713170240,AUTO,0,31.30,5.00,-85,94.19,8.19,3.28,5.02,893,460,0,301,22.17,1012.90,11.80,404.90,11.14,47.50,1080,1,1713170193,GSN-01,-88,23.70,76.40,45,0,0,7.78,84,9.29,23.00,21.70,24.70,21.10,23.00,24.50,24.50,24.10,25.20,25.50,20.30,22.10,22.60,24.00,21.50,25.20,23.70,22.50,21.00,22.90,20.80,23.60,23.60,21.70,22.10,23.50,20.50,20.80,21.10,21.40,23.20,22.60,20.00,22.50,21.80,20.50,25.20,21.50,22.70,25.00,22.70,22.00,22.40,25.30,24.00,20.10,20.00,21.00,25.80,20.90,20.00,21.80,24.00,25.90,22.90,22.00,25.60,24.80,22.10,22.40,21.50,20.50,22.50,21.70
TLM_RCV,-95,FG-ALPHA,1713170241,AUTO,0,32.47,5.00,-85,94.22,8.19,3.29,5.02,800,494,0,345,21.53,1013.10,11.80,404.60,11.14,47.50,1080,1,1713170204,GSN-01,-75,24.00,81.30,43,0,0,7.81,84,9.29,24.70,21.40,25.10,24.90,23.30,20.00,23.80,25.50,24.60,21.30,24.40,21.90,20.30,22.50,23.90,20.80,20.10,24.80,21.50,25.80,24.10,24.30,25.50,23.50,22.20,25.70,25.40,25.70,24.60,21.00,21.20,21.00,23.60,24.80,25.30,24.20,25.10,20.90,24.60,25.00,24.10,20.40,22.00,23.10,25.10,23.00,21.80,23.90,22.30,23.80,20.70,22.90,20.30,20.60,23.60,22.70,20.00,21.50,23.50,20.00,25.30,86.50,23.70,25.80
TLM_RCV,-49,FG-ALPHA,1713170242,AUTO,0,33.35,5.00,-85,94.18,8.19,3.30,5.02,0,470,0,318,22.35,1013.20,11.80,405.40,11.14,47.50,1080,1,1713170219,GSN-01,-83,23.30,82.20,47,0,1,7.80,84,9.30,22.80,22.90,25.20,24.90,22.50,23.70,20.50,25.20,23.80,20.80,21.00,22.70,24.80,25.70,21.40,20.50,23.10,23.50,21.80,21.90,23.30,25.90,25.80,22.40,22.90,21.00,24.10,21.90,21.00,24.30,25.30,21.50,24.00,24.40,23.30,24.00,22.80,21.90,21.00,24.70,22.10,20.40,21.80,21.60,22.10,24.70,23.70,24.20,21.80,24.90,23.70,25.60,20.10,24.60,20.20,25.50,21.30,24.10,23.70,22.30,21.80,24.60,22.50,23.20
TLM_RCV,-72,FG-ALPHA,1713170243,AUTO,0,33.41,5.00,-85,94.23,8.19,3.29,5.02,990,482,0,325,22.54,1013.20,12.00,406.30,11.14,47.50,1080,1,1713170216,GSN-01,-95,25.50,81.40,41,0,0,7.80,84,9.30,25.90,21.60,23.30,20.20,23.20,22.50,23.30,23.20,24.70,21.30,25.60,20.90,20.20,20.50,20.40,24.10,24.30,24.60,24.20,23.40,23.00,23.30,22.00,25.60,20.40,24.50,23.90,20.60,25.00,21.80,25.20,24.10,21.10,22.00,21.60,24.20,25.40,23.00,20.70,21.80,20.70,23.10,25.10,20.90,21.10,20.10,20.50,24.40,20.80,23.80,22.90,24.60,24.30,22.20,22.60,21.60,21.20,24.30,24.30,22.10,24.80,21.10,21.80,25.90
TLM_RCV,-49,FG-ALPHA,1713170244,AUTO,0,33.17,5.00,-85,94.27,8.20,3.30,5.02,835,435,0,289,22.00,1013.00,11.90,405.30,11.14,47.50,1080,1,1713170206,GSN-01,-79,23.10,82.60,42,0,0,7.82,85,9.31,24.40,21.80,24.20,25.40,23.80,23.50,23.80,24.00,23.90,23.90,20.40,25.20,23.50,25.70,23.30,21.70,25.20,25.00,22.10,21.50,22.80,21.30,23.40,22.30,23.10,21.90,23.10,24.50,20.00,25.50,25.50,24.80,25.20,23.50,23.20,25.10,23.90,25.10,23.10,20.90,25.50,25.10,21.30,20.60,24.70,23.70,21.80,21.60,20.40,24.80,22.70,22.60,24.10,20.50,22.10,25.00,22.60,22.90,25.20,20.50,25.90,20.00,22.20,23.40
TLM_RCV,-76,FG-ALPHA,1713170245,AUTO,0,31.30,5.00,-85,94.30,8.19,3.31,5.02,823,459,0,305,21.82,1012.90,11.90,405.20,11.15,47.50,1080,1,1713170225,GSN-01,-93,24.90,82.30,43,0,0,7.78,84,9.31,22.70,23.20,25.60,24.60,24.90,25.60,21.70,24.10,24.90,23.60,25.60,23.30,25.40,23.80,22.10,20.20,23.50,25.10,23.00,23.80,22.10,22.00,24.70,25.10,23.40,21.60,22.00,21.20,22.60,20.10,24.90,24.80,25.10,20.20,24.80,25.90,24.00,20.00,21.20,25.80,22.10,22.30,21.70,21.20,22.20,23.60,24.80,24.50,20.00,21.70,23.50,20.80,21.20,21.70,23.70,25.80,24.20,21.30,25.30,24.60,23.30,25.70,20.20,24.60
TLM_RCV,-68,FG-ALPHA,1713170246,AUTO,0,33.44,5.00,-85,94.35,8.19,3.30,5.02,913,488,0,336,22.12,1013.60,11.90,405.50,11.15,47.50,1080,1,1713170187,GSN-01,-86,24.30,82.60,41,0,0,7.78,84,9.32,22.40,24.80,22.00,21.80,24.60,23.20,21.40,24.00,22.10,22.80,23.60,25.50,21.20,23.50,25.90,23.40,22.20,22.50,25.10,23.20,25.30,23.80,25.40,22.90,20.00,21.90,20.10,23.70,22.80,22.40,20.60,23.90,20.00,21.20,25.90,23.40,24.00,24.60,21.80,21.90,24.00,22.70,20.00,21.90,24.30,20.80,25.90,23.80,24.70,21.80,23.30,23.70,24.40,24.60,23.60,24.40,23.70,23.20,24.30,24.20,25.80,21.90,21.50,22.30
TLM_RCV,-83,FG-ALPHA,1713170247,AUTO,0,33.47,5.00,-85,94.30,8.19,3.28,5.02,0,495,0,346,22.48,1013.00,12.10,405.40,11.15,47.50,1080,1,1713170192,GSN-01,-84,24.90,83.00,46,1,0,7.78,85,9.32,21.60,20.20,23.30,21.70,25.50,21.70,21.60,20.80,21.60,22.20,20.90,23.00,22.30,22.90,20.50,23.80,20.40,25.40,25.50,25.10,22.40,24.90,20.90,23.10,24.20,21.70,22.50,20.20,23.40,23.90,25.40,20.90,21.90,22.80,24.70,25.10,25.40,22.10,20.90,22.20,20.90,22.80,21.40,25.20,20.90,23.30,25.80,20.20,23.40,23.90,24.40,22.30,25.60,20.10,24.40,22.10,82.00,24.90,21.80,22.50,23.50,20.80,22.50,22.80
TLM_RCV,-45,FG-ALPHA,1713170269,AUTO,1,34.71,15.50,-85,95.38,8.12,3.31,4.95,1066,1141,700,295,20.37,1013.10,11.80,406.20,11.17,48.55,1080,1,1713170226,GSN-01,-73,24.00,75.10,42,0,0,7.81,84,9.33,22.90,20.30,21.80,24.30,23.10,21.30,20.30,22.90,22.80,21.10,22.10,24.50,23.70,24.70,24.00,24.90,22.00,22.40,21.50,23.50,20.10,24.70,23.70,25.40,21.20,23.30,21.50,23.40,21.40,24.90,21.80,23.30,20.40,22.30,25.70,23.80,25.60,20.10,21.50,25.30,20.70,23.00,21.30,22.90,21.50,21.00,21.00,20.90,24.30,21.80,24.30,23.70,20.40,22.80,25.80,20.50,20.10,21.40,22.10,25.60,21.50,23.30,23.80,25.10
TLM_RCV,-77,FG-ALPHA,1713170270,AUTO,1,36.21,17.00,-85,95.34,8.10,3.30,4.97,835,1242,754,345,22.03,1013.10,12.00,405.00,11.17,48.70,1080,1,1713170232,GSN-01,-88,23.50,78.00,49,0,0,7.79,84,9.33,23.90,25.70,24.90,22.40,23.50,20.10,23.80,21.00,25.80,21.00,21.20,21.40,22.40,23.90,25.70,21.40,20.60,22.30,21.90,20.30,23.30,22.60,22.00,22.70,21.70,22.30,25.60,24.20,21.00,22.00,22.50,25.30,20.20,23.40,23.20,25.10,20.10,22.80,25.30,23.60,25.30,22.60,22.30,24.70,22.50,21.00,23.70,24.00,25.90,25.40,21.10,22.40,20.90,22.60,20.70,21.90,25.60,23.40,21.20,24.90,25.20,22.20,25.70,21.30
TLM_RCV,-64,FG-ALPHA,1713170271,AUTO,1,36.68,18.50,-85,95.31,8.12,3.31,4.93,903,1136,722,265,21.17,1013.60,11.90,406.30,11.17,48.85,1080,1,1713170219,GSN-01,-92,23.90,74.10,47,1,0,7.81,84,9.34,22.60,25.40,21.40,24.50,23.70,24.80,21.00,20.30,20.10,22.30,23.50,25.30,24.00,25.90,21.80,21.90,21.50,24.20,25.90,21.40,24.60,22.90,21.70,23.80,25.40,25.50,20.20,25.20,23.60,21.40,21.20,24.00,25.60,20.40,25.00,22.90,21.90,22.90,25.80,21.30,22.10,25.60,23.20,22.10,25.30,25.40,22.70,25.20,22.40,21.70,20.30,20.10,25.90,20.50,21.80,24.00,23.30,20.70,20.50,20.60,22.90,21.40,23.40,22.60
TLM_RCV,-91,FG-ALPHA,1713170272,AUTO,1,35.67,20.00,-85,95.29,8.12,3.28,4.91,934,1133,657,317,21.00,1013.10,11.80,404.90,11.17,49.00,1080,1,1713170217,GSN-01,-85,24.60,75.50,45,0,0,7.80,85,9.34,23.60,24.90,20.80,25.10,22.00,25.90,21.70,24.20,21.90,22.30,22.80,24.50,22.20,23.60,20.30,22.60,24.40,21.50,22.00,21.30,23.90,21.50,24.20,25.20,24.70,20.40,25.30,21.30,22.60,22.50,25.90,23.20,22.50,23.50,23.50,20.90,25.90,20.20,23.80,20.50,24.80,20.80,22.50,21.10,21.90,25.50,23.30,22.10,25.20,22.30,24.00,23.00,23.20,22.10,25.40,25.50,22.10,24.60,24.40,21.20,24.70,22.40,25.30,22.10
TLM_RCV,-51,FG-ALPHA,1713170273,AUTO,1,34.97,21.50,-85,95.28,8.11,3.30,4.94,1037,1193,704,343,20.78,1013.60,12.00,405.60,11.17,49.15,1080,1,1713170227,GSN-01,-73,25.50,73.30,43,0,0,7.80,85,9.35,20.20,21.60,24.70,23.10,24.80,21.00,20.10,20.60,22.70,25.50,24.30,20.10,24.00,22.40,20.30,21.50,21.00,23.70,23.20,23.90,25.60,23.60,21.00,21.50,24.20,21.90,25.20,22.10,25.00,25.90,22.90,20.50,22.30,21.30,20.90,24.50,23.60,24.80,20.80,24.00,20.70,22.60,23.10,25.20,22.90,23.00,20.40,23.00,21.20,21.50,25.90,23.60,22.30,23.30,25.70,22.70,25.90,25.90,22.30,23.90,21.50,24.80,23.20,21.50
TLM_RCV,-85,FG-ALPHA,1713170274,AUTO,1,36.67,23.00,-85,95.17,8.11,3.31,4.95,0,1134,729,253,25.67,1013.20,11.90,405.40,11.17,49.30,1080,1,1713170230,GSN-01,-72,24.20,75.00,42,0,0,7.78,84,9.35,23.60,24.90,24.40,20.60,22.60,25.00,21.50,24.80,22.10,81.20,23.90,23.70,24.20,23.90,21.50,24.50,25.90,24.30,20.60,22.50,21.90,22.50,22.80,24.60,24.80,25.90,24.30,21.30,22.80,22.50,24.00,24.20,23.30,25.80,23.10,21.90,23.40,21.30,21.40,24.80,21.40,24.90,24.10,22.00,21.00,21.40,25.80,20.20,21.80,20.80,20.90,21.60,25.80,24.90,24.50,23.80,23.50,22.40,20.70,24.80,24.50,24.20,22.60,24.80
TLM_RCV,-90,FG-ALPHA,1713170275,AUTO,1,36.99,24.50,-85,95.16,8.10,3.30,4.96,1186,1199,727,325,20.07,1013.50,12.00,405.00,11.18,49.45,1080,1,1713170226,GSN-01,-89,25.10,80.20,47,0,0,7.82,85,9.36,24.30,21.20,23.00,24.70,25.00,23.50,21.30,23.20,25.00,22.80,22.60,23.40,21.20,22.70,21.40,24.50,23.20,20.30,22.70,25.10,20.60,21.80,21.40,24.60,20.70,23.60,25.60,20.70,20.80,22.00,21.90,21.40,24.90,20.00,22.30,23.80,23.70,24.30,22.10,21.30,23.60,22.10,23.50,24.70,21.40,23.70,25.90,21.80,22.90,23.20,20.30,20.20,23.10,25.80,20.40,21.70,23.50,20.90,23.70,23.60,21.60,23.90,22.10,21.30
TLM_RCV,-41,FG-ALPHA,1713170276,AUTO,1,36.90,26.00,-85,95.14,8.11,3.29,4.98,927,1179,751,283,21.26,1013.00,11.90,405.40,11.18,49.60,1080,1,1713170231,GSN-01,-77,23.30,73.20,41,0,0,7.80,84,9.36,24.30,23.40,23.70,21.40,20.50,22.40,23.20,22.80,21.90,22.60,21.80,25.20,20.00,23.20,23.80,22.20,23.20,24.40,21.70,23.10,21.30,25.80,20.80,25.00,25.30,20.20,20.50,23.70,24.60,22.30,21.80,20.80,21.30,25.70,24.20,25.90,22.20,25.40,23.60,23.20,22.90,21.90,21.30,21.20,23.90,23.90,23.60,21.20,23.10,21.90,23.50,21.30,24.70,22.60,21.10,24.40,23.20,22.70,24.40,20.50,20.80,21.60,23.10,20.10
TLM_RCV,-75,FG-ALPHA,1713170277,AUTO,1,35.58,27.50,-85,95.11,8.12,3.30,4.96,804,1115,645,312,21.56,1012.70,11.80,406.30,11.18,49.75,1080,1,1713170243,GSN-01,-77,24.90,78.80,41,0,0,7.78,85,9.37,25.50,23.20,24.60,22.20,21.80,25.10,24.00,21.90,24.10,23.50,25.10,23.90,21.40,23.80,21.30,22.00,25.00,23.70,24.90,21.40,20.50,20.20,24.70,22.70,23.10,23.20,23.60,22.00,23.90,20.60,22.40,24.00,20.70,22.60,24.40,23.40,23.30,24.40,25.40,24.20,23.30,24.00,25.70,20.20,25.90,22.10,22.20,20.50,23.90,20.70,20.90,23.10,20.70,22.50,21.40,20.70,21.50,22.30,24.10,20.40,22.10,23.80,21.90,20.80
TLM_RCV,-83,FG-ALPHA,1713170278,AUTO,1,37.22,29.00,-85,95.08,8.10,3.28,4.97,966,1243,797,293,21.39,1012.90,12.00,404.80,11.18,49.90,1080,1,1713170237,GSN-01,-92,25.50,75.60,42,0,0,7.80,85,9.37,24.00,20.10,21.40,22.20,22.30,25.70,23.70,24.30,21.20,21.40,24.80,22.60,24.70,20.40,25.50,20.00,20.20,21.90,22.50,21.60,25.00,24.20,23.60,24.30,20.80,22.40,24.80,22.40,23.40,21.60,21.70,23.70,22.20,21.60,21.10,21.80,22.10,22.60,22.20,25.30,20.80,22.80,23.30,25.80,22.90,23.60,21.20,20.10,24.80,23.50,20.20,23.40,22.00,22.00,22.10,21.60,21.60,25.70,21.80,25.40,21.00,23.00,21.90,23.10
TLM_RCV,-79,FG-ALPHA,1713170279,AUTO,1,36.84,30.50,-85,95.05,8.11,3.28,4.94,891,1168,719,291,21.39,1013.60,12.10,405.50,11.18,50.05,1080,1,1713170246,GSN-01,-94,24.20,77.60,42,0,0,7.81,84,9.38,20.10,20.40,22.00,24.90,24.50,24.10,21.00,20.80,21.40,24.80,20.20,22.60,20.80,25.50,20.30,22.80,21.40,24.50,24.50,25.60,24.30,22.10,20.80,21.80,24.00,22.90,23.70,20.00,23.70,23.70,23.20,20.50,25.10,23.60,25.90,20.70,21.10,25.00,24.30,23.20,21.50,24.90,22.10,23.60,23.50,25.90,21.60,22.10,21.00,21.90,21.10,25.70,22.00,23.60,21.50,22.30,22.70,21.30,23.20,22.50,24.10,21.10,20.30,24.60
TLM_RCV,-84,FG-ALPHA,1713170280,AUTO,1,35.60,32.00,-85,95.03,8.11,3.29,4.99,935,1121,691,283,20.93,1013.10,11.80,406.10,11.18,50.20,1080,1,1713170264,GSN-01,-79,23.90,82.40,41,0,0,7.80,84,9.38,23.90,23.10,25.10,24.90,25.10,21.50,21.10,20.70,24.90,21.00,20.60,24.20,21.10,20.20,25.60,25.40,22.80,25.30,24.20,25.70,24.90,24.30,20.30,24.90,25.80,23.00,24.20,23.70,22.00,20.10,25.50,20.00,22.50,23.30,25.80,23.80,24.70,25.40,25.80,24.00,22.20,20.50,20.60,24.30,23.70,24.20,21.10,21.60,25.70,21.80,21.50,24.60,22.50,23.80,21.90,23.80,22.00,25.60,20.10,22.20,22.10,24.40,22.30,20.90
TLM_RCV,-86,FG-ALPHA,1713170281,AUTO,1,36.53,33.50,-85,95.03,8.11,3.31,4.91,1101,1106,654,312,20.02,1013.30,12.10,404.50,11.18,50.35,1080,1,1713170270,GSN-01,-93,25.40,78.30,46,0,0,7.80,85,9.39,21.50,25.20,24.10,20.40,21.40,25.40,22.50,21.50,21.20,23.90,24.30,21.00,24.30,24.20,25.70,24.60,24.90,25.80,22.70,20.70,25.00,25.50,24.40,21.30,25.20,20.80,20.40,22.30,21.70,25.50,20.90,20.70,23.90,24.20,25.80,21.60,23.30,25.60,25.80,23.70,20.80,25.70,21.20,20.70,22.10,21.50,22.70,22.30,70.70,24.50,25.40,22.50,25.20,20.20,20.70,23.40,22.00,25.20,21.20,20.10,21.70,24.20,22.60,21.30
TLM_RCV,-92,FG-ALPHA,1713170282,AUTO,1,35.72,35.00,-85,95.02,8.11,3.28,4.90,1045,1143,684,308,20.49,1013.10,11.90,405.10,11.18,50.50,1080,1,1713170239,GSN-01,-82,25.10,81.00,45,0,0,7.81,84,9.39,23.70,21.80,24.90,21.00,24.90,22.00,23.20,21.40,20.90,22.00,20.10,25.90,24.00,21.90,25.30,23.60,23.50,25.00,20.50,20.30,21.50,22.10,20.20,20.90,21.60,25.80,25.20,24.20,21.40,25.60,20.60,22.20,21.90,23.50,20.10,21.10,24.30,24.00,24.40,25.60,23.20,20.20,22.50,25.00,23.70,22.70,23.80,25.70,22.90,20.30,20.50,25.00,23.60,22.90,23.60,20.00,23.70,22.50,25.80,20.80,23.50,21.30,23.80,21.00
TLM_RCV,-83,FG-ALPHA,1713170283,AUTO,1,35.23,36.50,-85,95.01,8.09,3.30,4.98,1153,1246,752,341,20.47,1012.70,12.00,405.90,11.18,50.65,1080,1,1713170240,GSN-01,-86,24.50,82.00,45,0,0,7.80,85,9.40,24.40,23.30,24.50,20.60,21.80,25.50,22.20,22.20,21.60,24.70,24.20,20.60,25.00,21.70,25.60,25.10,22.20,23.20,22.10,23.50,23.50,25.50,23.00,23.40,22.00,24.50,23.00,25.80,23.10,21.20,25.90,23.80,23.80,24.20,25.90,21.80,20.00,22.40,22.10,24.80,23.20,20.60,24.00,21.20,22.30,24.70,25.50,20.90,20.90,20.60,22.60,23.80,22.80,20.70,20.00,20.90,24.50,22.30,23.40,20.90,21.90,24.10,20.60,21.90
TLM_RCV,-41,FG-ALPHA,1713170284,AUTO,1,36.13,38.00,-85,94.98,8.10,3.29,4.92,854,1226,796,288,21.86,1013.10,11.80,404.90,11.18,50.80,1080,1,1713170256,GSN-01,-95,24.70,74.00,47,0,0,7.79,85,9.40,21.50,22.90,23.50,21.60,23.90,25.60,21.00,23.90,24.40,25.00,24.00,21.90,20.10,21.20,20.90,21.00,24.30,24.40,24.20,24.60,22.20,22.60,23.60,23.60,20.90,25.40,25.70,20.60,24.80,21.90,24.30,24.90,22.10,21.90,20.40,22.90,21.50,23.80,25.40,20.20,21.30,25.80,24.00,21.20,25.30,24.30,21.50,25.50,22.50,22.20,25.50,25.80,25.40,24.30,22.30,25.70,23.30,21.20,20.00,24.40,25.30,21.20,21.00,22.90
TLM_RCV,-92,FG-ALPHA,1713170285,AUTO,1,36.31,39.50,-85,94.95,8.12,3.30,4.93,823,1062,618,294,21.19,1013.20,12.00,404.80,11.19,50.95,1080,1,1713170249,GSN-01,-80,24.00,82.60,43,0,0,7.79,84,9.41,23.00,22.50,20.20,25.50,20.10,20.40,21.70,21.20,25.90,20.90,24.90,24.50,25.40,21.60,25.20,20.70,23.40,21.30,20.60,20.60,21.20,25.80,20.90,25.00,21.70,20.70,25.20,20.00,21.50,22.80,24.50,23.20,25.90,23.50,24.60,21.70,24.60,24.40,21.20,25.90,23.80,24.20,24.10,25.70,24.50,24.30,24.10,20.00,24.50,20.90,21.60,23.00,23.80,25.00,24.30,24.60,24.00,22.20,20.40,23.00,22.60,22.50,24.00,21.30
TLM_RCV,-51,FG-ALPHA,1713170286,AUTO,1,36.96,41.00,-85,94.83,8.10,3.28,4.94,0,1192,756,296,25.96,1012.80,12.00,405.80,11.19,51.10,1080,1,1713170269,GSN-01,-81,23.70,81.60,48,0,0,7.80,85,9.41,21.70,20.20,25.90,21.90,22.90,20.00,23.70,22.60,24.60,20.00,22.10,22.40,25.90,23.00,23.20,21.40,20.70,20.70,22.10,21.30,22.30,24.30,21.20,22.60,20.00,21.90,21.80,24.10,22.80,24.40,25.30,23.30,20.20,24.00,24.40,24.90,24.10,22.40,20.10,23.70,21.00,20.30,24.30,22.90,23.30,24.40,25.60,25.90,25.60,22.90,20.40,23.60,20.80,21.60,23.90,22.70,25.10,22.30,20.80,22.80,23.00,25.40,22.80,21.30
TLM_RCV,-66,FG-ALPHA,1713170287,AUTO,1,35.53,42.50,-85,94.84,8.11,3.30,4.97,1157,1105,696,256,20.26,1013.00,11.80,405.80,11.19,51.25,1080,1,1713170240,GSN-01,-95,23.00,79.60,41,0,0,7.82,85,9.42,25.50,23.10,24.70,25.80,24.80,21.70,22.80,21.50,23.50,20.90,23.70,24.60,21.40,22.30,20.50,21.90,22.40,20.50,24.90,20.90,20.80,24.50,23.20,21.40,24.60,21.20,20.30,20.20,22.00,25.50,20.10,22.20,25.20,21.90,23.00,24.70,23.30,21.60,21.70,23.10,21.70,24.50,23.00,25.00,24.90,22.30,22.60,24.60,20.00,22.20,25.40,25.40,25.20,20.40,23.20,24.50,21.90,23.30,24.80,25.20,20.70,21.20,22.70,20.50
TLM_RCV,-90,FG-ALPHA,1713170288,AUTO,0,33.29,40.50,-85,94.88,8.21,3.28,5.02,836,459,0,314,21.89,1013.50,11.90,405.70,11.19,51.25,1080,1,1713170267,GSN-01,-78,24.20,79.90,45,0,0,7.78,85,9.42,21.90,24.40,24.90,24.90,20.30,20.80,21.20,22.40,22.20,23.20,22.80,25.30,24.30,21.70,23.50,25.40,22.30,23.40,20.00,21.00,25.40,23.60,21.80,22.40,22.40,21.30,21.90,25.60,24.20,25.50,22.70,22.40,20.40,22.70,20.10,21.20,20.80,25.40,24.70,25.20,25.40,23.30,20.80,22.90,22.10,22.00,24.60,25.00,20.00,22.10,20.00,25.00,20.00,20.10,23.90,23.80,21.40,24.70,22.30,25.90,20.30,23.10,23.80,24.60
TLM_RCV,-60,FG-ALPHA,1713170289,AUTO,0,31.41,38.50,-85,94.95,8.21,3.28,5.02,1186,481,0,333,23.52,1013.40,12.00,405.70,11.19,51.25,1080,1,1713170262,GSN-01,-90,24.00,74.50,45,1,0,7.81,84,9.43,21.90,22.90,24.20,20.30,21.20,21.50,22.90,25.50,24.10,25.70,24.80,23.80,25.10,21.10,21.40,21.50,20.80,25.70,20.80,21.70,25.50,24.90,22.70,22.40,21.80,21.90,23.40,24.60,20.30,21.00,22.70,24.70,23.90,25.90,24.90,22.90,23.40,23.20,23.90,24.50,22.30,22.50,24.10,25.00,24.70,20.20,21.10,22.70,20.80,22.90,23.80,20.10,20.30,22.70,22.20,21.20,20.80,24.50,20.20,24.10,21.10,25.70,25.70,24.40
TLM_RCV,-78,FG-ALPHA,1713170290,AUTO,0,33.40,36.50,-85,94.90,8.21,3.30,5.02,0,479,0,322,22.40,1013.00,12.00,406.20,11.19,51.25,1080,1,1713170267,GSN-01,-75,23.90,81.10,42,0,0,7.81,84,9.43,21.80,23.60,24.50,25.80,21.10,25.60,21.20,24.10,21.00,24.80,22.20,21.60,21.70,21.70,25.40,25.10,20.50,20.30,23.10,24.10,22.00,24.50,20.20,21.70,25.60,25.40,21.70,23.40,23.50,24.90,20.00,20.30,21.90,23.00,25.10,21.20,25.10,24.80,21.90,23.40,24.90,24.90,23.80,20.20,23.70,24.00,22.80,21.10,21.20,24.80,21.40,21.00,20.20,21.30,20.10,25.60,21.90,22.90,22.60,21.10,25.40,23.60,25.10,23.20
TLM_RCV,-47,FG-ALPHA,1713170291,AUTO,0,31.46,34.50,-85,94.95,8.20,3.30,5.02,959,492,0,348,22.33,1013.60,11.90,405.30,11.19,51.25,1080,1,1713170266,GSN-01,-88,24.40,73.70,40,0,0,7.78,84,9.44,24.50,20.00,23.00,23.30,23.90,21.80,23.70,22.00,23.00,24.40,23.50,25.60,22.70,25.20,23.80,22.20,25.90,20.90,23.30,21.50,23.50,25.50,20.50,20.70,23.00,22.10,22.40,23.70,22.70,22.40,20.20,20.30,21.30,22.60,24.30,25.00,25.20,23.10,23.70,20.00,21.60,20.30,25.80,21.60,20.50,20.40,20.70,21.30,20.20,25.40,25.20,24.20,23.30,24.30,25.30,25.00,23.50,23.10,23.40,24.80,21.40,21.30,25.40,24.80
TLM_RCV,-89,FG-ALPHA,1713170292,AUTO,0,32.08,32.50,-85,95.02,8.22,3.28,5.02,1111,417,0,271,23.47,1012.90,12.10,405.90,11.19,51.25,1080,1,1713170251,GSN-01,-79,23.60,82.50,40,1,0,7.79,84,9.44,22.60,23.00,23.50,24.10,25.70,21.90,25.90,24.00,24.50,21.10,21.50,25.40,20.40,23.30,24.40,21.40,24.00,20.10,23.90,22.90,21.30,20.50,23.60,20.60,21.90,23.50,22.30,23.90,24.90,21.60,22.80,25.60,22.10,22.70,21.00,20.10,24.40,21.40,25.70,22.00,23.30,21.40,24.80,25.80,21.20,24.40,24.10,23.50,21.40,22.90,21.00,25.60,22.40,23.00,21.30,24.60,21.30,21.60,25.10,23.50,22.20,24.90,23.10,25.30
TLM_RCV,-76,FG-ALPHA,1713170293,AUTO,0,31.41,30.50,-85,95.08,8.21,3.30,5.02,1153,481,0,336,23.36,1013.60,12.10,405.00,11.19,51.25,1080,1,1713170275,GSN-01,-75,24.10,81.30,49,0,0,7.79,84,9.45,22.40,24.80,23.90,25.90,24.40,24.30,25.50,22.40,24.40,21.50,23.30,23.30,21.90,20.70,21.80,24.60,25.00,22.70,22.50,20.10,23.60,25.00,25.10,22.10,20.60,21.80,20.30,25.10,20.60,23.20,25.30,25.90,24.30,21.60,25.10,24.40,22.50,20.60,23.40,23.10,21.60,20.30,23.10,21.80,24.40,22.60,25.10,20.20,25.90,24.50,23.20,22.10,22.70,24.60,25.60,25.50,23.60,24.90,23.70,25.30,21.60,22.00,22.00,25.20
TLM_RCV,-61,FG-ALPHA,1713170294,AUTO,0,33.49,28.50,-85,95.12,8.21,3.31,5.02,876,499,0,349,21.89,1013.00,11.80,406.30,11.19,51.25,1080,1,1713170273,GSN-01,-83,25.30,75.30,44,0,0,7.82,85,9.45,21.40,85.00,24.60,23.60,21.30,21.00,24.00,21.80,22.80,22.40,20.30,20.70,25.20,22.80,22.50,23.90,24.50,23.40,25.80,24.80,23.80,23.20,24.60,25.00,22.80,25.60,21.10,23.70,20.30,21.30,20.90,22.60,24.10,24.00,21.80,23.50,21.70,22.20,23.10,22.80,20.10,24.20,24.90,22.00,20.60,22.70,24.20,25.00,23.70,22.50,20.80,25.10,23.60,25.80,25.50,23.00,25.80,24.50,21.40,23.90,20.50,23.10,23.30,24.90
TLM_RCV,-42,FG-ALPHA,1713170295,AUTO,0,33.11,26.50,-85,95.08,8.22,3.29,5.02,0,422,0,277,22.11,1012.80,12.00,406.00,11.20,51.25,1080,1,1713170236,GSN-01,-94,24.80,82.90,40,0,0,7.80,84,9.46,21.40,21.50,23.80,20.00,22.50,23.30,20.80,21.10,25.30,24.30,22.70,20.20,22.00,22.30,25.50,24.90,25.40,24.70,20.60,25.10,24.80,23.80,23.60,20.80,21.40,25.00,22.50,24.60,22.10,25.70,25.00,21.60,20.40,20.50,21.60,25.30,21.00,20.70,21.90,25.90,24.70,21.60,23.60,21.00,21.30,25.30,21.20,21.50,21.90,23.00,24.50,23.90,22.00,23.50,21.10,21.60,23.00,21.20,21.00,22.90,23.00,20.10,21.90,21.40
TLM_RCV,-89,FG-ALPHA,1713170296,AUTO,0,33.24,24.50,-85,95.14,8.22,3.29,5.02,1109,447,0,306,23.31,1013.60,11.80,406.20,11.20,51.25,1080,1,1713170265,GSN-01,-92,23.20,76.90,47,0,0,7.79,84,9.46,25.90,23.30,25.20,24.10,25.90,21.10,25.40,23.50,23.50,22.70,22.90,23.90,22.70,21.40,21.50,20.50,20.80,25.50,20.40,22.70,25.30,23.60,22.10,21.60,22.90,24.80,23.10,25.50,23.50,21.00,24.00,20.20,24.90,24.30,24.70,23.30,23.70,25.40,23.10,23.40,21.20,24.80,25.40,25.20,25.80,20.90,25.70,25.20,23.70,20.60,21.80,22.70,24.80,23.30,21.20,22.50,20.10,21.10,25.40,20.60,23.00,22.90,23.20,24.90
TLM_RCV,-63,FG-ALPHA,1713170297,AUTO,0,31.18,22.50,-85,95.19,8.22,3.30,5.02,920,437,0,291,22.42,1012.70,11.80,406.20,11.20,51.25,1080,1,1713170244,GSN-01,-71,23.40,74.00,48,0,0,7.78,84,9.47,25.90,21.60,21.30,20.70,24.90,21.90,24.90,22.20,25.90,22.20,21.40,22.30,22.50,20.40,24.10,23.00,20.10,20.70,20.40,20.90,23.30,24.00,24.40,25.00,23.50,23.90,20.30,25.30,24.70,24.00,25.40,24.80,21.90,22.70,20.90,22.40,21.50,20.60,25.90,22.40,20.10,20.20,24.00,20.20,24.40,22.40,21.80,24.60,21.30,22.00,25.60,23.00,24.70,21.70,24.40,25.50,20.80,20.60,25.90,21.90,23.40,23.20,21.60,22.10
TLM_RCV,-73,FG-ALPHA,1713170298,AUTO,0,33.37,20.50,-85,95.15,8.21,3.29,5.02,0,473,0,327,22.36,1013.50,11.80,405.30,11.20,51.25,1080,1,1713170287,GSN-01,-85,25.40,81.60,44,1,0,7.82,84,9.47,25.30,20.90,20.30,20.40,80.90,20.20,20.90,23.00,24.50,21.00,24.80,24.70,21.50,21.00,20.40,22.20,23.60,23.10,24.70,23.20,24.80,23.90,23.50,22.20,22.70,24.60,21.20,24.10,24.50,23.80,20.20,20.60,25.30,20.80,20.70,22.30,24.10,23.70,20.20,22.80,24.60,20.60,21.30,21.00,20.80,22.80,21.50,25.10,21.50,24.70,25.40,22.10,21.50,24.40,24.20,22.50,21.10,23.60,21.10,25.30,25.30,23.50,23.80,20.40
TLM_RCV,-64,FG-ALPHA,1713170299,AUTO,0,33.33,18.50,-85,95.10,8.21,3.31,5.02,0,467,0,325,22.33,1013.60,12.00,405.40,11.20,51.25,1080,1,1713170277,GSN-01,-89,25.00,81.90,45,0,0,7.81,84,9.48,21.90,20.40,22.20,22.20,25.10,25.90,24.90,23.80,24.00,25.10,22.20,24.40,20.40,23.10,21.30,20.80,21.00,21.00,25.60,24.70,25.40,22.20,21.90,21.30,23.70,21.70,22.10,24.00,25.40,21.30,25.60,20.40,24.00,25.80,25.30,25.00,24.60,22.90,23.80,22.10,25.90,24.60,24.70,21.90,21.40,24.60,21.20,24.30,22.80,21.00,21.60,20.80,24.60,24.90,20.20,23.90,24.80,21.60,22.10,25.40,22.40,21.50,24.60,23.60
TLM_RCV,-67,FG-ALPHA,1713170300,AUTO,0,33.45,16.50,-85,95.15,8.21,3.31,5.02,1025,490,0,333,22.67,1013.10,12.10,405.20,11.20,51.25,1080,1,1713170266,GSN-01,-74,24.70,80.20,44,0,0,7.79,85,9.48,25.70,21.00,22.80,24.90,25.50,23.90,24.90,25.40,24.90,20.80,25.40,24.90,24.00,22.30,23.50,21.40,23.80,21.70,20.30,22.70,25.30,23.80,20.20,24.40,24.50,21.50,20.20,23.70,20.80,21.60,25.90,22.30,22.00,20.10,21.30,24.10,23.10,22.70,23.50,25.70,21.10,21.70,24.20,20.70,21.60,24.70,20.50,24.20,22.20,21.20,25.30,25.00,25.80,20.70,20.40,20.80,21.00,24.50,24.90,25.10,20.90,23.20,23.00,24.00
TLM_RCV,-70,FG-ALPHA,1713170301,AUTO,0,31.19,14.50,-85,95.11,8.22,3.29,5.02,0,439,0,289,22.19,1013.40,12.10,405.10,11.20,51.25,1080,1,1713170267,GSN-01,-93,24.90,78.60,43,0,0,7.79,85,9.49,22.10,23.20,23.10,22.80,22.80,22.90,23.00,24.20,21.60,25.20,25.70,23.90,24.90,24.50,23.20,20.70,23.70,22.20,20.60,22.90,22.40,21.30,22.00,20.80,25.00,22.40,23.60,21.90,21.60,25.80,21.10,23.30,23.80,22.70,20.30,20.60,21.60,25.70,23.90,20.10,24.50,24.90,20.20,22.40,24.80,21.00,22.50,21.90,24.10,22.20,25.30,23.90,20.90,24.10,20.70,25.60,23.70,25.20,20.10,21.20,20.80,21.60,22.90,24.10
TLM_RCV,-55,FG-ALPHA,1713170302,AUTO,0,31.39,12.50,-85,95.06,8.21,3.31,5.02,0,477,0,336,22.39,1012.80,12.10,406.40,11.20,51.25,1080,1,1713170254,GSN-01,-71,25.00,78.50,44,0,0,7.78,84,9.49,22.00,24.70,22.10,22.50,20.20,25.10,24.60,24.90,21.20,24.60,24.20,25.80,20.30,21.10,20.40,21.20,25.70,25.00,22.10,24.30,20.50,20.50,20.00,20.70,24.60,20.40,24.20,20.50,23.10,22.80,24.30,22.80,24.50,23.40,22.80,22.60,22.90,20.10,23.00,22.70,20.40,21.40,20.50,25.10,23.40,21.80,20.80,20.60,25.80,22.50,24.10,21.30,25.30,21.10,20.30,24.00,20.80,21.90,24.40,25.60,21.20,25.90,25.50,20.00
TLM_RCV,-53,FG-ALPHA,1713170303,AUTO,0,33.28,10.50,-85,95.13,8.21,3.29,5.02,1183,457,0,300,23.63,1013.60,12.00,404.80,11.20,51.25,1080,1,1713170273,GSN-01,-93,23.70,81.00,46,0,0,7.80,84,9.50,24.30,22.90,20.80,20.60,24.30,22.80,22.10,23.40,20.60,21.00,25.90,23.30,25.20,24.00,20.80,20.70,22.70,20.60,25.90,22.40,22.40,20.10,22.50,22.40,24.10,25.30,25.50,25.00,24.00,21.10,24.70,25.90,21.30,25.70,21.70,22.70,24.80,21.40,21.80,23.40,22.80,23.40,20.80,25.60,24.90,24.40,21.30,21.90,23.40,21.40,25.00,23.60,21.60,23.40,21.00,21.20,21.70,23.70,20.60,20.40,24.70,22.60,23.30,24.80
TLM_RCV,-91,FG-ALPHA,1713170304,AUTO,0,33.50,8.50,-85,95.08,8.21,3.28,5.02,0,500,0,344,22.50,1012.80,12.10,404.90,11.20,51.25,1080,1,1713170248,GSN-01,-92,23.80,79.40,41,0,0,7.78,85,9.50,24.90,23.60,22.50,20.70,23.60,21.70,21.60,21.00,23.60,24.60,22.40,22.20,25.40,25.10,20.30,21.20,25.40,20.10,21.50,23.50,23.50,24.10,21.60,21.90,24.90,22.60,22.20,20.70,22.50,22.80,23.20,24.60,20.00,22.90,22.90,24.10,22.10,25.40,24.10,22.50,23.60,21.30,21.00,22.90,23.50,21.60,25.10,20.30,24.70,24.20,22.00,22.50,25.50,21.20,24.70,22.40,25.30,22.70,25.40,24.30,25.20,22.30,21.00,25.00
TLM_RCV,-52,FG-ALPHA,1713170305,AUTO,0,31.21,6.50,-85,95.04,8.21,3.28,5.02,0,442,0,293,22.21,1012.80,12.00,404.50,11.21,51.25,1080,1,1713170265,GSN-01,-87,23.50,77.30,49,0,0,7.82,85,9.51,23.60,24.90,24.00,24.40,22.00,24.80,25.60,24.80,24.90,20.20,24.30,21.80,23.70,22.40,25.90,22.90,22.10,23.50,21.00,24.50,21.10,22.20,22.90,21.80,20.80,24.40,25.40,21.10,25.10,22.30,23.50,25.70,25.30,24.10,23.70,25.30,21.60,23.60,20.80,25.00,22.50,20.30,25.80,25.50,21.00,22.80,24.90,20.90,21.10,20.00,23.60,24.10,20.50,24.40,22.50,24.70,21.90,24.20,25.50,24.30,20.50,21.50,24.30,24.60
TLM_RCV,-45,FG-ALPHA,1713170306,AUTO,0,33.10,5.00,-85,95.10,8.22,3.28,5.02,1053,420,0,271,23.17,1013.40,11.80,405.00,11.21,51.25,1080,1,1713170252,GSN-01,-89,24.20,80.70,47,0,0,7.79,84,9.51,21.80,21.80,23.40,23.40,22.90,25.30,20.80,23.90,21.70,23.80,22.80,25.40,23.90,23.00,23.30,24.50,21.00,22.70,25.10,23.40,20.00,23.00,20.80,20.60,25.40,24.30,25.20,25.70,25.50,22.70,20.40,23.00,25.80,25.10,25.40,20.10,22.70,21.30,22.40,25.10,21.00,24.00,23.50,23.70,21.70,21.40,24.40,22.90,22.10,22.20,23.30,24.60,21.30,24.80,21.40,22.50,23.40,24.20,25.40,21.00,24.20,25.90,21.70,24.50
TLM_RCV,-93,FG-ALPHA,1713170307,AUTO,0,31.23,5.00,-85,95.15,8.22,3.29,5.02,935,446,0,288,22.44,1013.60,11.80,404.80,11.21,51.25,1080,1,1713170290,GSN-01,-74,25.20,74.20,41,0,0,7.81,85,9.52,22.80,21.40,23.70,20.80,25.90,23.10,21.50,24.50,20.00,22.70,23.70,24.70,25.10,24.70,21.30,22.80,20.00,21.50,25.00,21.50,22.60,21.10,21.80,22.80,23.90,22.20,20.10,23.50,24.50,21.00,21.70,24.70,24.00,24.00,24.50,25.70,21.60,20.30,20.60,25.80,24.70,23.80,25.00,24.90,20.10,20.20,22.70,25.80,24.10,21.30,20.90,22.30,25.60,25.60,21.60,23.30,20.80,22.30,24.80,24.60,23.30,24.80,22.70,22.40
TLM_RCV,-91,FG-ALPHA,1713170308,AUTO,0,31.07,5.00,-85,95.20,8.22,3.29,5.02,905,413,0,264,22.46,1013.10,11.80,405.60,11.21,51.25,1080,1,1713170270,GSN-01,-84,25.70,82.60,49,0,0,7.78,85,9.52,20.20,25.80,25.30,23.60,23.10,22.10,25.70,25.00,21.20,23.10,25.30,25.90,23.80,24.90,25.50,21.50,20.80,24.70,25.80,20.50,25.00,23.10,22.70,22.70,20.50,21.80,25.30,25.10,22.00,24.40,23.80,21.70,22.40,22.00,25.80,22.40,25.70,22.30,20.30,24.00,20.30,24.70,22.50,25.20,22.30,20.80,22.70,25.30,20.40,22.40,20.70,25.80,20.20,21.80,21.70,21.60,25.80,25.80,20.80,23.20,20.70,22.70,25.10,24.90
TLM_RCV,-67,FG-ALPHA,1713170309,AUTO,0,32.31,5.00,-85,95.26,8.22,3.29,5.02,1021,461,0,311,22.80,1013.10,12.10,404.50,11.21,51.25,1080,1,1713170280,GSN-01,-85,24.60,74.10,49,0,0,7.81,84,9.53,22.60,20.10,24.80,21.60,24.20,21.60,23.40,24.60,20.20,24.90,22.10,23.20,23.70,25.60,23.80,22.40,22.50,25.70,20.50,21.60,20.60,23.20,23.00,25.00,22.70,20.80,21.70,25.20,21.60,25.30,25.80,24.50,23.00,21.00,21.10,23.00,25.10,20.60,22.60,24.40,21.80,23.40,21.20,25.00,25.40,24.60,25.20,23.30,21.70,22.30,22.10,25.20,23.90,23.60,20.10,20.70,22.40,21.60,20.40,20.30,20.30,20.80,25.30,25.20
TLM_RCV,-50,FG-ALPHA,1713170331,AUTO,0,32.17,5.00,-85,96.36,8.25,3.31,5.02,0,435,0,295,22.17,1012.80,12.10,405.70,11.23,51.25,1080,1,1713170284,GSN-01,-91,24.00,80.00,48,0,0,7.78,84,9.53,21.10,22.70,25.20,20.10,22.30,22.50,22.70,25.20,20.40,22.10,22.60,22.90,21.40,23.80,24.50,25.70,25.10,23.70,24.10,25.50,23.10,20.10,24.00,22.70,23.70,20.40,25.50,24.80,20.70,21.40,24.70,20.20,20.80,20.90,25.50,22.90,21.80,24.90,20.50,20.80,20.30,21.70,21.90,20.70,21.90,21.90,24.90,25.00,24.60,21.60,20.10,23.00,25.30,20.40,25.50,25.60,20.50,21.90,20.60,24.80,21.70,25.60,20.10,20.20
TLM_RCV,-42,FG-ALPHA,1713170332,AUTO,0,32.38,5.00,-85,96.31,8.24,3.29,5.02,0,476,0,321,22.38,1013.10,12.10,406.10,11.23,51.25,1080,1,1713170298,GSN-01,-83,23.10,81.20,48,0,0,7.82,85,9.54,25.90,21.90,25.30,20.50,23.50,23.70,23.10,21.10,23.30,23.50,24.60,21.40,21.00,23.10,21.50,21.00,20.60,23.50,24.50,22.60,20.40,24.90,25.20,23.60,22.90,20.30,20.90,22.00,20.80,25.50,21.00,21.20,21.90,20.00,22.20,22.70,24.80,25.90,25.70,25.60,25.60,20.50,22.70,24.30,25.00,23.90,22.10,22.00,22.80,23.60,23.80,21.60,25.10,20.60,22.00,22.80,25.30,22.30,21.50,24.20,23.10,20.10,23.90,22.80
TLM_RCV,-59,FG-ALPHA,1713170333,AUTO,0,33.31,5.00,-85,96.36,8.24,3.30,5.02,955,461,0,306,22.47,1013.10,12.10,405.80,11.23,51.25,1080,1,1713170320,GSN-01,-72,24.00,78.30,49,0,0,7.81,84,9.54,23.50,21.70,20.50,21.80,20.40,25.90,20.70,21.70,24.00,22.70,24.10,25.20,20.80,25.90,22.70,24.50,24.80,25.40,25.80,23.80,21.90,23.70,22.30,21.50,22.50,25.90,25.40,24.90,24.80,22.80,21.30,23.60,21.30,21.70,25.80,20.90,25.70,22.60,25.40,21.10,23.70,25.00,21.10,21.80,25.50,25.70,22.30,21.10,25.00,20.30,25.40,23.60,24.90,21.70,23.40,23.20,24.60,24.50,25.20,21.70,20.00,24.10,20.20,23.80
TLM_RCV,-79,FG-ALPHA,1713170334,AUTO,0,31.24,5.00,-85,96.40,8.25,3.29,5.02,845,448,0,298,21.99,1012.90,11.80,405.00,11.23,51.25,1080,1,1713170318,GSN-01,-79,25.80,79.60,44,0,0,7.81,84,9.55,25.90,22.70,24.10,21.30,25.40,20.20,24.80,25.80,22.70,24.50,20.20,25.80,20.70,20.10,22.50,25.60,24.30,23.30,24.00,23.40,21.80,25.70,21.60,24.40,21.50,23.10,25.20,20.10,24.80,23.90,20.50,25.30,23.70,20.90,23.60,22.80,23.60,21.50,22.60,21.80,22.40,21.30,25.00,22.70,20.30,23.90,21.30,23.10,20.80,22.50,20.90,22.80,25.70,21.20,23.10,21.80,23.00,20.60,22.60,25.00,21.10,20.70,20.50,22.00
TLM_RCV,-74,FG-ALPHA,1713170335,AUTO,0,31.11,5.00,-85,96.36,8.25,3.29,5.02,0,422,0,268,22.11,1013.20,12.10,405.20,11.24,51.25,1080,1,1713170287,GSN-01,-83,24.70,75.90,40,0,1,7.80,84,9.55,25.20,23.10,20.90,24.00,25.60,23.00,24.00,22.40,20.40,24.00,21.70,21.70,24.20,24.70,23.20,22.90,23.40,22.40,20.30,24.00,22.40,22.10,24.50,20.60,23.10,20.40,21.00,22.50,24.90,22.50,24.70,20.70,23.10,25.70,23.50,21.40,25.40,20.40,20.50,22.80,22.70,21.00,24.40,24.60,24.30,25.00,24.80,22.00,23.00,23.30,25.50,24.10,23.60,23.80,20.90,24.60,24.80,21.00,25.10,23.00,24.10,24.70,23.30,24.20
TLM_RCV,-74,FG-ALPHA,1713170336,AUTO,0,32.15,5.00,-85,96.42,8.25,3.28,5.02,1012,431,0,274,22.91,1013.10,11.80,404.50,11.24,51.25,1080,1,1713170316,GSN-01,-71,24.60,79.00,40,0,0,7.78,85,9.56,23.40,22.60,21.50,21.80,22.30,20.20,22.70,22.70,22.80,23.10,21.00,24.50,23.40,22.20,20.70,20.30,22.30,22.10,25.90,22.40,22.80,21.10,25.70,20.10,25.60,21.50,25.60,22.00,21.90,24.40,20.00,20.60,24.30,24.60,24.90,21.20,21.40,25.80,24.50,24.80,20.40,23.70,22.10,23.50,25.70,20.70,25.70,24.80,22.30,21.50,21.50,23.40,22.00,21.30,21.20,21.40,23.50,25.60,24.80,24.70,21.10,21.40,23.50,23.10
TLM_RCV,-49,FG-ALPHA,1713170337,AUTO,0,32.22,5.00,-85,96.48,8.25,3.29,5.02,1103,444,0,295,23.30,1012.70,11.90,405.40,11.24,51.25,1080,1,1713170278,GSN-01,-72,24.40,79.00,40,0,0,7.82,85,9.56,24.20,21.00,23.50,21.50,21.20,24.20,25.40,20.50,23.10,25.40,23.90,24.80,23.50,25.70,20.10,23.70,20.40,22.30,22.90,24.00,22.40,22.50,23.50,25.90,21.80,24.20,20.30,20.40,24.60,22.90,21.90,23.40,22.20,22.80,23.60,20.20,21.60,24.70,21.70,23.80,25.20,25.80,21.30,21.10,20.80,24.00,24.50,24.10,25.10,20.60,22.60,22.00,21.80,21.00,20.80,20.20,22.90,20.10,22.00,21.00,23.00,20.80,20.00,23.70
TLM_RCV,-76,FG-ALPHA,1713170338,AUTO,0,32.34,5.00,-85,96.54,8.25,3.28,5.02,1061,468,0,318,22.97,1013.50,11.90,406.20,11.24,51.25,1080,1,1713170320,GSN-01,-77,23.70,74.80,42,0,0,7.79,84,9.57,23.80,20.70,23.90,20.30,22.30,20.60,25.80,24.00,21.90,23.90,24.20,23.50,24.70,25.20,23.40,25.80,21.00,21.60,25.30,23.90,20.90,21.60,21.40,21.70,24.50,25.10,23.90,20.40,22.20,23.00,23.10,25.20,22.20,25.30,24.60,24.20,24.20,21.90,21.50,21.80,25.00,25.40,22.80,24.20,21.90,21.20,25.00,23.50,22.20,23.00,20.00,25.30,20.90,21.80,24.40,24.10,22.70,25.20,25.90,20.50,20.70,21.50,25.00,24.40
TLM_RCV,-45,FG-ALPHA,1713170339,AUTO,0,32.03,5.00,-85,96.59,8.26,3.29,5.02,871,407,0,267,22.32,1012.70,12.00,404.80,11.24,51.25,1080,1,1713170284,GSN-01,-75,24.60,74.00,42,0,0,7.79,84,9.57,25.70,25.10,20.60,23.90,23.00,25.60,21.30,20.70,21.50,22.40,25.70,22.70,22.90,24.50,24.50,24.90,21.10,24.10,21.20,21.10,21.40,24.10,24.00,24.90,25.50,23.60,25.60,23.60,24.40,21.90,23.20,24.90,23.80,25.30,25.30,24.20,23.40,23.80,22.50,24.00,24.20,23.40,21.50,25.20,21.40,21.90,24.20,23.10,24.30,23.40,25.80,25.40,24.80,22.20,24.40,20.40,23.90,24.90,21.30,24.30,20.80,25.40,23.30,24.60
TLM_RCV,-82,FG-ALPHA,1713170340,AUTO,0,31.26,5.00,-85,96.63,8.25,3.28,5.02,841,452,0,301,21.94,1012.70,11.80,405.60,11.24,51.25,1080,1,1713170329,GSN-01,-79,24.90,80.10,47,1,0,7.79,84,9.58,25.40,24.10,20.40,23.40,21.60,22.50,24.70,21.60,22.70,25.60,20.40,25.10,23.40,25.10,22.30,23.70,23.90,22.00,22.60,25.00,22.60,21.50,25.70,20.60,21.80,23.20,20.00,24.80,21.20,23.70,20.50,22.30,23.40,21.60,23.20,22.30,24.70,20.30,25.30,23.20,22.30,22.60,22.60,20.80,25.30,20.20,22.00,20.10,23.00,20.70,22.10,24.70,22.70,25.20,20.00,23.90,22.90,22.40,21.30,24.00,24.00,23.20,25.10,22.70
TLM_RCV,-47,FG-ALPHA,1713170341,AUTO,0,32.19,5.00,-85,96.69,8.25,3.29,5.02,1077,438,0,286,23.19,1013.20,12.10,404.70,11.24,51.25,1080,1,1713170286,GSN-01,-87,23.50,75.60,42,0,0,7.80,85,9.58,23.10,24.00,23.20,21.00,22.80,24.10,21.40,21.50,23.90,22.50,23.20,22.90,24.40,23.10,20.50,22.90,21.80,21.40,24.90,20.20,21.30,22.70,25.80,21.50,22.70,21.30,23.10,25.90,22.50,23.20,25.50,23.30,25.50,22.00,23.60,22.50,20.80,22.80,24.20,23.10,24.40,24.30,25.70,23.30,21.00,21.20,22.40,21.10,21.10,21.10,22.20,21.20,21.10,24.80,24.10,24.20,22.40,20.40,22.40,22.50,23.30,23.70,22.30,22.60
TLM_RCV,-84,FG-ALPHA,1713170342,AUTO,0,33.26,5.00,-85,96.65,8.25,3.30,5.02,0,452,0,295,22.26,1012.80,12.00,406.20,11.24,51.25,1080,1,1713170317,GSN-01,-85,25.40,79.80,41,0,0,7.81,84,9.59,21.40,20.40,25.90,25.60,20.50,24.40,21.50,22.50,21.20,25.90,20.30,21.40,22.20,23.20,25.50,22.20,23.10,25.00,25.70,23.60,21.40,23.20,24.20,20.80,22.90,20.00,25.50,22.10,23.10,21.00,22.80,21.20,22.50,22.20,24.60,22.20,23.70,22.30,24.70,24.20,21.20,21.80,20.00,24.10,20.90,22.90,24.90,21.60,25.00,21.70,23.90,25.40,24.60,24.90,22.30,20.50,23.40,23.60,22.80,21.70,22.40,22.00,24.20,22.20
TLM_RCV,-63,FG-ALPHA,1713170343,AUTO,0,33.31,5.00,-85,96.60,8.25,3.28,5.02,0,463,0,313,22.32,1013.20,11.80,405.20,11.24,51.25,1080,1,1713170297,GSN-01,-90,24.60,73.50,47,0,0,7.81,85,9.59,22.70,21.20,22.80,22.80,23.00,22.10,20.40,20.30,21.00,24.10,21.90,22.20,24.20,24.10,22.50,24.50,20.90,24.50,21.70,25.30,23.10,24.20,24.90,21.50,22.50,22.50,22.10,21.30,24.60,23.30,25.50,22.30,23.50,23.50,22.00,21.90,22.70,23.70,23.50,21.00,25.80,24.60,23.80,20.70,21.10,20.40,24.20,22.00,22.60,21.10,23.50,21.80,24.40,20.40,20.70,22.40,21.90,25.00,20.10,20.00,23.60,22.70,23.20,23.40
TLM_RCV,-45,FG-ALPHA,1713170344,AUTO,0,32.07,5.00,-85,96.65,8.26,3.30,5.02,862,414,0,267,22.24,1013.00,11.80,406.00,11.24,51.25,1080,1,1713170286,GSN-01,-84,23.80,81.60,46,0,0,7.82,84,9.60,21.60,20.10,24.60,23.90,20.90,24.80,22.50,25.00,20.10,24.50,21.40,23.60,25.80,22.90,23.10,25.60,21.30,22.10,25.60,25.20,24.00,20.40,21.20,22.80,25.80,25.60,23.90,21.70,22.30,25.40,25.50,22.10,22.80,23.40,23.10,24.90,20.40,22.60,20.60,22.70,21.40,20.80,24.00,24.50,23.40,20.20,21.20,21.00,22.50,22.60,23.20,20.00,25.20,23.40,23.60,23.80,25.30,25.40,25.60,21.50,21.20,25.80,22.40,20.30
TLM_RCV,-71,FG-ALPHA,1713170345,AUTO,0,31.12,5.00,-85,96.70,8.26,3.30,5.02,999,425,0,279,22.87,1013.60,12.10,404.50,11.25,51.25,1080,1,1713170292,GSN-01,-91,23.10,82.10,41,0,0,7.78,84,9.60,24.60,22.30,20.60,25.80,25.90,25.60,21.30,24.10,25.70,23.00,20.40,25.00,24.10,25.20,22.60,22.60,23.50,23.90,25.60,24.00,21.20,20.80,22.30,22.20,21.30,24.70,23.60,21.40,20.80,24.80,20.20,22.30,25.70,20.80,21.00,20.50,25.70,22.90,25.80,24.90,25.10,25.10,25.00,25.70,23.30,24.70,22.40,22.60,20.70,24.30,20.00,20.00,20.10,24.00,23.30,22.90,23.80,20.40,24.50,24.90,24.60,21.30,25.20,24.80
TLM_RCV,-93,FG-ALPHA,1713170346,AUTO,0,32.38,5.00,-85,96.74,8.25,3.28,5.02,874,477,0,328,21.99,1013.20,12.10,405.90,11.25,51.25,1080,1,1713170320,GSN-01,-90,25.30,82.20,40,0,0,7.82,84,9.61,21.50,24.20,20.20,22.90,24.40,25.30,25.80,20.90,21.90,23.30,24.60,24.30,20.50,23.60,24.10,22.10,24.70,23.90,20.90,20.70,20.40,20.90,21.60,21.10,20.20,24.30,22.80,23.70,24.60,21.30,22.60,21.80,25.80,21.40,22.70,24.00,21.40,21.70,24.40,24.40,22.80,20.80,20.00,20.00,22.60,24.20,22.60,22.40,20.80,23.00,25.90,22.10,21.30,23.30,24.00,22.80,24.10,20.30,25.50,23.70,20.60,25.20,21.50,20.70
TLM_RCV,-82,FG-ALPHA,1713170347,AUTO,0,33.40,5.00,-85,96.81,8.25,3.30,5.02,1177,480,0,324,23.49,1013.10,11.80,405.30,11.25,51.25,1080,1,1713170291,GSN-01,-79,23.80,81.30,40,0,0,7.82,84,9.61,23.70,21.40,20.20,24.10,22.90,23.80,21.60,22.90,22.60,22.80,24.10,20.60,22.40,21.60,24.50,25.40,24.10,24.90,23.10,25.40,22.30,20.30,21.30,20.40,23.80,23.10,24.90,24.60,24.40,25.30,20.30,22.20,24.20,21.60,22.90,24.30,22.50,21.30,22.10,24.30,23.90,21.40,21.20,24.10,20.00,25.50,21.80,21.10,20.50,21.10,24.70,22.90,20.90,21.00,24.80,20.90,22.90,20.20,22.10,24.10,22.90,22.10,25.00,20.10
TLM_RCV,-65,FG-ALPHA,1713170348,AUTO,0,32.32,5.00,-85,96.77,8.25,3.28,5.02,0,464,0,310,22.32,1012.70,12.10,404.60,11.25,51.25,1080,1,1713170306,GSN-01,-91,23.70,77.20,49,0,1,7.82,84,9.62,21.90,25.40,25.10,24.40,22.00,21.60,25.90,20.00,25.70,22.10,23.60,21.40,22.20,22.90,22.60,20.20,25.40,23.10,24.40,23.20,24.20,21.70,20.00,23.70,25.00,21.20,21.90,24.20,21.70,23.50,21.80,25.20,23.00,24.10,20.00,21.50,23.40,25.20,25.20,20.70,21.80,21.70,23.60,24.10,22.40,24.60,20.50,23.30,22.60,25.20,25.90,20.60,22.90,22.80,24.90,25.40,21.60,21.00,21.50,25.00,24.00,25.40,20.10,23.10
TLM_RCV,-49,FG-ALPHA,1713170349,AUTO,0,32.10,5.00,-85,96.81,8.26,3.30,5.02,825,420,0,263,22.02,1012.90,11.80,405.40,11.25,51.25,1080,1,1713170328,GSN-01,-89,25.80,81.90,45,0,0,7.80,85,9.62,23.50,22.00,22.20,21.50,23.80,22.70,23.90,25.80,25.80,21.10,24.00,21.20,23.10,22.30,24.20,21.30,24.80,25.40,24.50,20.30,24.00,25.10,20.00,24.60,23.80,25.10,22.30,23.20,24.60,20.40,23.40,23.70,22.30,22.30,24.80,23.30,21.10,20.30,22.40,22.20,22.30,20.00,20.70,22.20,25.10,21.20,22.90,23.40,22.40,20.40,21.00,25.20,23.20,22.80,25.80,24.30,21.60,24.00,22.10,20.90,25.80,21.50,21.30,21.50
TLM_RCV,-54,FG-ALPHA,1713170350,AUTO,0,33.17,5.00,-85,96.87,8.26,3.29,5.02,1118,435,0,287,23.42,1012.80,12.00,404.90,11.25,51.25,1080,1,1713170293,GSN-01,-77,23.60,78.80,40,0,0,7.78,84,9.63,20.40,24.10,24.00,20.60,20.60,25.00,20.60,22.50,21.00,21.50,22.50,23.40,23.20,22.70,23.00,24.20,25.40,21.40,24.30,24.20,21.50,24.10,22.70,22.50,25.10,24.60,25.90,24.50,20.10,21.00,21.50,21.40,21.50,21.40,20.00,20.40,24.80,25.20,25.10,21.40,20.60,21.40,24.30,24.10,23.90,23.60,23.40,24.50,22.10,20.20,25.40,20.50,25.90,24.60,25.20,25.00,24.30,21.60,22.50,24.90,20.20,22.60,22.90,21.20
TLM_RCV,-74,FG-ALPHA,1713170351,AUTO,0,33.19,5.00,-85,96.92,8.26,3.31,5.02,865,439,0,298,22.13,1013.00,12.00,405.40,11.25,51.25,1080,1,1713170327,GSN-01,-74,25.00,73.40,48,0,0,7.82,85,9.63,24.20,21.20,22.10,20.60,24.10,24.20,24.60,23.90,20.30,24.50,20.30,24.30,20.20,22.20,22.70,20.70,20.20,20.00,23.50,20.90,25.00,22.90,23.40,21.50,24.10,25.30,24.40,20.50,21.00,24.90,23.50,21.40,25.80,24.70,24.00,21.60,22.30,21.20,24.50,24.40,20.70,21.80,24.30,24.40,23.10,20.50,23.50,20.10,22.20,22.90,21.60,22.40,22.00,22.70,22.50,25.90,25.00,22.90,24.30,20.30,24.20,25.80,22.60,25.80
TLM_RCV,-66,FG-ALPHA,1713170352,AUTO,0,32.33,5.00,-85,96.98,8.26,3.30,5.02,1093,467,0,322,23.13,1012.70,11.80,406.10,11.25,51.25,1080,1,1713170306,GSN-01,-87,25.10,80.20,49,0,0,7.80,85,9.64,25.70,24.20,20.40,20.90,20.80,23.80,22.10,23.80,23.00,23.10,20.10,21.70,22.00,20.40,23.90,25.30,23.90,22.20,25.80,24.10,23.50,23.70,23.60,25.40,21.70,25.80,23.90,25.90,22.40,22.80,21.80,25.60,23.80,22.40,25.50,22.80,25.20,25.60,24.90,22.80,22.30,24.50,25.70,22.80,24.70,24.20,22.30,25.70,22.20,22.90,20.90,20.90,25.00,24.40,25.50,22.80,22.50,25.70,25.40,21.90,20.80,20.10,23.40,20.00
TLM_RCV,-43,FG-ALPHA,1713170353,AUTO,0,31.36,5.00,-85,97.04,8.26,3.29,5.02,1100,473,0,320,23.14,1013.30,12.10,406.40,11.25,51.25,1080,1,1713170315,GSN-01,-92,25.90,79.40,43,0,0,7.81,85,9.64,21.80,21.90,21.60,24.40,20.90,22.00,22.90,22.80,25.90,24.00,23.90,24.20,23.50,22.00,24.10,21.60,21.60,21.00,25.20,20.80,25.80,23.00,24.20,22.10,24.30,25.80,23.80,24.20,23.40,22.60,25.30,21.90,20.20,25.30,25.00,20.50,20.10,23.20,22.70,21.20,23.60,23.90,25.50,22.90,24.70,23.80,21.00,24.90,20.70,24.40,24.20,21.20,22.60,25.90,22.60,25.50,23.80,23.90,22.50,25.80,22.00,24.10,25.00,22.60
TLM_RCV,-90,FG-ALPHA,1713170354,AUTO,0,33.24,5.00,-85,97.10,8.26,3.28,5.02,970,447,0,290,22.61,1013.40,12.00,404.90,11.25,51.25,1080,1,1713170325,GSN-01,-81,25.70,75.70,42,0,0,7.82,84,9.65,23.70,20.00,22.90,24.60,22.20,25.90,22.80,25.10,25.90,20.90,24.90,24.70,20.50,21.80,23.40,23.70,21.60,23.90,21.00,25.20,23.80,22.50,21.40,25.20,23.70,22.20,24.20,20.20,21.70,25.50,25.00,24.80,22.50,23.20,23.70,25.80,21.00,24.90,21.90,20.20,23.20,23.30,20.00,25.80,23.20,25.50,22.80,21.60,21.80,20.30,25.30,20.40,21.20,20.70,25.70,25.20,20.80,23.70,20.70,23.20,21.00,24.60,25.80,23.70
TLM_RCV,-82,FG-ALPHA,1713170355,AUTO,0,31.31,5.00,-85,97.14,8.26,3.28,5.02,922,461,0,319,22.31,1013.10,12.00,405.10,11.26,51.25,1080,1,1713170318,GSN-01,-82,24.40,80.30,41,0,0,7.80,85,9.65,20.80,25.80,20.70,21.10,20.00,21.20,25.00,25.70,24.40,23.90,20.70,20.10,24.20,25.20,21.90,21.20,25.50,20.10,22.80,23.00,22.90,24.50,20.50,21.40,21.10,25.80,20.70,23.90,22.60,24.70,24.50,24.30,21.00,23.30,23.70,23.20,23.90,22.30,25.90,22.50,25.30,21.70,21.20,20.20,25.90,20.20,21.70,21.90,21.40,23.30,25.10,23.50,20.90,25.80,23.60,23.30,23.60,23.80,21.80,20.80,21.50,23.50,21.00,21.70
TLM_RCV,-81,FG-ALPHA,1713170356,AUTO,0,33.17,5.00,-85,97.19,8.27,3.29,5.02,885,435,0,281,22.25,1013.60,12.10,405.10,11.26,51.25,1080,1,1713170316,GSN-01,-93,24.80,75.10,47,0,0,7.79,84,9.66,24.00,22.60,21.00,20.80,25.20,24.70,20.00,25.00,22.90,22.50,21.80,20.20,22.20,24.00,20.90,23.10,22.30,22.50,25.40,22.90,22.00,25.50,23.30,22.60,25.10,25.90,25.60,20.70,24.60,25.60,25.20,22.90,21.50,20.80,21.50,21.20,20.10,22.50,25.60,23.80,20.20,20.70,22.50,23.20,24.90,25.70,20.10,23.50,20.40,22.90,20.50,21.10,22.30,21.40,25.40,21.80,24.30,24.60,21.70,22.50,25.60,21.50,24.80,24.00
TLM_RCV,-48,FG-ALPHA,1713170357,AUTO,0,32.39,5.00,-85,97.25,8.26,3.31,5.02,1151,478,0,319,23.36,1013.10,12.10,404.50,11.26,51.25,1080,1,1713170321,GSN-01,-72,23.70,75.10,46,0,0,7.82,84,9.66,22.30,22.20,24.40,24.80,24.60,22.60,24.40,21.20,24.80,25.20,20.90,20.10,23.10,24.20,23.70,21.80,22.60,22.10,21.00,24.30,22.70,24.60,24.60,23.40,23.00,22.90,23.90,23.80,21.70,23.40,25.80,25.20,21.10,24.50,25.60,25.10,23.20,23.40,21.90,20.10,24.70,22.60,24.50,21.00,21.40,22.00,20.30,24.00,25.80,20.30,22.10,22.80,20.00,23.80,24.30,21.80,22.40,24.40,24.10,22.70,23.50,22.80,23.70,22.60
TLM_RCV,-47,FG-ALPHA,1713170358,AUTO,0,31.03,5.00,-85,97.33,8.27,3.31,5.02,1130,407,0,265,23.61,1012.80,12.10,404.80,11.26,51.25,1080,1,1713170337,GSN-01,-75,25.00,80.60,44,0,0,7.79,84,9.67,24.50,23.10,22.70,23.30,23.90,21.50,20.80,20.50,20.00,25.20,25.00,20.00,23.60,22.30,24.50,21.80,23.00,24.40,21.10,22.10,22.00,21.40,23.00,24.60,20.80,20.30,20.60,21.80,21.60,25.20,20.20,20.00,23.00,22.90,23.00,23.90,24.40,20.00,25.80,24.90,21.00,23.80,22.90,24.20,24.50,22.30,22.60,22.90,20.40,25.40,23.40,22.00,22.50,20.10,22.20,24.50,21.30,25.40,22.10,25.30,25.30,23.40,20.80,23.30
TLM_RCV,-59,FG-ALPHA,1713170359,AUTO,0,33.27,5.00,-85,97.28,8.27,3.28,5.02,0,454,0,300,22.27,1013.50,11.80,404.50,11.26,51.25,1080,1,1713170336,GSN-01,-82,25.90,79.80,48,0,1,7.80,84,9.67,21.70,23.10,24.60,24.40,25.70,23.60,24.70,24.50,25.80,22.10,21.60,24.40,25.10,20.40,24.10,23.60,23.90,20.90,21.30,22.00,23.00,24.10,22.00,20.10,24.70,20.80,24.30,22.60,21.10,24.70,25.70,22.50,25.40,23.90,22.40,25.40,23.40,25.60,24.50,20.70,23.00,24.90,20.30,22.10,21.70,20.20,21.30,21.80,20.50,23.20,21.90,22.50,24.90,25.50,23.20,24.40,21.90,21.10,20.00,24.80,23.50,24.10,24.80,22.10
TLM_RCV,-85,FG-ALPHA,1713170360,AUTO,0,31.15,5.00,-85,97.32,8.27,3.28,5.02,856,429,0,284,22.14,1013.30,12.10,405.00,11.26,51.25,1080,1,1713170346,GSN-01,-74,23.70,80.10,44,0,1,7.80,85,9.68,25.60,24.80,25.40,22.60,24.10,20.30,23.40,22.50,22.20,21.30,24.60,24.60,24.80,22.80,21.50,24.90,25.20,20.40,22.40,22.80,22.10,21.90,21.70,24.20,24.20,25.90,24.10,22.60,21.40,25.60,20.90,20.90,24.80,23.20,25.90,23.00,21.80,23.00,25.50,23.50,21.70,25.90,22.00,20.90,22.10,23.80,24.90,24.80,21.00,25.10,22.00,23.80,21.90,25.90,25.90,21.80,25.30,20.10,25.30,21.60,24.50,23.20,25.20,25.50
TLM_RCV,-88,FG-ALPHA,1713170361,AUTO,0,33.31,5.00,-85,97.37,8.27,3.28,5.02,919,463,0,308,22.28,1013.10,11.90,404.50,11.26,51.25,1080,1,1713170328,GSN-01,-85,24.90,80.70,44,0,1,7.79,85,9.68,20.20,23.30,23.20,22.10,20.50,20.10,25.50,24.00,25.00,23.00,23.00,21.60,21.10,24.50,24.30,25.30,25.90,21.70,21.20,25.30,22.70,23.90,23.50,23.90,20.00,25.60,25.40,20.80,20.50,23.50,22.10,21.80,23.50,21.50,20.10,21.70,25.50,21.40,23.00,25.40,20.80,20.90,22.90,24.50,21.60,24.10,22.10,20.70,23.60,25.60,23.40,20.40,22.00,20.60,23.70,24.50,23.20,21.60,25.50,25.70,20.10,21.20,20.30,22.10
TLM_RCV,-55,FG-ALPHA,1713170362,AUTO,0,32.34,5.00,-85,97.41,8.27,3.29,5.02,856,468,0,318,21.94,1012.90,12.00,405.10,11.26,51.25,1080,1,1713170326,GSN-01,-95,25.80,74.70,40,0,0,7.81,84,9.69,23.80,24.40,20.00,23.80,20.40,22.80,20.70,21.30,23.70,20.10,23.60,24.80,20.60,20.30,25.50,23.70,24.40,24.70,23.00,20.10,23.60,22.20,23.30,25.80,23.50,23.00,20.20,25.20,23.60,22.30,25.20,24.70,20.80,20.20,24.10,23.70,23.30,23.70,25.30,25.50,24.50,22.10,22.80,24.50,23.50,23.60,20.80,22.50,25.20,21.70,22.50,25.00,25.50,24.60,24.40,23.90,20.40,23.60,22.00,21.30,24.60,20.80,25.40,77.80
TLM_RCV,-41,FG-ALPHA,1713170363,AUTO,0,33.45,5.00,-85,97.36,8.26,3.28,5.02,0,490,0,339,22.45,1012.90,11.80,405.20,11.26,51.25,1080,1,1713170334,GSN-01,-84,24.20,79.00,42,0,0,7.78,85,9.69,21.80,22.30,24.80,21.50,20.70,23.20,22.60,22.50,25.50,20.10,22.40,23.10,24.80,22.60,25.60,21.20,25.00,22.70,20.30,24.40,21.00,21.50,20.10,22.60,22.30,20.30,25.40,25.20,22.40,23.80,21.30,24.90,24.00,23.60,24.20,22.70,21.40,20.10,24.90,21.80,21.20,21.00,24.40,22.10,21.20,23.90,20.20,24.20,21.10,20.80,20.80,21.60,21.10,20.50,20.60,23.00,22.00,24.80,23.30,22.10,20.10,21.90,20.00,25.90
TLM_RCV,-62,FG-ALPHA,1713170364,AUTO,0,31.23,5.00,-85,97.41,8.27,3.28,5.02,1005,446,0,292,22.80,1013.20,11.80,405.60,11.26,51.25,1080,1,1713170310,GSN-01,-86,24.70,82.70,43,0,0,7.81,85,9.70,25.80,22.30,24.80,21.70,23.30,24.80,23.60,24.60,22.90,20.50,24.30,20.80,23.20,25.60,20.30,25.50,24.70,25.20,23.80,20.10,24.40,21.90,25.70,20.40,20.10,21.60,25.00,24.10,24.60,24.80,21.00,23.90,25.60,22.10,23.90,23.20,22.20,20.20,21.60,21.70,23.30,23.00,24.70,22.10,21.20,22.20,24.70,24.70,24.80,22.00,22.10,23.00,21.20,20.90,23.30,25.30,21.10,24.50,22.90,22.30,21.10,20.60,24.90,20.90
TLM_RCV,-46,FG-ALPHA,1713170365,AUTO,0,33.12,5.00,-85,97.47,8.28,3.31,5.02,938,424,0,271,22.57,1013.10,12.00,405.10,11.27,51.25,1080,1,1713170336,GSN-01,-91,23.30,81.60,40,0,0,7.79,84,9.70,23.80,20.50,24.90,21.70,24.70,23.60,20.00,25.80,24.70,21.90,23.40,24.90,24.10,23.50,24.30,22.40,21.90,24.20,22.00,25.80,23.50,24.30,24.10,24.60,23.00,22.20,25.80,24.40,20.80,23.00,23.20,23.90,21.90,21.80,24.60,24.80,21.60,22.20,22.70,21.50,21.10,25.40,21.30,21.90,25.90,25.00,21.00,25.00,21.60,21.40,22.90,24.30,21.60,24.10,20.90,25.00,21.90,21.10,23.70,21.20,23.00,21.50,21.10,20.70
TLM_RCV,-42,FG-ALPHA,1713170366,AUTO,0,31.98,5.00,-85,97.53,8.28,3.31,5.02,1073,396,0,252,23.39,1012.90,12.10,406.10,11.27,51.25,1080,1,1713170337,GSN-01,-74,23.30,77.70,42,1,0,7.81,84,9.71,20.80,22.50,21.70,23.50,24.30,20.90,23.00,25.40,25.70,25.00,21.40,20.20,24.30,23.90,23.60,23.80,24.60,25.40,24.10,24.50,20.80,22.50,21.70,23.20,24.70,21.10,23.80,21.00,21.60,20.50,23.10,20.60,24.40,24.90,23.50,23.10,25.40,25.40,20.60,20.30,24.60,22.10,23.60,24.80,20.10,22.10,25.50,21.60,20.40,24.00,25.30,24.60,21.60,24.60,23.20,22.80,23.30,24.10,20.20,25.30,21.30,23.00,25.60,25.80
TLM_RCV,-82,FG-ALPHA,1713170367,AUTO,0,33.48,5.00,-85,97.59,8.27,3.31,5.02,1036,496,0,337,22.70,1012.80,12.00,405.80,11.27,51.25,1080,1,1713170344,GSN-01,-76,24.60,82.20,47,0,0,7.82,85,9.71,25.30,20.30,23.50,21.70,22.60,21.30,24.80,20.70,21.00,22.80,20.00,23.50,22.30,23.20,23.80,23.60,25.30,23.90,25.20,22.50,21.70,25.60,23.50,20.30,20.50,23.70,20.40,20.60,24.50,22.60,20.70,20.00,24.30,23.20,20.80,20.60,20.70,22.20,22.20,20.80,23.00,21.70,21.50,23.20,20.50,21.80,25.00,20.00,21.10,21.20,21.30,23.30,22.60,23.30,25.10,24.90,23.20,25.10,24.00,25.70,23.10,21.60,20.10,22.30
TLM_RCV,-46,FG-ALPHA,1713170368,AUTO,0,31.11,5.00,-85,97.55,8.28,3.28,5.02,0,422,0,275,22.11,1012.90,11.90,404.90,11.27,51.25,1080,1,1713170341,GSN-01,-73,25.80,82.70,47,0,1,7.79,84,9.72,20.70,22.40,24.30,20.70,22.90,22.80,23.30,20.30,20.30,24.20,23.50,22.10,23.80,22.60,22.20,23.90,24.90,20.80,20.40,22.10,22.40,24.30,23.80,25.90,22.60,24.00,24.00,24.10,25.50,23.30,20.90,25.70,20.10,22.30,21.70,24.90,22.60,25.70,21.20,21.90,25.20,20.80,23.20,20.50,21.30,21.90,24.40,22.80,22.40,25.70,23.20,25.70,21.40,21.50,23.70,22.80,24.00,21.20,20.80,22.30,24.40,24.40,25.50,21.30
TLM_RCV,-51,FG-ALPHA,1713170369,AUTO,0,32.09,5.00,-85,97.62,8.28,3.28,5.02,1138,418,0,270,23.60,1013.50,11.80,406.10,11.27,51.25,1080,1,1713170323,GSN-01,-76,24.00,80.60,48,0,0,7.79,85,9.72,25.60,24.20,25.80,84.70,22.10,23.50,25.60,21.40,23.50,21.60,25.70,24.10,25.50,24.40,21.40,25.90,20.00,24.60,20.20,21.20,21.60,25.50,21.20,23.20,21.60,25.60,25.60,25.40,21.80,23.10,20.50,24.70,24.10,23.00,21.80,22.50,25.80,21.10,22.60,25.00,25.40,22.50,21.40,24.20,24.70,21.40,20.70,22.20,25.00,24.30,25.40,20.90,22.90,21.60,24.30,20.60,22.10,21.00,20.80,22.80,20.50,20.90,24.00,21.00
TLM_RCV,-88,FG-ALPHA,1713170370,AUTO,0,32.45,5.00,-85,97.68,8.27,3.30,5.02,1147,490,0,341,23.28,1012.90,11.80,405.60,11.27,51.25,1080,1,1713170314,GSN-01,-84,23.80,78.90,43,0,0,7.79,84,9.73,20.20,20.80,25.50,25.60,25.80,25.90,21.50,25.60,21.50,23.30,22.00,22.60,22.60,24.70,20.50,23.60,20.40,21.00,24.10,25.70,23.30,25.60,24.80,21.30,23.30,22.40,23.90,23.00,21.10,24.50,25.50,23.90,22.30,22.80,20.00,21.50,23.90,22.40,21.00,22.70,20.10,22.50,22.80,25.60,22.10,24.60,20.00,20.40,23.20,24.10,24.70,22.40,21.00,20.00,21.50,22.90,20.20,23.90,20.40,20.60,21.50,21.90,20.80,25.70
TLM_RCV,-77,FG-ALPHA,1713170371,AUTO,0,33.42,5.00,-85,97.73,8.27,3.30,5.02,912,483,0,330,22.15,1012.90,11.90,405.50,11.27,51.25,1080,1,1713170355,GSN-01,-85,23.90,82.80,49,0,0,7.82,85,9.73,21.00,24.30,21.70,24.90,23.20,23.70,25.90,24.40,21.70,23.30,24.80,23.50,20.20,24.30,21.30,20.40,24.50,21.30,22.40,23.60,21.20,25.60,20.70,21.30,21.40,22.50,25.60,24.40,24.40,20.80,25.00,22.60,24.50,25.10,21.40,22.10,23.20,20.90,21.60,20.70,22.90,22.60,20.30,23.60,24.00,21.50,22.60,21.40,22.80,20.90,25.80,21.60,25.60,22.40,20.10,22.90,22.30,23.40,24.00,85.10,24.00,21.80,22.40,22.40
TLM_RCV,-92,FG-ALPHA,1713170393,AUTO,0,31.42,13.50,-85,98.39,8.29,3.30,5.02,1167,483,0,337,23.42,1012.80,12.00,405.40,11.29,52.90,1080,1,1713170357,GSN-01,-88,25.30,80.10,42,0,0,7.78,85,9.74,23.10,24.50,22.10,25.80,25.70,25.40,24.10,23.80,21.20,20.70,22.30,22.90,24.10,22.30,24.40,25.90,25.90,24.50,22.70,24.30,22.00,25.10,21.30,24.90,21.60,22.30,25.80,21.70,25.80,22.30,22.80,21.00,21.70,23.80,21.10,21.40,23.30,24.60,22.70,20.80,24.90,21.20,24.50,20.10,24.90,25.50,25.80,25.80,20.70,22.10,22.40,24.90,23.50,22.80,21.00,22.90,25.70,21.00,21.70,22.00,24.00,23.80,24.00,23.50
TLM_RCV,-95,FG-ALPHA,1713170394,AUTO,0,32.25,11.50,-85,98.45,8.30,3.28,5.02,1112,450,0,292,23.31,1013.20,12.10,405.10,11.29,52.90,1080,1,1713170371,GSN-01,-82,25.70,73.30,40,0,0,7.79,84,9.74,20.60,22.00,25.20,22.20,23.40,24.20,20.30,22.90,20.10,21.30,21.10,25.60,20.90,23.40,24.80,24.10,23.10,20.20,23.00,23.80,22.20,20.50,21.30,22.50,23.80,21.70,25.10,20.80,23.20,25.10,24.10,21.40,24.20,20.50,21.30,24.80,20.40,24.80,20.30,25.20,22.50,22.30,22.00,21.30,25.20,23.00,20.50,20.20,22.90,24.50,21.00,22.40,20.80,22.70,22.00,21.10,24.80,23.20,24.00,20.40,24.40,20.50,23.60,21.20
TLM_RCV,-84,FG-ALPHA,1713170395,AUTO,0,31.00,9.50,-85,98.52,8.30,3.30,5.02,1075,399,0,253,23.38,1013.00,12.00,406.00,11.30,52.90,1080,1,1713170359,GSN-01,-87,24.90,77.60,40,0,1,7.82,85,9.75,22.30,23.20,21.00,24.10,25.80,22.80,25.30,25.40,21.40,23.20,25.10,22.80,20.20,25.70,24.50,21.60,25.80,23.00,22.90,21.30,22.80,21.10,25.20,20.10,22.10,24.60,23.50,25.00,23.20,20.50,20.90,22.20,20.70,22.60,23.60,24.50,21.70,25.10,23.50,21.10,25.20,23.80,21.70,23.30,22.20,21.80,20.50,23.20,22.40,21.90,22.00,22.80,20.60,25.90,21.80,25.30,22.10,21.60,22.00,20.50,24.40,24.90,22.30,23.20
TLM_RCV,-66,FG-ALPHA,1713170396,AUTO,0,31.15,7.50,-85,98.56,8.30,3.29,5.02,880,429,0,273,22.25,1013.40,11.90,405.00,11.30,52.90,1080,1,1713170372,GSN-01,-90,24.30,77.30,44,0,0,7.78,85,9.75,24.00,20.40,25.80,24.00,22.70,25.10,22.80,21.60,25.30,22.50,22.90,22.10,24.50,22.20,25.70,20.90,20.90,25.30,20.10,24.50,20.80,22.40,24.00,20.00,22.00,23.30,20.70,22.80,20.50,25.10,24.90,20.40,24.90,21.70,25.30,20.80,21.90,23.40,21.10,25.70,22.70,20.40,21.30,20.50,22.10,21.10,20.80,25.80,23.60,20.90,23.20,25.70,23.70,23.50,24.10,24.70,22.20,22.00,24.00,22.20,25.00,24.70,25.20,24.00
TLM_RCV,-44,FG-ALPHA,1713170397,AUTO,0,31.38,5.50,-85,98.61,8.30,3.31,5.02,928,476,0,333,22.26,1012.90,11.90,406.30,11.30,52.90,1080,1,1713170366,GSN-01,-79,24.20,74.10,41,0,0,7.79,84,9.76,21.50,25.50,24.30,22.50,20.30,24.60,21.20,20.30,24.10,22.20,23.20,20.90,21.70,20.20,23.70,24.80,24.70,23.30,25.80,24.20,25.50,24.80,21.20,22.50,23.80,20.10,22.20,25.40,23.00,24.10,21.30,23.20,24.20,24.00,20.90,20.00,21.90,21.90,24.40,20.40,23.00,23.00,24.40,23.30,25.70,25.10,22.90,25.70,20.50,23.60,24.90,21.60,22.00,24.30,25.10,21.30,24.10,23.90,24.10,21.60,21.10,21.20,25.20,20.40
TLM_RCV,-47,FG-ALPHA,1713170398,AUTO,0,31.40,5.00,-85,98.66,8.30,3.30,5.02,1004,479,0,327,22.62,1013.40,12.00,405.00,11.30,52.90,1080,1,1713170361,GSN-01,-74,25.60,78.30,43,0,0,7.78,85,9.76,20.50,21.30,21.00,24.50,25.30,25.20,24.90,20.90,24.20,25.70,20.70,21.70,21.70,23.30,21.50,22.20,24.10,22.20,22.50,22.60,24.40,21.00,21.50,20.20,25.70,23.30,23.30,22.40,22.60,21.50,24.40,21.10,20.50,21.10,24.10,23.30,22.20,23.60,22.00,24.60,22.00,21.30,21.80,22.80,24.80,23.60,21.10,25.60,22.60,22.80,23.30,25.10,22.50,21.10,21.40,23.50,21.90,20.30,20.50,25.00,24.00,24.90,23.70,24.10
TLM_RCV,-76,FG-ALPHA,1713170399,AUTO,0,33.15,5.00,-85,98.62,8.30,3.31,5.02,0,430,0,285,22.15,1012.80,12.10,405.00,11.30,52.90,1080,1,1713170380,GSN-01,-86,23.70,79.60,42,0,0,7.78,84,9.77,20.10,22.00,22.30,20.50,25.80,24.80,25.30,20.60,25.80,20.80,25.20,20.40,20.50,20.90,20.90,22.30,25.50,24.60,21.90,20.20,24.70,25.90,25.50,24.00,20.40,21.90,20.00,21.40,24.70,25.20,20.80,20.80,23.20,25.40,24.20,24.90,22.30,23.40,21.20,25.80,24.70,20.70,23.70,25.90,25.80,20.40,21.20,25.20,20.60,25.70,25.90,20.20,23.80,24.30,22.80,20.60,22.40,24.80,22.00,22.80,21.80,25.00,25.90,23.50
TLM_RCV,-53,FG-ALPHA,1713170400,AUTO,0,32.49,5.00,-85,98.67,8.29,3.31,5.02,1030,499,0,346,22.66,1013.50,12.00,406.40,11.30,52.90,1080,1,1713170374,GSN-01,-79,25.20,81.30,41,0,1,7.80,84,9.77,23.40,24.10,24.10,24.20,22.30,24.60,23.50,25.20,24.70,24.30,24.20,21.30,21.60,22.70,22.60,24.40,21.60,20.60,25.50,20.80,24.60,25.00,24.40,23.30,20.80,24.10,25.80,20.00,21.20,24.40,23.50,25.10,23.70,24.30,23.50,25.90,24.00,20.00,20.50,23.00,25.30,20.40,23.00,23.90,20.20,22.00,20.20,21.30,25.40,22.10,22.30,21.50,21.20,21.60,22.80,21.50,85.50,20.20,24.60,24.90,23.90,21.20,24.80,22.70
TLM_RCV,-72,FG-ALPHA,1713170401,AUTO,0,32.37,5.00,-85,98.73,8.30,3.28,5.02,1008,473,0,316,22.67,1013.20,11.90,406.00,11.30,52.90,1080,1,1713170362,GSN-01,-95,25.20,74.70,46,0,0,7.80,84,9.78,20.60,23.60,25.90,22.70,24.50,21.20,22.90,23.60,20.40,20.90,24.60,21.60,24.90,24.90,24.50,24.20,25.40,23.30,22.50,24.10,23.90,21.00,21.30,24.50,20.50,23.80,24.90,25.00,23.80,25.00,24.10,20.50,20.60,25.40,22.70,23.10,21.00,23.20,24.40,25.60,21.00,24.10,25.30,22.70,24.00,25.50,21.50,20.80,24.30,21.60,22.20,25.50,23.20,22.10,21.90,23.80,22.70,22.90,23.80,20.70,21.80,25.90,20.20,24.50
TLM_RCV,-61,FG-ALPHA,1713170402,AUTO,0,33.53,5.00,-85,98.78,8.29,3.28,5.02,1010,506,0,349,22.52,1012.90,11.80,405.60,11.30,52.90,1080,1,1713170369,GSN-01,-72,25.70,81.40,41,0,0,7.79,84,9.78,25.00,22.80,25.20,21.70,22.80,25.00,21.90,23.60,23.70,23.20,25.40,21.60,24.20,25.70,22.20,22.20,20.50,20.20,21.60,22.00,24.00,21.90,25.60,20.80,25.20,20.70,20.50,20.10,23.30,20.20,23.70,25.70,22.60,25.80,25.70,23.90,24.80,23.90,22.70,21.60,23.00,25.30,25.60,22.50,22.10,20.30,21.70,23.40,25.10,20.80,25.70,20.60,22.10,23.10,24.20,20.00,20.30,20.80,22.10,25.50,21.30,23.20,24.20,24.50
TLM_RCV,-57,FG-ALPHA,1713170403,AUTO,0,32.17,5.00,-85,98.85,8.31,3.30,5.02,1137,435,0,279,23.51,1012.90,12.00,406.30,11.30,52.90,1080,1,1713170378,GSN-01,-93,23.80,73.90,45,0,0,7.79,84,9.79,24.90,24.40,20.20,21.50,23.40,25.00,23.90,23.00,23.30,22.40,22.80,20.50,24.60,21.40,23.10,23.60,22.60,24.50,24.70,24.20,21.80,25.90,21.70,21.10,21.40,20.10,20.10,22.00,24.30,22.30,21.10,24.30,25.60,24.90,21.10,25.60,21.60,25.70,25.00,20.30,22.70,21.50,22.40,22.70,25.90,22.60,21.30,22.10,22.20,20.40,22.60,22.30,20.60,20.20,25.60,22.30,22.60,25.60,20.00,25.30,24.70,23.70,22.90,21.60
TLM_RCV,-49,FG-ALPHA,1713170404,AUTO,0,32.50,5.00,-85,98.88,8.30,3.31,5.02,838,500,0,344,21.69,1012.80,12.00,405.80,11.30,52.90,1080,1,1713170345,GSN-01,-89,25.90,79.10,43,0,0,7.82,85,9.79,22.10,22.30,23.10,23.80,25.50,25.20,25.60,25.10,21.50,22.20,20.20,22.10,21.70,25.00,24.20,24.80,24.00,25.10,23.00,24.20,24.30,24.20,23.20,21.10,21.00,24.50,22.40,23.10,21.10,23.50,22.60,25.20,25.80,24.20,20.90,23.80,21.30,20.00,20.40,25.70,23.70,23.80,23.00,25.60,25.00,20.00,23.70,20.50,21.60,25.70,22.40,21.00,22.30,21.90,25.00,21.90,22.80,20.20,25.00,21.00,21.00,20.30,23.70,20.40
TLM_RCV,-66,FG-ALPHA,1713170405,AUTO,0,33.06,5.00,-85,98.92,8.31,3.28,5.02,830,411,0,267,22.09,1013.10,12.00,405.30,11.31,52.90,1080,1,1713170369,GSN-01,-92,25.20,82.40,42,0,0,7.78,85,9.80,20.30,21.00,21.30,20.20,21.60,24.10,20.50,20.20,20.80,24.00,22.50,22.30,21.70,24.90,20.70,25.40,22.80,22.60,25.50,21.80,22.20,23.00,25.70,25.30,25.60,24.20,21.30,24.30,21.80,24.00,21.00,24.70,24.90,24.70,25.50,24.10,22.80,25.70,23.90,21.50,23.90,22.30,21.60,20.50,21.00,24.00,21.30,22.90,22.60,24.30,22.20,21.00,22.10,25.40,20.30,24.10,24.30,22.40,25.60,20.00,23.70,23.60,21.30,21.70
TLM_RCV,-74,FG-ALPHA,1713170406,AUTO,0,33.24,5.00,-85,98.97,8.31,3.29,5.02,932,447,0,305,22.42,1013.60,12.10,404.90,11.31,52.90,1080,1,1713170355,GSN-01,-86,23.60,75.40,49,0,0,7.81,84,9.80,21.00,22.50,20.00,25.20,20.20,23.10,23.40,24.50,21.70,24.00,22.00,22.20,21.70,20.80,22.40,20.10,22.10,21.80,23.70,25.00,24.80,21.50,22.60,23.50,22.30,21.60,23.40,24.00,21.90,21.20,20.50,23.40,25.00,25.20,25.40,25.40,20.70,25.40,24.30,24.70,21.70,23.70,21.80,24.50,23.90,25.80,20.40,25.60,20.50,21.10,20.40,25.40,21.90,20.30,20.50,23.30,24.70,23.90,20.80,24.90,24.30,23.70,22.10,20.50
TLM_RCV,-51,FG-ALPHA,1713170407,AUTO,0,33.47,5.00,-85,99.04,8.30,3.29,5.02,1142,493,0,336,23.25,1012.70,11.80,405.20,11.31,52.90,1080,1,1713170355,GSN-01,-89,23.40,74.90,43,0,0,7.79,84,9.81,21.60,21.60,25.60,23.10,20.00,20.70,20.00,25.00,22.10,25.70,25.70,25.40,22.00,22.90,20.60,23.20,25.20,21.30,23.20,22.20,24.20,20.60,20.50,20.10,22.40,22.90,25.70,25.40,24.70,24.90,24.70,25.60,25.60,21.80,25.40,24.20,21.60,22.60,23.10,24.10,22.30,22.10,23.30,20.10,24.50,23.80,21.90,22.40,23.90,21.60,20.40,22.50,21.80,21.30,23.90,21.20,22.10,22.10,23.10,22.30,23.60,20.00,23.60,20.50
TLM_RCV,-54,FG-ALPHA,1713170408,AUTO,0,33.15,5.00,-85,99.09,8.31,3.31,5.02,936,429,0,270,22.53,1012.70,11.80,405.00,11.31,52.90,1080,1,1713170380,GSN-01,-73,24.30,80.60,47,0,0,7.82,84,9.81,23.20,25.80,20.00,21.50,24.20,25.50,25.50,22.00,24.70,20.60,24.20,20.80,20.00,22.90,21.60,21.00,24.10,24.20,24.10,24.90,21.00,20.10,25.60,22.20,20.40,20.20,24.20,22.00,25.80,25.50,24.80,24.60,21.50,25.90,20.40,23.30,24.10,22.40,25.50,23.00,21.90,21.80,23.10,25.10,22.70,23.80,24.20,25.70,20.10,23.20,24.20,25.90,22.00,20.60,23.70,21.50,22.90,21.10,23.00,20.30,25.60,24.60,24.90,24.60
TLM_RCV,-84,FG-ALPHA,1713170409,AUTO,0,32.35,5.00,-85,99.13,8.31,3.30,5.02,956,469,0,317,22.43,1013.10,11.80,405.10,11.31,52.90,1080,1,1713170365,GSN-01,-85,24.10,77.50,48,0,0,7.80,85,9.82,23.10,21.90,23.30,25.60,20.30,21.90,25.70,20.00,20.90,25.90,25.50,25.00,20.00,21.80,22.60,21.20,20.80,20.20,20.80,21.80,22.10,25.30,23.90,23.60,23.70,24.10,25.50,25.90,21.00,24.60,22.90,25.70,25.20,25.40,25.00,24.70,24.70,23.60,25.30,20.90,25.90,21.20,21.40,20.60,23.30,22.40,20.70,23.70,23.00,21.90,20.80,20.80,20.20,22.50,20.50,22.40,23.40,20.50,21.60,24.10,22.90,21.70,25.90,22.60
TLM_RCV,-68,FG-ALPHA,1713170410,AUTO,0,33.04,5.00,-85,99.19,8.32,3.29,5.02,918,409,0,269,22.55,1012.90,12.10,405.40,11.31,52.90,1080,1,1713170382,GSN-01,-86,24.00,75.00,47,0,0,7.78,85,9.82,20.30,24.70,23.80,21.50,21.70,23.60,21.60,21.50,24.50,21.50,25.50,23.60,23.20,21.40,25.00,21.20,22.20,24.90,24.00,23.60,20.10,24.90,22.40,21.10,24.50,23.90,21.60,24.50,24.70,25.70,25.00,24.80,23.10,20.70,20.80,25.80,22.80,24.50,21.60,20.00,25.60,21.10,20.90,24.80,23.30,20.00,23.80,23.40,20.50,24.20,23.70,24.20,23.40,24.30,25.10,25.10,21.90,21.10,22.60,25.50,22.00,21.90,23.90,21.60
TLM_RCV,-46,FG-ALPHA,1713170411,AUTO,0,33.13,5.00,-85,99.23,8.32,3.30,5.02,903,427,0,270,22.38,1013.10,12.10,405.30,11.31,52.90,1080,1,1713170381,GSN-01,-75,25.20,76.50,44,0,0,7.79,84,9.83,23.30,24.40,21.00,24.10,25.00,22.60,23.30,25.90,20.30,24.00,23.10,23.70,25.20,25.70,20.50,25.30,20.50,22.90,22.80,23.00,24.40,22.50,25.90,20.70,20.20,22.50,25.00,21.90,23.90,20.70,21.20,20.50,22.90,24.60,25.20,21.80,24.30,21.20,20.60,21.20,22.20,22.90,20.80,24.60,24.70,21.90,22.20,25.70,25.40,20.00,22.50,20.10,23.10,22.90,24.50,22.80,21.60,21.30,21.90,22.80,23.70,23.90,22.40,21.90
TLM_RCV,-53,FG-ALPHA,1713170412,AUTO,0,31.20,5.00,-85,99.27,8.32,3.29,5.02,824,441,0,296,21.91,1013.60,11.90,405.70,11.31,52.90,1080,1,1713170397,GSN-01,-74,23.00,74.20,41,0,1,7.81,85,9.83,24.30,22.60,22.30,24.20,23.70,25.50,21.30,22.70,20.80,23.30,23.70,21.30,20.60,23.80,22.10,22.90,25.30,21.80,24.40,25.50,23.80,23.30,25.90,24.80,21.30,20.80,24.80,20.20,20.80,25.60,25.80,24.60,20.10,25.70,22.40,22.80,23.60,24.40,25.50,23.10,24.00,25.70,24.70,22.80,20.90,20.10,23.80,22.10,20.60,21.80,25.10,24.10,20.60,22.60,23.70,24.60,25.40,23.00,21.60,24.80,21.60,20.30,25.60,23.60
TLM_RCV,-87,FG-ALPHA,1713170413,AUTO,0,31.23,5.00,-85,99.34,8.32,3.29,5.02,1143,445,0,287,23.49,1013.40,11.90,405.40,11.31,52.90,1080,1,1713170373,GSN-01,-71,23.80,81.40,41,0,0,7.78,84,9.84,21.70,25.50,24.30,23.40,21.90,25.40,22.70,25.60,25.20,20.00,21.20,23.80,20.20,20.60,21.10,20.20,24.70,22.20,21.50,24.40,23.40,23.50,25.90,25.40,21.00,21.30,24.40,20.30,24.80,25.00,21.80,22.70,21.00,22.20,24.60,22.20,22.70,24.40,20.10,23.00,24.60,25.40,20.60,20.00,20.70,23.90,23.30,25.10,20.30,21.80,25.10,25.60,25.90,23.20,25.30,23.10,22.40,23.80,22.30,20.30,20.60,21.80,24.10,20.70
TLM_RCV,-45,FG-ALPHA,1713170414,AUTO,0,31.06,5.00,-85,99.42,8.32,3.29,5.02,1194,412,0,262,23.91,1013.30,11.80,405.20,11.31,52.90,1080,1,1713170366,GSN-01,-82,23.40,73.30,49,0,0,7.79,84,9.84,21.00,24.30,23.00,24.50,22.50,21.00,24.60,23.00,22.00,22.30,20.30,22.60,22.60,20.60,20.70,20.20,23.00,24.20,23.30,23.40,23.60,24.10,25.40,20.80,24.30,21.10,24.90,22.80,22.90,22.80,23.00,21.60,21.60,24.80,24.20,25.10,22.30,20.80,20.20,24.40,25.20,21.20,21.40,21.60,24.40,20.70,24.10,25.50,21.50,22.60,25.40,20.40,23.00,20.40,24.10,20.10,23.70,24.20,21.20,20.60,24.70,24.20,21.70,23.90
TLM_RCV,-77,FG-ALPHA,1713170415,AUTO,0,32.21,5.00,-85,99.48,8.32,3.30,5.02,1027,441,0,282,22.93,1013.40,11.90,405.40,11.32,52.90,1080,1,1713170364,GSN-01,-80,24.00,74.90,45,0,0,7.78,84,9.85,22.00,20.20,21.70,24.80,22.80,21.30,24.70,25.90,23.20,25.10,20.40,25.40,20.00,25.90,20.10,23.20,25.40,24.70,25.80,25.40,23.70,20.20,25.30,23.90,25.10,21.00,22.50,21.30,24.50,21.20,23.30,23.50,23.40,20.90,24.20,23.50,21.80,23.20,20.50,22.60,24.50,20.40,20.80,22.70,20.30,24.50,21.80,20.60,24.60,21.90,20.10,22.10,24.00,21.10,22.70,22.90,23.10,21.30,23.20,25.80,25.30,20.30,21.50,23.70
TLM_RCV,-59,FG-ALPHA,1713170416,AUTO,0,31.42,5.00,-85,99.53,8.32,3.31,5.02,1050,483,0,328,22.83,1012.80,12.10,405.60,11.32,52.90,1080,1,1713170386,GSN-01,-86,23.10,77.70,42,0,0,7.79,85,9.85,20.90,22.70,22.20,21.00,21.10,25.10,20.30,20.10,22.90,25.60,21.30,23.70,23.80,24.90,22.10,22.30,23.40,21.50,24.50,20.10,24.70,22.10,25.60,24.00,21.10,22.40,20.40,23.20,23.80,25.10,25.80,23.00,22.70,21.30,22.90,25.10,25.50,23.50,25.30,25.60,20.70,25.30,21.80,25.10,23.60,22.00,20.30,21.40,21.50,24.90,23.80,24.10,22.50,24.90,25.10,21.20,21.10,24.90,23.20,23.40,24.10,23.10,23.30,22.50
TLM_RCV,-67,FG-ALPHA,1713170417,AUTO,0,32.47,5.00,-85,99.60,8.32,3.29,5.02,1163,494,0,337,23.34,1013.20,12.00,405.90,11.32,52.90,1080,1,1713170359,GSN-01,-85,24.60,81.60,41,0,0,7.82,85,9.86,23.50,23.40,21.90,24.70,24.00,25.90,21.30,23.90,24.40,20.80,20.10,25.20,23.30,25.50,21.30,23.40,24.80,24.90,23.10,22.60,21.30,20.50,21.90,21.50,21.40,22.90,21.50,23.80,25.60,24.90,22.80,25.20,24.60,25.90,22.60,22.50,22.90,23.00,25.80,23.80,23.30,25.40,20.20,20.90,22.00,23.40,23.70,21.40,21.00,24.30,22.80,23.80,24.90,22.60,20.30,23.30,21.10,21.70,24.50,22.20,23.70,20.50,20.00,22.70
TLM_RCV,-82,FG-ALPHA,1713170418,AUTO,0,31.07,5.00,-85,99.56,8.33,3.29,5.02,0,413,0,257,22.07,1012.70,12.00,405.50,11.32,52.90,1080,1,1713170390,GSN-01,-83,23.50,76.60,40,0,0,7.79,84,9.86,81.80,21.00,24.60,25.60,22.20,23.20,23.90,25.40,24.80,23.20,22.00,23.00,20.90,24.00,23.90,23.00,20.80,20.80,20.40,25.00,25.50,20.10,20.20,20.50,20.70,25.80,21.20,25.10,25.30,22.40,22.40,21.90,21.30,23.10,25.80,20.20,22.40,22.60,21.30,20.00,20.60,22.00,24.90,23.20,22.50,25.20,25.20,24.70,21.00,24.70,21.00,21.30,22.30,25.70,22.10,21.70,20.20,23.00,24.40,20.00,25.90,25.40,23.80,21.60
TLM_RCV,-71,FG-ALPHA,1713170419,AUTO,0,31.25,5.00,-85,99.60,8.32,3.28,5.02,818,449,0,303,21.84,1013.50,11.80,405.30,11.32,52.90,1080,1,1713170382,GSN-01,-72,24.60,74.40,48,0,1,7.82,84,9.87,20.60,24.00,22.50,24.50,23.60,20.00,24.30,25.60,22.40,25.20,23.30,22.90,23.70,25.50,20.00,21.00,21.00,25.80,22.50,24.30,23.70,23.10,21.20,24.70,22.00,23.00,24.00,23.80,23.40,23.90,20.30,21.10,21.30,25.00,21.90,25.50,25.40,23.20,23.80,23.80,20.90,24.80,24.30,21.30,21.50,20.50,24.80,22.40,22.10,21.00,23.90,23.00,22.20,23.90,24.80,20.80,23.90,25.70,21.10,21.00,25.20,22.20,25.30,24.00
TLM_RCV,-82,FG-ALPHA,1713170420,AUTO,0,31.20,5.00,-85,99.66,8.33,3.29,5.02,1025,441,0,286,22.92,1013.30,11.80,405.80,11.32,52.90,1080,1,1713170406,GSN-01,-75,25.70,82.30,48,0,0,7.81,85,9.87,23.60,22.60,80.90,21.10,23.40,22.60,22.30,20.80,22.80,21.30,24.90,20.30,20.80,22.70,24.60,25.10,21.50,24.50,20.10,20.10,21.80,24.90,20.70,23.80,24.70,24.80,21.60,25.10,25.60,20.50,23.00,21.60,25.60,21.70,21.60,21.40,20.50,23.30,25.30,25.40,20.40,21.50,20.10,23.50,21.50,24.20,20.30,20.10,24.20,22.70,25.50,20.30,24.10,22.10,24.80,25.30,24.30,22.90,24.00,25.30,24.90,22.80,24.10,21.90
TLM_RCV,-74,FG-ALPHA,1713170421,AUTO,0,32.29,5.00,-85,99.61,8.32,3.29,5.02,0,459,0,310,22.30,1013.20,11.90,406.40,11.32,52.90,1080,1,1713170410,GSN-01,-72,23.50,74.60,43,0,0,7.80,84,9.88,21.50,21.90,21.40,23.40,23.00,22.50,22.90,20.90,20.70,23.70,25.30,20.80,25.00,25.20,21.50,24.20,25.20,24.60,20.80,24.50,22.60,25.60,23.20,22.50,21.80,22.70,22.40,25.60,24.40,23.90,24.00,25.40,22.70,24.50,22.40,22.70,20.70,25.70,21.60,25.40,21.20,21.80,24.50,25.70,20.70,22.20,22.60,21.40,20.20,23.80,20.90,21.70,22.20,25.70,25.40,24.70,21.90,22.70,24.20,24.40,25.30,25.40,21.90,24.20
TLM_RCV,-63,FG-ALPHA,1713170422,AUTO,0,33.38,5.00,-85,99.66,8.32,3.28,5.02,976,475,0,319,22.50,1013.10,11.80,405.70,11.32,52.90,1080,1,1713170363,GSN-01,-77,25.30,81.10,42,1,0,7.82,85,9.88,24.10,23.20,24.80,21.70,21.80,25.90,23.20,20.70,24.90,20.50,22.40,23.40,23.20,22.60,20.10,25.90,20.20,21.00,22.40,23.30,25.10,22.80,21.00,21.10,21.10,22.10,20.90,25.20,20.20,25.20,24.80,21.50,25.30,22.70,23.90,20.60,20.90,21.20,22.10,22.80,22.10,21.70,21.80,25.60,23.10,23.00,22.30,21.60,21.10,21.90,22.90,21.10,23.90,24.30,24.70,22.20,25.60,21.40,22.80,21.70,21.50,22.30,23.80,20.30
TLM_RCV,-86,FG-ALPHA,1713170423,AUTO,0,32.29,5.00,-85,99.73,8.32,3.31,5.02,1113,459,0,303,23.27,1013.50,12.00,405.40,11.32,52.90,1080,1,1713170376,GSN-01,-73,24.50,80.50,45,0,1,7.79,85,9.89,25.70,21.80,21.40,23.60,21.10,24.30,24.00,21.60,24.10,22.00,24.90,20.90,21.00,20.00,23.80,20.00,22.70,22.60,20.50,23.70,23.30,23.20,24.70,22.90,24.20,22.90,25.00,23.90,25.00,22.30,21.80,21.70,21.40,22.50,24.60,25.50,20.60,24.90,22.90,20.70,24.30,24.00,22.20,22.50,20.70,25.60,22.30,22.40,24.10,73.50,23.60,25.60,22.30,20.10,25.30,22.10,24.50,21.70,23.50,23.40,25.00,21.20,20.00,20.40
TLM_RCV,-67,FG-ALPHA,1713170424,AUTO,0,31.13,5.00,-85,99.77,8.33,3.30,5.02,842,426,0,286,22.08,1013.10,11.90,404.70,11.32,52.90,1080,1,1713170380,GSN-01,-83,24.30,81.30,48,0,0,7.82,84,9.89,23.20,22.00,25.00,23.70,25.80,20.50,25.00,23.80,24.60,23.40,22.40,25.10,24.10,21.80,24.00,24.40,25.30,21.00,20.30,24.30,21.00,25.10,25.20,24.10,23.00,20.30,25.50,70.20,20.10,22.40,23.90,21.30,21.80,24.10,21.40,21.40,24.40,23.80,23.00,22.30,22.10,21.70,23.10,21.80,20.40,25.90,22.80,20.80,24.80,22.70,24.30,21.60,20.50,23.80,21.60,21.50,25.30,22.40,24.70,24.80,24.20,23.00,25.70,24.00
TLM_RCV,-94,FG-ALPHA,1713170425,AUTO,0,33.29,5.00,-85,99.81,8.33,3.28,5.02,935,458,0,311,22.39,1013.50,11.80,404.90,11.33,52.90,1080,1,1713170385,GSN-01,-74,23.30,82.90,42,0,0,7.80,84,9.90,20.10,21.20,24.60,23.80,20.70,22.90,24.50,20.10,20.10,23.20,21.60,21.70,23.40,25.30,21.40,23.60,22.70,23.40,23.20,21.50,21.30,21.10,23.70,24.60,24.70,20.40,20.30,22.00,21.90,22.40,23.40,21.60,24.70,25.80,20.80,24.70,25.10,24.50,24.80,22.20,24.70,23.10,24.90,23.80,22.60,22.40,20.10,20.70,24.80,23.70,23.10,25.60,20.30,20.90,22.70,25.30,24.80,22.00,22.70,22.40,23.10,23.50,24.90,22.50
TLM_RCV,-92,FG-ALPHA,1713170426,AUTO,0,31.23,5.00,-85,99.89,8.33,3.28,5.02,1154,445,0,287,23.55,1013.20,12.10,405.70,11.33,52.90,1080,1,1713170404,GSN-01,-73,24.70,81.40,47,1,0,7.80,85,9.90,21.80,21.00,25.20,25.10,21.20,21.40,20.00,21.00,22.20,23.90,25.30,22.10,25.30,22.90,25.90,23.00,20.60,24.90,21.90,25.70,20.30,24.90,20.70,20.40,25.50,20.10,23.40,20.10,21.50,25.40,22.00,22.60,20.60,20.40,25.50,20.30,21.80,25.40,25.50,23.50,23.70,25.50,23.30,24.10,24.00,24.80,23.50,23.20,22.80,23.70,22.80,20.80,23.40,24.00,25.40,23.10,22.00,23.20,20.00,23.50,22.60,20.80,20.70,22.10
TLM_RCV,-45,FG-ALPHA,1713170427,AUTO,0,32.15,5.00,-85,99.93,8.33,3.28,5.02,889,431,0,290,22.29,1012.90,11.80,406.10,11.33,52.90,1080,1,1713170405,GSN-01,-81,23.30,80.40,46,0,0,7.80,84,9.91,22.80,20.90,23.00,20.40,20.00,23.90,21.10,22.10,25.60,21.20,20.80,25.40,25.20,23.80,23.40,25.70,22.90,25.20,22.30,20.70,20.30,25.40,25.30,21.20,24.70,21.20,23.50,20.10,22.40,21.90,22.70,25.10,22.70,25.30,23.40,20.40,22.30,21.60,22.20,24.30,24.60,23.80,20.70,20.60,24.00,24.50,20.00,21.40,23.10,20.50,25.10,21.10,25.90,23.20,20.10,22.60,23.70,20.50,20.00,20.30,22.30,25.60,22.90,24.80
TLM_RCV,-90,FG-ALPHA,1713170428,AUTO,0,32.10,5.00,-85,99.89,8.33,3.30,5.02,0,419,0,262,22.09,1013.40,11.80,406.00,11.33,52.90,1080,1,1713170408,GSN-01,-72,25.70,81.20,46,0,0,7.78,84,9.91,23.60,20.20,21.40,22.40,23.90,22.70,20.10,21.60,21.50,24.30,23.50,20.60,22.60,22.90,23.00,23.00,23.10,20.90,25.70,20.30,20.80,23.60,21.30,22.50,22.80,24.20,24.80,22.80,20.30,23.30,22.30,21.90,22.30,20.60,23.40,22.70,22.30,21.40,20.40,25.90,23.60,24.60,23.70,25.90,24.00,25.20,25.20,20.80,23.60,22.50,24.20,20.90,22.00,25.00,22.10,22.60,25.00,20.40,23.60,22.10,20.40,21.20,24.10,20.90
TLM_RCV,-76,FG-ALPHA,1713170429,AUTO,0,32.35,5.00,-85,99.84,8.33,3.28,5.02,0,471,0,329,22.35,1012.80,12.10,405.10,11.33,52.90,1080,1,1713170399,GSN-01,-76,24.70,82.80,43,0,0,7.80,84,9.92,22.90,21.60,21.90,25.70,23.20,22.20,24.30,20.10,21.50,20.90,25.10,24.40,21.30,22.00,23.40,21.50,20.00,22.60,25.30,24.50,21.80,21.30,20.40,23.10,21.10,23.30,21.10,20.80,22.30,25.10,23.80,24.20,20.40,25.10,21.60,20.00,23.20,20.10,22.50,23.90,22.00,23.10,22.60,20.50,21.30,25.00,21.20,24.90,23.70,23.00,21.70,25.20,25.20,25.10,25.70,23.80,25.10,23.00,25.10,25.60,22.90,25.30,24.70,21.90
TLM_RCV,-58,FG-ALPHA,1713170430,AUTO,0,31.05,5.00,-85,99.89,8.34,3.30,5.02,845,410,0,260,22.17,1013.00,11.90,406.20,11.33,52.90,1080,1,1713170381,GSN-01,-75,25.60,80.00,43,0,0,7.80,84,9.92,23.50,20.20,24.50,20.10,23.50,20.40,22.90,22.10,21.00,22.70,20.10,20.20,24.30,24.10,24.20,23.10,21.20,22.80,21.40,23.10,22.40,20.90,21.30,21.00,23.30,22.80,25.20,23.10,23.60,22.10,21.70,22.20,25.00,22.90,23.40,21.20,24.20,24.70,24.80,23.90,20.00,24.40,24.30,23.70,22.30,24.70,24.70,23.30,23.70,20.10,23.10,23.60,25.10,22.20,20.80,21.00,20.40,23.30,22.80,23.20,21.60,22.30,21.80,22.90
TLM_RCV,-87,FG-ALPHA,1713170431,AUTO,0,33.52,5.00,-85,99.92,8.32,3.31,5.02,870,504,0,347,21.83,1013.50,12.00,405.90,11.33,52.90,1080,1,1713170406,GSN-01,-87,25.40,76.80,46,0,0,7.79,84,9.93,25.20,24.60,24.90,21.50,25.60,25.00,23.90,23.60,23.20,21.70,23.20,22.80,24.60,24.60,22.40,21.00,24.00,25.70,21.90,21.00,23.40,22.10,22.50,21.50,20.30,24.60,21.80,25.90,20.60,25.30,24.60,24.80,24.60,24.00,23.50,22.50,21.50,22.70,21.40,21.60,20.70,20.30,22.50,23.00,25.60,21.50,21.30,21.30,22.90,22.20,25.20,25.30,24.40,21.00,21.50,23.50,22.80,22.10,24.80,21.40,21.10,24.30,20.20,21.90
TLM_RCV,-92,FG-ALPHA,1713170432,AUTO,0,32.99,5.00,-85,99.96,8.34,3.31,5.02,807,398,0,258,22.05,1013.50,12.00,405.70,11.33,52.90,1080,1,1713170410,GSN-01,-76,25.50,78.80,49,0,0,7.78,85,9.93,25.90,22.20,23.10,20.70,22.20,22.70,20.10,21.30,75.80,21.90,22.00,20.90,24.90,20.60,23.80,20.80,21.80,22.40,24.00,25.60,21.60,21.00,23.50,25.70,23.00,25.50,25.30,23.40,25.80,22.20,22.00,23.10,23.20,22.10,24.90,20.40,20.90,24.50,20.60,22.50,20.10,22.20,20.20,24.00,23.60,23.30,24.50,22.40,24.10,24.80,22.90,21.20,23.70,23.40,21.90,20.60,25.60,22.80,21.10,24.50,24.90,24.40,25.60,22.00
TLM_RCV,-42,FG-ALPHA,1713170433,AUTO,0,31.32,5.00,-85,100.00,8.33,3.28,5.02,1092,464,0,314,23.14,1013.20,11.90,406.40,11.33,52.90,1080,1,1713170417,GSN-01,-81,23.60,82.10,40,0,0,7.82,85,9.94,24.10,24.90,23.80,20.10,20.40,24.80,20.00,24.90,23.70,22.80,21.30,25.90,22.70,24.70,25.70,24.00,24.00,25.60,21.30,25.60,25.80,20.90,25.50,22.90,21.80,23.00,21.40,20.50,21.80,22.20,22.70,25.00,25.70,25.30,24.50,24.20,25.20,21.10,24.50,24.10,23.00,25.20,21.20,22.30,21.50,25.80,22.60,23.40,20.00,22.50,24.70,25.20,23.20,21.90,25.60,24.90,24.40,24.10,22.40,21.00,21.80,25.80,20.50,20.70
TLM_RCV,-74,FG-ALPHA,1713170455,AUTO,0,32.06,5.00,-85,100.00,8.34,3.28,5.02,841,413,0,271,22.14,1013.20,11.90,404.80,11.36,53.20,1080,1,1713170443,GSN-01,-89,25.20,81.70,49,0,0,7.80,84,9.94,25.20,20.20,20.60,20.80,25.80,23.70,25.10,25.90,23.70,24.50,20.50,20.80,24.20,24.10,20.20,21.50,24.60,22.20,20.40,22.40,20.30,25.90,25.50,25.50,23.20,24.80,24.00,23.60,20.00,22.70,22.60,24.90,22.40,25.30,24.40,21.30,21.00,23.40,23.80,25.50,21.20,21.40,25.90,23.40,23.90,24.50,24.40,22.30,20.90,24.30,21.30,20.60,21.00,25.30,23.00,24.70,24.80,25.20,23.40,21.50,21.10,20.80,20.80,23.90
TLM_RCV,-52,FG-ALPHA,1713170456,AUTO,0,31.23,5.00,-85,100.00,8.33,3.30,5.02,1120,445,0,286,23.37,1013.00,11.80,405.70,11.36,53.20,1080,1,1713170443,GSN-01,-89,24.20,75.50,46,0,0,7.82,84,9.95,24.60,24.10,25.50,20.80,21.70,23.60,25.00,22.20,23.50,24.70,25.10,20.60,21.80,25.80,23.10,20.90,23.90,23.80,24.10,25.20,20.60,22.40,21.30,25.00,25.90,24.50,22.80,22.50,20.80,22.90,21.50,21.40,20.20,24.30,20.20,20.80,22.30,20.50,22.50,21.90,22.20,21.30,22.10,25.30,25.60,20.50,22.00,24.40,23.60,20.60,22.50,22.00,23.10,22.30,24.40,25.80,24.70,22.90,25.70,20.80,24.60,24.90,23.80,24.40
TLM_RCV,-51,FG-ALPHA,1713170457,AUTO,0,31.06,5.00,-85,99.96,8.34,3.28,5.02,0,412,0,258,22.06,1012.70,12.10,406.30,11.36,53.20,1080,1,1713170426,GSN-01,-74,25.20,77.20,48,0,0,7.79,84,9.95,25.60,25.50,21.20,21.90,25.10,25.90,25.10,25.20,21.70,21.00,20.60,24.80,21.40,21.90,25.40,24.30,22.00,23.40,20.90,22.10,24.00,25.90,23.70,22.70,21.20,20.60,24.60,23.20,25.20,24.50,20.60,21.30,24.00,25.30,24.30,23.30,24.60,20.70,23.80,24.00,20.50,24.20,25.50,22.50,24.90,20.50,20.30,20.70,24.20,25.00,20.00,24.70,25.80,21.90,24.90,23.40,20.90,23.10,22.90,21.40,25.30,20.80,21.70,22.60
TLM_RCV,-47,FG-ALPHA,1713170458,AUTO,0,33.21,5.00,-85,100.00,8.33,3.29,5.02,1127,442,0,302,23.42,1013.00,11.90,405.80,11.36,53.20,1080,1,1713170418,GSN-01,-94,24.00,81.10,41,0,0,7.82,85,9.96,20.50,23.50,21.10,20.60,20.30,22.20,24.60,74.30,25.20,20.30,25.20,20.70,24.50,25.50,24.50,23.40,20.30,21.20,23.50,25.90,20.10,24.00,23.60,20.80,23.00,22.30,20.60,25.00,20.70,22.90,22.80,20.70,22.50,20.10,21.80,22.20,24.80,24.20,22.50,25.50,24.00,20.60,23.90,20.30,22.10,23.00,24.50,23.60,23.60,23.70,23.90,25.30,22.60,25.40,21.40,20.20,21.60,25.60,25.40,22.70,21.70,20.80,20.70,23.20
TLM_RCV,-54,FG-ALPHA,1713170459,AUTO,0,32.99,5.00,-85,100.00,8.34,3.30,5.02,853,397,0,253,22.28,1012.90,11.90,404.50,11.36,53.20,1080,1,1713170405,GSN-01,-83,23.00,81.70,41,0,0,7.80,85,9.96,25.20,22.60,24.50,25.80,23.70,24.20,21.70,23.30,22.60,25.20,20.60,24.20,21.10,22.60,21.40,20.50,23.30,22.90,21.90,23.30,20.30,21.20,25.00,21.70,22.10,21.30,24.00,21.00,20.80,23.80,20.00,20.80,22.50,21.00,21.10,20.90,22.40,20.20,20.10,22.90,22.30,22.60,21.00,21.40,23.10,20.60,25.80,24.20,24.20,21.60,21.00,24.30,21.80,21.50,23.30,25.60,25.80,25.80,24.20,25.60,25.00,25.20,20.20,20.10
TLM_RCV,-45,FG-ALPHA,1713170460,AUTO,0,32.01,5.00,-85,100.00,8.34,3.28,5.02,1023,403,0,261,23.10,1013.00,11.90,406.30,11.36,53.20,1080,1,1713170426,GSN-01,-86,25.50,77.90,45,0,0,7.80,84,9.97,25.50,21.80,25.40,23.40,24.60,23.20,22.40,24.90,25.60,21.60,20.10,24.60,22.50,25.60,21.40,24.90,25.30,25.80,22.50,24.30,21.80,23.20,21.80,21.20,25.80,20.30,25.80,23.50,25.30,24.70,23.90,25.90,25.80,24.60,22.50,25.50,23.20,25.90,24.40,22.20,20.50,22.40,24.50,25.20,22.60,22.80,21.70,23.20,22.20,24.70,22.80,22.10,20.20,20.20,22.60,21.20,23.90,20.80,22.30,21.50,23.60,24.00,24.80,20.30
TLM_RCV,-53,FG-ALPHA,1713170461,AUTO,0,33.12,5.00,-85,100.00,8.34,3.31,5.02,1051,424,0,271,23.14,1013.10,11.80,405.90,11.36,53.20,1080,1,1713170441,GSN-01,-90,25.50,76.10,46,0,0,7.80,85,9.97,22.20,21.10,21.70,20.90,21.80,25.40,21.90,23.20,21.60,22.50,24.80,25.60,23.10,21.10,21.10,24.80,20.60,20.10,22.80,22.80,22.40,21.90,24.80,22.30,20.70,22.90,23.50,23.00,23.40,22.10,25.80,25.60,22.40,20.10,23.50,20.80,23.70,23.80,22.50,25.90,24.30,22.80,23.50,24.40,25.00,20.30,23.40,25.00,24.00,23.50,21.60,21.40,25.30,20.30,21.60,23.10,21.70,23.10,21.90,23.40,23.40,21.00,20.10,25.50
TLM_RCV,-55,FG-ALPHA,1713170462,AUTO,0,33.13,5.00,-85,100.00,8.34,3.28,5.02,961,425,0,270,22.68,1013.10,12.10,404.90,11.36,53.20,1080,1,1713170447,GSN-01,-95,25.00,74.20,49,0,0,7.80,84,9.98,21.90,23.70,21.00,23.40,20.00,23.50,20.60,22.80,25.50,23.10,23.80,24.10,25.70,21.60,23.80,24.80,22.80,23.70,21.10,21.30,21.70,21.40,20.00,22.20,23.80,24.50,20.80,24.10,25.60,23.60,23.40,21.30,25.70,21.00,22.50,21.60,24.30,24.30,25.20,21.20,25.90,20.50,21.20,20.70,21.60,20.00,21.50,20.60,24.60,21.10,22.50,21.20,23.60,21.50,21.70,23.70,24.40,21.90,24.80,23.30,25.80,22.30,25.80,22.60
TLM_RCV,-53,FG-ALPHA,1713170463,AUTO,0,33.31,5.00,-85,100.00,8.33,3.29,5.02,999,463,0,320,22.68,1013.20,12.10,405.60,11.36,53.20,1080,1,1713170439,GSN-01,-95,24.40,75.40,46,0,0,7.79,85,9.98,20.20,23.80,23.00,23.70,21.00,25.10,22.40,22.40,25.00,21.80,25.30,23.60,20.50,22.10,24.00,21.80,21.70,24.70,20.10,22.60,20.10,20.90,23.80,21.50,20.30,25.00,23.10,25.80,23.30,24.30,24.60,22.00,23.70,21.60,21.50,23.40,24.90,24.20,21.60,22.00,23.70,25.00,23.10,21.30,20.90,24.50,20.40,25.80,22.00,20.00,23.30,24.10,21.40,24.20,21.30,20.50,20.10,25.70,23.00,21.30,24.10,24.80,21.40,20.90
TLM_RCV,-64,FG-ALPHA,1713170464,AUTO,0,33.20,5.00,-85,100.00,8.33,3.30,5.02,840,440,0,285,22.00,1013.00,12.10,404.60,11.36,53.20,1080,1,1713170422,GSN-01,-81,23.00,74.10,42,0,0,7.78,84,9.99,20.80,25.60,23.80,25.20,25.80,25.60,21.80,20.50,24.20,20.10,22.30,20.80,23.90,21.40,20.40,24.90,20.10,24.50,22.20,20.80,21.90,21.70,22.80,24.20,20.70,22.20,24.20,25.70,21.00,25.50,20.30,24.80,21.60,22.20,24.00,20.80,25.30,25.30,21.20,25.70,23.10,22.10,25.50,24.80,20.70,21.30,25.80,21.60,25.30,24.70,21.00,21.10,21.90,21.90,20.00,23.40,25.30,25.30,21.40,20.00,22.50,21.80,25.90,22.10
TLM_RCV,-95,FG-ALPHA,1713170465,AUTO,0,31.17,5.00,-85,100.00,8.33,3.31,5.02,971,434,0,285,22.68,1012.70,11.90,404.50,11.37,53.20,1080,1,1713170414,GSN-01,-91,24.20,80.30,42,0,0,7.78,84,9.99,23.20,22.40,21.80,25.40,22.30,20.80,20.70,23.30,23.00,22.80,23.90,20.90,24.90,21.20,20.10,24.10,23.50,25.80,21.70,25.30,24.00,22.90,25.50,22.60,25.70,24.00,24.30,20.70,23.80,23.20,20.20,20.60,24.10,20.80,23.80,21.00,23.90,24.70,22.50,24.60,25.60,24.50,22.10,22.60,23.20,25.20,22.40,21.40,24.90,23.80,25.90,21.00,24.30,24.20,23.10,23.90,24.10,21.20,25.70,23.10,22.70,23.00,23.70,20.90
TLM_RCV,-81,FG-ALPHA,1713170466,AUTO,0,31.34,5.00,-85,100.00,8.33,3.31,5.02,946,468,0,324,22.39,1013.10,11.90,405.40,11.37,53.20,1080,1,1713170426,GSN-01,-82,24.10,78.00,44,0,0,7.82,85,10.00,20.90,20.70,23.20,22.70,25.80,24.10,25.90,21.70,22.30,25.10,24.30,25.50,25.50,20.70,22.40,21.90,25.50,22.60,24.80,21.20,20.90,25.70,20.60,22.90,20.90,25.80,22.60,20.80,20.80,22.10,20.10,25.50,21.80,24.30,21.70,21.60,24.60,25.90,24.30,21.60,20.80,22.60,21.40,25.60,21.60,20.90,20.70,23.90,21.70,23.50,21.50,24.90,24.50,24.10,25.10,24.60,20.10,21.90,23.00,25.30,22.50,23.40,25.60,23.30
TLM_RCV,-93,FG-ALPHA,1713170467,AUTO,0,32.29,5.00,-85,100.00,8.33,3.29,5.02,923,459,0,307,22.32,1013.10,11.90,405.20,11.37,53.20,1080,1,1713170457,GSN-01,-85,24.30,79.70,44,0,0,7.81,84,10.00,24.70,24.50,20.00,24.90,20.10,22.20,23.50,20.50,20.30,21.20,23.30,22.40,25.20,20.50,20.90,22.80,22.10,21.40,21.90,23.40,25.50,25.00,24.70,21.30,24.20,23.10,25.50,25.40,25.90,20.00,25.00,22.90,25.80,25.10,25.90,25.70,24.70,23.20,22.20,23.50,24.90,20.30,23.10,22.80,24.90,25.80,20.40,22.00,25.50,20.60,20.70,24.80,23.00,25.10,22.50,23.00,20.70,24.90,23.10,24.30,23.80,24.60,23.90,20.30
TLM_RCV,-87,FG-ALPHA,1713170468,AUTO,0,32.06,5.00,-85,100.00,8.34,3.29,5.02,1033,412,0,267,23.10,1013.00,11.90,404.80,11.37,53.20,1080,1,1713170409,GSN-01,-78,24.80,77.10,47,0,1,7.82,84,10.01,25.10,24.90,25.60,22.60,23.80,22.50,24.00,21.50,22.00,23.30,23.70,22.90,23.50,23.70,24.10,21.80,25.90,24.00,20.90,23.70,25.90,20.00,22.70,21.20,25.60,25.00,23.90,25.10,20.00,21.50,22.80,25.80,24.70,20.30,22.60,21.80,24.10,23.80,21.60,25.40,25.70,20.80,20.90,21.00,22.20,23.40,22.30,22.10,24.80,23.90,24.70,20.10,21.10,21.40,22.20,23.50,22.90,24.50,22.60,20.80,25.60,23.10,24.90,25.00
TLM_RCV,-57,FG-ALPHA,1713170469,AUTO,0,31.02,5.00,-85,99.96,8.34,3.31,5.02,0,404,0,250,22.02,1012.80,12.00,406.00,11.37,53.20,1080,1,1713170455,GSN-01,-82,25.90,78.80,41,1,0,7.80,84,10.01,23.10,21.70,24.00,24.10,21.90,23.80,24.00,24.20,20.60,22.80,20.70,25.70,25.80,20.10,23.20,20.90,24.60,22.30,25.70,21.20,21.90,25.50,24.30,24.10,24.70,25.80,22.00,20.70,20.90,24.50,22.60,20.20,21.10,23.20,20.50,20.40,20.90,22.50,22.70,20.40,25.60,22.30,23.90,20.60,25.90,21.50,21.60,23.80,23.00,20.20,21.60,22.50,24.60,23.20,20.40,24.50,23.60,24.20,23.90,25.30,21.60,20.90,22.30,23.20
TLM_RCV,-44,FG-ALPHA,1713170470,AUTO,0,33.40,5.00,-85,100.00,8.33,3.28,5.02,967,481,0,325,22.43,1012.80,11.90,405.10,11.37,53.20,1080,1,1713170441,GSN-01,-77,23.40,74.90,41,1,0,7.80,85,10.02,23.50,21.70,24.10,20.00,22.30,21.10,21.40,21.50,21.50,25.80,23.90,21.00,21.00,23.60,24.10,25.60,20.50,20.70,21.80,23.10,22.50,20.00,25.60,23.10,23.80,25.40,25.60,25.70,20.50,25.00,24.20,22.10,21.50,20.00,22.60,25.50,20.80,20.40,22.90,21.30,25.80,23.90,20.40,22.40,24.50,25.20,25.30,21.60,22.50,24.40,23.20,22.70,21.60,23.70,25.90,22.60,20.20,25.30,25.20,25.60,25.70,20.20,23.70,24.00
TLM_RCV,-78,FG-ALPHA,1713170471,AUTO,0,32.42,5.00,-85,100.00,8.33,3.31,5.02,1088,484,0,337,23.02,1013.60,11.80,404.80,11.37,53.20,1080,1,1713170429,GSN-01,-75,25.80,77.50,44,0,0,7.80,85,10.02,24.60,25.00,24.70,21.80,22.90,23.90,22.10,22.30,25.30,23.60,22.70,22.20,21.40,25.00,21.00,25.30,21.70,20.10,20.70,20.70,21.20,20.90,25.80,21.50,21.10,25.50,23.90,23.90,22.80,22.30,21.20,22.20,20.70,20.30,20.90,23.00,22.00,20.60,25.30,22.30,21.00,24.60,22.10,25.90,23.30,25.10,20.20,20.40,24.30,20.90,20.80,24.70,21.10,24.30,24.80,25.90,25.30,20.80,25.40,25.50,24.20,24.90,24.20,21.90
TLM_RCV,-64,FG-ALPHA,1713170472,AUTO,0,31.49,5.00,-85,100.00,8.33,3.31,5.02,835,498,0,349,21.68,1012.70,12.10,405.60,11.37,53.20,1080,1,1713170433,GSN-01,-73,24.30,78.60,45,0,0,7.81,85,10.03,22.50,21.40,22.90,22.60,25.20,22.20,21.00,24.10,20.30,21.90,21.20,24.40,20.90,21.30,25.70,20.90,25.90,21.50,25.50,21.80,22.70,23.80,25.90,23.20,20.00,24.60,20.40,20.40,22.00,75.10,24.80,23.00,20.30,24.80,22.30,22.40,25.70,25.40,21.20,25.60,20.60,22.90,22.50,24.00,23.00,23.60,20.10,23.20,23.10,25.80,23.60,22.60,22.40,24.80,21.10,22.90,23.20,22.70,25.70,21.70,20.30,24.60,24.40,23.90
TLM_RCV,-74,FG-ALPHA,1713170473,AUTO,0,31.49,5.00,-85,100.00,8.33,3.29,5.02,1133,498,0,343,23.17,1013.60,11.90,406.30,11.37,53.20,1080,1,1713170452,GSN-01,-91,25.40,79.90,48,0,0,7.80,84,10.03,25.20,21.90,25.60,22.10,20.40,22.40,23.90,20.30,25.40,25.00,22.10,22.40,24.70,20.10,24.20,20.20,21.10,21.10,20.40,24.00,21.90,20.90,25.90,21.10,22.00,23.70,24.90,21.30,25.50,21.20,20.20,25.10,23.70,24.70,23.10,23.90,24.40,22.70,20.00,23.90,21.20,24.70,21.70,22.30,20.40,20.70,23.70,24.40,24.70,20.10,24.40,23.60,24.20,20.70,20.20,20.00,24.10,22.50,22.50,23.80,21.20,22.20,25.40,20.70
TLM_RCV,-71,FG-ALPHA,1713170474,AUTO,0,31.14,5.00,-85,100.00,8.34,3.31,5.02,1009,427,0,285,22.91,1013.50,12.10,406.30,11.37,53.20,1080,1,1713170438,GSN-01,-95,25.80,80.90,44,0,0,7.81,84,10.04,23.10,24.30,20.80,23.30,25.50,25.90,22.50,25.90,22.20,21.90,24.30,22.30,25.70,22.70,22.60,25.60,21.40,22.90,25.30,20.00,25.90,25.90,24.60,24.00,25.70,23.90,22.70,21.50,22.40,23.40,20.10,24.60,25.80,23.60,24.90,25.40,20.90,21.60,22.60,24.20,21.10,21.20,23.10,24.40,22.70,24.40,22.00,20.60,25.90,22.80,20.80,22.30,20.80,22.40,22.10,24.70,21.90,20.90,20.30,21.90,23.90,22.90,25.10,24.80
TLM_RCV,-78,FG-ALPHA,1713170475,AUTO,0,32.42,5.00,-85,99.95,8.33,3.29,5.02,0,484,0,331,22.42,1013.30,11.90,405.40,11.38,53.20,1080,1,1713170464,GSN-01,-78,23.90,78.70,46,1,0,7.79,84,10.04,24.90,20.90,21.70,25.80,20.20,24.00,22.50,22.00,23.70,23.90,23.50,21.30,20.20,21.20,23.00,21.20,25.10,22.40,25.80,24.10,25.60,20.60,20.10,20.00,21.20,25.10,20.00,20.80,25.20,24.90,25.90,23.90,24.90,23.20,23.80,22.40,20.20,22.30,24.00,25.90,24.10,23.50,23.20,23.40,23.00,22.10,25.20,25.60,24.30,20.10,25.00,21.10,23.00,21.90,23.60,22.70,22.00,20.60,20.80,21.80,20.50,22.30,20.40,22.40
TLM_RCV,-80,FG-ALPHA,1713170476,AUTO,0,32.05,5.00,-85,100.00,8.34,3.31,5.02,1070,410,0,256,23.30,1012.70,12.10,405.00,11.38,53.20,1080,1,1713170451,GSN-01,-95,24.20,75.40,42,0,0,7.78,85,10.05,20.60,25.10,23.70,21.80,25.60,24.20,23.40,21.90,23.70,20.40,20.60,21.10,22.70,23.50,21.50,23.60,22.80,24.20,25.60,23.90,22.10,23.50,22.80,24.80,20.20,25.10,21.20,22.30,25.90,21.00,22.40,24.70,25.30,20.90,23.70,21.90,24.80,24.70,24.90,22.40,20.40,20.30,24.90,20.20,25.20,24.20,23.70,22.60,21.80,23.40,20.70,21.90,23.00,21.90,23.30,22.80,22.80,23.70,20.40,23.80,21.80,22.00,21.60,20.30
TLM_RCV,-70,FG-ALPHA,1713170477,AUTO,0,33.15,5.00,-85,100.00,8.34,3.31,5.02,1053,431,0,279,23.11,1012.90,12.00,404.90,11.38,53.20,1080,1,1713170419,GSN-01,-83,25.30,73.70,41,0,0,7.81,84,10.05,21.60,21.90,20.80,22.60,23.70,24.10,20.70,20.50,21.20,21.20,25.30,21.30,23.00,23.60,25.20,22.00,21.90,20.10,25.20,21.40,20.50,22.30,20.60,23.90,20.50,23.40,24.20,20.40,22.10,22.80,21.20,25.80,23.10,25.90,24.10,21.60,23.10,22.10,24.20,22.30,20.40,22.50,25.70,25.60,21.00,25.70,20.80,20.70,20.70,24.90,25.00,25.70,20.00,21.10,23.30,21.00,20.30,25.40,22.50,20.20,21.50,22.40,22.20,23.00
TLM_RCV,-89,FG-ALPHA,1713170478,AUTO,0,32.96,5.00,-85,100.00,8.34,3.30,5.02,826,391,0,250,22.17,1012.70,12.10,404.80,11.38,53.20,1080,1,1713170453,GSN-01,-93,23.90,79.10,47,0,0,7.78,84,10.06,25.10,21.60,23.30,23.80,24.40,20.40,23.40,20.10,22.00,22.30,22.30,24.00,25.80,24.50,23.60,24.50,20.40,25.00,22.40,20.20,22.90,20.00,21.50,25.90,24.40,25.60,20.70,23.70,24.40,21.30,23.00,24.30,24.40,25.80,25.10,21.70,25.50,22.70,25.50,25.00,24.60,22.60,23.80,25.50,23.20,24.90,21.50,21.30,21.90,22.20,24.70,21.80,20.10,20.70,23.30,20.80,22.50,23.80,20.60,24.90,22.10,24.40,20.00,20.90
TLM_RCV,-42,FG-ALPHA,1713170479,AUTO,0,32.28,5.00,-85,100.00,8.33,3.29,5.02,1016,455,0,314,22.81,1013.50,12.00,405.40,11.38,53.20,1080,1,1713170463,GSN-01,-83,24.20,74.70,47,0,0,7.80,84,10.06,20.70,23.20,21.20,20.70,25.70,21.60,21.50,20.30,23.30,20.60,25.60,20.10,21.40,22.00,20.50,22.70,23.40,21.10,25.70,24.60,25.90,25.30,25.10,24.30,23.10,23.00,22.70,23.80,21.80,23.10,22.20,20.20,20.10,21.50,24.00,20.20,20.10,25.30,20.50,25.10,23.80,21.10,23.40,21.90,22.10,22.50,23.70,24.30,20.90,23.50,25.30,23.70,21.10,23.20,20.90,21.30,24.60,20.10,22.50,22.10,25.10,21.60,24.70,23.20
TLM_RCV,-65,FG-ALPHA,1713170480,AUTO,0,32.47,5.00,-85,99.95,8.32,3.30,5.02,0,494,0,336,22.47,1013.20,11.80,406.40,11.38,53.20,1080,1,1713170450,GSN-01,-81,23.90,78.30,43,0,0,7.82,84,10.07,22.10,20.70,23.70,23.20,24.40,21.20,22.10,24.70,23.20,21.20,24.50,20.80,20.90,25.40,21.40,25.20,24.30,22.60,23.10,20.40,23.80,25.80,24.30,22.60,23.30,25.20,22.50,22.70,23.70,22.50,21.10,23.70,21.00,21.90,22.90,22.50,22.30,20.40,22.60,24.00,23.00,24.20,23.00,24.30,24.20,22.70,22.90,22.20,21.60,20.10,25.50,22.50,23.70,24.20,22.70,21.60,24.80,20.90,25.80,24.00,21.30,20.60,22.40,23.20
TLM_RCV,-88,FG-ALPHA,1713170481,AUTO,0,33.03,5.00,-85,100.00,8.34,3.29,5.02,950,407,0,262,22.72,1013.30,11.80,404.60,11.38,53.20,1080,1,1713170434,GSN-01,-77,23.50,78.80,44,0,0,7.79,85,10.07,21.60,20.70,21.40,22.00,23.70,21.10,21.80,25.90,24.70,22.80,20.40,25.90,25.40,23.30,25.10,21.00,24.90,25.80,23.00,23.20,25.70,24.30,25.90,23.70,24.60,24.30,21.90,24.80,25.20,25.10,23.80,24.70,21.90,22.80,22.70,21.80,22.10,22.00,21.70,20.40,20.20,24.80,25.80,21.60,22.20,22.00,24.40,23.60,23.90,20.00,25.60,25.10,25.70,21.20,20.80,24.40,21.60,24.90,24.70,23.10,23.90,23.60,21.90,22.60
TLM_RCV,-59,FG-ALPHA,1713170482,AUTO,0,31.25,5.00,-85,100.00,8.33,3.29,5.02,835,450,0,291,21.92,1013.10,11.90,404.60,11.38,53.20,1080,1,1713170454,GSN-01,-93,24.30,74.50,46,0,0,7.78,84,10.08,20.60,21.20,23.50,23.70,23.70,21.00,22.90,23.70,23.70,22.60,20.50,20.10,23.70,22.30,24.40,23.10,25.40,25.20,22.50,25.70,21.40,22.40,22.40,21.80,23.80,25.40,24.00,25.80,21.70,22.00,23.50,24.40,24.60,24.60,20.20,20.70,24.20,25.50,21.60,24.80,21.50,20.10,20.90,21.60,23.40,24.50,25.50,24.10,25.80,22.30,20.80,25.40,23.40,23.30,25.90,25.30,23.90,22.80,24.90,21.40,24.80,23.20,21.00,21.30
TLM_RCV,-53,FG-ALPHA,1713170483,AUTO,0,32.35,5.00,-85,100.00,8.33,3.29,5.02,839,470,0,330,21.84,1012.70,11.90,404.50,11.38,53.20,1080,1,1713170462,GSN-01,-82,23.40,81.60,47,0,0,7.78,85,10.08,25.60,25.40,23.70,20.90,25.90,25.20,22.00,25.50,24.20,24.90,24.50,20.00,23.50,25.60,23.80,25.30,23.10,22.30,20.10,22.50,24.30,24.70,23.70,25.80,23.90,20.10,21.70,23.10,21.90,20.70,20.40,25.40,22.40,20.70,21.50,24.40,22.60,20.90,24.50,23.10,24.70,24.60,23.70,20.60,25.80,25.70,24.30,21.30,23.10,23.90,24.40,23.30,25.50,20.90,24.00,24.70,20.20,20.80,20.80,25.00,23.10,24.40,20.60,20.90
TLM_RCV,-81,FG-ALPHA,1713170484,AUTO,0,32.18,5.00,-85,99.96,8.33,3.31,5.02,0,436,0,284,22.18,1012.80,11.90,405.20,11.38,53.20,1080,1,1713170436,GSN-01,-91,25.00,79.90,48,0,0,7.78,85,10.09,25.30,23.60,20.60,23.20,22.40,25.20,22.40,21.00,21.40,25.90,20.70,23.50,21.50,22.00,20.40,20.80,24.60,22.40,25.70,24.40,20.20,20.90,25.20,20.60,20.20,20.10,25.20,24.40,23.80,22.90,24.30,23.00,22.60,24.30,24.60,20.70,22.50,25.70,21.20,23.10,23.30,21.00,21.70,22.00,22.20,23.00,20.40,25.90,25.60,23.00,24.30,22.40,23.40,22.30,20.10,24.40,22.30,23.10,25.60,24.90,24.90,23.60,21.80,25.20
TLM_RCV,-77,FG-ALPHA,1713170485,AUTO,0,32.06,5.00,-85,100.00,8.34,3.30,5.02,1053,412,0,265,23.20,1013.60,11.90,405.40,11.39,53.20,1080,1,1713170465,GSN-01,-83,25.00,81.60,43,0,0,7.80,85,10.09,22.60,22.80,25.00,22.50,22.00,24.10,23.80,25.10,22.70,23.50,22.40,22.30,22.70,21.30,22.90,25.30,21.00,25.00,21.40,25.20,25.70,23.70,24.50,21.60,21.10,25.80,22.70,21.80,22.40,21.80,23.30,22.20,21.40,21.00,21.10,25.40,21.20,22.00,23.20,20.70,22.30,24.30,23.10,24.30,23.30,24.40,25.10,21.60,22.30,23.40,24.40,23.90,23.80,20.80,21.50,25.40,25.30,25.40,22.50,25.20,21.00,20.80,20.10,21.70
TLM_RCV,-43,FG-ALPHA,1713170486,AUTO,0,31.42,5.00,-85,99.95,8.33,3.28,5.02,0,485,0,333,22.42,1013.30,12.00,406.20,11.39,53.20,1080,1,1713170473,GSN-01,-84,24.00,82.70,44,0,0,7.79,84,10.10,22.50,24.30,24.70,20.10,20.50,22.10,23.20,22.80,22.10,25.80,20.80,22.10,23.80,21.00,22.60,24.30,24.10,20.40,22.80,25.70,22.60,24.90,22.30,23.10,22.90,24.20,20.60,22.90,20.60,21.60,20.80,25.40,24.30,22.40,23.60,24.10,23.70,24.00,23.10,22.20,25.80,25.20,20.70,24.30,23.00,21.10,20.50,23.30,21.20,24.00,23.60,22.20,21.90,22.30,20.60,23.70,24.80,24.00,23.90,82.70,25.00,25.70,25.50,21.30
TLM_RCV,-83,FG-ALPHA,1713170487,AUTO,0,32.20,5.00,-85,100.00,8.33,3.29,5.02,947,440,0,295,22.53,1012.90,11.90,404.80,11.39,53.20,1080,1,1713170455,GSN-01,-84,24.40,79.20,41,0,0,7.81,84,10.10,21.50,22.50,20.00,23.20,23.60,23.10,22.10,21.20,25.20,20.50,22.60,21.60,22.80,22.30,20.30,22.80,20.70,23.90,20.80,21.50,20.80,20.40,24.50,20.30,24.90,24.00,21.00,24.60,21.80,21.20,20.30,25.10,24.80,20.00,23.90,21.50,21.90,20.00,25.40,23.70,22.10,25.40,20.30,23.20,21.20,25.20,20.10,24.70,25.50,25.50,24.50,21.40,24.40,23.20,25.60,23.40,24.70,23.20,22.50,25.50,24.20,20.40,24.40,24.50
TLM_RCV,-48,FG-ALPHA,1713170488,AUTO,0,33.27,5.00,-85,100.00,8.33,3.28,5.02,919,454,0,295,22.33,1013.30,11.90,404.90,11.39,53.20,1080,1,1713170451,GSN-01,-81,23.00,82.40,45,0,0,7.80,84,10.11,25.80,24.30,22.90,20.90,23.30,20.80,20.80,25.50,23.90,20.10,22.40,25.60,22.10,25.40,25.50,22.80,20.60,24.70,22.90,21.20,20.60,22.60,23.40,22.40,22.50,24.60,23.20,20.60,25.50,20.50,24.20,20.20,21.20,20.90,22.10,20.60,22.40,22.50,21.10,21.60,22.80,20.50,22.10,24.10,24.10,23.20,25.80,24.30,21.20,21.60,22.00,23.00,20.30,21.10,25.40,21.90,22.40,24.90,24.70,25.10,23.30,22.60,22.30,25.60
TLM_RCV,-87,FG-ALPHA,1713170489,AUTO,0,31.09,5.00,-85,99.96,8.34,3.31,5.02,0,419,0,268,22.09,1013.00,12.00,405.70,11.39,53.20,1080,1,1713170472,GSN-01,-80,24.40,74.50,43,0,0,7.80,84,10.11,25.20,25.50,21.70,20.90,22.80,23.40,23.10,25.30,23.00,25.40,25.00,23.10,21.40,24.80,20.10,22.60,23.10,25.20,22.10,22.20,20.10,24.40,22.70,21.30,25.90,21.00,25.50,20.40,20.00,21.20,23.80,24.50,23.50,25.80,22.70,23.00,22.40,25.20,23.60,25.60,22.40,20.80,23.80,25.90,20.80,24.40,23.30,25.40,21.00,20.80,22.00,23.70,23.40,20.20,22.40,25.40,22.50,20.80,25.20,22.50,21.10,20.30,22.60,21.50
TLM_RCV,-62,FG-ALPHA,1713170490,AUTO,0,33.21,5.00,-85,99.91,8.33,3.30,5.02,0,442,0,283,22.21,1012.70,12.00,405.50,11.39,53.20,1080,1,1713170451,GSN-01,-74,25.80,74.90,40,0,0,7.81,84,10.12,20.00,20.50,23.60,23.30,20.00,25.70,21.90,22.50,23.20,23.80,23.90,22.10,24.50,25.80,20.20,24.20,23.40,23.60,21.20,20.60,25.40,24.80,20.70,21.60,23.10,22.40,23.00,21.60,20.40,22.20,25.40,20.30,23.60,22.80,24.80,25.40,25.50,21.70,20.10,21.70,25.30,22.40,22.50,23.80,20.30,22.30,20.80,21.80,23.10,20.00,21.20,22.80,25.50,20.30,22.10,23.10,23.30,20.70,23.50,20.60,24.20,25.10,24.40,25.10
TLM_RCV,-78,FG-ALPHA,1713170491,AUTO,0,30.99,5.00,-85,99.97,8.34,3.28,5.02,978,397,0,255,22.91,1012.70,11.80,405.50,11.39,53.20,1080,1,1713170451,GSN-01,-94,23.30,78.30,43,0,0,7.81,84,10.12,20.80,24.60,23.40,22.30,70.30,25.50,25.30,20.20,20.90,20.80,23.10,20.30,24.80,20.40,24.80,21.50,23.10,20.10,22.70,22.40,22.70,21.80,20.20,21.40,25.30,24.90,20.70,21.40,21.90,21.20,25.40,22.20,20.10,24.00,25.10,22.60,25.70,22.40,24.30,23.90,25.00,21.10,25.60,23.10,25.20,20.10,24.30,23.80,25.30,20.80,22.30,23.00,22.30,21.20,21.60,23.30,24.30,25.60,20.20,20.10,22.20,24.10,24.40,25.70
TLM_RCV,-91,FG-ALPHA,1713170492,AUTO,0,32.04,5.00,-85,100.00,8.34,3.28,5.02,1114,409,0,265,23.52,1013.00,12.00,404.50,11.39,53.20,1080,1,1713170459,GSN-01,-93,23.10,81.80,45,0,0,7.78,84,10.13,21.40,25.80,25.30,20.80,25.10,23.50,20.90,21.70,22.80,22.30,24.10,23.80,24.90,25.30,21.30,23.40,24.50,20.30,20.70,24.70,25.40,20.90,24.00,24.40,24.90,25.60,23.30,23.70,24.50,23.70,23.50,23.60,20.10,21.90,20.20,23.70,25.10,25.20,21.20,21.80,23.70,22.20,21.00,23.00,22.10,25.80,21.20,25.60,22.10,20.10,22.20,24.60,23.90,21.60,23.90,22.10,20.70,20.20,25.60,20.70,22.00,23.80,21.90,25.40
TLM_RCV,-76,FG-ALPHA,1713170493,AUTO,0,31.32,5.00,-85,100.00,8.33,3.29,5.02,1039,464,0,315,22.87,1013.20,11.90,405.30,11.39,53.20,1080,1,1713170447,GSN-01,-92,25.70,80.60,41,0,0,7.82,84,10.13,21.80,23.00,25.60,22.20,20.30,20.20,22.40,23.70,23.60,25.20,23.20,25.40,21.40,25.30,24.70,22.00,23.60,25.40,20.80,20.80,20.00,22.60,24.30,23.30,25.90,24.30,21.50,20.80,20.90,22.30,23.00,23.90,22.90,25.30,25.50,21.20,25.50,24.70,21.20,22.70,24.80,24.50,23.80,20.80,20.00,21.00,20.40,23.20,21.40,24.20,22.00,21.20,24.70,20.50,24.50,23.00,20.10,22.80,20.10,24.00,23.10,24.50,22.40,22.60
TLM_RCV,-46,FG-ALPHA,1713170494,AUTO,0,32.42,5.00,-85,100.00,8.33,3.31,5.02,1180,484,0,326,23.48,1012.90,11.80,406.00,11.39,53.20,1080,1,1713170482,GSN-01,-82,24.50,80.70,42,0,0,7.80,85,10.14,23.60,23.60,23.10,20.50,23.00,23.00,25.70,21.80,21.50,25.10,25.40,23.90,24.80,25.70,20.90,22.80,22.10,25.90,20.90,20.80,22.50,24.50,23.00,20.70,25.90,21.70,20.80,22.20,25.50,21.50,21.30,21.10,20.20,21.20,22.00,25.90,23.00,23.50,25.30,20.20,22.00,21.70,21.00,24.60,25.50,20.90,21.80,25.30,24.40,21.90,23.10,20.50,25.00,22.10,25.60,22.50,21.40,21.10,21.90,25.20,20.50,21.10,25.60,22.00
TLM_RCV,-63,FG-ALPHA,1713170495,AUTO,0,31.35,5.00,-85,100.00,8.33,3.29,5.02,1045,471,0,312,22.87,1013.30,11.90,404.70,11.40,53.20,1080,1,1713170452,GSN-01,-93,23.40,75.90,47,0,0,7.78,84,10.14,24.10,21.10,22.50,23.00,20.20,24.20,21.00,21.20,23.30,25.00,24.80,21.10,20.20,20.30,20.40,23.90,21.40,20.20,23.70,21.60,22.80,20.10,21.00,20.90,22.10,24.00,23.10,20.20,21.50,22.80,22.70,24.40,22.30,20.50,22.60,24.90,21.80,21.90,22.40,25.70,21.40,24.20,24.00,21.50,21.70,25.50,22.70,24.00,23.40,23.30,24.40,22.60,23.40,23.20,23.40,22.90,22.60,22.60,23.10,24.20,22.60,25.10,23.30,20.50
TLM_RCV,-59,FG-ALPHA,1713170517,AUTO,0,33.24,5.00,-85,100.00,8.33,3.28,5.02,1022,448,0,303,22.87,1012.90,11.90,406.00,11.42,53.50,1080,1,1713170503,GSN-01,-87,23.80,74.50,45,0,1,7.78,85,10.15,25.80,21.50,21.60,22.70,25.70,21.70,24.60,22.80,23.40,20.60,22.80,21.30,22.50,22.00,21.20,24.40,25.00,25.30,20.30,24.30,21.40,22.30,25.40,22.90,86.60,25.40,24.10,23.10,22.80,23.90,22.70,24.00,24.30,21.10,25.00,22.10,23.40,21.30,25.60,22.10,25.10,21.90,21.90,23.70,24.60,21.40,21.50,23.20,21.20,20.20,25.80,21.20,20.50,24.50,21.60,25.80,23.60,22.10,23.20,20.40,24.30,25.50,25.80,25.80
TLM_RCV,-70,FG-ALPHA,1713170518,AUTO,0,31.99,5.00,-85,100.00,8.34,3.28,5.02,819,398,0,257,22.10,1012.80,11.80,405.00,11.42,53.50,1080,1,1713170463,GSN-01,-72,23.70,77.10,49,0,0,7.81,84,10.15,24.00,21.20,25.00,24.10,22.00,20.50,20.70,25.00,23.70,22.90,21.50,21.40,22.40,25.30,23.90,25.20,22.10,20.50,21.00,23.00,23.10,20.90,24.10,24.90,25.30,23.80,25.80,21.90,25.90,25.30,24.30,22.00,22.40,24.20,23.40,20.00,22.50,23.30,23.80,21.30,21.80,23.40,24.70,23.60,24.90,25.80,21.70,24.80,21.10,20.10,23.80,21.70,24.90,22.90,25.00,20.00,25.80,23.40,25.50,25.70,22.40,23.90,21.60,21.90
TLM_RCV,-55,FG-ALPHA,1713170519,AUTO,0,32.04,5.00,-85,100.00,8.34,3.29,5.02,930,409,0,264,22.60,1012.90,12.00,404.60,11.42,53.50,1080,1,1713170506,GSN-01,-78,23.40,80.70,48,1,0,7.80,85,10.16,21.20,21.10,21.40,24.00,24.60,23.40,23.70,24.10,22.40,20.90,21.50,20.10,25.80,21.50,25.80,20.50,21.90,22.40,25.10,21.80,21.20,20.70,23.80,24.90,22.90,23.80,23.30,22.60,24.40,24.20,20.20,23.60,22.00,24.90,21.50,24.00,21.90,21.30,24.00,20.00,21.30,22.20,23.70,20.10,25.00,23.70,20.10,25.00,24.60,24.30,20.50,22.40,22.30,21.20,24.00,24.50,25.40,24.10,23.50,23.10,24.20,22.90,20.20,20.20
TLM_RCV,-81,FG-ALPHA,1713170520,AUTO,0,32.29,5.00,-85,100.00,8.33,3.29,5.02,916,458,0,310,22.29,1013.30,12.10,405.60,11.42,53.50,1080,1,1713170510,GSN-01,-85,23.60,82.00,45,0,1,7.80,85,10.16,20.80,24.90,21.80,22.10,22.40,21.60,21.10,20.00,24.00,23.40,24.80,21.70,25.20,24.90,20.90,21.20,24.30,22.80,20.70,22.20,20.60,24.00,24.60,20.20,23.50,22.70,23.30,23.20,22.70,25.30,20.70,21.30,20.30,20.30,21.20,25.00,21.50,21.40,22.90,21.80,22.40,21.30,25.70,25.20,23.40,20.70,21.90,24.00,23.90,24.80,22.60,24.50,25.80,23.70,22.50,20.90,22.20,25.60,23.90,21.00,20.90,21.10,23.20,22.60
TLM_RCV,-89,FG-ALPHA,1713170521,AUTO,0,33.51,5.00,-85,100.00,8.32,3.29,5.02,906,502,0,347,22.02,1013.60,12.10,404.60,11.42,53.50,1080,1,1713170467,GSN-01,-78,23.20,74.30,40,0,0,7.79,84,10.17,22.40,24.50,21.00,24.60,25.90,25.10,21.10,22.90,20.70,21.60,21.60,21.20,24.20,20.40,20.20,22.20,23.60,25.30,23.40,21.80,25.10,22.70,25.00,22.70,25.40,20.40,22.90,24.00,21.20,23.10,20.80,23.30,23.40,24.30,20.90,24.80,23.10,22.40,20.20,23.40,23.50,25.40,20.50,22.30,23.70,21.00,23.90,24.80,24.60,25.80,22.80,21.30,25.80,24.40,20.20,25.50,25.20,25.60,21.50,25.60,20.40,25.20,24.10,24.80
TLM_RCV,-42,FG-ALPHA,1713170522,AUTO,0,32.29,5.00,-85,99.95,8.33,3.31,5.02,0,459,0,316,22.30,1012.80,11.80,405.00,11.42,53.50,1080,1,1713170464,GSN-01,-80,23.00,81.90,41,0,0,7.82,85,10.17,25.00,22.30,22.60,25.60,22.30,23.40,20.60,20.50,23.20,21.50,22.20,20.50,25.90,24.10,25.50,25.40,21.00,23.00,23.20,25.20,20.80,25.60,20.40,23.50,22.70,21.70,23.20,24.70,24.80,21.80,21.90,24.30,25.90,25.30,22.50,22.60,23.10,20.90,23.50,25.40,24.20,23.20,25.70,25.70,25.30,25.60,25.40,24.70,21.20,21.00,20.20,25.50,25.50,25.20,20.40,22.20,23.90,25.50,22.30,20.10,23.50,24.60,23.30,25.10
TLM_RCV,-75,FG-ALPHA,1713170523,AUTO,0,33.24,5.00,-85,99.91,8.33,3.30,5.02,0,448,0,293,22.24,1013.00,11.90,404.50,11.42,53.50,1080,1,1713170491,GSN-01,-74,23.00,77.00,41,0,0,7.78,84,10.18,22.10,25.20,24.10,24.20,25.80,24.20,24.00,25.00,20.00,22.30,21.60,25.80,25.50,20.40,24.90,23.10,23.40,20.40,21.30,21.00,22.90,20.80,21.70,24.30,24.80,24.30,24.70,21.50,23.50,22.10,20.90,22.00,20.60,20.70,21.20,25.00,23.70,21.60,24.70,21.00,21.00,22.50,21.20,23.40,20.20,23.80,22.50,22.10,20.70,21.10,25.70,25.10,24.10,23.30,20.30,21.50,25.40,25.70,21.90,21.20,24.60,21.60,23.10,23.00
TLM_RCV,-82,FG-ALPHA,1713170524,AUTO,0,32.41,5.00,-85,99.95,8.33,3.28,5.02,847,482,0,331,21.83,1013.30,12.00,405.30,11.42,53.50,1080,1,1713170493,GSN-01,-92,23.30,77.60,42,0,0,7.78,84,10.18,24.70,21.80,22.60,21.60,21.30,23.10,20.50,20.00,23.00,20.80,24.20,25.70,21.30,23.00,22.40,25.70,20.80,20.50,22.00,24.40,24.10,22.30,24.80,21.20,22.60,20.80,21.60,23.10,22.30,22.30,25.70,23.00,23.90,22.90,20.40,21.30,24.40,23.90,24.70,21.80,20.80,20.90,20.40,24.40,21.30,25.80,25.40,20.60,22.40,22.80,21.60,21.70,20.60,22.80,24.10,20.10,21.90,22.50,22.90,22.10,25.10,22.00,25.90,25.70
TLM_RCV,-95,FG-ALPHA,1713170525,AUTO,0,31.34,5.00,-85,100.00,8.33,3.31,5.02,1164,468,0,317,23.48,1012.80,12.10,406.20,11.43,53.50,1080,1,1713170511,GSN-01,-83,24.50,79.10,40,0,0,7.81,84,10.19,21.20,20.00,21.90,25.50,20.70,24.30,25.20,20.30,20.80,23.20,20.60,24.90,24.40,23.10,23.00,25.00,20.60,23.90,22.60,20.60,24.50,22.10,22.20,22.60,21.20,24.20,20.80,24.90,23.20,25.30,22.50,22.20,23.70,21.10,20.50,21.50,24.60,24.00,25.60,22.00,21.70,22.20,24.90,20.20,23.90,24.30,23.40,25.30,22.30,23.10,23.30,23.80,22.70,20.20,24.30,25.60,22.60,22.10,21.90,20.80,25.50,21.90,21.30,23.00
TLM_RCV,-84,FG-ALPHA,1713170526,AUTO,0,32.20,5.00,-85,100.00,8.33,3.30,5.02,907,440,0,300,22.33,1013.60,12.00,405.90,11.43,53.50,1080,1,1713170495,GSN-01,-83,24.20,82.70,49,0,1,7.79,84,10.19,24.50,25.50,22.20,21.20,20.90,20.50,22.70,24.60,25.50,23.40,23.60,20.00,22.40,24.90,21.70,24.60,22.90,22.30,20.40,24.60,20.40,20.70,24.40,21.60,22.20,20.00,23.50,21.00,20.20,25.20,22.00,24.70,21.00,21.40,21.30,22.70,25.70,25.80,21.50,23.10,22.70,22.40,25.90,25.00,22.70,21.80,20.60,24.40,25.70,21.90,24.00,21.00,24.90,25.20,22.50,21.10,23.60,22.20,23.70,24.10,25.50,24.80,23.40,23.30
TLM_RCV,-89,FG-ALPHA,1713170527,AUTO,0,33.00,5.00,-85,99.96,8.34,3.30,5.02,0,400,0,258,22.00,1013.20,12.10,406.40,11.43,53.50,1080,1,1713170469,GSN-01,-80,24.90,80.10,49,0,0,7.78,84,10.20,24.40,20.80,25.20,22.40,21.30,23.80,21.00,23.40,21.60,22.50,21.30,24.30,25.00,21.90,22.00,21.30,22.30,21.90,20.10,21.50,24.70,22.10,22.70,21.60,20.80,25.20,22.20,22.30,25.90,21.80,24.50,21.90,22.60,22.20,24.40,20.30,20.40,22.70,24.90,22.80,23.50,24.80,23.60,23.90,20.40,23.00,22.10,23.10,21.40,25.70,23.30,22.30,21.70,23.30,23.30,20.00,21.80,24.50,22.60,23.20,23.90,22.50,21.00,25.10
TLM_RCV,-82,FG-ALPHA,1713170528,AUTO,0,33.26,5.00,-85,100.00,8.33,3.29,5.02,1085,451,0,306,23.17,1012.70,12.10,406.10,11.43,53.50,1080,1,1713170515,GSN-01,-89,23.80,83.10,42,0,1,7.78,85,10.20,22.70,23.20,23.80,21.50,24.40,20.40,23.30,20.20,24.00,25.60,24.90,22.50,23.50,22.20,25.90,24.20,22.00,25.80,23.90,22.50,21.50,24.00,22.90,20.80,22.40,24.10,20.20,21.10,21.60,23.50,22.00,24.20,21.50,22.60,22.80,23.80,23.30,22.20,20.10,20.50,23.80,21.40,23.80,24.70,25.10,23.00,22.90,21.20,23.90,23.70,22.30,24.00,20.70,23.30,20.50,24.60,21.40,23.50,21.30,24.80,20.30,20.60,23.70,20.90
TLM_RCV,-62,FG-ALPHA,1713170529,AUTO,0,33.25,5.00,-85,99.96,8.33,3.30,5.02,0,450,0,294,22.25,1013.10,12.00,404.70,11.43,53.50,1080,1,1713170502,GSN-01,-81,23.30,73.50,41,0,0,7.81,85,10.21,25.40,20.50,25.60,20.60,20.50,24.20,25.50,23.00,23.50,22.90,21.40,25.10,25.00,24.00,24.70,20.40,22.50,21.20,21.40,20.90,22.20,21.20,23.80,21.10,21.90,22.10,23.00,24.50,23.70,24.30,22.10,25.10,22.20,21.90,24.80,25.90,25.80,22.50,22.40,20.50,23.80,20.50,22.50,24.70,23.30,21.90,25.00,20.20,23.90,21.70,24.70,22.00,24.40,21.60,24.30,22.90,24.50,21.30,22.60,24.50,22.60,24.20,22.10,23.20
TLM_RCV,-95,FG-ALPHA,1713170530,AUTO,0,31.22,5.00,-85,99.91,8.33,3.31,5.02,0,444,0,293,22.22,1012.80,12.00,406.10,11.43,53.50,1080,1,1713170516,GSN-01,-84,25.90,81.70,41,0,0,7.81,85,10.21,20.30,21.70,24.40,23.70,25.00,22.50,25.60,22.30,25.40,20.00,21.30,23.50,25.40,22.70,25.60,23.90,23.20,21.90,23.00,20.90,24.20,22.20,23.50,21.70,24.60,25.90,24.30,24.80,25.80,25.60,20.60,21.00,20.80,25.30,20.10,24.50,23.90,24.50,21.50,24.00,20.70,25.40,23.10,21.50,23.50,22.40,21.20,20.40,24.40,25.70,20.50,22.70,23.60,22.60,23.70,23.20,25.80,23.40,23.10,21.30,21.90,24.80,20.10,23.80
TLM_RCV,-94,FG-ALPHA,1713170531,AUTO,0,31.43,5.00,-85,99.86,8.32,3.30,5.02,0,486,0,342,22.43,1013.40,11.80,405.70,11.43,53.50,1080,1,1713170501,GSN-01,-80,23.50,73.30,47,0,0,7.79,84,10.22,20.60,21.40,23.40,25.40,20.60,25.40,24.60,22.90,20.90,22.50,24.30,20.60,23.80,22.80,22.90,21.90,22.80,23.10,22.30,21.40,25.60,22.90,24.80,22.20,22.20,25.10,25.80,22.30,24.50,23.30,24.30,22.00,22.20,23.40,25.40,23.40,23.20,21.10,20.70,24.90,20.70,24.40,20.70,22.00,23.70,22.30,23.80,24.70,23.10,25.60,21.30,21.80,23.00,23.20,24.90,22.70,20.00,20.00,22.00,22.80,21.40,21.80,23.40,23.90
TLM_RCV,-91,FG-ALPHA,1713170532,AUTO,0,33.17,5.00,-85,99.91,8.33,3.28,5.02,877,435,0,291,22.21,1013.40,11.80,405.50,11.43,53.50,1080,1,1713170515,GSN-01,-86,23.00,75.20,41,0,0,7.78,84,10.22,23.30,24.60,25.30,21.70,24.40,24.40,20.20,20.50,21.60,21.90,25.60,24.70,23.10,24.20,22.00,20.30,23.50,24.80,25.00,25.90,25.60,25.90,23.50,24.80,23.80,24.80,22.80,22.50,22.60,24.80,20.20,25.60,23.10,25.10,23.10,25.40,21.30,25.80,23.50,23.50,21.60,22.30,25.30,23.90,21.40,23.70,24.20,22.50,20.90,23.60,23.30,21.70,22.10,25.60,20.30,24.80,21.20,22.70,23.90,20.20,23.80,22.70,24.00,20.70
TLM_RCV,-73,FG-ALPHA,1713170533,AUTO,0,31.40,5.00,-85,99.97,8.33,3.30,5.02,1112,480,0,332,23.16,1013.10,11.80,406.20,11.43,53.50,1080,1,1713170502,GSN-01,-94,25.30,73.30,40,0,0,7.81,85,10.23,25.20,20.10,21.80,20.20,24.70,23.40,24.90,22.70,21.90,25.20,24.20,22.00,23.70,20.10,24.00,20.10,23.10,21.30,24.10,22.50,23.40,22.60,23.60,23.20,23.30,21.00,21.90,23.40,23.10,23.00,21.50,24.30,22.20,21.80,22.30,22.40,24.70,24.10,24.30,23.10,24.90,21.50,25.30,21.60,23.40,25.60,20.60,25.90,24.10,23.80,23.00,23.90,22.30,23.70,23.50,24.60,25.80,23.50,22.80,24.20,24.30,24.10,22.70,24.50
TLM_RCV,-56,FG-ALPHA,1713170534,AUTO,0,33.41,5.00,-85,100.00,8.33,3.28,5.02,1115,482,0,331,23.17,1013.30,12.00,405.30,11.43,53.50,1080,1,1713170503,GSN-01,-90,23.80,76.00,45,0,0,7.80,84,10.23,20.80,24.00,25.00,20.30,23.90,23.40,21.10,21.20,21.40,24.30,20.60,22.60,23.40,20.10,25.40,24.90,24.20,24.40,25.80,21.90,25.60,24.80,23.70,21.20,21.90,25.40,22.40,24.00,23.90,25.80,24.00,23.10,22.80,24.30,21.80,21.10,25.50,20.00,24.60,20.20,22.30,20.30,25.90,21.80,24.50,24.40,22.50,23.90,20.10,24.30,21.10,21.90,22.70,25.10,22.70,24.40,23.20,22.40,24.20,24.50,23.70,22.30,25.80,25.90
TLM_RCV,-42,FG-ALPHA,1713170535,AUTO,0,32.49,5.00,-85,100.00,8.33,3.29,5.02,1140,497,0,346,23.22,1013.50,12.00,406.20,11.44,53.50,1080,1,1713170483,GSN-01,-73,23.80,82.70,46,1,0,7.81,85,10.24,23.10,23.40,24.20,23.80,23.50,25.90,24.60,23.50,22.30,23.00,20.90,25.00,25.50,23.40,21.20,23.60,21.80,24.50,20.30,20.50,23.60,23.30,25.90,20.10,22.80,24.00,22.70,25.10,23.00,24.30,25.40,25.70,22.30,22.50,25.50,23.90,23.20,20.90,22.60,24.50,22.30,25.90,20.60,24.30,23.40,23.70,21.60,25.10,23.90,23.90,25.00,23.10,21.20,24.80,24.60,20.00,25.00,25.20,24.10,20.30,22.50,20.10,22.70,25.00
TLM_RCV,-90,FG-ALPHA,1713170536,AUTO,0,32.34,5.00,-85,100.00,8.33,3.28,5.02,933,468,0,321,22.33,1013.40,12.00,405.40,11.44,53.50,1080,1,1713170514,GSN-01,-88,24.10,77.60,41,0,1,7.82,85,10.24,24.00,23.30,23.60,24.50,23.90,24.90,23.40,23.50,20.40,20.40,24.70,20.70,21.70,20.60,25.60,24.70,21.70,22.10,23.10,22.50,24.80,23.00,25.90,21.60,22.80,22.90,22.00,21.80,24.40,25.20,20.00,21.10,24.20,21.80,20.80,21.20,22.70,25.10,25.60,23.80,22.80,23.20,25.60,24.60,23.50,23.70,21.50,21.40,21.70,22.70,24.80,24.90,24.30,20.40,20.80,22.70,22.90,24.50,20.70,24.90,23.90,22.70,24.80,21.40
TLM_RCV,-81,FG-ALPHA,1713170537,AUTO,0,32.32,5.00,-85,100.00,8.33,3.31,5.02,924,464,0,324,22.30,1013.60,11.80,406.10,11.44,53.50,1080,1,1713170513,GSN-01,-74,23.70,82.30,45,0,0,7.78,84,10.25,21.10,23.90,22.60,25.80,24.10,20.90,24.50,25.60,20.90,24.70,21.10,23.90,23.60,24.60,20.20,25.30,25.50,22.20,22.90,23.50,22.80,25.00,21.10,23.20,25.90,22.10,23.70,24.70,20.40,22.00,22.50,22.50,25.20,23.30,24.60,20.50,20.60,23.90,20.00,20.70,20.70,24.90,23.40,23.30,20.90,22.60,20.20,22.60,20.90,21.40,21.30,25.90,21.20,23.80,22.80,24.30,23.50,22.30,21.90,24.30,21.40,22.70,20.80,21.30
TLM_RCV,-78,FG-ALPHA,1713170538,AUTO,0,33.12,5.00,-85,100.00,8.34,3.31,5.02,1009,424,0,271,22.92,1013.40,11.80,405.90,11.44,53.50,1080,1,1713170517,GSN-01,-75,23.70,73.80,46,0,0,7.80,85,10.25,20.90,22.90,23.20,20.00,25.50,24.50,22.10,24.60,25.70,24.20,24.20,21.00,24.40,25.80,23.50,21.20,25.90,24.10,24.00,22.10,21.80,21.90,22.30,23.60,21.40,24.10,23.50,24.40,22.50,25.00,23.10,23.50,24.70,20.40,24.80,22.30,23.40,23.60,25.70,22.30,21.30,21.90,24.60,22.10,20.00,21.90,25.40,20.80,25.50,22.50,22.50,25.20,23.20,20.80,21.50,20.20,25.50,23.20,22.80,25.50,25.80,20.80,23.60,23.40
TLM_RCV,-84,FG-ALPHA,1713170539,AUTO,0,33.26,5.00,-85,100.00,8.33,3.30,5.02,849,452,0,303,21.99,1013.10,11.90,405.10,11.44,53.50,1080,1,1713170482,GSN-01,-80,24.00,81.70,41,0,0,7.78,84,10.26,20.50,25.30,22.40,24.90,24.70,20.30,21.50,21.40,21.60,22.70,23.20,20.10,22.30,25.00,23.80,25.50,21.50,23.20,20.80,25.10,25.90,25.80,23.00,24.20,22.80,24.50,20.70,21.90,22.40,24.70,24.70,24.60,25.10,24.20,24.80,20.50,23.30,25.10,25.10,25.60,25.90,21.00,20.10,24.40,20.60,24.80,25.80,21.50,21.20,25.90,25.30,20.40,21.80,25.40,23.70,25.30,20.30,20.20,20.30,24.80,20.10,22.10,24.70,25.60
TLM_RCV,-50,FG-ALPHA,1713170540,AUTO,0,31.30,5.00,-85,100.00,8.33,3.31,5.02,1103,459,0,305,23.22,1013.40,12.10,405.20,11.44,53.50,1080,1,1713170515,GSN-01,-89,24.20,77.20,47,0,1,7.79,85,10.26,23.40,23.30,21.60,22.70,23.20,24.60,20.40,20.30,22.50,22.10,20.70,25.60,25.00,23.40,23.80,25.50,24.30,20.30,22.80,25.00,23.40,21.70,23.30,25.60,22.10,21.90,20.20,21.40,21.00,24.10,21.80,25.40,23.50,23.00,25.70,24.90,22.10,21.30,23.70,24.80,24.20,25.30,23.60,20.50,24.60,21.70,24.00,22.40,25.90,23.80,22.50,22.50,25.60,25.90,21.90,20.20,21.60,20.20,23.70,25.00,25.00,23.40,25.80,21.70
TLM_RCV,-91,FG-ALPHA,1713170541,AUTO,0,31.45,5.00,-85,100.00,8.33,3.29,5.02,1125,491,0,335,23.17,1013.60,11.80,405.30,11.44,53.50,1080,1,1713170529,GSN-01,-85,24.50,82.10,46,0,0,7.81,85,10.27,21.70,24.40,22.90,25.00,25.30,20.30,21.80,20.20,25.00,23.20,21.80,25.10,21.00,23.40,22.60,25.30,24.70,23.00,24.40,22.40,25.50,24.20,21.10,21.60,21.10,22.60,24.40,21.50,22.10,20.80,20.70,24.70,22.30,23.00,21.50,23.40,22.70,22.80,21.50,25.00,21.00,24.50,20.90,20.20,23.00,23.20,22.40,24.80,25.10,21.80,25.00,25.10,25.60,21.30,21.00,24.00,20.50,23.40,25.00,24.70,24.60,21.90,23.80,24.50
TLM_RCV,-90,FG-ALPHA,1713170542,AUTO,0,32.22,5.00,-85,100.00,8.33,3.31,5.02,1012,443,0,286,22.84,1012.70,11.80,404.60,11.44,53.50,1080,1,1713170486,GSN-01,-95,25.50,76.40,45,0,0,7.82,85,10.27,21.70,21.20,22.60,22.00,22.40,24.00,22.90,24.10,20.70,24.40,23.90,23.70,22.50,21.50,21.10,24.60,20.70,25.00,22.50,21.80,20.20,21.80,21.60,20.30,23.80,21.80,24.80,25.60,23.40,21.20,23.10,24.90,21.10,22.70,23.70,20.90,25.50,25.50,20.70,21.80,25.90,22.10,25.40,21.90,24.30,22.80,22.00,23.70,24.00,20.50,21.50,22.90,22.20,22.10,25.20,22.90,20.30,20.60,20.60,22.30,25.30,23.10,21.20,25.40
TLM_RCV,-57,FG-ALPHA,1713170543,AUTO,0,32.46,5.00,-85,100.00,8.33,3.31,5.02,1023,492,0,345,22.66,1013.00,12.10,405.80,11.44,53.50,1080,1,1713170488,GSN-01,-87,25.10,79.90,44,0,0,7.80,84,10.28,21.50,24.60,25.80,22.40,20.00,22.50,79.60,21.30,22.30,22.30,20.20,21.10,23.50,22.90,24.80,20.40,21.70,25.40,24.20,20.80,21.30,25.20,24.60,23.80,23.00,20.00,22.60,23.30,23.10,21.80,24.60,25.10,24.40,25.50,25.80,25.80,20.40,21.20,25.60,23.20,21.90,23.40,22.80,23.00,25.50,22.30,23.60,21.70,21.20,24.00,22.60,20.10,24.00,21.30,23.30,24.00,21.90,22.30,20.60,25.30,22.90,21.80,20.10,23.20
TLM_RCV,-82,FG-ALPHA,1713170544,AUTO,0,31.27,5.00,-85,100.00,8.33,3.31,5.02,845,454,0,303,21.95,1013.60,12.10,405.10,11.44,53.50,1080,1,1713170501,GSN-01,-85,25.70,74.80,48,0,0,7.79,84,10.28,25.20,21.90,23.50,25.30,24.50,23.40,23.50,24.40,25.40,25.00,22.90,22.20,21.60,25.10,22.20,22.50,24.10,25.30,20.30,22.60,22.20,20.60,20.30,23.00,24.50,25.20,20.00,21.40,24.10,23.10,22.70,24.20,23.30,25.40,21.20,20.20,21.90,23.40,21.40,20.90,22.60,22.90,20.00,23.40,24.80,20.80,22.10,24.40,22.40,23.50,20.60,25.80,25.10,25.70,23.40,20.30,21.80,23.10,21.30,22.80,23.60,25.90,24.00,21.00
TLM_RCV,-87,FG-ALPHA,1713170545,AUTO,0,32.12,5.00,-85,100.00,8.34,3.28,5.02,925,423,0,268,22.51,1012.70,11.90,405.50,11.45,53.50,1080,1,1713170502,GSN-01,-84,24.90,81.90,40,0,0,7.82,85,10.29,21.80,21.20,20.00,24.40,25.00,22.40,20.30,25.20,22.20,20.20,21.20,20.00,25.40,25.90,20.10,22.80,24.10,20.70,23.10,20.80,24.80,21.40,23.80,21.90,23.20,23.00,22.50,24.20,21.00,20.50,23.30,20.40,23.90,23.20,23.10,23.70,20.70,21.00,24.80,23.10,24.60,24.00,24.50,22.60,21.80,22.70,25.20,25.60,25.50,21.90,21.90,25.00,24.40,20.80,23.10,24.30,23.80,21.50,25.70,20.70,20.20,22.20,20.10,22.90
TLM_RCV,-46,FG-ALPHA,1713170546,AUTO,0,33.10,5.00,-85,100.00,8.34,3.30,5.02,1067,420,0,275,23.24,1013.10,12.00,405.90,11.45,53.50,1080,1,1713170528,GSN-01,-95,24.10,78.40,48,0,0,7.82,85,10.29,24.50,21.50,24.30,22.50,22.50,21.40,23.20,21.20,21.30,21.30,23.10,25.70,25.40,23.80,25.50,22.30,22.70,22.50,23.50,24.50,21.00,22.10,25.00,20.80,23.40,25.50,22.60,24.90,23.60,25.50,20.20,20.20,20.20,25.10,24.60,25.00,25.40,22.80,23.50,22.80,24.10,25.60,23.70,22.50,25.70,23.70,23.40,22.80,23.20,21.80,22.20,23.80,21.80,20.60,24.20,24.10,24.50,24.00,20.10,21.10,23.70,24.90,22.90,23.80
TLM_RCV,-61,FG-ALPHA,1713170547,AUTO,0,31.10,5.00,-85,99.96,8.34,3.28,5.02,0,421,0,270,22.10,1012.70,12.00,405.60,11.45,53.50,1080,1,1713170523,GSN-01,-86,25.80,77.80,46,0,0,7.80,85,10.30,21.70,24.40,21.30,22.10,22.80,25.10,21.00,23.60,22.20,23.50,24.70,21.80,25.20,21.80,25.60,24.50,22.50,20.30,22.90,20.50,25.20,21.10,23.10,21.80,21.90,20.90,22.20,25.40,23.60,22.40,24.60,24.30,20.40,25.20,23.00,22.10,20.40,20.30,25.20,25.10,21.20,20.30,20.70,22.30,21.00,21.10,23.60,21.00,21.10,22.80,24.00,25.70,25.30,21.30,20.10,24.60,23.40,25.10,25.60,21.20,20.40,20.90,24.80,25.00
TLM_RCV,-93,FG-ALPHA,1713170548,AUTO,0,31.45,5.00,-85,99.91,8.32,3.31,5.02,0,490,0,335,22.45,1013.20,11.90,405.00,11.45,53.50,1080,1,1713170537,GSN-01,-81,25.80,81.10,43,0,0,7.82,85,10.30,24.20,22.60,20.00,24.50,22.70,20.30,23.90,21.60,21.50,20.00,25.80,23.30,21.20,24.90,24.70,22.80,24.90,23.30,23.80,23.10,22.80,22.60,22.00,24.60,21.10,25.90,24.20,23.90,24.20,23.60,24.60,24.60,25.30,22.70,24.30,20.20,20.10,23.70,25.50,24.50,24.50,24.00,21.60,20.10,23.20,24.00,21.90,25.40,23.30,25.20,25.50,85.30,25.60,20.00,25.40,25.80,21.10,22.60,22.20,22.60,22.80,23.20,25.90,23.90
TLM_RCV,-85,FG-ALPHA,1713170549,AUTO,0,33.03,5.00,-85,99.87,8.34,3.29,5.02,0,405,0,260,22.02,1013.30,11.80,406.40,11.45,53.50,1080,1,1713170503,GSN-01,-93,24.50,82.80,42,0,0,7.79,84,10.31,23.20,24.20,21.80,21.30,21.40,21.60,23.50,24.40,22.60,25.00,25.30,24.30,20.30,23.50,21.30,23.90,23.40,24.70,22.20,23.60,23.90,20.90,25.40,23.30,25.70,22.80,20.90,22.60,23.80,21.50,25.10,20.20,23.20,21.10,23.80,25.40,23.90,24.20,22.10,21.80,22.30,24.00,25.20,23.20,23.70,21.10,20.60,21.70,25.30,23.30,20.30,24.40,21.30,24.50,23.80,24.00,25.70,20.70,22.30,25.50,21.40,20.40,23.40,21.20
TLM_RCV,-81,FG-ALPHA,1713170550,AUTO,0,33.03,5.00,-85,99.92,8.34,3.29,5.02,930,405,0,263,22.62,1013.10,12.00,406.10,11.45,53.50,1080,1,1713170507,GSN-01,-75,25.60,74.30,46,0,0,7.81,85,10.31,21.10,21.10,20.10,24.50,22.90,20.50,22.10,21.60,24.80,23.40,25.90,25.00,21.00,25.10,20.40,20.20,25.30,24.10,24.60,22.70,22.10,22.20,21.50,23.20,24.10,21.00,21.80,23.00,24.90,21.90,24.50,22.30,24.20,24.90,22.00,20.40,23.70,24.10,22.70,20.80,20.00,25.40,25.60,24.20,20.60,21.40,21.80,25.80,25.90,23.20,20.80,20.70,20.00,20.20,22.90,22.20,25.70,21.80,20.30,24.70,21.00,24.60,21.10,25.60
TLM_RCV,-85,FG-ALPHA,1713170551,AUTO,0,31.51,5.00,-85,99.96,8.32,3.31,5.02,899,502,0,347,21.99,1012.90,12.10,405.30,11.45,53.50,1080,1,1713170495,GSN-01,-78,23.20,83.00,45,0,0,7.81,84,10.32,22.00,21.30,21.00,23.90,23.90,22.10,20.30,21.20,25.80,24.00,24.20,24.50,23.00,23.20,22.40,24.10,23.40,22.20,23.10,25.10,25.40,25.40,22.20,24.90,21.40,21.60,25.50,22.40,21.60,25.90,23.40,25.70,22.50,22.70,20.30,23.30,24.10,21.90,23.00,20.40,20.50,20.40,21.50,23.10,20.90,22.20,23.00,25.40,21.20,20.40,22.30,24.70,23.20,25.80,22.00,20.50,23.60,23.80,23.60,22.50,23.10,24.40,25.60,24.00
TLM_RCV,-90,FG-ALPHA,1713170552,AUTO,0,31.39,5.00,-85,99.91,8.33,3.30,5.02,0,478,0,332,22.39,1013.20,11.80,406.40,11.45,53.50,1080,1,1713170514,GSN-01,-77,24.90,79.40,45,0,0,7.79,85,10.32,22.80,20.30,21.80,23.60,23.40,22.90,24.90,22.20,20.80,24.30,22.90,24.20,21.10,21.50,21.80,21.50,24.60,22.00,24.60,20.80,25.20,20.70,21.90,20.70,22.40,25.60,20.80,23.20,22.90,22.80,22.00,22.80,23.20,24.40,22.60,24.30,23.70,25.20,20.90,25.70,21.50,25.60,22.80,24.70,23.30,20.10,22.40,23.90,20.50,22.50,22.10,23.70,22.20,22.40,25.90,20.10,25.10,23.10,22.10,24.80,24.80,22.30,25.60,25.80
TLM_RCV,-51,FG-ALPHA,1713170553,AUTO,0,31.03,5.00,-85,99.97,8.34,3.30,5.02,1023,406,0,254,23.08,1013.40,11.80,404.50,11.45,53.50,1080,1,1713170519,GSN-01,-84,25.10,82.90,40,0,1,7.81,84,10.33,22.70,21.10,24.30,21.40,25.90,21.70,20.40,22.10,22.90,23.90,22.10,24.80,25.30,25.80,24.70,25.60,25.10,24.00,22.20,20.20,25.00,24.40,21.40,21.80,22.70,22.90,24.20,21.00,20.00,23.20,20.30,25.40,24.30,23.10,21.30,21.80,21.30,20.70,21.70,24.60,24.90,20.60,22.00,23.70,21.20,22.80,22.00,25.40,23.00,21.50,22.10,23.90,25.90,25.80,22.90,22.80,25.10,24.80,24.30,22.60,22.20,23.60,21.30,24.40
TLM_RCV,-60,FG-ALPHA,1713170554,AUTO,0,31.12,5.00,-85,100.00,8.34,3.28,5.02,1030,424,0,277,23.03,1013.30,11.80,404.90,11.45,53.50,1080,1,1713170534,GSN-01,-90,23.50,77.50,41,0,0,7.82,84,10.33,22.40,25.10,20.50,24.00,24.50,25.40,20.10,25.30,23.10,21.80,22.80,23.60,23.90,25.50,22.20,25.10,25.10,23.50,22.20,23.60,25.90,22.60,22.00,20.90,22.60,23.60,22.00,24.10,22.30,22.70,24.30,21.60,24.70,21.80,21.70,25.90,24.60,23.40,22.70,21.00,25.50,23.30,24.60,25.80,20.30,24.70,25.30,24.60,25.20,21.80,23.80,21.90,20.80,23.20,25.00,24.70,20.90,24.60,21.60,22.00,20.10,20.90,20.60,24.30
TLM_RCV,-93,FG-ALPHA,1713170555,AUTO,0,31.43,5.00,-85,100.00,8.33,3.31,5.02,1144,487,0,347,23.28,1013.50,12.00,405.90,11.46,53.50,1080,1,1713170536,GSN-01,-95,23.60,75.60,48,0,0,7.79,84,10.34,23.00,21.10,21.70,21.10,24.40,21.50,20.80,25.70,22.40,21.30,20.00,20.40,22.50,24.30,22.40,21.20,25.00,22.00,21.40,25.90,25.70,21.60,25.10,21.80,22.60,22.70,20.90,23.60,24.80,24.20,25.80,22.50,21.50,25.80,21.70,22.50,20.10,22.40,24.90,25.90,23.90,25.20,21.50,20.70,23.80,23.60,23.70,23.30,21.20,22.20,20.50,25.80,25.50,23.10,20.30,20.00,20.90,22.50,21.40,20.70,22.90,24.70,21.40,20.00
TLM_RCV,-47,FG-ALPHA,1713170556,AUTO,0,31.02,5.00,-85,100.00,8.34,3.28,5.02,1030,404,0,263,23.13,1013.40,11.80,406.10,11.46,53.50,1080,1,1713170539,GSN-01,-71,25.20,74.40,48,0,0,7.81,84,10.34,20.50,20.90,25.30,21.30,24.80,20.30,23.70,23.80,22.70,24.80,24.40,23.90,22.30,23.00,23.40,25.40,24.20,24.10,24.90,24.10,25.70,25.50,21.20,25.60,22.70,25.80,23.00,22.70,21.80,25.60,25.60,22.20,23.10,23.30,24.50,20.30,25.40,23.90,24.70,25.70,23.60,23.70,22.30,22.70,20.20,22.70,21.40,21.60,21.00,20.70,21.70,23.40,24.30,20.80,21.40,21.80,21.80,24.70,21.20,21.70,23.80,21.30,21.40,20.00
TLM_RCV,-47,FG-ALPHA,1713170557,AUTO,0,31.20,5.00,-85,100.00,8.33,3.31,5.02,982,441,0,283,22.70,1013.20,11.80,404.90,11.46,53.50,1080,1,1713170536,GSN-01,-88,25.60,81.60,48,0,0,7.81,85,10.35,23.10,24.70,24.10,24.60,25.40,21.90,21.40,23.70,20.90,22.10,25.00,23.40,25.40,20.20,21.70,22.20,25.20,24.10,23.80,25.60,21.70,24.60,22.80,20.20,25.50,21.90,21.50,21.50,22.70,24.40,23.00,23.10,24.30,24.80,23.80,23.90,22.80,22.10,23.60,20.60,20.60,25.40,20.80,20.50,25.30,21.20,25.70,22.30,20.00,23.30,22.40,23.80,22.60,24.00,23.80,25.80,21.60,25.70,20.20,23.30,23.30,25.80,24.80,24.90
TLM_RCV,-66,FG-ALPHA,1713170579,AUTO,1,34.58,17.00,-85,99.99,8.23,3.30,4.94,1011,1115,647,321,20.52,1012.70,12.10,405.60,11.48,55.00,1080,1,1713170540,GSN-01,-92,23.40,81.60,40,0,0,7.81,84,10.35,25.30,25.90,21.80,24.60,21.40,20.90,22.70,25.90,20.10,20.90,20.40,24.30,24.30,22.60,24.20,21.10,22.90,22.50,25.20,25.70,23.00,24.10,21.70,25.30,22.00,20.80,25.90,21.20,25.00,24.60,22.60,23.40,21.50,23.40,20.10,23.20,23.40,24.20,24.80,22.60,24.60,25.20,25.90,20.90,23.00,23.60,20.00,22.10,20.30,23.90,21.90,21.80,21.10,20.30,24.60,20.00,25.10,25.20,25.50,22.40,20.90,23.40,24.50,22.10
TLM_RCV,-49,FG-ALPHA,1713170580,AUTO,1,35.40,18.50,-85,99.96,8.21,3.29,4.95,1004,1281,787,341,21.39,1013.60,11.90,405.10,11.48,55.15,1080,1,1713170563,GSN-01,-91,23.60,77.00,44,0,0,7.79,84,10.36,20.60,25.20,22.50,25.00,20.10,25.20,20.80,21.80,23.70,25.90,20.80,24.40,22.70,23.50,20.50,20.60,20.00,24.30,25.70,24.30,22.40,23.60,22.00,21.90,23.00,21.00,22.80,20.20,25.70,20.00,21.10,24.70,24.10,24.80,24.90,20.70,21.00,20.70,23.50,22.90,23.60,25.90,24.70,23.80,21.80,25.00,21.90,20.50,25.90,23.40,24.10,23.90,23.80,21.50,20.80,22.70,25.10,20.70,20.80,23.40,23.00,25.60,22.90,23.60
TLM_RCV,-57,FG-ALPHA,1713170581,AUTO,1,37.15,20.00,-85,99.84,8.21,3.30,4.91,0,1231,747,334,26.15,1013.00,12.10,406.10,11.48,55.30,1080,1,1713170560,GSN-01,-75,25.00,83.10,40,0,0,7.82,84,10.36,22.20,21.90,25.40,20.80,21.70,24.90,25.50,24.00,23.70,20.10,23.40,22.90,22.40,25.40,23.70,21.70,25.20,20.40,20.30,22.40,24.80,21.50,22.80,22.10,23.50,22.10,22.40,23.20,23.10,20.10,25.80,25.90,22.70,22.30,21.50,20.20,25.70,22.90,23.60,22.90,25.30,25.40,20.30,25.10,21.20,24.20,23.30,25.30,20.10,25.40,22.80,20.20,23.90,24.70,24.00,23.00,25.20,21.70,20.30,21.00,24.30,21.30,23.40,20.30
TLM_RCV,-86,FG-ALPHA,1713170582,AUTO,0,31.07,18.00,-85,99.91,8.34,3.29,5.02,1135,413,0,260,23.61,1013.20,12.10,405.40,11.48,55.30,1080,1,1713170529,GSN-01,-71,24.80,74.00,44,0,0,7.80,85,10.37,25.90,22.30,21.70,23.60,21.30,21.30,25.70,23.20,24.30,20.10,22.80,20.00,22.40,20.80,24.50,21.70,25.20,21.90,23.60,22.10,24.80,23.60,20.80,25.50,25.30,22.00,22.50,22.70,23.20,20.20,20.70,21.70,25.50,25.70,21.10,21.70,20.30,24.50,25.80,23.70,23.30,25.70,22.40,21.70,21.00,23.90,25.60,23.10,25.40,20.20,22.20,22.30,25.90,25.00,24.90,23.50,23.80,23.20,21.60,21.30,20.70,20.00,20.40,20.20
TLM_RCV,-62,FG-ALPHA,1713170583,AUTO,0,31.08,16.00,-85,99.96,8.34,3.30,5.02,885,415,0,265,22.35,1013.30,11.80,404.50,11.48,55.30,1080,1,1713170547,GSN-01,-87,23.50,81.00,49,0,0,7.78,84,10.37,25.20,25.50,22.40,21.20,24.80,24.60,24.50,24.80,23.90,20.40,21.70,23.20,22.20,22.20,21.90,20.20,20.20,22.70,21.60,20.40,20.90,20.70,24.80,25.10,22.50,25.00,24.80,24.10,24.10,20.50,25.90,24.80,20.50,24.30,20.60,21.30,23.40,20.50,25.20,20.00,23.30,25.90,25.70,21.60,22.40,20.00,21.40,24.50,20.10,22.90,25.90,23.20,25.90,24.70,25.70,20.00,21.80,25.10,25.80,23.80,24.40,20.80,23.90,25.10
TLM_RCV,-59,FG-ALPHA,1713170584,AUTO,0,32.51,14.00,-85,100.00,8.32,3.31,5.02,961,501,0,349,22.30,1013.50,11.80,405.70,11.48,55.30,1080,1,1713170538,GSN-01,-77,24.30,83.10,43,0,0,7.78,84,10.38,20.10,25.70,22.40,25.20,24.60,22.20,25.40,25.30,20.50,20.20,22.20,20.90,21.90,24.70,23.50,25.00,25.90,25.40,21.70,24.00,21.50,23.60,20.10,21.30,23.40,25.50,24.40,24.30,20.70,22.30,22.40,24.60,25.00,21.80,24.10,24.00,20.30,24.80,22.50,20.80,25.80,20.90,20.10,25.80,24.30,20.90,25.20,21.30,22.00,24.30,25.00,25.30,20.10,24.10,23.80,20.10,22.80,25.80,21.50,22.30,21.30,22.60,20.40,21.80
TLM_RCV,-62,FG-ALPHA,1713170585,AUTO,0,32.20,12.00,-85,100.00,8.33,3.28,5.02,833,440,0,291,21.97,1013.30,11.80,404.70,11.49,55.30,1080,1,1713170541,GSN-01,-80,24.10,80.40,47,0,0,7.81,85,10.38,25.00,24.10,25.50,23.60,21.50,24.40,21.40,21.20,21.50,21.90,22.30,24.20,22.60,24.60,21.90,24.60,20.80,22.70,21.90,24.80,22.90,22.50,23.40,21.20,25.70,22.10,21.60,23.70,20.80,23.90,24.30,23.10,21.10,20.40,20.40,25.20,22.10,23.60,23.30,21.30,21.60,25.00,23.60,24.30,78.10,25.80,21.00,25.80,21.00,25.40,21.80,21.20,22.10,24.80,21.10,25.80,22.90,22.20,24.70,24.60,21.70,21.40,23.70,21.70
TLM_RCV,-65,FG-ALPHA,1713170586,AUTO,0,32.22,10.00,-85,100.00,8.33,3.29,5.02,1130,445,0,305,23.42,1013.30,11.80,405.90,11.49,55.30,1080,1,1713170533,GSN-01,-88,23.40,81.80,47,0,1,7.80,85,10.39,23.30,20.60,22.70,20.70,24.20,20.50,24.00,25.60,23.70,24.30,21.00,21.10,21.40,20.60,21.50,24.80,24.50,22.30,21.30,22.90,25.80,22.60,24.60,23.40,20.30,25.50,22.40,22.80,25.70,24.30,21.40,23.50,25.50,22.10,23.70,24.40,23.80,24.30,20.40,25.90,25.20,24.60,21.40,20.70,21.90,22.60,24.80,20.10,22.30,21.40,23.30,22.80,22.40,22.10,22.70,21.10,23.70,21.50,20.70,25.70,25.10,24.00,23.90,22.90
TLM_RCV,-71,FG-ALPHA,1713170587,AUTO,0,31.15,8.00,-85,100.00,8.34,3.30,5.02,1000,429,0,279,22.85,1013.40,11.80,406.30,11.49,55.30,1080,1,1713170551,GSN-01,-78,24.20,73.90,42,0,0,7.82,84,10.39,21.80,24.10,25.20,23.50,25.00,24.90,21.60,22.30,24.00,21.40,25.10,21.20,24.70,25.40,25.60,25.10,25.80,22.70,22.70,21.00,24.70,25.00,22.10,23.70,21.60,24.50,23.10,21.90,21.60,20.70,20.40,22.40,24.60,21.90,23.40,23.40,20.30,24.40,24.70,20.70,24.50,21.50,23.40,24.10,24.80,22.70,23.50,21.20,20.00,22.20,24.40,20.60,22.20,22.40,20.80,22.60,24.40,24.40,24.80,23.20,22.10,24.80,23.30,25.80
TLM_RCV,-87,FG-ALPHA,1713170588,AUTO,0,31.40,6.00,-85,100.00,8.33,3.29,5.02,1134,480,0,322,23.27,1013.50,12.10,404.50,11.49,55.30,1080,1,1713170556,GSN-01,-90,24.10,78.00,48,0,0,7.82,84,10.40,24.30,21.70,21.40,21.40,25.20,21.30,24.30,23.00,22.70,22.60,20.70,25.00,22.30,25.90,25.40,21.10,21.20,24.30,25.30,23.40,21.10,22.80,23.40,21.00,25.20,20.80,24.80,24.20,20.80,23.20,24.20,20.40,72.80,25.40,25.10,20.30,21.00,25.90,23.20,23.60,20.40,23.40,25.80,23.80,22.90,20.30,21.10,22.40,22.00,21.90,25.50,20.50,24.90,20.10,24.00,25.00,21.60,21.60,20.30,25.70,23.80,25.40,25.70,20.00
TLM_RCV,-59,FG-ALPHA,1713170589,AUTO,0,31.15,5.00,-85,100.00,8.34,3.28,5.02,1112,429,0,275,23.42,1012.90,12.00,404.80,11.49,55.30,1080,1,1713170560,GSN-01,-83,25.20,77.30,44,0,0,7.79,84,10.40,25.00,20.20,24.30,20.40,22.40,25.00,22.20,25.20,24.00,21.90,25.60,24.90,23.20,22.60,24.10,20.40,21.00,20.40,21.10,23.50,23.70,22.00,20.40,22.70,21.40,22.00,24.80,21.00,21.60,23.90,21.90,20.00,20.00,23.50,22.10,22.00,22.90,21.80,22.90,20.10,23.60,24.60,24.50,23.00,22.10,25.40,22.30,23.20,25.90,24.90,24.40,20.60,24.80,24.00,21.90,24.00,22.20,25.40,22.50,25.40,24.50,20.90,20.50,23.80
TLM_RCV,-63,FG-ALPHA,1713170590,AUTO,0,31.12,5.00,-85,100.00,8.34,3.29,5.02,803,425,0,273,21.89,1013.10,11.80,406.30,11.49,55.30,1080,1,1713170550,GSN-01,-93,24.60,74.00,41,1,1,7.82,85,10.41,21.20,23.40,20.70,21.80,22.60,25.40,23.00,25.90,20.50,21.40,20.30,22.00,21.00,24.30,23.20,23.40,24.60,24.20,25.50,20.60,23.00,21.10,23.30,76.40,23.90,20.00,20.20,23.70,23.00,23.10,21.60,24.60,21.70,23.10,24.20,22.10,24.80,21.80,21.30,23.50,22.80,24.50,23.70,25.30,23.10,21.40,25.70,23.90,24.40,22.10,23.50,24.90,22.00,24.60,22.10,21.00,20.10,23.40,24.70,22.80,20.50,23.60,23.10,20.10
TLM_RCV,-45,FG-ALPHA,1713170591,AUTO,0,32.17,5.00,-85,100.00,8.33,3.28,5.02,1125,435,0,283,23.45,1013.60,11.80,404.90,11.49,55.30,1080,1,1713170547,GSN-01,-89,23.50,75.40,41,0,0,7.79,85,10.41,24.50,20.90,23.40,25.80,20.10,20.40,22.00,25.00,22.50,22.60,22.70,22.20,23.00,22.40,23.90,22.60,22.00,23.00,24.60,25.90,25.30,22.90,20.70,25.30,22.60,21.10,21.90,22.30,24.90,22.60,22.10,22.50,22.10,21.50,23.90,23.40,25.70,25.10,21.40,24.60,20.00,23.00,21.50,24.40,23.70,25.60,22.20,22.20,20.10,24.90,22.10,25.50,23.40,25.50,23.20,22.40,24.30,21.00,21.40,23.60,22.60,25.00,20.50,21.20
TLM_RCV,-80,FG-ALPHA,1713170592,AUTO,0,32.39,5.00,-85,100.00,8.33,3.28,5.02,846,478,0,319,21.84,1013.20,12.00,404.80,11.49,55.30,1080,1,1713170571,GSN-01,-79,24.90,73.90,45,0,0,7.81,85,10.42,76.50,21.90,25.10,22.30,21.30,22.60,25.20,25.50,22.70,20.50,20.20,23.90,24.50,21.60,22.60,24.40,23.20,21.80,21.10,24.60,23.50,20.50,21.60,21.10,22.40,24.20,23.00,22.80,24.10,24.00,20.60,24.00,20.20,20.30,24.70,24.80,20.90,22.10,22.10,21.60,25.50,25.20,25.10,21.00,21.70,22.50,22.50,25.30,25.50,25.80,21.90,21.50,21.10,25.30,21.40,25.40,23.50,20.90,22.70,21.00,21.10,21.90,21.80,21.70
TLM_RCV,-89,FG-ALPHA,1713170593,AUTO,0,32.24,5.00,-85,99.96,8.33,3.29,5.02,0,449,0,295,22.25,1013.40,12.10,406.30,11.49,55.30,1080,1,1713170578,GSN-01,-75,23.00,79.60,47,0,0,7.78,84,10.42,20.00,21.70,25.20,23.50,24.80,23.50,23.80,25.80,25.30,20.00,21.70,20.30,22.70,23.70,23.50,20.00,25.40,22.20,25.70,21.00,20.00,21.70,21.80,20.50,23.50,25.00,24.00,20.30,24.70,23.00,23.70,24.80,22.60,20.90,22.60,22.80,21.20,25.30,22.90,25.40,21.80,22.80,21.60,20.00,25.20,25.50,21.20,23.90,22.30,25.20,25.10,22.50,25.50,25.00,20.00,24.70,20.30,22.70,20.80,25.30,25.30,23.00,22.70,23.20
TLM_RCV,-60,FG-ALPHA,1713170594,AUTO,0,33.13,5.00,-85,100.00,8.34,3.30,5.02,963,426,0,273,22.68,1013.00,11.80,404.50,11.49,55.30,1080,1,1713170539,GSN-01,-82,25.10,74.00,42,0,0,7.79,85,10.43,25.20,20.70,22.40,22.80,22.80,25.20,22.20,20.30,24.30,25.30,23.50,23.70,23.80,20.40,21.30,21.60,25.60,22.60,25.30,20.20,24.10,25.40,24.00,24.40,22.50,24.60,20.40,23.10,20.10,24.20,20.20,22.70,21.40,22.50,23.10,20.70,20.80,25.30,20.50,22.60,21.10,24.70,21.40,25.20,22.80,24.80,20.40,20.00,23.90,23.10,23.10,22.20,24.20,22.00,21.60,21.80,24.20,20.40,20.40,20.60,20.60,23.90,24.30,23.90
TLM_RCV,-76,FG-ALPHA,1713170595,AUTO,0,32.12,5.00,-85,100.00,8.34,3.31,5.02,800,423,0,268,21.89,1013.60,12.10,405.20,11.50,55.30,1080,1,1713170582,GSN-01,-77,25.20,83.00,48,0,0,7.81,85,10.43,22.00,20.00,21.70,24.90,22.50,25.80,24.30,25.40,23.10,23.70,21.10,25.90,25.90,20.80,24.60,22.20,21.90,22.00,23.80,24.40,22.80,25.90,21.80,23.40,24.60,23.60,21.00,24.00,22.20,20.60,20.40,20.50,25.00,21.70,21.90,22.30,25.20,25.90,24.50,22.00,20.60,23.40,21.30,22.60,21.90,25.60,20.50,25.20,23.80,22.00,22.10,25.30,23.70,20.20,21.00,21.60,25.80,21.50,25.70,24.80,25.80,21.90,24.30,20.00
TLM_RCV,-91,FG-ALPHA,1713170596,AUTO,0,31.41,5.00,-85,100.00,8.33,3.30,5.02,1031,481,0,333,22.75,1013.50,11.80,404.50,11.50,55.30,1080,1,1713170578,GSN-01,-87,25.30,78.50,43,0,0,7.78,85,10.44,24.80,25.10,23.30,21.00,20.30,24.10,24.70,23.40,22.10,20.90,24.90,23.20,23.50,20.50,24.80,25.30,23.00,24.70,22.80,25.80,23.60,22.10,25.80,23.30,22.30,25.30,24.80,25.80,24.20,24.90,22.00,23.80,21.40,21.10,20.80,23.50,20.20,20.60,20.80,25.60,25.30,25.50,24.60,21.80,21.90,20.70,22.70,25.60,23.70,21.10,20.90,23.60,21.70,20.80,24.60,21.90,23.70,23.80,23.50,23.80,21.70,24.10,25.00,20.70
TLM_RCV,-45,FG-ALPHA,1713170597,AUTO,0,33.00,5.00,-85,100.00,8.34,3.30,5.02,1027,400,0,250,23.14,1013.20,11.80,406.00,11.50,55.30,1080,1,1713170567,GSN-01,-95,24.00,80.90,45,0,0,7.80,84,10.44,21.90,21.80,23.20,25.90,21.40,24.70,24.90,23.20,20.00,25.40,20.90,25.40,21.20,24.40,21.50,23.00,21.50,20.30,20.60,22.30,25.70,21.40,20.00,20.40,23.60,20.80,20.90,20.90,23.80,24.90,24.40,21.70,23.80,22.00,24.80,21.80,22.00,20.10,25.20,23.70,24.30,23.40,25.10,20.40,21.60,24.20,23.30,23.60,20.30,25.40,23.90,25.70,25.50,22.70,25.00,20.40,25.20,25.00,23.70,23.50,20.50,23.60,23.80,24.00
TLM_RCV,-64,FG-ALPHA,1713170598,AUTO,0,32.06,5.00,-85,100.00,8.34,3.31,5.02,847,411,0,259,22.18,1013.50,11.90,404.90,11.50,55.30,1080,1,1713170559,GSN-01,-95,25.30,82.20,47,0,0,7.82,84,10.45,20.30,23.90,22.90,23.00,23.60,25.20,22.70,24.00,24.50,21.00,25.10,20.80,22.10,21.80,24.30,20.90,23.10,22.80,23.40,20.80,22.30,21.80,21.50,21.60,23.40,24.80,22.10,20.60,21.90,25.60,24.80,20.10,21.20,21.10,22.00,22.20,20.90,25.10,25.20,20.00,20.00,24.10,21.90,25.50,25.60,24.40,24.10,21.50,22.60,22.70,20.20,24.80,21.70,24.90,21.70,21.80,21.10,21.60,20.60,20.20,23.40,20.60,23.00,23.40
TLM_RCV,-86,FG-ALPHA,1713170599,AUTO,0,33.00,5.00,-85,99.96,8.34,3.28,5.02,0,400,0,255,22.00,1013.10,11.90,404.60,11.50,55.30,1080,1,1713170544,GSN-01,-80,23.80,75.20,46,0,0,7.80,84,10.45,21.50,21.10,20.30,20.20,24.40,21.20,24.80,24.30,24.90,24.10,21.10,23.50,23.10,25.10,21.20,25.90,23.90,25.80,22.50,22.50,22.00,22.70,23.40,20.50,20.80,21.80,23.10,23.90,20.40,24.90,22.90,20.10,24.60,21.10,21.70,25.80,21.40,20.80,20.20,22.50,24.80,20.60,23.70,24.70,23.90,25.50,24.60,20.40,21.90,20.80,24.60,20.00,21.50,25.20,23.10,20.30,21.90,20.90,21.60,20.60,23.60,21.60,22.20,21.20
TLM_RCV,-79,FG-ALPHA,1713170600,AUTO,0,32.11,5.00,-85,100.00,8.34,3.28,5.02,916,422,0,281,22.47,1013.60,12.10,405.90,11.50,55.30,1080,1,1713170545,GSN-01,-81,23.30,76.70,45,0,0,7.82,84,10.46,22.80,21.40,21.10,24.60,22.00,24.30,22.00,86.50,21.40,23.30,22.50,20.20,24.70,20.00,20.70,25.70,25.90,24.30,22.30,23.20,23.40,25.10,24.60,22.50,21.00,21.80,20.30,20.20,25.10,22.80,22.90,25.80,25.00,25.20,24.30,23.00,21.90,23.40,23.50,25.20,22.20,21.60,24.30,22.70,22.70,23.70,22.40,22.00,24.70,25.00,23.30,25.90,20.90,21.00,23.50,25.40,24.80,23.20,20.00,21.70,21.00,21.00,20.10,23.90
TLM_RCV,-47,FG-ALPHA,1713170601,AUTO,0,33.34,5.00,-85,100.00,8.33,3.28,5.02,939,468,0,312,22.35,1013.60,11.90,404.80,11.50,55.30,1080,1,1713170561,GSN-01,-93,25.80,79.20,47,0,0,7.79,84,10.46,20.20,22.60,25.00,22.10,21.40,21.40,21.10,25.30,24.60,24.30,21.20,25.00,20.80,23.10,21.40,25.90,22.10,23.30,21.00,23.70,23.00,25.00,24.10,24.30,24.80,22.00,22.90,21.50,24.90,23.60,20.50,25.30,23.00,20.90,24.80,24.30,23.20,23.00,22.10,20.00,82.30,25.40,25.20,24.40,22.30,23.70,25.50,20.40,21.30,25.10,25.40,24.90,24.60,25.50,23.70,22.70,21.20,21.10,21.70,25.90,21.60,20.10,23.50,21.60
TLM_RCV,-81,FG-ALPHA,1713170602,AUTO,0,33.42,5.00,-85,100.00,8.33,3.31,5.02,1079,484,0,338,22.98,1013.40,12.10,405.40,11.50,55.30,1080,1,1713170575,GSN-01,-86,23.90,78.20,44,0,0,7.82,85,10.47,24.60,22.60,20.40,20.30,25.70,23.60,23.90,23.30,20.20,25.60,24.10,20.70,25.50,25.50,22.10,23.50,23.00,25.90,23.40,20.80,21.60,24.40,21.90,20.90,25.90,23.30,24.70,25.10,21.30,20.20,20.80,25.70,23.60,21.40,22.70,21.30,20.40,23.80,21.50,20.10,23.00,20.50,21.50,20.20,23.80,21.00,25.20,21.10,20.70,23.00,22.80,24.50,22.70,21.90,21.80,21.60,21.30,23.10,24.30,24.80,25.20,25.30,21.00,21.80
TLM_RCV,-72,FG-ALPHA,1713170603,AUTO,0,31.35,5.00,-85,99.95,8.33,3.31,5.02,0,470,0,322,22.35,1012.90,12.00,404.60,11.50,55.30,1080,1,1713170585,GSN-01,-82,24.40,82.90,47,0,0,7.81,84,10.47,22.20,25.40,21.50,21.00,21.60,21.20,22.30,23.30,22.90,23.40,25.70,21.70,24.90,25.10,25.40,21.10,23.00,25.40,24.80,21.20,20.30,25.50,23.60,21.30,21.40,23.00,21.40,24.70,24.10,23.60,20.50,24.40,24.60,20.90,25.50,20.70,21.10,20.50,24.90,21.20,20.60,23.40,24.10,21.70,23.00,22.60,24.80,25.30,24.60,25.30,24.90,21.10,22.80,22.00,21.90,23.50,21.50,20.30,20.30,25.90,23.70,24.80,25.60,24.10
TLM_RCV,-47,FG-ALPHA,1713170604,AUTO,0,33.08,5.00,-85,100.00,8.34,3.31,5.02,893,416,0,273,22.39,1013.20,11.90,405.50,11.50,55.30,1080,1,1713170586,GSN-01,-78,23.10,75.90,47,0,0,7.79,84,10.48,24.70,21.30,23.10,23.40,23.20,23.70,25.00,25.00,23.20,23.30,21.40,25.20,22.10,24.50,21.90,24.20,20.70,24.70,23.50,20.60,21.50,25.10,21.70,25.90,24.60,24.20,22.30,21.80,23.20,21.80,24.90,20.20,21.20,21.20,22.00,23.10,23.60,23.80,22.40,20.70,25.60,20.30,20.10,21.40,21.30,24.80,22.90,25.70,23.90,21.00,23.20,24.40,21.70,24.90,21.70,25.70,25.80,25.80,23.50,21.90,24.20,23.80,23.60,20.90
TLM_RCV,-88,FG-ALPHA,1713170605,AUTO,0,31.33,5.00,-85,100.00,8.33,3.29,5.02,947,465,0,323,22.41,1013.00,12.00,405.70,11.51,55.30,1080,1,1713170551,GSN-01,-83,25.70,75.90,40,0,0,7.79,85,10.48,25.00,21.40,22.10,24.00,22.50,24.70,20.40,24.80,23.00,23.70,25.70,20.60,24.50,22.60,21.20,25.00,22.20,25.50,25.10,25.70,23.40,23.50,24.00,24.70,22.30,21.30,22.60,21.40,81.40,25.50,20.60,24.30,23.50,21.10,20.70,20.10,20.40,20.90,23.20,25.20,24.50,24.30,20.60,24.70,24.50,20.40,20.50,24.80,25.10,21.40,25.50,21.60,22.80,23.00,23.30,21.70,21.30,21.30,21.40,20.90,22.10,22.80,23.40,21.90
TLM_RCV,-53,FG-ALPHA,1713170606,AUTO,0,32.00,5.00,-85,100.00,8.34,3.30,5.02,822,399,0,257,22.11,1013.60,11.90,406.30,11.51,55.30,1080,1,1713170568,GSN-01,-73,23.10,75.00,42,0,0,7.78,85,10.49,22.80,20.80,21.30,22.40,23.20,21.50,22.80,21.40,21.30,23.50,25.30,22.20,20.80,20.80,22.10,22.80,25.20,24.40,21.90,24.60,23.00,23.10,22.80,23.00,21.30,23.60,25.30,24.80,25.10,20.80,24.70,22.90,25.00,23.30,24.20,21.30,21.40,21.00,21.30,21.30,20.40,20.20,24.00,24.40,20.50,20.20,23.60,25.40,21.50,24.10,20.00,21.00,22.60,24.80,24.20,24.70,22.70,25.40,24.90,20.80,23.80,21.50,24.60,25.60
TLM_RCV,-70,FG-ALPHA,1713170607,AUTO,0,32.13,5.00,-85,100.00,8.34,3.31,5.02,817,427,0,285,21.95,1013.00,11.90,405.90,11.51,55.30,1080,1,1713170578,GSN-01,-76,25.20,79.00,43,0,0,7.79,85,10.49,24.60,24.20,23.70,24.10,21.50,21.60,23.70,25.10,21.20,22.60,24.00,20.00,25.10,24.00,23.00,25.50,25.60,24.30,25.90,22.00,22.40,21.10,20.80,25.50,20.20,22.90,21.10,21.90,24.00,25.90,23.30,23.40,23.30,22.60,23.10,24.50,23.50,21.00,25.20,22.70,22.60,20.90,24.10,20.00,23.80,22.40,21.50,20.70,22.80,21.80,21.60,22.10,21.90,23.50,24.80,25.30,25.30,22.50,23.60,24.50,21.00,20.80,21.30,25.80
TLM_RCV,-49,FG-ALPHA,1713170608,AUTO,0,33.24,5.00,-85,100.00,8.33,3.28,5.02,1134,449,0,308,23.42,1013.00,12.00,405.80,11.51,55.30,1080,1,1713170598,GSN-01,-79,24.60,81.80,46,0,0,7.78,85,10.50,20.00,21.90,23.00,24.60,25.60,21.50,20.40,21.90,21.30,25.60,24.70,22.70,21.20,23.00,20.60,24.20,24.20,25.60,21.80,25.80,20.10,22.90,23.30,24.20,20.10,22.90,22.20,21.00,23.80,25.80,20.30,23.50,21.30,22.10,25.40,20.10,24.30,25.60,25.00,22.60,21.80,22.40,22.10,23.40,24.50,20.20,21.10,21.60,25.50,22.90,22.80,20.20,23.30,22.60,20.70,22.60,24.80,20.40,20.40,24.40,25.10,24.40,25.30,25.40
TLM_RCV,-91,FG-ALPHA,1713170609,AUTO,0,31.06,5.00,-85,100.00,8.34,3.28,5.02,1167,412,0,271,23.77,1013.30,12.10,405.00,11.51,55.30,1080,1,1713170555,GSN-01,-87,23.80,78.40,42,0,0,7.80,85,10.50,23.80,22.00,20.60,22.30,24.30,24.10,20.60,20.00,22.60,21.40,25.40,23.70,22.90,20.40,21.70,22.40,20.40,25.80,23.00,22.80,25.80,21.40,25.50,24.10,20.40,24.00,23.30,22.60,24.80,25.10,23.50,21.80,21.40,22.10,22.10,20.30,24.10,20.70,22.30,21.60,25.00,23.40,23.20,23.60,24.20,21.00,21.20,22.50,23.60,24.30,22.10,21.60,21.10,22.60,25.00,25.20,21.00,25.30,23.20,25.90,25.20,21.40,20.80,24.40
TLM_RCV,-69,FG-ALPHA,1713170610,AUTO,0,33.28,5.00,-85,99.95,8.33,3.28,5.02,0,457,0,312,22.28,1012.90,12.00,404.60,11.51,55.30,1080,1,1713170557,GSN-01,-81,23.10,75.90,49,0,0,7.79,85,10.51,25.60,22.70,23.10,22.50,21.60,24.60,25.80,24.60,20.00,25.30,23.50,25.00,20.50,22.30,23.20,23.90,24.20,24.90,21.50,23.90,25.80,23.60,23.10,22.40,22.60,25.70,24.40,24.60,21.30,23.20,24.70,22.70,24.20,22.90,22.10,21.40,20.10,22.10,22.20,21.20,22.00,20.60,24.60,21.30,24.20,23.70,21.60,25.40,21.70,21.60,21.00,20.90,20.50,22.80,21.50,23.30,23.80,21.00,22.10,24.00,24.90,22.50,22.00,22.80
TLM_RCV,-83,FG-ALPHA,1713170611,AUTO,0,32.17,5.00,-85,99.99,8.33,3.31,5.02,832,433,0,280,22.00,1012.70,12.10,406.20,11.51,55.30,1080,1,1713170598,GSN-01,-93,24.00,76.40,41,0,1,7.78,84,10.51,20.10,22.20,25.60,24.20,20.90,25.00,20.30,22.20,20.00,21.40,24.80,24.50,21.70,21.40,24.90,25.30,22.40,23.70,23.90,24.50,25.30,23.70,24.60,25.30,25.20,22.50,20.60,25.00,25.10,25.50,25.90,23.70,22.70,21.10,23.00,22.20,20.50,22.70,22.00,23.10,25.40,20.60,25.60,24.10,20.30,22.70,22.90,21.60,21.30,20.90,25.80,22.30,20.10,21.10,21.50,20.50,22.20,21.80,25.10,22.70,20.70,21.50,24.70,22.70
TLM_RCV,-78,FG-ALPHA,1713170612,AUTO,0,33.35,5.00,-85,100.00,8.33,3.29,5.02,950,470,0,313,22.40,1013.10,11.90,405.00,11.51,55.30,1080,1,1713170572,GSN-01,-77,23.20,79.70,41,0,0,7.82,85,10.52,22.40,25.20,23.10,21.40,23.60,25.80,20.60,23.70,21.20,23.70,21.40,20.40,22.70,21.70,21.70,21.70,22.90,22.00,24.80,24.00,24.40,24.70,20.60,21.20,25.40,23.50,22.60,20.20,23.10,23.90,23.30,25.10,23.30,24.30,22.40,24.10,20.60,24.60,20.50,24.20,21.30,24.20,23.30,24.80,20.20,20.20,21.40,25.10,24.50,24.10,22.50,20.40,20.10,24.10,21.00,23.40,23.10,20.30,23.10,21.00,21.80,24.30,23.80,23.20
TLM_RCV,-53,FG-ALPHA,1713170613,AUTO,0,33.15,5.00,-85,99.96,8.33,3.28,5.02,0,430,0,279,22.15,1013.50,11.80,405.20,11.51,55.30,1080,1,1713170565,GSN-01,-80,23.10,82.90,47,0,0,7.78,85,10.52,23.70,21.00,22.70,20.90,24.30,22.40,20.40,25.40,23.80,25.80,20.60,24.40,20.60,21.60,21.40,20.70,24.60,23.10,20.40,22.50,22.10,22.30,24.20,25.00,23.90,20.30,25.40,24.50,23.50,22.30,25.70,23.30,20.20,20.40,21.40,20.90,23.10,20.10,24.10,25.30,23.50,20.20,23.70,24.60,23.20,24.70,25.90,25.90,23.30,20.90,20.30,25.10,23.30,25.90,22.70,23.80,24.50,21.00,21.30,20.80,24.20,22.90,24.90,20.00
TLM_RCV,-93,FG-ALPHA,1713170614,AUTO,0,31.43,5.00,-85,99.91,8.32,3.29,5.02,0,486,0,334,22.43,1013.10,11.90,405.70,11.51,55.30,1080,1,1713170601,GSN-01,-76,23.00,74.50,45,0,0,7.79,85,10.53,20.10,21.40,25.60,22.30,20.20,23.70,23.40,20.60,22.20,25.40,22.40,21.20,24.00,22.90,22.70,22.20,21.50,20.70,25.40,23.90,24.20,20.70,24.10,20.70,23.60,22.40,21.80,24.90,22.10,20.30,23.10,22.60,23.90,24.80,20.90,21.70,22.20,20.10,22.80,22.40,22.50,22.90,21.70,25.70,24.10,20.50,24.20,22.70,23.70,21.70,22.30,22.40,21.80,25.20,20.70,23.40,24.60,21.60,20.90,22.90,22.90,22.20,22.60,20.90
TLM_RCV,-82,FG-ALPHA,1713170615,AUTO,0,33.15,5.00,-85,99.96,8.33,3.28,5.02,963,431,0,275,22.66,1012.70,12.00,406.40,11.52,55.30,1080,1,1713170578,GSN-01,-92,24.70,77.50,44,0,0,7.82,85,10.53,22.70,20.10,22.90,20.50,24.60,22.30,23.60,22.50,25.40,25.40,21.60,25.60,25.00,24.80,23.90,22.90,25.40,22.90,20.80,21.70,21.80,21.90,22.70,21.70,23.60,25.20,22.00,20.00,24.50,24.50,21.40,23.30,20.40,20.50,20.10,23.80,20.00,23.40,24.20,25.40,25.50,23.00,23.50,23.70,22.40,20.10,24.50,24.20,21.90,22.20,25.00,21.70,24.30,25.90,21.50,25.90,25.30,23.90,22.80,20.40,23.50,24.70,25.60,24.70
TLM_RCV,-75,FG-ALPHA,1713170616,AUTO,0,32.20,5.00,-85,100.00,8.33,3.30,5.02,1191,440,0,294,23.75,1013.40,12.10,405.70,11.52,55.30,1080,1,1713170601,GSN-01,-75,24.50,77.10,40,0,0,7.82,84,10.54,25.00,20.60,20.80,24.60,23.40,21.30,20.30,22.30,20.80,25.20,22.30,23.60,20.80,20.60,25.60,23.60,20.80,21.10,23.90,25.30,25.40,22.20,21.30,22.40,24.60,25.50,24.70,20.90,24.60,21.80,21.90,22.30,20.30,23.50,21.40,20.30,22.70,21.40,20.40,21.80,23.60,25.40,21.90,24.60,20.80,20.30,21.70,23.30,22.80,23.80,23.20,21.60,25.00,22.90,24.10,20.60,25.20,21.60,24.40,24.90,20.90,20.00,20.50,24.40
TLM_RCV,-53,FG-ALPHA,1713170617,AUTO,0,33.32,5.00,-85,100.00,8.33,3.31,5.02,978,464,0,305,22.57,1012.80,12.10,405.50,11.52,55.30,1080,1,1713170578,GSN-01,-86,25.00,73.50,44,0,0,7.82,85,10.54,21.40,23.30,22.40,20.80,25.70,21.40,20.40,20.60,24.90,21.20,24.70,20.00,20.70,24.00,25.50,22.80,22.50,25.80,25.60,22.40,25.90,24.40,22.30,25.90,22.60,22.90,20.10,25.60,22.90,22.90,24.90,20.20,21.80,23.90,21.40,20.20,23.10,23.30,20.10,22.10,21.10,24.90,23.00,22.30,24.80,20.90,20.80,21.90,20.10,22.60,25.60,22.50,20.60,25.40,21.30,23.50,24.40,20.50,22.90,20.40,24.00,22.30,22.80,23.20
TLM_RCV,-45,FG-ALPHA,1713170618,AUTO,0,33.01,5.00,-85,100.00,8.34,3.30,5.02,822,403,0,256,22.09,1013.00,12.10,405.40,11.52,55.30,1080,1,1713170577,GSN-01,-93,23.70,81.20,41,0,0,7.82,85,10.55,21.00,23.00,20.10,20.10,25.10,22.80,23.60,20.00,24.10,24.70,21.30,20.10,21.70,21.30,25.50,24.10,25.30,22.80,23.30,21.40,20.40,21.00,21.40,20.20,23.40,24.60,20.80,21.30,24.60,20.10,20.90,20.80,24.70,24.80,23.50,23.30,23.50,24.20,21.40,23.00,24.50,21.90,25.50,20.90,25.80,24.20,24.10,20.40,20.20,24.60,21.00,24.70,25.90,24.10,24.80,25.50,22.10,25.20,25.30,24.30,22.70,21.00,21.60,22.50
TLM_RCV,-54,FG-ALPHA,1713170619,AUTO,0,31.22,5.00,-85,99.96,8.33,3.31,5.02,0,444,0,293,22.22,1013.50,12.00,404.90,11.52,55.30,1080,1,1713170596,GSN-01,-74,25.80,79.10,47,0,0,7.80,84,10.55,21.80,22.80,21.20,21.50,23.60,24.90,23.70,21.70,21.60,21.20,23.30,24.20,20.10,22.30,23.70,23.10,22.30,22.60,22.60,20.00,25.70,23.00,21.70,22.10,24.90,20.00,22.00,25.40,22.50,23.10,23.40,23.70,24.10,21.40,21.60,23.70,21.70,22.00,22.20,22.90,25.00,25.40,21.30,25.40,20.40,24.10,23.80,25.50,20.50,20.10,24.50,22.50,22.20,23.50,24.20,21.90,24.80,24.40,21.10,20.80,25.60,22.50,25.90,22.70
TLM_RCV,-81,FG-ALPHA,1713170641,AUTO,0,33.47,7.50,-85,100.00,8.33,3.31,5.02,1154,494,0,340,23.30,1013.60,12.10,405.30,11.54,55.75,1080,1,1713170582,GSN-01,-72,24.90,74.90,45,0,0,7.82,84,10.56,20.30,23.30,25.00,23.10,25.30,22.40,22.90,23.80,20.60,24.40,22.20,24.60,22.70,23.10,22.40,23.70,20.70,20.30,23.40,22.40,25.10,20.30,25.80,24.80,24.00,25.80,23.70,24.50,23.30,25.00,23.20,25.50,21.90,24.00,21.50,22.80,20.50,23.00,20.90,20.70,22.20,22.80,23.60,24.80,22.70,22.40,25.00,22.60,22.20,20.40,21.10,20.20,22.80,22.40,22.90,25.60,21.30,20.70,22.20,23.20,22.60,20.20,25.60,23.10
TLM_RCV,-86,FG-ALPHA,1713170642,AUTO,0,32.21,5.50,-85,100.00,8.33,3.30,5.02,888,441,0,299,22.24,1013.10,12.00,406.30,11.54,55.75,1080,1,1713170587,GSN-01,-85,24.20,75.30,49,0,0,7.78,85,10.56,22.50,25.40,22.00,23.30,23.10,23.30,20.00,25.90,24.10,21.60,22.40,25.20,25.10,21.70,22.80,20.50,21.10,22.60,23.00,25.70,21.70,20.40,20.60,22.60,20.50,23.90,20.00,25.90,24.60,21.20,22.80,22.00,25.30,25.30,25.40,24.30,23.10,25.50,21.20,24.80,21.80,23.40,21.80,23.60,23.60,23.50,21.10,23.80,25.20,21.10,24.10,22.10,25.30,25.40,21.00,22.30,22.10,23.00,21.20,21.00,25.10,24.00,25.50,24.70
TLM_RCV,-43,FG-ALPHA,1713170643,AUTO,0,32.17,5.00,-85,100.00,8.33,3.28,5.02,838,434,0,288,22.02,1013.00,11.90,404.80,11.54,55.75,1080,1,1713170597,GSN-01,-88,25.80,78.10,43,0,0,7.81,84,10.57,24.50,20.50,24.60,23.60,24.10,21.20,21.00,23.60,23.40,22.60,24.80,24.00,21.60,25.50,23.60,22.60,25.40,22.20,25.80,21.20,24.60,24.80,23.50,20.90,23.30,20.00,23.60,22.40,22.20,24.10,20.90,24.80,24.40,23.60,25.60,21.70,22.30,23.70,21.10,23.10,24.60,20.40,24.90,22.40,21.00,23.50,24.00,21.20,25.30,24.20,22.70,23.50,24.70,21.20,23.80,24.20,21.00,21.50,21.30,22.80,23.90,22.60,24.00,24.30
TLM_RCV,-81,FG-ALPHA,1713170644,AUTO,0,32.03,5.00,-85,100.00,8.34,3.31,5.02,1129,406,0,254,23.61,1013.50,11.80,405.40,11.54,55.75,1080,1,1713170631,GSN-01,-80,24.90,73.20,43,0,0,7.80,85,10.57,25.70,23.50,21.00,20.80,25.70,22.90,21.60,22.90,23.70,22.20,24.20,25.40,24.50,20.20,20.50,23.30,25.20,23.90,25.60,24.10,22.50,24.00,20.80,24.80,25.00,22.90,24.80,23.10,21.20,21.00,23.90,21.00,23.40,22.30,21.20,22.70,20.60,20.00,22.30,22.60,23.80,22.50,23.80,22.10,22.70,22.10,22.10,23.60,25.30,23.90,21.30,22.30,23.20,23.20,25.30,21.90,22.50,21.80,22.10,20.60,24.40,25.00,22.70,23.70
TLM_RCV,-87,FG-ALPHA,1713170645,AUTO,0,31.37,5.00,-85,100.00,8.33,3.28,5.02,951,475,0,320,22.38,1013.40,12.10,405.10,11.55,55.75,1080,1,1713170597,GSN-01,-74,25.90,76.00,43,0,1,7.79,85,10.58,24.40,25.00,23.60,21.80,23.00,22.50,21.70,20.30,22.70,24.50,24.40,22.50,24.30,24.20,21.00,20.60,21.10,25.90,21.60,20.30,25.00,22.00,23.70,24.70,22.00,21.30,22.10,25.20,20.00,21.60,22.50,25.00,20.20,25.80,23.40,25.30,22.90,23.30,24.10,20.80,24.40,24.60,21.40,23.00,20.50,24.70,23.10,22.20,20.10,22.00,22.70,24.90,21.30,20.50,22.80,21.50,20.90,22.80,25.70,20.70,25.30,20.60,23.70,22.90
TLM_RCV,-43,FG-ALPHA,1713170646,AUTO,0,31.08,5.00,-85,100.00,8.34,3.30,5.02,1047,415,0,266,23.16,1013.40,11.80,404.50,11.55,55.75,1080,1,1713170598,GSN-01,-91,25.00,78.20,42,0,0,7.81,85,10.58,22.50,25.20,21.70,20.80,22.50,24.50,24.20,25.40,25.90,23.30,25.00,22.50,24.70,23.30,20.80,23.90,24.50,23.70,20.50,20.10,25.20,20.50,23.30,20.80,25.00,23.40,25.70,25.50,23.20,25.10,20.50,20.20,24.50,22.40,20.60,23.70,23.00,24.40,24.20,24.80,21.90,23.50,23.30,22.50,25.30,22.40,20.20,22.60,25.40,21.50,22.10,22.60,21.20,25.30,21.30,21.60,25.40,20.40,21.30,25.80,21.40,24.20,23.00,25.50
TLM_RCV,-65,FG-ALPHA,1713170647,AUTO,0,33.19,5.00,-85,100.00,8.33,3.30,5.02,1010,439,0,284,22.85,1013.60,11.90,404.80,11.55,55.75,1080,1,1713170610,GSN-01,-71,25.80,82.60,49,0,0,7.81,85,10.59,24.30,21.20,24.60,25.50,23.80,21.40,24.50,23.80,25.20,24.10,21.10,24.00,21.70,25.30,22.70,22.00,22.60,20.30,25.50,20.70,24.10,22.90,24.40,25.60,24.70,24.30,23.30,23.80,21.30,23.50,23.80,20.40,21.80,20.70,23.60,23.60,23.70,25.50,25.00,24.50,24.50,20.10,24.10,24.30,25.50,22.00,20.70,22.20,22.20,24.80,21.90,23.50,23.20,22.70,22.00,20.30,24.00,23.40,23.70,21.00,25.80,25.10,25.80,20.30
TLM_RCV,-48,FG-ALPHA,1713170648,AUTO,0,33.28,5.00,-85,100.00,8.33,3.31,5.02,806,455,0,312,21.75,1013.40,11.90,405.60,11.55,55.75,1080,1,1713170625,GSN-01,-71,24.70,79.90,40,0,0,7.78,84,10.59,24.20,25.40,22.80,20.40,25.30,23.30,24.80,24.10,22.00,25.40,23.80,25.30,25.30,24.70,22.20,24.60,20.00,23.50,24.00,23.70,21.60,23.50,22.30,23.10,25.50,20.60,20.70,20.00,21.30,22.80,22.40,20.30,20.50,21.10,24.60,20.90,24.40,20.20,25.40,22.90,22.20,23.00,22.20,22.40,24.20,20.10,23.10,20.10,24.30,23.40,23.10,23.80,20.60,22.60,23.80,22.60,23.00,23.10,23.00,24.10,21.50,21.70,24.10,24.00
TLM_RCV,-67,FG-ALPHA,1713170649,AUTO,0,31.09,5.00,-85,99.96,8.34,3.28,5.02,0,419,0,268,22.09,1012.90,11.80,405.10,11.55,55.75,1080,1,1713170606,GSN-01,-90,24.10,80.00,42,0,0,7.80,85,10.60,21.70,24.80,25.90,25.40,21.30,25.50,20.70,20.30,21.60,23.50,24.30,20.60,22.40,22.60,25.90,22.60,20.80,22.20,20.60,23.00,25.30,20.30,25.10,25.40,21.30,21.40,24.50,20.40,24.10,25.10,25.40,25.00,21.70,21.60,21.50,22.80,22.40,21.10,25.80,25.40,22.70,23.30,25.70,22.40,21.70,25.20,21.10,25.30,25.30,20.80,22.30,21.10,23.60,23.10,20.10,24.50,24.30,22.70,25.80,24.50,22.10,24.30,22.70,24.70
TLM_RCV,-71,FG-ALPHA,1713170650,AUTO,0,33.42,5.00,-85,100.00,8.33,3.30,5.02,1193,484,0,335,23.55,1013.40,11.90,406.20,11.55,55.75,1080,1,1713170602,GSN-01,-90,24.90,75.50,45,0,0,7.82,85,10.60,20.40,21.60,21.60,24.20,24.40,20.50,23.40,25.40,25.20,23.40,20.70,20.90,22.10,24.10,24.50,20.70,22.30,23.90,24.30,25.20,25.20,24.90,23.00,24.60,25.30,21.70,24.70,24.10,20.10,20.00,21.80,21.60,22.80,22.80,20.40,22.10,24.50,23.40,25.80,25.40,20.40,23.90,25.60,22.10,23.40,21.60,20.20,22.10,21.30,23.30,22.10,24.40,21.20,24.80,23.40,21.60,20.40,24.10,23.00,21.80,21.00,25.00,21.30,22.90
