PACKET_TYPE,GS_RSSI,SAT_ID,TIMESTAMP,FDIR_MODE,PAYLOAD_STATE,OBC_T,PAYLOAD_T,RSSI_UPLINK,SOC,V_BAT,V_3V3,V_5V,I_IN,I_OUT,I_PAY,I_COMMS,EPS_T,PRESSURE,HUMIDITY,GPS_ALT,OBC_SD_PCT,PAYLOAD_SD_PCT,HAS_GSN,GSN_TS,GSN_NODE,GSN_RSSI,GSN_T,GSN_HUM,GSN_SOIL,GSN_SMOKE,GSN_SOUND,GSN_VBAT,GSN_SOC,GSN_SD_PCT,THERMAL_DATA_64...
TLM_RCV,-82,FG-ALPHA,1713170021,AUTO,0,33.24,7.50,-85,85.68,7.99,3.29,5.02,0,448,0,305,22.24,1013.40,12.00,406.20,12.42,46.15,1,1713169997,GSN-01,-73,25.70,75.40,48,0,0,7.82,84,8.51,23.30,25.00,25.10,20.70,20.10,22.70,21.30,21.20,20.50,25.40,23.10,21.40,82.20,24.80,21.40,24.80,25.10,24.30,22.20,25.20,24.30,24.40,22.60,24.20,22.40,20.20,22.10,20.00,25.60,22.40,24.40,22.80,21.90,20.80,22.40,21.80,22.40,21.10,25.20,25.10,22.30,20.30,22.50,21.10,23.60,25.80,24.00,24.20,21.60,20.00,21.60,24.30,23.20,23.00,22.80,20.60,23.00,24.10,24.70,23.70,21.90,24.60,22.00,20.70
TLM_RCV,-53,FG-ALPHA,1713170022,AUTO,0,31.17,5.50,-85,85.74,7.99,3.28,5.02,1015,434,0,290,22.91,1013.40,11.90,404.50,12.42,46.15,1,1713169989,GSN-01,-91,25.10,76.40,40,0,1,7.78,84,8.51,24.00,22.60,21.90,21.20,21.70,21.40,22.30,21.20,22.60,21.70,20.90,22.40,21.20,23.10,21.80,24.10,24.60,22.40,20.00,24.60,23.60,21.40,25.40,25.00,20.50,20.80,25.20,25.50,20.00,25.70,25.20,22.20,20.50,22.40,23.90,20.80,24.20,23.00,25.60,21.70,24.00,20.30,23.00,22.80,23.40,20.70,25.00,20.00,20.40,25.90,21.30,23.00,20.80,25.90,21.00,25.20,24.60,23.70,24.60,23.30,24.30,23.00,24.80,23.70
TLM_RCV,-62,FG-ALPHA,1713170023,AUTO,0,33.24,5.00,-85,85.78,7.99,3.29,5.02,866,449,0,304,22.08,1013.30,12.10,406.00,12.42,46.15,1,1713169990,GSN-01,-77,25.10,80.40,47,0,0,7.80,85,8.52,24.60,25.30,24.70,23.50,21.70,23.80,20.70,25.90,21.60,21.80,20.20,22.80,22.90,22.00,24.50,21.20,25.70,21.80,24.40,20.40,24.80,23.40,25.40,20.20,22.70,23.70,25.00,20.90,20.40,23.40,24.50,22.90,23.50,20.70,24.10,23.30,21.80,23.20,23.60,21.70,24.50,25.00,23.80,23.90,23.80,22.00,21.10,24.30,24.50,20.20,24.80,20.30,23.50,21.60,21.10,22.40,22.30,25.30,20.20,21.30,23.60,20.40,20.30,20.40
TLM_RCV,-83,FG-ALPHA,1713170024,AUTO,0,33.33,5.00,-85,85.81,7.99,3.28,5.02,827,465,0,306,21.81,1013.30,12.00,406.30,12.42,46.15,1,1713169977,GSN-01,-77,25.30,76.90,40,0,1,7.78,84,8.52,21.80,22.00,23.40,23.40,25.40,23.30,21.60,22.60,23.40,23.00,23.00,21.70,24.50,22.00,25.70,25.10,25.70,24.60,20.00,24.80,22.40,23.60,20.20,21.20,20.00,21.30,22.20,20.70,21.80,21.80,22.70,25.40,22.40,25.10,25.20,22.30,23.60,24.40,24.80,22.00,24.10,20.40,25.00,25.90,22.20,20.60,24.80,24.60,21.10,21.20,21.70,25.80,22.10,23.80,21.30,24.30,21.60,21.30,25.00,25.60,25.90,23.50,25.70,24.00
TLM_RCV,-67,FG-ALPHA,1713170025,AUTO,0,31.05,5.00,-85,85.86,8.00,3.29,5.02,917,410,0,258,22.53,1012.90,12.10,404.90,12.43,46.15,1,1713169992,GSN-01,-77,24.10,75.80,42,0,0,7.81,85,8.53,22.30,23.30,25.80,24.00,24.10,24.60,24.40,24.10,24.10,20.40,20.90,24.90,21.40,25.80,25.20,24.30,25.30,21.50,22.10,20.00,22.20,23.00,20.30,22.30,24.10,25.90,25.80,20.30,25.80,21.90,20.00,22.70,20.00,24.80,25.30,25.50,22.50,21.30,24.60,25.30,23.40,24.90,25.00,22.70,20.60,24.30,23.60,25.90,21.00,23.30,21.60,21.60,21.40,20.60,24.20,23.70,22.40,24.00,22.10,23.60,24.00,24.30,24.90,25.40
TLM_RCV,-66,FG-ALPHA,1713170026,AUTO,0,31.08,5.00,-85,85.82,8.00,3.31,5.02,0,417,0,267,22.08,1013.50,11.80,405.60,12.43,46.15,1,1713169995,GSN-01,-74,25.80,78.50,40,0,0,7.80,84,8.53,24.40,21.00,25.30,22.20,22.40,23.60,22.10,25.50,20.10,22.50,25.30,22.30,23.10,20.80,22.00,20.70,22.20,23.50,22.80,23.60,20.50,21.30,23.90,25.90,23.10,21.50,20.90,25.20,25.10,20.10,25.40,20.30,21.80,25.20,25.90,24.50,22.70,21.50,22.70,20.60,21.90,24.50,25.70,22.60,21.60,20.70,23.50,22.30,20.70,25.10,20.50,22.40,22.30,23.30,24.20,24.00,20.30,22.90,20.00,24.40,24.80,22.30,21.40,22.40
TLM_RCV,-80,FG-ALPHA,1713170027,AUTO,0,32.21,5.00,-85,85.89,8.00,3.30,5.02,1143,442,0,285,23.50,1013.30,11.90,406.40,12.43,46.15,1,1713169979,GSN-01,-79,25.30,73.50,46,0,0,7.78,85,8.54,23.40,25.50,23.80,24.70,20.60,25.50,20.30,21.00,23.30,20.10,20.30,21.20,25.80,25.70,23.20,24.40,24.20,22.30,20.40,21.50,24.50,21.90,25.70,20.40,21.30,24.60,24.80,25.30,21.70,22.50,23.80,23.00,22.00,24.20,22.80,20.10,22.20,25.70,21.40,20.90,23.10,24.20,21.90,22.00,22.40,25.70,22.30,20.90,25.50,24.50,21.00,21.90,23.10,25.10,23.30,23.80,23.80,23.60,24.60,21.60,23.60,24.10,25.90,23.60
TLM_RCV,-92,FG-ALPHA,1713170028,AUTO,0,31.19,5.00,-85,85.97,8.00,3.28,5.02,1195,439,0,283,23.78,1013.10,11.80,405.20,12.43,46.15,1,1713169970,GSN-01,-77,23.40,83.00,40,0,0,7.82,85,8.54,21.40,23.90,25.40,24.70,24.80,21.50,20.20,20.30,25.10,21.00,25.90,25.90,23.60,23.60,25.70,20.70,21.40,25.10,21.70,24.70,25.50,20.60,21.20,25.50,25.80,23.40,22.50,24.20,23.30,24.30,21.00,24.50,21.20,23.70,25.50,22.30,20.70,23.10,24.30,21.10,21.50,25.50,25.00,25.10,23.50,20.60,24.40,24.50,20.20,23.20,20.40,25.30,21.80,23.90,23.30,25.10,20.50,23.30,24.00,23.90,23.00,21.20,22.90,20.50
TLM_RCV,-56,FG-ALPHA,1713170029,AUTO,0,32.11,5.00,-85,86.01,8.00,3.30,5.02,813,422,0,270,21.95,1013.00,11.80,405.70,12.43,46.15,1,1713169987,GSN-01,-72,25.70,78.80,47,0,0,7.80,84,8.55,22.10,25.60,21.40,25.00,25.00,22.40,21.60,23.30,23.30,25.10,25.80,24.30,23.10,23.00,25.00,22.20,22.70,20.20,22.00,23.80,24.40,21.10,25.60,21.20,25.30,21.90,20.90,24.80,21.00,20.70,20.90,25.50,21.70,21.10,22.40,25.50,21.00,25.30,21.70,24.90,24.80,25.10,20.10,25.70,22.70,24.50,24.40,20.20,24.70,24.10,20.90,20.50,22.90,24.60,20.70,24.00,20.60,23.00,20.60,23.70,20.90,21.40,20.10,25.10
TLM_RCV,-77,FG-ALPHA,1713170030,AUTO,0,31.14,5.00,-85,86.08,8.00,3.28,5.02,1142,427,0,282,23.58,1012.80,11.90,404.70,12.43,46.15,1,1713170016,GSN-01,-95,24.50,77.20,46,0,0,7.80,84,8.55,20.50,22.40,22.80,21.80,20.00,21.50,25.80,24.70,22.30,20.30,23.10,24.50,20.20,20.90,23.30,25.00,24.50,24.00,20.90,21.60,21.40,20.10,21.60,25.20,23.10,20.10,24.00,24.80,20.70,23.20,22.00,24.30,23.80,21.40,21.80,22.20,20.50,21.30,24.30,24.90,24.00,24.70,25.30,23.90,24.10,23.50,25.00,23.30,24.70,23.30,20.20,22.00,24.70,23.90,25.00,20.20,23.10,24.00,22.40,20.70,25.70,25.70,24.80,20.00
TLM_RCV,-89,FG-ALPHA,1713170031,AUTO,0,32.47,5.00,-85,86.12,7.99,3.31,5.02,884,495,0,342,21.94,1013.40,12.10,404.90,12.43,46.15,1,1713169988,GSN-01,-77,23.30,78.80,41,0,0,7.82,85,8.56,20.90,20.10,21.40,22.30,23.70,20.90,23.60,21.50,21.60,20.60,25.50,22.80,20.40,24.50,25.80,20.90,21.50,25.60,25.40,21.10,24.20,25.50,24.00,24.40,21.80,20.00,25.90,22.10,23.60,24.30,25.50,20.50,21.80,21.30,22.00,22.00,24.20,20.90,24.70,20.40,20.00,22.50,21.00,23.50,21.30,21.80,25.50,21.60,20.00,25.60,20.70,21.90,21.60,25.20,25.00,24.50,23.90,22.20,22.90,23.10,23.30,22.80,21.50,23.90
TLM_RCV,-46,FG-ALPHA,1713170032,AUTO,0,32.40,5.00,-85,86.07,7.99,3.29,5.02,0,479,0,329,22.40,1013.10,12.10,406.00,12.43,46.15,1,1713169994,GSN-01,-88,25.30,80.70,43,0,0,7.78,84,8.56,22.10,23.60,25.40,23.70,24.70,22.50,23.60,24.50,24.00,21.80,21.70,20.40,22.00,23.90,23.30,23.80,21.30,25.40,22.70,20.30,23.90,20.30,24.80,23.80,23.40,24.60,21.50,23.20,25.70,21.90,24.60,20.90,21.40,22.40,24.30,21.80,21.90,23.00,23.40,25.60,24.80,21.70,22.30,21.70,23.10,20.30,23.80,20.80,21.80,20.10,23.40,21.50,25.20,20.10,22.10,23.80,25.50,25.10,24.60,22.80,21.90,22.40,21.60,24.80
TLM_RCV,-81,FG-ALPHA,1713170033,AUTO,0,32.42,5.00,-85,86.11,7.99,3.30,5.02,848,483,0,342,21.83,1013.40,11.90,404.90,12.43,46.15,1,1713170002,GSN-01,-80,25.40,78.50,40,0,1,7.78,84,8.57,24.80,25.50,20.10,22.80,20.90,23.20,22.50,21.10,24.70,24.80,21.90,21.80,24.60,20.70,21.80,24.50,23.30,23.70,24.20,25.70,22.90,25.00,20.20,24.30,25.40,24.50,22.90,21.50,24.10,21.40,24.80,20.50,21.10,22.90,23.00,25.10,22.50,24.70,24.20,25.50,24.20,23.20,20.90,25.40,22.80,24.50,25.20,24.80,21.50,22.60,22.30,22.50,20.50,25.90,22.30,24.30,22.40,23.20,24.50,21.20,24.70,25.50,25.70,22.20
TLM_RCV,-79,FG-ALPHA,1713170034,AUTO,0,32.49,5.00,-85,86.14,7.99,3.28,5.02,833,497,0,349,21.68,1013.50,12.10,406.30,12.43,46.15,1,1713170010,GSN-01,-79,23.70,74.70,48,0,1,7.78,84,8.57,21.90,20.60,22.20,20.10,23.90,20.20,22.50,25.80,24.70,24.70,21.20,20.00,25.30,23.20,22.20,20.20,22.00,25.00,22.50,20.60,20.20,23.70,21.90,23.90,22.20,24.60,23.70,21.20,22.70,25.60,20.90,20.70,20.30,20.60,22.70,21.80,21.90,23.50,21.60,20.50,23.00,21.40,20.70,22.70,21.60,25.40,21.70,22.30,23.00,24.40,22.60,21.50,24.80,21.10,22.60,22.20,24.00,20.00,20.70,24.40,22.90,23.20,20.70,23.90
TLM_RCV,-62,FG-ALPHA,1713170035,AUTO,0,32.19,5.00,-85,86.19,8.00,3.29,5.02,975,439,0,287,22.68,1012.90,12.10,406.30,12.44,46.15,1,1713169991,GSN-01,-71,23.80,79.30,49,0,0,7.81,85,8.58,20.30,70.60,23.30,24.90,25.90,23.70,23.30,24.30,20.80,23.00,21.40,24.50,20.60,20.90,21.10,21.10,23.70,22.10,21.80,24.90,25.40,23.10,20.90,25.50,20.90,23.70,24.20,21.70,22.40,22.10,20.80,22.60,23.70,21.80,20.80,23.20,21.50,22.30,24.80,21.20,23.60,22.30,25.90,24.40,21.30,23.30,23.10,24.00,23.60,23.70,23.20,20.50,20.40,24.80,25.20,23.00,21.90,25.10,23.00,23.10,24.90,21.00,23.10,23.80
TLM_RCV,-89,FG-ALPHA,1713170036,AUTO,0,32.35,5.00,-85,86.26,8.00,3.30,5.02,1146,470,0,330,23.38,1013.10,11.80,406.20,12.44,46.15,1,1713169988,GSN-01,-89,25.20,75.10,49,0,1,7.80,85,8.58,22.40,24.90,24.50,25.30,22.90,22.10,23.20,22.80,24.20,25.20,23.30,24.60,23.80,22.00,22.40,22.20,25.00,23.30,20.50,20.50,21.70,20.00,22.30,21.50,25.50,24.50,20.50,25.80,22.10,25.10,22.70,20.20,24.30,23.70,24.10,20.30,25.80,23.60,24.50,24.20,21.30,23.20,22.20,20.80,20.60,20.40,20.10,25.20,22.90,25.00,22.10,22.60,24.80,22.00,25.40,24.70,25.90,23.30,22.70,23.00,21.40,24.50,24.40,22.30
TLM_RCV,-51,FG-ALPHA,1713170037,AUTO,0,32.10,5.00,-85,86.32,8.01,3.29,5.02,977,420,0,270,22.78,1012.90,11.90,405.60,12.44,46.15,1,1713170005,GSN-01,-83,23.90,81.20,43,0,0,7.82,84,8.59,23.00,21.20,22.30,23.30,21.50,22.00,24.90,25.80,21.90,23.00,20.10,24.30,22.20,25.60,82.90,24.70,20.50,21.10,25.60,20.60,23.10,20.30,22.70,24.80,23.00,25.30,24.30,25.80,22.50,22.30,25.60,24.60,25.20,25.30,20.00,23.50,21.40,25.30,22.00,21.40,23.30,21.70,22.80,24.70,24.50,23.90,23.10,25.40,24.70,22.90,22.50,22.00,23.30,25.30,21.90,24.00,22.90,24.20,24.00,25.70,24.40,21.30,20.80,22.00
TLM_RCV,-87,FG-ALPHA,1713170038,AUTO,0,33.04,5.00,-85,86.38,8.01,3.31,5.02,1018,408,0,250,23.05,1013.10,12.00,405.80,12.44,46.15,1,1713169992,GSN-01,-78,25.90,83.00,49,0,1,7.78,85,8.59,24.70,24.10,22.50,22.00,25.90,24.20,24.40,22.40,23.80,21.00,24.90,24.20,25.90,24.00,25.20,25.10,23.90,22.30,25.20,20.90,22.60,21.40,21.80,22.10,24.70,22.70,24.10,24.10,25.00,25.70,21.20,24.50,20.20,25.40,22.60,20.80,20.80,24.20,23.20,24.40,25.40,24.70,21.50,20.40,24.10,22.50,24.20,20.10,20.50,21.20,24.60,25.20,23.80,20.40,23.20,21.40,21.40,25.20,22.00,24.60,21.80,20.50,24.40,21.50
TLM_RCV,-64,FG-ALPHA,1713170039,AUTO,0,33.09,5.00,-85,86.45,8.01,3.28,5.02,1121,418,0,270,23.51,1013.10,12.10,405.60,12.44,46.15,1,1713169985,GSN-01,-92,24.60,83.00,44,0,1,7.82,84,8.60,20.00,24.00,23.40,23.60,24.60,22.20,21.00,21.80,22.20,22.90,24.10,22.00,24.50,25.90,22.60,21.70,21.70,23.60,23.60,20.00,23.50,20.00,25.40,25.10,25.80,23.40,25.10,22.80,20.80,25.30,20.00,22.90,21.20,21.80,22.50,25.10,24.20,22.10,24.30,22.20,21.50,24.50,21.50,25.00,21.10,20.60,20.60,22.70,22.20,23.40,22.30,21.70,21.20,25.00,20.80,24.10,25.00,23.70,20.00,23.20,20.80,25.30,20.80,24.00
TLM_RCV,-93,FG-ALPHA,1713170040,AUTO,0,33.29,5.00,-85,86.50,8.01,3.31,5.02,937,458,0,299,22.40,1013.50,12.10,404.80,12.44,46.15,1,1713170010,GSN-01,-93,25.70,78.20,44,0,0,7.79,84,8.60,25.30,22.20,24.00,21.00,22.20,20.90,23.60,25.10,24.10,25.60,23.90,21.30,24.30,24.20,21.00,22.60,21.70,22.50,22.50,23.00,24.20,22.30,22.90,20.00,20.10,25.90,23.00,25.30,23.30,24.70,21.60,23.70,23.70,24.30,22.80,22.10,20.50,25.80,21.50,24.00,21.60,20.10,23.00,22.60,21.10,22.10,21.60,23.60,20.80,21.50,20.60,23.90,22.70,22.60,23.30,24.20,24.80,23.80,23.10,25.10,20.20,23.30,23.80,25.00
TLM_RCV,-70,FG-ALPHA,1713170041,AUTO,0,31.20,5.00,-85,86.55,8.01,3.30,5.02,1022,441,0,299,22.91,1013.50,11.80,404.70,12.44,46.15,1,1713169985,GSN-01,-85,25.10,82.90,46,0,0,7.82,84,8.61,21.20,22.60,22.10,23.90,21.00,23.30,23.60,22.50,25.20,23.00,22.40,20.70,23.00,21.30,23.70,24.40,23.70,21.80,21.80,22.90,25.20,25.90,24.80,20.00,24.50,21.50,25.80,23.00,24.70,23.60,21.60,21.30,22.00,25.10,21.00,21.50,20.10,25.50,20.10,21.50,22.60,25.90,20.50,25.00,21.60,20.00,23.50,21.70,21.60,25.00,20.30,24.10,22.30,20.30,20.90,20.30,20.60,23.70,20.00,23.80,23.00,23.80,25.50,24.60
TLM_RCV,-61,FG-ALPHA,1713170042,AUTO,0,31.42,5.00,-85,86.59,8.01,3.29,5.02,824,484,0,333,21.70,1013.20,12.00,404.80,12.44,46.15,1,1713170013,GSN-01,-87,25.50,75.50,45,0,0,7.79,85,8.61,20.00,20.80,25.30,25.00,21.50,24.60,21.30,24.70,23.50,23.90,22.30,20.20,24.50,24.10,22.20,24.30,20.00,23.80,20.10,20.50,22.80,24.80,22.60,21.60,22.50,22.20,21.90,25.70,22.40,21.20,23.90,22.40,24.20,20.30,20.10,22.30,23.30,24.80,23.70,23.20,21.60,21.00,21.00,24.70,20.10,22.40,23.10,22.10,22.60,20.10,23.40,25.80,20.10,25.40,23.50,24.10,23.80,20.90,23.80,23.80,22.10,21.60,20.30,24.60
TLM_RCV,-80,FG-ALPHA,1713170043,AUTO,0,32.06,5.00,-85,86.64,8.02,3.30,5.02,979,411,0,269,22.84,1013.20,11.90,405.80,12.44,46.15,1,1713170004,GSN-01,-90,23.20,82.50,40,0,0,7.79,85,8.62,23.70,20.20,24.80,20.10,24.90,25.60,20.60,20.50,24.40,23.30,21.50,24.40,23.80,23.50,21.20,24.60,25.90,20.60,20.10,24.80,20.90,20.60,25.30,77.80,25.10,20.10,22.70,22.30,22.20,25.90,24.60,20.90,23.20,25.70,20.00,24.50,24.30,25.60,25.10,24.70,22.60,20.70,23.00,23.80,25.60,21.10,25.60,22.70,23.70,20.80,21.00,20.30,24.60,22.90,21.30,24.20,22.90,23.70,21.30,20.20,23.80,23.10,23.00,25.40
TLM_RCV,-69,FG-ALPHA,1713170044,AUTO,0,32.37,5.00,-85,86.71,8.01,3.30,5.02,1117,473,0,327,23.22,1012.90,11.90,404.50,12.44,46.15,1,1713170008,GSN-01,-71,25.20,76.80,42,0,1,7.79,85,8.62,23.50,20.10,23.90,24.50,20.80,21.30,25.70,25.20,20.10,21.40,21.10,22.30,25.00,25.90,21.60,24.60,25.70,22.80,21.20,20.60,22.00,21.30,23.60,25.50,22.10,20.20,22.60,23.90,25.60,25.50,25.10,21.60,23.30,20.50,23.80,25.60,21.70,25.50,25.70,20.50,20.40,23.30,21.00,24.40,22.80,20.80,25.40,22.30,21.10,22.30,24.00,20.70,25.70,21.60,23.80,20.70,20.70,21.20,25.00,25.40,22.70,24.10,22.30,24.40
TLM_RCV,-54,FG-ALPHA,1713170045,AUTO,0,32.29,5.00,-85,86.76,8.01,3.29,5.02,992,459,0,308,22.67,1012.90,12.00,405.90,12.45,46.15,1,1713169992,GSN-01,-76,25.30,75.70,46,0,0,7.80,85,8.63,23.60,23.80,23.80,20.00,21.20,24.40,22.40,21.90,24.10,25.20,24.60,22.30,21.40,25.30,22.80,21.50,23.60,20.10,24.20,20.90,21.30,24.40,24.60,23.30,23.10,21.20,23.20,22.50,22.90,20.90,25.40,25.80,23.50,22.30,20.20,23.40,23.90,25.00,24.60,24.10,20.40,21.50,25.10,23.60,25.10,24.00,25.50,22.80,23.00,20.20,24.70,24.40,22.10,20.20,25.30,25.90,25.40,24.00,23.20,20.30,25.70,20.40,21.50,21.90
TLM_RCV,-72,FG-ALPHA,1713170046,AUTO,0,32.42,5.00,-85,86.80,8.01,3.30,5.02,896,484,0,336,22.06,1013.40,11.90,404.60,12.45,46.15,1,1713169995,GSN-01,-84,25.50,80.60,46,1,0,7.82,85,8.63,24.40,25.70,21.30,23.80,21.20,20.20,20.70,21.80,23.00,23.00,23.90,21.90,23.40,24.10,22.30,21.20,22.20,20.20,20.90,23.90,23.30,23.30,22.90,25.70,22.20,20.20,21.60,24.60,20.70,24.40,20.30,21.60,71.60,23.60,23.60,20.00,20.10,24.70,21.20,22.30,22.80,23.10,22.60,21.10,24.10,25.80,25.00,22.00,21.20,25.10,20.20,23.80,24.80,24.50,25.80,24.30,24.00,25.80,24.90,23.80,21.20,24.00,21.00,25.50
TLM_RCV,-86,FG-ALPHA,1713170047,AUTO,0,31.05,5.00,-85,86.88,8.02,3.31,5.02,1156,410,0,270,23.73,1013.20,11.80,404.70,12.45,46.15,1,1713170036,GSN-01,-82,25.60,78.20,43,0,0,7.82,84,8.64,22.60,25.70,24.40,24.20,25.20,20.30,22.00,24.90,23.20,23.90,80.30,24.00,21.10,25.30,24.10,25.30,25.10,21.70,20.70,22.50,20.10,22.90,23.00,20.30,25.30,21.50,22.70,20.30,22.20,24.40,23.20,24.20,23.40,22.80,20.60,25.90,20.70,22.40,21.00,21.30,23.90,22.80,23.30,22.10,23.50,24.50,25.20,22.90,25.10,20.90,21.40,21.20,20.10,22.70,25.10,23.50,25.00,22.60,22.30,20.20,21.30,21.10,22.90,20.30
TLM_RCV,-91,FG-ALPHA,1713170048,AUTO,0,32.06,5.00,-85,86.95,8.03,3.30,5.02,1119,411,0,262,23.54,1012.80,12.10,405.60,12.45,46.15,1,1713170031,GSN-01,-91,24.20,78.90,48,0,0,7.81,84,8.64,22.10,20.10,22.80,20.40,21.50,25.50,25.10,24.20,23.50,22.40,25.50,24.80,24.70,24.40,25.20,24.10,21.40,23.00,24.50,24.50,25.00,21.00,22.00,24.20,22.60,25.70,25.40,25.40,23.80,21.30,21.10,24.80,25.20,21.30,21.40,22.50,25.80,23.20,21.60,22.10,21.10,23.20,22.20,24.90,22.60,22.30,22.40,20.40,21.80,25.40,23.90,21.70,25.10,24.10,22.50,21.80,25.10,20.80,24.70,21.90,22.50,24.50,21.20,23.00
TLM_RCV,-84,FG-ALPHA,1713170049,AUTO,0,32.49,5.00,-85,86.90,8.01,3.30,5.02,0,497,0,349,22.49,1013.30,11.90,405.00,12.45,46.15,1,1713170007,GSN-01,-90,24.70,74.00,46,0,0,7.80,84,8.65,24.10,22.70,24.60,23.90,20.50,21.30,24.30,20.90,24.10,24.60,25.40,22.50,20.40,24.80,23.10,23.80,25.40,22.40,23.80,24.60,21.60,20.50,25.10,20.90,21.50,20.60,22.50,23.70,24.00,24.50,24.90,24.40,24.80,25.30,24.60,21.10,20.00,23.80,22.60,20.50,24.20,23.50,25.20,22.40,23.30,21.80,21.70,22.80,25.00,22.60,23.40,21.60,22.90,22.90,25.30,21.60,25.60,20.80,23.10,24.20,25.30,20.10,24.40,23.10
TLM_RCV,-85,FG-ALPHA,1713170050,AUTO,0,31.05,5.00,-85,86.94,8.03,3.31,5.02,839,410,0,256,22.15,1013.60,11.90,404.50,12.45,46.15,1,1713170020,GSN-01,-88,24.70,78.60,41,0,0,7.78,85,8.65,20.50,22.50,25.40,24.40,24.70,25.20,23.00,25.70,24.00,23.00,25.60,20.50,22.60,25.80,21.30,21.30,24.50,22.00,22.40,25.30,20.90,20.40,23.40,22.50,24.00,24.60,24.30,20.20,25.00,23.20,22.50,25.60,20.00,24.60,22.20,25.70,24.50,23.50,25.80,25.50,20.70,23.50,21.90,25.50,21.60,25.50,20.50,24.10,22.40,20.40,24.90,20.80,22.90,21.00,23.80,21.20,24.80,20.90,24.90,23.20,22.20,24.40,24.60,21.90
TLM_RCV,-84,FG-ALPHA,1713170051,AUTO,0,33.40,5.00,-85,87.00,8.02,3.30,5.02,1016,480,0,323,22.68,1013.10,11.90,405.30,12.45,46.15,1,1713170037,GSN-01,-75,24.90,78.50,42,0,0,7.78,85,8.66,24.70,22.50,24.90,24.80,21.40,20.50,24.50,24.30,70.10,20.80,23.90,22.60,20.60,22.40,22.90,20.90,21.90,25.40,23.10,24.50,23.90,20.20,25.30,21.50,20.50,23.10,22.70,20.20,20.00,24.20,25.20,20.80,25.20,25.70,20.30,25.20,23.30,23.20,20.70,22.20,20.30,24.20,25.80,25.30,25.90,21.30,23.50,24.10,22.10,23.10,23.40,20.90,25.20,22.50,22.70,23.60,21.90,23.00,24.50,25.30,20.20,20.60,21.00,21.70
TLM_RCV,-46,FG-ALPHA,1713170052,AUTO,0,32.40,5.00,-85,86.95,8.01,3.29,5.02,0,480,0,340,22.40,1013.00,12.00,405.40,12.45,46.15,1,1713169996,GSN-01,-74,25.30,79.80,46,0,0,7.82,84,8.66,24.10,20.10,21.30,25.70,21.70,23.90,25.70,25.40,24.80,25.60,23.00,24.20,20.80,23.80,21.80,21.20,22.00,23.60,22.30,21.70,20.30,25.80,24.40,23.70,20.30,21.00,21.30,23.10,20.90,24.60,24.00,20.00,20.60,23.40,24.60,21.70,23.10,24.40,20.30,25.30,22.60,21.60,22.10,20.10,22.60,23.20,23.00,22.30,24.70,21.00,23.90,25.60,23.40,24.70,20.80,21.80,24.20,20.00,25.20,25.60,20.60,24.80,20.60,23.60
TLM_RCV,-68,FG-ALPHA,1713170053,AUTO,0,32.19,5.00,-85,86.90,8.02,3.29,5.02,0,437,0,278,22.18,1012.70,11.80,405.00,12.45,46.15,1,1713170040,GSN-01,-93,23.80,74.50,44,0,0,7.82,84,8.67,22.40,20.10,20.00,24.30,25.40,23.00,20.20,21.40,24.10,23.30,20.70,22.50,20.70,24.80,22.00,22.70,20.20,21.20,23.70,23.90,20.90,23.20,23.40,24.70,20.70,21.30,24.10,24.10,25.50,23.90,25.60,25.20,22.30,20.00,25.50,23.80,21.30,23.50,24.40,23.50,23.10,23.60,23.60,25.10,22.30,25.80,25.70,21.40,23.50,24.20,24.60,25.40,73.40,21.20,20.40,22.50,22.20,22.50,23.40,21.10,22.20,21.30,25.50,25.40
TLM_RCV,-42,FG-ALPHA,1713170054,AUTO,0,31.20,5.00,-85,86.94,8.02,3.29,5.02,843,440,0,282,22.01,1012.70,11.80,405.10,12.45,46.15,1,1713170037,GSN-01,-76,25.60,76.70,48,1,0,7.80,84,8.67,24.20,21.80,21.50,25.40,24.70,25.80,25.30,23.90,24.40,20.60,20.80,23.40,23.30,23.70,22.00,25.80,24.30,23.40,21.40,24.00,22.00,24.20,24.90,25.00,21.00,20.30,22.10,24.30,20.90,25.20,25.90,20.80,20.70,24.70,25.00,23.60,21.30,24.20,20.30,21.30,20.80,20.50,22.70,23.60,24.20,24.30,20.50,24.30,24.20,24.60,24.30,23.20,23.40,25.10,23.90,25.70,23.70,22.20,23.50,21.90,23.10,25.70,24.10,20.60
TLM_RCV,-51,FG-ALPHA,1713170055,AUTO,0,33.02,5.00,-85,86.98,8.03,3.31,5.02,802,404,0,256,21.99,1013.30,11.90,404.70,12.46,46.15,1,1713169997,GSN-01,-71,24.00,73.80,44,0,0,7.78,84,8.68,24.50,20.60,23.30,20.90,24.00,20.40,24.60,21.90,25.90,25.70,22.80,23.20,24.80,25.30,23.80,21.80,24.70,24.30,23.30,20.40,20.20,23.30,22.50,23.70,23.30,23.10,20.60,20.30,25.60,25.60,24.30,22.10,23.20,24.00,20.50,21.80,22.60,24.30,21.10,23.10,22.70,21.50,20.20,20.90,23.20,25.40,24.50,20.70,24.30,24.20,24.20,23.50,23.70,23.50,25.30,22.30,25.90,20.00,25.00,22.50,20.70,24.20,22.30,25.10
TLM_RCV,-49,FG-ALPHA,1713170056,AUTO,0,33.40,5.00,-85,87.03,8.02,3.31,5.02,971,481,0,327,22.45,1013.50,12.00,405.10,12.46,46.15,1,1713170032,GSN-01,-85,25.60,76.10,42,0,0,7.82,84,8.68,25.20,20.80,23.40,20.20,23.30,22.30,24.90,24.00,22.40,25.50,22.40,21.20,23.20,22.00,23.40,23.70,22.00,23.30,20.60,24.20,24.00,20.10,20.80,20.90,23.40,21.30,24.00,20.70,24.40,20.70,21.10,20.60,23.20,24.10,24.10,23.10,25.60,21.30,22.60,22.60,24.10,24.30,23.30,23.40,23.70,21.20,24.20,24.80,20.00,22.70,24.70,21.30,24.40,24.70,23.60,22.90,22.50,25.10,25.10,22.00,22.90,23.50,24.90,21.60
TLM_RCV,-75,FG-ALPHA,1713170057,AUTO,0,33.46,5.00,-85,87.08,8.02,3.28,5.02,1004,491,0,347,22.57,1012.90,11.90,404.50,12.46,46.15,1,1713170035,GSN-01,-87,24.30,74.00,43,0,0,7.81,85,8.69,20.50,21.90,24.50,21.00,20.40,23.90,24.70,22.40,25.50,25.40,23.30,20.80,20.00,21.20,23.20,23.10,22.10,21.60,21.40,25.30,24.10,23.60,20.30,22.30,21.90,20.80,22.10,24.30,21.50,22.20,21.00,20.70,23.50,23.60,20.90,22.00,24.70,25.10,20.20,25.20,24.50,23.40,23.80,24.70,22.80,21.70,23.70,21.90,22.30,22.90,21.40,25.00,20.90,23.40,23.30,23.80,20.20,20.80,21.60,24.40,22.80,24.40,20.70,23.40
TLM_RCV,-92,FG-ALPHA,1713170058,AUTO,0,32.29,5.00,-85,87.12,8.02,3.29,5.02,849,458,0,302,21.95,1012.90,11.90,405.90,12.46,46.15,1,1713170002,GSN-01,-90,23.00,79.60,45,0,1,7.81,85,8.69,25.10,21.40,25.60,22.60,25.10,23.20,23.50,20.90,25.60,24.80,21.50,22.50,20.90,20.80,20.00,23.50,25.90,23.90,22.00,24.40,21.40,23.30,23.20,20.70,20.70,25.50,25.30,22.60,23.20,20.30,23.30,21.00,21.20,24.50,20.90,24.50,23.20,21.80,24.20,25.30,21.30,20.30,24.20,25.70,24.30,23.80,23.90,22.80,20.00,24.90,21.60,21.10,24.90,24.20,24.90,22.10,24.50,21.10,25.70,22.90,20.20,22.70,24.50,25.60
TLM_RCV,-77,FG-ALPHA,1713170059,AUTO,0,31.46,5.00,-85,87.19,8.02,3.30,5.02,1196,492,0,335,23.52,1013.00,11.90,406.00,12.46,46.15,1,1713170041,GSN-01,-86,23.40,78.10,44,0,0,7.79,84,8.70,23.70,23.40,24.60,25.40,20.00,23.90,20.20,20.80,22.20,24.50,21.70,23.00,22.10,24.90,25.30,25.40,22.90,24.60,23.50,23.80,25.60,21.10,21.90,20.30,22.40,24.40,22.90,20.20,24.00,20.10,23.20,22.20,22.20,20.10,24.60,23.50,24.60,21.30,23.50,23.70,25.70,24.90,20.50,25.40,23.80,22.20,21.40,24.50,21.60,23.60,23.00,23.80,22.50,20.40,25.20,24.40,21.80,23.70,20.30,22.50,22.40,22.20,25.00,21.80
TLM_RCV,-58,FG-ALPHA,1713170060,AUTO,0,33.10,5.00,-85,87.27,8.03,3.29,5.02,1179,420,0,264,23.80,1013.10,12.00,404.60,12.46,46.15,1,1713170023,GSN-01,-84,25.60,82.90,47,0,0,7.82,84,8.70,25.30,23.70,24.60,20.10,25.00,25.60,23.90,22.70,25.00,20.20,24.30,22.10,24.00,25.90,23.80,20.90,22.40,22.10,22.40,25.50,23.10,20.50,23.70,25.60,20.30,24.10,20.90,23.00,20.30,20.90,22.50,24.00,23.60,22.40,20.30,21.50,21.40,24.30,20.00,23.80,21.00,22.10,23.00,22.20,24.60,21.50,21.70,23.00,22.60,23.50,24.00,20.40,22.30,21.40,23.90,24.10,20.40,21.50,21.90,22.40,23.90,25.20,21.10,21.10
TLM_RCV,-74,FG-ALPHA,1713170061,AUTO,0,33.17,5.00,-85,87.34,8.03,3.31,5.02,1136,435,0,292,23.50,1013.20,12.10,406.40,12.46,46.15,1,1713170047,GSN-01,-80,23.90,76.70,41,0,0,7.82,84,8.71,24.60,24.70,22.80,22.20,22.30,21.70,22.40,23.40,25.70,22.20,21.10,20.40,23.30,22.00,24.30,20.40,24.10,21.90,21.80,21.70,20.70,24.00,20.80,25.40,21.40,22.80,22.70,23.60,23.70,21.40,24.10,20.70,24.30,22.60,24.70,24.30,25.10,23.50,21.10,21.10,20.70,25.10,25.20,23.30,22.80,21.50,22.60,25.80,22.40,24.40,23.70,21.20,23.60,22.50,23.30,23.00,25.10,23.20,24.00,20.30,22.30,21.10,25.60,21.40
TLM_RCV,-70,FG-ALPHA,1713170083,AUTO,0,31.26,5.00,-85,88.88,8.07,3.31,5.02,0,452,0,293,22.26,1013.10,11.90,404.70,12.48,46.15,1,1713170046,GSN-01,-84,24.60,79.70,40,0,0,7.81,84,8.71,22.50,25.20,24.50,23.10,24.00,23.00,21.80,23.00,23.60,22.80,23.20,22.90,23.00,23.20,21.50,21.30,24.10,20.60,21.90,21.80,20.80,20.20,22.50,21.70,21.90,21.20,20.80,25.00,22.10,21.80,25.70,24.90,24.70,21.00,25.50,20.00,25.90,21.90,21.20,20.90,20.40,21.50,25.30,20.30,25.10,23.80,23.60,20.10,23.20,23.00,25.70,25.90,24.60,23.80,23.50,24.60,21.50,21.50,25.10,25.70,22.00,25.50,25.70,22.70
TLM_RCV,-84,FG-ALPHA,1713170084,AUTO,0,31.22,5.00,-85,88.94,8.07,3.31,5.02,985,443,0,291,22.71,1013.20,11.90,406.10,12.48,46.15,1,1713170040,GSN-01,-77,23.00,78.30,43,0,0,7.82,84,8.72,20.80,25.90,25.60,25.40,23.30,25.80,24.90,22.10,23.90,23.20,23.60,21.60,20.80,20.80,20.00,21.20,22.90,23.60,22.80,24.80,24.50,25.00,21.30,21.10,20.10,22.90,24.10,22.80,23.30,24.60,25.60,21.80,24.20,24.80,21.60,22.20,20.30,23.10,24.00,21.60,25.40,24.20,21.20,21.80,25.50,20.20,23.10,25.10,20.30,20.90,25.80,21.10,22.50,20.30,23.60,22.00,25.90,22.20,23.70,24.00,23.30,21.20,20.70,20.10
TLM_RCV,-66,FG-ALPHA,1713170085,AUTO,0,31.43,5.00,-85,89.00,8.06,3.29,5.02,1128,486,0,339,23.21,1013.00,12.10,405.10,12.49,46.15,1,1713170072,GSN-01,-95,25.50,80.80,47,0,0,7.82,84,8.72,25.10,21.50,25.10,24.40,23.90,23.90,22.70,23.90,24.80,20.20,22.10,22.40,21.30,25.40,24.30,20.40,24.10,23.00,22.10,20.60,23.50,23.20,24.80,22.10,21.80,25.00,24.30,24.30,21.80,20.10,24.30,23.00,25.20,25.60,20.80,24.50,20.80,21.80,20.60,21.90,20.60,22.20,21.60,25.90,22.30,24.80,20.30,24.00,21.50,25.00,23.60,21.70,22.60,25.80,22.00,24.10,23.80,24.20,20.40,25.80,25.60,24.40,25.90,22.70
TLM_RCV,-46,FG-ALPHA,1713170086,AUTO,0,32.28,5.00,-85,89.07,8.07,3.28,5.02,1129,455,0,303,23.37,1012.90,11.90,405.00,12.49,46.15,1,1713170073,GSN-01,-90,23.10,74.30,42,0,1,7.79,85,8.73,22.60,25.30,24.20,23.10,24.80,25.90,20.80,25.70,22.00,25.60,22.20,25.50,21.30,21.50,20.70,24.60,22.10,23.40,20.90,20.50,23.10,20.50,24.00,23.60,23.00,25.30,21.40,24.70,21.90,25.80,22.40,20.50,21.80,22.50,24.90,24.30,21.40,22.70,22.40,24.70,24.50,20.20,23.50,23.70,21.50,20.70,25.60,25.80,22.40,23.20,21.10,20.50,20.30,22.60,22.20,23.30,23.10,21.30,22.40,22.00,21.00,21.40,25.60,21.40
TLM_RCV,-85,FG-ALPHA,1713170087,AUTO,0,33.22,5.00,-85,89.11,8.07,3.28,5.02,877,444,0,285,22.17,1012.70,11.80,405.70,12.49,46.15,1,1713170042,GSN-01,-90,25.10,76.50,40,0,0,7.79,85,8.73,20.70,20.70,22.40,25.40,25.30,21.60,25.40,23.50,22.60,20.10,25.80,20.60,20.80,22.70,24.50,25.50,25.30,24.30,24.70,21.60,23.40,23.60,22.40,23.90,21.70,20.60,24.70,25.10,24.00,25.80,20.20,23.90,25.60,25.10,25.10,24.80,24.90,21.40,25.30,23.70,20.40,25.30,23.10,23.40,22.10,20.30,23.90,23.60,25.50,21.70,22.70,25.60,24.90,20.70,24.80,23.70,25.00,23.60,21.40,22.20,22.60,22.00,23.00,24.90
TLM_RCV,-46,FG-ALPHA,1713170088,AUTO,0,31.30,5.00,-85,89.15,8.07,3.31,5.02,816,460,0,317,21.78,1013.50,12.10,405.10,12.49,46.15,1,1713170034,GSN-01,-90,25.80,74.00,48,0,0,7.81,85,8.74,20.80,22.40,20.90,22.00,24.00,23.20,22.00,24.00,20.90,20.80,23.80,20.50,24.30,22.30,20.80,24.00,23.50,22.60,20.70,24.00,23.80,22.90,24.30,25.30,21.20,22.30,22.40,23.00,24.10,20.60,24.60,25.00,24.40,22.90,23.40,25.30,24.60,25.00,23.60,20.90,20.30,24.10,25.00,23.20,20.60,21.60,24.00,23.50,21.70,21.50,22.80,25.90,20.20,22.80,24.70,24.60,24.60,21.90,22.60,20.90,21.40,21.00,22.40,20.50
TLM_RCV,-69,FG-ALPHA,1713170089,AUTO,0,32.40,5.00,-85,89.18,8.07,3.31,5.02,811,480,0,328,21.66,1013.60,12.10,404.90,12.49,46.15,1,1713170031,GSN-01,-80,24.60,82.10,47,0,0,7.82,85,8.74,22.60,21.10,24.80,25.40,21.20,21.10,21.40,25.20,25.70,22.10,22.90,22.20,21.70,22.70,22.30,21.00,21.10,23.00,23.60,24.90,21.50,20.20,21.40,21.50,25.90,21.40,24.90,23.10,24.00,22.20,21.40,20.60,21.50,25.00,22.20,20.30,23.00,20.80,20.30,23.00,25.00,24.70,23.30,22.40,24.30,20.50,22.30,21.10,23.60,25.90,22.00,24.70,24.80,22.80,25.80,24.30,20.80,21.50,25.50,24.70,20.30,21.60,20.30,22.40
TLM_RCV,-57,FG-ALPHA,1713170090,AUTO,0,32.19,5.00,-85,89.25,8.08,3.29,5.02,1166,438,0,291,23.64,1013.30,12.10,404.90,12.49,46.15,1,1713170063,GSN-01,-88,23.80,73.50,49,0,0,7.79,85,8.75,21.80,25.30,20.90,25.00,22.50,25.00,20.50,22.00,25.70,23.00,22.00,22.60,25.20,21.10,21.70,20.40,23.40,24.70,21.90,20.40,23.70,23.90,25.60,22.70,25.60,21.70,24.00,24.00,20.60,23.90,22.80,21.40,22.30,24.40,20.10,21.10,21.60,25.70,24.00,21.00,23.10,23.10,25.80,20.90,24.50,21.70,21.30,24.30,23.10,25.60,20.70,23.10,21.50,23.40,23.20,23.80,21.30,20.00,20.20,21.20,21.60,24.90,25.20,20.20
TLM_RCV,-44,FG-ALPHA,1713170091,AUTO,0,33.08,5.00,-85,89.32,8.08,3.29,5.02,1076,417,0,264,23.30,1013.50,11.90,404.60,12.49,46.15,1,1713170033,GSN-01,-87,25.20,73.80,41,0,0,7.81,84,8.75,21.00,25.80,22.50,23.30,25.20,22.40,24.90,25.60,22.80,24.00,22.80,23.00,25.70,21.60,25.40,22.50,21.80,25.60,21.80,21.60,24.90,21.80,23.80,22.30,20.40,22.30,23.50,23.30,22.70,20.10,20.10,22.30,20.80,23.80,23.60,24.10,23.60,24.90,20.40,21.50,20.10,21.20,24.80,24.90,25.30,23.00,20.80,21.60,23.30,25.60,21.20,21.70,20.80,25.30,25.40,21.60,22.40,21.50,24.80,24.70,22.90,24.30,23.50,21.70
TLM_RCV,-68,FG-ALPHA,1713170092,AUTO,0,32.33,5.00,-85,89.39,8.08,3.31,5.02,1149,467,0,313,23.41,1013.20,12.10,406.20,12.49,46.15,1,1713170037,GSN-01,-71,24.20,78.10,46,0,0,7.78,85,8.76,25.90,21.60,21.10,25.60,24.70,24.00,21.40,20.80,23.20,24.30,20.00,24.80,25.50,20.70,23.70,20.60,24.10,23.00,24.70,24.00,22.40,22.50,21.70,21.20,22.30,20.50,21.80,21.00,25.30,20.30,23.70,21.30,25.10,23.00,23.10,23.90,24.80,25.20,24.00,20.00,22.10,23.80,22.40,25.10,22.10,24.90,24.60,23.40,25.80,25.80,24.40,22.80,21.80,25.10,21.80,22.00,22.40,22.10,21.20,24.70,24.10,23.20,21.30,20.10
TLM_RCV,-65,FG-ALPHA,1713170093,AUTO,0,33.46,5.00,-85,89.34,8.07,3.31,5.02,0,491,0,342,22.45,1012.90,11.80,405.80,12.49,46.15,1,1713170048,GSN-01,-77,24.10,80.40,48,0,0,7.81,85,8.76,25.90,24.90,23.40,24.00,20.60,24.90,23.10,20.90,24.20,24.00,20.80,23.50,20.20,24.90,25.60,23.00,23.90,23.20,21.20,22.10,25.20,25.30,24.80,21.20,21.60,20.10,23.30,20.10,23.20,22.50,25.10,24.50,20.20,20.40,23.00,23.10,23.70,21.60,22.30,22.40,20.80,23.60,21.90,21.70,23.20,21.70,22.60,22.90,22.70,21.30,25.00,23.30,24.50,21.40,22.80,23.70,22.90,23.90,25.30,23.80,21.50,86.80,24.40,23.40
TLM_RCV,-82,FG-ALPHA,1713170094,AUTO,0,32.10,5.00,-85,89.41,8.08,3.29,5.02,1155,420,0,270,23.67,1013.60,11.90,406.30,12.49,46.15,1,1713170069,GSN-01,-84,25.30,75.20,47,0,0,7.81,84,8.77,22.70,22.60,24.30,21.30,25.60,20.60,22.80,21.00,24.90,24.00,21.80,20.10,25.10,21.90,23.00,24.10,25.80,23.40,20.30,22.10,21.30,22.70,21.70,21.30,24.10,21.40,25.30,21.90,23.60,21.00,23.40,25.50,20.70,25.50,21.10,23.10,23.90,25.90,24.90,24.50,23.10,21.40,20.00,23.20,23.50,23.40,22.80,24.30,22.00,21.30,25.90,25.10,22.90,22.20,22.00,21.70,20.90,23.60,25.70,22.60,23.40,25.80,24.30,25.90
TLM_RCV,-74,FG-ALPHA,1713170095,AUTO,0,31.10,5.00,-85,89.37,8.08,3.30,5.02,0,421,0,277,22.10,1013.30,12.10,405.00,12.50,46.15,1,1713170037,GSN-01,-90,24.00,76.40,43,0,0,7.82,85,8.77,20.00,25.30,20.80,21.40,20.80,25.90,25.20,20.10,21.00,25.00,22.70,20.00,24.60,21.80,25.60,24.10,21.80,23.50,22.30,21.60,24.80,22.60,20.80,22.20,22.90,24.50,20.40,24.70,20.70,20.80,21.20,23.90,25.00,20.90,21.60,22.50,24.70,24.40,25.20,25.20,21.30,21.00,25.40,23.00,22.90,21.30,21.40,22.70,25.50,20.50,23.80,23.40,23.50,20.60,24.50,24.30,21.60,22.70,22.00,23.20,24.80,25.70,24.80,23.50
TLM_RCV,-92,FG-ALPHA,1713170096,AUTO,0,33.21,5.00,-85,89.41,8.08,3.31,5.02,831,441,0,298,21.95,1013.30,11.90,406.30,12.50,46.15,1,1713170044,GSN-01,-95,25.30,75.60,41,0,0,7.82,84,8.78,21.00,22.30,25.90,24.90,23.60,23.10,25.80,22.80,23.40,22.10,25.30,23.60,23.30,25.70,23.50,20.70,20.20,25.50,22.90,24.80,21.80,23.10,24.40,24.00,22.90,22.80,21.80,23.80,25.50,23.30,21.90,23.80,25.30,21.00,23.20,23.50,25.70,23.00,25.70,20.40,23.60,21.00,22.60,22.10,21.40,21.60,21.70,20.60,23.70,21.60,24.20,24.80,25.20,22.10,22.50,20.30,21.10,21.50,21.10,22.80,20.30,24.10,25.00,25.50
TLM_RCV,-45,FG-ALPHA,1713170097,AUTO,0,32.38,5.00,-85,89.47,8.08,3.31,5.02,1136,477,0,318,23.30,1013.10,12.10,406.20,12.50,46.15,1,1713170043,GSN-01,-78,23.40,77.90,48,0,0,7.82,85,8.78,22.60,24.40,20.60,22.30,23.90,25.20,24.70,20.00,20.10,23.90,20.20,23.10,24.20,25.40,21.50,23.00,21.90,25.70,25.40,24.70,24.10,25.90,20.90,21.30,23.20,21.10,22.30,24.80,23.50,24.80,20.30,23.00,78.00,23.30,21.10,22.20,20.50,25.50,22.00,24.10,22.90,20.10,25.70,25.60,24.10,24.40,20.40,23.70,22.60,21.40,22.00,21.90,23.40,20.40,23.40,23.90,22.70,22.90,24.00,25.20,23.70,20.00,25.50,20.90
TLM_RCV,-61,FG-ALPHA,1713170098,AUTO,0,31.03,5.00,-85,89.53,8.09,3.31,5.02,921,407,0,267,22.57,1013.00,11.80,405.10,12.50,46.15,1,1713170042,GSN-01,-85,25.30,76.50,40,0,0,7.79,85,8.79,21.50,22.60,24.10,23.50,20.20,23.40,23.10,23.90,23.70,20.80,20.80,21.90,21.50,21.20,22.70,21.40,21.90,25.20,23.70,22.80,20.00,21.60,25.50,20.70,21.50,24.70,24.00,21.40,21.40,24.00,23.70,24.70,24.40,24.90,22.80,22.40,20.50,23.80,21.10,25.50,25.90,23.40,22.20,24.70,22.70,21.00,25.10,25.00,22.50,21.40,20.10,21.80,22.10,22.90,20.00,23.80,25.10,21.10,23.00,20.70,24.90,21.30,25.20,24.10
TLM_RCV,-63,FG-ALPHA,1713170099,AUTO,0,32.37,5.00,-85,89.58,8.08,3.29,5.02,1004,473,0,328,22.66,1013.50,12.10,405.90,12.50,46.15,1,1713170081,GSN-01,-75,25.60,83.00,45,0,0,7.82,85,8.79,24.00,20.30,21.70,25.10,22.10,22.80,20.20,20.00,21.80,23.20,20.00,25.60,22.10,25.50,20.10,22.10,23.10,21.80,22.40,21.80,21.50,23.40,21.50,23.10,20.70,22.60,21.10,21.90,22.00,22.30,22.30,21.00,20.60,20.20,25.40,21.30,23.80,21.50,25.00,25.60,23.20,22.90,21.10,22.50,20.50,21.90,22.00,23.60,25.80,22.90,20.70,22.00,24.80,23.40,21.20,23.50,24.80,22.50,22.20,23.10,25.40,25.20,23.30,21.90
TLM_RCV,-55,FG-ALPHA,1713170100,AUTO,0,33.13,5.00,-85,89.66,8.09,3.31,5.02,1191,426,0,276,23.83,1013.30,12.00,405.30,12.50,46.15,1,1713170065,GSN-01,-74,23.90,78.90,48,0,0,7.81,85,8.80,24.30,24.80,25.00,24.50,20.20,24.80,22.30,23.30,24.10,23.90,20.00,21.80,25.10,22.40,20.60,21.70,24.00,25.90,24.80,24.50,20.10,24.50,21.10,22.30,20.30,23.10,21.00,23.20,24.50,25.80,20.60,20.20,24.00,22.90,22.40,23.60,25.20,25.50,24.70,25.90,20.90,21.70,22.50,25.70,23.10,21.90,22.70,22.40,20.50,24.70,22.10,22.20,23.60,25.60,20.80,20.50,24.40,21.90,25.30,21.30,20.50,25.20,22.40,22.30
TLM_RCV,-95,FG-ALPHA,1713170101,AUTO,0,33.42,5.00,-85,89.70,8.08,3.29,5.02,940,485,0,334,22.27,1013.10,12.00,406.20,12.50,46.15,1,1713170055,GSN-01,-78,24.80,81.70,43,1,0,7.78,85,8.80,21.30,23.40,25.70,20.80,20.10,23.30,21.40,21.60,24.10,20.20,24.30,24.60,25.80,25.20,23.00,22.10,24.30,24.30,20.90,25.00,20.00,25.00,25.10,25.80,20.00,23.20,21.80,22.20,22.70,24.90,21.90,23.30,24.30,20.20,21.80,24.60,23.70,23.20,21.80,24.60,24.10,22.90,20.00,21.40,24.60,23.20,20.60,22.50,25.50,21.20,22.90,21.70,20.80,23.50,25.00,21.80,25.40,25.60,23.80,24.90,20.00,25.90,20.80,20.40
TLM_RCV,-65,FG-ALPHA,1713170102,AUTO,0,32.10,5.00,-85,89.75,8.09,3.28,5.02,922,421,0,268,22.50,1013.30,11.90,406.20,12.50,46.15,1,1713170067,GSN-01,-77,23.80,82.10,49,0,1,7.80,84,8.81,24.40,23.80,21.90,21.90,20.10,23.00,23.20,21.00,25.50,22.10,21.30,23.40,22.40,21.50,25.00,20.00,23.20,21.90,20.40,20.70,21.80,24.40,22.70,20.30,21.50,24.50,21.30,23.10,22.90,20.50,20.80,23.80,25.00,20.70,25.40,23.70,24.40,22.10,25.10,24.50,25.30,22.30,21.20,25.10,22.70,23.00,21.80,20.60,24.50,23.50,24.90,21.70,22.70,21.90,25.10,25.40,21.50,24.30,25.30,21.90,24.70,25.00,25.80,25.20
TLM_RCV,-64,FG-ALPHA,1713170103,AUTO,0,32.24,5.00,-85,89.82,8.09,3.30,5.02,1117,447,0,294,23.35,1013.60,11.80,406.40,12.50,46.15,1,1713170080,GSN-01,-84,25.20,76.10,47,0,1,7.78,84,8.81,23.90,25.60,20.50,24.80,21.20,25.50,24.00,23.90,23.70,23.50,21.10,21.00,21.90,22.50,23.90,23.10,25.50,24.90,22.60,20.40,24.30,21.10,20.50,21.90,25.20,23.10,22.40,24.90,25.30,24.30,20.30,22.40,25.20,22.70,21.90,23.90,25.20,23.00,24.30,22.50,23.30,21.20,23.80,25.50,20.20,23.30,25.50,23.50,20.60,23.70,24.40,24.40,22.70,21.40,21.00,23.60,21.50,22.00,22.30,20.20,20.70,23.50,24.60,23.90
TLM_RCV,-49,FG-ALPHA,1713170104,AUTO,0,32.30,5.00,-85,89.86,8.09,3.29,5.02,919,460,0,313,22.30,1013.20,12.10,404.60,12.50,46.15,1,1713170093,GSN-01,-94,25.20,79.20,42,0,0,7.82,85,8.82,23.80,23.70,23.50,25.70,25.20,23.50,23.60,21.70,21.80,25.00,22.80,20.90,21.00,20.70,20.50,22.40,22.20,25.80,20.40,22.00,21.70,21.00,20.30,25.20,22.70,22.30,23.90,23.70,21.10,24.90,20.60,23.60,22.60,24.60,25.50,22.20,22.60,22.90,20.90,24.60,20.10,22.90,23.40,20.60,25.50,20.60,21.00,21.70,25.30,24.60,25.90,21.10,25.10,22.00,20.50,25.70,23.40,20.50,22.50,23.80,24.10,21.50,20.10,22.60
TLM_RCV,-71,FG-ALPHA,1713170105,AUTO,0,32.29,5.00,-85,89.82,8.09,3.31,5.02,0,458,0,314,22.29,1013.30,11.80,406.00,12.51,46.15,1,1713170085,GSN-01,-80,24.40,74.40,43,0,0,7.78,84,8.82,20.90,24.80,24.20,22.50,25.70,24.00,20.60,21.30,21.70,21.10,25.30,23.80,24.60,24.20,25.70,24.20,23.90,24.60,25.00,20.20,20.60,25.30,24.70,23.80,25.80,25.50,21.30,24.30,20.80,21.10,20.40,23.60,22.20,24.30,22.80,24.10,24.90,23.70,24.10,25.90,25.70,22.80,23.50,23.40,20.00,20.50,25.80,21.00,22.10,21.00,20.90,21.60,24.40,25.30,24.60,22.90,24.20,24.40,20.00,23.40,23.40,24.10,22.00,21.40
TLM_RCV,-86,FG-ALPHA,1713170106,AUTO,0,33.32,5.00,-85,89.87,8.09,3.28,5.02,1030,464,0,320,22.83,1013.00,12.00,406.40,12.51,46.15,1,1713170088,GSN-01,-95,23.20,73.80,43,0,0,7.78,85,8.83,23.50,24.10,21.80,24.00,22.30,20.80,23.90,22.30,23.20,22.40,22.30,24.60,24.90,21.40,23.20,25.10,25.90,20.60,23.30,21.50,24.40,22.00,22.50,25.10,20.70,25.10,25.80,22.70,25.30,25.50,24.80,23.60,20.80,24.30,22.20,20.70,20.00,25.70,24.90,23.20,22.60,23.00,25.60,20.70,20.30,20.60,23.10,22.60,22.40,21.70,22.30,25.80,21.80,24.80,24.60,24.80,23.60,21.30,20.00,20.60,25.80,21.90,21.00,24.60
TLM_RCV,-77,FG-ALPHA,1713170107,AUTO,0,31.15,5.00,-85,89.83,8.09,3.28,5.02,0,429,0,289,22.15,1013.20,11.80,405.80,12.51,46.15,1,1713170054,GSN-01,-92,23.30,76.10,41,0,1,7.81,84,8.83,25.70,21.80,21.30,21.00,25.00,21.70,22.30,20.70,20.20,21.20,20.90,20.50,24.20,23.50,24.90,23.30,25.20,23.40,20.80,21.30,25.60,25.80,25.60,21.50,20.00,24.30,24.10,21.60,23.20,23.00,20.40,25.40,21.00,21.00,22.70,23.80,24.60,22.00,25.00,20.10,21.50,20.90,25.90,25.70,25.90,20.10,23.50,20.00,20.00,25.80,24.40,22.10,21.90,21.50,22.30,20.20,23.90,20.10,21.10,24.80,25.50,24.40,22.00,20.70
TLM_RCV,-60,FG-ALPHA,1713170108,AUTO,0,31.48,5.00,-85,89.87,8.08,3.28,5.02,885,496,0,340,21.94,1012.80,11.90,405.80,12.51,46.15,1,1713170074,GSN-01,-86,25.50,78.50,45,0,0,7.81,84,8.84,22.30,20.40,23.10,22.90,21.30,25.70,21.90,21.50,23.70,24.20,22.10,23.50,24.30,23.30,25.80,22.50,20.70,21.30,23.30,20.70,21.00,20.90,24.70,20.80,22.10,22.50,22.10,22.40,20.00,20.40,20.70,25.50,21.90,23.30,21.50,21.20,22.50,20.30,24.00,23.10,21.90,25.10,22.80,22.40,22.40,21.00,22.30,24.90,23.10,25.20,21.40,22.50,20.50,24.60,24.60,25.60,20.10,25.40,25.80,23.90,22.60,23.60,21.40,21.30
TLM_RCV,-74,FG-ALPHA,1713170109,AUTO,0,31.36,5.00,-85,89.90,8.09,3.29,5.02,818,472,0,320,21.73,1013.40,12.00,405.70,12.51,46.15,1,1713170082,GSN-01,-82,23.10,82.10,40,0,0,7.78,85,8.84,23.40,20.20,22.10,24.70,21.20,21.20,24.30,24.70,20.60,20.00,23.50,25.30,20.90,21.30,25.90,21.90,25.00,20.30,23.60,23.30,22.10,20.20,25.80,20.70,22.30,20.00,22.50,22.50,22.50,21.10,20.90,21.50,22.40,23.40,20.90,23.00,22.40,20.80,22.00,21.90,23.20,22.30,20.40,23.30,22.50,22.10,23.90,24.10,20.60,25.50,22.90,22.40,22.10,21.50,20.20,21.40,25.30,24.30,20.50,21.00,24.30,24.70,23.40,23.70
TLM_RCV,-57,FG-ALPHA,1713170110,AUTO,0,33.38,5.00,-85,89.94,8.09,3.28,5.02,822,475,0,328,21.74,1013.60,11.90,406.40,12.51,46.15,1,1713170069,GSN-01,-86,24.90,77.60,40,0,0,7.79,85,8.85,22.70,24.00,23.00,24.90,24.80,23.20,21.00,20.20,25.90,24.60,23.30,20.10,21.40,25.20,21.20,23.10,23.10,20.40,20.10,24.30,22.40,23.90,22.40,20.80,22.50,25.30,20.90,20.50,23.60,21.50,20.00,20.00,25.80,24.10,21.70,25.00,24.80,21.70,23.20,20.40,24.10,24.80,23.20,23.50,25.30,20.70,23.20,20.10,23.90,21.30,22.20,24.90,23.60,25.80,21.50,21.70,23.00,25.00,24.20,22.70,23.10,25.90,23.70,22.20
TLM_RCV,-71,FG-ALPHA,1713170111,AUTO,0,32.49,5.00,-85,89.89,8.08,3.30,5.02,0,499,0,348,22.50,1012.80,11.80,406.20,12.51,46.15,1,1713170080,GSN-01,-87,25.30,75.30,45,0,0,7.82,84,8.85,24.10,21.70,23.20,21.90,20.00,24.00,24.00,24.20,22.40,21.30,24.00,22.00,20.50,24.50,24.10,22.60,23.90,24.90,24.90,25.30,21.60,21.00,23.60,24.30,21.70,23.70,23.60,25.30,20.10,25.10,20.80,21.70,20.80,24.20,25.80,22.60,22.00,23.60,23.80,21.00,22.30,21.90,23.60,23.60,23.20,25.70,20.50,21.40,23.10,22.60,22.60,22.30,23.30,22.70,22.00,21.20,20.50,24.90,21.10,25.90,24.30,25.50,23.80,21.50
TLM_RCV,-94,FG-ALPHA,1713170112,AUTO,0,32.99,5.00,-85,89.96,8.10,3.31,5.02,1120,399,0,259,23.60,1012.80,11.80,404.70,12.51,46.15,1,1713170091,GSN-01,-83,23.30,76.70,45,0,0,7.81,84,8.86,23.80,21.20,23.30,22.00,24.80,24.90,21.50,25.00,23.30,21.80,20.60,25.80,23.70,24.60,24.80,23.20,25.30,20.10,25.70,21.00,25.70,23.40,22.40,23.80,23.80,21.60,24.80,21.20,20.70,23.90,23.80,22.20,23.60,22.30,23.90,21.00,21.80,23.50,20.80,23.20,24.20,21.20,21.30,21.10,24.00,23.60,20.90,20.20,20.90,23.50,22.20,21.90,21.90,25.40,20.50,23.80,23.90,22.80,21.40,20.30,23.60,20.50,20.30,24.40
TLM_RCV,-80,FG-ALPHA,1713170113,AUTO,0,31.23,5.00,-85,90.00,8.09,3.29,5.02,862,445,0,288,22.08,1013.50,12.00,405.70,12.51,46.15,1,1713170080,GSN-01,-91,25.20,74.30,44,0,0,7.78,84,8.86,21.20,25.30,25.60,21.30,22.80,23.80,25.10,20.70,23.10,24.50,24.40,21.20,20.90,21.10,24.50,21.60,22.00,23.00,20.80,23.80,22.20,21.90,25.00,24.00,23.10,23.20,21.00,22.40,24.70,21.70,24.30,20.30,20.50,21.90,22.30,22.10,24.40,20.20,24.20,25.60,21.30,23.20,21.40,22.60,20.80,21.00,23.10,22.00,25.70,24.10,21.40,22.60,20.90,23.50,25.70,24.40,25.90,22.20,23.60,22.80,20.70,25.10,24.50,25.80
TLM_RCV,-67,FG-ALPHA,1713170114,AUTO,0,33.21,5.00,-85,89.96,8.09,3.28,5.02,0,442,0,294,22.21,1013.30,11.80,406.40,12.51,46.15,1,1713170082,GSN-01,-79,23.80,76.40,42,0,0,7.81,84,8.87,20.90,23.10,22.20,24.30,25.20,21.60,20.10,22.10,22.50,21.70,24.50,23.30,22.80,24.70,22.00,21.50,22.10,20.90,25.60,20.30,24.00,25.70,20.30,23.70,23.80,23.30,25.90,21.90,22.50,24.70,25.10,24.40,24.70,24.20,24.00,24.50,24.50,22.70,23.60,22.50,21.10,24.60,25.50,21.20,22.50,21.70,22.40,24.00,22.60,24.60,21.60,22.60,24.20,23.50,23.70,21.50,22.30,25.50,22.80,20.80,25.50,24.50,24.10,21.40
TLM_RCV,-45,FG-ALPHA,1713170115,AUTO,0,32.40,5.00,-85,90.01,8.09,3.29,5.02,948,479,0,326,22.34,1012.80,11.90,405.40,12.52,46.15,1,1713170098,GSN-01,-92,23.40,80.10,40,0,0,7.81,85,8.87,20.60,20.00,24.60,21.60,22.70,24.20,25.70,20.30,20.30,20.00,23.00,22.40,21.40,25.90,20.10,25.90,24.50,23.40,25.90,21.50,24.90,21.10,25.00,20.00,22.00,20.10,25.00,24.20,23.50,22.60,22.40,24.60,21.90,20.40,23.80,20.80,24.20,23.10,24.30,22.70,25.30,23.20,24.20,24.70,25.30,24.30,20.50,24.90,25.30,21.50,21.00,20.20,23.50,20.30,20.80,23.10,21.90,24.70,22.80,22.20,21.60,23.50,21.10,21.90
TLM_RCV,-63,FG-ALPHA,1713170116,AUTO,0,33.33,5.00,-85,90.04,8.09,3.30,5.02,808,467,0,311,21.70,1013.00,12.10,405.60,12.52,46.15,1,1713170082,GSN-01,-83,24.30,81.80,48,0,0,7.82,85,8.88,23.70,21.80,23.00,21.20,21.70,21.80,23.40,24.10,22.90,22.90,21.60,20.20,20.80,22.50,24.80,22.40,23.90,23.70,21.10,25.30,23.10,25.70,22.60,22.80,23.30,25.80,20.70,22.50,20.90,22.80,25.70,24.80,22.80,24.40,21.60,25.00,79.60,25.30,22.90,22.70,20.60,24.80,25.20,24.90,23.40,21.30,22.90,25.20,20.20,24.20,20.50,23.40,23.40,22.70,22.60,23.10,22.20,25.00,23.50,22.80,23.20,20.80,23.40,21.70
TLM_RCV,-57,FG-ALPHA,1713170117,AUTO,0,32.32,5.00,-85,90.09,8.09,3.31,5.02,922,464,0,308,22.29,1012.80,12.10,405.80,12.52,46.15,1,1713170070,GSN-01,-71,25.30,80.90,40,0,0,7.81,84,8.88,20.60,24.80,21.30,23.70,24.40,25.10,25.50,21.20,25.40,25.50,24.50,25.90,20.30,23.90,22.50,22.00,22.90,23.90,22.70,22.30,25.40,20.80,23.60,20.20,25.90,24.30,25.50,20.50,24.20,23.10,23.50,22.90,25.50,23.10,20.80,21.50,20.50,24.50,23.60,21.40,21.10,22.30,23.90,25.90,24.10,20.90,25.00,23.20,24.10,22.50,20.80,25.50,23.30,25.90,24.20,20.20,25.50,23.80,20.30,20.30,24.40,23.30,21.50,21.40
TLM_RCV,-60,FG-ALPHA,1713170118,AUTO,0,32.04,5.00,-85,90.15,8.10,3.28,5.02,1059,408,0,257,23.26,1012.70,12.00,405.00,12.52,46.15,1,1713170092,GSN-01,-86,24.70,75.90,48,0,0,7.79,85,8.89,20.40,21.60,23.00,25.40,22.70,24.80,23.20,22.30,21.60,23.60,22.20,22.70,23.30,21.10,22.40,21.20,22.40,20.20,20.70,24.70,23.10,24.20,22.00,23.90,25.50,23.60,21.20,20.50,20.00,21.60,21.20,24.90,22.10,23.40,24.30,24.10,21.10,24.50,22.60,24.80,22.80,23.20,22.70,21.80,25.10,25.50,20.70,24.80,21.70,23.10,23.90,25.20,25.10,21.90,22.00,23.80,20.80,23.10,23.90,24.40,21.20,20.90,21.50,25.00
TLM_RCV,-65,FG-ALPHA,1713170119,AUTO,0,32.26,5.00,-85,90.11,8.09,3.28,5.02,0,453,0,307,22.26,1013.20,11.80,405.40,12.52,46.15,1,1713170080,GSN-01,-93,23.20,81.20,44,0,0,7.78,85,8.89,20.60,20.10,24.40,24.00,24.10,21.30,20.10,25.90,21.60,23.00,21.30,22.40,22.40,21.50,24.00,22.20,23.20,23.20,22.80,20.80,24.50,21.50,22.80,25.50,21.50,23.10,25.60,24.90,21.10,25.30,20.10,25.00,22.10,21.00,25.30,22.20,23.50,22.90,20.50,21.90,22.80,24.10,24.80,21.30,22.30,24.60,25.50,23.70,20.80,23.30,20.00,24.90,21.10,23.70,25.20,23.40,25.60,20.10,20.90,20.60,23.10,22.40,24.50,23.00
TLM_RCV,-94,FG-ALPHA,1713170120,AUTO,0,31.10,5.00,-85,90.06,8.10,3.29,5.02,0,420,0,274,22.10,1013.20,11.80,404.80,12.52,46.15,1,1713170093,GSN-01,-91,25.10,80.10,49,0,0,7.79,84,8.90,25.70,23.60,25.00,24.80,23.00,22.50,24.00,23.50,22.80,21.50,22.20,23.60,21.80,20.80,23.00,21.50,21.10,25.50,25.80,22.40,23.30,23.50,20.70,20.30,22.40,23.70,22.70,23.10,22.60,23.30,20.10,23.00,25.40,21.30,25.70,21.90,21.80,24.50,21.10,20.10,25.20,23.00,20.50,24.70,20.00,20.20,21.80,22.80,24.60,22.60,25.80,24.60,23.50,22.20,20.70,22.60,25.90,20.90,20.30,20.90,25.20,24.10,22.10,22.50
TLM_RCV,-64,FG-ALPHA,1713170121,AUTO,0,33.24,5.00,-85,90.10,8.10,3.30,5.02,803,449,0,309,21.77,1013.20,11.90,406.20,12.52,46.15,1,1713170104,GSN-01,-75,25.80,77.50,43,0,0,7.80,85,8.90,23.00,25.40,20.60,20.90,20.30,21.70,21.00,20.40,21.30,25.90,24.90,22.50,22.70,20.70,22.40,25.10,24.20,23.70,20.50,22.10,25.90,24.20,20.90,20.80,20.10,21.20,21.20,24.70,22.70,23.40,22.70,22.80,22.70,20.50,24.10,22.10,25.80,20.90,21.70,25.60,23.20,25.10,25.10,23.60,23.00,22.80,23.80,20.70,24.90,23.60,22.80,23.90,23.60,22.30,23.00,25.50,24.40,20.20,20.70,24.40,21.00,21.10,24.50,23.30
TLM_RCV,-79,FG-ALPHA,1713170122,AUTO,0,32.24,5.00,-85,90.05,8.09,3.30,5.02,0,447,0,298,22.24,1013.00,11.90,405.00,12.52,46.15,1,1713170086,GSN-01,-77,25.70,82.70,42,0,0,7.81,84,8.91,25.10,23.30,24.40,22.70,21.10,21.70,24.00,20.40,23.40,21.10,23.90,22.70,20.10,21.70,22.20,21.10,20.40,21.40,25.00,21.70,23.20,20.40,21.10,22.10,21.10,25.40,24.60,20.90,25.40,20.80,25.60,24.80,20.60,24.30,25.40,21.10,20.50,20.70,21.60,25.10,25.60,22.00,23.30,24.20,22.80,23.30,25.80,20.20,21.70,25.40,24.70,21.60,21.00,20.40,25.30,25.20,23.20,20.70,21.30,23.30,21.30,25.30,22.10,25.10
TLM_RCV,-49,FG-ALPHA,1713170123,AUTO,0,32.26,5.00,-85,90.13,8.10,3.28,5.02,1195,451,0,300,23.72,1012.90,12.00,405.50,12.52,46.15,1,1713170064,GSN-01,-76,23.30,74.60,43,0,1,7.79,85,8.91,25.60,22.70,24.60,24.60,24.50,24.20,23.20,20.70,22.20,20.50,25.90,25.60,23.20,22.20,25.90,21.20,23.40,24.00,22.30,25.80,24.10,21.20,84.80,24.30,21.40,23.20,22.80,23.60,24.40,22.70,24.20,23.60,25.50,24.20,23.30,23.90,24.30,25.90,22.00,22.00,23.50,23.90,21.20,20.20,21.10,21.00,23.40,23.40,21.40,21.40,22.50,23.50,25.90,20.50,24.80,25.90,20.70,20.70,23.90,23.30,20.80,20.50,24.80,21.90
TLM_RCV,-89,FG-ALPHA,1713170145,AUTO,0,33.49,5.00,-85,91.25,8.12,3.31,5.02,1070,497,0,340,22.86,1013.00,12.00,405.30,12.55,46.60,1,1713170116,GSN-01,-79,24.30,75.50,46,0,1,7.80,84,8.92,22.80,24.30,25.60,20.80,25.60,20.00,21.60,22.20,22.20,22.70,24.20,24.30,20.00,23.30,21.70,21.50,21.90,24.10,23.30,20.80,22.50,24.10,20.80,25.30,21.70,23.90,25.50,21.40,25.50,21.10,22.00,25.90,23.40,20.50,22.20,22.10,21.90,25.80,24.70,23.50,25.20,23.30,21.50,21.80,23.00,21.10,20.40,22.60,20.90,25.50,20.80,20.80,22.30,20.60,20.50,25.20,25.30,21.40,25.90,20.60,23.60,20.20,25.60,22.30
TLM_RCV,-90,FG-ALPHA,1713170146,AUTO,0,31.44,5.00,-85,91.28,8.12,3.28,5.02,809,489,0,337,21.60,1012.90,11.90,405.30,12.55,46.60,1,1713170127,GSN-01,-80,24.50,74.20,47,0,0,7.82,85,8.92,23.00,21.50,22.30,23.30,21.00,22.30,21.60,22.70,21.40,22.70,25.00,23.20,20.20,25.80,21.70,25.20,23.30,24.50,20.00,25.00,21.70,24.70,21.90,23.00,22.10,21.80,22.00,21.50,25.90,21.10,25.60,20.10,24.90,24.10,24.70,20.50,25.90,22.30,25.50,24.20,21.20,22.60,23.60,24.10,25.00,23.60,25.30,23.80,20.10,23.70,20.20,22.30,24.20,20.70,25.70,21.90,22.40,25.10,21.30,20.20,20.20,23.10,21.40,22.20
TLM_RCV,-58,FG-ALPHA,1713170147,AUTO,0,32.10,5.00,-85,91.35,8.13,3.30,5.02,1154,420,0,262,23.67,1012.90,11.80,405.60,12.55,46.60,1,1713170108,GSN-01,-87,23.30,74.80,42,0,0,7.80,84,8.93,20.30,24.00,24.30,20.00,20.10,21.90,23.50,24.90,24.70,25.40,25.50,24.70,24.90,20.70,22.60,25.70,24.40,24.00,23.60,24.70,21.20,23.20,21.90,22.00,23.80,23.40,25.50,20.20,20.70,24.10,23.80,23.90,24.70,22.20,22.30,23.60,20.80,22.30,22.00,21.00,23.90,24.40,23.10,25.20,24.80,20.20,24.00,25.00,25.70,20.10,20.60,20.80,23.40,23.80,25.60,24.50,24.00,22.00,24.30,21.60,23.20,23.10,22.40,20.90
TLM_RCV,-46,FG-ALPHA,1713170148,AUTO,0,32.47,5.00,-85,91.40,8.12,3.30,5.02,935,495,0,336,22.20,1012.80,11.80,404.60,12.55,46.60,1,1713170101,GSN-01,-86,25.80,75.40,47,0,0,7.80,84,8.93,21.90,25.40,24.10,20.80,23.10,22.90,21.40,20.20,23.30,25.80,23.30,24.90,23.00,23.80,20.90,21.20,21.70,21.80,23.60,22.20,24.20,25.30,24.80,22.90,22.10,21.60,23.00,20.20,23.10,22.40,23.50,86.60,21.70,21.60,22.40,23.90,25.50,22.60,24.60,23.50,21.50,25.00,23.40,25.80,25.90,22.00,25.10,20.10,21.30,21.40,24.60,20.40,25.90,22.50,21.20,20.80,24.80,22.00,22.50,22.70,22.80,22.60,21.90,21.70
TLM_RCV,-67,FG-ALPHA,1713170149,AUTO,0,33.33,5.00,-85,91.44,8.12,3.28,5.02,913,465,0,307,22.24,1013.50,12.00,405.50,12.55,46.60,1,1713170092,GSN-01,-82,23.60,83.00,40,0,0,7.78,85,8.94,21.50,24.10,24.50,25.20,24.90,25.00,24.90,22.70,24.70,21.20,22.90,23.70,21.60,24.20,20.70,20.60,24.00,24.20,22.20,20.90,22.70,22.60,24.30,24.80,20.50,21.90,20.30,20.30,23.70,20.30,20.60,25.30,20.20,20.10,22.20,22.10,20.20,21.60,24.60,25.70,25.20,20.00,20.60,24.30,25.10,23.40,21.80,22.50,24.70,20.20,25.80,24.40,24.20,24.50,23.50,25.50,23.80,25.20,20.10,25.10,25.50,23.60,25.50,20.90
TLM_RCV,-68,FG-ALPHA,1713170150,AUTO,0,32.28,5.00,-85,91.51,8.13,3.28,5.02,1117,456,0,309,23.31,1012.90,11.80,405.00,12.55,46.60,1,1713170140,GSN-01,-90,25.00,81.20,40,0,0,7.81,84,8.94,20.60,22.80,20.90,20.50,25.60,25.00,22.70,23.70,23.80,22.90,23.80,21.40,25.80,25.70,20.90,23.20,24.60,23.10,20.30,22.50,20.00,21.60,21.20,24.80,20.30,20.50,22.40,24.50,22.70,20.90,23.10,25.80,25.60,22.20,24.20,24.90,20.10,22.40,24.20,25.70,22.00,25.50,21.00,23.30,20.80,25.40,22.20,20.80,20.30,77.40,25.80,25.80,21.70,23.20,24.10,22.80,25.50,22.90,23.10,21.40,25.90,24.90,21.60,21.90
TLM_RCV,-45,FG-ALPHA,1713170151,AUTO,0,31.32,5.00,-85,91.58,8.13,3.29,5.02,1138,463,0,310,23.37,1013.30,11.80,405.50,12.55,46.60,1,1713170092,GSN-01,-87,25.00,77.40,49,0,0,7.79,85,8.95,21.00,22.10,23.40,25.50,21.70,21.70,22.10,20.30,25.60,24.70,23.00,24.50,25.40,25.00,24.20,23.10,21.20,21.50,21.40,24.80,24.50,20.30,24.00,21.10,21.80,23.60,25.20,20.80,25.00,25.20,24.80,25.20,20.50,22.10,22.40,23.20,24.60,20.90,22.70,25.90,22.50,25.80,20.00,23.40,21.70,22.20,20.30,20.30,25.60,22.20,22.80,22.00,25.90,20.30,20.60,24.10,25.80,22.00,20.40,23.80,24.80,20.40,22.90,22.00
TLM_RCV,-62,FG-ALPHA,1713170152,AUTO,0,33.32,5.00,-85,91.53,8.13,3.30,5.02,0,464,0,310,22.32,1012.90,11.90,406.20,12.55,46.60,1,1713170100,GSN-01,-81,24.70,77.70,41,1,0,7.82,85,8.95,25.10,24.50,22.30,23.70,23.40,22.50,23.30,25.10,21.00,20.90,23.30,24.90,22.50,20.00,21.30,20.10,20.00,22.90,20.30,24.50,22.30,25.40,21.10,23.50,22.00,23.40,21.30,23.00,24.70,21.30,21.70,20.30,24.80,24.60,22.50,24.10,21.00,22.90,22.80,24.70,20.30,22.20,24.60,22.90,25.80,24.60,21.30,22.00,22.80,20.70,23.90,25.60,25.40,23.40,25.40,24.30,25.50,24.50,23.10,20.10,24.10,25.40,21.10,21.90
TLM_RCV,-92,FG-ALPHA,1713170153,AUTO,0,33.45,5.00,-85,91.59,8.12,3.30,5.02,1136,490,0,341,23.23,1013.50,11.90,405.30,12.55,46.60,1,1713170140,GSN-01,-88,23.40,77.40,40,0,0,7.82,84,8.96,23.00,23.20,24.30,23.60,20.30,22.80,23.10,22.50,21.50,23.50,23.60,23.50,22.20,23.30,25.20,24.40,22.30,24.10,23.50,24.90,25.80,21.60,20.70,22.00,21.10,25.10,22.40,23.70,24.90,21.30,22.90,23.90,25.50,20.70,23.40,22.50,23.60,22.90,22.90,25.90,24.90,25.40,24.40,22.60,23.10,22.90,21.70,22.70,20.80,23.70,24.90,22.70,20.90,21.40,24.70,24.10,24.30,24.60,21.60,22.10,21.40,24.40,23.40,24.10
TLM_RCV,-60,FG-ALPHA,1713170154,AUTO,0,32.33,5.00,-85,91.66,8.13,3.30,5.02,1108,465,0,318,23.22,1012.80,11.80,404.60,12.55,46.60,1,1713170140,GSN-01,-86,23.60,73.60,48,0,0,7.80,85,8.96,24.60,21.70,21.30,20.30,25.80,25.50,22.20,25.80,21.30,23.90,22.50,20.00,23.50,20.80,23.50,24.90,24.70,24.60,23.80,25.10,22.00,23.30,20.20,21.70,23.10,25.70,21.80,23.40,25.70,24.00,24.70,22.30,24.40,24.90,24.30,25.20,23.00,22.50,22.20,20.00,23.90,21.30,24.40,23.90,24.70,20.60,25.70,20.10,25.20,23.90,23.50,25.90,24.80,24.50,25.00,20.20,22.10,72.20,24.80,25.90,23.30,24.80,20.50,21.40
TLM_RCV,-58,FG-ALPHA,1713170155,AUTO,0,32.40,5.00,-85,91.61,8.13,3.29,5.02,0,479,0,332,22.40,1013.50,12.00,406.00,12.56,46.60,1,1713170143,GSN-01,-75,25.50,75.80,48,0,0,7.78,84,8.97,22.20,25.70,20.80,25.70,21.20,23.10,21.10,22.00,21.20,21.30,21.10,24.70,21.40,23.40,21.50,21.60,25.30,22.40,25.90,21.50,24.60,21.90,24.60,25.60,24.20,25.40,24.50,20.50,21.80,20.00,21.30,22.70,23.80,21.10,20.00,23.70,24.20,23.60,21.80,24.90,21.60,22.10,24.30,20.50,25.10,22.50,25.40,22.80,23.00,20.00,25.80,23.60,20.70,25.10,24.40,24.00,25.00,25.00,22.90,22.00,25.30,24.90,21.30,21.20
TLM_RCV,-69,FG-ALPHA,1713170156,AUTO,0,32.27,5.00,-85,91.68,8.13,3.28,5.02,1183,454,0,307,23.65,1013.10,11.90,405.60,12.56,46.60,1,1713170136,GSN-01,-77,23.00,73.50,43,0,0,7.81,85,8.97,24.30,21.20,24.80,24.30,23.10,24.80,24.40,24.70,22.40,22.00,23.10,23.80,21.90,23.10,25.40,23.30,24.90,20.40,21.90,23.70,22.20,24.60,25.10,25.60,24.70,25.10,22.80,20.00,25.80,24.70,25.60,25.00,23.80,84.10,23.20,20.30,25.80,20.20,23.30,25.60,20.30,25.10,20.50,25.90,23.40,22.20,22.30,25.30,20.40,20.60,23.30,25.10,22.80,22.00,20.00,21.60,22.10,22.10,24.40,20.50,23.30,21.80,24.70,24.90
TLM_RCV,-69,FG-ALPHA,1713170157,AUTO,0,33.45,5.00,-85,91.72,8.13,3.31,5.02,810,490,0,342,21.60,1012.90,11.80,405.90,12.56,46.60,1,1713170124,GSN-01,-90,23.30,81.20,47,0,1,7.78,85,8.98,23.60,20.20,25.10,24.20,22.00,24.90,20.00,21.60,24.30,20.80,24.90,21.40,22.50,21.50,20.00,21.40,24.70,22.10,20.40,20.50,23.20,21.50,22.60,20.00,22.40,25.90,20.50,22.20,25.90,21.40,20.60,22.50,24.60,22.60,22.70,24.10,25.40,21.60,21.30,25.00,24.50,24.50,21.90,25.20,22.60,25.20,24.60,22.70,21.20,21.40,21.50,21.00,25.20,24.80,20.10,23.80,23.50,21.10,20.70,24.50,20.90,20.50,23.00,25.70
TLM_RCV,-95,FG-ALPHA,1713170158,AUTO,0,31.33,5.00,-85,91.78,8.13,3.31,5.02,1127,467,0,308,23.30,1012.80,11.80,404.60,12.56,46.60,1,1713170124,GSN-01,-77,23.00,76.80,45,0,0,7.79,84,8.98,23.00,24.10,25.30,25.30,25.80,22.50,22.60,20.80,22.00,20.20,25.40,20.00,22.90,24.20,20.60,23.50,20.50,25.30,24.10,24.30,20.80,21.20,22.10,22.00,20.50,24.20,25.90,24.40,25.70,23.70,22.30,22.50,23.80,20.70,20.00,22.10,24.80,20.40,20.60,23.70,25.80,25.20,22.90,25.50,25.90,21.60,21.80,24.20,21.20,23.00,23.30,23.60,25.50,21.90,22.70,22.90,20.60,22.90,22.00,21.80,23.60,24.90,22.90,25.50
TLM_RCV,-48,FG-ALPHA,1713170159,AUTO,0,31.33,5.00,-85,91.74,8.13,3.30,5.02,0,465,0,314,22.33,1013.10,11.80,405.20,12.56,46.60,1,1713170116,GSN-01,-81,24.30,81.90,49,0,0,7.82,84,8.99,21.70,23.10,24.90,24.80,23.70,23.80,24.30,23.60,23.50,24.00,24.50,22.60,24.00,25.50,22.90,23.40,20.70,21.50,22.00,20.30,21.70,25.80,25.80,24.40,22.40,23.20,21.30,23.50,21.10,24.80,21.90,20.10,23.30,20.20,21.10,20.50,20.10,22.20,23.60,23.20,20.80,24.70,22.30,20.10,23.90,24.90,25.70,23.60,20.60,20.80,23.10,21.30,24.00,22.90,25.60,22.60,22.80,23.60,21.20,23.80,24.50,23.20,23.60,22.90
TLM_RCV,-73,FG-ALPHA,1713170160,AUTO,0,32.09,5.00,-85,91.79,8.14,3.31,5.02,934,418,0,272,22.58,1012.80,12.00,405.20,12.56,46.60,1,1713170136,GSN-01,-82,23.10,78.70,49,0,0,7.82,84,8.99,21.40,24.50,23.50,20.10,24.20,22.20,25.80,20.90,20.80,24.80,23.80,22.20,22.20,23.90,22.80,21.90,24.70,20.00,22.90,20.00,20.30,20.10,25.20,24.60,24.10,23.00,22.90,25.00,20.40,25.80,22.10,21.20,20.20,25.70,22.50,24.30,20.50,21.40,22.90,25.70,22.00,20.50,22.60,21.00,25.90,23.50,22.80,24.90,23.20,21.70,24.20,24.40,21.10,21.30,21.80,23.60,25.00,23.60,22.70,23.80,20.90,25.10,22.90,20.80
TLM_RCV,-66,FG-ALPHA,1713170161,AUTO,0,33.07,5.00,-85,91.85,8.14,3.28,5.02,1033,414,0,261,23.09,1013.20,11.80,404.60,12.56,46.60,1,1713170106,GSN-01,-82,25.70,81.60,44,0,0,7.81,85,9.00,22.90,20.10,20.40,24.90,22.20,24.30,24.10,23.20,20.60,22.60,25.80,22.20,20.20,25.50,24.60,25.60,22.20,24.60,20.60,24.40,22.60,20.80,21.20,25.80,20.90,21.70,21.30,20.80,23.50,25.70,24.90,25.30,25.30,23.90,20.30,24.80,21.90,20.20,22.30,23.80,24.60,24.40,25.50,22.10,21.00,20.90,25.20,22.10,25.60,20.50,22.50,25.30,21.00,24.20,20.90,20.40,25.40,24.70,87.10,21.40,25.30,20.60,20.20,24.20
TLM_RCV,-55,FG-ALPHA,1713170162,AUTO,0,31.12,5.00,-85,91.90,8.14,3.31,5.02,981,425,0,270,22.78,1013.30,12.00,405.00,12.56,46.60,1,1713170125,GSN-01,-71,24.50,78.00,44,0,0,7.79,85,9.00,24.90,23.70,21.50,21.20,21.50,25.90,24.40,21.20,22.70,25.40,21.80,20.70,20.60,22.00,24.90,23.40,23.00,22.90,23.40,23.40,21.90,24.10,20.40,23.40,21.10,22.80,23.70,24.20,21.30,20.50,21.10,21.40,24.00,22.20,20.90,24.60,22.60,25.30,25.20,21.70,24.10,23.50,24.50,21.80,22.20,21.60,21.50,21.90,23.70,24.60,22.20,22.40,20.60,21.00,25.60,25.50,24.10,22.90,22.80,21.00,25.80,22.40,25.30,23.30
TLM_RCV,-41,FG-ALPHA,1713170163,AUTO,0,31.10,5.00,-85,91.96,8.14,3.31,5.02,944,420,0,266,22.62,1013.00,12.00,405.00,12.56,46.60,1,1713170116,GSN-01,-80,24.00,77.10,44,0,0,7.80,84,9.01,24.30,21.70,22.30,20.10,23.30,20.50,22.30,21.60,22.70,20.10,20.00,20.60,22.60,22.40,23.40,24.70,22.70,22.50,24.40,23.30,20.80,23.50,20.50,23.20,22.30,25.00,22.70,20.80,20.50,23.20,24.10,24.80,24.10,25.30,24.70,24.40,25.00,21.40,22.50,24.40,23.80,23.50,22.50,21.70,21.30,21.60,25.40,20.40,22.50,23.80,22.50,20.00,20.90,24.40,23.00,24.10,20.20,22.30,21.20,21.30,20.50,20.20,22.60,24.70
TLM_RCV,-79,FG-ALPHA,1713170164,AUTO,0,32.32,5.00,-85,91.91,8.14,3.30,5.02,0,464,0,315,22.32,1013.00,11.90,405.20,12.56,46.60,1,1713170127,GSN-01,-72,23.50,78.50,45,0,1,7.80,84,9.01,23.90,22.20,22.70,23.70,20.10,24.20,25.80,24.30,21.40,25.70,21.10,23.80,23.20,22.80,21.70,23.20,22.10,25.90,24.70,21.00,23.40,20.50,21.00,22.40,20.80,23.70,23.40,22.50,21.50,25.80,21.10,25.00,25.90,25.20,20.70,24.20,24.40,20.40,25.60,25.00,24.60,21.00,24.80,24.20,24.60,20.10,21.00,24.90,20.70,21.10,25.10,21.20,23.40,23.80,23.50,20.60,20.60,22.20,20.60,24.00,24.50,22.60,20.30,21.50
TLM_RCV,-59,FG-ALPHA,1713170165,AUTO,0,32.45,5.00,-85,91.97,8.13,3.28,5.02,1039,490,0,349,22.75,1013.30,12.00,405.00,12.57,46.60,1,1713170131,GSN-01,-82,24.60,77.40,46,0,0,7.78,85,9.02,23.10,20.30,24.10,22.70,24.30,21.80,20.00,23.40,24.80,21.80,25.60,25.00,23.80,21.90,23.40,24.70,24.00,23.50,23.70,22.30,25.50,24.60,24.60,24.10,23.80,21.60,20.50,24.40,23.40,25.70,20.40,20.80,21.10,23.00,22.30,21.30,25.50,22.10,21.00,20.40,23.30,24.20,20.10,20.00,25.30,24.10,20.80,25.80,24.60,20.20,20.40,24.50,22.50,22.00,20.60,22.90,20.20,23.30,20.80,20.40,21.00,76.00,22.70,25.00
TLM_RCV,-58,FG-ALPHA,1713170166,AUTO,0,33.03,5.00,-85,92.01,8.15,3.30,5.02,899,406,0,266,22.47,1013.30,12.10,404.70,12.57,46.60,1,1713170119,GSN-01,-76,24.60,80.50,47,0,0,7.80,85,9.02,23.90,25.60,21.30,21.30,20.20,22.50,20.80,21.10,23.40,24.20,20.20,22.30,25.50,23.90,21.80,23.90,22.70,20.30,21.40,21.70,24.00,22.40,20.90,21.70,23.00,22.60,22.30,22.40,20.70,24.90,25.00,21.00,24.20,22.60,21.00,24.70,20.60,24.80,20.30,23.90,22.30,21.10,25.40,22.50,21.70,21.30,20.90,23.30,22.90,20.00,21.20,23.70,20.00,20.30,23.10,20.60,23.40,22.80,23.30,22.80,22.90,24.00,21.80,24.00
TLM_RCV,-56,FG-ALPHA,1713170167,AUTO,0,31.47,5.00,-85,92.08,8.14,3.29,5.02,1106,494,0,349,23.06,1013.30,11.80,405.80,12.57,46.60,1,1713170130,GSN-01,-83,24.90,82.70,43,0,0,7.78,84,9.03,22.90,25.00,25.20,22.20,25.80,22.70,23.10,25.30,21.20,25.70,22.10,23.50,25.90,22.10,21.90,24.50,22.90,25.50,21.80,20.80,25.30,23.60,23.50,20.40,20.60,21.50,25.30,25.50,20.30,23.80,24.10,24.80,24.60,22.20,24.50,23.50,25.60,22.90,23.00,22.10,20.10,22.00,25.40,20.70,22.90,23.80,23.60,21.70,24.70,23.90,20.10,23.50,25.80,25.00,22.00,22.40,22.10,22.60,20.60,23.70,21.00,23.30,23.60,20.00
TLM_RCV,-52,FG-ALPHA,1713170168,AUTO,0,31.18,5.00,-85,92.15,8.15,3.28,5.02,1130,437,0,281,23.47,1012.90,12.00,404.80,12.57,46.60,1,1713170121,GSN-01,-93,24.90,76.10,45,0,0,7.79,84,9.03,24.20,25.20,21.10,24.80,22.20,21.20,22.80,24.40,24.10,22.70,21.80,20.40,20.30,22.80,22.10,21.70,23.90,23.80,20.80,23.10,23.10,20.30,23.90,22.20,22.80,25.60,24.60,21.40,22.30,21.80,25.00,23.80,24.10,23.00,20.70,23.70,21.60,24.90,25.40,20.20,21.30,21.00,25.20,20.70,22.10,25.60,21.00,24.40,20.80,22.30,25.40,23.40,21.60,24.10,20.90,24.00,23.80,24.30,21.80,21.50,24.80,23.60,20.40,23.50
TLM_RCV,-87,FG-ALPHA,1713170169,AUTO,0,32.29,5.00,-85,92.20,8.14,3.31,5.02,970,459,0,312,22.56,1012.90,12.00,404.90,12.57,46.60,1,1713170153,GSN-01,-77,24.10,78.80,43,0,0,7.78,84,9.04,20.90,24.00,21.00,25.60,22.20,20.10,20.50,20.80,25.00,20.60,23.90,21.30,20.80,20.80,24.60,22.00,22.00,20.10,25.60,24.40,22.60,21.10,21.10,25.10,22.10,20.90,21.60,20.20,23.90,25.70,23.00,25.40,23.70,22.20,21.90,21.80,23.00,24.10,25.50,23.80,25.60,25.20,21.00,25.60,20.30,25.80,25.20,20.80,21.60,21.40,22.20,20.00,23.50,24.70,24.00,20.70,20.50,23.60,21.70,22.50,25.90,21.70,23.50,21.50
TLM_RCV,-63,FG-ALPHA,1713170170,AUTO,0,31.23,5.00,-85,92.25,8.15,3.28,5.02,1006,446,0,288,22.80,1012.70,11.90,405.90,12.57,46.60,1,1713170124,GSN-01,-85,23.20,79.70,47,0,0,7.81,84,9.04,22.70,21.10,22.90,21.60,24.80,23.50,23.90,24.90,22.00,22.70,21.80,24.70,20.40,21.50,25.20,23.00,21.30,20.60,25.10,21.80,21.70,20.10,24.10,24.00,22.20,20.90,23.00,25.10,25.70,25.70,25.40,24.70,23.30,23.30,25.20,20.20,20.70,21.20,25.20,21.20,22.20,25.60,21.50,24.10,22.40,24.90,23.50,22.20,20.80,21.00,23.30,23.40,24.20,24.30,24.60,21.90,24.90,23.00,22.50,20.80,25.50,25.80,21.60,23.40
TLM_RCV,-67,FG-ALPHA,1713170171,AUTO,0,32.19,5.00,-85,92.32,8.15,3.29,5.02,1158,437,0,283,23.60,1013.40,11.80,405.50,12.57,46.60,1,1713170124,GSN-01,-88,25.40,76.50,43,0,0,7.79,85,9.05,20.60,21.90,23.00,20.60,22.60,25.60,21.90,23.20,21.60,24.30,20.70,22.20,22.50,20.10,20.20,22.00,24.20,22.90,24.50,23.80,25.80,24.30,24.20,22.90,24.50,23.40,25.00,25.60,24.70,23.90,24.00,21.30,22.30,21.20,25.40,20.40,25.40,22.60,23.50,21.70,24.80,23.50,20.50,20.20,25.80,25.30,24.90,21.50,24.20,23.00,22.00,24.10,22.30,21.60,21.30,22.60,21.40,22.60,25.00,22.00,25.90,22.30,23.70,20.50
TLM_RCV,-91,FG-ALPHA,1713170172,AUTO,0,33.21,5.00,-85,92.38,8.15,3.30,5.02,978,441,0,282,22.68,1012.80,11.80,405.00,12.57,46.60,1,1713170130,GSN-01,-78,24.00,82.60,44,0,0,7.81,84,9.05,25.40,20.90,24.70,23.60,24.30,21.10,23.00,25.70,25.70,23.70,22.80,21.50,25.90,25.40,22.20,22.30,24.30,25.90,24.50,21.00,23.20,23.20,25.50,21.50,21.30,20.40,24.10,23.10,20.70,23.00,22.80,23.00,22.20,20.20,20.70,25.90,21.50,21.80,25.30,24.80,20.80,22.10,22.70,20.10,24.80,23.40,24.60,22.50,20.00,20.10,21.50,25.30,21.30,25.70,20.10,24.80,24.60,25.90,20.90,21.40,20.30,20.90,23.60,23.80
TLM_RCV,-64,FG-ALPHA,1713170173,AUTO,0,32.22,5.00,-85,92.42,8.15,3.31,5.02,887,443,0,293,22.22,1012.90,11.90,405.90,12.57,46.60,1,1713170136,GSN-01,-93,24.20,78.90,47,0,0,7.82,85,9.06,20.40,25.10,20.40,21.70,20.60,25.40,24.70,24.60,25.80,25.60,20.00,20.10,21.70,24.40,22.70,22.10,22.50,23.20,22.80,24.30,24.70,24.50,24.80,24.50,25.60,22.40,24.00,24.20,24.60,21.40,24.80,20.50,20.10,20.10,21.70,23.40,23.80,20.10,24.50,21.70,25.70,21.90,23.10,25.00,22.90,21.00,20.20,22.50,22.20,23.50,24.20,23.20,25.60,23.80,24.40,21.10,22.20,23.70,23.70,20.40,25.30,22.40,24.40,24.30
TLM_RCV,-52,FG-ALPHA,1713170174,AUTO,0,32.11,5.00,-85,92.48,8.16,3.29,5.02,986,422,0,276,22.82,1013.00,11.80,405.10,12.57,46.60,1,1713170124,GSN-01,-76,24.90,77.80,40,0,0,7.82,85,9.06,23.00,22.50,22.90,23.00,23.40,23.80,25.90,20.70,24.90,22.00,25.90,25.20,21.20,24.40,23.70,24.60,20.70,23.40,21.90,23.30,22.20,22.70,25.40,25.60,25.30,20.50,22.20,20.20,24.50,21.30,20.60,22.10,20.50,20.70,24.40,23.90,25.20,21.10,25.10,22.10,20.20,23.90,25.70,25.20,21.40,23.20,23.00,25.90,24.60,21.40,24.30,23.30,23.00,24.10,22.80,22.70,22.60,20.10,25.40,22.60,20.70,22.40,24.60,21.10
TLM_RCV,-74,FG-ALPHA,1713170175,AUTO,0,33.19,5.00,-85,92.55,8.16,3.30,5.02,1135,439,0,297,23.48,1013.60,12.10,406.30,12.58,46.60,1,1713170120,GSN-01,-77,23.50,79.90,45,0,0,7.81,84,9.07,24.60,21.40,23.80,23.00,21.90,23.40,24.40,22.00,24.60,25.00,25.80,22.60,21.50,24.40,25.00,20.10,22.90,25.60,24.80,21.30,23.30,23.30,24.60,24.90,22.90,24.20,22.20,24.70,23.00,24.50,24.50,24.90,25.30,25.00,23.00,22.10,21.00,21.80,20.60,23.80,23.40,25.90,22.80,25.60,77.60,23.50,23.10,25.20,21.20,25.00,24.00,24.70,24.20,20.50,22.10,25.20,22.00,22.70,20.70,21.10,25.20,23.00,25.90,24.80
TLM_RCV,-44,FG-ALPHA,1713170176,AUTO,0,33.37,5.00,-85,92.50,8.15,3.31,5.02,0,474,0,329,22.37,1013.20,12.10,405.30,12.58,46.60,1,1713170132,GSN-01,-91,24.20,79.10,44,0,0,7.78,84,9.07,23.80,20.80,21.60,24.40,25.10,21.40,25.90,22.00,23.90,25.80,21.00,22.00,22.20,20.70,20.20,22.00,25.00,25.10,20.00,23.30,24.90,24.90,25.80,22.20,20.40,20.20,25.30,23.90,22.20,21.70,22.40,22.70,22.70,21.80,24.40,21.00,22.90,22.70,21.50,22.50,24.80,21.10,22.10,24.50,23.30,25.00,21.00,21.30,23.00,21.70,22.70,22.10,25.90,25.30,23.30,21.30,22.90,21.80,22.80,23.90,23.60,22.30,24.80,23.60
TLM_RCV,-75,FG-ALPHA,1713170177,AUTO,0,33.14,5.00,-85,92.46,8.15,3.31,5.02,0,428,0,283,22.14,1013.20,11.90,404.70,12.58,46.60,1,1713170165,GSN-01,-87,24.10,77.10,47,0,0,7.80,85,9.08,20.60,20.70,20.30,20.30,24.30,23.80,25.00,23.00,77.90,23.20,21.50,23.50,24.10,20.10,24.10,22.30,22.90,21.80,23.50,25.50,25.20,23.30,24.90,23.20,25.10,20.10,24.20,23.70,21.50,23.80,21.30,21.40,20.60,24.20,23.20,20.20,21.50,22.90,25.00,25.40,22.90,24.50,23.30,21.70,20.40,21.90,24.20,25.70,21.30,24.10,25.90,21.60,25.10,21.00,23.30,25.90,23.60,20.90,21.10,23.30,24.80,21.10,21.20,23.20
TLM_RCV,-60,FG-ALPHA,1713170178,AUTO,0,33.31,5.00,-85,92.50,8.15,3.28,5.02,885,462,0,315,22.11,1012.90,12.00,405.10,12.58,46.60,1,1713170129,GSN-01,-81,23.40,77.90,42,0,0,7.82,85,9.08,24.70,20.80,24.20,20.70,21.60,22.70,22.20,20.90,25.20,22.80,25.40,22.60,22.00,20.80,24.50,21.00,25.40,22.50,20.00,21.90,23.00,21.30,20.90,20.50,23.80,21.20,24.90,22.50,23.00,25.60,24.80,24.30,24.30,22.10,20.40,22.10,23.70,23.70,21.60,20.80,20.10,21.10,24.30,23.60,24.60,25.90,23.10,21.40,20.00,20.10,24.60,21.40,20.30,24.90,21.70,21.80,20.10,20.80,21.70,20.50,22.70,23.80,22.30,21.00
TLM_RCV,-58,FG-ALPHA,1713170179,AUTO,0,31.41,5.00,-85,92.56,8.15,3.30,5.02,1072,482,0,342,22.95,1013.60,12.00,404.50,12.58,46.60,1,1713170132,GSN-01,-89,24.60,81.70,46,0,0,7.78,84,9.09,25.30,21.60,21.90,25.50,20.00,24.30,20.40,22.00,22.70,25.70,21.80,20.30,20.30,24.30,20.00,21.50,21.60,24.60,21.80,20.50,23.00,23.70,25.20,25.10,23.40,20.10,23.80,20.50,20.00,25.60,22.60,23.70,20.90,25.20,20.70,23.00,22.60,25.50,22.40,23.80,25.90,20.70,25.60,22.20,23.20,24.60,21.60,21.10,22.80,24.80,20.10,25.60,20.00,21.90,25.90,25.20,24.00,20.40,23.60,25.20,20.70,24.90,25.80,23.30
TLM_RCV,-43,FG-ALPHA,1713170180,AUTO,0,32.16,5.00,-85,92.62,8.16,3.31,5.02,1062,432,0,280,23.15,1013.10,12.10,405.80,12.58,46.60,1,1713170127,GSN-01,-74,24.90,78.60,48,0,1,7.79,85,9.09,21.30,25.70,22.60,23.80,22.10,25.40,20.60,20.60,25.80,25.90,22.80,24.90,24.40,23.30,25.10,22.60,21.80,25.70,20.50,20.70,20.70,21.00,24.40,21.00,21.70,20.50,23.10,20.90,23.40,21.00,25.10,24.90,25.10,24.90,25.90,22.30,23.20,22.60,20.90,23.50,22.70,23.00,24.60,24.20,24.40,22.50,21.50,20.00,21.90,25.90,22.60,23.00,20.70,21.00,25.80,20.90,21.60,24.50,22.60,21.70,21.50,20.90,21.60,25.40
TLM_RCV,-76,FG-ALPHA,1713170181,AUTO,0,31.28,5.00,-85,92.69,8.16,3.29,5.02,1088,457,0,303,23.16,1013.60,11.90,406.40,12.58,46.60,1,1713170168,GSN-01,-73,24.00,76.40,47,0,0,7.79,84,9.10,24.00,24.60,22.40,22.80,21.20,21.40,22.40,25.90,20.40,24.00,24.30,21.70,20.90,23.20,21.70,23.10,24.80,20.50,25.30,23.80,22.80,22.40,24.60,24.20,25.20,23.10,24.90,20.70,22.90,23.80,20.20,23.90,24.00,25.80,20.50,24.30,22.50,24.00,21.50,23.60,20.50,25.10,23.90,22.60,25.60,22.30,25.70,23.10,25.60,21.80,21.60,22.30,23.60,22.60,24.60,21.00,24.10,21.10,23.90,25.20,24.80,21.80,21.60,20.70
TLM_RCV,-66,FG-ALPHA,1713170182,AUTO,0,33.14,5.00,-85,92.76,8.16,3.30,5.02,1147,428,0,274,23.59,1013.40,12.00,405.80,12.58,46.60,1,1713170167,GSN-01,-83,24.40,81.70,40,1,1,7.78,84,9.10,24.60,23.70,23.50,23.00,21.90,23.80,20.90,20.40,23.00,20.30,20.00,20.20,25.90,20.40,23.60,20.50,21.90,20.60,21.20,21.10,25.40,25.00,22.10,21.20,22.80,24.10,24.70,24.90,20.80,25.50,21.40,23.50,24.10,21.30,25.20,23.50,21.80,24.90,24.80,25.40,20.40,25.00,24.70,25.40,23.60,22.00,24.10,23.30,22.40,21.20,22.30,21.90,23.70,24.60,22.50,23.10,21.30,21.90,24.10,23.10,23.90,21.50,25.80,25.10
TLM_RCV,-93,FG-ALPHA,1713170183,AUTO,0,31.41,5.00,-85,92.83,8.16,3.28,5.02,1189,481,0,328,23.54,1013.40,11.80,404.50,12.58,46.60,1,1713170151,GSN-01,-74,24.10,78.80,42,0,0,7.80,85,9.11,20.40,24.10,23.80,22.80,20.60,20.70,23.60,21.40,25.60,25.00,24.60,23.90,21.50,23.80,23.70,20.20,22.70,23.20,20.20,22.60,24.80,22.80,22.20,21.40,20.00,21.10,24.40,25.50,20.00,20.60,22.00,24.40,21.00,20.60,21.60,24.80,22.90,23.30,21.30,24.40,22.10,22.90,22.90,20.40,23.70,21.70,24.50,25.20,24.90,24.80,24.20,25.70,24.00,23.60,21.00,21.90,24.70,20.60,24.30,24.50,22.20,25.10,22.40,23.90
TLM_RCV,-48,FG-ALPHA,1713170184,AUTO,0,31.03,5.00,-85,92.79,8.17,3.28,5.02,0,407,0,251,22.03,1012.70,12.10,405.30,12.58,46.60,1,1713170125,GSN-01,-79,23.00,75.50,42,0,0,7.81,85,9.11,23.00,23.90,25.50,24.00,23.20,22.00,24.20,21.50,22.00,22.30,21.90,20.90,20.30,25.40,24.40,23.20,21.10,23.40,20.50,25.20,23.10,20.90,20.20,22.90,20.70,21.00,24.60,25.30,21.20,21.80,25.00,23.40,22.90,25.60,23.30,21.80,21.80,20.60,24.30,25.50,22.10,22.10,20.00,24.00,21.00,25.70,20.70,23.60,23.30,22.80,22.60,21.60,22.60,22.60,21.60,25.60,25.90,20.00,24.70,22.60,22.50,25.00,21.80,25.50
TLM_RCV,-95,FG-ALPHA,1713170185,AUTO,0,33.00,5.00,-85,92.75,8.17,3.28,5.02,0,400,0,251,22.00,1012.70,12.00,406.10,12.59,46.60,1,1713170171,GSN-01,-87,25.50,76.10,42,0,0,7.78,85,9.12,22.20,23.40,21.40,20.10,20.70,23.00,21.10,25.70,21.90,22.10,21.60,22.30,23.50,22.20,23.60,22.80,22.80,23.60,25.90,23.80,23.70,23.10,25.40,21.40,21.20,22.20,23.30,24.50,22.70,20.70,25.40,23.90,23.90,24.00,21.20,21.10,22.90,24.20,25.60,20.30,22.90,21.40,23.20,20.80,23.70,25.50,21.40,24.10,22.20,23.60,22.90,23.50,25.40,24.70,25.70,22.70,24.40,20.50,20.40,25.60,22.10,21.30,23.30,25.50
TLM_RCV,-73,FG-ALPHA,1713170207,AUTO,0,31.40,5.00,-85,93.85,8.18,3.29,5.02,1113,480,0,333,23.17,1013.60,11.80,406.40,12.61,47.35,1,1713170182,GSN-01,-72,23.60,79.10,44,0,0,7.80,85,9.12,25.90,21.50,21.00,21.30,22.90,25.20,21.70,25.10,22.60,22.30,20.80,23.50,24.20,22.20,24.50,24.60,22.30,25.80,21.60,22.30,24.00,22.50,24.50,20.30,23.40,23.00,23.30,23.30,25.00,24.40,25.50,22.10,21.40,22.20,24.30,24.60,24.30,20.50,25.50,25.30,25.60,20.10,22.30,20.30,24.20,25.70,20.10,21.80,23.60,23.30,23.00,25.20,25.70,21.80,23.90,24.50,22.80,20.70,23.00,23.90,24.80,22.00,24.20,21.20
TLM_RCV,-76,FG-ALPHA,1713170208,AUTO,0,32.42,5.00,-85,93.90,8.18,3.28,5.02,953,483,0,341,22.35,1013.10,12.10,405.60,12.61,47.35,1,1713170154,GSN-01,-77,23.00,74.70,43,0,0,7.79,84,9.13,23.80,20.00,21.40,23.20,25.50,23.70,21.80,21.10,22.20,22.70,23.60,21.00,21.40,23.50,25.80,24.20,24.40,25.50,21.40,23.00,25.10,20.50,21.80,22.10,22.50,25.20,24.60,23.10,21.40,22.10,22.80,23.30,20.20,23.20,25.60,22.60,22.50,23.60,21.10,24.40,20.70,25.90,24.40,24.20,20.20,23.80,24.60,22.10,25.60,25.10,21.40,25.10,22.20,25.80,21.40,25.30,20.30,24.40,23.60,20.00,22.20,23.00,23.80,23.30
TLM_RCV,-85,FG-ALPHA,1713170209,AUTO,0,33.12,5.00,-85,93.97,8.19,3.30,5.02,1196,423,0,266,23.86,1013.40,11.90,404.90,12.61,47.35,1,1713170163,GSN-01,-75,23.00,76.30,44,0,0,7.82,84,9.13,25.30,20.00,23.20,23.40,20.40,23.50,22.60,22.90,24.40,21.60,24.30,24.60,21.90,20.50,22.50,24.10,23.70,21.60,22.90,20.10,20.30,23.50,23.90,25.60,20.20,23.30,21.20,22.70,25.90,20.50,22.70,24.80,24.60,22.60,22.50,25.40,24.90,21.90,25.10,20.70,25.20,20.20,22.70,21.40,20.50,25.10,20.60,20.00,24.90,24.80,24.40,21.70,23.80,21.30,22.90,23.30,23.70,20.80,23.10,23.70,23.00,25.50,24.60,22.10
TLM_RCV,-71,FG-ALPHA,1713170210,AUTO,0,33.23,5.00,-85,94.05,8.19,3.30,5.02,1174,446,0,291,23.64,1013.50,11.80,404.60,12.61,47.35,1,1713170175,GSN-01,-90,25.40,73.30,49,0,0,7.79,84,9.14,23.00,23.10,24.90,24.50,23.50,20.90,24.50,22.00,20.40,22.30,23.90,25.50,25.20,25.70,23.30,22.60,24.30,22.40,24.70,24.00,21.90,22.00,22.30,20.70,22.30,21.00,25.20,22.90,23.70,22.20,24.70,20.20,22.50,21.10,24.30,20.30,23.00,25.70,25.40,25.20,23.60,22.60,24.90,22.50,25.30,21.50,23.00,24.70,22.70,24.80,20.40,21.60,21.60,20.40,21.90,21.40,21.90,25.50,23.10,20.30,24.80,20.30,25.30,24.80
TLM_RCV,-93,FG-ALPHA,1713170211,AUTO,0,32.35,5.00,-85,94.09,8.19,3.29,5.02,869,469,0,322,22.00,1012.90,12.10,406.20,12.61,47.35,1,1713170181,GSN-01,-94,25.50,81.80,41,0,0,7.81,84,9.14,23.10,24.80,24.10,21.20,25.30,20.60,23.00,21.40,23.20,25.90,25.80,25.70,23.80,24.10,21.10,20.40,23.90,25.90,25.00,25.40,25.80,25.40,21.50,23.20,24.20,24.80,25.80,22.20,24.80,20.20,25.50,23.80,22.00,25.10,25.00,24.90,21.90,20.20,20.00,24.90,20.10,25.80,24.50,23.80,23.30,22.90,21.60,24.50,21.70,23.20,22.20,23.30,23.20,23.60,24.30,24.50,21.10,23.80,24.20,23.90,25.30,25.00,20.90,22.40
TLM_RCV,-68,FG-ALPHA,1713170212,AUTO,0,33.42,5.00,-85,94.12,8.19,3.29,5.02,849,483,0,342,21.83,1013.00,11.80,405.30,12.61,47.35,1,1713170156,GSN-01,-85,23.70,83.00,46,0,1,7.78,84,9.15,23.70,24.30,20.60,22.40,24.40,22.80,24.00,24.50,25.60,23.80,20.10,20.40,24.10,21.40,22.00,21.20,22.50,23.70,22.10,25.00,25.50,23.10,25.00,23.00,24.90,24.30,20.50,24.90,22.50,25.80,25.40,23.20,20.60,22.70,24.40,25.30,20.70,21.20,21.90,22.70,24.40,23.90,20.70,23.50,21.00,24.90,25.40,23.50,23.70,22.40,20.30,25.20,22.10,22.70,23.60,21.10,25.90,25.80,25.30,21.30,21.50,20.50,25.60,25.10
TLM_RCV,-63,FG-ALPHA,1713170213,AUTO,0,31.37,5.00,-85,94.20,8.19,3.31,5.02,1191,474,0,319,23.58,1013.00,12.00,405.40,12.61,47.35,1,1713170169,GSN-01,-87,23.40,78.50,43,0,0,7.78,84,9.15,24.50,22.20,23.10,22.80,24.80,24.00,22.20,20.00,22.50,22.70,25.20,21.20,22.80,20.60,21.60,22.10,24.30,24.60,22.20,25.60,22.20,23.60,22.10,23.90,20.60,22.70,23.20,20.10,22.40,24.90,24.80,22.90,25.60,22.50,20.10,22.80,21.50,24.60,22.80,22.60,20.40,22.00,24.70,24.00,21.70,20.00,21.90,20.10,23.30,24.30,22.30,25.50,21.90,21.40,24.80,20.10,25.00,20.90,20.20,25.00,23.50,23.80,20.50,24.30
TLM_RCV,-68,FG-ALPHA,1713170214,AUTO,0,31.20,5.00,-85,94.25,8.20,3.30,5.02,1020,440,0,290,22.90,1013.00,11.80,404.80,12.61,47.35,1,1713170166,GSN-01,-73,24.30,73.90,46,0,0,7.81,85,9.16,25.50,22.20,22.10,23.10,24.80,23.10,23.30,22.00,25.80,23.00,21.70,20.30,23.00,24.90,21.80,24.00,20.40,20.80,24.10,20.70,25.60,25.30,22.10,25.50,23.60,23.20,22.30,22.60,21.10,22.20,25.20,23.00,23.20,20.50,23.20,21.80,23.50,21.20,25.10,22.30,24.50,24.60,25.20,24.10,23.30,22.90,20.40,25.20,25.00,21.10,25.40,20.80,23.30,21.40,24.70,25.20,21.20,25.60,21.70,21.60,22.50,25.10,25.50,23.00
TLM_RCV,-87,FG-ALPHA,1713170215,AUTO,0,33.00,5.00,-85,94.30,8.20,3.29,5.02,889,400,0,256,22.44,1013.20,11.80,406.00,12.62,47.35,1,1713170202,GSN-01,-82,25.90,81.50,44,0,0,7.82,84,9.16,25.80,23.20,23.20,22.40,21.60,20.20,23.60,21.20,21.10,20.30,20.50,21.90,22.90,21.40,21.80,22.30,22.20,24.10,20.70,20.30,23.10,23.70,24.20,24.50,22.30,23.00,22.80,25.10,25.80,23.10,22.20,20.50,21.40,24.20,25.40,24.20,21.90,22.80,23.20,25.40,21.70,22.10,24.20,20.50,25.90,23.40,25.40,22.20,24.40,25.70,23.70,21.60,20.80,20.10,25.00,24.80,21.00,24.40,20.50,23.10,23.60,24.00,23.60,23.40
TLM_RCV,-67,FG-ALPHA,1713170216,AUTO,0,32.35,5.00,-85,94.37,8.19,3.30,5.02,1123,469,0,310,23.27,1013.20,12.00,406.00,12.62,47.35,1,1713170173,GSN-01,-71,25.80,73.20,48,0,0,7.82,85,9.17,24.70,21.50,22.50,23.10,23.30,21.10,25.50,22.80,23.60,20.40,20.80,20.80,24.60,20.50,21.00,21.80,23.10,20.00,23.30,22.20,21.80,22.60,22.20,22.70,25.60,24.10,22.20,24.40,25.80,23.10,23.70,24.10,24.60,21.50,25.50,25.20,21.10,20.70,24.80,24.20,23.40,75.00,22.60,22.20,25.30,23.80,22.70,20.60,25.00,24.80,25.60,23.50,21.00,22.80,25.90,20.20,23.40,23.00,20.80,23.80,22.30,23.70,24.80,24.80
TLM_RCV,-55,FG-ALPHA,1713170217,AUTO,0,33.42,5.00,-85,94.43,8.19,3.30,5.02,1077,483,0,337,22.97,1013.60,11.90,405.00,12.62,47.35,1,1713170201,GSN-01,-95,25.20,77.20,41,0,0,7.78,85,9.17,22.10,24.70,21.70,25.10,25.60,22.00,20.30,21.40,23.00,21.40,20.10,22.00,20.90,25.10,20.40,24.80,24.20,23.20,21.70,20.70,25.70,23.20,21.90,23.50,21.60,22.70,23.20,21.70,21.00,25.50,25.50,20.70,25.10,20.50,23.10,22.70,20.50,25.60,25.20,24.00,22.00,24.00,22.20,20.80,25.60,25.10,24.70,25.00,20.60,20.90,21.40,25.30,25.40,21.10,20.40,20.10,24.20,20.90,21.60,20.50,23.50,23.50,23.80,22.00
TLM_RCV,-56,FG-ALPHA,1713170218,AUTO,0,32.28,5.00,-85,94.47,8.20,3.28,5.02,919,456,0,306,22.32,1012.70,11.80,404.80,12.62,47.35,1,1713170187,GSN-01,-77,24.60,74.30,47,0,0,7.82,84,9.18,23.70,21.80,24.20,21.10,23.70,25.90,22.90,25.80,22.10,24.50,22.60,23.00,20.20,23.60,20.80,23.00,23.00,21.60,22.90,22.30,23.50,20.80,20.10,20.90,21.10,25.80,21.30,24.30,25.90,20.00,21.10,20.20,21.30,22.10,25.30,25.80,25.50,21.30,25.20,24.60,24.90,23.80,20.40,23.70,22.90,24.60,24.90,24.60,25.40,20.50,25.80,23.20,22.60,23.20,22.70,23.20,23.50,22.90,23.30,24.00,21.00,21.70,23.20,21.40
TLM_RCV,-69,FG-ALPHA,1713170219,AUTO,0,31.41,5.00,-85,94.53,8.20,3.28,5.02,1014,482,0,334,22.66,1012.70,11.80,404.90,12.62,47.35,1,1713170162,GSN-01,-76,24.30,81.20,49,0,0,7.79,85,9.18,22.40,22.10,21.80,21.90,23.30,24.10,20.10,20.50,23.50,25.40,22.70,24.00,24.60,22.50,20.50,25.40,20.60,25.40,22.30,20.80,21.40,25.70,20.10,21.10,21.20,24.80,24.30,23.10,21.70,25.80,20.20,23.20,22.30,23.90,21.70,23.00,21.40,22.10,23.10,21.80,21.60,25.60,20.30,25.10,24.90,24.70,24.90,20.80,23.70,24.70,20.60,21.20,24.70,22.40,25.90,23.80,25.60,21.80,21.40,21.30,22.80,20.40,25.20,21.40
TLM_RCV,-84,FG-ALPHA,1713170220,AUTO,0,32.29,5.00,-85,94.58,8.20,3.28,5.02,996,459,0,313,22.68,1013.50,11.90,405.20,12.62,47.35,1,1713170165,GSN-01,-89,24.20,82.60,49,0,0,7.78,84,9.19,22.60,25.20,24.30,24.60,21.80,20.90,25.90,22.60,25.10,24.30,25.10,22.50,24.20,25.30,24.90,21.30,21.70,25.30,22.10,21.40,25.80,24.80,20.00,25.80,24.20,20.50,24.20,22.50,25.30,23.60,20.10,23.30,21.10,23.70,24.10,23.80,20.80,25.30,22.00,24.70,25.00,20.80,24.20,23.70,23.30,25.90,21.50,25.20,20.90,21.90,21.10,25.20,23.60,25.40,25.40,22.80,24.10,24.00,22.40,89.90,21.50,20.10,20.90,20.80
TLM_RCV,-63,FG-ALPHA,1713170221,AUTO,0,33.17,5.00,-85,94.54,8.20,3.31,5.02,0,433,0,281,22.17,1013.30,11.90,405.70,12.62,47.35,1,1713170183,GSN-01,-93,24.10,75.80,45,0,0,7.81,85,9.19,23.80,20.80,25.80,24.10,25.80,22.90,21.50,25.70,25.10,20.00,22.60,24.70,22.00,20.90,23.60,20.20,24.70,20.60,23.60,20.10,22.10,22.10,25.10,23.70,25.50,24.20,25.80,25.40,22.90,23.50,20.50,22.50,23.40,23.70,21.30,22.20,20.70,20.00,24.80,20.10,25.50,25.00,23.60,24.30,23.60,25.80,24.90,25.00,21.90,24.20,22.40,20.30,23.50,23.00,20.80,21.40,21.30,22.70,20.90,21.90,20.30,23.10,24.50,21.40
TLM_RCV,-75,FG-ALPHA,1713170222,AUTO,0,31.34,5.00,-85,94.60,8.20,3.30,5.02,1071,468,0,311,23.01,1012.70,11.80,405.40,12.62,47.35,1,1713170198,GSN-01,-81,24.50,73.30,49,0,0,7.78,85,9.20,22.80,22.50,21.10,23.70,23.20,21.20,22.80,23.80,21.70,25.60,20.20,23.10,25.10,23.10,24.70,22.60,22.20,20.80,24.10,24.80,23.80,22.70,25.70,23.00,22.20,24.00,22.80,25.30,21.60,22.30,20.20,20.80,22.90,21.40,20.40,20.50,25.00,20.00,23.80,23.50,22.40,21.30,22.10,20.30,22.00,25.90,22.60,20.20,20.50,21.50,21.10,23.30,24.40,21.40,21.50,25.90,21.30,22.20,20.10,24.10,20.10,25.50,25.70,21.20
TLM_RCV,-55,FG-ALPHA,1713170223,AUTO,0,33.15,5.00,-85,94.67,8.21,3.30,5.02,1132,431,0,288,23.50,1013.10,11.90,406.20,12.62,47.35,1,1713170201,GSN-01,-71,23.80,74.40,45,0,0,7.79,84,9.20,22.50,25.80,21.80,20.10,21.70,24.60,23.70,22.50,23.60,22.90,21.80,24.90,25.00,22.20,25.10,24.80,20.50,25.00,20.80,21.40,23.80,22.70,21.10,21.90,21.60,20.50,22.70,25.10,24.80,23.90,23.80,21.50,24.20,25.70,21.00,25.10,24.00,23.00,22.60,23.90,21.70,21.00,21.30,25.10,25.40,20.70,21.50,20.00,24.40,24.80,24.10,20.20,21.00,21.10,21.90,22.00,22.60,24.70,23.60,22.90,24.80,20.40,21.20,21.10
TLM_RCV,-93,FG-ALPHA,1713170224,AUTO,0,32.01,5.00,-85,94.72,8.21,3.31,5.02,937,402,0,258,22.67,1012.80,11.80,406.00,12.62,47.35,1,1713170210,GSN-01,-86,24.50,74.00,43,0,0,7.81,85,9.21,20.60,20.30,20.80,21.50,20.60,22.40,23.40,22.50,20.70,22.80,25.90,24.90,22.80,25.00,23.90,25.40,21.40,25.80,21.70,24.90,20.90,22.60,20.60,24.00,22.60,24.50,24.10,24.40,23.20,21.00,24.20,24.90,25.10,25.40,22.30,22.70,20.60,20.80,24.00,21.90,22.00,24.30,21.20,20.10,20.10,23.00,24.30,21.80,20.80,21.80,23.50,24.70,25.60,20.50,22.30,25.00,23.90,20.20,24.00,24.00,25.60,21.60,25.80,21.20
TLM_RCV,-71,FG-ALPHA,1713170225,AUTO,0,32.17,5.00,-85,94.78,8.21,3.28,5.02,1051,435,0,291,23.08,1013.30,11.90,405.90,12.63,47.35,1,1713170171,GSN-01,-91,23.40,76.40,44,0,0,7.81,84,9.21,20.80,25.40,25.30,25.50,22.50,21.00,23.70,25.10,20.20,21.40,25.80,25.90,25.90,22.20,21.90,23.80,20.80,21.50,24.60,24.30,20.50,23.40,25.10,25.70,22.80,21.90,21.30,25.90,22.70,21.20,20.60,22.90,20.00,25.70,22.30,21.50,23.00,21.00,24.10,22.70,24.40,22.70,23.10,23.80,25.80,25.80,20.70,20.80,25.00,22.50,25.50,24.00,25.70,22.40,21.40,20.00,20.90,22.90,24.40,20.70,24.40,20.70,20.20,22.50
TLM_RCV,-81,FG-ALPHA,1713170226,AUTO,0,32.03,5.00,-85,94.85,8.22,3.31,5.02,1043,407,0,259,23.18,1013.30,11.90,405.30,12.63,47.35,1,1713170215,GSN-01,-86,24.90,80.00,43,0,0,7.82,84,9.22,21.30,24.30,22.20,23.20,22.70,24.20,25.20,22.00,23.40,23.30,20.90,25.50,22.60,20.50,25.70,23.40,21.20,23.10,25.50,23.00,22.20,23.60,22.00,22.40,22.10,22.00,22.30,25.30,20.50,23.00,21.80,25.90,20.40,25.60,20.00,25.90,22.70,22.10,23.10,25.60,24.50,21.00,23.40,22.00,25.80,23.90,20.50,25.60,24.30,22.40,25.00,23.30,20.10,23.90,20.00,25.70,20.80,22.30,22.50,21.70,20.70,22.20,22.10,24.50
TLM_RCV,-76,FG-ALPHA,1713170227,AUTO,0,33.08,5.00,-85,94.89,8.22,3.29,5.02,892,415,0,273,22.39,1012.90,12.10,406.00,12.63,47.35,1,1713170216,GSN-01,-74,24.40,81.80,49,0,0,7.80,85,9.22,21.50,25.80,21.10,25.30,24.60,20.60,21.60,25.10,21.60,22.70,22.60,20.40,20.20,21.80,20.10,21.60,21.10,22.10,23.50,25.00,25.40,25.80,22.70,20.70,23.70,24.80,25.60,20.10,23.90,23.80,24.90,25.10,22.30,25.70,20.30,25.90,21.10,24.60,24.50,25.10,23.00,25.00,20.00,24.70,25.90,24.10,24.50,25.00,25.20,20.80,23.10,23.90,24.10,23.20,25.90,23.60,23.70,22.40,25.00,21.70,23.90,20.30,25.50,21.30
TLM_RCV,-46,FG-ALPHA,1713170228,AUTO,0,33.37,5.00,-85,94.94,8.21,3.30,5.02,975,474,0,322,22.50,1013.50,12.10,405.10,12.63,47.35,1,1713170182,GSN-01,-76,25.70,73.90,40,0,0,7.81,84,9.23,24.20,22.30,25.70,21.90,22.80,20.70,22.20,23.50,21.80,22.50,24.00,22.00,23.90,20.60,23.70,24.70,25.40,21.70,25.90,22.00,24.00,25.70,24.90,22.20,23.00,20.00,20.80,24.50,24.10,24.70,22.90,21.40,24.60,23.80,24.60,20.20,23.50,21.10,20.80,22.60,20.40,21.30,20.20,20.70,20.50,23.80,23.60,23.10,24.40,24.10,25.50,25.70,24.00,25.60,23.10,25.30,21.10,22.80,24.90,20.70,25.50,25.30,20.80,20.30
TLM_RCV,-41,FG-ALPHA,1713170229,AUTO,0,33.10,5.00,-85,95.02,8.22,3.31,5.02,1139,420,0,262,23.59,1013.00,11.90,405.40,12.63,47.35,1,1713170191,GSN-01,-81,23.70,77.60,45,0,0,7.79,85,9.23,21.10,23.70,21.90,21.10,24.70,24.30,20.00,25.80,20.40,22.60,21.30,22.30,25.80,20.10,21.80,21.20,22.20,23.80,22.00,21.50,20.60,20.40,20.50,21.70,21.60,25.80,21.80,21.90,20.70,25.80,21.40,25.50,20.90,23.70,23.00,21.00,20.20,24.70,23.70,22.00,22.90,23.50,20.90,24.00,20.50,25.70,25.10,25.70,22.40,22.70,22.40,22.80,23.70,25.60,25.30,25.00,22.50,20.40,22.20,25.70,24.30,23.20,24.10,24.30
TLM_RCV,-95,FG-ALPHA,1713170230,AUTO,0,32.13,5.00,-85,95.08,8.22,3.30,5.02,1087,425,0,281,23.31,1012.80,11.90,405.30,12.63,47.35,1,1713170181,GSN-01,-84,25.80,80.90,43,0,0,7.81,85,9.24,25.90,23.80,22.20,23.10,23.30,22.20,25.60,22.00,25.20,23.60,21.10,23.40,21.70,25.50,22.40,24.00,22.40,23.50,24.90,23.90,24.10,22.10,22.60,20.90,22.70,25.40,24.90,24.50,25.90,20.90,21.20,21.40,24.70,24.90,25.90,23.50,21.70,23.80,22.20,24.80,20.80,21.10,22.60,24.20,23.40,22.00,20.00,21.10,21.10,24.50,23.30,21.90,23.60,22.60,22.10,21.60,20.50,20.70,25.10,24.00,21.40,21.20,23.70,22.60
TLM_RCV,-58,FG-ALPHA,1713170231,AUTO,0,31.00,5.00,-85,95.04,8.22,3.29,5.02,0,399,0,256,22.00,1013.00,12.10,404.80,12.63,47.35,1,1713170205,GSN-01,-72,23.10,77.90,44,0,0,7.80,84,9.24,24.50,20.30,25.40,22.80,24.90,24.90,21.40,25.50,22.20,21.00,23.80,23.50,22.40,20.80,22.90,22.20,21.40,22.90,20.70,22.70,23.50,25.00,23.90,24.50,24.30,22.70,25.80,25.00,23.20,21.60,24.60,24.80,24.30,22.70,20.30,22.40,20.50,22.70,24.20,25.30,22.70,24.00,25.90,23.80,22.40,21.20,22.40,20.80,24.20,24.20,23.30,24.10,20.10,22.80,25.90,23.90,24.20,22.30,23.30,21.50,20.40,21.50,24.70,24.50
TLM_RCV,-66,FG-ALPHA,1713170232,AUTO,0,31.27,5.00,-85,95.11,8.21,3.28,5.02,1170,454,0,303,23.58,1013.60,12.10,405.80,12.63,47.35,1,1713170178,GSN-01,-86,25.90,79.40,48,0,0,7.78,85,9.25,23.50,20.70,22.60,25.70,21.50,25.10,20.40,23.00,24.10,23.30,23.90,25.80,25.00,23.20,23.50,20.00,21.10,20.00,21.80,20.50,22.90,20.50,21.80,25.70,24.50,20.50,25.10,20.60,21.80,24.90,23.80,24.80,22.90,24.40,24.80,21.40,21.40,23.40,25.60,23.40,24.60,21.10,24.10,20.10,24.10,21.30,22.70,24.50,21.00,21.20,22.60,25.70,21.50,22.50,21.50,25.50,24.40,23.00,21.70,21.30,22.00,25.70,25.80,22.80
TLM_RCV,-77,FG-ALPHA,1713170233,AUTO,0,31.16,5.00,-85,95.16,8.22,3.28,5.02,917,432,0,281,22.42,1012.90,12.10,405.00,12.63,47.35,1,1713170219,GSN-01,-89,25.70,77.00,48,0,0,7.78,85,9.25,23.10,25.10,22.90,23.30,24.20,20.90,24.90,23.80,20.70,20.20,22.30,24.20,23.80,23.60,22.00,25.40,23.40,23.10,21.30,22.20,20.00,24.00,22.60,25.30,25.10,21.60,24.40,25.80,20.60,20.50,21.60,24.90,20.30,22.90,25.40,22.90,23.70,20.30,23.20,20.80,25.70,23.60,23.70,24.60,20.00,21.40,24.60,21.60,20.70,23.80,20.30,22.20,22.70,23.40,20.90,20.10,22.30,23.20,20.20,20.80,21.70,20.50,24.20,25.80
TLM_RCV,-50,FG-ALPHA,1713170234,AUTO,0,32.15,5.00,-85,95.20,8.22,3.31,5.02,827,429,0,289,21.99,1012.70,11.90,405.90,12.63,47.35,1,1713170211,GSN-01,-71,25.50,75.60,40,0,0,7.81,84,9.26,21.20,22.20,22.90,23.90,23.30,25.00,23.50,22.90,21.40,22.60,24.40,21.20,23.10,22.70,23.60,24.20,22.30,24.50,24.40,20.20,24.00,22.60,21.20,21.60,24.70,22.70,24.80,20.10,21.80,24.20,24.90,23.50,25.70,21.00,24.60,22.50,25.50,22.50,22.60,22.20,25.30,24.70,22.30,25.30,20.20,22.50,22.60,22.60,20.40,20.20,21.70,21.00,24.00,21.00,22.80,24.10,21.30,21.60,21.70,23.40,25.50,24.70,22.80,24.10
TLM_RCV,-51,FG-ALPHA,1713170235,AUTO,0,31.23,5.00,-85,95.26,8.22,3.29,5.02,1024,446,0,287,22.89,1012.70,11.90,405.10,12.64,47.35,1,1713170208,GSN-01,-81,23.80,76.00,45,1,1,7.78,84,9.26,24.80,24.50,21.20,24.40,20.30,22.90,24.10,22.00,25.10,21.50,24.70,23.40,23.50,22.50,22.40,25.50,22.60,20.90,24.50,25.80,22.80,21.10,24.30,21.20,23.00,23.30,20.10,22.80,25.50,20.00,21.30,22.40,25.80,25.40,24.30,20.20,25.90,23.60,20.60,23.70,20.20,22.40,20.10,22.30,25.40,24.50,23.00,25.50,23.70,20.40,21.00,20.10,20.30,24.20,24.50,21.70,23.90,24.80,23.90,22.20,25.40,21.30,22.50,22.50
TLM_RCV,-82,FG-ALPHA,1713170236,AUTO,0,33.08,5.00,-85,95.30,8.22,3.29,5.02,844,416,0,262,22.14,1013.10,11.80,404.50,12.64,47.35,1,1713170202,GSN-01,-72,24.40,78.50,40,0,0,7.79,85,9.27,21.10,24.50,22.80,24.70,21.00,21.00,21.30,23.50,24.80,21.10,24.40,22.90,23.30,20.70,21.90,24.10,22.60,24.30,20.80,23.70,23.10,23.70,24.90,23.50,22.90,20.50,20.80,21.30,21.90,25.90,22.20,21.40,21.80,22.50,21.70,20.10,21.60,25.50,24.40,22.40,21.90,21.40,21.90,21.00,23.90,21.70,22.90,20.10,23.50,21.10,20.00,22.10,24.60,20.40,21.60,20.30,23.40,24.70,22.30,21.20,25.20,21.00,23.60,23.40
TLM_RCV,-79,FG-ALPHA,1713170237,AUTO,0,33.08,5.00,-85,95.26,8.22,3.31,5.02,0,416,0,260,22.08,1013.00,11.90,406.00,12.64,47.35,1,1713170211,GSN-01,-71,23.10,76.50,46,0,0,7.81,85,9.27,20.10,24.90,22.60,23.80,22.50,23.90,25.10,21.10,25.30,23.70,24.20,25.60,24.50,22.50,21.50,20.10,20.80,20.90,24.00,25.40,22.40,24.80,25.10,20.60,24.80,25.20,23.50,24.60,25.20,23.80,20.90,22.40,20.90,23.30,25.80,25.00,23.50,21.20,24.60,24.90,25.50,20.10,24.40,23.90,22.80,21.20,25.20,22.80,20.10,21.60,22.90,20.50,24.10,25.70,22.70,23.70,24.40,25.00,24.10,20.90,25.50,23.00,21.20,24.40
TLM_RCV,-43,FG-ALPHA,1713170238,AUTO,0,32.03,5.00,-85,95.31,8.23,3.30,5.02,851,406,0,258,22.23,1013.60,12.10,406.30,12.64,47.35,1,1713170218,GSN-01,-86,23.20,76.70,45,0,0,7.78,85,9.28,21.10,20.60,24.30,25.90,23.50,23.70,20.90,23.70,24.80,22.60,20.70,20.20,22.70,20.50,22.80,21.80,20.10,21.60,20.90,22.50,20.70,25.20,23.80,21.80,24.00,25.80,22.30,21.90,24.90,21.00,23.40,24.60,22.60,22.90,24.10,21.30,21.00,22.00,22.50,20.10,21.80,25.20,25.90,21.60,23.70,22.90,22.50,20.70,24.70,25.30,25.90,23.70,25.40,25.30,20.50,22.70,21.90,20.90,20.80,23.50,23.40,24.20,21.30,20.40
TLM_RCV,-41,FG-ALPHA,1713170239,AUTO,0,33.38,5.00,-85,95.35,8.22,3.30,5.02,952,475,0,327,22.39,1013.30,11.80,405.70,12.64,47.35,1,1713170216,GSN-01,-93,25.00,75.10,42,0,0,7.80,85,9.28,22.70,22.50,21.70,22.10,24.60,22.70,22.30,21.80,20.60,20.00,24.70,22.10,23.70,22.20,21.90,24.40,22.40,25.10,21.20,20.10,21.70,24.30,24.20,22.00,22.30,24.90,20.20,23.20,24.50,22.70,24.10,21.20,21.60,25.80,25.40,25.30,22.10,24.80,23.20,22.40,20.30,20.70,22.20,23.50,25.50,25.50,22.90,20.90,20.50,24.70,20.00,25.10,25.60,23.10,24.50,25.30,20.40,20.50,21.90,23.40,23.90,21.20,24.40,22.20
TLM_RCV,-42,FG-ALPHA,1713170240,AUTO,0,31.41,5.00,-85,95.41,8.22,3.31,5.02,1040,481,0,327,22.80,1013.60,12.00,405.10,12.64,47.35,1,1713170225,GSN-01,-86,24.70,74.70,46,0,0,7.82,84,9.29,22.00,24.30,22.90,21.00,24.40,25.90,24.10,25.20,24.10,23.00,24.20,24.40,23.70,24.90,23.40,24.20,25.40,22.10,22.70,23.20,20.30,23.00,24.10,24.90,20.30,21.60,23.00,22.00,21.30,20.20,25.90,23.00,22.40,22.20,20.80,23.60,20.80,23.60,23.30,21.10,23.90,21.60,23.30,21.20,22.40,22.40,24.20,21.70,22.70,23.70,25.20,23.50,24.60,21.00,25.40,20.30,20.30,24.80,23.00,21.70,24.70,21.10,23.00,24.50
TLM_RCV,-43,FG-ALPHA,1713170241,AUTO,0,31.28,5.00,-85,95.46,8.22,3.31,5.02,1001,457,0,302,22.72,1013.30,11.80,406.00,12.64,47.35,1,1713170214,GSN-01,-85,24.00,76.10,48,0,0,7.80,84,9.29,20.80,21.10,21.40,23.20,22.60,20.00,22.50,21.80,20.50,25.20,21.50,22.70,25.00,22.70,22.00,22.40,25.30,24.00,20.10,20.00,21.00,25.80,20.90,20.00,21.80,24.00,25.90,22.90,22.00,25.60,24.80,22.10,22.40,21.50,20.50,22.50,21.70,24.60,20.00,23.50,22.90,24.10,20.70,24.40,24.40,22.10,22.00,23.70,21.50,21.00,24.10,22.30,22.40,25.00,25.10,25.70,20.20,23.30,24.70,21.40,25.10,24.90,23.30,20.00
TLM_RCV,-87,FG-ALPHA,1713170242,AUTO,0,32.35,5.00,-85,95.50,8.22,3.28,5.02,815,469,0,316,21.73,1013.00,11.90,406.40,12.64,47.35,1,1713170201,GSN-01,-87,24.50,75.00,41,0,0,7.82,85,9.30,25.70,24.60,21.00,21.20,21.00,23.60,24.80,25.30,24.20,25.10,20.90,24.60,25.00,24.10,20.40,22.00,23.10,25.10,23.00,21.80,23.90,22.30,23.80,20.70,22.90,20.30,20.60,23.60,22.70,20.00,21.50,23.50,20.00,25.30,22.50,23.70,25.80,25.80,20.80,25.20,20.20,23.80,21.50,21.20,22.90,21.10,25.30,23.20,20.30,25.00,20.70,21.80,24.40,20.70,24.10,21.50,23.60,22.80,22.90,25.20,24.90,22.50,23.70,20.50
TLM_RCV,-69,FG-ALPHA,1713170243,AUTO,0,31.04,5.00,-85,95.55,8.23,3.31,5.02,878,408,0,258,22.35,1013.40,12.00,405.00,12.64,47.35,1,1713170188,GSN-01,-77,24.90,82.50,49,0,0,7.78,85,9.30,21.00,24.30,25.30,21.50,24.00,24.40,23.30,24.00,22.80,21.90,21.00,24.70,22.10,20.40,21.80,21.60,22.10,24.70,23.70,24.20,21.80,24.90,23.70,25.60,20.10,24.60,20.20,25.50,21.30,24.10,23.70,22.30,21.80,24.60,22.50,23.20,20.40,21.00,23.50,21.70,20.10,25.00,23.50,23.00,21.80,23.80,20.70,21.50,25.50,20.20,22.10,20.00,20.10,25.20,25.70,24.70,25.60,25.90,21.60,23.30,20.20,23.20,22.50,23.30
TLM_RCV,-67,FG-ALPHA,1713170244,AUTO,0,33.49,5.00,-85,95.58,8.22,3.29,5.02,847,499,0,343,21.74,1013.20,11.80,404.60,12.64,47.35,1,1713170188,GSN-01,-93,23.40,78.20,43,1,0,7.78,84,9.31,25.00,21.80,25.20,24.10,21.10,22.00,21.60,24.20,25.40,23.00,20.70,21.80,20.70,23.10,25.10,20.90,21.10,20.10,20.50,24.40,20.80,23.80,22.90,24.60,24.30,22.20,22.60,21.60,21.20,24.30,24.30,22.10,24.80,21.10,21.80,25.90,22.00,21.50,21.90,20.60,22.60,21.40,25.30,21.30,24.80,24.10,25.80,22.60,23.10,25.40,21.20,25.00,24.20,24.50,25.60,23.30,22.10,24.40,21.80,24.20,25.40,23.80,23.50,23.80
TLM_RCV,-83,FG-ALPHA,1713170245,AUTO,0,33.06,5.00,-85,95.63,8.23,3.28,5.02,919,413,0,269,22.53,1013.40,11.90,406.20,12.65,47.35,1,1713170195,GSN-01,-84,24.50,80.00,43,0,0,7.81,84,9.31,20.00,25.50,25.50,24.80,25.20,23.50,23.20,25.10,23.90,25.10,23.10,20.90,25.50,25.10,21.30,20.60,24.70,23.70,21.80,21.60,20.40,24.80,22.70,22.60,24.10,20.50,22.10,25.00,22.60,22.90,25.20,20.50,25.90,20.00,22.20,23.40,20.30,20.30,23.50,23.40,20.30,21.50,25.20,22.50,24.70,24.40,24.00,25.70,24.90,23.10,22.30,22.10,24.10,21.40,22.90,23.90,21.90,22.70,23.20,25.60,24.60,24.90,25.60,21.70
TLM_RCV,-75,FG-ALPHA,1713170246,AUTO,0,31.51,5.00,-85,95.70,8.22,3.29,5.02,1149,502,0,346,23.24,1013.50,11.90,404.70,12.65,47.35,1,1713170235,GSN-01,-75,23.80,73.30,40,0,0,7.78,85,9.32,22.60,20.10,24.90,24.80,25.10,20.20,24.80,25.90,24.00,20.00,21.20,25.80,22.10,22.30,21.70,21.20,22.20,23.60,24.80,24.50,20.00,21.70,23.50,20.80,21.20,21.70,23.70,25.80,24.20,21.30,25.30,24.60,23.30,25.70,20.20,24.60,23.90,21.30,22.60,25.20,25.80,20.50,21.90,20.90,21.00,22.70,24.90,25.40,21.30,25.40,22.10,25.20,23.00,24.90,22.30,24.80,20.40,22.40,24.80,22.00,21.80,24.60,23.20,21.40
TLM_RCV,-86,FG-ALPHA,1713170247,AUTO,0,32.19,5.00,-85,95.65,8.23,3.28,5.02,0,439,0,291,22.19,1012.90,12.10,406.40,12.65,47.35,1,1713170225,GSN-01,-85,25.10,82.40,43,0,0,7.78,85,9.32,23.70,22.80,22.40,20.60,23.90,20.00,21.20,25.90,23.40,24.00,24.60,21.80,21.90,24.00,22.70,20.00,21.90,24.30,20.80,25.90,23.80,24.70,21.80,23.30,23.70,24.40,24.60,23.60,24.40,23.70,23.20,24.30,24.20,25.80,21.90,21.50,22.30,24.20,21.60,24.90,20.80,25.60,22.30,20.30,20.90,20.20,20.50,20.60,21.90,23.80,22.60,20.00,22.60,21.90,25.40,20.40,22.80,21.60,20.20,23.30,21.70,25.50,21.70,21.60
TLM_RCV,-53,FG-ALPHA,1713170269,AUTO,1,35.97,8.00,-85,96.99,8.15,3.29,4.99,1054,1195,773,272,20.70,1013.10,11.90,405.40,12.67,47.65,1,1713170242,GSN-01,-86,24.80,74.10,48,0,0,7.82,84,9.33,22.00,23.00,24.50,23.60,21.30,20.30,20.90,23.20,21.30,20.70,24.00,20.90,20.30,25.60,24.80,23.40,20.20,22.90,22.50,20.20,21.50,21.80,24.00,25.00,20.10,22.00,24.70,25.30,24.60,21.80,20.90,24.50,24.40,23.00,25.20,25.90,22.10,22.80,21.40,23.50,24.40,25.70,25.60,21.60,25.30,24.50,21.00,20.50,23.60,20.50,20.60,24.00,24.50,24.60,22.30,24.50,24.80,20.40,21.60,21.70,22.50,23.30,22.20,24.00
TLM_RCV,-47,FG-ALPHA,1713170270,AUTO,0,31.33,6.00,-85,97.03,8.26,3.29,5.02,943,467,0,321,22.38,1013.10,11.90,404.80,12.67,47.65,1,1713170227,GSN-01,-89,24.30,81.50,49,0,0,7.81,84,9.33,24.00,24.90,22.00,22.40,21.50,23.50,20.10,24.70,23.70,25.40,21.20,23.30,21.50,23.40,21.40,24.90,21.80,23.30,20.40,22.30,25.70,23.80,25.60,20.10,21.50,25.30,20.70,23.00,21.30,22.90,21.50,21.00,21.00,20.90,24.30,21.80,24.30,23.70,20.40,22.80,25.80,20.50,20.10,21.40,22.10,25.60,21.50,23.30,23.80,25.10,20.90,21.10,21.50,25.40,25.50,24.30,25.80,20.70,25.50,24.40,20.60,20.50,22.80,21.80
TLM_RCV,-73,FG-ALPHA,1713170271,AUTO,0,33.24,5.00,-85,97.10,8.26,3.30,5.02,1065,447,0,298,23.09,1013.00,11.90,406.30,12.67,47.65,1,1713170252,GSN-01,-93,24.90,81.60,45,0,0,7.82,85,9.34,21.40,22.40,23.90,25.70,21.40,20.60,22.30,21.90,20.30,23.30,22.60,22.00,22.70,21.70,22.30,25.60,24.20,21.00,22.00,22.50,25.30,20.20,23.40,23.20,25.10,20.10,22.80,25.30,23.60,25.30,22.60,22.30,24.70,22.50,21.00,23.70,24.00,25.90,25.40,21.10,22.40,20.90,22.60,20.70,21.90,25.60,23.40,21.20,24.90,25.20,22.20,25.70,21.30,22.50,20.00,24.30,24.20,25.50,24.90,25.90,23.30,22.60,22.90,24.50
TLM_RCV,-79,FG-ALPHA,1713170272,AUTO,0,31.25,5.00,-85,97.17,8.26,3.29,5.02,1171,450,0,292,23.60,1013.40,11.80,405.50,12.67,47.65,1,1713170225,GSN-01,-81,25.10,75.80,44,0,0,7.80,85,9.34,20.10,22.30,23.50,25.30,24.00,25.90,21.80,21.90,21.50,24.20,25.90,21.40,24.60,22.90,21.70,23.80,25.40,25.50,20.20,25.20,23.60,21.40,21.20,24.00,25.60,20.40,25.00,22.90,21.90,22.90,25.80,21.30,22.10,25.60,23.20,22.10,25.30,25.40,22.70,25.20,22.40,21.70,20.30,20.10,25.90,20.50,21.80,24.00,23.30,20.70,20.50,20.60,22.90,21.40,23.40,22.60,25.00,25.30,21.40,23.70,20.70,21.90,21.20,22.10
TLM_RCV,-80,FG-ALPHA,1713170273,AUTO,0,31.19,5.00,-85,97.23,8.27,3.31,5.02,1044,438,0,294,23.03,1013.20,11.80,404.80,12.67,47.65,1,1713170243,GSN-01,-82,24.70,81.80,45,0,0,7.78,85,9.35,25.90,21.70,24.20,21.90,22.30,22.80,24.50,22.20,23.60,20.30,22.60,24.40,21.50,22.00,21.30,23.90,21.50,24.20,25.20,24.70,20.40,25.30,21.30,22.60,22.50,25.90,23.20,22.50,23.50,23.50,20.90,25.90,20.20,23.80,20.50,24.80,20.80,22.50,21.10,21.90,25.50,23.30,22.10,25.20,22.30,24.00,23.00,23.20,22.10,25.40,25.50,22.10,24.60,24.40,21.20,24.70,22.40,25.30,22.10,23.60,24.10,21.70,24.40,21.30
TLM_RCV,-58,FG-ALPHA,1713170274,AUTO,0,33.35,5.00,-85,97.28,8.26,3.29,5.02,1010,471,0,314,22.69,1012.80,12.00,405.10,12.67,47.65,1,1713170219,GSN-01,-94,24.30,77.60,49,0,0,7.81,85,9.35,24.70,23.10,24.80,21.00,20.10,20.60,22.70,25.50,24.30,20.10,24.00,22.40,20.30,21.50,21.00,23.70,23.20,23.90,25.60,23.60,21.00,21.50,24.20,21.90,25.20,22.10,25.00,25.90,22.90,20.50,22.30,21.30,20.90,24.50,23.60,24.80,20.80,24.00,20.70,22.60,23.10,25.20,22.90,23.00,20.40,23.00,21.20,21.50,25.90,23.60,22.30,23.30,25.70,22.70,25.90,25.90,22.30,23.90,21.50,24.80,23.20,21.50,25.90,21.80
TLM_RCV,-85,FG-ALPHA,1713170275,AUTO,0,33.24,5.00,-85,97.35,8.27,3.31,5.02,1103,449,0,302,23.27,1013.20,11.90,405.40,12.68,47.65,1,1713170231,GSN-01,-72,24.20,75.00,42,0,0,7.78,84,9.36,23.60,24.90,24.40,20.60,22.60,25.00,21.50,24.80,22.10,81.20,23.90,23.70,24.20,23.90,21.50,24.50,25.90,24.30,20.60,22.50,21.90,22.50,22.80,24.60,24.80,25.90,24.30,21.30,22.80,22.50,24.00,24.20,23.30,25.80,23.10,21.90,23.40,21.30,21.40,24.80,21.40,24.90,24.10,22.00,21.00,21.40,25.80,20.20,21.80,20.80,20.90,21.60,25.80,24.90,24.50,23.80,23.50,22.40,20.70,24.80,24.50,24.20,22.60,24.80
TLM_RCV,-42,FG-ALPHA,1713170276,AUTO,0,31.42,5.00,-85,97.41,8.27,3.31,5.02,1092,483,0,336,23.05,1013.10,11.80,404.70,12.68,47.65,1,1713170254,GSN-01,-75,23.50,77.10,46,0,0,7.80,85,9.36,23.40,23.70,24.80,24.30,21.20,23.00,24.70,25.00,23.50,21.30,23.20,25.00,22.80,22.60,23.40,21.20,22.70,21.40,24.50,23.20,20.30,22.70,25.10,20.60,21.80,21.40,24.60,20.70,23.60,25.60,20.70,20.80,22.00,21.90,21.40,24.90,20.00,22.30,23.80,23.70,24.30,22.10,21.30,23.60,22.10,23.50,24.70,21.40,23.70,25.90,21.80,22.90,23.20,20.30,20.20,23.10,25.80,20.40,21.70,23.50,20.90,23.70,23.60,21.60
TLM_RCV,-73,FG-ALPHA,1713170277,AUTO,0,33.24,5.00,-85,97.48,8.27,3.29,5.02,1181,448,0,303,23.66,1012.80,11.90,405.00,12.68,47.65,1,1713170229,GSN-01,-72,25.30,78.90,49,0,0,7.79,84,9.37,22.60,20.20,24.70,20.10,24.00,22.60,24.30,23.40,23.70,21.40,20.50,22.40,23.20,22.80,21.90,22.60,21.80,89.20,20.00,23.20,23.80,22.20,23.20,24.40,21.70,23.10,21.30,25.80,20.80,25.00,25.30,20.20,20.50,23.70,24.60,22.30,21.80,20.80,21.30,25.70,24.20,25.90,22.20,25.40,23.60,23.20,22.90,21.90,21.30,21.20,23.90,23.90,23.60,21.20,23.10,21.90,23.50,21.30,24.70,22.60,21.10,24.40,23.20,22.70
TLM_RCV,-55,FG-ALPHA,1713170278,AUTO,0,32.07,5.00,-85,97.53,8.28,3.31,5.02,865,414,0,258,22.25,1013.20,12.00,404.90,12.68,47.65,1,1713170256,GSN-01,-77,24.00,78.80,45,0,0,7.79,85,9.37,24.90,21.60,22.10,21.50,25.00,21.90,22.40,23.00,23.00,25.50,23.20,24.60,22.20,21.80,25.10,24.00,21.90,24.10,23.50,25.10,23.90,21.40,23.80,21.30,22.00,25.00,23.70,24.90,21.40,20.50,20.20,24.70,22.70,23.10,23.20,23.60,22.00,23.90,20.60,22.40,24.00,20.70,22.60,24.40,23.40,23.30,24.40,25.40,24.20,23.30,24.00,25.70,20.20,25.90,22.10,22.20,20.50,23.90,20.70,20.90,23.10,20.70,22.50,21.40
TLM_RCV,-61,FG-ALPHA,1713170279,AUTO,0,31.07,5.00,-85,97.57,8.28,3.28,5.02,815,414,0,273,22.00,1013.50,12.10,405.30,12.68,47.65,1,1713170242,GSN-01,-79,23.70,77.50,43,1,0,7.82,85,9.38,25.70,21.10,25.30,25.50,24.40,25.20,25.90,20.80,20.20,22.60,25.20,25.80,24.00,20.10,21.40,22.20,22.30,25.70,23.70,24.30,21.20,21.40,24.80,22.60,24.70,20.40,25.50,20.00,20.20,21.90,22.50,21.60,25.00,24.20,23.60,24.30,20.80,22.40,24.80,22.40,23.40,21.60,21.70,23.70,22.20,21.60,21.10,21.80,22.10,22.60,22.20,25.30,20.80,22.80,23.30,25.80,22.90,23.60,21.20,20.10,24.80,23.50,20.20,23.40
TLM_RCV,-60,FG-ALPHA,1713170280,AUTO,0,31.33,5.00,-85,97.61,8.27,3.28,5.02,940,467,0,311,22.36,1013.50,12.00,405.50,12.68,47.65,1,1713170221,GSN-01,-84,23.80,76.40,41,0,0,7.79,85,9.38,20.90,25.50,25.00,23.60,25.30,20.10,21.20,22.40,23.20,22.30,24.40,25.10,25.50,25.10,23.30,20.10,20.40,22.00,24.90,24.50,24.10,21.00,20.80,21.40,24.80,20.20,22.60,20.80,25.50,20.30,22.80,21.40,24.50,24.50,25.60,24.30,22.10,20.80,21.80,24.00,22.90,23.70,20.00,23.70,23.70,23.20,20.50,25.10,23.60,25.90,20.70,21.10,25.00,24.30,23.20,21.50,24.90,22.10,23.60,23.50,25.90,21.60,22.10,21.00
TLM_RCV,-67,FG-ALPHA,1713170281,AUTO,0,31.39,5.00,-85,97.57,8.27,3.28,5.02,0,478,0,321,22.39,1013.20,12.10,405.20,12.68,47.65,1,1713170249,GSN-01,-95,24.10,82.30,43,0,0,7.82,84,9.39,22.70,22.10,20.90,24.60,23.40,25.60,21.60,21.60,20.60,21.10,20.90,25.20,22.10,24.40,25.10,23.20,20.10,23.50,20.80,23.90,23.10,25.10,24.90,25.10,21.50,21.10,20.70,24.90,21.00,20.60,24.20,21.10,20.20,25.60,25.40,22.80,25.30,24.20,25.70,24.90,24.30,20.30,24.90,25.80,23.00,24.20,23.70,22.00,20.10,25.50,20.00,22.50,23.30,25.80,23.80,24.70,25.40,25.80,24.00,22.20,20.50,20.60,24.30,23.70
TLM_RCV,-51,FG-ALPHA,1713170282,AUTO,0,31.51,5.00,-85,97.63,8.27,3.30,5.02,1111,503,0,346,23.04,1013.30,11.90,406.30,12.68,47.65,1,1713170244,GSN-01,-95,25.60,75.30,42,0,0,7.79,84,9.39,22.10,25.40,22.20,24.00,22.30,20.10,22.30,23.60,22.30,22.00,21.40,21.10,25.20,25.40,23.10,24.60,22.30,25.80,22.20,23.40,20.90,22.80,21.50,25.20,24.10,20.40,21.40,25.40,22.50,21.50,21.20,23.90,24.30,21.00,24.30,24.20,25.70,24.60,24.90,25.80,22.70,20.70,25.00,25.50,24.40,21.30,25.20,20.80,20.40,22.30,21.70,25.50,20.90,20.70,23.90,24.20,25.80,21.60,23.30,25.60,25.80,23.70,20.80,25.70
TLM_RCV,-60,FG-ALPHA,1713170283,AUTO,0,33.03,5.00,-85,97.67,8.28,3.31,5.02,827,406,0,251,22.10,1013.40,11.90,405.90,12.68,47.65,1,1713170251,GSN-01,-73,23.70,80.60,40,0,0,7.81,84,9.40,21.30,23.30,21.90,24.50,20.40,21.80,25.10,24.00,22.00,24.30,23.40,21.70,20.60,20.30,21.30,24.30,25.10,23.80,25.50,21.00,22.90,24.60,24.50,23.70,21.70,23.70,21.80,24.90,21.00,24.90,22.00,23.20,21.40,20.90,22.00,20.10,25.90,24.00,21.90,25.30,23.60,23.50,25.00,20.50,20.30,21.50,22.10,20.20,20.90,21.60,25.80,25.20,24.20,21.40,25.60,20.60,22.20,21.90,23.50,20.10,21.10,24.30,24.00,24.40
TLM_RCV,-76,FG-ALPHA,1713170284,AUTO,0,31.99,5.00,-85,97.71,8.29,3.30,5.02,812,397,0,252,22.08,1013.40,12.00,406.20,12.68,47.65,1,1713170251,GSN-01,-90,25.00,74.80,49,0,0,7.80,84,9.40,23.50,21.30,23.80,21.00,23.90,22.60,21.30,21.20,23.10,23.30,22.20,23.80,23.00,24.00,22.20,21.40,22.70,24.30,20.40,21.50,22.80,20.50,22.60,22.30,20.70,23.40,23.10,20.70,24.40,23.30,24.50,20.60,21.80,25.50,22.20,22.20,21.60,24.70,24.20,20.60,25.00,21.70,25.60,25.10,22.20,23.20,22.10,23.50,23.50,25.50,23.00,23.40,22.00,24.50,23.00,25.80,23.10,21.20,25.90,23.80,23.80,24.20,25.90,21.80
TLM_RCV,-47,FG-ALPHA,1713170285,AUTO,0,33.17,5.00,-85,97.67,8.28,3.28,5.02,0,435,0,294,22.17,1013.30,11.80,405.70,12.69,47.65,1,1713170268,GSN-01,-85,23.90,78.10,46,0,0,7.79,84,9.41,24.50,22.30,23.40,20.90,21.90,24.10,20.60,21.90,24.50,22.30,23.40,25.60,25.80,20.20,25.30,23.20,24.90,86.40,20.40,20.40,22.90,23.80,20.50,24.70,22.80,25.70,20.00,22.90,25.30,20.20,22.20,20.90,21.50,22.90,23.50,21.60,23.90,25.60,21.00,23.90,24.40,25.00,24.00,21.90,20.10,21.20,20.90,21.00,24.30,24.40,24.20,24.60,22.20,22.60,23.60,23.60,20.90,25.40,25.70,20.60,24.80,21.90,24.30,24.90
TLM_RCV,-62,FG-ALPHA,1713170286,AUTO,0,33.22,5.00,-85,97.73,8.28,3.31,5.02,1019,443,0,294,22.88,1013.10,12.00,405.80,12.69,47.65,1,1713170246,GSN-01,-73,25.30,77.50,45,0,0,7.80,84,9.41,24.30,22.30,25.70,23.30,21.20,20.00,24.40,25.30,21.20,21.00,22.90,21.40,23.70,24.30,23.80,24.40,21.00,21.80,21.30,22.30,21.50,21.40,22.30,21.80,22.60,21.50,24.00,23.40,25.30,20.80,21.00,21.30,22.30,20.50,23.30,23.00,22.50,20.20,25.50,20.10,20.40,21.70,21.20,25.90,20.90,24.90,24.50,25.40,21.60,25.20,20.70,23.40,21.30,20.60,20.60,21.20,25.80,20.90,25.00,21.70,20.70,25.20,20.00,21.50
TLM_RCV,-91,FG-ALPHA,1713170287,AUTO,0,33.13,5.00,-85,97.68,8.28,3.31,5.02,0,427,0,275,22.14,1013.30,11.90,405.10,12.69,47.65,1,1713170255,GSN-01,-76,23.80,81.40,41,0,0,7.79,84,9.42,20.90,21.60,23.00,23.80,25.00,24.30,24.60,24.00,22.20,20.40,23.00,22.60,22.50,24.00,21.30,20.80,20.30,25.60,22.60,20.00,24.40,21.40,25.60,23.10,22.60,21.30,24.40,20.70,23.40,20.70,22.40,21.80,20.60,25.50,24.20,20.60,21.80,21.80,21.70,20.20,25.90,21.90,22.90,20.00,23.70,22.60,24.60,20.00,22.10,22.40,25.90,23.00,23.20,21.40,20.70,20.70,22.10,21.30,22.30,24.30,21.20,22.60,20.00,21.90
TLM_RCV,-61,FG-ALPHA,1713170288,AUTO,0,31.31,5.00,-85,97.74,8.28,3.29,5.02,1061,462,0,318,22.99,1012.90,11.80,404.90,12.69,47.65,1,1713170277,GSN-01,-91,23.10,76.90,40,0,0,7.78,84,9.42,25.90,25.60,22.90,20.40,23.60,20.80,21.60,23.90,22.70,25.10,22.30,20.80,22.80,23.00,25.40,22.80,21.30,22.40,22.00,25.70,25.60,24.60,21.30,23.40,23.70,21.00,20.30,20.00,21.30,23.90,20.70,25.50,20.00,22.40,20.10,23.50,24.90,22.00,22.20,24.10,24.60,25.50,23.10,24.70,25.80,24.80,21.70,22.80,21.50,23.50,20.90,23.70,24.60,21.40,22.30,20.50,21.90,22.40,20.50,24.90,20.90,20.80,24.50,23.20
TLM_RCV,-73,FG-ALPHA,1713170289,AUTO,0,33.03,5.00,-85,97.80,8.29,3.30,5.02,946,405,0,262,22.70,1013.20,11.90,404.70,12.69,47.65,1,1713170270,GSN-01,-95,24.70,82.50,46,0,0,7.80,84,9.43,24.90,22.30,22.60,24.60,20.00,22.20,25.40,25.40,25.20,20.40,23.20,24.50,21.90,23.30,24.80,25.20,20.70,21.20,22.70,20.50,22.00,25.70,21.60,22.40,22.50,20.40,23.20,22.80,22.90,25.20,25.50,25.10,22.70,21.20,22.70,25.50,20.40,24.10,22.90,21.20,24.90,23.40,21.90,24.40,24.90,24.90,20.30,20.80,21.20,22.40,22.20,23.20,22.80,25.30,24.30,21.70,23.50,25.40,22.30,23.40,20.00,21.00,25.40,23.60
TLM_RCV,-56,FG-ALPHA,1713170290,AUTO,0,33.33,5.00,-85,97.84,8.28,3.31,5.02,904,467,0,314,22.18,1012.90,12.10,405.20,12.69,47.65,1,1713170246,GSN-01,-83,23.10,82.40,48,0,0,7.80,85,9.43,22.90,22.10,22.00,24.60,25.00,20.00,22.10,20.00,25.00,20.00,20.10,23.90,23.80,21.40,24.70,22.30,77.90,20.30,23.10,23.80,24.60,23.10,24.60,22.30,24.80,23.20,22.10,22.70,22.60,23.20,20.50,23.70,21.50,24.00,23.30,20.50,22.40,23.90,20.60,22.90,24.60,25.00,21.90,22.90,24.20,20.30,21.20,21.50,22.90,25.50,24.10,25.70,24.80,23.80,25.10,21.10,21.40,21.50,20.80,25.70,20.80,21.70,25.50,24.90
TLM_RCV,-63,FG-ALPHA,1713170291,AUTO,0,32.33,5.00,-85,97.91,8.28,3.30,5.02,1124,467,0,308,23.28,1013.00,12.00,405.20,12.69,47.65,1,1713170252,GSN-01,-76,24.90,82.10,44,0,0,7.82,84,9.44,25.00,24.70,20.20,21.10,22.70,20.80,22.90,23.80,20.10,20.30,22.70,22.20,21.20,20.80,24.50,20.20,24.10,21.10,25.70,25.70,24.40,22.90,23.20,25.70,20.60,22.90,22.30,24.20,21.70,22.20,20.30,21.00,23.90,25.90,22.20,20.10,23.80,22.60,24.10,24.10,20.50,21.80,23.60,24.50,25.80,21.10,25.60,21.20,24.10,21.00,24.80,22.20,21.60,21.70,21.70,25.40,25.10,20.50,20.30,23.10,24.10,22.00,24.50,20.20
TLM_RCV,-66,FG-ALPHA,1713170292,AUTO,0,33.10,5.00,-85,97.98,8.29,3.30,5.02,1196,421,0,264,23.87,1013.60,11.80,404.80,12.69,47.65,1,1713170242,GSN-01,-84,24.20,80.30,48,0,0,7.78,84,9.44,23.70,24.00,22.80,21.10,21.20,24.80,21.40,21.00,20.20,21.30,20.10,25.60,21.90,22.90,22.60,21.10,25.40,23.60,25.10,23.20,20.20,23.90,25.80,20.40,24.60,23.60,20.90,21.70,22.80,22.80,25.50,24.20,24.40,20.50,23.00,23.20,23.80,21.90,23.50,21.00,22.80,24.50,20.00,23.00,23.30,23.90,21.80,23.70,22.00,23.00,24.40,23.50,25.60,22.70,25.20,23.80,22.20,25.90,20.90,23.30,21.50,23.50,25.50,20.50
TLM_RCV,-47,FG-ALPHA,1713170293,AUTO,0,30.98,5.00,-85,98.03,8.29,3.29,5.02,870,395,0,251,22.37,1013.10,12.00,404.80,12.69,47.65,1,1713170237,GSN-01,-87,25.00,74.40,41,0,0,7.81,84,9.45,20.50,20.40,20.70,21.30,20.20,25.40,25.20,24.20,23.30,24.30,25.30,25.00,23.50,23.10,23.40,24.80,21.40,21.30,25.40,24.80,24.60,25.10,20.10,24.60,21.60,20.40,21.20,23.50,25.40,23.60,20.10,21.10,23.60,21.30,25.00,22.00,22.20,24.80,20.90,20.20,24.30,22.60,23.00,23.50,24.10,25.70,21.90,25.90,24.00,24.50,21.10,21.50,25.40,20.40,23.30,24.40,21.40,24.00,20.10,23.90,22.90,21.30,20.50,23.60
TLM_RCV,-64,FG-ALPHA,1713170294,AUTO,0,32.04,5.00,-85,98.09,8.29,3.31,5.02,1019,408,0,265,23.06,1013.30,11.80,406.10,12.69,47.65,1,1713170247,GSN-01,-85,23.10,81.60,44,0,1,7.79,85,9.45,21.20,24.40,24.10,23.50,21.40,22.90,21.00,25.60,22.40,23.00,21.30,24.60,21.30,21.60,25.10,23.50,22.20,24.90,23.10,25.30,24.80,25.30,20.60,20.50,21.80,25.10,23.90,25.90,24.50,25.40,25.80,20.00,21.10,22.10,23.90,24.60,21.80,24.30,20.30,25.50,21.90,22.40,24.80,23.90,25.90,24.40,24.30,25.50,22.40,24.40,21.50,23.30,23.30,21.90,20.70,21.80,24.60,25.00,22.70,22.50,20.10,23.60,25.00,25.10
TLM_RCV,-42,FG-ALPHA,1713170295,AUTO,0,31.16,5.00,-85,98.14,8.29,3.31,5.02,866,431,0,288,22.17,1012.90,11.90,406.40,12.70,47.65,1,1713170249,GSN-01,-79,24.40,79.70,46,0,0,7.81,84,9.46,24.40,22.60,25.10,20.20,25.90,24.50,23.20,22.10,22.70,24.60,25.60,25.50,23.60,24.90,73.70,25.30,21.60,22.00,22.00,25.20,25.40,21.60,21.90,25.00,24.30,23.80,25.30,23.60,25.80,23.40,24.10,25.20,22.30,22.10,20.40,21.90,20.80,20.50,24.80,23.00,25.70,21.40,25.00,24.60,23.60,21.30,21.00,24.00,21.80,22.80,22.40,20.30,20.70,25.20,22.80,22.50,23.90,24.50,23.40,25.80,24.80,23.80,23.20,24.60
TLM_RCV,-49,FG-ALPHA,1713170296,AUTO,0,31.28,5.00,-85,98.19,8.29,3.29,5.02,1008,457,0,306,22.75,1013.00,11.90,405.10,12.70,47.65,1,1713170266,GSN-01,-72,23.50,78.90,42,0,0,7.81,85,9.46,20.60,22.70,24.20,25.00,23.70,22.50,20.80,25.10,23.60,25.80,25.50,23.00,25.80,24.50,21.40,23.90,86.50,23.10,23.30,24.90,25.50,24.70,22.50,21.30,22.00,21.10,25.80,25.50,22.30,22.90,20.60,24.80,21.70,23.00,20.90,20.80,24.70,25.50,23.80,21.20,21.40,21.50,23.80,20.00,22.50,23.30,20.80,21.10,25.30,24.30,22.70,20.20,22.00,22.30,25.50,24.90,25.40,24.70,20.60,25.10,24.80,23.80,23.60,20.80
TLM_RCV,-70,FG-ALPHA,1713170297,AUTO,0,31.10,5.00,-85,98.26,8.30,3.29,5.02,1110,421,0,275,23.44,1012.70,11.80,404.90,12.70,47.65,1,1713170241,GSN-01,-72,24.00,77.90,49,0,0,7.81,85,9.47,25.30,21.20,21.50,21.90,23.00,24.50,23.90,22.00,23.50,21.10,21.60,23.00,21.20,21.00,22.90,23.00,20.10,21.90,21.40,22.80,20.90,23.60,20.10,23.30,23.80,23.90,21.60,23.70,21.60,25.10,24.30,20.20,23.70,25.70,23.80,20.90,24.80,22.90,23.70,21.20,25.90,23.30,25.20,24.10,25.90,21.10,25.40,23.50,23.50,22.70,22.90,23.90,22.70,21.40,21.50,20.50,20.80,25.50,20.40,22.70,25.30,23.60,22.10,21.60
TLM_RCV,-52,FG-ALPHA,1713170298,AUTO,0,32.28,5.00,-85,98.30,8.29,3.31,5.02,828,456,0,301,21.86,1012.70,12.00,405.40,12.70,47.65,1,1713170241,GSN-01,-72,23.70,76.60,41,0,0,7.79,85,9.47,20.90,25.70,25.20,23.70,20.60,21.80,22.70,24.80,23.30,21.20,22.50,20.10,21.10,25.40,20.60,23.00,22.90,23.20,24.90,22.60,22.00,22.10,20.60,21.00,20.00,22.00,21.60,21.70,20.70,22.30,25.90,20.40,20.80,20.80,24.90,22.20,20.40,24.30,24.40,24.30,25.90,21.60,21.30,20.70,24.90,21.90,24.90,22.20,25.90,22.20,21.40,22.30,22.50,20.40,24.10,23.00,20.10,20.70,20.40,20.90,23.30,24.00,24.40,25.00
TLM_RCV,-76,FG-ALPHA,1713170299,AUTO,0,33.26,5.00,-85,98.25,8.29,3.29,5.02,0,452,0,309,22.26,1012.70,12.00,405.30,12.70,47.65,1,1713170242,GSN-01,-76,25.40,82.70,46,0,0,7.81,85,9.48,24.40,22.40,21.80,24.60,21.30,22.00,25.60,23.00,24.70,21.70,24.40,25.50,20.80,20.60,25.90,21.90,23.40,23.20,21.60,22.10,24.20,25.70,20.60,21.30,25.90,25.80,21.20,22.80,23.70,21.10,22.50,25.40,24.40,23.40,20.30,20.90,24.00,24.50,22.50,24.00,25.30,20.90,20.30,20.40,22.90,20.20,20.90,23.00,24.50,21.00,24.80,24.70,21.50,21.00,20.40,22.20,23.60,23.10,24.70,23.20,24.80,23.90,23.50,22.20
TLM_RCV,-52,FG-ALPHA,1713170300,AUTO,0,31.14,5.00,-85,98.21,8.29,3.29,5.02,0,428,0,276,22.14,1013.50,12.00,405.10,12.70,47.65,1,1713170252,GSN-01,-73,25.30,79.30,47,0,0,7.81,85,9.48,20.80,22.80,83.50,25.10,21.50,24.70,25.40,22.10,21.50,24.40,24.20,22.50,21.10,23.60,21.10,25.30,25.30,23.50,23.80,20.40,21.20,23.50,22.20,23.90,22.00,20.90,25.00,22.90,20.60,21.20,24.60,25.00,20.70,20.50,23.90,23.40,25.10,20.30,20.50,21.90,21.90,20.40,22.20,22.20,25.10,25.90,24.90,23.80,24.00,25.10,22.20,24.40,20.40,23.10,21.30,20.80,21.00,21.00,25.60,24.70,25.40,22.20,21.90,21.30
TLM_RCV,-72,FG-ALPHA,1713170301,AUTO,0,31.95,5.00,-85,98.29,8.30,3.30,5.02,1157,391,0,251,23.83,1013.30,11.80,404.50,12.70,47.65,1,1713170268,GSN-01,-85,24.60,78.10,48,0,0,7.81,84,9.49,24.60,21.20,24.30,22.80,21.00,21.60,20.80,24.60,24.90,20.20,23.90,24.80,21.60,22.10,25.40,22.40,21.50,24.60,23.60,24.50,24.50,24.30,21.70,24.70,20.50,20.40,24.70,24.70,20.80,23.40,25.60,24.70,25.00,20.40,21.00,24.10,21.80,22.00,20.50,20.40,25.70,21.00,22.80,24.90,25.50,23.90,24.90,25.40,24.90,20.80,25.40,24.90,24.00,22.30,23.50,21.40,23.80,21.70,20.30,22.70,25.30,23.80,20.20,24.40
TLM_RCV,-79,FG-ALPHA,1713170302,AUTO,0,32.04,5.00,-85,98.35,8.30,3.28,5.02,1055,409,0,252,23.23,1013.60,12.10,404.50,12.70,47.65,1,1713170289,GSN-01,-79,23.10,73.90,45,0,0,7.80,85,9.49,24.70,20.50,24.20,22.20,21.20,25.30,25.00,25.80,20.70,20.40,20.80,21.00,24.50,24.90,25.10,20.90,23.20,23.00,24.00,22.00,25.90,23.00,21.30,23.60,20.70,23.50,20.60,21.00,25.40,24.20,21.90,25.40,22.30,25.30,21.80,23.30,22.00,23.60,23.50,22.10,23.20,23.10,22.80,22.80,22.90,23.00,24.20,21.60,25.20,25.70,23.90,24.90,24.50,23.20,20.70,23.70,22.20,20.60,22.90,22.40,21.30,22.00,20.80,25.00
TLM_RCV,-68,FG-ALPHA,1713170303,AUTO,0,32.53,5.00,-85,98.30,8.28,3.28,5.02,0,505,0,346,22.52,1012.80,11.90,406.30,12.70,47.65,1,1713170280,GSN-01,-84,24.60,74.90,49,1,0,7.78,85,9.50,21.00,22.50,21.90,24.10,22.20,25.30,23.90,20.90,24.10,20.70,25.60,23.70,25.20,20.10,21.20,20.80,21.60,22.90,24.10,21.60,22.60,24.10,25.50,24.50,20.10,23.10,23.90,21.00,23.80,22.40,25.00,21.30,24.40,24.00,20.10,22.90,20.30,23.70,24.10,22.00,24.70,22.10,22.50,20.20,25.10,24.60,24.90,21.20,24.60,24.20,25.80,20.30,21.10,20.40,21.20,25.70,25.00,22.10,24.30,20.50,20.50,20.00,20.70,24.60
TLM_RCV,-52,FG-ALPHA,1713170304,AUTO,0,32.33,5.00,-85,98.35,8.29,3.28,5.02,1002,466,0,315,22.68,1013.50,11.90,405.90,12.70,47.65,1,1713170268,GSN-01,-91,23.10,78.20,47,0,0,7.82,84,9.50,20.80,20.60,25.80,22.50,24.10,21.30,25.30,21.10,20.30,24.00,20.80,21.90,24.40,25.60,21.20,25.90,25.50,20.00,23.60,20.30,21.00,21.70,22.50,21.70,23.90,23.00,24.30,20.20,21.00,24.70,23.70,23.80,23.60,24.40,24.90,21.20,20.10,25.20,21.80,24.30,22.90,20.80,20.60,24.30,22.80,22.10,23.40,20.60,21.00,25.90,23.30,25.20,24.00,20.80,20.70,22.70,20.60,25.90,22.40,22.40,20.10,22.50,22.40,24.10
TLM_RCV,-88,FG-ALPHA,1713170305,AUTO,0,33.08,5.00,-85,98.31,8.30,3.28,5.02,0,415,0,265,22.08,1013.40,12.10,405.80,12.71,47.65,1,1713170278,GSN-01,-83,24.80,78.60,48,0,0,7.78,85,9.51,24.40,21.30,21.90,23.40,21.40,25.00,23.60,21.60,23.40,21.00,21.20,21.70,23.70,20.60,20.40,24.70,22.60,23.30,24.80,20.80,21.40,21.60,21.60,21.40,23.10,23.90,24.40,21.40,21.60,23.30,20.80,20.20,23.10,22.20,20.50,25.40,24.40,25.70,21.50,24.90,23.60,22.50,20.70,23.60,21.70,21.60,21.00,23.60,24.60,22.40,22.20,25.40,25.10,20.30,21.20,25.40,20.10,21.50,23.50,23.50,24.10,21.60,21.90,24.90
TLM_RCV,-41,FG-ALPHA,1713170306,AUTO,0,33.01,5.00,-85,98.38,8.30,3.28,5.02,1062,402,0,257,23.30,1013.30,11.80,405.40,12.71,47.65,1,1713170255,GSN-01,-89,25.40,79.30,45,0,0,7.82,84,9.51,25.10,20.30,24.70,24.20,22.00,22.50,25.50,21.20,24.70,22.40,25.30,22.70,25.40,24.30,25.20,22.30,21.00,25.00,20.80,20.30,24.90,23.60,24.20,24.10,23.40,24.00,21.30,20.00,21.80,20.50,20.10,25.90,24.40,24.50,24.50,25.00,25.90,21.70,23.60,24.90,24.00,24.40,22.00,24.80,25.60,24.80,24.90,20.20,24.30,21.80,23.70,22.40,25.90,22.90,22.10,23.50,21.00,24.50,21.10,22.20,22.90,21.80,20.80,24.40
TLM_RCV,-92,FG-ALPHA,1713170307,AUTO,0,31.12,5.00,-85,98.44,8.30,3.31,5.02,1091,424,0,281,23.33,1013.00,11.90,406.20,12.71,47.65,1,1713170291,GSN-01,-94,23.80,76.20,45,0,0,7.82,85,9.52,20.90,21.10,20.00,23.60,24.10,20.50,24.40,22.50,24.70,21.90,24.20,25.50,24.30,20.50,21.50,24.30,24.60,20.70,25.30,22.10,20.90,22.40,20.20,20.70,24.40,20.50,22.00,20.40,21.60,21.20,23.50,23.70,25.80,20.00,21.30,22.70,24.30,24.40,21.80,21.80,23.40,23.40,22.90,25.30,20.80,23.90,21.70,23.80,22.80,25.40,23.90,23.00,23.30,24.50,21.00,22.70,25.10,23.40,20.00,23.00,20.80,20.60,25.40,24.30
TLM_RCV,-54,FG-ALPHA,1713170308,AUTO,0,31.16,5.00,-85,98.51,8.30,3.28,5.02,1117,432,0,285,23.42,1013.50,12.10,405.90,12.71,47.65,1,1713170281,GSN-01,-87,25.40,76.30,40,0,0,7.80,84,9.52,22.90,22.10,22.20,23.30,24.60,21.30,24.80,21.40,22.50,23.40,24.20,25.40,21.00,24.20,25.90,21.70,24.50,24.70,25.50,21.80,21.80,24.50,21.80,25.90,20.80,20.30,23.20,21.70,24.60,22.20,25.00,24.10,23.40,24.90,20.60,21.20,20.90,21.10,22.80,21.40,23.70,20.80,25.90,23.10,21.50,24.50,20.00,22.70,23.70,24.70,25.10,24.70,21.30,22.80,20.00,21.50,25.00,21.50,22.60,21.10,21.80,22.80,23.90,22.20
TLM_RCV,-63,FG-ALPHA,1713170309,AUTO,0,33.33,5.00,-85,98.56,8.30,3.29,5.02,935,465,0,315,22.35,1012.70,11.80,405.00,12.71,47.65,1,1713170263,GSN-01,-92,23.60,75.00,47,0,0,7.78,84,9.53,25.80,24.10,21.30,20.90,22.30,25.60,25.60,21.60,23.30,20.80,22.30,24.80,24.60,23.30,24.80,22.70,22.40,21.80,22.50,23.40,22.90,25.30,24.20,25.40,25.60,23.10,24.90,24.80,24.60,25.70,21.40,20.90,20.90,23.90,21.90,20.80,25.70,20.60,20.20,25.80,25.30,23.60,23.10,22.10,25.70,25.00,21.20,23.10,25.30,25.90,23.80,24.90,25.50,21.50,20.80,24.70,25.80,20.50,25.00,23.10,22.70,22.70,20.50,21.80
TLM_RCV,-74,FG-ALPHA,1713170331,AUTO,1,35.65,18.50,-85,98.66,8.20,3.29,4.93,1127,1130,633,340,20.01,1013.00,12.10,406.40,12.73,49.15,1,1713170280,GSN-01,-87,23.60,79.00,44,0,0,7.80,85,9.53,22.70,24.00,21.60,23.30,22.30,22.10,21.00,21.80,20.30,25.20,21.80,23.50,25.80,23.60,24.10,24.60,20.10,23.00,20.80,25.40,25.40,24.30,24.90,25.60,22.80,22.00,21.70,20.60,24.40,24.00,21.20,21.90,24.80,22.70,25.80,22.60,21.90,21.50,20.70,24.90,24.20,24.90,22.80,22.70,23.60,23.30,22.00,20.40,23.80,23.40,20.00,25.10,24.10,20.70,21.80,25.50,22.80,21.50,22.60,20.60,23.10,23.70,21.80,21.60
TLM_RCV,-67,FG-ALPHA,1713170332,AUTO,1,37.23,20.00,-85,98.54,8.18,3.28,4.93,0,1246,764,342,26.23,1013.40,12.00,406.10,12.73,49.30,1,1713170284,GSN-01,-85,25.50,81.20,45,0,0,7.80,85,9.54,25.40,21.00,22.80,20.80,21.20,25.60,24.40,23.10,20.20,25.00,21.10,22.70,25.20,20.10,22.30,22.50,22.70,25.20,20.40,22.10,22.60,22.90,21.40,23.80,24.50,25.70,25.10,23.70,24.10,25.50,23.10,20.10,24.00,22.70,23.70,20.40,25.50,24.80,20.70,21.40,24.70,20.20,20.80,20.90,25.50,22.90,21.80,24.90,20.50,20.80,20.30,21.70,21.90,20.70,21.90,21.90,24.90,25.00,24.60,21.60,20.10,23.00,25.30,20.40
TLM_RCV,-65,FG-ALPHA,1713170333,AUTO,1,36.01,21.50,-85,98.53,8.18,3.29,4.96,1125,1203,719,336,20.39,1012.90,11.90,405.60,12.73,49.45,1,1713170318,GSN-01,-87,25.40,81.90,46,0,0,7.80,84,9.54,21.00,23.90,22.50,21.20,23.30,25.40,25.90,21.90,25.30,20.50,23.50,23.70,23.10,21.10,23.30,23.50,24.60,21.40,21.00,23.10,21.50,21.00,20.60,23.50,24.50,22.60,20.40,24.90,25.20,23.60,22.90,20.30,20.90,22.00,20.80,25.50,21.00,21.20,21.90,20.00,22.20,22.70,24.80,25.90,25.70,25.60,25.60,20.50,22.70,24.30,25.00,23.90,22.10,22.00,22.80,23.60,23.80,21.60,25.10,20.60,22.00,22.80,25.30,22.30
TLM_RCV,-72,FG-ALPHA,1713170334,AUTO,1,36.71,23.00,-85,98.41,8.19,3.28,4.95,0,1141,731,251,25.70,1013.30,12.10,404.70,12.73,49.60,1,1713170300,GSN-01,-91,24.30,77.80,43,0,0,7.81,84,9.55,24.10,25.70,22.20,25.90,23.50,21.70,20.50,21.80,20.40,25.90,20.70,21.70,24.00,22.70,24.10,25.20,20.80,25.90,22.70,24.50,24.80,25.40,25.80,23.80,21.90,23.70,22.30,21.50,22.50,25.90,25.40,24.90,24.80,22.80,21.30,23.60,21.30,21.70,25.80,20.90,25.70,22.60,25.40,21.10,23.70,25.00,21.10,21.80,25.50,25.70,22.30,21.10,25.00,20.30,25.40,23.60,24.90,21.70,23.40,23.20,24.60,24.50,25.20,21.70
TLM_RCV,-93,FG-ALPHA,1713170335,AUTO,0,33.28,21.00,-85,98.47,8.29,3.29,5.02,1022,456,0,308,22.83,1012.70,11.90,405.70,12.74,49.60,1,1713170323,GSN-01,-85,25.10,73.80,46,0,0,7.78,84,9.55,21.70,24.20,25.50,25.90,22.70,24.10,21.30,25.40,20.20,24.80,25.80,22.70,24.50,20.20,25.80,20.70,20.10,22.50,25.60,24.30,23.30,24.00,23.40,21.80,25.70,21.60,24.40,21.50,23.10,25.20,20.10,24.80,23.90,20.50,25.30,23.70,20.90,23.60,22.80,23.60,21.50,22.60,21.80,22.40,21.30,25.00,22.70,20.30,23.90,21.30,23.10,20.80,22.50,20.90,22.80,25.70,21.20,23.10,21.80,23.00,20.60,22.60,25.00,21.10
TLM_RCV,-67,FG-ALPHA,1713170336,AUTO,0,33.26,19.00,-85,98.53,8.30,3.30,5.02,1085,452,0,310,23.17,1013.40,11.90,406.00,12.74,49.60,1,1713170319,GSN-01,-84,23.80,79.40,47,0,0,7.78,84,9.56,25.80,23.90,25.20,23.10,20.90,24.00,25.60,23.00,24.00,22.40,20.40,24.00,21.70,21.70,24.20,24.70,23.20,22.90,23.40,22.40,20.30,24.00,22.40,22.10,24.50,20.60,23.10,20.40,21.00,22.50,24.90,22.50,24.70,20.70,23.10,25.70,23.50,21.40,25.40,20.40,20.50,22.80,22.70,21.00,24.40,24.60,24.30,25.00,24.80,22.00,23.00,23.30,25.50,24.10,23.60,23.80,20.90,24.60,24.80,21.00,25.10,23.00,24.10,24.70
TLM_RCV,-46,FG-ALPHA,1713170337,AUTO,0,32.28,17.00,-85,98.58,8.30,3.28,5.02,902,455,0,303,22.24,1012.90,11.90,405.90,12.74,49.60,1,1713170317,GSN-01,-79,24.00,80.60,46,0,0,7.79,84,9.56,24.10,20.60,23.40,22.60,21.50,21.80,22.30,20.20,22.70,22.70,22.80,23.10,21.00,24.50,23.40,22.20,20.70,20.30,22.30,22.10,25.90,22.40,22.80,21.10,25.70,20.10,25.60,21.50,25.60,22.00,21.90,24.40,20.00,20.60,24.30,24.60,24.90,21.20,21.40,25.80,24.50,24.80,20.40,23.70,22.10,23.50,25.70,20.70,25.70,24.80,22.30,21.50,21.50,23.40,22.00,21.30,21.20,21.40,23.50,25.60,24.80,24.70,21.10,21.40
TLM_RCV,-59,FG-ALPHA,1713170338,AUTO,0,32.08,15.00,-85,98.62,8.30,3.29,5.02,871,416,0,273,22.27,1012.80,12.00,404.50,12.74,49.60,1,1713170299,GSN-01,-89,25.90,80.50,44,0,0,7.78,84,9.57,24.00,23.60,24.20,21.00,23.50,21.50,21.20,24.20,25.40,20.50,23.10,25.40,23.90,24.80,23.50,25.70,20.10,23.70,20.40,22.30,22.90,24.00,22.40,22.50,23.50,25.90,21.80,24.20,20.30,20.40,24.60,22.90,21.90,23.40,22.20,22.80,23.60,20.20,21.60,24.70,21.70,23.80,25.20,25.80,21.30,21.10,20.80,24.00,24.50,24.10,25.10,20.60,22.60,22.00,21.80,21.00,20.80,20.20,22.90,20.10,22.00,21.00,23.00,20.80
TLM_RCV,-46,FG-ALPHA,1713170339,AUTO,0,33.16,13.00,-85,98.67,8.30,3.28,5.02,857,432,0,291,22.12,1013.30,12.00,405.30,12.74,49.60,1,1713170292,GSN-01,-71,23.80,75.00,47,0,0,7.82,85,9.57,24.20,20.50,23.80,20.70,23.90,20.30,22.30,20.60,25.80,24.00,21.90,23.90,24.20,23.50,24.70,25.20,23.40,25.80,21.00,21.60,25.30,23.90,20.90,21.60,21.40,21.70,24.50,25.10,23.90,20.40,22.20,23.00,23.10,85.20,22.20,25.30,24.60,24.20,24.20,21.90,21.50,21.80,25.00,25.40,22.80,24.20,21.90,21.20,25.00,23.50,22.20,23.00,20.00,25.30,20.90,21.80,24.40,24.10,22.70,25.20,25.90,20.50,20.70,21.50
TLM_RCV,-59,FG-ALPHA,1713170340,AUTO,0,32.13,11.00,-85,98.72,8.31,3.29,5.02,984,426,0,275,22.79,1012.80,12.10,404.50,12.74,49.60,1,1713170327,GSN-01,-75,25.50,75.20,46,0,0,7.80,84,9.58,20.80,25.70,25.70,25.10,20.60,23.90,23.00,25.60,21.30,20.70,21.50,22.40,25.70,22.70,22.90,24.50,24.50,24.90,21.10,24.10,21.20,21.10,21.40,24.10,24.00,24.90,25.50,23.60,25.60,23.60,24.40,21.90,23.20,24.90,23.80,25.30,25.30,24.20,23.40,23.80,22.50,24.00,24.20,23.40,21.50,25.20,21.40,21.90,24.20,23.10,24.30,23.40,25.80,25.40,24.80,22.20,24.40,20.40,23.90,24.90,21.30,24.30,20.80,25.40
TLM_RCV,-46,FG-ALPHA,1713170341,AUTO,0,31.39,9.00,-85,98.77,8.30,3.31,5.02,966,478,0,337,22.44,1013.10,12.10,405.50,12.74,49.60,1,1713170330,GSN-01,-82,24.10,77.30,49,0,0,7.79,85,9.58,22.70,24.70,25.40,24.10,20.40,23.40,21.60,22.50,24.70,21.60,22.70,25.60,20.40,25.10,23.40,25.10,22.30,23.70,23.90,22.00,22.60,25.00,22.60,21.50,25.70,20.60,21.80,23.20,20.00,24.80,21.20,23.70,20.50,22.30,23.40,21.60,23.20,78.30,24.70,20.30,25.30,23.20,22.30,22.60,22.60,20.80,25.30,20.20,22.00,20.10,23.00,20.70,22.10,24.70,22.70,25.20,20.00,23.90,22.90,22.40,21.30,24.00,24.00,23.20
TLM_RCV,-91,FG-ALPHA,1713170342,AUTO,0,33.49,7.00,-85,98.82,8.30,3.28,5.02,967,497,0,340,22.35,1013.20,12.10,406.00,12.74,49.60,1,1713170330,GSN-01,-92,24.50,74.00,45,0,0,7.81,84,9.59,21.80,21.90,23.10,24.00,23.20,21.00,22.80,24.10,21.40,21.50,23.90,22.50,23.20,22.90,24.40,23.10,20.50,22.90,21.80,21.40,24.90,20.20,21.30,22.70,25.80,21.50,22.70,21.30,23.10,25.90,22.50,23.20,25.50,23.30,25.50,22.00,23.60,22.50,20.80,22.80,24.20,23.10,24.40,24.30,25.70,23.30,21.00,21.20,22.40,21.10,21.10,21.10,22.20,21.20,21.10,24.80,24.10,24.20,22.40,20.40,22.40,22.50,23.30,23.70
TLM_RCV,-59,FG-ALPHA,1713170343,AUTO,0,33.10,5.00,-85,98.78,8.31,3.29,5.02,0,420,0,276,22.10,1013.10,11.90,404.60,12.74,49.60,1,1713170326,GSN-01,-84,25.50,81.70,44,0,0,7.78,84,9.59,22.30,21.30,21.40,20.40,25.90,25.60,20.50,24.40,21.50,22.50,21.20,25.90,20.30,21.40,22.20,23.20,25.50,22.20,23.10,25.00,25.70,23.60,21.40,23.20,24.20,20.80,22.90,20.00,25.50,22.10,23.10,21.00,22.80,21.20,22.50,22.20,24.60,22.20,23.70,22.30,24.70,24.20,21.20,21.80,20.00,24.10,20.90,22.90,24.90,21.60,25.00,21.70,23.90,25.40,24.60,24.90,22.30,20.50,23.40,23.60,22.80,21.70,22.40,22.00
TLM_RCV,-44,FG-ALPHA,1713170344,AUTO,0,33.35,5.00,-85,98.73,8.30,3.31,5.02,0,469,0,312,22.34,1013.10,12.10,406.00,12.74,49.60,1,1713170327,GSN-01,-93,25.60,73.70,46,1,0,7.79,84,9.60,25.00,22.10,22.70,21.20,22.80,22.80,23.00,22.10,20.40,20.30,21.00,24.10,21.90,22.20,24.20,24.10,22.50,24.50,20.90,24.50,21.70,25.30,23.10,24.20,24.90,21.50,22.50,22.50,22.10,21.30,24.60,23.30,25.50,22.30,23.50,23.50,22.00,21.90,22.70,23.70,23.50,21.00,25.80,24.60,23.80,20.70,21.10,20.40,24.20,22.00,22.60,21.10,23.50,21.80,24.40,20.40,20.70,22.40,21.90,25.00,20.10,20.00,23.60,22.70
TLM_RCV,-56,FG-ALPHA,1713170345,AUTO,0,33.26,5.00,-85,98.78,8.30,3.29,5.02,994,452,0,310,22.71,1013.10,11.90,405.80,12.75,49.60,1,1713170300,GSN-01,-95,25.80,76.80,48,0,0,7.81,85,9.60,21.70,23.70,21.60,20.10,24.60,23.90,20.90,24.80,22.50,25.00,20.10,24.50,21.40,23.60,25.80,22.90,23.10,25.60,21.30,22.10,25.60,25.20,24.00,20.40,21.20,22.80,25.80,25.60,23.90,21.70,22.30,25.40,25.50,22.10,22.80,23.40,23.10,24.90,20.40,22.60,20.60,22.70,21.40,20.80,24.00,24.50,23.40,20.20,21.20,21.00,22.50,22.60,23.20,20.00,25.20,23.40,23.60,23.80,25.30,25.40,25.60,21.50,21.20,25.80
TLM_RCV,-72,FG-ALPHA,1713170346,AUTO,0,32.38,5.00,-85,98.83,8.30,3.29,5.02,943,475,0,316,22.34,1013.50,12.00,405.40,12.75,49.60,1,1713170316,GSN-01,-86,23.30,81.10,41,0,0,7.82,85,9.61,23.70,20.30,24.60,22.30,20.60,25.80,25.90,25.60,21.30,24.10,25.70,23.00,20.40,25.00,24.10,25.20,22.60,22.60,23.50,23.90,25.60,24.00,21.20,20.80,22.30,22.20,21.30,24.70,23.60,21.40,20.80,24.80,20.20,22.30,25.70,20.80,21.00,20.50,25.70,22.90,25.80,24.90,25.10,25.10,25.00,25.70,23.30,24.70,22.40,22.60,20.70,24.30,20.00,20.00,20.10,24.00,23.30,22.90,23.80,20.40,24.50,24.90,24.60,21.30
TLM_RCV,-84,FG-ALPHA,1713170347,AUTO,0,31.43,5.00,-85,98.86,8.30,3.30,5.02,828,486,0,332,21.71,1012.90,11.80,405.00,12.75,49.60,1,1713170293,GSN-01,-88,23.60,76.20,43,0,0,7.79,84,9.61,24.10,24.80,21.50,24.20,20.20,22.90,24.40,25.30,25.80,20.90,21.90,23.30,24.60,24.30,20.50,23.60,24.10,22.10,24.70,23.90,20.90,20.70,20.40,20.90,21.60,21.10,20.20,24.30,22.80,23.70,24.60,21.30,22.60,21.80,25.80,21.40,22.70,24.00,21.40,21.70,24.40,24.40,22.80,20.80,20.00,20.00,22.60,24.20,22.60,22.40,20.80,23.00,25.90,22.10,21.30,23.30,24.00,22.80,24.10,20.30,25.50,23.70,20.60,25.20
TLM_RCV,-41,FG-ALPHA,1713170348,AUTO,0,33.28,5.00,-85,98.82,8.30,3.29,5.02,0,455,0,297,22.27,1013.30,12.00,405.70,12.75,49.60,1,1713170302,GSN-01,-72,24.80,77.80,41,0,0,7.82,84,9.62,25.90,25.40,22.10,23.70,21.40,20.20,24.10,22.90,23.80,21.60,22.90,22.60,22.80,24.10,20.60,22.40,21.60,24.50,25.40,24.10,24.90,23.10,25.40,22.30,20.30,21.30,20.40,23.80,23.10,24.90,24.60,24.40,25.30,20.30,22.20,24.20,21.60,22.90,24.30,22.50,21.30,22.10,24.30,23.90,21.40,21.20,24.10,20.00,25.50,21.80,21.10,20.50,21.10,24.70,22.90,20.90,21.00,24.80,20.90,22.90,20.20,22.10,24.10,22.90
TLM_RCV,-45,FG-ALPHA,1713170349,AUTO,0,31.33,5.00,-85,98.86,8.30,3.28,5.02,850,465,0,311,21.92,1013.50,11.90,405.50,12.75,49.60,1,1713170318,GSN-01,-75,23.20,76.10,47,0,0,7.81,85,9.62,20.90,21.10,21.90,25.40,25.10,24.40,22.00,21.60,25.90,20.00,25.70,22.10,23.60,21.40,22.20,22.90,22.60,20.20,25.40,23.10,24.40,23.20,24.20,21.70,20.00,23.70,25.00,21.20,21.90,24.20,21.70,23.50,21.80,25.20,23.00,24.10,20.00,21.50,23.40,25.20,25.20,20.70,21.80,21.70,23.60,24.10,22.40,24.60,20.50,23.30,22.60,25.20,25.90,20.60,22.90,22.80,24.90,25.40,21.60,21.00,21.50,25.00,24.00,25.40
TLM_RCV,-53,FG-ALPHA,1713170350,AUTO,0,33.21,5.00,-85,98.91,8.31,3.29,5.02,931,441,0,296,22.45,1013.50,11.90,404.70,12.75,49.60,1,1713170331,GSN-01,-94,24.10,73.80,48,0,0,7.78,85,9.63,20.10,24.70,23.50,22.00,22.20,21.50,23.80,22.70,23.90,25.80,25.80,21.10,24.00,21.20,23.10,22.30,24.20,21.30,24.80,25.40,24.50,20.30,24.00,25.10,20.00,24.60,23.80,25.10,22.30,23.20,24.60,20.40,23.40,23.70,22.30,22.30,24.80,23.30,21.10,20.30,22.40,22.20,22.30,20.00,20.70,22.20,25.10,21.20,22.90,23.40,22.40,20.40,21.00,25.20,23.20,22.80,25.80,24.30,21.60,24.00,22.10,20.90,25.80,21.50
TLM_RCV,-49,FG-ALPHA,1713170351,AUTO,0,31.30,5.00,-85,98.95,8.31,3.29,5.02,895,460,0,302,22.17,1012.80,11.90,404.60,12.75,49.60,1,1713170297,GSN-01,-94,23.70,82.50,46,0,0,7.78,84,9.63,21.40,20.50,20.40,24.10,24.00,20.60,20.60,25.00,20.60,22.50,21.00,21.50,22.50,23.40,23.20,22.70,23.00,24.20,25.40,21.40,24.30,24.20,21.50,24.10,22.70,22.50,25.10,24.60,25.90,24.50,20.10,21.00,21.50,21.40,21.50,21.40,20.00,20.40,24.80,25.20,25.10,21.40,20.60,21.40,24.30,24.10,23.90,23.60,23.40,24.50,22.10,20.20,25.40,20.50,25.90,24.60,25.20,25.00,24.30,21.60,22.50,24.90,20.20,22.60
TLM_RCV,-72,FG-ALPHA,1713170352,AUTO,0,33.28,5.00,-85,98.90,8.31,3.29,5.02,0,457,0,302,22.28,1012.80,12.10,405.40,12.75,49.60,1,1713170294,GSN-01,-71,24.10,79.60,41,0,1,7.79,85,9.64,20.00,21.90,25.00,24.20,21.20,22.10,20.60,24.10,24.20,24.60,23.90,20.30,24.50,20.30,24.30,20.20,22.20,22.70,20.70,20.20,20.00,23.50,20.90,25.00,22.90,23.40,21.50,24.10,25.30,24.40,20.50,21.00,24.90,23.50,21.40,25.80,24.70,24.00,89.60,22.30,21.20,24.50,24.40,20.70,21.80,24.30,24.40,23.10,20.50,23.50,20.10,22.20,22.90,21.60,22.40,22.00,22.70,22.50,25.90,25.00,22.90,24.30,20.30,24.20
TLM_RCV,-75,FG-ALPHA,1713170353,AUTO,0,32.32,5.00,-85,98.94,8.31,3.29,5.02,866,464,0,308,22.01,1013.20,12.00,405.30,12.75,49.60,1,1713170341,GSN-01,-89,25.90,81.80,48,0,0,7.78,85,9.64,22.20,20.70,22.50,25.70,24.20,20.40,20.90,20.80,23.80,22.10,23.80,23.00,23.10,20.10,21.70,22.00,20.40,23.90,25.30,23.90,22.20,25.80,24.10,23.50,23.70,23.60,25.40,21.70,25.80,23.90,25.90,22.40,22.80,21.80,25.60,23.80,22.40,25.50,22.80,25.20,25.60,24.90,22.80,22.30,24.50,25.70,22.80,24.70,24.20,22.30,25.70,22.20,22.90,20.90,20.90,25.00,24.40,25.50,22.80,22.50,25.70,25.40,21.90,20.80
TLM_RCV,-52,FG-ALPHA,1713170354,AUTO,0,33.22,5.00,-85,98.90,8.31,3.31,5.02,0,444,0,304,22.22,1012.70,11.90,404.60,12.75,49.60,1,1713170308,GSN-01,-94,23.90,74.40,48,1,0,7.80,84,9.65,23.10,24.60,20.00,20.00,21.80,21.90,21.60,24.40,20.90,22.00,22.90,22.80,25.90,24.00,23.90,88.20,23.50,22.00,24.10,21.60,21.60,21.00,25.20,20.80,25.80,23.00,24.20,22.10,24.30,25.80,23.80,24.20,23.40,22.60,25.30,21.90,20.20,25.30,25.00,20.50,20.10,23.20,22.70,21.20,23.60,23.90,25.50,22.90,24.70,23.80,21.00,24.90,20.70,24.40,24.20,21.20,22.60,25.90,22.60,25.50,23.80,23.90,22.50,25.80
TLM_RCV,-63,FG-ALPHA,1713170355,AUTO,0,32.43,5.00,-85,98.96,8.30,3.28,5.02,1041,486,0,340,22.77,1012.70,11.90,406.10,12.76,49.60,1,1713170308,GSN-01,-88,23.40,75.70,49,0,0,7.82,85,9.65,21.00,25.90,20.70,20.40,23.70,20.00,22.90,24.60,22.20,25.90,22.80,25.10,25.90,20.90,24.90,24.70,20.50,21.80,23.40,23.70,21.60,23.90,21.00,25.20,23.80,22.50,21.40,25.20,23.70,22.20,24.20,20.20,21.70,25.50,25.00,24.80,22.50,23.20,23.70,25.80,21.00,24.90,21.90,20.20,23.20,23.30,20.00,25.80,23.20,25.50,22.80,21.60,21.80,20.30,25.30,20.40,21.20,20.70,25.70,25.20,20.80,23.70,20.70,23.20
TLM_RCV,-65,FG-ALPHA,1713170356,AUTO,0,31.07,5.00,-85,98.91,8.31,3.29,5.02,0,414,0,256,22.07,1012.90,11.90,404.70,12.76,49.60,1,1713170338,GSN-01,-91,25.60,73.80,48,0,0,7.78,84,9.66,25.50,23.20,22.60,24.30,23.60,20.80,25.80,20.70,21.10,20.00,21.20,25.00,25.70,24.40,23.90,20.70,20.10,24.20,25.20,21.90,21.20,25.50,20.10,22.80,23.00,22.90,24.50,20.50,21.40,21.10,25.80,20.70,23.90,22.60,24.70,24.50,24.30,21.00,23.30,23.70,23.20,23.90,22.30,25.90,22.50,25.30,21.70,21.20,20.20,25.90,20.20,21.70,21.90,21.40,23.30,25.10,23.50,20.90,25.80,23.60,23.30,23.60,23.80,21.80
TLM_RCV,-86,FG-ALPHA,1713170357,AUTO,0,33.38,5.00,-85,98.95,8.30,3.29,5.02,855,475,0,325,21.90,1013.20,12.10,405.90,12.76,49.60,1,1713170335,GSN-01,-91,25.10,79.80,44,0,1,7.79,84,9.66,23.80,24.30,25.10,21.30,22.20,24.00,22.60,21.00,20.80,25.20,24.70,20.00,25.00,22.90,22.50,21.80,20.20,22.20,24.00,20.90,23.10,22.30,22.50,25.40,22.90,22.00,25.50,23.30,22.60,25.10,25.90,25.60,20.70,24.60,25.60,25.20,22.90,21.50,20.80,21.50,21.20,20.10,22.50,25.60,23.80,20.20,20.70,22.50,23.20,24.90,25.70,20.10,23.50,20.40,22.90,20.50,21.10,22.30,21.40,25.40,21.80,24.30,24.60,21.70
TLM_RCV,-63,FG-ALPHA,1713170358,AUTO,0,32.17,5.00,-85,99.03,8.31,3.28,5.02,1176,433,0,285,23.72,1012.80,11.90,406.40,12.76,49.60,1,1713170346,GSN-01,-86,23.10,73.20,47,0,0,7.80,84,9.67,25.40,24.50,25.30,20.70,23.70,22.30,22.20,24.40,24.80,24.60,22.60,24.40,21.20,24.80,25.20,20.90,20.10,23.10,24.20,23.70,21.80,22.60,22.10,21.00,24.30,22.70,24.60,24.60,23.40,23.00,22.90,23.90,23.80,21.70,23.40,25.80,25.20,21.10,24.50,25.60,25.10,23.20,23.40,21.90,20.10,24.70,22.60,24.50,21.00,21.40,22.00,20.30,24.00,25.80,20.30,22.10,22.80,20.00,23.80,24.30,21.80,22.40,24.40,24.10
TLM_RCV,-64,FG-ALPHA,1713170359,AUTO,0,31.48,5.00,-85,99.09,8.30,3.30,5.02,1155,495,0,338,23.30,1012.70,12.10,404.70,12.76,49.60,1,1713170339,GSN-01,-94,23.70,75.50,43,0,0,7.82,85,9.67,25.70,22.30,24.90,20.80,24.30,24.50,23.10,22.70,23.30,23.90,21.50,20.80,20.50,20.00,25.20,25.00,20.00,23.60,22.30,24.50,21.80,23.00,24.40,21.10,22.10,22.00,21.40,23.00,24.60,20.80,20.30,20.60,21.80,21.60,25.20,20.20,20.00,23.00,22.90,23.00,23.90,24.40,20.00,25.80,24.90,21.00,23.80,22.90,24.20,24.50,22.30,22.60,22.90,20.40,25.40,23.40,22.00,22.50,20.10,22.20,24.50,21.30,25.40,22.10
TLM_RCV,-92,FG-ALPHA,1713170360,AUTO,0,33.46,5.00,-85,99.13,8.31,3.29,5.02,853,492,0,344,21.81,1012.70,12.00,405.30,12.76,49.60,1,1713170332,GSN-01,-93,23.00,74.80,43,0,0,7.81,85,9.68,25.20,25.10,23.00,21.80,21.70,23.10,24.60,24.40,25.70,23.60,24.70,24.50,25.80,22.10,21.60,24.40,25.10,20.40,24.10,23.60,23.90,20.90,21.30,22.00,23.00,24.10,22.00,20.10,24.70,20.80,24.30,22.60,21.10,24.70,25.70,22.50,25.40,23.90,22.40,25.40,23.40,25.60,24.50,20.70,23.00,24.90,20.30,22.10,21.70,20.20,21.30,21.80,20.50,23.20,21.90,22.50,24.90,25.50,23.20,24.40,21.90,21.10,20.00,24.80
TLM_RCV,-78,FG-ALPHA,1713170361,AUTO,0,31.30,5.00,-85,99.20,8.31,3.30,5.02,1161,459,0,318,23.51,1013.10,11.90,405.70,12.76,49.60,1,1713170305,GSN-01,-77,23.50,75.20,44,0,0,7.78,85,9.68,25.70,20.20,25.90,25.00,25.60,24.80,25.40,22.60,24.10,20.30,23.40,22.50,22.20,21.30,24.60,24.60,24.80,22.80,21.50,24.90,25.20,20.40,22.40,22.80,22.10,21.90,21.70,24.20,24.20,25.90,24.10,22.60,21.40,25.60,20.90,20.90,24.80,23.20,25.90,23.00,21.80,23.00,83.50,23.50,21.70,25.90,22.00,20.90,22.10,23.80,24.90,24.80,21.00,25.10,22.00,23.80,21.90,25.90,25.90,21.80,25.30,20.10,25.30,21.60
TLM_RCV,-73,FG-ALPHA,1713170362,AUTO,0,32.28,5.00,-85,99.25,8.31,3.29,5.02,952,457,0,302,22.48,1013.50,12.10,405.30,12.76,49.60,1,1713170348,GSN-01,-73,25.00,77.40,43,0,0,7.82,85,9.69,25.30,20.40,25.30,21.20,20.20,23.30,23.20,22.10,20.50,20.10,25.50,24.00,25.00,23.00,23.00,21.60,21.10,24.50,24.30,25.30,25.90,21.70,21.20,25.30,22.70,23.90,23.50,23.90,20.00,25.60,25.40,20.80,20.50,23.50,22.10,21.80,23.50,21.50,20.10,21.70,25.50,21.40,23.00,25.40,20.80,20.90,22.90,24.50,21.60,24.10,22.10,20.70,23.60,25.60,23.40,20.40,22.00,20.60,23.70,24.50,23.20,21.60,25.50,25.70
TLM_RCV,-75,FG-ALPHA,1713170363,AUTO,0,31.33,5.00,-85,99.20,8.31,3.29,5.02,0,465,0,322,22.33,1013.30,11.80,405.50,12.76,49.60,1,1713170304,GSN-01,-83,24.40,75.80,40,0,0,7.79,84,9.69,21.00,23.60,23.30,22.40,21.50,23.80,24.40,20.00,23.80,20.40,22.80,20.70,21.30,23.70,20.10,23.60,24.80,20.60,20.30,25.50,23.70,24.40,24.70,23.00,20.10,23.60,22.20,23.30,25.80,23.50,23.00,20.20,25.20,23.60,22.30,25.20,24.70,20.80,20.20,24.10,23.70,23.30,23.70,25.30,25.50,24.50,22.10,22.80,24.50,23.50,23.60,20.80,22.50,25.20,21.70,22.50,25.00,25.50,24.60,24.40,23.90,20.40,23.60,22.00
TLM_RCV,-55,FG-ALPHA,1713170364,AUTO,0,31.36,5.00,-85,99.27,8.31,3.30,5.02,1146,472,0,318,23.37,1013.60,12.10,406.10,12.76,49.60,1,1713170332,GSN-01,-80,23.70,77.10,49,0,0,7.79,85,9.70,22.90,22.40,20.50,23.80,21.80,22.30,24.80,21.50,20.70,23.20,22.60,22.50,25.50,20.10,22.40,23.10,24.80,22.60,25.60,21.20,25.00,22.70,20.30,24.40,21.00,21.50,20.10,22.60,22.30,20.30,25.40,25.20,22.40,23.80,21.30,24.90,24.00,23.60,24.20,22.70,21.40,20.10,24.90,21.80,21.20,21.00,24.40,22.10,21.20,23.90,20.20,24.20,21.10,20.80,20.80,21.60,21.10,20.50,20.60,23.00,22.00,24.80,23.30,22.10
TLM_RCV,-82,FG-ALPHA,1713170365,AUTO,0,32.44,5.00,-85,99.31,8.31,3.30,5.02,879,489,0,330,21.95,1012.90,12.00,405.30,12.77,49.60,1,1713170330,GSN-01,-74,24.10,77.50,44,0,0,7.82,84,9.70,23.60,21.60,24.40,21.00,25.80,22.30,24.80,21.70,23.30,24.80,23.60,24.60,22.90,20.50,24.30,20.80,81.20,25.60,20.30,25.50,24.70,25.20,23.80,20.10,24.40,21.90,25.70,20.40,20.10,21.60,25.00,24.10,24.60,24.80,21.00,23.90,25.60,22.10,23.90,23.20,22.20,20.20,21.60,21.70,23.30,23.00,24.70,22.10,21.20,22.20,24.70,24.70,24.80,22.00,22.10,23.00,21.20,20.90,23.30,25.30,21.10,24.50,22.90,22.30
TLM_RCV,-74,FG-ALPHA,1713170366,AUTO,0,31.12,5.00,-85,99.27,8.32,3.29,5.02,0,425,0,276,22.12,1013.50,11.90,405.80,12.77,49.60,1,1713170315,GSN-01,-76,23.80,79.80,49,0,0,7.79,85,9.71,20.90,20.80,25.10,24.30,20.90,23.80,20.50,24.90,21.70,24.70,23.60,20.00,25.80,24.70,21.90,23.40,24.90,24.10,23.50,24.30,22.40,21.90,24.20,22.00,25.80,23.50,24.30,24.10,24.60,23.00,22.20,25.80,24.40,20.80,23.00,23.20,23.90,21.90,21.80,24.60,24.80,21.60,22.20,22.70,21.50,21.10,25.40,21.30,21.90,25.90,25.00,21.00,25.00,21.60,21.40,22.90,24.30,21.60,24.10,20.90,25.00,21.90,21.10,23.70
TLM_RCV,-66,FG-ALPHA,1713170367,AUTO,0,32.38,5.00,-85,99.22,8.31,3.31,5.02,0,475,0,320,22.37,1013.50,11.90,404.70,12.77,49.60,1,1713170324,GSN-01,-79,24.20,77.90,46,0,0,7.81,84,9.71,20.40,21.00,21.10,23.70,23.80,24.90,20.80,22.50,21.70,23.50,24.30,20.90,23.00,25.40,25.70,25.00,21.40,20.20,24.30,23.90,23.60,23.80,24.60,25.40,24.10,24.50,20.80,22.50,21.70,23.20,24.70,21.10,23.80,21.00,21.60,20.50,23.10,20.60,24.40,24.90,23.50,23.10,25.40,25.40,20.60,20.30,24.60,22.10,23.60,24.80,20.10,22.10,25.50,21.60,20.40,24.00,25.30,24.60,21.60,24.60,23.20,22.80,23.30,24.10
TLM_RCV,-76,FG-ALPHA,1713170368,AUTO,0,32.47,5.00,-85,99.29,8.31,3.28,5.02,1193,493,0,343,23.50,1012.90,11.80,405.20,12.77,49.60,1,1713170329,GSN-01,-95,24.10,79.00,43,0,0,7.78,85,9.72,21.90,20.10,21.50,25.20,24.00,21.50,25.30,20.30,23.50,21.70,22.60,21.30,24.80,20.70,21.00,22.80,20.00,23.50,22.30,23.20,23.80,23.60,25.30,23.90,25.20,22.50,21.70,25.60,23.50,20.30,20.50,23.70,20.40,20.60,24.50,22.60,20.70,20.00,24.30,23.20,20.80,20.60,20.70,22.20,22.20,20.80,23.00,21.70,21.50,23.20,20.50,21.80,25.00,20.00,21.10,21.20,21.30,23.30,22.60,23.30,25.10,24.90,23.20,25.10
TLM_RCV,-41,FG-ALPHA,1713170369,AUTO,0,33.28,5.00,-85,99.34,8.32,3.29,5.02,977,457,0,301,22.60,1013.50,11.90,405.20,12.77,49.60,1,1713170324,GSN-01,-73,24.70,75.60,49,0,0,7.79,84,9.72,22.10,24.80,24.10,25.40,22.90,20.70,22.40,24.30,20.70,22.90,22.80,23.30,20.30,20.30,24.20,23.50,22.10,23.80,22.60,22.20,23.90,24.90,20.80,20.40,22.10,22.40,24.30,23.80,25.90,22.60,24.00,24.00,24.10,25.50,23.30,20.90,25.70,20.10,22.30,21.70,24.90,22.60,25.70,21.20,21.90,25.20,20.80,23.20,20.50,21.30,21.90,24.40,22.80,22.40,25.70,23.20,25.70,21.40,21.50,23.70,22.80,24.00,21.20,20.80
TLM_RCV,-75,FG-ALPHA,1713170370,AUTO,0,32.24,5.00,-85,99.38,8.32,3.29,5.02,824,449,0,294,21.87,1013.50,11.80,405.30,12.77,49.60,1,1713170338,GSN-01,-92,23.20,82.80,49,0,0,7.82,85,9.73,23.70,24.80,21.60,20.70,23.50,25.60,24.20,25.80,22.70,22.10,23.50,25.60,21.40,23.50,21.60,25.70,24.10,25.50,24.40,21.40,25.90,20.00,24.60,20.20,21.20,21.60,25.50,21.20,23.20,21.60,25.60,25.60,25.40,21.80,23.10,20.50,24.70,24.10,23.00,21.80,22.50,25.80,21.10,22.60,25.00,25.40,22.50,21.40,24.20,24.70,21.40,20.70,22.20,25.00,24.30,25.40,20.90,22.90,21.60,24.30,20.60,22.10,21.00,20.80
TLM_RCV,-47,FG-ALPHA,1713170371,AUTO,0,33.19,5.00,-85,99.43,8.32,3.30,5.02,965,439,0,299,22.63,1013.40,12.10,405.40,12.77,49.60,1,1713170321,GSN-01,-93,23.20,74.30,42,0,0,7.79,84,9.73,24.20,21.30,25.10,21.80,20.60,20.20,20.80,25.50,25.60,25.80,25.90,21.50,25.60,21.50,23.30,22.00,22.60,22.60,24.70,20.50,23.60,20.40,21.00,24.10,25.70,23.30,25.60,24.80,21.30,23.30,22.40,23.90,23.00,21.10,24.50,25.50,23.90,22.30,22.80,20.00,21.50,23.90,22.40,21.00,22.70,20.10,22.50,22.80,25.60,22.10,24.60,20.00,20.40,23.20,24.10,24.70,22.40,21.00,20.00,21.50,22.90,20.20,23.90,20.40
TLM_RCV,-79,FG-ALPHA,1713170393,AUTO,0,33.04,10.50,-85,100.00,8.34,3.30,5.02,1004,408,0,263,22.98,1013.40,11.90,406.30,12.79,50.35,1,1713170362,GSN-01,-81,25.80,80.60,40,0,1,7.82,84,9.74,22.50,22.40,25.00,25.20,25.10,21.50,21.40,22.40,23.50,22.60,23.30,22.90,20.40,22.80,25.20,20.40,25.40,20.00,24.90,21.00,24.00,25.20,23.00,23.90,24.00,24.20,24.40,23.30,21.80,24.10,25.20,21.20,24.30,25.00,20.30,23.10,25.00,20.10,25.20,23.50,22.10,20.30,22.70,21.00,23.00,22.20,23.20,21.70,22.30,25.10,21.30,25.60,23.50,21.70,24.90,24.00,21.30,25.80,24.60,23.30,25.10,25.30,21.10,23.10
TLM_RCV,-71,FG-ALPHA,1713170394,AUTO,0,31.23,8.50,-85,100.00,8.33,3.31,5.02,943,446,0,306,22.49,1013.50,11.80,404.50,12.79,50.35,1,1713170367,GSN-01,-85,23.50,80.60,48,0,0,7.82,84,9.74,23.30,24.10,22.70,22.70,24.60,23.40,20.60,24.10,22.60,24.90,23.80,24.60,23.20,25.30,24.90,20.20,23.50,21.00,20.40,23.20,21.60,23.60,23.10,24.50,22.10,25.80,25.70,25.40,24.10,23.80,21.20,20.70,22.30,22.90,24.10,22.30,24.40,25.90,25.90,24.50,22.70,24.30,22.00,25.10,21.30,24.90,21.60,22.30,25.80,21.70,25.80,22.30,22.80,21.00,21.70,23.80,21.10,21.40,23.30,24.60,22.70,20.80,24.90,21.20
TLM_RCV,-61,FG-ALPHA,1713170395,AUTO,0,32.30,6.50,-85,99.95,8.33,3.31,5.02,0,460,0,311,22.30,1013.50,12.10,404.60,12.80,50.35,1,1713170366,GSN-01,-75,25.80,76.20,49,0,0,7.80,85,9.75,24.00,23.50,20.50,25.20,20.20,21.80,25.60,22.50,20.50,22.30,22.60,24.00,22.30,24.80,22.70,24.10,22.00,25.70,21.70,24.80,25.30,23.20,20.90,20.60,22.00,25.20,22.20,23.40,24.20,20.30,22.90,20.10,21.30,21.10,25.60,20.90,23.40,24.80,24.10,23.10,20.20,23.00,23.80,22.20,20.50,21.30,22.50,23.80,21.70,25.10,20.80,23.20,25.10,24.10,21.40,24.20,20.50,21.30,24.80,20.40,24.80,20.30,25.20,22.50
TLM_RCV,-90,FG-ALPHA,1713170396,AUTO,0,31.22,5.00,-85,99.91,8.33,3.28,5.02,0,443,0,290,22.22,1013.20,12.00,405.40,12.80,50.35,1,1713170366,GSN-01,-71,23.80,77.90,40,0,0,7.80,85,9.75,20.50,23.60,21.20,22.00,25.50,24.30,22.60,20.60,21.50,24.30,23.00,25.50,23.60,20.60,24.80,24.90,24.40,22.00,25.40,22.20,20.50,22.60,20.70,23.60,22.30,23.20,21.00,24.10,25.80,22.80,25.30,25.40,21.40,23.20,25.10,22.80,20.20,25.70,24.50,21.60,25.80,23.00,22.90,21.30,22.80,21.10,25.20,20.10,22.10,24.60,23.50,25.00,23.20,20.50,20.90,22.20,20.70,22.60,23.60,24.50,21.70,25.10,23.50,21.10
TLM_RCV,-91,FG-ALPHA,1713170397,AUTO,0,31.20,5.00,-85,99.98,8.33,3.30,5.02,1118,440,0,287,23.39,1013.20,11.80,404.90,12.80,50.35,1,1713170387,GSN-01,-82,23.60,77.10,48,0,0,7.81,85,9.76,24.90,22.30,23.20,23.90,24.00,22.30,23.60,20.10,23.00,23.70,24.50,20.50,24.40,20.40,22.50,24.30,20.10,20.40,20.00,24.30,24.90,22.60,23.00,25.40,24.00,20.40,25.80,24.00,22.70,25.10,22.80,21.60,25.30,22.50,22.90,22.10,24.50,22.20,25.70,20.90,20.90,25.30,20.10,24.50,20.80,22.40,24.00,20.00,22.00,23.30,20.70,22.80,20.50,25.10,24.90,20.40,24.90,21.70,25.30,20.80,21.90,23.40,21.10,25.70
TLM_RCV,-56,FG-ALPHA,1713170398,AUTO,0,33.14,5.00,-85,100.00,8.34,3.29,5.02,1044,428,0,283,23.08,1013.50,12.00,406.10,12.80,50.35,1,1713170356,GSN-01,-78,23.70,76.70,41,0,0,7.82,85,9.76,24.70,25.20,24.00,24.20,24.80,22.30,20.30,25.50,23.60,23.20,24.90,23.80,24.60,25.10,25.60,24.20,24.90,20.10,20.40,25.00,23.30,24.70,23.20,22.30,21.50,25.50,24.30,22.50,20.30,24.60,21.20,20.30,24.10,22.20,23.20,20.90,21.70,20.20,23.70,24.80,24.70,23.30,25.80,24.20,25.50,24.80,21.20,22.50,23.80,20.10,22.20,25.40,23.00,24.10,21.30,23.20,24.20,24.00,20.90,20.00,21.90,21.90,24.40,20.40
TLM_RCV,-69,FG-ALPHA,1713170399,AUTO,0,31.24,5.00,-85,100.00,8.33,3.29,5.02,1070,447,0,294,23.11,1013.60,11.90,405.00,12.80,50.35,1,1713170350,GSN-01,-74,25.00,77.50,41,0,0,7.78,84,9.77,21.20,25.20,20.40,20.70,22.40,25.70,23.20,21.40,25.70,23.70,24.20,20.50,24.80,25.70,20.60,25.60,23.10,23.30,22.50,21.60,22.90,23.40,25.70,25.00,20.50,21.30,21.00,24.50,25.30,25.20,24.90,20.90,24.20,25.70,20.70,21.70,21.70,23.30,21.50,22.20,24.10,22.20,22.50,22.60,24.40,21.00,21.50,20.20,25.70,23.30,23.30,22.40,22.60,21.50,24.40,21.10,20.50,21.10,24.10,23.30,22.20,23.60,22.00,24.60
TLM_RCV,-49,FG-ALPHA,1713170400,AUTO,0,31.20,5.00,-85,99.96,8.33,3.28,5.02,0,441,0,283,22.20,1013.30,12.10,406.10,12.80,50.35,1,1713170352,GSN-01,-77,25.10,77.70,41,0,0,7.78,84,9.77,24.00,24.90,23.70,24.10,23.10,21.50,24.50,25.10,24.10,23.10,21.10,22.50,24.40,22.90,24.90,20.70,24.40,21.20,24.50,21.60,22.40,20.30,22.00,21.50,20.10,22.00,22.30,20.50,25.80,24.80,25.30,20.60,25.80,20.80,25.20,20.40,20.50,20.90,20.90,22.30,25.50,24.60,21.90,20.20,24.70,25.90,25.50,24.00,20.40,21.90,20.00,21.40,24.70,25.20,20.80,20.80,23.20,25.40,24.20,24.90,22.30,23.40,21.20,25.80
TLM_RCV,-48,FG-ALPHA,1713170401,AUTO,0,32.43,5.00,-85,99.99,8.33,3.30,5.02,827,486,0,327,21.70,1012.90,11.80,405.10,12.80,50.35,1,1713170362,GSN-01,-78,23.80,79.50,48,0,0,7.79,85,9.78,25.00,25.90,23.50,25.60,21.00,21.60,21.30,21.90,24.30,22.80,21.00,23.90,21.20,25.60,22.10,22.20,24.10,21.10,22.90,24.70,24.70,21.30,21.10,23.20,23.40,24.10,24.10,24.20,22.30,24.60,23.50,25.20,24.70,24.30,24.20,21.30,21.60,22.70,22.60,24.40,21.60,20.60,25.50,20.80,24.60,25.00,24.40,23.30,20.80,24.10,25.80,20.00,21.20,24.40,23.50,25.10,23.70,24.30,23.50,25.90,24.00,20.00,20.50,23.00
TLM_RCV,-84,FG-ALPHA,1713170402,AUTO,0,33.29,5.00,-85,100.00,8.33,3.30,5.02,904,459,0,300,22.23,1012.90,11.90,405.90,12.80,50.35,1,1713170369,GSN-01,-85,24.20,74.80,48,0,0,7.80,85,9.78,21.20,24.80,22.70,22.50,20.80,22.60,21.70,20.00,23.40,21.50,23.70,23.50,22.80,21.90,21.00,22.20,25.50,20.60,24.50,22.90,20.20,25.30,21.80,21.10,20.60,23.60,25.90,22.70,24.50,21.20,22.90,23.60,20.40,20.90,24.60,21.60,24.90,24.90,24.50,24.20,25.40,23.30,22.50,24.10,23.90,21.00,21.30,24.50,20.50,23.80,24.90,25.00,23.80,25.00,24.10,20.50,20.60,25.40,22.70,23.10,21.00,23.20,24.40,25.60
TLM_RCV,-52,FG-ALPHA,1713170403,AUTO,0,32.02,5.00,-85,99.96,8.34,3.31,5.02,0,404,0,251,22.02,1013.20,12.10,405.30,12.80,50.35,1,1713170377,GSN-01,-88,25.50,76.40,41,0,0,7.80,84,9.79,21.80,25.90,20.20,24.50,23.30,25.00,25.90,23.70,21.60,21.40,25.20,23.60,21.10,25.40,20.30,24.30,22.70,20.20,23.10,23.00,24.30,22.80,21.30,20.30,22.00,25.00,22.80,25.20,21.70,22.80,25.00,21.90,23.60,23.70,23.20,25.40,21.60,24.20,25.70,22.20,22.20,20.50,20.20,21.60,22.00,24.00,21.90,25.60,20.80,25.20,20.70,20.50,20.10,23.30,20.20,23.70,25.70,22.60,25.80,25.70,23.90,24.80,23.90,22.70
TLM_RCV,-54,FG-ALPHA,1713170404,AUTO,0,31.50,5.00,-85,100.00,8.33,3.29,5.02,1030,499,0,343,22.66,1013.00,11.90,405.90,12.80,50.35,1,1713170346,GSN-01,-93,23.60,75.30,41,0,0,7.79,85,9.79,21.30,23.20,24.20,24.50,20.50,25.70,22.90,21.60,25.00,21.60,22.20,20.60,23.80,25.30,23.50,24.20,20.80,22.70,25.50,25.60,21.30,21.80,20.90,22.20,24.50,24.90,24.40,20.20,21.50,23.40,25.00,23.90,23.00,23.30,22.40,22.80,20.50,24.60,21.40,23.10,23.60,22.60,24.50,24.70,24.20,21.80,25.90,21.70,21.10,21.40,20.10,20.10,22.00,24.30,22.30,21.10,24.30,25.60,24.90,21.10,25.60,21.60,25.70,25.00
TLM_RCV,-64,FG-ALPHA,1713170405,AUTO,0,31.06,5.00,-85,99.96,8.34,3.28,5.02,0,412,0,257,22.06,1013.60,12.00,405.80,12.81,50.35,1,1713170363,GSN-01,-86,25.60,81.50,46,0,0,7.79,85,9.80,25.30,24.70,23.70,22.90,21.60,20.60,23.80,25.40,25.60,23.10,24.30,21.10,21.00,23.30,20.60,20.90,24.10,25.90,23.90,21.30,24.50,24.40,25.50,24.40,25.70,24.80,22.10,22.30,23.10,23.80,25.50,25.20,25.60,25.10,21.50,22.20,20.20,22.10,21.70,25.00,24.20,24.80,24.00,25.10,23.00,24.20,24.30,24.20,23.20,21.10,21.00,24.50,22.40,23.10,21.10,23.50,22.60,25.20,25.80,24.20,20.90,23.80,21.30,20.00
TLM_RCV,-75,FG-ALPHA,1713170406,AUTO,0,33.33,5.00,-85,100.00,8.33,3.30,5.02,1097,465,0,307,23.16,1012.70,11.80,406.20,12.81,50.35,1,1713170350,GSN-01,-88,25.40,82.20,43,0,0,7.78,85,9.80,21.00,21.00,20.30,23.70,20.40,22.60,25.00,23.70,22.40,20.40,21.10,22.40,25.00,20.80,25.90,21.60,24.30,25.20,21.20,21.20,25.70,25.50,23.90,23.40,22.30,23.20,20.30,21.00,21.30,20.20,21.60,24.10,20.50,20.20,20.80,24.00,22.50,22.30,21.70,24.90,20.70,25.40,22.80,22.60,25.50,21.80,22.20,23.00,25.70,25.30,25.60,24.20,21.30,24.30,21.80,24.00,21.00,24.70,24.90,24.70,25.50,24.10,22.80,25.70
TLM_RCV,-76,FG-ALPHA,1713170407,AUTO,0,33.26,5.00,-85,100.00,8.33,3.28,5.02,835,452,0,309,21.91,1012.70,11.80,405.80,12.81,50.35,1,1713170361,GSN-01,-72,25.20,82.20,41,0,1,7.81,84,9.81,20.00,23.70,23.60,21.30,21.70,23.80,25.20,21.50,24.20,22.50,24.10,21.90,22.70,24.40,24.10,20.10,25.40,20.60,22.20,21.90,21.10,20.80,22.10,21.90,25.10,23.90,21.00,22.50,20.00,25.20,20.20,23.10,23.40,24.50,21.70,24.00,22.00,22.20,21.70,20.80,22.40,20.10,22.10,21.80,23.70,25.00,24.80,21.50,22.60,23.50,22.30,21.60,23.40,24.00,21.90,21.20,20.50,23.40,25.00,25.20,25.40,25.40,20.70,25.40
TLM_RCV,-71,FG-ALPHA,1713170408,AUTO,0,31.27,5.00,-85,99.95,8.33,3.29,5.02,0,454,0,297,22.27,1013.20,12.10,406.30,12.81,50.35,1,1713170382,GSN-01,-90,24.10,75.60,44,0,0,7.82,84,9.81,20.80,24.90,24.30,23.70,22.10,20.50,23.70,24.20,20.60,21.70,24.10,20.50,20.00,22.40,22.70,20.40,25.20,25.60,20.40,71.70,25.30,21.40,25.90,24.80,23.30,22.50,21.10,21.60,21.60,25.60,23.10,20.00,20.70,20.00,25.00,22.10,25.70,25.70,25.40,22.00,22.90,20.60,23.20,25.20,21.30,23.20,22.20,24.20,20.60,20.50,20.10,22.40,22.90,25.70,25.40,24.70,24.90,24.70,25.60,25.60,21.80,25.40,24.20,21.60
TLM_RCV,-56,FG-ALPHA,1713170409,AUTO,0,31.27,5.00,-85,99.99,8.33,3.29,5.02,851,454,0,311,21.99,1012.80,11.90,406.30,12.81,50.35,1,1713170395,GSN-01,-91,24.60,75.60,45,0,0,7.78,85,9.82,23.10,22.30,23.60,20.00,23.60,20.50,22.40,25.60,20.00,23.90,25.10,24.10,24.00,20.40,24.50,20.60,22.80,25.20,24.30,21.40,25.70,23.30,22.60,25.50,20.30,20.00,25.80,23.20,25.80,20.00,21.50,24.20,25.50,25.50,22.00,24.70,20.60,24.20,20.80,20.00,22.90,21.60,21.00,24.10,24.20,24.10,24.90,21.00,20.10,25.60,22.20,20.40,20.20,24.20,22.00,25.80,25.50,24.80,24.60,21.50,25.90,20.40,23.30,24.10
TLM_RCV,-43,FG-ALPHA,1713170410,AUTO,0,32.10,5.00,-85,100.00,8.34,3.30,5.02,1095,419,0,260,23.38,1012.80,12.10,406.30,12.81,50.35,1,1713170393,GSN-01,-84,23.20,73.40,49,0,1,7.80,84,9.82,23.00,20.30,25.60,24.60,24.90,24.60,22.80,25.60,20.70,23.20,25.80,20.70,23.40,24.00,20.60,21.60,22.40,20.00,21.10,22.30,21.80,25.90,24.00,22.70,23.80,25.90,21.80,23.10,21.90,23.30,25.60,20.30,21.90,25.70,20.00,20.90,25.90,25.50,25.00,20.00,21.80,22.60,21.20,20.80,20.20,20.80,21.80,22.10,25.30,23.90,23.60,23.70,24.10,25.50,25.90,21.00,24.60,22.90,25.70,25.20,25.40,25.00,24.70,24.70
TLM_RCV,-71,FG-ALPHA,1713170411,AUTO,0,31.06,5.00,-85,99.96,8.34,3.31,5.02,0,412,0,263,22.06,1013.10,12.00,405.80,12.81,50.35,1,1713170374,GSN-01,-88,23.00,81.10,48,0,0,7.82,84,9.83,20.50,21.60,24.10,22.90,21.70,25.90,22.60,24.00,21.80,21.90,24.00,22.90,25.00,24.20,21.10,20.90,22.20,24.80,23.90,21.00,23.80,25.70,25.60,20.00,23.90,22.20,23.30,21.50,20.30,24.70,23.80,21.50,21.70,23.60,21.60,21.50,24.50,21.50,25.50,23.60,23.20,21.40,25.00,21.20,22.20,24.90,24.00,23.60,20.10,24.90,22.40,21.10,24.50,23.90,21.60,24.50,24.70,25.70,25.00,24.80,23.10,20.70,20.80,25.80
TLM_RCV,-52,FG-ALPHA,1713170412,AUTO,0,33.26,5.00,-85,99.91,8.33,3.28,5.02,0,451,0,295,22.25,1012.80,11.90,405.30,12.81,50.35,1,1713170402,GSN-01,-92,23.40,77.70,42,0,0,7.78,84,9.83,21.90,21.10,22.60,25.50,22.00,21.90,23.90,21.60,22.40,22.30,20.00,21.70,25.00,22.00,25.40,22.30,20.80,25.90,24.00,25.00,22.20,21.30,24.40,21.60,25.10,25.30,24.30,25.50,20.90,23.30,24.40,85.00,24.10,25.00,22.60,23.30,25.90,20.30,24.00,23.10,23.70,25.20,25.70,20.50,25.30,20.50,22.90,22.80,23.00,24.40,22.50,25.90,20.70,20.20,22.50,25.00,21.90,23.90,20.70,21.20,20.50,22.90,24.60,25.20
TLM_RCV,-93,FG-ALPHA,1713170413,AUTO,0,32.14,5.00,-85,99.97,8.34,3.28,5.02,1003,428,0,282,22.87,1013.60,11.80,405.10,12.81,50.35,1,1713170394,GSN-01,-83,25.70,74.60,40,0,0,7.81,84,9.84,21.60,21.30,21.90,22.80,23.70,23.90,22.40,21.90,23.00,20.40,24.60,22.50,23.30,24.50,21.90,24.50,25.20,22.70,21.50,20.60,20.00,23.00,21.10,22.50,24.30,21.10,25.80,25.90,24.40,24.30,22.60,22.30,24.20,23.70,25.50,21.30,22.70,20.80,23.30,23.70,21.30,20.60,23.80,22.10,22.90,25.30,21.80,24.40,25.50,23.80,23.30,25.90,24.80,21.30,20.80,24.80,20.20,20.80,25.60,25.80,24.60,20.10,25.70,22.40
TLM_RCV,-71,FG-ALPHA,1713170414,AUTO,0,32.15,5.00,-85,100.00,8.34,3.31,5.02,896,429,0,274,22.33,1013.40,12.10,405.30,12.81,50.35,1,1713170403,GSN-01,-77,25.10,81.80,48,0,0,7.81,85,9.84,25.40,23.00,21.60,24.80,21.60,20.30,25.60,23.60,20.30,22.30,25.70,21.80,20.10,24.20,25.70,22.50,22.90,22.30,25.00,20.40,20.80,24.20,21.10,20.80,21.40,20.40,23.30,23.90,24.10,21.70,25.50,24.30,23.40,21.90,25.40,22.70,25.60,25.20,20.00,21.20,23.80,20.20,20.60,21.10,20.20,24.70,22.20,21.50,24.40,23.40,23.50,25.90,25.40,21.00,21.30,24.40,20.30,24.80,25.00,21.80,22.70,21.00,22.20,24.60
TLM_RCV,-53,FG-ALPHA,1713170415,AUTO,0,32.08,5.00,-85,100.00,8.34,3.30,5.02,1147,415,0,274,23.66,1013.10,12.00,404.50,12.82,50.35,1,1713170396,GSN-01,-77,25.10,77.50,48,0,0,7.78,85,9.85,22.40,23.80,22.30,20.30,20.60,21.80,24.10,20.70,24.00,21.40,25.20,23.00,20.50,20.60,21.60,22.40,24.70,22.50,22.80,25.30,20.40,24.10,22.90,21.40,25.60,21.30,22.90,23.00,20.80,21.00,24.30,23.00,24.50,22.50,21.00,24.60,23.00,22.00,22.30,20.30,22.60,22.60,20.60,20.70,20.20,23.00,24.20,23.30,23.40,23.60,24.10,25.40,20.80,24.30,21.10,24.90,22.80,22.90,22.80,23.00,21.60,21.60,24.80,24.20
TLM_RCV,-71,FG-ALPHA,1713170416,AUTO,0,32.30,5.00,-85,100.00,8.33,3.28,5.02,983,460,0,318,22.61,1012.90,12.00,406.10,12.82,50.35,1,1713170389,GSN-01,-84,25.50,78.70,46,0,0,7.82,85,9.85,23.70,24.20,21.20,20.60,24.70,24.20,21.70,23.90,24.80,20.70,25.20,25.90,21.40,25.20,25.70,23.70,20.90,21.80,22.10,23.50,21.00,21.70,21.50,25.50,25.00,23.90,22.90,20.40,21.60,22.00,20.20,21.70,24.80,22.80,21.30,24.70,25.90,23.20,25.10,20.40,25.40,20.00,25.90,20.10,23.20,25.40,24.70,25.80,25.40,23.70,20.20,25.30,23.90,25.10,21.00,22.50,21.30,24.50,21.20,23.30,23.50,23.40,20.90,24.20
TLM_RCV,-52,FG-ALPHA,1713170417,AUTO,0,31.14,5.00,-85,100.00,8.34,3.30,5.02,1158,427,0,282,23.66,1013.10,11.80,405.20,12.82,50.35,1,1713170392,GSN-01,-87,23.60,77.80,49,0,0,7.82,84,9.86,23.10,21.30,23.20,25.80,25.30,20.30,21.50,23.70,22.70,25.00,21.80,25.50,21.10,23.90,22.10,24.30,21.10,22.60,20.00,25.40,20.10,20.50,23.20,23.80,22.70,24.30,22.40,25.40,20.20,20.90,22.70,22.20,21.00,21.10,25.10,20.30,20.10,22.90,25.60,21.30,23.70,23.80,24.90,22.10,22.30,23.40,21.50,24.50,20.10,24.70,22.10,25.60,24.00,21.10,22.40,20.40,23.20,23.80,25.10,25.80,23.00,22.70,21.30,22.90
TLM_RCV,-79,FG-ALPHA,1713170418,AUTO,0,33.10,5.00,-85,99.96,8.34,3.29,5.02,0,420,0,265,22.10,1013.40,11.90,406.30,12.82,50.35,1,1713170362,GSN-01,-95,23.30,78.60,45,0,0,7.81,84,9.86,21.20,21.10,24.90,23.20,23.40,24.10,23.10,23.30,22.50,20.90,20.30,22.70,25.70,22.90,23.40,21.50,25.80,21.40,20.30,20.80,25.00,21.60,20.40,21.10,24.60,23.50,25.00,22.80,22.70,23.60,23.50,23.40,21.90,24.70,24.00,25.90,21.30,23.90,24.40,20.80,20.10,25.20,23.30,25.50,21.30,23.40,24.80,24.90,23.10,22.60,21.30,20.50,21.90,21.50,21.40,22.90,21.50,23.80,25.60,24.90,22.80,25.20,24.60,25.90
TLM_RCV,-61,FG-ALPHA,1713170419,AUTO,0,33.15,5.00,-85,100.00,8.34,3.30,5.02,1025,429,0,279,22.98,1013.00,12.00,404.70,12.82,50.35,1,1713170369,GSN-01,-81,23.70,74.60,40,1,0,7.79,84,9.87,23.30,21.10,21.70,24.50,22.20,23.70,20.50,20.00,22.70,21.60,20.70,25.60,22.50,24.80,20.00,25.40,23.00,20.80,20.80,21.20,20.50,25.40,21.00,25.90,23.90,24.80,23.90,22.50,25.20,23.80,21.00,24.60,25.60,22.20,23.20,23.90,25.40,24.80,23.20,22.00,23.00,20.90,24.00,23.90,23.00,20.80,20.80,20.40,25.00,25.50,20.10,20.20,20.50,20.70,25.80,21.20,25.10,25.30,22.40,22.40,21.90,21.30,23.10,25.80
TLM_RCV,-80,FG-ALPHA,1713170420,AUTO,0,31.34,5.00,-85,100.00,8.33,3.28,5.02,924,469,0,316,22.27,1012.70,11.90,405.70,12.82,50.35,1,1713170408,GSN-01,-88,24.70,74.20,47,0,0,7.79,84,9.87,20.20,23.00,24.40,20.00,25.90,25.40,23.80,21.60,24.90,23.80,25.30,20.60,23.60,21.20,21.80,22.40,20.80,22.40,22.70,21.30,21.60,21.20,25.80,22.70,20.10,25.00,22.90,20.40,20.30,20.60,24.00,22.50,24.50,23.60,20.00,24.30,25.60,22.40,25.20,23.30,22.90,23.70,25.50,20.00,21.00,21.00,25.80,22.50,24.30,23.70,23.10,21.20,24.70,22.00,23.00,24.00,23.80,23.40,23.90,20.30,21.10,21.30,25.00,21.90
TLM_RCV,-47,FG-ALPHA,1713170421,AUTO,0,33.48,5.00,-85,99.95,8.32,3.30,5.02,0,496,0,344,22.48,1013.60,11.80,404.80,12.82,50.35,1,1713170386,GSN-01,-90,24.80,81.60,41,0,0,7.82,85,9.88,20.80,23.90,25.70,21.10,21.00,25.20,22.20,25.30,24.00,23.20,20.50,25.60,21.50,24.50,21.20,22.60,23.20,21.30,22.80,20.40,20.50,22.70,21.10,23.80,23.80,23.00,23.10,21.40,21.30,25.80,23.60,22.60,24.90,21.10,23.40,22.60,22.30,20.80,22.80,21.30,24.90,20.30,20.80,22.70,24.60,25.10,21.50,24.50,20.10,20.10,21.80,24.90,20.70,23.80,24.70,24.80,21.60,25.10,25.60,20.50,23.00,21.60,25.60,21.70
TLM_RCV,-70,FG-ALPHA,1713170422,AUTO,0,31.34,5.00,-85,100.00,8.33,3.29,5.02,1094,468,0,315,23.13,1013.10,12.10,404.60,12.82,50.35,1,1713170407,GSN-01,-83,23.30,75.30,42,0,0,7.79,84,9.88,25.30,24.30,22.90,24.00,25.30,24.90,22.80,24.10,21.90,24.00,22.00,24.90,20.10,20.40,20.50,24.90,25.90,20.10,20.10,24.30,20.50,21.40,21.30,24.70,23.50,21.20,24.50,25.80,21.30,21.50,21.90,21.40,23.40,23.00,22.50,22.90,20.90,20.70,23.70,25.30,20.80,25.00,25.20,21.50,24.20,25.20,24.60,20.80,24.50,22.60,25.60,23.20,22.50,21.80,22.70,22.40,25.60,24.40,23.90,24.00,25.40,22.70,24.50,22.40
TLM_RCV,-63,FG-ALPHA,1713170423,AUTO,0,31.32,5.00,-85,100.00,8.33,3.30,5.02,1127,463,0,307,23.32,1013.50,11.90,406.20,12.82,50.35,1,1713170391,GSN-01,-94,24.40,81.40,48,0,0,7.80,84,9.89,21.90,22.70,24.20,24.40,25.30,25.40,21.90,24.20,22.00,25.60,24.90,25.60,20.00,22.60,22.40,23.20,25.20,21.70,24.90,22.30,22.30,25.90,23.20,20.20,23.10,25.00,25.60,20.10,22.30,24.10,23.20,24.80,21.70,21.80,25.90,23.20,20.70,24.90,20.50,22.40,23.40,23.20,22.60,20.10,25.90,20.20,21.00,22.40,23.30,25.10,22.80,21.00,21.10,21.10,22.10,20.90,25.20,20.20,25.20,24.80,21.50,25.30,22.70,23.90
TLM_RCV,-94,FG-ALPHA,1713170424,AUTO,0,31.32,5.00,-85,100.00,8.33,3.28,5.02,1189,463,0,322,23.63,1013.40,12.00,406.10,12.82,50.35,1,1713170384,GSN-01,-87,24.60,78.30,49,0,0,7.78,84,9.89,25.60,21.40,22.80,21.70,21.50,22.30,23.80,20.30,25.60,25.30,21.30,25.60,23.90,23.70,22.80,23.40,22.90,24.90,25.70,24.20,24.50,23.30,25.50,22.30,24.50,24.80,24.40,20.60,21.70,25.70,21.80,21.40,23.60,21.10,24.30,24.00,21.60,24.10,22.00,24.90,20.90,21.00,20.00,23.80,20.00,22.70,22.60,20.50,23.70,23.30,23.20,24.70,22.90,24.20,22.90,25.00,23.90,25.00,22.30,21.80,21.70,21.40,22.50,24.60
TLM_RCV,-43,FG-ALPHA,1713170425,AUTO,0,32.24,5.00,-85,100.00,8.33,3.31,5.02,826,448,0,299,21.89,1012.70,12.00,405.00,12.83,50.35,1,1713170409,GSN-01,-92,25.40,75.30,45,0,0,7.79,84,9.90,24.50,21.70,23.50,23.40,25.00,21.20,20.00,20.40,21.90,22.20,21.60,20.00,25.80,23.30,22.40,20.10,22.20,23.30,21.40,25.70,21.30,24.10,22.80,24.50,24.70,24.00,23.70,21.30,22.70,89.20,22.00,25.00,23.70,25.80,20.50,25.00,23.80,24.60,23.40,22.40,25.10,24.10,21.80,24.00,24.40,25.30,21.00,20.30,24.30,21.00,25.10,25.20,24.10,23.00,20.30,25.50,24.20,20.10,22.40,23.90,21.30,21.80,24.10,21.40
TLM_RCV,-87,FG-ALPHA,1713170426,AUTO,0,33.36,5.00,-85,99.95,8.33,3.30,5.02,0,472,0,314,22.36,1012.80,11.90,405.60,12.83,50.35,1,1713170392,GSN-01,-86,25.80,82.00,48,0,0,7.81,84,9.90,21.50,25.30,22.40,24.70,24.80,24.20,23.00,25.70,24.00,20.70,21.50,22.10,22.70,22.80,23.20,24.80,22.00,22.40,22.60,22.00,20.10,20.30,25.70,23.20,25.70,21.70,25.20,21.70,23.70,22.90,20.10,21.20,24.60,23.80,20.70,22.90,24.50,20.10,20.10,23.20,21.60,21.70,23.40,25.30,21.40,23.60,22.70,23.40,23.20,21.50,21.30,21.10,23.70,24.60,24.70,20.40,20.30,22.00,21.90,22.40,23.40,21.60,24.70,25.80
TLM_RCV,-72,FG-ALPHA,1713170427,AUTO,0,32.23,5.00,-85,100.00,8.33,3.28,5.02,1047,446,0,301,23.00,1013.40,12.10,405.40,12.83,50.35,1,1713170391,GSN-01,-71,23.10,73.90,48,0,0,7.81,84,9.91,25.30,24.80,22.00,22.70,22.40,23.10,23.50,24.90,22.50,23.20,25.40,21.70,23.80,24.40,20.30,21.50,20.70,21.20,21.30,25.20,21.70,21.70,24.20,21.70,24.10,22.90,21.20,25.80,21.30,24.10,21.80,21.00,25.20,25.10,21.20,21.40,20.00,21.00,22.20,23.90,25.30,22.10,25.30,22.90,25.90,23.00,20.60,24.90,21.90,25.70,20.30,24.90,20.70,20.40,25.50,20.10,23.40,20.10,21.50,25.40,22.00,22.60,20.60,20.40
TLM_RCV,-79,FG-ALPHA,1713170428,AUTO,0,33.31,5.00,-85,100.00,8.33,3.31,5.02,1063,462,0,308,23.00,1013.40,12.10,405.80,12.83,50.35,1,1713170398,GSN-01,-82,23.50,74.40,48,0,0,7.79,85,9.91,23.10,22.00,23.20,20.00,23.50,22.60,20.80,20.70,22.10,24.60,24.90,20.00,22.10,20.00,21.30,21.20,24.40,21.60,25.00,23.20,25.40,23.30,21.20,23.60,23.90,21.40,25.20,21.90,21.30,23.70,22.80,20.90,23.00,20.40,20.00,23.90,21.10,22.10,25.60,21.20,20.80,25.40,25.20,23.80,23.40,25.70,22.90,25.20,22.30,20.70,20.30,25.40,25.30,21.20,24.70,21.20,23.50,20.10,22.40,21.90,22.70,25.10,22.70,25.30
TLM_RCV,-89,FG-ALPHA,1713170429,AUTO,0,32.15,5.00,-85,100.00,8.34,3.30,5.02,984,429,0,273,22.77,1013.30,12.00,405.20,12.83,50.35,1,1713170379,GSN-01,-95,23.00,74.60,41,0,0,7.81,84,9.92,22.60,23.70,20.50,20.00,20.30,22.30,25.60,22.90,24.80,25.30,23.20,23.70,25.40,24.30,20.70,21.60,23.50,24.50,24.00,20.30,22.70,22.00,21.60,21.40,23.40,20.40,25.70,25.70,23.50,23.60,20.20,21.40,22.40,23.90,22.70,20.10,21.60,21.50,24.30,23.50,20.60,22.60,22.90,23.00,23.00,23.10,20.90,25.70,20.30,20.80,23.60,21.30,22.50,22.80,24.20,24.80,22.80,20.30,23.30,22.30,21.90,22.30,20.60,23.40
TLM_RCV,-60,FG-ALPHA,1713170430,AUTO,0,31.14,5.00,-85,100.00,8.34,3.31,5.02,1103,428,0,284,23.37,1013.30,11.90,406.40,12.83,50.35,1,1713170398,GSN-01,-83,23.80,80.80,45,0,0,7.82,85,9.92,25.00,20.40,23.60,22.10,20.40,21.20,24.10,20.90,21.90,23.90,24.20,24.00,23.40,24.10,25.90,22.60,21.90,23.00,24.40,24.70,23.60,21.30,22.70,21.30,22.20,20.90,21.00,24.00,22.90,21.60,21.90,25.70,23.20,22.20,24.30,20.10,21.50,20.90,25.10,24.40,21.30,22.00,23.40,21.50,20.00,22.60,25.30,24.50,21.80,21.30,20.40,23.10,21.10,23.30,21.10,20.80,22.30,25.10,23.80,24.20,20.40,25.10,21.60,20.00
TLM_RCV,-60,FG-ALPHA,1713170431,AUTO,0,32.47,5.00,-85,100.00,8.33,3.28,5.02,1101,494,0,335,23.03,1013.30,11.90,405.80,12.83,50.35,1,1713170419,GSN-01,-76,23.70,78.20,47,0,0,7.81,84,9.93,23.00,25.10,25.60,22.90,25.30,24.70,21.90,20.10,20.50,25.00,25.00,25.40,20.90,21.30,20.50,25.70,22.20,22.90,25.00,22.60,20.80,20.30,24.10,20.40,21.70,23.50,24.70,23.60,23.50,20.20,24.50,20.10,23.50,20.40,22.90,22.10,21.00,22.70,20.10,20.20,24.30,24.10,24.20,23.10,21.20,22.80,21.40,23.10,22.40,20.90,21.30,21.00,23.30,22.80,25.20,23.10,23.60,22.10,21.70,22.20,25.00,22.90,23.40,21.20
TLM_RCV,-68,FG-ALPHA,1713170432,AUTO,0,33.38,5.00,-85,100.00,8.33,3.28,5.02,987,477,0,318,22.55,1013.00,11.90,404.80,12.83,50.35,1,1713170395,GSN-01,-72,23.70,81.30,41,0,0,7.80,85,9.93,23.30,22.80,23.20,21.60,22.30,21.80,22.90,25.70,25.00,25.70,25.70,23.50,25.60,21.80,20.60,23.40,21.30,23.50,22.80,22.40,23.60,20.60,25.40,25.70,21.80,21.30,23.80,25.10,25.20,24.60,24.90,21.50,25.60,25.00,23.90,23.60,23.20,21.70,23.20,22.80,24.60,24.60,22.40,21.00,24.00,25.70,21.90,21.00,23.40,22.10,22.50,21.50,20.30,24.60,21.80,25.90,20.60,25.30,24.60,24.80,24.60,24.00,23.50,22.50
TLM_RCV,-44,FG-ALPHA,1713170433,AUTO,0,32.26,5.00,-85,99.95,8.33,3.28,5.02,0,451,0,297,22.25,1013.00,11.90,405.50,12.83,50.35,1,1713170388,GSN-01,-77,24.30,74.10,42,0,0,7.78,85,9.94,22.80,22.10,24.80,21.40,21.10,24.30,20.20,21.90,23.80,20.70,20.80,20.00,25.90,23.50,20.80,25.40,23.20,23.80,25.20,21.40,25.50,23.60,22.90,24.10,24.80,20.40,21.60,21.40,20.80,25.90,22.20,23.10,20.70,22.20,22.70,20.10,21.30,21.80,21.90,22.00,20.90,24.90,20.60,23.80,20.80,21.80,22.40,24.00,25.60,21.60,21.00,23.50,25.70,23.00,25.50,25.30,23.40,25.80,22.20,22.00,23.10,23.20,22.10,24.90
TLM_RCV,-41,FG-ALPHA,1713170455,AUTO,0,32.10,5.00,-85,100.00,8.34,3.28,5.02,1000,421,0,266,22.90,1013.50,11.80,405.70,12.86,51.10,1,1713170444,GSN-01,-83,25.60,82.70,43,0,0,7.78,84,9.94,25.60,23.20,25.50,24.50,22.60,25.20,23.60,23.60,20.80,22.80,22.10,22.90,21.00,21.20,23.90,25.10,20.00,21.40,23.30,22.80,24.80,24.30,21.20,24.80,20.70,21.40,20.20,24.80,22.80,25.90,22.00,23.80,23.10,24.70,23.90,23.80,24.00,24.20,20.40,22.20,20.90,22.00,23.60,20.50,24.80,23.40,23.80,20.80,25.60,23.80,23.40,24.20,24.00,20.80,23.40,20.90,21.20,25.20,24.20,23.30,20.90,25.40,20.50,25.50
TLM_RCV,-66,FG-ALPHA,1713170456,AUTO,0,31.09,5.00,-85,99.96,8.34,3.31,5.02,0,419,0,269,22.09,1013.40,11.90,406.40,12.86,51.10,1,1713170417,GSN-01,-87,25.10,80.60,48,0,0,7.82,84,9.95,24.00,24.00,20.30,20.10,20.10,20.20,23.20,22.80,20.50,22.10,24.30,24.10,25.20,21.10,22.20,22.50,24.90,22.20,20.30,23.70,23.50,20.30,24.50,25.20,20.20,20.60,20.80,25.80,23.70,25.10,25.90,23.70,24.50,20.50,20.80,70.20,24.10,20.20,21.50,24.60,22.20,20.40,22.40,20.30,25.90,25.50,25.50,23.20,24.80,24.00,23.60,20.00,22.70,22.60,24.90,22.40,25.30,24.40,21.30,21.00,23.40,23.80,25.50,21.20
TLM_RCV,-82,FG-ALPHA,1713170457,AUTO,0,31.42,5.00,-85,99.91,8.33,3.31,5.02,0,483,0,329,22.42,1013.10,12.10,405.40,12.86,51.10,1,1713170404,GSN-01,-74,24.00,74.50,40,0,0,7.80,85,9.95,20.80,20.80,23.90,21.80,22.00,21.60,25.90,23.80,20.90,21.30,21.60,25.20,22.30,25.30,23.10,24.20,22.30,24.60,25.20,21.20,21.50,23.50,21.10,20.30,24.60,24.10,25.50,20.80,21.70,23.60,25.00,22.20,23.50,24.70,25.10,20.60,21.80,25.80,23.10,20.90,23.90,23.80,24.10,25.20,20.60,22.40,21.30,25.00,25.90,24.50,22.80,22.50,20.80,22.90,21.50,21.40,20.20,24.30,20.20,20.80,22.30,20.50,22.50,21.90
TLM_RCV,-59,FG-ALPHA,1713170458,AUTO,0,33.22,5.00,-85,99.97,8.33,3.28,5.02,1053,444,0,291,23.05,1012.70,11.80,406.10,12.86,51.10,1,1713170413,GSN-01,-90,23.10,77.50,44,0,0,7.78,84,9.96,24.90,23.80,24.40,21.60,22.80,21.40,23.60,23.30,20.00,25.90,23.80,25.40,21.10,24.10,25.20,20.00,25.80,22.90,24.40,22.80,25.50,25.30,23.70,25.60,25.50,21.20,21.90,25.10,25.90,25.10,25.20,21.70,21.00,20.60,24.80,21.40,21.90,25.40,24.30,22.00,23.40,20.90,22.10,24.00,25.90,23.70,22.70,21.20,20.60,24.60,23.20,25.20,24.50,20.60,21.30,24.00,25.30,24.30,23.30,24.60,20.70,23.80,24.00,20.50
TLM_RCV,-75,FG-ALPHA,1713170459,AUTO,0,31.42,5.00,-85,100.00,8.33,3.29,5.02,1095,484,0,335,23.06,1013.40,12.00,405.50,12.86,51.10,1,1713170422,GSN-01,-72,24.90,76.10,44,0,0,7.78,85,9.96,21.70,22.60,25.30,24.70,23.20,22.00,23.30,25.60,21.30,25.70,21.30,22.30,23.00,22.10,21.00,21.90,22.10,24.70,24.00,25.00,21.20,23.20,25.90,20.50,23.50,21.10,20.60,20.30,22.20,24.60,22.30,25.20,20.30,25.20,20.70,24.50,25.50,24.50,23.40,20.30,73.20,23.50,25.90,20.10,24.00,23.60,20.80,23.00,22.30,20.60,25.00,20.70,22.90,22.80,20.70,22.50,20.10,21.80,22.20,24.80,24.20,22.50,25.50,24.00
TLM_RCV,-91,FG-ALPHA,1713170460,AUTO,0,31.17,5.00,-85,100.00,8.33,3.30,5.02,1199,434,0,293,23.83,1013.30,11.80,406.20,12.86,51.10,1,1713170437,GSN-01,-89,25.40,80.60,42,0,0,7.78,84,9.97,20.70,23.20,24.40,25.30,20.30,20.40,22.60,22.30,20.20,24.10,20.00,25.10,20.40,22.70,20.00,20.50,22.10,21.30,23.50,24.70,22.40,22.40,23.50,25.20,22.60,24.50,25.80,23.70,24.20,21.70,23.30,22.60,25.20,20.60,24.20,21.10,22.60,21.40,20.50,23.30,22.90,21.90,23.30,20.30,21.20,25.00,21.70,22.10,21.30,24.00,21.00,20.80,23.80,20.00,20.80,22.50,21.00,21.10,20.90,22.40,20.20,20.10,22.90,22.30
TLM_RCV,-89,FG-ALPHA,1713170461,AUTO,0,31.17,5.00,-85,99.96,8.33,3.31,5.02,0,434,0,280,22.17,1013.50,12.00,404.70,12.86,51.10,1,1713170421,GSN-01,-77,24.80,80.70,43,0,0,7.79,85,9.97,25.20,20.20,20.10,23.40,22.30,21.10,24.20,24.40,22.50,25.30,20.10,23.80,25.50,20.40,21.90,22.50,20.70,23.50,21.80,25.90,25.70,23.90,24.50,25.60,25.50,21.80,25.40,23.40,24.60,23.20,22.40,24.90,25.60,21.60,20.10,24.60,22.50,25.60,21.40,24.90,25.30,25.80,22.50,24.30,21.80,23.20,21.80,21.20,25.80,20.30,25.80,23.50,25.30,24.70,23.90,25.90,25.80,24.60,22.50,25.50,23.20,25.90,24.40,22.20
TLM_RCV,-73,FG-ALPHA,1713170462,AUTO,0,32.24,5.00,-85,100.00,8.33,3.30,5.02,864,447,0,295,22.08,1013.40,11.80,404.70,12.86,51.10,1,1713170444,GSN-01,-79,23.20,79.40,46,0,0,7.79,84,9.98,24.00,24.80,20.30,23.80,21.10,24.10,25.30,25.10,20.80,24.40,22.80,21.40,21.70,23.00,21.00,22.50,20.90,25.60,20.30,21.80,21.70,21.60,22.90,21.20,22.20,21.10,21.70,20.90,21.80,25.40,21.90,23.20,21.60,22.50,24.80,25.60,23.10,21.10,21.10,24.80,20.60,20.10,22.80,22.80,22.40,21.90,24.80,22.30,20.70,22.90,23.50,23.00,23.40,22.10,25.80,25.60,22.40,20.10,23.50,20.80,23.70,23.80,22.50,25.90
TLM_RCV,-50,FG-ALPHA,1713170463,AUTO,0,31.44,5.00,-85,100.00,8.33,3.30,5.02,988,489,0,345,22.50,1013.10,12.00,404.50,12.86,51.10,1,1713170417,GSN-01,-81,25.30,77.50,46,0,0,7.81,84,9.98,21.00,20.10,25.50,23.90,22.10,20.00,23.50,23.20,25.00,25.40,20.30,20.40,24.50,22.50,23.50,25.00,23.00,21.90,21.40,24.30,21.70,21.70,20.00,22.50,21.90,23.70,21.00,23.40,20.00,23.50,20.60,22.80,25.50,23.10,23.80,24.10,25.70,21.60,23.80,24.80,22.80,23.70,21.10,21.30,21.70,21.40,20.00,22.20,23.80,24.50,20.80,24.10,25.60,23.60,23.40,21.30,25.70,21.00,22.50,21.60,24.30,24.30,25.20,21.20
TLM_RCV,-59,FG-ALPHA,1713170464,AUTO,0,31.44,5.00,-85,100.00,8.33,3.28,5.02,925,489,0,342,22.18,1013.20,12.00,405.10,12.86,51.10,1,1713170429,GSN-01,-83,23.60,76.70,47,0,0,7.78,85,9.99,22.30,25.80,22.60,23.80,23.90,23.00,24.30,23.30,23.50,21.50,21.90,21.10,25.20,24.40,21.00,24.40,20.20,23.60,21.90,21.30,25.30,25.60,22.20,22.30,20.20,23.80,23.00,23.70,21.00,25.10,22.40,22.40,25.00,21.80,25.30,23.60,20.50,22.10,24.00,21.80,21.70,24.70,20.10,22.60,20.10,20.90,23.80,21.50,20.30,25.00,23.10,25.80,23.30,24.30,24.60,22.00,23.70,21.60,21.50,23.40,24.90,24.20,21.60,22.00
TLM_RCV,-60,FG-ALPHA,1713170465,AUTO,0,31.17,5.00,-85,100.00,8.33,3.29,5.02,890,434,0,281,22.28,1013.10,12.00,404.50,12.87,51.10,1,1713170412,GSN-01,-89,24.40,77.40,43,0,1,7.80,85,9.99,24.80,21.40,20.90,22.60,24.00,25.50,23.50,20.20,23.50,22.30,25.90,24.10,20.60,20.20,24.90,23.00,24.90,23.20,23.10,21.00,22.90,24.10,22.70,22.50,20.80,25.60,23.80,25.20,25.80,25.60,21.80,20.50,24.20,20.10,22.30,20.80,23.90,21.40,20.40,24.90,20.10,24.50,22.20,20.80,21.90,21.70,22.80,24.20,20.70,22.20,24.20,25.70,21.00,25.50,20.30,24.80,21.60,22.20,24.00,20.80,25.30,25.30,21.20,25.70
TLM_RCV,-63,FG-ALPHA,1713170466,AUTO,0,32.06,5.00,-85,100.00,8.34,3.31,5.02,921,413,0,265,22.54,1013.50,11.80,405.80,12.87,51.10,1,1713170416,GSN-01,-84,24.90,81.10,40,0,0,7.79,85,10.00,21.80,25.90,22.10,25.60,25.10,25.50,24.90,25.10,23.90,23.00,25.30,20.00,20.50,22.10,22.90,21.20,21.10,20.20,21.30,23.40,20.90,20.50,25.60,21.90,23.20,22.40,21.80,25.40,22.30,20.80,20.70,23.30,23.00,22.80,23.90,20.90,24.90,21.20,20.10,24.10,23.50,25.80,21.70,25.30,24.00,22.90,25.50,22.60,25.70,24.00,24.30,20.70,23.80,23.20,20.20,20.60,24.10,20.80,23.80,21.00,23.90,24.70,22.50,24.60
TLM_RCV,-81,FG-ALPHA,1713170467,AUTO,0,32.98,5.00,-85,99.96,8.34,3.30,5.02,0,396,0,255,21.98,1012.90,11.80,405.90,12.87,51.10,1,1713170429,GSN-01,-81,24.00,75.50,42,0,0,7.81,85,10.00,22.70,23.00,23.70,20.90,22.10,24.60,21.40,22.40,22.30,23.60,22.40,24.50,24.90,22.90,23.00,25.80,21.10,24.80,23.40,22.80,23.30,23.50,24.00,25.80,23.90,20.90,20.70,23.20,22.70,25.80,24.10,25.90,21.70,22.30,25.10,24.30,25.50,25.50,20.70,22.40,21.90,25.50,22.60,24.80,21.20,20.90,25.70,20.60,22.90,20.90,25.80,22.60,20.80,20.80,22.10,20.10,25.50,21.80,24.30,21.70,21.60,24.60,25.90,24.30
TLM_RCV,-88,FG-ALPHA,1713170468,AUTO,0,32.35,5.00,-85,100.00,8.33,3.28,5.02,1168,470,0,316,23.49,1013.60,12.10,406.40,12.87,51.10,1,1713170423,GSN-01,-90,24.90,75.70,41,0,0,7.81,84,10.01,22.50,23.40,25.60,23.30,24.50,20.30,21.70,23.20,21.30,24.00,25.40,20.50,24.70,25.20,23.00,20.50,21.30,20.50,23.40,20.70,22.10,21.60,24.70,24.60,23.80,24.70,24.50,20.00,24.90,20.10,22.20,23.50,20.50,80.30,21.20,23.30,22.40,25.20,20.50,20.90,22.80,22.10,21.40,21.90,23.40,25.50,25.00,24.70,21.30,24.20,23.10,25.50,25.40,25.90,20.00,25.00,22.90,25.80,25.10,25.90,25.70,24.70,23.20,22.20
TLM_RCV,-65,FG-ALPHA,1713170469,AUTO,0,32.32,5.00,-85,100.00,8.33,3.28,5.02,909,464,0,313,22.23,1013.50,11.80,404.50,12.87,51.10,1,1713170453,GSN-01,-88,24.80,76.20,41,0,0,7.80,84,10.01,23.80,24.60,23.90,20.30,25.00,23.30,23.70,24.50,21.70,21.30,21.30,23.70,24.30,24.80,22.90,20.20,24.80,21.90,25.70,21.80,24.50,23.50,24.10,21.10,22.90,25.10,24.90,25.60,22.60,23.80,22.50,24.00,21.50,22.00,23.30,23.70,22.90,23.50,23.70,24.10,21.80,25.90,24.00,20.90,23.70,25.90,20.00,22.70,21.20,25.60,25.00,23.90,25.10,20.00,21.50,22.80,25.80,24.70,20.30,22.60,21.80,24.10,23.80,21.60
TLM_RCV,-52,FG-ALPHA,1713170470,AUTO,0,32.33,5.00,-85,100.00,8.33,3.30,5.02,1017,467,0,318,22.75,1013.10,12.10,404.60,12.87,51.10,1,1713170451,GSN-01,-88,23.10,80.30,44,1,0,7.78,84,10.02,25.60,23.10,24.90,25.00,22.70,20.00,23.40,22.70,20.90,23.10,22.60,25.50,20.80,25.40,25.80,25.90,21.60,25.10,22.40,25.00,24.70,25.30,23.70,23.20,23.10,21.70,24.00,24.10,21.90,23.80,24.00,24.20,20.60,22.80,20.70,25.70,25.80,20.10,23.20,20.90,24.60,22.30,25.70,21.20,21.90,25.50,24.30,24.10,24.70,25.80,22.00,20.70,20.90,24.50,22.60,20.20,21.10,23.20,20.50,20.40,20.90,22.50,22.70,20.40
TLM_RCV,-93,FG-ALPHA,1713170471,AUTO,0,31.48,5.00,-85,100.00,8.33,3.31,5.02,1003,495,0,349,22.54,1013.30,12.00,405.50,12.87,51.10,1,1713170415,GSN-01,-80,24.60,76.40,44,0,0,7.80,84,10.02,20.90,22.30,23.20,23.70,24.70,25.50,21.60,23.60,25.30,25.10,22.90,20.60,21.60,20.90,25.80,20.40,25.70,20.10,20.40,23.00,23.70,25.00,22.80,24.50,23.50,21.70,24.10,20.00,22.30,21.10,21.40,21.50,21.50,25.80,23.90,21.00,21.00,23.60,24.10,25.60,20.50,20.70,21.80,23.10,22.50,20.00,25.60,23.10,23.80,25.40,25.60,25.70,20.50,25.00,24.20,22.10,21.50,20.00,22.60,25.50,20.80,20.40,22.90,21.30
TLM_RCV,-61,FG-ALPHA,1713170472,AUTO,0,32.29,5.00,-85,100.00,8.33,3.29,5.02,1139,458,0,314,23.41,1013.00,11.80,405.00,12.87,51.10,1,1713170440,GSN-01,-73,24.60,76.90,49,0,1,7.79,85,10.03,20.20,23.70,24.00,24.60,24.80,20.70,20.70,24.70,20.70,25.90,22.00,24.30,22.20,24.20,22.50,25.80,22.30,20.40,23.70,21.20,21.70,20.40,23.40,20.40,24.60,25.00,24.70,21.80,22.90,23.90,22.10,22.30,25.30,23.60,22.70,22.20,21.40,25.00,21.00,25.30,21.70,20.10,20.70,20.70,21.20,20.90,25.80,21.50,21.10,25.50,23.90,23.90,22.80,22.30,21.20,22.20,20.70,20.30,20.90,23.00,22.00,20.60,25.30,22.30
TLM_RCV,-77,FG-ALPHA,1713170473,AUTO,0,31.39,5.00,-85,99.95,8.33,3.31,5.02,0,477,0,336,22.39,1012.80,12.00,404.90,12.87,51.10,1,1713170414,GSN-01,-82,24.70,80.30,43,0,0,7.79,85,10.03,24.20,24.90,24.20,21.90,23.90,21.50,25.90,22.90,23.50,25.10,20.00,20.30,23.10,22.10,22.90,21.20,24.30,21.40,25.50,20.30,24.90,25.10,23.00,22.90,21.30,22.50,21.40,22.90,22.60,25.20,22.20,21.00,24.10,20.30,21.90,21.20,24.40,20.90,21.30,25.70,20.90,25.90,21.50,25.50,21.80,22.70,23.80,25.90,23.20,20.00,24.60,20.40,20.40,22.00,23.10,24.80,23.00,20.30,24.80,22.30,22.40,25.70,25.40,21.20
TLM_RCV,-84,FG-ALPHA,1713170474,AUTO,0,31.12,5.00,-85,100.00,8.34,3.28,5.02,1046,424,0,279,23.11,1013.30,11.90,405.70,12.87,51.10,1,1713170416,GSN-01,-89,25.60,79.60,48,0,0,7.80,84,10.04,20.30,24.60,24.40,23.90,23.80,25.30,23.30,21.50,22.50,24.80,23.90,25.30,23.80,25.60,24.10,25.40,25.40,24.70,25.80,20.80,23.10,21.70,23.90,23.30,22.30,25.20,21.90,25.60,22.10,20.40,22.40,23.90,20.30,25.40,25.00,22.10,22.40,24.70,20.10,24.20,20.20,21.10,21.10,20.40,24.00,21.90,20.90,25.90,21.10,22.00,23.70,24.90,21.30,25.50,21.20,20.20,25.10,23.70,24.70,23.10,23.90,24.40,22.70,20.00
TLM_RCV,-78,FG-ALPHA,1713170475,AUTO,0,32.47,5.00,-85,100.00,8.33,3.31,5.02,832,494,0,337,21.69,1013.40,11.90,404.90,12.88,51.10,1,1713170464,GSN-01,-71,23.60,73.40,47,0,0,7.81,84,10.04,21.20,22.20,25.40,20.70,25.70,22.90,25.50,22.20,21.50,23.30,25.80,24.70,25.80,21.40,21.60,20.50,22.80,23.70,20.40,25.60,20.10,24.10,21.70,21.70,23.40,23.10,24.30,20.80,23.30,25.50,25.90,22.50,25.90,22.20,21.90,24.30,22.30,25.70,22.70,22.60,25.60,21.40,22.90,25.30,20.00,25.90,25.90,24.60,24.00,25.70,23.90,22.70,21.50,22.40,23.40,20.10,24.60,25.80,23.60,24.90,25.40,20.90,21.60,22.60
TLM_RCV,-76,FG-ALPHA,1713170476,AUTO,0,31.26,5.00,-85,100.00,8.33,3.28,5.02,811,453,0,302,21.79,1013.10,11.80,405.10,12.88,51.10,1,1713170418,GSN-01,-87,25.30,82.00,44,0,0,7.78,84,10.05,23.90,22.90,25.10,24.80,22.20,24.10,21.30,23.70,20.40,21.60,22.50,24.90,22.70,22.10,22.70,20.90,21.50,21.60,24.10,25.70,21.80,22.90,25.50,23.80,24.90,20.90,21.70,25.80,20.20,24.00,22.50,22.00,23.70,23.90,23.50,21.30,20.20,21.20,23.00,21.20,25.10,22.40,25.80,24.10,25.60,20.60,20.10,20.00,21.20,25.10,20.00,20.80,25.20,24.90,25.90,23.90,24.90,23.20,23.80,22.40,20.20,22.30,24.00,25.90
TLM_RCV,-94,FG-ALPHA,1713170477,AUTO,0,31.38,5.00,-85,100.00,8.33,3.30,5.02,815,476,0,322,21.69,1012.90,11.80,404.80,12.88,51.10,1,1713170427,GSN-01,-79,23.00,75.10,46,0,0,7.81,85,10.05,22.30,20.40,22.40,20.50,23.00,24.60,21.40,24.70,20.70,21.00,21.10,20.50,22.50,25.50,23.50,24.20,20.20,21.20,21.70,21.10,23.40,23.40,24.70,22.50,20.60,25.10,23.70,21.80,25.60,24.20,23.40,21.90,23.70,20.40,20.60,21.10,22.70,23.50,21.50,23.60,22.80,24.20,25.60,23.90,22.10,23.50,22.80,24.80,20.20,25.10,21.20,22.30,25.90,21.00,22.40,24.70,25.30,20.90,23.70,21.90,24.80,24.70,24.90,22.40
TLM_RCV,-81,FG-ALPHA,1713170478,AUTO,0,31.20,5.00,-85,100.00,8.33,3.28,5.02,1123,441,0,299,23.41,1013.40,12.00,406.30,12.88,51.10,1,1713170461,GSN-01,-91,23.00,77.10,43,0,0,7.80,85,10.06,22.00,21.60,20.30,24.20,23.30,20.90,25.20,23.50,22.60,21.20,22.20,20.40,23.50,23.80,20.70,25.30,22.50,25.10,24.20,20.30,24.10,25.90,22.10,21.10,21.60,21.90,20.80,22.60,23.70,24.10,20.70,20.50,21.20,21.20,25.30,21.30,23.00,23.60,25.20,22.00,21.90,20.10,25.20,21.40,20.50,22.30,20.60,23.90,20.50,23.40,24.20,20.40,22.10,22.80,21.20,25.80,23.10,25.90,24.10,21.60,23.10,22.10,24.20,22.30
TLM_RCV,-76,FG-ALPHA,1713170479,AUTO,0,31.11,5.00,-85,100.00,8.34,3.30,5.02,945,423,0,267,22.61,1013.50,12.10,405.20,12.88,51.10,1,1713170439,GSN-01,-93,23.00,74.30,43,0,0,7.78,84,10.06,22.40,22.20,23.00,20.40,20.60,24.00,22.10,25.80,22.90,25.00,25.10,24.30,25.60,23.50,23.20,23.90,21.90,25.70,23.60,25.40,22.40,25.70,24.80,20.40,25.10,21.60,23.30,23.80,24.40,20.40,23.40,20.10,22.00,22.30,22.30,24.00,25.80,24.50,23.60,24.50,20.40,25.00,22.40,20.20,22.90,20.00,21.50,25.90,24.40,25.60,20.70,23.70,24.40,21.30,23.00,24.30,24.40,25.80,25.10,21.70,25.50,22.70,25.50,25.00
TLM_RCV,-88,FG-ALPHA,1713170480,AUTO,0,32.12,5.00,-85,100.00,8.34,3.28,5.02,1026,423,0,268,23.01,1013.20,11.90,406.40,12.88,51.10,1,1713170443,GSN-01,-72,23.10,79.90,43,0,1,7.79,85,10.07,24.40,20.00,20.90,23.00,23.60,22.40,24.10,25.70,24.00,25.80,21.00,24.90,21.30,23.60,22.20,21.20,23.50,23.70,22.20,22.60,23.70,24.30,25.90,25.20,20.70,23.20,21.20,20.70,25.70,21.60,21.50,20.30,23.30,20.60,25.60,20.10,21.40,22.00,20.50,22.70,23.40,21.10,25.70,24.60,25.90,25.30,25.10,24.30,23.10,23.00,22.70,23.80,21.80,23.10,22.20,20.20,20.10,21.50,24.00,20.20,20.10,25.30,20.50,25.10
TLM_RCV,-90,FG-ALPHA,1713170481,AUTO,0,32.12,5.00,-85,100.00,8.34,3.29,5.02,871,423,0,264,22.24,1013.40,12.10,405.40,12.88,51.10,1,1713170428,GSN-01,-73,24.10,82.40,49,0,1,7.81,84,10.07,21.60,24.70,23.20,25.00,20.60,23.80,21.40,24.90,21.50,24.00,25.90,25.00,21.00,22.40,23.90,23.10,23.30,22.80,25.70,25.00,24.50,22.60,22.80,22.10,20.70,23.70,23.20,24.40,21.20,22.10,24.70,23.20,21.20,24.50,20.80,20.90,25.40,21.40,25.20,24.30,22.60,23.10,20.40,23.80,25.80,24.30,22.60,23.30,25.20,22.50,22.70,23.70,22.50,21.10,23.70,21.00,21.90,22.90,22.50,22.30,20.40,22.60,24.00,23.00
TLM_RCV,-65,FG-ALPHA,1713170482,AUTO,0,33.28,5.00,-85,100.00,8.33,3.31,5.02,1110,455,0,313,23.27,1012.90,11.80,404.60,12.88,51.10,1,1713170447,GSN-01,-73,24.20,77.90,46,0,0,7.79,85,10.08,22.40,23.20,21.00,23.00,23.20,22.50,21.30,20.50,21.60,25.20,24.10,20.20,21.70,23.30,23.50,25.60,23.40,25.50,21.50,25.30,21.20,20.90,23.90,21.60,20.70,21.40,22.00,23.70,21.10,21.80,25.90,24.70,22.80,20.40,25.90,25.40,23.30,25.10,21.00,24.90,25.80,23.00,23.20,25.70,24.30,25.90,23.70,24.60,24.30,21.90,24.80,25.20,25.10,23.80,24.70,21.90,22.80,22.70,21.80,22.10,22.00,21.70,20.40,20.20
TLM_RCV,-59,FG-ALPHA,1713170483,AUTO,0,33.24,5.00,-85,100.00,8.33,3.28,5.02,1038,448,0,306,22.95,1013.30,12.10,404.50,12.88,51.10,1,1713170432,GSN-01,-78,24.20,78.00,44,0,0,7.80,84,10.08,21.90,22.60,23.90,25.50,22.10,21.90,25.70,20.90,22.40,21.70,24.10,23.60,24.80,21.70,21.30,25.30,21.60,23.10,25.70,24.90,21.90,24.10,20.80,20.60,21.20,23.50,23.70,23.70,21.00,22.90,23.70,23.70,22.60,20.50,20.10,23.70,22.30,24.40,23.10,25.40,25.20,22.50,25.70,21.40,22.40,22.40,21.80,23.80,25.40,24.00,25.80,21.70,22.00,23.50,24.40,24.60,24.60,20.20,20.70,24.20,25.50,21.60,24.80,21.50
TLM_RCV,-92,FG-ALPHA,1713170484,AUTO,0,32.20,5.00,-85,100.00,8.33,3.29,5.02,929,440,0,286,22.44,1012.80,12.00,404.80,12.88,51.10,1,1713170440,GSN-01,-81,23.30,83.10,43,0,0,7.78,85,10.09,21.00,21.30,24.00,25.90,20.00,20.00,24.90,21.90,20.00,25.70,20.00,24.20,24.10,25.30,20.40,20.40,24.70,20.60,23.60,24.90,25.00,24.80,23.70,25.60,25.40,23.70,20.90,25.90,25.20,22.00,25.50,24.20,24.90,24.50,20.00,23.50,25.60,23.80,25.30,23.10,22.30,20.10,22.50,24.30,24.70,23.70,25.80,23.90,20.10,21.70,23.10,21.90,20.70,20.40,25.40,22.40,20.70,21.50,24.40,22.60,20.90,24.50,23.10,24.70
TLM_RCV,-61,FG-ALPHA,1713170485,AUTO,0,32.27,5.00,-85,100.00,8.33,3.29,5.02,957,454,0,296,22.51,1013.00,12.10,406.40,12.89,51.10,1,1713170452,GSN-01,-75,23.90,75.20,47,0,0,7.79,85,10.09,20.60,20.90,25.70,25.40,23.20,21.10,21.90,24.10,24.90,24.70,21.40,24.80,21.40,22.00,20.70,25.80,23.90,25.30,23.40,21.80,21.00,25.30,25.30,23.60,20.60,23.20,22.40,25.20,22.40,21.00,21.40,25.90,20.70,23.50,21.50,22.00,20.40,20.80,24.60,22.40,25.70,24.40,20.20,20.90,25.20,20.60,20.20,20.10,25.20,24.40,23.80,22.90,24.30,23.00,22.60,24.30,24.60,20.70,22.50,25.70,21.20,23.10,23.30,21.00
TLM_RCV,-41,FG-ALPHA,1713170486,AUTO,0,33.21,5.00,-85,100.00,8.33,3.28,5.02,900,442,0,292,22.29,1013.30,12.00,404.80,12.89,51.10,1,1713170472,GSN-01,-82,23.10,79.60,43,0,0,7.78,84,10.10,25.20,21.30,25.30,21.50,24.70,21.80,22.50,24.90,24.10,22.90,21.80,23.00,24.70,25.00,22.40,20.30,22.60,23.80,22.20,24.20,23.20,20.00,22.60,22.80,25.00,22.50,22.00,24.10,23.80,25.10,22.70,23.50,22.40,22.30,22.70,21.30,22.90,25.30,21.00,25.00,21.40,25.20,25.70,23.70,24.50,21.60,21.10,25.80,22.70,21.80,22.40,21.80,23.30,22.20,21.40,21.00,21.10,25.40,21.20,22.00,23.20,20.70,22.30,24.30
TLM_RCV,-71,FG-ALPHA,1713170487,AUTO,0,32.33,5.00,-85,100.00,8.33,3.31,5.02,923,467,0,323,22.28,1013.00,12.00,404.90,12.89,51.10,1,1713170429,GSN-01,-92,24.50,78.60,43,0,0,7.80,85,10.10,21.70,24.40,20.30,23.20,21.20,20.90,25.60,25.80,25.70,24.20,23.30,25.10,21.00,23.50,23.40,20.40,23.00,24.30,20.30,24.30,25.50,22.50,24.30,24.70,20.10,20.50,22.10,23.20,22.80,22.10,25.80,20.80,22.10,23.80,21.00,22.60,24.30,24.10,20.40,22.80,25.70,22.60,24.90,22.30,23.10,22.90,24.20,20.60,22.90,20.60,21.60,20.80,25.40,24.30,22.40,23.60,24.10,23.70,24.00,23.10,22.20,25.80,25.20,20.70
TLM_RCV,-91,FG-ALPHA,1713170488,AUTO,0,31.13,5.00,-85,100.00,8.34,3.29,5.02,810,426,0,281,21.92,1012.70,11.80,404.70,12.89,51.10,1,1713170435,GSN-01,-94,23.70,82.00,40,0,0,7.82,84,10.11,20.10,24.70,24.50,24.50,20.90,23.40,22.20,20.90,20.30,22.20,24.20,24.10,21.40,20.00,21.10,20.90,21.00,21.60,22.30,22.70,21.40,21.50,22.50,20.00,23.20,23.60,23.10,22.10,21.20,25.20,20.50,22.60,21.60,22.80,22.30,20.30,22.80,20.70,23.90,20.80,21.50,20.80,20.40,24.50,20.30,24.90,24.00,21.00,24.60,21.80,21.20,20.30,25.10,24.80,20.00,23.90,21.50,21.90,20.00,25.40,23.70,22.10,25.40,20.30
TLM_RCV,-41,FG-ALPHA,1713170489,AUTO,0,33.17,5.00,-85,99.96,8.33,3.29,5.02,0,434,0,282,22.17,1013.20,12.10,405.00,12.89,51.10,1,1713170465,GSN-01,-78,25.60,78.60,47,0,0,7.82,85,10.11,24.50,21.10,25.90,22.50,23.90,20.80,24.40,22.60,25.30,22.40,25.70,21.70,22.90,20.00,23.20,23.50,22.10,21.00,23.70,24.70,25.30,20.70,25.80,24.30,22.90,20.90,23.30,20.80,20.80,25.50,23.90,20.10,22.40,25.60,22.10,25.40,25.50,22.80,20.60,24.70,84.90,21.20,20.60,22.60,23.40,22.40,22.50,24.60,23.20,20.60,25.50,20.50,24.20,20.20,21.20,20.90,22.10,20.60,22.40,22.50,21.10,21.60,22.80,20.50
TLM_RCV,-95,FG-ALPHA,1713170490,AUTO,0,32.42,5.00,-85,100.00,8.33,3.30,5.02,1001,483,0,331,22.59,1012.90,11.80,404.50,12.89,51.10,1,1713170447,GSN-01,-84,25.40,81.10,44,0,1,7.81,84,10.12,25.60,25.30,21.80,25.10,24.30,24.50,21.30,23.00,23.20,20.30,23.70,21.50,24.40,23.30,25.30,23.70,21.40,24.20,24.90,23.40,22.40,25.20,25.50,21.70,20.90,22.80,23.40,23.10,25.30,23.00,25.40,25.00,23.10,21.40,24.80,72.10,22.60,23.10,25.20,22.10,22.20,20.10,24.40,22.70,21.30,25.90,21.00,25.50,20.40,20.00,21.20,23.80,24.50,23.50,25.80,22.70,23.00,22.40,25.20,23.60,25.60,22.40,20.80,23.80
TLM_RCV,-76,FG-ALPHA,1713170491,AUTO,0,32.44,5.00,-85,100.00,8.33,3.30,5.02,1028,487,0,334,22.70,1013.50,11.80,406.20,12.89,51.10,1,1713170469,GSN-01,-86,25.40,77.70,48,0,0,7.81,84,10.12,24.30,21.30,23.90,23.40,22.00,24.00,25.80,23.00,23.30,22.90,25.60,25.80,23.70,21.00,21.90,21.50,21.10,22.90,22.90,25.90,20.00,20.50,23.60,23.30,20.00,25.70,21.90,22.50,23.20,23.80,23.90,22.10,24.50,25.80,20.20,24.20,23.40,23.60,21.20,20.60,25.40,24.80,20.70,21.60,23.10,22.40,23.00,21.60,20.40,22.20,25.40,20.30,23.60,22.80,24.80,25.40,25.50,21.70,20.10,21.70,25.30,22.40,22.50,23.80
TLM_RCV,-70,FG-ALPHA,1713170492,AUTO,0,32.10,5.00,-85,99.96,8.34,3.30,5.02,0,421,0,273,22.10,1012.70,11.80,405.30,12.89,51.10,1,1713170449,GSN-01,-74,23.10,82.50,47,0,0,7.80,84,10.13,24.10,21.80,22.50,20.20,25.60,24.50,23.00,22.80,21.00,25.70,21.00,21.10,20.30,25.10,25.30,21.10,21.80,21.60,21.90,23.40,22.80,20.80,24.60,23.40,22.30,24.30,25.50,25.30,20.20,20.90,20.80,23.10,20.30,24.80,20.40,24.80,21.50,23.10,20.10,22.70,22.40,22.70,21.80,20.20,21.40,25.30,24.90,20.70,21.40,21.90,21.20,25.40,22.20,20.10,24.00,25.10,22.60,25.70,22.40,24.30,23.90,25.00,21.10,25.60
TLM_RCV,-77,FG-ALPHA,1713170493,AUTO,0,33.07,5.00,-85,100.00,8.34,3.30,5.02,1172,414,0,271,23.79,1013.50,12.10,405.50,12.89,51.10,1,1713170441,GSN-01,-89,23.30,77.50,46,0,0,7.80,84,10.13,24.90,21.40,23.50,24.40,20.80,20.10,23.30,25.00,20.00,20.90,23.30,20.20,20.10,24.60,21.50,21.60,25.80,20.90,25.90,21.80,20.40,21.40,25.80,25.30,20.80,25.10,23.50,20.90,21.70,22.80,22.30,24.10,23.80,24.90,25.30,21.30,23.40,24.50,20.30,20.70,24.70,25.40,20.90,24.00,24.40,24.90,25.60,23.30,23.70,24.50,23.70,23.50,23.60,20.10,21.90,20.20,23.70,25.10,25.20,21.20,21.80,23.70,22.20,21.00
TLM_RCV,-91,FG-ALPHA,1713170494,AUTO,0,31.20,5.00,-85,100.00,8.33,3.28,5.02,1041,440,0,288,23.00,1012.80,12.00,405.10,12.89,51.10,1,1713170478,GSN-01,-91,25.10,79.90,42,0,0,7.82,85,10.14,23.70,21.90,22.50,22.90,22.10,24.20,24.50,21.70,20.80,21.40,21.60,25.30,22.70,21.40,23.10,24.80,23.20,24.50,21.30,22.40,23.20,21.80,23.00,25.60,22.20,20.30,20.20,22.40,23.70,23.60,25.20,23.20,25.40,21.40,25.30,24.70,22.00,23.60,25.40,20.80,20.80,20.00,22.60,24.30,23.30,25.90,24.30,21.50,20.80,20.90,22.30,23.00,23.90,22.90,25.30,25.50,21.20,25.50,24.70,21.20,22.70,24.80,24.50,23.80
TLM_RCV,-53,FG-ALPHA,1713170495,AUTO,0,33.42,5.00,-85,100.00,8.33,3.28,5.02,1100,484,0,340,23.08,1012.90,11.80,405.70,12.90,51.10,1,1713170470,GSN-01,-90,23.00,79.30,48,0,0,7.81,84,10.14,21.40,22.00,23.60,25.80,21.50,22.20,24.20,25.60,25.50,23.90,25.20,20.80,24.50,21.50,20.20,22.70,21.70,25.20,25.40,24.40,22.10,23.60,23.60,23.10,20.50,23.00,23.00,25.70,21.80,21.50,25.10,25.40,23.90,24.80,25.70,20.90,22.80,22.10,25.90,20.90,20.80,22.50,24.50,23.00,20.70,25.90,21.70,20.80,22.20,25.50,21.50,21.30,21.10,20.20,21.20,22.00,25.90,23.00,23.50,25.30,20.20,22.00,21.70,21.00
TLM_RCV,-42,FG-ALPHA,1713170517,AUTO,0,32.07,5.00,-85,99.96,8.34,3.29,5.02,0,414,0,274,22.07,1013.60,11.80,406.30,12.92,51.40,1,1713170501,GSN-01,-89,25.20,75.80,45,0,0,7.78,85,10.15,20.60,21.90,23.20,25.10,23.40,24.90,21.20,25.80,20.70,24.50,20.90,20.70,25.60,23.10,25.20,21.70,21.10,20.60,22.20,21.00,25.20,20.80,22.70,25.50,24.90,21.50,23.00,21.60,24.40,20.60,25.20,22.70,22.50,25.50,20.70,20.20,22.30,22.80,21.20,23.40,24.60,20.40,25.30,21.10,20.40,20.90,25.80,24.70,20.80,24.30,25.70,25.30,20.10,25.70,20.90,22.60,25.60,20.00,21.20,21.00,23.00,20.30,24.10,23.30
TLM_RCV,-95,FG-ALPHA,1713170518,AUTO,0,31.25,5.00,-85,100.00,8.33,3.31,5.02,1095,449,0,294,23.23,1013.10,12.10,405.50,12.92,51.40,1,1713170474,GSN-01,-83,23.30,81.30,42,0,0,7.81,84,10.15,25.30,22.60,20.10,20.40,20.60,23.80,20.20,23.30,24.50,21.20,22.00,25.20,21.70,25.50,21.10,20.40,23.80,20.80,23.30,25.50,24.40,22.40,23.90,20.80,25.10,24.00,25.80,21.50,21.60,22.70,25.70,21.70,24.60,22.80,23.40,20.60,22.80,21.30,22.50,22.00,21.20,24.40,25.00,25.30,20.30,24.30,21.40,22.30,25.40,22.90,20.60,25.40,24.10,23.10,22.80,23.90,22.70,24.00,24.30,21.10,25.00,22.10,23.40,21.30
TLM_RCV,-78,FG-ALPHA,1713170519,AUTO,0,32.40,5.00,-85,100.00,8.33,3.31,5.02,921,480,0,321,22.20,1013.30,12.00,406.00,12.92,51.40,1,1713170477,GSN-01,-88,25.80,82.40,45,0,0,7.79,85,10.16,20.40,24.30,25.50,25.80,25.80,21.50,23.90,22.70,20.10,25.20,23.40,20.10,24.80,20.50,23.50,21.50,24.30,23.70,25.90,25.90,21.50,25.10,20.60,23.50,25.70,25.00,24.00,21.20,25.00,24.10,22.00,20.50,20.70,25.00,23.70,22.90,21.50,21.40,22.40,25.30,23.90,25.20,22.10,20.50,21.00,23.00,23.10,20.90,24.10,24.90,25.30,23.80,25.80,21.90,25.90,25.30,24.30,22.00,22.40,24.20,23.40,20.00,22.50,23.30
TLM_RCV,-72,FG-ALPHA,1713170520,AUTO,0,31.11,5.00,-85,100.00,8.34,3.31,5.02,933,422,0,268,22.56,1013.60,12.00,406.20,12.92,51.40,1,1713170479,GSN-01,-89,23.80,80.90,49,0,0,7.82,85,10.16,25.70,22.40,23.90,21.60,21.90,23.80,21.00,21.40,24.50,21.70,23.70,22.20,22.60,20.10,24.00,20.30,22.20,20.40,21.50,25.80,22.00,21.70,20.20,21.80,25.70,21.20,21.20,21.10,21.40,24.00,24.60,23.40,23.70,24.10,22.40,20.90,21.50,20.10,25.80,21.50,25.80,20.50,21.90,22.40,25.10,21.80,21.20,20.70,23.80,24.90,22.90,23.80,23.30,22.60,24.40,24.20,20.20,23.60,22.00,24.90,21.50,24.00,21.90,21.30
TLM_RCV,-75,FG-ALPHA,1713170521,AUTO,0,32.13,5.00,-85,100.00,8.34,3.29,5.02,900,425,0,283,22.37,1012.70,11.90,404.60,12.92,51.40,1,1713170495,GSN-01,-87,23.50,81.60,43,0,1,7.82,85,10.17,23.10,24.20,22.90,20.20,20.20,25.80,25.60,24.00,20.80,20.50,25.50,25.60,25.10,21.10,20.90,22.00,22.50,20.60,20.80,24.50,25.00,24.10,23.70,21.00,21.80,21.30,20.80,24.90,21.80,22.10,22.40,21.60,21.10,20.00,24.00,23.40,24.80,21.70,25.20,24.90,20.90,21.20,24.30,22.80,20.70,22.20,20.60,24.00,24.60,20.20,23.50,22.70,23.30,23.20,22.70,25.30,20.70,21.30,20.30,20.30,21.20,25.00,21.50,21.40
TLM_RCV,-81,FG-ALPHA,1713170522,AUTO,0,31.06,5.00,-85,99.96,8.34,3.29,5.02,0,412,0,268,22.06,1012.90,12.00,405.20,12.92,51.40,1,1713170472,GSN-01,-86,24.80,81.80,45,0,0,7.82,84,10.17,23.90,21.00,20.90,21.10,23.20,22.60,25.90,24.60,25.70,23.50,25.30,25.90,21.90,21.50,20.10,22.10,23.40,22.20,20.20,21.10,24.00,21.60,25.10,21.30,22.90,24.40,22.30,22.40,24.50,21.00,24.60,25.90,25.10,21.10,22.90,20.70,21.60,21.60,21.20,24.20,20.40,20.20,22.20,23.60,25.30,23.40,21.80,25.10,22.70,25.00,22.70,25.40,20.40,22.90,24.00,21.20,23.10,20.80,23.30,23.40,24.30,20.90,24.80,23.10
TLM_RCV,-45,FG-ALPHA,1713170523,AUTO,0,31.33,5.00,-85,99.91,8.33,3.31,5.02,0,466,0,312,22.33,1013.20,12.10,406.20,12.92,51.40,1,1713170474,GSN-01,-77,24.60,75.00,48,0,0,7.78,85,10.18,25.60,21.50,25.60,20.40,25.20,24.10,24.80,25.10,22.60,20.30,20.30,20.70,25.10,22.00,24.50,22.30,22.80,21.50,23.00,22.70,22.10,21.80,25.20,24.50,23.00,24.90,24.80,25.00,22.30,22.60,25.60,22.30,23.40,20.60,20.50,23.20,21.50,22.20,20.50,25.90,24.10,25.50,25.40,21.00,23.00,23.20,25.20,20.80,25.60,20.40,23.50,22.70,21.70,23.20,24.70,24.80,21.80,21.90,24.30,25.90,25.30,22.50,22.60,23.10
TLM_RCV,-66,FG-ALPHA,1713170524,AUTO,0,31.13,5.00,-85,99.97,8.34,3.28,5.02,955,426,0,284,22.65,1013.40,11.90,406.10,12.92,51.40,1,1713170507,GSN-01,-83,24.00,79.40,45,0,0,7.78,85,10.18,22.30,20.10,23.50,24.60,23.30,25.10,25.70,22.30,21.50,25.40,20.20,24.30,22.50,22.00,20.50,20.20,24.10,20.00,23.80,23.10,22.80,20.60,23.40,24.90,21.80,23.90,22.10,25.20,24.10,24.20,25.80,24.20,24.00,25.00,20.00,22.30,21.60,25.80,25.50,20.40,24.90,23.10,23.40,20.40,21.30,21.00,22.90,20.80,21.70,24.30,24.80,24.30,24.70,21.50,23.50,22.10,20.90,22.00,20.60,20.70,21.20,25.00,23.70,21.60
TLM_RCV,-65,FG-ALPHA,1713170525,AUTO,0,31.35,5.00,-85,99.92,8.33,3.29,5.02,0,470,0,320,22.35,1013.10,12.00,406.30,12.93,51.40,1,1713170474,GSN-01,-88,24.10,80.90,41,0,0,7.79,84,10.19,21.90,21.20,24.60,21.60,23.10,23.00,25.80,24.70,24.10,23.10,20.40,24.00,21.60,22.20,20.80,22.30,21.10,25.30,23.30,22.40,22.20,23.10,21.90,23.90,21.90,21.00,24.80,24.70,21.80,22.60,21.60,21.30,23.10,20.50,20.00,23.00,20.80,24.20,25.70,21.30,23.00,22.40,25.70,20.80,20.50,22.00,24.40,24.10,22.30,24.80,21.20,22.60,20.80,21.60,23.10,22.30,22.30,25.70,23.00,23.90,22.90,20.40,21.30,24.40
TLM_RCV,-41,FG-ALPHA,1713170526,AUTO,0,32.48,5.00,-85,99.98,8.33,3.29,5.02,1067,496,0,348,22.85,1013.10,11.90,406.30,12.93,51.40,1,1713170490,GSN-01,-86,25.80,74.80,47,0,0,7.81,84,10.19,22.90,22.10,25.10,22.00,25.90,25.70,22.60,20.40,20.70,25.10,25.90,21.20,20.10,21.10,21.70,25.50,22.40,20.70,24.50,25.90,21.00,21.40,23.50,23.60,24.10,22.30,22.40,21.20,20.00,21.90,25.50,20.70,24.30,25.20,20.30,20.80,23.20,20.60,24.90,24.40,23.10,23.00,25.00,20.60,23.90,22.60,20.60,24.50,22.10,22.20,22.60,21.20,24.20,20.80,24.90,23.20,25.30,22.50,22.20,23.70,21.10,20.50,21.50,24.60
TLM_RCV,-47,FG-ALPHA,1713170527,AUTO,0,32.43,5.00,-85,99.93,8.33,3.29,5.02,0,486,0,346,22.43,1013.60,12.00,406.40,12.93,51.40,1,1713170513,GSN-01,-72,25.30,80.30,43,0,0,7.80,84,10.20,22.10,21.90,20.80,25.50,21.90,21.30,23.00,25.50,20.70,25.00,20.00,23.00,20.10,25.90,22.20,23.40,21.10,22.10,21.70,24.20,21.50,25.90,20.20,24.40,24.30,24.10,22.90,25.00,24.50,25.50,22.20,21.20,20.90,20.50,22.70,24.60,25.50,23.40,23.60,20.00,22.40,24.90,21.70,24.60,22.90,22.30,20.40,24.60,20.40,20.70,24.40,21.60,22.20,20.00,23.50,21.00,20.20,25.20,22.00,24.70,21.00,21.40,21.30,22.70
TLM_RCV,-82,FG-ALPHA,1713170528,AUTO,0,31.38,5.00,-85,99.97,8.33,3.31,5.02,938,476,0,325,22.31,1013.60,12.00,405.20,12.93,51.40,1,1713170472,GSN-01,-76,25.70,81.10,40,0,0,7.80,84,10.20,22.20,23.70,24.10,25.50,24.80,23.40,23.30,25.50,24.80,22.20,25.00,24.40,23.50,23.10,23.90,21.60,25.80,25.50,24.90,22.90,23.90,20.10,20.40,23.40,24.90,21.90,20.30,24.40,20.80,25.20,22.40,21.30,23.80,21.00,23.40,21.60,22.50,21.30,24.30,25.00,21.90,22.00,21.30,22.30,21.90,20.10,21.50,24.70,22.10,22.70,21.60,20.80,25.20,22.20,22.30,25.90,21.80,24.50,21.90,22.60,22.20,24.40,20.30,20.40
TLM_RCV,-59,FG-ALPHA,1713170529,AUTO,0,31.17,5.00,-85,100.00,8.34,3.28,5.02,1089,433,0,278,23.28,1013.60,11.80,405.50,12.93,51.40,1,1713170498,GSN-01,-71,25.70,74.50,43,0,0,7.79,85,10.21,22.60,23.20,23.90,22.50,21.00,25.10,22.90,24.50,21.60,22.50,21.30,25.30,21.00,23.50,25.60,25.80,24.30,23.10,20.80,25.90,24.20,25.60,20.40,25.40,22.40,21.60,20.70,22.70,23.20,23.80,21.50,24.40,20.40,23.30,20.20,24.00,25.60,24.90,22.50,23.50,22.20,25.90,24.20,22.00,25.80,23.90,22.50,21.50,24.00,22.90,20.80,22.40,24.10,20.20,21.10,21.60,23.50,22.00,24.20,21.50,22.60,22.80,23.80,23.30
TLM_RCV,-86,FG-ALPHA,1713170530,AUTO,0,33.37,5.00,-85,100.00,8.33,3.30,5.02,1181,473,0,315,23.54,1013.40,12.10,405.50,12.93,51.40,1,1713170498,GSN-01,-76,23.70,81.50,40,0,0,7.82,85,10.21,21.30,24.80,20.30,20.60,23.70,20.90,25.20,20.40,21.60,25.40,25.30,22.40,25.00,22.20,20.30,24.70,20.40,23.30,22.30,23.10,21.90,24.50,22.60,21.40,25.90,21.80,25.40,20.50,25.60,20.60,20.50,24.20,25.50,23.00,23.50,22.90,21.40,25.10,25.00,24.00,24.70,20.40,22.50,21.20,21.40,20.90,22.20,21.20,23.80,21.10,21.90,22.10,23.00,24.50,23.70,24.30,22.10,25.10,22.20,21.90,24.80,25.90,25.80,22.50
TLM_RCV,-83,FG-ALPHA,1713170531,AUTO,0,33.06,5.00,-85,100.00,8.34,3.29,5.02,985,413,0,268,22.86,1013.00,12.10,405.50,12.93,51.40,1,1713170512,GSN-01,-73,24.70,75.20,44,0,0,7.78,84,10.22,24.50,22.60,24.20,22.10,23.20,21.60,22.30,21.10,24.30,22.70,20.10,25.00,23.60,25.50,25.40,24.10,25.90,22.50,21.10,21.70,23.60,25.10,24.80,20.70,24.50,20.30,21.70,24.40,23.70,25.00,22.50,25.60,22.30,25.40,20.00,21.30,23.50,25.40,22.70,25.60,23.90,23.20,21.90,23.00,20.90,24.20,22.20,23.50,21.70,24.60,25.90,24.30,24.80,25.80,25.60,20.60,21.00,20.80,25.30,20.10,24.50,23.90,24.50,21.50
TLM_RCV,-86,FG-ALPHA,1713170532,AUTO,0,33.28,5.00,-85,100.00,8.33,3.31,5.02,807,455,0,304,21.76,1013.10,11.80,404.90,12.93,51.40,1,1713170485,GSN-01,-75,25.70,74.80,46,0,0,7.79,85,10.22,21.90,24.80,20.10,23.80,21.20,23.20,22.40,25.40,25.10,21.70,22.80,23.20,21.60,21.00,20.00,23.50,20.10,23.70,23.10,21.50,22.80,23.70,22.70,22.30,20.60,21.40,23.40,25.40,20.60,25.40,24.60,22.90,20.90,22.50,24.30,20.60,23.80,22.80,22.90,21.90,22.80,23.10,22.30,21.40,25.60,22.90,24.80,22.20,22.20,25.10,25.80,22.30,24.50,23.30,24.30,22.00,22.20,23.40,25.40,23.40,23.20,21.10,20.70,24.90
TLM_RCV,-49,FG-ALPHA,1713170533,AUTO,0,33.38,5.00,-85,100.00,8.33,3.29,5.02,1064,477,0,337,22.93,1013.50,12.10,405.60,12.93,51.40,1,1713170520,GSN-01,-82,23.00,74.40,49,0,0,7.82,85,10.23,21.80,23.40,23.90,23.30,25.70,24.10,24.40,22.40,20.50,22.70,21.20,23.00,24.40,23.70,23.40,20.00,20.00,22.10,21.70,25.60,20.90,24.30,25.80,24.20,23.30,24.60,25.30,21.70,24.40,24.40,20.20,20.50,21.60,21.90,25.60,24.70,23.10,24.20,22.00,20.30,23.50,24.80,25.00,25.90,25.60,25.90,23.50,24.80,23.80,24.80,22.80,22.50,22.60,24.80,20.20,25.60,23.10,25.10,23.10,25.40,21.30,25.80,23.50,23.50
TLM_RCV,-94,FG-ALPHA,1713170534,AUTO,0,32.11,5.00,-85,100.00,8.34,3.30,5.02,923,422,0,263,22.50,1012.90,11.90,405.40,12.93,51.40,1,1713170501,GSN-01,-88,25.10,78.80,43,0,0,7.80,84,10.23,22.70,24.00,20.70,23.70,25.20,24.20,20.80,24.20,25.10,23.40,21.60,23.70,25.20,20.10,21.60,25.30,20.10,22.00,24.30,20.90,23.60,23.00,25.70,23.70,25.20,20.10,21.80,20.20,24.70,23.40,24.90,22.70,21.90,25.20,24.20,22.00,23.70,20.10,24.00,20.10,23.10,21.30,24.10,22.50,23.40,22.60,23.60,23.20,23.30,21.00,21.90,23.40,23.10,23.00,21.50,24.30,22.20,21.80,22.30,22.40,24.70,24.10,24.30,23.10
TLM_RCV,-67,FG-ALPHA,1713170535,AUTO,0,33.29,5.00,-85,100.00,8.33,3.30,5.02,815,459,0,303,21.78,1013.30,12.10,404.60,12.94,51.40,1,1713170505,GSN-01,-86,25.30,76.90,45,0,0,7.82,85,10.24,24.10,22.70,24.50,20.20,21.50,20.10,21.10,20.40,21.70,20.60,22.60,20.80,20.40,21.10,25.00,23.80,20.80,23.50,23.30,20.90,25.20,24.90,20.60,20.90,20.80,24.00,25.00,20.30,23.90,23.40,21.10,21.20,21.40,24.30,20.60,22.60,23.40,20.10,25.40,24.90,24.20,24.40,25.80,21.90,25.60,24.80,23.70,21.20,21.90,25.40,22.40,24.00,23.90,25.80,24.00,23.10,22.80,24.30,21.80,21.10,25.50,20.00,24.60,20.20
TLM_RCV,-47,FG-ALPHA,1713170536,AUTO,0,33.24,5.00,-85,100.00,8.33,3.29,5.02,1123,447,0,289,23.38,1013.20,12.10,404.60,12.94,51.40,1,1713170485,GSN-01,-91,25.70,74.30,47,0,0,7.78,85,10.24,22.30,25.80,25.90,20.50,20.00,25.60,21.10,21.30,21.30,20.80,20.20,23.70,24.30,24.20,23.70,20.80,25.50,20.60,20.20,21.30,24.10,20.60,25.90,21.30,23.10,23.40,24.20,23.80,23.50,25.90,24.60,23.50,22.30,23.00,20.90,25.00,25.50,23.40,21.20,23.60,21.80,24.50,20.30,20.50,23.60,23.30,25.90,20.10,22.80,24.00,22.70,25.10,23.00,24.30,25.40,25.70,22.30,22.50,25.50,23.90,23.20,20.90,22.60,24.50
TLM_RCV,-61,FG-ALPHA,1713170537,AUTO,0,32.19,5.00,-85,100.00,8.33,3.30,5.02,999,439,0,296,22.80,1013.30,12.10,406.40,12.94,51.40,1,1713170517,GSN-01,-74,24.20,78.00,46,0,0,7.80,84,10.25,20.10,22.70,25.00,20.40,25.30,21.10,20.70,22.00,21.30,77.70,21.00,22.90,20.50,22.20,20.70,21.10,20.40,22.10,24.90,22.10,22.00,25.80,24.40,20.90,24.00,23.30,23.60,24.50,23.90,24.90,23.40,23.50,20.40,20.40,24.70,20.70,21.70,20.60,25.60,24.70,21.70,22.10,23.10,22.50,24.80,23.00,25.90,21.60,22.80,22.90,22.00,21.80,24.40,25.20,20.00,21.10,24.20,21.80,20.80,21.20,22.70,25.10,25.60,23.80
TLM_RCV,-63,FG-ALPHA,1713170538,AUTO,0,32.36,5.00,-85,100.00,8.33,3.31,5.02,1192,472,0,326,23.60,1013.20,12.00,406.20,12.94,51.40,1,1713170490,GSN-01,-76,24.30,77.60,48,0,0,7.82,84,10.25,22.70,24.80,21.40,21.30,20.40,23.40,22.00,22.70,22.50,22.90,20.80,25.60,23.40,24.40,22.10,23.70,21.10,24.50,24.10,23.60,23.40,25.90,21.00,22.60,21.10,23.90,22.60,25.80,24.10,20.90,24.50,25.60,20.90,24.70,21.10,23.90,23.60,24.60,20.20,25.30,25.50,22.20,22.90,23.50,22.80,25.00,21.10,23.20,25.90,22.10,23.70,24.70,20.40,22.00,22.50,22.50,25.20,23.30,24.60,20.50,20.60,23.90,20.00,20.70
TLM_RCV,-46,FG-ALPHA,1713170539,AUTO,0,31.36,5.00,-85,99.95,8.33,3.29,5.02,0,473,0,319,22.36,1013.30,12.00,405.10,12.94,51.40,1,1713170525,GSN-01,-92,25.90,82.40,48,0,0,7.82,84,10.26,21.40,22.70,20.80,21.30,22.80,24.90,24.10,25.30,25.10,24.10,23.70,22.80,21.40,22.20,23.10,23.50,20.70,24.60,23.60,20.90,25.90,24.70,23.00,23.80,25.40,20.90,22.90,23.20,20.00,25.50,24.50,22.10,24.60,25.70,24.20,24.20,21.00,24.40,25.80,23.50,21.20,25.90,24.10,24.00,22.10,21.80,21.90,22.30,23.60,21.40,24.10,23.50,24.40,22.50,25.00,23.10,23.50,24.70,20.40,24.80,22.30,23.40,23.60,25.70
TLM_RCV,-75,FG-ALPHA,1713170540,AUTO,0,31.17,5.00,-85,100.00,8.33,3.29,5.02,1073,435,0,289,23.19,1013.60,12.00,405.30,12.94,51.40,1,1713170495,GSN-01,-85,25.20,74.40,48,0,0,7.82,85,10.26,25.80,20.80,23.60,23.40,21.20,20.90,23.30,22.90,23.40,24.40,25.40,20.50,22.60,21.10,25.70,24.50,21.00,20.50,22.10,20.60,25.40,22.90,23.10,23.00,22.60,20.50,25.30,22.40,24.90,24.70,20.30,21.50,21.40,21.60,22.70,23.20,20.10,22.30,25.00,23.80,25.50,21.50,23.20,20.80,25.10,25.90,25.80,23.00,24.20,22.80,24.50,20.70,21.90,22.40,24.70,24.70,24.60,25.10,24.20,24.80,20.50,23.30,25.10,25.10
TLM_RCV,-88,FG-ALPHA,1713170541,AUTO,0,31.20,5.00,-85,100.00,8.33,3.28,5.02,819,441,0,300,21.89,1013.50,12.00,406.00,12.94,51.40,1,1713170512,GSN-01,-77,23.40,75.00,44,0,0,7.79,85,10.27,20.10,22.10,24.70,25.60,23.30,22.30,25.50,25.40,22.70,20.90,20.70,22.30,24.70,23.00,24.50,21.60,21.20,20.00,23.70,23.20,22.40,23.80,24.80,20.30,21.30,23.40,23.30,21.60,22.70,23.20,24.60,20.40,20.30,22.50,22.10,20.70,25.60,25.00,23.40,23.80,25.50,24.30,20.30,22.80,25.00,23.40,21.70,23.30,25.60,22.10,21.90,20.20,21.40,21.00,24.10,21.80,25.40,23.50,23.00,25.70,24.90,22.10,21.30,23.70
TLM_RCV,-86,FG-ALPHA,1713170542,AUTO,0,32.40,5.00,-85,100.00,8.33,3.29,5.02,922,479,0,323,22.22,1013.40,11.80,404.90,12.94,51.40,1,1713170514,GSN-01,-90,25.50,80.80,49,0,0,7.81,85,10.27,25.00,23.40,25.80,21.70,22.50,20.50,22.50,25.60,25.70,22.10,22.90,20.40,22.80,25.90,24.20,25.00,21.50,24.90,23.60,22.00,21.80,24.60,25.20,25.10,20.30,21.70,24.40,22.90,25.00,25.30,20.30,21.80,20.20,25.00,23.20,21.80,25.10,21.00,23.40,22.60,25.30,24.70,23.00,24.40,22.40,25.50,24.20,21.10,21.60,21.10,22.60,24.40,21.50,22.10,20.80,20.70,24.70,22.30,23.00,21.50,23.40,22.70,22.80,21.50
TLM_RCV,-72,FG-ALPHA,1713170543,AUTO,0,33.03,5.00,-85,99.96,8.34,3.29,5.02,0,405,0,260,22.02,1012.70,11.80,404.90,12.94,51.40,1,1713170512,GSN-01,-82,25.00,80.30,46,0,0,7.82,84,10.28,24.70,24.60,21.90,23.80,24.50,23.00,23.20,25.60,25.70,25.90,20.40,23.00,20.40,22.10,25.00,23.60,25.50,25.50,25.20,20.50,21.70,23.90,25.00,20.00,21.60,21.00,21.70,21.20,22.60,22.00,22.40,24.00,22.90,24.10,20.70,24.40,23.90,23.70,22.50,21.50,21.10,24.60,20.70,25.00,22.50,21.80,20.20,21.80,21.60,20.30,23.80,21.80,24.80,25.60,23.40,21.20,23.10,24.90,21.10,22.70,23.70,20.90,25.50,25.50
TLM_RCV,-43,FG-ALPHA,1713170544,AUTO,0,32.05,5.00,-85,100.00,8.34,3.30,5.02,1058,410,0,269,23.24,1013.00,11.80,404.50,12.94,51.40,1,1713170494,GSN-01,-75,24.50,74.10,42,0,0,7.78,84,10.28,22.30,25.30,23.10,21.20,25.40,21.00,22.30,21.50,20.70,25.10,22.80,23.30,20.30,23.30,21.80,22.50,25.80,22.10,20.70,22.40,22.60,22.90,23.20,24.10,23.00,23.80,21.50,24.60,25.80,22.40,20.00,22.50,21.60,21.30,22.30,22.30,20.20,21.10,23.50,22.90,24.80,20.40,21.70,25.40,24.20,20.80,21.30,25.20,24.60,23.80,23.00,20.00,22.60,23.30,23.10,21.80,24.60,25.10,24.40,25.50,25.80,25.80,20.40,21.20
TLM_RCV,-78,FG-ALPHA,1713170545,AUTO,0,31.32,5.00,-85,100.00,8.33,3.28,5.02,932,463,0,309,22.34,1013.20,12.10,406.10,12.95,51.40,1,1713170513,GSN-01,-85,25.60,75.30,40,0,0,7.82,84,10.29,25.30,22.90,21.80,20.10,23.20,20.10,22.50,21.30,21.10,22.70,21.80,20.90,22.30,24.60,23.30,20.30,23.00,22.70,25.60,23.80,22.90,22.50,25.80,23.50,20.90,20.50,25.20,21.90,23.50,25.30,24.50,23.40,23.50,24.40,25.40,25.00,22.90,22.20,21.60,25.10,22.20,22.50,24.10,25.30,20.30,22.60,22.20,20.60,20.30,23.00,24.50,25.20,20.00,21.40,24.10,23.10,22.70,24.20,23.30,25.40,21.20,20.20,21.90,23.40
TLM_RCV,-74,FG-ALPHA,1713170546,AUTO,0,31.33,5.00,-85,99.95,8.33,3.29,5.02,0,465,0,319,22.33,1013.10,11.80,405.30,12.95,51.40,1,1713170522,GSN-01,-71,23.50,75.80,48,0,0,7.78,84,10.29,21.30,22.80,23.60,25.90,24.00,21.00,20.90,20.50,23.80,25.50,24.00,23.40,22.00,24.10,21.00,23.30,23.30,25.60,24.90,20.70,25.00,23.70,24.80,24.50,21.20,20.80,25.00,21.80,21.20,20.00,24.40,25.00,22.40,20.30,25.20,22.20,20.20,21.20,20.00,25.40,25.90,20.10,22.80,24.10,20.70,23.10,20.80,24.80,21.40,23.80,21.90,23.20,23.00,22.50,24.20,21.00,20.50,23.30,20.40,23.90,23.20,23.10,23.70,20.70
TLM_RCV,-83,FG-ALPHA,1713170547,AUTO,0,31.03,5.00,-85,100.00,8.34,3.28,5.02,868,407,0,261,22.31,1013.30,12.00,405.20,12.95,51.40,1,1713170521,GSN-01,-90,24.90,75.10,40,0,0,7.81,84,10.30,25.70,20.70,20.20,22.20,20.10,22.90,22.90,20.70,20.50,24.50,24.60,20.80,22.40,24.60,25.40,23.40,22.80,23.00,21.10,25.20,23.80,23.70,25.80,25.50,25.40,20.70,21.80,24.50,21.50,24.30,22.50,22.50,21.40,23.20,21.20,21.30,21.30,23.10,25.70,25.40,23.80,25.50,22.30,22.70,22.50,23.50,24.50,21.00,22.10,25.00,20.80,23.40,25.50,22.60,24.90,23.60,25.50,20.20,20.20,20.20,25.10,24.60,25.00,25.40
TLM_RCV,-66,FG-ALPHA,1713170548,AUTO,0,32.19,5.00,-85,100.00,8.33,3.28,5.02,1135,439,0,298,23.48,1013.20,11.90,406.20,12.95,51.40,1,1713170530,GSN-01,-93,24.80,73.40,48,0,1,7.80,84,10.30,20.10,21.10,23.70,24.90,22.90,23.80,21.00,22.00,25.10,20.40,23.60,22.00,25.40,21.10,20.40,23.40,20.40,25.80,24.60,25.60,23.00,24.80,25.70,24.80,23.20,21.60,21.70,24.40,21.30,22.10,22.80,25.10,21.00,23.60,22.20,23.50,24.70,21.80,25.20,21.80,25.60,24.50,22.50,20.30,22.90,20.50,25.20,21.10,23.10,21.80,21.90,20.90,22.20,25.40,23.60,22.40,24.60,24.30,20.40,25.20,23.00,22.10,20.40,20.30
TLM_RCV,-75,FG-ALPHA,1713170549,AUTO,0,33.33,5.00,-85,100.00,8.33,3.31,5.02,1071,465,0,322,23.03,1012.70,12.10,406.10,12.95,51.40,1,1713170528,GSN-01,-82,24.00,74.90,43,0,1,7.81,85,10.31,21.20,20.40,20.90,24.80,25.00,20.00,20.50,25.50,21.10,22.40,25.50,23.70,24.50,24.70,22.10,22.40,22.80,21.90,20.30,23.50,21.50,21.50,24.80,24.10,23.50,24.20,22.60,20.00,24.50,22.70,20.30,23.90,21.60,21.50,20.00,25.80,23.30,21.20,24.90,24.70,22.80,24.90,23.30,23.80,23.10,22.80,22.60,22.00,24.60,21.10,25.90,24.20,23.90,24.20,23.60,24.60,24.60,25.30,22.70,24.30,20.20,20.10,23.70,25.50
TLM_RCV,-51,FG-ALPHA,1713170550,AUTO,0,32.28,5.00,-85,99.95,8.33,3.28,5.02,0,455,0,315,22.27,1012.90,11.80,406.40,12.95,51.40,1,1713170537,GSN-01,-93,25.50,78.50,46,0,0,7.79,84,10.31,22.60,22.80,23.20,25.90,23.90,22.80,25.00,22.50,21.70,21.40,21.60,23.60,21.90,23.50,25.60,23.70,24.50,23.60,20.20,22.80,24.60,24.30,22.10,20.90,25.70,23.20,24.20,21.80,21.30,21.40,21.60,23.50,24.40,22.60,25.00,25.30,24.30,20.30,23.50,21.30,23.90,23.40,24.70,22.20,23.60,23.90,20.90,25.40,23.30,25.70,22.80,20.90,22.60,23.80,21.50,25.10,20.20,23.20,21.10,23.80,25.40,23.90,24.20,22.10
TLM_RCV,-87,FG-ALPHA,1713170551,AUTO,0,32.21,5.00,-85,100.00,8.33,3.28,5.02,1103,442,0,290,23.31,1012.80,12.00,406.20,12.95,51.40,1,1713170508,GSN-01,-87,24.40,74.50,45,0,1,7.80,84,10.32,21.40,20.40,23.40,21.20,24.30,23.00,25.30,20.20,22.90,25.00,24.40,20.60,23.60,22.90,25.30,25.50,25.60,23.10,22.60,20.50,21.40,20.60,22.60,25.10,21.00,21.10,21.10,20.10,24.50,22.90,20.50,22.10,21.60,24.80,23.40,25.90,25.00,21.00,25.10,20.40,20.20,25.30,24.10,24.60,22.70,22.10,22.20,21.50,23.20,24.10,21.00,21.80,23.00,24.90,21.90,24.50,22.30,24.20,24.90,22.00,20.40,23.70,24.10,22.70
TLM_RCV,-41,FG-ALPHA,1713170552,AUTO,0,31.40,5.00,-85,100.00,8.33,3.30,5.02,1080,480,0,324,23.00,1013.10,12.00,406.30,12.95,51.40,1,1713170540,GSN-01,-82,23.70,79.20,42,0,1,7.80,85,10.32,21.00,24.60,21.10,25.60,22.50,25.90,23.70,21.50,21.50,21.50,20.20,22.70,22.80,25.50,23.60,20.20,23.20,21.80,20.50,21.80,24.30,20.60,24.70,25.10,22.40,22.00,21.30,21.00,23.90,23.90,22.10,20.30,21.20,25.80,24.00,24.20,24.50,23.00,23.20,22.40,24.10,23.40,22.20,23.10,25.10,25.40,25.40,22.20,24.90,21.40,21.60,25.50,22.40,21.60,25.90,23.40,25.70,22.50,22.70,20.30,23.30,24.10,21.90,23.00
TLM_RCV,-53,FG-ALPHA,1713170553,AUTO,0,31.44,5.00,-85,100.00,8.33,3.31,5.02,1065,489,0,334,22.88,1012.90,12.00,405.90,12.95,51.40,1,1713170499,GSN-01,-72,24.70,78.40,48,0,0,7.81,85,10.33,23.10,24.40,25.60,24.00,21.50,22.20,20.60,21.40,21.20,20.50,24.00,23.90,22.00,22.80,20.80,21.90,22.20,24.50,21.70,23.20,22.30,20.60,23.20,23.80,22.80,20.30,21.80,23.60,23.40,22.90,24.90,22.20,20.80,24.30,22.90,24.20,21.10,21.50,21.80,21.50,24.60,22.00,24.60,20.80,25.20,20.70,21.90,20.70,22.40,25.60,20.80,23.20,22.90,22.80,22.00,22.80,23.20,24.40,22.60,24.30,23.70,25.20,20.90,25.70
TLM_RCV,-95,FG-ALPHA,1713170554,AUTO,0,31.17,5.00,-85,99.96,8.33,3.31,5.02,0,434,0,286,22.17,1012.80,11.80,406.40,12.95,51.40,1,1713170499,GSN-01,-74,23.70,79.40,44,0,1,7.81,84,10.33,24.80,22.30,25.60,25.80,21.60,22.30,24.40,21.20,22.60,22.10,24.70,25.60,24.00,21.40,24.40,20.60,25.10,25.70,25.00,20.90,24.70,23.10,22.30,22.50,25.90,22.70,21.10,24.30,21.40,25.90,21.70,20.40,22.10,22.90,23.90,22.10,24.80,25.30,25.80,24.70,25.60,25.10,24.00,22.20,20.20,25.00,24.40,21.40,21.80,22.70,22.90,24.20,21.00,20.00,23.20,20.30,25.40,24.30,23.10,21.30,21.80,21.30,20.70,21.70
TLM_RCV,-70,FG-ALPHA,1713170555,AUTO,0,31.08,5.00,-85,100.00,8.34,3.29,5.02,989,416,0,276,22.86,1013.50,11.80,405.90,12.96,51.40,1,1713170500,GSN-01,-84,23.90,79.10,48,0,0,7.81,85,10.34,22.20,23.60,21.30,24.40,24.60,21.00,24.70,24.70,24.00,23.30,24.60,22.00,20.40,24.00,23.00,20.00,20.50,22.30,24.10,23.90,20.00,24.50,20.10,25.40,23.00,22.40,25.10,20.50,24.00,24.50,25.40,20.10,25.30,23.10,81.80,22.80,23.60,23.90,25.50,22.20,25.10,25.10,23.50,22.20,23.60,25.90,22.60,22.00,20.90,22.60,23.60,22.00,24.10,22.30,22.70,24.30,21.60,24.70,21.80,21.70,25.90,24.60,23.40,22.70
TLM_RCV,-63,FG-ALPHA,1713170556,AUTO,0,31.34,5.00,-85,100.00,8.33,3.30,5.02,1095,469,0,323,23.13,1013.40,11.90,405.10,12.96,51.40,1,1713170508,GSN-01,-77,24.90,78.00,42,0,0,7.78,85,10.34,20.10,20.90,20.60,24.30,23.80,24.40,21.70,20.00,24.70,22.40,24.80,23.00,25.40,23.20,24.90,21.00,20.60,24.40,24.80,23.80,22.70,22.30,25.50,24.40,23.00,23.00,21.10,21.70,21.10,24.40,21.50,20.80,25.70,22.40,21.30,20.00,20.40,22.50,24.30,22.40,21.20,25.00,22.00,21.40,25.90,25.70,21.60,25.10,21.80,22.60,22.70,20.90,23.60,24.80,24.20,25.80,22.50,21.50,25.80,21.70,22.50,20.10,22.40,24.90
TLM_RCV,-63,FG-ALPHA,1713170557,AUTO,0,33.08,5.00,-85,100.00,8.34,3.31,5.02,839,417,0,262,22.11,1013.30,11.90,405.80,12.96,51.40,1,1713170545,GSN-01,-80,25.80,76.70,41,0,0,7.78,84,10.35,22.90,24.70,21.40,20.00,24.90,21.00,25.30,22.10,24.00,24.80,24.70,24.00,25.60,22.30,22.70,21.90,25.20,21.20,22.80,25.90,25.60,25.60,23.30,23.50,22.30,20.50,20.90,25.30,21.30,24.80,20.30,23.70,23.80,22.70,24.80,24.40,23.90,22.30,23.00,23.40,25.40,24.20,24.10,24.90,24.10,25.70,25.50,21.20,25.60,22.70,25.80,23.00,22.70,21.80,25.60,25.60,22.20,23.10,23.30,24.50,20.30,25.40,23.90,24.70
TLM_RCV,-94,FG-ALPHA,1713170579,AUTO,0,33.33,5.00,-85,100.00,8.33,3.31,5.02,961,465,0,314,22.48,1012.90,12.00,405.60,12.98,51.85,1,1713170524,GSN-01,-93,24.20,81.10,49,0,1,7.80,85,10.35,21.80,25.40,24.20,22.50,21.30,24.60,25.90,21.50,23.70,20.50,23.90,23.70,21.60,20.70,24.70,21.40,21.70,24.70,22.00,24.60,22.80,25.30,20.00,24.80,20.80,22.10,23.80,22.40,24.60,25.40,25.10,24.10,21.80,21.50,22.70,22.00,22.10,22.60,23.50,20.00,24.20,22.40,23.60,24.90,25.30,22.70,23.50,21.00,25.90,25.40,25.40,20.00,24.50,24.30,25.90,24.90,22.60,25.80,25.20,22.70,22.50,25.40,24.30,20.40
TLM_RCV,-94,FG-ALPHA,1713170580,AUTO,0,32.44,5.00,-85,100.00,8.33,3.28,5.02,1055,488,0,345,22.83,1013.00,11.90,405.50,12.98,51.85,1,1713170543,GSN-01,-74,23.80,78.00,48,0,0,7.79,85,10.36,21.50,20.40,25.90,23.30,20.70,25.50,20.00,25.00,24.60,25.10,22.30,25.10,24.30,21.30,23.00,24.70,25.50,23.30,24.30,25.10,24.20,21.70,24.60,21.70,23.40,21.10,22.70,23.10,22.70,21.40,21.40,20.90,22.00,24.30,25.10,23.40,24.90,21.80,20.40,22.40,24.00,21.50,22.80,20.10,21.90,21.50,24.70,25.30,25.90,21.80,24.60,21.40,20.90,22.70,25.90,20.10,20.90,20.40,24.30,24.30,22.60,24.20,21.10,22.90
TLM_RCV,-86,FG-ALPHA,1713170581,AUTO,0,33.38,5.00,-85,100.00,8.33,3.29,5.02,952,477,0,327,22.37,1013.00,11.80,405.30,12.98,51.85,1,1713170569,GSN-01,-80,24.60,73.80,44,0,0,7.81,85,10.36,24.80,22.60,24.60,25.20,25.90,20.90,23.00,23.60,20.00,22.10,20.30,23.90,21.90,21.80,21.10,20.30,24.60,20.00,25.10,25.20,25.50,22.40,20.90,23.40,24.50,22.10,23.90,21.20,20.40,24.70,25.10,23.30,24.90,22.50,24.50,24.90,20.50,24.60,21.60,22.70,21.90,23.60,25.80,21.40,23.80,21.20,24.80,20.70,22.00,22.40,20.60,25.20,22.50,25.00,20.10,25.20,20.80,21.80,23.70,25.90,20.80,24.40,22.70,23.50
TLM_RCV,-85,FG-ALPHA,1713170582,AUTO,0,30.98,5.00,-85,99.96,8.34,3.31,5.02,0,396,0,256,21.98,1013.00,11.80,406.10,12.98,51.85,1,1713170563,GSN-01,-80,24.00,80.00,42,0,0,7.81,84,10.37,24.90,20.70,21.00,20.70,23.50,22.90,23.60,25.90,24.70,23.80,21.80,25.00,21.90,20.50,25.90,23.40,24.10,23.90,23.80,21.50,20.80,22.70,25.10,20.70,20.80,23.40,23.00,25.60,22.90,23.60,22.60,20.50,20.70,20.40,23.00,25.00,25.10,22.00,25.30,20.30,23.60,24.30,24.10,24.50,25.00,25.90,24.00,24.80,24.70,22.00,25.30,25.80,20.60,22.20,21.90,25.40,20.80,21.70,24.90,25.50,24.00,23.70,20.10,23.40
TLM_RCV,-82,FG-ALPHA,1713170583,AUTO,0,32.21,5.00,-85,100.00,8.33,3.29,5.02,1184,441,0,284,23.72,1013.10,12.10,404.90,12.98,51.85,1,1713170558,GSN-01,-82,25.10,78.70,41,0,0,7.81,84,10.37,22.70,22.30,21.50,20.20,25.70,22.90,23.60,22.90,25.30,25.40,20.30,25.10,21.20,24.20,23.30,25.30,20.10,25.40,22.80,20.20,23.90,24.70,24.00,23.00,25.20,21.70,20.30,21.00,24.30,21.30,23.40,20.30,21.20,25.30,21.50,21.00,25.30,22.90,24.80,20.50,23.50,24.90,23.40,23.30,21.40,21.80,24.80,23.40,25.10,21.20,24.20,22.00,25.40,21.80,25.90,22.30,21.70,23.60,21.30,21.30,25.70,23.20,24.30,20.10
TLM_RCV,-94,FG-ALPHA,1713170584,AUTO,0,33.41,5.00,-85,100.00,8.33,3.29,5.02,840,482,0,334,21.79,1012.90,12.10,406.10,12.98,51.85,1,1713170566,GSN-01,-94,23.80,80.70,43,0,0,7.80,85,10.38,21.70,25.50,25.70,21.10,21.70,20.30,24.50,25.80,23.70,23.30,25.70,22.40,21.70,21.00,23.90,25.60,23.10,25.40,20.20,22.20,22.30,25.90,25.00,24.90,23.50,23.80,23.20,21.60,21.30,20.70,20.00,20.40,20.20,20.00,22.50,23.50,23.00,22.60,25.70,24.60,22.00,20.00,21.30,24.60,24.30,23.50,23.80,22.90,23.10,24.80,24.90,20.50,25.00,24.90,25.20,25.50,22.40,21.20,24.80,24.60,24.50,24.80,23.90,20.40
TLM_RCV,-81,FG-ALPHA,1713170585,AUTO,0,33.07,5.00,-85,100.00,8.34,3.31,5.02,1032,414,0,272,23.09,1012.90,12.10,406.10,12.99,51.85,1,1713170566,GSN-01,-88,24.80,80.30,45,0,0,7.81,84,10.38,24.80,20.50,24.30,20.60,21.30,23.40,20.50,25.20,20.00,23.30,25.90,25.70,21.60,22.40,20.00,21.40,24.50,20.10,22.90,25.90,23.20,25.90,24.70,25.70,20.00,21.80,25.10,25.80,23.80,24.40,20.80,23.90,25.10,23.60,22.10,23.90,23.20,25.10,20.40,23.80,24.00,25.20,21.10,25.60,24.30,24.30,21.90,25.30,21.00,22.60,20.90,20.10,22.30,20.70,20.10,25.70,22.40,25.20,24.60,22.20,25.40,25.30,20.50,20.20
TLM_RCV,-65,FG-ALPHA,1713170586,AUTO,0,33.38,5.00,-85,100.00,8.33,3.31,5.02,969,476,0,329,22.47,1013.60,12.00,406.20,12.99,51.85,1,1713170531,GSN-01,-94,23.10,74.50,44,0,1,7.79,84,10.39,24.60,25.00,21.80,24.10,24.00,20.30,24.80,22.50,20.80,25.80,20.90,20.10,25.80,24.30,20.90,25.20,21.30,22.00,24.30,25.00,25.30,20.10,24.10,23.80,20.10,22.80,25.80,21.50,22.30,21.30,22.60,20.40,21.80,21.70,21.30,24.10,22.90,20.40,24.00,21.60,24.00,22.20,23.80,23.40,25.50,24.10,25.20,22.70,23.30,23.40,25.60,24.40,22.60,20.40,25.00,24.10,25.50,23.60,21.50,24.40,21.40,21.20,21.50,21.90
TLM_RCV,-47,FG-ALPHA,1713170587,AUTO,0,32.31,5.00,-85,100.00,8.33,3.31,5.02,1162,462,0,316,23.50,1013.50,12.10,406.40,12.99,51.85,1,1713170528,GSN-01,-75,23.40,80.40,47,0,0,7.80,85,10.39,23.10,21.10,20.40,20.40,25.20,22.10,23.60,23.30,21.30,21.60,25.00,23.60,24.30,24.10,25.80,21.00,25.80,21.00,25.40,21.80,21.20,22.10,24.80,21.10,25.80,22.90,22.20,24.70,24.60,21.70,21.40,23.70,21.70,24.70,23.00,23.50,20.00,20.50,22.20,22.60,22.80,21.40,23.50,23.30,20.20,23.40,22.60,24.70,21.50,22.50,23.20,23.00,25.00,23.40,23.30,20.60,22.70,20.70,24.20,20.50,24.00,25.60,23.70,24.30
TLM_RCV,-76,FG-ALPHA,1713170588,AUTO,0,31.35,5.00,-85,100.00,8.33,3.31,5.02,891,470,0,324,22.10,1013.20,12.10,405.80,12.99,51.85,1,1713170530,GSN-01,-84,24.60,76.60,43,0,0,7.79,84,10.40,23.50,25.50,22.10,23.70,24.40,23.80,24.30,20.40,25.90,25.20,24.60,21.40,20.70,21.90,22.60,24.80,20.10,22.30,21.40,23.30,22.80,22.40,22.10,22.70,21.10,23.70,21.50,20.70,25.70,25.10,24.00,23.90,22.90,20.70,24.00,20.90,23.00,25.80,23.60,22.70,25.20,23.80,23.90,21.60,22.70,24.20,24.70,21.20,25.90,21.80,25.50,22.70,23.80,24.20,21.80,24.10,25.20,23.50,25.00,24.90,21.60,22.30,24.00,21.40
TLM_RCV,-95,FG-ALPHA,1713170589,AUTO,0,31.16,5.00,-85,100.00,8.34,3.28,5.02,1072,431,0,277,23.20,1013.50,12.10,405.20,12.99,51.85,1,1713170532,GSN-01,-75,25.10,82.90,46,0,0,7.78,85,10.40,22.40,24.60,21.90,23.40,23.40,20.30,24.40,24.70,20.70,24.50,21.50,23.40,24.10,24.80,22.70,23.50,21.20,20.00,22.20,24.40,20.60,22.20,22.40,20.80,22.60,24.40,24.40,24.80,23.20,22.10,24.80,23.30,25.80,21.80,25.40,21.20,21.80,22.50,21.50,21.80,21.90,20.00,25.30,20.20,20.00,24.10,22.80,21.80,20.40,21.80,21.00,20.50,24.10,24.80,24.30,21.70,21.40,21.40,25.20,21.30,24.30,23.00,22.70,22.60
TLM_RCV,-47,FG-ALPHA,1713170590,AUTO,0,31.11,5.00,-85,99.96,8.34,3.31,5.02,0,423,0,280,22.11,1012.80,11.80,404.80,12.99,51.85,1,1713170536,GSN-01,-84,25.80,74.60,40,0,0,7.79,85,10.41,24.20,20.40,24.80,25.40,25.10,20.30,21.00,25.90,23.20,23.60,20.40,23.40,25.80,23.80,22.90,20.30,21.10,22.40,22.00,21.90,25.50,20.50,24.90,20.10,24.00,25.00,21.60,21.60,20.30,25.70,23.80,25.40,25.70,20.00,21.80,25.20,22.50,25.40,22.40,25.40,20.20,20.60,24.30,23.10,23.90,22.70,22.20,20.10,25.40,25.00,23.90,24.30,23.50,23.10,22.80,25.00,20.20,24.30,20.40,22.40,25.00,22.20,25.20,24.00
TLM_RCV,-44,FG-ALPHA,1713170591,AUTO,0,33.46,5.00,-85,100.00,8.33,3.30,5.02,1116,491,0,339,23.12,1013.10,12.00,404.90,12.99,51.85,1,1713170566,GSN-01,-73,25.00,73.60,47,0,0,7.79,85,10.41,21.90,20.00,20.00,23.50,22.10,22.00,22.90,21.80,22.90,20.10,23.60,24.60,24.50,23.00,22.10,25.40,22.30,23.20,25.90,24.90,24.40,20.60,24.80,24.00,21.90,24.00,22.20,25.40,22.50,25.40,24.50,20.90,20.50,23.80,24.80,20.30,22.30,23.20,20.90,20.30,22.40,20.00,21.80,23.70,24.00,20.70,21.60,20.80,23.10,22.40,20.60,20.50,20.20,20.50,25.90,21.20,23.40,20.70,21.80,22.60,25.40,23.00,25.90,20.50
TLM_RCV,-80,FG-ALPHA,1713170592,AUTO,0,33.20,5.00,-85,100.00,8.33,3.31,5.02,803,440,0,290,21.82,1013.10,12.00,404.70,12.99,51.85,1,1713170556,GSN-01,-75,24.10,82.50,44,0,0,7.80,84,10.42,21.60,24.60,21.70,23.10,24.20,22.10,24.80,21.80,21.30,23.50,22.80,24.50,23.70,25.30,23.10,21.40,25.70,23.90,24.40,22.10,23.50,24.90,22.00,24.60,22.10,21.00,20.10,23.40,24.70,22.80,20.50,23.60,23.10,20.10,22.50,20.50,23.30,25.20,21.20,22.80,21.90,25.60,22.40,21.00,21.40,20.10,20.50,24.20,21.10,24.80,22.90,23.30,22.40,23.20,24.20,24.50,20.90,23.40,25.80,20.10,20.40,22.00,25.00,22.50
TLM_RCV,-54,FG-ALPHA,1713170593,AUTO,0,31.11,5.00,-85,100.00,8.34,3.28,5.02,1087,422,0,272,23.33,1013.30,11.80,405.50,12.99,51.85,1,1713170574,GSN-01,-92,25.90,79.90,43,0,0,7.78,84,10.42,22.10,22.50,22.10,21.50,23.90,23.40,25.70,25.10,21.40,24.60,76.00,23.00,21.50,24.40,23.70,25.60,22.20,22.20,20.10,24.90,22.10,25.50,23.40,25.50,23.20,22.40,24.30,21.00,21.40,23.60,22.60,25.00,20.50,21.20,20.60,22.60,22.90,25.90,22.80,24.90,24.50,20.60,22.30,20.00,21.10,21.60,24.90,20.70,20.50,24.70,22.50,25.60,21.40,23.20,21.60,24.50,21.90,25.10,22.30,21.30,22.60,25.20,25.50,22.70
TLM_RCV,-69,FG-ALPHA,1713170594,AUTO,0,33.07,5.00,-85,100.00,8.34,3.28,5.02,862,414,0,269,22.24,1013.10,11.80,406.30,12.99,51.85,1,1713170568,GSN-01,-90,23.50,80.80,41,0,1,7.82,85,10.43,20.60,24.00,20.20,20.30,24.70,24.80,20.90,22.10,22.10,21.60,25.50,25.20,25.10,21.00,21.70,22.50,22.50,25.30,25.50,25.80,21.90,21.50,21.10,25.30,21.40,25.40,23.50,20.90,22.70,21.00,21.10,21.90,21.80,21.70,20.90,22.50,83.40,22.90,22.20,20.70,25.90,25.80,20.10,21.50,21.50,20.00,20.40,20.70,24.60,25.80,22.40,22.70,20.20,21.40,20.00,21.70,25.20,23.50,24.80,23.50,23.80,25.80,25.30,20.00
TLM_RCV,-95,FG-ALPHA,1713170595,AUTO,0,31.47,5.00,-85,100.00,8.33,3.31,5.02,903,494,0,337,22.05,1013.10,12.00,406.20,13.00,51.85,1,1713170565,GSN-01,-88,24.80,77.70,45,0,0,7.79,84,10.43,24.80,22.60,20.90,22.60,22.80,21.20,25.30,22.90,25.40,21.80,22.80,21.60,20.00,25.20,25.50,21.20,23.90,22.30,25.20,25.10,22.50,25.50,25.00,20.00,24.70,20.30,22.70,20.80,25.30,25.30,23.00,22.70,23.20,22.10,24.30,24.30,25.30,23.00,25.60,23.30,25.60,20.00,23.00,21.50,23.80,22.10,24.80,23.20,24.70,24.90,21.30,23.00,25.30,23.20,25.20,20.70,22.40,22.80,22.80,25.20,22.20,20.30,24.30,25.30
TLM_RCV,-68,FG-ALPHA,1713170596,AUTO,0,32.36,5.00,-85,100.00,8.33,3.29,5.02,1157,472,0,328,23.42,1013.30,12.00,405.80,13.00,51.85,1,1713170575,GSN-01,-86,24.00,77.60,45,0,0,7.81,84,10.44,22.70,21.40,22.50,23.10,20.70,20.80,25.30,20.50,22.60,21.10,24.70,21.40,25.20,22.80,24.80,20.40,20.00,23.90,23.10,23.10,22.20,24.20,22.00,21.60,21.80,24.20,20.40,20.40,20.60,20.60,23.90,24.30,23.90,24.20,24.00,21.80,25.50,21.90,20.40,22.90,23.10,22.70,25.90,24.30,21.80,22.20,21.80,21.80,21.30,22.60,22.60,21.00,21.90,24.50,22.00,20.00,21.70,24.90,22.50,25.80,24.30,25.40,23.10,23.70
TLM_RCV,-81,FG-ALPHA,1713170597,AUTO,0,32.08,5.00,-85,100.00,8.34,3.30,5.02,1139,417,0,269,23.61,1013.60,11.80,406.30,13.00,51.85,1,1713170569,GSN-01,-86,24.80,76.60,46,0,0,7.82,85,10.44,20.50,25.00,21.70,21.90,22.30,25.20,25.90,24.50,22.00,20.60,23.40,21.30,22.60,21.90,25.60,20.50,25.20,23.80,22.00,22.10,25.30,23.70,20.20,21.00,21.60,25.80,21.50,25.70,24.80,25.80,21.90,24.30,20.00,20.20,23.10,22.30,24.80,23.00,20.60,21.80,20.00,22.00,24.40,23.80,24.80,25.30,25.30,21.30,25.10,20.60,21.90,21.60,24.20,25.50,24.80,25.10,23.30,21.00,20.30,24.10,24.70,23.40,22.10,20.90
TLM_RCV,-87,FG-ALPHA,1713170598,AUTO,0,33.25,5.00,-85,100.00,8.33,3.28,5.02,852,450,0,305,22.01,1012.70,12.10,405.30,13.00,51.85,1,1713170582,GSN-01,-94,25.80,74.50,43,0,0,7.79,85,10.45,23.80,21.40,21.10,20.80,23.50,20.20,20.60,20.80,25.60,25.30,25.50,24.60,21.80,21.90,20.70,22.70,25.60,23.70,21.10,20.90,23.60,21.70,20.80,24.60,21.90,23.70,23.80,23.50,23.80,21.70,24.10,25.00,20.70,24.80,20.70,22.00,21.00,22.60,20.20,20.50,24.40,25.50,20.50,25.00,22.50,21.00,25.70,25.50,23.00,21.10,25.70,21.50,22.80,21.50,21.90,21.80,23.20,25.90,21.40,24.70,24.90,23.20,20.00,25.40
