PACKET_TYPE,GS_RSSI,SAT_ID,TIMESTAMP,FDIR_MODE,PAYLOAD_STATE,OBC_T,PAYLOAD_T,SAT_RX_RSSI,SOC,V_BAT,V_3V3,V_5V,I_IN,I_OUT,I_PAY,I_COMMS,EPS_T,PRESSURE,HUMIDITY,GPS_ALT,OBC_SD_PCT,PAYLOAD_SD_PCT,RESOLUTION,THERMAL_DATA_64...
TLM_RCV,-77,FG-ALPHA,20240415_083341,AUTO,0,33.24,7.50,-85,85.68,7.99,3.29,5.02,0,448,0,305,22.24,1013.40,12.00,406.20,12.42,46.15,1080,24.70,25.70,24.20,23.80,22.00,21.30,25.50,20.70,24.70,23.20,23.30,25.00,25.10,20.70,20.10,22.70,21.30,21.20,20.50,25.40,23.10,21.40,20.20,24.80,21.40,24.80,25.10,24.30,22.20,25.20,24.30,24.40,22.60,24.20,22.40,20.20,22.10,20.00,25.60,22.40,24.40,22.80,21.90,20.80,22.40,21.80,22.40,21.10,25.20,25.10,22.30,20.30,22.50,21.10,23.60,25.80,24.00,24.20,21.60,20.00,21.60,24.30,23.20,23.00
TLM_RCV,-93,FG-ALPHA,20240415_083342,AUTO,0,31.42,5.50,-85,85.72,7.98,3.28,5.02,927,483,0,328,22.22,1012.90,12.10,406.20,12.42,46.15,1080,22.20,22.30,22.40,25.10,25.20,22.00,24.50,22.50,21.90,24.10,23.30,24.50,24.00,22.60,21.90,21.20,21.70,21.40,22.30,21.20,22.60,21.70,20.90,22.40,21.20,23.10,21.80,24.10,24.60,22.40,20.00,24.60,23.60,21.40,25.40,25.00,20.50,20.80,25.20,25.50,20.00,25.70,25.20,22.20,20.50,22.40,23.90,20.80,24.20,23.00,25.60,21.70,24.00,20.30,23.00,22.80,23.40,20.70,25.00,20.00,20.40,25.90,21.30,23.00
TLM_RCV,-50,FG-ALPHA,20240415_083343,AUTO,0,31.27,5.00,-85,85.77,7.99,3.28,5.02,970,455,0,298,22.58,1013.10,11.90,406.20,12.42,46.15,1080,21.90,25.50,20.80,21.30,23.80,25.10,23.20,20.70,23.00,24.90,20.20,23.00,78.00,20.90,24.60,25.30,24.70,23.50,21.70,23.80,20.70,25.90,21.60,21.80,20.20,22.80,22.90,22.00,24.50,21.20,25.70,21.80,24.40,20.40,24.80,23.40,25.40,20.20,22.70,23.70,25.00,20.90,20.40,23.40,24.50,22.90,23.50,20.70,24.10,23.30,21.80,23.20,23.60,21.70,24.50,25.00,23.80,23.90,23.80,22.00,21.10,24.30,24.50,20.20
TLM_RCV,-61,FG-ALPHA,20240415_083344,AUTO,0,31.50,5.00,-85,85.72,7.98,3.28,5.02,0,499,0,343,22.50,1013.10,12.00,405.20,12.42,46.15,1080,23.20,20.80,21.60,25.80,21.80,23.70,20.70,22.80,22.30,23.70,24.00,20.80,20.30,24.90,21.70,21.30,21.50,21.80,22.00,23.40,23.40,25.40,23.30,21.60,22.60,23.40,23.00,23.00,21.70,24.50,22.00,25.70,25.10,25.70,24.60,20.00,24.80,22.40,23.60,20.20,21.20,20.00,21.30,22.20,20.70,21.80,21.80,22.70,25.40,22.40,25.10,25.20,22.30,23.60,24.40,24.80,22.00,24.10,20.40,25.00,25.90,22.20,20.60,24.80
TLM_RCV,-61,FG-ALPHA,20240415_083345,AUTO,0,33.10,5.00,-85,85.68,7.99,3.30,5.02,0,419,0,266,22.09,1013.60,12.10,406.20,12.43,46.15,1080,25.70,22.80,21.20,22.50,24.50,23.20,25.90,20.40,24.30,21.30,21.80,24.10,24.60,21.20,24.60,20.70,23.60,20.60,22.90,22.20,22.30,23.30,25.80,24.00,24.10,24.60,24.40,24.10,24.10,20.40,20.90,24.90,21.40,25.80,25.20,24.30,25.30,21.50,22.10,20.00,22.20,23.00,20.30,22.30,24.10,25.90,25.80,20.30,25.80,21.90,20.00,22.70,20.00,24.80,25.30,25.50,22.50,21.30,24.60,25.30,23.40,24.90,25.00,22.70
TLM_RCV,-51,FG-ALPHA,20240415_083346,AUTO,0,31.39,5.00,-85,85.63,7.98,3.29,5.02,0,478,0,336,22.39,1012.70,11.90,406.10,12.43,46.15,1080,24.90,25.40,21.30,23.70,25.00,24.30,22.70,20.80,22.40,23.10,20.90,23.10,23.10,25.80,23.30,22.00,22.80,20.90,21.20,20.10,24.00,22.60,24.40,21.00,25.30,22.20,22.40,23.60,22.10,25.50,20.10,22.50,25.30,22.30,23.10,20.80,22.00,20.70,22.20,23.50,22.80,23.60,20.50,21.30,23.90,25.90,23.10,21.50,20.90,25.20,25.10,20.10,25.40,20.30,21.80,25.20,25.90,24.50,22.70,21.50,22.70,20.60,21.90,24.50
TLM_RCV,-87,FG-ALPHA,20240415_083347,AUTO,0,32.03,5.00,-85,85.71,8.00,3.30,5.02,1124,406,0,253,23.59,1013.00,11.90,404.50,12.43,46.15,1080,22.30,21.40,22.40,23.20,20.30,25.50,25.70,20.60,25.20,24.60,20.10,21.90,23.50,24.80,20.10,22.30,22.30,22.60,23.60,25.10,22.40,25.20,22.00,22.40,23.40,25.50,23.80,24.70,20.60,25.50,20.30,21.00,23.30,20.10,20.30,21.20,25.80,25.70,23.20,24.40,24.20,22.30,20.40,21.50,24.50,21.90,25.70,20.40,21.30,24.60,24.80,25.30,21.70,22.50,23.80,23.00,22.00,24.20,22.80,20.10,22.20,25.70,21.40,20.90
TLM_RCV,-44,FG-ALPHA,20240415_083348,AUTO,0,31.40,5.00,-85,85.74,7.99,3.31,5.02,805,479,0,320,21.63,1013.00,12.00,406.30,12.43,46.15,1080,21.60,23.60,24.10,25.90,23.60,22.60,21.50,21.30,25.60,20.40,20.00,21.40,20.40,20.70,20.30,21.80,23.30,20.40,21.80,20.00,23.50,21.40,24.50,20.60,23.60,25.60,21.40,23.90,25.40,24.70,24.80,21.50,20.20,20.30,25.10,21.00,25.90,25.90,23.60,23.60,25.70,20.70,21.40,25.10,21.70,24.70,25.50,20.60,21.20,25.50,25.80,23.40,22.50,24.20,23.30,24.30,21.00,24.50,21.20,23.70,25.50,22.30,20.70,23.10
TLM_RCV,-79,FG-ALPHA,20240415_083349,AUTO,0,32.19,5.00,-85,85.69,7.99,3.28,5.02,0,437,0,295,22.18,1013.00,12.00,406.40,12.43,46.15,1080,20.50,23.30,24.00,23.90,23.00,21.20,22.90,20.50,25.00,25.30,22.00,25.20,23.40,21.30,24.30,25.60,25.20,24.40,25.20,25.30,22.70,25.60,22.70,25.40,24.50,23.70,22.70,25.00,21.90,22.10,25.60,21.40,25.00,25.00,22.40,21.60,23.30,23.30,25.10,25.80,24.30,23.10,23.00,25.00,22.20,22.70,20.20,22.00,23.80,24.40,21.10,25.60,21.20,25.30,21.90,20.90,24.80,21.00,20.70,20.90,25.50,21.70,21.10,22.40
TLM_RCV,-46,FG-ALPHA,20240415_083350,AUTO,0,33.10,5.00,-85,85.76,8.00,3.30,5.02,1107,419,0,275,23.44,1012.80,11.90,405.00,12.43,46.15,1080,20.70,24.00,20.60,23.00,20.60,23.70,20.90,21.40,20.10,25.10,21.60,24.20,21.20,24.50,21.60,21.80,25.10,22.50,24.20,23.30,22.40,22.00,21.50,20.00,20.60,23.50,24.90,24.70,20.50,22.20,23.20,20.50,22.40,22.80,21.80,20.00,21.50,25.80,24.70,22.30,20.30,23.10,24.50,20.20,20.90,23.30,25.00,24.50,24.00,20.90,21.60,21.40,20.10,21.60,25.20,23.10,20.10,24.00,24.80,20.70,23.20,22.00,24.30,23.80
TLM_RCV,-43,FG-ALPHA,20240415_083351,AUTO,0,33.05,5.00,-85,85.83,8.00,3.31,5.02,1053,410,0,269,23.22,1013.00,12.10,405.80,12.43,46.15,1080,24.70,23.90,25.00,20.20,23.10,24.00,22.40,20.70,25.70,25.70,24.80,20.00,24.10,22.40,21.20,23.30,20.30,22.20,22.70,25.90,84.40,25.10,20.30,23.30,20.30,23.60,20.10,24.80,23.20,22.50,21.60,21.50,20.70,20.90,20.10,21.40,22.30,23.70,20.90,23.60,21.50,21.60,20.60,25.50,22.80,20.40,24.50,25.80,20.90,21.50,25.60,25.40,21.10,24.20,25.50,24.00,24.40,21.80,20.00,25.90,22.10,23.60,24.30,25.50
TLM_RCV,-50,FG-ALPHA,20240415_083352,AUTO,0,32.42,5.00,-85,85.88,7.99,3.31,5.02,1020,485,0,335,22.67,1013.50,12.10,406.10,12.43,46.15,1080,20.70,21.90,21.60,25.20,25.00,24.50,23.90,22.20,22.90,23.10,23.30,22.80,21.50,23.90,22.90,25.90,23.00,25.70,24.30,24.40,23.10,25.50,20.40,24.80,25.70,25.30,23.50,24.30,25.20,21.00,25.90,20.90,23.90,20.70,22.10,23.60,25.40,23.70,24.70,22.50,23.60,24.50,24.00,21.80,21.70,20.40,22.00,23.90,23.30,23.80,21.30,25.40,22.70,20.30,23.90,20.30,24.80,23.80,23.40,24.60,21.50,23.20,25.70,21.90
TLM_RCV,-75,FG-ALPHA,20240415_083353,AUTO,0,33.47,5.00,-85,85.92,7.99,3.31,5.02,936,495,0,338,22.20,1012.80,12.10,406.30,12.43,46.15,1080,20.10,23.40,21.50,25.20,20.10,22.10,23.80,25.50,25.10,24.60,22.80,21.90,22.40,21.60,24.80,23.70,20.80,25.20,24.10,24.20,25.20,25.70,25.70,24.40,24.90,20.10,24.50,22.40,21.30,20.00,22.20,22.50,25.40,22.30,21.70,23.10,24.80,25.50,20.10,22.80,20.90,23.20,22.50,21.10,24.70,24.80,21.90,21.80,24.60,20.70,21.80,24.50,23.30,23.70,24.20,25.70,22.90,25.00,20.20,24.30,25.40,24.50,22.90,21.50
TLM_RCV,-51,FG-ALPHA,20240415_083354,AUTO,0,33.24,5.00,-85,85.99,8.00,3.30,5.02,1067,447,0,292,23.10,1013.60,12.00,405.30,12.43,46.15,1080,24.80,21.50,22.60,22.30,22.50,20.50,25.90,22.30,24.30,22.40,23.20,24.50,21.20,24.70,25.50,25.70,22.20,20.60,21.30,23.90,20.80,21.60,21.60,23.80,25.50,25.80,24.60,20.40,76.60,23.70,25.50,24.80,22.00,24.00,24.90,24.70,22.50,23.30,21.90,20.60,22.20,20.10,23.90,20.20,22.50,25.80,24.70,24.70,21.20,20.00,25.30,23.20,22.20,20.20,22.00,25.00,22.50,20.60,20.20,23.70,21.90,23.90,22.20,24.60
TLM_RCV,-72,FG-ALPHA,20240415_083355,AUTO,0,33.22,5.00,-85,86.04,8.00,3.28,5.02,958,444,0,289,22.57,1012.70,12.00,405.20,12.44,46.15,1080,25.40,21.70,22.30,23.00,24.40,22.60,21.50,24.80,21.10,22.60,22.20,24.00,20.00,20.70,24.40,22.90,23.20,20.70,23.90,21.90,25.50,21.70,21.20,22.50,20.70,25.20,24.30,23.80,24.30,22.40,23.90,23.80,22.10,25.90,23.60,24.50,23.60,23.00,23.30,22.10,20.30,24.60,23.30,24.90,25.90,23.70,23.30,24.30,20.80,23.00,21.40,24.50,20.60,20.90,21.10,21.10,23.70,22.10,21.80,24.90,25.40,23.10,20.90,25.50
TLM_RCV,-40,FG-ALPHA,20240415_083356,AUTO,0,33.15,5.00,-85,86.09,8.00,3.31,5.02,978,430,0,278,22.74,1013.50,11.80,406.10,12.44,46.15,1080,24.40,21.30,23.30,23.10,24.00,23.60,23.70,23.20,20.50,20.40,24.80,25.20,23.00,21.90,25.10,23.00,23.10,24.90,21.00,23.10,23.80,24.40,24.60,24.00,24.00,21.80,20.10,23.40,22.00,23.70,23.10,78.80,23.60,22.20,23.90,25.90,20.00,24.60,24.70,22.60,23.00,23.90,22.40,24.90,24.50,25.30,22.90,22.10,23.20,22.80,24.20,25.20,23.30,24.60,23.80,22.00,22.40,22.20,25.00,23.30,20.50,20.50,21.70,20.00
TLM_RCV,-77,FG-ALPHA,20240415_083357,AUTO,0,31.15,5.00,-85,86.16,8.00,3.29,5.02,1062,430,0,273,23.16,1013.50,11.80,405.00,12.44,46.15,1080,23.20,22.20,20.80,20.60,20.40,20.10,25.20,22.90,25.00,22.10,22.60,24.80,22.00,25.40,24.70,25.90,23.30,22.70,23.00,21.40,24.50,24.40,22.30,23.30,25.70,24.00,23.00,24.50,25.50,24.20,24.10,23.10,20.90,20.20,22.20,23.90,20.00,21.30,25.70,25.80,21.50,21.70,24.30,24.60,23.00,21.20,22.30,23.30,21.50,22.00,24.90,25.80,21.90,23.00,20.10,24.30,22.20,25.60,24.90,24.70,20.50,21.10,25.60,20.60
TLM_RCV,-78,FG-ALPHA,20240415_083358,AUTO,0,33.36,5.00,-85,86.22,8.00,3.28,5.02,1103,472,0,326,23.16,1012.70,12.10,405.90,12.44,46.15,1080,21.40,23.30,21.70,22.80,24.70,24.50,23.90,23.10,25.40,24.70,22.90,22.50,22.00,23.30,25.30,21.90,24.00,22.90,24.20,24.00,25.70,24.40,21.30,20.80,22.00,20.20,25.80,24.00,21.80,20.30,20.80,21.40,24.60,25.30,21.30,22.60,22.70,22.90,23.80,22.90,23.20,20.50,21.90,21.40,23.10,25.90,24.70,24.10,22.50,22.00,25.90,24.20,24.40,22.40,23.80,21.00,24.90,24.20,25.90,24.00,25.20,25.10,23.90,22.30
TLM_RCV,-88,FG-ALPHA,20240415_083359,AUTO,0,31.08,5.00,-85,86.29,8.01,3.28,5.02,1081,417,0,260,23.32,1012.90,12.00,405.10,12.44,46.15,1080,24.20,23.20,24.40,25.40,24.70,21.50,20.40,24.10,22.50,24.20,20.10,20.50,21.20,24.60,25.20,23.80,20.40,23.20,21.40,21.40,25.20,22.00,24.60,21.80,20.50,24.40,21.50,25.90,22.10,20.00,22.80,22.80,20.80,20.40,25.50,25.10,22.10,24.40,25.30,21.60,23.80,25.40,21.30,20.40,21.00,20.90,24.10,20.70,20.00,24.00,23.40,23.60,24.60,22.20,21.00,21.80,22.20,22.90,24.10,22.00,24.50,25.90,22.60,21.70
TLM_RCV,-82,FG-ALPHA,20240415_083400,AUTO,0,33.38,5.00,-85,86.24,8.00,3.28,5.02,0,475,0,324,22.37,1013.00,11.80,405.40,12.44,46.15,1080,22.50,25.10,24.20,22.10,24.30,22.20,21.50,24.50,21.50,25.00,21.10,20.60,20.60,22.70,22.20,23.40,22.30,21.70,21.20,25.00,20.80,24.10,25.00,23.70,20.00,23.20,20.80,25.30,20.80,24.00,22.80,23.70,22.90,25.90,20.30,24.40,25.80,24.30,20.30,23.20,24.00,25.70,22.70,23.00,25.40,25.80,24.90,24.30,25.10,25.40,21.80,25.30,22.20,24.00,21.00,22.20,20.90,23.60,25.10,24.10,25.60,23.90,21.30,24.30
TLM_RCV,-83,FG-ALPHA,20240415_083401,AUTO,0,31.06,5.00,-85,86.29,8.01,3.31,5.02,909,411,0,270,22.49,1013.00,11.90,405.20,12.44,46.15,1080,23.70,24.30,22.80,22.10,20.50,25.80,21.50,24.00,21.60,20.10,23.00,22.60,21.10,22.10,21.60,23.60,20.80,21.50,20.60,23.90,22.70,22.60,23.30,24.20,24.80,23.80,23.10,25.10,20.20,23.30,23.80,25.00,20.70,24.20,24.90,24.20,20.20,23.00,25.80,23.20,22.20,20.50,23.60,20.00,22.10,25.70,22.60,23.30,22.00,20.50,22.50,23.50,21.80,21.20,22.60,22.10,23.90,21.00,23.30,23.60,22.50,25.20,23.00,22.40
TLM_RCV,-43,FG-ALPHA,20240415_083402,AUTO,0,31.18,5.00,-85,86.33,8.01,3.28,5.02,892,437,0,289,22.27,1013.20,12.00,405.50,12.44,46.15,1080,21.60,21.30,22.00,25.10,21.00,21.50,20.10,25.50,20.10,21.50,22.60,25.90,20.50,25.00,21.60,20.00,23.50,21.70,21.60,25.00,20.30,24.10,22.30,20.30,20.90,20.30,20.60,23.70,20.00,23.80,23.00,23.80,25.50,24.60,23.00,24.40,88.30,23.10,21.30,22.70,23.50,20.60,22.30,22.40,21.90,21.30,22.50,22.30,25.50,22.30,25.50,23.30,23.00,21.50,24.00,20.00,20.80,25.30,25.00,21.50,24.60,21.30,24.70,23.50
TLM_RCV,-64,FG-ALPHA,20240415_083403,AUTO,0,33.42,5.00,-85,86.40,8.00,3.28,5.02,1141,483,0,335,23.29,1013.30,11.90,404.70,12.44,46.15,1080,22.40,21.20,23.90,22.40,24.20,20.30,20.10,22.30,23.30,24.80,23.70,23.20,21.60,21.00,21.00,24.70,20.10,22.40,23.10,22.10,22.60,20.10,23.40,25.80,20.10,25.40,23.50,24.10,23.80,20.90,23.80,23.80,22.10,21.60,20.30,24.60,22.60,23.90,25.90,20.20,20.60,25.50,24.50,24.10,25.30,21.00,23.90,21.00,23.20,25.30,24.00,21.90,23.70,20.80,21.60,20.60,23.10,23.70,20.20,24.80,20.10,24.90,25.60,20.60
TLM_RCV,-78,FG-ALPHA,20240415_083404,AUTO,0,31.39,5.00,-85,86.46,8.00,3.28,5.02,1079,477,0,336,23.01,1013.30,11.90,406.30,12.44,46.15,1080,22.70,22.30,22.20,25.90,24.60,20.90,23.20,25.70,20.00,24.50,24.30,25.60,25.10,24.70,22.60,20.70,23.00,23.80,25.60,21.10,25.60,22.70,23.70,20.80,21.00,20.30,24.60,22.90,21.30,88.20,22.90,23.70,21.30,20.20,23.80,23.10,23.00,25.40,21.30,21.70,23.70,20.60,23.00,25.20,24.20,23.30,24.00,25.60,21.60,25.40,22.20,23.60,23.20,20.10,20.20,20.80,21.80,20.00,21.30,23.50,20.10,23.90,24.50,20.80
TLM_RCV,-68,FG-ALPHA,20240415_083405,AUTO,0,31.07,5.00,-85,86.52,8.01,3.28,5.02,1016,413,0,256,23.01,1013.30,11.80,405.80,12.45,46.15,1080,22.10,20.20,22.60,23.90,25.60,25.50,25.10,21.60,23.30,20.50,23.80,25.60,21.70,25.50,25.70,20.50,20.40,23.30,21.00,24.40,22.80,20.80,25.40,22.30,21.10,22.30,24.00,20.70,25.70,21.60,23.80,20.70,20.70,21.20,25.00,25.40,22.70,24.10,22.30,24.40,20.50,25.20,23.80,23.10,25.70,23.10,22.20,23.80,23.40,22.10,20.30,22.90,22.30,24.50,22.60,21.80,22.30,24.70,22.40,22.70,25.00,23.60,23.80,23.80
TLM_RCV,-80,FG-ALPHA,20240415_083406,AUTO,0,31.25,5.00,-85,86.59,8.01,3.31,5.02,1174,451,0,303,23.61,1012.80,12.00,405.40,12.45,46.15,1080,24.60,23.30,23.10,21.20,23.20,22.50,22.90,20.90,25.40,25.80,23.50,22.30,20.20,23.40,23.90,25.00,24.60,24.10,20.40,21.50,25.10,23.60,25.10,24.00,25.50,22.80,23.00,20.20,24.70,24.40,22.10,20.20,25.30,25.90,25.40,24.00,23.20,20.30,25.70,20.40,21.50,21.90,20.60,25.60,20.60,20.80,22.20,24.30,22.70,23.70,24.10,23.80,23.10,24.10,22.50,21.40,20.60,24.40,24.30,23.50,24.20,20.30,24.40,24.40
TLM_RCV,-70,FG-ALPHA,20240415_083407,AUTO,0,33.51,5.00,-85,86.64,8.00,3.29,5.02,1019,503,0,349,22.58,1012.90,12.00,404.70,12.45,46.15,1080,23.30,23.30,22.90,25.70,22.20,20.20,21.60,24.60,20.70,24.40,20.30,21.60,21.60,23.60,23.60,20.00,20.10,24.70,21.20,22.30,22.80,23.10,22.60,21.10,24.10,25.80,25.00,22.00,21.20,25.10,20.20,23.80,24.80,24.50,25.80,24.30,24.00,25.80,24.90,23.80,21.20,24.00,21.00,25.50,22.40,25.60,24.00,22.00,23.10,23.90,23.50,20.40,22.20,22.90,21.10,20.30,25.60,25.00,20.30,22.70,23.10,25.00,22.70,21.00
TLM_RCV,-95,FG-ALPHA,20240415_083408,AUTO,0,32.21,5.00,-85,86.60,8.01,3.31,5.02,0,441,0,282,22.20,1012.80,11.90,404.60,12.45,46.15,1080,21.70,20.70,22.50,20.10,22.90,23.00,20.30,25.30,21.50,22.70,20.30,22.20,24.40,23.20,24.20,23.40,22.80,20.60,25.90,20.70,22.40,21.00,21.30,23.90,22.80,23.30,22.10,23.50,24.50,25.20,22.90,25.10,20.90,21.40,21.20,20.10,22.70,25.10,23.50,25.00,22.60,22.30,20.20,21.30,21.10,22.90,20.30,23.10,25.90,23.20,20.90,25.40,22.80,25.10,23.90,25.10,24.40,23.70,21.90,24.20,21.70,22.80,23.60,20.30
TLM_RCV,-49,FG-ALPHA,20240415_083409,AUTO,0,31.11,5.00,-85,86.67,8.02,3.31,5.02,1115,423,0,281,23.46,1013.20,11.80,405.20,12.45,46.15,1080,24.10,21.40,23.00,24.50,24.50,25.00,21.00,22.00,24.20,22.60,25.70,25.40,25.40,23.80,21.30,21.10,24.80,25.20,21.30,21.40,22.50,25.80,23.20,21.60,22.10,21.10,23.20,22.20,24.90,22.60,22.30,22.40,20.40,21.80,25.40,23.90,21.70,25.10,24.10,22.50,21.80,25.10,20.80,24.70,21.90,22.50,24.50,21.20,23.00,25.40,21.90,20.80,25.40,24.00,20.60,22.10,24.50,20.60,21.20,23.50,21.70,20.80,23.60,20.50
TLM_RCV,-50,FG-ALPHA,20240415_083410,AUTO,0,33.43,5.00,-85,86.72,8.01,3.29,5.02,1025,486,0,343,22.69,1013.30,12.00,405.00,12.45,46.15,1080,23.10,23.80,25.40,22.40,23.80,24.60,21.60,20.50,25.10,20.90,21.50,20.60,22.50,23.70,24.00,24.50,24.90,24.40,24.80,25.30,24.60,21.10,20.00,23.80,22.60,20.50,24.20,23.50,25.20,22.40,23.30,21.80,21.70,22.80,25.00,22.60,23.40,21.60,22.90,22.90,25.30,21.60,25.60,20.80,23.10,24.20,25.30,20.10,24.40,23.10,25.80,21.90,20.60,21.40,23.90,25.10,22.90,20.10,20.00,23.50,20.00,24.20,21.70,23.40
TLM_RCV,-73,FG-ALPHA,20240415_083411,AUTO,0,31.41,5.00,-85,86.77,8.01,3.28,5.02,974,481,0,334,22.47,1013.40,11.80,405.50,12.45,46.15,1080,22.60,25.80,21.30,21.30,24.50,22.00,22.40,25.30,20.90,20.40,23.40,22.50,24.00,24.60,24.30,20.20,25.00,23.20,22.50,25.60,20.00,24.60,22.20,25.70,24.50,23.50,25.80,25.50,20.70,23.50,21.90,25.50,21.60,25.50,20.50,24.10,22.40,20.40,24.90,20.80,22.90,21.00,23.80,21.20,24.80,20.90,24.90,23.20,22.20,24.40,24.60,21.90,20.80,25.60,25.30,23.70,25.80,20.20,21.40,22.10,24.80,24.60,22.40,25.00
TLM_RCV,-46,FG-ALPHA,20240415_083412,AUTO,0,33.32,5.00,-85,86.83,8.01,3.28,5.02,1087,464,0,315,23.11,1013.20,11.90,404.80,12.45,46.15,1080,23.90,22.60,20.60,22.40,82.90,20.90,21.90,25.40,23.10,24.50,23.90,20.20,25.30,21.50,20.50,23.10,22.70,20.20,20.00,24.20,25.20,20.80,25.20,25.70,20.30,25.20,23.30,23.20,20.70,22.20,20.30,24.20,25.80,25.30,25.90,21.30,23.50,24.10,22.10,23.10,23.40,20.90,25.20,22.50,22.70,23.60,21.90,23.00,24.50,25.30,20.20,20.60,21.00,21.70,24.10,21.00,24.00,24.50,21.60,21.30,24.20,22.90,21.40,23.60
TLM_RCV,-45,FG-ALPHA,20240415_083413,AUTO,0,31.16,5.00,-85,86.89,8.02,3.29,5.02,1014,432,0,291,22.91,1013.40,12.10,406.20,12.45,46.15,1080,25.60,23.00,24.20,20.80,23.80,21.80,21.20,22.00,23.60,22.30,21.70,20.30,25.80,24.40,23.70,20.30,21.00,21.30,23.10,20.90,24.60,24.00,20.00,20.60,23.40,24.60,21.70,23.10,24.40,20.30,25.30,22.60,21.60,22.10,20.10,22.60,23.20,23.00,22.30,24.70,21.00,23.90,25.60,23.40,24.70,20.80,21.80,24.20,20.00,25.20,25.60,20.60,24.80,20.60,23.60,24.60,22.80,21.90,22.90,20.70,25.00,24.40,24.50,24.20
TLM_RCV,-52,FG-ALPHA,20240415_083414,AUTO,0,31.15,5.00,-85,86.95,8.02,3.29,5.02,1004,430,0,286,22.87,1013.00,12.00,405.50,12.45,46.15,1080,24.10,23.30,20.70,22.50,20.70,24.80,22.00,22.70,20.20,21.20,23.70,23.90,20.90,23.20,23.40,24.70,20.70,21.30,24.10,24.10,25.50,23.90,25.60,25.20,22.30,20.00,25.50,23.80,21.30,23.50,24.40,23.50,23.10,23.60,23.60,25.10,22.30,25.80,25.70,21.40,23.50,24.20,24.60,25.40,25.40,21.20,20.40,22.50,22.20,22.50,23.40,21.10,22.20,21.30,25.50,25.40,24.40,20.30,25.20,23.80,20.90,23.00,22.00,20.80
TLM_RCV,-86,FG-ALPHA,20240415_083415,AUTO,0,31.20,5.00,-85,87.02,8.02,3.30,5.02,1167,440,0,291,23.64,1013.50,12.10,405.90,12.46,46.15,1080,25.30,23.90,24.40,20.60,20.80,23.40,23.30,23.70,22.00,25.80,24.30,23.40,21.40,24.00,22.00,24.20,24.90,25.00,21.00,20.30,22.10,24.30,20.90,25.20,25.90,20.80,20.70,24.70,25.00,23.60,21.30,24.20,20.30,21.30,20.80,20.50,22.70,23.60,24.20,24.30,20.50,24.30,24.20,24.60,24.30,23.20,23.40,25.10,23.90,25.70,23.70,22.20,23.50,21.90,23.10,25.70,24.10,20.60,21.60,22.20,20.60,24.80,24.30,22.00
TLM_RCV,-48,FG-ALPHA,20240415_083416,AUTO,0,32.35,5.00,-85,87.08,8.02,3.31,5.02,1010,469,0,320,22.70,1012.80,11.90,405.10,12.46,46.15,1080,24.00,20.40,24.60,21.90,25.90,25.70,22.80,23.20,24.80,25.30,23.80,21.80,24.70,24.30,23.30,20.40,20.20,23.30,22.50,23.70,23.30,23.10,20.60,20.30,25.60,25.60,24.30,22.10,23.20,24.00,20.50,21.80,22.60,24.30,21.10,23.10,22.70,21.50,20.20,20.90,23.20,25.40,24.50,20.70,24.30,24.20,24.20,23.50,23.70,23.50,25.30,22.30,25.90,20.00,25.00,22.50,20.70,24.20,22.30,25.10,21.50,21.10,25.70,21.40
TLM_RCV,-87,FG-ALPHA,20240415_083417,AUTO,0,33.34,5.00,-85,87.13,8.02,3.31,5.02,1029,468,0,312,22.81,1013.20,12.10,405.70,12.46,46.15,1080,23.40,20.20,23.30,22.30,24.90,24.00,22.40,25.50,22.40,21.20,23.20,22.00,83.40,23.70,22.00,23.30,20.60,24.20,24.00,20.10,20.80,20.90,23.40,21.30,24.00,20.70,24.40,20.70,21.10,20.60,23.20,24.10,24.10,23.10,25.60,21.30,22.60,22.60,24.10,24.30,23.30,23.40,23.70,21.20,24.20,24.80,20.00,22.70,24.70,21.30,24.40,24.70,23.60,22.90,22.50,25.10,25.10,22.00,22.90,23.50,24.90,21.60,25.30,24.40
TLM_RCV,-56,FG-ALPHA,20240415_083418,AUTO,0,32.38,5.00,-85,87.09,8.02,3.28,5.02,0,476,0,333,22.38,1012.80,11.90,406.10,12.46,46.15,1080,20.60,20.50,21.90,24.50,21.00,20.40,23.90,24.70,22.40,25.50,25.40,23.30,20.80,20.00,21.20,23.20,23.10,22.10,21.60,21.40,25.30,24.10,23.60,20.30,22.30,21.90,20.80,22.10,24.30,21.50,22.20,21.00,20.70,23.50,23.60,20.90,22.00,24.70,25.10,20.20,25.20,24.50,23.40,23.80,24.70,22.80,21.70,23.70,21.90,22.30,22.90,21.40,25.00,20.90,23.40,23.30,23.80,20.20,20.80,21.60,24.40,22.80,24.40,20.70
TLM_RCV,-90,FG-ALPHA,20240415_083419,AUTO,0,31.15,5.00,-85,87.13,8.03,3.29,5.02,914,429,0,283,22.42,1013.10,11.90,405.40,12.46,46.15,1080,21.20,24.20,20.10,25.10,21.40,25.60,22.60,25.10,23.20,23.50,20.90,25.60,24.80,21.50,22.50,20.90,20.80,20.00,23.50,25.90,23.90,22.00,24.40,21.40,23.30,23.20,20.70,20.70,25.50,25.30,22.60,23.20,20.30,23.30,21.00,21.20,24.50,20.90,24.50,23.20,21.80,24.20,25.30,21.30,20.30,24.20,85.70,24.30,23.80,23.90,22.80,20.00,24.90,21.60,21.10,24.90,24.20,24.90,22.10,24.50,21.10,25.70,22.90,20.20
TLM_RCV,-52,FG-ALPHA,20240415_083420,AUTO,0,33.29,5.00,-85,87.18,8.02,3.29,5.02,963,458,0,303,22.52,1013.60,12.00,405.40,12.46,46.15,1080,23.90,22.80,22.10,21.30,23.10,23.70,23.40,24.60,25.40,20.00,23.90,20.20,20.80,22.20,24.50,21.70,23.00,22.10,24.90,25.30,25.40,22.90,24.60,23.50,23.80,25.60,21.10,21.90,20.30,22.40,24.40,22.90,20.20,24.00,20.10,23.20,22.20,22.20,20.10,24.60,23.50,24.60,21.30,23.50,23.70,25.70,24.90,20.50,25.40,23.80,22.20,21.40,24.50,21.60,23.60,23.00,23.80,22.50,20.40,25.20,24.40,21.80,23.70,20.30
TLM_RCV,-68,FG-ALPHA,20240415_083421,AUTO,0,31.27,5.00,-85,87.25,8.03,3.30,5.02,1153,454,0,310,23.50,1013.40,11.90,406.10,12.46,46.15,1080,23.70,22.50,24.40,24.50,20.70,20.00,24.70,25.30,23.70,24.60,20.10,25.00,25.60,23.90,22.70,25.00,20.20,24.30,22.10,24.00,25.90,23.80,20.90,22.40,22.10,22.40,25.50,23.10,20.50,23.70,25.60,20.30,24.10,20.90,23.00,20.30,20.90,22.50,24.00,23.60,22.40,20.30,21.50,21.40,24.30,20.00,23.80,21.00,22.10,23.00,22.20,24.60,21.50,21.70,23.00,22.60,23.50,24.00,20.40,22.30,21.40,23.90,24.10,20.40
TLM_RCV,-94,FG-ALPHA,20240415_083443,AUTO,1,34.71,9.50,-85,88.06,7.94,3.30,4.99,980,1141,673,324,20.81,1013.30,12.10,405.10,12.48,46.90,1080,20.90,23.70,22.10,20.00,25.20,23.70,25.20,23.70,23.10,21.20,23.90,21.80,20.10,25.60,20.80,21.90,20.70,21.90,22.40,21.40,22.00,23.70,24.80,20.70,25.70,20.60,24.40,22.90,25.40,24.50,23.40,23.20,21.60,23.30,24.90,25.10,23.40,20.10,20.20,23.30,22.80,25.10,20.90,24.80,25.10,25.20,25.20,25.80,20.00,25.70,25.90,24.50,20.50,20.40,25.30,20.40,24.20,23.00,21.90,25.30,21.50,20.70,25.10,20.00
TLM_RCV,-49,FG-ALPHA,20240415_083444,AUTO,1,34.69,11.00,-85,88.06,7.94,3.29,4.96,1156,1139,665,330,20.08,1013.00,12.10,405.00,12.48,47.05,1080,23.10,24.00,23.00,21.80,23.00,23.60,22.80,23.20,22.90,23.00,23.20,21.50,21.30,24.10,20.60,21.90,21.80,20.80,20.20,22.50,21.70,21.90,21.20,20.80,25.00,22.10,21.80,25.70,24.90,24.70,21.00,25.50,20.00,25.90,21.90,21.20,20.90,20.40,21.50,25.30,20.30,25.10,23.80,23.60,20.10,23.20,23.00,25.70,25.90,24.60,23.80,23.50,24.60,21.50,21.50,25.10,25.70,22.00,25.50,25.70,22.70,25.20,24.50,20.10
TLM_RCV,-87,FG-ALPHA,20240415_083445,AUTO,1,34.92,12.50,-85,88.04,7.94,3.29,4.95,951,1185,713,317,21.17,1013.60,11.80,406.40,12.49,47.20,1080,23.30,25.80,24.90,22.10,23.90,23.20,23.60,21.60,20.80,20.80,20.00,21.20,22.90,23.60,22.80,24.80,24.50,25.00,21.30,21.10,20.10,22.90,24.10,22.80,23.30,24.60,25.60,21.80,24.20,24.80,21.60,22.20,20.30,23.10,24.00,21.60,25.40,24.20,21.20,21.80,25.50,20.20,23.10,25.10,20.30,20.90,25.80,21.10,22.50,20.30,23.60,22.00,25.90,22.20,23.70,24.00,23.30,21.20,20.70,20.10,21.30,22.80,20.90,24.70
TLM_RCV,-61,FG-ALPHA,20240415_083446,AUTO,1,35.76,14.00,-85,88.01,7.94,3.29,4.92,907,1152,674,328,21.23,1012.80,12.10,405.60,12.49,47.35,1080,23.90,22.70,23.90,24.80,20.20,22.10,22.40,21.30,25.40,24.30,20.40,24.10,23.00,22.10,20.60,23.50,23.20,24.80,22.10,21.80,25.00,24.30,24.30,21.80,20.10,24.30,23.00,25.20,25.60,20.80,24.50,20.80,21.80,20.60,21.90,70.60,22.20,21.60,25.90,22.30,24.80,20.30,24.00,21.50,25.00,23.60,21.70,22.60,25.80,22.00,24.10,23.80,24.20,20.40,25.80,25.60,24.40,25.90,22.70,20.00,22.90,21.30,23.20,24.00
TLM_RCV,-54,FG-ALPHA,20240415_083447,AUTO,0,31.02,12.00,-85,88.05,8.05,3.28,5.02,826,404,0,256,22.11,1013.60,12.00,405.80,12.49,47.35,1080,24.80,25.90,20.80,25.70,22.00,25.60,22.20,25.50,21.30,21.50,20.70,24.60,22.10,23.40,20.90,20.50,23.10,20.50,24.00,23.60,23.00,25.30,21.40,24.70,21.90,25.80,22.40,20.50,21.80,22.50,24.90,24.30,21.40,22.70,22.40,24.70,24.50,20.20,23.50,23.70,21.50,20.70,25.60,25.80,22.40,23.20,21.10,20.50,20.30,22.60,22.20,23.30,23.10,21.30,22.40,22.00,21.00,21.40,25.60,21.40,25.70,25.70,23.50,23.90
TLM_RCV,-50,FG-ALPHA,20240415_083448,AUTO,0,31.98,10.00,-85,88.11,8.06,3.31,5.02,933,395,0,250,22.69,1012.90,12.00,405.00,12.49,47.35,1080,22.40,25.40,25.30,21.60,25.40,23.50,22.60,20.10,25.80,20.60,20.80,22.70,24.50,25.50,25.30,24.30,24.70,21.60,23.40,23.60,22.40,23.90,21.70,20.60,24.70,25.10,24.00,25.80,20.20,23.90,25.60,25.10,25.10,24.80,24.90,21.40,25.30,23.70,20.40,25.30,23.10,23.40,22.10,20.30,23.90,23.60,25.50,21.70,22.70,25.60,24.90,20.70,24.80,23.70,25.00,23.60,21.40,22.20,22.60,22.00,23.00,24.90,24.80,21.60
TLM_RCV,-57,FG-ALPHA,20240415_083449,AUTO,0,32.23,8.00,-85,88.17,8.05,3.28,5.02,1030,446,0,298,22.92,1012.90,12.00,405.90,12.49,47.35,1080,20.80,22.40,20.90,22.00,24.00,23.20,22.00,24.00,20.90,20.80,23.80,20.50,24.30,22.30,20.80,24.00,23.50,22.60,20.70,24.00,23.80,22.90,24.30,25.30,21.20,22.30,22.40,23.00,24.10,20.60,24.60,25.00,24.40,22.90,23.40,25.30,24.60,25.00,23.60,20.90,20.30,24.10,25.00,23.20,20.60,21.60,24.00,23.50,21.70,21.50,22.80,25.90,20.20,22.80,24.70,24.60,24.60,21.90,22.60,20.90,21.40,21.00,22.40,20.50
TLM_RCV,-93,FG-ALPHA,20240415_083450,AUTO,0,32.27,6.00,-85,88.12,8.05,3.30,5.02,0,454,0,296,22.27,1013.60,12.10,405.90,12.49,47.35,1080,24.80,24.10,21.80,22.60,21.10,24.80,25.40,21.20,21.10,21.40,25.20,25.70,22.10,22.90,22.20,21.70,22.70,22.30,21.00,21.10,23.00,23.60,24.90,21.50,20.20,21.40,21.50,25.90,21.40,24.90,23.10,24.00,22.20,21.40,20.60,21.50,25.00,22.20,20.30,23.00,20.80,20.30,23.00,25.00,24.70,23.30,22.40,24.30,20.50,22.30,21.10,23.60,25.90,22.00,24.70,24.80,22.80,25.80,24.30,20.80,21.50,25.50,24.70,20.30
TLM_RCV,-60,FG-ALPHA,20240415_083451,AUTO,0,33.38,5.00,-85,88.18,8.04,3.28,5.02,1036,477,0,333,22.80,1013.40,11.80,404.80,12.49,47.35,1080,20.10,24.80,23.00,23.70,22.30,21.80,25.30,20.90,25.00,22.50,25.00,20.50,22.00,25.70,23.00,22.00,22.60,25.20,21.10,21.70,20.40,23.40,24.70,21.90,20.40,23.70,23.90,25.60,22.70,25.60,21.70,24.00,24.00,20.60,23.90,22.80,21.40,22.30,24.40,20.10,21.10,21.60,25.70,24.00,21.00,23.10,23.10,25.80,20.90,24.50,21.70,21.30,24.30,23.10,25.60,20.70,23.10,21.50,23.40,23.20,23.80,21.30,20.00,20.20
TLM_RCV,-89,FG-ALPHA,20240415_083452,AUTO,0,32.13,5.00,-85,88.24,8.05,3.29,5.02,1057,426,0,278,23.16,1013.30,11.80,404.80,12.49,47.35,1080,21.10,21.80,21.30,20.60,22.70,23.10,21.70,21.00,25.80,22.50,23.30,25.20,22.40,24.90,25.60,22.80,24.00,22.80,23.00,25.70,21.60,25.40,22.50,21.80,25.60,21.80,21.60,24.90,21.80,23.80,22.30,20.40,22.30,23.50,23.30,22.70,20.10,20.10,22.30,20.80,23.80,23.60,24.10,23.60,24.90,20.40,21.50,20.10,21.20,24.80,24.90,25.30,23.00,20.80,21.60,23.30,25.60,21.20,21.70,20.80,25.30,25.40,21.60,22.40
TLM_RCV,-56,FG-ALPHA,20240415_083453,AUTO,0,32.15,5.00,-85,88.29,8.05,3.28,5.02,963,431,0,284,22.66,1012.80,11.90,405.20,12.49,47.35,1080,21.20,24.90,21.60,22.30,23.00,23.90,25.20,24.00,23.10,25.90,21.60,21.10,25.60,24.70,24.00,21.40,20.80,23.20,24.30,20.00,24.80,25.50,20.70,23.70,20.60,24.10,23.00,24.70,24.00,22.40,22.50,21.70,21.20,22.30,20.50,21.80,21.00,25.30,20.30,23.70,21.30,25.10,23.00,23.10,23.90,24.80,25.20,24.00,20.00,22.10,23.80,22.40,25.10,22.10,24.90,24.60,23.40,25.80,25.80,24.40,22.80,21.80,25.10,21.80
TLM_RCV,-78,FG-ALPHA,20240415_083454,AUTO,0,33.46,5.00,-85,88.33,8.05,3.31,5.02,813,491,0,342,21.61,1012.90,11.80,405.80,12.49,47.35,1080,21.30,21.10,21.20,23.80,23.40,25.80,20.60,21.80,24.60,25.70,25.90,24.90,23.40,24.00,20.60,24.90,23.10,20.90,24.20,24.00,20.80,23.50,20.20,24.90,25.60,23.00,23.90,23.20,21.20,22.10,25.20,25.30,24.80,21.20,21.60,20.10,23.30,20.10,23.20,22.50,25.10,24.50,20.20,20.40,23.00,23.10,23.70,21.60,22.30,22.40,20.80,23.60,21.90,21.70,23.20,21.70,22.60,22.90,22.70,21.30,25.00,23.30,24.50,21.40
TLM_RCV,-66,FG-ALPHA,20240415_083455,AUTO,0,32.50,5.00,-85,88.28,8.04,3.31,5.02,0,500,0,344,22.50,1012.70,11.90,405.30,12.50,47.35,1080,25.80,22.80,22.50,23.10,22.30,22.00,22.70,25.20,21.40,23.60,23.30,21.70,23.00,22.70,22.60,24.30,21.30,25.60,20.60,22.80,21.00,24.90,24.00,21.80,20.10,25.10,21.90,23.00,24.10,25.80,23.40,20.30,22.10,21.30,22.70,21.70,21.30,24.10,21.40,25.30,21.90,23.60,21.00,23.40,25.50,20.70,25.50,21.10,23.10,23.90,25.90,24.90,24.50,23.10,21.40,20.00,23.20,23.50,23.40,22.80,24.30,22.00,21.30,25.90
TLM_RCV,-61,FG-ALPHA,20240415_083456,AUTO,0,33.51,5.00,-85,88.23,8.04,3.31,5.02,0,502,0,344,22.51,1012.70,12.10,404.90,12.50,47.35,1080,22.60,20.70,20.50,25.60,20.80,24.00,24.00,21.20,22.30,20.50,24.00,25.00,25.00,21.70,20.10,20.00,25.30,20.80,21.40,20.80,25.90,25.20,20.10,21.00,25.00,22.70,20.00,24.60,21.80,25.60,24.10,21.80,23.50,22.30,21.60,24.80,22.60,20.80,22.20,22.90,24.50,20.40,24.70,20.70,20.80,21.20,23.90,25.00,20.90,21.60,22.50,24.70,24.40,25.20,25.20,21.30,21.00,25.40,23.00,22.90,21.30,21.40,22.70,25.50
TLM_RCV,-69,FG-ALPHA,20240415_083457,AUTO,0,31.25,5.00,-85,88.26,8.05,3.29,5.02,840,450,0,302,21.95,1013.20,12.00,405.60,12.50,47.35,1080,22.30,25.90,20.60,25.70,21.80,22.80,25.20,20.00,22.30,20.40,23.10,23.90,23.80,24.00,25.70,23.30,23.80,21.00,22.30,25.90,24.90,23.60,23.10,25.80,22.80,23.40,22.10,25.30,23.60,23.30,25.70,23.50,20.70,20.20,25.50,22.90,24.80,21.80,23.10,24.40,24.00,22.90,22.80,21.80,23.80,25.50,23.30,21.90,23.80,25.30,21.00,23.20,23.50,25.70,23.00,25.70,20.40,23.60,21.00,22.60,22.10,21.40,21.60,21.70
TLM_RCV,-80,FG-ALPHA,20240415_083458,AUTO,0,32.18,5.00,-85,88.22,8.05,3.31,5.02,0,436,0,281,22.18,1013.00,11.90,405.50,12.50,47.35,1080,25.60,22.80,23.90,21.10,24.90,20.40,25.90,23.70,23.00,21.40,21.20,20.40,20.70,24.80,20.00,24.20,24.50,23.60,22.70,22.40,22.60,24.40,20.60,22.30,23.90,25.20,24.70,20.00,20.10,23.90,20.20,23.10,24.20,25.40,21.50,23.00,21.90,25.70,25.40,24.70,24.10,25.90,20.90,21.30,23.20,21.10,22.30,24.80,23.50,24.80,20.30,23.00,24.00,23.30,21.10,22.20,20.50,25.50,22.00,24.10,22.90,20.10,25.70,25.60
TLM_RCV,-75,FG-ALPHA,20240415_083459,AUTO,0,31.04,5.00,-85,88.18,8.06,3.31,5.02,0,408,0,254,22.04,1013.60,11.80,405.70,12.50,47.35,1080,25.50,20.90,23.00,24.10,21.70,22.00,24.70,23.30,22.30,23.60,20.60,21.90,25.60,24.00,25.30,21.30,22.00,23.20,20.80,21.30,21.40,24.10,23.00,21.50,22.60,24.10,23.50,20.20,23.40,23.10,23.90,23.70,20.80,20.80,21.90,21.50,21.20,22.70,21.40,21.90,25.20,23.70,22.80,20.00,21.60,25.50,20.70,21.50,24.70,24.00,21.40,21.40,24.00,23.70,24.70,24.40,24.90,22.80,22.40,20.50,23.80,21.10,25.50,25.90
TLM_RCV,-79,FG-ALPHA,20240415_083500,AUTO,0,31.15,5.00,-85,88.24,8.05,3.29,5.02,1081,429,0,288,23.26,1013.50,12.10,405.60,12.50,47.35,1080,24.90,21.30,25.20,24.10,21.10,24.40,21.80,24.50,20.10,23.40,24.80,21.90,21.40,23.20,22.80,22.00,25.60,23.80,24.50,21.20,23.70,25.00,21.40,23.10,22.70,24.00,20.30,21.70,25.10,22.10,22.80,20.20,20.00,21.80,23.20,20.00,25.60,22.10,25.50,20.10,22.10,23.10,21.80,22.40,21.80,21.50,23.40,21.50,23.10,20.70,22.60,21.10,21.90,22.00,22.30,22.30,21.00,20.60,20.20,25.40,21.30,23.80,21.50,25.00
TLM_RCV,-91,FG-ALPHA,20240415_083501,AUTO,0,31.23,5.00,-85,88.28,8.05,3.28,5.02,818,446,0,299,21.86,1013.10,11.80,406.00,12.50,47.35,1080,22.20,23.10,25.40,25.20,23.30,21.90,20.50,25.10,24.60,25.00,25.10,25.00,22.60,22.60,24.80,20.50,21.50,21.60,20.90,21.70,23.80,20.80,22.40,21.10,21.20,21.20,23.90,24.30,24.80,25.00,24.50,20.20,24.80,22.30,23.30,24.10,23.90,20.00,21.80,25.10,22.40,20.60,21.70,24.00,25.90,24.80,24.50,20.10,24.50,21.10,22.30,20.30,23.10,21.00,23.20,24.50,25.80,20.60,20.20,24.00,22.90,22.40,23.60,25.20
TLM_RCV,-50,FG-ALPHA,20240415_083502,AUTO,0,31.09,5.00,-85,88.32,8.06,3.31,5.02,847,419,0,274,22.14,1012.90,11.80,406.10,12.50,47.35,1080,24.40,21.90,25.30,21.30,20.50,25.20,22.40,22.30,24.80,20.00,24.40,21.10,20.50,22.90,24.40,25.40,23.70,21.50,22.60,23.20,21.80,24.50,23.30,22.20,24.00,24.40,22.00,24.60,21.50,21.30,23.40,25.70,20.80,20.10,23.30,21.40,21.60,24.10,20.20,24.30,24.60,25.80,25.20,23.00,22.10,24.30,24.30,20.90,25.00,20.00,25.00,25.10,25.80,20.00,23.20,21.80,22.20,22.70,24.90,21.90,23.30,24.30,20.20,21.80
TLM_RCV,-80,FG-ALPHA,20240415_083503,AUTO,0,32.04,5.00,-85,88.37,8.06,3.29,5.02,846,408,0,262,22.19,1012.90,11.90,406.20,12.50,47.35,1080,25.00,21.80,25.40,25.60,23.80,24.90,20.00,25.90,20.80,20.40,22.60,24.20,25.80,25.30,20.40,22.20,22.60,21.70,21.70,25.00,24.50,24.80,20.80,20.90,21.90,24.00,22.00,85.70,20.70,20.00,21.30,24.40,23.80,21.90,21.90,20.10,23.00,23.20,21.00,25.50,22.10,21.30,23.40,22.40,21.50,25.00,20.00,23.20,21.90,20.40,20.70,21.80,24.40,22.70,20.30,21.50,24.50,21.30,23.10,22.90,20.50,20.80,23.80,25.00
TLM_RCV,-90,FG-ALPHA,20240415_083504,AUTO,0,31.36,5.00,-85,88.32,8.05,3.31,5.02,0,473,0,322,22.36,1013.50,12.00,405.00,12.50,47.35,1080,21.70,22.70,21.90,25.10,25.40,21.50,24.30,25.30,21.90,24.70,25.00,25.80,25.20,21.30,25.70,20.40,25.30,25.80,23.40,21.90,25.60,23.90,22.10,22.30,22.60,25.20,22.90,25.70,24.50,20.10,24.40,25.30,21.80,24.60,23.90,25.60,20.50,24.80,21.20,25.50,24.00,23.90,23.70,23.50,21.10,21.00,21.90,22.50,23.90,23.10,25.50,24.90,22.60,20.40,24.30,21.10,20.50,21.90,25.20,23.10,22.40,24.90,25.30,24.30
TLM_RCV,-53,FG-ALPHA,20240415_083505,AUTO,0,32.47,5.00,-85,88.39,8.05,3.30,5.02,1185,495,0,343,23.45,1012.90,11.90,406.00,12.51,47.35,1080,23.70,24.40,24.40,22.70,21.40,21.00,23.60,21.50,22.00,22.30,20.20,20.70,23.50,24.60,23.90,22.50,23.90,20.30,24.70,24.90,23.40,21.50,23.50,22.10,21.10,23.10,21.60,25.20,24.00,24.20,25.60,23.70,21.50,23.20,24.70,23.90,23.80,23.70,23.50,25.70,25.20,23.50,23.60,21.70,21.80,25.00,22.80,20.90,21.00,20.70,20.50,22.40,22.20,25.80,20.40,22.00,21.70,21.00,20.30,25.20,22.70,22.30,23.90,23.70
TLM_RCV,-47,FG-ALPHA,20240415_083506,AUTO,0,33.22,5.00,-85,88.45,8.06,3.29,5.02,1009,445,0,299,22.82,1013.10,12.00,406.00,12.51,47.35,1080,21.70,25.30,24.60,25.90,21.10,25.10,22.00,20.50,25.70,23.40,20.50,22.50,23.80,24.10,21.50,20.10,22.60,20.00,24.40,24.40,23.10,20.40,22.60,20.00,25.50,20.90,20.00,21.00,21.40,21.20,24.30,24.80,22.80,25.40,22.90,21.70,22.20,20.90,24.80,24.20,22.50,25.70,24.00,20.60,21.30,21.70,21.10,25.30,23.80,24.60,24.20,25.70,24.20,23.90,24.60,25.00,20.20,20.60,25.30,24.70,23.80,25.80,25.50,21.30
TLM_RCV,-80,FG-ALPHA,20240415_083507,AUTO,0,31.34,5.00,-85,88.49,8.05,3.31,5.02,869,468,0,327,22.00,1013.50,12.10,405.90,12.51,47.35,1080,25.80,21.00,22.10,21.00,20.90,21.60,24.40,25.30,24.60,22.90,24.20,24.40,20.00,23.40,23.40,24.10,22.00,21.40,20.20,21.00,21.00,22.40,25.20,23.20,20.30,23.00,23.90,23.90,20.80,20.50,23.20,22.60,21.30,23.60,20.90,24.40,23.40,21.70,21.00,23.50,24.10,21.80,24.00,22.30,20.80,23.90,22.30,23.20,22.40,22.30,24.60,24.90,21.40,23.20,25.10,25.90,20.60,23.30,21.50,24.40,22.00,22.50,25.10,20.70
TLM_RCV,-47,FG-ALPHA,20240415_083508,AUTO,0,32.38,5.00,-85,88.56,8.05,3.29,5.02,1162,477,0,337,23.42,1012.90,12.00,405.50,12.51,47.35,1080,20.30,20.60,23.10,22.60,22.40,21.70,22.30,25.80,21.80,24.80,24.60,24.80,23.60,21.30,20.00,20.60,25.80,21.90,21.00,24.60,22.90,21.90,20.00,22.00,21.50,20.50,22.40,25.30,20.80,24.30,20.30,20.30,20.90,22.10,23.70,24.10,21.10,23.30,24.00,21.00,25.70,21.80,21.30,21.00,25.00,21.70,22.30,20.70,20.20,21.20,20.90,20.50,24.20,23.50,24.90,23.30,25.20,23.40,20.80,21.30,25.60,25.80,25.60,21.50
TLM_RCV,-80,FG-ALPHA,20240415_083509,AUTO,0,33.08,5.00,-85,88.60,8.06,3.30,5.02,870,415,0,257,22.27,1012.70,11.90,406.00,12.51,47.35,1080,25.70,25.90,20.10,23.50,20.00,20.00,25.80,24.40,22.10,21.90,21.50,22.30,20.20,23.90,20.10,21.10,24.80,25.50,24.40,22.00,20.70,24.50,20.50,21.00,21.60,24.80,24.50,22.10,23.30,23.30,23.00,25.40,23.90,25.50,25.30,22.50,25.40,24.60,24.60,20.30,20.70,21.70,22.30,20.40,23.10,22.90,21.30,25.70,21.90,21.50,23.70,24.20,22.10,23.50,24.30,23.30,25.80,22.50,20.70,21.30,23.30,20.70,21.00,20.90
TLM_RCV,-56,FG-ALPHA,20240415_083510,AUTO,0,31.31,5.00,-85,88.65,8.06,3.31,5.02,975,462,0,309,22.57,1013.20,12.10,404.50,12.51,47.35,1080,25.10,22.80,22.40,22.40,21.00,22.30,24.90,23.10,25.20,21.40,22.50,20.50,24.60,24.60,25.60,20.10,25.40,25.80,23.90,22.60,23.60,21.40,21.30,20.60,21.80,21.00,25.20,22.90,23.00,20.70,25.80,25.20,25.10,21.70,22.80,20.10,22.90,20.00,24.30,23.60,25.90,23.00,25.20,21.40,23.40,20.20,22.10,24.70,21.20,21.20,24.30,24.70,20.60,20.00,23.50,25.30,20.90,21.30,25.90,21.90,25.00,20.30,23.60,23.30
TLM_RCV,-75,FG-ALPHA,20240415_083511,AUTO,0,32.37,5.00,-85,88.71,8.06,3.28,5.02,1011,474,0,319,22.68,1013.60,12.00,404.90,12.51,47.35,1080,21.90,23.20,22.30,20.40,23.30,22.50,22.10,23.90,24.10,20.60,25.50,22.90,22.40,22.10,21.50,20.20,21.40,25.30,24.30,20.50,21.00,24.30,24.70,23.40,23.70,21.10,20.20,23.80,20.70,20.40,23.20,25.90,24.50,23.90,23.30,21.10,21.90,21.90,22.40,25.00,21.90,21.80,25.80,22.40,22.50,21.10,22.70,24.00,23.00,24.90,24.80,23.20,21.00,20.20,25.90,24.60,23.30,20.10,21.40,25.20,21.20,23.10,23.10,20.40
TLM_RCV,-75,FG-ALPHA,20240415_083512,AUTO,0,31.20,5.00,-85,88.77,8.06,3.28,5.02,1065,441,0,286,23.12,1013.50,11.90,406.20,12.51,47.35,1080,21.70,23.20,20.40,24.10,24.80,23.20,23.50,25.30,20.70,23.20,20.10,23.90,21.30,22.20,24.90,23.60,25.80,21.50,21.70,23.00,25.00,24.20,22.70,23.10,25.90,23.70,22.20,23.30,21.80,23.10,25.00,23.70,22.10,23.20,21.70,25.40,25.10,24.80,22.30,24.10,23.50,24.50,21.40,23.00,22.50,20.70,21.40,24.10,21.70,23.20,21.90,20.00,24.00,24.00,24.20,22.40,21.30,24.00,22.00,20.50,24.50,24.10,22.60,23.90
TLM_RCV,-93,FG-ALPHA,20240415_083513,AUTO,0,31.30,5.00,-85,88.72,8.06,3.29,5.02,0,459,0,306,22.30,1013.50,11.90,405.30,12.51,47.35,1080,22.60,22.00,23.60,23.80,21.00,22.30,21.90,23.60,23.60,23.20,25.70,20.50,21.40,23.10,22.60,22.60,22.30,23.30,22.70,22.00,21.20,20.50,24.90,21.10,25.90,24.30,25.50,23.80,21.50,22.70,24.00,22.90,20.00,25.50,23.80,24.10,23.60,22.20,21.60,24.10,25.70,20.30,23.50,20.50,23.10,24.10,25.10,20.50,24.90,25.10,23.80,21.20,23.30,22.00,24.80,24.90,21.50,25.00,23.30,21.80,20.60,25.80,23.70,24.60
TLM_RCV,-51,FG-ALPHA,20240415_083514,AUTO,0,31.22,5.00,-85,88.76,8.06,3.28,5.02,838,444,0,288,21.97,1013.40,12.10,406.30,12.51,47.35,1080,22.30,23.90,21.00,21.80,23.50,20.80,23.20,24.20,21.20,21.30,21.10,24.00,23.60,20.90,20.20,20.90,23.50,22.20,21.90,21.90,25.40,20.50,23.80,23.90,22.80,21.40,20.30,23.60,20.50,20.30,24.40,25.80,22.20,25.80,21.70,20.90,20.00,21.80,20.60,21.20,22.50,24.30,21.90,25.20,25.10,22.40,21.70,22.80,24.90,22.10,21.50,20.80,21.20,25.30,25.60,21.30,22.80,23.80,25.10,20.70,23.10,24.50,24.40,21.20
TLM_RCV,-54,FG-ALPHA,20240415_083515,AUTO,0,33.30,5.00,-85,88.82,8.06,3.31,5.02,1079,460,0,320,23.09,1012.70,11.80,405.20,12.52,47.35,1080,20.30,20.50,21.90,22.30,22.10,24.40,20.20,24.20,25.60,21.30,23.20,21.40,22.60,20.80,21.00,23.10,22.00,25.70,24.10,21.40,22.60,20.90,23.50,25.70,24.40,25.90,22.20,23.60,22.80,20.70,25.10,24.50,25.80,24.40,20.40,22.80,24.80,20.20,21.60,21.20,25.90,21.80,21.20,25.10,20.80,21.20,22.20,23.30,20.20,25.10,23.50,24.40,25.90,20.90,23.10,22.20,24.30,25.20,21.60,20.10,22.10,22.50,21.70,24.50
TLM_RCV,-60,FG-ALPHA,20240415_083516,AUTO,0,32.33,5.00,-85,88.78,8.06,3.31,5.02,0,467,0,310,22.33,1013.50,11.90,406.40,12.52,47.35,1080,24.70,25.10,24.40,24.70,24.20,24.00,24.50,24.50,22.70,23.60,22.50,21.10,24.60,25.50,21.20,22.50,21.70,22.40,24.00,22.60,24.60,21.60,22.60,24.20,23.50,23.70,21.50,22.30,25.50,22.80,20.80,25.50,24.50,24.10,21.40,24.90,20.80,23.60,23.30,22.90,24.90,21.10,22.90,24.90,22.50,23.70,23.30,23.40,20.90,25.00,25.00,23.90,25.10,25.80,21.70,20.40,20.60,20.00,24.60,21.60,22.70,24.20,25.70,20.30
TLM_RCV,-69,FG-ALPHA,20240415_083517,AUTO,0,32.42,5.00,-85,88.73,8.06,3.31,5.02,0,483,0,324,22.42,1012.80,12.00,404.50,12.52,47.35,1080,25.00,24.20,23.50,22.60,22.40,24.60,21.90,20.40,23.80,20.80,24.20,23.10,24.30,22.70,25.30,23.20,24.20,84.70,25.30,24.30,20.50,24.90,25.30,21.50,21.00,20.20,23.50,20.30,20.80,23.10,21.90,24.70,22.80,22.20,21.60,23.50,21.10,21.90,23.60,24.80,22.10,25.60,22.20,24.70,23.30,23.90,23.10,21.70,21.40,20.20,21.30,24.60,20.80,22.00,22.60,24.00,23.80,22.30,25.60,23.70,21.80,23.00,21.20,21.70
TLM_RCV,-90,FG-ALPHA,20240415_083518,AUTO,0,32.11,5.00,-85,88.69,8.07,3.31,5.02,0,422,0,278,22.11,1012.80,11.90,405.60,12.52,47.35,1080,22.80,23.30,25.80,20.70,22.50,20.90,22.80,25.70,24.80,22.80,24.40,21.60,25.00,25.60,25.30,22.90,22.70,20.60,24.80,25.20,24.90,23.40,21.30,22.90,25.20,20.20,24.20,20.50,23.40,23.40,22.70,22.60,23.10,22.20,25.00,23.50,22.80,23.20,20.80,23.40,21.70,25.40,24.20,21.80,23.60,21.10,24.60,21.10,21.90,21.30,25.80,24.70,20.40,22.30,25.70,25.00,25.80,24.20,20.10,22.50,22.00,23.40,20.60,24.80
TLM_RCV,-79,FG-ALPHA,20240415_083519,AUTO,0,33.16,5.00,-85,88.76,8.07,3.29,5.02,1139,432,0,273,23.53,1013.60,12.10,405.20,12.52,47.35,1080,20.80,23.60,20.20,25.90,24.30,25.50,20.50,24.20,23.10,23.50,22.90,25.50,23.10,20.80,21.50,20.50,24.50,23.60,21.40,21.10,22.30,23.90,25.90,24.10,20.90,25.00,23.20,24.10,22.50,20.80,25.50,23.30,25.90,24.20,20.20,25.50,23.80,20.30,20.30,24.40,23.30,21.50,21.40,21.50,25.90,22.70,25.10,20.80,21.30,21.00,23.40,24.50,22.00,24.60,24.90,21.70,20.70,20.80,24.90,20.80,21.30,22.60,24.40,20.90
TLM_RCV,-54,FG-ALPHA,20240415_083520,AUTO,0,31.34,5.00,-85,88.71,8.06,3.31,5.02,0,468,0,326,22.34,1012.80,11.80,405.70,12.52,47.35,1080,20.70,24.70,23.10,24.20,22.00,23.90,25.50,23.60,21.20,20.50,20.00,21.60,21.20,24.90,22.10,23.40,24.30,24.10,21.10,24.50,22.60,24.80,22.80,23.20,22.70,21.80,25.10,25.50,20.70,24.80,21.70,23.10,23.90,25.20,25.10,21.90,22.00,23.80,20.80,23.10,23.90,24.40,21.20,20.90,21.50,25.00,25.10,23.70,22.60,24.00,22.20,20.50,20.00,24.90,20.00,21.90,25.20,23.20,24.00,22.40,25.80,25.30,24.40,25.00
TLM_RCV,-77,FG-ALPHA,20240415_083521,AUTO,0,31.38,5.00,-85,88.75,8.06,3.29,5.02,839,476,0,326,21.82,1013.10,12.10,404.50,12.52,47.35,1080,23.20,22.80,20.80,24.50,21.50,22.80,25.50,21.50,23.10,25.60,24.90,21.10,25.30,20.10,25.00,22.10,21.00,25.30,22.20,23.50,22.90,20.50,21.90,22.80,24.10,24.80,21.30,22.30,24.60,25.50,23.70,20.80,23.30,20.00,24.90,21.10,23.70,25.20,23.40,25.60,20.10,20.90,20.60,23.10,22.40,24.50,23.00,20.00,20.40,22.60,22.10,21.20,25.50,25.60,24.30,25.60,22.70,24.40,22.10,24.90,24.90,23.50,24.60,22.30
TLM_RCV,-51,FG-ALPHA,20240415_083522,AUTO,0,32.37,5.00,-85,88.80,8.06,3.31,5.02,960,473,0,325,22.43,1013.30,12.00,405.30,12.52,47.35,1080,21.10,25.50,25.80,22.40,23.30,23.50,20.70,20.30,22.40,23.70,22.70,23.10,22.60,23.30,20.10,23.00,25.40,21.30,25.70,21.90,21.80,24.50,21.10,20.10,25.20,23.00,20.50,24.70,20.00,20.20,21.80,22.80,24.60,22.60,25.80,24.60,23.50,22.20,20.70,22.60,25.90,20.90,20.30,20.90,25.20,24.10,22.10,22.50,23.60,20.30,21.90,20.00,20.20,25.60,23.50,22.10,21.70,24.10,24.70,20.50,25.80,24.30,21.30,20.80
TLM_RCV,-78,FG-ALPHA,20240415_083523,AUTO,0,32.19,5.00,-85,88.84,8.07,3.28,5.02,863,437,0,287,22.13,1013.60,11.90,405.00,12.52,47.35,1080,22.40,25.10,24.20,23.70,20.50,22.10,25.90,24.20,20.90,20.80,20.10,21.20,21.20,24.70,22.70,23.40,22.70,22.80,22.70,20.50,24.10,22.10,25.80,20.90,21.70,25.60,23.20,25.10,25.10,23.60,23.00,22.80,23.80,20.70,24.90,23.60,22.80,23.90,23.60,22.30,23.00,25.50,24.40,20.20,20.70,24.40,21.00,21.10,24.50,23.30,20.60,22.80,20.90,24.20,24.00,23.30,24.90,24.50,20.60,25.60,21.80,25.70,23.50,23.20
TLM_RCV,-61,FG-ALPHA,20240415_083545,AUTO,0,32.27,5.00,-85,89.33,8.08,3.29,5.02,1022,454,0,312,22.84,1013.10,12.00,404.80,12.55,48.55,1080,24.50,23.00,23.90,21.70,25.00,21.20,23.60,21.40,24.30,25.10,22.30,24.60,21.10,20.90,24.30,20.50,22.40,22.10,21.70,21.60,22.70,24.00,21.00,20.50,25.50,24.80,20.60,24.80,23.70,24.70,24.80,21.40,20.70,20.40,22.80,22.50,25.50,20.10,20.40,21.30,24.10,23.60,25.80,25.70,22.80,20.10,22.00,22.60,25.90,22.40,24.20,23.80,24.00,23.10,25.80,24.00,20.50,21.10,25.60,20.40,22.50,22.00,25.50,23.60
TLM_RCV,-87,FG-ALPHA,20240415_083546,AUTO,0,32.02,5.00,-85,89.37,8.08,3.31,5.02,815,404,0,258,22.06,1013.10,11.80,404.80,12.55,48.55,1080,24.50,21.80,23.40,24.90,25.70,25.00,21.00,25.40,23.80,22.90,25.10,25.00,21.40,22.10,23.60,22.60,22.70,25.00,24.30,22.30,24.50,25.00,25.50,21.60,25.40,24.70,20.00,23.50,23.70,25.10,21.20,20.30,25.50,22.30,20.70,25.80,25.60,23.10,23.70,20.40,22.70,24.90,25.00,21.00,23.70,23.90,24.10,24.30,21.00,24.80,21.10,25.90,25.10,21.30,24.30,21.60,25.80,24.30,25.20,22.30,20.30,22.20,22.80,24.30
TLM_RCV,-43,FG-ALPHA,20240415_083547,AUTO,0,31.42,5.00,-85,89.42,8.07,3.29,5.02,983,483,0,330,22.50,1013.60,11.90,405.80,12.55,48.55,1080,24.10,20.80,25.30,21.70,23.90,25.50,21.40,25.50,21.10,22.00,25.90,23.40,20.50,22.20,22.10,21.90,25.80,24.70,23.50,25.20,23.30,21.50,21.80,23.00,21.10,20.40,22.60,20.90,25.50,20.80,20.80,22.30,20.60,20.50,25.20,25.30,21.40,25.90,20.60,23.60,20.20,25.60,22.30,20.70,20.90,20.70,21.20,21.60,23.30,20.20,24.90,24.80,23.00,20.90,25.50,21.50,23.00,21.70,25.90,23.80,23.00,20.20,21.30,20.80
TLM_RCV,-53,FG-ALPHA,20240415_083548,AUTO,0,32.36,5.00,-85,89.47,8.08,3.30,5.02,947,472,0,320,22.37,1013.40,11.80,405.80,12.55,48.55,1080,25.00,21.70,24.70,21.90,23.00,22.10,21.80,22.00,21.50,25.90,21.10,25.60,20.10,24.90,24.10,24.70,20.50,25.90,22.30,25.50,24.20,21.20,22.60,23.60,24.10,25.00,23.60,25.30,23.80,20.10,23.70,20.20,22.30,24.20,20.70,25.70,21.90,22.40,25.10,21.30,20.20,20.20,23.10,21.40,22.20,21.60,25.40,23.20,21.80,25.80,22.50,24.20,21.20,25.10,21.20,23.90,24.30,20.30,25.60,21.20,20.90,24.30,25.70,22.70
TLM_RCV,-93,FG-ALPHA,20240415_083549,AUTO,0,33.46,5.00,-85,89.53,8.08,3.31,5.02,1049,491,0,337,22.79,1013.60,12.10,405.10,12.55,48.55,1080,24.00,23.60,24.70,21.20,23.20,21.90,22.00,23.80,23.40,25.50,20.20,20.70,24.10,23.80,23.90,24.70,22.20,22.30,23.60,20.80,22.30,22.00,21.00,23.90,24.40,23.10,25.20,24.80,20.20,24.00,25.00,25.70,20.10,20.60,20.80,23.40,23.80,25.60,24.50,24.00,22.00,24.30,21.60,23.20,23.10,22.40,20.90,23.30,25.50,22.60,23.90,22.20,20.70,20.10,20.80,20.10,24.40,23.70,21.90,22.80,20.20,22.70,23.50,20.80
TLM_RCV,-45,FG-ALPHA,20240415_083550,AUTO,0,31.07,5.00,-85,89.49,8.09,3.30,5.02,0,413,0,259,22.07,1013.50,11.90,405.40,12.55,48.55,1080,20.90,21.20,21.70,21.80,23.60,22.20,24.20,25.30,24.80,22.90,22.10,21.60,23.00,20.20,23.10,22.40,23.50,24.60,21.70,21.60,22.40,23.90,25.50,22.60,24.60,23.50,21.50,25.00,23.40,25.80,25.90,22.00,25.10,20.10,21.30,21.40,24.60,20.40,25.90,22.50,21.20,20.80,24.80,22.00,22.50,22.70,22.80,22.60,21.90,21.70,23.70,23.30,25.70,25.80,20.00,20.20,21.80,23.00,23.00,22.30,25.70,23.30,23.60,21.80
TLM_RCV,-94,FG-ALPHA,20240415_083551,AUTO,0,32.15,5.00,-85,89.54,8.08,3.30,5.02,965,431,0,282,22.67,1013.40,12.10,405.70,12.55,48.55,1080,21.60,24.20,20.70,20.60,24.00,24.20,22.20,20.90,22.70,22.60,24.30,24.80,20.50,21.90,20.30,20.30,23.70,20.30,20.60,25.30,20.20,20.10,22.20,22.10,20.20,21.60,24.60,25.70,25.20,20.00,20.60,24.30,25.10,23.40,21.80,22.50,24.70,20.20,25.80,24.40,24.20,24.50,23.50,25.50,23.80,25.20,20.10,25.10,25.50,23.60,25.50,20.90,22.00,21.70,25.90,24.70,24.80,21.90,25.20,22.40,22.50,22.70,25.00,23.00
TLM_RCV,-83,FG-ALPHA,20240415_083552,AUTO,0,33.13,5.00,-85,89.59,8.09,3.29,5.02,886,427,0,278,22.30,1012.70,12.10,406.20,12.55,48.55,1080,23.80,21.40,25.80,25.70,20.90,23.20,24.60,23.10,20.30,22.50,20.00,21.60,21.20,24.80,20.30,20.50,22.40,24.50,22.70,20.90,23.10,25.80,25.60,22.20,24.20,24.90,20.10,22.40,24.20,25.70,22.00,25.50,21.00,23.30,20.80,25.40,22.20,20.80,20.30,21.40,25.80,25.80,21.70,23.20,24.10,22.80,25.50,22.90,23.10,21.40,25.90,24.90,21.60,21.90,21.50,23.80,20.00,23.30,25.70,21.50,25.60,20.40,23.00,23.00
TLM_RCV,-41,FG-ALPHA,20240415_083553,AUTO,0,32.40,5.00,-85,89.63,8.08,3.29,5.02,973,479,0,329,22.47,1013.20,11.90,406.20,12.55,48.55,1080,25.60,24.70,23.00,24.50,25.40,25.00,24.20,23.10,21.20,21.50,21.40,24.80,24.50,20.30,24.00,21.10,21.80,23.60,25.20,20.80,25.00,25.20,24.80,81.20,20.50,22.10,22.40,23.20,24.60,20.90,22.70,25.90,22.50,25.80,20.00,23.40,21.70,22.20,20.30,20.30,25.60,22.20,22.80,22.00,25.90,20.30,20.60,24.10,25.80,22.00,20.40,23.80,24.80,20.40,22.90,22.00,21.00,20.00,21.40,23.00,21.40,22.20,24.50,21.70
TLM_RCV,-86,FG-ALPHA,20240415_083554,AUTO,0,31.41,5.00,-85,89.68,8.08,3.31,5.02,950,482,0,332,22.34,1013.00,11.90,405.90,12.55,48.55,1080,25.10,21.00,20.90,23.30,24.90,22.50,20.00,21.30,20.10,20.00,22.90,20.30,24.50,22.30,25.40,21.10,23.50,22.00,23.40,21.30,23.00,24.70,21.30,21.70,20.30,24.80,24.60,22.50,24.10,21.00,22.90,22.80,24.70,20.30,22.20,24.60,22.90,25.80,24.60,21.30,22.00,22.80,20.70,23.90,25.60,25.40,23.40,25.40,24.30,25.50,24.50,23.10,20.10,24.10,25.40,21.10,21.90,22.70,23.60,25.10,24.90,20.60,20.50,24.80
TLM_RCV,-82,FG-ALPHA,20240415_083555,AUTO,0,32.10,5.00,-85,89.64,8.09,3.29,5.02,0,420,0,275,22.10,1012.90,12.00,405.70,12.56,48.55,1080,20.30,22.80,23.10,22.50,21.50,23.50,23.60,23.50,22.20,23.30,25.20,24.40,22.30,24.10,23.50,24.90,25.80,21.60,20.70,22.00,21.10,25.10,22.40,23.70,84.90,21.30,22.90,23.90,25.50,20.70,23.40,22.50,23.60,22.90,22.90,25.90,24.90,25.40,24.40,22.60,23.10,22.90,21.70,22.70,20.80,23.70,24.90,22.70,20.90,21.40,24.70,24.10,24.30,24.60,21.60,22.10,21.40,24.40,23.40,24.10,22.30,20.80,20.80,22.70
TLM_RCV,-85,FG-ALPHA,20240415_083556,AUTO,0,33.31,5.00,-85,89.70,8.08,3.29,5.02,1104,463,0,318,23.20,1012.90,11.80,405.00,12.56,48.55,1080,21.30,20.30,25.80,25.50,22.20,25.80,21.30,23.90,22.50,20.00,23.50,20.80,23.50,24.90,24.70,24.60,23.80,25.10,22.00,23.30,20.20,21.70,23.10,25.70,21.80,23.40,25.70,24.00,24.70,22.30,24.40,24.90,24.30,25.20,23.00,22.50,22.20,20.00,23.90,21.30,24.40,23.90,24.70,20.60,25.70,20.10,25.20,23.90,23.50,25.90,24.80,24.50,25.00,20.20,22.10,22.20,24.80,81.90,23.30,24.80,20.50,21.40,22.90,24.20
TLM_RCV,-69,FG-ALPHA,20240415_083557,AUTO,0,31.12,5.00,-85,89.75,8.09,3.28,5.02,925,424,0,276,22.50,1013.10,12.10,404.80,12.56,48.55,1080,25.70,20.80,25.70,21.20,23.10,21.10,22.00,21.20,21.30,21.10,24.70,21.40,23.40,21.50,21.60,25.30,22.40,25.90,21.50,24.60,21.90,24.60,25.60,24.20,25.40,24.50,20.50,21.80,20.00,21.30,22.70,23.80,21.10,20.00,23.70,24.20,23.60,21.80,24.90,21.60,22.10,24.30,20.50,25.10,22.50,25.40,22.80,23.00,20.00,25.80,23.60,20.70,25.10,24.40,24.00,25.00,25.00,22.90,22.00,25.30,24.90,21.30,21.20,24.80
TLM_RCV,-58,FG-ALPHA,20240415_083558,AUTO,0,31.29,5.00,-85,89.82,8.09,3.31,5.02,1110,458,0,318,23.26,1012.90,12.10,406.10,12.56,48.55,1080,20.10,24.30,21.20,24.80,24.30,23.10,24.80,24.40,24.70,22.40,22.00,23.10,23.80,21.90,23.10,25.40,23.30,24.90,20.40,21.90,23.70,22.20,24.60,25.10,25.60,24.70,25.10,22.80,20.00,25.80,24.70,25.60,25.00,23.80,24.10,23.20,20.30,25.80,20.20,23.30,25.60,20.30,25.10,20.50,25.90,23.40,22.20,22.30,25.30,20.40,20.60,23.30,25.10,22.80,22.00,20.00,21.60,22.10,22.10,24.40,20.50,23.30,21.80,24.70
TLM_RCV,-80,FG-ALPHA,20240415_083559,AUTO,0,31.17,5.00,-85,89.86,8.09,3.28,5.02,854,434,0,291,22.10,1012.70,12.10,405.40,12.56,48.55,1080,21.40,22.90,22.50,23.60,20.20,25.10,24.20,22.00,24.90,20.00,21.60,24.30,20.80,24.90,21.40,22.50,21.50,20.00,21.40,24.70,22.10,20.40,20.50,23.20,21.50,22.60,20.00,22.40,25.90,20.50,22.20,25.90,21.40,20.60,22.50,24.60,22.60,22.70,24.10,25.40,21.60,21.30,25.00,24.50,24.50,21.90,25.20,22.60,25.20,24.60,22.70,21.20,21.40,21.50,21.00,25.20,24.80,74.10,23.80,23.50,21.10,20.70,24.50,20.90
TLM_RCV,-85,FG-ALPHA,20240415_083600,AUTO,0,32.31,5.00,-85,89.93,8.09,3.30,5.02,1111,463,0,322,23.24,1013.00,12.00,406.10,12.56,48.55,1080,25.50,21.30,24.30,21.90,25.60,23.00,24.10,25.30,25.30,25.80,22.50,22.60,20.80,22.00,20.20,25.40,20.00,22.90,24.20,20.60,23.50,20.50,25.30,24.10,24.30,20.80,21.20,22.10,22.00,20.50,24.20,25.90,24.40,25.70,23.70,22.30,22.50,23.80,20.70,20.00,22.10,24.80,20.40,20.60,23.70,25.80,25.20,22.90,25.50,25.90,21.60,21.80,24.20,21.20,23.00,23.30,23.60,25.50,21.90,22.70,22.90,20.60,22.90,22.00
TLM_RCV,-47,FG-ALPHA,20240415_083601,AUTO,0,31.31,5.00,-85,90.00,8.09,3.31,5.02,1199,462,0,314,23.68,1013.00,11.90,404.80,12.56,48.55,1080,24.70,21.40,22.50,24.70,24.30,20.70,21.70,23.10,24.90,24.80,23.70,23.80,24.30,23.60,23.50,24.00,24.50,22.60,24.00,25.50,22.90,23.40,20.70,21.50,22.00,20.30,21.70,25.80,25.80,24.40,22.40,23.20,21.30,23.50,21.10,24.80,21.90,20.10,23.30,20.20,21.10,20.50,20.10,22.20,23.60,23.20,20.80,24.70,22.30,20.10,23.90,24.90,25.70,23.60,20.60,20.80,23.10,21.30,24.00,22.90,25.60,22.60,22.80,23.60
TLM_RCV,-91,FG-ALPHA,20240415_083602,AUTO,0,31.11,5.00,-85,90.04,8.10,3.31,5.02,806,422,0,273,21.92,1013.40,11.80,404.90,12.56,48.55,1080,23.50,21.90,21.20,25.70,23.00,21.70,22.90,20.30,21.40,24.50,23.50,20.10,24.20,22.20,25.80,20.90,20.80,24.80,23.80,22.20,22.20,23.90,22.80,21.90,24.70,20.00,22.90,20.00,20.30,20.10,25.20,24.60,24.10,23.00,22.90,25.00,20.40,25.80,22.10,21.20,20.20,25.70,22.50,24.30,20.50,21.40,22.90,25.70,22.00,20.50,22.60,21.00,25.90,23.50,22.80,24.90,23.20,21.70,24.20,24.40,21.10,21.30,21.80,23.60
TLM_RCV,-86,FG-ALPHA,20240415_083603,AUTO,0,33.07,5.00,-85,90.10,8.10,3.28,5.02,1033,414,0,261,23.09,1013.20,11.80,404.60,12.56,48.55,1080,24.80,25.70,20.40,24.40,23.00,20.30,25.10,23.00,22.10,23.40,22.90,20.10,20.40,24.90,22.20,24.30,24.10,23.20,20.60,22.60,25.80,22.20,20.20,25.50,24.60,25.60,22.20,24.60,20.60,24.40,22.60,20.80,21.20,25.80,20.90,21.70,21.30,20.80,23.50,25.70,24.90,25.30,25.30,23.90,20.30,24.80,21.90,20.20,22.30,23.80,24.60,24.40,25.50,22.10,21.00,20.90,25.20,22.10,25.60,20.50,22.50,25.30,21.00,24.20
TLM_RCV,-69,FG-ALPHA,20240415_083604,AUTO,0,32.22,5.00,-85,90.16,8.10,3.28,5.02,1002,443,0,302,22.80,1013.20,11.80,406.10,12.56,48.55,1080,21.00,23.70,24.40,24.50,24.80,23.40,23.70,20.60,25.30,25.80,21.20,24.30,24.90,23.70,21.50,21.20,21.50,25.90,24.40,21.20,22.70,25.40,21.80,20.70,20.60,22.00,24.90,23.40,23.00,22.90,23.40,23.40,21.90,24.10,20.40,23.40,21.10,22.80,23.70,24.20,21.30,20.50,21.10,21.40,24.00,22.20,20.90,24.60,22.60,25.30,25.20,21.70,24.10,23.50,24.50,21.80,22.20,21.60,21.50,21.90,23.70,24.60,22.20,22.40
TLM_RCV,-52,FG-ALPHA,20240415_083605,AUTO,0,32.28,5.00,-85,90.20,8.10,3.31,5.02,944,456,0,303,22.44,1013.30,12.00,405.60,12.57,48.55,1080,25.80,20.50,24.40,25.70,23.00,24.00,23.90,20.40,21.00,25.00,23.20,21.70,20.30,25.50,24.30,21.70,22.30,20.10,23.30,20.50,22.30,21.60,22.70,20.10,20.00,20.60,22.60,22.40,23.40,24.70,22.70,22.50,24.40,23.30,20.80,23.50,20.50,23.20,22.30,25.00,22.70,20.80,20.50,23.20,24.10,24.80,24.10,25.30,24.70,24.40,25.00,21.40,22.50,24.40,23.80,23.50,22.50,21.70,21.30,21.60,25.40,20.40,22.50,23.80
TLM_RCV,-61,FG-ALPHA,20240415_083606,AUTO,0,33.38,5.00,-85,90.27,8.09,3.30,5.02,1133,477,0,335,23.28,1012.70,11.90,405.40,12.57,48.55,1080,23.30,22.10,22.70,23.60,20.70,23.80,20.50,23.30,20.50,24.50,24.20,25.20,24.70,25.20,25.80,23.90,22.20,22.70,23.70,20.10,24.20,25.80,24.30,21.40,25.70,21.10,23.80,23.20,22.80,21.70,23.20,22.10,25.90,24.70,21.00,23.40,20.50,21.00,22.40,20.80,23.70,23.40,22.50,21.50,25.80,21.10,25.00,25.90,25.20,20.70,24.20,24.40,20.40,25.60,25.00,24.60,21.00,24.80,24.20,24.60,20.10,21.00,24.90,20.70
TLM_RCV,-42,FG-ALPHA,20240415_083607,AUTO,0,31.17,5.00,-85,90.32,8.10,3.30,5.02,886,435,0,290,22.25,1013.20,11.90,406.40,12.57,48.55,1080,20.00,25.20,22.60,24.60,22.50,21.10,25.40,25.80,21.60,24.20,23.60,25.00,24.70,24.90,21.80,24.00,20.50,23.10,20.30,24.10,22.70,24.30,21.80,20.00,23.40,24.80,21.80,25.60,25.00,23.80,21.90,23.40,24.70,24.00,23.50,23.70,22.30,25.50,24.60,24.60,24.10,23.80,21.60,20.50,24.40,23.40,25.70,20.40,20.80,21.10,23.00,22.30,21.30,25.50,22.10,21.00,20.40,23.30,24.20,20.10,20.00,25.30,24.10,20.80
TLM_RCV,-83,FG-ALPHA,20240415_083608,AUTO,0,32.26,5.00,-85,90.36,8.10,3.28,5.02,882,451,0,303,22.16,1012.70,12.10,405.50,12.57,48.55,1080,25.60,20.00,20.60,23.80,24.60,22.30,24.20,21.20,23.70,21.40,21.60,21.30,23.70,24.90,22.00,25.70,22.00,21.70,25.20,23.90,25.60,21.30,21.30,20.20,22.50,20.80,21.10,23.40,24.20,20.20,22.30,25.50,23.90,21.80,23.90,22.70,20.30,21.40,21.70,24.00,22.40,20.90,21.70,23.00,22.60,22.30,22.40,20.70,24.90,25.00,21.00,24.20,22.60,21.00,24.70,20.60,24.80,20.30,23.90,22.30,21.10,25.40,22.50,21.70
TLM_RCV,-42,FG-ALPHA,20240415_083609,AUTO,0,32.44,5.00,-85,90.31,8.09,3.30,5.02,0,487,0,341,22.43,1013.00,11.80,405.40,12.57,48.55,1080,24.00,22.40,24.60,23.90,20.50,21.30,21.20,22.60,23.20,23.30,23.40,22.70,23.20,24.90,23.50,21.30,22.10,21.80,22.90,20.70,22.50,22.70,22.90,25.00,25.20,22.20,25.80,22.70,23.10,25.30,21.20,25.70,22.10,23.50,25.90,22.10,21.90,24.50,22.90,25.50,21.80,20.80,25.30,23.60,23.50,20.40,20.60,21.50,25.30,25.50,20.30,23.80,24.10,24.80,24.60,22.20,24.50,23.50,25.60,22.90,23.00,22.10,20.10,22.00
TLM_RCV,-92,FG-ALPHA,20240415_083610,AUTO,0,33.42,5.00,-85,90.26,8.09,3.30,5.02,0,483,0,325,22.42,1013.10,11.90,405.10,12.57,48.55,1080,21.00,23.30,23.60,20.00,22.60,25.00,25.10,23.60,23.20,20.30,21.20,25.80,24.30,20.80,20.70,23.20,24.90,22.90,23.50,20.50,21.70,24.30,23.30,25.70,20.30,24.20,25.20,21.10,24.80,22.20,21.20,22.80,24.40,24.10,22.70,21.80,20.40,20.30,22.80,22.10,21.70,23.90,23.80,20.80,23.10,23.10,20.30,23.90,22.20,22.80,25.60,24.60,21.40,22.30,21.80,25.00,23.80,24.10,23.00,20.70,23.70,21.60,24.90,25.40
TLM_RCV,-59,FG-ALPHA,20240415_083611,AUTO,0,32.03,5.00,-85,90.31,8.11,3.30,5.02,848,407,0,253,22.20,1012.80,11.90,404.50,12.57,48.55,1080,21.80,21.50,24.80,23.60,20.40,23.50,25.50,25.00,24.20,24.70,23.90,24.60,23.20,22.20,24.40,24.80,20.60,22.80,21.10,25.60,20.30,24.60,22.40,22.40,25.10,21.30,20.80,20.90,24.00,21.00,25.60,22.20,20.10,20.50,20.80,25.00,20.60,23.90,21.30,20.80,20.80,24.60,22.00,22.00,20.10,25.60,24.40,22.60,21.10,21.10,25.10,22.10,20.90,21.60,20.20,23.90,25.70,23.00,25.40,23.70,22.20,21.90,21.80,23.00
TLM_RCV,-86,FG-ALPHA,20240415_083612,AUTO,0,32.07,5.00,-85,90.36,8.11,3.30,5.02,952,414,0,258,22.69,1012.70,12.10,405.20,12.57,48.55,1080,20.50,23.60,21.70,22.50,25.90,21.70,23.50,21.50,25.90,20.60,21.80,21.80,23.20,23.90,23.00,24.90,25.40,23.20,23.60,21.50,23.20,22.50,22.70,20.40,20.90,23.60,24.30,24.90,22.00,22.70,21.10,22.90,21.60,24.80,23.50,23.90,24.90,22.00,22.70,21.80,24.70,20.40,21.50,25.20,23.00,21.30,20.60,25.10,21.80,21.70,20.10,24.10,24.00,22.20,20.90,23.00,25.10,25.70,25.70,25.40,24.70,23.30,23.30,25.20
TLM_RCV,-70,FG-ALPHA,20240415_083613,AUTO,0,33.17,5.00,-85,90.42,8.10,3.30,5.02,1044,434,0,279,23.05,1012.70,11.90,405.90,12.57,48.55,1080,24.60,21.90,24.90,23.00,22.50,20.80,25.50,25.80,21.60,23.40,21.60,25.80,23.30,25.40,25.70,25.80,20.70,20.80,21.00,25.30,24.70,21.20,22.40,23.30,25.30,25.20,20.30,22.30,20.20,24.30,22.40,20.60,21.90,23.00,20.60,22.60,25.60,21.90,23.20,21.60,24.30,20.70,22.20,22.50,20.10,20.20,22.00,24.20,22.90,24.50,23.80,25.80,24.30,24.20,22.90,24.50,23.40,25.00,25.60,24.70,23.90,24.00,21.30,22.30
TLM_RCV,-78,FG-ALPHA,20240415_083614,AUTO,0,32.15,5.00,-85,90.47,8.11,3.29,5.02,945,430,0,272,22.58,1013.20,12.00,405.50,12.57,48.55,1080,22.30,21.60,21.30,22.60,21.40,22.60,25.00,22.00,25.90,22.30,23.70,20.50,24.00,23.80,25.20,23.90,20.60,22.60,21.10,23.20,20.50,23.90,22.20,22.70,21.00,23.40,22.40,21.30,22.70,20.10,22.10,25.80,20.50,25.40,20.90,24.70,23.60,24.30,21.10,23.00,25.70,25.70,23.70,22.80,21.50,25.90,25.40,22.20,22.30,24.30,25.90,24.50,21.00,23.20,23.20,25.50,21.50,21.30,20.40,24.10,23.10,20.70,23.00,22.80
TLM_RCV,-62,FG-ALPHA,20240415_083615,AUTO,0,31.09,5.00,-85,90.52,8.11,3.29,5.02,868,418,0,271,22.25,1013.10,12.00,405.00,12.58,48.55,1080,21.50,25.30,21.30,25.70,20.10,24.80,24.60,25.90,20.90,21.40,20.30,20.90,23.60,23.80,23.90,20.70,20.30,23.00,23.90,20.70,24.20,22.90,23.40,25.10,23.70,22.20,21.20,23.70,20.70,24.50,21.50,24.50,21.40,20.70,25.70,20.40,25.10,20.40,21.70,20.60,25.40,24.70,24.60,25.80,25.60,20.00,20.10,21.70,24.40,22.70,22.10,22.50,23.20,22.80,24.30,24.70,24.50,24.80,24.50,25.60,22.40,24.00,24.20,24.60
TLM_RCV,-59,FG-ALPHA,20240415_083616,AUTO,0,32.12,5.00,-85,90.59,8.11,3.31,5.02,1145,424,0,267,23.60,1012.70,11.90,405.50,12.58,48.55,1080,22.20,23.50,24.20,23.20,25.60,23.80,24.40,21.10,22.20,23.70,23.70,20.40,25.30,22.40,24.40,24.30,23.40,24.60,24.60,24.60,20.50,21.00,22.30,21.20,20.60,25.30,20.00,22.40,24.90,24.60,20.00,21.80,22.80,24.50,21.20,21.80,25.30,23.00,22.50,22.90,23.00,23.40,23.80,25.90,20.70,24.90,22.00,25.90,25.20,21.20,24.40,23.70,24.60,20.70,23.40,21.90,23.30,22.20,22.70,25.40,25.60,25.30,20.50,22.20
TLM_RCV,-45,FG-ALPHA,20240415_083617,AUTO,0,33.06,5.00,-85,90.66,8.11,3.29,5.02,1172,412,0,261,23.80,1013.60,11.90,405.70,12.58,48.55,1080,23.00,25.90,24.60,21.40,24.30,23.30,23.00,24.10,78.80,22.70,22.60,20.10,25.40,22.60,20.70,22.40,24.60,21.10,22.20,23.50,22.70,22.20,23.00,22.90,24.90,23.90,21.80,23.60,25.50,20.30,23.50,20.70,20.50,23.40,25.40,23.60,20.50,22.70,25.60,24.60,21.40,23.80,23.00,21.90,23.40,24.40,22.00,24.60,25.00,25.80,22.60,21.50,24.40,25.00,20.10,22.90,25.60,24.80,21.30,23.30,23.30,24.60,24.90,22.90
TLM_RCV,-51,FG-ALPHA,20240415_083618,AUTO,0,31.41,5.00,-85,90.72,8.11,3.30,5.02,990,481,0,331,22.55,1013.50,12.00,406.40,12.58,48.55,1080,23.60,23.50,23.10,25.20,21.20,25.00,24.00,24.70,24.20,20.50,22.10,25.20,22.00,22.70,20.70,21.10,25.20,23.00,25.90,24.80,21.90,21.90,24.50,20.70,22.00,24.50,21.90,22.80,22.10,22.40,20.90,21.20,23.90,20.40,24.00,23.80,24.40,20.50,21.10,22.30,23.80,20.80,21.60,24.40,25.10,21.40,25.90,22.00,23.90,25.80,21.00,22.00,22.20,20.70,20.20,22.00,25.00,25.10,20.00,23.30,24.90,24.90,25.80,22.20
TLM_RCV,-69,FG-ALPHA,20240415_083619,AUTO,0,31.42,5.00,-85,90.78,8.11,3.29,5.02,1158,484,0,334,23.37,1013.20,11.90,405.30,12.58,48.55,1080,24.50,23.30,25.00,21.00,21.30,23.00,21.70,22.70,22.10,25.90,25.30,23.30,21.30,22.90,21.80,22.80,23.90,23.60,22.30,24.80,23.60,21.20,21.30,20.50,20.30,24.70,24.50,24.90,24.20,25.50,21.20,24.30,24.10,25.90,20.70,21.40,23.20,23.20,23.60,22.70,21.20,20.60,20.70,20.30,20.30,24.30,23.80,25.00,23.00,21.90,23.20,21.50,23.50,24.10,20.10,24.10,22.30,22.90,21.80,23.50,25.50,25.20,23.30,24.90
TLM_RCV,-75,FG-ALPHA,20240415_083620,AUTO,0,31.22,5.00,-85,90.86,8.11,3.30,5.02,1186,444,0,292,23.71,1013.60,12.00,405.90,12.58,48.55,1080,23.30,21.70,20.40,21.90,24.20,25.70,21.30,24.10,25.90,21.60,25.10,21.00,23.30,25.90,23.60,20.90,21.10,23.30,24.80,21.10,21.20,23.20,24.80,22.50,22.50,22.70,25.60,23.20,24.20,25.00,22.60,22.50,24.90,25.40,23.40,24.70,24.20,25.60,25.10,21.50,25.60,25.10,21.20,24.70,20.80,24.20,20.70,21.60,22.70,22.20,20.90,25.20,22.80,25.40,22.60,22.00,20.80,24.50,21.00,25.40,22.50,20.00,21.90,23.00
TLM_RCV,-53,FG-ALPHA,20240415_083621,AUTO,0,31.10,5.00,-85,90.82,8.12,3.31,5.02,0,421,0,278,22.10,1013.10,11.90,406.20,12.58,48.55,1080,20.80,20.10,21.10,24.30,23.60,24.60,25.90,23.10,21.40,20.00,20.10,24.60,21.40,20.30,24.90,21.70,21.80,20.10,20.80,21.70,20.50,22.70,23.80,22.30,21.00,24.10,21.20,25.20,20.00,25.40,23.30,20.90,23.80,24.00,20.70,25.70,23.10,21.60,20.50,24.60,20.00,21.90,21.90,25.30,25.50,23.50,25.30,21.60,21.90,25.50,20.00,24.30,20.40,22.00,22.70,25.70,21.80,20.30,20.30,24.30,20.00,21.50,21.60,24.60
TLM_RCV,-41,FG-ALPHA,20240415_083622,AUTO,0,32.43,5.00,-85,90.86,8.11,3.30,5.02,925,486,0,330,22.19,1013.60,11.80,405.20,12.58,48.55,1080,25.50,22.40,23.80,25.90,20.70,25.60,22.20,23.20,24.60,21.60,21.10,22.80,24.80,20.10,25.60,20.00,21.90,25.90,25.20,24.00,20.40,23.60,25.20,20.70,24.90,25.80,23.30,23.90,22.20,23.00,21.20,23.10,25.80,20.40,22.30,25.30,22.70,21.30,21.60,24.90,25.40,20.80,21.90,20.60,22.80,21.20,23.70,25.40,21.30,25.70,22.60,23.80,22.10,25.40,20.60,20.60,25.80,25.90,22.80,24.90,24.40,23.30,25.10,22.60
TLM_RCV,-66,FG-ALPHA,20240415_083623,AUTO,0,32.05,5.00,-85,90.91,8.12,3.30,5.02,905,410,0,261,22.48,1012.80,11.90,405.60,12.58,48.55,1080,22.30,23.20,22.60,20.90,23.50,22.70,23.00,24.60,24.20,24.40,22.50,21.50,20.00,21.90,25.90,22.60,23.00,20.70,21.00,25.80,20.90,21.60,24.50,22.60,21.70,21.50,20.90,21.60,25.40,21.10,24.80,23.30,23.40,25.30,21.50,22.90,24.90,25.90,22.90,21.30,22.70,21.00,21.20,24.70,20.20,20.40,24.30,21.70,24.50,25.70,24.00,24.60,22.40,22.80,21.20,21.40,22.40,25.90,20.40,24.00,24.30,21.70,20.90,23.20
TLM_RCV,-48,FG-ALPHA,20240415_083624,AUTO,0,32.02,5.00,-85,90.87,8.12,3.31,5.02,0,404,0,252,22.02,1013.40,11.90,406.30,12.58,48.55,1080,24.00,25.80,20.50,24.30,22.50,24.00,21.50,23.60,20.50,25.10,23.90,22.60,25.60,22.30,25.70,23.10,25.60,21.80,21.60,22.30,23.60,22.60,24.60,21.00,24.10,21.10,23.90,25.20,24.80,21.80,21.60,20.70,25.70,20.70,24.40,23.40,24.60,22.90,20.70,23.40,23.30,23.90,25.50,24.70,21.40,20.50,22.00,20.40,24.00,24.40,21.90,25.90,25.60,24.60,23.70,23.50,23.00,21.90,23.80,20.90,20.40,23.00,20.30,20.00
TLM_RCV,-60,FG-ALPHA,20240415_083625,AUTO,0,32.10,5.00,-85,90.92,8.12,3.28,5.02,894,421,0,280,22.36,1012.80,12.10,405.40,12.59,48.55,1080,21.40,23.50,24.10,21.30,25.20,23.50,21.80,24.90,24.80,25.40,20.40,25.00,24.70,25.40,23.60,22.00,24.10,23.30,22.40,21.20,22.30,21.90,23.70,24.60,22.50,23.10,21.30,21.90,24.10,23.10,23.90,21.50,25.80,25.10,21.20,20.90,25.80,23.30,22.80,23.60,22.70,24.00,24.00,23.20,20.20,20.10,24.10,23.60,23.20,22.30,23.40,22.20,20.80,24.00,25.40,20.40,24.10,23.80,22.80,20.60,20.70,23.60,21.40,25.60
TLM_RCV,-49,FG-ALPHA,20240415_083647,AUTO,0,31.19,5.00,-85,92.23,8.15,3.28,5.02,1064,439,0,295,23.12,1013.00,11.90,406.00,12.61,48.55,1080,20.90,23.90,24.40,22.00,25.00,21.30,21.60,23.90,24.70,22.00,23.10,23.30,24.90,21.70,21.90,21.30,21.90,23.50,25.30,22.10,20.30,22.90,20.10,22.70,23.90,25.90,20.80,23.80,23.30,22.40,20.20,23.50,23.10,20.80,20.00,25.90,23.30,22.30,21.00,24.30,24.40,23.30,21.40,23.90,20.00,25.20,23.50,21.70,21.20,20.50,24.80,20.20,24.30,24.30,20.40,21.10,20.50,23.00,20.90,23.20,21.00,21.30,20.70,23.50
TLM_RCV,-74,FG-ALPHA,20240415_083648,AUTO,0,32.42,5.00,-85,92.28,8.14,3.28,5.02,995,484,0,342,22.56,1013.20,12.00,405.60,12.61,48.55,1080,21.80,24.10,22.10,24.70,24.70,25.80,23.00,24.30,25.50,24.10,25.40,20.70,20.70,22.60,21.60,24.00,23.00,25.80,22.10,25.80,20.10,22.20,20.60,24.40,21.80,22.20,20.30,23.60,25.30,23.40,20.70,22.00,25.90,24.30,21.50,22.50,21.50,22.90,21.40,25.70,24.80,22.10,22.30,23.30,22.40,22.90,23.20,22.40,21.40,25.00,25.80,20.60,23.60,20.00,22.90,22.70,20.70,25.90,24.50,22.40,20.60,23.60,23.00,22.80
TLM_RCV,-45,FG-ALPHA,20240415_083649,AUTO,0,32.28,5.00,-85,92.35,8.15,3.29,5.02,1179,456,0,304,23.61,1012.80,12.10,404.80,12.61,48.55,1080,23.70,24.70,23.90,23.30,20.90,25.00,22.90,21.70,24.40,25.30,23.60,22.80,22.90,21.30,24.80,24.10,23.70,22.00,21.60,20.10,20.40,25.70,20.80,21.40,22.10,21.40,22.10,23.20,22.00,23.10,22.70,23.10,24.50,20.60,21.60,20.00,21.20,20.20,25.40,24.90,22.50,20.10,20.30,23.60,25.80,25.30,22.60,25.90,20.20,23.10,23.60,23.60,24.40,25.50,21.30,24.30,24.70,20.10,21.50,20.90,21.20,21.90,21.20,25.50
TLM_RCV,-40,FG-ALPHA,20240415_083650,AUTO,0,32.52,5.00,-85,92.39,8.14,3.30,5.02,826,504,0,349,21.61,1013.60,11.80,406.20,12.61,48.55,1080,22.30,20.80,23.50,24.20,22.20,24.50,24.60,22.30,25.80,21.60,22.30,24.00,22.50,24.50,20.30,23.40,23.00,23.30,23.30,25.00,24.40,25.50,22.10,21.40,22.20,24.30,24.60,24.30,20.50,25.50,25.30,25.60,20.10,22.30,20.30,24.20,25.70,20.10,21.80,23.60,23.30,23.00,25.20,25.70,21.80,23.90,24.50,22.80,20.70,23.00,23.90,24.80,22.00,24.20,21.20,22.40,23.30,21.10,22.20,20.80,25.20,21.40,20.70,21.10
TLM_RCV,-79,FG-ALPHA,20240415_083651,AUTO,0,33.47,5.00,-85,92.34,8.14,3.29,5.02,0,493,0,341,22.47,1012.70,12.00,405.70,12.61,48.55,1080,21.80,21.10,22.20,22.70,23.60,21.00,21.40,23.50,25.80,24.20,24.40,25.50,21.40,23.00,25.10,20.50,21.80,22.10,22.50,25.20,24.60,23.10,21.40,22.10,22.80,23.30,20.20,23.20,25.60,22.60,22.50,23.60,21.10,24.40,20.70,25.90,24.40,24.20,20.20,23.80,24.60,22.10,25.60,25.10,21.40,25.10,22.20,25.80,21.40,25.30,20.30,24.40,23.60,20.00,22.20,23.00,23.80,23.30,20.80,25.60,25.60,21.70,25.40,22.90
TLM_RCV,-84,FG-ALPHA,20240415_083652,AUTO,0,33.41,5.00,-85,92.37,8.14,3.29,5.02,844,482,0,332,21.81,1013.40,11.90,404.50,12.61,48.55,1080,20.40,23.50,86.60,22.90,24.40,21.60,24.30,24.60,21.90,20.50,22.50,24.10,23.70,21.60,22.90,20.10,20.30,23.50,23.90,25.60,20.20,23.30,21.20,22.70,25.90,20.50,22.70,24.80,24.60,22.60,22.50,25.40,24.90,21.90,25.10,20.70,25.20,20.20,22.70,21.40,20.50,25.10,20.60,20.00,24.90,24.80,24.40,21.70,23.80,21.30,22.90,23.30,23.70,20.80,23.10,23.70,23.00,25.50,24.60,22.10,23.70,23.40,20.10,25.50
TLM_RCV,-57,FG-ALPHA,20240415_083653,AUTO,0,32.05,5.00,-85,92.44,8.16,3.30,5.02,1101,410,0,269,23.45,1013.20,11.80,404.80,12.61,48.55,1080,24.90,24.50,23.50,20.90,24.50,22.00,20.40,22.30,23.90,25.50,25.20,25.70,23.30,22.60,24.30,22.40,24.70,24.00,21.90,22.00,22.30,20.70,22.30,21.00,25.20,22.90,23.70,22.20,24.70,20.20,22.50,21.10,24.30,20.30,23.00,25.70,25.40,25.20,23.60,22.60,24.90,22.50,25.30,21.50,23.00,24.70,22.70,24.80,20.40,21.60,21.60,20.40,21.90,21.40,21.90,25.50,23.10,20.30,24.80,20.30,25.30,24.80,22.10,22.90
TLM_RCV,-79,FG-ALPHA,20240415_083654,AUTO,0,33.06,5.00,-85,92.51,8.16,3.29,5.02,1101,411,0,265,23.45,1013.30,12.00,406.40,12.61,48.55,1080,23.10,24.80,24.10,21.20,25.30,20.60,23.00,21.40,23.20,25.90,25.80,25.70,23.80,24.10,21.10,20.40,23.90,25.90,25.00,25.40,25.80,25.40,21.50,23.20,24.20,24.80,25.80,22.20,24.80,20.20,25.50,23.80,22.00,25.10,25.00,24.90,21.90,20.20,20.00,24.90,20.10,25.80,24.50,23.80,23.30,22.90,21.60,24.50,21.70,23.20,22.20,23.30,23.20,23.60,24.30,24.50,21.10,23.80,24.20,23.90,25.30,25.00,20.90,22.40
TLM_RCV,-68,FG-ALPHA,20240415_083655,AUTO,0,32.26,5.00,-85,92.56,8.15,3.31,5.02,992,451,0,296,22.70,1013.30,12.00,404.60,12.62,48.55,1080,24.40,21.10,23.70,24.30,20.60,22.40,24.40,22.80,24.00,24.50,25.60,23.80,20.10,20.40,24.10,21.40,22.00,21.20,22.50,23.70,22.10,25.00,25.50,23.10,25.00,23.00,24.90,24.30,20.50,24.90,22.50,25.80,25.40,23.20,20.60,22.70,24.40,25.30,20.70,21.20,21.90,22.70,24.40,23.90,20.70,23.50,21.00,24.90,25.40,23.50,23.70,22.40,20.30,25.20,22.10,22.70,23.60,21.10,25.90,25.80,25.30,21.30,21.50,20.50
TLM_RCV,-45,FG-ALPHA,20240415_083656,AUTO,0,31.10,5.00,-85,92.62,8.16,3.30,5.02,926,421,0,279,22.52,1013.10,11.90,404.80,12.62,48.55,1080,24.90,20.50,24.50,23.10,24.50,22.20,23.10,22.80,24.80,24.00,22.20,20.00,22.50,22.70,25.20,21.20,22.80,20.60,21.60,22.10,24.30,24.60,22.20,25.60,22.20,23.60,22.10,23.90,20.60,22.70,23.20,20.10,22.40,24.90,24.80,22.90,25.60,22.50,20.10,22.80,21.50,24.60,22.80,22.60,20.40,22.00,24.70,24.00,21.70,20.00,21.90,20.10,23.30,24.30,22.30,25.50,21.90,21.40,24.80,20.10,25.00,20.90,20.20,25.00
TLM_RCV,-70,FG-ALPHA,20240415_083657,AUTO,0,31.32,5.00,-85,92.69,8.16,3.31,5.02,1179,463,0,323,23.58,1013.50,11.90,404.80,12.62,48.55,1080,20.30,21.80,23.60,20.20,24.70,20.50,25.50,22.20,22.10,23.10,24.80,23.10,23.30,22.00,25.80,23.00,21.70,20.30,23.00,24.90,21.80,24.00,20.40,20.80,24.10,20.70,25.60,25.30,22.10,25.50,23.60,23.20,22.30,22.60,21.10,22.20,87.20,23.00,23.20,20.50,23.20,21.80,23.50,21.20,25.10,22.30,24.50,24.60,25.20,24.10,23.30,22.90,20.40,25.20,25.00,21.10,25.40,20.80,23.30,21.40,24.70,25.20,21.20,25.60
TLM_RCV,-49,FG-ALPHA,20240415_083658,AUTO,0,31.33,5.00,-85,92.64,8.15,3.30,5.02,0,467,0,314,22.33,1012.90,12.10,406.30,12.62,48.55,1080,22.90,22.30,22.40,20.60,21.70,21.50,23.70,24.70,24.10,25.80,23.20,23.20,22.40,21.60,20.20,23.60,21.20,21.10,20.30,20.50,21.90,22.90,21.40,21.80,22.30,22.20,24.10,20.70,86.30,23.10,23.70,24.20,24.50,22.30,23.00,22.80,25.10,25.80,23.10,22.20,20.50,21.40,24.20,25.40,24.20,21.90,22.80,23.20,25.40,21.70,22.10,24.20,20.50,25.90,23.40,25.40,22.20,24.40,25.70,23.70,21.60,20.80,20.10,25.00
TLM_RCV,-64,FG-ALPHA,20240415_083659,AUTO,0,31.07,5.00,-85,92.71,8.16,3.31,5.02,1158,413,0,273,23.73,1013.00,12.10,405.50,12.62,48.55,1080,25.30,24.40,22.80,24.00,23.80,25.00,20.60,25.50,23.40,24.20,24.50,24.70,21.50,22.50,23.10,23.30,21.10,25.50,22.80,23.60,20.40,20.80,20.80,24.60,20.50,21.00,21.80,23.10,20.00,23.30,22.20,21.80,22.60,22.20,22.70,25.60,24.10,22.20,24.40,25.80,23.10,23.70,24.10,24.60,21.50,25.50,25.20,21.10,20.70,24.80,24.20,23.40,23.00,22.60,22.20,25.30,23.80,22.70,20.60,25.00,24.80,25.60,23.50,21.00
TLM_RCV,-57,FG-ALPHA,20240415_083700,AUTO,0,31.01,5.00,-85,92.78,8.17,3.29,5.02,1028,403,0,258,23.12,1013.30,12.00,405.60,12.62,48.55,1080,24.50,20.50,23.60,24.50,25.20,20.00,25.10,24.10,22.70,21.90,23.20,20.70,24.80,22.10,24.70,21.70,25.10,25.60,22.00,20.30,21.40,23.00,21.40,20.10,22.00,20.90,25.10,20.40,24.80,24.20,23.20,21.70,20.70,25.70,23.20,21.90,23.50,21.60,22.70,23.20,21.70,21.00,25.50,25.50,20.70,25.10,20.50,23.10,22.70,20.50,25.60,25.20,24.00,22.00,24.00,22.20,20.80,25.60,25.10,24.70,25.00,20.60,20.90,21.40
TLM_RCV,-80,FG-ALPHA,20240415_083701,AUTO,0,32.42,5.00,-85,92.82,8.16,3.28,5.02,935,483,0,325,22.26,1013.60,11.80,405.50,12.62,48.55,1080,22.00,22.80,20.30,22.90,22.10,23.80,24.60,23.10,23.70,22.60,24.70,25.50,25.30,20.30,23.20,23.70,21.80,24.20,21.10,23.70,25.90,22.90,25.80,22.10,24.50,22.60,23.00,20.20,23.60,20.80,23.00,23.00,21.60,22.90,22.30,23.50,20.80,20.10,20.90,21.10,25.80,21.30,24.30,25.90,20.00,21.10,20.20,21.30,22.10,25.30,25.80,25.50,21.30,25.20,24.60,24.90,23.80,20.40,23.70,22.90,24.60,24.90,24.60,25.40
TLM_RCV,-76,FG-ALPHA,20240415_083702,AUTO,0,33.10,5.00,-85,92.90,8.17,3.29,5.02,1193,420,0,270,23.86,1013.10,12.10,405.90,12.62,48.55,1080,22.40,21.80,21.00,22.40,20.40,21.10,20.70,21.40,24.30,24.00,24.90,21.80,21.20,25.30,20.00,21.50,24.80,22.40,22.10,21.80,21.90,23.30,24.10,20.10,20.50,23.50,25.40,22.70,24.00,24.60,22.50,20.50,25.40,20.60,25.40,22.30,20.80,21.40,25.70,20.10,21.10,21.20,24.80,24.30,23.10,21.70,25.80,20.20,23.20,22.30,23.90,21.70,23.00,21.40,22.10,23.10,21.80,21.60,25.60,20.30,25.10,24.90,24.70,24.90
TLM_RCV,-72,FG-ALPHA,20240415_083703,AUTO,0,32.12,5.00,-85,92.86,8.16,3.30,5.02,0,424,0,266,22.12,1013.50,11.80,405.70,12.62,48.55,1080,25.60,22.30,20.60,25.20,22.20,22.80,21.70,24.70,20.10,24.50,24.60,21.20,25.40,23.90,22.90,22.90,25.40,25.10,25.20,22.30,22.60,25.20,24.30,24.60,21.80,20.90,25.90,22.60,25.10,24.30,25.10,22.50,24.20,25.30,24.90,21.30,21.70,25.30,22.10,21.40,25.80,24.80,20.00,25.80,24.20,20.50,24.20,22.50,25.30,23.60,20.10,23.30,21.10,23.70,24.10,23.80,20.80,25.30,22.00,24.70,25.00,20.80,24.20,23.70
TLM_RCV,-60,FG-ALPHA,20240415_083704,AUTO,0,32.46,5.00,-85,92.90,8.16,3.29,5.02,934,492,0,344,22.21,1013.10,12.10,406.00,12.62,48.55,1080,20.80,22.30,23.10,21.20,25.50,22.30,24.60,24.90,21.20,22.70,21.80,21.70,24.10,24.60,20.50,24.90,25.20,24.10,21.40,20.80,23.20,23.80,20.80,25.80,24.10,25.80,22.90,21.50,25.70,25.10,20.00,22.60,24.70,22.00,20.90,23.60,20.20,24.70,20.60,23.60,20.10,22.10,22.10,25.10,23.70,25.50,24.20,25.80,25.40,22.90,23.50,20.50,22.50,23.40,23.70,21.30,22.20,20.70,20.00,24.80,20.10,25.50,25.00,23.60
TLM_RCV,-54,FG-ALPHA,20240415_083705,AUTO,0,32.14,5.00,-85,92.96,8.17,3.30,5.02,1055,428,0,280,23.14,1013.40,11.90,406.40,12.63,48.55,1080,24.50,21.40,22.10,23.10,20.10,25.70,21.40,20.00,24.00,23.60,24.90,25.00,21.40,24.40,24.50,20.10,25.90,21.00,24.70,25.90,22.80,20.30,24.80,22.80,22.50,21.10,23.70,23.20,21.20,22.80,23.80,21.70,25.60,20.20,23.10,25.10,23.10,24.70,22.60,22.20,20.80,24.10,24.80,23.80,22.70,25.70,23.00,22.20,24.00,22.80,25.30,21.60,22.30,20.20,20.80,22.90,21.40,20.40,20.50,25.00,20.00,23.80,23.50,22.40
TLM_RCV,-46,FG-ALPHA,20240415_083706,AUTO,0,31.24,5.00,-85,93.01,8.17,3.30,5.02,911,447,0,303,22.32,1013.60,11.90,404.70,12.63,48.55,1080,20.10,25.50,25.70,21.20,21.70,23.20,23.80,22.30,24.60,20.50,24.40,22.90,21.70,25.00,22.20,23.90,23.80,21.20,24.50,23.00,23.40,25.30,23.10,21.30,20.30,22.50,25.80,21.80,20.10,21.70,24.60,23.70,22.50,23.60,22.90,21.80,24.90,25.00,22.20,25.10,24.80,20.50,25.00,20.80,21.40,23.80,22.70,21.10,21.90,21.60,20.50,22.70,25.10,24.80,23.90,23.80,21.50,24.20,25.70,21.00,25.10,24.00,23.00,22.60
TLM_RCV,-77,FG-ALPHA,20240415_083707,AUTO,0,32.40,5.00,-85,93.05,8.16,3.30,5.02,904,479,0,338,22.12,1012.80,12.10,404.50,12.63,48.55,1080,23.60,22.90,24.80,20.40,21.20,21.10,22.30,21.70,20.80,22.40,22.30,21.00,20.10,25.60,21.50,24.70,23.40,24.40,21.50,20.80,20.30,20.30,24.40,22.60,25.80,21.60,23.00,20.60,20.30,20.80,21.50,20.60,22.40,23.40,22.50,70.70,22.80,25.90,24.90,22.80,25.00,23.90,25.40,21.40,25.80,21.70,24.90,20.90,22.60,20.60,24.00,22.60,24.50,24.10,24.40,23.20,21.00,24.20,24.90,25.10,25.40,22.30,22.70,20.60
TLM_RCV,-87,FG-ALPHA,20240415_083708,AUTO,0,33.08,5.00,-85,93.10,8.17,3.30,5.02,883,416,0,268,22.33,1013.40,11.80,405.00,12.63,48.55,1080,23.90,20.20,24.00,24.00,25.60,21.60,25.80,21.20,25.60,23.10,22.10,22.40,21.20,23.70,22.60,21.30,25.40,24.90,24.40,20.40,23.40,21.20,25.40,21.60,23.10,22.60,22.90,20.40,20.70,20.80,25.40,25.30,25.50,22.50,21.00,23.70,25.10,20.20,21.40,25.80,25.90,25.90,22.20,21.90,23.80,20.80,21.50,24.60,24.30,20.50,23.40,25.10,25.70,22.80,21.90,21.30,25.90,22.70,21.20,20.60,22.90,20.00,25.70,22.30
TLM_RCV,-95,FG-ALPHA,20240415_083709,AUTO,0,33.47,5.00,-85,93.17,8.16,3.28,5.02,1198,495,0,348,23.51,1013.20,12.10,404.50,12.63,48.55,1080,21.40,20.00,20.90,22.90,24.40,20.70,24.40,20.70,20.20,22.50,24.40,24.30,24.90,22.80,24.30,25.80,22.60,20.90,20.80,23.40,21.10,25.40,24.90,20.80,22.30,21.40,20.80,23.50,21.10,23.70,22.50,21.30,24.30,22.20,23.20,22.70,24.20,25.20,22.00,23.40,23.30,20.90,25.50,22.60,20.50,25.70,23.40,21.20,23.10,25.50,23.00,22.20,23.60,22.00,22.40,22.10,22.00,22.30,25.30,20.50,23.00,21.80,25.90,20.40
TLM_RCV,-63,FG-ALPHA,20240415_083710,AUTO,0,31.42,5.00,-85,93.12,8.16,3.30,5.02,0,484,0,344,22.42,1013.20,11.80,404.80,12.63,48.55,1080,23.30,20.10,23.90,20.00,25.70,20.80,22.30,22.50,21.70,20.70,22.20,22.10,24.50,24.30,23.20,24.30,24.20,24.90,21.10,24.20,23.10,23.50,25.90,21.10,25.60,21.40,24.60,21.90,22.80,24.50,23.70,23.00,22.10,22.10,21.50,25.80,21.10,25.30,24.60,20.60,21.60,25.10,21.60,22.70,22.60,20.40,20.20,21.80,20.10,21.60,21.10,22.10,23.50,25.00,25.40,25.80,22.70,20.70,23.70,24.80,25.60,20.10,23.90,23.80
TLM_RCV,-95,FG-ALPHA,20240415_083711,AUTO,0,33.45,5.00,-85,93.16,8.16,3.28,5.02,871,490,0,340,21.91,1013.60,11.90,405.00,12.63,48.55,1080,20.80,23.10,23.90,24.10,23.20,25.90,23.60,23.70,22.40,25.00,21.70,23.90,20.30,25.50,21.30,24.70,23.50,25.20,21.20,22.60,22.30,25.80,20.30,24.60,25.40,22.60,25.90,25.70,22.70,25.00,25.10,22.80,23.60,21.90,21.50,24.70,24.20,22.30,25.70,21.90,74.80,20.70,22.20,23.50,21.80,22.50,24.00,22.00,23.90,20.60,23.70,24.70,25.40,21.70,25.90,22.00,24.00,25.70,24.90,22.20,23.00,20.00,20.80,24.50
TLM_RCV,-94,FG-ALPHA,20240415_083712,AUTO,0,32.42,5.00,-85,93.20,8.16,3.28,5.02,891,484,0,338,22.03,1012.90,12.10,405.00,12.63,48.55,1080,23.10,24.40,24.10,25.50,25.70,24.00,25.60,23.10,25.30,21.10,22.80,24.90,20.70,25.50,25.30,20.80,20.30,25.80,23.90,21.20,23.80,25.90,22.30,21.30,24.90,24.90,25.40,24.80,25.40,20.70,22.40,20.50,23.60,23.50,22.80,24.80,25.10,20.40,21.10,23.70,21.90,21.10,24.70,24.30,20.00,25.80,20.40,22.60,21.30,22.30,25.80,20.10,21.80,21.20,22.20,23.80,22.00,21.50,20.60,20.40,20.50,21.70,21.60,25.80
TLM_RCV,-87,FG-ALPHA,20240415_083713,AUTO,0,33.29,5.00,-85,93.24,8.17,3.29,5.02,890,459,0,312,22.16,1013.60,12.10,405.40,12.63,48.55,1080,25.70,25.10,25.70,22.40,22.70,22.40,22.80,23.70,25.60,25.30,25.00,22.50,20.40,22.20,25.70,24.30,23.20,24.10,24.30,20.90,20.70,21.10,22.40,24.60,24.60,23.10,24.90,22.80,24.00,21.90,25.60,25.80,25.70,24.30,23.00,23.30,24.10,20.40,20.80,23.70,25.90,23.80,22.20,23.10,23.30,22.20,25.60,22.00,25.20,23.60,21.10,23.40,21.70,25.50,22.40,24.00,22.40,23.50,24.90,23.90,24.10,22.10,22.60,20.90
TLM_RCV,-59,FG-ALPHA,20240415_083714,AUTO,0,33.19,5.00,-85,93.20,8.17,3.31,5.02,0,438,0,279,22.19,1013.50,12.00,405.30,12.63,48.55,1080,22.60,24.20,23.40,22.00,20.00,21.10,21.10,24.50,23.30,21.90,23.60,22.60,22.10,21.60,20.50,20.70,25.10,24.00,21.40,21.20,23.70,22.60,23.70,20.60,20.30,21.30,20.00,25.30,24.30,24.30,22.70,24.60,22.30,23.10,24.70,20.40,25.80,23.50,25.20,23.30,21.60,22.60,24.50,20.30,25.40,22.80,24.90,24.90,21.40,25.50,22.20,21.00,23.80,23.50,22.40,20.80,22.90,22.20,21.40,22.90,20.70,22.70,23.50,25.00
TLM_RCV,-69,FG-ALPHA,20240415_083715,AUTO,0,31.10,5.00,-85,93.25,8.18,3.31,5.02,968,420,0,273,22.74,1013.20,12.10,404.70,12.64,48.55,1080,24.00,25.90,23.80,22.40,21.20,22.40,20.80,24.20,24.20,23.30,24.10,20.10,22.80,25.90,23.90,24.20,22.30,23.30,21.50,20.40,21.50,24.70,24.50,21.40,21.00,21.30,21.10,23.60,20.00,24.90,20.70,23.30,25.40,22.40,24.40,25.90,24.20,21.80,24.20,23.40,25.90,24.60,20.30,25.30,23.50,20.70,22.60,25.70,21.50,25.10,20.40,23.00,24.10,23.30,23.90,25.80,25.00,23.20,23.50,20.00,21.10,20.00,21.80,20.50
TLM_RCV,-55,FG-ALPHA,20240415_083716,AUTO,0,33.48,5.00,-85,93.30,8.16,3.29,5.02,969,496,0,348,22.36,1013.50,12.00,405.90,12.64,48.55,1080,23.40,24.60,21.10,24.10,20.10,24.10,21.30,22.70,24.50,21.00,21.20,22.60,25.70,21.50,22.50,21.50,25.50,24.40,23.00,21.70,21.30,22.00,25.70,25.80,22.80,25.70,25.70,23.10,23.10,23.20,22.10,23.20,22.70,22.50,25.30,20.40,20.60,22.70,25.80,21.80,24.50,21.50,22.90,24.40,20.00,23.70,23.10,25.10,22.90,23.30,24.20,20.90,24.90,23.80,20.70,20.20,22.30,24.20,23.80,23.60,22.00,25.40,23.40,23.10
TLM_RCV,-90,FG-ALPHA,20240415_083717,AUTO,0,32.21,5.00,-85,93.35,8.17,3.28,5.02,918,441,0,296,22.39,1013.00,11.90,405.90,12.64,48.55,1080,20.30,23.20,20.80,25.70,23.60,23.70,24.60,20.00,21.40,24.60,21.60,20.70,23.80,20.30,22.20,22.70,23.40,20.90,20.10,22.30,23.20,20.20,20.80,21.70,20.50,24.20,25.80,24.20,24.70,21.90,24.00,24.70,24.00,24.00,20.50,21.40,21.00,25.30,25.40,22.50,24.40,22.00,24.90,25.40,22.60,21.30,22.10,23.30,21.20,22.20,22.90,23.90,23.30,25.00,23.50,22.90,21.40,22.60,24.40,21.20,23.10,22.70,23.60,24.20
TLM_RCV,-88,FG-ALPHA,20240415_083718,AUTO,0,31.12,5.00,-85,93.31,8.18,3.29,5.02,0,425,0,277,22.12,1012.90,11.90,406.00,12.64,48.55,1080,24.60,22.50,25.50,22.50,22.60,22.20,25.30,24.70,22.30,25.30,20.20,22.50,22.60,22.60,20.40,20.20,21.70,21.00,24.00,21.00,22.80,24.10,21.30,21.60,21.70,23.40,25.50,24.70,22.80,24.10,20.30,24.40,23.70,21.90,22.10,21.20,21.00,20.10,22.60,25.40,24.70,20.90,23.80,22.80,25.50,22.00,24.60,21.40,25.30,24.70,21.30,24.80,24.50,21.20,24.40,20.30,22.90,24.10,22.00,25.10,21.50,24.70,23.40,23.50
TLM_RCV,-92,FG-ALPHA,20240415_083719,AUTO,0,32.36,5.00,-85,93.37,8.17,3.29,5.02,1103,472,0,322,23.16,1013.50,12.10,404.50,12.64,48.55,1080,25.80,25.40,24.30,20.20,25.90,23.60,20.60,23.70,20.20,22.40,20.10,22.30,25.40,24.50,23.00,25.50,23.70,20.40,21.00,20.10,20.30,24.20,24.50,21.70,23.90,24.80,23.90,22.20,25.40,21.30,22.50,22.50,25.50,22.40,21.20,23.40,25.70,22.60,20.40,20.00,24.00,20.30,22.40,25.30,24.40,21.30,22.00,21.60,25.70,25.80,22.80,22.10,22.40,21.10,24.50,22.80,24.70,21.00,21.00,21.30,23.50,24.80,21.10,24.40
TLM_RCV,-88,FG-ALPHA,20240415_083720,AUTO,0,33.28,5.00,-85,93.41,8.17,3.31,5.02,831,456,0,307,21.87,1013.20,11.80,405.80,12.64,48.55,1080,22.20,21.40,21.80,22.50,21.70,20.10,21.60,25.50,24.40,22.40,21.90,21.40,21.90,21.00,23.90,21.70,22.90,20.10,23.50,21.10,20.00,22.10,24.60,20.40,21.60,20.30,23.40,24.70,22.30,21.20,25.20,21.00,23.60,23.40,25.60,23.00,25.60,21.50,20.50,21.30,23.30,21.50,21.60,25.60,21.40,20.10,21.30,25.60,25.50,23.00,25.60,22.60,25.20,20.20,20.10,24.90,22.60,23.80,22.50,23.90,25.10,21.10,25.30,23.70
TLM_RCV,-64,FG-ALPHA,20240415_083721,AUTO,0,31.34,5.00,-85,93.36,8.17,3.28,5.02,0,468,0,324,22.34,1013.30,11.80,405.70,12.64,48.55,1080,25.20,23.80,20.90,22.40,20.90,23.30,25.80,25.00,23.50,21.20,24.60,24.90,25.50,20.10,24.40,23.90,22.80,21.20,25.20,22.80,20.10,21.60,22.90,20.50,24.10,25.70,22.70,23.70,24.40,25.00,24.10,20.90,25.50,23.00,21.20,24.40,23.20,25.10,20.80,24.80,21.40,21.60,22.90,25.50,25.80,22.20,21.00,20.40,23.20,23.50,24.50,25.90,23.60,24.90,24.80,22.50,24.60,21.10,20.60,24.30,25.90,23.50,23.70,20.90
TLM_RCV,-92,FG-ALPHA,20240415_083722,AUTO,0,32.47,5.00,-85,93.40,8.17,3.29,5.02,881,495,0,346,21.93,1012.90,12.00,406.30,12.64,48.55,1080,22.30,21.90,24.90,21.00,23.40,24.60,22.60,22.90,24.10,21.30,21.00,22.00,22.50,20.10,21.80,25.20,25.90,21.60,23.70,22.90,22.50,20.70,24.70,25.30,25.90,23.70,25.40,25.30,20.50,22.70,21.90,20.90,20.80,23.50,23.40,24.20,21.30,20.40,20.30,21.20,21.70,22.80,24.20,25.30,20.60,21.20,21.20,25.90,20.30,23.70,22.00,21.90,24.20,21.20,20.90,21.20,20.00,20.40,25.90,22.70,22.50,21.70,22.10,24.60
TLM_RCV,-48,FG-ALPHA,20240415_083723,AUTO,0,31.09,5.00,-85,93.48,8.18,3.31,5.02,1199,418,0,274,23.91,1012.80,11.90,404.80,12.64,48.55,1080,22.30,24.90,20.20,23.20,24.50,22.70,24.10,21.20,21.60,25.80,25.40,25.30,22.10,24.80,23.20,22.40,20.30,20.70,22.20,23.50,25.50,25.50,22.90,20.90,20.50,24.70,20.00,25.10,25.60,23.10,24.50,25.30,20.40,20.50,21.90,23.40,23.90,21.20,24.40,22.20,21.80,22.00,21.70,25.40,21.90,23.60,20.90,22.20,22.60,23.80,24.50,25.90,21.70,23.50,20.60,24.00,24.00,21.00,25.10,20.60,25.30,22.00,24.30,22.90
TLM_RCV,-47,FG-ALPHA,20240415_083724,AUTO,0,31.38,5.00,-85,93.43,8.17,3.30,5.02,0,476,0,327,22.38,1013.10,11.90,405.20,12.64,48.55,1080,23.00,24.10,24.90,20.30,21.60,23.00,22.00,21.30,20.20,25.90,23.00,22.40,22.20,20.80,23.60,20.80,23.60,23.30,21.10,23.90,21.60,23.30,21.20,22.40,22.40,24.20,21.70,22.70,23.70,25.20,23.50,24.60,21.00,25.40,20.30,20.30,24.80,23.00,21.70,24.70,21.10,23.00,24.50,24.50,24.10,25.20,25.50,20.30,22.10,22.60,24.00,21.50,25.20,23.70,22.50,21.00,22.90,20.80,23.60,23.60,21.70,22.10,23.50,20.50
TLM_RCV,-49,FG-ALPHA,20240415_083725,AUTO,0,31.06,5.00,-85,93.50,8.18,3.30,5.02,1132,412,0,265,23.60,1012.70,11.80,405.80,12.65,48.55,1080,20.00,21.00,25.80,20.90,20.00,21.80,24.00,25.90,22.90,22.00,25.60,24.80,22.10,22.40,21.50,20.50,22.50,21.70,24.60,20.00,23.50,22.90,24.10,20.70,24.40,24.40,22.10,22.00,23.70,21.50,21.00,24.10,22.30,22.40,25.00,25.10,25.70,20.20,23.30,24.70,21.40,25.10,24.90,23.30,20.00,23.80,25.50,24.60,21.30,24.40,21.90,20.30,22.50,23.90,20.80,20.10,24.80,21.50,25.80,24.10,24.30,25.50,23.50,22.20
TLM_RCV,-43,FG-ALPHA,20240415_083726,AUTO,0,32.12,5.00,-85,93.55,8.18,3.29,5.02,893,423,0,272,22.35,1012.70,11.90,404.90,12.65,48.55,1080,25.10,23.00,21.80,23.90,22.30,23.80,20.70,22.90,20.30,20.60,23.60,22.70,20.00,21.50,23.50,20.00,25.30,22.50,23.70,25.80,25.80,20.80,25.20,20.20,23.80,21.50,21.20,22.90,21.10,25.30,23.20,20.30,25.00,20.70,21.80,24.40,20.70,24.10,21.50,23.60,22.80,22.90,25.20,24.90,22.50,23.70,20.50,25.20,23.80,20.80,21.00,22.70,24.80,25.70,21.40,20.50,23.10,23.50,21.80,21.90,23.30,25.90,25.80,22.40
TLM_RCV,-63,FG-ALPHA,20240415_083727,AUTO,0,32.44,5.00,-85,93.50,8.17,3.28,5.02,0,487,0,334,22.43,1013.60,12.00,405.20,12.65,48.55,1080,21.80,21.60,22.10,24.70,23.70,24.20,21.80,24.90,23.70,25.60,20.10,24.60,20.20,25.50,21.30,24.10,23.70,22.30,21.80,24.60,22.50,23.20,20.40,21.00,23.50,21.70,20.10,25.00,23.50,23.00,21.80,23.80,20.70,21.50,25.50,20.20,22.10,20.00,20.10,25.20,25.70,24.70,25.60,25.90,21.60,23.30,20.20,23.20,22.50,23.30,23.20,24.70,21.30,25.60,20.90,20.20,20.50,20.40,24.10,24.30,24.60,24.20,23.40,23.00
TLM_RCV,-67,FG-ALPHA,20240415_083749,AUTO,0,33.44,5.00,-85,94.69,8.20,3.30,5.02,0,488,0,336,22.44,1013.60,11.90,405.50,12.67,48.55,1080,25.40,21.30,25.40,22.10,25.20,23.00,24.90,22.30,24.80,20.40,22.40,24.80,22.00,21.80,24.60,23.20,21.40,24.00,22.10,22.80,23.60,25.50,21.20,23.50,25.90,23.40,22.20,22.50,25.10,23.20,25.30,23.80,25.40,22.90,20.00,21.90,20.10,23.70,22.80,22.40,20.60,23.90,20.00,21.20,25.90,23.40,24.00,24.60,21.80,21.90,24.00,22.70,20.00,21.90,24.30,20.80,25.90,23.80,24.70,21.80,23.30,23.70,24.40,24.60
TLM_RCV,-83,FG-ALPHA,20240415_083750,AUTO,0,33.04,5.00,-85,94.73,8.21,3.29,5.02,823,408,0,252,22.08,1013.30,12.10,404.80,12.67,48.55,1080,20.50,20.60,21.90,23.80,22.60,20.00,22.60,21.90,25.40,20.40,22.80,21.60,20.20,23.30,21.70,25.50,21.70,21.60,20.80,21.60,22.20,20.90,23.00,22.30,22.90,20.50,23.80,20.40,25.40,25.50,25.10,22.40,24.90,20.90,23.10,24.20,21.70,22.50,20.20,23.40,23.90,25.40,20.90,21.90,22.80,24.70,25.10,25.40,22.10,20.90,22.20,20.90,22.80,21.40,25.20,20.90,23.30,25.80,20.20,23.40,23.90,24.40,22.30,25.60
TLM_RCV,-65,FG-ALPHA,20240415_083751,AUTO,0,33.03,5.00,-85,94.77,8.21,3.29,5.02,825,406,0,258,22.09,1012.80,12.00,405.30,12.67,48.55,1080,20.60,23.80,23.80,21.00,23.60,24.10,22.60,20.10,20.40,25.20,23.60,22.30,24.10,25.40,24.90,23.30,22.30,20.50,23.00,23.60,23.40,23.50,22.20,20.90,24.70,20.60,20.80,20.70,25.40,22.40,23.20,23.90,23.30,20.60,23.20,20.20,21.70,22.50,22.80,24.80,24.00,21.20,22.00,20.40,23.30,21.60,20.60,24.40,24.10,22.90,21.90,24.60,25.90,23.80,24.70,22.70,23.40,25.70,25.50,23.70,25.00,25.30,23.20,22.00
TLM_RCV,-65,FG-ALPHA,20240415_083752,AUTO,0,31.28,5.00,-85,94.72,8.20,3.29,5.02,0,457,0,315,22.28,1012.80,12.10,405.00,12.67,48.55,1080,23.00,22.80,24.60,22.90,24.50,25.10,24.70,20.40,23.80,23.60,25.40,22.80,23.20,21.60,25.60,25.40,20.50,23.50,25.10,25.30,24.20,23.50,24.10,25.40,24.20,24.00,21.50,25.50,25.50,21.70,21.70,25.50,24.60,24.60,23.70,22.70,24.00,24.80,22.50,21.10,24.60,25.00,21.80,21.80,22.40,20.40,21.70,21.00,21.20,25.80,22.30,20.40,23.20,25.10,23.70,22.60,24.50,20.50,20.20,24.80,23.60,20.40,23.80,23.90
TLM_RCV,-55,FG-ALPHA,20240415_083753,AUTO,0,31.08,5.00,-85,94.79,8.21,3.29,5.02,1057,416,0,259,23.20,1013.50,11.90,406.30,12.67,48.55,1080,25.50,25.30,20.30,23.10,22.00,23.00,24.50,23.60,21.30,20.30,20.90,23.20,21.30,20.70,24.00,20.90,20.30,25.60,24.80,23.40,20.20,22.90,22.50,20.20,21.50,21.80,24.00,25.00,20.10,22.00,24.70,25.30,24.60,21.80,20.90,24.50,24.40,23.00,25.20,25.90,22.10,22.80,21.40,23.50,24.40,25.70,25.60,21.60,25.30,24.50,21.00,20.50,23.60,20.50,20.60,24.00,24.50,24.60,22.30,24.50,24.80,20.40,21.60,21.70
TLM_RCV,-91,FG-ALPHA,20240415_083754,AUTO,0,31.17,5.00,-85,94.84,8.21,3.29,5.02,965,435,0,291,22.65,1013.50,12.10,405.60,12.67,48.55,1080,22.90,22.80,21.10,22.10,24.50,23.70,24.70,24.00,24.90,22.00,22.40,21.50,23.50,20.10,24.70,23.70,25.40,21.20,23.30,21.50,23.40,21.40,24.90,21.80,23.30,20.40,22.30,25.70,23.80,25.60,20.10,21.50,25.30,20.70,23.00,21.30,22.90,21.50,21.00,21.00,20.90,24.30,21.80,24.30,23.70,20.40,22.80,25.80,20.50,20.10,21.40,22.10,25.60,21.50,23.30,23.80,25.10,20.90,21.10,21.50,25.40,25.50,24.30,25.80
TLM_RCV,-47,FG-ALPHA,20240415_083755,AUTO,0,33.28,5.00,-85,94.90,8.21,3.30,5.02,1048,457,0,299,22.95,1013.60,12.00,405.20,12.68,48.55,1080,24.90,22.40,23.50,20.10,23.80,21.00,25.80,21.00,21.20,21.40,22.40,23.90,25.70,21.40,20.60,22.30,21.90,20.30,23.30,22.60,22.00,22.70,21.70,22.30,25.60,24.20,21.00,22.00,22.50,25.30,20.20,23.40,23.20,25.10,20.10,22.80,25.30,23.60,25.30,22.60,22.30,24.70,22.50,21.00,23.70,24.00,25.90,25.40,21.10,22.40,20.90,22.60,20.70,21.90,25.60,23.40,21.20,24.90,25.20,22.20,25.70,21.30,22.50,20.00
TLM_RCV,-71,FG-ALPHA,20240415_083756,AUTO,0,31.32,5.00,-85,94.94,8.21,3.30,5.02,898,463,0,321,22.17,1013.60,11.90,404.90,12.68,48.55,1080,23.70,20.40,25.10,22.60,25.40,21.40,24.50,23.70,24.80,21.00,20.30,20.10,22.30,23.50,25.30,24.00,25.90,21.80,21.90,21.50,24.20,25.90,21.40,24.60,22.90,21.70,23.80,25.40,25.50,20.20,25.20,23.60,21.40,21.20,24.00,25.60,20.40,25.00,22.90,21.90,22.90,25.80,21.30,22.10,25.60,23.20,22.10,25.30,25.40,22.70,25.20,22.40,21.70,20.30,20.10,25.90,20.50,21.80,24.00,23.30,20.70,20.50,20.60,22.90
TLM_RCV,-76,FG-ALPHA,20240415_083757,AUTO,0,31.39,5.00,-85,95.01,8.21,3.28,5.02,1172,478,0,331,23.47,1013.10,12.10,405.00,12.68,48.55,1080,24.30,21.50,23.00,21.80,21.70,24.60,22.50,23.30,23.60,24.90,20.80,25.10,22.00,25.90,21.70,24.20,21.90,22.30,22.80,24.50,22.20,23.60,20.30,22.60,24.40,21.50,22.00,21.30,23.90,21.50,24.20,25.20,24.70,20.40,25.30,21.30,22.60,22.50,25.90,23.20,22.50,23.50,23.50,20.90,25.90,20.20,23.80,20.50,24.80,20.80,22.50,21.10,21.90,25.50,23.30,22.10,25.20,22.30,24.00,23.00,23.20,22.10,25.40,25.50
TLM_RCV,-48,FG-ALPHA,20240415_083758,AUTO,0,31.16,5.00,-85,95.05,8.22,3.29,5.02,841,431,0,287,22.05,1012.70,11.80,406.20,12.68,48.55,1080,25.10,25.40,24.60,24.70,22.50,24.10,21.30,22.40,22.90,23.70,21.20,22.10,22.80,20.20,21.60,24.70,23.10,24.80,21.00,20.10,20.60,22.70,25.50,24.30,20.10,24.00,22.40,20.30,21.50,21.00,23.70,23.20,23.90,25.60,23.60,21.00,21.50,24.20,21.90,25.20,22.10,25.00,25.90,22.90,20.50,22.30,21.30,20.90,24.50,23.60,24.80,20.80,24.00,20.70,22.60,23.10,25.20,22.90,23.00,20.40,23.00,21.20,21.50,25.90
TLM_RCV,-76,FG-ALPHA,20240415_083759,AUTO,0,33.25,5.00,-85,95.09,8.21,3.31,5.02,815,450,0,298,21.83,1013.50,11.90,404.80,12.68,48.55,1080,23.50,25.00,24.50,24.10,24.90,22.00,20.40,21.30,21.20,25.80,23.20,21.20,20.10,23.40,25.90,22.40,21.70,23.60,24.90,24.40,20.60,22.60,25.00,21.50,24.80,22.10,23.20,23.90,23.70,24.20,23.90,21.50,24.50,25.90,24.30,20.60,22.50,21.90,22.50,22.80,24.60,24.80,25.90,24.30,21.30,22.80,22.50,24.00,24.20,23.30,25.80,23.10,21.90,23.40,21.30,21.40,24.80,21.40,24.90,24.10,22.00,21.00,21.40,25.80
TLM_RCV,-42,FG-ALPHA,20240415_083800,AUTO,0,31.20,5.00,-85,95.14,8.22,3.28,5.02,895,441,0,294,22.27,1012.90,12.00,405.30,12.68,48.55,1080,24.60,22.70,21.50,22.70,25.40,21.60,20.20,21.80,20.20,20.50,23.50,21.90,25.60,25.10,21.00,20.70,21.00,24.60,22.00,23.40,23.70,24.80,24.30,21.20,23.00,24.70,25.00,23.50,21.30,23.20,25.00,22.80,22.60,23.40,21.20,22.70,21.40,24.50,23.20,20.30,22.70,25.10,20.60,21.80,21.40,24.60,20.70,23.60,25.60,20.70,20.80,22.00,21.90,21.40,24.90,20.00,22.30,23.80,23.70,24.30,22.10,21.30,23.60,22.10
TLM_RCV,-50,FG-ALPHA,20240415_083801,AUTO,0,33.49,5.00,-85,95.18,8.21,3.28,5.02,942,499,0,341,22.22,1013.20,11.90,406.20,12.68,48.55,1080,23.90,22.10,21.30,20.50,23.70,24.70,21.10,21.30,24.50,25.70,25.80,25.30,22.30,21.70,24.90,20.90,25.50,21.80,20.30,20.00,22.10,22.60,20.20,24.70,20.10,24.00,22.60,24.30,23.40,23.70,21.40,20.50,22.40,23.20,22.80,21.90,22.60,21.80,25.20,20.00,23.20,23.80,22.20,23.20,24.40,21.70,23.10,21.30,25.80,20.80,25.00,25.30,20.20,20.50,23.70,24.60,22.30,21.80,20.80,21.30,25.70,24.20,25.90,22.20
TLM_RCV,-83,FG-ALPHA,20240415_083802,AUTO,0,33.47,5.00,-85,95.25,8.21,3.31,5.02,1156,493,0,342,23.32,1013.00,12.10,405.10,12.68,48.55,1080,23.20,22.70,24.40,20.50,20.80,21.60,23.10,20.10,20.50,25.00,22.40,24.50,20.20,21.80,21.00,21.60,22.50,22.00,25.20,21.80,20.00,24.40,21.80,24.90,21.60,22.10,21.50,25.00,79.90,22.40,23.00,23.00,25.50,23.20,24.60,22.20,21.80,25.10,24.00,21.90,24.10,23.50,25.10,23.90,21.40,23.80,21.30,22.00,25.00,23.70,24.90,21.40,20.50,20.20,24.70,22.70,23.10,23.20,23.60,22.00,23.90,20.60,22.40,24.00
TLM_RCV,-71,FG-ALPHA,20240415_083803,AUTO,0,31.15,5.00,-85,95.28,8.22,3.31,5.02,800,429,0,287,21.85,1012.90,11.90,406.40,12.68,48.55,1080,23.10,20.70,22.50,21.40,20.70,21.50,22.30,24.10,20.40,22.10,23.80,21.90,20.80,25.40,21.70,24.60,23.70,22.30,25.30,20.00,25.70,20.50,22.20,21.00,22.30,25.70,21.10,25.30,25.50,24.40,25.20,25.90,20.80,20.20,22.60,25.20,25.80,24.00,20.10,21.40,22.20,22.30,25.70,23.70,24.30,21.20,21.40,24.80,22.60,24.70,20.40,25.50,20.00,20.20,21.90,22.50,21.60,25.00,24.20,23.60,24.30,20.80,22.40,24.80
TLM_RCV,-86,FG-ALPHA,20240415_083804,AUTO,0,33.08,5.00,-85,95.24,8.22,3.30,5.02,0,417,0,271,22.08,1013.50,11.80,405.80,12.68,48.55,1080,23.60,21.20,20.10,24.80,23.50,20.20,23.40,22.00,22.00,22.10,21.60,21.60,25.70,21.80,25.40,21.00,23.00,21.90,23.10,23.80,25.20,23.10,25.90,24.10,21.80,21.20,23.40,22.90,20.90,25.50,25.00,23.60,25.30,20.10,21.20,22.40,23.20,22.30,24.40,25.10,25.50,25.10,23.30,20.10,20.40,22.00,24.90,24.50,24.10,21.00,20.80,21.40,24.80,20.20,22.60,20.80,25.50,20.30,22.80,21.40,24.50,24.50,25.60,24.30
TLM_RCV,-88,FG-ALPHA,20240415_083805,AUTO,0,33.13,5.00,-85,95.31,8.22,3.28,5.02,1092,426,0,275,23.33,1013.40,12.10,405.50,12.69,48.55,1080,21.50,24.90,22.10,23.60,23.50,25.90,21.60,22.10,21.00,21.90,21.10,25.70,22.00,23.60,21.50,22.30,22.70,21.30,23.20,22.50,24.10,21.10,20.30,24.60,25.00,22.00,21.50,25.10,25.30,22.70,22.10,20.90,24.60,23.40,25.60,21.60,21.60,20.60,21.10,20.90,25.20,22.10,24.40,25.10,23.20,20.10,23.50,20.80,23.90,23.10,25.10,24.90,25.10,21.50,21.10,20.70,24.90,21.00,20.60,24.20,21.10,20.20,25.60,25.40
TLM_RCV,-66,FG-ALPHA,20240415_083806,AUTO,0,32.24,5.00,-85,95.36,8.22,3.28,5.02,990,449,0,292,22.70,1013.20,11.80,405.00,12.69,48.55,1080,23.80,24.70,25.40,25.80,24.00,22.20,20.50,20.60,24.30,23.70,24.20,21.10,21.60,25.70,21.80,21.50,24.60,22.50,23.80,21.90,23.80,22.00,25.60,20.10,22.20,22.10,24.40,22.30,20.90,23.90,21.50,22.10,25.40,22.20,24.00,22.30,20.10,22.30,23.60,22.30,22.00,21.40,21.10,25.20,25.40,23.10,24.60,22.30,25.80,22.20,23.40,20.90,22.80,21.50,25.20,24.10,20.40,21.40,25.40,22.50,21.50,21.20,23.90,24.30
TLM_RCV,-84,FG-ALPHA,20240415_083807,AUTO,0,32.04,5.00,-85,95.44,8.23,3.29,5.02,1130,409,0,265,23.60,1013.50,11.80,404.80,12.69,48.55,1080,20.90,20.70,23.90,24.20,25.80,21.60,23.30,25.60,25.80,23.70,20.80,25.70,21.20,20.70,22.10,21.50,22.70,22.30,22.70,24.50,25.40,22.50,25.20,20.20,20.70,23.40,22.00,25.20,21.20,20.10,21.70,24.20,22.60,21.30,23.30,21.90,24.50,20.40,21.80,25.10,24.00,22.00,24.30,23.40,21.70,20.60,20.30,21.30,24.30,25.10,23.80,25.50,21.00,22.90,24.60,24.50,23.70,21.70,23.70,21.80,24.90,21.00,24.90,22.00
TLM_RCV,-49,FG-ALPHA,20240415_083808,AUTO,0,33.51,5.00,-85,95.39,8.21,3.30,5.02,0,501,0,346,22.50,1013.00,12.10,404.60,12.69,48.55,1080,21.60,25.80,25.20,24.20,21.40,25.60,20.60,22.20,21.90,23.50,20.10,21.10,24.30,24.00,24.40,25.60,23.20,20.20,22.50,25.00,23.70,22.70,23.80,25.70,22.90,20.30,20.50,25.00,23.60,22.90,23.60,20.00,23.70,22.50,25.80,20.80,23.50,21.30,23.80,21.00,23.90,22.60,21.30,21.20,23.10,23.30,22.20,23.80,23.00,80.00,22.20,21.40,22.70,24.30,20.40,21.50,22.80,20.50,22.60,22.30,20.70,23.40,23.10,20.70
TLM_RCV,-74,FG-ALPHA,20240415_083809,AUTO,0,33.29,5.00,-85,95.43,8.22,3.30,5.02,947,458,0,312,22.44,1013.30,12.10,404.70,12.69,48.55,1080,23.50,23.50,25.50,23.00,23.40,22.00,24.50,23.00,25.80,23.10,21.20,25.90,23.80,23.80,24.20,25.90,21.80,20.00,22.40,22.10,24.80,23.20,20.60,24.00,21.20,22.30,24.70,25.50,20.90,20.90,20.60,22.60,23.80,22.80,20.70,20.00,20.90,24.50,22.30,23.40,20.90,21.90,24.10,20.60,21.90,24.50,22.30,23.40,25.60,25.80,20.20,25.30,23.20,24.90,24.40,20.40,20.40,22.90,23.80,20.50,24.70,22.80,25.70,20.00
TLM_RCV,-85,FG-ALPHA,20240415_083810,AUTO,0,31.23,5.00,-85,95.39,8.22,3.30,5.02,0,445,0,289,22.23,1013.10,12.00,404.50,12.69,48.55,1080,21.20,20.90,21.00,24.30,24.40,24.20,24.60,22.20,22.60,23.60,23.60,20.90,25.40,25.70,20.60,24.80,21.90,24.30,24.90,22.10,21.90,20.40,22.90,21.50,23.80,25.40,20.20,21.30,25.80,24.00,21.20,25.30,24.30,21.50,25.50,22.50,22.20,25.50,25.80,25.40,24.30,22.30,25.70,23.30,21.20,20.00,24.40,25.30,21.20,21.00,22.90,21.40,23.70,24.30,23.80,24.40,21.00,21.80,21.30,22.30,21.50,21.40,22.30,21.80
TLM_RCV,-92,FG-ALPHA,20240415_083811,AUTO,0,33.17,5.00,-85,95.44,8.23,3.29,5.02,925,433,0,283,22.46,1013.20,11.90,404.90,12.69,48.55,1080,25.90,20.90,24.90,24.50,25.40,21.60,25.20,20.70,23.40,21.30,20.60,20.60,21.20,25.80,20.90,25.00,21.70,20.70,25.20,20.00,21.50,22.80,24.50,23.20,25.90,23.50,24.60,21.70,24.60,24.40,21.20,25.90,23.80,24.20,24.10,25.70,24.50,24.30,24.10,20.00,24.50,20.90,21.60,23.00,23.80,25.00,24.30,24.60,24.00,22.20,20.40,23.00,22.60,22.50,24.00,21.30,20.80,20.30,25.60,22.60,20.00,24.40,21.40,25.60
TLM_RCV,-42,FG-ALPHA,20240415_083812,AUTO,0,31.33,5.00,-85,95.48,8.22,3.30,5.02,906,467,0,325,22.19,1013.50,11.90,404.70,12.69,48.55,1080,22.90,20.00,23.70,22.60,24.60,20.00,22.10,22.40,25.90,23.00,23.20,21.40,20.70,20.70,22.10,21.30,22.30,24.30,21.20,22.60,20.00,21.90,21.80,24.10,22.80,24.40,25.30,23.30,20.20,24.00,24.40,24.90,24.10,22.40,20.10,23.70,21.00,20.30,24.30,22.90,23.30,24.40,25.60,25.90,25.60,22.90,20.40,23.60,20.80,21.60,23.90,22.70,25.10,22.30,20.80,22.80,23.00,25.40,22.80,21.30,22.40,22.00,25.70,25.60
TLM_RCV,-44,FG-ALPHA,20240415_083813,AUTO,0,32.33,5.00,-85,95.54,8.22,3.28,5.02,987,465,0,325,22.61,1013.20,11.90,404.50,12.69,48.55,1080,24.60,25.50,23.10,24.70,25.80,24.80,21.70,22.80,21.50,23.50,20.90,23.70,24.60,21.40,22.30,20.50,21.90,22.40,20.50,24.90,20.90,20.80,24.50,23.20,21.40,24.60,21.20,20.30,20.20,22.00,25.50,20.10,22.20,25.20,21.90,23.00,24.70,23.30,21.60,21.70,23.10,21.70,24.50,23.00,25.00,24.90,22.30,22.60,24.60,20.00,22.20,25.40,25.40,25.20,20.40,23.20,24.50,21.90,23.30,24.80,25.20,20.70,21.20,22.70
TLM_RCV,-85,FG-ALPHA,20240415_083814,AUTO,0,31.08,5.00,-85,95.59,8.23,3.31,5.02,1009,417,0,262,22.96,1012.90,12.10,406.00,12.69,48.55,1080,22.90,21.20,24.90,23.40,21.90,24.40,24.90,24.90,20.30,20.80,21.20,22.40,22.20,23.20,22.80,25.30,24.30,21.70,23.50,25.40,22.30,23.40,20.00,21.00,25.40,23.60,21.80,22.40,22.40,21.30,21.90,25.60,24.20,25.50,22.70,22.40,20.40,22.70,20.10,21.20,20.80,25.40,24.70,25.20,25.40,23.30,20.80,22.90,22.10,22.00,24.60,25.00,20.00,22.10,20.00,25.00,20.00,20.10,23.90,23.80,21.40,24.70,22.30,25.90
TLM_RCV,-41,FG-ALPHA,20240415_083815,AUTO,0,33.42,5.00,-85,95.65,8.22,3.28,5.02,1001,483,0,337,22.59,1013.40,12.10,404.50,12.70,48.55,1080,22.40,23.90,20.60,22.90,24.60,25.00,21.90,22.90,24.20,20.30,21.20,21.50,22.90,25.50,24.10,25.70,24.80,23.80,25.10,21.10,21.40,21.50,20.80,25.70,20.80,21.70,25.50,24.90,22.70,22.40,21.80,21.90,23.40,24.60,20.30,21.00,22.70,86.70,23.90,25.90,24.90,22.90,23.40,23.20,23.90,24.50,22.30,22.50,24.10,25.00,24.70,20.20,21.10,22.70,20.80,22.90,23.80,20.10,20.30,22.70,22.20,21.20,20.80,24.50
TLM_RCV,-58,FG-ALPHA,20240415_083816,AUTO,0,33.01,5.00,-85,95.69,8.24,3.30,5.02,866,402,0,259,22.32,1012.90,12.10,405.50,12.70,48.55,1080,22.20,20.10,23.80,22.60,24.10,24.10,20.50,21.80,23.60,24.50,25.80,21.10,25.60,21.20,24.10,21.00,24.80,22.20,21.60,21.70,21.70,25.40,25.10,20.50,20.30,23.10,24.10,22.00,24.50,20.20,21.70,25.60,25.40,21.70,23.40,23.50,24.90,20.00,20.30,21.90,23.00,25.10,21.20,25.10,24.80,21.90,23.40,24.90,24.90,23.80,20.20,23.70,24.00,22.80,21.10,21.20,24.80,21.40,21.00,20.20,21.30,20.10,25.60,21.90
TLM_RCV,-51,FG-ALPHA,20240415_083817,AUTO,0,31.20,5.00,-85,95.75,8.23,3.28,5.02,998,440,0,294,22.79,1013.40,11.80,405.30,12.70,48.55,1080,24.40,20.50,23.00,23.20,23.80,21.90,23.50,21.00,22.80,24.50,20.00,23.00,23.30,23.90,21.80,23.70,22.00,23.00,24.40,23.50,25.60,22.70,25.20,23.80,22.20,25.90,20.90,23.30,21.50,23.50,25.50,20.50,20.70,23.00,22.10,22.40,23.70,22.70,22.40,20.20,20.30,21.30,22.60,24.30,25.00,25.20,23.10,23.70,20.00,21.60,20.30,25.80,21.60,20.50,20.40,20.70,21.30,20.20,25.40,25.20,24.20,23.30,24.30,25.30
TLM_RCV,-61,FG-ALPHA,20240415_083818,AUTO,0,32.01,5.00,-85,95.79,8.24,3.30,5.02,846,402,0,261,22.22,1013.10,11.80,406.00,12.70,48.55,1080,20.10,21.10,23.60,21.30,25.00,22.00,22.20,24.80,20.90,20.20,24.30,22.60,87.00,23.50,24.10,25.70,21.90,25.90,24.00,24.50,21.10,21.50,25.40,20.40,23.30,24.40,21.40,24.00,20.10,23.90,22.90,21.30,20.50,23.60,20.60,21.90,23.50,22.30,23.90,24.90,21.60,22.80,25.60,22.10,22.70,21.00,20.10,24.40,21.40,25.70,22.00,23.30,21.40,24.80,25.80,21.20,24.40,24.10,23.50,21.40,22.90,21.00,25.60,22.40
TLM_RCV,-69,FG-ALPHA,20240415_083819,AUTO,0,33.37,5.00,-85,95.75,8.23,3.28,5.02,0,474,0,321,22.37,1013.30,11.90,406.30,12.70,48.55,1080,25.90,24.50,25.40,25.80,20.00,21.10,22.10,23.90,24.60,21.80,24.30,20.30,25.50,21.90,22.40,24.80,23.90,25.90,24.40,24.30,25.50,22.40,24.40,21.50,23.30,23.30,21.90,20.70,21.80,24.60,25.00,22.70,22.50,20.10,23.60,25.00,25.10,22.10,20.60,21.80,20.30,25.10,20.60,23.20,25.30,25.90,24.30,21.60,25.10,24.40,22.50,20.60,23.40,23.10,21.60,20.30,23.10,21.80,24.40,22.60,25.10,20.20,25.90,24.50
TLM_RCV,-54,FG-ALPHA,20240415_083820,AUTO,0,32.23,5.00,-85,95.81,8.23,3.28,5.02,1113,446,0,306,23.33,1013.10,11.80,406.40,12.70,48.55,1080,23.80,25.30,23.60,25.80,23.40,24.10,25.20,22.30,22.10,20.40,21.90,20.80,20.50,24.80,23.00,25.70,21.40,25.00,24.60,23.60,21.30,21.00,24.00,21.80,22.80,22.40,20.30,20.70,25.20,22.80,22.50,23.90,24.50,23.40,25.80,24.80,23.80,23.20,24.60,25.00,22.80,25.60,21.10,23.70,20.30,21.30,20.90,22.60,24.10,24.00,21.80,23.50,21.70,22.20,23.10,22.80,20.10,24.20,24.90,22.00,20.60,22.70,24.20,25.00
TLM_RCV,-71,FG-ALPHA,20240415_083821,AUTO,0,33.44,5.00,-85,95.76,8.22,3.31,5.02,0,489,0,335,22.44,1012.80,11.90,405.40,12.70,48.55,1080,22.50,21.30,22.00,21.10,25.80,25.50,22.30,22.90,20.60,24.80,21.70,23.00,20.90,20.80,24.70,25.50,23.80,21.20,21.40,21.50,23.80,20.00,22.50,23.30,20.80,21.10,25.30,24.30,22.70,20.20,22.00,22.30,25.50,24.90,25.40,24.70,20.60,25.10,24.80,23.80,23.60,20.80,21.40,25.00,22.50,24.60,22.10,25.70,25.00,21.60,20.40,20.50,21.60,25.30,21.00,20.70,21.90,25.90,24.70,21.60,23.60,21.00,21.30,25.30
TLM_RCV,-71,FG-ALPHA,20240415_083822,AUTO,0,33.06,5.00,-85,95.81,8.24,3.30,5.02,876,412,0,260,22.32,1012.70,11.90,406.40,12.70,48.55,1080,20.90,23.60,20.10,23.30,23.80,23.90,21.60,23.70,21.60,25.10,24.30,20.20,23.70,25.70,23.80,20.90,24.80,22.90,23.70,21.20,25.90,23.30,25.20,24.10,25.90,21.10,25.40,23.50,23.50,22.70,22.90,23.90,22.70,21.40,21.50,20.50,20.80,25.50,20.40,22.70,25.30,23.60,22.10,21.60,22.90,24.80,23.10,25.50,23.50,21.00,24.00,20.20,24.90,24.30,24.70,23.30,23.70,25.40,23.10,23.40,21.20,24.80,25.40,25.20
TLM_RCV,-78,FG-ALPHA,20240415_083823,AUTO,0,32.38,5.00,-85,95.76,8.23,3.29,5.02,0,475,0,323,22.37,1012.80,12.00,405.10,12.70,48.55,1080,23.20,24.90,22.60,22.00,22.10,20.60,21.00,20.00,22.00,21.60,21.70,20.70,22.30,25.90,20.40,20.80,20.80,24.90,22.20,20.40,24.30,24.40,24.30,25.90,21.60,21.30,20.70,24.90,21.90,24.90,22.20,25.90,22.20,21.40,22.30,22.50,20.40,24.10,23.00,20.10,20.70,20.40,20.90,23.30,24.00,24.40,25.00,23.50,23.90,20.30,25.30,24.70,24.00,25.40,24.80,21.90,22.70,20.90,22.40,21.50,20.60,25.90,22.40,20.10
TLM_RCV,-73,FG-ALPHA,20240415_083824,AUTO,0,33.33,5.00,-85,95.80,8.23,3.29,5.02,856,467,0,320,21.94,1013.20,11.80,405.10,12.70,48.55,1080,23.40,23.20,21.60,22.10,24.20,25.70,20.60,21.30,25.90,25.80,21.20,22.80,23.70,21.10,22.50,25.40,24.40,23.40,20.30,20.90,24.00,24.50,22.50,24.00,25.30,20.90,20.30,20.40,22.90,20.20,20.90,23.00,24.50,21.00,24.80,24.70,21.50,21.00,20.40,22.20,23.60,23.10,24.70,23.20,24.80,23.90,23.50,22.20,22.70,24.60,21.20,24.10,24.50,23.80,20.20,20.60,25.30,20.80,20.70,22.30,24.10,23.70,20.20,22.80
TLM_RCV,-91,FG-ALPHA,20240415_083825,AUTO,0,31.06,5.00,-85,95.76,8.24,3.29,5.02,0,411,0,257,22.06,1013.10,12.00,405.00,12.71,48.55,1080,21.10,25.30,25.30,23.50,23.80,20.40,21.20,23.50,22.20,23.90,22.00,20.90,25.00,22.90,20.60,21.20,24.60,25.00,20.70,20.50,23.90,23.40,25.10,20.30,20.50,21.90,21.90,20.40,22.20,22.20,25.10,25.90,24.90,23.80,24.00,25.10,22.20,24.40,20.40,23.10,21.30,20.80,21.00,21.00,25.60,24.70,25.40,22.20,21.90,21.30,23.70,21.70,22.10,24.00,25.40,21.30,25.60,20.40,24.00,25.80,25.30,25.00,24.60,22.90
TLM_RCV,-55,FG-ALPHA,20240415_083826,AUTO,0,33.04,5.00,-85,95.84,8.24,3.28,5.02,1183,408,0,258,23.87,1013.30,11.90,404.70,12.71,48.55,1080,21.60,22.10,25.40,22.40,21.50,24.60,23.60,24.50,24.50,24.30,21.70,24.70,20.50,20.40,24.70,24.70,20.80,23.40,25.60,24.70,25.00,20.40,21.00,24.10,21.80,22.00,20.50,20.40,25.70,21.00,22.80,24.90,25.50,23.90,24.90,25.40,24.90,20.80,25.40,24.90,24.00,22.30,23.50,21.40,23.80,21.70,20.30,22.70,25.30,23.80,20.20,24.40,24.50,21.50,20.20,23.70,20.80,21.60,25.90,22.30,22.00,20.10,21.30,24.10
TLM_RCV,-70,FG-ALPHA,20240415_083827,AUTO,0,31.39,5.00,-85,95.88,8.23,3.30,5.02,927,477,0,335,22.25,1013.00,12.00,406.30,12.71,48.55,1080,20.80,21.00,24.50,24.90,25.10,20.90,23.20,23.00,24.00,22.00,25.90,23.00,21.30,23.60,20.70,23.50,20.60,21.00,25.40,24.20,21.90,25.40,22.30,25.30,21.80,23.30,22.00,23.60,23.50,22.10,23.20,23.10,22.80,22.80,22.90,23.00,24.20,21.60,25.20,25.70,23.90,24.90,24.50,23.20,20.70,23.70,22.20,20.60,22.90,22.40,21.30,22.00,20.80,25.00,22.40,23.60,21.90,21.60,25.80,21.10,23.30,23.80,22.70,20.30
TLM_RCV,-81,FG-ALPHA,20240415_083828,AUTO,0,33.42,5.00,-85,95.92,8.23,3.31,5.02,848,485,0,340,21.82,1012.90,11.90,406.40,12.71,48.55,1080,20.70,25.60,23.70,25.20,20.10,21.20,20.80,21.60,22.90,24.10,21.60,22.60,24.10,25.50,24.50,20.10,23.10,23.90,21.00,23.80,22.40,25.00,21.30,24.40,24.00,20.10,22.90,20.30,23.70,24.10,22.00,24.70,22.10,22.50,20.20,25.10,24.60,24.90,21.20,24.60,24.20,25.80,20.30,21.10,20.40,21.20,25.70,25.00,22.10,24.30,20.50,20.50,20.00,20.70,24.60,20.40,24.20,20.50,23.10,22.80,24.30,22.80,24.50,23.40
TLM_RCV,-54,FG-ALPHA,20240415_083829,AUTO,0,31.31,5.00,-85,95.96,8.23,3.28,5.02,891,462,0,304,22.15,1013.50,11.90,404.60,12.71,48.55,1080,21.10,20.30,24.00,20.80,21.90,24.40,25.60,21.20,25.90,25.50,20.00,23.60,20.30,21.00,21.70,22.50,21.70,23.90,23.00,24.30,20.20,21.00,24.70,23.70,23.80,23.60,24.40,24.90,21.20,20.10,25.20,21.80,24.30,22.90,20.80,20.60,24.30,22.80,22.10,23.40,20.60,21.00,25.90,23.30,25.20,24.00,20.80,20.70,22.70,20.60,25.90,22.40,22.40,20.10,22.50,22.40,24.10,25.30,25.50,25.00,24.00,21.10,24.70,25.90
TLM_RCV,-55,FG-ALPHA,20240415_083851,AUTO,0,31.10,5.00,-85,97.55,8.28,3.28,5.02,1033,420,0,277,23.07,1013.50,12.00,405.90,12.73,48.55,1080,20.80,79.90,21.70,23.80,22.80,25.40,23.90,23.00,23.30,24.50,21.00,22.70,25.10,23.40,20.00,23.00,20.80,20.60,25.40,24.30,25.20,25.70,25.50,22.70,20.40,23.00,25.80,25.10,25.40,20.10,22.70,21.30,22.40,25.10,21.00,24.00,23.50,23.70,21.70,21.40,24.40,22.90,22.10,22.20,23.30,24.60,21.30,24.80,21.40,22.50,23.40,24.20,25.40,21.00,24.20,25.90,21.70,24.50,24.70,25.50,21.80,21.80,24.50,21.80
TLM_RCV,-57,FG-ALPHA,20240415_083852,AUTO,0,31.12,5.00,-85,97.59,8.28,3.28,5.02,834,425,0,279,22.05,1012.80,11.80,405.90,12.73,48.55,1080,25.90,23.10,21.50,24.50,20.00,22.70,23.70,24.70,25.10,24.70,21.30,22.80,20.00,21.50,25.00,21.50,22.60,21.10,21.80,22.80,23.90,22.20,20.10,23.50,24.50,21.00,21.70,24.70,24.00,24.00,24.50,25.70,21.60,20.30,20.60,25.80,24.70,23.80,25.00,24.90,20.10,20.20,22.70,25.80,24.10,21.30,20.90,22.30,25.60,25.60,21.60,23.30,20.80,22.30,24.80,24.60,23.30,24.80,22.70,22.40,21.80,22.50,23.40,22.90
TLM_RCV,-81,FG-ALPHA,20240415_083853,AUTO,0,32.44,5.00,-85,97.65,8.27,3.31,5.02,1094,488,0,339,23.03,1013.50,11.90,405.10,12.73,48.55,1080,25.30,23.60,23.10,22.10,25.70,25.00,21.20,23.10,25.30,25.90,23.80,24.90,25.50,21.50,20.80,24.70,25.80,20.50,25.00,23.10,22.70,22.70,20.50,21.80,25.30,25.10,22.00,24.40,23.80,21.70,22.40,22.00,25.80,22.40,25.70,22.30,20.30,24.00,20.30,24.70,22.50,25.20,22.30,20.80,22.70,25.30,20.40,22.40,20.70,25.80,20.20,21.80,21.70,21.60,25.80,25.80,20.80,23.20,20.70,22.70,25.10,24.90,20.60,22.10
TLM_RCV,-70,FG-ALPHA,20240415_083854,AUTO,0,33.46,5.00,-85,97.60,8.27,3.29,5.02,0,491,0,335,22.45,1012.80,11.80,405.10,12.73,48.55,1080,24.20,22.60,20.10,24.80,21.60,24.20,21.60,23.40,24.60,20.20,24.90,22.10,23.20,23.70,25.60,23.80,22.40,22.50,25.70,20.50,21.60,20.60,23.20,23.00,25.00,22.70,20.80,21.70,25.20,21.60,25.30,25.80,24.50,23.00,21.00,21.10,23.00,25.10,20.60,22.60,24.40,21.80,23.40,21.20,25.00,25.40,24.60,25.20,23.30,21.70,22.30,22.10,25.20,23.90,23.60,20.10,20.70,22.40,21.60,20.40,20.30,20.30,20.80,25.30
TLM_RCV,-74,FG-ALPHA,20240415_083855,AUTO,0,31.43,5.00,-85,97.66,8.27,3.30,5.02,1147,486,0,338,23.31,1013.00,12.10,404.50,12.74,48.55,1080,25.30,23.10,20.60,21.90,22.00,21.40,25.10,25.70,23.90,24.80,21.10,21.10,23.00,20.00,20.50,24.20,25.70,21.80,24.40,25.60,21.10,23.20,24.00,25.40,24.00,21.70,22.30,21.10,23.60,24.80,23.40,21.10,24.20,24.10,25.90,25.40,22.80,24.40,23.80,24.10,23.40,23.00,25.60,25.00,25.10,24.60,25.30,23.10,24.20,25.70,23.60,20.10,20.40,25.30,24.40,25.30,22.50,25.30,25.10,21.30,21.60,20.40,21.10,20.00
TLM_RCV,-84,FG-ALPHA,20240415_083856,AUTO,0,31.47,5.00,-85,97.72,8.27,3.29,5.02,1059,493,0,346,22.83,1012.90,12.00,406.00,12.74,48.55,1080,20.00,25.70,21.30,25.90,20.30,20.70,25.30,21.00,21.70,22.50,23.30,25.20,24.30,23.50,25.90,20.10,24.10,20.30,23.60,23.80,24.40,24.10,20.40,24.70,21.80,20.50,20.20,22.70,24.00,21.60,23.30,22.30,22.10,21.00,21.80,20.30,25.20,21.80,23.50,25.80,23.60,24.10,24.60,20.10,23.00,20.80,25.40,25.40,24.30,24.90,25.60,22.80,22.00,21.70,20.60,24.40,24.00,21.20,21.90,24.80,22.70,25.80,22.60,21.90
TLM_RCV,-79,FG-ALPHA,20240415_083857,AUTO,0,31.46,5.00,-85,97.78,8.27,3.30,5.02,1080,492,0,334,22.94,1012.80,11.90,405.20,12.74,48.55,1080,22.80,21.50,22.60,20.60,23.10,23.70,21.80,21.60,23.50,25.00,24.40,21.20,24.00,21.20,22.30,24.40,24.70,25.00,23.60,25.80,21.80,23.00,22.50,24.00,23.50,24.00,25.10,24.70,23.20,22.00,21.70,25.40,21.00,22.80,20.80,21.20,25.60,24.40,23.10,20.20,25.00,21.10,22.70,25.20,20.10,22.30,22.50,22.70,25.20,20.40,22.10,22.60,22.90,21.40,23.80,24.50,25.70,25.10,23.70,24.10,25.50,23.10,20.10,24.00
TLM_RCV,-41,FG-ALPHA,20240415_083858,AUTO,0,31.07,5.00,-85,97.85,8.29,3.29,5.02,1128,414,0,259,23.57,1013.60,11.90,405.30,12.74,48.55,1080,21.90,20.70,21.90,21.90,24.90,25.00,24.60,21.60,20.10,23.00,25.30,20.40,25.50,25.60,20.50,21.90,20.60,24.80,21.70,25.60,20.10,20.20,21.70,23.10,21.50,22.50,22.80,22.40,22.70,25.60,23.80,23.40,21.20,23.10,24.00,25.80,21.00,23.90,22.50,21.20,23.30,25.40,25.90,21.90,25.30,20.50,23.50,23.70,23.10,21.10,23.30,23.50,24.60,21.40,21.00,23.10,21.50,21.00,20.60,23.50,24.50,22.60,20.40,24.90
TLM_RCV,-40,FG-ALPHA,20240415_083859,AUTO,0,32.31,5.00,-85,97.81,8.28,3.28,5.02,0,461,0,302,22.31,1013.40,11.80,406.40,12.74,48.55,1080,25.60,20.50,22.70,24.30,25.00,23.90,22.10,22.00,22.80,23.60,23.80,21.60,25.10,20.60,22.00,22.80,25.30,22.30,21.50,24.20,23.10,20.10,23.90,22.80,25.50,23.50,25.60,21.50,24.20,20.80,24.40,25.90,21.30,24.60,20.30,25.30,24.00,21.10,21.90,21.60,24.50,24.10,25.70,22.20,25.90,23.50,21.70,20.50,21.80,20.40,25.90,20.70,21.70,24.00,22.70,24.10,25.20,20.80,25.90,22.70,24.50,24.80,25.40,25.80
TLM_RCV,-83,FG-ALPHA,20240415_083900,AUTO,0,32.15,5.00,-85,97.85,8.28,3.28,5.02,828,431,0,278,21.99,1013.40,12.00,405.40,12.74,48.55,1080,25.40,21.10,23.70,25.00,21.10,21.80,25.50,25.70,22.30,21.10,25.00,20.30,25.40,23.60,24.90,21.70,23.40,23.20,24.60,24.50,25.20,21.70,20.00,24.10,20.20,23.80,22.80,24.50,20.80,25.00,22.10,21.20,23.20,23.20,22.50,25.10,24.60,21.60,22.80,20.40,20.40,25.30,25.70,25.10,21.70,24.20,25.50,25.90,22.70,24.10,21.30,25.40,20.20,24.80,25.80,22.70,24.50,20.20,25.80,20.70,20.10,22.50,25.60,24.30
TLM_RCV,-79,FG-ALPHA,20240415_083901,AUTO,0,33.40,5.00,-85,97.89,8.28,3.31,5.02,912,479,0,331,22.17,1013.00,11.90,405.40,12.74,48.55,1080,23.60,21.50,22.60,21.80,22.40,21.30,25.00,22.70,20.30,23.90,21.30,23.10,20.80,22.50,20.90,22.80,25.70,21.20,23.10,21.80,23.00,20.60,22.60,25.00,21.10,20.70,20.50,22.00,24.20,25.80,21.40,23.70,24.50,21.50,20.30,24.70,21.10,23.80,22.20,21.70,22.70,23.00,24.40,20.70,23.70,25.70,25.80,23.90,25.20,23.10,20.90,24.00,25.60,23.00,24.00,22.40,20.40,24.00,21.70,21.70,24.20,24.70,23.20,22.90
TLM_RCV,-59,FG-ALPHA,20240415_083902,AUTO,0,32.42,5.00,-85,97.95,8.28,3.29,5.02,1104,485,0,340,23.09,1013.40,12.10,405.60,12.74,48.55,1080,21.40,25.40,20.40,20.50,22.80,22.70,21.00,24.40,24.60,24.30,25.00,24.80,22.00,23.00,23.30,25.50,24.10,23.60,23.80,20.90,24.60,24.80,21.00,25.10,23.00,24.10,24.70,23.30,24.20,21.30,25.20,20.40,23.70,21.20,21.30,21.40,24.40,24.00,21.10,21.00,25.40,21.60,25.80,24.00,20.80,25.70,21.90,23.00,24.10,20.60,23.40,22.60,21.50,21.80,22.30,20.20,22.70,22.70,22.80,23.10,21.00,24.50,23.40,22.20
TLM_RCV,-60,FG-ALPHA,20240415_083903,AUTO,0,33.40,5.00,-85,98.02,8.28,3.28,5.02,1161,481,0,326,23.40,1013.60,11.80,404.50,12.74,48.55,1080,24.60,24.90,21.20,21.40,25.80,24.50,24.80,20.40,23.70,22.10,23.50,25.70,20.70,25.70,24.80,22.30,21.50,21.50,23.40,22.00,21.30,21.20,21.40,23.50,25.60,24.80,24.70,21.10,21.40,23.50,23.10,22.30,20.30,22.50,24.90,20.10,25.80,20.00,24.10,20.90,22.10,22.90,21.30,24.40,21.80,24.00,23.90,24.30,24.50,25.00,24.00,23.60,24.20,21.00,23.50,21.50,21.20,24.20,25.40,20.50,23.10,25.40,23.90,24.80
TLM_RCV,-81,FG-ALPHA,20240415_083904,AUTO,0,31.12,5.00,-85,98.07,8.29,3.30,5.02,945,424,0,265,22.60,1013.00,11.80,405.10,12.74,48.55,1080,23.40,22.20,22.80,23.60,20.20,21.60,24.70,21.70,23.80,25.20,25.80,21.30,21.10,20.80,24.00,24.50,24.10,25.10,20.60,22.60,22.00,21.80,21.00,20.80,20.20,22.90,20.10,22.00,21.00,23.00,20.80,20.00,23.70,20.10,20.10,22.80,25.00,21.60,25.80,24.80,22.90,23.70,20.90,23.80,25.80,20.70,23.60,20.20,23.00,21.20,21.30,22.10,24.20,20.50,23.80,20.70,23.90,20.30,22.30,20.60,25.80,24.00,21.90,23.90
TLM_RCV,-92,FG-ALPHA,20240415_083905,AUTO,0,33.28,5.00,-85,98.11,8.29,3.30,5.02,839,455,0,299,21.92,1013.20,12.10,406.40,12.75,48.55,1080,23.00,23.10,25.20,22.20,25.30,24.60,24.20,24.20,21.90,21.50,21.80,25.00,25.40,22.80,24.20,21.90,21.20,25.00,23.50,22.20,23.00,20.00,25.30,20.90,21.80,24.40,24.10,22.70,25.20,25.90,20.50,20.70,21.50,25.00,24.40,24.50,25.10,21.70,24.00,20.10,25.50,20.00,20.60,20.30,23.50,22.50,24.00,24.60,20.80,21.20,23.20,22.90,21.80,25.50,20.80,25.70,25.70,25.10,20.60,23.90,23.00,25.60,21.30,20.70
TLM_RCV,-65,FG-ALPHA,20240415_083906,AUTO,0,33.17,5.00,-85,98.18,8.29,3.30,5.02,1121,433,0,282,23.44,1012.70,11.90,406.00,12.75,48.55,1080,23.60,24.40,21.90,23.20,24.90,23.80,25.30,25.30,24.20,23.40,23.80,22.50,24.00,24.20,23.40,21.50,25.20,21.40,21.90,24.20,23.10,24.30,23.40,25.80,25.40,24.80,22.20,24.40,20.40,23.90,24.90,21.30,24.30,20.80,25.40,23.30,24.60,22.70,20.10,25.10,25.10,24.40,23.90,25.00,22.40,25.10,21.30,24.10,24.10,24.90,20.90,23.70,22.30,24.00,20.30,25.30,22.70,24.70,25.40,24.10,20.40,23.40,21.60,22.50
TLM_RCV,-94,FG-ALPHA,20240415_083907,AUTO,0,33.23,5.00,-85,98.13,8.29,3.28,5.02,0,446,0,287,22.23,1012.70,12.00,406.00,12.75,48.55,1080,21.80,23.20,20.00,24.80,21.20,23.70,20.50,22.30,23.40,21.60,23.20,22.30,24.70,20.30,25.30,23.20,22.30,22.60,22.60,20.80,25.30,20.20,22.00,20.10,23.00,20.70,22.10,24.70,22.70,25.20,20.00,23.90,22.90,22.40,21.30,24.00,24.00,23.20,25.10,22.70,21.00,25.70,21.60,23.20,20.50,21.90,21.50,23.90,24.20,25.30,24.50,24.80,23.50,24.40,22.20,20.10,23.90,23.20,20.60,21.80,21.90,23.10,24.00,23.20
TLM_RCV,-77,FG-ALPHA,20240415_083908,AUTO,0,31.23,5.00,-85,98.18,8.29,3.29,5.02,924,446,0,301,22.39,1013.10,11.90,404.70,12.75,48.55,1080,25.80,21.50,22.70,21.30,23.10,25.90,22.50,23.20,25.50,23.30,25.50,22.00,23.60,22.50,20.80,22.80,24.20,23.10,24.40,24.30,25.70,23.30,21.00,21.20,22.40,21.10,21.10,21.10,22.20,21.20,21.10,24.80,24.10,24.20,22.40,20.40,22.40,22.50,23.30,23.70,22.30,22.60,24.40,24.50,21.70,25.40,21.70,20.10,20.60,23.70,23.60,22.50,22.50,22.40,20.60,22.10,24.40,20.10,23.10,25.10,22.30,21.30,21.40,20.40
TLM_RCV,-62,FG-ALPHA,20240415_083909,AUTO,0,32.12,5.00,-85,98.24,8.29,3.31,5.02,974,424,0,272,22.75,1012.80,12.00,406.20,12.75,48.55,1080,23.20,24.20,20.80,22.90,20.00,25.50,22.10,23.10,21.00,22.80,21.20,22.50,22.20,24.60,22.20,23.70,22.30,24.70,24.20,21.20,21.80,20.00,24.10,20.90,22.90,24.90,21.60,25.00,21.70,23.90,25.40,24.60,24.90,22.30,20.50,23.40,23.60,22.80,21.70,22.40,22.00,24.20,22.20,23.70,24.30,25.00,20.40,24.70,21.50,23.60,22.70,24.70,25.60,24.50,21.60,24.30,23.70,23.80,22.10,23.60,25.60,25.00,22.10,22.70
TLM_RCV,-64,FG-ALPHA,20240415_083910,AUTO,0,32.27,5.00,-85,98.28,8.29,3.29,5.02,899,454,0,312,22.23,1013.20,11.90,405.00,12.75,48.55,1080,23.10,24.20,24.90,21.50,22.50,22.50,22.10,21.30,24.60,23.30,25.50,22.30,23.50,23.50,22.00,21.90,22.70,23.70,23.50,21.00,25.80,24.60,23.80,20.70,21.10,20.40,24.20,22.00,22.60,21.10,23.50,21.80,24.40,20.40,20.70,22.40,21.90,25.00,20.10,20.00,23.60,22.70,23.20,23.40,22.00,20.20,25.70,24.70,23.40,22.50,23.30,22.40,23.50,24.00,25.80,23.60,23.80,22.40,22.60,23.60,22.60,23.00,25.10,21.70
TLM_RCV,-50,FG-ALPHA,20240415_083911,AUTO,0,31.28,5.00,-85,98.23,8.29,3.30,5.02,0,456,0,311,22.28,1013.50,11.90,405.60,12.75,48.55,1080,22.10,25.60,25.20,24.00,20.40,21.20,22.80,25.80,25.60,23.90,21.70,22.30,25.40,25.50,22.10,22.80,23.40,23.10,24.90,20.40,22.60,20.60,22.70,21.40,20.80,24.00,24.50,23.40,20.20,21.20,21.00,22.50,22.60,23.20,20.00,25.20,23.40,23.60,23.80,25.30,25.40,25.60,21.50,21.20,25.80,22.40,20.30,24.60,21.90,22.90,24.60,23.80,25.40,20.90,24.30,22.00,24.90,20.30,21.90,20.10,22.90,21.10,23.00,20.60
TLM_RCV,-48,FG-ALPHA,20240415_083912,AUTO,0,31.40,5.00,-85,98.19,8.28,3.29,5.02,0,479,0,326,22.40,1012.70,11.80,405.50,12.75,48.55,1080,22.60,22.60,23.50,23.90,25.60,24.00,21.20,20.80,22.30,22.20,21.30,24.70,23.60,21.40,20.80,24.80,20.20,22.30,25.70,20.80,21.00,20.50,25.70,22.90,25.80,24.90,25.10,25.10,25.00,25.70,23.30,24.70,22.40,22.60,20.70,24.30,20.00,20.00,20.10,24.00,23.30,22.90,23.80,20.40,24.50,24.90,24.60,21.30,25.20,24.80,20.20,21.40,21.80,20.90,21.20,20.40,22.50,23.10,23.40,21.70,20.60,23.00,22.30,23.00
TLM_RCV,-90,FG-ALPHA,20240415_083913,AUTO,0,32.22,5.00,-85,98.26,8.29,3.29,5.02,1162,443,0,299,23.59,1013.60,12.10,405.80,12.75,48.55,1080,20.50,23.60,24.10,22.10,24.70,23.90,20.90,20.70,20.40,20.90,21.60,21.10,20.20,24.30,22.80,23.70,24.60,21.30,22.60,21.80,25.80,21.40,22.70,24.00,21.40,21.70,24.40,24.40,22.80,20.80,20.00,20.00,22.60,24.20,22.60,22.40,20.80,23.00,25.90,22.10,21.30,23.30,24.00,22.80,24.10,20.30,25.50,23.70,20.60,25.20,21.50,20.70,25.80,25.70,21.40,23.60,25.80,23.20,20.40,21.60,20.80,24.80,20.60,25.10
TLM_RCV,-67,FG-ALPHA,20240415_083914,AUTO,0,33.43,5.00,-85,98.31,8.29,3.29,5.02,957,486,0,344,22.35,1013.50,11.80,405.40,12.75,48.55,1080,24.10,20.60,22.40,21.60,24.50,25.40,24.10,24.90,23.10,25.40,22.30,20.30,21.30,20.40,23.80,23.10,24.90,24.60,24.40,25.30,20.30,22.20,24.20,21.60,22.90,24.30,22.50,21.30,22.10,24.30,23.90,21.40,21.20,24.10,20.00,25.50,21.80,21.10,20.50,21.10,24.70,22.90,20.90,21.00,24.80,20.90,22.90,20.20,22.10,24.10,22.90,22.10,25.00,20.10,23.40,22.00,25.40,24.80,22.50,25.00,21.50,24.10,20.00,23.20
TLM_RCV,-79,FG-ALPHA,20240415_083915,AUTO,0,33.51,5.00,-85,98.36,8.29,3.31,5.02,1011,503,0,349,22.54,1012.70,11.80,406.40,12.76,48.55,1080,22.10,23.60,21.40,22.20,22.90,22.60,20.20,25.40,23.10,24.40,23.20,24.20,21.70,20.00,23.70,25.00,21.20,21.90,24.20,21.70,23.50,21.80,25.20,23.00,24.10,20.00,21.50,23.40,25.20,25.20,20.70,21.80,21.70,23.60,24.10,22.40,24.60,20.50,23.30,22.60,25.20,25.90,20.60,22.90,22.80,24.90,25.40,21.60,21.00,21.50,25.00,24.00,25.40,20.10,23.10,24.60,24.50,21.30,21.70,25.80,20.10,22.20,21.20,20.90
TLM_RCV,-83,FG-ALPHA,20240415_083916,AUTO,0,33.39,5.00,-85,98.42,8.29,3.31,5.02,1072,478,0,331,22.97,1012.90,12.10,406.30,12.76,48.55,1080,25.80,25.80,21.10,24.00,21.20,23.10,22.30,24.20,21.30,24.80,25.40,24.50,20.30,24.00,25.10,20.00,24.60,23.80,25.10,22.30,23.20,24.60,20.40,23.40,23.70,22.30,22.30,24.80,23.30,21.10,20.30,22.40,22.20,22.30,20.00,20.70,22.20,25.10,21.20,22.90,23.40,22.40,20.40,21.00,25.20,23.20,22.80,25.80,24.30,21.60,24.00,22.10,20.90,25.80,21.50,21.30,21.50,21.20,23.80,21.70,24.80,20.10,20.50,20.10
TLM_RCV,-75,FG-ALPHA,20240415_083917,AUTO,0,33.15,5.00,-85,98.46,8.30,3.30,5.02,895,431,0,274,22.32,1013.10,11.90,404.50,12.76,48.55,1080,25.00,20.60,22.50,21.00,21.50,22.50,23.40,23.20,22.70,23.00,24.20,25.40,21.40,24.30,24.20,21.50,24.10,22.70,22.50,25.10,24.60,25.90,24.50,20.10,21.00,21.50,21.40,21.50,21.40,20.00,20.40,24.80,25.20,25.10,21.40,20.60,21.40,24.30,24.10,23.90,23.60,23.40,24.50,22.10,20.20,25.40,20.50,25.90,24.60,25.20,25.00,24.30,21.60,22.50,24.90,20.20,22.60,22.90,21.20,21.50,24.50,20.80,22.10,24.30
TLM_RCV,-75,FG-ALPHA,20240415_083918,AUTO,0,31.09,5.00,-85,98.42,8.30,3.28,5.02,0,418,0,278,22.09,1012.70,12.10,405.50,12.76,48.55,1080,22.10,20.60,24.10,24.20,24.60,23.90,20.30,24.50,20.30,24.30,20.20,22.20,22.70,20.70,20.20,20.00,23.50,20.90,25.00,22.90,23.40,21.50,24.10,25.30,24.40,20.50,21.00,24.90,23.50,21.40,25.80,24.70,24.00,21.60,22.30,21.20,24.50,24.40,20.70,21.80,24.30,24.40,23.10,20.50,23.50,20.10,22.20,22.90,21.60,22.40,22.00,22.70,22.50,25.90,25.00,22.90,24.30,20.30,24.20,25.80,22.60,25.80,23.60,21.30
TLM_RCV,-48,FG-ALPHA,20240415_083919,AUTO,0,33.35,5.00,-85,98.48,8.29,3.31,5.02,1058,471,0,321,22.93,1013.50,11.80,404.70,12.76,48.55,1080,25.70,24.20,20.40,20.90,20.80,23.80,22.10,23.80,23.00,23.10,20.10,21.70,22.00,20.40,23.90,25.30,23.90,22.20,25.80,24.10,23.50,23.70,23.60,25.40,21.70,25.80,23.90,25.90,22.40,22.80,21.80,25.60,23.80,22.40,25.50,22.80,25.20,25.60,24.90,22.80,22.30,24.50,25.70,22.80,24.70,24.20,22.30,25.70,22.20,22.90,20.90,20.90,25.00,24.40,25.50,22.80,22.50,25.70,25.40,21.90,20.80,20.10,23.40,20.00
TLM_RCV,-57,FG-ALPHA,20240415_083920,AUTO,0,33.10,5.00,-85,98.55,8.30,3.31,5.02,1112,421,0,278,23.45,1013.00,11.90,405.20,12.76,48.55,1080,20.00,20.00,21.80,21.90,21.60,24.40,20.90,22.00,22.90,22.80,25.90,24.00,23.90,24.20,23.50,22.00,24.10,21.60,21.60,21.00,25.20,20.80,25.80,23.00,24.20,22.10,24.30,25.80,23.80,24.20,23.40,22.60,25.30,21.90,20.20,25.30,25.00,20.50,20.10,23.20,22.70,21.20,23.60,23.90,25.50,22.90,24.70,23.80,21.00,24.90,20.70,24.40,24.20,21.20,22.60,25.90,22.60,25.50,23.80,23.90,22.50,25.80,22.00,24.10
TLM_RCV,-55,FG-ALPHA,20240415_083921,AUTO,0,32.99,5.00,-85,98.61,8.31,3.31,5.02,982,399,0,254,22.92,1013.40,11.90,405.70,12.76,48.55,1080,21.00,25.90,20.70,20.40,23.70,20.00,22.90,24.60,22.20,25.90,22.80,25.10,25.90,20.90,24.90,24.70,20.50,21.80,23.40,23.70,21.60,23.90,21.00,25.20,23.80,22.50,21.40,25.20,23.70,22.20,24.20,20.20,21.70,25.50,25.00,24.80,22.50,23.20,23.70,25.80,21.00,24.90,21.90,20.20,23.20,23.30,20.00,25.80,23.20,25.50,22.80,21.60,21.80,20.30,25.30,20.40,21.20,20.70,25.70,25.20,20.80,23.70,20.70,23.20
TLM_RCV,-57,FG-ALPHA,20240415_083922,AUTO,0,31.00,5.00,-85,98.68,8.31,3.30,5.02,1158,400,0,254,23.79,1013.40,11.90,405.90,12.76,48.55,1080,20.30,25.50,23.20,22.60,24.30,23.60,20.80,25.80,20.70,21.10,20.00,21.20,25.00,25.70,24.40,23.90,20.70,20.10,24.20,25.20,21.90,21.20,25.50,20.10,22.80,23.00,22.90,24.50,20.50,21.40,21.10,25.80,20.70,23.90,22.60,24.70,24.50,24.30,21.00,23.30,23.70,23.20,23.90,22.30,25.90,22.50,25.30,21.70,21.20,20.20,25.90,20.20,21.70,21.90,21.40,23.30,25.10,23.50,20.90,25.80,23.60,23.30,23.60,23.80
TLM_RCV,-66,FG-ALPHA,20240415_083923,AUTO,0,31.16,5.00,-85,98.72,8.30,3.29,5.02,834,431,0,279,22.01,1013.30,12.00,405.50,12.76,48.55,1080,25.90,23.70,21.30,23.80,24.30,25.10,21.30,22.20,24.00,22.60,21.00,20.80,25.20,24.70,20.00,25.00,22.90,22.50,21.80,20.20,22.20,24.00,20.90,23.10,22.30,22.50,25.40,22.90,22.00,25.50,23.30,22.60,25.10,25.90,25.60,20.70,24.60,25.60,25.20,22.90,21.50,20.80,21.50,21.20,20.10,22.50,25.60,23.80,20.20,20.70,22.50,23.20,24.90,25.70,84.10,23.50,20.40,22.90,20.50,21.10,22.30,21.40,25.40,21.80
TLM_RCV,-74,FG-ALPHA,20240415_083924,AUTO,0,32.39,5.00,-85,98.79,8.30,3.31,5.02,1151,478,0,319,23.36,1013.10,12.10,404.50,12.76,48.55,1080,22.30,20.70,21.90,24.60,23.60,25.40,24.50,25.30,20.70,23.70,22.30,22.20,24.40,24.80,24.60,22.60,24.40,21.20,24.80,25.20,20.90,20.10,23.10,24.20,23.70,21.80,22.60,22.10,21.00,24.30,22.70,24.60,24.60,23.40,23.00,22.90,23.90,23.80,21.70,23.40,25.80,25.20,21.10,24.50,25.60,25.10,23.20,23.40,21.90,20.10,70.70,22.60,24.50,21.00,21.40,22.00,20.30,24.00,25.80,20.30,22.10,22.80,20.00,23.80
TLM_RCV,-93,FG-ALPHA,20240415_083925,AUTO,0,32.31,5.00,-85,98.74,8.30,3.30,5.02,0,463,0,316,22.32,1012.90,12.10,405.50,12.77,48.55,1080,24.30,25.30,23.10,25.00,25.00,25.40,21.40,22.50,25.70,22.30,24.90,20.80,24.30,24.50,23.10,22.70,23.30,23.90,21.50,20.80,20.50,20.00,25.20,25.00,20.00,23.60,22.30,24.50,21.80,23.00,24.40,21.10,22.10,22.00,21.40,23.00,24.60,20.80,20.30,20.60,21.80,21.60,25.20,20.20,20.00,23.00,22.90,23.00,23.90,24.40,20.00,25.80,24.90,21.00,23.80,22.90,24.20,24.50,22.30,22.60,22.90,20.40,25.40,23.40
TLM_RCV,-84,FG-ALPHA,20240415_083926,AUTO,0,33.46,5.00,-85,98.78,8.30,3.29,5.02,853,492,0,344,21.81,1012.70,12.00,405.30,12.77,48.55,1080,25.20,20.00,21.60,22.30,23.30,25.90,24.60,23.80,21.00,24.70,25.20,25.10,23.00,21.80,21.70,23.10,24.60,24.40,25.70,23.60,24.70,24.50,25.80,22.10,21.60,24.40,25.10,20.40,24.10,23.60,23.90,20.90,21.30,22.00,23.00,24.10,22.00,20.10,24.70,20.80,24.30,22.60,21.10,24.70,25.70,22.50,25.40,23.90,22.40,25.40,23.40,25.60,24.50,20.70,23.00,24.90,20.30,22.10,21.70,20.20,21.30,21.80,20.50,23.20
TLM_RCV,-87,FG-ALPHA,20240415_083927,AUTO,0,31.47,5.00,-85,98.73,8.30,3.29,5.02,0,493,0,338,22.47,1012.80,12.00,406.10,12.77,48.55,1080,23.20,22.70,22.60,24.30,20.50,24.00,22.40,21.10,23.70,20.90,22.40,21.20,20.20,25.70,20.20,25.90,25.00,25.60,24.80,25.40,22.60,24.10,20.30,23.40,22.50,22.20,21.30,24.60,24.60,24.80,22.80,21.50,24.90,25.20,20.40,22.40,22.80,22.10,21.90,21.70,24.20,24.20,25.90,24.10,22.60,21.40,25.60,20.90,20.90,24.80,23.20,25.90,23.00,21.80,23.00,25.50,23.50,21.70,25.90,22.00,20.90,22.10,23.80,24.90
TLM_RCV,-89,FG-ALPHA,20240415_083928,AUTO,0,31.12,5.00,-85,98.78,8.31,3.28,5.02,913,424,0,271,22.44,1012.90,11.80,406.00,12.77,48.55,1080,23.80,21.50,22.80,21.70,25.40,25.70,22.00,22.20,20.30,22.50,24.90,21.50,25.40,25.50,22.10,25.30,20.40,25.30,21.20,20.20,23.30,23.20,22.10,20.50,20.10,25.50,24.00,25.00,23.00,23.00,21.60,21.10,24.50,24.30,25.30,25.90,21.70,21.20,25.30,22.70,23.90,23.50,23.90,20.00,25.60,25.40,20.80,20.50,23.50,22.10,21.80,23.50,21.50,20.10,21.70,25.50,21.40,23.00,25.40,20.80,20.90,22.90,24.50,21.60
TLM_RCV,-58,FG-ALPHA,20240415_083929,AUTO,0,32.24,5.00,-85,98.82,8.30,3.28,5.02,817,447,0,295,21.85,1013.40,11.90,405.70,12.77,48.55,1080,25.40,25.60,20.80,23.00,20.50,21.90,23.20,21.40,24.60,24.00,25.60,21.00,22.80,25.50,20.00,25.50,21.00,23.60,23.30,22.40,21.50,23.80,24.40,20.00,23.80,20.40,22.80,20.70,21.30,23.70,20.10,23.60,24.80,86.60,20.30,25.50,23.70,24.40,24.70,23.00,20.10,23.60,22.20,23.30,25.80,23.50,23.00,20.20,25.20,23.60,22.30,25.20,24.70,20.80,20.20,24.10,23.70,23.30,23.70,25.30,25.50,24.50,22.10,22.80
TLM_RCV,-62,FG-ALPHA,20240415_083930,AUTO,0,32.00,5.00,-85,98.88,8.31,3.31,5.02,1035,400,0,256,23.17,1013.30,11.80,405.80,12.77,48.55,1080,25.40,23.80,20.30,20.90,25.10,25.60,20.50,20.20,20.00,20.70,23.90,23.90,22.10,21.20,25.80,22.20,25.50,22.70,22.90,22.40,20.50,23.80,21.80,22.30,24.80,21.50,20.70,23.20,22.60,22.50,25.50,20.10,22.40,23.10,24.80,22.60,25.60,21.20,25.00,22.70,20.30,24.40,21.00,21.50,20.10,22.60,22.30,20.30,25.40,25.20,22.40,23.80,21.30,24.90,24.00,23.60,24.20,22.70,21.40,20.10,24.90,21.80,21.20,21.00
TLM_RCV,-46,FG-ALPHA,20240415_083931,AUTO,0,31.03,5.00,-85,98.92,8.31,3.30,5.02,836,406,0,261,22.15,1012.70,11.80,405.80,12.77,48.55,1080,21.90,20.00,25.90,24.60,22.50,20.20,25.40,20.80,20.30,21.50,21.60,21.10,22.30,25.40,23.40,21.70,23.50,22.30,21.40,23.20,23.60,21.60,24.40,21.00,25.80,22.30,24.80,21.70,23.30,24.80,23.60,24.60,22.90,20.50,24.30,20.80,23.20,25.60,20.30,25.50,24.70,25.20,23.80,20.10,24.40,21.90,25.70,20.40,20.10,21.60,25.00,24.10,24.60,24.80,21.00,23.90,25.60,22.10,23.90,23.20,22.20,20.20,21.60,21.70
TLM_RCV,-95,FG-ALPHA,20240415_083953,AUTO,0,33.29,5.00,-85,100.00,8.33,3.31,5.02,820,458,0,305,21.81,1013.40,12.00,405.80,12.79,48.55,1080,21.00,22.80,20.00,23.50,22.30,23.20,23.80,23.60,25.30,23.90,25.20,22.50,21.70,25.60,23.50,20.30,20.50,23.70,20.40,20.60,24.50,22.60,20.70,20.00,24.30,23.20,20.80,20.60,20.70,22.20,22.20,20.80,23.00,21.70,21.50,23.20,20.50,21.80,25.00,20.00,21.10,21.20,21.30,23.30,22.60,23.30,25.10,24.90,23.20,25.10,24.00,25.70,23.10,21.60,20.10,22.30,20.80,24.50,20.70,24.40,21.50,24.20,21.70,22.40
TLM_RCV,-50,FG-ALPHA,20240415_083954,AUTO,0,31.47,5.00,-85,100.00,8.33,3.31,5.02,1101,493,0,344,23.04,1013.00,12.10,405.40,12.79,48.55,1080,20.30,20.30,24.20,23.50,22.10,23.80,22.60,22.20,23.90,24.90,20.80,20.40,22.10,22.40,24.30,23.80,25.90,22.60,24.00,24.00,24.10,25.50,23.30,20.90,25.70,20.10,22.30,21.70,24.90,22.60,25.70,21.20,21.90,25.20,20.80,23.20,20.50,21.30,21.90,24.40,22.80,22.40,25.70,23.20,25.70,21.40,21.50,23.70,22.80,24.00,21.20,20.80,22.30,24.40,24.40,25.50,21.30,23.40,25.80,22.00,24.80,22.00,25.20,20.80
TLM_RCV,-48,FG-ALPHA,20240415_083955,AUTO,0,32.38,5.00,-85,99.95,8.33,3.28,5.02,0,475,0,327,22.37,1013.20,11.80,404.70,12.80,48.55,1080,22.10,23.50,25.60,21.40,23.50,21.60,25.70,24.10,25.50,24.40,21.40,25.90,20.00,24.60,20.20,21.20,21.60,25.50,21.20,23.20,21.60,25.60,25.60,25.40,21.80,23.10,20.50,24.70,24.10,23.00,21.80,22.50,25.80,21.10,22.60,25.00,25.40,22.50,21.40,24.20,24.70,21.40,20.70,22.20,25.00,24.30,25.40,20.90,22.90,21.60,24.30,20.60,22.10,21.00,20.80,22.80,20.50,20.90,24.00,21.00,21.70,24.70,21.10,22.90
TLM_RCV,-62,FG-ALPHA,20240415_083956,AUTO,0,32.19,5.00,-85,100.00,8.33,3.30,5.02,957,437,0,283,22.60,1012.80,12.00,405.10,12.80,48.55,1080,25.50,25.60,25.80,25.90,21.50,25.60,21.50,23.30,22.00,22.60,22.60,24.70,20.50,23.60,20.40,21.00,72.10,25.70,23.30,25.60,24.80,21.30,23.30,22.40,23.90,23.00,21.10,24.50,25.50,23.90,22.30,22.80,20.00,21.50,23.90,22.40,21.00,22.70,20.10,22.50,22.80,25.60,22.10,24.60,20.00,20.40,23.20,24.10,24.70,22.40,21.00,20.00,21.50,22.90,20.20,23.90,20.40,20.60,21.50,21.90,20.80,25.70,24.90,21.20
TLM_RCV,-83,FG-ALPHA,20240415_083957,AUTO,0,33.38,5.00,-85,100.00,8.33,3.29,5.02,1035,475,0,319,22.80,1013.00,11.90,405.10,12.80,48.55,1080,21.00,24.30,21.70,24.90,23.20,23.70,25.90,24.40,21.70,23.30,24.80,23.50,20.20,24.30,21.30,20.40,24.50,21.30,22.40,23.60,21.20,25.60,20.70,21.30,21.40,22.50,25.60,24.40,24.40,20.80,25.00,22.60,24.50,25.10,21.40,22.10,23.20,20.90,21.60,20.70,22.90,22.60,20.30,23.60,24.00,21.50,22.60,21.40,22.80,20.90,25.80,21.60,25.60,22.40,20.10,22.90,22.30,23.40,24.00,85.10,24.00,21.80,22.40,22.40
TLM_RCV,-82,FG-ALPHA,20240415_083958,AUTO,0,33.45,5.00,-85,100.00,8.33,3.30,5.02,989,490,0,338,22.50,1013.30,12.00,405.10,12.80,48.55,1080,22.90,22.20,23.80,25.40,20.80,24.10,25.30,23.80,23.10,24.70,23.50,25.70,20.20,21.10,20.10,24.40,23.50,25.80,23.50,20.40,23.80,20.40,24.70,21.10,24.20,22.90,22.00,25.90,25.80,21.10,22.90,20.70,22.50,25.20,24.20,22.80,25.20,25.00,23.80,24.80,23.40,23.60,22.00,20.00,23.70,21.50,24.20,24.90,23.50,22.10,21.50,20.10,25.30,21.80,25.10,23.50,21.60,20.60,23.90,22.10,22.30,21.00,24.60,23.10
TLM_RCV,-75,FG-ALPHA,20240415_083959,AUTO,0,31.09,5.00,-85,99.96,8.34,3.28,5.02,0,418,0,267,22.09,1013.30,12.00,406.00,12.80,48.55,1080,23.70,21.20,24.10,22.10,23.20,22.60,24.30,22.40,25.50,22.40,23.80,20.80,22.30,20.90,23.60,22.00,25.70,25.60,22.90,22.00,21.00,21.10,24.90,20.60,21.70,21.10,21.40,24.00,21.30,21.70,25.40,24.00,22.20,24.40,21.30,24.50,23.80,20.50,20.70,20.90,25.80,21.10,22.10,20.40,25.80,21.40,22.00,23.90,24.70,20.50,25.10,21.10,20.50,22.50,22.40,25.00,25.20,25.10,21.50,21.40,22.40,23.50,22.60,23.30
TLM_RCV,-58,FG-ALPHA,20240415_084000,AUTO,0,32.06,5.00,-85,100.00,8.34,3.31,5.02,1040,412,0,262,23.14,1012.90,11.80,405.80,12.80,48.55,1080,25.20,21.20,24.30,25.00,20.30,23.10,25.00,20.10,25.20,23.50,22.10,20.30,22.70,21.00,23.00,22.20,23.20,21.70,22.30,25.10,21.30,25.60,23.50,21.70,24.90,24.00,21.30,25.80,24.60,23.30,25.10,25.30,21.10,23.10,21.80,20.30,21.60,22.00,21.90,20.90,25.80,24.40,22.00,24.90,21.70,24.00,23.50,25.40,21.80,25.70,24.40,23.50,22.30,25.30,21.30,23.30,24.10,22.70,22.70,24.60,23.40,20.60,24.10,22.60
TLM_RCV,-49,FG-ALPHA,20240415_084001,AUTO,0,32.09,5.00,-85,100.00,8.34,3.28,5.02,1044,418,0,262,23.13,1013.20,11.90,406.30,12.80,48.55,1080,24.10,23.80,21.20,20.70,22.30,22.90,24.10,22.30,24.40,25.90,25.90,24.50,22.70,24.30,22.00,25.10,21.30,24.90,21.60,22.30,25.80,21.70,25.80,22.30,22.80,21.00,21.70,23.80,21.10,21.40,23.30,24.60,22.70,20.80,24.90,21.20,24.50,20.10,24.90,25.50,25.80,25.80,20.70,22.10,22.40,24.90,23.50,22.80,21.00,22.90,25.70,21.00,21.70,22.00,24.00,23.80,24.00,23.50,20.50,25.20,20.20,21.80,25.60,22.50
TLM_RCV,-71,FG-ALPHA,20240415_084002,AUTO,0,33.08,5.00,-85,100.00,8.34,3.29,5.02,1037,415,0,267,23.11,1013.60,12.00,404.50,12.80,48.55,1080,23.40,24.20,20.30,22.90,20.10,21.30,21.10,25.60,20.90,23.40,24.80,24.10,23.10,20.20,23.00,23.80,22.20,20.50,21.30,22.50,23.80,21.70,25.10,20.80,23.20,25.10,24.10,21.40,24.20,20.50,21.30,24.80,20.40,24.80,20.30,25.20,22.50,22.30,22.00,21.30,25.20,23.00,20.50,20.20,22.90,24.50,21.00,22.40,20.80,22.70,22.00,21.10,24.80,23.20,24.00,20.40,24.40,20.50,23.60,21.20,22.00,25.50,24.30,22.60
TLM_RCV,-47,FG-ALPHA,20240415_084003,AUTO,0,33.42,5.00,-85,100.00,8.33,3.30,5.02,844,484,0,330,21.80,1013.30,12.10,406.10,12.80,48.55,1080,21.00,24.10,25.80,22.80,25.30,25.40,21.40,23.20,25.10,22.80,20.20,25.70,24.50,21.60,25.80,23.00,22.90,21.30,22.80,21.10,25.20,20.10,22.10,24.60,23.50,25.00,23.20,20.50,20.90,22.20,20.70,22.60,23.60,24.50,21.70,25.10,23.50,21.10,25.20,23.80,21.70,23.30,22.20,21.80,20.50,23.20,22.40,21.90,22.00,22.80,20.60,25.90,21.80,25.30,22.10,21.60,22.00,20.50,24.40,24.90,22.30,23.20,23.90,24.00
TLM_RCV,-77,FG-ALPHA,20240415_084004,AUTO,0,30.97,5.00,-85,100.00,8.34,3.28,5.02,805,394,0,253,22.06,1013.00,11.90,405.10,12.80,48.55,1080,24.00,20.40,25.80,24.00,22.70,25.10,22.80,21.60,25.30,22.50,22.90,22.10,24.50,22.20,25.70,20.90,20.90,25.30,20.10,24.50,20.80,22.40,24.00,20.00,22.00,23.30,20.70,22.80,20.50,25.10,24.90,20.40,24.90,21.70,25.30,20.80,21.90,23.40,21.10,25.70,22.70,20.40,21.30,20.50,22.10,21.10,20.80,25.80,23.60,20.90,23.20,25.70,23.70,23.50,24.10,24.70,22.20,22.00,24.00,22.20,25.00,24.70,25.20,24.00
TLM_RCV,-59,FG-ALPHA,20240415_084005,AUTO,0,32.38,5.00,-85,100.00,8.33,3.30,5.02,926,477,0,321,22.25,1012.80,11.80,405.50,12.81,48.55,1080,23.20,22.30,21.50,25.50,24.30,22.50,20.30,24.60,21.20,20.30,24.10,22.20,23.20,20.90,21.70,20.20,23.70,24.80,24.70,23.30,25.80,24.20,25.50,24.80,21.20,22.50,23.80,20.10,22.20,25.40,23.00,24.10,21.30,23.20,24.20,24.00,20.90,20.00,21.90,21.90,24.40,20.40,23.00,23.00,24.40,23.30,25.70,25.10,22.90,25.70,20.50,23.60,24.90,21.60,22.00,24.30,25.10,21.30,24.10,23.90,24.10,21.60,21.10,21.20
TLM_RCV,-92,FG-ALPHA,20240415_084006,AUTO,0,31.42,5.00,-85,100.00,8.33,3.29,5.02,902,483,0,335,22.09,1013.30,12.10,405.80,12.81,48.55,1080,22.90,23.40,25.70,25.00,20.50,21.30,21.00,24.50,25.30,25.20,24.90,20.90,24.20,25.70,20.70,21.70,21.70,23.30,21.50,22.20,24.10,22.20,22.50,22.60,24.40,21.00,21.50,20.20,25.70,23.30,23.30,22.40,22.60,21.50,24.40,21.10,20.50,21.10,24.10,23.30,22.20,23.60,22.00,24.60,22.00,21.30,21.80,22.80,24.80,23.60,21.10,25.60,22.60,22.80,23.30,25.10,74.50,21.10,21.40,23.50,21.90,20.30,20.50,25.00
TLM_RCV,-93,FG-ALPHA,20240415_084007,AUTO,0,33.03,5.00,-85,100.00,8.34,3.28,5.02,831,406,0,261,22.12,1013.60,12.10,404.90,12.81,48.55,1080,21.60,22.40,20.30,22.00,21.50,20.10,22.00,22.30,20.50,25.80,24.80,25.30,20.60,25.80,20.80,25.20,20.40,20.50,20.90,20.90,22.30,25.50,24.60,21.90,20.20,24.70,25.90,25.50,24.00,20.40,21.90,20.00,21.40,24.70,25.20,20.80,20.80,23.20,25.40,24.20,24.90,22.30,23.40,21.20,25.80,24.70,20.70,23.70,25.90,25.80,20.40,21.20,25.20,20.60,25.70,25.90,20.20,23.80,24.30,22.80,20.60,22.40,24.80,22.00
TLM_RCV,-54,FG-ALPHA,20240415_084008,AUTO,0,31.31,5.00,-85,100.00,8.33,3.30,5.02,1119,461,0,313,23.29,1012.90,11.80,404.60,12.81,48.55,1080,21.10,22.90,24.70,24.70,21.30,21.10,23.20,23.40,24.10,24.10,24.20,22.30,24.60,23.50,25.20,24.70,24.30,24.20,21.30,21.60,22.70,22.60,24.40,21.60,20.60,25.50,20.80,24.60,25.00,24.40,23.30,20.80,24.10,25.80,20.00,21.20,24.40,23.50,25.10,23.70,24.30,23.50,25.90,24.00,20.00,20.50,23.00,25.30,20.40,23.00,23.90,20.20,22.00,20.20,21.30,25.40,22.10,22.30,21.50,21.20,21.60,22.80,21.50,25.50
TLM_RCV,-94,FG-ALPHA,20240415_084009,AUTO,0,32.37,5.00,-85,99.95,8.33,3.28,5.02,0,473,0,316,22.36,1013.20,11.90,406.00,12.81,48.55,1080,21.00,22.20,25.50,20.60,24.50,22.90,20.20,25.30,21.80,21.10,20.60,23.60,25.90,22.70,24.50,21.20,22.90,23.60,20.40,20.90,24.60,21.60,24.90,24.90,24.50,24.20,25.40,23.30,22.50,24.10,23.90,21.00,21.30,24.50,20.50,23.80,24.90,25.00,23.80,25.00,24.10,20.50,20.60,25.40,22.70,23.10,21.00,23.20,24.40,25.60,21.00,24.10,25.30,22.70,24.00,25.50,21.50,20.80,24.30,21.60,22.20,25.50,23.20,22.10
TLM_RCV,-40,FG-ALPHA,20240415_084010,AUTO,0,32.37,5.00,-85,99.99,8.33,3.31,5.02,805,473,0,323,21.66,1013.30,12.00,405.70,12.81,48.55,1080,25.40,20.30,24.30,22.70,20.20,23.10,23.00,24.30,22.80,21.30,20.30,22.00,25.00,22.80,25.20,21.70,22.80,25.00,21.90,23.60,23.70,23.20,25.40,21.60,24.20,25.70,22.20,22.20,20.50,20.20,21.60,22.00,24.00,21.90,25.60,20.80,25.20,20.70,20.50,20.10,23.30,20.20,23.70,25.70,22.60,25.80,25.70,23.90,24.80,23.90,22.70,21.60,23.00,25.30,25.60,22.50,22.10,20.30,21.70,23.40,25.10,20.80,25.70,20.60
TLM_RCV,-77,FG-ALPHA,20240415_084011,AUTO,0,31.08,5.00,-85,100.00,8.34,3.29,5.02,1012,417,0,272,22.98,1013.60,11.80,405.50,12.81,48.55,1080,20.60,23.80,25.30,23.50,24.20,20.80,22.70,25.50,25.60,21.30,21.80,20.90,22.20,24.50,24.90,24.40,20.20,21.50,23.40,25.00,23.90,23.00,23.30,22.40,22.80,20.50,24.60,21.40,23.10,23.60,22.60,24.50,24.70,24.20,21.80,25.90,21.70,21.10,21.40,20.10,20.10,22.00,24.30,22.30,21.10,24.30,25.60,24.90,21.10,25.60,21.60,25.70,25.00,20.30,22.70,21.50,22.40,22.70,25.90,22.60,21.30,22.10,22.20,20.40
TLM_RCV,-60,FG-ALPHA,20240415_084012,AUTO,0,32.07,5.00,-85,100.00,8.34,3.29,5.02,1193,414,0,257,23.90,1013.30,12.00,405.90,12.81,48.55,1080,24.30,21.10,21.00,23.30,20.60,20.90,24.10,25.90,23.90,21.30,24.50,24.40,25.50,24.40,25.70,24.80,22.10,22.30,23.10,23.80,25.50,25.20,25.60,25.10,21.50,22.20,20.20,22.10,21.70,25.00,24.20,24.80,24.00,25.10,23.00,24.20,24.30,24.20,23.20,21.10,21.00,24.50,22.40,23.10,21.10,23.50,22.60,25.20,25.80,24.20,20.90,23.80,21.30,20.00,20.40,25.70,23.70,23.80,23.00,25.60,25.00,20.00,23.70,20.50
TLM_RCV,-79,FG-ALPHA,20240415_084013,AUTO,0,31.35,5.00,-85,100.00,8.33,3.30,5.02,922,470,0,320,22.26,1013.40,11.80,405.10,12.81,48.55,1080,22.40,20.40,21.10,22.40,25.00,20.80,25.90,21.60,24.30,25.20,21.20,21.20,25.70,25.50,23.90,23.40,22.30,23.20,20.30,21.00,21.30,20.20,21.60,24.10,20.50,20.20,20.80,24.00,22.50,22.30,21.70,24.90,20.70,25.40,22.80,22.60,25.50,21.80,22.20,23.00,25.70,25.30,25.60,24.20,21.30,24.30,21.80,24.00,21.00,24.70,24.90,24.70,25.50,24.10,22.80,25.70,23.90,21.50,23.90,22.30,21.60,20.50,21.00,24.00
TLM_RCV,-58,FG-ALPHA,20240415_084014,AUTO,0,32.97,5.00,-85,99.96,8.34,3.28,5.02,0,394,0,251,21.97,1012.70,11.90,406.10,12.81,48.55,1080,23.80,25.20,21.50,24.20,22.50,24.10,21.90,22.70,24.40,24.10,20.10,25.40,20.60,22.20,21.90,21.10,20.80,22.10,21.90,25.10,23.90,21.00,22.50,20.00,25.20,20.20,23.10,23.40,24.50,21.70,24.00,22.00,22.20,21.70,20.80,22.40,20.10,22.10,21.80,23.70,25.00,24.80,21.50,22.60,23.50,22.30,21.60,23.40,24.00,21.90,21.20,20.50,23.40,25.00,25.20,25.40,25.40,20.70,25.40,24.30,24.70,79.70,23.70,21.80
TLM_RCV,-86,FG-ALPHA,20240415_084015,AUTO,0,33.39,5.00,-85,100.00,8.33,3.29,5.02,1139,478,0,333,23.31,1013.60,11.80,405.40,12.82,48.55,1080,22.10,20.50,23.70,24.20,20.60,21.70,24.10,20.50,20.00,22.40,22.70,20.40,25.20,25.60,20.40,23.70,25.30,21.40,25.90,24.80,23.30,22.50,21.10,21.60,21.60,25.60,23.10,20.00,20.70,20.00,25.00,22.10,25.70,25.70,25.40,22.00,22.90,20.60,23.20,25.20,21.30,23.20,22.20,24.20,20.60,20.50,20.10,22.40,22.90,25.70,25.40,24.70,24.90,24.70,25.60,25.60,21.80,25.40,24.20,21.60,22.60,23.10,24.10,22.30
TLM_RCV,-76,FG-ALPHA,20240415_084016,AUTO,0,31.07,5.00,-85,100.00,8.34,3.29,5.02,1024,413,0,255,23.06,1012.90,11.90,404.60,12.82,48.55,1080,23.60,20.00,23.60,20.50,22.40,25.60,20.00,23.90,25.10,24.10,24.00,20.40,24.50,20.60,22.80,25.20,24.30,21.40,25.70,23.30,22.60,25.50,20.30,20.00,25.80,23.20,25.80,20.00,21.50,24.20,25.50,25.50,22.00,24.70,20.60,24.20,20.80,20.00,22.90,21.60,21.00,24.10,24.20,24.10,24.90,21.00,20.10,25.60,22.20,20.40,20.20,24.20,22.00,25.80,25.50,24.80,24.60,21.50,25.90,20.40,23.30,24.10,22.40,25.50
TLM_RCV,-52,FG-ALPHA,20240415_084017,AUTO,0,33.42,5.00,-85,100.00,8.33,3.31,5.02,961,484,0,342,22.39,1013.30,11.90,406.00,12.82,48.55,1080,23.00,20.30,25.60,24.60,24.90,24.60,22.80,25.60,20.70,23.20,25.80,20.70,23.40,24.00,20.60,21.60,22.40,20.00,21.10,22.30,21.80,25.90,24.00,22.70,23.80,25.90,21.80,23.10,21.90,23.30,25.60,20.30,21.90,25.70,20.00,20.90,25.90,25.50,25.00,20.00,21.80,22.60,21.20,20.80,20.20,20.80,21.80,22.10,25.30,23.90,23.60,23.70,24.10,25.50,25.90,21.00,24.60,22.90,25.70,25.20,25.40,25.00,24.70,24.70
TLM_RCV,-68,FG-ALPHA,20240415_084018,AUTO,0,33.28,5.00,-85,100.00,8.33,3.31,5.02,927,457,0,307,22.35,1013.50,12.00,405.00,12.82,48.55,1080,23.40,20.50,21.60,24.10,22.90,21.70,25.90,22.60,24.00,21.80,21.90,24.00,22.90,25.00,24.20,21.10,20.90,22.20,24.80,23.90,21.00,23.80,25.70,25.60,20.00,23.90,22.20,23.30,21.50,20.30,24.70,23.80,21.50,21.70,23.60,21.60,21.50,24.50,21.50,25.50,23.60,23.20,21.40,25.00,21.20,22.20,24.90,24.00,23.60,20.10,24.90,22.40,21.10,24.50,23.90,21.60,24.50,24.70,25.70,25.00,24.80,23.10,20.70,20.80
TLM_RCV,-50,FG-ALPHA,20240415_084019,AUTO,0,33.04,5.00,-85,100.00,8.34,3.30,5.02,873,408,0,250,22.33,1012.90,11.90,404.70,12.82,48.55,1080,25.10,25.10,21.90,21.10,22.60,25.50,22.00,21.90,23.90,21.60,22.40,22.30,20.00,21.70,25.00,22.00,25.40,22.30,20.80,25.90,24.00,25.00,22.20,21.30,24.40,21.60,25.10,25.30,24.30,25.50,20.90,23.30,24.40,21.00,24.10,25.00,22.60,23.30,25.90,20.30,24.00,23.10,23.70,25.20,25.70,20.50,25.30,20.50,22.90,22.80,23.00,24.40,22.50,25.90,20.70,20.20,22.50,25.00,21.90,23.90,20.70,21.20,20.50,22.90
