PACKET_TYPE,GS_RSSI,SAT_ID,TIMESTAMP,FDIR_MODE,PAYLOAD_STATE,OBC_T,PAYLOAD_T,SAT_RX_RSSI,SOC,V_BAT,V_3V3,V_5V,I_IN,I_OUT,I_PAY,I_COMMS,EPS_T,PRESSURE,HUMIDITY,GPS_ALT,OBC_SD_PCT,PAYLOAD_SD_PCT,RESOLUTION,THERMAL_DATA_64...
TLM_RCV,-61,FG-ALPHA,20240415_083341,AUTO,0,33.24,7.50,-85,85.68,7.99,3.29,5.02,0,448,0,305,22.24,1013.40,12.00,406.20,12.42,46.15,1080,24.70,25.70,24.20,23.80,22.00,21.30,25.50,20.70,24.70,23.20,23.30,25.00,25.10,20.70,20.10,22.70,21.30,21.20,20.50,25.40,23.10,21.40,20.20,24.80,21.40,24.80,25.10,24.30,22.20,25.20,24.30,24.40,22.60,24.20,22.40,20.20,22.10,20.00,25.60,22.40,24.40,22.80,21.90,20.80,22.40,21.80,22.40,21.10,25.20,25.10,22.30,20.30,22.50,21.10,23.60,25.80,24.00,24.20,21.60,20.00,21.60,24.30,23.20,23.00
TLM_RCV,-45,FG-ALPHA,20240415_083342,AUTO,0,31.42,5.50,-85,85.72,7.98,3.28,5.02,927,483,0,328,22.22,1012.90,12.10,406.20,12.42,46.15,1080,22.20,22.30,22.40,25.10,25.20,22.00,24.50,22.50,21.90,24.10,23.30,24.50,24.00,22.60,21.90,21.20,21.70,21.40,22.30,21.20,22.60,21.70,20.90,22.40,21.20,23.10,21.80,24.10,24.60,22.40,20.00,24.60,23.60,21.40,25.40,25.00,20.50,20.80,25.20,25.50,20.00,25.70,25.20,22.20,20.50,22.40,23.90,20.80,24.20,23.00,25.60,21.70,24.00,20.30,23.00,22.80,23.40,20.70,25.00,20.00,20.40,25.90,21.30,23.00
TLM_RCV,-76,FG-ALPHA,20240415_083343,AUTO,0,31.27,5.00,-85,85.77,7.99,3.28,5.02,970,455,0,298,22.58,1013.10,11.90,406.20,12.42,46.15,1080,21.90,25.50,20.80,21.30,23.80,25.10,23.20,20.70,23.00,24.90,20.20,23.00,78.00,20.90,24.60,25.30,24.70,23.50,21.70,23.80,20.70,25.90,21.60,21.80,20.20,22.80,22.90,22.00,24.50,21.20,25.70,21.80,24.40,20.40,24.80,23.40,25.40,20.20,22.70,23.70,25.00,20.90,20.40,23.40,24.50,22.90,23.50,20.70,24.10,23.30,21.80,23.20,23.60,21.70,24.50,25.00,23.80,23.90,23.80,22.00,21.10,24.30,24.50,20.20
TLM_RCV,-77,FG-ALPHA,20240415_083344,AUTO,0,31.50,5.00,-85,85.72,7.98,3.28,5.02,0,499,0,343,22.50,1013.10,12.00,405.20,12.42,46.15,1080,23.20,20.80,21.60,25.80,21.80,23.70,20.70,22.80,22.30,23.70,24.00,20.80,20.30,24.90,21.70,21.30,21.50,21.80,22.00,23.40,23.40,25.40,23.30,21.60,22.60,23.40,23.00,23.00,21.70,24.50,22.00,25.70,25.10,25.70,24.60,20.00,24.80,22.40,23.60,20.20,21.20,20.00,21.30,22.20,20.70,21.80,21.80,22.70,25.40,22.40,25.10,25.20,22.30,23.60,24.40,24.80,22.00,24.10,20.40,25.00,25.90,22.20,20.60,24.80
TLM_RCV,-42,FG-ALPHA,20240415_083345,AUTO,0,33.10,5.00,-85,85.68,7.99,3.30,5.02,0,419,0,266,22.09,1013.60,12.10,406.20,12.43,46.15,1080,25.70,22.80,21.20,22.50,24.50,23.20,25.90,20.40,24.30,21.30,21.80,24.10,24.60,21.20,24.60,20.70,23.60,20.60,22.90,22.20,22.30,23.30,25.80,24.00,24.10,24.60,24.40,24.10,24.10,20.40,20.90,24.90,21.40,25.80,25.20,24.30,25.30,21.50,22.10,20.00,22.20,23.00,20.30,22.30,24.10,25.90,25.80,20.30,25.80,21.90,20.00,22.70,20.00,24.80,25.30,25.50,22.50,21.30,24.60,25.30,23.40,24.90,25.00,22.70
TLM_RCV,-70,FG-ALPHA,20240415_083346,AUTO,0,31.39,5.00,-85,85.63,7.98,3.29,5.02,0,478,0,336,22.39,1012.70,11.90,406.10,12.43,46.15,1080,24.90,25.40,21.30,23.70,25.00,24.30,22.70,20.80,22.40,23.10,20.90,23.10,23.10,25.80,23.30,22.00,22.80,20.90,21.20,20.10,24.00,22.60,24.40,21.00,25.30,22.20,22.40,23.60,22.10,25.50,20.10,22.50,25.30,22.30,23.10,20.80,22.00,20.70,22.20,23.50,22.80,23.60,20.50,21.30,23.90,25.90,23.10,21.50,20.90,25.20,25.10,20.10,25.40,20.30,21.80,25.20,25.90,24.50,22.70,21.50,22.70,20.60,21.90,24.50
TLM_RCV,-90,FG-ALPHA,20240415_083347,AUTO,0,32.03,5.00,-85,85.71,8.00,3.30,5.02,1124,406,0,253,23.59,1013.00,11.90,404.50,12.43,46.15,1080,22.30,21.40,22.40,23.20,20.30,25.50,25.70,20.60,25.20,24.60,20.10,21.90,23.50,24.80,20.10,22.30,22.30,22.60,23.60,25.10,22.40,25.20,22.00,22.40,23.40,25.50,23.80,24.70,20.60,25.50,20.30,21.00,23.30,20.10,20.30,21.20,25.80,25.70,23.20,24.40,24.20,22.30,20.40,21.50,24.50,21.90,25.70,20.40,21.30,24.60,24.80,25.30,21.70,22.50,23.80,23.00,22.00,24.20,22.80,20.10,22.20,25.70,21.40,20.90
TLM_RCV,-81,FG-ALPHA,20240415_083348,AUTO,0,31.40,5.00,-85,85.74,7.99,3.31,5.02,805,479,0,320,21.63,1013.00,12.00,406.30,12.43,46.15,1080,21.60,23.60,24.10,25.90,23.60,22.60,21.50,21.30,25.60,20.40,20.00,21.40,20.40,20.70,20.30,21.80,23.30,20.40,21.80,20.00,23.50,21.40,24.50,20.60,23.60,25.60,21.40,23.90,25.40,24.70,24.80,21.50,20.20,20.30,25.10,21.00,25.90,25.90,23.60,23.60,25.70,20.70,21.40,25.10,21.70,24.70,25.50,20.60,21.20,25.50,25.80,23.40,22.50,24.20,23.30,24.30,21.00,24.50,21.20,23.70,25.50,22.30,20.70,23.10
TLM_RCV,-69,FG-ALPHA,20240415_083349,AUTO,0,32.19,5.00,-85,85.69,7.99,3.28,5.02,0,437,0,295,22.18,1013.00,12.00,406.40,12.43,46.15,1080,20.50,23.30,24.00,23.90,23.00,21.20,22.90,20.50,25.00,25.30,22.00,25.20,23.40,21.30,24.30,25.60,25.20,24.40,25.20,25.30,22.70,25.60,22.70,25.40,24.50,23.70,22.70,25.00,21.90,22.10,25.60,21.40,25.00,25.00,22.40,21.60,23.30,23.30,25.10,25.80,24.30,23.10,23.00,25.00,22.20,22.70,20.20,22.00,23.80,24.40,21.10,25.60,21.20,25.30,21.90,20.90,24.80,21.00,20.70,20.90,25.50,21.70,21.10,22.40
TLM_RCV,-92,FG-ALPHA,20240415_083350,AUTO,0,33.10,5.00,-85,85.76,8.00,3.30,5.02,1107,419,0,275,23.44,1012.80,11.90,405.00,12.43,46.15,1080,20.70,24.00,20.60,23.00,20.60,23.70,20.90,21.40,20.10,25.10,21.60,24.20,21.20,24.50,21.60,21.80,25.10,22.50,24.20,23.30,22.40,22.00,21.50,20.00,20.60,23.50,24.90,24.70,20.50,22.20,23.20,20.50,22.40,22.80,21.80,20.00,21.50,25.80,24.70,22.30,20.30,23.10,24.50,20.20,20.90,23.30,25.00,24.50,24.00,20.90,21.60,21.40,20.10,21.60,25.20,23.10,20.10,24.00,24.80,20.70,23.20,22.00,24.30,23.80
TLM_RCV,-86,FG-ALPHA,20240415_083351,AUTO,0,33.05,5.00,-85,85.83,8.00,3.31,5.02,1053,410,0,269,23.22,1013.00,12.10,405.80,12.43,46.15,1080,24.70,23.90,25.00,20.20,23.10,24.00,22.40,20.70,25.70,25.70,24.80,20.00,24.10,22.40,21.20,23.30,20.30,22.20,22.70,25.90,84.40,25.10,20.30,23.30,20.30,23.60,20.10,24.80,23.20,22.50,21.60,21.50,20.70,20.90,20.10,21.40,22.30,23.70,20.90,23.60,21.50,21.60,20.60,25.50,22.80,20.40,24.50,25.80,20.90,21.50,25.60,25.40,21.10,24.20,25.50,24.00,24.40,21.80,20.00,25.90,22.10,23.60,24.30,25.50
TLM_RCV,-62,FG-ALPHA,20240415_083352,AUTO,0,32.42,5.00,-85,85.88,7.99,3.31,5.02,1020,485,0,335,22.67,1013.50,12.10,406.10,12.43,46.15,1080,20.70,21.90,21.60,25.20,25.00,24.50,23.90,22.20,22.90,23.10,23.30,22.80,21.50,23.90,22.90,25.90,23.00,25.70,24.30,24.40,23.10,25.50,20.40,24.80,25.70,25.30,23.50,24.30,25.20,21.00,25.90,20.90,23.90,20.70,22.10,23.60,25.40,23.70,24.70,22.50,23.60,24.50,24.00,21.80,21.70,20.40,22.00,23.90,23.30,23.80,21.30,25.40,22.70,20.30,23.90,20.30,24.80,23.80,23.40,24.60,21.50,23.20,25.70,21.90
TLM_RCV,-46,FG-ALPHA,20240415_083353,AUTO,0,33.47,5.00,-85,85.92,7.99,3.31,5.02,936,495,0,338,22.20,1012.80,12.10,406.30,12.43,46.15,1080,20.10,23.40,21.50,25.20,20.10,22.10,23.80,25.50,25.10,24.60,22.80,21.90,22.40,21.60,24.80,23.70,20.80,25.20,24.10,24.20,25.20,25.70,25.70,24.40,24.90,20.10,24.50,22.40,21.30,20.00,22.20,22.50,25.40,22.30,21.70,23.10,24.80,25.50,20.10,22.80,20.90,23.20,22.50,21.10,24.70,24.80,21.90,21.80,24.60,20.70,21.80,24.50,23.30,23.70,24.20,25.70,22.90,25.00,20.20,24.30,25.40,24.50,22.90,21.50
TLM_RCV,-83,FG-ALPHA,20240415_083354,AUTO,0,33.24,5.00,-85,85.99,8.00,3.30,5.02,1067,447,0,292,23.10,1013.60,12.00,405.30,12.43,46.15,1080,24.80,21.50,22.60,22.30,22.50,20.50,25.90,22.30,24.30,22.40,23.20,24.50,21.20,24.70,25.50,25.70,22.20,20.60,21.30,23.90,20.80,21.60,21.60,23.80,25.50,25.80,24.60,20.40,76.60,23.70,25.50,24.80,22.00,24.00,24.90,24.70,22.50,23.30,21.90,20.60,22.20,20.10,23.90,20.20,22.50,25.80,24.70,24.70,21.20,20.00,25.30,23.20,22.20,20.20,22.00,25.00,22.50,20.60,20.20,23.70,21.90,23.90,22.20,24.60
TLM_RCV,-47,FG-ALPHA,20240415_083355,AUTO,0,33.22,5.00,-85,86.04,8.00,3.28,5.02,958,444,0,289,22.57,1012.70,12.00,405.20,12.44,46.15,1080,25.40,21.70,22.30,23.00,24.40,22.60,21.50,24.80,21.10,22.60,22.20,24.00,20.00,20.70,24.40,22.90,23.20,20.70,23.90,21.90,25.50,21.70,21.20,22.50,20.70,25.20,24.30,23.80,24.30,22.40,23.90,23.80,22.10,25.90,23.60,24.50,23.60,23.00,23.30,22.10,20.30,24.60,23.30,24.90,25.90,23.70,23.30,24.30,20.80,23.00,21.40,24.50,20.60,20.90,21.10,21.10,23.70,22.10,21.80,24.90,25.40,23.10,20.90,25.50
TLM_RCV,-49,FG-ALPHA,20240415_083356,AUTO,0,33.15,5.00,-85,86.09,8.00,3.31,5.02,978,430,0,278,22.74,1013.50,11.80,406.10,12.44,46.15,1080,24.40,21.30,23.30,23.10,24.00,23.60,23.70,23.20,20.50,20.40,24.80,25.20,23.00,21.90,25.10,23.00,23.10,24.90,21.00,23.10,23.80,24.40,24.60,24.00,24.00,21.80,20.10,23.40,22.00,23.70,23.10,78.80,23.60,22.20,23.90,25.90,20.00,24.60,24.70,22.60,23.00,23.90,22.40,24.90,24.50,25.30,22.90,22.10,23.20,22.80,24.20,25.20,23.30,24.60,23.80,22.00,22.40,22.20,25.00,23.30,20.50,20.50,21.70,20.00
TLM_RCV,-76,FG-ALPHA,20240415_083357,AUTO,0,31.15,5.00,-85,86.16,8.00,3.29,5.02,1062,430,0,273,23.16,1013.50,11.80,405.00,12.44,46.15,1080,23.20,22.20,20.80,20.60,20.40,20.10,25.20,22.90,25.00,22.10,22.60,24.80,22.00,25.40,24.70,25.90,23.30,22.70,23.00,21.40,24.50,24.40,22.30,23.30,25.70,24.00,23.00,24.50,25.50,24.20,24.10,23.10,20.90,20.20,22.20,23.90,20.00,21.30,25.70,25.80,21.50,21.70,24.30,24.60,23.00,21.20,22.30,23.30,21.50,22.00,24.90,25.80,21.90,23.00,20.10,24.30,22.20,25.60,24.90,24.70,20.50,21.10,25.60,20.60
TLM_RCV,-71,FG-ALPHA,20240415_083358,AUTO,0,33.36,5.00,-85,86.22,8.00,3.28,5.02,1103,472,0,326,23.16,1012.70,12.10,405.90,12.44,46.15,1080,21.40,23.30,21.70,22.80,24.70,24.50,23.90,23.10,25.40,24.70,22.90,22.50,22.00,23.30,25.30,21.90,24.00,22.90,24.20,24.00,25.70,24.40,21.30,20.80,22.00,20.20,25.80,24.00,21.80,20.30,20.80,21.40,24.60,25.30,21.30,22.60,22.70,22.90,23.80,22.90,23.20,20.50,21.90,21.40,23.10,25.90,24.70,24.10,22.50,22.00,25.90,24.20,24.40,22.40,23.80,21.00,24.90,24.20,25.90,24.00,25.20,25.10,23.90,22.30
TLM_RCV,-49,FG-ALPHA,20240415_083359,AUTO,0,31.08,5.00,-85,86.29,8.01,3.28,5.02,1081,417,0,260,23.32,1012.90,12.00,405.10,12.44,46.15,1080,24.20,23.20,24.40,25.40,24.70,21.50,20.40,24.10,22.50,24.20,20.10,20.50,21.20,24.60,25.20,23.80,20.40,23.20,21.40,21.40,25.20,22.00,24.60,21.80,20.50,24.40,21.50,25.90,22.10,20.00,22.80,22.80,20.80,20.40,25.50,25.10,22.10,24.40,25.30,21.60,23.80,25.40,21.30,20.40,21.00,20.90,24.10,20.70,20.00,24.00,23.40,23.60,24.60,22.20,21.00,21.80,22.20,22.90,24.10,22.00,24.50,25.90,22.60,21.70
TLM_RCV,-65,FG-ALPHA,20240415_083400,AUTO,0,33.38,5.00,-85,86.24,8.00,3.28,5.02,0,475,0,324,22.37,1013.00,11.80,405.40,12.44,46.15,1080,22.50,25.10,24.20,22.10,24.30,22.20,21.50,24.50,21.50,25.00,21.10,20.60,20.60,22.70,22.20,23.40,22.30,21.70,21.20,25.00,20.80,24.10,25.00,23.70,20.00,23.20,20.80,25.30,20.80,24.00,22.80,23.70,22.90,25.90,20.30,24.40,25.80,24.30,20.30,23.20,24.00,25.70,22.70,23.00,25.40,25.80,24.90,24.30,25.10,25.40,21.80,25.30,22.20,24.00,21.00,22.20,20.90,23.60,25.10,24.10,25.60,23.90,21.30,24.30
TLM_RCV,-45,FG-ALPHA,20240415_083401,AUTO,0,31.06,5.00,-85,86.29,8.01,3.31,5.02,909,411,0,270,22.49,1013.00,11.90,405.20,12.44,46.15,1080,23.70,24.30,22.80,22.10,20.50,25.80,21.50,24.00,21.60,20.10,23.00,22.60,21.10,22.10,21.60,23.60,20.80,21.50,20.60,23.90,22.70,22.60,23.30,24.20,24.80,23.80,23.10,25.10,20.20,23.30,23.80,25.00,20.70,24.20,24.90,24.20,20.20,23.00,25.80,23.20,22.20,20.50,23.60,20.00,22.10,25.70,22.60,23.30,22.00,20.50,22.50,23.50,21.80,21.20,22.60,22.10,23.90,21.00,23.30,23.60,22.50,25.20,23.00,22.40
TLM_RCV,-85,FG-ALPHA,20240415_083402,AUTO,0,31.18,5.00,-85,86.33,8.01,3.28,5.02,892,437,0,289,22.27,1013.20,12.00,405.50,12.44,46.15,1080,21.60,21.30,22.00,25.10,21.00,21.50,20.10,25.50,20.10,21.50,22.60,25.90,20.50,25.00,21.60,20.00,23.50,21.70,21.60,25.00,20.30,24.10,22.30,20.30,20.90,20.30,20.60,23.70,20.00,23.80,23.00,23.80,25.50,24.60,23.00,24.40,88.30,23.10,21.30,22.70,23.50,20.60,22.30,22.40,21.90,21.30,22.50,22.30,25.50,22.30,25.50,23.30,23.00,21.50,24.00,20.00,20.80,25.30,25.00,21.50,24.60,21.30,24.70,23.50
TLM_RCV,-62,FG-ALPHA,20240415_083403,AUTO,0,33.42,5.00,-85,86.40,8.00,3.28,5.02,1141,483,0,335,23.29,1013.30,11.90,404.70,12.44,46.15,1080,22.40,21.20,23.90,22.40,24.20,20.30,20.10,22.30,23.30,24.80,23.70,23.20,21.60,21.00,21.00,24.70,20.10,22.40,23.10,22.10,22.60,20.10,23.40,25.80,20.10,25.40,23.50,24.10,23.80,20.90,23.80,23.80,22.10,21.60,20.30,24.60,22.60,23.90,25.90,20.20,20.60,25.50,24.50,24.10,25.30,21.00,23.90,21.00,23.20,25.30,24.00,21.90,23.70,20.80,21.60,20.60,23.10,23.70,20.20,24.80,20.10,24.90,25.60,20.60
TLM_RCV,-80,FG-ALPHA,20240415_083404,AUTO,0,31.39,5.00,-85,86.46,8.00,3.28,5.02,1079,477,0,336,23.01,1013.30,11.90,406.30,12.44,46.15,1080,22.70,22.30,22.20,25.90,24.60,20.90,23.20,25.70,20.00,24.50,24.30,25.60,25.10,24.70,22.60,20.70,23.00,23.80,25.60,21.10,25.60,22.70,23.70,20.80,21.00,20.30,24.60,22.90,21.30,88.20,22.90,23.70,21.30,20.20,23.80,23.10,23.00,25.40,21.30,21.70,23.70,20.60,23.00,25.20,24.20,23.30,24.00,25.60,21.60,25.40,22.20,23.60,23.20,20.10,20.20,20.80,21.80,20.00,21.30,23.50,20.10,23.90,24.50,20.80
TLM_RCV,-55,FG-ALPHA,20240415_083405,AUTO,0,31.07,5.00,-85,86.52,8.01,3.28,5.02,1016,413,0,256,23.01,1013.30,11.80,405.80,12.45,46.15,1080,22.10,20.20,22.60,23.90,25.60,25.50,25.10,21.60,23.30,20.50,23.80,25.60,21.70,25.50,25.70,20.50,20.40,23.30,21.00,24.40,22.80,20.80,25.40,22.30,21.10,22.30,24.00,20.70,25.70,21.60,23.80,20.70,20.70,21.20,25.00,25.40,22.70,24.10,22.30,24.40,20.50,25.20,23.80,23.10,25.70,23.10,22.20,23.80,23.40,22.10,20.30,22.90,22.30,24.50,22.60,21.80,22.30,24.70,22.40,22.70,25.00,23.60,23.80,23.80
TLM_RCV,-84,FG-ALPHA,20240415_083406,AUTO,0,31.25,5.00,-85,86.59,8.01,3.31,5.02,1174,451,0,303,23.61,1012.80,12.00,405.40,12.45,46.15,1080,24.60,23.30,23.10,21.20,23.20,22.50,22.90,20.90,25.40,25.80,23.50,22.30,20.20,23.40,23.90,25.00,24.60,24.10,20.40,21.50,25.10,23.60,25.10,24.00,25.50,22.80,23.00,20.20,24.70,24.40,22.10,20.20,25.30,25.90,25.40,24.00,23.20,20.30,25.70,20.40,21.50,21.90,20.60,25.60,20.60,20.80,22.20,24.30,22.70,23.70,24.10,23.80,23.10,24.10,22.50,21.40,20.60,24.40,24.30,23.50,24.20,20.30,24.40,24.40
TLM_RCV,-87,FG-ALPHA,20240415_083407,AUTO,0,33.51,5.00,-85,86.64,8.00,3.29,5.02,1019,503,0,349,22.58,1012.90,12.00,404.70,12.45,46.15,1080,23.30,23.30,22.90,25.70,22.20,20.20,21.60,24.60,20.70,24.40,20.30,21.60,21.60,23.60,23.60,20.00,20.10,24.70,21.20,22.30,22.80,23.10,22.60,21.10,24.10,25.80,25.00,22.00,21.20,25.10,20.20,23.80,24.80,24.50,25.80,24.30,24.00,25.80,24.90,23.80,21.20,24.00,21.00,25.50,22.40,25.60,24.00,22.00,23.10,23.90,23.50,20.40,22.20,22.90,21.10,20.30,25.60,25.00,20.30,22.70,23.10,25.00,22.70,21.00
TLM_RCV,-83,FG-ALPHA,20240415_083408,AUTO,0,32.21,5.00,-85,86.60,8.01,3.31,5.02,0,441,0,282,22.20,1012.80,11.90,404.60,12.45,46.15,1080,21.70,20.70,22.50,20.10,22.90,23.00,20.30,25.30,21.50,22.70,20.30,22.20,24.40,23.20,24.20,23.40,22.80,20.60,25.90,20.70,22.40,21.00,21.30,23.90,22.80,23.30,22.10,23.50,24.50,25.20,22.90,25.10,20.90,21.40,21.20,20.10,22.70,25.10,23.50,25.00,22.60,22.30,20.20,21.30,21.10,22.90,20.30,23.10,25.90,23.20,20.90,25.40,22.80,25.10,23.90,25.10,24.40,23.70,21.90,24.20,21.70,22.80,23.60,20.30
TLM_RCV,-84,FG-ALPHA,20240415_083409,AUTO,0,31.11,5.00,-85,86.67,8.02,3.31,5.02,1115,423,0,281,23.46,1013.20,11.80,405.20,12.45,46.15,1080,24.10,21.40,23.00,24.50,24.50,25.00,21.00,22.00,24.20,22.60,25.70,25.40,25.40,23.80,21.30,21.10,24.80,25.20,21.30,21.40,22.50,25.80,23.20,21.60,22.10,21.10,23.20,22.20,24.90,22.60,22.30,22.40,20.40,21.80,25.40,23.90,21.70,25.10,24.10,22.50,21.80,25.10,20.80,24.70,21.90,22.50,24.50,21.20,23.00,25.40,21.90,20.80,25.40,24.00,20.60,22.10,24.50,20.60,21.20,23.50,21.70,20.80,23.60,20.50
TLM_RCV,-92,FG-ALPHA,20240415_083410,AUTO,0,33.43,5.00,-85,86.72,8.01,3.29,5.02,1025,486,0,343,22.69,1013.30,12.00,405.00,12.45,46.15,1080,23.10,23.80,25.40,22.40,23.80,24.60,21.60,20.50,25.10,20.90,21.50,20.60,22.50,23.70,24.00,24.50,24.90,24.40,24.80,25.30,24.60,21.10,20.00,23.80,22.60,20.50,24.20,23.50,25.20,22.40,23.30,21.80,21.70,22.80,25.00,22.60,23.40,21.60,22.90,22.90,25.30,21.60,25.60,20.80,23.10,24.20,25.30,20.10,24.40,23.10,25.80,21.90,20.60,21.40,23.90,25.10,22.90,20.10,20.00,23.50,20.00,24.20,21.70,23.40
TLM_RCV,-89,FG-ALPHA,20240415_083411,AUTO,0,31.41,5.00,-85,86.77,8.01,3.28,5.02,974,481,0,334,22.47,1013.40,11.80,405.50,12.45,46.15,1080,22.60,25.80,21.30,21.30,24.50,22.00,22.40,25.30,20.90,20.40,23.40,22.50,24.00,24.60,24.30,20.20,25.00,23.20,22.50,25.60,20.00,24.60,22.20,25.70,24.50,23.50,25.80,25.50,20.70,23.50,21.90,25.50,21.60,25.50,20.50,24.10,22.40,20.40,24.90,20.80,22.90,21.00,23.80,21.20,24.80,20.90,24.90,23.20,22.20,24.40,24.60,21.90,20.80,25.60,25.30,23.70,25.80,20.20,21.40,22.10,24.80,24.60,22.40,25.00
TLM_RCV,-82,FG-ALPHA,20240415_083412,AUTO,0,33.32,5.00,-85,86.83,8.01,3.28,5.02,1087,464,0,315,23.11,1013.20,11.90,404.80,12.45,46.15,1080,23.90,22.60,20.60,22.40,82.90,20.90,21.90,25.40,23.10,24.50,23.90,20.20,25.30,21.50,20.50,23.10,22.70,20.20,20.00,24.20,25.20,20.80,25.20,25.70,20.30,25.20,23.30,23.20,20.70,22.20,20.30,24.20,25.80,25.30,25.90,21.30,23.50,24.10,22.10,23.10,23.40,20.90,25.20,22.50,22.70,23.60,21.90,23.00,24.50,25.30,20.20,20.60,21.00,21.70,24.10,21.00,24.00,24.50,21.60,21.30,24.20,22.90,21.40,23.60
TLM_RCV,-57,FG-ALPHA,20240415_083413,AUTO,0,31.16,5.00,-85,86.89,8.02,3.29,5.02,1014,432,0,291,22.91,1013.40,12.10,406.20,12.45,46.15,1080,25.60,23.00,24.20,20.80,23.80,21.80,21.20,22.00,23.60,22.30,21.70,20.30,25.80,24.40,23.70,20.30,21.00,21.30,23.10,20.90,24.60,24.00,20.00,20.60,23.40,24.60,21.70,23.10,24.40,20.30,25.30,22.60,21.60,22.10,20.10,22.60,23.20,23.00,22.30,24.70,21.00,23.90,25.60,23.40,24.70,20.80,21.80,24.20,20.00,25.20,25.60,20.60,24.80,20.60,23.60,24.60,22.80,21.90,22.90,20.70,25.00,24.40,24.50,24.20
TLM_RCV,-75,FG-ALPHA,20240415_083414,AUTO,0,31.15,5.00,-85,86.95,8.02,3.29,5.02,1004,430,0,286,22.87,1013.00,12.00,405.50,12.45,46.15,1080,24.10,23.30,20.70,22.50,20.70,24.80,22.00,22.70,20.20,21.20,23.70,23.90,20.90,23.20,23.40,24.70,20.70,21.30,24.10,24.10,25.50,23.90,25.60,25.20,22.30,20.00,25.50,23.80,21.30,23.50,24.40,23.50,23.10,23.60,23.60,25.10,22.30,25.80,25.70,21.40,23.50,24.20,24.60,25.40,25.40,21.20,20.40,22.50,22.20,22.50,23.40,21.10,22.20,21.30,25.50,25.40,24.40,20.30,25.20,23.80,20.90,23.00,22.00,20.80
TLM_RCV,-47,FG-ALPHA,20240415_083415,AUTO,0,31.20,5.00,-85,87.02,8.02,3.30,5.02,1167,440,0,291,23.64,1013.50,12.10,405.90,12.46,46.15,1080,25.30,23.90,24.40,20.60,20.80,23.40,23.30,23.70,22.00,25.80,24.30,23.40,21.40,24.00,22.00,24.20,24.90,25.00,21.00,20.30,22.10,24.30,20.90,25.20,25.90,20.80,20.70,24.70,25.00,23.60,21.30,24.20,20.30,21.30,20.80,20.50,22.70,23.60,24.20,24.30,20.50,24.30,24.20,24.60,24.30,23.20,23.40,25.10,23.90,25.70,23.70,22.20,23.50,21.90,23.10,25.70,24.10,20.60,21.60,22.20,20.60,24.80,24.30,22.00
TLM_RCV,-89,FG-ALPHA,20240415_083416,AUTO,0,32.35,5.00,-85,87.08,8.02,3.31,5.02,1010,469,0,320,22.70,1012.80,11.90,405.10,12.46,46.15,1080,24.00,20.40,24.60,21.90,25.90,25.70,22.80,23.20,24.80,25.30,23.80,21.80,24.70,24.30,23.30,20.40,20.20,23.30,22.50,23.70,23.30,23.10,20.60,20.30,25.60,25.60,24.30,22.10,23.20,24.00,20.50,21.80,22.60,24.30,21.10,23.10,22.70,21.50,20.20,20.90,23.20,25.40,24.50,20.70,24.30,24.20,24.20,23.50,23.70,23.50,25.30,22.30,25.90,20.00,25.00,22.50,20.70,24.20,22.30,25.10,21.50,21.10,25.70,21.40
TLM_RCV,-45,FG-ALPHA,20240415_083417,AUTO,0,33.34,5.00,-85,87.13,8.02,3.31,5.02,1029,468,0,312,22.81,1013.20,12.10,405.70,12.46,46.15,1080,23.40,20.20,23.30,22.30,24.90,24.00,22.40,25.50,22.40,21.20,23.20,22.00,83.40,23.70,22.00,23.30,20.60,24.20,24.00,20.10,20.80,20.90,23.40,21.30,24.00,20.70,24.40,20.70,21.10,20.60,23.20,24.10,24.10,23.10,25.60,21.30,22.60,22.60,24.10,24.30,23.30,23.40,23.70,21.20,24.20,24.80,20.00,22.70,24.70,21.30,24.40,24.70,23.60,22.90,22.50,25.10,25.10,22.00,22.90,23.50,24.90,21.60,25.30,24.40
TLM_RCV,-78,FG-ALPHA,20240415_083418,AUTO,0,32.38,5.00,-85,87.09,8.02,3.28,5.02,0,476,0,333,22.38,1012.80,11.90,406.10,12.46,46.15,1080,20.60,20.50,21.90,24.50,21.00,20.40,23.90,24.70,22.40,25.50,25.40,23.30,20.80,20.00,21.20,23.20,23.10,22.10,21.60,21.40,25.30,24.10,23.60,20.30,22.30,21.90,20.80,22.10,24.30,21.50,22.20,21.00,20.70,23.50,23.60,20.90,22.00,24.70,25.10,20.20,25.20,24.50,23.40,23.80,24.70,22.80,21.70,23.70,21.90,22.30,22.90,21.40,25.00,20.90,23.40,23.30,23.80,20.20,20.80,21.60,24.40,22.80,24.40,20.70
TLM_RCV,-56,FG-ALPHA,20240415_083419,AUTO,0,31.15,5.00,-85,87.13,8.03,3.29,5.02,914,429,0,283,22.42,1013.10,11.90,405.40,12.46,46.15,1080,21.20,24.20,20.10,25.10,21.40,25.60,22.60,25.10,23.20,23.50,20.90,25.60,24.80,21.50,22.50,20.90,20.80,20.00,23.50,25.90,23.90,22.00,24.40,21.40,23.30,23.20,20.70,20.70,25.50,25.30,22.60,23.20,20.30,23.30,21.00,21.20,24.50,20.90,24.50,23.20,21.80,24.20,25.30,21.30,20.30,24.20,85.70,24.30,23.80,23.90,22.80,20.00,24.90,21.60,21.10,24.90,24.20,24.90,22.10,24.50,21.10,25.70,22.90,20.20
TLM_RCV,-71,FG-ALPHA,20240415_083420,AUTO,0,33.29,5.00,-85,87.18,8.02,3.29,5.02,963,458,0,303,22.52,1013.60,12.00,405.40,12.46,46.15,1080,23.90,22.80,22.10,21.30,23.10,23.70,23.40,24.60,25.40,20.00,23.90,20.20,20.80,22.20,24.50,21.70,23.00,22.10,24.90,25.30,25.40,22.90,24.60,23.50,23.80,25.60,21.10,21.90,20.30,22.40,24.40,22.90,20.20,24.00,20.10,23.20,22.20,22.20,20.10,24.60,23.50,24.60,21.30,23.50,23.70,25.70,24.90,20.50,25.40,23.80,22.20,21.40,24.50,21.60,23.60,23.00,23.80,22.50,20.40,25.20,24.40,21.80,23.70,20.30
TLM_RCV,-63,FG-ALPHA,20240415_083421,AUTO,0,31.27,5.00,-85,87.25,8.03,3.30,5.02,1153,454,0,310,23.50,1013.40,11.90,406.10,12.46,46.15,1080,23.70,22.50,24.40,24.50,20.70,20.00,24.70,25.30,23.70,24.60,20.10,25.00,25.60,23.90,22.70,25.00,20.20,24.30,22.10,24.00,25.90,23.80,20.90,22.40,22.10,22.40,25.50,23.10,20.50,23.70,25.60,20.30,24.10,20.90,23.00,20.30,20.90,22.50,24.00,23.60,22.40,20.30,21.50,21.40,24.30,20.00,23.80,21.00,22.10,23.00,22.20,24.60,21.50,21.70,23.00,22.60,23.50,24.00,20.40,22.30,21.40,23.90,24.10,20.40
TLM_RCV,-42,FG-ALPHA,20240415_083443,AUTO,1,34.71,9.50,-85,88.06,7.94,3.30,4.99,980,1141,673,324,20.81,1013.30,12.10,405.10,12.48,46.90,1080,20.90,23.70,22.10,20.00,25.20,23.70,25.20,23.70,23.10,21.20,23.90,21.80,20.10,25.60,20.80,21.90,20.70,21.90,22.40,21.40,22.00,23.70,24.80,20.70,25.70,20.60,24.40,22.90,25.40,24.50,23.40,23.20,21.60,23.30,24.90,25.10,23.40,20.10,20.20,23.30,22.80,25.10,20.90,24.80,25.10,25.20,25.20,25.80,20.00,25.70,25.90,24.50,20.50,20.40,25.30,20.40,24.20,23.00,21.90,25.30,21.50,20.70,25.10,20.00
TLM_RCV,-60,FG-ALPHA,20240415_083444,AUTO,1,34.69,11.00,-85,88.06,7.94,3.29,4.96,1156,1139,665,330,20.08,1013.00,12.10,405.00,12.48,47.05,1080,23.10,24.00,23.00,21.80,23.00,23.60,22.80,23.20,22.90,23.00,23.20,21.50,21.30,24.10,20.60,21.90,21.80,20.80,20.20,22.50,21.70,21.90,21.20,20.80,25.00,22.10,21.80,25.70,24.90,24.70,21.00,25.50,20.00,25.90,21.90,21.20,20.90,20.40,21.50,25.30,20.30,25.10,23.80,23.60,20.10,23.20,23.00,25.70,25.90,24.60,23.80,23.50,24.60,21.50,21.50,25.10,25.70,22.00,25.50,25.70,22.70,25.20,24.50,20.10
TLM_RCV,-91,FG-ALPHA,20240415_083445,AUTO,1,34.92,12.50,-85,88.04,7.94,3.29,4.95,951,1185,713,317,21.17,1013.60,11.80,406.40,12.49,47.20,1080,23.30,25.80,24.90,22.10,23.90,23.20,23.60,21.60,20.80,20.80,20.00,21.20,22.90,23.60,22.80,24.80,24.50,25.00,21.30,21.10,20.10,22.90,24.10,22.80,23.30,24.60,25.60,21.80,24.20,24.80,21.60,22.20,20.30,23.10,24.00,21.60,25.40,24.20,21.20,21.80,25.50,20.20,23.10,25.10,20.30,20.90,25.80,21.10,22.50,20.30,23.60,22.00,25.90,22.20,23.70,24.00,23.30,21.20,20.70,20.10,21.30,22.80,20.90,24.70
TLM_RCV,-75,FG-ALPHA,20240415_083446,AUTO,1,35.76,14.00,-85,88.01,7.94,3.29,4.92,907,1152,674,328,21.23,1012.80,12.10,405.60,12.49,47.35,1080,23.90,22.70,23.90,24.80,20.20,22.10,22.40,21.30,25.40,24.30,20.40,24.10,23.00,22.10,20.60,23.50,23.20,24.80,22.10,21.80,25.00,24.30,24.30,21.80,20.10,24.30,23.00,25.20,25.60,20.80,24.50,20.80,21.80,20.60,21.90,70.60,22.20,21.60,25.90,22.30,24.80,20.30,24.00,21.50,25.00,23.60,21.70,22.60,25.80,22.00,24.10,23.80,24.20,20.40,25.80,25.60,24.40,25.90,22.70,20.00,22.90,21.30,23.20,24.00
TLM_RCV,-80,FG-ALPHA,20240415_083447,AUTO,0,31.02,12.00,-85,88.05,8.05,3.28,5.02,826,404,0,256,22.11,1013.60,12.00,405.80,12.49,47.35,1080,24.80,25.90,20.80,25.70,22.00,25.60,22.20,25.50,21.30,21.50,20.70,24.60,22.10,23.40,20.90,20.50,23.10,20.50,24.00,23.60,23.00,25.30,21.40,24.70,21.90,25.80,22.40,20.50,21.80,22.50,24.90,24.30,21.40,22.70,22.40,24.70,24.50,20.20,23.50,23.70,21.50,20.70,25.60,25.80,22.40,23.20,21.10,20.50,20.30,22.60,22.20,23.30,23.10,21.30,22.40,22.00,21.00,21.40,25.60,21.40,25.70,25.70,23.50,23.90
TLM_RCV,-92,FG-ALPHA,20240415_083448,AUTO,0,31.98,10.00,-85,88.11,8.06,3.31,5.02,933,395,0,250,22.69,1012.90,12.00,405.00,12.49,47.35,1080,22.40,25.40,25.30,21.60,25.40,23.50,22.60,20.10,25.80,20.60,20.80,22.70,24.50,25.50,25.30,24.30,24.70,21.60,23.40,23.60,22.40,23.90,21.70,20.60,24.70,25.10,24.00,25.80,20.20,23.90,25.60,25.10,25.10,24.80,24.90,21.40,25.30,23.70,20.40,25.30,23.10,23.40,22.10,20.30,23.90,23.60,25.50,21.70,22.70,25.60,24.90,20.70,24.80,23.70,25.00,23.60,21.40,22.20,22.60,22.00,23.00,24.90,24.80,21.60
TLM_RCV,-43,FG-ALPHA,20240415_083449,AUTO,0,32.23,8.00,-85,88.17,8.05,3.28,5.02,1030,446,0,298,22.92,1012.90,12.00,405.90,12.49,47.35,1080,20.80,22.40,20.90,22.00,24.00,23.20,22.00,24.00,20.90,20.80,23.80,20.50,24.30,22.30,20.80,24.00,23.50,22.60,20.70,24.00,23.80,22.90,24.30,25.30,21.20,22.30,22.40,23.00,24.10,20.60,24.60,25.00,24.40,22.90,23.40,25.30,24.60,25.00,23.60,20.90,20.30,24.10,25.00,23.20,20.60,21.60,24.00,23.50,21.70,21.50,22.80,25.90,20.20,22.80,24.70,24.60,24.60,21.90,22.60,20.90,21.40,21.00,22.40,20.50
TLM_RCV,-80,FG-ALPHA,20240415_083450,AUTO,0,32.27,6.00,-85,88.12,8.05,3.30,5.02,0,454,0,296,22.27,1013.60,12.10,405.90,12.49,47.35,1080,24.80,24.10,21.80,22.60,21.10,24.80,25.40,21.20,21.10,21.40,25.20,25.70,22.10,22.90,22.20,21.70,22.70,22.30,21.00,21.10,23.00,23.60,24.90,21.50,20.20,21.40,21.50,25.90,21.40,24.90,23.10,24.00,22.20,21.40,20.60,21.50,25.00,22.20,20.30,23.00,20.80,20.30,23.00,25.00,24.70,23.30,22.40,24.30,20.50,22.30,21.10,23.60,25.90,22.00,24.70,24.80,22.80,25.80,24.30,20.80,21.50,25.50,24.70,20.30
TLM_RCV,-90,FG-ALPHA,20240415_083451,AUTO,0,33.38,5.00,-85,88.18,8.04,3.28,5.02,1036,477,0,333,22.80,1013.40,11.80,404.80,12.49,47.35,1080,20.10,24.80,23.00,23.70,22.30,21.80,25.30,20.90,25.00,22.50,25.00,20.50,22.00,25.70,23.00,22.00,22.60,25.20,21.10,21.70,20.40,23.40,24.70,21.90,20.40,23.70,23.90,25.60,22.70,25.60,21.70,24.00,24.00,20.60,23.90,22.80,21.40,22.30,24.40,20.10,21.10,21.60,25.70,24.00,21.00,23.10,23.10,25.80,20.90,24.50,21.70,21.30,24.30,23.10,25.60,20.70,23.10,21.50,23.40,23.20,23.80,21.30,20.00,20.20
TLM_RCV,-95,FG-ALPHA,20240415_083452,AUTO,0,32.13,5.00,-85,88.24,8.05,3.29,5.02,1057,426,0,278,23.16,1013.30,11.80,404.80,12.49,47.35,1080,21.10,21.80,21.30,20.60,22.70,23.10,21.70,21.00,25.80,22.50,23.30,25.20,22.40,24.90,25.60,22.80,24.00,22.80,23.00,25.70,21.60,25.40,22.50,21.80,25.60,21.80,21.60,24.90,21.80,23.80,22.30,20.40,22.30,23.50,23.30,22.70,20.10,20.10,22.30,20.80,23.80,23.60,24.10,23.60,24.90,20.40,21.50,20.10,21.20,24.80,24.90,25.30,23.00,20.80,21.60,23.30,25.60,21.20,21.70,20.80,25.30,25.40,21.60,22.40
TLM_RCV,-58,FG-ALPHA,20240415_083453,AUTO,0,32.15,5.00,-85,88.29,8.05,3.28,5.02,963,431,0,284,22.66,1012.80,11.90,405.20,12.49,47.35,1080,21.20,24.90,21.60,22.30,23.00,23.90,25.20,24.00,23.10,25.90,21.60,21.10,25.60,24.70,24.00,21.40,20.80,23.20,24.30,20.00,24.80,25.50,20.70,23.70,20.60,24.10,23.00,24.70,24.00,22.40,22.50,21.70,21.20,22.30,20.50,21.80,21.00,25.30,20.30,23.70,21.30,25.10,23.00,23.10,23.90,24.80,25.20,24.00,20.00,22.10,23.80,22.40,25.10,22.10,24.90,24.60,23.40,25.80,25.80,24.40,22.80,21.80,25.10,21.80
TLM_RCV,-78,FG-ALPHA,20240415_083454,AUTO,0,33.46,5.00,-85,88.33,8.05,3.31,5.02,813,491,0,342,21.61,1012.90,11.80,405.80,12.49,47.35,1080,21.30,21.10,21.20,23.80,23.40,25.80,20.60,21.80,24.60,25.70,25.90,24.90,23.40,24.00,20.60,24.90,23.10,20.90,24.20,24.00,20.80,23.50,20.20,24.90,25.60,23.00,23.90,23.20,21.20,22.10,25.20,25.30,24.80,21.20,21.60,20.10,23.30,20.10,23.20,22.50,25.10,24.50,20.20,20.40,23.00,23.10,23.70,21.60,22.30,22.40,20.80,23.60,21.90,21.70,23.20,21.70,22.60,22.90,22.70,21.30,25.00,23.30,24.50,21.40
TLM_RCV,-45,FG-ALPHA,20240415_083455,AUTO,0,32.50,5.00,-85,88.28,8.04,3.31,5.02,0,500,0,344,22.50,1012.70,11.90,405.30,12.50,47.35,1080,25.80,22.80,22.50,23.10,22.30,22.00,22.70,25.20,21.40,23.60,23.30,21.70,23.00,22.70,22.60,24.30,21.30,25.60,20.60,22.80,21.00,24.90,24.00,21.80,20.10,25.10,21.90,23.00,24.10,25.80,23.40,20.30,22.10,21.30,22.70,21.70,21.30,24.10,21.40,25.30,21.90,23.60,21.00,23.40,25.50,20.70,25.50,21.10,23.10,23.90,25.90,24.90,24.50,23.10,21.40,20.00,23.20,23.50,23.40,22.80,24.30,22.00,21.30,25.90
TLM_RCV,-63,FG-ALPHA,20240415_083456,AUTO,0,33.51,5.00,-85,88.23,8.04,3.31,5.02,0,502,0,344,22.51,1012.70,12.10,404.90,12.50,47.35,1080,22.60,20.70,20.50,25.60,20.80,24.00,24.00,21.20,22.30,20.50,24.00,25.00,25.00,21.70,20.10,20.00,25.30,20.80,21.40,20.80,25.90,25.20,20.10,21.00,25.00,22.70,20.00,24.60,21.80,25.60,24.10,21.80,23.50,22.30,21.60,24.80,22.60,20.80,22.20,22.90,24.50,20.40,24.70,20.70,20.80,21.20,23.90,25.00,20.90,21.60,22.50,24.70,24.40,25.20,25.20,21.30,21.00,25.40,23.00,22.90,21.30,21.40,22.70,25.50
TLM_RCV,-88,FG-ALPHA,20240415_083457,AUTO,0,31.25,5.00,-85,88.26,8.05,3.29,5.02,840,450,0,302,21.95,1013.20,12.00,405.60,12.50,47.35,1080,22.30,25.90,20.60,25.70,21.80,22.80,25.20,20.00,22.30,20.40,23.10,23.90,23.80,24.00,25.70,23.30,23.80,21.00,22.30,25.90,24.90,23.60,23.10,25.80,22.80,23.40,22.10,25.30,23.60,23.30,25.70,23.50,20.70,20.20,25.50,22.90,24.80,21.80,23.10,24.40,24.00,22.90,22.80,21.80,23.80,25.50,23.30,21.90,23.80,25.30,21.00,23.20,23.50,25.70,23.00,25.70,20.40,23.60,21.00,22.60,22.10,21.40,21.60,21.70
TLM_RCV,-50,FG-ALPHA,20240415_083458,AUTO,0,32.18,5.00,-85,88.22,8.05,3.31,5.02,0,436,0,281,22.18,1013.00,11.90,405.50,12.50,47.35,1080,25.60,22.80,23.90,21.10,24.90,20.40,25.90,23.70,23.00,21.40,21.20,20.40,20.70,24.80,20.00,24.20,24.50,23.60,22.70,22.40,22.60,24.40,20.60,22.30,23.90,25.20,24.70,20.00,20.10,23.90,20.20,23.10,24.20,25.40,21.50,23.00,21.90,25.70,25.40,24.70,24.10,25.90,20.90,21.30,23.20,21.10,22.30,24.80,23.50,24.80,20.30,23.00,24.00,23.30,21.10,22.20,20.50,25.50,22.00,24.10,22.90,20.10,25.70,25.60
TLM_RCV,-49,FG-ALPHA,20240415_083459,AUTO,0,31.04,5.00,-85,88.18,8.06,3.31,5.02,0,408,0,254,22.04,1013.60,11.80,405.70,12.50,47.35,1080,25.50,20.90,23.00,24.10,21.70,22.00,24.70,23.30,22.30,23.60,20.60,21.90,25.60,24.00,25.30,21.30,22.00,23.20,20.80,21.30,21.40,24.10,23.00,21.50,22.60,24.10,23.50,20.20,23.40,23.10,23.90,23.70,20.80,20.80,21.90,21.50,21.20,22.70,21.40,21.90,25.20,23.70,22.80,20.00,21.60,25.50,20.70,21.50,24.70,24.00,21.40,21.40,24.00,23.70,24.70,24.40,24.90,22.80,22.40,20.50,23.80,21.10,25.50,25.90
TLM_RCV,-86,FG-ALPHA,20240415_083500,AUTO,0,31.15,5.00,-85,88.24,8.05,3.29,5.02,1081,429,0,288,23.26,1013.50,12.10,405.60,12.50,47.35,1080,24.90,21.30,25.20,24.10,21.10,24.40,21.80,24.50,20.10,23.40,24.80,21.90,21.40,23.20,22.80,22.00,25.60,23.80,24.50,21.20,23.70,25.00,21.40,23.10,22.70,24.00,20.30,21.70,25.10,22.10,22.80,20.20,20.00,21.80,23.20,20.00,25.60,22.10,25.50,20.10,22.10,23.10,21.80,22.40,21.80,21.50,23.40,21.50,23.10,20.70,22.60,21.10,21.90,22.00,22.30,22.30,21.00,20.60,20.20,25.40,21.30,23.80,21.50,25.00
TLM_RCV,-50,FG-ALPHA,20240415_083501,AUTO,0,31.23,5.00,-85,88.28,8.05,3.28,5.02,818,446,0,299,21.86,1013.10,11.80,406.00,12.50,47.35,1080,22.20,23.10,25.40,25.20,23.30,21.90,20.50,25.10,24.60,25.00,25.10,25.00,22.60,22.60,24.80,20.50,21.50,21.60,20.90,21.70,23.80,20.80,22.40,21.10,21.20,21.20,23.90,24.30,24.80,25.00,24.50,20.20,24.80,22.30,23.30,24.10,23.90,20.00,21.80,25.10,22.40,20.60,21.70,24.00,25.90,24.80,24.50,20.10,24.50,21.10,22.30,20.30,23.10,21.00,23.20,24.50,25.80,20.60,20.20,24.00,22.90,22.40,23.60,25.20
TLM_RCV,-54,FG-ALPHA,20240415_083502,AUTO,0,31.09,5.00,-85,88.32,8.06,3.31,5.02,847,419,0,274,22.14,1012.90,11.80,406.10,12.50,47.35,1080,24.40,21.90,25.30,21.30,20.50,25.20,22.40,22.30,24.80,20.00,24.40,21.10,20.50,22.90,24.40,25.40,23.70,21.50,22.60,23.20,21.80,24.50,23.30,22.20,24.00,24.40,22.00,24.60,21.50,21.30,23.40,25.70,20.80,20.10,23.30,21.40,21.60,24.10,20.20,24.30,24.60,25.80,25.20,23.00,22.10,24.30,24.30,20.90,25.00,20.00,25.00,25.10,25.80,20.00,23.20,21.80,22.20,22.70,24.90,21.90,23.30,24.30,20.20,21.80
TLM_RCV,-89,FG-ALPHA,20240415_083503,AUTO,0,32.04,5.00,-85,88.37,8.06,3.29,5.02,846,408,0,262,22.19,1012.90,11.90,406.20,12.50,47.35,1080,25.00,21.80,25.40,25.60,23.80,24.90,20.00,25.90,20.80,20.40,22.60,24.20,25.80,25.30,20.40,22.20,22.60,21.70,21.70,25.00,24.50,24.80,20.80,20.90,21.90,24.00,22.00,85.70,20.70,20.00,21.30,24.40,23.80,21.90,21.90,20.10,23.00,23.20,21.00,25.50,22.10,21.30,23.40,22.40,21.50,25.00,20.00,23.20,21.90,20.40,20.70,21.80,24.40,22.70,20.30,21.50,24.50,21.30,23.10,22.90,20.50,20.80,23.80,25.00
TLM_RCV,-67,FG-ALPHA,20240415_083504,AUTO,0,31.36,5.00,-85,88.32,8.05,3.31,5.02,0,473,0,322,22.36,1013.50,12.00,405.00,12.50,47.35,1080,21.70,22.70,21.90,25.10,25.40,21.50,24.30,25.30,21.90,24.70,25.00,25.80,25.20,21.30,25.70,20.40,25.30,25.80,23.40,21.90,25.60,23.90,22.10,22.30,22.60,25.20,22.90,25.70,24.50,20.10,24.40,25.30,21.80,24.60,23.90,25.60,20.50,24.80,21.20,25.50,24.00,23.90,23.70,23.50,21.10,21.00,21.90,22.50,23.90,23.10,25.50,24.90,22.60,20.40,24.30,21.10,20.50,21.90,25.20,23.10,22.40,24.90,25.30,24.30
TLM_RCV,-61,FG-ALPHA,20240415_083505,AUTO,0,32.47,5.00,-85,88.39,8.05,3.30,5.02,1185,495,0,343,23.45,1012.90,11.90,406.00,12.51,47.35,1080,23.70,24.40,24.40,22.70,21.40,21.00,23.60,21.50,22.00,22.30,20.20,20.70,23.50,24.60,23.90,22.50,23.90,20.30,24.70,24.90,23.40,21.50,23.50,22.10,21.10,23.10,21.60,25.20,24.00,24.20,25.60,23.70,21.50,23.20,24.70,23.90,23.80,23.70,23.50,25.70,25.20,23.50,23.60,21.70,21.80,25.00,22.80,20.90,21.00,20.70,20.50,22.40,22.20,25.80,20.40,22.00,21.70,21.00,20.30,25.20,22.70,22.30,23.90,23.70
TLM_RCV,-73,FG-ALPHA,20240415_083506,AUTO,0,33.22,5.00,-85,88.45,8.06,3.29,5.02,1009,445,0,299,22.82,1013.10,12.00,406.00,12.51,47.35,1080,21.70,25.30,24.60,25.90,21.10,25.10,22.00,20.50,25.70,23.40,20.50,22.50,23.80,24.10,21.50,20.10,22.60,20.00,24.40,24.40,23.10,20.40,22.60,20.00,25.50,20.90,20.00,21.00,21.40,21.20,24.30,24.80,22.80,25.40,22.90,21.70,22.20,20.90,24.80,24.20,22.50,25.70,24.00,20.60,21.30,21.70,21.10,25.30,23.80,24.60,24.20,25.70,24.20,23.90,24.60,25.00,20.20,20.60,25.30,24.70,23.80,25.80,25.50,21.30
TLM_RCV,-52,FG-ALPHA,20240415_083507,AUTO,0,31.34,5.00,-85,88.49,8.05,3.31,5.02,869,468,0,327,22.00,1013.50,12.10,405.90,12.51,47.35,1080,25.80,21.00,22.10,21.00,20.90,21.60,24.40,25.30,24.60,22.90,24.20,24.40,20.00,23.40,23.40,24.10,22.00,21.40,20.20,21.00,21.00,22.40,25.20,23.20,20.30,23.00,23.90,23.90,20.80,20.50,23.20,22.60,21.30,23.60,20.90,24.40,23.40,21.70,21.00,23.50,24.10,21.80,24.00,22.30,20.80,23.90,22.30,23.20,22.40,22.30,24.60,24.90,21.40,23.20,25.10,25.90,20.60,23.30,21.50,24.40,22.00,22.50,25.10,20.70
TLM_RCV,-81,FG-ALPHA,20240415_083508,AUTO,0,32.38,5.00,-85,88.56,8.05,3.29,5.02,1162,477,0,337,23.42,1012.90,12.00,405.50,12.51,47.35,1080,20.30,20.60,23.10,22.60,22.40,21.70,22.30,25.80,21.80,24.80,24.60,24.80,23.60,21.30,20.00,20.60,25.80,21.90,21.00,24.60,22.90,21.90,20.00,22.00,21.50,20.50,22.40,25.30,20.80,24.30,20.30,20.30,20.90,22.10,23.70,24.10,21.10,23.30,24.00,21.00,25.70,21.80,21.30,21.00,25.00,21.70,22.30,20.70,20.20,21.20,20.90,20.50,24.20,23.50,24.90,23.30,25.20,23.40,20.80,21.30,25.60,25.80,25.60,21.50
TLM_RCV,-54,FG-ALPHA,20240415_083509,AUTO,0,33.08,5.00,-85,88.60,8.06,3.30,5.02,870,415,0,257,22.27,1012.70,11.90,406.00,12.51,47.35,1080,25.70,25.90,20.10,23.50,20.00,20.00,25.80,24.40,22.10,21.90,21.50,22.30,20.20,23.90,20.10,21.10,24.80,25.50,24.40,22.00,20.70,24.50,20.50,21.00,21.60,24.80,24.50,22.10,23.30,23.30,23.00,25.40,23.90,25.50,25.30,22.50,25.40,24.60,24.60,20.30,20.70,21.70,22.30,20.40,23.10,22.90,21.30,25.70,21.90,21.50,23.70,24.20,22.10,23.50,24.30,23.30,25.80,22.50,20.70,21.30,23.30,20.70,21.00,20.90
TLM_RCV,-43,FG-ALPHA,20240415_083510,AUTO,0,31.31,5.00,-85,88.65,8.06,3.31,5.02,975,462,0,309,22.57,1013.20,12.10,404.50,12.51,47.35,1080,25.10,22.80,22.40,22.40,21.00,22.30,24.90,23.10,25.20,21.40,22.50,20.50,24.60,24.60,25.60,20.10,25.40,25.80,23.90,22.60,23.60,21.40,21.30,20.60,21.80,21.00,25.20,22.90,23.00,20.70,25.80,25.20,25.10,21.70,22.80,20.10,22.90,20.00,24.30,23.60,25.90,23.00,25.20,21.40,23.40,20.20,22.10,24.70,21.20,21.20,24.30,24.70,20.60,20.00,23.50,25.30,20.90,21.30,25.90,21.90,25.00,20.30,23.60,23.30
TLM_RCV,-76,FG-ALPHA,20240415_083511,AUTO,0,32.37,5.00,-85,88.71,8.06,3.28,5.02,1011,474,0,319,22.68,1013.60,12.00,404.90,12.51,47.35,1080,21.90,23.20,22.30,20.40,23.30,22.50,22.10,23.90,24.10,20.60,25.50,22.90,22.40,22.10,21.50,20.20,21.40,25.30,24.30,20.50,21.00,24.30,24.70,23.40,23.70,21.10,20.20,23.80,20.70,20.40,23.20,25.90,24.50,23.90,23.30,21.10,21.90,21.90,22.40,25.00,21.90,21.80,25.80,22.40,22.50,21.10,22.70,24.00,23.00,24.90,24.80,23.20,21.00,20.20,25.90,24.60,23.30,20.10,21.40,25.20,21.20,23.10,23.10,20.40
TLM_RCV,-40,FG-ALPHA,20240415_083512,AUTO,0,31.20,5.00,-85,88.77,8.06,3.28,5.02,1065,441,0,286,23.12,1013.50,11.90,406.20,12.51,47.35,1080,21.70,23.20,20.40,24.10,24.80,23.20,23.50,25.30,20.70,23.20,20.10,23.90,21.30,22.20,24.90,23.60,25.80,21.50,21.70,23.00,25.00,24.20,22.70,23.10,25.90,23.70,22.20,23.30,21.80,23.10,25.00,23.70,22.10,23.20,21.70,25.40,25.10,24.80,22.30,24.10,23.50,24.50,21.40,23.00,22.50,20.70,21.40,24.10,21.70,23.20,21.90,20.00,24.00,24.00,24.20,22.40,21.30,24.00,22.00,20.50,24.50,24.10,22.60,23.90
TLM_RCV,-57,FG-ALPHA,20240415_083513,AUTO,0,31.30,5.00,-85,88.72,8.06,3.29,5.02,0,459,0,306,22.30,1013.50,11.90,405.30,12.51,47.35,1080,22.60,22.00,23.60,23.80,21.00,22.30,21.90,23.60,23.60,23.20,25.70,20.50,21.40,23.10,22.60,22.60,22.30,23.30,22.70,22.00,21.20,20.50,24.90,21.10,25.90,24.30,25.50,23.80,21.50,22.70,24.00,22.90,20.00,25.50,23.80,24.10,23.60,22.20,21.60,24.10,25.70,20.30,23.50,20.50,23.10,24.10,25.10,20.50,24.90,25.10,23.80,21.20,23.30,22.00,24.80,24.90,21.50,25.00,23.30,21.80,20.60,25.80,23.70,24.60
TLM_RCV,-42,FG-ALPHA,20240415_083514,AUTO,0,31.22,5.00,-85,88.76,8.06,3.28,5.02,838,444,0,288,21.97,1013.40,12.10,406.30,12.51,47.35,1080,22.30,23.90,21.00,21.80,23.50,20.80,23.20,24.20,21.20,21.30,21.10,24.00,23.60,20.90,20.20,20.90,23.50,22.20,21.90,21.90,25.40,20.50,23.80,23.90,22.80,21.40,20.30,23.60,20.50,20.30,24.40,25.80,22.20,25.80,21.70,20.90,20.00,21.80,20.60,21.20,22.50,24.30,21.90,25.20,25.10,22.40,21.70,22.80,24.90,22.10,21.50,20.80,21.20,25.30,25.60,21.30,22.80,23.80,25.10,20.70,23.10,24.50,24.40,21.20
TLM_RCV,-69,FG-ALPHA,20240415_083515,AUTO,0,33.30,5.00,-85,88.82,8.06,3.31,5.02,1079,460,0,320,23.09,1012.70,11.80,405.20,12.52,47.35,1080,20.30,20.50,21.90,22.30,22.10,24.40,20.20,24.20,25.60,21.30,23.20,21.40,22.60,20.80,21.00,23.10,22.00,25.70,24.10,21.40,22.60,20.90,23.50,25.70,24.40,25.90,22.20,23.60,22.80,20.70,25.10,24.50,25.80,24.40,20.40,22.80,24.80,20.20,21.60,21.20,25.90,21.80,21.20,25.10,20.80,21.20,22.20,23.30,20.20,25.10,23.50,24.40,25.90,20.90,23.10,22.20,24.30,25.20,21.60,20.10,22.10,22.50,21.70,24.50
TLM_RCV,-69,FG-ALPHA,20240415_083516,AUTO,0,32.33,5.00,-85,88.78,8.06,3.31,5.02,0,467,0,310,22.33,1013.50,11.90,406.40,12.52,47.35,1080,24.70,25.10,24.40,24.70,24.20,24.00,24.50,24.50,22.70,23.60,22.50,21.10,24.60,25.50,21.20,22.50,21.70,22.40,24.00,22.60,24.60,21.60,22.60,24.20,23.50,23.70,21.50,22.30,25.50,22.80,20.80,25.50,24.50,24.10,21.40,24.90,20.80,23.60,23.30,22.90,24.90,21.10,22.90,24.90,22.50,23.70,23.30,23.40,20.90,25.00,25.00,23.90,25.10,25.80,21.70,20.40,20.60,20.00,24.60,21.60,22.70,24.20,25.70,20.30
TLM_RCV,-87,FG-ALPHA,20240415_083517,AUTO,0,32.42,5.00,-85,88.73,8.06,3.31,5.02,0,483,0,324,22.42,1012.80,12.00,404.50,12.52,47.35,1080,25.00,24.20,23.50,22.60,22.40,24.60,21.90,20.40,23.80,20.80,24.20,23.10,24.30,22.70,25.30,23.20,24.20,84.70,25.30,24.30,20.50,24.90,25.30,21.50,21.00,20.20,23.50,20.30,20.80,23.10,21.90,24.70,22.80,22.20,21.60,23.50,21.10,21.90,23.60,24.80,22.10,25.60,22.20,24.70,23.30,23.90,23.10,21.70,21.40,20.20,21.30,24.60,20.80,22.00,22.60,24.00,23.80,22.30,25.60,23.70,21.80,23.00,21.20,21.70
TLM_RCV,-90,FG-ALPHA,20240415_083518,AUTO,0,32.11,5.00,-85,88.69,8.07,3.31,5.02,0,422,0,278,22.11,1012.80,11.90,405.60,12.52,47.35,1080,22.80,23.30,25.80,20.70,22.50,20.90,22.80,25.70,24.80,22.80,24.40,21.60,25.00,25.60,25.30,22.90,22.70,20.60,24.80,25.20,24.90,23.40,21.30,22.90,25.20,20.20,24.20,20.50,23.40,23.40,22.70,22.60,23.10,22.20,25.00,23.50,22.80,23.20,20.80,23.40,21.70,25.40,24.20,21.80,23.60,21.10,24.60,21.10,21.90,21.30,25.80,24.70,20.40,22.30,25.70,25.00,25.80,24.20,20.10,22.50,22.00,23.40,20.60,24.80
TLM_RCV,-58,FG-ALPHA,20240415_083519,AUTO,0,33.16,5.00,-85,88.76,8.07,3.29,5.02,1139,432,0,273,23.53,1013.60,12.10,405.20,12.52,47.35,1080,20.80,23.60,20.20,25.90,24.30,25.50,20.50,24.20,23.10,23.50,22.90,25.50,23.10,20.80,21.50,20.50,24.50,23.60,21.40,21.10,22.30,23.90,25.90,24.10,20.90,25.00,23.20,24.10,22.50,20.80,25.50,23.30,25.90,24.20,20.20,25.50,23.80,20.30,20.30,24.40,23.30,21.50,21.40,21.50,25.90,22.70,25.10,20.80,21.30,21.00,23.40,24.50,22.00,24.60,24.90,21.70,20.70,20.80,24.90,20.80,21.30,22.60,24.40,20.90
TLM_RCV,-76,FG-ALPHA,20240415_083520,AUTO,0,31.34,5.00,-85,88.71,8.06,3.31,5.02,0,468,0,326,22.34,1012.80,11.80,405.70,12.52,47.35,1080,20.70,24.70,23.10,24.20,22.00,23.90,25.50,23.60,21.20,20.50,20.00,21.60,21.20,24.90,22.10,23.40,24.30,24.10,21.10,24.50,22.60,24.80,22.80,23.20,22.70,21.80,25.10,25.50,20.70,24.80,21.70,23.10,23.90,25.20,25.10,21.90,22.00,23.80,20.80,23.10,23.90,24.40,21.20,20.90,21.50,25.00,25.10,23.70,22.60,24.00,22.20,20.50,20.00,24.90,20.00,21.90,25.20,23.20,24.00,22.40,25.80,25.30,24.40,25.00
TLM_RCV,-61,FG-ALPHA,20240415_083521,AUTO,0,31.38,5.00,-85,88.75,8.06,3.29,5.02,839,476,0,326,21.82,1013.10,12.10,404.50,12.52,47.35,1080,23.20,22.80,20.80,24.50,21.50,22.80,25.50,21.50,23.10,25.60,24.90,21.10,25.30,20.10,25.00,22.10,21.00,25.30,22.20,23.50,22.90,20.50,21.90,22.80,24.10,24.80,21.30,22.30,24.60,25.50,23.70,20.80,23.30,20.00,24.90,21.10,23.70,25.20,23.40,25.60,20.10,20.90,20.60,23.10,22.40,24.50,23.00,20.00,20.40,22.60,22.10,21.20,25.50,25.60,24.30,25.60,22.70,24.40,22.10,24.90,24.90,23.50,24.60,22.30
TLM_RCV,-85,FG-ALPHA,20240415_083522,AUTO,0,32.37,5.00,-85,88.80,8.06,3.31,5.02,960,473,0,325,22.43,1013.30,12.00,405.30,12.52,47.35,1080,21.10,25.50,25.80,22.40,23.30,23.50,20.70,20.30,22.40,23.70,22.70,23.10,22.60,23.30,20.10,23.00,25.40,21.30,25.70,21.90,21.80,24.50,21.10,20.10,25.20,23.00,20.50,24.70,20.00,20.20,21.80,22.80,24.60,22.60,25.80,24.60,23.50,22.20,20.70,22.60,25.90,20.90,20.30,20.90,25.20,24.10,22.10,22.50,23.60,20.30,21.90,20.00,20.20,25.60,23.50,22.10,21.70,24.10,24.70,20.50,25.80,24.30,21.30,20.80
TLM_RCV,-68,FG-ALPHA,20240415_083523,AUTO,0,32.19,5.00,-85,88.84,8.07,3.28,5.02,863,437,0,287,22.13,1013.60,11.90,405.00,12.52,47.35,1080,22.40,25.10,24.20,23.70,20.50,22.10,25.90,24.20,20.90,20.80,20.10,21.20,21.20,24.70,22.70,23.40,22.70,22.80,22.70,20.50,24.10,22.10,25.80,20.90,21.70,25.60,23.20,25.10,25.10,23.60,23.00,22.80,23.80,20.70,24.90,23.60,22.80,23.90,23.60,22.30,23.00,25.50,24.40,20.20,20.70,24.40,21.00,21.10,24.50,23.30,20.60,22.80,20.90,24.20,24.00,23.30,24.90,24.50,20.60,25.60,21.80,25.70,23.50,23.20
TLM_RCV,-50,FG-ALPHA,20240415_083545,AUTO,0,32.27,5.00,-85,89.33,8.08,3.29,5.02,1022,454,0,312,22.84,1013.10,12.00,404.80,12.55,48.55,1080,24.50,23.00,23.90,21.70,25.00,21.20,23.60,21.40,24.30,25.10,22.30,24.60,21.10,20.90,24.30,20.50,22.40,22.10,21.70,21.60,22.70,24.00,21.00,20.50,25.50,24.80,20.60,24.80,23.70,24.70,24.80,21.40,20.70,20.40,22.80,22.50,25.50,20.10,20.40,21.30,24.10,23.60,25.80,25.70,22.80,20.10,22.00,22.60,25.90,22.40,24.20,23.80,24.00,23.10,25.80,24.00,20.50,21.10,25.60,20.40,22.50,22.00,25.50,23.60
TLM_RCV,-59,FG-ALPHA,20240415_083546,AUTO,0,32.02,5.00,-85,89.37,8.08,3.31,5.02,815,404,0,258,22.06,1013.10,11.80,404.80,12.55,48.55,1080,24.50,21.80,23.40,24.90,25.70,25.00,21.00,25.40,23.80,22.90,25.10,25.00,21.40,22.10,23.60,22.60,22.70,25.00,24.30,22.30,24.50,25.00,25.50,21.60,25.40,24.70,20.00,23.50,23.70,25.10,21.20,20.30,25.50,22.30,20.70,25.80,25.60,23.10,23.70,20.40,22.70,24.90,25.00,21.00,23.70,23.90,24.10,24.30,21.00,24.80,21.10,25.90,25.10,21.30,24.30,21.60,25.80,24.30,25.20,22.30,20.30,22.20,22.80,24.30
TLM_RCV,-41,FG-ALPHA,20240415_083547,AUTO,0,31.42,5.00,-85,89.42,8.07,3.29,5.02,983,483,0,330,22.50,1013.60,11.90,405.80,12.55,48.55,1080,24.10,20.80,25.30,21.70,23.90,25.50,21.40,25.50,21.10,22.00,25.90,23.40,20.50,22.20,22.10,21.90,25.80,24.70,23.50,25.20,23.30,21.50,21.80,23.00,21.10,20.40,22.60,20.90,25.50,20.80,20.80,22.30,20.60,20.50,25.20,25.30,21.40,25.90,20.60,23.60,20.20,25.60,22.30,20.70,20.90,20.70,21.20,21.60,23.30,20.20,24.90,24.80,23.00,20.90,25.50,21.50,23.00,21.70,25.90,23.80,23.00,20.20,21.30,20.80
TLM_RCV,-60,FG-ALPHA,20240415_083548,AUTO,0,32.36,5.00,-85,89.47,8.08,3.30,5.02,947,472,0,320,22.37,1013.40,11.80,405.80,12.55,48.55,1080,25.00,21.70,24.70,21.90,23.00,22.10,21.80,22.00,21.50,25.90,21.10,25.60,20.10,24.90,24.10,24.70,20.50,25.90,22.30,25.50,24.20,21.20,22.60,23.60,24.10,25.00,23.60,25.30,23.80,20.10,23.70,20.20,22.30,24.20,20.70,25.70,21.90,22.40,25.10,21.30,20.20,20.20,23.10,21.40,22.20,21.60,25.40,23.20,21.80,25.80,22.50,24.20,21.20,25.10,21.20,23.90,24.30,20.30,25.60,21.20,20.90,24.30,25.70,22.70
TLM_RCV,-75,FG-ALPHA,20240415_083549,AUTO,0,33.46,5.00,-85,89.53,8.08,3.31,5.02,1049,491,0,337,22.79,1013.60,12.10,405.10,12.55,48.55,1080,24.00,23.60,24.70,21.20,23.20,21.90,22.00,23.80,23.40,25.50,20.20,20.70,24.10,23.80,23.90,24.70,22.20,22.30,23.60,20.80,22.30,22.00,21.00,23.90,24.40,23.10,25.20,24.80,20.20,24.00,25.00,25.70,20.10,20.60,20.80,23.40,23.80,25.60,24.50,24.00,22.00,24.30,21.60,23.20,23.10,22.40,20.90,23.30,25.50,22.60,23.90,22.20,20.70,20.10,20.80,20.10,24.40,23.70,21.90,22.80,20.20,22.70,23.50,20.80
TLM_RCV,-79,FG-ALPHA,20240415_083550,AUTO,0,31.07,5.00,-85,89.49,8.09,3.30,5.02,0,413,0,259,22.07,1013.50,11.90,405.40,12.55,48.55,1080,20.90,21.20,21.70,21.80,23.60,22.20,24.20,25.30,24.80,22.90,22.10,21.60,23.00,20.20,23.10,22.40,23.50,24.60,21.70,21.60,22.40,23.90,25.50,22.60,24.60,23.50,21.50,25.00,23.40,25.80,25.90,22.00,25.10,20.10,21.30,21.40,24.60,20.40,25.90,22.50,21.20,20.80,24.80,22.00,22.50,22.70,22.80,22.60,21.90,21.70,23.70,23.30,25.70,25.80,20.00,20.20,21.80,23.00,23.00,22.30,25.70,23.30,23.60,21.80
TLM_RCV,-54,FG-ALPHA,20240415_083551,AUTO,0,32.15,5.00,-85,89.54,8.08,3.30,5.02,965,431,0,282,22.67,1013.40,12.10,405.70,12.55,48.55,1080,21.60,24.20,20.70,20.60,24.00,24.20,22.20,20.90,22.70,22.60,24.30,24.80,20.50,21.90,20.30,20.30,23.70,20.30,20.60,25.30,20.20,20.10,22.20,22.10,20.20,21.60,24.60,25.70,25.20,20.00,20.60,24.30,25.10,23.40,21.80,22.50,24.70,20.20,25.80,24.40,24.20,24.50,23.50,25.50,23.80,25.20,20.10,25.10,25.50,23.60,25.50,20.90,22.00,21.70,25.90,24.70,24.80,21.90,25.20,22.40,22.50,22.70,25.00,23.00
TLM_RCV,-63,FG-ALPHA,20240415_083552,AUTO,0,33.13,5.00,-85,89.59,8.09,3.29,5.02,886,427,0,278,22.30,1012.70,12.10,406.20,12.55,48.55,1080,23.80,21.40,25.80,25.70,20.90,23.20,24.60,23.10,20.30,22.50,20.00,21.60,21.20,24.80,20.30,20.50,22.40,24.50,22.70,20.90,23.10,25.80,25.60,22.20,24.20,24.90,20.10,22.40,24.20,25.70,22.00,25.50,21.00,23.30,20.80,25.40,22.20,20.80,20.30,21.40,25.80,25.80,21.70,23.20,24.10,22.80,25.50,22.90,23.10,21.40,25.90,24.90,21.60,21.90,21.50,23.80,20.00,23.30,25.70,21.50,25.60,20.40,23.00,23.00
TLM_RCV,-92,FG-ALPHA,20240415_083553,AUTO,0,32.40,5.00,-85,89.63,8.08,3.29,5.02,973,479,0,329,22.47,1013.20,11.90,406.20,12.55,48.55,1080,25.60,24.70,23.00,24.50,25.40,25.00,24.20,23.10,21.20,21.50,21.40,24.80,24.50,20.30,24.00,21.10,21.80,23.60,25.20,20.80,25.00,25.20,24.80,81.20,20.50,22.10,22.40,23.20,24.60,20.90,22.70,25.90,22.50,25.80,20.00,23.40,21.70,22.20,20.30,20.30,25.60,22.20,22.80,22.00,25.90,20.30,20.60,24.10,25.80,22.00,20.40,23.80,24.80,20.40,22.90,22.00,21.00,20.00,21.40,23.00,21.40,22.20,24.50,21.70
TLM_RCV,-70,FG-ALPHA,20240415_083554,AUTO,0,31.41,5.00,-85,89.68,8.08,3.31,5.02,950,482,0,332,22.34,1013.00,11.90,405.90,12.55,48.55,1080,25.10,21.00,20.90,23.30,24.90,22.50,20.00,21.30,20.10,20.00,22.90,20.30,24.50,22.30,25.40,21.10,23.50,22.00,23.40,21.30,23.00,24.70,21.30,21.70,20.30,24.80,24.60,22.50,24.10,21.00,22.90,22.80,24.70,20.30,22.20,24.60,22.90,25.80,24.60,21.30,22.00,22.80,20.70,23.90,25.60,25.40,23.40,25.40,24.30,25.50,24.50,23.10,20.10,24.10,25.40,21.10,21.90,22.70,23.60,25.10,24.90,20.60,20.50,24.80
TLM_RCV,-87,FG-ALPHA,20240415_083555,AUTO,0,32.10,5.00,-85,89.64,8.09,3.29,5.02,0,420,0,275,22.10,1012.90,12.00,405.70,12.56,48.55,1080,20.30,22.80,23.10,22.50,21.50,23.50,23.60,23.50,22.20,23.30,25.20,24.40,22.30,24.10,23.50,24.90,25.80,21.60,20.70,22.00,21.10,25.10,22.40,23.70,84.90,21.30,22.90,23.90,25.50,20.70,23.40,22.50,23.60,22.90,22.90,25.90,24.90,25.40,24.40,22.60,23.10,22.90,21.70,22.70,20.80,23.70,24.90,22.70,20.90,21.40,24.70,24.10,24.30,24.60,21.60,22.10,21.40,24.40,23.40,24.10,22.30,20.80,20.80,22.70
TLM_RCV,-80,FG-ALPHA,20240415_083556,AUTO,0,33.31,5.00,-85,89.70,8.08,3.29,5.02,1104,463,0,318,23.20,1012.90,11.80,405.00,12.56,48.55,1080,21.30,20.30,25.80,25.50,22.20,25.80,21.30,23.90,22.50,20.00,23.50,20.80,23.50,24.90,24.70,24.60,23.80,25.10,22.00,23.30,20.20,21.70,23.10,25.70,21.80,23.40,25.70,24.00,24.70,22.30,24.40,24.90,24.30,25.20,23.00,22.50,22.20,20.00,23.90,21.30,24.40,23.90,24.70,20.60,25.70,20.10,25.20,23.90,23.50,25.90,24.80,24.50,25.00,20.20,22.10,22.20,24.80,81.90,23.30,24.80,20.50,21.40,22.90,24.20
TLM_RCV,-89,FG-ALPHA,20240415_083557,AUTO,0,31.12,5.00,-85,89.75,8.09,3.28,5.02,925,424,0,276,22.50,1013.10,12.10,404.80,12.56,48.55,1080,25.70,20.80,25.70,21.20,23.10,21.10,22.00,21.20,21.30,21.10,24.70,21.40,23.40,21.50,21.60,25.30,22.40,25.90,21.50,24.60,21.90,24.60,25.60,24.20,25.40,24.50,20.50,21.80,20.00,21.30,22.70,23.80,21.10,20.00,23.70,24.20,23.60,21.80,24.90,21.60,22.10,24.30,20.50,25.10,22.50,25.40,22.80,23.00,20.00,25.80,23.60,20.70,25.10,24.40,24.00,25.00,25.00,22.90,22.00,25.30,24.90,21.30,21.20,24.80
TLM_RCV,-66,FG-ALPHA,20240415_083558,AUTO,0,31.29,5.00,-85,89.82,8.09,3.31,5.02,1110,458,0,318,23.26,1012.90,12.10,406.10,12.56,48.55,1080,20.10,24.30,21.20,24.80,24.30,23.10,24.80,24.40,24.70,22.40,22.00,23.10,23.80,21.90,23.10,25.40,23.30,24.90,20.40,21.90,23.70,22.20,24.60,25.10,25.60,24.70,25.10,22.80,20.00,25.80,24.70,25.60,25.00,23.80,24.10,23.20,20.30,25.80,20.20,23.30,25.60,20.30,25.10,20.50,25.90,23.40,22.20,22.30,25.30,20.40,20.60,23.30,25.10,22.80,22.00,20.00,21.60,22.10,22.10,24.40,20.50,23.30,21.80,24.70
TLM_RCV,-95,FG-ALPHA,20240415_083559,AUTO,0,31.17,5.00,-85,89.86,8.09,3.28,5.02,854,434,0,291,22.10,1012.70,12.10,405.40,12.56,48.55,1080,21.40,22.90,22.50,23.60,20.20,25.10,24.20,22.00,24.90,20.00,21.60,24.30,20.80,24.90,21.40,22.50,21.50,20.00,21.40,24.70,22.10,20.40,20.50,23.20,21.50,22.60,20.00,22.40,25.90,20.50,22.20,25.90,21.40,20.60,22.50,24.60,22.60,22.70,24.10,25.40,21.60,21.30,25.00,24.50,24.50,21.90,25.20,22.60,25.20,24.60,22.70,21.20,21.40,21.50,21.00,25.20,24.80,74.10,23.80,23.50,21.10,20.70,24.50,20.90
TLM_RCV,-90,FG-ALPHA,20240415_083600,AUTO,0,32.31,5.00,-85,89.93,8.09,3.30,5.02,1111,463,0,322,23.24,1013.00,12.00,406.10,12.56,48.55,1080,25.50,21.30,24.30,21.90,25.60,23.00,24.10,25.30,25.30,25.80,22.50,22.60,20.80,22.00,20.20,25.40,20.00,22.90,24.20,20.60,23.50,20.50,25.30,24.10,24.30,20.80,21.20,22.10,22.00,20.50,24.20,25.90,24.40,25.70,23.70,22.30,22.50,23.80,20.70,20.00,22.10,24.80,20.40,20.60,23.70,25.80,25.20,22.90,25.50,25.90,21.60,21.80,24.20,21.20,23.00,23.30,23.60,25.50,21.90,22.70,22.90,20.60,22.90,22.00
TLM_RCV,-87,FG-ALPHA,20240415_083601,AUTO,0,31.31,5.00,-85,90.00,8.09,3.31,5.02,1199,462,0,314,23.68,1013.00,11.90,404.80,12.56,48.55,1080,24.70,21.40,22.50,24.70,24.30,20.70,21.70,23.10,24.90,24.80,23.70,23.80,24.30,23.60,23.50,24.00,24.50,22.60,24.00,25.50,22.90,23.40,20.70,21.50,22.00,20.30,21.70,25.80,25.80,24.40,22.40,23.20,21.30,23.50,21.10,24.80,21.90,20.10,23.30,20.20,21.10,20.50,20.10,22.20,23.60,23.20,20.80,24.70,22.30,20.10,23.90,24.90,25.70,23.60,20.60,20.80,23.10,21.30,24.00,22.90,25.60,22.60,22.80,23.60
TLM_RCV,-71,FG-ALPHA,20240415_083602,AUTO,0,31.11,5.00,-85,90.04,8.10,3.31,5.02,806,422,0,273,21.92,1013.40,11.80,404.90,12.56,48.55,1080,23.50,21.90,21.20,25.70,23.00,21.70,22.90,20.30,21.40,24.50,23.50,20.10,24.20,22.20,25.80,20.90,20.80,24.80,23.80,22.20,22.20,23.90,22.80,21.90,24.70,20.00,22.90,20.00,20.30,20.10,25.20,24.60,24.10,23.00,22.90,25.00,20.40,25.80,22.10,21.20,20.20,25.70,22.50,24.30,20.50,21.40,22.90,25.70,22.00,20.50,22.60,21.00,25.90,23.50,22.80,24.90,23.20,21.70,24.20,24.40,21.10,21.30,21.80,23.60
TLM_RCV,-49,FG-ALPHA,20240415_083603,AUTO,0,33.07,5.00,-85,90.10,8.10,3.28,5.02,1033,414,0,261,23.09,1013.20,11.80,404.60,12.56,48.55,1080,24.80,25.70,20.40,24.40,23.00,20.30,25.10,23.00,22.10,23.40,22.90,20.10,20.40,24.90,22.20,24.30,24.10,23.20,20.60,22.60,25.80,22.20,20.20,25.50,24.60,25.60,22.20,24.60,20.60,24.40,22.60,20.80,21.20,25.80,20.90,21.70,21.30,20.80,23.50,25.70,24.90,25.30,25.30,23.90,20.30,24.80,21.90,20.20,22.30,23.80,24.60,24.40,25.50,22.10,21.00,20.90,25.20,22.10,25.60,20.50,22.50,25.30,21.00,24.20
TLM_RCV,-59,FG-ALPHA,20240415_083604,AUTO,0,32.22,5.00,-85,90.16,8.10,3.28,5.02,1002,443,0,302,22.80,1013.20,11.80,406.10,12.56,48.55,1080,21.00,23.70,24.40,24.50,24.80,23.40,23.70,20.60,25.30,25.80,21.20,24.30,24.90,23.70,21.50,21.20,21.50,25.90,24.40,21.20,22.70,25.40,21.80,20.70,20.60,22.00,24.90,23.40,23.00,22.90,23.40,23.40,21.90,24.10,20.40,23.40,21.10,22.80,23.70,24.20,21.30,20.50,21.10,21.40,24.00,22.20,20.90,24.60,22.60,25.30,25.20,21.70,24.10,23.50,24.50,21.80,22.20,21.60,21.50,21.90,23.70,24.60,22.20,22.40
TLM_RCV,-66,FG-ALPHA,20240415_083605,AUTO,0,32.28,5.00,-85,90.20,8.10,3.31,5.02,944,456,0,303,22.44,1013.30,12.00,405.60,12.57,48.55,1080,25.80,20.50,24.40,25.70,23.00,24.00,23.90,20.40,21.00,25.00,23.20,21.70,20.30,25.50,24.30,21.70,22.30,20.10,23.30,20.50,22.30,21.60,22.70,20.10,20.00,20.60,22.60,22.40,23.40,24.70,22.70,22.50,24.40,23.30,20.80,23.50,20.50,23.20,22.30,25.00,22.70,20.80,20.50,23.20,24.10,24.80,24.10,25.30,24.70,24.40,25.00,21.40,22.50,24.40,23.80,23.50,22.50,21.70,21.30,21.60,25.40,20.40,22.50,23.80
TLM_RCV,-88,FG-ALPHA,20240415_083606,AUTO,0,33.38,5.00,-85,90.27,8.09,3.30,5.02,1133,477,0,335,23.28,1012.70,11.90,405.40,12.57,48.55,1080,23.30,22.10,22.70,23.60,20.70,23.80,20.50,23.30,20.50,24.50,24.20,25.20,24.70,25.20,25.80,23.90,22.20,22.70,23.70,20.10,24.20,25.80,24.30,21.40,25.70,21.10,23.80,23.20,22.80,21.70,23.20,22.10,25.90,24.70,21.00,23.40,20.50,21.00,22.40,20.80,23.70,23.40,22.50,21.50,25.80,21.10,25.00,25.90,25.20,20.70,24.20,24.40,20.40,25.60,25.00,24.60,21.00,24.80,24.20,24.60,20.10,21.00,24.90,20.70
TLM_RCV,-79,FG-ALPHA,20240415_083607,AUTO,0,31.17,5.00,-85,90.32,8.10,3.30,5.02,886,435,0,290,22.25,1013.20,11.90,406.40,12.57,48.55,1080,20.00,25.20,22.60,24.60,22.50,21.10,25.40,25.80,21.60,24.20,23.60,25.00,24.70,24.90,21.80,24.00,20.50,23.10,20.30,24.10,22.70,24.30,21.80,20.00,23.40,24.80,21.80,25.60,25.00,23.80,21.90,23.40,24.70,24.00,23.50,23.70,22.30,25.50,24.60,24.60,24.10,23.80,21.60,20.50,24.40,23.40,25.70,20.40,20.80,21.10,23.00,22.30,21.30,25.50,22.10,21.00,20.40,23.30,24.20,20.10,20.00,25.30,24.10,20.80
TLM_RCV,-85,FG-ALPHA,20240415_083608,AUTO,0,32.26,5.00,-85,90.36,8.10,3.28,5.02,882,451,0,303,22.16,1012.70,12.10,405.50,12.57,48.55,1080,25.60,20.00,20.60,23.80,24.60,22.30,24.20,21.20,23.70,21.40,21.60,21.30,23.70,24.90,22.00,25.70,22.00,21.70,25.20,23.90,25.60,21.30,21.30,20.20,22.50,20.80,21.10,23.40,24.20,20.20,22.30,25.50,23.90,21.80,23.90,22.70,20.30,21.40,21.70,24.00,22.40,20.90,21.70,23.00,22.60,22.30,22.40,20.70,24.90,25.00,21.00,24.20,22.60,21.00,24.70,20.60,24.80,20.30,23.90,22.30,21.10,25.40,22.50,21.70
TLM_RCV,-51,FG-ALPHA,20240415_083609,AUTO,0,32.44,5.00,-85,90.31,8.09,3.30,5.02,0,487,0,341,22.43,1013.00,11.80,405.40,12.57,48.55,1080,24.00,22.40,24.60,23.90,20.50,21.30,21.20,22.60,23.20,23.30,23.40,22.70,23.20,24.90,23.50,21.30,22.10,21.80,22.90,20.70,22.50,22.70,22.90,25.00,25.20,22.20,25.80,22.70,23.10,25.30,21.20,25.70,22.10,23.50,25.90,22.10,21.90,24.50,22.90,25.50,21.80,20.80,25.30,23.60,23.50,20.40,20.60,21.50,25.30,25.50,20.30,23.80,24.10,24.80,24.60,22.20,24.50,23.50,25.60,22.90,23.00,22.10,20.10,22.00
TLM_RCV,-50,FG-ALPHA,20240415_083610,AUTO,0,33.42,5.00,-85,90.26,8.09,3.30,5.02,0,483,0,325,22.42,1013.10,11.90,405.10,12.57,48.55,1080,21.00,23.30,23.60,20.00,22.60,25.00,25.10,23.60,23.20,20.30,21.20,25.80,24.30,20.80,20.70,23.20,24.90,22.90,23.50,20.50,21.70,24.30,23.30,25.70,20.30,24.20,25.20,21.10,24.80,22.20,21.20,22.80,24.40,24.10,22.70,21.80,20.40,20.30,22.80,22.10,21.70,23.90,23.80,20.80,23.10,23.10,20.30,23.90,22.20,22.80,25.60,24.60,21.40,22.30,21.80,25.00,23.80,24.10,23.00,20.70,23.70,21.60,24.90,25.40
TLM_RCV,-71,FG-ALPHA,20240415_083611,AUTO,0,32.03,5.00,-85,90.31,8.11,3.30,5.02,848,407,0,253,22.20,1012.80,11.90,404.50,12.57,48.55,1080,21.80,21.50,24.80,23.60,20.40,23.50,25.50,25.00,24.20,24.70,23.90,24.60,23.20,22.20,24.40,24.80,20.60,22.80,21.10,25.60,20.30,24.60,22.40,22.40,25.10,21.30,20.80,20.90,24.00,21.00,25.60,22.20,20.10,20.50,20.80,25.00,20.60,23.90,21.30,20.80,20.80,24.60,22.00,22.00,20.10,25.60,24.40,22.60,21.10,21.10,25.10,22.10,20.90,21.60,20.20,23.90,25.70,23.00,25.40,23.70,22.20,21.90,21.80,23.00
TLM_RCV,-43,FG-ALPHA,20240415_083612,AUTO,0,32.07,5.00,-85,90.36,8.11,3.30,5.02,952,414,0,258,22.69,1012.70,12.10,405.20,12.57,48.55,1080,20.50,23.60,21.70,22.50,25.90,21.70,23.50,21.50,25.90,20.60,21.80,21.80,23.20,23.90,23.00,24.90,25.40,23.20,23.60,21.50,23.20,22.50,22.70,20.40,20.90,23.60,24.30,24.90,22.00,22.70,21.10,22.90,21.60,24.80,23.50,23.90,24.90,22.00,22.70,21.80,24.70,20.40,21.50,25.20,23.00,21.30,20.60,25.10,21.80,21.70,20.10,24.10,24.00,22.20,20.90,23.00,25.10,25.70,25.70,25.40,24.70,23.30,23.30,25.20
TLM_RCV,-87,FG-ALPHA,20240415_083613,AUTO,0,33.17,5.00,-85,90.42,8.10,3.30,5.02,1044,434,0,279,23.05,1012.70,11.90,405.90,12.57,48.55,1080,24.60,21.90,24.90,23.00,22.50,20.80,25.50,25.80,21.60,23.40,21.60,25.80,23.30,25.40,25.70,25.80,20.70,20.80,21.00,25.30,24.70,21.20,22.40,23.30,25.30,25.20,20.30,22.30,20.20,24.30,22.40,20.60,21.90,23.00,20.60,22.60,25.60,21.90,23.20,21.60,24.30,20.70,22.20,22.50,20.10,20.20,22.00,24.20,22.90,24.50,23.80,25.80,24.30,24.20,22.90,24.50,23.40,25.00,25.60,24.70,23.90,24.00,21.30,22.30
TLM_RCV,-91,FG-ALPHA,20240415_083614,AUTO,0,32.15,5.00,-85,90.47,8.11,3.29,5.02,945,430,0,272,22.58,1013.20,12.00,405.50,12.57,48.55,1080,22.30,21.60,21.30,22.60,21.40,22.60,25.00,22.00,25.90,22.30,23.70,20.50,24.00,23.80,25.20,23.90,20.60,22.60,21.10,23.20,20.50,23.90,22.20,22.70,21.00,23.40,22.40,21.30,22.70,20.10,22.10,25.80,20.50,25.40,20.90,24.70,23.60,24.30,21.10,23.00,25.70,25.70,23.70,22.80,21.50,25.90,25.40,22.20,22.30,24.30,25.90,24.50,21.00,23.20,23.20,25.50,21.50,21.30,20.40,24.10,23.10,20.70,23.00,22.80
TLM_RCV,-90,FG-ALPHA,20240415_083615,AUTO,0,31.09,5.00,-85,90.52,8.11,3.29,5.02,868,418,0,271,22.25,1013.10,12.00,405.00,12.58,48.55,1080,21.50,25.30,21.30,25.70,20.10,24.80,24.60,25.90,20.90,21.40,20.30,20.90,23.60,23.80,23.90,20.70,20.30,23.00,23.90,20.70,24.20,22.90,23.40,25.10,23.70,22.20,21.20,23.70,20.70,24.50,21.50,24.50,21.40,20.70,25.70,20.40,25.10,20.40,21.70,20.60,25.40,24.70,24.60,25.80,25.60,20.00,20.10,21.70,24.40,22.70,22.10,22.50,23.20,22.80,24.30,24.70,24.50,24.80,24.50,25.60,22.40,24.00,24.20,24.60
TLM_RCV,-82,FG-ALPHA,20240415_083616,AUTO,0,32.12,5.00,-85,90.59,8.11,3.31,5.02,1145,424,0,267,23.60,1012.70,11.90,405.50,12.58,48.55,1080,22.20,23.50,24.20,23.20,25.60,23.80,24.40,21.10,22.20,23.70,23.70,20.40,25.30,22.40,24.40,24.30,23.40,24.60,24.60,24.60,20.50,21.00,22.30,21.20,20.60,25.30,20.00,22.40,24.90,24.60,20.00,21.80,22.80,24.50,21.20,21.80,25.30,23.00,22.50,22.90,23.00,23.40,23.80,25.90,20.70,24.90,22.00,25.90,25.20,21.20,24.40,23.70,24.60,20.70,23.40,21.90,23.30,22.20,22.70,25.40,25.60,25.30,20.50,22.20
TLM_RCV,-45,FG-ALPHA,20240415_083617,AUTO,0,33.06,5.00,-85,90.66,8.11,3.29,5.02,1172,412,0,261,23.80,1013.60,11.90,405.70,12.58,48.55,1080,23.00,25.90,24.60,21.40,24.30,23.30,23.00,24.10,78.80,22.70,22.60,20.10,25.40,22.60,20.70,22.40,24.60,21.10,22.20,23.50,22.70,22.20,23.00,22.90,24.90,23.90,21.80,23.60,25.50,20.30,23.50,20.70,20.50,23.40,25.40,23.60,20.50,22.70,25.60,24.60,21.40,23.80,23.00,21.90,23.40,24.40,22.00,24.60,25.00,25.80,22.60,21.50,24.40,25.00,20.10,22.90,25.60,24.80,21.30,23.30,23.30,24.60,24.90,22.90
TLM_RCV,-58,FG-ALPHA,20240415_083618,AUTO,0,31.41,5.00,-85,90.72,8.11,3.30,5.02,990,481,0,331,22.55,1013.50,12.00,406.40,12.58,48.55,1080,23.60,23.50,23.10,25.20,21.20,25.00,24.00,24.70,24.20,20.50,22.10,25.20,22.00,22.70,20.70,21.10,25.20,23.00,25.90,24.80,21.90,21.90,24.50,20.70,22.00,24.50,21.90,22.80,22.10,22.40,20.90,21.20,23.90,20.40,24.00,23.80,24.40,20.50,21.10,22.30,23.80,20.80,21.60,24.40,25.10,21.40,25.90,22.00,23.90,25.80,21.00,22.00,22.20,20.70,20.20,22.00,25.00,25.10,20.00,23.30,24.90,24.90,25.80,22.20
TLM_RCV,-60,FG-ALPHA,20240415_083619,AUTO,0,31.42,5.00,-85,90.78,8.11,3.29,5.02,1158,484,0,334,23.37,1013.20,11.90,405.30,12.58,48.55,1080,24.50,23.30,25.00,21.00,21.30,23.00,21.70,22.70,22.10,25.90,25.30,23.30,21.30,22.90,21.80,22.80,23.90,23.60,22.30,24.80,23.60,21.20,21.30,20.50,20.30,24.70,24.50,24.90,24.20,25.50,21.20,24.30,24.10,25.90,20.70,21.40,23.20,23.20,23.60,22.70,21.20,20.60,20.70,20.30,20.30,24.30,23.80,25.00,23.00,21.90,23.20,21.50,23.50,24.10,20.10,24.10,22.30,22.90,21.80,23.50,25.50,25.20,23.30,24.90
TLM_RCV,-49,FG-ALPHA,20240415_083620,AUTO,0,31.22,5.00,-85,90.86,8.11,3.30,5.02,1186,444,0,292,23.71,1013.60,12.00,405.90,12.58,48.55,1080,23.30,21.70,20.40,21.90,24.20,25.70,21.30,24.10,25.90,21.60,25.10,21.00,23.30,25.90,23.60,20.90,21.10,23.30,24.80,21.10,21.20,23.20,24.80,22.50,22.50,22.70,25.60,23.20,24.20,25.00,22.60,22.50,24.90,25.40,23.40,24.70,24.20,25.60,25.10,21.50,25.60,25.10,21.20,24.70,20.80,24.20,20.70,21.60,22.70,22.20,20.90,25.20,22.80,25.40,22.60,22.00,20.80,24.50,21.00,25.40,22.50,20.00,21.90,23.00
TLM_RCV,-64,FG-ALPHA,20240415_083621,AUTO,0,31.10,5.00,-85,90.82,8.12,3.31,5.02,0,421,0,278,22.10,1013.10,11.90,406.20,12.58,48.55,1080,20.80,20.10,21.10,24.30,23.60,24.60,25.90,23.10,21.40,20.00,20.10,24.60,21.40,20.30,24.90,21.70,21.80,20.10,20.80,21.70,20.50,22.70,23.80,22.30,21.00,24.10,21.20,25.20,20.00,25.40,23.30,20.90,23.80,24.00,20.70,25.70,23.10,21.60,20.50,24.60,20.00,21.90,21.90,25.30,25.50,23.50,25.30,21.60,21.90,25.50,20.00,24.30,20.40,22.00,22.70,25.70,21.80,20.30,20.30,24.30,20.00,21.50,21.60,24.60
TLM_RCV,-66,FG-ALPHA,20240415_083622,AUTO,0,32.43,5.00,-85,90.86,8.11,3.30,5.02,925,486,0,330,22.19,1013.60,11.80,405.20,12.58,48.55,1080,25.50,22.40,23.80,25.90,20.70,25.60,22.20,23.20,24.60,21.60,21.10,22.80,24.80,20.10,25.60,20.00,21.90,25.90,25.20,24.00,20.40,23.60,25.20,20.70,24.90,25.80,23.30,23.90,22.20,23.00,21.20,23.10,25.80,20.40,22.30,25.30,22.70,21.30,21.60,24.90,25.40,20.80,21.90,20.60,22.80,21.20,23.70,25.40,21.30,25.70,22.60,23.80,22.10,25.40,20.60,20.60,25.80,25.90,22.80,24.90,24.40,23.30,25.10,22.60
TLM_RCV,-54,FG-ALPHA,20240415_083623,AUTO,0,32.05,5.00,-85,90.91,8.12,3.30,5.02,905,410,0,261,22.48,1012.80,11.90,405.60,12.58,48.55,1080,22.30,23.20,22.60,20.90,23.50,22.70,23.00,24.60,24.20,24.40,22.50,21.50,20.00,21.90,25.90,22.60,23.00,20.70,21.00,25.80,20.90,21.60,24.50,22.60,21.70,21.50,20.90,21.60,25.40,21.10,24.80,23.30,23.40,25.30,21.50,22.90,24.90,25.90,22.90,21.30,22.70,21.00,21.20,24.70,20.20,20.40,24.30,21.70,24.50,25.70,24.00,24.60,22.40,22.80,21.20,21.40,22.40,25.90,20.40,24.00,24.30,21.70,20.90,23.20
TLM_RCV,-64,FG-ALPHA,20240415_083624,AUTO,0,32.02,5.00,-85,90.87,8.12,3.31,5.02,0,404,0,252,22.02,1013.40,11.90,406.30,12.58,48.55,1080,24.00,25.80,20.50,24.30,22.50,24.00,21.50,23.60,20.50,25.10,23.90,22.60,25.60,22.30,25.70,23.10,25.60,21.80,21.60,22.30,23.60,22.60,24.60,21.00,24.10,21.10,23.90,25.20,24.80,21.80,21.60,20.70,25.70,20.70,24.40,23.40,24.60,22.90,20.70,23.40,23.30,23.90,25.50,24.70,21.40,20.50,22.00,20.40,24.00,24.40,21.90,25.90,25.60,24.60,23.70,23.50,23.00,21.90,23.80,20.90,20.40,23.00,20.30,20.00
TLM_RCV,-95,FG-ALPHA,20240415_083625,AUTO,0,32.10,5.00,-85,90.92,8.12,3.28,5.02,894,421,0,280,22.36,1012.80,12.10,405.40,12.59,48.55,1080,21.40,23.50,24.10,21.30,25.20,23.50,21.80,24.90,24.80,25.40,20.40,25.00,24.70,25.40,23.60,22.00,24.10,23.30,22.40,21.20,22.30,21.90,23.70,24.60,22.50,23.10,21.30,21.90,24.10,23.10,23.90,21.50,25.80,25.10,21.20,20.90,25.80,23.30,22.80,23.60,22.70,24.00,24.00,23.20,20.20,20.10,24.10,23.60,23.20,22.30,23.40,22.20,20.80,24.00,25.40,20.40,24.10,23.80,22.80,20.60,20.70,23.60,21.40,25.60
TLM_RCV,-87,FG-ALPHA,20240415_083647,AUTO,0,31.19,5.00,-85,92.23,8.15,3.28,5.02,1064,439,0,295,23.12,1013.00,11.90,406.00,12.61,48.55,1080,20.90,23.90,24.40,22.00,25.00,21.30,21.60,23.90,24.70,22.00,23.10,23.30,24.90,21.70,21.90,21.30,21.90,23.50,25.30,22.10,20.30,22.90,20.10,22.70,23.90,25.90,20.80,23.80,23.30,22.40,20.20,23.50,23.10,20.80,20.00,25.90,23.30,22.30,21.00,24.30,24.40,23.30,21.40,23.90,20.00,25.20,23.50,21.70,21.20,20.50,24.80,20.20,24.30,24.30,20.40,21.10,20.50,23.00,20.90,23.20,21.00,21.30,20.70,23.50
TLM_RCV,-58,FG-ALPHA,20240415_083648,AUTO,0,32.42,5.00,-85,92.28,8.14,3.28,5.02,995,484,0,342,22.56,1013.20,12.00,405.60,12.61,48.55,1080,21.80,24.10,22.10,24.70,24.70,25.80,23.00,24.30,25.50,24.10,25.40,20.70,20.70,22.60,21.60,24.00,23.00,25.80,22.10,25.80,20.10,22.20,20.60,24.40,21.80,22.20,20.30,23.60,25.30,23.40,20.70,22.00,25.90,24.30,21.50,22.50,21.50,22.90,21.40,25.70,24.80,22.10,22.30,23.30,22.40,22.90,23.20,22.40,21.40,25.00,25.80,20.60,23.60,20.00,22.90,22.70,20.70,25.90,24.50,22.40,20.60,23.60,23.00,22.80
TLM_RCV,-91,FG-ALPHA,20240415_083649,AUTO,0,32.28,5.00,-85,92.35,8.15,3.29,5.02,1179,456,0,304,23.61,1012.80,12.10,404.80,12.61,48.55,1080,23.70,24.70,23.90,23.30,20.90,25.00,22.90,21.70,24.40,25.30,23.60,22.80,22.90,21.30,24.80,24.10,23.70,22.00,21.60,20.10,20.40,25.70,20.80,21.40,22.10,21.40,22.10,23.20,22.00,23.10,22.70,23.10,24.50,20.60,21.60,20.00,21.20,20.20,25.40,24.90,22.50,20.10,20.30,23.60,25.80,25.30,22.60,25.90,20.20,23.10,23.60,23.60,24.40,25.50,21.30,24.30,24.70,20.10,21.50,20.90,21.20,21.90,21.20,25.50
TLM_RCV,-43,FG-ALPHA,20240415_083650,AUTO,0,32.52,5.00,-85,92.39,8.14,3.30,5.02,826,504,0,349,21.61,1013.60,11.80,406.20,12.61,48.55,1080,22.30,20.80,23.50,24.20,22.20,24.50,24.60,22.30,25.80,21.60,22.30,24.00,22.50,24.50,20.30,23.40,23.00,23.30,23.30,25.00,24.40,25.50,22.10,21.40,22.20,24.30,24.60,24.30,20.50,25.50,25.30,25.60,20.10,22.30,20.30,24.20,25.70,20.10,21.80,23.60,23.30,23.00,25.20,25.70,21.80,23.90,24.50,22.80,20.70,23.00,23.90,24.80,22.00,24.20,21.20,22.40,23.30,21.10,22.20,20.80,25.20,21.40,20.70,21.10
TLM_RCV,-73,FG-ALPHA,20240415_083651,AUTO,0,33.47,5.00,-85,92.34,8.14,3.29,5.02,0,493,0,341,22.47,1012.70,12.00,405.70,12.61,48.55,1080,21.80,21.10,22.20,22.70,23.60,21.00,21.40,23.50,25.80,24.20,24.40,25.50,21.40,23.00,25.10,20.50,21.80,22.10,22.50,25.20,24.60,23.10,21.40,22.10,22.80,23.30,20.20,23.20,25.60,22.60,22.50,23.60,21.10,24.40,20.70,25.90,24.40,24.20,20.20,23.80,24.60,22.10,25.60,25.10,21.40,25.10,22.20,25.80,21.40,25.30,20.30,24.40,23.60,20.00,22.20,23.00,23.80,23.30,20.80,25.60,25.60,21.70,25.40,22.90
TLM_RCV,-63,FG-ALPHA,20240415_083652,AUTO,0,33.41,5.00,-85,92.37,8.14,3.29,5.02,844,482,0,332,21.81,1013.40,11.90,404.50,12.61,48.55,1080,20.40,23.50,86.60,22.90,24.40,21.60,24.30,24.60,21.90,20.50,22.50,24.10,23.70,21.60,22.90,20.10,20.30,23.50,23.90,25.60,20.20,23.30,21.20,22.70,25.90,20.50,22.70,24.80,24.60,22.60,22.50,25.40,24.90,21.90,25.10,20.70,25.20,20.20,22.70,21.40,20.50,25.10,20.60,20.00,24.90,24.80,24.40,21.70,23.80,21.30,22.90,23.30,23.70,20.80,23.10,23.70,23.00,25.50,24.60,22.10,23.70,23.40,20.10,25.50
TLM_RCV,-69,FG-ALPHA,20240415_083653,AUTO,0,32.05,5.00,-85,92.44,8.16,3.30,5.02,1101,410,0,269,23.45,1013.20,11.80,404.80,12.61,48.55,1080,24.90,24.50,23.50,20.90,24.50,22.00,20.40,22.30,23.90,25.50,25.20,25.70,23.30,22.60,24.30,22.40,24.70,24.00,21.90,22.00,22.30,20.70,22.30,21.00,25.20,22.90,23.70,22.20,24.70,20.20,22.50,21.10,24.30,20.30,23.00,25.70,25.40,25.20,23.60,22.60,24.90,22.50,25.30,21.50,23.00,24.70,22.70,24.80,20.40,21.60,21.60,20.40,21.90,21.40,21.90,25.50,23.10,20.30,24.80,20.30,25.30,24.80,22.10,22.90
TLM_RCV,-55,FG-ALPHA,20240415_083654,AUTO,0,33.06,5.00,-85,92.51,8.16,3.29,5.02,1101,411,0,265,23.45,1013.30,12.00,406.40,12.61,48.55,1080,23.10,24.80,24.10,21.20,25.30,20.60,23.00,21.40,23.20,25.90,25.80,25.70,23.80,24.10,21.10,20.40,23.90,25.90,25.00,25.40,25.80,25.40,21.50,23.20,24.20,24.80,25.80,22.20,24.80,20.20,25.50,23.80,22.00,25.10,25.00,24.90,21.90,20.20,20.00,24.90,20.10,25.80,24.50,23.80,23.30,22.90,21.60,24.50,21.70,23.20,22.20,23.30,23.20,23.60,24.30,24.50,21.10,23.80,24.20,23.90,25.30,25.00,20.90,22.40
TLM_RCV,-82,FG-ALPHA,20240415_083655,AUTO,0,32.26,5.00,-85,92.56,8.15,3.31,5.02,992,451,0,296,22.70,1013.30,12.00,404.60,12.62,48.55,1080,24.40,21.10,23.70,24.30,20.60,22.40,24.40,22.80,24.00,24.50,25.60,23.80,20.10,20.40,24.10,21.40,22.00,21.20,22.50,23.70,22.10,25.00,25.50,23.10,25.00,23.00,24.90,24.30,20.50,24.90,22.50,25.80,25.40,23.20,20.60,22.70,24.40,25.30,20.70,21.20,21.90,22.70,24.40,23.90,20.70,23.50,21.00,24.90,25.40,23.50,23.70,22.40,20.30,25.20,22.10,22.70,23.60,21.10,25.90,25.80,25.30,21.30,21.50,20.50
TLM_RCV,-90,FG-ALPHA,20240415_083656,AUTO,0,31.10,5.00,-85,92.62,8.16,3.30,5.02,926,421,0,279,22.52,1013.10,11.90,404.80,12.62,48.55,1080,24.90,20.50,24.50,23.10,24.50,22.20,23.10,22.80,24.80,24.00,22.20,20.00,22.50,22.70,25.20,21.20,22.80,20.60,21.60,22.10,24.30,24.60,22.20,25.60,22.20,23.60,22.10,23.90,20.60,22.70,23.20,20.10,22.40,24.90,24.80,22.90,25.60,22.50,20.10,22.80,21.50,24.60,22.80,22.60,20.40,22.00,24.70,24.00,21.70,20.00,21.90,20.10,23.30,24.30,22.30,25.50,21.90,21.40,24.80,20.10,25.00,20.90,20.20,25.00
TLM_RCV,-82,FG-ALPHA,20240415_083657,AUTO,0,31.32,5.00,-85,92.69,8.16,3.31,5.02,1179,463,0,323,23.58,1013.50,11.90,404.80,12.62,48.55,1080,20.30,21.80,23.60,20.20,24.70,20.50,25.50,22.20,22.10,23.10,24.80,23.10,23.30,22.00,25.80,23.00,21.70,20.30,23.00,24.90,21.80,24.00,20.40,20.80,24.10,20.70,25.60,25.30,22.10,25.50,23.60,23.20,22.30,22.60,21.10,22.20,87.20,23.00,23.20,20.50,23.20,21.80,23.50,21.20,25.10,22.30,24.50,24.60,25.20,24.10,23.30,22.90,20.40,25.20,25.00,21.10,25.40,20.80,23.30,21.40,24.70,25.20,21.20,25.60
TLM_RCV,-82,FG-ALPHA,20240415_083658,AUTO,0,31.33,5.00,-85,92.64,8.15,3.30,5.02,0,467,0,314,22.33,1012.90,12.10,406.30,12.62,48.55,1080,22.90,22.30,22.40,20.60,21.70,21.50,23.70,24.70,24.10,25.80,23.20,23.20,22.40,21.60,20.20,23.60,21.20,21.10,20.30,20.50,21.90,22.90,21.40,21.80,22.30,22.20,24.10,20.70,86.30,23.10,23.70,24.20,24.50,22.30,23.00,22.80,25.10,25.80,23.10,22.20,20.50,21.40,24.20,25.40,24.20,21.90,22.80,23.20,25.40,21.70,22.10,24.20,20.50,25.90,23.40,25.40,22.20,24.40,25.70,23.70,21.60,20.80,20.10,25.00
TLM_RCV,-94,FG-ALPHA,20240415_083659,AUTO,0,31.07,5.00,-85,92.71,8.16,3.31,5.02,1158,413,0,273,23.73,1013.00,12.10,405.50,12.62,48.55,1080,25.30,24.40,22.80,24.00,23.80,25.00,20.60,25.50,23.40,24.20,24.50,24.70,21.50,22.50,23.10,23.30,21.10,25.50,22.80,23.60,20.40,20.80,20.80,24.60,20.50,21.00,21.80,23.10,20.00,23.30,22.20,21.80,22.60,22.20,22.70,25.60,24.10,22.20,24.40,25.80,23.10,23.70,24.10,24.60,21.50,25.50,25.20,21.10,20.70,24.80,24.20,23.40,23.00,22.60,22.20,25.30,23.80,22.70,20.60,25.00,24.80,25.60,23.50,21.00
TLM_RCV,-84,FG-ALPHA,20240415_083700,AUTO,0,31.01,5.00,-85,92.78,8.17,3.29,5.02,1028,403,0,258,23.12,1013.30,12.00,405.60,12.62,48.55,1080,24.50,20.50,23.60,24.50,25.20,20.00,25.10,24.10,22.70,21.90,23.20,20.70,24.80,22.10,24.70,21.70,25.10,25.60,22.00,20.30,21.40,23.00,21.40,20.10,22.00,20.90,25.10,20.40,24.80,24.20,23.20,21.70,20.70,25.70,23.20,21.90,23.50,21.60,22.70,23.20,21.70,21.00,25.50,25.50,20.70,25.10,20.50,23.10,22.70,20.50,25.60,25.20,24.00,22.00,24.00,22.20,20.80,25.60,25.10,24.70,25.00,20.60,20.90,21.40
TLM_RCV,-82,FG-ALPHA,20240415_083701,AUTO,0,32.42,5.00,-85,92.82,8.16,3.28,5.02,935,483,0,325,22.26,1013.60,11.80,405.50,12.62,48.55,1080,22.00,22.80,20.30,22.90,22.10,23.80,24.60,23.10,23.70,22.60,24.70,25.50,25.30,20.30,23.20,23.70,21.80,24.20,21.10,23.70,25.90,22.90,25.80,22.10,24.50,22.60,23.00,20.20,23.60,20.80,23.00,23.00,21.60,22.90,22.30,23.50,20.80,20.10,20.90,21.10,25.80,21.30,24.30,25.90,20.00,21.10,20.20,21.30,22.10,25.30,25.80,25.50,21.30,25.20,24.60,24.90,23.80,20.40,23.70,22.90,24.60,24.90,24.60,25.40
TLM_RCV,-82,FG-ALPHA,20240415_083702,AUTO,0,33.10,5.00,-85,92.90,8.17,3.29,5.02,1193,420,0,270,23.86,1013.10,12.10,405.90,12.62,48.55,1080,22.40,21.80,21.00,22.40,20.40,21.10,20.70,21.40,24.30,24.00,24.90,21.80,21.20,25.30,20.00,21.50,24.80,22.40,22.10,21.80,21.90,23.30,24.10,20.10,20.50,23.50,25.40,22.70,24.00,24.60,22.50,20.50,25.40,20.60,25.40,22.30,20.80,21.40,25.70,20.10,21.10,21.20,24.80,24.30,23.10,21.70,25.80,20.20,23.20,22.30,23.90,21.70,23.00,21.40,22.10,23.10,21.80,21.60,25.60,20.30,25.10,24.90,24.70,24.90
TLM_RCV,-72,FG-ALPHA,20240415_083703,AUTO,0,32.12,5.00,-85,92.86,8.16,3.30,5.02,0,424,0,266,22.12,1013.50,11.80,405.70,12.62,48.55,1080,25.60,22.30,20.60,25.20,22.20,22.80,21.70,24.70,20.10,24.50,24.60,21.20,25.40,23.90,22.90,22.90,25.40,25.10,25.20,22.30,22.60,25.20,24.30,24.60,21.80,20.90,25.90,22.60,25.10,24.30,25.10,22.50,24.20,25.30,24.90,21.30,21.70,25.30,22.10,21.40,25.80,24.80,20.00,25.80,24.20,20.50,24.20,22.50,25.30,23.60,20.10,23.30,21.10,23.70,24.10,23.80,20.80,25.30,22.00,24.70,25.00,20.80,24.20,23.70
TLM_RCV,-52,FG-ALPHA,20240415_083704,AUTO,0,32.46,5.00,-85,92.90,8.16,3.29,5.02,934,492,0,344,22.21,1013.10,12.10,406.00,12.62,48.55,1080,20.80,22.30,23.10,21.20,25.50,22.30,24.60,24.90,21.20,22.70,21.80,21.70,24.10,24.60,20.50,24.90,25.20,24.10,21.40,20.80,23.20,23.80,20.80,25.80,24.10,25.80,22.90,21.50,25.70,25.10,20.00,22.60,24.70,22.00,20.90,23.60,20.20,24.70,20.60,23.60,20.10,22.10,22.10,25.10,23.70,25.50,24.20,25.80,25.40,22.90,23.50,20.50,22.50,23.40,23.70,21.30,22.20,20.70,20.00,24.80,20.10,25.50,25.00,23.60
TLM_RCV,-46,FG-ALPHA,20240415_083705,AUTO,0,32.14,5.00,-85,92.96,8.17,3.30,5.02,1055,428,0,280,23.14,1013.40,11.90,406.40,12.63,48.55,1080,24.50,21.40,22.10,23.10,20.10,25.70,21.40,20.00,24.00,23.60,24.90,25.00,21.40,24.40,24.50,20.10,25.90,21.00,24.70,25.90,22.80,20.30,24.80,22.80,22.50,21.10,23.70,23.20,21.20,22.80,23.80,21.70,25.60,20.20,23.10,25.10,23.10,24.70,22.60,22.20,20.80,24.10,24.80,23.80,22.70,25.70,23.00,22.20,24.00,22.80,25.30,21.60,22.30,20.20,20.80,22.90,21.40,20.40,20.50,25.00,20.00,23.80,23.50,22.40
TLM_RCV,-43,FG-ALPHA,20240415_083706,AUTO,0,31.24,5.00,-85,93.01,8.17,3.30,5.02,911,447,0,303,22.32,1013.60,11.90,404.70,12.63,48.55,1080,20.10,25.50,25.70,21.20,21.70,23.20,23.80,22.30,24.60,20.50,24.40,22.90,21.70,25.00,22.20,23.90,23.80,21.20,24.50,23.00,23.40,25.30,23.10,21.30,20.30,22.50,25.80,21.80,20.10,21.70,24.60,23.70,22.50,23.60,22.90,21.80,24.90,25.00,22.20,25.10,24.80,20.50,25.00,20.80,21.40,23.80,22.70,21.10,21.90,21.60,20.50,22.70,25.10,24.80,23.90,23.80,21.50,24.20,25.70,21.00,25.10,24.00,23.00,22.60
TLM_RCV,-84,FG-ALPHA,20240415_083707,AUTO,0,32.40,5.00,-85,93.05,8.16,3.30,5.02,904,479,0,338,22.12,1012.80,12.10,404.50,12.63,48.55,1080,23.60,22.90,24.80,20.40,21.20,21.10,22.30,21.70,20.80,22.40,22.30,21.00,20.10,25.60,21.50,24.70,23.40,24.40,21.50,20.80,20.30,20.30,24.40,22.60,25.80,21.60,23.00,20.60,20.30,20.80,21.50,20.60,22.40,23.40,22.50,70.70,22.80,25.90,24.90,22.80,25.00,23.90,25.40,21.40,25.80,21.70,24.90,20.90,22.60,20.60,24.00,22.60,24.50,24.10,24.40,23.20,21.00,24.20,24.90,25.10,25.40,22.30,22.70,20.60
TLM_RCV,-41,FG-ALPHA,20240415_083708,AUTO,0,33.08,5.00,-85,93.10,8.17,3.30,5.02,883,416,0,268,22.33,1013.40,11.80,405.00,12.63,48.55,1080,23.90,20.20,24.00,24.00,25.60,21.60,25.80,21.20,25.60,23.10,22.10,22.40,21.20,23.70,22.60,21.30,25.40,24.90,24.40,20.40,23.40,21.20,25.40,21.60,23.10,22.60,22.90,20.40,20.70,20.80,25.40,25.30,25.50,22.50,21.00,23.70,25.10,20.20,21.40,25.80,25.90,25.90,22.20,21.90,23.80,20.80,21.50,24.60,24.30,20.50,23.40,25.10,25.70,22.80,21.90,21.30,25.90,22.70,21.20,20.60,22.90,20.00,25.70,22.30
TLM_RCV,-80,FG-ALPHA,20240415_083709,AUTO,0,33.47,5.00,-85,93.17,8.16,3.28,5.02,1198,495,0,348,23.51,1013.20,12.10,404.50,12.63,48.55,1080,21.40,20.00,20.90,22.90,24.40,20.70,24.40,20.70,20.20,22.50,24.40,24.30,24.90,22.80,24.30,25.80,22.60,20.90,20.80,23.40,21.10,25.40,24.90,20.80,22.30,21.40,20.80,23.50,21.10,23.70,22.50,21.30,24.30,22.20,23.20,22.70,24.20,25.20,22.00,23.40,23.30,20.90,25.50,22.60,20.50,25.70,23.40,21.20,23.10,25.50,23.00,22.20,23.60,22.00,22.40,22.10,22.00,22.30,25.30,20.50,23.00,21.80,25.90,20.40
TLM_RCV,-93,FG-ALPHA,20240415_083710,AUTO,0,31.42,5.00,-85,93.12,8.16,3.30,5.02,0,484,0,344,22.42,1013.20,11.80,404.80,12.63,48.55,1080,23.30,20.10,23.90,20.00,25.70,20.80,22.30,22.50,21.70,20.70,22.20,22.10,24.50,24.30,23.20,24.30,24.20,24.90,21.10,24.20,23.10,23.50,25.90,21.10,25.60,21.40,24.60,21.90,22.80,24.50,23.70,23.00,22.10,22.10,21.50,25.80,21.10,25.30,24.60,20.60,21.60,25.10,21.60,22.70,22.60,20.40,20.20,21.80,20.10,21.60,21.10,22.10,23.50,25.00,25.40,25.80,22.70,20.70,23.70,24.80,25.60,20.10,23.90,23.80
TLM_RCV,-40,FG-ALPHA,20240415_083711,AUTO,0,33.45,5.00,-85,93.16,8.16,3.28,5.02,871,490,0,340,21.91,1013.60,11.90,405.00,12.63,48.55,1080,20.80,23.10,23.90,24.10,23.20,25.90,23.60,23.70,22.40,25.00,21.70,23.90,20.30,25.50,21.30,24.70,23.50,25.20,21.20,22.60,22.30,25.80,20.30,24.60,25.40,22.60,25.90,25.70,22.70,25.00,25.10,22.80,23.60,21.90,21.50,24.70,24.20,22.30,25.70,21.90,74.80,20.70,22.20,23.50,21.80,22.50,24.00,22.00,23.90,20.60,23.70,24.70,25.40,21.70,25.90,22.00,24.00,25.70,24.90,22.20,23.00,20.00,20.80,24.50
TLM_RCV,-70,FG-ALPHA,20240415_083712,AUTO,0,32.42,5.00,-85,93.20,8.16,3.28,5.02,891,484,0,338,22.03,1012.90,12.10,405.00,12.63,48.55,1080,23.10,24.40,24.10,25.50,25.70,24.00,25.60,23.10,25.30,21.10,22.80,24.90,20.70,25.50,25.30,20.80,20.30,25.80,23.90,21.20,23.80,25.90,22.30,21.30,24.90,24.90,25.40,24.80,25.40,20.70,22.40,20.50,23.60,23.50,22.80,24.80,25.10,20.40,21.10,23.70,21.90,21.10,24.70,24.30,20.00,25.80,20.40,22.60,21.30,22.30,25.80,20.10,21.80,21.20,22.20,23.80,22.00,21.50,20.60,20.40,20.50,21.70,21.60,25.80
TLM_RCV,-86,FG-ALPHA,20240415_083713,AUTO,0,33.29,5.00,-85,93.24,8.17,3.29,5.02,890,459,0,312,22.16,1013.60,12.10,405.40,12.63,48.55,1080,25.70,25.10,25.70,22.40,22.70,22.40,22.80,23.70,25.60,25.30,25.00,22.50,20.40,22.20,25.70,24.30,23.20,24.10,24.30,20.90,20.70,21.10,22.40,24.60,24.60,23.10,24.90,22.80,24.00,21.90,25.60,25.80,25.70,24.30,23.00,23.30,24.10,20.40,20.80,23.70,25.90,23.80,22.20,23.10,23.30,22.20,25.60,22.00,25.20,23.60,21.10,23.40,21.70,25.50,22.40,24.00,22.40,23.50,24.90,23.90,24.10,22.10,22.60,20.90
TLM_RCV,-63,FG-ALPHA,20240415_083714,AUTO,0,33.19,5.00,-85,93.20,8.17,3.31,5.02,0,438,0,279,22.19,1013.50,12.00,405.30,12.63,48.55,1080,22.60,24.20,23.40,22.00,20.00,21.10,21.10,24.50,23.30,21.90,23.60,22.60,22.10,21.60,20.50,20.70,25.10,24.00,21.40,21.20,23.70,22.60,23.70,20.60,20.30,21.30,20.00,25.30,24.30,24.30,22.70,24.60,22.30,23.10,24.70,20.40,25.80,23.50,25.20,23.30,21.60,22.60,24.50,20.30,25.40,22.80,24.90,24.90,21.40,25.50,22.20,21.00,23.80,23.50,22.40,20.80,22.90,22.20,21.40,22.90,20.70,22.70,23.50,25.00
TLM_RCV,-59,FG-ALPHA,20240415_083715,AUTO,0,31.10,5.00,-85,93.25,8.18,3.31,5.02,968,420,0,273,22.74,1013.20,12.10,404.70,12.64,48.55,1080,24.00,25.90,23.80,22.40,21.20,22.40,20.80,24.20,24.20,23.30,24.10,20.10,22.80,25.90,23.90,24.20,22.30,23.30,21.50,20.40,21.50,24.70,24.50,21.40,21.00,21.30,21.10,23.60,20.00,24.90,20.70,23.30,25.40,22.40,24.40,25.90,24.20,21.80,24.20,23.40,25.90,24.60,20.30,25.30,23.50,20.70,22.60,25.70,21.50,25.10,20.40,23.00,24.10,23.30,23.90,25.80,25.00,23.20,23.50,20.00,21.10,20.00,21.80,20.50
TLM_RCV,-88,FG-ALPHA,20240415_083716,AUTO,0,33.48,5.00,-85,93.30,8.16,3.29,5.02,969,496,0,348,22.36,1013.50,12.00,405.90,12.64,48.55,1080,23.40,24.60,21.10,24.10,20.10,24.10,21.30,22.70,24.50,21.00,21.20,22.60,25.70,21.50,22.50,21.50,25.50,24.40,23.00,21.70,21.30,22.00,25.70,25.80,22.80,25.70,25.70,23.10,23.10,23.20,22.10,23.20,22.70,22.50,25.30,20.40,20.60,22.70,25.80,21.80,24.50,21.50,22.90,24.40,20.00,23.70,23.10,25.10,22.90,23.30,24.20,20.90,24.90,23.80,20.70,20.20,22.30,24.20,23.80,23.60,22.00,25.40,23.40,23.10
TLM_RCV,-42,FG-ALPHA,20240415_083717,AUTO,0,32.21,5.00,-85,93.35,8.17,3.28,5.02,918,441,0,296,22.39,1013.00,11.90,405.90,12.64,48.55,1080,20.30,23.20,20.80,25.70,23.60,23.70,24.60,20.00,21.40,24.60,21.60,20.70,23.80,20.30,22.20,22.70,23.40,20.90,20.10,22.30,23.20,20.20,20.80,21.70,20.50,24.20,25.80,24.20,24.70,21.90,24.00,24.70,24.00,24.00,20.50,21.40,21.00,25.30,25.40,22.50,24.40,22.00,24.90,25.40,22.60,21.30,22.10,23.30,21.20,22.20,22.90,23.90,23.30,25.00,23.50,22.90,21.40,22.60,24.40,21.20,23.10,22.70,23.60,24.20
TLM_RCV,-79,FG-ALPHA,20240415_083718,AUTO,0,31.12,5.00,-85,93.31,8.18,3.29,5.02,0,425,0,277,22.12,1012.90,11.90,406.00,12.64,48.55,1080,24.60,22.50,25.50,22.50,22.60,22.20,25.30,24.70,22.30,25.30,20.20,22.50,22.60,22.60,20.40,20.20,21.70,21.00,24.00,21.00,22.80,24.10,21.30,21.60,21.70,23.40,25.50,24.70,22.80,24.10,20.30,24.40,23.70,21.90,22.10,21.20,21.00,20.10,22.60,25.40,24.70,20.90,23.80,22.80,25.50,22.00,24.60,21.40,25.30,24.70,21.30,24.80,24.50,21.20,24.40,20.30,22.90,24.10,22.00,25.10,21.50,24.70,23.40,23.50
TLM_RCV,-78,FG-ALPHA,20240415_083719,AUTO,0,32.36,5.00,-85,93.37,8.17,3.29,5.02,1103,472,0,322,23.16,1013.50,12.10,404.50,12.64,48.55,1080,25.80,25.40,24.30,20.20,25.90,23.60,20.60,23.70,20.20,22.40,20.10,22.30,25.40,24.50,23.00,25.50,23.70,20.40,21.00,20.10,20.30,24.20,24.50,21.70,23.90,24.80,23.90,22.20,25.40,21.30,22.50,22.50,25.50,22.40,21.20,23.40,25.70,22.60,20.40,20.00,24.00,20.30,22.40,25.30,24.40,21.30,22.00,21.60,25.70,25.80,22.80,22.10,22.40,21.10,24.50,22.80,24.70,21.00,21.00,21.30,23.50,24.80,21.10,24.40
TLM_RCV,-74,FG-ALPHA,20240415_083720,AUTO,0,33.28,5.00,-85,93.41,8.17,3.31,5.02,831,456,0,307,21.87,1013.20,11.80,405.80,12.64,48.55,1080,22.20,21.40,21.80,22.50,21.70,20.10,21.60,25.50,24.40,22.40,21.90,21.40,21.90,21.00,23.90,21.70,22.90,20.10,23.50,21.10,20.00,22.10,24.60,20.40,21.60,20.30,23.40,24.70,22.30,21.20,25.20,21.00,23.60,23.40,25.60,23.00,25.60,21.50,20.50,21.30,23.30,21.50,21.60,25.60,21.40,20.10,21.30,25.60,25.50,23.00,25.60,22.60,25.20,20.20,20.10,24.90,22.60,23.80,22.50,23.90,25.10,21.10,25.30,23.70
TLM_RCV,-89,FG-ALPHA,20240415_083721,AUTO,0,31.34,5.00,-85,93.36,8.17,3.28,5.02,0,468,0,324,22.34,1013.30,11.80,405.70,12.64,48.55,1080,25.20,23.80,20.90,22.40,20.90,23.30,25.80,25.00,23.50,21.20,24.60,24.90,25.50,20.10,24.40,23.90,22.80,21.20,25.20,22.80,20.10,21.60,22.90,20.50,24.10,25.70,22.70,23.70,24.40,25.00,24.10,20.90,25.50,23.00,21.20,24.40,23.20,25.10,20.80,24.80,21.40,21.60,22.90,25.50,25.80,22.20,21.00,20.40,23.20,23.50,24.50,25.90,23.60,24.90,24.80,22.50,24.60,21.10,20.60,24.30,25.90,23.50,23.70,20.90
TLM_RCV,-64,FG-ALPHA,20240415_083722,AUTO,0,32.47,5.00,-85,93.40,8.17,3.29,5.02,881,495,0,346,21.93,1012.90,12.00,406.30,12.64,48.55,1080,22.30,21.90,24.90,21.00,23.40,24.60,22.60,22.90,24.10,21.30,21.00,22.00,22.50,20.10,21.80,25.20,25.90,21.60,23.70,22.90,22.50,20.70,24.70,25.30,25.90,23.70,25.40,25.30,20.50,22.70,21.90,20.90,20.80,23.50,23.40,24.20,21.30,20.40,20.30,21.20,21.70,22.80,24.20,25.30,20.60,21.20,21.20,25.90,20.30,23.70,22.00,21.90,24.20,21.20,20.90,21.20,20.00,20.40,25.90,22.70,22.50,21.70,22.10,24.60
TLM_RCV,-93,FG-ALPHA,20240415_083723,AUTO,0,31.09,5.00,-85,93.48,8.18,3.31,5.02,1199,418,0,274,23.91,1012.80,11.90,404.80,12.64,48.55,1080,22.30,24.90,20.20,23.20,24.50,22.70,24.10,21.20,21.60,25.80,25.40,25.30,22.10,24.80,23.20,22.40,20.30,20.70,22.20,23.50,25.50,25.50,22.90,20.90,20.50,24.70,20.00,25.10,25.60,23.10,24.50,25.30,20.40,20.50,21.90,23.40,23.90,21.20,24.40,22.20,21.80,22.00,21.70,25.40,21.90,23.60,20.90,22.20,22.60,23.80,24.50,25.90,21.70,23.50,20.60,24.00,24.00,21.00,25.10,20.60,25.30,22.00,24.30,22.90
TLM_RCV,-56,FG-ALPHA,20240415_083724,AUTO,0,31.38,5.00,-85,93.43,8.17,3.30,5.02,0,476,0,327,22.38,1013.10,11.90,405.20,12.64,48.55,1080,23.00,24.10,24.90,20.30,21.60,23.00,22.00,21.30,20.20,25.90,23.00,22.40,22.20,20.80,23.60,20.80,23.60,23.30,21.10,23.90,21.60,23.30,21.20,22.40,22.40,24.20,21.70,22.70,23.70,25.20,23.50,24.60,21.00,25.40,20.30,20.30,24.80,23.00,21.70,24.70,21.10,23.00,24.50,24.50,24.10,25.20,25.50,20.30,22.10,22.60,24.00,21.50,25.20,23.70,22.50,21.00,22.90,20.80,23.60,23.60,21.70,22.10,23.50,20.50
TLM_RCV,-66,FG-ALPHA,20240415_083725,AUTO,0,31.06,5.00,-85,93.50,8.18,3.30,5.02,1132,412,0,265,23.60,1012.70,11.80,405.80,12.65,48.55,1080,20.00,21.00,25.80,20.90,20.00,21.80,24.00,25.90,22.90,22.00,25.60,24.80,22.10,22.40,21.50,20.50,22.50,21.70,24.60,20.00,23.50,22.90,24.10,20.70,24.40,24.40,22.10,22.00,23.70,21.50,21.00,24.10,22.30,22.40,25.00,25.10,25.70,20.20,23.30,24.70,21.40,25.10,24.90,23.30,20.00,23.80,25.50,24.60,21.30,24.40,21.90,20.30,22.50,23.90,20.80,20.10,24.80,21.50,25.80,24.10,24.30,25.50,23.50,22.20
TLM_RCV,-72,FG-ALPHA,20240415_083726,AUTO,0,32.12,5.00,-85,93.55,8.18,3.29,5.02,893,423,0,272,22.35,1012.70,11.90,404.90,12.65,48.55,1080,25.10,23.00,21.80,23.90,22.30,23.80,20.70,22.90,20.30,20.60,23.60,22.70,20.00,21.50,23.50,20.00,25.30,22.50,23.70,25.80,25.80,20.80,25.20,20.20,23.80,21.50,21.20,22.90,21.10,25.30,23.20,20.30,25.00,20.70,21.80,24.40,20.70,24.10,21.50,23.60,22.80,22.90,25.20,24.90,22.50,23.70,20.50,25.20,23.80,20.80,21.00,22.70,24.80,25.70,21.40,20.50,23.10,23.50,21.80,21.90,23.30,25.90,25.80,22.40
TLM_RCV,-60,FG-ALPHA,20240415_083727,AUTO,0,32.44,5.00,-85,93.50,8.17,3.28,5.02,0,487,0,334,22.43,1013.60,12.00,405.20,12.65,48.55,1080,21.80,21.60,22.10,24.70,23.70,24.20,21.80,24.90,23.70,25.60,20.10,24.60,20.20,25.50,21.30,24.10,23.70,22.30,21.80,24.60,22.50,23.20,20.40,21.00,23.50,21.70,20.10,25.00,23.50,23.00,21.80,23.80,20.70,21.50,25.50,20.20,22.10,20.00,20.10,25.20,25.70,24.70,25.60,25.90,21.60,23.30,20.20,23.20,22.50,23.30,23.20,24.70,21.30,25.60,20.90,20.20,20.50,20.40,24.10,24.30,24.60,24.20,23.40,23.00
TLM_RCV,-47,FG-ALPHA,20240415_083749,AUTO,0,33.44,5.00,-85,94.69,8.20,3.30,5.02,0,488,0,336,22.44,1013.60,11.90,405.50,12.67,48.55,1080,25.40,21.30,25.40,22.10,25.20,23.00,24.90,22.30,24.80,20.40,22.40,24.80,22.00,21.80,24.60,23.20,21.40,24.00,22.10,22.80,23.60,25.50,21.20,23.50,25.90,23.40,22.20,22.50,25.10,23.20,25.30,23.80,25.40,22.90,20.00,21.90,20.10,23.70,22.80,22.40,20.60,23.90,20.00,21.20,25.90,23.40,24.00,24.60,21.80,21.90,24.00,22.70,20.00,21.90,24.30,20.80,25.90,23.80,24.70,21.80,23.30,23.70,24.40,24.60
TLM_RCV,-82,FG-ALPHA,20240415_083750,AUTO,0,33.04,5.00,-85,94.73,8.21,3.29,5.02,823,408,0,252,22.08,1013.30,12.10,404.80,12.67,48.55,1080,20.50,20.60,21.90,23.80,22.60,20.00,22.60,21.90,25.40,20.40,22.80,21.60,20.20,23.30,21.70,25.50,21.70,21.60,20.80,21.60,22.20,20.90,23.00,22.30,22.90,20.50,23.80,20.40,25.40,25.50,25.10,22.40,24.90,20.90,23.10,24.20,21.70,22.50,20.20,23.40,23.90,25.40,20.90,21.90,22.80,24.70,25.10,25.40,22.10,20.90,22.20,20.90,22.80,21.40,25.20,20.90,23.30,25.80,20.20,23.40,23.90,24.40,22.30,25.60
TLM_RCV,-95,FG-ALPHA,20240415_083751,AUTO,0,33.03,5.00,-85,94.77,8.21,3.29,5.02,825,406,0,258,22.09,1012.80,12.00,405.30,12.67,48.55,1080,20.60,23.80,23.80,21.00,23.60,24.10,22.60,20.10,20.40,25.20,23.60,22.30,24.10,25.40,24.90,23.30,22.30,20.50,23.00,23.60,23.40,23.50,22.20,20.90,24.70,20.60,20.80,20.70,25.40,22.40,23.20,23.90,23.30,20.60,23.20,20.20,21.70,22.50,22.80,24.80,24.00,21.20,22.00,20.40,23.30,21.60,20.60,24.40,24.10,22.90,21.90,24.60,25.90,23.80,24.70,22.70,23.40,25.70,25.50,23.70,25.00,25.30,23.20,22.00
TLM_RCV,-69,FG-ALPHA,20240415_083752,AUTO,0,31.28,5.00,-85,94.72,8.20,3.29,5.02,0,457,0,315,22.28,1012.80,12.10,405.00,12.67,48.55,1080,23.00,22.80,24.60,22.90,24.50,25.10,24.70,20.40,23.80,23.60,25.40,22.80,23.20,21.60,25.60,25.40,20.50,23.50,25.10,25.30,24.20,23.50,24.10,25.40,24.20,24.00,21.50,25.50,25.50,21.70,21.70,25.50,24.60,24.60,23.70,22.70,24.00,24.80,22.50,21.10,24.60,25.00,21.80,21.80,22.40,20.40,21.70,21.00,21.20,25.80,22.30,20.40,23.20,25.10,23.70,22.60,24.50,20.50,20.20,24.80,23.60,20.40,23.80,23.90
TLM_RCV,-67,FG-ALPHA,20240415_083753,AUTO,0,31.08,5.00,-85,94.79,8.21,3.29,5.02,1057,416,0,259,23.20,1013.50,11.90,406.30,12.67,48.55,1080,25.50,25.30,20.30,23.10,22.00,23.00,24.50,23.60,21.30,20.30,20.90,23.20,21.30,20.70,24.00,20.90,20.30,25.60,24.80,23.40,20.20,22.90,22.50,20.20,21.50,21.80,24.00,25.00,20.10,22.00,24.70,25.30,24.60,21.80,20.90,24.50,24.40,23.00,25.20,25.90,22.10,22.80,21.40,23.50,24.40,25.70,25.60,21.60,25.30,24.50,21.00,20.50,23.60,20.50,20.60,24.00,24.50,24.60,22.30,24.50,24.80,20.40,21.60,21.70
TLM_RCV,-93,FG-ALPHA,20240415_083754,AUTO,0,31.17,5.00,-85,94.84,8.21,3.29,5.02,965,435,0,291,22.65,1013.50,12.10,405.60,12.67,48.55,1080,22.90,22.80,21.10,22.10,24.50,23.70,24.70,24.00,24.90,22.00,22.40,21.50,23.50,20.10,24.70,23.70,25.40,21.20,23.30,21.50,23.40,21.40,24.90,21.80,23.30,20.40,22.30,25.70,23.80,25.60,20.10,21.50,25.30,20.70,23.00,21.30,22.90,21.50,21.00,21.00,20.90,24.30,21.80,24.30,23.70,20.40,22.80,25.80,20.50,20.10,21.40,22.10,25.60,21.50,23.30,23.80,25.10,20.90,21.10,21.50,25.40,25.50,24.30,25.80
TLM_RCV,-65,FG-ALPHA,20240415_083755,AUTO,0,33.28,5.00,-85,94.90,8.21,3.30,5.02,1048,457,0,299,22.95,1013.60,12.00,405.20,12.68,48.55,1080,24.90,22.40,23.50,20.10,23.80,21.00,25.80,21.00,21.20,21.40,22.40,23.90,25.70,21.40,20.60,22.30,21.90,20.30,23.30,22.60,22.00,22.70,21.70,22.30,25.60,24.20,21.00,22.00,22.50,25.30,20.20,23.40,23.20,25.10,20.10,22.80,25.30,23.60,25.30,22.60,22.30,24.70,22.50,21.00,23.70,24.00,25.90,25.40,21.10,22.40,20.90,22.60,20.70,21.90,25.60,23.40,21.20,24.90,25.20,22.20,25.70,21.30,22.50,20.00
TLM_RCV,-81,FG-ALPHA,20240415_083756,AUTO,0,31.32,5.00,-85,94.94,8.21,3.30,5.02,898,463,0,321,22.17,1013.60,11.90,404.90,12.68,48.55,1080,23.70,20.40,25.10,22.60,25.40,21.40,24.50,23.70,24.80,21.00,20.30,20.10,22.30,23.50,25.30,24.00,25.90,21.80,21.90,21.50,24.20,25.90,21.40,24.60,22.90,21.70,23.80,25.40,25.50,20.20,25.20,23.60,21.40,21.20,24.00,25.60,20.40,25.00,22.90,21.90,22.90,25.80,21.30,22.10,25.60,23.20,22.10,25.30,25.40,22.70,25.20,22.40,21.70,20.30,20.10,25.90,20.50,21.80,24.00,23.30,20.70,20.50,20.60,22.90
TLM_RCV,-94,FG-ALPHA,20240415_083757,AUTO,0,31.39,5.00,-85,95.01,8.21,3.28,5.02,1172,478,0,331,23.47,1013.10,12.10,405.00,12.68,48.55,1080,24.30,21.50,23.00,21.80,21.70,24.60,22.50,23.30,23.60,24.90,20.80,25.10,22.00,25.90,21.70,24.20,21.90,22.30,22.80,24.50,22.20,23.60,20.30,22.60,24.40,21.50,22.00,21.30,23.90,21.50,24.20,25.20,24.70,20.40,25.30,21.30,22.60,22.50,25.90,23.20,22.50,23.50,23.50,20.90,25.90,20.20,23.80,20.50,24.80,20.80,22.50,21.10,21.90,25.50,23.30,22.10,25.20,22.30,24.00,23.00,23.20,22.10,25.40,25.50
TLM_RCV,-89,FG-ALPHA,20240415_083758,AUTO,0,31.16,5.00,-85,95.05,8.22,3.29,5.02,841,431,0,287,22.05,1012.70,11.80,406.20,12.68,48.55,1080,25.10,25.40,24.60,24.70,22.50,24.10,21.30,22.40,22.90,23.70,21.20,22.10,22.80,20.20,21.60,24.70,23.10,24.80,21.00,20.10,20.60,22.70,25.50,24.30,20.10,24.00,22.40,20.30,21.50,21.00,23.70,23.20,23.90,25.60,23.60,21.00,21.50,24.20,21.90,25.20,22.10,25.00,25.90,22.90,20.50,22.30,21.30,20.90,24.50,23.60,24.80,20.80,24.00,20.70,22.60,23.10,25.20,22.90,23.00,20.40,23.00,21.20,21.50,25.90
TLM_RCV,-65,FG-ALPHA,20240415_083759,AUTO,0,33.25,5.00,-85,95.09,8.21,3.31,5.02,815,450,0,298,21.83,1013.50,11.90,404.80,12.68,48.55,1080,23.50,25.00,24.50,24.10,24.90,22.00,20.40,21.30,21.20,25.80,23.20,21.20,20.10,23.40,25.90,22.40,21.70,23.60,24.90,24.40,20.60,22.60,25.00,21.50,24.80,22.10,23.20,23.90,23.70,24.20,23.90,21.50,24.50,25.90,24.30,20.60,22.50,21.90,22.50,22.80,24.60,24.80,25.90,24.30,21.30,22.80,22.50,24.00,24.20,23.30,25.80,23.10,21.90,23.40,21.30,21.40,24.80,21.40,24.90,24.10,22.00,21.00,21.40,25.80
TLM_RCV,-45,FG-ALPHA,20240415_083800,AUTO,0,31.20,5.00,-85,95.14,8.22,3.28,5.02,895,441,0,294,22.27,1012.90,12.00,405.30,12.68,48.55,1080,24.60,22.70,21.50,22.70,25.40,21.60,20.20,21.80,20.20,20.50,23.50,21.90,25.60,25.10,21.00,20.70,21.00,24.60,22.00,23.40,23.70,24.80,24.30,21.20,23.00,24.70,25.00,23.50,21.30,23.20,25.00,22.80,22.60,23.40,21.20,22.70,21.40,24.50,23.20,20.30,22.70,25.10,20.60,21.80,21.40,24.60,20.70,23.60,25.60,20.70,20.80,22.00,21.90,21.40,24.90,20.00,22.30,23.80,23.70,24.30,22.10,21.30,23.60,22.10
TLM_RCV,-64,FG-ALPHA,20240415_083801,AUTO,0,33.49,5.00,-85,95.18,8.21,3.28,5.02,942,499,0,341,22.22,1013.20,11.90,406.20,12.68,48.55,1080,23.90,22.10,21.30,20.50,23.70,24.70,21.10,21.30,24.50,25.70,25.80,25.30,22.30,21.70,24.90,20.90,25.50,21.80,20.30,20.00,22.10,22.60,20.20,24.70,20.10,24.00,22.60,24.30,23.40,23.70,21.40,20.50,22.40,23.20,22.80,21.90,22.60,21.80,25.20,20.00,23.20,23.80,22.20,23.20,24.40,21.70,23.10,21.30,25.80,20.80,25.00,25.30,20.20,20.50,23.70,24.60,22.30,21.80,20.80,21.30,25.70,24.20,25.90,22.20
TLM_RCV,-48,FG-ALPHA,20240415_083802,AUTO,0,33.47,5.00,-85,95.25,8.21,3.31,5.02,1156,493,0,342,23.32,1013.00,12.10,405.10,12.68,48.55,1080,23.20,22.70,24.40,20.50,20.80,21.60,23.10,20.10,20.50,25.00,22.40,24.50,20.20,21.80,21.00,21.60,22.50,22.00,25.20,21.80,20.00,24.40,21.80,24.90,21.60,22.10,21.50,25.00,79.90,22.40,23.00,23.00,25.50,23.20,24.60,22.20,21.80,25.10,24.00,21.90,24.10,23.50,25.10,23.90,21.40,23.80,21.30,22.00,25.00,23.70,24.90,21.40,20.50,20.20,24.70,22.70,23.10,23.20,23.60,22.00,23.90,20.60,22.40,24.00
TLM_RCV,-88,FG-ALPHA,20240415_083803,AUTO,0,31.15,5.00,-85,95.28,8.22,3.31,5.02,800,429,0,287,21.85,1012.90,11.90,406.40,12.68,48.55,1080,23.10,20.70,22.50,21.40,20.70,21.50,22.30,24.10,20.40,22.10,23.80,21.90,20.80,25.40,21.70,24.60,23.70,22.30,25.30,20.00,25.70,20.50,22.20,21.00,22.30,25.70,21.10,25.30,25.50,24.40,25.20,25.90,20.80,20.20,22.60,25.20,25.80,24.00,20.10,21.40,22.20,22.30,25.70,23.70,24.30,21.20,21.40,24.80,22.60,24.70,20.40,25.50,20.00,20.20,21.90,22.50,21.60,25.00,24.20,23.60,24.30,20.80,22.40,24.80
TLM_RCV,-93,FG-ALPHA,20240415_083804,AUTO,0,33.08,5.00,-85,95.24,8.22,3.30,5.02,0,417,0,271,22.08,1013.50,11.80,405.80,12.68,48.55,1080,23.60,21.20,20.10,24.80,23.50,20.20,23.40,22.00,22.00,22.10,21.60,21.60,25.70,21.80,25.40,21.00,23.00,21.90,23.10,23.80,25.20,23.10,25.90,24.10,21.80,21.20,23.40,22.90,20.90,25.50,25.00,23.60,25.30,20.10,21.20,22.40,23.20,22.30,24.40,25.10,25.50,25.10,23.30,20.10,20.40,22.00,24.90,24.50,24.10,21.00,20.80,21.40,24.80,20.20,22.60,20.80,25.50,20.30,22.80,21.40,24.50,24.50,25.60,24.30
TLM_RCV,-41,FG-ALPHA,20240415_083805,AUTO,0,33.13,5.00,-85,95.31,8.22,3.28,5.02,1092,426,0,275,23.33,1013.40,12.10,405.50,12.69,48.55,1080,21.50,24.90,22.10,23.60,23.50,25.90,21.60,22.10,21.00,21.90,21.10,25.70,22.00,23.60,21.50,22.30,22.70,21.30,23.20,22.50,24.10,21.10,20.30,24.60,25.00,22.00,21.50,25.10,25.30,22.70,22.10,20.90,24.60,23.40,25.60,21.60,21.60,20.60,21.10,20.90,25.20,22.10,24.40,25.10,23.20,20.10,23.50,20.80,23.90,23.10,25.10,24.90,25.10,21.50,21.10,20.70,24.90,21.00,20.60,24.20,21.10,20.20,25.60,25.40
TLM_RCV,-51,FG-ALPHA,20240415_083806,AUTO,0,32.24,5.00,-85,95.36,8.22,3.28,5.02,990,449,0,292,22.70,1013.20,11.80,405.00,12.69,48.55,1080,23.80,24.70,25.40,25.80,24.00,22.20,20.50,20.60,24.30,23.70,24.20,21.10,21.60,25.70,21.80,21.50,24.60,22.50,23.80,21.90,23.80,22.00,25.60,20.10,22.20,22.10,24.40,22.30,20.90,23.90,21.50,22.10,25.40,22.20,24.00,22.30,20.10,22.30,23.60,22.30,22.00,21.40,21.10,25.20,25.40,23.10,24.60,22.30,25.80,22.20,23.40,20.90,22.80,21.50,25.20,24.10,20.40,21.40,25.40,22.50,21.50,21.20,23.90,24.30
TLM_RCV,-90,FG-ALPHA,20240415_083807,AUTO,0,32.04,5.00,-85,95.44,8.23,3.29,5.02,1130,409,0,265,23.60,1013.50,11.80,404.80,12.69,48.55,1080,20.90,20.70,23.90,24.20,25.80,21.60,23.30,25.60,25.80,23.70,20.80,25.70,21.20,20.70,22.10,21.50,22.70,22.30,22.70,24.50,25.40,22.50,25.20,20.20,20.70,23.40,22.00,25.20,21.20,20.10,21.70,24.20,22.60,21.30,23.30,21.90,24.50,20.40,21.80,25.10,24.00,22.00,24.30,23.40,21.70,20.60,20.30,21.30,24.30,25.10,23.80,25.50,21.00,22.90,24.60,24.50,23.70,21.70,23.70,21.80,24.90,21.00,24.90,22.00
TLM_RCV,-53,FG-ALPHA,20240415_083808,AUTO,0,33.51,5.00,-85,95.39,8.21,3.30,5.02,0,501,0,346,22.50,1013.00,12.10,404.60,12.69,48.55,1080,21.60,25.80,25.20,24.20,21.40,25.60,20.60,22.20,21.90,23.50,20.10,21.10,24.30,24.00,24.40,25.60,23.20,20.20,22.50,25.00,23.70,22.70,23.80,25.70,22.90,20.30,20.50,25.00,23.60,22.90,23.60,20.00,23.70,22.50,25.80,20.80,23.50,21.30,23.80,21.00,23.90,22.60,21.30,21.20,23.10,23.30,22.20,23.80,23.00,80.00,22.20,21.40,22.70,24.30,20.40,21.50,22.80,20.50,22.60,22.30,20.70,23.40,23.10,20.70
TLM_RCV,-79,FG-ALPHA,20240415_083809,AUTO,0,33.29,5.00,-85,95.43,8.22,3.30,5.02,947,458,0,312,22.44,1013.30,12.10,404.70,12.69,48.55,1080,23.50,23.50,25.50,23.00,23.40,22.00,24.50,23.00,25.80,23.10,21.20,25.90,23.80,23.80,24.20,25.90,21.80,20.00,22.40,22.10,24.80,23.20,20.60,24.00,21.20,22.30,24.70,25.50,20.90,20.90,20.60,22.60,23.80,22.80,20.70,20.00,20.90,24.50,22.30,23.40,20.90,21.90,24.10,20.60,21.90,24.50,22.30,23.40,25.60,25.80,20.20,25.30,23.20,24.90,24.40,20.40,20.40,22.90,23.80,20.50,24.70,22.80,25.70,20.00
TLM_RCV,-61,FG-ALPHA,20240415_083810,AUTO,0,31.23,5.00,-85,95.39,8.22,3.30,5.02,0,445,0,289,22.23,1013.10,12.00,404.50,12.69,48.55,1080,21.20,20.90,21.00,24.30,24.40,24.20,24.60,22.20,22.60,23.60,23.60,20.90,25.40,25.70,20.60,24.80,21.90,24.30,24.90,22.10,21.90,20.40,22.90,21.50,23.80,25.40,20.20,21.30,25.80,24.00,21.20,25.30,24.30,21.50,25.50,22.50,22.20,25.50,25.80,25.40,24.30,22.30,25.70,23.30,21.20,20.00,24.40,25.30,21.20,21.00,22.90,21.40,23.70,24.30,23.80,24.40,21.00,21.80,21.30,22.30,21.50,21.40,22.30,21.80
TLM_RCV,-59,FG-ALPHA,20240415_083811,AUTO,0,33.17,5.00,-85,95.44,8.23,3.29,5.02,925,433,0,283,22.46,1013.20,11.90,404.90,12.69,48.55,1080,25.90,20.90,24.90,24.50,25.40,21.60,25.20,20.70,23.40,21.30,20.60,20.60,21.20,25.80,20.90,25.00,21.70,20.70,25.20,20.00,21.50,22.80,24.50,23.20,25.90,23.50,24.60,21.70,24.60,24.40,21.20,25.90,23.80,24.20,24.10,25.70,24.50,24.30,24.10,20.00,24.50,20.90,21.60,23.00,23.80,25.00,24.30,24.60,24.00,22.20,20.40,23.00,22.60,22.50,24.00,21.30,20.80,20.30,25.60,22.60,20.00,24.40,21.40,25.60
TLM_RCV,-54,FG-ALPHA,20240415_083812,AUTO,0,31.33,5.00,-85,95.48,8.22,3.30,5.02,906,467,0,325,22.19,1013.50,11.90,404.70,12.69,48.55,1080,22.90,20.00,23.70,22.60,24.60,20.00,22.10,22.40,25.90,23.00,23.20,21.40,20.70,20.70,22.10,21.30,22.30,24.30,21.20,22.60,20.00,21.90,21.80,24.10,22.80,24.40,25.30,23.30,20.20,24.00,24.40,24.90,24.10,22.40,20.10,23.70,21.00,20.30,24.30,22.90,23.30,24.40,25.60,25.90,25.60,22.90,20.40,23.60,20.80,21.60,23.90,22.70,25.10,22.30,20.80,22.80,23.00,25.40,22.80,21.30,22.40,22.00,25.70,25.60
TLM_RCV,-60,FG-ALPHA,20240415_083813,AUTO,0,32.33,5.00,-85,95.54,8.22,3.28,5.02,987,465,0,325,22.61,1013.20,11.90,404.50,12.69,48.55,1080,24.60,25.50,23.10,24.70,25.80,24.80,21.70,22.80,21.50,23.50,20.90,23.70,24.60,21.40,22.30,20.50,21.90,22.40,20.50,24.90,20.90,20.80,24.50,23.20,21.40,24.60,21.20,20.30,20.20,22.00,25.50,20.10,22.20,25.20,21.90,23.00,24.70,23.30,21.60,21.70,23.10,21.70,24.50,23.00,25.00,24.90,22.30,22.60,24.60,20.00,22.20,25.40,25.40,25.20,20.40,23.20,24.50,21.90,23.30,24.80,25.20,20.70,21.20,22.70
TLM_RCV,-54,FG-ALPHA,20240415_083814,AUTO,0,31.08,5.00,-85,95.59,8.23,3.31,5.02,1009,417,0,262,22.96,1012.90,12.10,406.00,12.69,48.55,1080,22.90,21.20,24.90,23.40,21.90,24.40,24.90,24.90,20.30,20.80,21.20,22.40,22.20,23.20,22.80,25.30,24.30,21.70,23.50,25.40,22.30,23.40,20.00,21.00,25.40,23.60,21.80,22.40,22.40,21.30,21.90,25.60,24.20,25.50,22.70,22.40,20.40,22.70,20.10,21.20,20.80,25.40,24.70,25.20,25.40,23.30,20.80,22.90,22.10,22.00,24.60,25.00,20.00,22.10,20.00,25.00,20.00,20.10,23.90,23.80,21.40,24.70,22.30,25.90
TLM_RCV,-52,FG-ALPHA,20240415_083815,AUTO,0,33.42,5.00,-85,95.65,8.22,3.28,5.02,1001,483,0,337,22.59,1013.40,12.10,404.50,12.70,48.55,1080,22.40,23.90,20.60,22.90,24.60,25.00,21.90,22.90,24.20,20.30,21.20,21.50,22.90,25.50,24.10,25.70,24.80,23.80,25.10,21.10,21.40,21.50,20.80,25.70,20.80,21.70,25.50,24.90,22.70,22.40,21.80,21.90,23.40,24.60,20.30,21.00,22.70,86.70,23.90,25.90,24.90,22.90,23.40,23.20,23.90,24.50,22.30,22.50,24.10,25.00,24.70,20.20,21.10,22.70,20.80,22.90,23.80,20.10,20.30,22.70,22.20,21.20,20.80,24.50
TLM_RCV,-48,FG-ALPHA,20240415_083816,AUTO,0,33.01,5.00,-85,95.69,8.24,3.30,5.02,866,402,0,259,22.32,1012.90,12.10,405.50,12.70,48.55,1080,22.20,20.10,23.80,22.60,24.10,24.10,20.50,21.80,23.60,24.50,25.80,21.10,25.60,21.20,24.10,21.00,24.80,22.20,21.60,21.70,21.70,25.40,25.10,20.50,20.30,23.10,24.10,22.00,24.50,20.20,21.70,25.60,25.40,21.70,23.40,23.50,24.90,20.00,20.30,21.90,23.00,25.10,21.20,25.10,24.80,21.90,23.40,24.90,24.90,23.80,20.20,23.70,24.00,22.80,21.10,21.20,24.80,21.40,21.00,20.20,21.30,20.10,25.60,21.90
TLM_RCV,-63,FG-ALPHA,20240415_083817,AUTO,0,31.20,5.00,-85,95.75,8.23,3.28,5.02,998,440,0,294,22.79,1013.40,11.80,405.30,12.70,48.55,1080,24.40,20.50,23.00,23.20,23.80,21.90,23.50,21.00,22.80,24.50,20.00,23.00,23.30,23.90,21.80,23.70,22.00,23.00,24.40,23.50,25.60,22.70,25.20,23.80,22.20,25.90,20.90,23.30,21.50,23.50,25.50,20.50,20.70,23.00,22.10,22.40,23.70,22.70,22.40,20.20,20.30,21.30,22.60,24.30,25.00,25.20,23.10,23.70,20.00,21.60,20.30,25.80,21.60,20.50,20.40,20.70,21.30,20.20,25.40,25.20,24.20,23.30,24.30,25.30
TLM_RCV,-78,FG-ALPHA,20240415_083818,AUTO,0,32.01,5.00,-85,95.79,8.24,3.30,5.02,846,402,0,261,22.22,1013.10,11.80,406.00,12.70,48.55,1080,20.10,21.10,23.60,21.30,25.00,22.00,22.20,24.80,20.90,20.20,24.30,22.60,87.00,23.50,24.10,25.70,21.90,25.90,24.00,24.50,21.10,21.50,25.40,20.40,23.30,24.40,21.40,24.00,20.10,23.90,22.90,21.30,20.50,23.60,20.60,21.90,23.50,22.30,23.90,24.90,21.60,22.80,25.60,22.10,22.70,21.00,20.10,24.40,21.40,25.70,22.00,23.30,21.40,24.80,25.80,21.20,24.40,24.10,23.50,21.40,22.90,21.00,25.60,22.40
TLM_RCV,-93,FG-ALPHA,20240415_083819,AUTO,0,33.37,5.00,-85,95.75,8.23,3.28,5.02,0,474,0,321,22.37,1013.30,11.90,406.30,12.70,48.55,1080,25.90,24.50,25.40,25.80,20.00,21.10,22.10,23.90,24.60,21.80,24.30,20.30,25.50,21.90,22.40,24.80,23.90,25.90,24.40,24.30,25.50,22.40,24.40,21.50,23.30,23.30,21.90,20.70,21.80,24.60,25.00,22.70,22.50,20.10,23.60,25.00,25.10,22.10,20.60,21.80,20.30,25.10,20.60,23.20,25.30,25.90,24.30,21.60,25.10,24.40,22.50,20.60,23.40,23.10,21.60,20.30,23.10,21.80,24.40,22.60,25.10,20.20,25.90,24.50
TLM_RCV,-76,FG-ALPHA,20240415_083820,AUTO,0,32.23,5.00,-85,95.81,8.23,3.28,5.02,1113,446,0,306,23.33,1013.10,11.80,406.40,12.70,48.55,1080,23.80,25.30,23.60,25.80,23.40,24.10,25.20,22.30,22.10,20.40,21.90,20.80,20.50,24.80,23.00,25.70,21.40,25.00,24.60,23.60,21.30,21.00,24.00,21.80,22.80,22.40,20.30,20.70,25.20,22.80,22.50,23.90,24.50,23.40,25.80,24.80,23.80,23.20,24.60,25.00,22.80,25.60,21.10,23.70,20.30,21.30,20.90,22.60,24.10,24.00,21.80,23.50,21.70,22.20,23.10,22.80,20.10,24.20,24.90,22.00,20.60,22.70,24.20,25.00
TLM_RCV,-40,FG-ALPHA,20240415_083821,AUTO,0,33.44,5.00,-85,95.76,8.22,3.31,5.02,0,489,0,335,22.44,1012.80,11.90,405.40,12.70,48.55,1080,22.50,21.30,22.00,21.10,25.80,25.50,22.30,22.90,20.60,24.80,21.70,23.00,20.90,20.80,24.70,25.50,23.80,21.20,21.40,21.50,23.80,20.00,22.50,23.30,20.80,21.10,25.30,24.30,22.70,20.20,22.00,22.30,25.50,24.90,25.40,24.70,20.60,25.10,24.80,23.80,23.60,20.80,21.40,25.00,22.50,24.60,22.10,25.70,25.00,21.60,20.40,20.50,21.60,25.30,21.00,20.70,21.90,25.90,24.70,21.60,23.60,21.00,21.30,25.30
TLM_RCV,-63,FG-ALPHA,20240415_083822,AUTO,0,33.06,5.00,-85,95.81,8.24,3.30,5.02,876,412,0,260,22.32,1012.70,11.90,406.40,12.70,48.55,1080,20.90,23.60,20.10,23.30,23.80,23.90,21.60,23.70,21.60,25.10,24.30,20.20,23.70,25.70,23.80,20.90,24.80,22.90,23.70,21.20,25.90,23.30,25.20,24.10,25.90,21.10,25.40,23.50,23.50,22.70,22.90,23.90,22.70,21.40,21.50,20.50,20.80,25.50,20.40,22.70,25.30,23.60,22.10,21.60,22.90,24.80,23.10,25.50,23.50,21.00,24.00,20.20,24.90,24.30,24.70,23.30,23.70,25.40,23.10,23.40,21.20,24.80,25.40,25.20
TLM_RCV,-88,FG-ALPHA,20240415_083823,AUTO,0,32.38,5.00,-85,95.76,8.23,3.29,5.02,0,475,0,323,22.37,1012.80,12.00,405.10,12.70,48.55,1080,23.20,24.90,22.60,22.00,22.10,20.60,21.00,20.00,22.00,21.60,21.70,20.70,22.30,25.90,20.40,20.80,20.80,24.90,22.20,20.40,24.30,24.40,24.30,25.90,21.60,21.30,20.70,24.90,21.90,24.90,22.20,25.90,22.20,21.40,22.30,22.50,20.40,24.10,23.00,20.10,20.70,20.40,20.90,23.30,24.00,24.40,25.00,23.50,23.90,20.30,25.30,24.70,24.00,25.40,24.80,21.90,22.70,20.90,22.40,21.50,20.60,25.90,22.40,20.10
TLM_RCV,-40,FG-ALPHA,20240415_083824,AUTO,0,33.33,5.00,-85,95.80,8.23,3.29,5.02,856,467,0,320,21.94,1013.20,11.80,405.10,12.70,48.55,1080,23.40,23.20,21.60,22.10,24.20,25.70,20.60,21.30,25.90,25.80,21.20,22.80,23.70,21.10,22.50,25.40,24.40,23.40,20.30,20.90,24.00,24.50,22.50,24.00,25.30,20.90,20.30,20.40,22.90,20.20,20.90,23.00,24.50,21.00,24.80,24.70,21.50,21.00,20.40,22.20,23.60,23.10,24.70,23.20,24.80,23.90,23.50,22.20,22.70,24.60,21.20,24.10,24.50,23.80,20.20,20.60,25.30,20.80,20.70,22.30,24.10,23.70,20.20,22.80
TLM_RCV,-59,FG-ALPHA,20240415_083825,AUTO,0,31.06,5.00,-85,95.76,8.24,3.29,5.02,0,411,0,257,22.06,1013.10,12.00,405.00,12.71,48.55,1080,21.10,25.30,25.30,23.50,23.80,20.40,21.20,23.50,22.20,23.90,22.00,20.90,25.00,22.90,20.60,21.20,24.60,25.00,20.70,20.50,23.90,23.40,25.10,20.30,20.50,21.90,21.90,20.40,22.20,22.20,25.10,25.90,24.90,23.80,24.00,25.10,22.20,24.40,20.40,23.10,21.30,20.80,21.00,21.00,25.60,24.70,25.40,22.20,21.90,21.30,23.70,21.70,22.10,24.00,25.40,21.30,25.60,20.40,24.00,25.80,25.30,25.00,24.60,22.90
TLM_RCV,-82,FG-ALPHA,20240415_083826,AUTO,0,33.04,5.00,-85,95.84,8.24,3.28,5.02,1183,408,0,258,23.87,1013.30,11.90,404.70,12.71,48.55,1080,21.60,22.10,25.40,22.40,21.50,24.60,23.60,24.50,24.50,24.30,21.70,24.70,20.50,20.40,24.70,24.70,20.80,23.40,25.60,24.70,25.00,20.40,21.00,24.10,21.80,22.00,20.50,20.40,25.70,21.00,22.80,24.90,25.50,23.90,24.90,25.40,24.90,20.80,25.40,24.90,24.00,22.30,23.50,21.40,23.80,21.70,20.30,22.70,25.30,23.80,20.20,24.40,24.50,21.50,20.20,23.70,20.80,21.60,25.90,22.30,22.00,20.10,21.30,24.10
TLM_RCV,-64,FG-ALPHA,20240415_083827,AUTO,0,31.39,5.00,-85,95.88,8.23,3.30,5.02,927,477,0,335,22.25,1013.00,12.00,406.30,12.71,48.55,1080,20.80,21.00,24.50,24.90,25.10,20.90,23.20,23.00,24.00,22.00,25.90,23.00,21.30,23.60,20.70,23.50,20.60,21.00,25.40,24.20,21.90,25.40,22.30,25.30,21.80,23.30,22.00,23.60,23.50,22.10,23.20,23.10,22.80,22.80,22.90,23.00,24.20,21.60,25.20,25.70,23.90,24.90,24.50,23.20,20.70,23.70,22.20,20.60,22.90,22.40,21.30,22.00,20.80,25.00,22.40,23.60,21.90,21.60,25.80,21.10,23.30,23.80,22.70,20.30
TLM_RCV,-57,FG-ALPHA,20240415_083828,AUTO,0,33.42,5.00,-85,95.92,8.23,3.31,5.02,848,485,0,340,21.82,1012.90,11.90,406.40,12.71,48.55,1080,20.70,25.60,23.70,25.20,20.10,21.20,20.80,21.60,22.90,24.10,21.60,22.60,24.10,25.50,24.50,20.10,23.10,23.90,21.00,23.80,22.40,25.00,21.30,24.40,24.00,20.10,22.90,20.30,23.70,24.10,22.00,24.70,22.10,22.50,20.20,25.10,24.60,24.90,21.20,24.60,24.20,25.80,20.30,21.10,20.40,21.20,25.70,25.00,22.10,24.30,20.50,20.50,20.00,20.70,24.60,20.40,24.20,20.50,23.10,22.80,24.30,22.80,24.50,23.40
TLM_RCV,-69,FG-ALPHA,20240415_083829,AUTO,0,31.31,5.00,-85,95.96,8.23,3.28,5.02,891,462,0,304,22.15,1013.50,11.90,404.60,12.71,48.55,1080,21.10,20.30,24.00,20.80,21.90,24.40,25.60,21.20,25.90,25.50,20.00,23.60,20.30,21.00,21.70,22.50,21.70,23.90,23.00,24.30,20.20,21.00,24.70,23.70,23.80,23.60,24.40,24.90,21.20,20.10,25.20,21.80,24.30,22.90,20.80,20.60,24.30,22.80,22.10,23.40,20.60,21.00,25.90,23.30,25.20,24.00,20.80,20.70,22.70,20.60,25.90,22.40,22.40,20.10,22.50,22.40,24.10,25.30,25.50,25.00,24.00,21.10,24.70,25.90
TLM_RCV,-53,FG-ALPHA,20240415_083851,AUTO,0,31.10,5.00,-85,97.55,8.28,3.28,5.02,1033,420,0,277,23.07,1013.50,12.00,405.90,12.73,48.55,1080,20.80,79.90,21.70,23.80,22.80,25.40,23.90,23.00,23.30,24.50,21.00,22.70,25.10,23.40,20.00,23.00,20.80,20.60,25.40,24.30,25.20,25.70,25.50,22.70,20.40,23.00,25.80,25.10,25.40,20.10,22.70,21.30,22.40,25.10,21.00,24.00,23.50,23.70,21.70,21.40,24.40,22.90,22.10,22.20,23.30,24.60,21.30,24.80,21.40,22.50,23.40,24.20,25.40,21.00,24.20,25.90,21.70,24.50,24.70,25.50,21.80,21.80,24.50,21.80
TLM_RCV,-91,FG-ALPHA,20240415_083852,AUTO,0,31.12,5.00,-85,97.59,8.28,3.28,5.02,834,425,0,279,22.05,1012.80,11.80,405.90,12.73,48.55,1080,25.90,23.10,21.50,24.50,20.00,22.70,23.70,24.70,25.10,24.70,21.30,22.80,20.00,21.50,25.00,21.50,22.60,21.10,21.80,22.80,23.90,22.20,20.10,23.50,24.50,21.00,21.70,24.70,24.00,24.00,24.50,25.70,21.60,20.30,20.60,25.80,24.70,23.80,25.00,24.90,20.10,20.20,22.70,25.80,24.10,21.30,20.90,22.30,25.60,25.60,21.60,23.30,20.80,22.30,24.80,24.60,23.30,24.80,22.70,22.40,21.80,22.50,23.40,22.90
TLM_RCV,-65,FG-ALPHA,20240415_083853,AUTO,0,32.44,5.00,-85,97.65,8.27,3.31,5.02,1094,488,0,339,23.03,1013.50,11.90,405.10,12.73,48.55,1080,25.30,23.60,23.10,22.10,25.70,25.00,21.20,23.10,25.30,25.90,23.80,24.90,25.50,21.50,20.80,24.70,25.80,20.50,25.00,23.10,22.70,22.70,20.50,21.80,25.30,25.10,22.00,24.40,23.80,21.70,22.40,22.00,25.80,22.40,25.70,22.30,20.30,24.00,20.30,24.70,22.50,25.20,22.30,20.80,22.70,25.30,20.40,22.40,20.70,25.80,20.20,21.80,21.70,21.60,25.80,25.80,20.80,23.20,20.70,22.70,25.10,24.90,20.60,22.10
TLM_RCV,-58,FG-ALPHA,20240415_083854,AUTO,0,33.46,5.00,-85,97.60,8.27,3.29,5.02,0,491,0,335,22.45,1012.80,11.80,405.10,12.73,48.55,1080,24.20,22.60,20.10,24.80,21.60,24.20,21.60,23.40,24.60,20.20,24.90,22.10,23.20,23.70,25.60,23.80,22.40,22.50,25.70,20.50,21.60,20.60,23.20,23.00,25.00,22.70,20.80,21.70,25.20,21.60,25.30,25.80,24.50,23.00,21.00,21.10,23.00,25.10,20.60,22.60,24.40,21.80,23.40,21.20,25.00,25.40,24.60,25.20,23.30,21.70,22.30,22.10,25.20,23.90,23.60,20.10,20.70,22.40,21.60,20.40,20.30,20.30,20.80,25.30
TLM_RCV,-94,FG-ALPHA,20240415_083855,AUTO,0,31.43,5.00,-85,97.66,8.27,3.30,5.02,1147,486,0,338,23.31,1013.00,12.10,404.50,12.74,48.55,1080,25.30,23.10,20.60,21.90,22.00,21.40,25.10,25.70,23.90,24.80,21.10,21.10,23.00,20.00,20.50,24.20,25.70,21.80,24.40,25.60,21.10,23.20,24.00,25.40,24.00,21.70,22.30,21.10,23.60,24.80,23.40,21.10,24.20,24.10,25.90,25.40,22.80,24.40,23.80,24.10,23.40,23.00,25.60,25.00,25.10,24.60,25.30,23.10,24.20,25.70,23.60,20.10,20.40,25.30,24.40,25.30,22.50,25.30,25.10,21.30,21.60,20.40,21.10,20.00
TLM_RCV,-58,FG-ALPHA,20240415_083856,AUTO,0,31.47,5.00,-85,97.72,8.27,3.29,5.02,1059,493,0,346,22.83,1012.90,12.00,406.00,12.74,48.55,1080,20.00,25.70,21.30,25.90,20.30,20.70,25.30,21.00,21.70,22.50,23.30,25.20,24.30,23.50,25.90,20.10,24.10,20.30,23.60,23.80,24.40,24.10,20.40,24.70,21.80,20.50,20.20,22.70,24.00,21.60,23.30,22.30,22.10,21.00,21.80,20.30,25.20,21.80,23.50,25.80,23.60,24.10,24.60,20.10,23.00,20.80,25.40,25.40,24.30,24.90,25.60,22.80,22.00,21.70,20.60,24.40,24.00,21.20,21.90,24.80,22.70,25.80,22.60,21.90
TLM_RCV,-94,FG-ALPHA,20240415_083857,AUTO,0,31.46,5.00,-85,97.78,8.27,3.30,5.02,1080,492,0,334,22.94,1012.80,11.90,405.20,12.74,48.55,1080,22.80,21.50,22.60,20.60,23.10,23.70,21.80,21.60,23.50,25.00,24.40,21.20,24.00,21.20,22.30,24.40,24.70,25.00,23.60,25.80,21.80,23.00,22.50,24.00,23.50,24.00,25.10,24.70,23.20,22.00,21.70,25.40,21.00,22.80,20.80,21.20,25.60,24.40,23.10,20.20,25.00,21.10,22.70,25.20,20.10,22.30,22.50,22.70,25.20,20.40,22.10,22.60,22.90,21.40,23.80,24.50,25.70,25.10,23.70,24.10,25.50,23.10,20.10,24.00
TLM_RCV,-43,FG-ALPHA,20240415_083858,AUTO,0,31.07,5.00,-85,97.85,8.29,3.29,5.02,1128,414,0,259,23.57,1013.60,11.90,405.30,12.74,48.55,1080,21.90,20.70,21.90,21.90,24.90,25.00,24.60,21.60,20.10,23.00,25.30,20.40,25.50,25.60,20.50,21.90,20.60,24.80,21.70,25.60,20.10,20.20,21.70,23.10,21.50,22.50,22.80,22.40,22.70,25.60,23.80,23.40,21.20,23.10,24.00,25.80,21.00,23.90,22.50,21.20,23.30,25.40,25.90,21.90,25.30,20.50,23.50,23.70,23.10,21.10,23.30,23.50,24.60,21.40,21.00,23.10,21.50,21.00,20.60,23.50,24.50,22.60,20.40,24.90
TLM_RCV,-79,FG-ALPHA,20240415_083859,AUTO,0,32.31,5.00,-85,97.81,8.28,3.28,5.02,0,461,0,302,22.31,1013.40,11.80,406.40,12.74,48.55,1080,25.60,20.50,22.70,24.30,25.00,23.90,22.10,22.00,22.80,23.60,23.80,21.60,25.10,20.60,22.00,22.80,25.30,22.30,21.50,24.20,23.10,20.10,23.90,22.80,25.50,23.50,25.60,21.50,24.20,20.80,24.40,25.90,21.30,24.60,20.30,25.30,24.00,21.10,21.90,21.60,24.50,24.10,25.70,22.20,25.90,23.50,21.70,20.50,21.80,20.40,25.90,20.70,21.70,24.00,22.70,24.10,25.20,20.80,25.90,22.70,24.50,24.80,25.40,25.80
TLM_RCV,-50,FG-ALPHA,20240415_083900,AUTO,0,32.15,5.00,-85,97.85,8.28,3.28,5.02,828,431,0,278,21.99,1013.40,12.00,405.40,12.74,48.55,1080,25.40,21.10,23.70,25.00,21.10,21.80,25.50,25.70,22.30,21.10,25.00,20.30,25.40,23.60,24.90,21.70,23.40,23.20,24.60,24.50,25.20,21.70,20.00,24.10,20.20,23.80,22.80,24.50,20.80,25.00,22.10,21.20,23.20,23.20,22.50,25.10,24.60,21.60,22.80,20.40,20.40,25.30,25.70,25.10,21.70,24.20,25.50,25.90,22.70,24.10,21.30,25.40,20.20,24.80,25.80,22.70,24.50,20.20,25.80,20.70,20.10,22.50,25.60,24.30
TLM_RCV,-92,FG-ALPHA,20240415_083901,AUTO,0,33.40,5.00,-85,97.89,8.28,3.31,5.02,912,479,0,331,22.17,1013.00,11.90,405.40,12.74,48.55,1080,23.60,21.50,22.60,21.80,22.40,21.30,25.00,22.70,20.30,23.90,21.30,23.10,20.80,22.50,20.90,22.80,25.70,21.20,23.10,21.80,23.00,20.60,22.60,25.00,21.10,20.70,20.50,22.00,24.20,25.80,21.40,23.70,24.50,21.50,20.30,24.70,21.10,23.80,22.20,21.70,22.70,23.00,24.40,20.70,23.70,25.70,25.80,23.90,25.20,23.10,20.90,24.00,25.60,23.00,24.00,22.40,20.40,24.00,21.70,21.70,24.20,24.70,23.20,22.90
TLM_RCV,-65,FG-ALPHA,20240415_083902,AUTO,0,32.42,5.00,-85,97.95,8.28,3.29,5.02,1104,485,0,340,23.09,1013.40,12.10,405.60,12.74,48.55,1080,21.40,25.40,20.40,20.50,22.80,22.70,21.00,24.40,24.60,24.30,25.00,24.80,22.00,23.00,23.30,25.50,24.10,23.60,23.80,20.90,24.60,24.80,21.00,25.10,23.00,24.10,24.70,23.30,24.20,21.30,25.20,20.40,23.70,21.20,21.30,21.40,24.40,24.00,21.10,21.00,25.40,21.60,25.80,24.00,20.80,25.70,21.90,23.00,24.10,20.60,23.40,22.60,21.50,21.80,22.30,20.20,22.70,22.70,22.80,23.10,21.00,24.50,23.40,22.20
TLM_RCV,-67,FG-ALPHA,20240415_083903,AUTO,0,33.40,5.00,-85,98.02,8.28,3.28,5.02,1161,481,0,326,23.40,1013.60,11.80,404.50,12.74,48.55,1080,24.60,24.90,21.20,21.40,25.80,24.50,24.80,20.40,23.70,22.10,23.50,25.70,20.70,25.70,24.80,22.30,21.50,21.50,23.40,22.00,21.30,21.20,21.40,23.50,25.60,24.80,24.70,21.10,21.40,23.50,23.10,22.30,20.30,22.50,24.90,20.10,25.80,20.00,24.10,20.90,22.10,22.90,21.30,24.40,21.80,24.00,23.90,24.30,24.50,25.00,24.00,23.60,24.20,21.00,23.50,21.50,21.20,24.20,25.40,20.50,23.10,25.40,23.90,24.80
TLM_RCV,-80,FG-ALPHA,20240415_083904,AUTO,0,31.12,5.00,-85,98.07,8.29,3.30,5.02,945,424,0,265,22.60,1013.00,11.80,405.10,12.74,48.55,1080,23.40,22.20,22.80,23.60,20.20,21.60,24.70,21.70,23.80,25.20,25.80,21.30,21.10,20.80,24.00,24.50,24.10,25.10,20.60,22.60,22.00,21.80,21.00,20.80,20.20,22.90,20.10,22.00,21.00,23.00,20.80,20.00,23.70,20.10,20.10,22.80,25.00,21.60,25.80,24.80,22.90,23.70,20.90,23.80,25.80,20.70,23.60,20.20,23.00,21.20,21.30,22.10,24.20,20.50,23.80,20.70,23.90,20.30,22.30,20.60,25.80,24.00,21.90,23.90
TLM_RCV,-62,FG-ALPHA,20240415_083905,AUTO,0,33.28,5.00,-85,98.11,8.29,3.30,5.02,839,455,0,299,21.92,1013.20,12.10,406.40,12.75,48.55,1080,23.00,23.10,25.20,22.20,25.30,24.60,24.20,24.20,21.90,21.50,21.80,25.00,25.40,22.80,24.20,21.90,21.20,25.00,23.50,22.20,23.00,20.00,25.30,20.90,21.80,24.40,24.10,22.70,25.20,25.90,20.50,20.70,21.50,25.00,24.40,24.50,25.10,21.70,24.00,20.10,25.50,20.00,20.60,20.30,23.50,22.50,24.00,24.60,20.80,21.20,23.20,22.90,21.80,25.50,20.80,25.70,25.70,25.10,20.60,23.90,23.00,25.60,21.30,20.70
TLM_RCV,-87,FG-ALPHA,20240415_083906,AUTO,0,33.17,5.00,-85,98.18,8.29,3.30,5.02,1121,433,0,282,23.44,1012.70,11.90,406.00,12.75,48.55,1080,23.60,24.40,21.90,23.20,24.90,23.80,25.30,25.30,24.20,23.40,23.80,22.50,24.00,24.20,23.40,21.50,25.20,21.40,21.90,24.20,23.10,24.30,23.40,25.80,25.40,24.80,22.20,24.40,20.40,23.90,24.90,21.30,24.30,20.80,25.40,23.30,24.60,22.70,20.10,25.10,25.10,24.40,23.90,25.00,22.40,25.10,21.30,24.10,24.10,24.90,20.90,23.70,22.30,24.00,20.30,25.30,22.70,24.70,25.40,24.10,20.40,23.40,21.60,22.50
TLM_RCV,-76,FG-ALPHA,20240415_083907,AUTO,0,33.23,5.00,-85,98.13,8.29,3.28,5.02,0,446,0,287,22.23,1012.70,12.00,406.00,12.75,48.55,1080,21.80,23.20,20.00,24.80,21.20,23.70,20.50,22.30,23.40,21.60,23.20,22.30,24.70,20.30,25.30,23.20,22.30,22.60,22.60,20.80,25.30,20.20,22.00,20.10,23.00,20.70,22.10,24.70,22.70,25.20,20.00,23.90,22.90,22.40,21.30,24.00,24.00,23.20,25.10,22.70,21.00,25.70,21.60,23.20,20.50,21.90,21.50,23.90,24.20,25.30,24.50,24.80,23.50,24.40,22.20,20.10,23.90,23.20,20.60,21.80,21.90,23.10,24.00,23.20
TLM_RCV,-63,FG-ALPHA,20240415_083908,AUTO,0,31.23,5.00,-85,98.18,8.29,3.29,5.02,924,446,0,301,22.39,1013.10,11.90,404.70,12.75,48.55,1080,25.80,21.50,22.70,21.30,23.10,25.90,22.50,23.20,25.50,23.30,25.50,22.00,23.60,22.50,20.80,22.80,24.20,23.10,24.40,24.30,25.70,23.30,21.00,21.20,22.40,21.10,21.10,21.10,22.20,21.20,21.10,24.80,24.10,24.20,22.40,20.40,22.40,22.50,23.30,23.70,22.30,22.60,24.40,24.50,21.70,25.40,21.70,20.10,20.60,23.70,23.60,22.50,22.50,22.40,20.60,22.10,24.40,20.10,23.10,25.10,22.30,21.30,21.40,20.40
TLM_RCV,-86,FG-ALPHA,20240415_083909,AUTO,0,32.12,5.00,-85,98.24,8.29,3.31,5.02,974,424,0,272,22.75,1012.80,12.00,406.20,12.75,48.55,1080,23.20,24.20,20.80,22.90,20.00,25.50,22.10,23.10,21.00,22.80,21.20,22.50,22.20,24.60,22.20,23.70,22.30,24.70,24.20,21.20,21.80,20.00,24.10,20.90,22.90,24.90,21.60,25.00,21.70,23.90,25.40,24.60,24.90,22.30,20.50,23.40,23.60,22.80,21.70,22.40,22.00,24.20,22.20,23.70,24.30,25.00,20.40,24.70,21.50,23.60,22.70,24.70,25.60,24.50,21.60,24.30,23.70,23.80,22.10,23.60,25.60,25.00,22.10,22.70
TLM_RCV,-69,FG-ALPHA,20240415_083910,AUTO,0,32.27,5.00,-85,98.28,8.29,3.29,5.02,899,454,0,312,22.23,1013.20,11.90,405.00,12.75,48.55,1080,23.10,24.20,24.90,21.50,22.50,22.50,22.10,21.30,24.60,23.30,25.50,22.30,23.50,23.50,22.00,21.90,22.70,23.70,23.50,21.00,25.80,24.60,23.80,20.70,21.10,20.40,24.20,22.00,22.60,21.10,23.50,21.80,24.40,20.40,20.70,22.40,21.90,25.00,20.10,20.00,23.60,22.70,23.20,23.40,22.00,20.20,25.70,24.70,23.40,22.50,23.30,22.40,23.50,24.00,25.80,23.60,23.80,22.40,22.60,23.60,22.60,23.00,25.10,21.70
TLM_RCV,-74,FG-ALPHA,20240415_083911,AUTO,0,31.28,5.00,-85,98.23,8.29,3.30,5.02,0,456,0,311,22.28,1013.50,11.90,405.60,12.75,48.55,1080,22.10,25.60,25.20,24.00,20.40,21.20,22.80,25.80,25.60,23.90,21.70,22.30,25.40,25.50,22.10,22.80,23.40,23.10,24.90,20.40,22.60,20.60,22.70,21.40,20.80,24.00,24.50,23.40,20.20,21.20,21.00,22.50,22.60,23.20,20.00,25.20,23.40,23.60,23.80,25.30,25.40,25.60,21.50,21.20,25.80,22.40,20.30,24.60,21.90,22.90,24.60,23.80,25.40,20.90,24.30,22.00,24.90,20.30,21.90,20.10,22.90,21.10,23.00,20.60
TLM_RCV,-43,FG-ALPHA,20240415_083912,AUTO,0,31.40,5.00,-85,98.19,8.28,3.29,5.02,0,479,0,326,22.40,1012.70,11.80,405.50,12.75,48.55,1080,22.60,22.60,23.50,23.90,25.60,24.00,21.20,20.80,22.30,22.20,21.30,24.70,23.60,21.40,20.80,24.80,20.20,22.30,25.70,20.80,21.00,20.50,25.70,22.90,25.80,24.90,25.10,25.10,25.00,25.70,23.30,24.70,22.40,22.60,20.70,24.30,20.00,20.00,20.10,24.00,23.30,22.90,23.80,20.40,24.50,24.90,24.60,21.30,25.20,24.80,20.20,21.40,21.80,20.90,21.20,20.40,22.50,23.10,23.40,21.70,20.60,23.00,22.30,23.00
TLM_RCV,-76,FG-ALPHA,20240415_083913,AUTO,0,32.22,5.00,-85,98.26,8.29,3.29,5.02,1162,443,0,299,23.59,1013.60,12.10,405.80,12.75,48.55,1080,20.50,23.60,24.10,22.10,24.70,23.90,20.90,20.70,20.40,20.90,21.60,21.10,20.20,24.30,22.80,23.70,24.60,21.30,22.60,21.80,25.80,21.40,22.70,24.00,21.40,21.70,24.40,24.40,22.80,20.80,20.00,20.00,22.60,24.20,22.60,22.40,20.80,23.00,25.90,22.10,21.30,23.30,24.00,22.80,24.10,20.30,25.50,23.70,20.60,25.20,21.50,20.70,25.80,25.70,21.40,23.60,25.80,23.20,20.40,21.60,20.80,24.80,20.60,25.10
TLM_RCV,-41,FG-ALPHA,20240415_083914,AUTO,0,33.43,5.00,-85,98.31,8.29,3.29,5.02,957,486,0,344,22.35,1013.50,11.80,405.40,12.75,48.55,1080,24.10,20.60,22.40,21.60,24.50,25.40,24.10,24.90,23.10,25.40,22.30,20.30,21.30,20.40,23.80,23.10,24.90,24.60,24.40,25.30,20.30,22.20,24.20,21.60,22.90,24.30,22.50,21.30,22.10,24.30,23.90,21.40,21.20,24.10,20.00,25.50,21.80,21.10,20.50,21.10,24.70,22.90,20.90,21.00,24.80,20.90,22.90,20.20,22.10,24.10,22.90,22.10,25.00,20.10,23.40,22.00,25.40,24.80,22.50,25.00,21.50,24.10,20.00,23.20
TLM_RCV,-42,FG-ALPHA,20240415_083915,AUTO,0,33.51,5.00,-85,98.36,8.29,3.31,5.02,1011,503,0,349,22.54,1012.70,11.80,406.40,12.76,48.55,1080,22.10,23.60,21.40,22.20,22.90,22.60,20.20,25.40,23.10,24.40,23.20,24.20,21.70,20.00,23.70,25.00,21.20,21.90,24.20,21.70,23.50,21.80,25.20,23.00,24.10,20.00,21.50,23.40,25.20,25.20,20.70,21.80,21.70,23.60,24.10,22.40,24.60,20.50,23.30,22.60,25.20,25.90,20.60,22.90,22.80,24.90,25.40,21.60,21.00,21.50,25.00,24.00,25.40,20.10,23.10,24.60,24.50,21.30,21.70,25.80,20.10,22.20,21.20,20.90
TLM_RCV,-52,FG-ALPHA,20240415_083916,AUTO,0,33.39,5.00,-85,98.42,8.29,3.31,5.02,1072,478,0,331,22.97,1012.90,12.10,406.30,12.76,48.55,1080,25.80,25.80,21.10,24.00,21.20,23.10,22.30,24.20,21.30,24.80,25.40,24.50,20.30,24.00,25.10,20.00,24.60,23.80,25.10,22.30,23.20,24.60,20.40,23.40,23.70,22.30,22.30,24.80,23.30,21.10,20.30,22.40,22.20,22.30,20.00,20.70,22.20,25.10,21.20,22.90,23.40,22.40,20.40,21.00,25.20,23.20,22.80,25.80,24.30,21.60,24.00,22.10,20.90,25.80,21.50,21.30,21.50,21.20,23.80,21.70,24.80,20.10,20.50,20.10
TLM_RCV,-81,FG-ALPHA,20240415_083917,AUTO,0,33.15,5.00,-85,98.46,8.30,3.30,5.02,895,431,0,274,22.32,1013.10,11.90,404.50,12.76,48.55,1080,25.00,20.60,22.50,21.00,21.50,22.50,23.40,23.20,22.70,23.00,24.20,25.40,21.40,24.30,24.20,21.50,24.10,22.70,22.50,25.10,24.60,25.90,24.50,20.10,21.00,21.50,21.40,21.50,21.40,20.00,20.40,24.80,25.20,25.10,21.40,20.60,21.40,24.30,24.10,23.90,23.60,23.40,24.50,22.10,20.20,25.40,20.50,25.90,24.60,25.20,25.00,24.30,21.60,22.50,24.90,20.20,22.60,22.90,21.20,21.50,24.50,20.80,22.10,24.30
TLM_RCV,-76,FG-ALPHA,20240415_083918,AUTO,0,31.09,5.00,-85,98.42,8.30,3.28,5.02,0,418,0,278,22.09,1012.70,12.10,405.50,12.76,48.55,1080,22.10,20.60,24.10,24.20,24.60,23.90,20.30,24.50,20.30,24.30,20.20,22.20,22.70,20.70,20.20,20.00,23.50,20.90,25.00,22.90,23.40,21.50,24.10,25.30,24.40,20.50,21.00,24.90,23.50,21.40,25.80,24.70,24.00,21.60,22.30,21.20,24.50,24.40,20.70,21.80,24.30,24.40,23.10,20.50,23.50,20.10,22.20,22.90,21.60,22.40,22.00,22.70,22.50,25.90,25.00,22.90,24.30,20.30,24.20,25.80,22.60,25.80,23.60,21.30
TLM_RCV,-41,FG-ALPHA,20240415_083919,AUTO,0,33.35,5.00,-85,98.48,8.29,3.31,5.02,1058,471,0,321,22.93,1013.50,11.80,404.70,12.76,48.55,1080,25.70,24.20,20.40,20.90,20.80,23.80,22.10,23.80,23.00,23.10,20.10,21.70,22.00,20.40,23.90,25.30,23.90,22.20,25.80,24.10,23.50,23.70,23.60,25.40,21.70,25.80,23.90,25.90,22.40,22.80,21.80,25.60,23.80,22.40,25.50,22.80,25.20,25.60,24.90,22.80,22.30,24.50,25.70,22.80,24.70,24.20,22.30,25.70,22.20,22.90,20.90,20.90,25.00,24.40,25.50,22.80,22.50,25.70,25.40,21.90,20.80,20.10,23.40,20.00
TLM_RCV,-93,FG-ALPHA,20240415_083920,AUTO,0,33.10,5.00,-85,98.55,8.30,3.31,5.02,1112,421,0,278,23.45,1013.00,11.90,405.20,12.76,48.55,1080,20.00,20.00,21.80,21.90,21.60,24.40,20.90,22.00,22.90,22.80,25.90,24.00,23.90,24.20,23.50,22.00,24.10,21.60,21.60,21.00,25.20,20.80,25.80,23.00,24.20,22.10,24.30,25.80,23.80,24.20,23.40,22.60,25.30,21.90,20.20,25.30,25.00,20.50,20.10,23.20,22.70,21.20,23.60,23.90,25.50,22.90,24.70,23.80,21.00,24.90,20.70,24.40,24.20,21.20,22.60,25.90,22.60,25.50,23.80,23.90,22.50,25.80,22.00,24.10
TLM_RCV,-47,FG-ALPHA,20240415_083921,AUTO,0,32.99,5.00,-85,98.61,8.31,3.31,5.02,982,399,0,254,22.92,1013.40,11.90,405.70,12.76,48.55,1080,21.00,25.90,20.70,20.40,23.70,20.00,22.90,24.60,22.20,25.90,22.80,25.10,25.90,20.90,24.90,24.70,20.50,21.80,23.40,23.70,21.60,23.90,21.00,25.20,23.80,22.50,21.40,25.20,23.70,22.20,24.20,20.20,21.70,25.50,25.00,24.80,22.50,23.20,23.70,25.80,21.00,24.90,21.90,20.20,23.20,23.30,20.00,25.80,23.20,25.50,22.80,21.60,21.80,20.30,25.30,20.40,21.20,20.70,25.70,25.20,20.80,23.70,20.70,23.20
TLM_RCV,-91,FG-ALPHA,20240415_083922,AUTO,0,31.00,5.00,-85,98.68,8.31,3.30,5.02,1158,400,0,254,23.79,1013.40,11.90,405.90,12.76,48.55,1080,20.30,25.50,23.20,22.60,24.30,23.60,20.80,25.80,20.70,21.10,20.00,21.20,25.00,25.70,24.40,23.90,20.70,20.10,24.20,25.20,21.90,21.20,25.50,20.10,22.80,23.00,22.90,24.50,20.50,21.40,21.10,25.80,20.70,23.90,22.60,24.70,24.50,24.30,21.00,23.30,23.70,23.20,23.90,22.30,25.90,22.50,25.30,21.70,21.20,20.20,25.90,20.20,21.70,21.90,21.40,23.30,25.10,23.50,20.90,25.80,23.60,23.30,23.60,23.80
TLM_RCV,-56,FG-ALPHA,20240415_083923,AUTO,0,31.16,5.00,-85,98.72,8.30,3.29,5.02,834,431,0,279,22.01,1013.30,12.00,405.50,12.76,48.55,1080,25.90,23.70,21.30,23.80,24.30,25.10,21.30,22.20,24.00,22.60,21.00,20.80,25.20,24.70,20.00,25.00,22.90,22.50,21.80,20.20,22.20,24.00,20.90,23.10,22.30,22.50,25.40,22.90,22.00,25.50,23.30,22.60,25.10,25.90,25.60,20.70,24.60,25.60,25.20,22.90,21.50,20.80,21.50,21.20,20.10,22.50,25.60,23.80,20.20,20.70,22.50,23.20,24.90,25.70,84.10,23.50,20.40,22.90,20.50,21.10,22.30,21.40,25.40,21.80
TLM_RCV,-64,FG-ALPHA,20240415_083924,AUTO,0,32.39,5.00,-85,98.79,8.30,3.31,5.02,1151,478,0,319,23.36,1013.10,12.10,404.50,12.76,48.55,1080,22.30,20.70,21.90,24.60,23.60,25.40,24.50,25.30,20.70,23.70,22.30,22.20,24.40,24.80,24.60,22.60,24.40,21.20,24.80,25.20,20.90,20.10,23.10,24.20,23.70,21.80,22.60,22.10,21.00,24.30,22.70,24.60,24.60,23.40,23.00,22.90,23.90,23.80,21.70,23.40,25.80,25.20,21.10,24.50,25.60,25.10,23.20,23.40,21.90,20.10,70.70,22.60,24.50,21.00,21.40,22.00,20.30,24.00,25.80,20.30,22.10,22.80,20.00,23.80
TLM_RCV,-95,FG-ALPHA,20240415_083925,AUTO,0,32.31,5.00,-85,98.74,8.30,3.30,5.02,0,463,0,316,22.32,1012.90,12.10,405.50,12.77,48.55,1080,24.30,25.30,23.10,25.00,25.00,25.40,21.40,22.50,25.70,22.30,24.90,20.80,24.30,24.50,23.10,22.70,23.30,23.90,21.50,20.80,20.50,20.00,25.20,25.00,20.00,23.60,22.30,24.50,21.80,23.00,24.40,21.10,22.10,22.00,21.40,23.00,24.60,20.80,20.30,20.60,21.80,21.60,25.20,20.20,20.00,23.00,22.90,23.00,23.90,24.40,20.00,25.80,24.90,21.00,23.80,22.90,24.20,24.50,22.30,22.60,22.90,20.40,25.40,23.40
TLM_RCV,-76,FG-ALPHA,20240415_083926,AUTO,0,33.46,5.00,-85,98.78,8.30,3.29,5.02,853,492,0,344,21.81,1012.70,12.00,405.30,12.77,48.55,1080,25.20,20.00,21.60,22.30,23.30,25.90,24.60,23.80,21.00,24.70,25.20,25.10,23.00,21.80,21.70,23.10,24.60,24.40,25.70,23.60,24.70,24.50,25.80,22.10,21.60,24.40,25.10,20.40,24.10,23.60,23.90,20.90,21.30,22.00,23.00,24.10,22.00,20.10,24.70,20.80,24.30,22.60,21.10,24.70,25.70,22.50,25.40,23.90,22.40,25.40,23.40,25.60,24.50,20.70,23.00,24.90,20.30,22.10,21.70,20.20,21.30,21.80,20.50,23.20
TLM_RCV,-73,FG-ALPHA,20240415_083927,AUTO,0,31.47,5.00,-85,98.73,8.30,3.29,5.02,0,493,0,338,22.47,1012.80,12.00,406.10,12.77,48.55,1080,23.20,22.70,22.60,24.30,20.50,24.00,22.40,21.10,23.70,20.90,22.40,21.20,20.20,25.70,20.20,25.90,25.00,25.60,24.80,25.40,22.60,24.10,20.30,23.40,22.50,22.20,21.30,24.60,24.60,24.80,22.80,21.50,24.90,25.20,20.40,22.40,22.80,22.10,21.90,21.70,24.20,24.20,25.90,24.10,22.60,21.40,25.60,20.90,20.90,24.80,23.20,25.90,23.00,21.80,23.00,25.50,23.50,21.70,25.90,22.00,20.90,22.10,23.80,24.90
TLM_RCV,-65,FG-ALPHA,20240415_083928,AUTO,0,31.12,5.00,-85,98.78,8.31,3.28,5.02,913,424,0,271,22.44,1012.90,11.80,406.00,12.77,48.55,1080,23.80,21.50,22.80,21.70,25.40,25.70,22.00,22.20,20.30,22.50,24.90,21.50,25.40,25.50,22.10,25.30,20.40,25.30,21.20,20.20,23.30,23.20,22.10,20.50,20.10,25.50,24.00,25.00,23.00,23.00,21.60,21.10,24.50,24.30,25.30,25.90,21.70,21.20,25.30,22.70,23.90,23.50,23.90,20.00,25.60,25.40,20.80,20.50,23.50,22.10,21.80,23.50,21.50,20.10,21.70,25.50,21.40,23.00,25.40,20.80,20.90,22.90,24.50,21.60
TLM_RCV,-43,FG-ALPHA,20240415_083929,AUTO,0,32.24,5.00,-85,98.82,8.30,3.28,5.02,817,447,0,295,21.85,1013.40,11.90,405.70,12.77,48.55,1080,25.40,25.60,20.80,23.00,20.50,21.90,23.20,21.40,24.60,24.00,25.60,21.00,22.80,25.50,20.00,25.50,21.00,23.60,23.30,22.40,21.50,23.80,24.40,20.00,23.80,20.40,22.80,20.70,21.30,23.70,20.10,23.60,24.80,86.60,20.30,25.50,23.70,24.40,24.70,23.00,20.10,23.60,22.20,23.30,25.80,23.50,23.00,20.20,25.20,23.60,22.30,25.20,24.70,20.80,20.20,24.10,23.70,23.30,23.70,25.30,25.50,24.50,22.10,22.80
TLM_RCV,-57,FG-ALPHA,20240415_083930,AUTO,0,32.00,5.00,-85,98.88,8.31,3.31,5.02,1035,400,0,256,23.17,1013.30,11.80,405.80,12.77,48.55,1080,25.40,23.80,20.30,20.90,25.10,25.60,20.50,20.20,20.00,20.70,23.90,23.90,22.10,21.20,25.80,22.20,25.50,22.70,22.90,22.40,20.50,23.80,21.80,22.30,24.80,21.50,20.70,23.20,22.60,22.50,25.50,20.10,22.40,23.10,24.80,22.60,25.60,21.20,25.00,22.70,20.30,24.40,21.00,21.50,20.10,22.60,22.30,20.30,25.40,25.20,22.40,23.80,21.30,24.90,24.00,23.60,24.20,22.70,21.40,20.10,24.90,21.80,21.20,21.00
TLM_RCV,-75,FG-ALPHA,20240415_083931,AUTO,0,31.03,5.00,-85,98.92,8.31,3.30,5.02,836,406,0,261,22.15,1012.70,11.80,405.80,12.77,48.55,1080,21.90,20.00,25.90,24.60,22.50,20.20,25.40,20.80,20.30,21.50,21.60,21.10,22.30,25.40,23.40,21.70,23.50,22.30,21.40,23.20,23.60,21.60,24.40,21.00,25.80,22.30,24.80,21.70,23.30,24.80,23.60,24.60,22.90,20.50,24.30,20.80,23.20,25.60,20.30,25.50,24.70,25.20,23.80,20.10,24.40,21.90,25.70,20.40,20.10,21.60,25.00,24.10,24.60,24.80,21.00,23.90,25.60,22.10,23.90,23.20,22.20,20.20,21.60,21.70
TLM_RCV,-59,FG-ALPHA,20240415_083953,AUTO,0,33.29,5.00,-85,100.00,8.33,3.31,5.02,820,458,0,305,21.81,1013.40,12.00,405.80,12.79,48.55,1080,21.00,22.80,20.00,23.50,22.30,23.20,23.80,23.60,25.30,23.90,25.20,22.50,21.70,25.60,23.50,20.30,20.50,23.70,20.40,20.60,24.50,22.60,20.70,20.00,24.30,23.20,20.80,20.60,20.70,22.20,22.20,20.80,23.00,21.70,21.50,23.20,20.50,21.80,25.00,20.00,21.10,21.20,21.30,23.30,22.60,23.30,25.10,24.90,23.20,25.10,24.00,25.70,23.10,21.60,20.10,22.30,20.80,24.50,20.70,24.40,21.50,24.20,21.70,22.40
TLM_RCV,-75,FG-ALPHA,20240415_083954,AUTO,0,31.47,5.00,-85,100.00,8.33,3.31,5.02,1101,493,0,344,23.04,1013.00,12.10,405.40,12.79,48.55,1080,20.30,20.30,24.20,23.50,22.10,23.80,22.60,22.20,23.90,24.90,20.80,20.40,22.10,22.40,24.30,23.80,25.90,22.60,24.00,24.00,24.10,25.50,23.30,20.90,25.70,20.10,22.30,21.70,24.90,22.60,25.70,21.20,21.90,25.20,20.80,23.20,20.50,21.30,21.90,24.40,22.80,22.40,25.70,23.20,25.70,21.40,21.50,23.70,22.80,24.00,21.20,20.80,22.30,24.40,24.40,25.50,21.30,23.40,25.80,22.00,24.80,22.00,25.20,20.80
TLM_RCV,-95,FG-ALPHA,20240415_083955,AUTO,0,32.38,5.00,-85,99.95,8.33,3.28,5.02,0,475,0,327,22.37,1013.20,11.80,404.70,12.80,48.55,1080,22.10,23.50,25.60,21.40,23.50,21.60,25.70,24.10,25.50,24.40,21.40,25.90,20.00,24.60,20.20,21.20,21.60,25.50,21.20,23.20,21.60,25.60,25.60,25.40,21.80,23.10,20.50,24.70,24.10,23.00,21.80,22.50,25.80,21.10,22.60,25.00,25.40,22.50,21.40,24.20,24.70,21.40,20.70,22.20,25.00,24.30,25.40,20.90,22.90,21.60,24.30,20.60,22.10,21.00,20.80,22.80,20.50,20.90,24.00,21.00,21.70,24.70,21.10,22.90
TLM_RCV,-58,FG-ALPHA,20240415_083956,AUTO,0,32.19,5.00,-85,100.00,8.33,3.30,5.02,957,437,0,283,22.60,1012.80,12.00,405.10,12.80,48.55,1080,25.50,25.60,25.80,25.90,21.50,25.60,21.50,23.30,22.00,22.60,22.60,24.70,20.50,23.60,20.40,21.00,72.10,25.70,23.30,25.60,24.80,21.30,23.30,22.40,23.90,23.00,21.10,24.50,25.50,23.90,22.30,22.80,20.00,21.50,23.90,22.40,21.00,22.70,20.10,22.50,22.80,25.60,22.10,24.60,20.00,20.40,23.20,24.10,24.70,22.40,21.00,20.00,21.50,22.90,20.20,23.90,20.40,20.60,21.50,21.90,20.80,25.70,24.90,21.20
TLM_RCV,-74,FG-ALPHA,20240415_083957,AUTO,0,33.38,5.00,-85,100.00,8.33,3.29,5.02,1035,475,0,319,22.80,1013.00,11.90,405.10,12.80,48.55,1080,21.00,24.30,21.70,24.90,23.20,23.70,25.90,24.40,21.70,23.30,24.80,23.50,20.20,24.30,21.30,20.40,24.50,21.30,22.40,23.60,21.20,25.60,20.70,21.30,21.40,22.50,25.60,24.40,24.40,20.80,25.00,22.60,24.50,25.10,21.40,22.10,23.20,20.90,21.60,20.70,22.90,22.60,20.30,23.60,24.00,21.50,22.60,21.40,22.80,20.90,25.80,21.60,25.60,22.40,20.10,22.90,22.30,23.40,24.00,85.10,24.00,21.80,22.40,22.40
TLM_RCV,-90,FG-ALPHA,20240415_083958,AUTO,0,33.45,5.00,-85,100.00,8.33,3.30,5.02,989,490,0,338,22.50,1013.30,12.00,405.10,12.80,48.55,1080,22.90,22.20,23.80,25.40,20.80,24.10,25.30,23.80,23.10,24.70,23.50,25.70,20.20,21.10,20.10,24.40,23.50,25.80,23.50,20.40,23.80,20.40,24.70,21.10,24.20,22.90,22.00,25.90,25.80,21.10,22.90,20.70,22.50,25.20,24.20,22.80,25.20,25.00,23.80,24.80,23.40,23.60,22.00,20.00,23.70,21.50,24.20,24.90,23.50,22.10,21.50,20.10,25.30,21.80,25.10,23.50,21.60,20.60,23.90,22.10,22.30,21.00,24.60,23.10
TLM_RCV,-75,FG-ALPHA,20240415_083959,AUTO,0,31.09,5.00,-85,99.96,8.34,3.28,5.02,0,418,0,267,22.09,1013.30,12.00,406.00,12.80,48.55,1080,23.70,21.20,24.10,22.10,23.20,22.60,24.30,22.40,25.50,22.40,23.80,20.80,22.30,20.90,23.60,22.00,25.70,25.60,22.90,22.00,21.00,21.10,24.90,20.60,21.70,21.10,21.40,24.00,21.30,21.70,25.40,24.00,22.20,24.40,21.30,24.50,23.80,20.50,20.70,20.90,25.80,21.10,22.10,20.40,25.80,21.40,22.00,23.90,24.70,20.50,25.10,21.10,20.50,22.50,22.40,25.00,25.20,25.10,21.50,21.40,22.40,23.50,22.60,23.30
TLM_RCV,-84,FG-ALPHA,20240415_084000,AUTO,0,32.06,5.00,-85,100.00,8.34,3.31,5.02,1040,412,0,262,23.14,1012.90,11.80,405.80,12.80,48.55,1080,25.20,21.20,24.30,25.00,20.30,23.10,25.00,20.10,25.20,23.50,22.10,20.30,22.70,21.00,23.00,22.20,23.20,21.70,22.30,25.10,21.30,25.60,23.50,21.70,24.90,24.00,21.30,25.80,24.60,23.30,25.10,25.30,21.10,23.10,21.80,20.30,21.60,22.00,21.90,20.90,25.80,24.40,22.00,24.90,21.70,24.00,23.50,25.40,21.80,25.70,24.40,23.50,22.30,25.30,21.30,23.30,24.10,22.70,22.70,24.60,23.40,20.60,24.10,22.60
TLM_RCV,-45,FG-ALPHA,20240415_084001,AUTO,0,32.09,5.00,-85,100.00,8.34,3.28,5.02,1044,418,0,262,23.13,1013.20,11.90,406.30,12.80,48.55,1080,24.10,23.80,21.20,20.70,22.30,22.90,24.10,22.30,24.40,25.90,25.90,24.50,22.70,24.30,22.00,25.10,21.30,24.90,21.60,22.30,25.80,21.70,25.80,22.30,22.80,21.00,21.70,23.80,21.10,21.40,23.30,24.60,22.70,20.80,24.90,21.20,24.50,20.10,24.90,25.50,25.80,25.80,20.70,22.10,22.40,24.90,23.50,22.80,21.00,22.90,25.70,21.00,21.70,22.00,24.00,23.80,24.00,23.50,20.50,25.20,20.20,21.80,25.60,22.50
TLM_RCV,-47,FG-ALPHA,20240415_084002,AUTO,0,33.08,5.00,-85,100.00,8.34,3.29,5.02,1037,415,0,267,23.11,1013.60,12.00,404.50,12.80,48.55,1080,23.40,24.20,20.30,22.90,20.10,21.30,21.10,25.60,20.90,23.40,24.80,24.10,23.10,20.20,23.00,23.80,22.20,20.50,21.30,22.50,23.80,21.70,25.10,20.80,23.20,25.10,24.10,21.40,24.20,20.50,21.30,24.80,20.40,24.80,20.30,25.20,22.50,22.30,22.00,21.30,25.20,23.00,20.50,20.20,22.90,24.50,21.00,22.40,20.80,22.70,22.00,21.10,24.80,23.20,24.00,20.40,24.40,20.50,23.60,21.20,22.00,25.50,24.30,22.60
TLM_RCV,-87,FG-ALPHA,20240415_084003,AUTO,0,33.42,5.00,-85,100.00,8.33,3.30,5.02,844,484,0,330,21.80,1013.30,12.10,406.10,12.80,48.55,1080,21.00,24.10,25.80,22.80,25.30,25.40,21.40,23.20,25.10,22.80,20.20,25.70,24.50,21.60,25.80,23.00,22.90,21.30,22.80,21.10,25.20,20.10,22.10,24.60,23.50,25.00,23.20,20.50,20.90,22.20,20.70,22.60,23.60,24.50,21.70,25.10,23.50,21.10,25.20,23.80,21.70,23.30,22.20,21.80,20.50,23.20,22.40,21.90,22.00,22.80,20.60,25.90,21.80,25.30,22.10,21.60,22.00,20.50,24.40,24.90,22.30,23.20,23.90,24.00
TLM_RCV,-75,FG-ALPHA,20240415_084004,AUTO,0,30.97,5.00,-85,100.00,8.34,3.28,5.02,805,394,0,253,22.06,1013.00,11.90,405.10,12.80,48.55,1080,24.00,20.40,25.80,24.00,22.70,25.10,22.80,21.60,25.30,22.50,22.90,22.10,24.50,22.20,25.70,20.90,20.90,25.30,20.10,24.50,20.80,22.40,24.00,20.00,22.00,23.30,20.70,22.80,20.50,25.10,24.90,20.40,24.90,21.70,25.30,20.80,21.90,23.40,21.10,25.70,22.70,20.40,21.30,20.50,22.10,21.10,20.80,25.80,23.60,20.90,23.20,25.70,23.70,23.50,24.10,24.70,22.20,22.00,24.00,22.20,25.00,24.70,25.20,24.00
TLM_RCV,-74,FG-ALPHA,20240415_084005,AUTO,0,32.38,5.00,-85,100.00,8.33,3.30,5.02,926,477,0,321,22.25,1012.80,11.80,405.50,12.81,48.55,1080,23.20,22.30,21.50,25.50,24.30,22.50,20.30,24.60,21.20,20.30,24.10,22.20,23.20,20.90,21.70,20.20,23.70,24.80,24.70,23.30,25.80,24.20,25.50,24.80,21.20,22.50,23.80,20.10,22.20,25.40,23.00,24.10,21.30,23.20,24.20,24.00,20.90,20.00,21.90,21.90,24.40,20.40,23.00,23.00,24.40,23.30,25.70,25.10,22.90,25.70,20.50,23.60,24.90,21.60,22.00,24.30,25.10,21.30,24.10,23.90,24.10,21.60,21.10,21.20
TLM_RCV,-53,FG-ALPHA,20240415_084006,AUTO,0,31.42,5.00,-85,100.00,8.33,3.29,5.02,902,483,0,335,22.09,1013.30,12.10,405.80,12.81,48.55,1080,22.90,23.40,25.70,25.00,20.50,21.30,21.00,24.50,25.30,25.20,24.90,20.90,24.20,25.70,20.70,21.70,21.70,23.30,21.50,22.20,24.10,22.20,22.50,22.60,24.40,21.00,21.50,20.20,25.70,23.30,23.30,22.40,22.60,21.50,24.40,21.10,20.50,21.10,24.10,23.30,22.20,23.60,22.00,24.60,22.00,21.30,21.80,22.80,24.80,23.60,21.10,25.60,22.60,22.80,23.30,25.10,74.50,21.10,21.40,23.50,21.90,20.30,20.50,25.00
TLM_RCV,-50,FG-ALPHA,20240415_084007,AUTO,0,33.03,5.00,-85,100.00,8.34,3.28,5.02,831,406,0,261,22.12,1013.60,12.10,404.90,12.81,48.55,1080,21.60,22.40,20.30,22.00,21.50,20.10,22.00,22.30,20.50,25.80,24.80,25.30,20.60,25.80,20.80,25.20,20.40,20.50,20.90,20.90,22.30,25.50,24.60,21.90,20.20,24.70,25.90,25.50,24.00,20.40,21.90,20.00,21.40,24.70,25.20,20.80,20.80,23.20,25.40,24.20,24.90,22.30,23.40,21.20,25.80,24.70,20.70,23.70,25.90,25.80,20.40,21.20,25.20,20.60,25.70,25.90,20.20,23.80,24.30,22.80,20.60,22.40,24.80,22.00
TLM_RCV,-59,FG-ALPHA,20240415_084008,AUTO,0,31.31,5.00,-85,100.00,8.33,3.30,5.02,1119,461,0,313,23.29,1012.90,11.80,404.60,12.81,48.55,1080,21.10,22.90,24.70,24.70,21.30,21.10,23.20,23.40,24.10,24.10,24.20,22.30,24.60,23.50,25.20,24.70,24.30,24.20,21.30,21.60,22.70,22.60,24.40,21.60,20.60,25.50,20.80,24.60,25.00,24.40,23.30,20.80,24.10,25.80,20.00,21.20,24.40,23.50,25.10,23.70,24.30,23.50,25.90,24.00,20.00,20.50,23.00,25.30,20.40,23.00,23.90,20.20,22.00,20.20,21.30,25.40,22.10,22.30,21.50,21.20,21.60,22.80,21.50,25.50
TLM_RCV,-70,FG-ALPHA,20240415_084009,AUTO,0,32.37,5.00,-85,99.95,8.33,3.28,5.02,0,473,0,316,22.36,1013.20,11.90,406.00,12.81,48.55,1080,21.00,22.20,25.50,20.60,24.50,22.90,20.20,25.30,21.80,21.10,20.60,23.60,25.90,22.70,24.50,21.20,22.90,23.60,20.40,20.90,24.60,21.60,24.90,24.90,24.50,24.20,25.40,23.30,22.50,24.10,23.90,21.00,21.30,24.50,20.50,23.80,24.90,25.00,23.80,25.00,24.10,20.50,20.60,25.40,22.70,23.10,21.00,23.20,24.40,25.60,21.00,24.10,25.30,22.70,24.00,25.50,21.50,20.80,24.30,21.60,22.20,25.50,23.20,22.10
TLM_RCV,-90,FG-ALPHA,20240415_084010,AUTO,0,32.37,5.00,-85,99.99,8.33,3.31,5.02,805,473,0,323,21.66,1013.30,12.00,405.70,12.81,48.55,1080,25.40,20.30,24.30,22.70,20.20,23.10,23.00,24.30,22.80,21.30,20.30,22.00,25.00,22.80,25.20,21.70,22.80,25.00,21.90,23.60,23.70,23.20,25.40,21.60,24.20,25.70,22.20,22.20,20.50,20.20,21.60,22.00,24.00,21.90,25.60,20.80,25.20,20.70,20.50,20.10,23.30,20.20,23.70,25.70,22.60,25.80,25.70,23.90,24.80,23.90,22.70,21.60,23.00,25.30,25.60,22.50,22.10,20.30,21.70,23.40,25.10,20.80,25.70,20.60
TLM_RCV,-80,FG-ALPHA,20240415_084011,AUTO,0,31.08,5.00,-85,100.00,8.34,3.29,5.02,1012,417,0,272,22.98,1013.60,11.80,405.50,12.81,48.55,1080,20.60,23.80,25.30,23.50,24.20,20.80,22.70,25.50,25.60,21.30,21.80,20.90,22.20,24.50,24.90,24.40,20.20,21.50,23.40,25.00,23.90,23.00,23.30,22.40,22.80,20.50,24.60,21.40,23.10,23.60,22.60,24.50,24.70,24.20,21.80,25.90,21.70,21.10,21.40,20.10,20.10,22.00,24.30,22.30,21.10,24.30,25.60,24.90,21.10,25.60,21.60,25.70,25.00,20.30,22.70,21.50,22.40,22.70,25.90,22.60,21.30,22.10,22.20,20.40
TLM_RCV,-40,FG-ALPHA,20240415_084012,AUTO,0,32.07,5.00,-85,100.00,8.34,3.29,5.02,1193,414,0,257,23.90,1013.30,12.00,405.90,12.81,48.55,1080,24.30,21.10,21.00,23.30,20.60,20.90,24.10,25.90,23.90,21.30,24.50,24.40,25.50,24.40,25.70,24.80,22.10,22.30,23.10,23.80,25.50,25.20,25.60,25.10,21.50,22.20,20.20,22.10,21.70,25.00,24.20,24.80,24.00,25.10,23.00,24.20,24.30,24.20,23.20,21.10,21.00,24.50,22.40,23.10,21.10,23.50,22.60,25.20,25.80,24.20,20.90,23.80,21.30,20.00,20.40,25.70,23.70,23.80,23.00,25.60,25.00,20.00,23.70,20.50
TLM_RCV,-88,FG-ALPHA,20240415_084013,AUTO,0,31.35,5.00,-85,100.00,8.33,3.30,5.02,922,470,0,320,22.26,1013.40,11.80,405.10,12.81,48.55,1080,22.40,20.40,21.10,22.40,25.00,20.80,25.90,21.60,24.30,25.20,21.20,21.20,25.70,25.50,23.90,23.40,22.30,23.20,20.30,21.00,21.30,20.20,21.60,24.10,20.50,20.20,20.80,24.00,22.50,22.30,21.70,24.90,20.70,25.40,22.80,22.60,25.50,21.80,22.20,23.00,25.70,25.30,25.60,24.20,21.30,24.30,21.80,24.00,21.00,24.70,24.90,24.70,25.50,24.10,22.80,25.70,23.90,21.50,23.90,22.30,21.60,20.50,21.00,24.00
TLM_RCV,-73,FG-ALPHA,20240415_084014,AUTO,0,32.97,5.00,-85,99.96,8.34,3.28,5.02,0,394,0,251,21.97,1012.70,11.90,406.10,12.81,48.55,1080,23.80,25.20,21.50,24.20,22.50,24.10,21.90,22.70,24.40,24.10,20.10,25.40,20.60,22.20,21.90,21.10,20.80,22.10,21.90,25.10,23.90,21.00,22.50,20.00,25.20,20.20,23.10,23.40,24.50,21.70,24.00,22.00,22.20,21.70,20.80,22.40,20.10,22.10,21.80,23.70,25.00,24.80,21.50,22.60,23.50,22.30,21.60,23.40,24.00,21.90,21.20,20.50,23.40,25.00,25.20,25.40,25.40,20.70,25.40,24.30,24.70,79.70,23.70,21.80
TLM_RCV,-44,FG-ALPHA,20240415_084015,AUTO,0,33.39,5.00,-85,100.00,8.33,3.29,5.02,1139,478,0,333,23.31,1013.60,11.80,405.40,12.82,48.55,1080,22.10,20.50,23.70,24.20,20.60,21.70,24.10,20.50,20.00,22.40,22.70,20.40,25.20,25.60,20.40,23.70,25.30,21.40,25.90,24.80,23.30,22.50,21.10,21.60,21.60,25.60,23.10,20.00,20.70,20.00,25.00,22.10,25.70,25.70,25.40,22.00,22.90,20.60,23.20,25.20,21.30,23.20,22.20,24.20,20.60,20.50,20.10,22.40,22.90,25.70,25.40,24.70,24.90,24.70,25.60,25.60,21.80,25.40,24.20,21.60,22.60,23.10,24.10,22.30
TLM_RCV,-41,FG-ALPHA,20240415_084016,AUTO,0,31.07,5.00,-85,100.00,8.34,3.29,5.02,1024,413,0,255,23.06,1012.90,11.90,404.60,12.82,48.55,1080,23.60,20.00,23.60,20.50,22.40,25.60,20.00,23.90,25.10,24.10,24.00,20.40,24.50,20.60,22.80,25.20,24.30,21.40,25.70,23.30,22.60,25.50,20.30,20.00,25.80,23.20,25.80,20.00,21.50,24.20,25.50,25.50,22.00,24.70,20.60,24.20,20.80,20.00,22.90,21.60,21.00,24.10,24.20,24.10,24.90,21.00,20.10,25.60,22.20,20.40,20.20,24.20,22.00,25.80,25.50,24.80,24.60,21.50,25.90,20.40,23.30,24.10,22.40,25.50
TLM_RCV,-74,FG-ALPHA,20240415_084017,AUTO,0,33.42,5.00,-85,100.00,8.33,3.31,5.02,961,484,0,342,22.39,1013.30,11.90,406.00,12.82,48.55,1080,23.00,20.30,25.60,24.60,24.90,24.60,22.80,25.60,20.70,23.20,25.80,20.70,23.40,24.00,20.60,21.60,22.40,20.00,21.10,22.30,21.80,25.90,24.00,22.70,23.80,25.90,21.80,23.10,21.90,23.30,25.60,20.30,21.90,25.70,20.00,20.90,25.90,25.50,25.00,20.00,21.80,22.60,21.20,20.80,20.20,20.80,21.80,22.10,25.30,23.90,23.60,23.70,24.10,25.50,25.90,21.00,24.60,22.90,25.70,25.20,25.40,25.00,24.70,24.70
TLM_RCV,-53,FG-ALPHA,20240415_084018,AUTO,0,33.28,5.00,-85,100.00,8.33,3.31,5.02,927,457,0,307,22.35,1013.50,12.00,405.00,12.82,48.55,1080,23.40,20.50,21.60,24.10,22.90,21.70,25.90,22.60,24.00,21.80,21.90,24.00,22.90,25.00,24.20,21.10,20.90,22.20,24.80,23.90,21.00,23.80,25.70,25.60,20.00,23.90,22.20,23.30,21.50,20.30,24.70,23.80,21.50,21.70,23.60,21.60,21.50,24.50,21.50,25.50,23.60,23.20,21.40,25.00,21.20,22.20,24.90,24.00,23.60,20.10,24.90,22.40,21.10,24.50,23.90,21.60,24.50,24.70,25.70,25.00,24.80,23.10,20.70,20.80
TLM_RCV,-41,FG-ALPHA,20240415_084019,AUTO,0,33.04,5.00,-85,100.00,8.34,3.30,5.02,873,408,0,250,22.33,1012.90,11.90,404.70,12.82,48.55,1080,25.10,25.10,21.90,21.10,22.60,25.50,22.00,21.90,23.90,21.60,22.40,22.30,20.00,21.70,25.00,22.00,25.40,22.30,20.80,25.90,24.00,25.00,22.20,21.30,24.40,21.60,25.10,25.30,24.30,25.50,20.90,23.30,24.40,21.00,24.10,25.00,22.60,23.30,25.90,20.30,24.00,23.10,23.70,25.20,25.70,20.50,25.30,20.50,22.90,22.80,23.00,24.40,22.50,25.90,20.70,20.20,22.50,25.00,21.90,23.90,20.70,21.20,20.50,22.90
TLM_RCV,-82,FG-ALPHA,20240415_084020,AUTO,0,32.31,5.00,-85,100.00,8.33,3.31,5.02,808,463,0,316,21.73,1013.40,12.00,404.50,12.82,48.55,1080,23.10,22.90,24.50,22.80,21.60,79.30,21.90,22.80,23.70,23.90,22.40,21.90,23.00,20.40,24.60,22.50,23.30,24.50,21.90,24.50,25.20,22.70,21.50,20.60,20.00,23.00,21.10,22.50,24.30,21.10,25.80,25.90,24.40,24.30,22.60,22.30,24.20,23.70,25.50,21.30,22.70,20.80,23.30,23.70,21.30,20.60,23.80,22.10,22.90,25.30,21.80,24.40,25.50,23.80,23.30,25.90,24.80,21.30,20.80,24.80,20.20,20.80,25.60,25.80
TLM_RCV,-66,FG-ALPHA,20240415_084021,AUTO,0,32.33,5.00,-85,99.95,8.33,3.31,5.02,0,467,0,310,22.33,1013.60,11.90,406.30,12.82,48.55,1080,21.80,25.10,24.10,20.60,22.60,23.70,24.60,25.40,23.00,21.60,24.80,21.60,20.30,25.60,23.60,20.30,22.30,25.70,21.80,20.10,24.20,25.70,22.50,22.90,22.30,25.00,20.40,20.80,24.20,21.10,20.80,21.40,20.40,23.30,23.90,24.10,21.70,25.50,24.30,23.40,21.90,25.40,22.70,25.60,25.20,20.00,71.20,23.80,20.20,20.60,21.10,20.20,24.70,22.20,21.50,24.40,23.40,23.50,25.90,25.40,21.00,21.30,24.40,20.30
TLM_RCV,-60,FG-ALPHA,20240415_084022,AUTO,0,31.20,5.00,-85,100.00,8.33,3.30,5.02,1124,441,0,291,23.42,1013.30,11.80,405.20,12.82,48.55,1080,25.10,20.30,21.80,25.10,25.60,25.90,23.20,25.30,23.10,22.40,23.80,22.30,20.30,20.60,21.80,24.10,20.70,24.00,21.40,25.20,23.00,20.50,20.60,21.60,22.40,24.70,22.50,22.80,25.30,20.40,24.10,22.90,21.40,25.60,21.30,22.90,23.00,20.80,21.00,24.30,23.00,24.50,22.50,21.00,24.60,23.00,22.00,22.30,20.30,22.60,22.60,20.60,20.70,20.20,23.00,24.20,23.30,23.40,23.60,24.10,25.40,20.80,24.30,21.10
TLM_RCV,-80,FG-ALPHA,20240415_084023,AUTO,0,33.40,5.00,-85,100.00,8.33,3.30,5.02,991,481,0,333,22.55,1012.90,11.80,405.90,12.82,48.55,1080,20.70,24.10,25.50,21.50,22.60,25.40,20.40,23.00,20.40,24.10,20.10,23.70,24.20,21.20,20.60,24.70,24.20,21.70,23.90,24.80,20.70,25.20,25.90,21.40,25.20,25.70,23.70,20.90,21.80,22.10,23.50,21.00,21.70,21.50,25.50,25.00,23.90,22.90,20.40,21.60,22.00,20.20,21.70,24.80,22.80,21.30,24.70,25.90,23.20,25.10,20.40,25.40,20.00,25.90,20.10,23.20,25.40,24.70,25.80,25.40,23.70,20.20,25.30,23.90
TLM_RCV,-76,FG-ALPHA,20240415_084024,AUTO,0,33.03,5.00,-85,100.00,8.34,3.30,5.02,829,407,0,252,22.11,1013.20,12.00,405.00,12.82,48.55,1080,22.70,20.30,24.50,21.80,20.60,24.60,21.90,20.10,22.10,24.00,21.10,22.70,22.90,23.10,21.30,23.20,25.80,25.30,20.30,21.50,23.70,22.70,25.00,21.80,25.50,21.10,23.90,22.10,24.30,21.10,22.60,20.00,25.40,20.10,20.50,23.20,23.80,22.70,24.30,22.40,25.40,20.20,20.90,22.70,22.20,21.00,21.10,25.10,20.30,20.10,22.90,25.60,21.30,23.70,23.80,24.90,22.10,22.30,23.40,21.50,24.50,20.10,24.70,22.10
TLM_RCV,-81,FG-ALPHA,20240415_084025,AUTO,0,31.15,5.00,-85,100.00,8.34,3.29,5.02,850,430,0,277,22.10,1013.20,12.10,405.80,12.83,48.55,1080,25.30,21.80,25.10,23.60,22.00,20.30,21.40,21.50,24.90,23.80,24.10,22.50,24.90,25.10,21.20,21.10,24.90,23.20,23.40,24.10,23.10,23.30,22.50,20.90,20.30,22.70,25.70,22.90,23.40,21.50,25.80,21.40,20.30,20.80,25.00,21.60,20.40,21.10,24.60,23.50,25.00,22.80,22.70,23.60,23.50,23.40,21.90,24.70,24.00,25.90,21.30,23.90,24.40,20.80,20.10,25.20,23.30,25.50,21.30,23.40,24.80,24.90,23.10,22.60
TLM_RCV,-63,FG-ALPHA,20240415_084026,AUTO,0,32.44,5.00,-85,99.95,8.33,3.28,5.02,0,487,0,339,22.43,1013.60,12.00,405.00,12.83,48.55,1080,25.80,23.80,23.30,25.40,20.20,20.90,22.00,23.40,23.70,21.40,21.00,24.30,22.80,23.80,24.90,22.60,20.30,23.30,21.10,21.70,24.50,22.20,23.70,20.50,20.00,22.70,21.60,20.70,25.60,22.50,24.80,20.00,25.40,23.00,20.80,20.80,21.20,20.50,25.40,21.00,25.90,23.90,24.80,23.90,22.50,25.20,23.80,21.00,24.60,25.60,22.20,23.20,23.90,25.40,24.80,23.20,22.00,23.00,20.90,24.00,23.90,23.00,20.80,20.80
TLM_RCV,-74,FG-ALPHA,20240415_084027,AUTO,0,32.24,5.00,-85,99.99,8.33,3.28,5.02,851,447,0,303,22.02,1013.00,12.10,406.30,12.83,48.55,1080,22.60,21.30,20.00,20.60,22.00,24.90,23.20,22.50,25.20,25.20,24.70,21.00,24.70,21.00,21.30,22.30,25.70,22.10,21.70,20.20,23.00,24.40,20.00,25.90,25.40,23.80,21.60,24.90,23.80,25.30,20.60,23.60,21.20,21.80,22.40,20.80,22.40,22.70,21.30,21.60,21.20,25.80,22.70,20.10,25.00,22.90,20.40,20.30,20.60,24.00,22.50,24.50,23.60,20.00,24.30,25.60,22.40,25.20,23.30,22.90,23.70,25.50,20.00,21.00
TLM_RCV,-78,FG-ALPHA,20240415_084028,AUTO,0,31.14,5.00,-85,100.00,8.34,3.30,5.02,950,428,0,270,22.61,1013.00,12.10,405.80,12.83,48.55,1080,25.50,25.40,23.20,23.80,23.80,20.90,24.80,24.30,21.30,21.50,20.50,24.80,22.40,22.10,21.00,23.90,23.00,22.20,23.90,24.80,20.80,23.90,25.70,21.10,21.00,25.20,22.20,25.30,24.00,23.20,20.50,25.60,21.50,24.50,21.20,22.60,23.20,21.30,22.80,20.40,20.50,22.70,21.10,23.80,23.80,23.00,23.10,21.40,21.30,25.80,23.60,22.60,24.90,21.10,23.40,22.60,22.30,20.80,22.80,21.30,24.90,20.30,20.80,80.70
TLM_RCV,-90,FG-ALPHA,20240415_084029,AUTO,0,31.33,5.00,-85,100.00,8.33,3.28,5.02,918,465,0,317,22.26,1013.30,11.90,405.50,12.83,48.55,1080,21.70,21.60,21.40,20.50,23.30,25.30,25.40,20.40,21.50,20.10,23.50,21.50,24.20,20.30,20.10,24.20,22.70,25.50,20.30,24.10,22.10,24.80,25.30,24.30,22.90,24.00,25.30,24.90,22.80,24.10,21.90,24.00,22.00,24.90,20.10,20.40,20.50,24.90,25.90,20.10,20.10,24.30,20.50,21.40,21.30,24.70,23.50,21.20,24.50,25.80,21.30,21.50,21.90,21.40,23.40,23.00,22.50,22.90,20.90,20.70,23.70,25.30,20.80,25.00
TLM_RCV,-40,FG-ALPHA,20240415_084030,AUTO,0,31.14,5.00,-85,99.96,8.33,3.30,5.02,0,427,0,282,22.14,1013.10,11.80,404.90,12.83,48.55,1080,25.40,22.70,24.50,22.40,22.70,20.70,25.70,21.60,25.40,21.20,21.80,24.50,25.70,20.70,22.20,22.60,21.40,20.20,23.80,20.90,21.70,22.20,25.70,25.40,24.70,21.90,22.70,24.20,24.40,25.30,25.40,21.90,24.20,22.00,25.60,24.90,25.60,20.00,22.60,22.40,23.20,25.20,21.70,24.90,22.30,22.30,25.90,23.20,20.20,23.10,25.00,25.60,20.10,22.30,24.10,23.20,24.80,21.70,21.80,25.90,23.20,20.70,24.90,20.50
TLM_RCV,-87,FG-ALPHA,20240415_084031,AUTO,0,33.35,5.00,-85,100.00,8.33,3.30,5.02,913,469,0,321,22.22,1012.80,11.90,405.40,12.83,48.55,1080,25.20,24.80,21.50,25.30,22.70,23.90,20.60,20.90,21.20,22.10,22.80,22.10,21.70,21.80,25.60,23.10,23.00,22.30,21.60,21.10,21.90,22.90,21.10,23.90,24.30,24.70,22.20,25.60,21.40,22.80,21.70,21.50,22.30,23.80,20.30,25.60,25.30,21.30,25.60,23.90,23.70,22.80,23.40,22.90,24.90,25.70,24.20,24.50,23.30,25.50,22.30,24.50,24.80,24.40,20.60,21.70,25.70,21.80,21.40,23.60,21.10,24.30,24.00,21.60
TLM_RCV,-88,FG-ALPHA,20240415_084032,AUTO,0,33.26,5.00,-85,100.00,8.33,3.29,5.02,986,452,0,295,22.67,1013.40,11.90,404.70,12.83,48.55,1080,23.90,25.00,22.30,21.80,21.70,21.40,22.50,24.60,25.50,20.60,24.90,22.90,20.70,24.30,24.00,22.20,22.50,20.70,25.60,22.30,22.40,24.10,21.50,23.60,25.60,22.30,20.10,25.30,22.10,24.50,21.70,23.50,23.40,25.00,21.20,20.00,20.40,21.90,22.20,21.60,20.00,25.80,23.30,22.40,20.10,22.20,23.30,21.40,25.70,21.30,24.10,22.80,24.50,24.70,24.00,23.70,21.30,22.70,23.20,22.00,25.00,23.70,25.80,20.50
TLM_RCV,-40,FG-ALPHA,20240415_084033,AUTO,0,31.33,5.00,-85,99.95,8.33,3.30,5.02,0,467,0,314,22.33,1013.00,12.00,405.60,12.83,48.55,1080,23.00,20.30,25.50,24.20,20.10,22.40,23.90,21.30,21.80,24.10,21.40,21.40,24.40,23.80,23.00,22.30,22.10,21.70,23.10,21.80,20.40,25.90,22.80,20.80,24.80,22.70,24.30,21.60,20.50,23.80,21.60,21.50,25.30,22.40,24.70,24.80,24.20,71.00,25.70,24.00,20.70,21.50,22.10,22.70,22.80,23.20,24.80,22.00,22.40,22.60,22.00,20.10,20.30,25.70,23.20,25.70,21.70,25.20,21.70,23.70,22.90,20.10,21.20,24.60
TLM_RCV,-90,FG-ALPHA,20240415_084055,AUTO,0,33.43,5.00,-85,99.95,8.33,3.31,5.02,0,486,0,341,22.43,1013.60,11.80,404.60,12.86,48.70,1080,20.50,20.00,20.30,22.30,25.60,22.90,24.80,25.30,23.20,23.70,25.40,24.30,20.70,21.60,23.50,24.50,24.00,20.30,22.70,22.00,21.60,21.40,23.40,20.40,25.70,25.70,23.50,23.60,20.20,21.40,22.40,23.90,22.70,20.10,21.60,21.50,24.30,23.50,20.60,22.60,22.90,23.00,23.00,23.10,20.90,25.70,20.30,20.80,23.60,21.30,22.50,22.80,24.20,24.80,22.80,20.30,23.30,22.30,21.90,22.30,20.60,23.40,22.70,22.30
TLM_RCV,-42,FG-ALPHA,20240415_084056,AUTO,0,31.27,5.00,-85,100.00,8.33,3.29,5.02,912,454,0,298,22.29,1013.60,11.80,405.50,12.86,48.70,1080,25.00,20.40,23.60,22.10,20.40,21.20,24.10,20.90,21.90,23.90,24.20,24.00,23.40,24.10,25.90,22.60,21.90,23.00,24.40,24.70,23.60,21.30,22.70,21.30,22.20,20.90,21.00,24.00,22.90,21.60,21.90,25.70,23.20,22.20,24.30,20.10,21.50,20.90,25.10,24.40,21.30,22.00,23.40,21.50,20.00,22.60,25.30,24.50,21.80,21.30,20.40,23.10,21.10,23.30,21.10,20.80,22.30,25.10,23.80,24.20,20.40,25.10,21.60,20.00
TLM_RCV,-69,FG-ALPHA,20240415_084057,AUTO,0,31.25,5.00,-85,100.00,8.33,3.29,5.02,950,451,0,302,22.50,1013.40,11.80,405.70,12.86,48.70,1080,23.80,25.10,23.00,25.10,25.60,22.90,25.30,24.70,21.90,20.10,20.50,25.00,25.00,25.40,20.90,21.30,20.50,25.70,22.20,22.90,25.00,22.60,20.80,20.30,24.10,20.40,21.70,23.50,24.70,23.60,23.50,20.20,24.50,20.10,23.50,20.40,22.90,22.10,21.00,22.70,20.10,20.20,24.30,24.10,24.20,23.10,21.20,22.80,21.40,23.10,22.40,20.90,21.30,21.00,23.30,22.80,25.20,23.10,23.60,22.10,21.70,22.20,25.00,22.90
TLM_RCV,-63,FG-ALPHA,20240415_084058,AUTO,0,33.15,5.00,-85,99.96,8.33,3.31,5.02,0,430,0,287,22.15,1013.00,11.90,404.60,12.86,48.70,1080,25.10,22.20,20.80,21.00,20.40,23.30,22.80,23.20,21.60,22.30,21.80,22.90,25.70,25.00,25.70,25.70,23.50,25.60,21.80,20.60,23.40,21.30,23.50,22.80,22.40,23.60,20.60,25.40,25.70,21.80,21.30,23.80,25.10,25.20,24.60,24.90,21.50,25.60,25.00,23.90,23.60,23.20,21.70,23.20,22.80,24.60,24.60,22.40,21.00,24.00,25.70,21.90,21.00,23.40,22.10,22.50,21.50,20.30,24.60,21.80,25.90,20.60,25.30,24.60
TLM_RCV,-90,FG-ALPHA,20240415_084059,AUTO,0,33.29,5.00,-85,100.00,8.33,3.30,5.02,1067,458,0,313,23.05,1013.20,11.90,405.80,12.86,48.70,1080,25.20,25.30,24.40,21.00,21.50,23.50,22.80,22.10,24.80,21.40,81.10,24.30,20.20,21.90,23.80,20.70,20.80,20.00,25.90,23.50,20.80,25.40,23.20,23.80,25.20,21.40,25.50,23.60,22.90,24.10,24.80,20.40,21.60,21.40,20.80,25.90,22.20,23.10,20.70,22.20,22.70,20.10,21.30,21.80,21.90,22.00,20.90,24.90,20.60,23.80,20.80,21.80,22.40,24.00,25.60,21.60,21.00,23.50,25.70,23.00,25.50,25.30,23.40,25.80
TLM_RCV,-40,FG-ALPHA,20240415_084100,AUTO,0,33.28,5.00,-85,100.00,8.33,3.30,5.02,846,456,0,315,21.95,1012.70,11.80,405.80,12.86,48.70,1080,24.10,24.80,22.90,21.20,23.70,23.40,21.90,20.60,25.60,22.80,21.10,24.50,24.90,24.40,25.60,22.00,22.40,25.20,20.40,25.00,22.40,22.40,23.50,20.10,25.90,20.80,23.60,25.40,20.60,22.90,21.00,25.00,21.30,24.00,21.40,20.50,24.30,24.10,24.90,23.80,20.10,20.40,24.80,20.00,24.90,23.70,22.80,21.30,25.90,22.70,24.70,25.70,24.00,24.00,25.60,21.30,25.60,25.80,20.90,25.50,22.90,21.80,23.00,21.40
TLM_RCV,-91,FG-ALPHA,20240415_084101,AUTO,0,31.33,5.00,-85,100.00,8.33,3.29,5.02,872,466,0,321,22.03,1012.90,11.80,404.80,12.86,48.70,1080,22.60,23.40,20.00,22.50,24.70,25.20,23.20,21.90,25.60,24.90,24.40,24.10,22.40,21.00,21.80,25.80,20.50,20.70,23.50,22.70,21.60,25.30,21.80,22.20,23.90,24.90,22.90,23.00,22.30,21.60,24.80,20.00,20.20,21.00,23.40,25.60,20.50,20.20,21.60,20.90,24.80,24.60,24.40,25.90,20.60,20.40,23.70,25.30,22.00,25.30,25.70,24.00,22.90,21.90,20.70,24.30,20.40,21.80,21.20,22.40,25.90,22.90,24.50,20.00
TLM_RCV,-92,FG-ALPHA,20240415_084102,AUTO,0,31.39,5.00,-85,100.00,8.33,3.28,5.02,1054,477,0,325,22.89,1013.10,12.00,405.70,12.86,48.70,1080,24.90,24.10,24.30,25.00,23.60,25.50,24.10,22.50,22.60,24.80,23.10,25.50,24.30,23.30,21.00,23.10,25.90,22.40,20.80,21.10,20.00,20.00,22.30,20.60,20.80,20.70,21.90,22.90,25.70,23.10,23.20,21.50,22.00,21.20,21.60,20.90,21.60,22.10,20.80,20.60,21.60,23.40,21.60,22.00,23.60,21.50,23.60,24.30,23.80,22.80,23.20,21.90,23.10,21.20,25.60,23.50,23.30,24.20,23.80,21.40,21.30,21.50,21.20,25.60
TLM_RCV,-78,FG-ALPHA,20240415_084103,AUTO,0,31.25,5.00,-85,100.00,8.33,3.28,5.02,801,449,0,299,21.76,1012.80,11.80,405.90,12.86,48.70,1080,24.80,24.30,21.20,24.80,20.70,21.40,20.20,24.80,22.80,25.90,22.00,23.80,23.10,24.70,23.90,23.80,24.00,24.20,20.40,22.20,20.90,22.00,23.60,20.50,24.80,23.40,23.80,20.80,25.60,23.80,23.40,24.20,24.00,20.80,23.40,20.90,21.20,25.20,24.20,23.30,20.90,25.40,20.50,25.50,21.60,23.90,23.00,21.10,20.90,23.70,20.10,25.90,20.40,25.90,20.80,22.10,25.40,24.80,20.50,23.60,25.50,24.70,20.20,24.30
TLM_RCV,-81,FG-ALPHA,20240415_084104,AUTO,0,32.27,5.00,-85,99.95,8.33,3.29,5.02,0,454,0,311,22.27,1012.80,12.00,405.00,12.86,48.70,1080,20.30,23.70,23.50,20.30,24.50,25.20,20.20,20.60,20.80,25.80,23.70,25.10,25.90,23.70,24.50,20.50,20.80,24.20,24.10,20.20,21.50,24.60,22.20,20.40,22.40,20.30,25.90,25.50,25.50,23.20,24.80,24.00,23.60,20.00,22.70,22.60,24.90,22.40,25.30,24.40,21.30,21.00,23.40,23.80,25.50,21.20,21.40,25.90,23.40,23.90,24.50,24.40,22.30,20.90,24.30,21.30,20.60,21.00,25.30,23.00,24.70,24.80,25.20,23.40
TLM_RCV,-90,FG-ALPHA,20240415_084105,AUTO,0,32.08,5.00,-85,99.91,8.34,3.29,5.02,0,417,0,268,22.08,1012.90,12.10,405.80,12.87,48.70,1080,22.30,24.60,25.20,21.20,21.50,23.50,21.10,20.30,24.60,24.10,25.50,20.80,21.70,23.60,25.00,22.20,23.50,24.70,25.10,20.60,21.80,25.80,23.10,20.90,23.90,23.80,24.10,25.20,20.60,22.40,21.30,25.00,25.90,24.50,22.80,22.50,20.80,22.90,21.50,21.40,20.20,24.30,20.20,20.80,22.30,20.50,22.50,21.90,22.20,21.30,22.10,25.30,25.60,20.50,22.00,24.40,23.60,20.60,22.50,22.00,23.10,22.30,24.40,25.80
TLM_RCV,-70,FG-ALPHA,20240415_084106,AUTO,0,31.06,5.00,-85,99.87,8.34,3.28,5.02,0,412,0,258,22.06,1012.70,12.10,406.30,12.87,48.70,1080,24.10,25.20,20.00,25.80,22.90,24.40,22.80,25.50,25.30,23.70,25.60,25.50,21.20,21.90,25.10,25.90,25.10,25.20,21.70,21.00,20.60,24.80,21.40,21.90,25.40,24.30,22.00,23.40,20.90,22.10,24.00,25.90,23.70,22.70,21.20,20.60,24.60,23.20,25.20,24.50,20.60,21.30,24.00,25.30,24.30,23.30,24.60,20.70,23.80,24.00,20.50,24.20,25.50,22.50,24.90,74.50,20.30,20.70,24.20,25.00,20.00,24.70,25.80,21.90
TLM_RCV,-69,FG-ALPHA,20240415_084107,AUTO,0,33.35,5.00,-85,99.82,8.33,3.31,5.02,0,469,0,316,22.34,1012.70,11.90,406.10,12.87,48.70,1080,21.30,22.30,23.00,22.10,21.00,21.90,22.10,24.70,24.00,25.00,21.20,23.20,25.90,20.50,23.50,21.10,20.60,20.30,22.20,24.60,22.30,25.20,20.30,25.20,20.70,24.50,25.50,24.50,23.40,20.30,21.20,23.50,25.90,20.10,24.00,23.60,20.80,23.00,22.30,20.60,25.00,20.70,22.90,22.80,20.70,22.50,20.10,21.80,22.20,24.80,24.20,22.50,25.50,24.00,20.60,23.90,20.30,22.10,23.00,24.50,23.60,23.60,23.70,23.90
TLM_RCV,-94,FG-ALPHA,20240415_084108,AUTO,0,33.42,5.00,-85,99.88,8.32,3.28,5.02,1057,485,0,338,22.86,1013.00,12.10,404.90,12.87,48.70,1080,20.20,24.10,20.00,25.10,20.40,22.70,20.00,20.50,22.10,21.30,23.50,24.70,22.40,22.40,23.50,25.20,22.60,24.50,25.80,23.70,24.20,21.70,23.30,22.60,25.20,20.60,24.20,21.10,22.60,21.40,20.50,23.30,22.90,21.90,23.30,20.30,21.20,25.00,21.70,22.10,21.30,24.00,21.00,20.80,23.80,20.00,20.80,22.50,21.00,21.10,20.90,22.40,20.20,20.10,22.90,22.30,22.60,21.00,21.40,23.10,20.60,25.80,24.20,24.20
TLM_RCV,-80,FG-ALPHA,20240415_084109,AUTO,0,32.14,5.00,-85,99.84,8.33,3.30,5.02,0,428,0,272,22.14,1012.90,11.90,405.90,12.87,48.70,1080,24.20,24.40,22.50,25.30,20.10,23.80,25.50,20.40,21.90,22.50,20.70,23.50,21.80,25.90,25.70,23.90,24.50,25.60,25.50,21.80,25.40,23.40,24.60,23.20,22.40,24.90,25.60,21.60,20.10,24.60,22.50,25.60,21.40,24.90,25.30,25.80,22.50,24.30,21.80,23.20,21.80,21.20,25.80,20.30,25.80,23.50,25.30,24.70,23.90,25.90,25.80,24.60,22.50,25.50,23.20,25.90,24.40,22.20,20.50,22.40,24.50,25.20,22.60,22.80
TLM_RCV,-46,FG-ALPHA,20240415_084110,AUTO,0,31.28,5.00,-85,99.88,8.33,3.31,5.02,912,457,0,309,22.27,1013.30,11.80,405.30,12.87,48.70,1080,21.10,24.10,25.30,25.10,20.80,24.40,22.80,21.40,21.70,23.00,21.00,22.50,20.90,25.60,20.30,21.80,21.70,21.60,22.90,21.20,22.20,21.10,21.70,20.90,21.80,25.40,21.90,23.20,21.60,22.50,24.80,25.60,23.10,21.10,21.10,24.80,20.60,20.10,22.80,22.80,22.40,21.90,24.80,22.30,20.70,22.90,23.50,23.00,23.40,22.10,25.80,25.60,22.40,20.10,23.50,20.80,23.70,23.80,22.50,25.90,24.30,22.80,23.50,24.40
TLM_RCV,-75,FG-ALPHA,20240415_084111,AUTO,0,32.19,5.00,-85,99.96,8.33,3.29,5.02,1143,437,0,286,23.53,1013.60,12.00,405.90,12.87,48.70,1080,25.50,23.90,22.10,20.00,23.50,23.20,25.00,25.40,20.30,74.40,24.50,22.50,23.50,25.00,23.00,21.90,21.40,24.30,21.70,21.70,20.00,22.50,21.90,23.70,21.00,23.40,20.00,23.50,20.60,22.80,25.50,23.10,23.80,24.10,25.70,21.60,23.80,24.80,22.80,23.70,21.10,21.30,21.70,21.40,20.00,22.20,23.80,24.50,20.80,24.10,25.60,23.60,23.40,21.30,25.70,21.00,22.50,21.60,24.30,24.30,25.20,21.20,25.90,20.50
TLM_RCV,-58,FG-ALPHA,20240415_084112,AUTO,0,32.10,5.00,-85,100.00,8.34,3.29,5.02,1012,421,0,266,22.95,1013.10,12.10,405.30,12.87,48.70,1080,22.30,25.80,22.60,23.80,23.90,23.00,24.30,23.30,23.50,21.50,21.90,21.10,25.20,24.40,21.00,24.40,20.20,23.60,21.90,21.30,25.30,25.60,22.20,22.30,20.20,23.80,23.00,23.70,21.00,25.10,22.40,22.40,25.00,21.80,25.30,23.60,20.50,22.10,24.00,21.80,21.70,24.70,20.10,22.60,20.10,20.90,23.80,21.50,20.30,25.00,23.10,25.80,23.30,24.30,24.60,22.00,23.70,21.60,21.50,23.40,24.90,24.20,21.60,22.00
TLM_RCV,-70,FG-ALPHA,20240415_084113,AUTO,0,31.42,5.00,-85,100.00,8.33,3.30,5.02,860,484,0,343,21.88,1013.00,11.90,404.60,12.87,48.70,1080,21.30,24.10,24.80,21.40,20.90,22.60,24.00,25.50,23.50,20.20,23.50,22.30,25.90,24.10,20.60,20.20,24.90,23.00,24.90,23.20,23.10,21.00,22.90,24.10,22.70,22.50,20.80,25.60,23.80,25.20,25.80,25.60,21.80,20.50,24.20,20.10,22.30,20.80,23.90,21.40,20.40,24.90,20.10,24.50,22.20,20.80,21.90,21.70,22.80,24.20,20.70,22.20,24.20,25.70,21.00,25.50,20.30,24.80,21.60,22.20,24.00,20.80,25.30,25.30
TLM_RCV,-71,FG-ALPHA,20240415_084114,AUTO,0,33.45,5.00,-85,100.00,8.33,3.30,5.02,976,490,0,343,22.43,1013.60,12.10,404.50,12.87,48.70,1080,25.30,21.40,20.00,22.50,21.80,25.90,22.10,25.60,25.10,25.50,24.90,25.10,23.90,23.00,25.30,20.00,20.50,22.10,22.90,21.20,21.10,20.20,21.30,23.40,20.90,20.50,25.60,21.90,23.20,22.40,21.80,25.40,22.30,20.80,20.70,23.30,23.00,22.80,23.90,20.90,24.90,21.20,20.10,24.10,23.50,25.80,21.70,25.30,24.00,22.90,25.50,22.60,25.70,24.00,24.30,20.70,23.80,23.20,20.20,20.60,24.10,20.80,23.80,21.00
TLM_RCV,-55,FG-ALPHA,20240415_084115,AUTO,0,33.34,5.00,-85,100.00,8.33,3.29,5.02,952,468,0,314,22.42,1013.60,12.00,404.80,12.88,48.70,1080,23.90,24.10,21.20,25.70,23.10,22.70,23.00,23.70,20.90,22.10,24.60,21.40,22.40,22.30,23.60,22.40,24.50,24.90,22.90,23.00,25.80,21.10,24.80,23.40,22.80,23.30,23.50,24.00,25.80,23.90,20.90,20.70,23.20,22.70,25.80,24.10,25.90,21.70,22.30,25.10,24.30,25.50,25.50,20.70,22.40,21.90,25.50,22.60,24.80,21.20,20.90,25.70,20.60,22.90,20.90,25.80,22.60,20.80,20.80,22.10,20.10,25.50,21.80,24.30
TLM_RCV,-90,FG-ALPHA,20240415_084116,AUTO,0,32.31,5.00,-85,99.95,8.33,3.29,5.02,0,462,0,306,22.31,1013.60,11.90,406.00,12.88,48.70,1080,24.50,24.10,25.10,24.60,20.10,21.90,23.00,25.30,22.50,23.40,25.60,23.30,24.50,20.30,21.70,23.20,21.30,24.00,25.40,20.50,24.70,25.20,23.00,20.50,21.30,20.50,23.40,20.70,22.10,21.60,24.70,24.60,23.80,24.70,24.50,20.00,24.90,20.10,22.20,23.50,20.50,20.30,21.20,23.30,22.40,25.20,20.50,20.90,22.80,22.10,21.40,21.90,23.40,25.50,25.00,24.70,21.30,24.20,23.10,25.50,25.40,25.90,20.00,25.00
TLM_RCV,-78,FG-ALPHA,20240415_084117,AUTO,0,32.32,5.00,-85,100.00,8.33,3.28,5.02,909,464,0,313,22.23,1013.50,11.80,404.50,12.88,48.70,1080,20.70,24.80,23.00,25.10,22.50,23.00,20.70,24.90,23.10,24.30,23.80,24.60,23.90,20.30,25.00,23.30,23.70,24.50,21.70,21.30,21.30,23.70,24.30,24.80,22.90,20.20,24.80,21.90,25.70,21.80,24.50,23.50,24.10,21.10,22.90,25.10,24.90,25.60,22.60,23.80,22.50,24.00,21.50,22.00,23.30,23.70,22.90,23.50,23.70,24.10,21.80,25.90,24.00,20.90,23.70,25.90,20.00,22.70,21.20,25.60,25.00,23.90,25.10,20.00
TLM_RCV,-56,FG-ALPHA,20240415_084118,AUTO,0,31.50,5.00,-85,100.00,8.32,3.28,5.02,816,501,0,344,21.58,1012.70,12.00,405.90,12.88,48.70,1080,24.80,23.90,24.70,20.10,21.10,87.40,22.20,23.50,22.90,24.50,22.60,20.80,25.60,23.10,24.90,25.00,22.70,20.00,23.40,22.70,20.90,23.10,22.60,25.50,20.80,25.40,25.80,25.90,21.60,25.10,22.40,25.00,24.70,25.30,23.70,23.20,23.10,21.70,24.00,24.10,21.90,23.80,24.00,24.20,20.60,22.80,20.70,25.70,25.80,20.10,23.20,20.90,24.60,22.30,25.70,21.20,21.90,25.50,24.30,24.10,24.70,25.80,22.00,20.70
TLM_RCV,-44,FG-ALPHA,20240415_084119,AUTO,0,33.40,5.00,-85,100.00,8.33,3.28,5.02,945,481,0,337,22.32,1013.60,12.00,406.40,12.88,48.70,1080,23.80,23.00,20.20,21.60,22.50,24.60,23.20,20.40,24.50,23.60,24.20,23.90,25.30,21.60,20.90,22.30,23.20,23.70,24.70,25.50,21.60,23.60,25.30,25.10,22.90,20.60,21.60,20.90,25.80,20.40,25.70,20.10,20.40,23.00,23.70,25.00,22.80,24.50,23.50,21.70,24.10,20.00,22.30,21.10,21.40,21.50,21.50,25.80,23.90,21.00,21.00,23.60,24.10,25.60,20.50,20.70,21.80,23.10,22.50,20.00,25.60,23.10,23.80,25.40
TLM_RCV,-54,FG-ALPHA,20240415_084120,AUTO,0,32.11,5.00,-85,100.00,8.34,3.29,5.02,1035,422,0,278,23.07,1013.50,12.10,404.90,12.88,48.70,1080,25.20,25.30,21.60,22.50,24.40,23.20,22.70,21.60,23.70,25.90,22.60,20.20,25.30,25.20,25.60,25.70,20.20,23.70,24.00,24.60,24.80,20.70,20.70,24.70,20.70,25.90,22.00,24.30,22.20,24.20,22.50,25.80,22.30,20.40,23.70,21.20,21.70,20.40,23.40,20.40,24.60,25.00,24.70,21.80,22.90,23.90,22.10,22.30,25.30,23.60,22.70,22.20,21.40,25.00,21.00,25.30,21.70,20.10,20.70,20.70,21.20,20.90,25.80,21.50
TLM_RCV,-57,FG-ALPHA,20240415_084121,AUTO,0,33.31,5.00,-85,99.95,8.33,3.30,5.02,0,462,0,313,22.31,1013.30,11.90,404.80,12.88,48.70,1080,22.10,25.90,23.30,25.10,20.20,20.40,24.30,20.90,20.80,24.70,21.10,24.30,24.80,25.90,25.30,20.80,25.40,25.50,24.20,24.90,24.20,21.90,23.90,21.50,25.90,22.90,23.50,25.10,20.00,20.30,23.10,22.10,22.90,21.20,24.30,21.40,25.50,20.30,24.90,25.10,23.00,22.90,21.30,22.50,21.40,22.90,78.60,25.20,22.20,21.00,24.10,20.30,21.90,21.20,24.40,20.90,21.30,25.70,20.90,25.90,21.50,25.50,21.80,22.70
TLM_RCV,-85,FG-ALPHA,20240415_084122,AUTO,0,33.31,5.00,-85,100.00,8.33,3.28,5.02,968,463,0,320,22.52,1013.10,11.90,405.90,12.88,48.70,1080,20.60,22.90,22.50,24.00,23.00,23.60,20.10,23.20,23.10,25.80,23.60,22.60,22.40,24.80,21.10,22.90,23.20,22.70,25.70,21.70,20.30,24.60,24.40,23.90,23.80,25.30,23.30,21.50,22.50,24.80,23.90,25.30,23.80,25.60,24.10,25.40,25.40,24.70,25.80,20.80,23.10,21.70,23.90,23.30,22.30,25.20,21.90,25.60,22.10,20.40,22.40,23.90,20.30,25.40,25.00,22.10,22.40,24.70,20.10,24.20,20.20,21.10,21.10,20.40
TLM_RCV,-91,FG-ALPHA,20240415_084123,AUTO,0,32.12,5.00,-85,100.00,8.34,3.31,5.02,855,424,0,282,22.16,1013.40,12.10,406.40,12.88,48.70,1080,20.00,23.90,21.20,24.70,21.70,22.30,20.40,20.70,23.70,24.40,24.70,20.10,24.40,23.60,24.20,20.70,20.20,20.00,24.10,22.50,22.50,23.80,21.20,22.20,25.40,20.70,25.70,22.90,25.50,22.20,21.50,23.30,25.80,24.70,25.80,21.40,21.60,20.50,22.80,23.70,20.40,25.60,20.10,24.10,21.70,21.70,23.40,23.10,24.30,20.80,23.30,25.50,25.90,22.50,25.90,22.20,21.90,24.30,22.30,25.70,22.70,22.60,25.60,21.40
TLM_RCV,-66,FG-ALPHA,20240415_084124,AUTO,0,32.04,5.00,-85,100.00,8.34,3.30,5.02,947,409,0,265,22.69,1013.30,12.00,406.10,12.88,48.70,1080,20.90,21.60,22.60,24.20,21.10,21.20,23.10,24.40,22.70,24.40,22.00,20.60,25.90,22.80,20.80,22.30,20.80,22.40,22.10,24.70,21.90,20.90,20.30,21.90,23.90,22.90,25.10,24.80,22.20,24.10,21.30,23.70,20.40,21.60,22.50,24.90,22.70,22.10,22.70,20.90,21.50,21.60,24.10,25.70,21.80,22.90,25.50,23.80,24.90,20.90,21.70,25.80,20.20,24.00,22.50,22.00,23.70,23.90,23.50,21.30,20.20,21.20,23.00,21.20
TLM_RCV,-80,FG-ALPHA,20240415_084125,AUTO,0,32.19,5.00,-85,100.00,8.33,3.28,5.02,911,438,0,290,22.36,1013.60,12.10,405.40,12.89,48.70,1080,22.40,20.20,22.30,24.00,25.90,24.10,23.50,23.20,23.40,23.00,22.10,25.20,25.60,24.30,20.10,25.00,21.10,23.00,21.90,23.60,22.70,22.00,20.60,20.80,21.80,20.50,22.30,20.40,22.40,20.50,23.00,24.60,21.40,24.70,20.70,21.00,21.10,20.50,22.50,25.50,23.50,24.20,20.20,21.20,21.70,21.10,23.40,23.40,24.70,22.50,20.60,25.10,23.70,21.80,25.60,24.20,23.40,21.90,23.70,20.40,20.60,21.10,22.70,23.50
TLM_RCV,-44,FG-ALPHA,20240415_084126,AUTO,0,33.31,5.00,-85,100.00,8.33,3.28,5.02,1128,463,0,312,23.33,1013.60,12.00,404.90,12.89,48.70,1080,20.90,23.70,21.90,24.80,24.70,24.90,22.40,20.40,20.30,24.90,20.20,25.20,24.20,23.70,22.60,21.80,23.40,20.70,21.90,23.00,21.90,23.30,22.80,22.80,23.70,20.40,23.80,21.80,22.00,21.60,20.30,24.20,23.30,20.90,25.20,23.50,22.60,21.20,22.20,20.40,23.50,23.80,20.70,25.30,22.50,25.10,24.20,20.30,24.10,25.90,22.10,21.10,21.60,21.90,20.80,22.60,23.70,24.10,20.70,20.50,21.20,21.20,25.30,21.30
TLM_RCV,-95,FG-ALPHA,20240415_084127,AUTO,0,32.08,5.00,-85,100.00,8.34,3.29,5.02,1183,415,0,256,23.84,1012.90,11.80,404.60,12.89,48.70,1080,25.80,23.10,25.90,24.10,21.60,23.10,22.10,24.20,22.30,20.40,22.50,25.70,25.60,21.00,25.70,20.80,20.70,20.70,24.90,25.00,25.70,20.00,21.10,23.30,21.00,20.30,25.40,22.50,20.20,21.50,22.40,22.20,23.00,20.40,20.60,24.00,22.10,25.80,22.90,25.00,25.10,24.30,25.60,23.50,23.20,23.90,21.90,25.70,23.60,25.40,22.40,25.70,24.80,20.40,25.10,21.60,23.30,23.80,24.40,20.40,23.40,20.10,22.00,22.30
TLM_RCV,-69,FG-ALPHA,20240415_084128,AUTO,0,31.10,5.00,-85,99.96,8.34,3.28,5.02,0,421,0,272,22.10,1013.60,11.80,406.10,12.89,48.70,1080,24.40,21.30,23.00,24.30,24.40,89.80,25.10,21.70,25.50,22.70,25.50,25.00,24.60,22.60,23.80,25.50,23.20,24.90,21.50,21.30,21.90,22.20,24.70,21.80,20.10,20.70,23.30,20.80,22.50,23.80,20.60,24.90,22.10,24.40,20.00,20.90,23.00,23.60,22.40,24.10,25.70,24.00,25.80,21.00,24.90,21.30,23.60,22.20,21.20,23.50,23.70,22.20,22.60,23.70,24.30,25.90,25.20,20.70,23.20,21.20,20.70,25.70,21.60,21.50
TLM_RCV,-66,FG-ALPHA,20240415_084129,AUTO,0,33.09,5.00,-85,100.00,8.34,3.30,5.02,1174,418,0,261,23.78,1013.00,12.10,404.80,12.89,48.70,1080,22.70,23.80,21.80,23.10,22.20,20.20,20.10,21.50,24.00,20.20,20.10,25.30,20.50,25.10,23.80,21.10,23.40,21.90,22.10,22.50,23.70,24.30,20.90,23.50,25.30,23.70,21.10,23.20,20.90,21.30,24.60,20.10,22.50,22.10,25.10,21.60,24.70,23.20,25.00,20.60,23.80,21.40,24.90,21.50,24.00,25.90,25.00,21.00,22.40,23.90,23.10,23.30,22.80,25.70,25.00,24.50,22.60,22.80,22.10,20.70,23.70,23.20,24.40,21.20
TLM_RCV,-94,FG-ALPHA,20240415_084130,AUTO,0,32.29,5.00,-85,100.00,8.33,3.31,5.02,1032,459,0,313,22.86,1013.50,12.00,404.80,12.89,48.70,1080,25.20,22.50,22.70,23.70,22.50,21.10,23.70,21.00,21.90,22.90,22.50,22.30,20.40,22.60,24.00,23.00,24.20,23.00,24.30,24.20,22.70,22.90,22.20,21.60,20.10,25.50,22.50,23.70,24.20,22.70,21.60,24.80,20.90,25.80,24.00,21.30,20.60,22.40,23.20,21.00,23.00,23.20,22.50,21.30,20.50,21.60,25.20,24.10,20.20,21.70,23.30,23.50,25.60,23.40,25.50,21.50,25.30,21.20,20.90,23.90,21.60,20.70,21.40,22.00
TLM_RCV,-63,FG-ALPHA,20240415_084131,AUTO,0,32.37,5.00,-85,99.95,8.33,3.30,5.02,0,474,0,323,22.37,1013.50,12.00,405.70,12.89,48.70,1080,25.90,23.70,24.60,24.30,21.90,24.80,25.20,25.10,23.80,24.70,21.90,22.80,22.70,21.80,22.10,22.00,21.70,20.40,20.20,24.80,25.80,21.60,22.20,22.00,24.40,23.60,23.90,20.00,25.60,25.10,25.70,21.20,20.80,24.40,21.60,24.90,24.70,23.10,23.90,23.60,21.90,22.60,23.90,25.50,22.10,21.90,25.70,20.90,22.40,21.70,24.10,23.60,24.80,21.70,21.30,25.30,21.60,23.10,25.70,24.90,21.90,24.10,20.80,20.60
TLM_RCV,-85,FG-ALPHA,20240415_084132,AUTO,0,33.08,5.00,-85,99.91,8.34,3.29,5.02,0,416,0,275,22.08,1013.10,12.10,405.90,12.89,48.70,1080,25.70,21.40,22.40,22.40,21.80,23.80,25.40,24.00,25.80,21.70,22.00,23.50,24.40,24.60,24.60,20.20,20.70,24.20,25.50,21.60,24.80,21.50,20.10,20.90,21.60,23.40,24.50,25.50,24.10,25.80,22.30,20.80,25.40,23.40,23.30,25.90,25.30,23.90,22.80,24.90,21.40,24.80,23.20,21.00,21.30,24.00,25.90,20.00,20.00,24.90,21.90,20.00,25.70,20.00,24.20,24.10,25.30,20.40,20.40,24.70,20.60,23.60,24.90,25.00
TLM_RCV,-63,FG-ALPHA,20240415_084133,AUTO,0,31.20,5.00,-85,99.96,8.33,3.29,5.02,895,441,0,292,22.27,1013.20,11.80,406.30,12.89,48.70,1080,22.30,20.10,22.50,24.30,24.70,23.70,25.80,23.90,20.10,21.70,23.10,21.90,20.70,20.40,25.40,22.40,20.70,21.50,24.40,22.60,20.90,24.50,23.10,24.70,24.60,23.70,20.60,25.80,25.70,24.30,21.30,23.10,23.90,24.40,23.30,25.50,20.90,24.00,24.70,20.20,20.80,20.80,25.00,23.10,24.40,20.60,20.90,25.70,25.40,23.20,21.10,21.90,24.10,24.90,24.70,21.40,24.80,21.40,22.00,20.70,25.80,23.90,25.30,23.40
TLM_RCV,-43,FG-ALPHA,20240415_084134,AUTO,0,32.47,5.00,-85,99.99,8.33,3.31,5.02,844,494,0,340,21.75,1013.20,12.10,404.50,12.89,48.70,1080,24.60,22.40,25.70,24.40,20.20,20.90,25.20,20.60,20.20,20.10,25.20,24.40,23.80,22.90,24.30,23.00,22.60,24.30,24.60,20.70,22.50,25.70,21.20,23.10,23.30,21.00,21.70,22.00,22.20,23.00,20.40,25.90,25.60,23.00,24.30,22.40,23.40,22.30,20.10,24.40,22.30,23.10,25.60,24.90,24.90,23.60,21.80,25.20,21.30,25.30,21.50,24.70,21.80,22.50,24.90,24.10,22.90,21.80,23.00,24.70,25.00,22.40,20.30,22.60
TLM_RCV,-86,FG-ALPHA,20240415_084135,AUTO,0,31.25,5.00,-85,100.00,8.33,3.31,5.02,820,449,0,291,21.85,1013.20,11.80,404.80,12.90,48.70,1080,22.90,25.30,21.00,25.00,21.40,25.20,25.70,23.70,24.50,21.60,21.10,25.80,22.70,21.80,22.40,21.80,23.30,22.20,21.40,21.00,21.10,25.40,21.20,22.00,23.20,20.70,22.30,24.30,23.10,24.30,23.30,24.40,25.10,21.60,22.30,23.40,24.40,23.90,23.80,20.80,21.50,25.40,25.30,25.40,22.50,25.20,21.00,20.80,20.10,21.70,24.40,20.30,23.20,21.20,20.90,25.60,25.80,25.70,24.20,23.30,25.10,21.00,23.50,23.40
TLM_RCV,-51,FG-ALPHA,20240415_084157,AUTO,0,33.42,5.00,-85,100.00,8.33,3.29,5.02,1036,483,0,338,22.76,1012.80,11.80,406.30,12.92,48.70,1080,21.60,22.00,23.00,20.30,21.10,25.40,21.90,22.40,24.90,24.70,25.10,23.30,22.60,22.30,25.60,25.30,21.80,25.10,24.30,24.50,21.30,23.00,23.20,20.30,23.70,21.50,24.40,23.30,25.30,23.70,21.40,24.20,24.90,23.40,22.40,25.20,25.50,21.70,20.90,22.80,23.40,23.10,25.30,23.00,25.40,25.00,23.10,21.40,24.80,20.10,22.60,23.10,25.20,22.10,22.20,20.10,24.40,22.70,21.30,25.90,21.00,25.50,20.40,20.00
TLM_RCV,-56,FG-ALPHA,20240415_084158,AUTO,0,33.11,5.00,-85,99.96,8.34,3.28,5.02,0,422,0,266,22.11,1013.50,12.10,405.30,12.92,48.70,1080,25.40,21.00,20.80,22.00,23.70,23.40,20.20,22.40,25.40,22.50,20.80,25.20,22.50,21.10,20.30,22.60,21.50,24.30,21.30,23.90,23.40,22.00,24.00,25.80,23.00,23.30,22.90,25.60,25.80,23.70,21.00,21.90,21.50,21.10,22.90,22.90,25.90,20.00,20.50,23.60,23.30,20.00,25.70,21.90,22.50,23.20,23.80,23.90,22.10,24.50,25.80,20.20,24.20,23.40,23.60,21.20,20.60,25.40,24.80,20.70,21.60,23.10,22.40,23.00
TLM_RCV,-93,FG-ALPHA,20240415_084159,AUTO,0,33.41,5.00,-85,99.91,8.33,3.29,5.02,0,482,0,325,22.41,1013.00,11.80,405.00,12.92,48.70,1080,22.30,20.80,21.80,23.10,20.00,21.20,22.80,25.50,20.30,22.10,23.10,23.30,20.70,23.50,20.60,24.20,25.10,24.40,25.10,24.10,21.80,22.50,20.20,25.60,24.50,23.00,22.80,21.00,25.70,21.00,21.10,20.30,25.10,25.30,21.10,21.80,21.60,21.90,23.40,22.80,20.80,24.60,23.40,22.30,24.30,25.50,25.30,20.20,20.90,20.80,23.10,20.30,24.80,20.40,24.80,21.50,23.10,20.10,22.70,22.40,22.70,21.80,20.20,21.40
TLM_RCV,-66,FG-ALPHA,20240415_084200,AUTO,0,31.33,5.00,-85,99.96,8.33,3.29,5.02,1020,467,0,321,22.76,1013.00,12.10,405.50,12.92,48.70,1080,23.10,25.20,20.10,24.30,23.80,25.30,20.80,22.30,23.00,22.30,21.20,21.60,23.30,24.30,25.60,20.20,20.10,22.20,24.10,24.40,25.70,24.90,21.40,23.50,24.40,20.80,20.10,23.30,25.00,20.00,20.90,23.30,20.20,20.10,24.60,21.50,21.60,25.80,20.90,25.90,21.80,20.40,21.40,25.80,25.30,20.80,25.10,23.50,20.90,21.70,22.80,22.30,24.10,23.80,24.90,25.30,21.30,23.40,24.50,20.30,20.70,24.70,25.40,20.90
TLM_RCV,-55,FG-ALPHA,20240415_084201,AUTO,0,33.44,5.00,-85,99.92,8.32,3.31,5.02,0,487,0,346,22.43,1013.40,12.10,405.70,12.92,48.70,1080,23.70,22.20,21.00,23.00,22.10,25.80,21.20,25.60,22.10,20.10,22.20,24.60,23.90,21.60,23.90,22.10,20.70,20.20,25.60,20.70,22.00,23.80,21.90,25.40,23.70,21.90,22.50,22.90,22.10,24.20,24.50,21.70,20.80,21.40,21.60,25.30,22.70,21.40,71.10,24.80,23.20,24.50,21.30,22.40,23.20,21.80,23.00,25.60,22.20,20.30,20.20,22.40,23.70,23.60,25.20,23.20,25.40,21.40,25.30,24.70,22.00,23.60,25.40,20.80
TLM_RCV,-75,FG-ALPHA,20240415_084202,AUTO,0,33.42,5.00,-85,99.95,8.33,3.31,5.02,809,483,0,333,21.63,1013.00,12.10,405.70,12.92,48.70,1080,21.20,22.70,24.80,24.50,23.80,20.80,20.00,21.00,20.40,23.20,21.40,24.20,22.00,21.20,24.70,20.50,24.50,23.00,20.10,22.80,20.10,24.00,23.10,24.50,22.40,22.60,21.40,22.00,23.60,25.80,21.50,22.20,24.20,25.60,25.50,23.90,25.20,20.80,24.50,21.50,20.20,22.70,21.70,25.20,25.40,24.40,22.10,23.60,23.60,23.10,20.50,23.00,23.00,25.70,21.80,21.50,25.10,25.40,23.90,24.80,25.70,20.90,22.80,22.10
TLM_RCV,-73,FG-ALPHA,20240415_084203,AUTO,0,31.20,5.00,-85,99.90,8.33,3.31,5.02,0,440,0,298,22.20,1013.00,12.10,404.70,12.92,48.70,1080,25.90,23.00,23.50,25.30,20.20,22.00,21.70,21.00,24.60,25.50,20.90,21.80,25.30,24.40,21.90,23.10,20.50,25.00,22.10,25.60,22.50,21.40,21.10,21.90,25.20,20.50,21.10,25.60,22.00,24.30,22.50,22.20,23.90,22.90,24.50,20.60,24.10,24.20,21.70,22.30,20.20,20.40,24.70,24.70,25.60,22.20,20.40,22.10,24.20,21.20,24.10,21.10,22.50,23.00,20.20,24.20,21.00,21.20,23.30,25.00,24.80,21.10,20.20,20.30
TLM_RCV,-66,FG-ALPHA,20240415_084204,AUTO,0,32.20,5.00,-85,99.86,8.33,3.28,5.02,0,440,0,299,22.20,1012.90,12.10,405.30,12.92,48.70,1080,22.30,20.50,22.60,24.90,21.80,21.90,22.40,25.70,21.40,24.20,24.00,21.50,21.70,25.50,22.70,24.00,23.40,23.30,24.40,22.60,23.40,23.20,23.40,22.90,22.60,22.60,23.10,24.20,22.60,25.10,23.30,20.50,20.20,20.50,21.30,21.80,25.90,21.60,23.70,21.20,24.10,24.20,24.50,20.50,23.80,24.60,21.00,23.60,25.70,22.10,22.80,24.50,21.20,20.50,25.40,21.80,23.60,25.60,20.00,22.50,23.70,25.80,22.60,21.70
TLM_RCV,-49,FG-ALPHA,20240415_084205,AUTO,0,33.42,5.00,-85,99.92,8.33,3.30,5.02,1038,485,0,344,22.76,1013.30,12.00,405.30,12.93,48.70,1080,21.40,21.50,24.70,22.00,22.10,20.10,24.90,22.90,20.80,22.30,21.50,22.10,22.70,25.00,22.10,20.60,20.60,22.20,25.30,22.40,21.50,20.90,22.60,25.50,24.40,22.20,24.60,20.70,22.00,20.10,25.30,20.20,25.10,20.40,24.10,24.50,24.90,20.70,22.80,24.00,21.00,24.60,25.50,23.20,22.80,21.90,20.80,25.90,21.20,21.90,21.30,21.80,22.10,25.70,22.40,20.00,25.30,23.10,21.90,25.60,23.80,21.30,25.60,25.60
TLM_RCV,-93,FG-ALPHA,20240415_084206,AUTO,0,31.48,5.00,-85,99.87,8.32,3.28,5.02,0,495,0,336,22.48,1013.10,11.90,405.70,12.93,48.70,1080,24.50,20.90,20.70,25.60,23.10,25.20,21.70,21.10,20.60,22.20,21.00,25.20,20.80,22.70,25.50,24.90,21.50,23.00,21.60,24.40,20.60,25.20,22.70,22.50,25.50,20.70,20.20,22.30,22.80,21.20,23.40,24.60,20.40,25.30,21.10,20.40,20.90,25.80,24.70,20.80,24.30,25.70,25.30,20.10,25.70,20.90,22.60,25.60,20.00,21.20,21.00,23.00,20.30,24.10,23.30,25.50,23.50,24.40,23.50,24.70,25.10,20.40,22.70,23.00
TLM_RCV,-84,FG-ALPHA,20240415_084207,AUTO,0,33.24,5.00,-85,99.91,8.33,3.29,5.02,835,449,0,296,21.93,1012.80,11.80,405.10,12.93,48.70,1080,23.30,24.50,21.20,22.00,25.20,21.70,25.50,21.10,20.40,23.80,20.80,23.30,25.50,24.40,22.40,23.90,20.80,25.10,24.00,25.80,21.50,21.60,22.70,25.70,21.70,24.60,22.80,23.40,20.60,22.80,21.30,22.50,22.00,21.20,24.40,25.00,25.30,20.30,24.30,21.40,22.30,25.40,22.90,20.60,25.40,24.10,23.10,22.80,23.90,22.70,24.00,24.30,21.10,25.00,22.10,23.40,21.30,25.60,22.10,25.10,21.90,21.90,23.70,24.60
TLM_RCV,-95,FG-ALPHA,20240415_084208,AUTO,0,31.42,5.00,-85,99.86,8.32,3.28,5.02,0,484,0,326,22.42,1012.90,11.80,404.80,12.93,48.70,1080,25.80,21.50,23.90,22.70,20.10,25.20,23.40,20.10,24.80,20.50,23.50,21.50,24.30,23.70,25.90,25.90,21.50,25.10,20.60,23.50,25.70,25.00,24.00,21.20,25.00,24.10,22.00,20.50,20.70,25.00,23.70,22.90,21.50,21.40,22.40,25.30,23.90,25.20,22.10,20.50,21.00,23.00,23.10,20.90,24.10,24.90,25.30,23.80,25.80,21.90,25.90,25.30,24.30,22.00,22.40,24.20,23.40,20.00,22.50,23.30,23.80,21.30,21.80,23.40
TLM_RCV,-74,FG-ALPHA,20240415_084209,AUTO,0,31.24,5.00,-85,99.90,8.33,3.30,5.02,877,448,0,299,22.15,1013.50,12.00,406.00,12.93,48.70,1080,23.90,21.60,21.90,23.80,21.00,21.40,24.50,21.70,23.70,22.20,22.60,20.10,24.00,20.30,22.20,20.40,21.50,25.80,22.00,21.70,20.20,21.80,25.70,21.20,21.20,21.10,21.40,24.00,24.60,23.40,23.70,24.10,22.40,20.90,21.50,20.10,25.80,21.50,25.80,20.50,21.90,22.40,25.10,21.80,21.20,20.70,23.80,24.90,22.90,23.80,23.30,22.60,24.40,24.20,20.20,23.60,22.00,24.90,21.50,24.00,21.90,21.30,24.00,20.00
TLM_RCV,-89,FG-ALPHA,20240415_084210,AUTO,0,31.40,5.00,-85,99.94,8.33,3.31,5.02,883,479,0,335,22.02,1012.70,11.90,405.90,12.93,48.70,1080,23.10,24.20,22.90,20.20,20.20,25.80,25.60,24.00,20.80,20.50,25.50,25.60,25.10,21.10,20.90,22.00,22.50,20.60,20.80,24.50,25.00,24.10,23.70,21.00,21.80,21.30,20.80,24.90,21.80,22.10,22.40,21.60,21.10,20.00,24.00,23.40,24.80,21.70,25.20,24.90,20.90,21.20,24.30,22.80,20.70,22.20,20.60,24.00,24.60,20.20,23.50,22.70,23.30,23.20,22.70,25.30,20.70,21.30,20.30,20.30,21.20,25.00,21.50,21.40
TLM_RCV,-91,FG-ALPHA,20240415_084211,AUTO,0,31.28,5.00,-85,100.00,8.33,3.30,5.02,1140,457,0,309,23.42,1013.50,11.90,405.00,12.93,48.70,1080,25.60,23.90,21.00,20.90,21.10,23.20,22.60,25.90,24.60,25.70,23.50,25.30,25.90,21.90,21.50,20.10,22.10,23.40,22.20,20.20,21.10,24.00,21.60,25.10,21.30,22.90,24.40,22.30,22.40,24.50,21.00,24.60,25.90,25.10,21.10,22.90,20.70,21.60,21.60,21.20,24.20,20.40,20.20,22.20,23.60,25.30,23.40,21.80,25.10,22.70,25.00,22.70,25.40,20.40,22.90,24.00,21.20,23.10,20.80,23.30,23.40,24.30,20.90,24.80
TLM_RCV,-63,FG-ALPHA,20240415_084212,AUTO,0,32.19,5.00,-85,100.00,8.33,3.30,5.02,830,437,0,289,21.97,1013.50,11.90,406.30,12.93,48.70,1080,25.50,25.20,25.60,21.50,25.60,20.40,25.20,24.10,24.80,25.10,22.60,20.30,20.30,20.70,25.10,22.00,24.50,22.30,22.80,21.50,23.00,22.70,22.10,21.80,25.20,24.50,23.00,24.90,24.80,25.00,22.30,22.60,25.60,22.30,23.40,20.60,20.50,23.20,21.50,22.20,20.50,25.90,24.10,25.50,25.40,21.00,23.00,23.20,25.20,20.80,25.60,20.40,23.50,22.70,21.70,23.20,24.70,24.80,21.80,21.90,24.30,25.90,25.30,22.50
TLM_RCV,-45,FG-ALPHA,20240415_084213,AUTO,0,31.50,5.00,-85,100.00,8.32,3.31,5.02,1133,500,0,346,23.17,1012.70,12.00,406.00,12.93,48.70,1080,20.40,22.20,23.90,25.50,22.30,20.10,23.50,24.60,23.30,25.10,25.70,22.30,21.50,25.40,20.20,24.30,22.50,22.00,20.50,20.20,24.10,20.00,23.80,23.10,22.80,20.60,23.40,24.90,21.80,23.90,22.10,25.20,24.10,24.20,25.80,24.20,24.00,25.00,20.00,22.30,21.60,25.80,25.50,20.40,24.90,23.10,23.40,20.40,21.30,21.00,22.90,20.80,21.70,24.30,24.80,24.30,24.70,21.50,23.50,22.10,20.90,22.00,20.60,20.70
TLM_RCV,-60,FG-ALPHA,20240415_084214,AUTO,0,32.33,5.00,-85,99.95,8.33,3.30,5.02,0,466,0,324,22.33,1012.80,12.10,405.60,12.93,48.70,1080,24.10,23.30,20.30,21.50,25.40,25.70,21.90,21.20,24.60,21.60,23.10,23.00,25.80,24.70,24.10,23.10,20.40,24.00,21.60,22.20,20.80,22.30,21.10,25.30,23.30,22.40,22.20,23.10,21.90,23.90,21.90,21.00,24.80,24.70,21.80,22.60,21.60,21.30,23.10,20.50,20.00,23.00,20.80,24.20,25.70,21.30,23.00,22.40,25.70,20.80,20.50,22.00,24.40,24.10,22.30,24.80,21.20,22.60,20.80,21.60,23.10,22.30,22.30,25.70
TLM_RCV,-63,FG-ALPHA,20240415_084215,AUTO,0,32.31,5.00,-85,100.00,8.33,3.28,5.02,1188,463,0,319,23.62,1013.50,12.00,405.10,12.94,48.70,1080,21.60,21.70,20.60,22.80,24.10,20.10,21.90,22.50,22.90,22.10,25.10,22.00,25.90,25.70,22.60,20.40,20.70,25.10,25.90,21.20,20.10,21.10,21.70,25.50,22.40,20.70,24.50,25.90,21.00,21.40,23.50,23.60,24.10,22.30,22.40,21.20,20.00,21.90,25.50,20.70,24.30,25.20,20.30,20.80,23.20,20.60,24.90,24.40,23.10,23.00,25.00,20.60,23.90,22.60,20.60,24.50,22.10,22.20,22.60,21.20,24.20,20.80,24.90,23.20
TLM_RCV,-59,FG-ALPHA,20240415_084216,AUTO,0,32.43,5.00,-85,99.95,8.33,3.29,5.02,0,486,0,346,22.43,1013.60,12.00,406.40,12.94,48.70,1080,25.30,22.30,23.10,23.30,23.80,22.70,80.20,24.30,25.60,22.60,22.10,21.90,20.80,25.50,21.90,21.30,23.00,25.50,20.70,25.00,20.00,23.00,20.10,25.90,22.20,23.40,21.10,22.10,21.70,24.20,21.50,25.90,20.20,24.40,24.30,24.10,22.90,25.00,24.50,25.50,22.20,21.20,20.90,20.50,22.70,24.60,25.50,23.40,23.60,20.00,22.40,24.90,21.70,24.60,22.90,22.30,20.40,24.60,20.40,20.70,24.40,21.60,22.20,20.00
TLM_RCV,-56,FG-ALPHA,20240415_084217,AUTO,0,31.37,5.00,-85,99.90,8.33,3.30,5.02,0,474,0,317,22.37,1012.80,12.10,404.90,12.94,48.70,1080,22.70,21.80,20.60,24.40,25.70,21.90,24.00,21.00,24.90,25.20,22.50,21.10,23.60,22.20,23.70,24.10,25.50,24.80,23.40,23.30,25.50,24.80,22.20,25.00,24.40,23.50,23.10,23.90,21.60,25.80,25.50,24.90,22.90,23.90,20.10,20.40,23.40,24.90,21.90,20.30,24.40,20.80,25.20,22.40,21.30,23.80,21.00,23.40,21.60,22.50,21.30,24.30,25.00,21.90,22.00,21.30,22.30,21.90,20.10,21.50,24.70,22.10,22.70,21.60
TLM_RCV,-51,FG-ALPHA,20240415_084218,AUTO,0,31.28,5.00,-85,99.96,8.33,3.28,5.02,1042,457,0,314,22.92,1013.60,11.80,406.00,12.94,48.70,1080,23.90,20.40,23.00,22.10,23.10,21.40,25.70,23.30,22.30,21.70,23.30,23.30,20.00,21.80,24.50,22.60,23.20,23.90,22.50,21.00,25.10,22.90,24.50,21.60,22.50,21.30,25.30,21.00,23.50,25.60,25.80,24.30,23.10,20.80,25.90,24.20,25.60,20.40,25.40,22.40,21.60,20.70,22.70,23.20,23.80,21.50,24.40,20.40,23.30,20.20,24.00,25.60,24.90,22.50,23.50,22.20,25.90,24.20,22.00,25.80,23.90,22.50,21.50,24.00
TLM_RCV,-40,FG-ALPHA,20240415_084219,AUTO,0,32.24,5.00,-85,99.92,8.33,3.30,5.02,0,447,0,292,22.24,1013.50,11.90,404.70,12.94,48.70,1080,23.80,21.40,23.80,24.70,25.10,23.00,22.90,21.20,23.90,23.70,22.30,24.00,20.70,23.30,20.50,24.60,21.40,23.50,21.30,24.80,20.30,20.60,23.70,20.90,25.20,20.40,21.60,25.40,25.30,22.40,25.00,22.20,20.30,24.70,20.40,23.30,22.30,23.10,21.90,24.50,22.60,21.40,25.90,21.80,25.40,20.50,25.60,20.60,20.50,24.20,25.50,23.00,23.50,22.90,21.40,25.10,25.00,24.00,24.70,20.40,22.50,21.20,21.40,20.90
TLM_RCV,-77,FG-ALPHA,20240415_084220,AUTO,0,32.11,5.00,-85,99.96,8.34,3.30,5.02,883,422,0,271,22.31,1013.50,12.10,406.30,12.94,48.70,1080,20.50,23.80,20.50,22.50,24.70,23.30,21.90,25.00,20.20,23.90,21.70,24.70,22.00,24.40,21.60,24.30,22.90,24.50,21.30,22.60,24.50,22.60,24.20,22.10,23.20,21.60,22.30,21.10,24.30,22.70,20.10,25.00,23.60,25.50,25.40,24.10,25.90,22.50,21.10,21.70,23.60,25.10,24.80,20.70,24.50,20.30,21.70,24.40,23.70,25.00,22.50,25.60,22.30,25.40,20.00,21.30,23.50,25.40,22.70,25.60,23.90,23.20,21.90,23.00
TLM_RCV,-60,FG-ALPHA,20240415_084221,AUTO,0,33.46,5.00,-85,100.00,8.33,3.30,5.02,898,492,0,346,22.03,1013.00,11.90,405.00,12.94,48.70,1080,21.50,24.00,20.70,25.40,23.10,21.50,23.50,22.40,21.20,20.40,24.40,25.70,20.50,22.70,23.60,22.60,23.70,23.20,25.80,23.40,23.10,21.30,21.90,24.80,20.10,23.80,21.20,23.20,22.40,25.40,25.10,21.70,22.80,23.20,21.60,21.00,20.00,23.50,20.10,23.70,23.10,21.50,22.80,23.70,22.70,22.30,20.60,21.40,23.40,25.40,20.60,25.40,24.60,22.90,20.90,22.50,24.30,20.60,23.80,22.80,22.90,21.90,22.80,23.10
TLM_RCV,-74,FG-ALPHA,20240415_084222,AUTO,0,33.24,5.00,-85,100.00,8.33,3.31,5.02,863,448,0,295,22.08,1012.90,12.00,405.90,12.94,48.70,1080,21.10,20.70,24.90,20.70,24.40,20.70,22.00,23.70,22.30,23.80,24.70,23.10,25.60,21.30,21.80,23.00,23.20,24.90,22.70,20.00,20.00,22.00,22.80,21.40,21.80,23.40,23.90,23.30,25.70,24.10,24.40,22.40,20.50,22.70,21.20,23.00,24.40,23.70,23.40,20.00,20.00,22.10,21.70,25.60,20.90,24.30,25.80,24.20,23.30,24.60,25.30,21.70,24.40,24.40,20.20,20.50,21.60,21.90,25.60,24.70,23.10,24.20,22.00,20.30
TLM_RCV,-45,FG-ALPHA,20240415_084223,AUTO,0,31.01,5.00,-85,100.00,8.34,3.30,5.02,948,403,0,258,22.73,1012.90,11.80,405.60,12.94,48.70,1080,25.40,21.30,25.80,23.50,23.50,21.60,22.30,25.30,23.90,21.40,23.70,24.20,22.50,20.90,23.60,23.30,21.70,22.10,25.60,20.30,24.80,21.20,22.70,23.90,20.20,23.80,22.70,24.00,20.70,23.70,25.20,24.20,20.80,24.20,25.10,23.40,21.60,23.70,25.20,20.10,21.60,25.30,20.10,22.00,24.30,20.90,23.60,23.00,25.70,23.70,25.20,20.10,21.80,20.20,24.70,23.40,24.90,22.70,21.90,25.20,24.20,22.00,23.70,20.10
TLM_RCV,-50,FG-ALPHA,20240415_084224,AUTO,0,32.08,5.00,-85,99.96,8.34,3.30,5.02,0,415,0,262,22.08,1013.10,12.10,405.50,12.94,48.70,1080,22.20,21.80,22.30,22.40,24.70,24.10,24.30,23.10,24.90,21.50,25.30,21.60,23.40,25.60,20.60,25.90,24.10,23.80,23.00,23.90,22.30,23.70,23.50,24.60,25.80,23.50,22.80,24.20,24.30,24.10,22.70,24.50,20.20,21.50,20.10,21.10,20.40,21.70,20.60,22.60,20.80,20.40,21.10,25.00,23.80,20.80,23.50,23.30,20.90,25.20,24.90,20.60,20.90,20.80,24.00,25.00,20.30,23.90,23.40,21.10,21.20,21.40,24.30,20.60
TLM_RCV,-58,FG-ALPHA,20240415_084225,AUTO,0,31.17,5.00,-85,99.92,8.33,3.29,5.02,0,434,0,286,22.17,1013.60,12.00,404.90,12.95,48.70,1080,25.80,24.00,23.10,22.80,24.30,21.80,21.10,25.50,20.00,24.60,20.20,22.30,20.30,25.90,21.80,24.50,24.40,22.50,23.90,20.10,24.30,21.10,21.90,22.70,25.10,22.70,24.40,23.20,22.40,24.20,24.50,23.70,22.30,25.80,25.90,20.50,20.00,25.60,21.10,21.30,21.30,20.80,20.20,23.70,24.30,24.20,23.70,20.80,25.50,20.60,20.20,21.30,24.10,20.60,25.90,21.30,23.10,23.40,24.20,23.80,23.50,25.90,24.60,23.50
TLM_RCV,-85,FG-ALPHA,20240415_084226,AUTO,0,31.09,5.00,-85,99.87,8.33,3.29,5.02,0,418,0,275,22.09,1013.00,12.10,404.60,12.95,48.70,1080,22.70,25.10,23.00,24.30,25.40,25.70,22.30,22.50,25.50,23.90,23.20,20.90,22.60,24.50,22.30,25.90,20.60,24.30,23.40,23.70,21.60,25.10,23.90,23.90,25.00,23.10,21.20,24.80,78.60,20.00,25.00,25.20,24.10,20.30,22.50,20.10,22.70,25.00,20.40,25.30,21.10,20.70,22.00,21.30,25.70,21.00,22.90,20.50,22.20,20.70,21.10,20.40,22.10,24.90,22.10,22.00,25.80,24.40,20.90,24.00,23.30,23.60,24.50,23.90
TLM_RCV,-66,FG-ALPHA,20240415_084227,AUTO,0,32.47,5.00,-85,99.93,8.32,3.29,5.02,1016,494,0,337,22.61,1013.20,11.80,405.50,12.95,48.70,1080,22.80,22.90,22.00,21.80,24.40,25.20,20.00,21.10,24.20,21.80,20.80,21.20,22.70,25.10,25.60,23.80,22.80,23.20,25.60,24.60,23.50,23.70,21.50,21.40,21.70,22.70,24.80,24.90,24.30,20.40,20.80,22.70,22.90,24.50,20.70,24.90,23.90,22.70,24.80,21.40,21.30,20.40,23.40,22.00,22.70,22.50,22.90,20.80,25.60,23.40,24.40,22.10,23.70,21.10,24.50,24.10,23.60,23.40,25.90,21.00,22.60,21.10,23.90,22.60
TLM_RCV,-76,FG-ALPHA,20240415_084228,AUTO,0,32.39,5.00,-85,99.99,8.33,3.29,5.02,1096,478,0,336,23.09,1012.90,11.90,406.00,12.95,48.70,1080,21.10,23.20,25.90,22.10,23.70,24.70,20.40,22.00,22.50,22.50,25.20,23.30,24.60,20.50,20.60,23.90,20.00,20.70,20.70,24.90,23.40,23.30,20.90,22.60,20.20,22.60,20.90,21.40,21.30,25.90,21.20,23.80,22.80,24.30,23.50,22.30,21.90,24.30,79.40,22.70,20.80,21.30,22.80,24.90,24.10,25.30,25.10,24.10,23.70,22.80,21.40,22.20,23.10,23.50,20.70,24.60,23.60,20.90,25.90,24.70,23.00,23.80,25.40,20.90
TLM_RCV,-75,FG-ALPHA,20240415_084229,AUTO,0,33.42,5.00,-85,100.00,8.33,3.30,5.02,922,484,0,340,22.19,1012.90,12.10,404.60,12.95,48.70,1080,21.80,21.90,22.30,23.60,21.40,24.10,23.50,24.40,22.50,25.00,23.10,23.50,24.70,20.40,24.80,22.30,23.40,23.60,25.70,22.30,21.30,21.90,24.60,22.10,20.00,21.90,25.40,20.80,25.50,22.50,22.50,25.20,23.20,20.80,21.50,20.20,25.50,23.20,22.80,25.50,25.80,20.80,23.60,23.40,21.20,20.90,23.30,22.90,23.40,80.40,25.40,20.50,22.60,21.10,25.70,24.50,21.00,20.50,22.10,20.60,25.40,22.90,23.10,23.00
TLM_RCV,-71,FG-ALPHA,20240415_084230,AUTO,0,32.17,5.00,-85,99.96,8.33,3.28,5.02,0,433,0,286,22.17,1013.00,12.00,406.30,12.95,48.70,1080,23.20,20.80,25.10,25.90,25.80,23.00,24.20,22.80,24.50,20.70,21.90,22.40,24.70,24.70,24.60,25.10,24.20,24.80,20.50,23.30,25.10,25.10,25.60,25.90,21.00,20.10,24.40,20.60,24.80,25.80,21.50,21.20,25.90,25.30,20.40,21.80,25.40,23.70,25.30,20.30,20.20,20.30,24.80,20.10,22.10,24.70,25.60,23.30,22.30,25.50,25.40,22.70,20.90,20.70,22.30,24.70,23.00,24.50,21.60,21.20,20.00,23.70,23.20,22.40
TLM_RCV,-66,FG-ALPHA,20240415_084231,AUTO,0,32.40,5.00,-85,99.91,8.33,3.31,5.02,0,480,0,336,22.40,1012.80,12.10,406.10,12.95,48.70,1080,23.80,25.50,24.30,20.30,22.80,25.00,23.40,21.70,23.30,25.60,22.10,21.90,20.20,21.40,21.00,24.10,21.80,25.40,23.50,23.00,25.70,24.90,22.10,21.30,23.70,24.80,24.20,25.30,23.60,20.50,24.60,21.70,24.00,22.40,25.90,23.80,22.50,22.50,25.60,25.90,21.90,20.20,21.60,20.20,23.70,25.00,25.00,23.40,25.80,21.70,22.50,20.50,22.50,25.60,25.70,22.10,22.90,20.40,22.80,25.90,24.20,25.00,21.50,24.90
TLM_RCV,-68,FG-ALPHA,20240415_084232,AUTO,0,31.05,5.00,-85,99.87,8.34,3.29,5.02,0,409,0,259,22.05,1013.50,12.00,405.50,12.95,48.70,1080,25.10,21.00,23.40,22.60,25.30,24.70,23.00,24.40,22.40,25.50,24.20,21.10,21.60,21.10,76.60,24.40,21.50,22.10,20.80,20.70,24.70,22.30,23.00,21.50,23.40,22.70,22.80,21.50,25.00,21.00,24.50,20.90,20.20,23.00,23.20,22.40,24.80,25.10,21.80,25.00,25.10,25.60,21.30,21.00,24.00,20.50,23.40,25.00,24.70,24.60,21.90,23.80,24.50,23.00,23.20,25.60,25.70,25.90,20.40,23.00,20.40,22.10,25.00,23.60
TLM_RCV,-78,FG-ALPHA,20240415_084233,AUTO,0,33.38,5.00,-85,99.82,8.32,3.28,5.02,0,477,0,320,22.39,1012.70,11.80,404.50,12.95,48.70,1080,20.70,24.40,23.90,23.70,22.50,21.50,21.10,24.60,20.70,25.00,22.50,21.80,20.20,21.80,21.60,20.30,23.80,21.80,24.80,25.60,23.40,21.20,23.10,24.90,21.10,22.70,23.70,20.90,25.50,25.50,20.70,21.80,25.90,22.10,25.40,21.90,24.30,22.80,22.00,23.70,24.00,20.50,21.50,22.90,22.20,22.10,25.20,22.90,20.30,20.60,20.60,22.30,25.30,23.10,21.20,25.40,21.00,22.30,21.50,20.70,25.10,22.80,23.30,20.30
TLM_RCV,-83,FG-ALPHA,20240415_084234,AUTO,0,31.00,5.00,-85,99.90,8.34,3.30,5.02,1192,401,0,251,23.95,1013.30,12.00,404.90,12.95,48.70,1080,21.60,21.30,22.30,22.30,20.20,21.10,23.50,22.90,24.80,20.40,21.70,25.40,24.20,20.80,21.30,25.20,24.60,23.80,23.00,20.00,22.60,23.30,23.10,21.80,24.60,25.10,24.40,25.50,25.80,25.80,20.40,21.20,25.60,23.20,21.90,23.40,22.80,23.00,25.50,22.30,23.60,21.70,21.20,24.00,22.60,20.10,24.00,21.30,23.30,24.00,21.90,22.30,20.60,25.30,22.90,21.80,20.10,23.20,20.10,22.50,21.30,21.10,22.70,21.80
TLM_RCV,-67,FG-ALPHA,20240415_084235,AUTO,0,31.26,5.00,-85,99.93,8.33,3.31,5.02,809,453,0,295,21.78,1013.20,11.80,406.40,12.96,48.70,1080,24.50,23.40,23.50,24.40,25.40,25.00,22.90,22.20,21.60,25.10,22.20,22.50,24.10,25.30,20.30,22.60,22.20,20.60,20.30,23.00,24.50,25.20,20.00,21.40,24.10,23.10,22.70,24.20,23.30,25.40,21.20,20.20,21.90,23.40,21.40,20.90,22.60,22.90,20.00,23.40,24.80,20.80,22.10,24.40,22.40,23.50,20.60,25.80,25.10,25.70,23.40,20.30,21.80,23.10,21.30,22.80,23.60,25.90,24.00,21.00,20.90,20.50,23.80,25.50
TLM_RCV,-69,FG-ALPHA,20240415_084236,AUTO,0,31.08,5.00,-85,99.99,8.34,3.28,5.02,987,417,0,260,22.85,1012.90,11.80,405.50,12.96,48.70,1080,20.00,24.40,25.00,22.40,20.30,25.20,22.20,20.20,21.20,20.00,25.40,25.90,20.10,22.80,24.10,20.70,23.10,20.80,24.80,21.40,23.80,21.90,23.20,23.00,22.50,24.20,21.00,20.50,23.30,20.40,23.90,23.20,23.10,23.70,20.70,21.00,24.80,23.10,24.60,24.00,24.50,22.60,21.80,22.70,25.20,25.60,25.50,21.90,21.90,25.00,24.40,20.80,23.10,24.30,23.80,21.50,25.70,20.70,20.20,22.20,20.10,22.90,22.90,20.70
TLM_RCV,-81,FG-ALPHA,20240415_084237,AUTO,0,33.26,5.00,-85,99.95,8.33,3.28,5.02,0,451,0,300,22.25,1013.40,12.00,406.00,12.96,48.70,1080,21.80,24.50,21.50,24.30,22.50,22.50,21.40,23.20,21.20,21.30,21.30,23.10,25.70,25.40,23.80,25.50,22.30,22.70,22.50,23.50,24.50,21.00,22.10,25.00,20.80,23.40,25.50,22.60,24.90,23.60,25.50,20.20,20.20,20.20,25.10,24.60,25.00,25.40,22.80,23.50,22.80,24.10,25.60,23.70,22.50,25.70,23.70,23.40,22.80,23.20,21.80,22.20,23.80,21.80,20.60,24.20,24.10,24.50,24.00,20.10,21.10,23.70,24.90,22.90
TLM_RCV,-58,FG-ALPHA,20240415_084259,AUTO,0,31.07,5.00,-85,100.00,8.34,3.31,5.02,1149,414,0,256,23.67,1012.90,11.80,405.60,12.98,48.70,1080,23.90,24.20,22.10,21.80,22.30,24.00,25.20,23.20,23.70,21.10,20.60,21.70,25.30,23.30,20.30,24.40,21.30,24.50,23.80,24.00,25.70,20.70,22.30,25.50,21.40,20.40,23.40,21.20,24.30,23.00,25.30,20.20,22.90,25.00,24.40,20.60,23.60,22.90,25.30,25.50,25.60,23.10,22.60,20.50,21.40,20.60,22.60,25.10,21.00,21.10,21.10,20.10,24.50,22.90,20.50,22.10,21.60,24.80,23.40,25.90,25.00,21.00,25.10,20.40
TLM_RCV,-69,FG-ALPHA,20240415_084300,AUTO,0,32.39,5.00,-85,100.00,8.33,3.30,5.02,1081,478,0,320,23.01,1013.60,11.90,404.80,12.98,48.70,1080,22.00,20.40,23.70,24.10,22.70,20.80,20.00,25.40,25.60,24.20,20.60,21.40,21.80,25.80,25.90,23.20,20.80,20.70,20.00,20.20,22.90,22.20,25.70,21.80,20.30,24.70,21.00,24.60,21.10,25.60,22.50,25.90,23.70,21.50,21.50,21.50,20.20,22.70,22.80,25.50,23.60,20.20,23.20,21.80,20.50,21.80,24.30,20.60,24.70,25.10,22.40,22.00,21.30,21.00,23.90,23.90,22.10,20.30,21.20,25.80,24.00,24.20,24.50,23.00
TLM_RCV,-80,FG-ALPHA,20240415_084301,AUTO,0,32.26,5.00,-85,100.00,8.33,3.28,5.02,902,453,0,299,22.25,1013.10,11.80,406.40,12.98,48.70,1080,22.50,22.70,20.30,23.30,24.10,21.90,23.00,20.40,20.50,20.40,21.50,23.10,20.90,22.20,23.00,25.40,21.20,20.40,22.30,24.70,23.20,25.80,22.00,20.50,23.60,23.80,23.60,22.50,23.10,24.40,25.60,24.00,21.50,22.20,20.60,21.40,21.20,20.50,24.00,23.90,22.00,22.80,20.80,21.90,22.20,24.50,21.70,23.20,22.30,20.60,23.20,23.80,22.80,20.30,21.80,23.60,23.40,22.90,24.90,22.20,20.80,24.30,22.90,24.20
TLM_RCV,-57,FG-ALPHA,20240415_084302,AUTO,0,33.28,5.00,-85,100.00,8.33,3.28,5.02,1087,456,0,309,23.16,1013.50,11.80,405.40,12.98,48.70,1080,22.80,23.20,24.40,22.60,24.30,23.70,25.20,20.90,25.70,21.50,25.60,22.80,24.70,23.30,20.10,22.40,23.90,20.50,22.50,22.10,23.70,22.20,22.40,25.90,20.10,25.10,23.10,22.10,24.80,24.80,22.30,25.60,25.80,21.60,22.30,24.40,21.20,22.60,22.10,24.70,25.60,24.00,21.40,24.40,20.60,25.10,25.70,25.00,20.90,24.70,23.10,22.30,22.50,25.90,22.70,21.10,24.30,21.40,25.90,21.70,20.40,22.10,22.90,23.90
TLM_RCV,-54,FG-ALPHA,20240415_084303,AUTO,0,31.32,5.00,-85,100.00,8.33,3.30,5.02,1022,464,0,320,22.79,1013.40,11.90,404.70,12.98,48.70,1080,23.20,20.30,25.40,24.30,23.10,21.30,21.80,21.30,20.70,21.70,24.60,24.90,20.60,22.00,23.70,21.20,22.80,22.00,25.40,23.00,21.50,22.10,23.90,25.90,25.80,22.90,22.80,25.10,24.80,24.30,22.60,22.20,23.60,21.30,24.40,24.60,21.00,24.70,24.70,24.00,23.30,24.60,22.00,20.40,24.00,23.00,20.00,20.50,22.30,24.10,23.90,20.00,24.50,20.10,25.40,23.00,22.40,25.10,20.50,24.00,24.50,25.40,20.10,25.30
TLM_RCV,-90,FG-ALPHA,20240415_084304,AUTO,0,33.14,5.00,-85,100.00,8.34,3.31,5.02,1195,428,0,272,23.84,1012.70,11.90,405.10,12.98,48.70,1080,24.10,22.30,22.70,24.30,21.60,24.70,21.80,21.70,25.90,24.60,23.40,22.70,21.00,25.50,23.30,24.60,25.80,20.30,24.70,25.30,24.60,25.20,21.80,23.80,21.90,20.80,23.20,25.00,24.70,20.90,24.60,21.60,22.00,20.10,20.90,20.60,24.30,23.80,24.40,21.70,20.00,24.70,22.40,24.80,23.00,25.40,23.20,24.90,21.00,20.60,24.40,24.80,23.80,22.70,22.30,25.50,24.40,23.00,23.00,21.10,21.70,21.10,24.40,21.50
TLM_RCV,-90,FG-ALPHA,20240415_084305,AUTO,0,33.00,5.00,-85,100.00,8.34,3.30,5.02,912,400,0,260,22.56,1013.40,11.80,405.60,12.99,48.70,1080,22.70,20.90,23.60,24.80,24.20,25.80,22.50,21.50,25.80,21.70,22.50,20.10,22.40,24.90,25.90,23.90,25.20,21.50,20.70,23.80,23.60,23.70,23.30,21.20,22.20,20.50,25.80,25.50,23.10,20.30,20.00,20.90,22.50,21.40,20.70,22.90,24.70,21.40,20.00,24.90,21.00,25.30,22.10,24.00,24.80,24.70,24.00,25.60,22.30,22.70,21.90,25.20,21.20,22.80,25.90,25.60,25.60,23.30,23.50,22.30,20.50,20.90,25.30,21.30
TLM_RCV,-72,FG-ALPHA,20240415_084306,AUTO,0,33.29,5.00,-85,100.00,8.33,3.30,5.02,830,458,0,304,21.86,1013.60,11.90,406.20,12.99,48.70,1080,25.60,22.70,25.80,23.00,22.70,21.80,25.60,25.60,22.20,23.10,23.30,24.50,20.30,25.40,23.90,24.70,25.70,23.60,23.70,22.30,22.70,20.20,22.70,21.40,21.60,21.00,20.70,21.70,23.40,24.30,20.80,21.40,21.80,21.80,24.70,21.20,21.70,23.80,21.30,21.40,20.00,22.20,22.20,25.30,25.80,22.30,25.70,25.50,22.80,20.40,20.30,20.10,23.20,25.60,22.40,24.80,25.00,25.20,20.10,24.80,21.60,20.20,23.10,24.70
TLM_RCV,-41,FG-ALPHA,20240415_084307,AUTO,0,32.03,5.00,-85,100.00,8.34,3.29,5.02,894,406,0,264,22.44,1012.90,11.90,406.30,12.99,48.70,1080,24.60,22.80,20.20,25.50,21.90,21.50,21.50,22.70,24.40,23.00,23.10,24.30,24.80,23.80,23.90,22.80,22.10,23.60,20.60,20.60,25.40,20.80,20.50,25.30,21.20,25.70,22.30,20.00,23.30,22.40,23.80,22.60,24.00,23.80,25.80,21.60,25.70,20.20,23.30,23.30,25.80,24.80,24.90,23.40,20.70,25.10,23.90,23.20,24.10,22.00,20.40,21.70,25.00,20.30,21.40,20.80,20.10,25.00,22.00,21.50,21.30,25.90,21.60,20.60
TLM_RCV,-60,FG-ALPHA,20240415_084308,AUTO,0,32.32,5.00,-85,99.95,8.33,3.31,5.02,0,464,0,311,22.32,1013.20,12.10,405.30,12.99,48.70,1080,21.30,23.20,20.80,20.60,20.10,22.50,22.30,20.70,20.00,25.40,20.10,20.30,22.20,24.80,24.90,21.80,23.30,22.20,22.50,20.40,23.40,22.10,22.50,21.60,23.70,22.60,24.60,21.20,23.70,21.00,24.80,24.00,25.00,24.50,24.90,21.80,20.60,21.90,24.10,20.00,20.10,23.30,20.80,25.90,25.40,25.80,23.60,23.00,21.40,23.10,21.80,21.50,24.30,20.20,22.20,24.40,24.30,21.10,21.50,20.20,20.30,20.50,20.60,25.80
TLM_RCV,-63,FG-ALPHA,20240415_084309,AUTO,0,31.06,5.00,-85,100.00,8.34,3.29,5.02,1011,411,0,256,23.00,1013.60,11.90,405.50,12.99,48.70,1080,24.80,24.10,24.70,21.80,25.40,24.20,22.50,21.30,24.60,25.90,21.50,23.70,20.50,23.90,23.70,21.60,20.70,24.70,21.40,21.70,24.70,22.00,24.60,22.80,25.30,20.00,24.80,20.80,22.10,23.80,22.40,24.60,25.40,25.10,24.10,21.80,21.50,22.70,22.00,22.10,22.60,23.50,20.00,24.20,22.40,23.60,24.90,25.30,22.70,23.50,21.00,25.90,25.40,25.40,20.00,82.50,24.30,25.90,24.90,22.60,25.80,25.20,22.70,22.50
TLM_RCV,-84,FG-ALPHA,20240415_084310,AUTO,0,33.28,5.00,-85,100.00,8.33,3.31,5.02,853,457,0,307,21.98,1012.80,11.80,405.30,12.99,48.70,1080,20.10,23.80,22.00,25.20,20.60,21.50,20.40,25.90,23.30,20.70,25.50,20.00,25.00,24.60,25.10,22.30,25.10,24.30,21.30,23.00,24.70,25.50,23.30,24.30,25.10,24.20,21.70,24.60,21.70,23.40,21.10,22.70,23.10,22.70,21.40,21.40,20.90,22.00,24.30,25.10,23.40,24.90,21.80,20.40,22.40,24.00,21.50,22.80,20.10,21.90,21.50,24.70,25.30,25.90,21.80,24.60,21.40,20.90,22.70,25.90,20.10,20.90,20.40,24.30
TLM_RCV,-85,FG-ALPHA,20240415_084311,AUTO,0,33.10,5.00,-85,100.00,8.34,3.28,5.02,921,420,0,267,22.50,1013.60,11.80,405.50,12.99,48.70,1080,23.40,21.50,23.40,20.10,23.20,23.40,24.20,24.80,22.60,24.60,25.20,25.90,20.90,23.00,23.60,20.00,22.10,20.30,23.90,21.90,21.80,21.10,20.30,24.60,20.00,25.10,25.20,25.50,22.40,20.90,23.40,24.50,22.10,23.90,21.20,20.40,24.70,25.10,23.30,24.90,22.50,24.50,24.90,20.50,24.60,21.60,22.70,21.90,23.60,25.80,21.40,23.80,21.20,24.80,20.70,22.00,22.40,20.60,25.20,22.50,25.00,20.10,25.20,20.80
TLM_RCV,-78,FG-ALPHA,20240415_084312,AUTO,0,32.06,5.00,-85,99.96,8.34,3.29,5.02,0,413,0,270,22.07,1013.10,11.80,404.50,12.99,48.70,1080,21.00,22.80,20.20,25.70,20.00,21.10,24.70,24.10,24.80,24.90,20.70,21.00,20.70,23.50,22.90,23.60,25.90,24.70,23.80,21.80,25.00,21.90,20.50,25.90,23.40,24.10,23.90,23.80,21.50,20.80,22.70,25.10,20.70,20.80,23.40,23.00,25.60,22.90,23.60,22.60,20.50,20.70,20.40,23.00,25.00,25.10,22.00,25.30,20.30,23.60,24.30,24.10,24.50,25.00,25.90,24.00,24.80,24.70,22.00,25.30,25.80,20.60,22.20,21.90
TLM_RCV,-59,FG-ALPHA,20240415_084313,AUTO,0,33.44,5.00,-85,100.00,8.33,3.29,5.02,1169,488,0,334,23.41,1012.90,11.80,404.80,12.99,48.70,1080,21.50,22.80,22.10,23.50,22.10,22.40,23.20,23.10,20.10,25.80,25.90,22.70,22.30,21.50,20.20,25.70,22.90,23.60,22.90,25.30,25.40,20.30,25.10,21.20,24.20,23.30,25.30,20.10,25.40,22.80,20.20,23.90,24.70,24.00,23.00,25.20,21.70,20.30,21.00,24.30,21.30,23.40,20.30,21.20,25.30,21.50,21.00,25.30,22.90,24.80,20.50,23.50,24.90,23.40,23.30,21.40,21.80,24.80,23.40,25.10,21.20,24.20,22.00,25.40
TLM_RCV,-80,FG-ALPHA,20240415_084314,AUTO,0,31.19,5.00,-85,100.00,8.33,3.28,5.02,1183,439,0,291,23.72,1013.50,11.90,406.20,12.99,48.70,1080,23.60,22.10,24.80,23.60,20.80,25.50,25.30,22.00,22.50,22.70,23.20,20.20,20.70,21.70,25.50,25.70,21.10,21.70,20.30,24.50,25.80,23.70,23.30,25.70,22.40,21.70,21.00,23.90,25.60,23.10,25.40,20.20,22.20,22.30,25.90,25.00,24.90,23.50,23.80,23.20,21.60,21.30,20.70,20.00,20.40,20.20,20.00,22.50,23.50,23.00,22.60,25.70,24.60,22.00,20.00,21.30,24.60,24.30,23.50,23.80,22.90,23.10,24.80,24.90
TLM_RCV,-41,FG-ALPHA,20240415_084315,AUTO,0,32.12,5.00,-85,99.96,8.34,3.31,5.02,0,423,0,275,22.11,1013.40,11.80,404.70,13.00,48.70,1080,20.20,20.20,22.70,21.60,20.40,20.90,20.70,24.80,25.10,22.50,25.00,24.80,24.10,24.10,20.50,25.90,24.80,20.50,24.30,20.60,21.30,23.40,20.50,25.20,20.00,23.30,25.90,25.70,21.60,22.40,20.00,21.40,24.50,20.10,22.90,25.90,23.20,25.90,24.70,25.70,20.00,21.80,25.10,25.80,23.80,24.40,20.80,23.90,25.10,23.60,22.10,23.90,23.20,25.10,20.40,23.80,24.00,25.20,21.10,25.60,24.30,24.30,21.90,25.30
TLM_RCV,-65,FG-ALPHA,20240415_084316,AUTO,0,32.99,5.00,-85,100.00,8.34,3.30,5.02,1132,398,0,256,23.67,1013.20,12.00,404.70,13.00,48.70,1080,24.70,23.50,25.00,25.90,25.40,21.70,24.00,21.50,23.60,20.10,21.30,23.40,25.50,24.40,24.30,20.70,22.30,22.40,24.60,25.00,21.80,24.10,24.00,20.30,24.80,22.50,20.80,25.80,20.90,20.10,25.80,24.30,20.90,25.20,21.30,22.00,24.30,25.00,25.30,20.10,24.10,23.80,20.10,22.80,25.80,21.50,22.30,21.30,22.60,20.40,21.80,21.70,21.30,24.10,22.90,20.40,24.00,21.60,24.00,22.20,23.80,23.40,25.50,24.10
TLM_RCV,-66,FG-ALPHA,20240415_084317,AUTO,0,31.43,5.00,-85,99.95,8.33,3.28,5.02,0,486,0,331,22.43,1013.10,12.00,405.70,13.00,48.70,1080,22.30,24.20,22.60,24.60,21.90,24.60,20.80,22.70,21.90,24.80,22.90,22.50,23.40,21.20,25.70,22.10,21.60,23.70,20.80,23.90,24.30,23.10,21.10,20.40,20.40,25.20,22.10,23.60,23.30,21.30,21.60,25.00,23.60,24.30,24.10,25.80,21.00,25.80,21.00,25.40,21.80,21.20,22.10,24.80,21.10,25.80,22.90,22.20,24.70,24.60,21.70,21.40,23.70,21.70,24.70,23.00,23.50,20.00,20.50,22.20,22.60,22.80,21.40,23.50
TLM_RCV,-71,FG-ALPHA,20240415_084318,AUTO,0,31.28,5.00,-85,100.00,8.33,3.30,5.02,1090,457,0,304,23.17,1013.40,12.00,405.00,13.00,48.70,1080,23.70,24.30,21.00,21.10,21.40,20.60,21.50,24.80,24.50,22.30,21.30,22.90,25.80,22.60,24.60,23.40,20.30,25.50,22.40,22.80,25.70,24.30,21.40,23.50,25.50,22.10,23.70,24.40,23.80,24.30,20.40,25.90,25.20,24.60,21.40,20.70,21.90,22.60,24.80,20.10,22.30,21.40,23.30,22.80,22.40,22.10,22.70,21.10,23.70,21.50,20.70,25.70,25.10,24.00,23.90,22.90,20.70,24.00,20.90,23.00,25.80,23.60,22.70,25.20
TLM_RCV,-83,FG-ALPHA,20240415_084319,AUTO,0,31.06,5.00,-85,99.96,8.34,3.30,5.02,0,412,0,265,22.06,1013.50,11.90,405.70,13.00,48.70,1080,24.90,21.60,22.30,24.00,21.40,25.10,21.20,24.70,25.40,25.60,25.10,25.80,22.70,22.70,21.00,24.70,25.00,22.10,23.70,21.60,24.50,23.10,21.90,21.60,20.70,20.40,22.40,24.60,21.90,23.40,23.40,20.30,24.40,24.70,20.70,24.50,21.50,23.40,24.10,24.80,22.70,23.50,21.20,20.00,22.20,24.40,20.60,22.20,22.40,20.80,22.60,24.40,24.40,24.80,23.20,22.10,24.80,23.30,25.80,21.80,25.40,21.20,21.80,22.50
TLM_RCV,-63,FG-ALPHA,20240415_084320,AUTO,0,33.26,5.00,-85,100.00,8.33,3.30,5.02,818,452,0,294,21.83,1012.80,11.80,404.80,13.00,48.70,1080,21.40,25.20,21.30,24.30,23.00,22.70,22.60,20.70,25.00,22.30,25.90,25.40,21.10,21.20,24.30,25.30,23.40,21.10,22.80,23.40,21.00,25.20,20.80,24.80,24.20,20.80,23.20,24.20,20.40,24.80,25.40,25.10,20.30,21.00,25.90,23.20,23.60,20.40,23.40,25.80,23.80,22.90,20.30,21.10,22.40,22.00,21.90,25.50,20.50,24.90,20.10,24.00,25.00,21.60,21.60,20.30,25.70,23.80,25.40,25.70,20.00,21.80,25.20,22.50
TLM_RCV,-48,FG-ALPHA,20240415_084321,AUTO,0,31.23,5.00,-85,100.00,8.33,3.30,5.02,822,445,0,291,21.89,1013.00,12.10,405.60,13.00,48.70,1080,20.20,24.30,20.40,22.40,25.00,22.20,25.20,24.00,21.90,25.60,24.90,23.20,22.60,24.10,20.40,21.00,20.40,21.10,23.50,23.70,22.00,20.40,22.70,21.40,22.00,24.80,21.00,21.60,23.90,21.90,20.00,20.00,23.50,22.10,22.00,22.90,21.80,22.90,20.10,23.60,24.60,24.50,23.00,22.10,25.40,22.30,23.20,25.90,24.90,24.40,20.60,24.80,24.00,21.90,24.00,22.20,25.40,22.50,25.40,24.50,20.90,20.50,23.80,24.80
TLM_RCV,-62,FG-ALPHA,20240415_084322,AUTO,0,32.17,5.00,-85,100.00,8.34,3.28,5.02,880,433,0,277,22.24,1013.10,12.00,405.00,13.00,48.70,1080,25.90,21.20,23.40,20.70,21.80,22.60,25.40,23.00,25.90,20.50,21.40,20.30,22.00,21.00,24.30,23.20,23.40,24.60,24.20,25.50,20.60,23.00,21.10,23.30,24.40,23.90,20.00,20.20,23.70,23.00,23.10,21.60,24.60,21.70,23.10,24.20,22.10,24.80,21.80,21.30,23.50,22.80,24.50,23.70,25.30,23.10,21.40,25.70,23.90,24.40,22.10,23.50,24.90,22.00,24.60,22.10,21.00,20.10,23.40,24.70,22.80,20.50,23.60,23.10
TLM_RCV,-64,FG-ALPHA,20240415_084323,AUTO,0,33.47,5.00,-85,100.00,8.33,3.29,5.02,1184,494,0,340,23.45,1012.90,12.10,405.30,13.00,48.70,1080,22.40,23.20,24.20,24.50,20.90,23.40,25.80,20.10,20.40,22.00,25.00,22.50,22.60,22.70,22.20,23.00,22.40,23.90,22.60,22.00,23.00,24.60,25.90,25.30,22.90,20.70,25.30,22.60,21.10,21.90,22.30,24.90,22.60,22.10,22.50,22.10,21.50,23.90,23.40,25.70,25.10,21.40,24.60,20.00,23.00,21.50,24.40,23.70,25.60,22.20,22.20,20.10,24.90,22.10,25.50,23.40,25.50,23.20,22.40,24.30,21.00,21.40,23.60,22.60
TLM_RCV,-75,FG-ALPHA,20240415_084324,AUTO,0,32.99,5.00,-85,100.00,8.34,3.28,5.02,985,399,0,256,22.93,1013.30,11.90,405.20,13.00,48.70,1080,22.50,25.60,21.40,23.20,21.60,24.50,21.90,25.10,22.30,21.30,22.60,25.20,25.50,22.70,20.50,20.20,23.90,24.50,21.60,22.60,24.40,23.20,21.80,21.10,24.60,23.50,20.50,21.60,21.10,22.40,24.20,23.00,22.80,24.10,24.00,20.60,24.00,20.20,20.30,24.70,24.80,20.90,22.10,22.10,21.60,25.50,25.20,25.10,21.00,21.70,22.50,22.50,25.30,25.50,25.80,21.90,21.50,21.10,25.30,21.40,25.40,23.50,20.90,22.70
TLM_RCV,-82,FG-ALPHA,20240415_084325,AUTO,0,32.08,5.00,-85,100.00,8.34,3.30,5.02,1042,416,0,257,23.13,1013.20,12.10,404.50,13.01,48.70,1080,24.60,25.80,22.40,22.70,20.20,21.40,20.00,21.70,25.20,23.50,24.80,23.50,23.80,25.80,25.30,20.00,21.70,20.30,22.70,23.70,23.50,20.00,25.40,22.20,25.70,21.00,20.00,21.70,21.80,20.50,23.50,25.00,24.00,20.30,24.70,23.00,23.70,24.80,22.60,20.90,22.60,22.80,21.20,25.30,22.90,25.40,21.80,22.80,21.60,20.00,25.20,25.50,21.20,23.90,22.30,25.20,25.10,22.50,25.50,25.00,20.00,24.70,20.30,22.70
TLM_RCV,-90,FG-ALPHA,20240415_084326,AUTO,0,33.18,5.00,-85,100.00,8.33,3.29,5.02,933,436,0,280,22.49,1012.70,12.00,406.00,13.01,48.70,1080,24.80,23.20,24.70,24.90,21.30,23.00,25.30,23.20,25.20,20.70,22.40,22.80,22.80,25.20,22.20,20.30,24.30,25.30,23.50,23.70,23.80,20.40,21.30,21.60,25.60,22.60,25.30,20.20,24.10,25.40,24.00,24.40,22.50,24.60,20.40,23.10,20.10,24.20,20.20,22.70,21.40,22.50,23.10,20.70,20.80,25.30,20.50,22.60,21.10,24.70,21.40,25.20,22.80,24.80,20.40,20.00,23.90,23.10,23.10,22.20,24.20,22.00,21.60,21.80
TLM_RCV,-66,FG-ALPHA,20240415_084327,AUTO,0,32.12,5.00,-85,100.00,8.34,3.31,5.02,800,423,0,268,21.89,1013.60,12.10,405.20,13.01,48.70,1080,21.80,22.20,21.80,21.80,21.30,22.60,22.60,21.00,21.90,24.50,22.00,20.00,21.70,24.90,22.50,25.80,24.30,25.40,23.10,23.70,21.10,25.90,25.90,20.80,24.60,22.20,21.90,22.00,23.80,24.40,22.80,25.90,21.80,23.40,24.60,23.60,21.00,24.00,22.20,20.60,20.40,20.50,25.00,21.70,21.90,22.30,25.20,25.90,24.50,22.00,20.60,23.40,21.30,22.60,21.90,25.60,20.50,25.20,23.80,22.00,22.10,25.30,23.70,20.20
TLM_RCV,-91,FG-ALPHA,20240415_084328,AUTO,0,31.11,5.00,-85,100.00,8.34,3.31,5.02,1100,423,0,272,23.39,1012.70,12.00,406.30,13.01,48.70,1080,24.40,23.80,24.80,25.30,25.30,21.30,25.10,20.60,21.90,21.60,24.20,25.50,24.80,25.10,23.30,21.00,20.30,24.10,24.70,23.40,22.10,20.90,24.90,23.20,23.50,20.50,24.80,25.30,23.00,24.70,22.80,25.80,23.60,22.10,25.80,23.30,22.30,25.30,24.80,25.80,24.20,24.90,22.00,23.80,21.40,21.10,20.80,23.50,20.20,20.60,20.80,25.60,25.30,25.50,24.60,21.80,21.90,20.70,22.70,25.60,23.70,21.10,20.90,23.60
TLM_RCV,-48,FG-ALPHA,20240415_084329,AUTO,0,32.33,5.00,-85,100.00,8.33,3.28,5.02,1141,467,0,320,23.37,1012.70,12.00,405.10,13.01,48.70,1080,24.40,25.50,20.50,25.00,22.50,21.00,25.70,25.50,23.00,21.10,25.70,21.50,22.80,21.50,21.90,21.80,23.20,25.90,21.40,24.70,24.90,23.20,20.00,25.40,20.90,25.40,21.20,24.40,21.50,23.00,21.50,20.30,20.60,22.30,25.70,21.40,20.00,20.40,23.60,20.80,20.90,20.90,23.80,24.90,24.40,21.70,23.80,22.00,24.80,21.80,22.00,20.10,25.20,23.70,24.30,23.40,25.10,20.40,21.60,24.20,23.30,23.60,20.30,25.40
TLM_RCV,-70,FG-ALPHA,20240415_084330,AUTO,0,32.06,5.00,-85,100.00,8.34,3.30,5.02,1075,411,0,255,23.32,1013.40,12.10,405.40,13.01,48.70,1080,20.40,23.80,24.50,22.40,23.10,20.90,25.00,22.30,23.00,24.70,21.60,24.20,22.50,20.90,25.50,21.60,20.30,23.90,22.90,23.00,23.60,25.20,22.70,24.00,24.50,21.00,25.10,20.80,22.10,21.80,24.30,20.90,23.10,22.80,23.40,20.80,22.30,21.80,21.50,21.60,23.40,24.80,22.10,20.60,21.90,25.60,24.80,20.10,21.20,21.10,22.00,22.20,20.90,25.10,25.20,20.00,20.00,24.10,21.90,25.50,25.60,24.40,24.10,21.50
TLM_RCV,-64,FG-ALPHA,20240415_084331,AUTO,0,30.99,5.00,-85,100.00,8.34,3.30,5.02,936,398,0,256,22.69,1012.70,12.00,406.20,13.01,48.70,1080,21.60,20.80,25.40,25.70,24.10,21.90,23.50,22.00,20.80,22.00,21.60,24.50,25.60,22.20,20.90,23.80,21.00,21.50,21.10,20.30,20.20,24.40,21.20,24.80,24.30,24.90,24.10,21.10,23.50,23.10,25.10,21.20,25.90,23.90,25.80,22.50,22.50,82.00,22.70,23.40,20.50,20.80,21.80,23.10,23.90,20.40,24.90,22.90,20.10,24.60,21.10,21.70,25.80,21.40,20.80,20.20,22.50,24.80,20.60,23.70,24.70,23.90,25.50,24.60
TLM_RCV,-49,FG-ALPHA,20240415_084332,AUTO,0,31.39,5.00,-85,99.95,8.33,3.28,5.02,0,478,0,329,22.39,1013.30,11.80,404.70,13.01,48.70,1080,81.60,21.10,20.10,22.80,23.40,23.90,23.10,21.40,23.60,24.50,25.90,23.30,21.50,24.50,21.20,23.40,22.50,22.50,21.10,24.30,22.80,21.40,21.10,24.60,22.00,24.30,22.00,20.50,21.40,23.30,22.50,20.20,24.70,20.00,20.70,25.70,25.90,24.30,22.30,23.20,23.40,25.10,24.60,22.50,21.00,21.80,20.30,20.20,25.10,22.80,22.90,25.80,25.00,25.20,24.30,23.00,21.90,23.40,23.50,25.20,22.20,21.60,24.30,22.70
TLM_RCV,-42,FG-ALPHA,20240415_084333,AUTO,0,33.19,5.00,-85,99.99,8.33,3.28,5.02,830,439,0,285,21.95,1012.70,11.90,405.50,13.01,48.70,1080,23.90,24.60,23.90,20.20,25.60,20.40,24.70,23.90,20.50,86.30,20.30,20.00,25.70,22.80,24.00,20.70,25.80,23.90,20.30,21.90,22.10,22.40,20.20,22.60,25.00,22.10,21.40,21.40,21.10,25.30,24.60,24.30,21.20,25.00,20.80,23.10,21.40,25.90,22.10,23.30,21.00,23.70,23.00,25.00,24.10,24.30,24.80,22.00,22.90,21.50,24.90,23.60,20.50,25.30,23.00,20.90,24.80,24.30,23.20,23.00,22.10,20.00,24.30,25.40
TLM_RCV,-63,FG-ALPHA,20240415_084334,AUTO,0,31.16,5.00,-85,100.00,8.34,3.29,5.02,1049,431,0,276,23.09,1012.90,12.10,406.20,13.01,48.70,1080,20.10,23.50,21.60,22.10,25.90,20.80,24.60,23.90,21.70,20.70,23.10,20.90,21.90,20.70,25.90,23.90,23.00,24.40,20.80,20.80,20.00,23.80,21.60,23.00,24.60,22.60,20.40,20.30,25.70,23.60,23.90,23.30,20.20,25.60,24.10,20.70,25.50,25.50,22.10,23.50,23.00,25.90,23.40,20.80,21.60,24.40,21.90,20.90,25.90,23.30,24.70,25.10,21.30,20.20,20.80,25.70,23.60,21.40,22.70,21.30,20.40,23.80,21.50,20.10
TLM_RCV,-74,FG-ALPHA,20240415_084335,AUTO,0,32.42,5.00,-85,100.00,8.33,3.31,5.02,850,483,0,338,21.84,1013.50,11.80,405.80,13.02,48.70,1080,24.80,25.20,25.30,21.00,21.80,25.10,25.20,24.80,22.30,21.80,24.20,23.00,24.10,22.80,24.80,25.80,21.40,25.70,21.70,25.40,24.00,22.60,21.30,21.10,24.60,22.20,25.40,21.50,21.00,21.60,21.20,22.30,23.30,22.90,23.40,25.70,21.70,24.90,25.10,25.40,21.10,23.00,25.40,24.80,21.20,20.30,25.50,23.60,21.30,21.40,23.00,21.40,24.70,24.10,23.60,20.50,24.40,24.60,20.90,25.50,20.70,21.10,20.50,24.90
TLM_RCV,-69,FG-ALPHA,20240415_084336,AUTO,0,33.15,5.00,-85,99.96,8.33,3.29,5.02,0,429,0,276,22.15,1013.50,11.80,406.40,13.02,48.70,1080,20.30,20.30,25.90,23.70,24.80,25.60,24.10,21.70,23.30,20.30,22.30,23.10,21.40,20.50,22.50,21.00,24.30,20.80,23.70,20.10,24.70,21.70,25.20,25.80,23.80,20.50,25.60,23.60,24.70,21.30,23.10,23.40,23.20,23.70,25.00,25.00,23.20,23.30,21.40,25.20,22.10,24.50,21.90,24.20,20.70,24.70,23.50,20.60,21.50,25.10,21.70,25.90,24.60,24.20,22.30,21.80,23.20,21.80,24.90,20.20,21.20,21.20,22.00,23.10
TLM_RCV,-80,FG-ALPHA,20240415_084337,AUTO,0,32.28,5.00,-85,100.00,8.33,3.31,5.02,868,456,0,299,22.06,1012.90,11.80,406.20,13.02,48.70,1080,25.70,25.80,25.80,23.50,21.90,24.20,23.80,23.60,20.90,20.20,24.70,23.30,20.20,20.50,23.90,25.30,24.60,25.20,25.70,20.40,24.70,22.70,22.70,21.00,20.20,23.60,23.30,21.00,21.30,25.60,25.00,21.40,22.10,24.00,22.50,24.70,20.40,24.80,23.00,23.70,25.70,20.60,24.50,22.60,21.20,25.00,22.20,25.50,25.10,25.70,23.40,23.50,24.00,24.70,22.30,21.30,22.60,21.40,23.40,25.50,20.60,24.30,23.50,21.10
TLM_RCV,-80,FG-ALPHA,20240415_084338,AUTO,0,31.30,5.00,-85,100.00,8.33,3.29,5.02,1187,459,0,315,23.64,1012.80,12.00,406.00,13.02,48.70,1080,23.00,23.30,21.70,21.30,21.30,21.40,20.90,22.10,22.80,23.40,21.90,22.30,22.20,20.70,20.20,24.60,22.20,25.90,24.10,23.80,25.20,20.80,22.70,20.10,23.80,21.20,21.00,22.40,24.90,23.00,23.20,21.40,22.80,20.80,21.30,22.40,23.20,21.50,22.80,21.40,21.30,23.50,25.30,22.20,20.80,20.80,22.10,22.80,25.20,24.40,21.90,24.60,23.00,23.10,22.80,23.00,21.30,23.60,25.30,24.80,25.10,20.80,24.70,22.90
TLM_RCV,-69,FG-ALPHA,20240415_084339,AUTO,0,33.27,5.00,-85,100.00,8.33,3.29,5.02,982,454,0,310,22.64,1013.30,12.00,406.00,13.02,48.70,1080,21.00,22.60,24.80,24.20,24.70,22.70,25.40,24.90,20.80,23.80,21.50,24.60,25.60,22.40,23.70,23.50,20.20,21.10,25.20,23.30,25.70,23.40,24.50,23.90,25.40,22.20,21.80,22.30,24.50,23.10,23.80,21.40,25.40,20.30,24.60,24.20,23.70,24.10,21.50,21.60,23.70,25.10,21.20,22.60,24.00,20.00,25.10,24.00,23.00,25.50,25.60,24.30,25.90,22.00,22.40,21.10,20.80,25.50,20.20,22.90,21.10,21.90,24.00,25.90
TLM_RCV,-74,FG-ALPHA,20240415_084402,AUTO,1,35.58,24.50,-85,99.79,8.23,3.31,4.99,845,1117,626,340,21.36,1013.40,12.10,405.50,13.04,50.65,1080,22.70,22.00,23.10,25.40,20.60,25.60,24.10,20.30,22.70,22.90,21.60,21.30,20.90,25.80,22.30,20.10,21.10,21.50,20.50,22.20,21.80,25.10,22.70,20.70,21.50,24.70,22.70,23.60,21.00,24.30,25.70,25.70,21.10,24.40,23.30,22.50,20.70,22.00,22.30,20.20,24.50,24.10,21.70,22.80,25.50,21.00,20.60,23.60,22.40,25.20,23.10,21.40,23.60,25.80,20.60,23.70,21.20,23.70,21.40,20.40,22.70,21.70,21.70,21.70
TLM_RCV,-55,FG-ALPHA,20240415_084403,AUTO,1,35.11,26.00,-85,99.78,8.21,3.29,4.91,1166,1222,782,281,20.28,1013.00,11.80,404.60,13.04,50.80,1080,20.50,24.20,21.30,24.20,23.30,24.80,20.20,20.20,21.40,25.10,24.50,24.10,22.50,20.40,20.10,24.10,21.00,23.40,23.10,20.30,23.10,21.00,21.80,24.30,23.80,23.20,23.80,22.90,23.10,20.40,25.00,25.80,23.20,24.70,24.70,25.80,25.00,23.10,25.70,24.70,25.70,20.80,22.40,24.60,23.70,20.60,71.70,21.00,22.70,20.90,24.30,22.40,20.40,25.40,23.80,25.80,20.60,24.40,20.60,21.60,21.40,20.70,24.60,23.10
TLM_RCV,-44,FG-ALPHA,20240415_084404,AUTO,1,36.51,27.50,-85,99.78,8.23,3.30,4.94,1095,1103,623,327,20.04,1013.60,12.10,404.60,13.04,50.95,1080,23.50,20.20,23.70,24.60,23.20,24.70,25.90,25.90,23.30,20.90,20.30,25.10,23.30,25.90,22.70,23.80,24.50,21.00,21.30,20.80,24.20,22.90,24.90,20.00,22.00,24.40,23.20,25.70,24.50,24.40,22.10,23.20,24.70,22.30,22.40,23.00,21.30,21.50,23.70,23.70,25.80,22.40,21.40,25.10,20.10,21.40,25.60,22.30,20.20,23.70,23.40,20.60,22.20,25.40,22.40,21.20,24.00,22.90,22.70,22.20,21.50,20.70,25.40,23.90
TLM_RCV,-90,FG-ALPHA,20240415_084405,AUTO,1,36.63,29.00,-85,99.67,8.22,3.28,4.99,0,1126,711,256,25.63,1012.90,11.90,405.30,13.05,51.10,1080,22.90,21.70,25.70,24.10,20.50,24.20,22.70,23.70,21.70,22.30,22.40,21.80,25.20,20.70,23.40,24.60,21.60,20.90,22.90,22.90,22.20,22.60,20.90,23.70,24.30,20.50,25.60,25.60,22.60,23.00,24.60,23.90,24.30,23.70,20.80,21.70,24.30,25.40,25.00,25.20,21.00,21.40,21.80,25.00,22.70,20.10,22.90,20.50,24.60,22.30,23.60,22.50,25.40,25.40,21.60,25.60,25.00,24.80,23.90,22.90,25.40,22.90,20.80,21.70
TLM_RCV,-65,FG-ALPHA,20240415_084406,AUTO,0,32.44,27.00,-85,99.70,8.32,3.29,5.02,854,487,0,343,21.84,1013.50,11.80,405.90,13.05,51.10,1080,25.50,23.00,23.50,23.70,22.40,20.10,24.50,24.20,21.90,22.20,25.00,21.70,24.30,25.90,21.50,25.90,25.30,23.90,22.80,20.40,23.50,24.70,25.60,24.70,23.10,21.10,20.40,20.60,24.60,23.10,23.70,25.10,21.20,22.50,22.50,23.50,24.50,25.90,21.00,21.00,25.70,20.00,20.70,25.50,23.70,25.00,20.60,20.80,24.60,23.40,21.30,20.30,22.30,20.80,25.20,22.30,23.60,20.80,20.60,25.60,23.60,20.80,21.10,23.90
TLM_RCV,-64,FG-ALPHA,20240415_084407,AUTO,0,31.14,25.00,-85,99.76,8.33,3.31,5.02,986,427,0,268,22.80,1013.20,12.00,404.80,13.05,51.10,1080,20.40,21.80,23.60,25.40,21.90,24.60,20.80,20.30,21.70,23.30,22.80,23.80,23.20,21.60,25.00,22.90,24.10,20.60,25.20,21.60,24.40,24.90,20.90,20.00,20.50,24.40,25.30,23.80,25.50,25.90,20.30,23.50,24.10,24.70,23.00,24.70,21.90,23.40,25.00,20.30,23.40,23.90,24.60,23.00,24.00,23.70,24.20,21.40,23.30,22.40,20.80,25.70,21.40,20.40,20.60,24.90,21.20,24.70,20.00,20.70,24.00,25.50,22.80,22.50
TLM_RCV,-78,FG-ALPHA,20240415_084408,AUTO,0,32.17,23.00,-85,99.80,8.33,3.29,5.02,841,435,0,286,22.03,1012.90,12.00,406.40,13.05,51.10,1080,23.10,23.30,20.10,22.10,21.10,24.90,23.00,22.30,24.80,20.90,20.80,21.90,20.10,22.60,25.60,22.50,20.60,25.40,21.30,23.50,24.40,20.50,22.90,20.40,24.00,22.30,22.80,23.20,21.20,22.20,24.60,20.70,25.00,21.40,24.30,21.50,20.90,23.00,20.10,24.70,23.70,20.00,21.10,23.10,24.20,24.50,23.00,22.70,23.30,21.00,23.00,20.10,20.10,25.10,22.80,23.60,20.00,24.10,24.70,21.30,20.10,21.70,21.30,25.50
TLM_RCV,-40,FG-ALPHA,20240415_084409,AUTO,0,32.22,21.00,-85,99.85,8.33,3.29,5.02,894,444,0,296,22.25,1012.80,11.90,405.30,13.05,51.10,1080,23.50,23.30,23.50,24.20,21.40,23.00,24.50,21.90,25.50,20.90,25.80,24.20,24.10,20.40,20.20,24.60,21.00,24.70,25.90,24.10,24.80,25.50,22.10,25.20,25.30,24.30,22.70,21.00,21.60,22.50,23.90,20.30,25.10,23.50,25.70,20.80,20.60,22.40,21.60,24.30,20.60,25.80,23.90,21.70,23.00,24.80,24.20,24.70,23.00,21.40,21.80,22.80,21.20,21.50,23.60,24.90,23.70,21.70,21.60,21.20,23.30,24.20,20.10,22.30
TLM_RCV,-76,FG-ALPHA,20240415_084410,AUTO,0,31.30,19.00,-85,99.88,8.33,3.28,5.02,841,459,0,319,21.91,1013.20,12.10,405.90,13.05,51.10,1080,21.40,21.60,23.70,21.70,22.00,22.20,22.90,25.00,25.40,21.30,25.40,20.40,24.10,23.80,25.50,20.50,20.10,24.50,22.50,22.20,23.50,24.20,21.90,24.80,24.40,21.10,20.80,25.60,22.50,25.90,22.70,25.80,20.50,23.80,20.50,20.00,24.50,24.00,24.50,22.40,21.80,20.00,23.60,20.60,24.60,23.80,23.60,24.60,21.90,20.20,25.20,21.20,24.20,22.60,23.90,22.00,22.70,24.80,24.50,22.00,25.10,24.80,24.60,21.10
TLM_RCV,-45,FG-ALPHA,20240415_084411,AUTO,0,31.48,17.00,-85,99.92,8.32,3.28,5.02,858,496,0,349,21.81,1013.40,12.10,405.80,13.05,51.10,1080,23.60,21.40,21.30,21.80,21.60,21.60,24.90,22.20,23.90,22.30,24.90,24.70,20.30,21.10,23.80,21.80,20.00,23.60,21.20,22.90,21.10,20.80,20.30,25.60,21.30,25.20,24.40,24.40,20.00,24.70,21.00,25.50,20.70,22.80,23.90,23.70,25.10,24.00,20.10,25.20,24.00,25.90,22.90,25.90,21.70,21.50,20.90,22.00,20.50,20.10,21.30,22.80,22.10,25.00,23.30,20.80,22.20,23.20,21.50,23.70,21.80,24.80,20.10,23.90
TLM_RCV,-57,FG-ALPHA,20240415_084412,AUTO,0,31.08,15.00,-85,99.88,8.33,3.31,5.02,0,415,0,275,22.08,1012.80,11.90,405.30,13.05,51.10,1080,22.50,22.60,20.90,23.00,23.10,23.60,24.20,24.10,22.20,24.30,25.70,21.70,20.30,25.80,21.90,20.40,25.40,22.20,22.30,20.30,20.60,20.90,23.00,25.40,23.90,23.10,24.50,25.50,21.30,23.50,25.20,21.00,21.90,22.50,21.50,20.10,25.10,22.30,23.40,22.60,24.10,24.20,23.20,22.20,25.70,25.80,24.00,23.70,22.80,23.50,22.80,20.70,20.40,23.10,24.20,24.00,24.10,23.50,24.80,21.90,24.90,24.80,23.80,21.60
TLM_RCV,-66,FG-ALPHA,20240415_084413,AUTO,0,31.22,13.00,-85,99.95,8.33,3.28,5.02,1180,443,0,297,23.68,1013.00,11.80,405.00,13.05,51.10,1080,25.40,21.00,25.40,22.70,23.80,22.90,25.90,20.80,20.40,23.90,23.80,24.90,21.70,24.50,22.90,21.70,24.50,25.90,21.90,21.50,20.30,23.30,25.00,23.10,25.30,22.40,22.90,23.80,20.60,24.40,22.20,24.60,22.70,23.10,22.40,23.70,20.70,20.30,87.40,22.40,25.10,20.30,25.80,24.80,24.00,25.80,23.70,24.50,23.30,25.00,23.20,25.50,21.90,24.00,21.50,22.80,20.50,23.00,20.90,20.70,22.20,22.80,23.60,24.80
TLM_RCV,-85,FG-ALPHA,20240415_084414,AUTO,0,32.17,11.00,-85,100.00,8.33,3.29,5.02,944,435,0,279,22.55,1012.90,11.80,405.10,13.05,51.10,1080,23.10,21.20,24.80,24.90,24.20,21.80,24.90,22.40,24.60,21.80,24.40,23.50,23.00,21.20,22.10,20.90,20.80,21.10,23.90,23.60,24.10,23.50,22.50,25.40,22.00,23.30,23.10,23.30,20.00,25.90,24.10,21.60,22.40,25.20,25.10,21.70,22.80,20.50,21.10,22.60,23.00,25.70,21.70,20.40,20.60,22.60,20.50,23.90,20.00,25.90,24.60,21.20,22.80,22.00,25.30,25.30,25.40,24.30,23.10,25.50,21.20,24.80,21.80,23.40
TLM_RCV,-51,FG-ALPHA,20240415_084415,AUTO,0,33.49,9.00,-85,100.00,8.33,3.30,5.02,901,497,0,343,22.02,1012.80,12.00,405.70,13.06,51.10,1080,24.00,25.50,24.70,24.60,25.80,25.80,24.60,23.60,22.80,23.30,24.90,22.30,23.70,23.60,21.70,25.80,24.90,21.30,25.00,23.10,24.60,22.90,20.40,21.70,24.50,20.50,24.60,23.60,24.10,21.20,21.00,23.60,23.40,22.60,24.80,24.00,21.60,25.50,23.60,22.60,25.40,22.20,25.80,21.20,24.60,24.80,23.50,20.90,23.30,20.00,23.60,22.40,22.20,24.10,20.90,24.80,24.40,23.60,25.60,21.70,22.30,23.70,21.10,23.10
TLM_RCV,-44,FG-ALPHA,20240415_084416,AUTO,0,31.36,7.00,-85,100.00,8.33,3.31,5.02,1082,472,0,317,23.05,1013.50,12.00,405.50,13.06,51.10,1080,22.80,23.90,22.60,24.00,24.30,24.50,20.90,24.40,23.20,22.30,23.40,24.80,21.20,20.90,20.90,24.30,24.00,21.90,22.00,20.30,25.20,20.60,22.20,25.20,24.40,25.50,25.70,23.50,21.00,20.80,25.70,22.90,21.60,22.90,23.70,22.20,24.20,25.40,24.50,20.20,20.50,23.30,25.20,23.90,25.60,24.10,22.50,24.00,20.80,24.80,25.00,22.90,24.80,23.10,21.20,21.00,23.90,21.00,23.40,22.30,21.20,22.70,20.60,20.00
TLM_RCV,-65,FG-ALPHA,20240415_084417,AUTO,0,33.31,5.00,-85,100.00,8.33,3.29,5.02,1196,462,0,303,23.67,1012.90,11.80,405.80,13.06,51.10,1080,21.80,22.10,20.60,24.40,25.00,22.70,23.70,25.60,23.10,21.00,25.50,23.20,23.00,25.70,22.70,24.60,24.80,25.80,20.60,25.90,22.80,21.30,23.70,24.40,24.80,22.80,21.30,25.50,24.40,25.00,23.60,21.80,23.00,22.50,21.70,20.30,22.70,24.50,24.40,22.50,24.30,24.20,21.00,20.60,21.10,25.90,21.60,20.30,25.00,22.00,23.70,24.70,22.00,21.30,22.10,25.20,20.00,21.60,22.50,25.00,20.20,25.80,23.40,25.30
TLM_RCV,-55,FG-ALPHA,20240415_084418,AUTO,0,33.12,5.00,-85,100.00,8.34,3.29,5.02,827,423,0,281,22.02,1013.40,11.90,405.80,13.06,51.10,1080,21.50,20.90,22.80,25.70,20.70,25.30,20.60,23.70,22.90,23.30,24.70,23.60,20.90,23.40,25.40,22.70,25.20,20.00,25.70,20.80,21.40,22.00,21.00,20.20,24.30,21.30,20.60,20.60,20.90,23.30,22.50,25.20,21.70,20.80,22.50,24.50,24.20,25.40,25.90,23.30,25.00,22.50,24.70,23.30,20.80,23.90,24.50,23.70,20.50,20.10,25.20,20.50,23.30,20.80,25.00,23.40,25.70,25.50,23.20,25.10,20.50,20.20,24.50,22.40
TLM_RCV,-61,FG-ALPHA,20240415_084419,AUTO,0,33.44,5.00,-85,100.00,8.33,3.30,5.02,945,487,0,343,22.29,1013.10,12.10,404.60,13.06,51.10,1080,25.30,21.30,21.60,25.40,20.40,21.30,25.80,21.40,24.20,23.00,25.50,21.70,25.00,21.40,25.50,22.60,25.00,22.90,20.90,24.30,24.00,23.70,22.90,25.80,23.40,24.90,20.70,25.90,20.10,21.80,25.00,21.80,24.30,21.20,24.60,25.50,23.80,21.40,24.50,23.80,25.20,24.10,21.10,24.00,21.70,25.30,22.70,22.00,22.60,20.30,25.50,20.70,24.10,22.90,24.40,25.60,24.70,24.30,23.30,23.80,21.30,23.50,23.80,20.40
TLM_RCV,-47,FG-ALPHA,20240415_084420,AUTO,0,33.37,5.00,-85,100.00,8.33,3.31,5.02,901,474,0,331,22.14,1013.40,12.00,404.70,13.06,51.10,1080,23.50,23.20,22.70,22.00,20.30,24.00,23.40,23.70,21.00,25.80,25.10,25.80,20.30,20.20,20.60,20.20,24.30,23.90,24.10,21.70,22.90,23.10,22.20,20.30,21.90,21.70,20.70,23.00,25.00,20.30,21.90,23.30,20.10,23.20,24.20,25.40,22.80,20.40,25.30,23.30,24.80,24.10,22.00,25.40,23.80,25.30,25.30,24.70,22.20,24.60,20.00,23.50,24.00,23.70,21.60,23.50,22.30,23.10,25.50,20.60,20.70,20.00,21.30,22.80
TLM_RCV,-95,FG-ALPHA,20240415_084421,AUTO,0,31.01,5.00,-85,100.00,8.34,3.30,5.02,989,402,0,252,22.93,1012.90,11.90,405.60,13.06,51.10,1080,23.40,23.10,23.80,20.60,22.60,23.80,22.60,23.00,23.10,23.00,24.10,21.50,21.70,24.10,24.00,21.80,25.80,21.10,21.60,23.90,21.20,24.40,22.60,24.30,22.30,25.50,21.10,20.80,21.20,25.70,24.90,24.20,22.20,21.20,23.20,21.70,24.80,25.90,25.40,21.30,25.50,20.70,20.30,21.60,23.50,24.30,20.60,22.40,22.60,25.90,22.60,20.80,22.20,20.60,23.00,25.30,20.30,25.10,25.40,21.30,21.40,24.50,20.40,24.10
TLM_RCV,-50,FG-ALPHA,20240415_084422,AUTO,0,31.45,5.00,-85,100.00,8.33,3.29,5.02,1058,491,0,344,22.83,1013.10,11.90,405.70,13.06,51.10,1080,25.30,20.80,22.30,21.10,23.60,23.10,20.10,24.50,24.30,22.70,25.80,24.50,22.10,24.30,22.70,24.70,22.60,23.30,20.50,22.90,20.20,21.10,21.70,23.70,21.70,24.40,23.80,25.50,24.90,24.30,21.50,24.90,22.80,22.00,25.60,25.40,24.70,20.40,21.60,21.60,24.20,24.40,20.50,23.40,25.40,25.20,23.40,20.70,20.90,22.10,24.10,24.50,20.70,22.30,23.90,24.30,25.20,25.20,24.90,23.00,24.60,25.30,21.70,24.70
TLM_RCV,-51,FG-ALPHA,20240415_084423,AUTO,0,32.21,5.00,-85,100.00,8.33,3.30,5.02,985,442,0,284,22.72,1013.60,11.80,404.60,13.06,51.10,1080,20.20,22.10,21.30,23.30,22.10,24.40,21.20,24.80,23.40,21.60,20.40,24.10,23.00,21.80,21.00,25.00,21.30,22.90,23.70,24.00,22.90,21.70,25.60,25.70,23.20,22.60,20.40,20.30,24.90,24.40,25.00,25.80,21.80,24.80,20.50,20.40,22.20,24.20,24.90,20.00,23.10,23.50,23.20,22.80,21.40,24.40,24.70,25.70,22.00,25.70,21.10,25.30,25.70,22.80,21.20,23.30,23.40,24.40,24.40,22.10,20.10,24.20,20.20,21.80
TLM_RCV,-79,FG-ALPHA,20240415_084424,AUTO,0,32.21,5.00,-85,100.00,8.33,3.28,5.02,1101,442,0,286,23.30,1013.50,12.00,406.20,13.06,51.10,1080,22.20,21.60,21.40,24.10,23.20,20.30,24.30,25.30,24.30,22.40,24.80,25.10,25.60,24.00,21.10,24.10,20.50,25.70,20.40,24.60,20.70,23.60,21.50,24.50,20.40,20.20,20.90,22.30,20.40,23.00,20.30,20.30,20.00,23.90,22.30,25.30,23.60,23.60,25.70,22.10,23.70,22.40,23.50,20.40,22.10,24.60,21.80,22.20,20.90,22.20,21.90,22.80,25.90,22.30,22.10,23.50,24.30,24.30,24.50,23.90,20.20,22.70,25.80,24.20
TLM_RCV,-68,FG-ALPHA,20240415_084425,AUTO,0,32.34,5.00,-85,99.95,8.33,3.31,5.02,0,468,0,316,22.34,1013.50,11.80,406.20,13.07,51.10,1080,24.30,23.10,20.90,25.80,20.80,24.90,20.70,24.20,23.00,23.80,21.60,22.90,23.30,22.50,24.00,23.80,25.80,24.10,20.70,83.20,22.90,20.60,20.10,24.30,20.40,21.30,24.20,24.10,23.20,22.50,20.60,22.90,22.50,25.20,24.40,24.80,22.20,24.10,23.40,23.80,24.40,23.10,21.60,25.80,20.40,22.90,23.30,20.20,22.10,21.00,21.40,25.50,24.70,25.20,21.60,23.70,25.30,20.70,20.50,23.00,23.20,25.00,21.70,21.60
TLM_RCV,-41,FG-ALPHA,20240415_084426,AUTO,0,32.99,5.00,-85,100.00,8.34,3.29,5.02,904,398,0,254,22.53,1012.90,12.10,405.90,13.07,51.10,1080,21.20,25.50,21.90,24.40,22.10,21.50,24.40,25.50,22.40,20.30,22.70,24.60,21.80,22.40,24.60,24.10,21.40,22.80,22.80,21.50,23.70,23.50,22.30,25.60,20.20,21.50,21.60,24.20,20.00,20.50,24.80,21.20,23.80,22.70,22.50,22.20,24.30,21.70,22.10,21.80,20.80,25.40,20.20,21.30,22.30,21.10,21.70,21.80,24.20,23.10,23.90,23.90,22.10,20.20,24.20,22.20,23.50,25.00,21.10,24.50,24.20,22.60,22.80,22.00
TLM_RCV,-42,FG-ALPHA,20240415_084427,AUTO,0,33.24,5.00,-85,100.00,8.33,3.28,5.02,807,447,0,305,21.80,1013.10,12.10,406.00,13.07,51.10,1080,25.30,22.30,21.80,22.80,20.40,22.60,23.70,22.00,23.10,20.90,21.70,21.80,25.00,24.90,22.60,20.60,20.80,22.10,21.20,23.10,23.40,21.90,21.60,20.30,24.70,23.50,20.20,23.10,21.50,24.40,84.00,23.90,22.50,24.70,22.50,23.40,20.80,23.20,22.30,22.90,20.50,25.40,24.40,25.00,22.50,25.40,22.20,20.20,23.00,23.50,23.30,22.30,22.40,20.30,24.70,20.00,24.80,25.00,22.60,22.40,25.60,24.80,23.00,20.40
TLM_RCV,-63,FG-ALPHA,20240415_084428,AUTO,0,32.03,5.00,-85,100.00,8.34,3.30,5.02,1179,407,0,267,23.86,1013.00,12.10,406.30,13.07,51.10,1080,23.60,25.30,20.30,21.70,22.40,23.70,22.40,25.00,20.70,22.10,20.40,25.70,21.80,20.20,25.40,20.20,77.90,25.30,21.60,22.50,25.30,24.40,23.20,25.80,25.40,21.90,25.40,22.90,23.30,24.30,25.00,22.70,23.50,21.30,23.10,20.60,21.20,22.00,21.20,20.20,24.80,24.40,24.00,24.20,24.80,21.70,21.60,22.80,24.60,25.30,21.80,20.30,24.30,25.80,21.20,23.00,20.70,22.20,24.20,20.90,20.40,20.60,24.50,24.90
TLM_RCV,-94,FG-ALPHA,20240415_084429,AUTO,0,31.00,5.00,-85,100.00,8.34,3.30,5.02,1073,399,0,259,23.37,1013.00,11.90,406.10,13.07,51.10,1080,24.60,24.30,21.20,21.10,21.60,22.90,24.20,25.70,20.30,25.30,25.50,20.80,23.50,20.40,22.50,23.20,22.20,23.60,20.50,21.60,22.80,21.40,25.60,25.60,23.50,22.90,25.60,23.80,23.00,23.60,25.20,21.20,25.80,25.00,24.50,20.10,24.90,24.10,25.50,21.70,21.60,24.60,24.40,25.00,24.40,25.40,21.20,24.60,23.40,23.60,20.20,21.10,20.30,23.30,24.00,24.70,22.80,25.50,25.30,24.90,22.80,21.80,25.60,24.70
TLM_RCV,-62,FG-ALPHA,20240415_084430,AUTO,0,33.30,5.00,-85,100.00,8.33,3.30,5.02,981,460,0,316,22.60,1013.20,12.00,406.30,13.07,51.10,1080,22.00,22.90,21.50,22.20,23.50,24.20,22.00,21.40,21.90,21.70,20.80,24.30,24.40,24.50,24.00,24.80,23.60,21.70,25.50,21.80,21.90,22.60,24.20,21.40,22.00,21.60,20.20,22.00,25.40,23.00,20.60,25.10,25.60,25.30,22.70,23.80,25.80,22.80,24.00,22.80,23.70,23.30,22.80,21.30,22.10,21.90,25.30,22.10,22.30,24.20,23.50,20.40,20.30,21.70,22.50,22.40,21.30,22.10,22.50,25.50,21.90,23.90,20.10,22.90
TLM_RCV,-57,FG-ALPHA,20240415_084431,AUTO,0,32.04,5.00,-85,99.96,8.34,3.28,5.02,0,409,0,254,22.05,1013.10,11.80,405.10,13.07,51.10,1080,23.30,21.80,21.70,20.60,20.30,20.90,20.00,23.10,23.50,20.80,24.20,24.80,24.10,23.00,23.30,22.70,25.90,20.60,22.30,21.40,22.90,22.10,22.90,20.80,22.20,24.60,25.80,24.00,24.30,23.40,20.10,25.40,22.70,20.30,22.50,25.90,25.20,23.70,20.20,23.20,23.00,24.10,22.80,22.70,24.60,24.50,24.40,21.10,25.20,21.10,21.00,21.10,22.00,20.00,20.50,20.80,22.30,20.00,21.50,23.30,25.20,24.60,21.00,20.40
TLM_RCV,-59,FG-ALPHA,20240415_084432,AUTO,0,32.12,5.00,-85,99.92,8.33,3.31,5.02,0,423,0,264,22.11,1013.60,12.00,405.20,13.07,51.10,1080,20.80,23.90,23.20,23.00,25.90,25.80,22.50,25.40,25.10,23.90,20.50,25.30,25.20,23.20,25.70,24.00,24.40,25.50,23.30,24.50,24.10,24.90,21.60,22.00,24.10,21.20,25.80,20.70,21.70,22.10,20.60,21.10,24.60,25.60,20.20,21.00,21.10,21.70,22.30,25.30,22.80,20.80,22.00,21.00,25.80,21.50,74.00,24.30,24.70,23.40,22.20,20.00,21.30,25.40,25.40,22.90,21.00,23.80,21.00,23.50,20.10,25.00,24.30,20.80
TLM_RCV,-80,FG-ALPHA,20240415_084433,AUTO,0,31.51,5.00,-85,99.87,8.32,3.28,5.02,0,502,0,346,22.51,1013.60,11.90,404.90,13.07,51.10,1080,24.50,23.10,89.00,22.40,24.00,25.90,22.90,23.60,24.20,25.20,23.10,23.90,24.80,24.80,23.40,20.10,24.70,21.40,24.60,24.00,24.00,21.60,24.30,25.40,24.60,21.90,23.00,22.00,21.10,20.30,23.10,23.60,23.60,24.20,25.80,21.00,20.60,22.20,20.90,22.50,24.40,24.00,23.70,23.60,22.90,21.70,24.90,23.40,20.10,24.60,21.00,21.50,22.50,25.60,25.60,20.20,23.70,22.00,24.50,25.90,25.70,21.60,20.30,24.80
TLM_RCV,-50,FG-ALPHA,20240415_084434,AUTO,0,32.03,5.00,-85,99.92,8.34,3.30,5.02,980,406,0,260,22.87,1013.20,11.90,405.80,13.07,51.10,1080,25.40,20.40,20.00,21.30,23.00,20.10,23.80,25.80,20.50,22.10,22.60,22.50,21.00,20.10,20.40,24.90,20.10,20.00,20.90,22.60,22.00,24.90,25.00,22.50,23.50,21.90,25.40,24.10,24.60,22.40,25.40,24.70,20.90,25.80,21.50,20.90,22.80,22.80,21.00,25.90,20.70,20.20,22.90,24.70,24.20,25.40,20.30,22.00,21.00,25.20,20.00,25.40,22.00,24.00,25.90,22.70,25.20,23.40,25.40,20.50,21.40,20.00,24.70,22.70
TLM_RCV,-51,FG-ALPHA,20240415_084435,AUTO,0,31.27,5.00,-85,99.97,8.33,3.28,5.02,891,454,0,311,22.18,1013.50,11.80,405.10,13.08,51.10,1080,24.10,23.90,25.30,22.10,23.20,25.50,23.10,23.20,21.00,25.90,24.30,23.10,23.80,21.20,23.00,22.40,24.20,20.60,20.80,21.80,24.50,23.70,21.60,22.10,22.10,25.70,22.90,22.60,21.10,25.20,21.60,25.90,24.10,24.20,25.20,22.50,21.30,23.00,21.50,21.80,22.40,20.50,22.90,25.00,20.00,24.20,21.60,21.40,25.50,25.20,21.00,24.20,22.30,25.60,22.10,20.10,21.90,22.10,22.60,20.90,22.00,20.60,24.20,20.30
TLM_RCV,-43,FG-ALPHA,20240415_084436,AUTO,0,31.33,5.00,-85,100.00,8.33,3.31,5.02,1189,466,0,324,23.61,1013.40,11.80,405.60,13.08,51.10,1080,23.00,25.40,25.10,25.70,23.10,20.30,20.80,24.00,24.20,20.50,20.30,21.00,22.00,21.40,25.70,22.00,24.40,24.40,23.00,25.20,20.30,25.40,23.60,23.10,21.10,25.20,24.80,25.10,23.60,20.60,20.90,20.10,24.00,23.10,23.40,21.90,22.90,20.00,23.60,22.10,25.30,25.40,21.20,25.50,25.40,21.70,22.60,23.30,21.80,74.90,22.10,23.20,21.40,20.00,20.90,23.30,20.10,25.10,20.10,21.90,21.50,23.20,23.70,25.90
TLM_RCV,-63,FG-ALPHA,20240415_084437,AUTO,0,32.51,5.00,-85,100.00,8.32,3.29,5.02,871,501,0,343,21.85,1013.10,12.00,404.60,13.08,51.10,1080,24.50,25.30,22.80,20.50,25.70,24.10,21.70,20.80,22.10,23.60,21.80,24.40,21.50,22.50,25.60,22.20,20.00,21.50,21.00,24.50,24.40,21.80,24.20,20.70,24.60,20.80,20.80,23.60,25.60,21.80,20.40,21.40,24.40,24.60,23.40,22.90,20.20,20.40,23.80,24.00,22.70,25.40,24.90,23.00,25.80,22.50,21.60,25.70,20.40,23.80,22.80,24.10,20.00,20.90,21.10,22.50,23.70,25.10,25.00,23.20,23.30,21.40,20.50,23.80
TLM_RCV,-73,FG-ALPHA,20240415_084438,AUTO,0,31.24,5.00,-85,100.00,8.33,3.30,5.02,1055,447,0,302,23.04,1013.00,12.00,405.40,13.08,51.10,1080,24.40,24.70,21.60,21.10,25.80,21.80,20.70,22.70,22.60,22.20,23.20,21.20,24.70,22.30,20.00,25.50,20.00,22.80,21.30,25.70,22.60,23.00,21.70,25.70,20.90,21.70,25.50,22.60,24.90,25.80,20.60,21.20,20.80,22.10,20.20,23.50,25.40,21.40,24.80,20.30,24.00,22.00,20.50,23.80,20.00,24.70,24.00,20.60,24.50,23.20,24.10,21.00,25.90,23.10,23.10,25.80,22.40,21.60,23.50,24.30,21.10,23.00,23.00,23.90
TLM_RCV,-74,FG-ALPHA,20240415_084439,AUTO,0,31.22,5.00,-85,100.00,8.33,3.28,5.02,974,443,0,292,22.66,1013.40,12.10,406.00,13.08,51.10,1080,21.20,25.00,25.90,21.10,22.60,25.90,24.90,22.00,20.70,25.20,22.40,21.70,24.60,23.10,22.80,23.20,21.80,22.60,23.10,21.60,24.70,21.90,24.10,22.60,20.80,24.00,20.60,25.20,21.40,25.90,22.00,21.30,23.30,20.40,21.90,20.90,23.90,20.40,24.70,25.90,25.40,25.20,21.00,21.90,22.90,25.20,23.30,20.20,25.90,21.60,20.00,21.60,22.20,23.10,20.90,25.80,20.10,24.60,20.90,24.60,20.50,25.90,23.60,22.80
TLM_RCV,-53,FG-ALPHA,20240415_084440,AUTO,0,31.33,5.00,-85,100.00,8.33,3.28,5.02,933,467,0,321,22.33,1013.10,11.80,405.30,13.08,51.10,1080,23.20,20.90,25.60,23.30,21.80,22.00,23.10,22.60,21.70,24.00,21.20,20.20,21.10,25.00,23.80,22.80,25.20,21.10,20.00,24.50,22.40,25.30,21.80,23.10,23.40,24.60,20.10,24.20,21.10,21.90,24.00,22.30,20.00,24.30,25.80,24.80,23.20,25.00,22.80,22.90,25.20,20.60,23.40,23.70,22.70,24.40,21.00,20.30,24.30,24.10,20.20,24.70,21.10,25.70,21.90,23.80,23.90,20.20,20.00,21.80,20.70,21.90,22.90,22.10
TLM_RCV,-51,FG-ALPHA,20240415_084441,AUTO,0,32.28,5.00,-85,100.00,8.33,3.30,5.02,1084,455,0,311,23.15,1012.70,11.80,405.50,13.08,51.10,1080,21.80,22.30,25.00,21.40,25.40,21.70,25.30,23.10,21.40,21.50,25.50,21.00,20.20,20.40,23.40,25.30,25.70,20.00,21.00,23.30,22.30,25.60,20.80,25.90,20.60,25.90,20.20,22.40,20.10,23.50,22.70,20.60,20.90,21.40,21.90,25.70,21.60,20.10,20.20,22.60,25.90,25.80,24.70,21.60,21.10,23.90,23.30,24.00,21.10,23.50,23.10,23.70,25.30,20.10,22.20,23.60,22.10,23.90,25.90,20.30,24.20,24.40,20.80,20.50
TLM_RCV,-43,FG-ALPHA,20240415_084503,AUTO,0,31.98,5.00,-85,100.00,8.34,3.31,5.02,932,395,0,251,22.68,1013.00,11.90,405.30,13.10,52.15,1080,25.60,25.50,24.40,22.10,20.70,21.30,24.40,24.70,20.40,24.30,24.80,22.00,24.50,21.30,21.10,20.90,22.80,23.00,25.20,24.20,25.00,22.20,25.10,25.40,24.10,22.50,23.70,24.30,21.30,25.20,22.30,24.00,20.60,22.60,21.70,25.20,20.80,24.40,23.70,25.30,23.40,23.60,25.80,25.30,23.80,22.20,25.00,22.80,22.90,21.50,21.50,24.70,20.40,23.80,20.90,20.00,24.10,22.70,25.10,24.10,20.60,20.20,25.40,23.80
TLM_RCV,-88,FG-ALPHA,20240415_084504,AUTO,0,31.17,5.00,-85,100.00,8.33,3.31,5.02,1066,434,0,292,23.16,1012.80,12.10,404.50,13.10,52.15,1080,23.40,25.90,24.60,24.10,22.90,24.80,24.50,25.20,20.30,21.50,23.50,22.50,22.10,22.00,24.50,23.80,24.10,23.50,21.70,22.00,25.50,24.30,25.30,25.10,22.60,23.60,22.60,20.70,23.60,23.30,22.20,25.90,21.80,21.80,20.30,22.50,23.00,25.30,21.30,25.80,20.20,23.60,23.60,25.10,20.80,25.70,22.00,23.00,22.20,25.30,25.50,20.00,21.90,25.50,21.30,24.60,25.90,20.80,22.40,25.40,21.80,25.20,21.00,20.10
TLM_RCV,-78,FG-ALPHA,20240415_084505,AUTO,0,31.28,5.00,-85,100.00,8.33,3.31,5.02,833,457,0,301,21.88,1012.70,11.80,406.30,13.11,52.15,1080,23.50,22.00,23.10,24.10,22.80,21.40,24.10,24.60,25.10,23.70,22.00,24.60,24.30,21.00,21.10,24.60,25.30,22.10,22.40,23.50,22.30,25.70,22.20,25.80,20.20,23.10,25.00,22.40,21.40,25.40,22.20,22.80,24.40,25.90,22.70,20.50,21.60,20.10,24.80,25.00,20.60,23.70,20.40,25.00,21.90,20.70,24.10,20.60,22.20,24.90,21.80,25.00,23.60,25.00,21.30,24.10,21.90,23.30,21.30,22.60,21.60,24.30,22.40,22.80
TLM_RCV,-64,FG-ALPHA,20240415_084506,AUTO,0,32.46,5.00,-85,100.00,8.33,3.30,5.02,967,491,0,344,22.38,1012.70,11.90,404.70,13.11,52.15,1080,22.50,25.90,20.70,23.00,21.10,24.50,22.80,21.30,25.20,21.20,24.50,22.30,25.10,20.00,24.40,22.90,20.50,25.30,20.20,23.60,23.00,24.90,21.60,25.10,25.90,25.90,22.60,21.90,20.80,21.90,24.30,23.70,20.50,20.60,20.50,24.70,22.00,24.50,20.80,24.70,21.40,25.90,20.00,21.00,24.50,24.40,23.80,24.30,25.00,25.30,23.10,25.30,21.20,25.50,23.60,22.90,25.50,21.80,23.70,21.60,21.00,21.60,22.30,20.80
TLM_RCV,-59,FG-ALPHA,20240415_084507,AUTO,0,33.40,5.00,-85,99.95,8.33,3.31,5.02,0,481,0,322,22.41,1013.00,11.90,404.90,13.11,52.15,1080,22.40,22.10,25.40,24.50,22.70,24.40,23.90,25.40,21.50,24.10,22.60,24.10,23.10,20.80,23.80,25.80,20.30,20.80,24.50,22.00,25.60,23.20,24.00,24.30,22.00,25.40,22.40,20.70,24.00,20.00,20.20,22.50,25.20,22.30,25.00,20.00,25.80,24.40,20.50,21.90,21.60,24.80,22.50,25.90,24.50,21.10,23.50,22.20,25.00,21.30,25.50,25.40,22.00,23.90,23.30,23.30,22.80,23.00,25.30,24.90,23.30,20.20,21.70,22.30
TLM_RCV,-67,FG-ALPHA,20240415_084508,AUTO,0,32.12,5.00,-85,100.00,8.34,3.31,5.02,1148,424,0,266,23.62,1013.30,12.00,405.10,13.11,52.15,1080,22.70,25.20,25.20,23.70,25.10,22.80,24.50,24.50,21.20,25.20,25.00,23.80,21.70,24.00,22.30,24.90,20.70,21.20,25.30,23.80,25.90,25.20,20.70,21.00,22.60,23.60,25.30,20.30,25.60,22.00,23.40,20.50,22.20,24.10,21.80,23.50,24.60,23.60,22.50,23.00,22.90,23.20,24.60,21.50,20.60,23.50,21.50,25.70,24.10,24.00,24.80,22.60,23.80,21.20,20.80,23.80,22.80,25.30,20.80,21.50,24.10,25.80,24.30,21.50
TLM_RCV,-93,FG-ALPHA,20240415_084509,AUTO,0,33.12,5.00,-85,99.96,8.34,3.30,5.02,0,424,0,273,22.12,1013.10,11.90,405.00,13.11,52.15,1080,21.60,24.10,24.60,22.60,21.00,23.10,21.50,21.40,23.20,21.70,24.80,22.80,21.80,21.40,21.80,23.00,21.70,25.30,23.20,24.50,24.40,23.30,25.10,24.20,22.00,22.40,21.70,25.90,23.80,24.60,21.00,25.20,23.10,20.10,21.60,20.50,23.70,21.70,23.70,23.10,25.80,25.30,24.90,20.80,22.40,23.00,20.70,25.90,24.20,24.50,24.70,21.50,25.40,22.30,21.40,22.80,25.90,20.40,21.80,24.70,20.60,20.20,24.20,21.40
TLM_RCV,-86,FG-ALPHA,20240415_084510,AUTO,0,31.33,5.00,-85,100.00,8.33,3.30,5.02,1033,465,0,319,22.84,1013.30,12.10,405.00,13.11,52.15,1080,21.20,24.70,22.10,22.10,22.30,24.40,20.10,24.60,22.00,25.20,25.50,21.40,20.30,23.60,21.80,25.20,25.80,20.70,25.00,21.80,22.90,22.50,25.90,23.20,21.10,20.20,25.30,20.90,20.70,21.50,22.70,24.00,24.90,25.40,23.70,25.00,24.30,20.60,23.70,24.60,25.40,21.80,20.20,25.30,25.60,22.70,22.90,21.80,20.80,21.80,23.80,22.50,20.40,24.60,25.60,25.20,20.70,20.90,24.40,23.20,22.10,23.80,24.40,21.20
TLM_RCV,-48,FG-ALPHA,20240415_084511,AUTO,0,32.29,5.00,-85,100.00,8.33,3.31,5.02,1169,459,0,307,23.55,1012.70,11.90,405.30,13.11,52.15,1080,25.40,23.80,23.40,23.80,25.70,22.80,21.10,22.10,25.60,24.80,23.60,23.50,24.10,21.90,24.50,24.60,22.20,21.50,21.60,25.70,24.40,21.50,22.80,20.00,25.00,25.60,25.50,20.80,25.70,23.60,22.30,20.00,23.50,21.20,22.90,25.50,21.70,24.90,24.70,24.40,25.00,25.40,24.30,25.90,23.70,20.50,25.00,22.30,23.70,21.60,22.60,23.10,20.40,21.50,20.50,25.20,24.60,25.70,23.90,20.60,21.30,20.90,21.00,22.60
TLM_RCV,-86,FG-ALPHA,20240415_084512,AUTO,0,31.47,5.00,-85,100.00,8.33,3.31,5.02,1079,494,0,344,22.92,1013.10,12.10,406.20,13.11,52.15,1080,20.20,25.20,25.00,20.70,22.00,23.00,25.00,20.30,25.40,22.40,24.60,25.40,22.80,21.20,20.20,24.50,24.20,21.20,21.10,22.70,20.50,20.50,25.90,22.50,22.70,23.60,22.40,20.40,23.60,21.20,20.90,21.20,20.10,25.10,21.70,25.50,24.50,23.70,24.50,23.30,21.10,21.60,23.90,21.50,22.60,23.00,23.70,25.20,24.60,23.40,23.60,24.80,25.60,21.30,20.40,21.10,20.30,23.00,22.60,24.10,24.40,23.10,25.60,24.50
TLM_RCV,-83,FG-ALPHA,20240415_084513,AUTO,0,32.21,5.00,-85,100.00,8.33,3.29,5.02,863,442,0,287,22.10,1012.80,11.90,404.60,13.11,52.15,1080,22.20,23.30,21.70,23.80,22.40,23.60,24.50,24.30,20.00,24.50,23.70,21.40,24.20,23.60,21.00,21.30,20.80,25.60,25.80,21.40,22.70,24.00,22.90,23.80,23.70,21.90,25.00,21.20,24.60,21.20,24.30,21.00,21.50,23.90,24.80,22.20,20.10,22.50,25.80,25.00,23.90,21.60,20.10,23.70,20.20,23.40,24.30,24.70,22.10,24.40,20.50,21.70,22.90,24.70,24.20,21.70,24.80,20.70,20.30,24.40,22.20,22.40,24.30,20.60
TLM_RCV,-52,FG-ALPHA,20240415_084514,AUTO,0,31.10,5.00,-85,100.00,8.34,3.29,5.02,1191,420,0,262,23.85,1012.90,11.90,405.10,13.11,52.15,1080,25.90,24.30,22.50,23.20,21.10,23.40,24.50,21.90,21.80,25.80,21.10,20.20,21.10,23.70,22.40,23.00,22.20,20.80,20.60,24.10,25.40,23.10,23.70,20.80,22.30,21.90,22.50,25.50,22.60,22.80,25.70,23.40,21.50,22.40,20.10,21.50,23.90,20.00,25.80,23.90,23.30,24.80,24.70,21.00,21.00,25.70,23.40,20.50,23.60,23.80,24.90,22.20,24.40,24.60,23.50,24.40,22.40,23.30,22.70,21.80,22.50,25.50,21.80,20.50
TLM_RCV,-53,FG-ALPHA,20240415_084515,AUTO,0,30.99,5.00,-85,100.00,8.34,3.29,5.02,1120,398,0,251,23.61,1013.00,12.00,405.20,13.12,52.15,1080,22.80,22.50,25.90,23.50,21.10,20.30,22.60,24.70,20.00,23.70,25.10,25.60,20.50,23.70,23.30,20.00,21.20,20.40,20.90,21.50,24.90,23.60,25.90,24.10,24.30,25.20,24.60,23.60,23.50,23.20,20.60,23.20,21.30,23.50,22.20,23.70,20.80,21.20,25.60,25.40,21.30,22.40,23.00,22.80,24.90,23.70,21.80,23.20,22.00,24.70,24.30,20.70,20.00,22.10,22.40,25.50,23.40,25.10,20.00,25.00,24.30,25.10,21.10,24.30
TLM_RCV,-58,FG-ALPHA,20240415_084516,AUTO,0,32.09,5.00,-85,99.96,8.34,3.30,5.02,0,418,0,259,22.09,1012.70,11.90,406.20,13.12,52.15,1080,22.80,24.80,24.80,23.80,25.20,21.20,25.90,22.00,24.30,25.00,24.20,23.20,25.60,20.70,20.50,22.30,20.70,22.10,22.50,22.40,25.80,23.50,24.90,23.40,23.90,22.30,21.60,23.60,21.20,21.80,21.60,24.20,23.90,23.40,23.90,23.60,21.80,21.50,21.50,25.50,23.80,24.40,25.20,24.20,24.00,25.90,20.20,22.70,22.80,24.60,21.40,23.70,21.30,25.50,24.80,25.50,24.40,20.00,20.90,24.60,22.90,24.10,21.00,21.10
TLM_RCV,-49,FG-ALPHA,20240415_084517,AUTO,0,33.33,5.00,-85,99.91,8.33,3.29,5.02,0,466,0,310,22.33,1013.50,11.80,405.30,13.12,52.15,1080,24.60,23.10,25.10,21.00,20.70,21.90,24.80,22.20,24.30,22.50,25.00,22.90,25.30,22.00,24.80,24.30,20.70,24.70,22.90,22.10,20.80,21.40,25.80,21.50,24.50,25.80,21.50,21.20,20.10,23.90,24.80,24.80,24.60,79.40,24.40,22.30,24.60,23.70,22.10,21.10,25.30,21.90,23.90,23.60,21.20,21.00,24.30,24.00,21.50,20.20,22.40,25.90,22.50,24.30,20.60,24.20,23.90,25.70,24.30,25.50,21.10,22.60,21.20,21.90
TLM_RCV,-83,FG-ALPHA,20240415_084518,AUTO,0,33.25,5.00,-85,99.97,8.33,3.29,5.02,1002,450,0,299,22.76,1013.60,12.00,406.40,13.12,52.15,1080,21.30,22.90,21.10,25.90,21.40,22.60,22.60,20.30,22.90,22.60,22.90,21.50,25.80,24.30,23.10,24.30,23.60,21.50,21.30,23.50,23.30,20.20,24.90,21.00,20.50,20.40,21.50,25.70,20.00,24.40,24.70,25.10,21.90,25.00,21.90,20.60,22.70,23.90,21.70,20.50,21.30,21.10,21.80,23.80,23.90,25.30,21.70,21.60,23.90,25.50,24.60,21.80,21.70,20.00,25.40,25.50,23.60,25.20,25.90,25.20,22.40,22.00,21.00,21.20
TLM_RCV,-68,FG-ALPHA,20240415_084519,AUTO,0,31.09,5.00,-85,99.92,8.34,3.31,5.02,0,419,0,265,22.09,1013.50,11.90,406.10,13.12,52.15,1080,20.20,24.40,22.10,21.90,20.10,21.70,23.10,21.60,25.00,22.30,20.10,24.00,20.10,23.20,21.20,25.70,21.70,24.70,21.60,24.20,24.20,21.30,22.30,21.40,21.80,20.90,20.50,20.70,25.20,22.50,23.10,20.80,21.30,24.90,25.80,21.80,23.70,20.30,25.20,25.50,22.60,24.90,20.20,20.60,20.30,25.70,21.70,22.70,20.90,20.70,21.60,25.70,25.00,20.10,24.90,20.00,20.00,24.20,23.60,22.30,25.20,21.50,21.70,25.10
TLM_RCV,-82,FG-ALPHA,20240415_084520,AUTO,0,33.03,5.00,-85,99.99,8.34,3.31,5.02,1056,405,0,265,23.26,1013.60,12.00,405.70,13.12,52.15,1080,24.60,20.10,24.40,20.40,25.80,25.00,25.00,24.00,24.80,22.10,21.50,21.20,23.00,23.80,23.30,22.40,24.90,20.50,23.40,24.50,25.80,24.70,20.50,20.70,23.90,24.10,21.50,20.80,25.10,20.10,23.80,21.60,23.10,20.10,25.30,23.20,23.40,24.30,22.40,22.20,20.80,25.00,23.50,22.30,23.50,24.90,23.20,20.90,22.30,21.90,23.90,23.40,21.90,24.10,25.80,25.70,21.70,24.90,25.20,22.60,21.30,20.80,20.70,24.80
TLM_RCV,-53,FG-ALPHA,20240415_084521,AUTO,0,32.19,5.00,-85,99.95,8.33,3.28,5.02,0,438,0,295,22.19,1013.50,12.00,405.20,13.12,52.15,1080,25.40,23.40,21.10,21.70,23.10,20.40,22.40,25.40,20.60,23.30,20.40,25.50,21.80,21.50,25.70,20.20,23.00,20.10,20.00,20.80,25.10,24.10,22.30,22.50,20.40,24.60,20.00,22.80,25.40,24.40,23.60,24.70,22.40,20.20,25.60,23.90,20.00,20.50,24.60,20.70,23.40,23.80,23.60,24.30,25.40,20.90,20.10,23.70,20.80,22.80,21.50,24.00,22.80,23.10,22.00,22.50,24.60,25.60,21.50,21.20,24.90,22.80,20.40,21.00
TLM_RCV,-50,FG-ALPHA,20240415_084522,AUTO,0,32.31,5.00,-85,100.00,8.33,3.28,5.02,982,462,0,304,22.60,1012.70,11.80,405.90,13.12,52.15,1080,24.40,20.20,21.80,21.20,23.50,23.60,22.60,24.70,24.00,23.50,24.20,21.70,25.50,20.30,21.50,23.80,21.70,21.00,24.30,24.60,25.40,25.70,22.00,21.60,25.10,23.70,24.40,22.60,24.40,22.20,20.90,23.40,24.40,24.60,24.90,23.30,25.50,23.60,24.10,23.90,25.40,23.50,24.70,21.50,21.70,24.60,21.80,20.30,25.50,25.60,85.70,21.70,22.80,23.70,25.60,20.40,21.10,25.80,20.80,25.10,23.80,22.50,20.70,20.10
TLM_RCV,-56,FG-ALPHA,20240415_084523,AUTO,0,33.01,5.00,-85,100.00,8.34,3.31,5.02,903,402,0,255,22.50,1012.90,11.90,405.80,13.12,52.15,1080,22.20,22.70,24.20,25.20,20.30,22.50,25.90,25.50,24.50,22.40,20.50,22.80,21.90,25.40,23.50,25.80,23.30,22.90,21.90,20.90,24.20,23.50,25.20,21.10,22.00,25.10,21.90,22.70,20.50,23.90,25.70,25.10,20.40,24.00,21.70,20.00,22.00,21.00,24.90,22.70,23.50,24.50,20.40,23.90,20.80,22.40,25.10,24.00,21.30,20.10,24.30,20.90,25.30,24.80,23.70,25.20,25.20,23.50,23.70,23.20,20.20,21.40,23.60,24.70
TLM_RCV,-94,FG-ALPHA,20240415_084524,AUTO,0,31.42,5.00,-85,100.00,8.33,3.29,5.02,1183,484,0,339,23.50,1013.20,12.10,405.20,13.12,52.15,1080,25.90,23.50,21.50,25.50,25.20,20.70,22.80,21.50,22.20,20.80,22.60,25.30,20.60,24.40,22.60,23.00,20.10,20.70,21.80,25.10,20.50,25.60,22.70,22.30,23.70,24.40,21.30,23.70,24.00,23.10,25.20,22.50,20.70,23.00,25.70,23.30,20.10,24.00,25.30,24.40,24.40,22.00,22.20,20.20,23.70,23.80,24.00,23.80,24.40,23.70,25.60,24.30,25.50,21.70,21.40,22.00,20.90,22.70,23.70,23.40,22.30,24.80,21.10,22.30
TLM_RCV,-56,FG-ALPHA,20240415_084525,AUTO,0,33.44,5.00,-85,100.00,8.33,3.28,5.02,873,487,0,329,21.93,1013.10,12.10,406.10,13.13,52.15,1080,24.70,20.20,21.40,24.10,24.70,23.50,25.00,20.30,20.10,25.70,23.90,21.40,22.20,24.50,21.70,23.40,25.10,25.60,23.70,22.80,20.70,21.40,21.30,78.40,23.30,20.10,25.10,20.80,25.60,20.50,22.00,22.20,23.50,21.00,22.40,21.70,22.20,21.80,20.10,22.00,23.30,24.20,21.10,24.30,25.30,23.90,24.90,21.10,24.70,24.60,25.50,25.60,25.00,25.90,24.30,21.70,23.10,24.60,25.90,20.80,23.00,23.70,23.80,21.60
TLM_RCV,-53,FG-ALPHA,20240415_084526,AUTO,0,32.10,5.00,-85,100.00,8.34,3.30,5.02,1048,421,0,280,23.14,1012.70,11.90,405.60,13.13,52.15,1080,22.50,24.80,20.80,21.20,24.80,23.80,22.00,21.80,23.10,22.70,24.00,24.40,20.80,23.40,24.40,23.60,23.50,20.10,20.70,24.20,20.40,23.50,25.80,21.30,25.40,21.40,22.10,23.50,21.10,25.50,21.30,23.40,21.90,22.40,20.10,24.10,20.70,22.20,22.30,24.70,23.20,20.00,21.50,24.60,24.80,21.10,20.60,20.90,20.40,24.70,20.70,23.10,24.80,22.50,25.80,25.70,20.50,22.00,20.30,23.80,23.30,25.60,23.90,23.20
TLM_RCV,-71,FG-ALPHA,20240415_084527,AUTO,0,31.40,5.00,-85,99.95,8.33,3.30,5.02,0,479,0,321,22.40,1013.60,12.00,404.80,13.13,52.15,1080,23.50,23.50,24.20,25.30,23.20,21.70,22.20,20.80,21.60,21.90,24.00,23.40,24.90,24.40,22.20,20.50,24.10,20.50,23.80,25.10,20.50,21.90,25.40,22.60,21.50,25.90,20.10,22.50,21.20,25.80,23.50,25.40,25.30,23.70,24.90,21.30,25.90,24.70,20.50,21.30,24.30,23.80,24.70,22.30,22.20,21.30,22.00,20.70,21.30,23.00,20.00,20.30,23.20,22.50,25.10,20.80,23.70,21.40,21.50,21.10,20.00,25.50,21.70,25.40
TLM_RCV,-50,FG-ALPHA,20240415_084528,AUTO,0,31.44,5.00,-85,100.00,8.33,3.30,5.02,1115,489,0,335,23.13,1013.40,12.10,405.50,13.13,52.15,1080,23.90,21.00,23.70,22.70,22.10,23.90,24.10,23.00,25.90,20.00,20.00,25.30,20.90,24.70,20.50,24.10,23.90,25.70,23.90,22.60,20.90,20.80,23.00,22.50,22.40,20.60,24.50,25.80,23.00,24.10,25.90,21.70,23.50,21.30,24.20,24.10,25.40,22.10,22.00,24.30,20.30,23.00,22.20,20.20,24.40,21.20,24.70,24.80,25.60,22.00,21.70,24.50,24.00,21.80,24.40,23.70,22.40,24.50,23.60,23.00,25.60,24.50,21.30,25.20
TLM_RCV,-40,FG-ALPHA,20240415_084529,AUTO,0,32.36,5.00,-85,100.00,8.33,3.31,5.02,1100,472,0,326,23.14,1012.90,12.10,404.90,13.13,52.15,1080,23.10,20.00,24.60,23.00,25.40,25.20,21.20,22.20,21.30,23.50,24.30,23.90,25.90,22.30,21.90,22.90,21.10,21.20,24.50,20.70,20.00,22.50,25.40,23.60,21.40,24.60,23.90,25.80,25.80,20.10,25.80,21.20,24.20,24.80,25.00,21.00,22.20,21.30,20.30,21.20,20.90,22.90,20.70,22.50,20.10,20.60,21.10,21.30,22.80,22.30,25.40,24.50,20.10,23.20,25.10,25.20,25.70,25.00,22.80,24.50,21.10,23.10,20.90,23.60
TLM_RCV,-55,FG-ALPHA,20240415_084530,AUTO,0,33.00,5.00,-85,99.96,8.34,3.30,5.02,0,400,0,251,22.00,1012.90,11.90,404.60,13.13,52.15,1080,24.60,23.70,23.30,21.10,20.60,21.50,23.00,21.40,24.30,24.80,22.30,20.60,22.70,25.20,24.90,24.50,25.60,25.60,23.60,20.00,22.50,20.60,20.10,22.70,24.00,20.50,25.20,25.90,25.40,24.00,24.90,22.90,21.90,25.20,21.40,25.80,22.50,23.50,20.30,21.30,21.60,23.80,20.00,24.60,24.30,20.30,21.00,23.90,20.10,23.60,21.80,21.40,24.50,21.80,20.10,25.00,25.50,24.60,24.30,24.60,20.50,22.50,20.20,23.60
TLM_RCV,-47,FG-ALPHA,20240415_084531,AUTO,0,32.42,5.00,-85,99.91,8.33,3.30,5.02,0,485,0,330,22.42,1013.20,11.80,405.80,13.13,52.15,1080,25.80,23.80,20.30,22.00,25.60,24.10,25.90,22.30,20.10,21.10,25.10,25.60,25.60,22.20,21.10,21.40,21.70,21.10,21.70,20.10,24.30,79.20,20.80,23.80,21.70,24.50,22.60,24.80,20.20,21.00,20.70,20.90,23.50,25.50,25.70,23.10,23.00,21.30,22.20,22.40,24.10,22.60,23.70,24.60,21.30,25.80,20.40,24.20,23.90,22.70,22.70,25.40,23.00,20.80,22.80,21.00,25.20,20.50,21.10,22.20,22.90,24.90,21.10,23.40
TLM_RCV,-68,FG-ALPHA,20240415_084532,AUTO,0,32.28,5.00,-85,99.87,8.33,3.29,5.02,0,457,0,311,22.28,1013.10,12.00,405.60,13.13,52.15,1080,20.50,21.70,20.70,20.80,20.30,22.40,25.40,20.40,23.80,22.50,23.90,25.90,22.30,22.20,23.40,20.20,21.80,25.90,22.40,24.40,21.00,23.10,25.30,21.20,23.70,22.50,24.70,24.50,21.70,21.10,24.10,23.80,22.60,23.10,20.40,20.10,20.20,23.10,24.40,23.60,22.60,21.30,22.20,25.20,25.00,21.40,20.30,25.80,21.80,22.10,24.80,24.70,25.10,22.30,22.50,22.60,25.60,25.20,25.00,21.70,24.40,23.80,20.20,22.20
TLM_RCV,-54,FG-ALPHA,20240415_084533,AUTO,0,31.05,5.00,-85,99.94,8.34,3.30,5.02,1158,410,0,268,23.74,1013.20,12.00,405.20,13.13,52.15,1080,25.80,23.50,20.70,21.10,23.90,22.20,23.90,25.90,22.60,25.10,23.90,25.80,24.80,22.30,25.40,24.10,23.80,21.90,25.90,21.10,25.80,25.20,20.90,23.90,21.20,22.90,25.20,22.70,23.30,23.80,23.40,22.10,22.80,25.30,21.00,23.80,25.80,22.80,23.60,20.40,22.70,22.90,22.10,23.20,20.50,23.60,21.80,76.70,21.40,23.10,20.50,20.70,21.60,23.70,20.30,24.20,24.70,23.70,25.10,21.90,22.00,22.90,24.80,22.20
TLM_RCV,-60,FG-ALPHA,20240415_084534,AUTO,0,33.03,5.00,-85,100.00,8.34,3.31,5.02,1153,406,0,253,23.74,1012.70,12.10,405.00,13.13,52.15,1080,23.00,21.60,22.80,24.50,21.40,25.00,23.40,21.20,21.50,23.30,25.10,25.30,24.40,20.40,20.40,22.30,20.60,24.50,25.40,25.90,20.70,23.80,25.50,22.70,24.10,22.90,23.30,23.50,20.20,21.80,25.60,21.90,20.20,20.70,22.40,25.30,22.70,24.00,21.00,23.60,20.00,23.90,20.10,23.00,23.30,20.70,23.70,23.80,23.00,25.70,23.30,25.60,23.70,20.30,25.40,21.60,20.70,20.60,21.00,22.50,21.00,23.60,24.90,21.40
TLM_RCV,-44,FG-ALPHA,20240415_084535,AUTO,0,32.24,5.00,-85,99.96,8.33,3.31,5.02,0,449,0,294,22.25,1012.90,11.80,405.30,13.14,52.15,1080,22.20,22.10,24.70,24.00,25.90,22.40,24.30,21.60,25.10,22.30,21.90,23.60,21.80,24.30,22.50,22.50,25.20,21.80,25.70,25.70,25.80,21.70,20.70,24.60,24.10,23.00,22.60,23.10,22.90,23.50,24.80,25.90,21.40,25.80,24.30,21.20,21.30,23.80,20.90,22.50,25.10,24.70,21.30,25.90,22.50,22.40,20.70,24.90,20.10,21.70,25.60,21.30,23.40,21.10,25.70,25.00,20.60,24.90,21.00,25.60,24.30,24.30,22.10,23.10
TLM_RCV,-72,FG-ALPHA,20240415_084536,AUTO,0,33.35,5.00,-85,100.00,8.33,3.30,5.02,1082,471,0,330,23.06,1012.80,12.10,406.10,13.14,52.15,1080,21.50,21.60,21.60,24.30,21.70,22.20,21.00,25.10,22.60,23.10,23.10,23.30,24.10,21.80,23.50,25.10,25.30,22.50,21.10,21.50,23.70,22.40,22.00,22.40,25.20,21.40,20.60,20.90,24.90,20.60,23.00,22.80,23.20,21.40,24.90,20.80,23.70,20.30,21.10,24.10,22.60,22.10,23.70,24.20,21.70,24.80,20.00,22.90,21.50,20.00,25.50,24.60,23.80,20.20,24.50,25.50,20.90,25.80,25.30,22.40,24.50,20.40,22.10,21.70
TLM_RCV,-85,FG-ALPHA,20240415_084537,AUTO,0,31.36,5.00,-85,99.95,8.33,3.28,5.02,0,472,0,318,22.36,1013.30,12.00,406.40,13.14,52.15,1080,23.10,23.10,20.30,25.80,21.20,24.50,23.60,25.30,22.20,24.00,23.10,22.20,24.30,24.20,20.60,23.90,23.90,20.30,21.00,23.20,22.30,20.00,21.90,24.80,24.80,20.60,20.90,25.70,23.70,20.30,24.30,22.00,20.20,24.50,24.60,24.80,24.00,24.80,22.30,21.00,25.60,25.10,20.90,21.60,25.00,23.30,22.00,23.20,22.60,22.90,22.10,20.00,24.10,21.60,20.30,22.50,20.30,24.70,21.60,22.20,21.50,23.20,23.20,25.40
TLM_RCV,-68,FG-ALPHA,20240415_084538,AUTO,0,32.40,5.00,-85,99.90,8.33,3.29,5.02,0,480,0,325,22.40,1013.30,11.90,405.30,13.14,52.15,1080,23.60,25.90,23.80,25.00,21.70,25.50,23.90,23.20,24.40,23.80,24.20,25.60,24.40,21.80,24.70,25.30,24.30,23.90,24.70,23.50,21.30,23.90,23.70,25.30,24.50,21.10,22.10,25.40,24.10,22.90,24.30,25.80,20.20,25.30,24.90,21.10,20.50,21.70,20.20,24.80,21.10,23.50,25.70,21.10,22.50,25.10,24.80,24.30,24.70,22.40,22.10,23.40,24.90,24.60,24.00,22.40,23.80,25.40,24.20,23.10,23.80,23.00,21.50,23.30
TLM_RCV,-84,FG-ALPHA,20240415_084539,AUTO,0,32.17,5.00,-85,99.86,8.33,3.30,5.02,0,435,0,279,22.17,1012.90,12.10,404.50,13.14,52.15,1080,22.90,20.20,23.10,23.50,20.50,20.20,20.10,21.20,21.10,25.40,20.90,22.90,21.00,23.70,20.70,23.00,20.10,22.60,23.30,22.70,24.60,24.30,24.90,22.00,22.70,20.10,22.40,21.40,24.00,22.20,22.40,23.10,22.50,21.00,20.10,21.60,21.20,21.30,22.10,21.20,22.90,22.40,22.20,25.20,23.10,20.60,23.60,20.60,23.80,23.10,23.80,25.70,24.50,22.20,21.20,22.80,23.90,20.20,23.20,25.60,22.30,23.60,25.70,20.90
TLM_RCV,-47,FG-ALPHA,20240415_084540,AUTO,0,33.07,5.00,-85,99.92,8.34,3.28,5.02,991,414,0,266,22.89,1013.10,12.10,405.50,13.14,52.15,1080,25.50,23.20,22.00,24.40,21.60,23.40,21.30,24.70,23.30,23.10,23.90,21.10,25.50,20.40,21.50,20.20,20.40,24.10,25.40,20.50,23.70,25.60,24.10,20.70,21.20,21.10,23.30,21.00,24.50,23.90,21.90,25.40,21.20,21.40,24.70,23.60,22.40,20.20,23.70,21.80,21.60,20.70,24.00,22.20,23.80,24.20,22.70,22.90,20.20,25.00,24.30,24.70,20.70,23.50,22.30,20.00,25.60,23.70,25.60,20.60,21.90,20.00,21.00,21.60
TLM_RCV,-68,FG-ALPHA,20240415_084541,AUTO,0,32.13,5.00,-85,99.97,8.34,3.28,5.02,903,425,0,273,22.39,1013.50,11.80,405.50,13.14,52.15,1080,25.10,22.40,21.70,22.20,21.10,24.70,25.10,23.20,25.70,20.10,24.30,24.70,25.00,21.70,24.20,21.50,22.50,23.50,25.70,22.20,21.60,21.10,24.10,22.30,21.60,20.60,23.50,24.60,24.50,25.50,24.60,25.70,25.90,23.00,22.80,21.10,22.30,20.10,24.60,20.30,24.90,21.40,23.00,23.00,25.90,22.60,20.30,21.50,20.10,20.30,24.40,25.80,23.90,24.40,23.00,22.60,24.20,22.70,23.60,25.40,20.40,23.40,21.00,21.70
TLM_RCV,-44,FG-ALPHA,20240415_084542,AUTO,0,33.40,5.00,-85,100.00,8.33,3.31,5.02,1104,480,0,326,23.12,1013.20,12.10,405.80,13.14,52.15,1080,24.80,21.50,20.50,21.70,24.20,20.80,21.80,23.40,24.60,22.80,23.80,23.10,25.40,23.90,20.30,22.10,21.80,21.80,20.10,25.20,21.10,25.60,24.60,20.30,22.50,23.70,21.10,22.00,23.80,22.30,22.50,24.00,23.30,25.30,25.00,22.10,20.30,25.80,23.50,25.60,22.30,21.10,23.30,24.10,25.20,20.40,22.10,22.40,20.20,22.40,25.70,24.50,24.80,81.90,23.00,22.00,20.50,23.70,25.50,22.00,23.40,23.00,20.60,21.00
TLM_RCV,-58,FG-ALPHA,20240415_084543,AUTO,0,32.26,5.00,-85,100.00,8.33,3.30,5.02,1124,452,0,305,23.36,1013.20,12.00,406.10,13.14,52.15,1080,25.60,24.80,22.30,23.50,25.10,23.70,24.90,23.20,24.30,23.70,24.10,23.80,25.00,23.90,25.50,24.30,25.70,20.50,25.40,25.20,24.30,22.80,20.80,21.10,24.80,23.50,20.60,20.50,20.60,23.30,25.30,25.30,20.80,25.70,21.30,25.20,21.90,25.90,24.30,25.20,23.00,21.50,22.20,25.10,20.30,24.80,25.20,23.40,22.00,25.80,23.40,21.30,21.30,24.00,21.40,22.40,23.40,20.50,23.70,21.30,25.90,23.40,25.30,20.70
TLM_RCV,-86,FG-ALPHA,20240415_084605,AUTO,0,32.32,5.00,-85,99.95,8.33,3.31,5.02,0,464,0,323,22.32,1013.20,12.00,405.50,13.17,52.75,1080,20.90,20.20,21.90,23.50,20.10,25.60,21.60,24.80,21.50,24.50,25.00,20.80,24.00,25.20,23.70,21.00,24.90,20.70,23.50,23.00,21.60,23.30,23.50,23.30,21.80,21.80,25.50,24.30,21.30,20.60,24.90,22.70,25.60,20.20,20.70,20.20,22.20,25.70,23.50,24.20,23.90,20.10,24.80,21.50,20.80,21.90,25.70,25.20,23.10,25.70,21.40,22.00,24.70,20.40,23.80,24.90,24.50,21.10,20.10,23.60,25.20,23.80,23.30,25.30
TLM_RCV,-47,FG-ALPHA,20240415_084606,AUTO,0,31.00,5.00,-85,100.00,8.34,3.29,5.02,1131,401,0,257,23.65,1013.20,12.00,406.30,13.17,52.75,1080,24.60,24.30,20.40,22.50,25.50,24.90,22.60,24.60,20.30,20.40,21.80,21.80,22.70,25.20,23.10,21.00,22.90,25.20,21.30,22.90,24.70,25.10,24.30,25.60,25.30,20.70,25.70,20.70,25.90,24.80,21.70,20.80,24.10,25.20,25.10,25.90,21.50,25.30,23.50,22.40,23.50,21.90,24.40,24.00,23.10,22.30,25.60,25.20,23.10,22.60,25.40,25.00,24.20,22.40,24.30,23.90,23.10,21.10,24.10,23.50,20.20,25.10,22.80,24.00
TLM_RCV,-59,FG-ALPHA,20240415_084607,AUTO,0,33.13,5.00,-85,100.00,8.34,3.30,5.02,973,425,0,283,22.74,1013.20,11.90,404.90,13.17,52.75,1080,20.60,25.30,20.30,23.30,21.10,25.70,24.10,20.60,20.90,23.80,25.10,21.70,20.50,21.10,22.20,22.30,24.50,24.30,25.00,20.30,21.80,24.10,23.00,21.80,20.10,25.00,25.60,20.90,21.30,25.30,21.00,20.10,20.90,24.00,25.70,21.40,20.60,22.50,24.40,25.90,25.70,25.10,25.90,20.00,21.20,23.30,20.00,21.00,22.10,23.30,20.50,24.90,21.30,21.00,25.40,20.00,20.60,23.10,24.20,22.20,22.00,22.70,24.80,20.40
TLM_RCV,-53,FG-ALPHA,20240415_084608,AUTO,0,32.02,5.00,-85,100.00,8.34,3.28,5.02,1177,404,0,263,23.86,1013.30,11.80,404.80,13.17,52.75,1080,25.10,24.70,21.90,25.20,25.40,23.40,23.50,25.90,20.50,25.00,22.10,23.60,24.30,20.00,24.50,25.50,23.30,22.60,25.20,20.70,21.20,22.20,25.50,20.50,21.80,22.70,23.00,20.80,25.20,24.90,25.50,25.60,25.30,22.00,25.80,25.50,24.10,25.50,21.10,22.10,21.50,20.50,24.20,25.60,20.50,20.30,20.70,22.20,25.70,22.50,25.00,22.70,21.10,24.00,25.60,24.90,23.00,24.10,25.40,22.70,23.00,23.50,22.10,23.40
TLM_RCV,-91,FG-ALPHA,20240415_084609,AUTO,0,33.03,5.00,-85,100.00,8.34,3.31,5.02,939,405,0,252,22.67,1012.90,11.80,406.10,13.17,52.75,1080,25.30,21.30,89.10,24.00,22.60,20.80,21.80,25.30,22.10,21.90,23.50,23.40,20.40,20.50,24.50,20.70,23.50,20.20,22.00,20.60,20.70,20.00,21.30,20.30,21.10,25.00,25.60,21.50,20.50,23.40,22.10,20.30,21.30,24.60,22.60,24.80,25.50,23.10,21.30,24.30,24.40,21.70,25.10,22.00,25.80,23.10,23.10,22.00,20.20,20.80,21.30,25.20,22.30,25.40,23.90,21.30,24.30,22.90,22.90,23.10,24.50,24.20,20.70,22.10
TLM_RCV,-91,FG-ALPHA,20240415_084610,AUTO,0,32.21,5.00,-85,100.00,8.33,3.31,5.02,1184,441,0,300,23.72,1013.10,11.80,405.50,13.17,52.75,1080,22.30,24.60,21.00,20.60,20.40,23.40,21.10,24.20,24.20,21.70,23.20,23.10,20.70,25.70,23.00,24.60,21.60,20.90,20.60,20.20,25.40,21.70,22.40,23.30,22.70,24.20,21.20,24.20,25.30,20.30,21.20,23.90,24.70,22.50,24.20,23.00,22.60,21.30,20.40,23.40,22.00,25.10,22.70,20.10,20.60,20.00,20.90,23.70,22.40,20.00,22.40,24.70,21.10,24.10,22.10,23.20,21.40,25.40,23.50,20.90,22.30,24.40,20.90,24.10
TLM_RCV,-88,FG-ALPHA,20240415_084611,AUTO,0,31.43,5.00,-85,100.00,8.33,3.29,5.02,1144,487,0,343,23.28,1013.20,11.90,405.50,13.17,52.75,1080,23.60,20.40,22.10,22.20,24.80,23.40,20.50,24.00,21.60,21.30,24.50,24.10,21.60,21.50,21.00,22.70,24.60,22.60,22.10,20.80,23.70,24.50,20.10,21.50,25.60,21.30,25.30,23.20,20.20,24.30,23.20,25.20,23.60,24.90,23.60,20.70,23.30,22.30,22.80,21.00,20.40,21.70,20.20,23.70,20.30,24.70,24.30,25.60,25.30,24.60,24.70,22.80,22.80,21.20,22.20,20.40,24.60,20.30,20.20,20.00,25.50,23.30,24.50,21.00
TLM_RCV,-50,FG-ALPHA,20240415_084612,AUTO,0,32.35,5.00,-85,100.00,8.33,3.28,5.02,1056,470,0,322,22.93,1013.50,12.10,405.30,13.17,52.75,1080,21.70,24.60,24.60,25.00,21.30,25.00,24.10,20.60,23.80,25.90,21.00,21.50,25.50,25.40,20.70,22.40,23.50,21.20,24.20,21.70,22.90,20.40,24.10,23.80,22.80,24.90,23.30,20.40,21.80,20.50,22.80,25.30,24.00,25.10,24.60,25.30,21.40,25.20,21.90,22.80,24.40,22.00,25.40,25.30,21.30,23.50,22.90,25.90,21.40,24.40,25.50,20.50,25.40,22.70,20.40,21.50,25.10,23.90,24.60,25.10,23.30,20.90,21.70,22.10
TLM_RCV,-81,FG-ALPHA,20240415_084613,AUTO,0,32.28,5.00,-85,100.00,8.33,3.29,5.02,1022,456,0,311,22.83,1012.70,12.00,406.40,13.17,52.75,1080,24.70,20.80,20.70,22.40,25.90,22.80,22.80,20.70,22.30,25.40,21.70,24.20,24.90,21.50,21.30,25.90,23.90,24.10,23.20,21.30,23.20,21.40,20.80,23.00,21.80,20.10,20.80,25.10,21.90,24.30,21.60,20.40,25.40,23.60,22.20,22.20,25.30,22.30,22.90,21.50,24.70,24.40,20.40,25.30,23.30,24.00,21.20,23.70,24.50,21.00,22.60,25.30,22.90,25.70,25.60,23.40,22.50,24.00,21.60,23.10,20.70,20.20,22.00,22.10
TLM_RCV,-79,FG-ALPHA,20240415_084614,AUTO,0,33.08,5.00,-85,100.00,8.34,3.29,5.02,946,415,0,265,22.66,1013.50,12.10,405.80,13.17,52.75,1080,21.10,21.50,21.20,20.70,25.30,25.70,21.10,23.30,23.60,24.20,22.60,23.20,21.10,22.30,24.40,22.00,24.70,22.30,20.80,20.40,21.60,21.90,24.90,21.90,21.00,21.70,21.90,24.00,23.30,21.70,25.20,25.40,23.30,24.80,20.20,25.50,23.00,24.80,22.40,24.90,21.60,25.10,20.00,22.30,24.30,20.90,25.70,21.40,22.10,25.60,22.60,20.30,21.40,20.90,20.00,25.30,20.70,20.10,21.00,24.00,24.10,21.20,23.90,25.30
TLM_RCV,-93,FG-ALPHA,20240415_084615,AUTO,0,32.22,5.00,-85,100.00,8.33,3.31,5.02,911,445,0,289,22.33,1013.30,12.00,404.80,13.18,52.75,1080,25.60,24.60,21.40,21.00,22.40,23.20,24.50,20.40,25.70,25.40,25.60,22.90,20.40,22.00,22.70,23.80,24.00,21.90,22.70,20.80,23.90,24.00,23.90,25.90,22.90,24.00,25.70,21.50,23.10,25.20,23.90,20.10,25.90,23.80,21.40,21.70,22.90,22.80,20.10,25.90,22.90,22.10,22.50,21.80,24.00,24.80,20.10,24.20,23.70,22.40,25.80,23.80,24.50,23.30,23.10,21.30,20.00,24.10,25.80,20.30,24.90,23.50,20.50,23.10
TLM_RCV,-59,FG-ALPHA,20240415_084616,AUTO,0,32.04,5.00,-85,100.00,8.34,3.28,5.02,1122,409,0,262,23.57,1012.90,11.80,405.80,13.18,52.75,1080,24.40,20.00,24.60,22.80,24.30,22.30,22.80,24.80,24.50,20.80,24.30,25.20,20.70,23.90,22.70,21.70,23.30,20.40,20.50,25.20,23.70,23.20,21.00,22.70,25.20,23.10,25.40,21.10,24.70,22.70,25.00,22.90,21.50,24.80,25.20,24.80,24.90,21.10,23.50,24.20,21.80,25.90,23.30,25.90,20.20,21.30,21.90,24.50,25.40,25.90,21.80,22.70,22.20,24.70,23.00,25.50,20.30,20.70,22.70,23.30,20.90,23.30,24.10,25.10
TLM_RCV,-46,FG-ALPHA,20240415_084617,AUTO,0,31.12,5.00,-85,99.96,8.34,3.29,5.02,0,424,0,271,22.12,1012.80,11.80,405.40,13.18,52.75,1080,22.40,23.00,24.10,20.50,20.60,22.50,21.00,22.40,25.90,23.50,24.40,23.20,23.90,20.50,23.00,22.80,20.10,21.40,20.70,23.50,21.80,21.90,23.90,23.30,22.70,25.90,25.80,20.20,23.50,22.90,24.80,25.10,25.20,22.50,21.60,22.10,24.80,23.30,24.00,23.40,22.70,24.00,20.90,24.10,24.60,22.00,21.10,24.00,24.10,24.80,25.70,22.80,23.60,21.10,23.10,24.20,20.20,22.20,25.70,22.60,20.70,20.10,21.80,24.20
TLM_RCV,-82,FG-ALPHA,20240415_084618,AUTO,0,32.96,5.00,-85,100.00,8.34,3.31,5.02,1136,391,0,250,23.73,1013.30,12.00,406.10,13.18,52.75,1080,20.10,24.10,23.40,20.10,21.80,20.30,22.40,24.40,23.90,21.00,21.40,24.50,25.10,23.10,20.60,22.70,21.40,20.80,24.90,25.90,21.10,24.90,83.80,22.90,25.50,22.30,24.40,24.90,25.30,23.90,24.20,24.00,23.00,23.70,23.90,20.50,22.90,23.00,24.20,24.90,20.40,20.30,25.40,24.00,23.50,24.50,22.10,25.30,25.90,23.90,21.90,21.50,24.40,21.30,22.40,25.40,21.00,21.40,20.90,23.30,24.90,22.40,23.60,25.60
TLM_RCV,-44,FG-ALPHA,20240415_084619,AUTO,0,33.42,5.00,-85,100.00,8.33,3.31,5.02,880,485,0,326,21.98,1012.80,12.00,404.70,13.18,52.75,1080,25.40,20.30,22.30,23.70,22.00,21.30,25.20,24.30,22.20,21.30,25.40,25.50,25.50,25.30,21.80,23.50,20.60,25.80,20.20,25.80,20.60,23.10,25.30,24.60,25.10,22.30,24.80,22.70,25.70,20.30,22.90,20.70,21.10,21.90,25.80,23.80,22.10,24.80,22.10,24.20,23.30,20.70,25.30,23.30,22.10,24.60,20.20,20.60,23.90,23.80,22.20,20.00,25.40,24.70,25.80,24.90,24.30,23.10,23.40,24.70,22.80,21.70,23.10,21.60
TLM_RCV,-46,FG-ALPHA,20240415_084620,AUTO,0,33.34,5.00,-85,100.00,8.33,3.29,5.02,1040,468,0,316,22.86,1013.30,12.00,405.00,13.18,52.75,1080,25.00,24.20,22.70,22.50,23.80,24.90,23.00,20.80,24.30,22.90,20.90,25.00,24.40,20.50,25.90,21.40,23.10,23.70,24.80,22.10,25.30,22.50,20.20,24.40,24.90,21.10,23.10,25.00,21.90,23.50,21.90,20.10,24.00,21.60,22.30,21.10,20.70,25.30,22.00,23.00,25.00,21.90,25.80,23.10,21.60,21.40,24.90,20.60,25.90,23.40,20.10,22.30,24.00,21.80,21.50,23.70,20.90,23.20,21.60,24.40,23.90,24.60,24.20,25.00
TLM_RCV,-57,FG-ALPHA,20240415_084621,AUTO,0,32.31,5.00,-85,100.00,8.33,3.28,5.02,874,462,0,304,22.06,1013.60,11.80,405.00,13.18,52.75,1080,21.10,21.40,24.80,22.50,22.00,20.30,21.40,23.70,20.60,25.20,23.10,21.40,22.40,21.20,20.20,23.00,22.00,20.50,22.70,20.90,23.50,23.30,24.00,20.80,23.80,22.50,24.30,25.90,25.50,23.40,22.80,25.00,21.30,21.90,21.10,22.00,20.10,23.80,21.80,20.80,22.00,22.70,25.10,25.30,22.30,25.60,22.70,25.20,21.80,23.80,23.10,23.90,25.30,20.10,23.90,20.00,20.90,21.30,25.70,22.60,24.40,24.80,22.20,22.30
TLM_RCV,-87,FG-ALPHA,20240415_084622,AUTO,0,32.33,5.00,-85,100.00,8.33,3.31,5.02,914,467,0,325,22.24,1012.70,11.90,404.70,13.18,52.75,1080,21.40,25.50,24.50,21.40,20.20,23.00,24.00,24.20,25.00,22.60,23.20,24.20,25.40,22.10,25.60,21.90,22.40,24.90,25.30,20.80,25.20,25.60,20.60,25.20,22.30,22.10,20.50,22.90,22.10,21.30,20.40,23.70,20.80,25.00,23.40,21.20,20.70,20.50,24.10,20.20,25.20,21.40,25.40,25.60,23.50,20.70,22.30,23.70,21.40,22.70,22.00,22.00,23.90,21.40,25.90,25.50,22.90,22.00,24.60,25.10,22.70,21.20,20.00,24.30
TLM_RCV,-60,FG-ALPHA,20240415_084623,AUTO,0,32.03,5.00,-85,100.00,8.34,3.30,5.02,961,406,0,259,22.77,1012.80,11.90,405.20,13.18,52.75,1080,20.20,23.90,20.00,22.80,24.50,20.80,25.10,25.20,22.20,20.00,24.40,21.30,24.70,25.60,20.20,24.10,22.20,20.40,21.60,24.60,20.80,22.10,22.80,20.80,20.70,22.20,22.10,22.40,20.30,20.00,23.90,25.70,25.60,23.40,21.80,23.00,21.20,22.80,25.70,24.20,20.60,20.80,21.50,23.10,22.10,21.90,24.70,21.20,25.40,23.20,24.50,20.30,24.20,22.00,24.40,20.50,25.60,25.40,25.00,24.00,21.40,21.10,21.70,23.00
TLM_RCV,-94,FG-ALPHA,20240415_084624,AUTO,0,32.17,5.00,-85,100.00,8.33,3.31,5.02,900,435,0,288,22.33,1013.60,11.80,405.40,13.18,52.75,1080,25.50,20.80,20.40,20.10,23.30,24.50,25.90,21.90,23.60,21.80,21.10,25.70,21.60,22.80,22.20,21.00,25.70,24.60,21.40,22.70,20.20,20.30,24.60,20.90,22.50,23.90,22.00,25.80,20.90,20.10,25.60,23.30,24.50,20.30,24.20,20.40,21.80,22.30,24.80,22.20,23.80,25.50,21.50,22.20,20.40,20.90,20.30,20.60,20.90,23.60,23.10,23.70,24.10,22.90,21.20,22.70,22.50,21.60,20.90,25.20,23.10,23.20,23.40,25.20
TLM_RCV,-56,FG-ALPHA,20240415_084625,AUTO,0,32.40,5.00,-85,100.00,8.33,3.29,5.02,1172,480,0,332,23.46,1013.50,11.80,404.70,13.19,52.75,1080,25.10,23.60,24.20,23.40,20.50,20.50,25.30,21.80,22.80,24.30,23.80,21.80,22.60,20.80,25.40,24.60,22.70,22.50,21.30,22.90,23.60,23.80,22.20,23.40,20.30,25.40,21.60,21.50,24.30,25.90,25.70,20.50,20.90,21.60,20.40,21.00,20.70,24.40,25.20,24.40,21.60,23.60,22.10,20.30,20.40,24.20,20.40,25.60,25.40,24.10,20.90,25.30,23.80,22.80,25.90,22.10,20.30,24.50,23.70,21.90,23.00,20.80,24.80,22.20
TLM_RCV,-82,FG-ALPHA,20240415_084626,AUTO,0,31.03,5.00,-85,100.00,8.34,3.30,5.02,1030,407,0,267,23.11,1013.00,12.00,404.50,13.19,52.75,1080,24.80,21.60,23.20,25.20,22.50,21.30,20.60,23.50,21.80,20.00,22.10,24.40,22.10,24.50,20.70,24.80,20.30,21.00,21.00,22.30,21.70,25.50,22.60,23.90,23.50,22.30,24.60,21.20,24.90,25.20,23.20,23.10,25.50,25.80,21.20,20.70,20.80,24.70,20.60,22.50,23.50,25.60,23.60,22.90,23.50,22.50,20.70,24.90,21.60,20.40,21.90,20.20,24.00,23.80,21.00,22.20,23.50,23.30,22.80,23.00,23.30,20.50,24.80,24.80
TLM_RCV,-81,FG-ALPHA,20240415_084627,AUTO,0,33.01,5.00,-85,100.00,8.34,3.31,5.02,875,403,0,251,22.36,1013.20,11.80,404.90,13.19,52.75,1080,23.10,23.20,25.50,22.20,21.90,25.10,24.30,24.80,21.50,20.50,20.20,25.30,25.10,21.30,22.60,22.70,20.20,22.30,25.00,21.40,25.20,20.60,21.30,25.50,22.10,22.10,22.10,25.10,23.20,24.60,23.30,23.50,20.40,23.20,20.80,24.10,24.90,23.30,21.90,25.20,23.20,22.10,21.90,24.90,23.00,22.80,22.70,24.40,20.10,21.70,23.20,25.20,23.80,20.50,20.80,24.20,21.50,23.00,25.90,24.00,20.20,23.10,23.40,21.60
TLM_RCV,-66,FG-ALPHA,20240415_084628,AUTO,0,31.00,5.00,-85,100.00,8.34,3.28,5.02,805,400,0,259,22.02,1012.80,11.90,405.10,13.19,52.75,1080,23.90,21.80,20.50,21.00,24.30,20.50,21.20,24.00,24.40,25.00,25.60,22.00,23.40,24.50,20.20,22.30,24.30,24.90,23.10,22.90,24.20,25.70,20.90,25.10,21.40,23.00,23.20,22.70,23.70,20.20,22.00,20.20,25.10,24.60,22.00,21.40,24.40,22.80,24.30,25.90,24.50,22.70,22.60,23.20,21.30,21.00,25.50,20.20,22.40,20.50,25.00,21.20,25.70,22.10,22.80,23.00,24.70,21.80,21.30,21.90,21.70,23.80,22.60,20.10
TLM_RCV,-95,FG-ALPHA,20240415_084629,AUTO,0,31.31,5.00,-85,99.95,8.33,3.31,5.02,0,462,0,312,22.31,1012.90,11.90,405.10,13.19,52.75,1080,24.10,25.20,23.80,22.40,22.10,24.40,22.80,22.40,22.90,24.70,20.00,24.30,23.90,22.70,25.70,20.10,23.50,22.90,21.50,24.70,20.80,21.00,22.20,23.10,20.00,25.70,22.10,20.90,23.70,24.60,22.10,23.00,22.60,25.20,24.90,25.90,22.60,20.40,20.50,22.40,23.50,20.00,22.20,23.40,22.40,24.90,25.80,21.60,22.00,22.90,21.30,24.30,25.90,20.10,20.20,22.30,24.80,23.80,25.00,24.00,23.10,22.90,22.20,23.90
TLM_RCV,-81,FG-ALPHA,20240415_084630,AUTO,0,33.10,5.00,-85,100.00,8.34,3.31,5.02,1101,420,0,278,23.41,1012.80,12.00,405.70,13.19,52.75,1080,21.50,22.80,23.10,20.40,21.60,25.30,22.40,21.90,21.90,25.20,25.80,22.70,20.20,20.70,20.00,25.60,22.40,23.50,25.60,23.00,21.90,24.90,25.40,21.90,20.20,20.30,25.00,20.20,21.90,24.00,20.70,20.00,24.00,21.80,22.10,20.00,23.60,24.70,23.10,21.70,23.00,25.00,21.10,24.80,22.10,23.40,20.20,23.10,24.30,21.30,20.40,21.90,22.40,20.70,22.30,23.50,24.40,24.90,22.30,23.70,22.30,25.10,23.70,22.00
TLM_RCV,-65,FG-ALPHA,20240415_084631,AUTO,0,33.05,5.00,-85,100.00,8.34,3.31,5.02,1096,410,0,262,23.43,1013.60,11.90,406.20,13.19,52.75,1080,25.70,22.10,23.10,21.80,24.70,25.90,24.30,23.50,23.80,25.10,25.30,25.70,20.10,23.50,22.80,25.20,21.10,21.60,21.30,21.10,20.10,23.80,20.90,22.40,20.40,24.90,22.80,24.80,20.00,21.10,24.00,22.80,25.20,24.90,24.50,25.10,23.70,25.00,23.90,21.20,22.50,22.10,25.00,22.90,22.00,22.50,24.50,22.80,20.40,21.90,22.10,20.90,25.30,21.90,23.00,25.10,23.60,21.10,25.00,25.80,20.00,25.50,23.80,23.70
TLM_RCV,-42,FG-ALPHA,20240415_084632,AUTO,0,32.40,5.00,-85,100.00,8.33,3.30,5.02,890,479,0,329,22.06,1013.60,11.80,404.60,13.19,52.75,1080,23.60,25.00,20.70,24.10,25.20,23.10,23.10,22.80,20.50,22.40,20.10,22.30,22.20,22.20,23.10,24.90,21.30,21.60,20.80,24.30,24.40,20.20,22.30,20.50,22.60,20.90,25.40,24.90,23.10,23.80,21.20,21.50,22.90,22.30,25.50,20.70,21.90,25.20,20.60,24.90,25.30,23.90,24.20,22.60,25.40,23.60,22.70,21.90,22.90,25.30,21.30,22.90,21.40,22.10,22.60,21.20,25.50,22.50,25.00,21.10,21.80,23.50,20.30,22.00
TLM_RCV,-63,FG-ALPHA,20240415_084633,AUTO,0,31.09,5.00,-85,100.00,8.34,3.30,5.02,953,419,0,271,22.67,1013.00,12.00,406.20,13.19,52.75,1080,20.20,24.10,24.80,25.30,20.80,23.70,20.40,22.70,25.90,23.00,24.40,23.80,21.10,23.20,24.20,21.30,25.40,22.90,21.60,20.30,24.80,25.90,23.10,24.00,23.50,20.10,22.40,21.20,22.10,25.60,20.00,25.10,23.50,23.10,22.00,22.70,24.60,25.90,23.00,21.00,24.90,22.20,25.00,22.80,20.70,24.60,23.80,22.30,23.10,22.10,24.90,21.50,20.90,20.30,20.00,22.90,22.10,24.40,20.20,20.00,23.80,20.30,24.30,21.20
TLM_RCV,-44,FG-ALPHA,20240415_084634,AUTO,0,31.01,5.00,-85,99.96,8.34,3.31,5.02,0,402,0,261,22.01,1013.40,12.00,404.80,13.19,52.75,1080,21.60,22.90,23.20,20.30,20.90,23.30,21.00,24.40,24.40,25.90,22.90,24.60,20.90,24.30,22.00,24.20,23.80,21.80,22.40,22.50,24.00,22.70,20.60,21.10,20.20,25.40,21.20,20.20,22.60,23.10,21.90,22.60,22.20,23.20,25.60,23.60,25.60,21.30,22.10,24.90,21.60,25.10,20.90,25.80,21.30,24.90,23.70,22.90,22.40,21.70,20.30,21.50,20.30,23.50,22.80,21.20,24.40,23.90,20.00,24.00,22.10,24.20,23.10,20.90
TLM_RCV,-84,FG-ALPHA,20240415_084635,AUTO,0,31.08,5.00,-85,100.00,8.34,3.28,5.02,868,416,0,276,22.26,1013.60,12.10,405.20,13.20,52.75,1080,24.80,20.70,24.00,20.20,25.40,25.20,20.70,24.40,25.40,24.20,20.10,25.20,25.00,23.80,25.90,25.80,24.40,24.50,21.10,24.90,25.10,24.00,20.70,22.00,20.30,22.90,21.20,22.80,22.70,25.10,22.70,25.70,25.20,22.30,21.90,21.10,22.40,22.00,20.70,22.50,23.40,20.20,24.80,24.70,25.60,23.60,23.20,24.20,23.50,20.30,25.30,24.50,25.90,24.20,24.70,20.60,25.10,20.70,25.60,20.00,20.60,22.00,25.10,23.70
TLM_RCV,-95,FG-ALPHA,20240415_084636,AUTO,0,31.28,5.00,-85,100.00,8.33,3.31,5.02,1079,457,0,313,23.11,1012.90,12.10,405.10,13.20,52.75,1080,20.70,20.80,20.80,79.40,22.00,21.30,25.10,23.70,22.90,21.10,21.00,20.50,23.10,25.30,25.30,22.20,24.80,21.00,25.40,20.80,24.40,23.60,23.00,22.40,25.20,25.50,23.40,21.40,25.80,22.00,24.00,25.60,23.20,24.00,21.00,21.60,20.60,21.70,24.20,24.50,22.10,23.20,23.80,25.80,25.40,25.00,23.80,25.80,22.50,25.90,25.40,22.00,22.80,23.50,23.50,23.60,22.00,21.40,20.60,25.80,20.80,25.60,20.80,21.20
TLM_RCV,-41,FG-ALPHA,20240415_084637,AUTO,0,33.10,5.00,-85,100.00,8.34,3.30,5.02,1054,419,0,267,23.17,1013.60,11.80,404.70,13.20,52.75,1080,20.30,22.70,24.00,24.50,22.60,25.10,23.00,21.00,25.60,25.30,25.70,21.10,23.70,23.90,25.10,24.30,25.60,23.30,22.20,25.60,25.60,24.60,21.50,24.20,25.90,25.50,22.50,22.40,21.00,21.50,22.10,23.40,21.40,21.50,22.40,25.80,23.40,22.40,23.00,24.60,24.50,20.90,22.40,22.00,25.30,20.80,24.40,24.60,20.40,24.10,24.20,22.60,24.30,20.80,23.90,23.90,21.40,23.70,21.70,21.30,24.80,24.40,21.90,23.90
TLM_RCV,-81,FG-ALPHA,20240415_084638,AUTO,0,31.31,5.00,-85,100.00,8.33,3.29,5.02,895,462,0,306,22.17,1013.50,12.00,406.00,13.20,52.75,1080,22.10,24.40,22.70,25.60,25.00,21.30,20.00,20.60,22.70,22.90,23.80,20.80,24.70,25.20,22.10,20.20,21.20,25.40,20.80,20.40,22.10,24.10,20.90,22.50,20.50,23.70,22.50,20.00,23.10,21.10,25.50,22.70,24.50,21.30,20.00,23.00,25.50,24.20,20.70,20.00,21.70,24.80,20.40,24.20,21.50,24.80,24.20,22.10,25.20,22.10,25.70,25.50,25.40,25.10,20.00,22.80,21.80,20.70,24.10,24.70,25.60,25.00,24.00,24.80
TLM_RCV,-54,FG-ALPHA,20240415_084639,AUTO,0,33.01,5.00,-85,99.96,8.34,3.28,5.02,0,403,0,251,22.01,1013.20,11.90,406.40,13.20,52.75,1080,20.60,21.90,22.40,25.70,22.90,20.20,25.00,22.50,22.30,24.80,23.80,24.00,25.30,24.10,25.10,25.30,21.00,21.00,21.70,24.00,21.10,20.60,25.40,21.60,25.10,20.40,24.10,20.80,23.90,23.70,25.00,24.50,21.50,24.20,20.60,24.80,20.70,22.90,22.80,22.60,21.30,22.70,21.80,22.90,24.30,22.50,25.70,23.50,24.80,22.40,21.20,23.60,20.80,23.00,20.40,22.40,25.10,25.80,22.80,25.90,25.90,21.70,23.80,22.30
TLM_RCV,-61,FG-ALPHA,20240415_084640,AUTO,0,31.22,5.00,-85,100.00,8.33,3.30,5.02,810,444,0,304,21.83,1013.10,12.10,405.90,13.20,52.75,1080,22.00,24.60,24.70,25.50,24.40,24.00,20.20,20.80,24.70,24.60,22.30,20.40,22.80,22.10,22.60,25.80,21.60,21.50,24.00,24.80,21.40,20.10,21.80,20.10,23.50,22.30,25.30,25.40,23.80,24.40,22.40,24.10,24.30,23.20,21.70,25.70,21.00,21.80,25.70,22.70,22.10,20.10,23.00,25.00,20.40,22.20,23.30,24.90,24.50,23.80,21.30,21.00,24.50,25.60,20.90,23.20,23.10,22.20,25.20,24.80,23.00,23.70,21.60,25.40
TLM_RCV,-60,FG-ALPHA,20240415_084641,AUTO,0,32.43,5.00,-85,100.00,8.33,3.30,5.02,1039,486,0,339,22.76,1013.60,12.10,405.00,13.20,52.75,1080,21.80,21.20,25.70,20.10,23.80,22.10,22.40,21.70,21.80,22.20,21.60,22.30,20.50,20.50,21.00,22.10,21.60,22.80,24.70,22.90,25.30,23.90,21.00,24.60,21.70,21.20,22.00,22.80,20.10,20.60,21.60,24.70,22.30,21.10,24.30,22.10,21.90,23.20,23.80,22.50,22.70,20.60,24.30,22.20,23.70,20.80,24.80,24.80,20.30,20.50,20.20,21.80,25.60,23.00,20.80,22.70,24.20,25.20,21.80,20.00,23.80,25.30,20.00,21.40
TLM_RCV,-61,FG-ALPHA,20240415_084642,AUTO,0,31.06,5.00,-85,100.00,8.34,3.28,5.02,959,412,0,272,22.74,1012.80,11.80,405.90,13.20,52.75,1080,20.30,21.00,23.50,20.50,25.40,24.00,21.20,25.40,21.00,25.60,25.10,21.10,20.90,24.80,22.10,23.10,23.00,25.60,25.20,23.90,24.80,23.40,20.10,22.30,22.00,23.40,22.20,22.20,20.90,25.30,21.90,25.50,22.10,25.60,24.00,23.30,23.90,23.50,25.30,21.60,21.20,21.30,25.90,21.30,23.70,22.20,21.10,25.40,21.00,21.10,24.50,23.30,24.30,25.00,25.60,20.30,25.80,21.20,23.30,20.20,23.60,22.80,25.30,20.10
TLM_RCV,-60,FG-ALPHA,20240415_084643,AUTO,0,33.24,5.00,-85,100.00,8.33,3.29,5.02,1022,448,0,298,22.87,1013.40,12.10,405.40,13.20,52.75,1080,22.90,22.10,21.90,23.20,21.60,25.80,21.10,20.50,20.90,23.40,20.90,24.50,20.90,24.20,21.70,20.80,21.10,20.30,20.50,21.60,23.40,23.20,20.60,21.60,25.40,22.40,23.20,20.10,22.60,20.90,21.90,21.70,21.70,21.30,22.20,25.30,21.80,24.40,20.50,20.50,21.90,25.70,24.60,23.20,20.70,20.50,20.30,21.60,24.40,25.40,21.20,23.80,25.80,21.10,23.60,23.10,22.00,20.10,24.00,20.00,23.00,25.30,24.60,20.90
TLM_RCV,-75,FG-ALPHA,20240415_084644,AUTO,0,32.17,5.00,-85,100.00,8.33,3.28,5.02,828,435,0,287,21.97,1013.30,11.80,406.20,13.20,52.75,1080,25.80,20.00,20.50,25.90,20.80,22.00,24.70,24.20,21.20,20.80,22.90,25.90,25.70,21.90,20.50,21.60,24.00,20.20,23.50,21.10,23.10,21.80,20.40,24.00,22.70,21.40,25.80,23.70,24.50,23.30,20.00,23.50,24.70,24.50,21.80,21.90,23.00,22.30,21.90,24.10,25.10,24.10,20.30,20.50,22.10,21.90,23.80,24.30,20.70,21.50,23.50,24.00,25.80,23.50,25.90,23.60,20.80,20.30,21.60,24.40,20.40,23.30,20.20,20.80
TLM_RCV,-52,FG-ALPHA,20240415_084645,AUTO,0,33.19,5.00,-85,100.00,8.33,3.31,5.02,917,439,0,293,22.39,1012.90,12.00,405.80,13.21,52.75,1080,25.80,25.40,23.80,23.10,22.50,24.00,23.60,25.80,20.90,20.70,21.20,21.50,20.90,21.30,21.00,20.30,24.90,21.60,20.80,22.30,22.30,24.00,23.00,23.60,25.80,22.40,24.20,23.40,25.30,25.10,20.10,23.20,23.50,20.70,24.70,22.10,24.80,23.90,24.30,21.00,23.80,24.30,21.00,20.80,22.30,20.80,25.80,21.00,24.40,25.80,23.20,23.30,23.00,21.50,21.80,22.50,20.10,22.40,24.50,23.90,23.80,24.70,20.50,21.50
TLM_RCV,-89,FG-ALPHA,20240415_084707,AUTO,0,32.20,5.00,-85,100.00,8.33,3.30,5.02,978,440,0,295,22.69,1012.70,12.00,404.70,13.23,52.75,1080,22.30,21.80,24.80,22.70,22.80,23.90,22.80,22.70,25.80,25.00,25.50,20.20,25.70,21.30,22.00,22.80,22.00,20.30,23.70,25.80,20.10,22.40,21.30,24.60,20.70,20.50,21.80,23.60,24.40,21.60,21.40,20.80,20.30,20.90,22.90,23.80,22.50,23.30,23.40,21.20,23.90,24.50,25.40,22.40,25.20,25.10,23.50,25.00,25.30,22.40,22.20,20.30,21.50,22.30,24.30,22.50,21.30,22.70,21.00,21.60,25.80,20.40,25.60,21.20
TLM_RCV,-67,FG-ALPHA,20240415_084708,AUTO,0,33.47,5.00,-85,100.00,8.33,3.29,5.02,1138,493,0,335,23.23,1013.20,12.00,404.70,13.23,52.75,1080,22.50,25.40,23.40,24.30,24.70,20.70,23.90,22.10,23.00,20.20,24.50,23.30,24.00,21.40,25.70,20.90,21.20,22.70,23.70,21.20,20.80,21.80,20.40,20.60,24.50,22.10,23.00,21.10,25.30,24.80,22.50,25.70,23.60,25.20,25.20,22.40,22.40,22.90,23.80,23.40,21.50,24.90,25.00,25.60,21.90,23.70,21.40,23.60,23.60,23.90,22.10,22.50,23.00,24.60,22.80,24.00,20.60,24.60,20.10,23.50,20.70,23.30,21.80,23.90
TLM_RCV,-50,FG-ALPHA,20240415_084709,AUTO,0,32.22,5.00,-85,100.00,8.33,3.31,5.02,985,445,0,287,22.70,1013.40,12.00,405.60,13.23,52.75,1080,22.30,24.00,22.10,25.60,24.80,21.50,25.10,23.30,20.80,25.50,25.80,25.80,24.00,20.40,21.30,21.50,24.40,24.90,84.40,24.50,25.50,20.80,24.20,23.30,25.00,21.40,25.30,20.00,23.70,23.30,23.00,25.10,21.20,21.50,20.10,21.80,22.30,23.10,23.20,20.80,21.40,23.50,20.60,23.30,23.50,21.70,24.50,22.50,20.70,21.30,23.60,20.30,24.70,22.30,20.50,20.70,24.40,23.60,22.30,20.80,20.60,23.00,21.20,24.10
TLM_RCV,-88,FG-ALPHA,20240415_084710,AUTO,0,32.27,5.00,-85,99.95,8.33,3.30,5.02,0,454,0,302,22.27,1013.50,12.10,405.00,13.23,52.75,1080,23.80,25.30,24.00,21.70,22.40,21.90,22.20,21.20,23.70,20.10,25.10,79.30,24.40,25.90,24.30,20.50,21.80,24.90,22.00,25.00,21.00,20.40,22.90,20.70,20.60,20.40,21.00,21.10,25.00,22.00,23.00,25.30,24.60,22.60,21.80,21.90,25.80,21.40,23.40,25.80,21.70,25.90,20.40,24.60,24.20,21.20,23.80,21.50,22.60,21.90,25.60,21.90,23.20,20.90,20.80,23.10,21.50,20.00,22.80,20.90,20.10,22.50,22.00,24.70
TLM_RCV,-46,FG-ALPHA,20240415_084711,AUTO,0,31.40,5.00,-85,99.91,8.33,3.28,5.02,0,480,0,331,22.40,1013.00,11.90,406.10,13.23,52.75,1080,23.00,25.30,23.10,20.40,20.70,22.00,24.00,23.00,23.60,22.10,21.60,22.60,20.60,25.90,22.30,25.30,24.70,24.30,22.90,20.70,20.70,20.20,22.90,20.10,22.60,23.40,23.10,23.80,24.50,21.60,24.60,25.40,22.40,21.20,21.90,20.30,24.70,20.10,20.00,22.60,23.50,20.70,22.90,20.30,20.40,25.20,25.90,23.80,22.00,21.90,22.10,22.90,22.80,24.20,25.70,21.00,25.10,25.30,25.50,21.90,21.30,20.80,24.20,21.30
TLM_RCV,-42,FG-ALPHA,20240415_084712,AUTO,0,33.06,5.00,-85,99.87,8.33,3.30,5.02,0,413,0,264,22.07,1012.80,11.90,405.20,13.23,52.75,1080,24.10,23.40,21.90,24.50,24.60,23.60,23.70,24.60,23.10,20.80,23.30,21.90,25.00,20.60,20.10,22.10,25.20,25.70,21.80,23.50,20.40,21.00,21.20,25.30,21.10,24.20,24.00,23.40,20.40,21.80,21.30,21.30,22.70,20.00,23.90,22.60,25.20,25.60,21.30,21.20,21.80,21.80,20.70,21.60,24.10,21.50,21.60,20.80,22.10,25.90,23.70,25.20,24.30,21.20,20.00,24.30,75.10,22.80,23.40,23.90,22.30,20.30,23.90,21.40
TLM_RCV,-46,FG-ALPHA,20240415_084713,AUTO,0,31.20,5.00,-85,99.90,8.33,3.30,5.02,804,440,0,282,21.82,1012.90,11.80,405.70,13.23,52.75,1080,24.30,23.10,24.50,23.20,21.10,24.40,21.50,23.30,21.40,23.00,24.60,21.20,21.00,25.30,20.30,20.00,21.70,24.50,22.30,23.10,23.60,23.80,25.20,20.20,22.50,22.20,24.70,24.60,25.40,25.20,21.60,20.70,23.20,20.70,25.50,22.30,25.60,25.30,20.70,24.00,25.90,23.50,21.70,23.30,21.50,25.70,25.60,22.70,22.00,23.20,22.20,24.00,21.80,25.70,24.20,24.70,20.60,24.20,20.90,22.70,25.90,23.10,24.60,23.50
TLM_RCV,-83,FG-ALPHA,20240415_084714,AUTO,0,31.50,5.00,-85,99.96,8.32,3.29,5.02,1039,499,0,340,22.70,1013.50,12.00,405.80,13.23,52.75,1080,22.40,24.10,21.80,22.20,22.30,21.00,21.90,20.80,23.60,25.10,20.70,25.00,22.00,76.00,20.20,20.30,25.10,22.40,20.40,24.90,21.10,21.40,21.60,24.20,21.40,23.60,21.80,25.30,24.00,21.70,20.10,24.20,21.70,25.80,22.70,20.60,24.00,20.30,21.80,23.20,24.70,24.00,25.20,23.70,21.40,25.20,22.00,21.30,24.20,20.30,20.20,20.30,23.90,24.60,20.90,21.40,20.10,22.80,21.80,20.80,23.10,21.50,20.80,21.10
TLM_RCV,-70,FG-ALPHA,20240415_084715,AUTO,0,31.18,5.00,-85,100.00,8.33,3.28,5.02,1139,437,0,290,23.51,1012.90,11.80,405.40,13.24,52.75,1080,25.10,24.20,22.30,24.70,25.50,23.20,25.80,22.20,25.10,25.00,23.10,20.50,24.00,24.50,73.50,25.80,21.90,20.60,22.40,23.30,21.50,20.10,20.50,21.80,22.00,21.30,23.20,23.20,23.70,23.30,23.60,25.90,22.30,24.90,20.70,23.60,20.20,20.90,20.60,22.00,21.20,22.30,20.30,25.70,25.30,24.10,21.50,21.80,23.90,21.80,25.90,21.40,25.60,21.10,25.20,23.40,23.60,21.70,25.00,22.70,25.70,24.70,24.70,20.40
TLM_RCV,-89,FG-ALPHA,20240415_084716,AUTO,0,33.04,5.00,-85,100.00,8.34,3.31,5.02,1071,408,0,268,23.32,1012.70,11.90,405.90,13.24,52.75,1080,22.20,22.80,23.20,21.30,25.40,22.10,24.70,22.10,23.90,21.10,24.60,25.20,21.40,21.20,24.50,20.70,23.70,23.20,24.30,22.50,22.60,25.10,22.10,25.90,21.20,25.70,20.30,22.20,23.90,25.70,22.30,22.30,20.50,23.00,20.50,20.90,20.90,24.70,24.20,21.80,24.70,21.80,21.80,22.00,21.80,21.90,24.00,21.60,20.40,23.60,20.70,21.50,22.00,21.60,20.10,25.30,22.40,21.20,20.40,21.40,20.50,21.40,23.00,23.50
TLM_RCV,-73,FG-ALPHA,20240415_084717,AUTO,0,31.12,5.00,-85,100.00,8.34,3.31,5.02,1017,425,0,270,22.96,1013.40,11.90,404.50,13.24,52.75,1080,20.30,25.30,22.30,25.80,23.20,20.90,21.30,22.60,21.60,20.00,25.80,21.90,22.00,25.50,22.90,24.90,22.80,25.00,20.10,23.90,24.30,24.30,25.20,23.90,23.10,24.70,20.00,24.90,23.20,20.50,23.00,21.00,23.70,22.20,24.20,23.30,20.50,22.60,20.40,25.00,20.20,25.50,22.60,25.60,20.40,25.10,24.60,25.60,20.50,24.50,21.30,20.00,22.50,25.10,21.60,22.70,22.70,24.40,25.70,22.00,23.50,22.90,22.50,20.80
TLM_RCV,-42,FG-ALPHA,20240415_084718,AUTO,0,32.17,5.00,-85,100.00,8.34,3.31,5.02,1125,433,0,280,23.46,1013.30,12.00,405.70,13.24,52.75,1080,22.00,20.20,23.10,24.10,25.20,22.60,22.50,23.10,25.20,22.00,23.70,25.40,20.40,21.00,24.90,23.40,23.80,23.10,21.70,24.30,20.00,21.50,21.20,25.60,20.40,25.80,24.90,25.90,25.20,24.50,23.50,21.10,20.60,23.50,22.60,25.80,22.40,25.20,20.30,21.90,24.20,22.90,21.60,25.10,20.80,25.60,23.30,25.90,21.50,24.30,23.20,24.20,21.90,21.70,24.90,23.60,22.70,25.60,22.40,24.40,23.60,23.90,25.10,25.00
TLM_RCV,-56,FG-ALPHA,20240415_084719,AUTO,0,31.47,5.00,-85,100.00,8.33,3.28,5.02,839,494,0,340,21.73,1012.80,11.80,406.10,13.24,52.75,1080,25.00,20.60,23.10,24.10,24.80,21.00,24.00,25.80,24.60,24.90,23.10,23.80,24.20,21.70,23.10,21.50,23.00,24.30,24.30,22.40,21.80,24.30,21.50,22.20,20.10,22.60,20.50,20.10,23.70,22.50,22.00,21.90,25.50,25.30,21.40,22.10,21.30,21.40,23.20,20.90,20.10,25.00,21.00,21.10,22.10,22.80,23.30,20.70,24.40,23.70,25.70,25.40,25.30,21.60,21.00,22.40,20.20,22.40,21.60,21.20,25.60,25.70,21.50,24.80
TLM_RCV,-58,FG-ALPHA,20240415_084720,AUTO,0,31.53,5.00,-85,100.00,8.32,3.30,5.02,953,506,0,349,22.24,1013.20,12.10,405.90,13.24,52.75,1080,20.10,25.60,21.20,24.30,25.60,22.90,22.30,22.00,23.00,20.70,20.30,21.50,25.10,21.60,22.20,20.90,20.00,23.00,23.90,25.90,24.20,23.90,23.50,21.90,21.10,24.60,25.40,23.30,24.50,24.60,24.20,22.00,22.00,23.10,21.10,25.50,24.00,21.40,24.80,22.90,25.40,24.30,24.30,23.60,21.70,20.50,25.10,21.40,22.00,25.10,25.90,20.60,21.80,20.40,22.80,24.30,22.80,21.60,22.70,25.40,24.10,20.30,20.40,24.30
TLM_RCV,-68,FG-ALPHA,20240415_084721,AUTO,0,31.06,5.00,-85,99.96,8.34,3.31,5.02,0,411,0,259,22.06,1013.60,12.10,406.30,13.24,52.75,1080,24.10,23.50,25.50,22.90,20.70,22.40,21.50,22.30,22.70,21.20,23.60,22.10,20.80,25.20,23.90,24.40,24.30,22.90,20.10,24.50,21.10,23.20,24.00,22.90,21.10,25.60,25.00,21.40,24.10,22.10,22.20,25.60,24.50,24.80,24.90,25.80,20.70,21.20,21.20,25.80,23.10,24.70,23.30,25.80,21.70,25.70,20.00,24.40,24.40,21.20,20.80,23.50,23.50,21.50,20.10,21.70,24.50,20.10,22.00,25.20,22.20,25.50,20.00,25.80
TLM_RCV,-46,FG-ALPHA,20240415_084722,AUTO,0,32.11,5.00,-85,100.00,8.34,3.29,5.02,971,422,0,268,22.75,1012.80,11.90,404.60,13.24,52.75,1080,24.80,22.20,25.90,21.10,21.90,21.70,22.80,20.80,24.70,21.80,24.80,21.60,23.90,20.80,21.80,20.10,25.80,22.30,20.90,22.50,24.20,21.50,23.10,21.00,22.60,20.30,21.40,21.50,21.00,24.30,22.60,20.70,20.30,25.90,22.60,21.60,20.90,20.10,23.90,25.80,21.70,21.90,25.60,22.30,22.60,20.50,20.50,22.60,23.60,20.40,24.10,24.80,23.70,20.30,23.00,21.00,22.70,20.20,22.00,21.90,22.50,20.00,22.90,20.60
TLM_RCV,-77,FG-ALPHA,20240415_084723,AUTO,0,32.38,5.00,-85,100.00,8.33,3.30,5.02,1068,476,0,331,22.96,1012.90,11.90,406.30,13.24,52.75,1080,23.60,23.60,25.20,22.20,22.80,23.10,24.80,25.00,23.80,25.60,20.70,23.90,24.60,24.60,22.70,21.50,20.80,20.40,22.50,23.90,25.90,24.60,20.10,22.80,20.00,23.10,23.70,22.20,20.60,20.70,25.90,20.80,25.50,20.20,24.30,20.00,25.40,23.90,22.20,24.00,23.00,21.80,23.90,25.50,20.90,21.80,20.50,22.00,22.60,22.30,20.10,21.30,21.60,24.20,25.40,22.10,20.50,21.70,25.90,20.50,25.40,24.30,25.50,23.80
TLM_RCV,-86,FG-ALPHA,20240415_084724,AUTO,0,31.22,5.00,-85,99.96,8.33,3.29,5.02,0,443,0,290,22.22,1012.90,12.00,405.40,13.24,52.75,1080,23.60,24.40,22.00,20.60,22.20,23.00,20.80,22.60,23.10,22.80,21.80,20.00,22.80,24.90,22.70,22.90,22.10,22.10,25.40,21.80,25.10,24.60,22.60,20.20,20.30,21.50,22.30,25.20,25.50,23.70,23.40,22.20,24.70,22.40,22.20,22.70,20.10,21.10,20.70,20.40,23.40,24.60,20.70,21.00,25.90,25.40,25.60,23.30,24.10,22.80,22.40,20.30,20.50,23.70,20.00,24.70,21.60,22.00,20.90,24.50,23.70,24.90,21.70,20.50
TLM_RCV,-56,FG-ALPHA,20240415_084725,AUTO,0,32.19,5.00,-85,100.00,8.33,3.31,5.02,898,439,0,297,22.30,1013.50,12.00,405.30,13.25,52.75,1080,23.30,23.70,23.70,24.60,20.40,25.90,21.30,20.20,21.90,20.10,22.70,20.40,22.50,22.60,20.40,25.40,22.40,23.10,20.00,20.90,20.10,25.10,24.80,25.30,23.30,22.30,24.00,24.50,23.00,20.80,25.60,23.10,20.00,20.60,22.30,25.40,24.10,24.80,20.50,24.80,21.70,25.30,21.20,22.50,23.80,20.60,21.10,24.80,25.40,20.30,23.80,24.20,24.10,23.00,23.00,20.60,24.90,20.10,24.30,23.00,21.10,24.40,24.10,25.10
TLM_RCV,-44,FG-ALPHA,20240415_084726,AUTO,0,31.49,5.00,-85,100.00,8.33,3.30,5.02,1157,498,0,340,23.30,1012.90,11.90,406.20,13.25,52.75,1080,22.50,22.90,20.00,24.90,25.60,24.20,25.10,24.10,23.40,21.70,24.90,22.70,24.50,23.10,20.10,20.50,20.10,23.30,25.70,22.80,22.20,22.50,24.20,24.30,23.50,24.00,21.90,24.70,25.70,20.80,22.30,25.30,20.70,21.90,23.80,21.10,23.40,20.00,24.70,24.70,21.30,23.80,23.80,22.40,20.40,20.60,25.80,25.30,20.20,24.30,23.70,20.10,22.70,24.50,23.20,20.60,23.50,24.40,25.90,20.30,21.90,22.60,20.50,20.80
TLM_RCV,-75,FG-ALPHA,20240415_084727,AUTO,0,31.49,5.00,-85,100.00,8.33,3.28,5.02,841,498,0,340,21.72,1013.10,12.00,406.20,13.25,52.75,1080,25.20,20.00,20.40,22.10,21.70,20.60,23.50,23.80,24.00,24.70,20.00,23.80,22.70,23.20,21.80,25.40,20.40,23.00,20.10,20.20,20.40,21.30,23.10,24.60,23.30,20.40,20.80,24.50,20.00,22.70,25.10,21.40,23.50,20.90,21.80,22.00,22.20,22.80,22.20,23.90,25.90,20.90,20.10,23.10,24.50,22.30,23.80,24.50,25.90,21.50,22.50,21.90,22.90,24.50,23.40,25.00,20.70,22.00,25.20,20.70,20.40,24.30,23.70,25.10
TLM_RCV,-80,FG-ALPHA,20240415_084728,AUTO,0,33.06,5.00,-85,99.96,8.34,3.31,5.02,0,411,0,263,22.06,1012.80,11.80,406.40,13.25,52.75,1080,24.90,23.90,21.60,20.80,23.50,22.20,23.10,21.80,21.20,24.10,21.00,23.00,24.50,20.40,24.30,23.70,25.70,25.20,21.20,20.10,25.50,23.80,25.50,22.60,22.80,24.80,25.30,23.20,24.70,21.00,24.80,25.80,20.30,25.60,23.10,22.80,24.70,21.50,22.70,21.60,23.00,22.90,21.90,22.60,24.80,25.60,21.20,25.60,22.30,23.10,24.60,24.70,25.00,22.50,21.00,20.40,20.50,21.30,21.80,24.50,20.40,21.80,24.50,24.40
TLM_RCV,-49,FG-ALPHA,20240415_084729,AUTO,0,33.44,5.00,-85,99.91,8.32,3.31,5.02,0,487,0,345,22.43,1013.60,12.10,405.30,13.25,52.75,1080,21.40,20.20,23.50,20.10,23.10,21.90,21.30,25.60,22.70,23.10,23.80,22.30,20.30,25.50,21.70,21.20,21.80,21.40,22.40,22.30,21.10,24.50,20.80,24.20,20.60,23.50,24.30,24.70,24.50,25.40,23.80,21.40,23.30,21.00,20.70,20.00,24.70,21.20,25.10,22.20,21.10,21.80,23.50,25.90,22.20,23.30,23.50,21.80,25.90,21.80,20.70,24.20,24.20,25.10,23.20,20.30,22.60,24.90,22.10,23.90,23.00,24.10,20.00,24.60
TLM_RCV,-65,FG-ALPHA,20240415_084730,AUTO,0,31.39,5.00,-85,99.95,8.33,3.30,5.02,849,478,0,327,21.85,1013.00,11.90,405.30,13.25,52.75,1080,78.00,22.90,20.30,24.90,23.90,25.20,25.70,23.30,20.00,24.00,21.50,23.70,22.40,25.60,25.00,21.90,21.30,23.10,22.30,22.10,21.90,23.80,23.70,20.60,23.00,24.00,22.20,20.10,20.10,25.20,22.70,22.90,23.80,24.30,21.70,20.10,20.00,24.90,21.80,20.30,20.20,25.00,20.70,24.90,23.80,24.20,23.70,21.90,21.70,24.60,23.60,25.80,22.30,21.30,21.00,23.90,23.40,23.10,20.80,25.60,25.60,22.70,25.60,24.00
TLM_RCV,-77,FG-ALPHA,20240415_084731,AUTO,0,31.03,5.00,-85,99.99,8.34,3.31,5.02,805,407,0,255,21.99,1012.70,11.80,405.80,13.25,52.75,1080,21.60,25.50,23.10,21.60,23.40,20.40,24.70,22.80,20.30,25.00,25.80,25.40,22.60,20.70,21.10,20.60,21.50,23.30,23.30,24.80,23.00,20.50,25.20,20.70,24.00,23.80,22.00,21.20,21.50,25.60,25.00,21.00,23.90,22.80,20.50,25.30,20.60,22.70,20.10,21.00,21.10,21.10,22.60,23.60,22.20,25.60,20.50,21.00,22.70,24.40,24.00,22.60,25.60,24.60,21.00,24.10,25.00,24.60,20.80,21.40,21.00,23.20,25.10,20.40
TLM_RCV,-82,FG-ALPHA,20240415_084732,AUTO,0,33.14,5.00,-85,100.00,8.34,3.28,5.02,1088,428,0,284,23.30,1013.40,12.10,405.80,13.25,52.75,1080,23.80,21.30,22.90,24.00,23.40,25.30,25.30,21.70,21.60,21.90,22.10,22.30,22.10,21.80,23.50,23.40,21.30,22.20,20.40,21.70,20.70,20.20,25.20,21.60,20.10,22.00,25.10,22.10,21.60,20.10,24.10,21.90,24.70,22.40,25.00,23.70,25.70,25.10,20.30,25.20,22.50,20.40,22.80,21.90,22.00,21.60,23.60,21.10,24.60,22.30,23.40,22.80,21.50,20.10,23.50,22.10,21.60,21.90,23.50,23.70,23.40,22.90,22.10,23.40
TLM_RCV,-75,FG-ALPHA,20240415_084733,AUTO,0,33.26,5.00,-85,100.00,8.33,3.28,5.02,914,451,0,300,22.32,1013.10,12.10,405.20,13.25,52.75,1080,23.10,23.30,24.50,24.40,22.70,24.10,24.80,25.70,24.40,25.50,22.90,23.10,24.90,21.70,25.50,22.30,25.00,25.80,24.70,23.70,22.50,23.60,20.00,21.80,23.10,23.80,21.80,21.90,20.60,22.50,25.50,24.60,20.00,25.30,24.90,22.10,21.40,20.70,22.30,23.40,20.90,25.50,25.70,25.30,25.70,20.70,20.10,20.80,21.20,24.60,25.20,25.40,23.80,24.60,22.10,20.10,24.60,25.30,25.10,20.90,21.80,23.70,21.90,22.40
TLM_RCV,-89,FG-ALPHA,20240415_084734,AUTO,0,33.44,5.00,-85,100.00,8.33,3.28,5.02,814,488,0,345,21.63,1013.10,12.10,406.00,13.25,52.75,1080,20.40,23.90,21.80,22.50,22.00,20.30,25.50,25.30,21.30,24.20,23.90,24.70,22.90,20.70,23.50,25.50,20.20,21.70,22.70,23.00,23.80,22.60,25.00,25.70,21.00,24.70,23.60,24.70,25.30,23.20,22.30,24.30,21.90,23.70,20.30,25.60,23.70,22.50,20.70,20.50,20.80,23.80,23.70,25.10,21.30,25.30,25.20,25.10,22.50,22.80,20.00,24.20,20.70,22.70,25.30,21.70,25.90,23.10,23.00,21.50,25.80,20.50,22.20,25.00
TLM_RCV,-40,FG-ALPHA,20240415_084735,AUTO,0,32.49,5.00,-85,100.00,8.33,3.28,5.02,878,498,0,341,21.90,1012.70,11.80,405.20,13.26,52.75,1080,84.10,22.50,20.00,23.30,23.30,25.90,25.20,22.30,20.90,23.50,24.90,23.80,21.10,25.10,25.10,21.70,24.60,21.90,20.90,25.80,24.30,25.70,25.10,24.90,24.70,25.20,22.90,20.50,22.90,24.40,23.20,25.00,20.40,23.80,21.30,22.60,21.80,25.60,23.10,24.10,22.00,22.20,22.90,22.30,23.80,24.20,25.50,21.80,25.80,22.20,20.90,25.40,23.90,24.30,25.00,21.20,21.40,24.90,21.80,21.30,20.80,21.50,20.30,25.00
TLM_RCV,-59,FG-ALPHA,20240415_084736,AUTO,0,32.49,5.00,-85,100.00,8.33,3.28,5.02,946,497,0,346,22.25,1013.60,11.90,405.60,13.26,52.75,1080,20.50,20.30,25.60,20.20,24.10,20.70,25.40,25.40,24.50,20.90,20.00,24.10,20.90,22.90,22.90,20.40,22.60,22.70,21.50,22.40,22.90,23.80,23.20,25.90,21.40,24.90,22.70,21.60,22.90,25.20,20.20,23.60,24.30,21.90,23.20,20.10,23.40,24.30,25.80,22.80,22.50,20.30,24.40,20.40,21.00,20.30,22.40,20.20,23.10,20.40,24.00,21.60,22.50,21.30,22.50,70.20,20.80,25.60,23.60,25.40,25.70,21.10,23.50,24.30
TLM_RCV,-80,FG-ALPHA,20240415_084737,AUTO,0,32.35,5.00,-85,100.00,8.33,3.30,5.02,1091,471,0,325,23.10,1012.90,11.90,404.60,13.26,52.75,1080,21.20,20.40,23.90,20.30,21.80,25.20,24.20,24.20,20.90,21.70,21.70,20.10,22.10,22.70,23.90,22.00,25.00,20.20,22.60,22.80,23.00,21.50,20.60,21.90,22.10,23.20,24.60,20.80,25.90,24.50,24.80,24.30,24.60,23.00,21.80,22.90,22.10,24.80,21.40,22.50,23.30,21.20,25.50,21.90,25.70,23.70,22.40,20.00,20.10,25.00,23.10,21.10,22.70,21.60,25.50,23.00,25.00,25.20,21.70,25.40,25.20,20.70,24.50,22.00
TLM_RCV,-79,FG-ALPHA,20240415_084738,AUTO,0,31.25,5.00,-85,100.00,8.33,3.29,5.02,939,451,0,302,22.44,1013.40,12.00,405.10,13.26,52.75,1080,20.60,24.10,23.90,25.30,23.80,23.20,24.50,23.20,21.10,21.50,20.90,25.20,22.50,23.80,24.90,21.90,21.70,22.70,24.60,22.20,22.80,23.90,21.60,23.00,23.50,25.40,22.30,25.50,23.90,25.80,20.50,24.90,25.20,23.10,21.40,23.40,24.90,21.60,25.00,23.10,22.50,21.00,25.80,23.50,22.10,20.60,23.80,22.20,20.90,20.20,24.90,21.30,25.40,25.90,22.60,22.10,25.00,22.90,24.60,25.80,23.90,23.10,20.20,24.80
TLM_RCV,-70,FG-ALPHA,20240415_084739,AUTO,0,33.26,5.00,-85,100.00,8.33,3.29,5.02,936,451,0,311,22.42,1013.50,11.80,405.40,13.26,52.75,1080,22.50,25.50,25.20,21.30,21.70,24.00,23.80,23.80,21.00,20.30,20.40,23.10,23.00,21.90,21.80,24.10,23.70,25.70,25.80,22.20,24.80,21.60,24.90,22.80,20.90,21.50,23.80,22.90,21.20,24.80,25.40,20.00,21.70,25.90,24.00,22.20,21.20,25.40,24.30,22.10,21.50,24.80,20.30,24.20,20.60,23.20,21.80,20.10,23.00,25.60,24.30,20.70,20.10,25.80,24.40,23.30,22.80,25.20,25.20,24.90,21.30,22.20,23.70,22.50
TLM_RCV,-66,FG-ALPHA,20240415_084740,AUTO,0,32.31,5.00,-85,100.00,8.33,3.28,5.02,1177,463,0,304,23.57,1013.20,11.90,406.00,13.26,52.75,1080,22.90,20.40,21.30,25.30,22.90,23.10,21.60,23.10,21.10,22.10,22.00,23.00,21.80,21.00,20.30,24.20,21.40,22.70,22.40,21.70,24.30,20.40,20.20,24.80,23.50,20.10,25.00,23.90,22.50,23.80,20.10,22.50,23.90,23.40,23.00,80.40,23.90,23.80,20.70,21.20,22.50,21.50,20.60,25.40,21.30,23.00,20.40,24.40,22.80,25.20,20.20,22.30,23.40,21.30,24.10,25.20,25.40,22.00,24.00,25.00,21.20,24.20,23.10,20.60
TLM_RCV,-48,FG-ALPHA,20240415_084741,AUTO,0,31.30,5.00,-85,100.00,8.33,3.31,5.02,1190,460,0,304,23.65,1012.80,12.00,406.10,13.26,52.75,1080,22.80,21.80,22.20,21.70,21.90,23.00,20.50,24.00,23.10,22.00,24.80,22.60,25.40,20.10,24.40,24.40,21.30,20.80,24.10,22.50,21.20,20.10,20.20,20.00,20.90,24.20,22.20,24.00,23.40,23.70,21.00,23.50,22.70,25.50,23.90,23.60,20.10,25.10,25.80,22.30,20.80,23.10,20.60,25.00,24.60,21.90,20.20,21.90,24.00,21.10,24.50,21.60,23.80,22.40,25.80,20.30,24.10,24.00,20.60,20.50,24.00,25.50,21.90,25.90
TLM_RCV,-90,FG-ALPHA,20240415_084742,AUTO,0,32.35,5.00,-85,100.00,8.33,3.29,5.02,984,471,0,326,22.57,1012.90,11.80,406.10,13.26,52.75,1080,24.70,25.20,24.30,22.50,20.60,21.30,20.20,23.50,25.40,23.10,22.30,25.30,21.00,24.70,20.30,23.40,25.00,23.00,21.70,22.10,24.90,22.80,21.80,21.20,21.20,25.30,21.90,22.70,23.70,20.20,25.80,22.10,24.00,22.80,22.60,22.50,20.80,25.30,23.20,25.00,22.60,23.70,21.50,23.40,25.30,25.90,21.20,23.30,20.30,25.40,25.60,21.00,24.60,21.10,23.40,20.00,23.60,24.60,24.40,25.60,24.00,25.00,23.10,22.70
TLM_RCV,-48,FG-ALPHA,20240415_084743,AUTO,0,33.00,5.00,-85,99.96,8.34,3.31,5.02,0,400,0,251,22.00,1012.80,11.80,404.80,13.26,52.75,1080,22.70,20.30,22.90,20.30,22.20,24.00,24.00,23.70,22.50,20.90,25.90,24.50,20.70,25.60,23.30,21.40,21.70,21.90,22.30,22.30,21.60,21.40,22.20,25.70,23.50,20.60,23.90,22.70,24.20,24.10,24.60,23.10,24.80,25.30,25.30,22.30,20.80,23.10,21.00,23.40,25.00,20.80,24.20,20.80,21.60,23.40,22.00,21.40,20.60,21.30,24.50,21.30,23.30,24.80,21.90,21.40,24.50,22.10,24.50,21.90,25.70,24.00,23.00,20.80
TLM_RCV,-59,FG-ALPHA,20240415_084744,AUTO,0,31.09,5.00,-85,100.00,8.34,3.31,5.02,919,419,0,271,22.50,1013.60,11.90,406.40,13.26,52.75,1080,23.30,24.30,25.80,21.20,24.60,23.10,25.30,23.90,20.80,25.80,22.00,25.70,20.50,23.70,24.30,21.30,20.90,24.60,23.20,24.20,20.80,24.50,21.70,20.20,20.10,23.20,25.80,21.70,23.20,25.00,24.10,23.10,24.10,21.30,23.50,20.70,24.20,21.90,23.90,20.00,21.00,24.50,22.10,24.70,21.90,25.70,22.30,23.70,20.90,80.90,23.80,22.80,25.20,21.60,21.80,20.40,24.80,25.50,21.60,22.20,24.50,24.80,20.20,20.10
TLM_RCV,-50,FG-ALPHA,20240415_084745,AUTO,0,33.26,5.00,-85,100.00,8.33,3.28,5.02,927,452,0,300,22.37,1012.90,11.90,405.70,13.27,52.75,1080,24.80,22.90,23.30,22.40,20.20,20.00,24.20,21.60,20.40,20.80,21.40,23.70,23.80,22.40,21.80,21.00,25.90,25.80,23.70,23.80,24.00,23.30,22.30,24.20,20.90,25.90,21.40,25.10,21.00,22.50,22.00,24.00,21.00,23.50,20.60,24.60,25.60,20.00,22.40,20.50,22.20,25.70,21.00,20.70,23.00,25.70,23.20,22.50,25.50,23.90,24.40,25.70,25.80,23.20,22.40,21.00,22.70,23.70,22.70,22.00,20.40,23.40,24.10,20.60
TLM_RCV,-57,FG-ALPHA,20240415_084746,AUTO,0,31.48,5.00,-85,100.00,8.33,3.30,5.02,992,496,0,340,22.48,1012.90,11.80,404.70,13.27,52.75,1080,22.40,23.70,25.00,22.70,20.60,23.40,25.20,24.50,21.00,25.10,23.30,25.10,24.60,21.00,23.50,23.40,21.10,21.90,23.20,20.10,24.20,21.50,23.90,22.40,20.70,24.30,20.00,22.90,23.70,21.20,21.30,23.00,20.20,23.90,25.60,21.20,25.30,23.80,22.60,21.90,24.70,22.70,25.90,23.00,22.50,22.10,21.00,23.40,21.20,25.70,22.20,24.20,20.20,24.50,20.20,21.20,23.50,22.90,24.60,25.90,20.60,20.80,25.10,21.40
TLM_RCV,-63,FG-ALPHA,20240415_084747,AUTO,0,31.34,5.00,-85,100.00,8.33,3.28,5.02,899,468,0,315,22.16,1013.10,11.90,404.50,13.27,52.75,1080,25.10,25.40,21.40,22.70,23.60,21.70,25.90,21.50,20.70,23.90,24.60,25.20,20.20,25.60,23.10,24.30,20.20,23.30,23.80,20.40,20.80,25.50,25.70,24.10,24.10,22.70,23.60,23.80,23.90,23.00,20.20,23.60,20.40,22.60,25.90,22.40,22.90,23.60,23.80,25.90,22.10,22.80,22.20,24.00,22.50,20.60,23.20,23.20,24.60,24.00,21.40,25.20,22.90,23.00,22.70,24.20,20.10,21.20,22.30,21.40,25.40,20.30,25.80,23.60
TLM_RCV,-64,FG-ALPHA,20240415_084809,AUTO,0,32.05,5.00,-85,100.00,8.34,3.31,5.02,942,410,0,256,22.66,1013.60,12.00,405.00,13.29,52.75,1080,21.00,24.60,22.10,22.50,23.40,20.90,21.50,20.90,21.00,25.60,20.40,20.00,20.30,23.20,21.50,23.40,23.60,22.30,22.80,25.50,22.90,23.40,20.40,24.80,24.40,24.50,25.30,25.20,23.90,20.10,25.00,21.50,24.20,23.20,23.40,21.60,21.10,25.60,22.90,20.50,20.10,22.90,25.10,25.00,21.90,23.40,25.70,25.00,22.60,25.80,25.90,24.30,24.20,22.40,23.90,25.30,20.50,22.90,24.00,23.80,22.50,24.60,22.70,20.40
TLM_RCV,-76,FG-ALPHA,20240415_084810,AUTO,0,32.19,5.00,-85,99.96,8.33,3.29,5.02,0,438,0,293,22.19,1012.70,12.00,405.90,13.29,52.75,1080,22.20,20.70,23.80,24.20,24.60,20.10,23.80,20.80,22.50,25.70,25.30,25.20,25.80,25.40,20.80,20.00,20.20,24.50,22.70,21.80,21.00,20.10,20.70,24.70,25.20,23.20,20.00,24.50,25.40,24.40,20.60,20.60,25.30,25.90,20.00,21.80,25.00,21.20,20.60,20.60,20.40,20.50,21.00,22.50,20.40,20.20,22.10,20.40,20.90,23.70,24.10,22.40,21.80,22.00,23.10,25.20,24.30,22.50,23.60,22.60,23.30,20.10,24.70,22.20
TLM_RCV,-46,FG-ALPHA,20240415_084811,AUTO,0,32.42,5.00,-85,100.00,8.33,3.28,5.02,1027,483,0,339,22.72,1013.00,12.00,405.10,13.29,52.75,1080,20.20,25.80,22.70,22.10,23.90,21.40,24.60,22.80,21.80,25.80,21.60,24.50,23.10,20.40,21.80,21.90,25.50,21.00,21.90,22.30,21.30,23.50,21.20,21.80,22.70,24.70,20.80,25.30,20.50,20.20,22.80,25.30,20.50,21.00,21.70,24.70,20.70,25.30,25.50,22.60,25.00,24.30,25.70,20.20,20.30,23.90,24.10,25.90,20.80,21.00,21.10,21.40,22.30,21.00,21.80,23.30,20.00,24.30,20.80,20.20,21.60,21.40,25.10,25.20
TLM_RCV,-92,FG-ALPHA,20240415_084812,AUTO,0,33.08,5.00,-85,100.00,8.34,3.31,5.02,812,416,0,268,21.98,1013.60,11.90,406.10,13.29,52.75,1080,25.30,21.50,25.50,23.90,24.30,21.10,20.90,23.90,22.00,25.60,25.40,22.40,25.10,25.30,20.30,22.60,23.40,24.00,21.10,23.20,24.80,22.30,21.30,20.30,25.10,23.80,23.80,23.30,21.80,25.90,23.30,20.80,23.80,21.40,23.70,20.50,24.90,22.20,23.90,21.10,23.60,24.70,22.80,21.90,23.00,23.30,22.20,22.50,25.70,25.80,25.50,25.60,20.50,24.60,23.30,23.80,21.80,25.50,20.80,22.40,24.10,21.20,22.70,23.50
TLM_RCV,-91,FG-ALPHA,20240415_084813,AUTO,0,32.34,5.00,-85,100.00,8.33,3.30,5.02,838,468,0,309,21.85,1013.60,12.00,404.60,13.29,52.75,1080,20.00,21.10,24.00,20.90,21.00,20.80,21.40,22.90,21.40,25.50,21.40,20.40,25.90,24.30,25.10,25.10,24.90,24.00,20.40,20.50,23.90,25.20,25.90,20.30,20.00,22.80,20.90,25.10,24.20,23.20,20.40,25.70,25.80,25.10,22.50,25.10,23.70,24.60,20.70,20.90,21.70,24.50,20.10,22.40,24.40,20.60,23.30,22.70,22.20,20.80,21.20,24.80,23.60,20.30,22.40,23.60,20.50,23.60,23.10,25.30,22.00,25.40,23.10,21.90
TLM_RCV,-73,FG-ALPHA,20240415_084814,AUTO,0,31.08,5.00,-85,99.96,8.34,3.30,5.02,0,415,0,263,22.08,1013.10,11.80,405.10,13.29,52.75,1080,24.50,25.20,25.90,21.80,21.60,24.00,25.90,25.00,22.00,20.30,24.40,20.30,25.80,24.00,20.10,21.70,24.50,23.50,23.70,21.00,25.70,23.50,21.20,23.40,22.80,23.10,24.00,25.20,20.30,24.80,20.90,24.80,20.80,25.10,20.20,20.30,24.10,23.20,23.70,25.50,25.50,25.40,22.90,22.80,22.20,20.10,24.20,23.30,20.70,22.20,21.30,25.20,20.80,23.20,20.90,25.50,23.30,24.50,20.20,21.10,22.30,25.50,25.20,23.60
TLM_RCV,-72,FG-ALPHA,20240415_084815,AUTO,0,31.12,5.00,-85,100.00,8.34,3.31,5.02,903,424,0,276,22.40,1012.70,11.80,405.80,13.30,52.75,1080,20.70,25.20,24.50,23.40,25.10,20.70,23.30,21.30,23.70,24.00,24.40,23.80,21.30,23.80,25.20,23.20,20.50,23.60,20.10,22.90,23.80,23.70,20.30,25.20,23.70,24.30,25.90,25.70,24.20,21.90,24.80,24.20,22.40,24.50,23.20,25.10,24.30,24.80,24.20,25.40,23.30,22.20,25.20,20.60,23.40,20.20,24.40,22.40,22.40,23.10,20.40,25.50,20.60,25.80,24.40,25.80,23.60,25.10,21.60,22.00,23.00,24.60,22.70,20.90
TLM_RCV,-55,FG-ALPHA,20240415_084816,AUTO,0,32.48,5.00,-85,100.00,8.33,3.28,5.02,988,496,0,337,22.46,1012.80,11.90,405.70,13.30,52.75,1080,24.50,22.60,25.20,21.30,23.50,23.20,24.30,21.30,23.10,22.70,21.90,25.40,24.20,22.80,21.20,22.90,25.40,25.20,24.90,25.80,24.20,22.50,22.50,25.40,21.30,23.30,24.20,23.50,25.70,23.90,21.00,22.10,24.80,21.90,20.60,20.80,24.20,21.30,24.60,20.60,23.50,21.40,20.60,24.50,23.30,23.50,22.30,24.70,20.10,23.90,21.90,21.70,20.10,24.80,23.70,23.50,22.50,22.70,25.50,21.70,23.50,21.00,22.70,24.30
TLM_RCV,-42,FG-ALPHA,20240415_084817,AUTO,0,32.44,5.00,-85,100.00,8.33,3.31,5.02,973,488,0,342,22.42,1013.40,11.90,406.40,13.30,52.75,1080,25.10,24.40,25.30,24.80,25.30,20.40,20.00,21.30,21.50,20.80,21.80,20.00,21.60,23.20,25.70,25.20,24.30,21.40,21.50,24.90,22.60,20.50,21.30,20.20,23.10,20.00,23.00,21.50,21.20,20.40,20.50,21.90,22.80,23.50,25.60,20.60,21.60,20.90,23.60,21.60,23.80,21.20,20.60,25.80,23.00,21.10,23.50,22.20,25.10,20.10,22.20,22.20,23.70,24.60,21.20,20.30,23.40,25.20,23.10,24.80,25.00,25.90,24.10,25.80
TLM_RCV,-72,FG-ALPHA,20240415_084818,AUTO,0,32.13,5.00,-85,100.00,8.34,3.29,5.02,998,426,0,280,22.86,1012.90,12.10,405.50,13.30,52.75,1080,21.30,20.50,21.00,24.00,23.30,23.90,21.10,21.40,21.70,22.50,25.40,24.50,22.60,24.60,20.00,23.60,20.90,21.60,20.00,22.00,20.10,20.60,22.70,25.90,25.80,20.80,25.10,23.10,21.40,21.80,22.70,24.00,22.30,21.70,23.00,25.80,20.20,22.50,25.80,22.10,20.10,25.20,24.40,24.20,22.30,23.00,23.50,20.50,21.00,24.20,87.00,22.40,20.70,22.10,20.30,24.80,21.30,22.80,23.10,23.10,20.90,20.20,23.70,23.30
TLM_RCV,-75,FG-ALPHA,20240415_084819,AUTO,0,31.05,5.00,-85,100.00,8.34,3.29,5.02,1108,409,0,265,23.50,1013.50,12.00,405.80,13.30,52.75,1080,20.90,23.70,20.90,24.20,23.80,22.00,22.90,23.40,21.10,22.70,24.30,25.40,22.00,22.90,24.70,20.20,20.50,20.20,20.40,25.60,21.00,21.00,21.30,22.50,22.80,25.20,20.30,25.50,21.00,21.40,22.00,20.30,23.00,23.10,22.00,23.40,25.70,25.00,23.50,23.90,20.70,25.40,24.90,20.30,24.50,20.80,22.00,23.20,24.00,24.10,23.80,23.80,23.90,23.40,20.60,23.80,20.00,22.00,24.20,23.70,22.40,24.20,22.50,23.90
TLM_RCV,-80,FG-ALPHA,20240415_084820,AUTO,0,32.45,5.00,-85,100.00,8.33,3.31,5.02,1031,490,0,338,22.70,1012.90,12.00,406.40,13.30,52.75,1080,24.00,20.20,24.30,20.10,22.60,23.10,24.30,23.60,24.20,21.50,22.20,22.90,23.90,21.10,25.40,21.10,22.80,23.40,23.90,21.40,78.80,23.00,21.70,25.40,21.80,24.40,25.30,24.50,22.10,21.30,23.10,24.80,20.00,20.90,22.70,25.80,23.70,23.30,25.80,24.60,23.80,25.80,24.40,22.10,20.80,24.80,23.40,24.20,22.60,21.40,25.30,20.90,22.30,24.00,25.70,20.00,24.80,20.50,25.30,21.60,22.70,24.70,21.30,20.80
TLM_RCV,-67,FG-ALPHA,20240415_084821,AUTO,0,33.44,5.00,-85,100.00,8.33,3.30,5.02,1010,487,0,331,22.61,1013.50,11.90,404.70,13.30,52.75,1080,20.10,23.80,24.40,25.90,25.80,25.00,25.20,23.80,24.50,22.90,21.10,21.50,22.20,25.60,21.40,20.30,21.60,20.70,20.60,20.90,20.20,24.00,20.60,20.00,24.40,25.10,24.40,20.80,22.20,21.60,25.40,24.60,20.00,25.40,21.20,23.80,24.40,23.10,23.20,21.40,23.60,21.10,22.30,20.80,23.10,21.20,21.80,24.90,21.70,21.80,22.80,20.90,25.10,25.20,22.90,23.90,25.60,22.80,22.50,24.20,20.90,21.20,21.60,21.70
TLM_RCV,-50,FG-ALPHA,20240415_084822,AUTO,0,31.45,5.00,-85,100.00,8.33,3.30,5.02,959,490,0,342,22.34,1013.40,11.90,404.50,13.30,52.75,1080,20.40,25.60,21.90,20.90,23.80,25.40,22.90,22.20,21.50,21.80,24.00,23.40,20.30,23.40,24.10,21.80,22.30,22.10,21.80,21.10,25.00,22.80,20.70,24.80,24.50,21.10,24.70,21.60,24.10,20.60,20.80,20.00,22.90,20.60,23.90,25.00,22.90,21.60,21.60,21.20,24.00,22.30,24.90,20.10,20.20,24.80,25.80,20.30,20.90,25.30,23.90,23.90,20.70,25.20,25.60,20.60,20.80,23.90,21.20,23.50,21.30,23.20,23.90,22.10
TLM_RCV,-44,FG-ALPHA,20240415_084823,AUTO,0,31.22,5.00,-85,99.96,8.33,3.31,5.02,0,444,0,302,22.22,1013.20,11.90,405.10,13.30,52.75,1080,20.50,25.50,23.10,23.80,25.40,20.10,24.40,23.10,20.00,21.40,25.80,20.10,21.70,23.30,23.50,20.50,25.10,24.90,21.70,25.90,23.30,25.80,24.80,25.90,24.00,22.60,22.90,21.00,25.20,25.20,22.20,21.00,23.60,21.30,21.30,25.00,20.50,25.80,20.70,25.00,20.80,25.00,20.70,23.40,23.00,24.10,21.10,24.40,20.10,22.50,21.60,23.10,20.80,24.60,23.60,25.00,24.10,23.30,23.30,20.10,23.90,20.20,20.30,25.80
TLM_RCV,-83,FG-ALPHA,20240415_084824,AUTO,0,33.40,5.00,-85,99.91,8.33,3.29,5.02,0,479,0,321,22.40,1012.90,11.80,405.00,13.30,52.75,1080,22.80,22.10,20.20,23.30,23.80,22.60,25.90,21.90,20.60,21.70,24.00,22.70,24.60,21.00,22.80,21.50,21.70,24.30,22.10,23.60,20.00,24.40,24.40,22.00,22.50,21.00,21.00,25.10,24.90,21.00,24.50,22.60,22.30,20.00,22.80,21.40,25.30,20.40,24.90,23.30,24.10,21.40,21.80,23.90,20.90,25.50,24.30,25.10,20.70,22.50,20.00,21.90,20.90,24.90,25.70,22.40,20.20,20.30,24.10,22.00,23.10,20.40,22.50,24.70
TLM_RCV,-86,FG-ALPHA,20240415_084825,AUTO,0,32.17,5.00,-85,99.95,8.33,3.31,5.02,856,434,0,290,22.11,1013.20,12.00,406.30,13.31,52.75,1080,25.40,25.30,22.00,24.40,25.30,22.10,23.00,22.90,20.20,25.70,22.20,25.10,21.40,23.60,24.20,21.50,20.20,22.20,24.90,20.50,25.80,22.40,21.10,23.90,23.70,25.40,21.60,22.20,21.00,24.50,25.40,21.50,21.60,24.80,24.10,20.50,21.00,25.60,22.40,20.20,22.80,20.00,20.70,23.80,23.40,21.70,22.10,22.60,21.30,20.80,20.70,24.10,20.50,20.30,25.40,21.20,21.70,22.20,21.80,20.20,21.10,24.60,23.70,24.20
TLM_RCV,-69,FG-ALPHA,20240415_084826,AUTO,0,31.23,5.00,-85,99.99,8.33,3.30,5.02,883,446,0,291,22.18,1013.10,12.10,405.70,13.31,52.75,1080,21.90,20.00,20.00,20.10,24.50,20.20,23.40,20.90,25.70,22.70,20.60,22.90,23.20,24.80,23.90,21.00,22.90,22.70,25.80,21.80,20.60,24.60,22.00,22.90,23.40,21.20,25.50,25.60,25.60,20.30,23.30,20.10,21.30,20.40,21.90,22.90,25.40,21.60,23.80,25.70,22.20,22.80,23.10,23.70,22.00,21.20,24.60,25.70,20.30,22.40,25.30,24.00,24.00,23.10,22.60,23.00,24.10,22.30,21.00,20.30,24.50,23.90,22.30,25.10
TLM_RCV,-69,FG-ALPHA,20240415_084827,AUTO,0,32.17,5.00,-85,99.95,8.33,3.31,5.02,0,435,0,282,22.17,1012.80,11.80,404.80,13.31,52.75,1080,25.90,25.80,24.30,23.70,21.90,21.30,25.40,23.60,23.70,21.30,25.40,20.80,22.60,22.30,20.90,23.40,22.00,25.20,24.30,22.20,24.00,23.50,25.10,22.70,22.70,23.90,25.30,23.50,23.90,20.00,23.00,20.10,24.10,20.10,20.00,24.40,21.70,25.20,25.60,24.60,24.10,23.30,21.50,20.40,21.70,23.90,23.40,20.60,23.70,25.00,20.90,21.80,20.10,21.70,24.90,20.50,23.40,24.20,20.40,20.70,24.30,23.50,24.20,23.20
TLM_RCV,-75,FG-ALPHA,20240415_084828,AUTO,0,32.28,5.00,-85,100.00,8.33,3.31,5.02,976,456,0,309,22.60,1013.30,11.80,405.20,13.31,52.75,1080,23.50,22.90,22.80,24.70,20.50,21.80,25.30,24.00,23.80,24.20,20.70,23.80,21.70,23.10,25.70,24.90,20.40,21.70,25.90,22.60,24.50,20.50,20.60,23.40,23.90,22.00,24.70,22.40,25.30,23.30,20.90,20.10,24.20,20.10,20.30,25.20,22.60,20.30,21.60,23.30,21.20,24.00,24.00,24.20,21.30,20.80,24.10,25.60,23.80,20.70,23.70,20.60,24.70,22.30,25.20,21.60,20.00,24.10,25.20,25.30,21.70,20.50,21.10,22.90
TLM_RCV,-46,FG-ALPHA,20240415_084829,AUTO,0,31.22,5.00,-85,99.96,8.33,3.30,5.02,0,443,0,296,22.22,1013.30,12.10,405.70,13.31,52.75,1080,23.10,22.60,23.10,24.20,22.70,21.00,23.90,20.30,20.50,24.80,20.90,24.00,22.70,22.80,25.90,21.50,21.40,24.00,21.20,20.70,20.60,22.40,22.30,24.60,20.10,20.20,24.70,22.20,20.80,25.30,22.50,23.50,21.10,20.90,20.50,20.00,20.00,22.90,25.60,20.60,24.10,20.20,23.70,20.30,21.50,23.50,25.30,20.10,20.30,25.30,23.40,25.70,23.80,25.80,21.50,23.40,22.30,21.90,21.60,24.40,25.70,24.60,25.10,20.90
TLM_RCV,-67,FG-ALPHA,20240415_084830,AUTO,0,32.35,5.00,-85,99.91,8.33,3.28,5.02,0,471,0,325,22.35,1012.70,11.90,405.60,13.31,52.75,1080,24.60,20.30,21.20,20.60,24.40,23.60,20.80,25.00,20.30,24.10,21.80,20.60,24.10,25.00,22.30,20.40,20.00,20.20,20.50,20.20,23.40,22.00,23.70,21.30,21.10,20.90,20.70,23.70,20.40,25.80,25.80,22.80,24.70,21.70,25.30,22.10,24.10,21.80,24.20,25.80,20.60,22.40,24.80,24.00,20.70,20.00,24.10,25.00,21.40,22.70,21.40,20.70,20.00,23.40,23.80,21.60,25.70,21.70,24.40,23.40,22.70,23.90,21.10,20.70
TLM_RCV,-57,FG-ALPHA,20240415_084831,AUTO,0,32.03,5.00,-85,99.95,8.34,3.31,5.02,804,405,0,257,22.00,1013.50,11.80,405.10,13.31,52.75,1080,23.90,22.80,22.40,20.60,20.90,25.10,25.00,21.60,22.00,23.50,25.70,22.70,20.30,21.80,23.90,25.00,25.60,20.80,22.70,24.50,23.70,23.00,22.40,25.80,20.50,25.80,21.30,20.50,23.30,23.20,25.20,22.60,21.90,22.90,20.20,25.70,20.70,23.70,22.90,20.30,23.80,23.50,21.70,21.30,25.50,21.50,24.40,22.00,25.30,22.20,22.20,23.70,23.50,25.10,20.40,25.40,23.50,23.30,22.30,23.20,24.30,23.90,22.90,20.00
TLM_RCV,-71,FG-ALPHA,20240415_084832,AUTO,0,33.40,5.00,-85,100.00,8.33,3.29,5.02,1182,481,0,329,23.50,1013.60,11.80,404.60,13.31,52.75,1080,24.90,23.60,22.70,25.60,21.40,23.20,24.30,21.30,22.30,25.40,22.80,20.00,25.80,22.90,21.00,21.90,24.70,20.80,21.90,24.50,22.20,23.00,24.10,24.40,22.30,24.40,21.30,21.20,23.90,25.20,23.10,25.90,21.80,24.10,24.20,20.20,23.70,24.10,25.90,23.80,21.20,25.10,22.40,23.10,23.00,20.40,25.80,21.30,20.90,22.20,20.20,25.60,20.50,23.30,25.20,20.50,25.50,24.80,24.90,24.50,20.20,24.40,24.90,23.60
TLM_RCV,-42,FG-ALPHA,20240415_084833,AUTO,0,31.24,5.00,-85,100.00,8.33,3.28,5.02,1043,447,0,306,22.98,1013.00,12.00,404.90,13.31,52.75,1080,21.90,23.20,21.90,21.40,22.20,21.30,21.60,25.60,25.60,23.50,24.50,23.50,23.40,24.70,24.00,23.10,23.80,23.80,21.20,21.00,24.70,23.60,21.70,20.50,24.60,23.40,22.90,21.60,25.70,22.20,23.10,23.00,22.30,20.20,21.50,24.60,22.30,25.70,21.70,23.70,22.10,24.20,25.20,25.70,22.50,22.10,22.00,21.10,20.60,22.80,22.00,25.40,25.30,25.90,22.00,25.30,23.20,24.90,20.40,22.40,23.90,23.00,21.90,20.10
TLM_RCV,-57,FG-ALPHA,20240415_084834,AUTO,0,31.40,5.00,-85,100.00,8.33,3.31,5.02,1084,480,0,331,23.02,1013.00,11.90,405.40,13.31,52.75,1080,22.00,20.00,22.50,20.60,20.90,24.70,23.70,24.50,25.20,24.20,23.70,25.50,25.00,20.30,23.00,20.70,24.40,24.50,25.60,20.10,23.00,23.80,21.90,20.90,21.90,20.60,20.60,25.90,23.60,22.70,20.50,22.20,20.40,23.10,22.40,24.90,23.00,21.50,24.70,21.60,20.90,20.10,25.30,24.90,24.30,24.50,24.40,24.70,22.20,22.40,23.30,21.80,24.80,24.70,25.30,22.60,24.80,22.00,21.20,25.60,24.30,23.70,20.80,24.20
TLM_RCV,-90,FG-ALPHA,20240415_084835,AUTO,0,33.25,5.00,-85,100.00,8.33,3.30,5.02,999,450,0,309,22.75,1013.20,12.10,405.20,13.32,52.75,1080,23.50,25.50,25.70,20.60,24.50,23.80,22.00,20.80,22.50,21.40,21.10,22.50,24.40,22.60,22.30,22.20,25.20,25.80,22.40,22.20,25.70,24.10,21.00,23.40,22.90,20.70,25.30,21.90,21.80,21.20,21.50,21.80,22.80,25.80,23.90,24.40,24.40,22.20,20.50,20.90,23.80,25.40,24.60,20.40,25.70,24.70,21.70,22.20,21.50,22.40,25.30,22.10,22.80,20.00,23.30,20.80,22.00,24.70,20.40,25.10,21.80,22.00,22.00,22.10
TLM_RCV,-76,FG-ALPHA,20240415_084836,AUTO,0,31.35,5.00,-85,100.00,8.33,3.29,5.02,985,470,0,325,22.58,1013.60,12.10,405.50,13.32,52.75,1080,21.90,22.10,21.40,20.00,23.00,22.40,23.50,22.40,24.90,20.10,20.40,23.00,25.50,24.10,22.50,25.60,20.70,21.50,24.10,20.70,24.50,24.40,20.50,24.90,21.30,24.20,21.70,23.90,22.40,23.40,24.90,24.30,21.10,21.60,20.00,25.00,21.70,22.90,23.90,20.10,21.40,20.70,23.10,25.10,23.20,23.30,23.70,25.80,23.10,20.40,24.30,20.60,25.60,24.20,21.50,25.20,23.20,22.00,22.00,20.00,25.10,25.30,21.20,24.90
TLM_RCV,-82,FG-ALPHA,20240415_084837,AUTO,0,32.03,5.00,-85,99.96,8.34,3.30,5.02,0,406,0,259,22.03,1013.50,12.00,404.60,13.32,52.75,1080,21.00,25.60,24.00,24.40,25.70,72.00,23.90,20.70,24.80,20.40,23.50,22.00,25.50,20.60,23.20,22.70,20.90,22.60,24.10,20.30,24.10,21.20,24.70,22.70,24.70,20.50,20.40,21.70,20.70,25.40,24.40,21.50,22.40,24.70,24.90,25.20,24.60,22.10,21.20,25.90,23.00,25.60,25.10,22.20,23.80,25.10,21.20,22.20,25.40,21.80,22.10,23.30,24.70,20.40,21.50,24.20,22.90,22.30,20.50,20.70,20.80,22.50,24.40,22.50
TLM_RCV,-41,FG-ALPHA,20240415_084838,AUTO,0,31.19,5.00,-85,99.92,8.33,3.31,5.02,0,438,0,285,22.19,1013.00,12.00,405.10,13.32,52.75,1080,24.70,25.10,25.70,22.10,21.80,24.70,24.00,21.80,23.60,20.50,25.40,25.00,24.80,23.50,23.90,23.90,24.80,24.00,25.30,21.00,25.90,20.90,20.20,23.70,23.30,20.40,23.40,20.20,22.50,24.60,22.00,20.80,20.30,20.80,22.20,20.60,21.60,22.80,24.80,21.20,22.40,20.20,20.10,21.70,21.30,20.50,25.90,22.30,22.20,21.50,21.80,23.20,20.10,25.90,25.30,20.50,20.10,21.20,22.40,23.00,23.90,20.90,21.50,24.50
TLM_RCV,-93,FG-ALPHA,20240415_084839,AUTO,0,33.13,5.00,-85,99.99,8.34,3.29,5.02,1147,425,0,267,23.61,1012.80,12.10,406.40,13.32,52.75,1080,25.20,25.20,21.80,24.90,25.70,20.50,23.60,25.50,22.50,22.00,24.60,21.30,24.40,20.60,24.30,24.50,21.30,22.50,21.20,25.50,24.40,23.00,23.20,24.10,20.30,24.50,20.00,24.80,22.50,20.80,24.20,21.00,25.40,24.50,21.00,23.70,23.50,20.10,21.20,21.10,23.90,20.90,24.10,24.80,20.80,25.60,25.10,24.80,20.80,22.20,24.80,21.50,21.60,23.90,20.90,20.10,21.70,20.30,23.00,21.80,21.40,25.90,20.00,24.10
TLM_RCV,-94,FG-ALPHA,20240415_084840,AUTO,0,31.17,5.00,-85,100.00,8.33,3.31,5.02,949,435,0,293,22.57,1013.10,11.90,406.40,13.32,52.75,1080,21.40,23.00,25.70,20.00,20.50,20.40,20.60,22.40,20.80,23.50,21.10,21.40,21.00,24.80,21.20,21.30,24.50,21.00,25.30,23.00,24.50,25.80,20.10,24.20,24.00,20.50,24.80,23.30,20.30,24.70,25.20,25.90,21.90,25.90,24.10,21.10,23.70,22.00,24.40,22.80,25.40,20.90,24.20,24.10,23.60,21.00,20.10,25.70,23.30,21.60,25.80,23.30,21.90,24.40,21.50,20.40,23.20,20.00,20.80,21.70,23.90,21.50,23.60,25.20
TLM_RCV,-83,FG-ALPHA,20240415_084841,AUTO,0,31.98,5.00,-85,100.00,8.34,3.30,5.02,1006,395,0,251,23.06,1012.70,11.80,405.20,13.32,52.75,1080,22.30,23.50,21.10,24.00,20.10,24.50,20.50,25.90,23.60,21.70,21.60,25.80,22.10,25.60,22.60,21.80,21.60,22.40,23.70,24.50,22.10,21.20,21.70,22.30,22.30,21.80,23.00,22.80,25.00,21.10,25.50,23.50,24.30,20.10,21.70,20.10,23.50,24.30,24.10,22.00,25.70,23.30,21.90,21.10,24.80,22.00,23.40,20.00,22.20,23.40,20.70,23.50,21.80,20.70,25.30,21.70,22.20,25.40,24.60,23.70,20.80,24.90,20.50,24.00
TLM_RCV,-47,FG-ALPHA,20240415_084842,AUTO,0,31.13,5.00,-85,100.00,8.34,3.30,5.02,1062,426,0,270,23.18,1013.10,12.10,405.80,13.32,52.75,1080,25.30,25.70,20.30,23.40,20.80,24.40,25.60,21.00,20.40,22.90,25.40,23.10,23.40,23.50,24.90,24.90,20.20,25.10,20.40,21.90,25.60,22.10,23.00,22.40,21.30,25.80,20.60,23.00,22.50,23.30,20.10,22.60,24.70,23.20,25.00,24.30,20.90,24.90,23.00,20.50,21.60,23.40,25.40,23.90,24.50,25.10,23.50,21.60,22.20,20.00,23.00,23.30,22.40,23.20,24.60,23.10,24.90,21.40,21.40,22.60,22.50,25.50,25.30,24.10
TLM_RCV,-46,FG-ALPHA,20240415_084843,AUTO,0,32.23,5.00,-85,100.00,8.33,3.30,5.02,830,446,0,292,21.92,1013.00,11.80,404.80,13.32,52.75,1080,21.70,22.60,20.80,23.50,22.00,22.60,24.80,23.40,25.20,24.80,23.30,20.90,25.00,23.80,21.20,24.00,21.90,24.70,25.00,21.90,23.50,23.90,21.50,23.80,21.90,23.40,22.40,21.20,23.90,25.70,25.00,24.70,23.20,22.60,24.00,23.10,25.50,24.50,21.50,23.60,25.10,20.80,21.60,20.80,23.60,20.10,24.60,22.20,24.00,22.10,25.30,25.80,20.30,25.10,23.70,20.30,24.20,22.80,23.00,22.50,22.70,22.80,22.20,20.40
TLM_RCV,-55,FG-ALPHA,20240415_084844,AUTO,0,33.16,5.00,-85,100.00,8.34,3.28,5.02,1046,432,0,286,23.07,1012.70,11.90,406.20,13.32,52.75,1080,20.50,20.10,20.30,23.50,25.40,24.10,21.10,24.70,20.40,20.50,25.40,23.30,21.10,23.30,21.60,20.20,22.90,20.10,23.40,25.60,22.70,25.40,25.20,25.60,20.50,20.90,20.40,25.20,20.30,25.40,23.70,24.90,25.60,20.60,24.10,24.00,23.40,20.70,22.50,21.80,22.70,20.80,21.80,21.90,24.40,23.90,20.60,23.60,22.40,24.50,23.00,23.10,21.30,23.80,20.90,25.00,21.40,20.40,24.90,25.50,20.80,25.80,25.60,21.10
TLM_RCV,-91,FG-ALPHA,20240415_084845,AUTO,0,32.06,5.00,-85,100.00,8.34,3.31,5.02,830,413,0,261,22.08,1013.30,11.90,405.20,13.33,52.75,1080,25.80,25.60,22.10,23.80,23.80,24.00,25.30,20.50,25.10,20.30,22.00,22.90,20.70,21.60,21.90,22.50,22.70,23.30,25.50,20.80,24.60,20.00,25.30,21.10,23.50,23.10,21.80,25.10,22.30,23.60,23.10,22.10,21.10,23.80,25.70,22.00,21.70,22.50,23.60,25.90,21.80,20.80,24.50,22.50,20.60,24.20,25.60,21.40,24.70,25.90,24.30,24.10,20.10,25.50,25.20,22.00,22.20,22.40,21.40,25.90,23.30,21.70,22.70,21.20
TLM_RCV,-58,FG-ALPHA,20240415_084846,AUTO,0,32.22,5.00,-85,100.00,8.33,3.30,5.02,1040,444,0,296,22.98,1012.80,12.00,406.00,13.33,52.75,1080,21.20,21.70,21.30,22.60,20.80,20.60,23.20,22.30,20.30,25.50,23.80,21.20,22.80,21.10,25.40,20.90,20.60,23.30,22.90,22.40,21.50,25.40,20.00,22.30,23.90,20.70,22.60,24.00,20.90,20.60,20.20,20.10,25.80,20.00,23.40,20.60,21.70,25.00,24.10,23.40,23.10,21.70,20.80,20.00,84.30,25.40,25.10,22.80,20.30,20.10,22.00,24.60,25.50,25.90,20.70,24.50,22.40,21.10,20.70,23.90,22.70,21.00,22.20,21.40
TLM_RCV,-53,FG-ALPHA,20240415_084847,AUTO,0,31.41,5.00,-85,100.00,8.33,3.28,5.02,1074,481,0,339,22.97,1013.10,11.80,404.80,13.33,52.75,1080,20.90,22.70,20.70,21.80,21.30,25.60,25.90,21.20,22.10,20.70,23.70,20.80,21.20,23.70,22.70,22.40,24.40,21.20,22.00,23.80,20.70,21.80,24.30,24.00,24.80,24.40,22.90,20.50,20.30,21.70,25.40,25.60,25.70,24.30,23.60,23.00,23.40,22.20,23.70,24.90,23.20,22.80,20.00,86.20,20.40,25.50,23.40,21.00,20.10,25.20,20.30,23.40,20.10,23.40,24.80,25.30,21.10,21.70,24.60,21.90,21.90,20.70,24.10,21.40
TLM_RCV,-52,FG-ALPHA,20240415_084848,AUTO,0,32.19,5.00,-85,99.96,8.33,3.28,5.02,0,437,0,284,22.18,1012.70,11.80,405.10,13.33,52.75,1080,84.20,22.60,21.00,23.00,25.20,23.10,24.20,20.70,25.00,22.60,23.10,22.20,23.50,24.70,24.60,23.40,23.40,23.70,24.60,25.80,23.10,20.00,25.50,22.70,25.10,20.70,22.10,20.40,24.30,22.80,23.20,20.90,21.60,23.50,21.90,24.20,22.40,24.80,25.60,22.20,25.00,23.10,21.30,25.80,24.10,20.50,24.10,25.20,22.30,21.70,25.40,25.80,25.30,23.20,23.60,20.90,22.20,24.20,20.10,22.30,21.30,24.20,25.10,21.30
TLM_RCV,-94,FG-ALPHA,20240415_084849,AUTO,0,31.40,5.00,-85,100.00,8.33,3.28,5.02,947,480,0,330,22.33,1012.80,11.90,406.20,13.33,52.75,1080,24.40,24.30,21.20,25.70,23.10,25.20,24.40,23.20,22.20,20.60,21.90,22.90,23.70,25.90,21.60,20.20,23.80,25.10,21.90,24.00,20.30,24.90,23.50,22.00,20.50,20.50,23.50,24.20,24.30,21.70,23.00,23.20,22.20,22.40,22.30,24.70,21.00,22.60,25.50,25.30,22.30,25.80,21.70,24.70,23.10,24.50,25.90,22.90,22.60,25.20,24.50,22.70,24.50,25.40,21.80,24.60,20.30,23.50,24.60,22.60,21.40,20.20,23.30,23.70
TLM_RCV,-49,FG-ALPHA,20240415_084911,AUTO,0,32.22,5.00,-85,100.00,8.33,3.28,5.02,994,445,0,305,22.75,1013.10,12.10,406.20,13.35,52.75,1080,21.20,20.70,21.00,21.60,22.40,25.00,25.80,20.20,22.90,25.00,24.80,21.10,20.50,21.80,25.10,23.20,25.60,22.10,23.20,23.90,21.40,22.20,22.20,24.30,24.50,24.20,22.50,24.10,23.10,23.10,20.50,22.90,21.40,22.00,22.00,23.10,21.70,20.90,21.80,22.90,25.60,75.30,24.70,25.30,23.50,24.10,21.20,22.10,20.60,22.60,25.50,23.20,24.80,22.50,25.30,21.20,25.40,24.00,25.00,20.30,24.10,24.60,21.30,20.90
TLM_RCV,-75,FG-ALPHA,20240415_084912,AUTO,0,32.13,5.00,-85,100.00,8.34,3.31,5.02,1010,425,0,280,22.92,1013.60,12.10,405.00,13.35,52.75,1080,20.30,24.30,25.80,25.20,20.70,22.70,20.60,22.20,22.30,24.00,23.40,22.90,20.50,21.10,21.70,22.90,24.80,23.30,24.90,22.20,24.60,21.90,20.30,21.60,25.70,21.80,24.00,25.50,24.50,25.90,20.00,24.30,23.30,22.30,20.30,23.20,21.60,25.10,21.70,25.90,89.80,24.60,21.80,20.50,22.80,20.00,21.20,20.40,21.90,24.70,23.40,25.00,24.00,20.30,21.30,24.40,20.70,20.80,25.60,24.90,21.70,21.50,24.60,22.30
TLM_RCV,-57,FG-ALPHA,20240415_084913,AUTO,0,32.08,5.00,-85,100.00,8.34,3.28,5.02,870,415,0,262,22.27,1013.20,11.90,406.00,13.35,52.75,1080,24.60,23.60,22.60,24.30,25.70,25.40,22.20,21.00,24.20,22.10,21.50,24.20,23.60,21.80,22.00,23.70,21.20,20.00,22.90,21.30,25.00,23.50,24.90,20.80,23.10,25.20,21.90,25.80,22.60,22.70,23.00,20.10,24.40,23.10,21.70,20.80,24.10,22.50,21.80,20.60,21.70,20.60,23.90,21.00,22.30,23.60,24.20,24.10,20.10,24.50,21.90,20.00,22.30,21.80,22.20,25.70,21.10,23.20,21.20,24.10,21.90,23.40,20.80,22.30
TLM_RCV,-83,FG-ALPHA,20240415_084914,AUTO,0,32.15,5.00,-85,100.00,8.34,3.30,5.02,964,430,0,279,22.67,1013.40,12.00,405.30,13.35,52.75,1080,23.20,22.90,20.80,22.80,23.90,20.10,25.30,23.70,22.30,25.70,22.10,21.10,21.80,23.30,21.00,23.80,25.40,20.60,25.60,20.50,23.60,21.00,23.80,25.00,22.70,25.30,21.30,20.60,20.90,23.60,24.00,23.40,20.90,23.00,25.80,25.40,23.30,21.70,20.40,25.90,22.00,22.80,23.00,25.10,24.70,23.30,20.40,25.00,21.40,22.50,25.30,20.00,25.00,21.50,24.90,24.30,23.80,22.40,22.30,21.00,20.10,25.60,22.50,25.90
TLM_RCV,-57,FG-ALPHA,20240415_084915,AUTO,0,33.35,5.00,-85,100.00,8.33,3.28,5.02,1158,471,0,329,23.43,1012.90,12.00,405.30,13.36,52.75,1080,24.30,22.20,25.10,25.70,25.50,25.60,21.30,25.80,23.10,21.00,20.90,22.50,21.20,25.50,20.10,23.70,20.50,25.90,20.60,21.70,24.90,22.30,22.10,20.20,21.40,21.60,20.30,25.70,22.00,22.00,22.50,23.60,22.60,22.40,20.40,20.40,22.60,25.40,22.50,23.20,25.20,21.20,23.00,24.30,22.80,24.40,23.90,21.90,23.80,20.20,21.00,23.60,22.60,23.90,20.60,20.10,21.80,24.30,21.10,25.10,21.00,24.20,22.70,23.70
TLM_RCV,-57,FG-ALPHA,20240415_084916,AUTO,0,33.03,5.00,-85,100.00,8.34,3.29,5.02,909,405,0,250,22.52,1013.20,12.10,406.00,13.36,52.75,1080,24.70,25.90,21.80,23.90,21.00,23.80,21.00,24.00,23.40,21.40,22.90,24.10,24.10,25.00,22.20,22.50,20.50,20.00,22.70,22.70,25.60,22.80,25.60,20.80,23.40,24.30,23.40,22.80,24.30,25.30,22.90,24.00,21.90,24.30,25.70,25.70,23.30,22.70,24.40,22.90,20.50,22.90,20.70,22.40,25.00,22.10,21.50,20.20,24.20,21.70,25.70,24.20,25.10,21.40,25.20,25.80,23.80,22.50,24.90,23.70,22.10,21.40,20.40,20.80
TLM_RCV,-55,FG-ALPHA,20240415_084917,AUTO,0,31.15,5.00,-85,99.96,8.33,3.29,5.02,0,429,0,289,22.15,1013.60,11.80,405.30,13.36,52.75,1080,20.10,20.30,20.20,23.60,22.70,23.20,21.50,22.50,21.10,24.90,23.20,22.20,22.60,25.60,20.90,22.40,24.50,24.40,20.90,25.50,22.60,25.70,22.10,21.30,21.40,20.70,23.50,21.60,24.60,24.20,25.10,21.20,23.60,24.40,83.50,23.90,25.70,21.50,25.00,21.00,25.50,23.00,22.40,23.60,21.00,22.20,22.90,25.40,25.40,23.90,20.00,25.20,22.50,20.20,25.30,25.80,23.00,21.40,25.70,22.70,22.80,22.30,20.20,25.70
TLM_RCV,-56,FG-ALPHA,20240415_084918,AUTO,0,32.32,5.00,-85,100.00,8.33,3.29,5.02,1182,464,0,323,23.59,1013.30,12.10,404.90,13.36,52.75,1080,22.00,22.80,23.70,25.00,21.70,24.40,23.30,22.40,21.50,25.30,23.40,24.90,24.80,20.70,22.30,25.70,25.80,21.30,22.20,22.00,20.30,25.40,20.30,21.90,24.00,24.50,23.90,24.30,20.90,21.00,22.60,20.50,24.60,24.50,22.40,21.10,21.70,22.00,20.70,20.80,20.00,22.90,25.70,25.80,22.50,23.70,23.80,20.00,24.00,22.30,20.70,20.50,25.40,25.90,25.70,25.10,21.40,25.50,23.80,21.30,25.40,22.70,20.90,25.20
TLM_RCV,-88,FG-ALPHA,20240415_084919,AUTO,0,32.33,5.00,-85,100.00,8.33,3.29,5.02,928,466,0,322,22.31,1013.40,11.80,404.90,13.36,52.75,1080,25.80,20.50,22.70,20.40,20.20,20.50,25.40,20.90,21.70,22.70,22.20,22.80,25.00,22.40,20.20,25.50,25.70,23.80,20.90,22.70,23.70,21.40,23.30,20.60,25.40,24.90,24.60,20.50,25.90,22.80,23.70,21.50,20.20,24.10,25.80,22.20,21.40,23.70,23.60,22.10,25.60,22.00,24.60,25.30,22.30,21.50,25.10,21.50,21.90,21.20,21.80,22.40,22.50,23.10,20.90,22.20,25.90,22.00,23.10,24.40,21.20,25.10,25.60,22.80
TLM_RCV,-73,FG-ALPHA,20240415_084920,AUTO,0,31.40,5.00,-85,100.00,8.33,3.31,5.02,1090,480,0,330,23.05,1012.80,12.10,404.70,13.36,52.75,1080,24.80,21.60,20.50,25.30,24.30,23.30,24.80,21.70,23.50,22.50,24.00,25.80,24.30,24.50,21.60,21.00,22.20,25.40,20.50,20.70,20.90,22.10,25.10,20.30,25.70,22.50,22.20,23.70,25.30,25.40,20.20,21.20,21.10,20.50,25.40,25.50,22.20,24.10,24.30,25.40,21.40,22.30,22.20,22.80,24.30,23.40,25.00,25.10,22.70,21.10,23.00,22.10,21.90,23.20,23.10,21.90,21.20,23.80,23.00,25.10,21.40,24.30,23.20,25.90
TLM_RCV,-88,FG-ALPHA,20240415_084921,AUTO,0,33.01,5.00,-85,100.00,8.34,3.28,5.02,847,402,0,252,22.23,1013.30,11.80,404.60,13.36,52.75,1080,23.00,24.00,21.30,20.20,24.00,24.50,25.30,24.00,25.40,21.80,24.20,25.30,21.00,23.30,25.20,24.80,21.80,24.20,24.40,22.30,23.60,24.40,22.20,22.00,25.40,20.50,21.70,24.70,24.50,23.20,20.60,25.00,20.60,21.20,25.00,22.60,20.40,24.60,20.50,23.50,23.80,23.60,23.60,25.40,21.90,20.00,20.70,22.60,25.00,22.70,23.40,23.90,23.90,20.00,20.80,22.80,22.50,21.10,25.30,22.40,20.90,21.30,20.40,21.90
TLM_RCV,-89,FG-ALPHA,20240415_084922,AUTO,0,33.42,5.00,-85,100.00,8.33,3.29,5.02,812,485,0,328,21.64,1013.20,11.90,405.40,13.36,52.75,1080,21.20,20.00,24.40,21.40,23.30,20.70,22.70,25.90,23.20,23.70,22.90,24.40,25.60,24.10,23.20,25.30,23.10,22.90,20.00,24.00,23.10,20.00,24.30,22.20,20.20,21.60,20.80,21.10,85.90,24.10,23.90,22.90,21.00,25.20,23.90,25.80,23.90,20.60,25.20,20.40,20.10,22.30,21.80,21.70,22.80,21.90,25.70,23.90,20.30,23.20,21.30,23.00,24.60,25.40,23.50,23.10,22.30,25.40,21.60,21.50,20.60,22.40,20.40,24.80
TLM_RCV,-70,FG-ALPHA,20240415_084923,AUTO,0,32.17,5.00,-85,99.96,8.33,3.31,5.02,0,433,0,275,22.17,1013.20,12.10,406.20,13.36,52.75,1080,20.20,20.80,20.10,23.90,23.20,23.80,24.70,20.90,25.70,20.90,23.30,24.20,22.50,24.40,21.80,25.70,21.00,22.40,25.40,22.50,21.80,20.50,24.30,22.40,22.20,23.20,20.70,23.30,21.40,23.90,24.90,23.10,23.10,22.90,24.90,20.10,20.60,24.80,23.30,24.00,24.40,23.00,25.80,22.80,20.60,23.20,25.30,22.10,23.70,25.50,23.60,24.40,21.80,21.60,21.70,25.20,24.60,20.00,23.50,22.90,25.80,23.90,23.50,23.30
TLM_RCV,-80,FG-ALPHA,20240415_084924,AUTO,0,32.40,5.00,-85,99.91,8.33,3.31,5.02,0,481,0,322,22.41,1013.10,11.90,405.30,13.36,52.75,1080,21.90,22.60,22.00,23.90,24.90,23.40,23.80,23.70,21.30,21.10,21.30,21.60,24.80,20.80,20.20,20.30,24.50,24.40,20.70,24.60,21.50,22.70,22.50,24.80,25.50,22.20,22.10,22.70,25.50,22.70,24.10,23.80,22.60,22.10,25.50,25.60,21.20,22.70,22.30,24.10,21.70,25.50,21.10,24.90,21.40,25.40,23.90,25.70,24.50,22.50,20.90,20.20,22.60,23.50,25.00,23.70,25.20,20.40,21.40,21.70,22.90,23.80,20.80,21.20
TLM_RCV,-71,FG-ALPHA,20240415_084925,AUTO,0,33.06,5.00,-85,99.96,8.34,3.28,5.02,889,412,0,270,22.39,1013.50,11.90,406.30,13.37,52.75,1080,23.50,20.60,20.40,20.10,24.30,23.40,21.50,23.00,24.30,22.90,23.00,25.00,22.00,20.40,24.40,23.20,22.90,21.00,21.40,21.30,25.90,23.50,20.10,21.30,24.60,24.90,21.60,24.20,25.60,23.10,23.70,20.10,23.40,25.90,25.00,20.20,23.40,24.30,23.80,22.00,22.90,24.40,24.20,25.10,20.10,21.10,23.90,23.80,23.90,20.10,20.20,24.90,25.80,22.90,23.60,21.40,24.40,24.00,21.80,21.00,20.60,22.60,21.20,21.80
TLM_RCV,-67,FG-ALPHA,20240415_084926,AUTO,0,33.24,5.00,-85,100.00,8.33,3.28,5.02,1010,448,0,296,22.81,1012.80,12.10,406.00,13.37,52.75,1080,21.00,21.40,23.40,20.90,22.70,23.80,21.20,21.10,22.40,21.10,21.00,21.00,21.60,22.50,20.10,21.20,20.30,21.60,22.10,25.50,25.00,22.20,22.60,25.30,25.10,24.00,20.10,22.10,21.60,20.00,22.80,22.70,20.90,25.90,22.00,24.00,25.50,22.30,22.30,24.80,25.00,22.80,21.30,25.40,23.00,20.10,21.20,20.20,23.20,22.30,24.60,23.20,24.30,25.70,20.60,25.80,20.20,23.20,24.30,20.90,24.20,21.80,24.70,22.40
TLM_RCV,-62,FG-ALPHA,20240415_084927,AUTO,0,31.10,5.00,-85,99.96,8.34,3.28,5.02,0,420,0,271,22.10,1013.60,11.90,406.10,13.37,52.75,1080,23.20,23.50,24.70,24.20,23.10,23.80,23.90,24.30,25.50,20.70,22.10,22.60,21.70,23.00,23.70,20.50,22.70,22.80,21.60,25.30,20.40,21.40,21.40,23.70,20.60,22.30,22.50,21.20,24.70,20.40,22.90,25.10,23.50,22.00,20.40,23.10,22.10,20.00,21.60,22.00,20.30,22.00,20.30,25.00,21.00,25.00,22.80,22.90,20.50,20.60,24.20,24.50,20.80,23.70,22.30,25.00,21.40,25.10,25.20,20.40,23.80,25.10,21.80,25.80
TLM_RCV,-93,FG-ALPHA,20240415_084928,AUTO,0,32.46,5.00,-85,100.00,8.33,3.28,5.02,899,491,0,340,22.04,1013.20,11.80,406.40,13.37,52.75,1080,24.20,24.70,22.40,20.80,25.80,25.60,23.80,22.00,23.70,72.00,22.80,25.70,24.50,25.50,21.80,21.80,22.40,25.20,22.10,24.80,21.60,20.50,21.40,24.30,25.60,22.80,22.70,22.40,21.20,20.90,25.80,21.80,21.40,25.70,22.40,25.00,22.60,25.10,21.90,20.10,21.80,21.70,24.30,22.90,22.40,20.30,23.10,22.60,25.60,25.10,24.60,24.20,21.70,22.60,21.10,23.30,20.10,20.20,21.20,23.70,20.80,20.70,23.20,20.90
TLM_RCV,-86,FG-ALPHA,20240415_084929,AUTO,0,32.12,5.00,-85,100.00,8.34,3.29,5.02,960,424,0,268,22.68,1012.80,12.10,404.80,13.37,52.75,1080,25.50,22.60,24.90,24.90,21.30,21.40,20.20,22.70,23.50,20.30,25.10,25.40,21.40,20.20,21.80,23.80,24.60,22.10,25.40,21.50,24.00,20.60,20.60,25.40,23.00,22.50,24.30,22.70,25.90,25.20,21.40,20.50,22.20,21.90,23.70,22.80,24.40,20.80,25.80,22.70,22.00,20.20,24.30,24.60,21.50,20.20,24.70,20.40,24.00,25.90,20.70,25.80,20.40,22.10,22.20,22.30,24.10,21.40,23.80,20.60,24.10,24.60,21.80,20.80
TLM_RCV,-52,FG-ALPHA,20240415_084930,AUTO,0,33.22,5.00,-85,100.00,8.33,3.29,5.02,919,444,0,298,22.37,1013.20,11.90,405.90,13.37,52.75,1080,20.30,22.10,21.00,25.60,21.30,22.90,25.90,23.10,24.80,24.80,23.00,21.60,21.30,23.70,23.10,22.90,21.90,23.50,24.50,22.10,23.40,22.60,24.10,24.80,21.20,25.40,25.30,21.30,25.00,24.80,23.30,23.50,20.40,20.90,25.10,21.70,23.20,25.70,23.50,23.80,23.00,24.30,23.90,21.10,23.90,25.40,25.70,21.40,22.50,23.50,20.50,24.20,25.60,22.30,21.30,20.80,22.00,21.60,21.30,21.30,23.40,25.90,22.70,22.80
TLM_RCV,-47,FG-ALPHA,20240415_084931,AUTO,0,31.32,5.00,-85,100.00,8.33,3.28,5.02,1165,464,0,314,23.50,1012.90,11.80,404.70,13.37,52.75,1080,21.30,22.70,20.40,22.30,20.90,25.10,25.10,24.50,25.30,21.10,20.50,22.80,23.80,21.80,24.00,20.70,20.60,20.10,21.10,23.70,20.40,23.60,22.80,21.30,21.20,21.40,20.20,20.70,21.10,22.90,22.70,24.50,23.40,24.40,25.00,24.30,23.30,23.90,24.50,24.60,20.30,24.50,23.70,22.50,23.20,25.80,22.10,21.80,24.80,24.90,24.50,23.90,23.10,21.60,24.20,25.00,21.30,22.80,25.20,25.20,22.30,25.40,24.80,25.40
TLM_RCV,-86,FG-ALPHA,20240415_084932,AUTO,0,32.21,5.00,-85,100.00,8.33,3.29,5.02,1101,442,0,300,23.30,1012.90,12.00,405.90,13.37,52.75,1080,21.80,20.70,21.60,22.10,20.30,22.50,22.70,25.00,21.10,22.90,24.20,20.70,20.10,23.10,20.80,23.50,20.90,24.50,21.20,20.10,23.50,24.70,21.10,20.50,24.50,22.30,21.10,25.60,21.10,25.20,21.10,23.40,22.80,25.90,20.20,25.50,23.70,25.60,24.50,25.40,22.30,22.80,21.80,22.10,21.30,25.30,24.00,21.30,22.20,22.70,21.60,21.10,20.50,24.90,20.20,22.30,22.20,23.60,25.80,22.20,22.20,25.00,21.90,21.20
TLM_RCV,-61,FG-ALPHA,20240415_084933,AUTO,0,32.51,5.00,-85,100.00,8.32,3.29,5.02,1126,503,0,345,23.11,1013.40,11.90,406.20,13.37,52.75,1080,25.50,22.50,23.20,25.10,21.10,23.30,20.80,24.20,22.30,22.80,24.20,23.60,20.00,21.90,22.50,21.50,20.20,21.50,25.30,21.40,23.70,25.20,23.60,22.80,25.90,24.90,23.10,24.50,25.70,21.00,23.10,24.40,21.80,23.20,24.00,22.10,22.50,20.30,21.70,23.30,22.80,24.60,25.00,23.70,20.30,25.70,24.90,24.50,20.20,20.70,20.80,23.50,25.40,25.70,22.10,20.20,23.10,24.90,21.20,22.40,25.20,25.80,25.00,23.90
TLM_RCV,-42,FG-ALPHA,20240415_084934,AUTO,0,33.24,5.00,-85,99.96,8.33,3.30,5.02,0,449,0,295,22.25,1012.90,11.90,404.80,13.37,52.75,1080,25.30,21.90,24.80,23.10,25.80,22.20,24.20,23.50,21.60,21.30,25.20,21.90,23.40,25.30,20.10,20.60,21.80,25.60,23.20,25.90,21.10,20.50,20.10,21.20,21.80,21.10,21.00,21.80,25.60,20.10,22.30,22.30,25.50,22.70,21.20,24.80,21.50,25.30,24.20,25.70,22.30,24.30,24.20,21.20,22.00,21.20,24.20,25.40,24.30,21.00,23.20,20.10,21.00,20.90,25.60,23.00,25.20,21.50,20.50,22.00,23.90,24.40,25.20,24.90
TLM_RCV,-51,FG-ALPHA,20240415_084935,AUTO,0,31.20,5.00,-85,100.00,8.33,3.31,5.02,1073,441,0,290,23.16,1013.10,11.90,405.70,13.38,52.75,1080,21.60,20.90,22.40,25.90,25.90,21.70,23.50,25.40,20.90,21.40,22.20,23.60,21.40,20.10,21.80,23.20,22.20,22.30,20.20,21.30,22.00,21.80,24.90,20.30,22.80,23.20,24.80,20.00,23.00,21.70,25.90,22.70,23.20,23.70,20.40,21.40,24.30,24.50,23.20,23.00,23.00,22.40,22.20,23.30,23.20,21.50,25.20,20.90,25.10,21.40,23.80,22.80,22.70,20.10,24.20,23.20,25.00,22.70,21.60,24.30,22.50,24.20,23.70,20.40
TLM_RCV,-48,FG-ALPHA,20240415_084936,AUTO,0,32.46,5.00,-85,99.95,8.33,3.29,5.02,0,492,0,346,22.46,1013.00,12.00,405.10,13.38,52.75,1080,25.40,80.90,20.70,22.70,22.00,23.50,20.50,24.50,24.30,25.70,25.00,22.50,24.90,22.50,21.30,21.60,21.20,24.70,23.10,21.60,24.20,22.00,23.90,25.30,20.40,25.40,23.10,21.80,21.20,20.60,21.70,21.40,23.40,24.10,20.20,21.10,25.90,21.70,20.20,25.80,21.10,22.00,21.10,25.10,24.50,24.00,25.60,21.50,24.30,20.20,24.90,25.60,24.20,20.50,21.50,22.60,24.00,21.50,23.00,25.00,24.10,21.20,20.00,24.90
TLM_RCV,-77,FG-ALPHA,20240415_084937,AUTO,0,31.11,5.00,-85,100.00,8.34,3.28,5.02,1176,423,0,268,23.76,1012.90,12.10,406.30,13.38,52.75,1080,23.50,25.50,20.10,22.50,24.20,21.10,21.80,25.30,21.70,21.70,25.50,23.10,23.00,21.60,22.40,22.80,22.00,21.30,22.40,23.70,22.90,23.40,22.60,21.40,25.40,25.90,22.20,25.20,21.70,23.20,24.90,22.70,25.20,25.90,23.00,21.40,23.00,25.80,24.10,25.00,20.80,24.00,25.70,24.10,20.80,21.60,22.00,20.10,25.30,20.30,25.30,25.40,25.10,25.50,22.80,20.00,22.60,21.80,20.90,23.10,22.20,24.80,25.60,23.40
TLM_RCV,-53,FG-ALPHA,20240415_084938,AUTO,0,33.14,5.00,-85,100.00,8.34,3.29,5.02,1076,428,0,285,23.24,1013.00,12.00,405.10,13.38,52.75,1080,21.20,25.10,23.00,20.20,21.20,22.40,24.10,21.10,22.10,21.20,23.30,20.90,25.60,24.10,23.30,21.50,25.40,22.70,20.60,21.90,20.90,22.40,25.30,21.70,23.50,20.50,20.70,24.10,22.20,25.90,24.80,21.00,22.10,23.00,20.40,20.40,21.20,25.50,25.80,21.70,24.50,22.70,25.80,22.90,21.80,25.30,20.50,25.90,21.20,22.50,20.10,22.40,21.10,20.90,21.40,23.50,23.50,21.40,74.50,25.80,20.20,24.70,22.70,20.60
TLM_RCV,-72,FG-ALPHA,20240415_084939,AUTO,0,32.37,5.00,-85,99.95,8.33,3.30,5.02,0,473,0,315,22.36,1012.70,12.00,405.60,13.38,52.75,1080,25.50,21.70,24.30,21.20,25.40,20.20,25.00,24.90,22.50,20.60,22.50,23.70,20.40,20.90,23.70,25.80,25.30,25.90,25.20,21.20,20.10,20.20,24.40,21.60,24.90,20.60,22.90,22.50,23.00,20.40,24.50,22.40,24.80,22.80,23.90,20.40,21.70,23.50,23.30,21.70,25.10,20.20,24.70,25.20,20.60,21.80,23.80,25.80,23.90,24.20,21.10,22.20,21.00,22.80,24.30,21.60,23.10,23.60,23.80,20.10,22.00,21.70,22.30,22.80
TLM_RCV,-43,FG-ALPHA,20240415_084940,AUTO,0,31.17,5.00,-85,100.00,8.33,3.28,5.02,1027,434,0,279,22.97,1013.20,12.10,404.80,13.38,52.75,1080,24.80,25.40,21.40,21.00,25.60,20.70,24.90,23.40,24.00,21.30,23.10,20.60,21.10,22.10,24.90,21.50,24.50,23.70,24.80,24.80,25.40,25.40,22.80,24.10,23.00,21.50,21.60,25.90,21.30,23.20,20.80,25.90,22.90,22.90,21.00,23.50,20.20,24.90,21.10,21.40,21.90,23.30,21.10,23.90,22.10,24.00,23.70,20.40,24.40,21.40,23.80,20.60,24.20,21.10,21.70,20.50,23.50,23.30,22.90,20.30,24.60,20.00,20.00,24.10
TLM_RCV,-73,FG-ALPHA,20240415_084941,AUTO,0,33.29,5.00,-85,100.00,8.33,3.28,5.02,1105,458,0,301,23.24,1013.10,12.10,406.30,13.38,52.75,1080,23.50,23.20,23.50,21.50,23.90,25.70,23.90,25.90,23.40,20.10,25.60,20.90,22.20,24.90,24.40,21.90,22.70,24.00,23.10,23.70,24.10,25.30,22.30,20.60,24.20,23.60,20.30,22.80,20.50,23.40,25.90,22.00,21.90,22.40,23.90,25.10,21.40,20.70,22.50,20.00,24.20,23.90,24.90,25.40,21.00,20.10,24.90,20.20,20.00,22.10,24.50,21.00,21.50,20.70,23.80,25.10,25.40,23.40,24.00,20.70,20.20,23.60,23.60,25.60
TLM_RCV,-68,FG-ALPHA,20240415_084942,AUTO,0,31.48,5.00,-85,100.00,8.33,3.31,5.02,850,495,0,348,21.77,1013.40,11.90,405.00,13.38,52.75,1080,21.00,23.10,25.40,21.80,22.00,21.40,25.20,23.60,22.00,23.00,23.40,22.10,24.90,22.90,24.30,23.30,20.80,24.30,24.30,22.60,25.90,21.00,22.80,21.80,21.90,25.50,22.40,24.10,24.30,23.00,20.00,21.50,24.00,23.30,25.40,21.50,24.70,24.90,21.20,21.20,22.50,24.00,24.10,21.50,23.20,22.20,22.50,22.10,23.50,24.30,23.60,23.40,24.80,21.80,22.60,24.50,25.90,22.50,25.70,23.30,21.80,22.50,20.30,24.40
TLM_RCV,-58,FG-ALPHA,20240415_084943,AUTO,0,32.40,5.00,-85,100.00,8.33,3.29,5.02,1062,481,0,331,22.91,1013.40,12.00,405.70,13.38,52.75,1080,25.70,21.60,21.10,22.10,20.40,20.20,22.10,25.70,24.80,20.90,25.30,20.60,25.50,24.40,20.90,25.10,25.40,21.60,21.00,23.50,22.30,20.00,22.90,22.30,20.20,22.70,24.10,24.70,23.30,24.90,24.90,25.00,24.30,23.50,24.80,24.10,25.90,24.70,21.30,25.60,20.70,25.60,23.80,20.20,25.80,22.20,20.20,23.10,25.00,23.90,23.80,20.00,24.40,24.90,23.40,21.40,24.50,25.70,22.80,23.20,23.60,20.70,22.80,20.90
TLM_RCV,-95,FG-ALPHA,20240415_084944,AUTO,0,31.15,5.00,-85,100.00,8.34,3.28,5.02,1052,429,0,288,23.11,1013.60,12.00,406.40,13.38,52.75,1080,22.40,25.50,24.30,22.00,25.40,25.70,20.80,24.60,21.10,22.70,20.70,25.10,23.40,21.70,22.60,25.30,23.70,20.80,25.80,21.00,21.00,24.80,20.60,20.90,23.00,25.20,21.60,20.50,25.80,24.80,25.60,23.90,24.20,22.50,24.70,22.60,24.30,23.30,25.30,21.00,25.70,24.70,21.10,21.00,24.90,24.80,24.80,22.50,21.40,21.70,20.50,24.90,21.40,23.90,23.10,24.90,22.50,21.60,23.90,24.70,25.60,20.80,21.10,22.00
TLM_RCV,-62,FG-ALPHA,20240415_084945,AUTO,0,32.03,5.00,-85,100.00,8.34,3.29,5.02,1181,405,0,251,23.88,1012.80,12.00,406.30,13.39,52.75,1080,21.60,23.60,25.30,20.50,25.70,21.70,20.50,24.10,20.00,24.10,25.80,20.00,24.70,24.00,23.60,22.40,22.60,22.30,25.40,25.30,20.10,23.70,22.30,21.50,24.30,22.20,20.30,20.80,25.10,20.70,20.70,22.40,24.40,20.70,23.50,22.70,24.40,25.00,22.70,21.10,24.60,25.10,23.50,23.80,24.80,22.40,22.00,21.50,23.00,23.20,24.20,24.20,20.20,22.80,20.60,21.20,20.40,20.10,21.40,24.20,21.80,20.80,21.20,21.20
TLM_RCV,-48,FG-ALPHA,20240415_084946,AUTO,0,31.00,5.00,-85,99.96,8.34,3.28,5.02,0,400,0,254,22.00,1013.20,12.00,404.70,13.39,52.75,1080,23.00,23.50,20.90,25.00,21.30,24.80,23.70,22.70,25.30,24.80,20.50,25.00,20.30,24.50,20.70,21.60,25.30,23.20,20.00,20.90,20.60,25.70,22.60,24.60,23.40,21.70,22.90,20.90,23.70,22.20,21.80,25.30,24.90,22.30,25.70,21.80,25.00,23.00,25.80,24.40,25.50,24.20,24.90,24.80,21.90,25.30,20.20,25.90,20.30,23.50,25.90,24.70,20.00,21.30,24.00,25.40,20.20,24.30,20.10,23.50,20.90,20.50,24.40,21.30
TLM_RCV,-88,FG-ALPHA,20240415_084947,AUTO,0,33.31,5.00,-85,100.00,8.33,3.28,5.02,906,463,0,310,22.22,1012.70,12.00,405.50,13.39,52.75,1080,20.50,22.60,23.80,23.30,21.80,21.90,24.30,21.20,23.20,25.00,24.20,20.20,20.10,25.70,21.50,23.00,21.10,25.00,25.10,20.00,21.40,23.70,21.60,21.60,22.80,20.70,20.40,21.90,21.40,22.80,21.00,23.90,21.40,22.50,25.80,25.70,25.60,23.40,21.90,25.50,24.60,25.80,21.30,25.10,21.20,25.00,20.90,20.60,20.60,22.80,23.50,22.20,25.40,20.60,22.70,25.60,24.60,24.80,23.60,25.30,20.10,22.80,25.30,23.30
TLM_RCV,-56,FG-ALPHA,20240415_084948,AUTO,0,31.32,5.00,-85,100.00,8.33,3.29,5.02,815,464,0,315,21.75,1013.30,12.00,404.80,13.39,52.75,1080,23.40,23.00,22.60,20.30,23.60,20.00,22.80,23.50,20.20,25.10,20.00,23.70,22.40,24.10,20.10,23.40,20.10,24.40,20.50,20.40,24.10,24.30,24.70,25.40,21.10,24.90,25.40,21.50,20.90,24.80,21.70,25.10,22.00,21.00,23.80,25.20,24.90,22.20,25.80,23.30,22.70,21.90,25.90,24.30,25.60,20.20,24.30,25.90,22.30,20.40,22.00,22.10,22.90,20.40,21.00,25.90,25.10,21.10,22.30,20.60,21.40,21.90,21.70,20.70
TLM_RCV,-81,FG-ALPHA,20240415_084949,AUTO,0,31.08,5.00,-85,99.96,8.34,3.28,5.02,0,416,0,270,22.08,1013.00,11.80,404.60,13.39,52.75,1080,22.30,24.60,20.80,20.20,22.60,20.10,23.90,20.30,21.90,25.50,21.30,24.30,23.40,20.70,20.50,22.10,21.20,20.00,20.10,25.00,23.70,25.50,25.30,21.60,24.20,25.30,22.40,21.60,22.60,25.20,21.20,20.60,24.10,22.50,25.90,24.90,20.30,22.30,20.10,22.60,21.70,25.50,21.40,20.40,20.30,24.50,22.70,24.50,24.30,23.20,24.00,23.90,21.50,20.10,21.30,20.10,25.70,21.20,25.30,20.60,24.40,24.60,22.80,22.70
TLM_RCV,-42,FG-ALPHA,20240415_084950,AUTO,0,33.36,5.00,-85,100.00,8.33,3.29,5.02,922,472,0,323,22.25,1013.40,11.80,405.30,13.39,52.75,1080,22.30,25.60,21.70,25.20,23.70,22.10,22.40,24.30,21.60,24.70,24.30,23.00,24.30,21.00,20.20,23.10,20.70,23.00,23.00,24.80,23.30,25.20,23.60,22.10,20.50,21.70,22.20,24.50,21.10,24.20,24.30,21.70,24.00,21.90,21.80,23.00,25.80,21.90,20.40,25.00,22.70,25.60,24.50,25.50,23.50,21.20,22.00,22.40,25.80,24.30,20.30,22.70,24.00,23.20,25.40,22.10,23.10,72.50,21.10,25.60,24.90,22.80,25.90,20.60
TLM_RCV,-61,FG-ALPHA,20240415_084951,AUTO,0,31.26,5.00,-85,100.00,8.33,3.28,5.02,996,452,0,302,22.72,1012.80,12.10,405.70,13.39,52.75,1080,21.50,23.60,23.30,24.70,25.30,22.60,22.10,24.90,20.60,20.00,23.60,21.80,24.60,20.50,24.90,20.90,23.70,24.40,22.40,20.90,23.80,21.10,22.20,22.70,23.20,24.80,22.50,20.00,23.90,20.10,20.80,21.00,20.50,20.30,23.60,20.10,20.60,24.00,23.70,21.00,25.80,20.60,24.60,21.90,25.90,20.40,24.90,21.70,21.90,24.60,24.30,23.20,20.00,20.70,23.60,22.80,23.50,20.50,22.50,20.20,25.60,25.80,20.30,22.30
TLM_RCV,-92,FG-ALPHA,20240415_085013,AUTO,0,32.40,5.00,-85,100.00,8.33,3.30,5.02,1197,480,0,336,23.58,1013.20,12.10,406.40,13.41,52.75,1080,23.70,20.30,23.30,22.60,21.30,21.90,24.00,23.50,22.70,23.40,24.30,23.70,23.70,20.20,24.90,22.40,24.50,22.30,25.50,24.50,24.90,20.30,23.30,23.20,24.40,25.70,25.50,20.80,22.20,23.30,22.30,24.10,25.00,22.40,25.30,21.40,20.00,22.10,22.80,23.30,23.00,23.20,21.90,21.90,24.70,24.40,23.00,24.00,21.20,22.30,25.70,21.80,21.60,24.80,24.10,23.40,21.10,21.10,24.50,23.70,23.40,23.60,22.60,21.80
TLM_RCV,-42,FG-ALPHA,20240415_085014,AUTO,0,32.04,5.00,-85,100.00,8.34,3.30,5.02,848,409,0,261,22.19,1013.60,11.80,405.60,13.41,52.75,1080,23.30,21.10,21.40,20.40,23.50,23.90,21.30,22.70,25.20,21.70,25.50,22.50,23.90,23.00,20.00,20.80,20.20,25.10,21.70,23.00,23.90,22.90,25.80,24.50,20.70,25.10,25.30,21.20,25.00,23.60,24.30,22.30,22.50,20.30,22.40,21.30,20.10,22.90,22.00,24.10,24.90,22.10,23.50,22.50,22.10,24.60,22.20,20.90,20.70,25.90,23.80,21.50,22.90,23.90,20.00,23.10,24.00,20.40,24.30,20.10,24.60,21.90,23.60,23.20
TLM_RCV,-45,FG-ALPHA,20240415_085015,AUTO,0,33.15,5.00,-85,100.00,8.34,3.29,5.02,1143,430,0,274,23.57,1013.60,11.80,404.50,13.42,52.75,1080,25.90,20.60,22.50,21.40,23.90,20.30,21.90,20.30,21.70,21.30,25.70,22.80,20.40,23.60,23.20,23.80,23.40,25.30,25.90,25.40,22.20,24.10,22.90,21.30,22.50,20.00,22.80,22.20,24.50,25.20,22.30,23.80,22.40,22.80,22.50,20.30,24.60,23.90,20.30,21.80,22.60,25.70,22.50,20.10,25.40,20.20,25.00,22.90,24.10,20.50,21.70,22.10,21.80,25.60,24.50,20.90,22.30,22.40,24.40,24.90,25.30,25.30,23.30,25.00
TLM_RCV,-87,FG-ALPHA,20240415_085016,AUTO,0,31.20,5.00,-85,100.00,8.33,3.28,5.02,1153,441,0,292,23.56,1013.30,12.10,406.40,13.42,52.75,1080,20.50,23.30,20.00,24.00,25.80,25.20,25.10,21.60,25.60,21.20,22.80,21.60,20.70,20.00,25.30,24.40,25.70,20.60,23.20,21.20,21.30,23.90,20.10,22.50,20.10,25.90,25.10,25.50,22.10,20.60,22.10,21.40,23.20,22.50,20.00,25.60,25.20,24.80,22.40,24.20,23.00,21.70,23.80,25.80,23.30,21.40,22.80,20.00,24.90,23.50,20.80,24.00,20.30,21.10,24.40,22.60,20.20,25.80,20.40,23.90,22.00,25.60,23.30,23.90
TLM_RCV,-68,FG-ALPHA,20240415_085017,AUTO,0,33.53,5.00,-85,100.00,8.32,3.30,5.02,1096,505,0,349,22.95,1013.50,11.80,406.40,13.42,52.75,1080,25.20,22.80,20.30,24.30,24.30,20.90,21.90,24.80,25.80,25.00,24.00,23.20,21.20,23.90,22.00,22.10,23.60,23.60,21.90,24.80,25.30,22.20,24.90,25.60,25.30,21.30,22.40,22.40,24.70,23.00,25.40,20.00,20.30,23.10,25.30,21.20,23.60,25.00,25.50,21.70,23.20,22.10,23.30,21.20,24.10,23.40,20.60,25.30,21.70,23.60,20.60,20.10,25.80,22.40,25.30,20.60,24.40,20.50,24.80,24.80,22.60,20.90,22.30,24.20
TLM_RCV,-78,FG-ALPHA,20240415_085018,AUTO,0,33.19,5.00,-85,100.00,8.33,3.28,5.02,1001,438,0,294,22.82,1013.00,11.90,404.60,13.42,52.75,1080,25.10,20.40,20.40,20.30,22.10,24.70,24.30,22.80,24.60,20.40,21.70,24.10,20.40,25.00,24.10,25.80,23.40,22.80,20.50,23.80,20.60,23.60,22.90,22.20,25.80,23.10,21.00,23.40,25.20,25.20,21.70,23.90,20.00,20.50,21.80,23.80,20.20,25.50,25.10,21.50,23.00,21.80,25.40,24.70,20.10,21.10,21.20,22.70,25.80,20.30,21.80,22.10,24.90,21.50,24.10,20.10,21.10,23.60,21.60,23.60,23.30,25.00,22.40,23.10
TLM_RCV,-86,FG-ALPHA,20240415_085019,AUTO,0,31.33,5.00,-85,100.00,8.33,3.28,5.02,911,465,0,308,22.23,1013.60,11.80,404.70,13.42,52.75,1080,24.00,21.70,25.50,21.80,20.00,23.10,21.30,20.30,25.10,25.20,24.80,24.60,22.80,25.90,21.50,21.80,20.00,23.10,20.00,22.00,21.30,20.10,24.90,25.30,25.10,20.40,24.60,21.30,23.00,25.00,23.10,21.00,22.10,22.80,25.60,25.30,25.80,21.80,24.90,24.30,24.10,22.70,21.20,25.80,20.60,24.00,21.50,24.30,20.10,24.50,20.50,22.70,24.80,25.60,25.70,21.50,23.00,21.30,20.70,25.20,23.80,23.50,24.30,21.30
TLM_RCV,-42,FG-ALPHA,20240415_085020,AUTO,0,33.23,5.00,-85,100.00,8.33,3.28,5.02,1034,446,0,303,22.94,1012.70,12.00,404.90,13.42,52.75,1080,25.00,21.60,20.80,21.70,24.60,22.90,24.70,24.90,21.20,23.80,20.70,24.50,20.10,22.00,21.70,20.20,22.90,24.70,24.30,21.10,24.50,24.30,23.50,24.10,25.60,20.00,22.20,25.70,25.80,24.10,20.50,21.80,25.90,25.10,25.10,23.00,25.80,23.00,21.90,25.00,24.60,23.80,22.30,22.50,21.60,25.00,25.20,22.30,23.50,21.50,20.80,22.50,25.80,25.40,25.20,23.70,22.70,24.70,23.10,22.20,20.70,20.00,20.40,24.50
TLM_RCV,-90,FG-ALPHA,20240415_085021,AUTO,0,32.35,5.00,-85,100.00,8.33,3.28,5.02,863,470,0,324,21.97,1013.50,11.80,404.80,13.42,52.75,1080,23.70,21.70,20.80,24.70,21.30,20.60,23.50,23.10,21.80,21.50,20.10,20.70,24.50,24.50,21.20,25.20,24.30,23.50,25.80,20.40,23.40,20.00,24.30,22.40,24.20,23.10,25.80,23.30,21.40,20.30,24.80,24.20,21.90,21.40,25.30,24.10,22.00,21.30,24.90,25.20,23.60,21.90,21.10,24.70,21.50,21.80,25.00,24.90,22.50,79.90,22.90,20.40,22.40,22.10,21.20,23.20,25.50,21.20,22.90,22.20,24.70,21.40,21.00,24.70
TLM_RCV,-56,FG-ALPHA,20240415_085022,AUTO,0,32.46,5.00,-85,99.95,8.33,3.31,5.02,0,491,0,337,22.45,1013.20,11.90,404.70,13.42,52.75,1080,21.90,21.40,24.60,20.00,20.70,21.70,25.60,22.60,24.70,21.10,23.20,22.00,23.90,22.70,24.30,24.90,25.40,22.70,24.60,24.10,23.90,25.90,24.00,20.60,25.60,21.80,25.10,22.90,21.30,24.00,24.00,25.20,20.90,22.10,24.40,22.40,20.80,20.00,20.30,21.80,25.20,25.50,24.90,24.10,25.10,21.50,20.80,21.20,21.70,24.80,22.50,20.10,21.10,22.70,21.80,21.90,20.00,21.50,24.70,22.10,24.30,20.70,25.60,20.00
TLM_RCV,-73,FG-ALPHA,20240415_085023,AUTO,0,32.34,5.00,-85,100.00,8.33,3.31,5.02,1149,468,0,327,23.41,1013.40,12.10,406.40,13.42,52.75,1080,21.90,23.60,25.80,24.30,20.20,22.10,23.10,25.70,20.00,20.20,25.30,25.80,22.90,23.60,23.90,25.60,21.20,21.10,21.00,20.80,25.80,24.00,22.30,20.10,25.60,23.60,20.60,25.50,25.50,24.90,22.20,21.60,20.60,21.00,23.00,23.30,21.30,21.40,24.30,22.70,20.20,25.00,23.70,25.70,24.40,21.70,85.10,23.40,21.00,20.90,22.30,25.70,23.00,20.80,20.40,24.40,21.40,22.40,23.80,23.00,21.80,23.30,23.50,20.20
TLM_RCV,-66,FG-ALPHA,20240415_085024,AUTO,0,32.01,5.00,-85,100.00,8.34,3.31,5.02,1096,403,0,256,23.47,1013.00,12.00,405.10,13.42,52.75,1080,23.00,25.50,24.70,23.20,22.00,23.90,21.60,21.70,24.10,21.40,25.50,22.90,25.40,23.10,21.40,20.10,25.80,23.80,25.00,23.00,20.20,24.60,24.10,25.00,21.90,20.90,21.90,22.50,23.80,23.40,25.90,25.60,20.00,21.30,24.10,21.80,23.40,21.30,23.10,25.10,25.00,24.90,25.30,23.30,22.70,25.60,22.50,22.50,24.60,21.90,20.60,25.00,21.60,23.10,24.40,21.30,22.30,23.30,21.30,20.90,24.00,22.90,20.70,20.50
TLM_RCV,-90,FG-ALPHA,20240415_085025,AUTO,0,33.13,5.00,-85,100.00,8.34,3.29,5.02,1186,425,0,272,23.81,1012.80,12.00,404.90,13.43,52.75,1080,20.90,23.30,20.60,23.50,21.90,21.60,21.00,20.10,20.50,21.60,22.90,25.00,23.30,22.70,20.40,22.30,25.70,22.00,22.00,20.80,21.10,23.60,24.00,24.20,22.60,23.40,24.90,25.20,23.10,22.50,24.80,23.90,24.00,23.40,23.00,24.50,24.30,25.10,22.60,20.90,20.40,23.70,21.20,21.00,22.00,23.40,23.90,24.40,25.40,20.10,20.70,25.80,22.00,20.30,23.10,21.90,21.60,23.60,25.00,25.10,25.40,23.20,22.70,25.60
TLM_RCV,-73,FG-ALPHA,20240415_085026,AUTO,0,32.24,5.00,-85,100.00,8.33,3.28,5.02,968,447,0,305,22.60,1013.50,12.10,405.00,13.43,52.75,1080,21.70,22.00,22.00,21.90,24.40,23.70,20.00,22.20,22.20,25.70,20.20,23.50,21.20,24.90,20.60,20.40,24.00,20.10,23.40,23.00,24.30,23.40,24.50,20.00,23.10,22.10,23.40,22.40,22.20,22.80,24.50,24.30,24.30,25.20,24.90,21.10,22.80,25.20,21.10,21.60,20.80,23.30,21.40,22.10,22.00,22.10,20.30,24.70,23.60,22.40,23.00,24.90,25.50,25.40,22.20,23.10,21.50,21.70,23.90,20.90,21.70,23.10,21.30,21.30
TLM_RCV,-81,FG-ALPHA,20240415_085027,AUTO,0,31.12,5.00,-85,100.00,8.34,3.31,5.02,939,425,0,278,22.57,1013.50,11.90,404.50,13.43,52.75,1080,22.30,24.00,22.20,21.70,20.60,20.70,20.20,25.00,25.70,24.50,22.10,24.80,20.70,25.30,25.50,24.40,21.40,20.60,22.00,22.50,20.00,23.10,22.00,25.90,22.50,22.90,21.50,20.20,21.80,22.30,21.30,25.20,22.70,21.10,25.40,20.60,22.20,25.80,22.80,24.60,23.90,20.20,25.70,22.80,22.30,25.40,25.10,23.80,25.40,23.20,24.50,20.60,22.70,23.90,24.20,20.40,22.90,22.40,20.50,21.50,24.70,20.60,24.50,25.80
TLM_RCV,-51,FG-ALPHA,20240415_085028,AUTO,0,31.31,5.00,-85,100.00,8.33,3.31,5.02,935,462,0,312,22.36,1013.40,11.90,405.60,13.43,52.75,1080,25.10,24.20,25.70,25.00,20.60,20.20,22.90,20.00,20.90,23.50,23.00,23.80,22.10,21.00,23.80,25.50,21.60,22.00,22.40,25.80,21.20,21.40,24.90,21.80,20.50,21.60,22.50,21.70,20.10,21.60,20.00,23.80,23.60,22.10,25.90,21.80,24.20,21.40,21.40,23.00,22.30,21.00,23.80,21.20,25.80,20.20,20.30,22.10,22.60,21.90,24.20,21.30,21.20,20.50,22.50,24.60,20.80,20.00,23.60,23.50,21.30,25.10,22.20,20.80
TLM_RCV,-91,FG-ALPHA,20240415_085029,AUTO,0,31.33,5.00,-85,100.00,8.33,3.29,5.02,1016,466,0,311,22.75,1012.90,12.10,405.50,13.43,52.75,1080,24.10,20.00,23.40,24.60,24.20,21.80,22.60,25.20,23.50,25.20,25.00,24.60,20.30,20.10,20.60,24.50,20.50,20.10,25.40,25.60,23.60,24.50,20.60,23.30,25.00,20.30,23.40,25.80,25.50,25.20,24.30,22.70,21.80,23.00,20.10,22.40,21.10,21.90,22.90,20.90,24.00,22.20,20.90,23.40,24.80,21.20,23.00,25.10,24.00,20.50,21.90,23.40,22.20,21.40,25.60,22.90,23.20,24.90,21.90,22.90,21.50,21.60,25.20,23.70
TLM_RCV,-93,FG-ALPHA,20240415_085030,AUTO,0,32.49,5.00,-85,100.00,8.33,3.30,5.02,812,498,0,345,21.57,1013.10,11.90,405.80,13.43,52.75,1080,21.60,21.40,25.10,23.90,20.80,21.70,21.10,24.30,20.70,25.10,21.50,21.60,20.20,20.00,25.10,21.90,20.60,23.10,23.10,22.40,25.90,24.60,24.40,20.40,20.50,22.90,24.40,24.70,21.30,24.30,22.30,21.40,24.10,21.20,22.70,23.30,23.60,21.00,20.40,23.50,24.60,25.90,20.20,24.10,23.00,25.20,23.40,23.80,23.10,24.40,20.80,23.20,23.30,21.40,23.80,20.40,24.90,23.60,21.30,24.10,20.90,20.30,25.50,25.30
TLM_RCV,-41,FG-ALPHA,20240415_085031,AUTO,0,33.19,5.00,-85,99.96,8.33,3.28,5.02,0,439,0,298,22.19,1012.90,11.90,406.10,13.43,52.75,1080,25.80,25.00,23.60,24.60,23.20,21.10,24.50,21.10,24.50,23.90,21.90,21.90,20.20,22.10,23.30,21.00,20.70,20.20,25.90,21.10,21.20,20.30,23.90,22.80,24.40,20.90,23.70,21.00,24.00,24.70,23.00,23.20,21.70,25.40,25.00,21.40,21.00,23.20,20.30,24.30,24.20,20.90,21.40,24.70,24.50,21.60,24.70,23.50,20.00,25.80,20.50,24.10,24.70,22.70,22.70,20.50,23.10,21.90,24.00,24.30,22.60,21.00,20.10,23.60
TLM_RCV,-48,FG-ALPHA,20240415_085032,AUTO,0,33.37,5.00,-85,100.00,8.33,3.30,5.02,998,473,0,322,22.62,1013.30,12.00,405.70,13.43,52.75,1080,23.10,21.30,21.20,23.80,21.80,22.50,21.40,25.00,23.80,24.60,22.60,23.20,24.60,24.90,21.50,24.80,24.40,22.30,21.10,24.80,20.30,23.60,24.20,22.10,25.10,21.50,23.60,24.30,25.50,21.10,24.20,23.30,21.20,21.30,22.80,25.00,25.80,21.30,24.50,23.20,24.20,25.20,20.60,20.00,23.90,25.30,20.80,23.30,21.80,21.90,23.80,20.70,22.70,25.00,24.40,25.10,25.40,24.00,20.60,25.30,25.80,20.30,22.40,21.90
TLM_RCV,-87,FG-ALPHA,20240415_085033,AUTO,0,31.47,5.00,-85,100.00,8.33,3.28,5.02,887,493,0,340,21.97,1013.10,11.80,405.40,13.43,52.75,1080,21.00,24.20,22.20,22.60,20.70,23.80,20.80,22.40,20.50,21.90,24.00,25.00,24.20,20.20,24.50,22.80,22.00,24.30,25.10,23.80,22.30,20.10,24.50,21.80,21.70,22.50,25.00,23.30,22.90,25.50,23.60,23.50,22.70,20.40,21.60,25.70,21.60,21.80,25.40,24.60,23.10,21.30,21.10,21.60,20.90,20.70,23.50,24.60,24.60,22.60,23.40,20.50,21.60,21.20,25.80,25.50,24.50,23.30,22.80,22.10,21.00,24.20,22.50,24.10
TLM_RCV,-81,FG-ALPHA,20240415_085034,AUTO,0,32.12,5.00,-85,100.00,8.34,3.30,5.02,945,424,0,278,22.60,1013.10,11.80,404.60,13.43,52.75,1080,22.60,24.70,24.90,25.30,20.50,24.00,24.70,23.50,25.80,20.30,22.70,22.10,24.10,23.70,20.10,25.10,24.40,23.90,25.30,22.70,20.70,20.70,22.60,23.00,24.90,23.50,24.40,21.40,21.50,22.00,20.10,24.20,24.30,24.70,24.60,20.70,25.40,20.10,22.20,21.70,23.00,25.40,25.20,24.80,24.60,24.40,22.10,20.20,24.90,20.10,24.90,21.60,20.40,21.30,21.40,22.30,20.70,24.70,25.00,22.40,22.00,25.70,24.70,23.30
TLM_RCV,-51,FG-ALPHA,20240415_085035,AUTO,0,31.06,5.00,-85,100.00,8.34,3.31,5.02,955,412,0,259,22.72,1012.70,11.90,404.90,13.44,52.75,1080,25.10,24.60,23.20,24.00,22.60,21.10,21.20,21.50,70.90,24.30,21.10,25.80,23.70,21.30,21.40,25.50,21.70,20.20,25.40,21.50,24.90,20.50,25.40,22.50,25.40,20.20,22.30,21.30,24.30,25.20,23.20,21.70,21.40,22.90,25.60,20.80,25.80,23.60,23.00,20.50,25.30,22.40,25.80,20.50,25.00,21.60,20.50,23.60,25.20,20.30,24.90,21.40,24.00,20.90,25.40,21.30,20.40,22.70,22.20,22.60,23.10,24.70,20.20,23.90
TLM_RCV,-55,FG-ALPHA,20240415_085036,AUTO,0,31.17,5.00,-85,100.00,8.33,3.28,5.02,909,435,0,279,22.37,1013.20,11.80,404.80,13.44,52.75,1080,24.50,21.20,24.00,20.50,22.30,24.60,20.00,22.80,21.30,20.40,23.40,23.30,24.70,25.60,21.50,21.90,25.40,21.80,22.70,24.10,24.40,22.60,20.00,20.00,20.20,22.60,22.60,22.70,25.40,24.30,20.20,23.60,21.40,24.80,24.70,23.80,20.40,21.30,21.40,24.90,20.20,22.80,21.30,25.90,22.40,20.20,25.70,25.80,23.10,23.20,25.40,25.90,22.50,23.30,22.40,23.30,23.50,22.00,22.50,20.20,25.90,23.40,20.70,24.80
TLM_RCV,-73,FG-ALPHA,20240415_085037,AUTO,0,32.34,5.00,-85,100.00,8.33,3.28,5.02,858,468,0,319,21.95,1013.60,11.80,405.20,13.44,52.75,1080,24.60,24.20,24.90,25.20,20.30,24.70,25.60,20.00,22.60,21.10,21.20,22.60,22.70,21.70,22.60,20.80,24.00,24.40,24.50,25.60,23.90,23.70,25.80,25.90,22.40,25.90,20.00,24.90,25.60,25.40,25.40,21.90,21.60,21.50,23.20,24.50,20.50,24.10,23.30,20.80,22.70,22.50,25.00,23.10,23.50,24.30,23.20,22.90,25.20,25.90,21.90,24.20,20.30,22.80,20.60,22.10,21.20,25.30,22.40,22.60,23.90,20.90,25.30,25.00
TLM_RCV,-59,FG-ALPHA,20240415_085038,AUTO,0,32.31,5.00,-85,100.00,8.33,3.28,5.02,932,462,0,308,22.35,1012.90,12.10,404.70,13.44,52.75,1080,25.80,21.40,23.60,24.20,21.60,23.70,22.30,25.00,21.60,22.20,20.40,20.80,23.80,24.70,22.50,24.00,23.20,25.90,21.10,23.00,23.00,20.40,21.40,25.00,24.30,25.70,22.10,20.70,23.30,20.80,25.20,25.50,23.70,23.90,22.20,22.10,22.50,22.60,24.70,23.70,20.20,25.20,20.90,23.50,21.10,20.80,20.30,23.20,20.40,22.20,21.80,24.50,25.30,22.00,24.60,24.30,24.20,24.80,22.50,20.30,24.70,23.00,20.40,20.20
TLM_RCV,-76,FG-ALPHA,20240415_085039,AUTO,0,33.16,5.00,-85,100.00,8.34,3.30,5.02,1075,432,0,289,23.22,1013.30,11.90,404.80,13.44,52.75,1080,23.00,23.80,24.10,21.10,24.70,23.70,21.20,22.90,23.50,22.20,24.80,22.20,22.40,21.30,24.10,20.00,23.00,21.90,23.70,21.00,24.50,22.80,25.00,25.50,22.50,20.90,21.10,24.60,25.60,25.80,22.70,24.80,20.60,20.90,20.40,22.10,20.60,23.80,25.00,21.20,25.60,22.20,24.60,23.70,20.10,23.90,20.70,23.10,24.80,24.00,23.30,25.40,21.70,22.50,21.10,25.00,22.30,25.90,25.50,20.10,25.20,20.20,21.70,25.80
TLM_RCV,-72,FG-ALPHA,20240415_085040,AUTO,0,31.28,5.00,-85,100.00,8.33,3.31,5.02,1046,456,0,303,22.95,1012.90,11.90,405.80,13.44,52.75,1080,22.30,25.90,22.40,20.00,24.30,24.10,24.40,23.90,25.40,25.20,23.90,23.00,25.40,25.30,20.40,21.40,21.40,21.70,22.20,25.60,20.00,22.50,20.00,22.20,22.00,20.50,21.00,22.10,21.10,25.70,20.30,20.30,25.30,21.90,23.60,23.40,22.10,24.20,25.20,21.40,21.70,23.50,20.40,21.40,20.90,23.90,24.50,23.80,22.50,25.40,24.70,22.40,21.60,23.80,22.30,22.70,20.60,20.60,22.20,24.00,23.80,24.30,24.80,25.20
TLM_RCV,-69,FG-ALPHA,20240415_085041,AUTO,0,33.33,5.00,-85,99.95,8.33,3.31,5.02,0,465,0,306,22.33,1013.50,11.90,405.00,13.44,52.75,1080,23.60,22.90,22.10,22.50,20.60,21.30,22.30,22.70,23.40,86.50,21.80,25.90,25.30,21.40,21.80,24.20,23.90,25.20,21.30,25.90,20.30,25.40,20.60,21.60,21.50,21.60,22.30,24.00,25.20,21.90,25.90,23.30,22.70,24.80,24.00,22.20,21.00,25.00,24.10,22.10,24.00,25.60,25.40,22.00,23.90,22.20,20.10,23.50,24.60,22.90,24.20,23.30,22.30,25.40,22.30,21.80,24.70,25.10,21.20,24.40,21.00,23.60,20.10,22.30
TLM_RCV,-40,FG-ALPHA,20240415_085042,AUTO,0,31.09,5.00,-85,100.00,8.34,3.29,5.02,919,419,0,269,22.50,1013.20,11.80,405.40,13.44,52.75,1080,25.80,21.20,20.50,20.30,20.30,24.10,24.10,25.70,23.20,20.20,21.10,21.20,21.40,21.40,25.40,23.60,24.40,20.80,25.70,22.70,20.70,22.90,22.70,24.80,24.90,24.40,23.20,23.20,25.00,20.20,23.50,21.60,23.30,24.20,23.00,24.70,25.50,21.70,23.70,22.70,25.10,24.30,20.90,21.20,22.10,22.10,23.90,22.40,23.10,24.90,20.60,21.70,23.20,23.10,25.40,21.90,21.90,22.90,25.30,24.50,22.70,24.60,22.20,22.70
TLM_RCV,-94,FG-ALPHA,20240415_085043,AUTO,0,32.97,5.00,-85,99.96,8.34,3.31,5.02,0,393,0,251,21.97,1013.30,12.00,404.60,13.44,52.75,1080,20.60,20.50,20.40,25.50,22.40,22.70,20.10,20.10,22.30,24.40,23.10,23.80,20.20,22.30,20.70,20.00,20.50,23.80,25.30,21.00,20.60,22.10,20.90,25.80,20.40,21.70,23.30,22.40,22.10,21.40,22.20,20.10,21.20,22.00,20.00,25.90,22.10,23.20,20.30,24.00,20.50,21.30,25.90,20.80,25.50,20.10,21.60,20.80,25.90,25.50,24.70,20.80,24.30,22.20,22.10,23.70,22.10,24.00,22.80,24.70,25.10,25.30,24.20,21.10
TLM_RCV,-42,FG-ALPHA,20240415_085044,AUTO,0,33.21,5.00,-85,100.00,8.33,3.31,5.02,882,441,0,301,22.20,1013.40,11.80,405.60,13.44,52.75,1080,25.60,23.80,24.80,20.90,25.30,24.00,21.60,23.50,24.70,21.70,23.00,20.90,24.40,24.90,22.50,20.40,25.20,21.00,22.20,23.90,23.30,25.70,20.10,23.40,21.20,22.80,25.10,23.70,22.80,21.60,20.50,23.80,20.10,25.40,25.40,24.60,20.30,24.60,20.90,25.30,20.20,25.90,21.30,25.80,21.70,22.20,22.70,23.70,20.00,21.50,24.60,25.30,24.40,25.90,21.30,25.50,20.70,25.10,20.40,22.90,21.00,20.80,22.30,22.00
TLM_RCV,-55,FG-ALPHA,20240415_085045,AUTO,0,32.49,5.00,-85,99.95,8.32,3.30,5.02,0,498,0,344,22.49,1013.50,12.00,405.30,13.45,52.75,1080,22.30,22.30,23.10,24.30,20.20,25.10,20.70,21.50,21.60,23.70,24.40,23.00,25.90,21.90,22.30,22.00,24.30,21.30,23.90,22.20,22.20,21.10,25.40,21.40,23.70,25.80,22.70,22.70,21.90,25.60,23.70,21.70,20.80,21.50,21.10,23.90,25.20,24.50,21.60,24.40,24.70,20.10,25.50,21.40,21.10,20.10,21.60,23.30,25.40,21.80,22.00,20.30,21.60,22.40,20.40,25.10,23.50,22.00,23.20,23.20,21.70,23.80,22.30,22.90
TLM_RCV,-86,FG-ALPHA,20240415_085046,AUTO,0,33.22,5.00,-85,100.00,8.33,3.28,5.02,1046,444,0,304,23.01,1012.90,12.10,404.50,13.45,52.75,1080,23.60,25.90,21.10,20.60,21.90,22.00,23.40,20.10,24.90,24.90,23.30,21.00,24.50,24.40,25.10,24.10,22.20,22.10,21.70,20.30,24.50,25.80,25.00,25.30,25.80,24.90,20.80,24.20,23.90,22.80,25.50,25.80,21.40,21.20,23.70,23.90,23.90,21.70,20.30,24.30,23.20,23.20,24.40,22.10,23.50,24.30,24.00,23.00,20.30,21.30,23.10,24.30,25.50,24.10,22.00,24.70,21.60,22.70,22.90,24.60,23.00,24.00,24.50,22.90
TLM_RCV,-56,FG-ALPHA,20240415_085047,AUTO,0,32.42,5.00,-85,100.00,8.33,3.29,5.02,805,485,0,342,21.60,1012.80,12.10,405.30,13.45,52.75,1080,24.30,25.80,25.50,25.00,25.90,24.60,24.50,21.50,22.50,25.60,24.60,24.10,21.90,21.70,25.50,25.20,23.00,21.00,20.40,20.70,24.80,20.00,25.40,25.10,24.50,23.40,23.90,20.20,22.90,25.70,20.30,24.80,21.20,23.60,21.40,24.00,23.90,20.50,20.10,22.50,25.00,24.80,22.80,20.90,23.80,25.60,21.70,25.90,25.70,24.80,24.90,21.40,23.70,22.10,23.80,25.60,23.40,24.70,21.10,24.40,21.90,22.10,24.00,25.50
TLM_RCV,-59,FG-ALPHA,20240415_085048,AUTO,0,32.03,5.00,-85,100.00,8.34,3.29,5.02,933,406,0,263,22.64,1012.80,11.80,404.60,13.45,52.75,1080,22.10,25.50,23.30,22.10,22.50,25.80,20.10,25.60,25.50,23.40,25.80,24.70,21.60,25.30,25.00,22.00,24.60,25.20,23.70,20.50,21.70,23.60,24.80,22.60,22.50,25.10,20.10,21.70,21.70,22.60,24.90,21.50,25.30,24.20,21.00,20.10,21.00,25.80,21.20,20.20,21.30,23.40,23.00,22.10,22.40,24.30,21.20,23.40,21.70,21.50,25.70,23.00,24.10,21.40,20.10,22.20,24.20,22.70,25.60,24.50,21.30,24.10,24.70,24.90
TLM_RCV,-87,FG-ALPHA,20240415_085049,AUTO,0,31.32,5.00,-85,100.00,8.33,3.28,5.02,888,463,0,318,22.12,1013.40,12.00,405.10,13.45,52.75,1080,24.10,25.30,81.70,24.80,24.70,23.80,24.10,25.40,24.80,22.00,23.90,22.80,22.00,21.20,23.10,20.00,22.90,24.40,24.70,22.20,20.30,20.70,24.30,22.80,20.20,25.70,25.30,20.40,21.00,22.70,22.30,21.90,21.10,23.50,24.30,25.30,22.50,22.20,24.10,22.50,21.00,23.00,24.50,23.40,20.30,23.30,25.50,21.10,20.70,20.50,22.40,23.40,21.50,20.00,21.70,22.30,22.60,24.60,22.10,21.00,21.40,25.70,20.90,23.90
TLM_RCV,-91,FG-ALPHA,20240415_085050,AUTO,0,32.05,5.00,-85,100.00,8.34,3.29,5.02,1024,410,0,265,23.07,1013.10,11.90,405.60,13.45,52.75,1080,24.20,23.30,21.10,22.20,22.60,23.20,20.90,25.20,22.90,25.40,22.60,22.90,21.20,25.60,22.50,23.60,22.60,21.00,24.30,23.00,22.20,25.50,21.80,21.70,21.90,21.30,23.60,25.00,24.60,25.40,22.80,23.90,22.10,23.50,24.80,23.90,24.50,22.40,22.40,24.70,22.30,22.60,24.00,25.40,25.00,20.50,21.60,22.00,23.10,25.80,23.40,22.30,25.30,24.10,21.90,23.70,20.10,25.00,21.60,20.30,22.80,23.60,23.50,23.10
TLM_RCV,-64,FG-ALPHA,20240415_085051,AUTO,0,32.22,5.00,-85,100.00,8.33,3.30,5.02,843,445,0,291,21.99,1012.70,12.00,405.10,13.45,52.75,1080,25.90,21.70,23.60,25.50,21.60,20.50,23.70,21.80,20.60,24.90,22.40,21.00,21.50,21.30,23.40,20.10,22.80,23.10,23.90,22.90,25.80,25.10,20.40,25.90,21.80,25.90,23.20,23.00,21.40,21.60,23.00,21.50,23.30,21.90,84.00,23.80,24.60,20.20,20.50,20.50,23.30,21.10,25.70,22.40,20.10,25.20,24.10,24.60,23.80,21.30,21.40,23.10,22.50,25.30,25.30,25.70,24.20,23.50,23.70,22.90,23.30,23.70,24.70,23.00
TLM_RCV,-69,FG-ALPHA,20240415_085052,AUTO,0,33.19,5.00,-85,100.00,8.33,3.30,5.02,899,439,0,295,22.30,1013.10,11.80,405.80,13.45,52.75,1080,24.50,22.20,22.60,20.60,21.90,25.70,20.80,23.10,22.80,24.30,21.90,21.10,25.10,24.50,22.00,20.90,23.00,21.60,23.60,22.20,21.20,20.00,20.80,25.90,20.00,23.40,23.40,21.60,21.60,20.50,23.40,23.50,24.10,24.60,20.80,20.60,24.90,23.10,23.40,25.90,24.00,23.10,24.10,23.50,25.20,21.70,24.90,21.00,24.80,22.70,25.10,22.40,22.50,24.00,23.90,21.90,24.90,20.20,23.50,21.70,24.30,20.40,25.30,23.30
TLM_RCV,-85,FG-ALPHA,20240415_085053,AUTO,0,32.47,5.00,-85,100.00,8.33,3.31,5.02,1004,493,0,347,22.56,1013.30,11.80,405.90,13.45,52.75,1080,24.10,22.90,22.10,22.60,25.80,22.80,23.40,23.40,23.50,21.70,23.20,20.30,21.30,21.00,20.40,20.60,21.40,21.30,25.80,23.60,24.00,24.70,22.40,22.70,22.30,20.40,23.20,21.10,22.70,21.70,20.50,24.20,24.40,25.50,21.90,21.30,24.80,20.50,20.90,20.60,21.40,25.30,22.60,24.40,24.40,22.30,22.40,21.40,22.50,22.00,22.30,23.70,24.20,23.00,23.90,24.00,25.20,20.30,21.60,20.80,22.10,25.50,22.30,20.80
TLM_RCV,-42,FG-ALPHA,20240415_085115,AUTO,0,33.42,5.00,-85,100.00,8.33,3.29,5.02,905,483,0,328,22.11,1013.40,12.00,404.60,13.48,53.50,1080,21.60,23.00,23.00,24.30,24.30,21.80,20.40,25.80,22.10,23.00,20.00,24.30,25.50,25.60,21.40,24.50,24.80,22.40,23.40,24.90,22.30,22.00,23.10,25.00,20.00,24.00,24.80,21.70,24.40,25.60,21.80,24.90,22.40,20.60,22.10,24.50,25.90,25.20,20.90,21.50,23.00,21.10,20.50,22.50,23.50,22.90,21.80,23.60,24.50,22.90,22.10,21.70,21.40,22.90,25.00,21.80,22.70,21.00,23.30,20.10,23.60,25.70,23.20,25.60
TLM_RCV,-65,FG-ALPHA,20240415_085116,AUTO,0,32.44,5.00,-85,100.00,8.33,3.30,5.02,1167,489,0,344,23.39,1013.00,12.00,405.70,13.48,53.50,1080,25.20,23.40,23.80,21.90,21.50,25.40,21.80,24.00,22.70,25.70,21.30,23.90,20.90,24.50,20.80,22.80,25.50,23.00,24.00,21.00,23.40,24.30,25.20,20.70,20.90,24.70,21.50,25.80,23.60,24.20,21.40,24.70,25.60,21.80,24.60,23.60,22.70,25.40,25.40,23.10,23.80,22.20,25.30,25.30,25.20,24.30,25.90,20.20,23.10,21.30,22.00,23.40,24.70,24.00,23.60,20.40,20.80,24.20,20.60,24.00,25.20,24.70,25.70,22.10
TLM_RCV,-86,FG-ALPHA,20240415_085117,AUTO,0,33.42,5.00,-85,99.95,8.33,3.29,5.02,0,485,0,341,22.42,1012.80,12.00,405.60,13.48,53.50,1080,24.70,25.70,20.20,20.20,22.50,25.30,24.40,24.60,25.70,22.70,20.50,20.80,25.40,24.30,25.30,22.00,23.90,21.70,22.40,21.20,24.50,21.80,25.40,24.50,20.40,22.60,24.60,20.20,25.20,21.40,23.60,24.90,21.00,22.40,21.00,25.00,25.70,21.60,24.50,25.40,23.10,23.70,22.90,22.00,20.40,21.40,25.30,25.00,23.80,20.80,24.20,25.90,21.80,23.40,23.90,22.30,22.40,25.00,24.00,22.20,24.50,23.60,23.40,23.10
TLM_RCV,-92,FG-ALPHA,20240415_085118,AUTO,0,31.08,5.00,-85,100.00,8.34,3.28,5.02,920,416,0,261,22.52,1013.10,11.90,404.60,13.48,53.50,1080,21.50,20.70,25.60,23.60,23.00,20.30,23.50,21.00,20.40,24.60,24.70,25.80,21.30,20.60,25.40,20.00,24.40,25.70,22.60,22.90,25.10,20.20,21.10,22.20,25.80,23.20,21.40,20.20,20.20,21.60,20.10,25.70,21.30,24.10,25.80,23.60,22.70,21.90,25.80,24.90,20.60,20.00,25.60,23.00,22.00,25.80,20.10,25.60,25.20,21.00,22.90,20.90,23.80,23.60,22.30,22.80,23.10,22.60,23.50,23.30,22.50,21.30,25.40,25.00
TLM_RCV,-50,FG-ALPHA,20240415_085119,AUTO,0,32.38,5.00,-85,100.00,8.33,3.31,5.02,851,476,0,333,21.87,1012.80,12.00,404.70,13.48,53.50,1080,23.10,22.90,21.80,25.20,20.50,22.70,23.30,21.40,23.60,25.00,22.60,20.90,24.80,23.00,20.50,21.30,20.80,20.50,23.30,24.10,22.40,21.30,23.90,24.40,20.00,24.80,23.40,24.80,24.00,22.20,24.30,23.80,21.40,22.30,23.10,22.10,23.60,21.90,23.40,23.90,21.30,21.50,23.00,23.00,25.50,25.80,22.40,25.30,22.90,22.60,21.00,22.90,24.10,25.70,22.30,22.70,20.10,24.30,24.00,22.70,25.00,25.50,23.80,25.20
TLM_RCV,-75,FG-ALPHA,20240415_085120,AUTO,0,33.21,5.00,-85,100.00,8.33,3.28,5.02,1083,441,0,300,23.21,1013.30,11.90,404.80,13.48,53.50,1080,22.60,24.60,25.80,20.00,23.10,23.00,22.80,24.90,24.30,23.50,23.20,22.50,23.30,21.90,21.60,23.40,25.70,25.60,20.60,23.20,24.20,22.10,22.10,23.50,25.50,20.10,22.00,25.80,25.90,24.00,25.10,24.40,20.50,21.20,22.70,23.80,21.90,25.70,22.00,22.50,20.60,20.00,25.40,24.80,21.30,23.20,21.90,20.80,20.70,21.30,23.00,22.60,20.70,24.70,22.30,24.10,23.90,22.70,24.40,24.80,25.60,25.60,21.60,21.70
TLM_RCV,-73,FG-ALPHA,20240415_085121,AUTO,0,31.36,5.00,-85,100.00,8.33,3.29,5.02,1169,472,0,324,23.49,1013.20,11.80,405.50,13.48,53.50,1080,20.70,24.40,25.70,22.10,22.00,23.70,23.70,20.60,25.40,21.00,22.70,21.80,22.60,21.40,25.70,20.20,25.30,22.50,25.60,23.60,25.10,21.10,20.60,25.30,23.00,20.00,23.70,25.70,23.80,20.80,23.60,23.70,24.10,21.80,20.40,21.80,22.10,21.00,20.00,22.00,23.20,23.60,25.70,21.40,25.30,25.90,25.40,24.50,24.70,24.70,22.40,20.40,23.60,20.10,22.00,21.30,24.70,25.10,25.00,20.50,20.30,20.40,20.00,21.30
TLM_RCV,-44,FG-ALPHA,20240415_085122,AUTO,0,31.37,5.00,-85,99.95,8.33,3.30,5.02,0,474,0,334,22.37,1012.90,11.90,405.00,13.48,53.50,1080,22.00,24.40,21.90,23.70,20.80,22.80,20.40,23.50,25.00,22.40,21.30,20.10,22.30,22.80,22.00,20.30,20.40,25.70,22.20,24.10,24.30,23.50,22.30,21.10,22.60,20.90,24.70,24.20,24.60,22.70,25.00,23.70,25.30,25.40,23.50,21.30,24.00,25.30,25.40,22.60,20.20,21.90,20.60,24.80,23.10,21.20,24.20,21.00,23.70,22.90,25.00,20.40,23.70,22.80,21.20,23.30,22.30,22.70,20.90,21.90,24.20,21.20,25.80,24.10
TLM_RCV,-90,FG-ALPHA,20240415_085123,AUTO,0,31.02,5.00,-85,99.99,8.34,3.30,5.02,810,404,0,262,22.03,1012.90,12.10,406.30,13.48,53.50,1080,22.00,23.00,22.30,21.50,20.70,25.20,25.60,24.90,23.50,23.30,80.50,22.30,24.70,20.30,24.30,24.40,21.70,24.70,22.70,21.00,24.10,20.70,25.20,25.10,22.30,22.20,20.60,23.00,24.00,21.40,23.40,20.90,23.40,23.00,24.30,22.40,21.70,23.80,24.60,20.70,24.00,20.90,20.30,25.40,25.30,24.10,25.40,22.20,23.40,20.60,21.20,23.40,22.00,21.20,25.90,20.20,25.80,22.00,20.90,22.90,25.30,21.40,22.40,22.70
TLM_RCV,-41,FG-ALPHA,20240415_085124,AUTO,0,32.17,5.00,-85,99.95,8.33,3.29,5.02,0,434,0,294,22.17,1012.90,11.80,405.30,13.48,53.50,1080,22.40,20.40,20.50,21.00,23.30,22.40,22.70,22.00,21.70,21.80,22.50,20.60,24.30,25.80,25.70,24.50,24.20,22.50,20.20,23.00,21.50,23.70,25.50,21.30,20.20,21.30,23.40,22.00,25.80,22.30,23.70,21.00,25.60,24.90,23.10,23.30,20.60,24.00,24.40,23.60,24.20,23.90,24.30,22.60,20.40,20.50,24.90,23.80,23.80,25.00,25.80,23.90,23.70,21.30,20.50,23.90,24.70,24.50,24.40,25.50,25.40,24.00,23.00,24.30
TLM_RCV,-95,FG-ALPHA,20240415_085125,AUTO,0,33.10,5.00,-85,100.00,8.34,3.30,5.02,1167,419,0,276,23.74,1013.20,12.10,405.00,13.49,53.50,1080,22.90,24.90,23.80,21.00,25.70,20.80,22.00,21.10,25.60,24.00,21.10,23.00,22.10,24.50,21.20,25.00,22.30,21.50,20.50,21.00,20.70,22.90,20.70,22.50,23.50,25.20,25.20,20.30,21.20,21.70,24.20,23.60,22.70,22.80,25.10,20.70,22.30,21.20,22.00,22.70,22.00,25.80,21.90,24.40,21.30,22.10,25.30,24.00,22.40,20.80,20.40,23.70,25.00,21.80,20.00,87.70,25.70,23.70,23.20,23.80,24.10,24.70,24.00,24.60
TLM_RCV,-45,FG-ALPHA,20240415_085126,AUTO,0,33.39,5.00,-85,100.00,8.33,3.30,5.02,851,478,0,336,21.86,1013.00,12.10,406.30,13.49,53.50,1080,22.90,23.50,25.60,24.80,20.70,23.90,25.90,25.10,22.10,20.40,24.20,24.10,20.10,21.60,24.10,21.40,23.20,24.10,20.90,22.10,25.00,20.80,24.90,22.50,25.70,20.10,23.80,21.70,21.60,21.40,25.70,22.80,22.20,21.70,22.70,24.60,23.20,24.10,23.80,24.10,23.00,22.90,24.90,24.50,25.20,20.60,25.60,21.20,23.30,22.40,24.00,20.30,23.80,23.50,24.80,25.90,24.40,21.20,22.10,22.00,25.10,21.30,24.30,23.80
TLM_RCV,-75,FG-ALPHA,20240415_085127,AUTO,0,31.32,5.00,-85,100.00,8.33,3.28,5.02,1050,464,0,317,22.93,1012.70,12.00,405.20,13.49,53.50,1080,24.70,22.90,25.50,24.20,24.90,21.40,25.00,20.60,21.90,23.70,25.80,23.20,22.60,23.70,23.50,25.50,23.40,25.60,20.90,22.30,24.40,22.50,23.60,20.90,20.10,23.00,20.80,20.30,23.90,25.70,23.50,23.00,20.80,25.80,22.60,23.10,23.50,20.20,20.00,24.40,20.20,22.00,23.80,23.70,21.90,25.80,21.50,25.70,24.10,22.50,25.80,20.90,22.80,22.10,22.90,25.40,21.60,25.90,22.40,87.80,24.90,21.40,23.00,20.70
TLM_RCV,-81,FG-ALPHA,20240415_085128,AUTO,0,30.98,5.00,-85,99.96,8.34,3.31,5.02,0,395,0,252,21.98,1012.80,11.90,404.70,13.49,53.50,1080,22.40,23.50,24.90,24.50,22.90,25.60,23.50,23.10,22.90,24.50,24.50,22.50,22.90,23.20,20.20,21.20,23.40,23.80,21.50,24.30,21.00,23.90,23.60,21.30,24.60,20.40,21.10,20.00,20.50,21.30,21.50,22.40,23.50,21.80,21.70,21.60,25.30,25.00,21.60,22.90,20.60,21.00,21.30,25.20,24.80,24.40,20.00,20.30,25.10,21.00,25.30,21.20,24.10,25.30,24.70,20.10,24.50,24.30,23.00,21.40,23.60,24.80,25.20,22.00
TLM_RCV,-81,FG-ALPHA,20240415_085129,AUTO,0,32.48,5.00,-85,99.91,8.32,3.28,5.02,0,496,0,344,22.48,1013.10,11.90,405.10,13.49,53.50,1080,21.20,23.40,24.10,24.70,24.40,21.50,25.20,24.20,21.10,24.20,24.50,24.10,25.00,21.20,23.40,24.80,25.00,24.80,25.80,24.20,20.50,24.60,25.10,20.80,25.60,20.70,20.30,25.90,23.80,24.90,24.70,22.00,24.60,23.00,20.50,20.70,25.70,22.40,24.90,22.20,23.60,21.00,24.50,23.30,21.90,21.00,22.80,22.90,21.50,21.30,22.10,24.10,24.00,23.50,20.80,22.20,21.60,22.70,21.70,24.80,23.50,24.30,24.80,20.00
TLM_RCV,-78,FG-ALPHA,20240415_085130,AUTO,0,32.26,5.00,-85,99.98,8.33,3.29,5.02,1136,452,0,303,23.42,1013.50,12.10,406.40,13.49,53.50,1080,24.80,25.80,23.80,20.10,23.00,20.50,20.20,23.80,21.00,24.80,20.90,22.70,22.60,24.80,21.80,21.20,20.00,21.90,21.70,25.60,23.90,25.30,21.20,25.20,22.30,20.30,23.40,23.70,20.70,21.60,25.90,22.80,21.20,23.50,23.10,22.50,25.70,24.40,24.70,21.50,22.70,23.30,20.10,21.20,21.70,20.90,21.50,25.30,21.10,24.50,24.30,24.20,22.10,24.60,24.80,23.40,25.60,24.30,24.70,25.10,20.20,20.80,21.20,23.70
TLM_RCV,-95,FG-ALPHA,20240415_085131,AUTO,0,33.46,5.00,-85,100.00,8.33,3.30,5.02,901,492,0,348,22.05,1013.40,12.00,406.30,13.49,53.50,1080,25.00,20.60,21.80,21.70,21.00,22.10,20.30,24.20,22.80,22.70,23.80,21.10,21.30,22.90,23.30,24.80,25.30,25.60,20.40,23.90,22.10,22.10,21.60,25.70,21.90,22.90,22.60,20.80,22.00,25.60,25.40,20.50,24.00,22.20,22.00,25.10,23.00,25.30,20.00,23.60,23.80,23.70,20.70,23.70,21.40,24.10,25.10,23.60,25.60,20.90,22.70,22.00,24.30,23.10,25.60,22.80,23.60,24.50,25.30,25.50,21.60,24.20,22.60,24.80
TLM_RCV,-67,FG-ALPHA,20240415_085132,AUTO,0,32.26,5.00,-85,100.00,8.33,3.28,5.02,1163,453,0,294,23.55,1012.80,12.00,405.20,13.49,53.50,1080,25.70,21.30,21.30,22.10,20.50,21.50,22.50,20.00,23.80,21.30,20.60,23.50,21.80,21.70,24.20,24.90,23.80,20.10,24.00,22.20,21.90,25.70,23.50,25.30,22.60,22.50,21.10,23.40,23.80,24.80,23.30,23.30,24.00,24.90,21.70,20.40,25.90,20.30,24.40,25.20,22.20,20.00,25.40,23.70,22.20,25.90,23.90,25.10,20.90,23.90,22.30,22.70,23.90,22.30,20.90,20.70,21.80,22.80,25.70,25.00,21.50,22.10,21.10,23.60
TLM_RCV,-50,FG-ALPHA,20240415_085133,AUTO,0,32.19,5.00,-85,100.00,8.33,3.31,5.02,847,437,0,290,22.05,1013.40,12.10,404.90,13.49,53.50,1080,22.40,22.10,25.10,24.70,23.10,24.70,23.60,21.30,21.30,25.30,23.10,22.50,25.90,23.70,25.00,22.90,20.60,22.50,22.60,20.00,23.10,23.40,20.70,20.80,20.30,22.20,20.50,24.00,21.20,25.30,22.50,20.90,23.00,24.60,25.60,22.00,25.20,21.40,25.30,23.50,25.50,25.60,24.40,21.80,20.40,25.20,24.60,23.70,21.80,22.00,25.10,24.90,20.60,23.20,25.90,24.80,25.60,25.90,24.80,21.20,20.50,21.80,23.30,22.70
TLM_RCV,-65,FG-ALPHA,20240415_085134,AUTO,0,31.33,5.00,-85,100.00,8.33,3.28,5.02,1015,467,0,321,22.74,1012.90,12.10,405.40,13.49,53.50,1080,22.80,21.90,24.00,25.10,23.30,23.10,20.60,25.00,22.10,22.20,21.60,23.20,23.70,25.10,24.80,23.80,24.50,22.40,21.90,23.50,23.90,22.90,24.50,25.60,23.20,25.40,25.50,22.70,21.20,21.80,20.70,24.30,24.90,20.10,24.90,23.10,23.50,23.60,24.80,22.30,23.30,20.60,22.30,22.20,23.30,23.50,21.20,22.20,20.50,23.80,25.80,20.10,23.80,23.60,20.70,25.50,23.00,24.10,22.80,23.90,23.70,23.80,22.40,22.40
TLM_RCV,-57,FG-ALPHA,20240415_085135,AUTO,0,32.06,5.00,-85,100.00,8.34,3.29,5.02,933,413,0,264,22.60,1013.40,11.90,404.90,13.50,53.50,1080,24.60,23.10,25.90,20.80,22.50,25.80,24.60,25.00,25.50,24.00,25.50,22.60,20.10,22.60,24.00,21.40,21.90,25.50,24.50,21.10,20.20,24.40,25.90,21.60,22.40,20.80,21.50,22.90,21.80,21.90,24.90,25.10,22.90,22.50,21.80,20.40,21.60,21.50,24.60,23.50,22.30,22.70,20.90,22.70,21.90,21.90,25.20,23.70,24.70,20.50,25.50,22.40,23.70,25.30,24.80,22.20,25.20,23.00,22.10,21.10,23.60,23.90,25.80,20.40
TLM_RCV,-82,FG-ALPHA,20240415_085136,AUTO,0,31.27,5.00,-85,99.95,8.33,3.30,5.02,0,455,0,297,22.27,1013.60,11.90,405.10,13.50,53.50,1080,23.60,23.60,25.40,21.70,23.50,24.40,24.70,21.60,24.00,23.40,22.50,24.70,25.90,24.00,22.70,21.50,21.00,22.90,23.50,21.20,23.00,21.00,24.00,23.20,23.50,21.00,25.20,23.10,25.80,24.70,25.90,20.80,21.20,25.10,20.90,21.40,21.20,20.40,24.60,20.20,24.70,24.40,21.20,24.00,24.10,21.40,23.70,25.90,22.20,24.90,23.90,24.60,22.50,21.40,21.30,22.40,21.70,25.90,23.30,25.30,20.80,23.80,20.90,22.00
TLM_RCV,-93,FG-ALPHA,20240415_085137,AUTO,0,33.34,5.00,-85,100.00,8.33,3.31,5.02,950,468,0,328,22.41,1012.80,11.80,406.40,13.50,53.50,1080,25.90,22.30,22.90,20.00,24.70,24.50,24.30,22.50,24.40,23.20,25.90,23.10,21.90,25.00,25.90,20.20,25.20,20.00,20.40,20.80,25.20,21.60,20.40,23.20,22.90,24.40,25.60,24.10,25.00,25.30,21.40,20.30,21.80,23.00,23.40,25.00,25.60,21.60,24.30,20.00,21.90,23.60,24.30,20.30,22.00,20.10,22.40,24.80,81.30,22.60,22.20,22.00,25.80,21.20,25.20,23.30,21.50,22.10,22.80,25.30,21.80,20.20,24.60,24.90
TLM_RCV,-85,FG-ALPHA,20240415_085138,AUTO,0,31.44,5.00,-85,100.00,8.33,3.31,5.02,1073,488,0,348,22.92,1013.50,12.00,405.20,13.50,53.50,1080,24.50,23.20,24.70,21.10,22.90,23.60,21.70,24.90,25.20,24.40,25.50,25.00,24.30,24.60,23.30,21.80,21.00,25.70,20.00,21.90,21.30,23.30,20.60,23.20,24.80,21.10,21.20,21.60,24.50,21.80,21.60,23.60,21.20,22.30,20.20,25.30,21.80,25.50,21.60,25.30,20.60,24.90,24.00,21.70,21.40,20.90,20.80,21.00,21.50,25.40,23.50,24.20,24.80,21.00,21.30,20.40,25.10,21.90,25.70,22.80,20.60,22.60,22.60,23.50
TLM_RCV,-88,FG-ALPHA,20240415_085139,AUTO,0,31.21,5.00,-85,100.00,8.33,3.29,5.02,811,442,0,291,21.84,1013.50,11.90,405.00,13.50,53.50,1080,25.20,20.50,22.80,21.60,20.20,25.10,25.70,25.20,20.70,22.70,24.00,20.20,22.70,24.90,23.10,24.00,23.70,20.60,25.70,21.00,21.60,20.00,25.40,21.60,24.00,23.90,23.10,24.70,22.80,23.70,20.40,20.70,20.10,20.40,23.10,20.00,22.20,23.50,22.20,23.90,21.10,24.50,21.60,23.40,22.20,21.30,24.50,22.40,22.30,25.80,22.70,23.50,23.10,21.20,23.20,21.90,25.80,24.00,25.10,21.10,24.40,22.50,20.00,20.90
TLM_RCV,-45,FG-ALPHA,20240415_085140,AUTO,0,31.37,5.00,-85,100.00,8.33,3.29,5.02,931,475,0,330,22.28,1013.10,12.10,405.90,13.50,53.50,1080,25.90,20.20,21.80,23.00,25.40,22.40,22.70,22.70,21.00,24.40,23.20,24.20,22.90,23.80,20.50,24.50,20.90,22.60,22.40,20.50,22.30,24.90,21.60,20.30,23.10,21.20,25.50,23.60,20.10,22.70,20.80,23.70,24.30,21.70,23.80,25.90,21.60,23.10,21.20,23.80,24.90,24.00,25.90,22.30,21.80,23.30,24.80,25.30,25.00,20.70,22.50,24.50,23.90,24.70,22.60,21.90,24.10,20.00,20.70,24.70,21.20,23.90,79.50,23.40
TLM_RCV,-86,FG-ALPHA,20240415_085141,AUTO,0,33.17,5.00,-85,100.00,8.34,3.29,5.02,1031,433,0,276,22.99,1013.60,11.90,406.30,13.50,53.50,1080,20.70,23.80,25.30,23.10,21.50,23.80,24.60,21.30,24.00,20.70,23.70,22.00,25.60,20.20,21.50,23.10,23.10,23.10,25.60,24.80,24.00,24.60,23.10,25.00,24.40,20.00,22.30,24.70,23.40,21.40,21.60,22.30,23.80,21.90,21.50,21.20,20.10,22.00,23.20,24.00,25.40,21.40,22.00,22.80,22.00,20.40,20.00,20.50,25.90,25.40,23.50,20.00,25.70,22.10,21.30,21.20,20.30,20.10,25.40,22.60,25.40,25.50,23.10,21.20
TLM_RCV,-74,FG-ALPHA,20240415_085142,AUTO,0,33.45,5.00,-85,100.00,8.33,3.29,5.02,932,490,0,331,22.21,1012.80,11.90,405.40,13.50,53.50,1080,21.30,21.60,24.60,21.50,25.60,21.30,25.10,24.40,21.90,21.00,25.10,24.80,23.90,22.60,20.20,25.90,24.30,22.00,22.30,23.50,24.30,24.00,24.80,24.70,23.50,25.00,22.40,20.10,25.20,23.30,20.20,22.00,23.30,23.30,24.90,21.40,24.20,20.50,23.20,21.30,24.40,22.90,23.70,20.50,21.70,22.90,20.80,25.40,24.70,25.00,21.60,23.60,21.40,22.30,23.40,21.60,22.10,21.00,25.00,21.80,23.30,21.70,25.20,21.80
TLM_RCV,-90,FG-ALPHA,20240415_085143,AUTO,0,33.05,5.00,-85,99.96,8.34,3.28,5.02,0,410,0,267,22.05,1012.90,11.80,404.70,13.50,53.50,1080,21.30,25.20,22.80,20.10,24.30,21.00,20.40,23.00,24.30,21.90,23.00,22.10,22.50,25.30,23.50,23.80,21.70,20.90,25.10,22.60,25.70,25.30,22.10,23.90,20.00,21.80,23.70,21.00,23.70,21.50,20.90,25.20,25.80,20.70,22.50,20.80,25.50,25.00,21.00,25.80,21.20,23.20,20.60,20.60,23.70,25.00,21.80,21.50,25.70,24.70,22.50,21.50,22.20,20.80,21.90,24.80,24.70,23.30,25.30,25.60,20.10,25.30,21.90,24.00
TLM_RCV,-45,FG-ALPHA,20240415_085144,AUTO,0,31.43,5.00,-85,99.99,8.33,3.29,5.02,838,487,0,346,21.75,1013.40,11.80,405.90,13.50,53.50,1080,24.30,24.60,24.40,20.20,24.60,20.80,25.90,23.20,20.50,25.00,20.20,23.30,24.00,22.20,20.70,22.20,23.50,23.00,23.40,23.80,22.90,22.20,25.80,25.20,21.40,23.30,22.50,24.20,23.40,24.60,22.30,21.60,21.80,24.80,22.50,23.90,25.20,21.00,22.20,25.20,23.20,23.00,23.50,25.70,20.60,22.90,22.20,24.60,23.70,23.40,25.50,20.20,25.90,20.10,20.40,24.60,25.80,22.70,20.00,21.50,25.60,20.70,23.70,25.30
TLM_RCV,-67,FG-ALPHA,20240415_085145,AUTO,0,33.17,5.00,-85,99.95,8.33,3.28,5.02,0,433,0,286,22.17,1013.00,12.00,405.80,13.51,53.50,1080,21.80,24.50,20.40,21.40,24.70,20.10,20.80,22.80,23.20,23.40,22.90,23.10,20.80,25.70,23.10,20.70,25.30,21.90,24.70,21.00,25.70,22.90,22.60,20.60,25.60,24.60,24.00,23.00,20.40,20.60,20.60,23.30,25.80,23.10,22.80,23.60,22.60,21.20,24.50,24.80,20.30,22.30,20.10,22.60,25.40,25.40,20.30,25.50,23.10,25.70,21.50,21.20,21.00,23.00,24.20,20.30,22.90,23.60,21.50,21.90,23.90,23.00,23.20,24.20
TLM_RCV,-50,FG-ALPHA,20240415_085146,AUTO,0,32.17,5.00,-85,100.00,8.33,3.30,5.02,1082,434,0,288,23.24,1013.30,12.10,406.00,13.51,53.50,1080,20.70,25.30,23.80,22.80,24.00,23.10,24.80,22.20,23.00,22.50,25.10,24.10,23.10,21.20,24.40,24.40,21.10,23.90,25.30,20.30,23.90,20.40,21.30,25.40,22.30,20.80,22.60,21.90,25.30,24.60,21.00,20.90,25.50,24.30,25.00,25.90,21.80,20.90,21.50,20.70,21.00,23.10,20.30,24.50,24.20,20.00,22.40,22.10,23.90,24.80,24.70,24.30,24.50,25.30,20.90,24.80,23.40,21.40,22.30,25.00,24.70,22.30,25.50,23.70
TLM_RCV,-83,FG-ALPHA,20240415_085147,AUTO,0,32.17,5.00,-85,100.00,8.33,3.29,5.02,849,435,0,280,22.07,1012.80,11.90,404.60,13.51,53.50,1080,24.60,22.20,22.00,21.20,23.10,25.10,25.10,21.20,25.20,25.90,23.00,21.70,24.10,22.40,24.20,23.50,23.30,23.40,20.00,21.80,20.20,22.50,25.00,20.10,25.80,25.60,23.90,24.10,24.10,23.30,20.30,25.50,25.50,22.50,24.80,21.90,22.50,21.60,21.50,23.00,23.10,25.20,21.00,23.00,24.70,20.80,20.00,20.10,23.30,23.40,21.40,23.50,21.80,23.20,21.70,20.40,21.70,23.60,22.10,20.50,22.40,25.70,23.80,23.90
TLM_RCV,-91,FG-ALPHA,20240415_085148,AUTO,0,32.30,5.00,-85,100.00,8.33,3.30,5.02,812,460,0,315,21.76,1013.60,12.00,405.50,13.51,53.50,1080,25.60,21.80,24.90,24.80,23.70,22.70,23.80,25.70,24.40,21.80,22.20,24.20,20.50,22.30,25.50,23.30,23.10,20.60,22.70,25.40,20.60,25.60,23.20,25.70,22.90,23.70,23.50,25.30,25.40,23.80,25.80,22.90,25.60,25.20,22.30,20.70,21.50,23.60,25.70,20.40,20.40,25.40,24.90,23.60,22.70,22.30,24.80,24.60,20.70,24.20,24.40,21.60,25.10,24.10,20.50,24.50,20.20,22.20,21.80,24.80,23.40,20.90,22.90,25.00
TLM_RCV,-62,FG-ALPHA,20240415_085149,AUTO,0,33.28,5.00,-85,100.00,8.33,3.30,5.02,1111,456,0,315,23.27,1012.80,11.80,406.10,13.51,53.50,1080,21.60,25.00,22.80,25.30,22.10,22.70,20.90,20.50,24.20,25.00,22.00,24.90,21.20,25.30,20.10,21.60,20.60,21.90,21.70,23.10,23.30,20.10,20.10,22.00,22.40,23.00,24.90,23.50,20.90,25.60,25.60,23.50,22.10,21.70,21.80,20.30,24.20,22.80,23.00,22.60,22.30,22.50,22.70,20.20,21.10,21.70,21.00,20.50,20.20,22.70,20.50,22.30,25.80,22.70,23.20,23.10,23.20,23.90,22.70,23.30,21.10,20.10,24.40,20.70
TLM_RCV,-86,FG-ALPHA,20240415_085150,AUTO,0,31.42,5.00,-85,100.00,8.33,3.29,5.02,1058,483,0,343,22.87,1013.20,11.90,405.80,13.51,53.50,1080,25.10,23.40,22.40,20.20,21.20,24.80,24.30,23.30,24.30,23.40,21.70,23.60,23.40,23.70,23.30,25.00,23.80,20.60,21.10,21.10,21.90,25.40,24.10,25.90,21.60,24.70,20.30,22.70,24.10,23.20,21.40,23.30,24.00,20.30,23.80,20.80,24.60,20.00,21.50,22.40,23.50,23.50,24.40,24.60,21.00,22.80,25.30,21.50,25.30,21.30,21.10,20.10,20.60,25.80,25.40,23.00,23.60,21.80,20.20,21.20,24.40,22.80,22.90,25.30
TLM_RCV,-49,FG-ALPHA,20240415_085151,AUTO,0,31.01,5.00,-85,100.00,8.34,3.28,5.02,888,403,0,262,22.42,1013.00,12.00,406.20,13.51,53.50,1080,25.30,20.40,25.20,21.60,22.70,22.60,22.50,21.50,24.50,21.90,25.00,22.90,21.00,20.90,23.00,24.80,25.50,20.00,21.50,22.20,25.40,20.80,21.70,24.40,23.00,21.70,20.40,25.50,24.10,21.80,25.00,21.80,21.70,25.50,20.60,23.50,24.80,21.40,23.10,23.90,20.90,21.20,23.60,21.50,23.80,23.20,21.50,23.80,23.90,24.70,23.30,23.30,23.40,25.30,21.50,25.10,20.40,20.40,21.00,21.50,25.00,25.00,20.10,23.70
TLM_RCV,-89,FG-ALPHA,20240415_085152,AUTO,0,31.25,5.00,-85,100.00,8.33,3.31,5.02,1055,451,0,307,23.02,1013.00,11.80,405.20,13.51,53.50,1080,22.50,20.80,21.80,20.40,25.50,24.40,24.20,24.50,23.10,24.30,25.70,23.60,23.10,23.80,22.70,23.10,24.90,24.80,20.00,24.40,23.20,24.00,25.90,25.10,20.60,20.80,22.00,23.50,21.30,23.60,22.90,20.70,20.00,24.00,20.20,22.20,20.90,25.00,23.70,22.70,25.30,22.70,25.80,25.40,24.60,21.30,25.70,20.20,24.10,25.60,21.70,23.60,20.70,25.00,23.90,20.80,22.20,24.00,24.50,20.50,24.90,22.60,24.70,21.00
TLM_RCV,-80,FG-ALPHA,20240415_085153,AUTO,0,33.00,5.00,-85,100.00,8.34,3.30,5.02,979,400,0,257,22.90,1013.20,12.10,405.70,13.51,53.50,1080,25.10,22.50,24.80,20.50,23.80,21.20,24.30,20.60,22.80,24.80,20.70,22.90,23.80,20.90,24.40,23.20,21.50,24.00,22.00,21.70,24.10,21.40,24.80,20.30,25.40,21.10,25.30,21.90,24.80,23.10,22.70,20.20,24.20,21.60,20.70,25.80,25.60,23.20,25.80,24.90,25.20,22.30,25.20,22.20,22.10,23.50,25.60,24.50,21.50,22.80,25.50,23.00,24.10,21.30,21.00,25.40,22.40,22.50,24.60,20.30,23.20,24.90,25.80,25.30
TLM_RCV,-77,FG-ALPHA,20240415_085154,AUTO,0,31.11,5.00,-85,100.00,8.34,3.28,5.02,1040,423,0,275,23.08,1013.20,11.90,404.50,13.51,53.50,1080,25.00,23.60,25.00,24.70,23.20,20.80,24.50,22.10,23.80,22.80,24.60,25.60,20.20,25.00,24.50,24.50,24.10,22.20,20.10,21.40,20.90,21.60,21.50,22.50,22.70,20.00,24.70,20.50,25.10,22.70,24.40,22.40,25.20,21.30,23.40,24.20,21.50,21.20,23.60,25.50,21.20,25.50,20.90,21.90,21.30,22.50,20.60,22.40,20.90,24.50,24.00,20.30,23.10,25.60,25.40,22.80,21.80,22.50,25.60,25.40,24.10,25.10,21.20,23.30
TLM_RCV,-73,FG-ALPHA,20240415_085155,AUTO,0,33.47,5.00,-85,100.00,8.33,3.31,5.02,866,495,0,343,21.85,1013.50,12.10,406.30,13.52,53.50,1080,24.30,20.40,22.40,24.50,25.30,23.90,21.70,22.00,21.90,22.40,25.50,21.80,21.70,22.60,25.90,21.10,23.80,25.50,21.10,20.20,23.30,20.30,21.30,21.80,23.50,25.40,20.40,21.40,22.00,20.60,25.30,21.60,25.10,23.40,20.30,23.00,20.00,22.30,20.30,22.20,23.20,21.10,23.90,23.00,25.50,25.60,24.40,20.80,21.80,23.90,22.20,23.30,22.50,25.10,24.10,20.60,25.70,24.80,22.40,24.20,25.20,23.20,22.80,21.20
TLM_RCV,-95,FG-ALPHA,20240415_085217,AUTO,0,31.19,5.00,-85,100.00,8.33,3.30,5.02,951,438,0,294,22.57,1012.70,11.80,404.90,13.54,53.80,1080,23.50,21.20,25.20,24.90,22.90,22.10,23.80,23.60,21.00,24.20,23.90,23.50,21.00,20.40,23.10,24.60,22.30,20.90,22.20,24.30,24.60,20.50,23.70,23.80,22.30,23.80,21.50,25.10,22.00,23.60,24.20,24.70,20.80,24.00,24.00,21.90,24.40,25.10,20.60,20.00,24.80,20.10,25.90,25.00,24.30,24.00,23.20,21.00,24.30,20.10,20.20,24.90,21.50,24.70,23.00,20.90,25.40,20.00,25.60,25.40,22.90,21.90,23.10,23.00
TLM_RCV,-52,FG-ALPHA,20240415_085218,AUTO,0,32.17,5.00,-85,100.00,8.33,3.31,5.02,865,435,0,284,22.15,1013.20,11.80,405.70,13.54,53.80,1080,25.00,22.70,23.60,21.20,23.20,23.80,25.20,24.40,23.10,24.70,22.30,22.20,24.30,25.20,22.60,22.40,21.80,24.60,21.40,20.70,20.80,21.00,20.40,21.10,25.40,20.80,24.80,22.90,25.00,23.00,21.00,21.50,23.30,24.80,21.60,25.70,21.00,25.60,23.60,22.60,24.30,83.20,25.50,22.90,25.70,23.60,24.80,21.60,24.30,23.10,24.20,20.60,25.10,24.00,25.90,23.70,20.90,22.10,21.90,20.80,24.90,22.20,21.30,21.40
TLM_RCV,-78,FG-ALPHA,20240415_085219,AUTO,0,33.42,5.00,-85,100.00,8.33,3.30,5.02,1149,484,0,330,23.33,1013.40,12.10,406.10,13.54,53.80,1080,20.70,21.80,23.40,22.80,21.90,23.70,21.40,25.10,24.60,22.30,20.80,20.50,21.60,20.70,21.20,20.20,20.80,84.50,21.90,24.80,22.10,24.90,22.40,20.50,22.50,22.60,25.10,25.80,25.20,21.90,23.00,24.70,25.10,21.30,25.60,25.40,22.80,22.50,25.00,22.50,23.60,22.30,21.70,23.30,24.10,20.90,22.60,25.90,23.00,20.40,22.00,25.80,24.40,24.90,21.50,24.30,22.50,21.70,21.60,23.50,21.40,22.60,22.10,24.10
TLM_RCV,-81,FG-ALPHA,20240415_085220,AUTO,0,33.27,5.00,-85,100.00,8.33,3.29,5.02,879,454,0,313,22.12,1012.70,12.00,404.60,13.54,53.80,1080,22.50,23.70,20.80,24.70,22.50,20.30,22.60,24.90,22.70,20.10,21.00,20.30,24.80,22.40,20.10,20.60,23.30,24.70,21.80,20.00,25.90,24.00,21.70,23.90,24.70,21.60,20.30,22.30,21.90,25.20,24.20,22.90,22.90,25.30,21.90,21.40,23.70,24.10,24.00,24.60,25.80,23.00,24.80,22.50,21.40,25.60,22.90,20.80,22.90,21.20,25.80,20.60,23.80,23.70,25.70,25.50,24.90,20.70,25.00,21.40,24.80,25.20,21.10,23.40
TLM_RCV,-92,FG-ALPHA,20240415_085221,AUTO,0,33.51,5.00,-85,100.00,8.32,3.30,5.02,1116,502,0,347,23.07,1013.20,11.90,406.40,13.54,53.80,1080,21.10,21.40,21.60,20.30,21.30,22.20,25.60,22.50,20.50,20.00,20.40,24.30,22.50,21.80,24.20,24.10,25.70,22.20,24.30,25.60,25.30,20.60,23.60,21.80,25.90,23.30,21.70,21.10,25.10,24.90,20.10,22.90,21.60,21.70,24.00,20.90,25.50,20.50,20.30,23.30,24.30,25.50,21.70,23.60,24.50,23.80,20.20,23.20,24.00,23.80,23.10,21.40,25.20,25.30,25.60,23.50,20.70,20.60,20.20,20.10,23.60,20.20,23.40,20.80
TLM_RCV,-92,FG-ALPHA,20240415_085222,AUTO,0,32.38,5.00,-85,99.95,8.33,3.28,5.02,0,477,0,328,22.39,1013.40,11.90,406.10,13.54,53.80,1080,23.90,21.70,23.70,20.80,23.70,23.10,23.90,23.40,25.50,25.80,21.90,20.50,21.90,24.00,22.80,24.30,23.70,24.40,25.20,23.50,20.20,25.00,22.90,23.90,22.70,25.50,24.10,20.50,24.90,20.50,20.20,21.20,23.60,24.50,22.30,25.80,24.70,24.30,24.40,20.10,21.40,20.40,20.40,20.40,23.20,23.80,22.40,20.90,24.40,24.30,24.20,23.60,22.80,20.30,20.00,22.00,20.30,24.50,21.30,20.10,23.40,24.30,25.10,24.80
TLM_RCV,-52,FG-ALPHA,20240415_085223,AUTO,0,33.24,5.00,-85,99.91,8.33,3.30,5.02,0,449,0,297,22.25,1013.00,12.00,405.80,13.54,53.80,1080,20.90,24.80,21.30,20.70,21.20,24.40,23.20,20.90,20.70,24.30,20.80,22.40,22.60,25.10,20.10,23.00,20.80,25.10,23.50,20.00,25.70,24.10,25.40,20.00,23.30,21.30,25.30,25.50,20.50,25.90,23.20,23.50,25.70,21.70,21.10,24.80,24.10,20.20,20.00,23.40,21.60,23.40,24.10,22.20,20.60,22.00,22.60,20.90,22.40,22.70,24.80,22.30,21.90,23.90,24.10,20.40,21.10,25.40,20.90,22.00,24.30,22.60,25.10,23.80
TLM_RCV,-79,FG-ALPHA,20240415_085224,AUTO,0,32.21,5.00,-85,99.86,8.33,3.29,5.02,0,442,0,294,22.21,1013.00,11.90,406.00,13.54,53.80,1080,20.70,25.00,20.00,21.00,21.40,24.50,22.10,21.10,20.10,23.20,25.40,20.80,22.90,24.10,23.70,22.40,23.80,22.10,20.50,25.50,25.90,22.60,21.30,25.90,25.80,24.50,22.30,24.40,22.20,21.30,22.20,24.60,23.20,23.90,21.00,21.80,25.50,23.90,24.30,24.30,24.20,25.10,25.40,20.70,25.30,22.70,23.10,24.70,20.80,23.00,20.50,22.20,24.90,23.10,25.60,24.00,22.00,25.00,24.80,22.00,24.00,21.10,23.00,25.70
TLM_RCV,-61,FG-ALPHA,20240415_085225,AUTO,0,32.33,5.00,-85,99.93,8.33,3.28,5.02,1106,466,0,320,23.20,1013.20,11.90,404.50,13.55,53.80,1080,24.90,22.00,24.20,23.90,21.00,25.50,20.50,22.30,24.00,24.10,25.90,25.60,22.80,21.60,21.00,25.40,22.20,21.80,21.80,24.50,20.80,20.50,25.10,20.80,23.20,21.10,25.10,20.40,20.30,21.30,25.40,22.80,24.70,25.60,24.70,21.80,20.30,24.90,21.90,22.50,23.20,20.40,22.80,20.10,23.20,23.50,24.30,21.20,21.70,22.50,24.70,25.30,24.70,23.30,25.10,20.10,25.60,21.30,22.30,22.30,20.90,21.30,25.10,23.80
TLM_RCV,-68,FG-ALPHA,20240415_085226,AUTO,0,32.44,5.00,-85,99.97,8.33,3.30,5.02,945,487,0,329,22.29,1013.40,11.80,405.40,13.55,53.80,1080,25.80,23.10,23.30,23.60,22.00,25.90,20.00,25.70,25.00,20.90,22.90,22.60,25.60,20.10,25.00,21.40,25.60,20.70,23.70,22.80,23.40,20.10,23.70,22.50,21.50,25.10,24.70,21.40,25.40,25.80,25.70,20.00,25.30,21.40,21.40,23.70,24.80,25.80,22.60,24.30,23.60,21.90,23.50,25.10,24.20,22.80,25.10,25.10,23.50,23.10,22.20,25.40,24.70,24.90,22.10,25.80,23.50,23.00,20.00,25.10,22.60,21.50,24.10,22.40
TLM_RCV,-58,FG-ALPHA,20240415_085227,AUTO,0,32.31,5.00,-85,100.00,8.33,3.29,5.02,900,461,0,309,22.19,1012.80,11.90,405.30,13.55,53.80,1080,22.00,21.80,20.30,20.30,21.10,20.10,21.20,25.10,20.00,21.10,24.90,22.60,21.90,22.20,24.00,22.80,24.30,25.00,20.40,24.00,20.70,21.00,25.70,22.70,20.70,22.80,25.00,21.30,25.10,25.70,25.20,23.10,23.80,20.50,23.60,22.30,25.20,25.00,21.30,24.40,24.50,25.30,21.50,23.40,23.30,20.40,23.90,20.50,25.20,22.20,21.40,21.40,25.70,24.40,25.70,25.30,24.30,21.60,23.10,21.50,24.00,21.10,23.50,24.30
TLM_RCV,-93,FG-ALPHA,20240415_085228,AUTO,0,31.39,5.00,-85,100.00,8.33,3.28,5.02,1185,478,0,334,23.53,1013.50,12.00,406.30,13.55,53.80,1080,25.20,24.20,25.70,25.50,23.60,23.10,24.80,21.80,21.70,22.50,25.30,20.50,24.00,23.40,25.20,23.30,20.30,23.50,22.60,25.60,23.70,21.30,21.40,23.40,25.00,25.30,22.80,21.20,23.90,24.50,25.00,21.20,25.50,21.80,23.30,24.80,25.30,24.90,21.80,22.00,23.80,24.10,20.10,24.50,23.60,23.00,24.20,23.00,23.30,23.90,24.90,22.20,25.80,23.50,20.80,20.00,22.40,25.70,22.70,22.30,23.00,20.30,20.10,24.10
TLM_RCV,-66,FG-ALPHA,20240415_085229,AUTO,0,32.29,5.00,-85,99.95,8.33,3.31,5.02,0,459,0,316,22.30,1013.00,11.80,405.40,13.55,53.80,1080,21.10,21.60,22.60,24.40,24.00,25.40,25.30,21.10,20.70,24.10,21.30,25.60,25.80,20.60,22.10,24.00,22.00,20.70,25.70,25.70,20.90,24.60,20.60,22.10,20.90,24.30,20.10,23.80,21.80,22.70,24.50,24.00,20.00,25.00,22.40,25.00,23.40,24.90,24.70,24.10,21.10,22.70,22.70,20.20,20.60,22.60,24.60,23.50,24.70,25.30,22.40,25.50,25.10,20.30,24.60,24.70,20.90,20.30,25.40,22.60,24.80,24.40,21.10,24.20
TLM_RCV,-52,FG-ALPHA,20240415_085230,AUTO,0,31.12,5.00,-85,100.00,8.34,3.30,5.02,837,424,0,283,22.07,1013.20,12.00,405.40,13.55,53.80,1080,25.20,23.30,23.40,24.20,23.90,25.50,21.00,23.30,20.20,22.90,24.70,23.60,21.40,25.10,21.50,21.40,23.30,22.60,22.00,24.50,23.10,24.60,21.90,22.40,22.60,20.40,23.00,21.50,21.80,21.30,21.70,22.80,23.90,22.20,20.30,22.10,20.90,23.60,23.10,24.20,20.20,21.30,24.40,21.70,20.60,22.80,23.30,23.40,24.50,25.70,23.40,25.20,21.30,24.60,22.30,20.30,25.60,22.10,22.40,22.70,22.80,20.10,23.20,24.70
TLM_RCV,-56,FG-ALPHA,20240415_085231,AUTO,0,31.42,5.00,-85,99.95,8.33,3.29,5.02,0,483,0,331,22.42,1013.50,11.80,405.10,13.55,53.80,1080,23.10,22.30,25.20,21.00,23.70,21.70,21.50,25.10,24.60,20.40,25.30,23.50,23.10,20.60,23.80,25.60,21.00,23.40,22.60,21.30,25.50,20.00,24.70,25.40,23.80,23.60,25.70,21.60,25.40,25.60,22.90,25.50,23.20,24.10,20.60,21.00,23.20,24.20,22.00,21.60,20.10,22.40,23.40,23.80,24.90,25.00,22.30,20.50,23.20,20.50,24.70,21.20,20.10,21.50,22.40,22.40,20.00,22.10,22.80,21.20,25.90,21.60,23.90,23.80
TLM_RCV,-84,FG-ALPHA,20240415_085232,AUTO,0,33.03,5.00,-85,99.91,8.34,3.28,5.02,0,405,0,256,22.02,1013.10,11.90,404.50,13.55,53.80,1080,21.20,23.70,21.90,20.60,20.50,25.60,21.30,21.00,22.40,22.60,22.10,23.00,25.00,24.10,21.00,24.50,22.90,22.20,25.50,21.30,24.00,20.50,21.90,21.90,20.50,21.40,25.20,24.30,20.90,24.00,23.40,20.30,22.30,21.90,24.40,21.60,22.50,25.40,24.90,21.90,23.50,25.40,23.50,23.50,25.60,23.20,25.60,21.10,22.50,23.50,20.00,20.50,20.10,21.70,25.10,23.80,22.60,25.40,25.20,23.00,23.40,25.80,23.70,20.20
TLM_RCV,-67,FG-ALPHA,20240415_085233,AUTO,0,33.52,5.00,-85,99.96,8.32,3.28,5.02,1018,504,0,347,22.57,1012.80,11.90,406.10,13.55,53.80,1080,24.00,23.90,25.20,24.40,24.80,21.30,25.80,25.10,25.40,21.10,22.50,20.00,24.20,25.50,25.00,22.60,23.50,21.50,24.80,25.30,20.70,22.60,22.80,22.30,20.30,22.00,21.70,23.40,21.10,21.20,20.50,21.50,25.10,24.70,23.10,21.00,22.60,24.00,20.50,24.60,25.90,25.30,20.10,22.50,23.40,23.90,21.90,23.10,21.80,20.00,24.20,21.90,21.50,22.20,23.00,20.10,20.70,25.40,25.70,22.90,25.40,23.30,25.80,25.80
TLM_RCV,-63,FG-ALPHA,20240415_085234,AUTO,0,33.31,5.00,-85,100.00,8.33,3.29,5.02,1182,463,0,311,23.59,1013.30,12.00,404.80,13.55,53.80,1080,24.00,21.50,23.80,22.60,22.00,22.70,23.80,24.60,23.40,21.10,24.00,22.40,22.40,25.40,24.30,21.10,21.60,25.80,25.40,22.20,21.30,21.70,25.50,25.20,22.10,25.50,21.10,24.50,21.50,24.00,25.60,21.40,23.40,24.70,25.60,21.00,24.90,24.10,24.90,23.10,20.00,22.70,22.80,24.10,21.20,20.60,25.40,20.00,23.90,22.10,22.60,23.30,20.40,25.10,21.90,25.50,23.00,22.80,24.50,21.00,21.90,20.00,21.90,22.80
TLM_RCV,-76,FG-ALPHA,20240415_085235,AUTO,0,33.47,5.00,-85,99.95,8.32,3.28,5.02,0,494,0,335,22.47,1012.90,11.90,406.10,13.56,53.80,1080,25.50,22.90,22.80,21.70,23.60,20.70,24.90,25.80,23.20,25.10,24.00,23.00,21.20,25.30,23.80,22.20,24.20,25.40,23.90,21.30,23.60,25.80,20.70,24.30,24.70,20.10,25.40,24.80,22.70,25.90,24.20,25.10,20.90,24.70,21.60,21.70,22.60,25.50,22.70,23.40,24.20,21.50,20.70,21.80,21.60,25.60,21.00,23.80,20.20,24.00,25.60,25.60,20.40,23.30,22.40,24.10,25.30,24.60,22.60,22.10,20.80,21.50,23.50,22.30
TLM_RCV,-79,FG-ALPHA,20240415_085236,AUTO,0,31.25,5.00,-85,100.00,8.33,3.30,5.02,1104,449,0,298,23.27,1012.90,12.10,406.10,13.56,53.80,1080,20.10,25.70,24.80,23.00,24.40,24.80,22.00,22.00,20.40,25.90,21.70,22.20,20.60,24.30,21.70,22.00,25.50,22.60,24.90,21.80,23.90,21.80,21.10,25.60,25.60,24.90,21.50,23.00,23.60,24.10,21.00,23.40,20.00,20.70,22.90,20.00,23.40,23.60,21.90,25.10,20.70,25.70,22.30,20.40,22.80,20.60,22.00,21.60,20.30,23.40,25.80,23.30,20.70,20.30,24.20,24.30,24.50,22.30,22.30,23.70,21.60,24.30,25.10,21.70
TLM_RCV,-48,FG-ALPHA,20240415_085237,AUTO,0,33.13,5.00,-85,100.00,8.34,3.29,5.02,1034,426,0,283,23.04,1013.20,11.80,405.10,13.56,53.80,1080,23.70,21.90,20.10,25.50,22.40,21.30,21.90,20.10,23.70,20.00,20.00,22.50,24.30,22.50,21.50,25.60,20.00,23.60,25.80,21.80,20.10,24.60,21.90,22.00,24.20,21.60,24.10,25.00,21.50,25.00,24.00,20.20,22.70,23.60,20.20,20.10,22.00,23.50,20.50,22.60,24.60,20.90,24.00,23.40,20.40,24.30,23.60,22.70,24.90,25.30,25.90,24.80,23.70,25.60,25.10,23.10,23.10,21.10,24.20,25.40,20.50,25.80,21.60,21.80
TLM_RCV,-76,FG-ALPHA,20240415_085238,AUTO,0,33.40,5.00,-85,100.00,8.33,3.29,5.02,878,481,0,332,21.99,1012.70,12.00,404.50,13.56,53.80,1080,20.90,21.60,21.40,23.90,22.90,24.40,21.60,24.70,23.40,20.80,20.10,24.60,23.70,24.90,20.10,21.90,23.20,24.20,21.70,21.50,23.60,21.50,20.50,21.00,25.20,20.30,25.90,23.90,25.80,21.80,21.40,25.00,25.90,25.70,22.00,21.40,21.90,20.60,20.40,23.80,25.50,21.60,25.30,22.90,24.30,25.00,24.30,23.70,24.10,20.00,20.30,21.60,23.50,24.00,25.30,21.70,24.90,20.10,25.90,22.30,21.60,24.50,23.60,23.10
TLM_RCV,-68,FG-ALPHA,20240415_085239,AUTO,0,32.51,5.00,-85,100.00,8.32,3.30,5.02,915,503,0,346,22.06,1012.90,11.80,406.00,13.56,53.80,1080,23.20,24.30,20.10,22.00,22.30,22.10,21.00,24.50,21.30,21.50,22.10,21.00,21.40,23.70,21.90,22.40,22.50,20.60,21.40,21.20,24.30,23.10,25.00,24.50,20.80,22.50,20.60,22.40,23.60,20.60,22.70,22.40,24.70,21.90,23.90,22.20,20.20,21.00,25.90,22.30,20.20,24.50,24.80,20.10,23.70,25.80,21.50,20.20,22.30,23.10,20.80,25.30,22.60,21.40,24.00,22.60,22.30,23.70,25.30,22.80,22.60,24.30,24.30,21.20
TLM_RCV,-74,FG-ALPHA,20240415_085240,AUTO,0,33.31,5.00,-85,100.00,8.33,3.30,5.02,879,462,0,313,22.08,1013.60,12.00,404.90,13.56,53.80,1080,21.70,20.90,25.20,25.20,25.10,25.60,22.60,22.70,24.30,24.20,22.90,21.40,20.00,21.70,21.70,22.40,25.40,20.50,25.30,25.40,22.20,22.20,24.00,23.90,23.40,20.80,23.00,20.40,25.70,21.60,22.70,23.20,25.90,20.80,25.50,24.30,23.20,24.40,21.90,21.50,20.20,23.40,20.70,22.30,21.40,20.90,21.20,23.80,23.00,22.40,20.30,23.00,24.00,23.60,20.30,24.70,23.90,21.90,23.80,22.00,25.40,20.80,24.00,24.10
TLM_RCV,-44,FG-ALPHA,20240415_085241,AUTO,0,32.08,5.00,-85,100.00,8.34,3.28,5.02,1160,416,0,257,23.72,1012.90,11.90,405.40,13.56,53.80,1080,23.70,24.70,23.00,25.20,24.30,23.40,20.50,22.50,21.20,23.90,20.20,20.90,23.30,22.60,23.60,21.80,24.00,21.60,20.30,22.20,22.90,20.50,20.50,25.60,20.60,25.60,20.00,24.70,20.20,22.80,21.60,21.80,24.10,23.20,21.80,21.80,21.10,23.90,22.20,22.20,21.50,22.20,24.80,23.70,21.20,23.30,21.70,25.70,25.30,22.20,20.20,25.80,21.30,24.40,23.80,23.40,24.10,22.40,22.40,22.00,22.50,22.50,24.10,22.20
TLM_RCV,-88,FG-ALPHA,20240415_085242,AUTO,0,31.20,5.00,-85,100.00,8.33,3.31,5.02,1165,441,0,301,23.62,1013.40,11.80,405.30,13.56,53.80,1080,21.80,23.10,21.10,23.70,23.80,24.40,20.70,25.90,22.40,20.30,20.80,20.10,23.80,21.70,24.10,21.40,21.70,25.30,25.80,22.20,23.30,25.20,21.30,21.00,23.00,21.10,24.50,24.10,25.20,22.40,22.90,23.90,21.90,23.80,21.80,21.30,23.60,22.10,20.20,25.00,23.60,23.70,22.30,22.90,24.20,25.70,23.10,22.50,21.70,20.80,20.10,23.60,22.90,24.80,23.50,21.30,20.40,25.40,23.10,20.20,22.80,23.70,21.70,23.20
TLM_RCV,-47,FG-ALPHA,20240415_085243,AUTO,0,32.47,5.00,-85,100.00,8.33,3.30,5.02,937,493,0,338,22.22,1013.30,12.10,405.40,13.56,53.80,1080,23.80,25.60,23.60,21.10,25.10,20.50,25.20,22.50,24.30,20.00,24.40,20.60,24.90,25.70,20.10,20.80,20.20,24.50,22.30,25.50,24.70,23.60,23.60,25.20,21.00,20.80,21.40,25.20,21.00,23.40,21.30,24.40,22.70,23.80,24.60,22.50,20.30,21.20,24.20,22.70,24.90,21.00,22.60,23.70,23.90,22.10,25.80,23.00,21.50,23.00,21.60,24.00,20.10,24.50,23.00,25.30,24.70,20.80,25.80,24.30,23.80,23.30,22.00,21.40
TLM_RCV,-82,FG-ALPHA,20240415_085244,AUTO,0,31.45,5.00,-85,100.00,8.33,3.29,5.02,1075,491,0,336,22.92,1013.00,12.10,405.60,13.56,53.80,1080,21.50,22.10,23.80,23.50,24.80,22.80,24.20,25.10,25.70,21.70,22.10,20.80,23.10,25.30,23.00,21.40,25.80,25.50,21.70,22.80,23.50,21.00,25.40,20.00,24.70,23.30,23.90,21.30,24.10,21.50,25.10,25.50,24.10,20.10,23.30,24.50,25.70,23.90,22.30,23.90,24.10,24.40,24.40,24.70,22.30,20.30,22.60,23.20,23.80,23.20,22.30,25.50,21.20,24.80,24.80,23.70,20.10,22.90,25.00,21.50,21.10,21.00,22.00,20.70
TLM_RCV,-84,FG-ALPHA,20240415_085245,AUTO,0,31.11,5.00,-85,99.96,8.34,3.28,5.02,0,422,0,279,22.11,1013.40,11.90,405.60,13.57,53.80,1080,20.70,20.60,22.90,25.50,25.30,20.40,25.70,22.70,23.00,23.50,24.50,21.40,25.40,24.30,21.10,23.00,23.00,21.10,24.60,21.20,21.60,25.60,25.80,24.30,23.80,23.20,21.60,21.60,24.90,20.50,25.80,24.30,22.40,24.90,25.70,25.10,21.70,25.30,23.10,21.80,25.60,22.40,21.40,23.30,25.60,21.50,22.80,20.50,23.40,23.10,25.60,23.80,25.00,25.60,20.90,21.20,23.20,22.60,25.60,20.20,23.50,24.70,22.70,25.20
TLM_RCV,-57,FG-ALPHA,20240415_085246,AUTO,0,32.19,5.00,-85,100.00,8.33,3.28,5.02,833,439,0,298,21.97,1013.40,12.10,404.50,13.57,53.80,1080,22.40,20.40,25.60,22.70,21.30,23.00,21.60,24.90,24.30,25.90,24.40,23.40,22.80,21.90,22.90,24.60,24.50,22.00,25.80,23.10,21.60,23.40,22.80,23.20,21.20,22.00,21.50,22.30,25.10,20.40,24.70,20.10,24.20,24.70,25.70,23.10,21.10,20.10,22.20,24.10,25.20,24.60,24.50,21.00,22.20,25.50,22.00,20.60,21.70,21.30,21.40,22.80,21.20,20.20,24.70,23.50,22.90,22.10,24.30,21.50,21.70,23.50,20.20,22.90
TLM_RCV,-70,FG-ALPHA,20240415_085247,AUTO,0,33.09,5.00,-85,100.00,8.34,3.30,5.02,1006,418,0,262,22.94,1012.80,12.00,405.10,13.57,53.80,1080,24.60,20.70,20.20,23.60,20.10,23.30,22.80,20.80,20.80,23.20,20.70,21.70,25.20,20.90,20.60,21.90,25.50,22.00,21.00,20.40,24.10,25.00,22.80,22.60,20.10,20.90,25.50,23.30,24.70,24.40,21.60,24.70,25.40,23.10,22.60,20.40,22.40,21.10,24.20,21.10,23.10,22.10,21.80,23.30,25.20,22.60,21.70,21.40,25.30,20.70,20.10,21.90,23.40,24.40,25.70,21.30,23.80,23.20,21.10,20.70,25.50,22.00,21.10,25.60
TLM_RCV,-41,FG-ALPHA,20240415_085248,AUTO,0,32.09,5.00,-85,100.00,8.34,3.31,5.02,999,418,0,259,22.91,1012.70,12.00,406.00,13.57,53.80,1080,23.90,23.40,23.50,20.70,25.80,25.70,23.70,22.30,24.60,25.60,20.70,24.10,24.80,22.50,22.40,25.30,23.60,25.70,20.80,23.70,23.90,23.50,23.60,24.50,20.50,20.70,23.40,20.00,24.10,22.40,24.90,21.70,23.70,23.10,21.20,20.20,21.80,22.10,23.40,22.20,23.30,21.50,21.90,25.60,23.50,23.40,22.60,20.80,21.30,22.90,23.40,25.00,21.00,25.70,25.10,24.10,23.90,20.70,21.10,23.50,25.70,25.60,25.30,23.00
TLM_RCV,-44,FG-ALPHA,20240415_085249,AUTO,0,33.03,5.00,-85,100.00,8.34,3.30,5.02,1092,406,0,250,23.43,1012.70,11.90,406.30,13.57,53.80,1080,24.90,25.20,23.70,21.40,24.10,21.60,22.40,23.70,23.60,22.20,25.20,21.80,25.00,25.70,20.30,20.70,22.60,21.60,24.20,21.50,20.90,24.60,24.40,23.70,22.10,21.00,20.10,25.40,21.60,21.40,23.10,24.30,23.40,23.80,20.80,25.50,21.40,20.70,20.20,23.20,21.70,25.70,23.80,24.70,21.60,21.10,22.70,25.00,22.40,24.90,25.30,22.80,21.80,20.90,24.90,24.10,22.70,23.70,20.90,25.30,23.50,21.50,24.80,25.10
TLM_RCV,-60,FG-ALPHA,20240415_085250,AUTO,0,32.24,5.00,-85,100.00,8.33,3.30,5.02,1059,447,0,299,23.06,1013.20,11.80,405.80,13.57,53.80,1080,20.80,25.40,24.10,24.10,24.50,20.60,25.40,25.60,22.60,24.90,25.10,21.90,22.00,21.80,20.90,21.60,20.40,23.10,24.80,24.20,25.60,24.10,23.10,20.50,24.90,21.00,20.90,23.40,22.60,22.00,23.00,20.70,24.80,20.00,23.90,25.00,22.60,21.90,25.90,23.00,20.20,20.30,20.10,24.20,25.70,24.30,23.70,24.00,24.50,22.80,24.50,21.40,20.00,20.00,20.50,24.10,24.40,23.30,24.20,20.70,20.50,24.10,21.50,23.00
TLM_RCV,-47,FG-ALPHA,20240415_085251,AUTO,0,33.32,5.00,-85,100.00,8.33,3.30,5.02,1036,464,0,319,22.86,1012.80,11.90,406.30,13.57,53.80,1080,22.00,23.10,23.80,22.60,23.20,23.20,25.50,24.90,20.00,20.30,23.20,24.30,22.30,24.80,24.20,22.50,23.40,22.00,22.80,24.70,24.70,23.10,25.50,23.10,24.30,23.00,21.70,23.00,22.10,24.60,23.20,22.50,24.40,25.20,24.60,23.50,20.20,21.70,21.10,25.30,23.00,21.50,22.40,20.00,22.80,20.20,24.80,22.20,20.50,22.90,22.70,22.70,25.90,22.10,23.40,22.40,25.60,24.00,20.00,20.30,25.00,20.20,25.20,25.40
TLM_RCV,-89,FG-ALPHA,20240415_085252,AUTO,0,31.51,5.00,-85,100.00,8.32,3.29,5.02,1164,503,0,345,23.31,1013.30,12.00,405.80,13.57,53.80,1080,25.30,20.30,22.50,20.10,24.60,20.50,25.60,22.30,21.80,21.50,21.80,20.40,24.70,24.60,23.20,23.70,25.00,20.20,25.70,22.30,22.10,24.70,25.60,20.00,22.20,23.30,21.00,23.40,22.50,22.60,24.80,22.30,24.20,23.00,25.60,22.40,25.80,22.90,21.90,23.00,23.90,24.70,22.10,25.90,21.60,20.70,25.50,20.40,24.20,23.50,22.50,20.90,20.80,24.70,21.10,24.30,20.20,23.70,24.40,22.20,22.60,20.50,20.40,23.30
TLM_RCV,-63,FG-ALPHA,20240415_085253,AUTO,0,33.21,5.00,-85,100.00,8.33,3.28,5.02,1049,442,0,300,23.03,1013.60,12.10,405.10,13.57,53.80,1080,20.80,24.60,24.00,23.60,20.20,23.10,21.50,24.30,24.40,22.30,22.30,23.60,23.70,23.80,22.30,20.30,23.50,25.50,24.40,24.30,22.30,24.70,23.10,22.50,21.10,22.40,24.70,21.50,21.10,20.30,21.00,20.70,23.60,21.30,20.80,22.60,23.40,21.40,21.40,24.40,21.90,24.70,20.20,23.60,22.50,24.00,25.40,22.60,24.20,22.40,21.80,20.00,23.20,20.20,25.70,25.80,20.50,24.20,20.90,25.90,24.00,21.60,21.70,24.00
TLM_RCV,-90,FG-ALPHA,20240415_085254,AUTO,0,31.37,5.00,-85,100.00,8.33,3.30,5.02,1155,474,0,318,23.41,1012.90,11.80,406.20,13.57,53.80,1080,25.00,22.80,24.00,20.60,20.30,22.30,21.90,24.30,24.80,22.70,21.70,20.80,23.80,23.20,20.90,20.30,25.60,24.30,20.20,23.90,23.10,20.60,22.40,22.00,22.80,20.50,25.20,22.00,25.50,24.50,23.10,22.50,25.90,24.50,23.20,20.00,22.70,20.10,25.00,21.40,24.70,25.50,20.20,25.80,21.10,22.30,21.30,21.20,23.10,20.40,21.60,25.40,22.20,21.00,20.80,22.30,24.70,20.10,21.80,25.40,21.70,25.40,23.50,22.50
TLM_RCV,-82,FG-ALPHA,20240415_085255,AUTO,0,32.28,5.00,-85,100.00,8.33,3.31,5.02,1137,456,0,312,23.41,1013.50,12.00,405.10,13.58,53.80,1080,20.50,25.60,21.60,23.90,20.40,20.40,21.50,24.80,24.80,24.50,25.40,23.20,24.30,25.40,24.50,24.80,25.00,22.10,23.10,24.50,24.50,24.60,22.90,22.60,23.90,23.20,23.90,23.50,21.60,25.00,22.80,21.90,22.80,22.60,24.00,25.70,25.50,25.50,23.20,23.40,24.80,24.20,23.20,25.20,24.00,20.40,23.40,21.40,20.20,21.70,22.20,24.70,23.50,24.40,22.40,25.50,25.60,24.70,23.80,20.70,25.10,23.70,25.00,23.10
TLM_RCV,-80,FG-ALPHA,20240415_085256,AUTO,0,32.26,5.00,-85,100.00,8.33,3.29,5.02,1051,453,0,299,22.99,1013.50,12.10,405.40,13.58,53.80,1080,21.00,21.90,22.90,22.80,21.50,21.90,20.40,25.20,23.50,21.90,20.20,25.10,25.40,23.60,21.20,21.20,25.10,23.60,21.70,22.40,25.00,25.20,20.30,20.10,25.40,23.90,23.10,25.80,22.90,24.70,24.90,22.10,22.00,21.60,20.70,23.80,21.70,22.00,24.40,24.80,22.50,21.80,24.00,21.20,23.10,20.50,23.70,20.00,23.30,25.50,22.00,25.80,25.30,20.40,24.90,25.50,24.40,21.50,25.10,22.40,23.30,21.80,20.80,25.40
TLM_RCV,-57,FG-ALPHA,20240415_085257,AUTO,0,31.51,5.00,-85,99.95,8.32,3.29,5.02,0,503,0,348,22.51,1013.00,11.80,405.50,13.58,53.80,1080,24.30,25.10,22.80,23.10,24.30,25.30,23.90,23.70,24.50,23.20,24.60,20.20,25.30,25.00,24.60,25.20,21.00,21.10,24.50,21.20,24.60,20.90,25.20,20.20,23.90,25.10,25.30,24.20,25.40,21.60,23.10,21.90,24.30,25.90,20.70,24.80,20.10,20.50,23.30,23.60,24.60,21.20,23.50,22.20,23.00,20.80,20.40,24.60,24.20,21.60,24.30,22.30,24.70,23.70,22.90,25.20,21.00,22.30,20.00,22.40,24.40,23.60,20.70,20.50
TLM_RCV,-46,FG-ALPHA,20240415_085319,AUTO,0,32.35,5.00,-85,100.00,8.33,3.31,5.02,1103,469,0,325,23.17,1013.00,11.90,406.20,13.60,53.80,1080,21.00,25.10,25.70,25.90,23.50,24.50,20.70,20.90,23.50,21.20,21.70,23.30,21.20,23.40,21.30,22.50,24.70,23.30,21.30,22.30,21.00,24.60,24.70,22.50,22.80,23.60,21.00,25.60,25.10,24.10,22.70,22.20,24.70,20.40,24.10,22.10,25.50,22.80,24.40,23.10,22.40,24.40,21.80,22.10,22.50,21.90,21.00,23.10,21.00,20.20,22.60,21.50,20.30,21.80,22.40,24.50,20.40,23.50,25.80,20.50,22.90,25.50,21.00,25.70
TLM_RCV,-40,FG-ALPHA,20240415_085320,AUTO,0,33.53,5.00,-85,100.00,8.32,3.31,5.02,968,505,0,346,22.32,1013.40,11.90,405.90,13.60,53.80,1080,25.00,21.80,24.20,20.10,23.10,20.70,22.60,21.50,21.80,22.90,21.30,22.60,24.30,22.80,20.50,22.50,22.50,21.40,25.00,24.00,20.20,24.40,23.80,21.70,25.90,23.00,22.50,21.00,24.60,25.20,20.70,20.40,21.20,24.40,22.20,24.90,20.00,24.60,25.50,25.20,22.80,23.50,24.60,20.80,20.70,21.40,24.10,24.60,22.40,20.60,22.50,22.30,24.30,22.30,25.10,23.40,23.80,22.90,24.00,25.00,25.00,20.40,21.10,20.70
TLM_RCV,-75,FG-ALPHA,20240415_085321,AUTO,0,32.49,5.00,-85,100.00,8.33,3.30,5.02,881,498,0,348,21.91,1013.40,12.00,405.20,13.60,53.80,1080,24.50,22.40,22.50,20.80,24.60,20.50,25.70,24.90,23.00,25.30,20.10,23.70,22.60,24.70,25.20,25.50,22.60,22.70,20.60,21.50,23.30,22.60,22.10,25.20,21.70,21.10,20.50,20.50,25.60,25.20,24.30,22.50,25.50,23.00,24.50,21.00,23.70,24.20,20.00,24.70,23.30,24.10,23.10,22.80,21.40,21.70,22.30,22.30,24.60,25.60,20.90,24.50,23.30,25.50,25.70,24.50,22.40,22.40,20.40,20.10,25.40,20.00,22.50,25.00
TLM_RCV,-52,FG-ALPHA,20240415_085322,AUTO,0,31.34,5.00,-85,99.95,8.33,3.29,5.02,0,468,0,328,22.34,1012.70,12.10,405.00,13.60,53.80,1080,22.50,75.60,24.20,25.30,20.20,24.50,24.10,21.30,24.80,25.40,20.50,25.50,21.20,22.80,25.40,25.80,23.40,23.40,25.90,23.10,22.90,22.60,24.20,24.00,23.90,23.70,22.30,24.30,23.00,22.50,21.10,25.10,24.40,23.70,21.80,20.00,23.20,25.40,25.50,21.10,21.10,20.00,22.20,22.10,20.00,21.70,21.70,20.70,23.20,24.10,20.10,23.40,22.20,20.20,22.80,20.20,23.20,22.00,25.90,21.60,21.80,22.20,20.10,24.50
TLM_RCV,-70,FG-ALPHA,20240415_085323,AUTO,0,33.48,5.00,-85,99.99,8.33,3.28,5.02,821,496,0,341,21.62,1013.30,11.90,405.00,13.60,53.80,1080,23.60,23.60,24.60,25.40,22.20,25.50,22.00,24.40,24.20,21.60,23.80,25.40,23.60,20.00,23.60,22.90,24.20,22.80,25.50,24.80,24.30,21.10,20.00,23.40,22.60,23.80,20.00,22.20,22.70,20.20,20.30,21.10,24.90,22.50,24.60,23.00,25.40,23.80,24.90,24.10,21.20,22.90,25.00,20.70,24.10,21.40,25.40,25.40,20.00,21.40,24.80,25.20,20.10,23.70,24.50,25.70,22.80,25.30,24.80,22.40,21.90,23.70,21.50,23.10
TLM_RCV,-77,FG-ALPHA,20240415_085324,AUTO,0,32.00,5.00,-85,100.00,8.34,3.31,5.02,1062,400,0,260,23.31,1012.90,12.00,404.80,13.60,53.80,1080,23.30,23.60,24.90,24.10,25.10,21.00,25.30,24.00,23.00,21.70,23.20,25.10,24.90,21.40,25.80,23.80,25.10,22.50,22.80,23.70,22.60,25.20,21.10,24.10,20.40,21.80,24.00,20.00,22.60,21.00,25.50,25.10,23.80,22.60,24.50,24.20,21.00,23.60,20.90,21.60,23.70,21.60,20.40,23.30,22.40,21.50,24.60,21.80,24.70,24.30,21.20,25.40,21.00,25.60,20.90,23.50,23.60,83.20,25.00,22.60,23.20,20.60,22.30,20.10
TLM_RCV,-58,FG-ALPHA,20240415_085325,AUTO,0,32.40,5.00,-85,100.00,8.33,3.28,5.02,1023,481,0,335,22.71,1012.90,12.00,404.50,13.61,53.80,1080,21.20,21.30,23.80,23.20,25.60,20.60,23.20,24.40,24.40,25.20,21.60,25.10,22.30,22.10,20.20,20.90,22.30,20.30,20.90,22.80,22.90,23.30,24.20,23.50,22.80,23.30,20.60,20.80,24.80,21.00,23.20,22.00,23.90,22.10,21.20,23.80,23.20,22.50,21.80,23.10,25.80,24.10,25.30,22.60,24.90,23.70,22.80,24.70,20.60,24.20,22.00,21.60,21.20,24.00,23.60,21.50,21.10,24.20,25.80,23.30,20.20,20.60,21.30,24.60
TLM_RCV,-73,FG-ALPHA,20240415_085326,AUTO,0,33.29,5.00,-85,100.00,8.33,3.28,5.02,1162,458,0,304,23.52,1012.80,12.10,405.10,13.61,53.80,1080,23.70,20.60,20.10,23.00,21.10,22.00,20.00,23.10,23.90,23.50,23.40,23.00,24.40,25.90,24.40,23.80,21.60,24.30,23.40,20.10,22.80,24.90,22.20,23.70,24.80,23.40,21.70,20.40,24.60,24.10,25.30,24.60,22.80,21.20,21.80,25.50,23.30,24.50,21.50,22.60,22.10,22.10,21.40,23.80,20.70,20.50,23.10,21.90,23.70,24.80,22.20,23.60,25.20,23.30,22.60,22.30,25.30,20.40,22.50,23.80,20.20,23.60,24.00,25.10
TLM_RCV,-82,FG-ALPHA,20240415_085327,AUTO,0,31.28,5.00,-85,100.00,8.33,3.28,5.02,890,457,0,308,22.17,1013.00,12.10,406.00,13.61,53.80,1080,23.30,22.70,21.90,23.70,21.40,25.50,24.90,23.60,20.70,21.10,22.90,20.30,22.70,23.70,25.50,23.80,24.20,24.00,25.80,25.60,20.90,20.00,25.20,20.00,24.10,23.00,20.50,23.30,25.90,20.20,23.10,25.10,23.90,21.60,23.70,23.30,24.80,20.60,20.70,22.30,20.60,24.90,20.00,22.80,20.40,22.40,25.30,21.80,22.00,23.00,25.30,25.10,25.60,24.90,21.10,22.00,23.20,20.80,24.50,21.40,25.50,22.50,23.30,23.50
TLM_RCV,-55,FG-ALPHA,20240415_085328,AUTO,0,32.22,5.00,-85,100.00,8.33,3.29,5.02,1112,445,0,292,23.33,1012.80,11.90,404.50,13.61,53.80,1080,22.80,24.00,22.90,21.40,23.20,23.50,25.20,20.60,21.40,20.10,23.50,25.50,23.70,21.40,23.40,23.50,22.40,20.00,22.70,24.60,20.70,24.80,21.40,22.10,23.70,21.20,21.90,20.30,25.70,22.80,25.30,24.30,20.70,23.80,20.70,24.10,23.80,25.00,25.90,24.60,21.00,22.90,22.60,25.40,25.60,20.60,20.90,25.90,21.40,23.80,24.10,21.90,21.00,23.90,24.10,24.30,21.90,22.10,20.20,24.60,24.50,24.50,22.60,21.00
TLM_RCV,-86,FG-ALPHA,20240415_085329,AUTO,0,32.33,5.00,-85,100.00,8.33,3.28,5.02,989,467,0,322,22.61,1012.80,12.00,404.60,13.61,53.80,1080,23.50,23.30,22.70,22.20,24.20,25.70,21.40,23.30,20.90,25.90,23.50,25.50,22.40,21.00,23.40,25.30,20.60,24.70,24.60,25.80,24.90,23.00,20.60,25.00,20.10,25.10,22.10,21.40,25.30,25.40,21.30,24.90,20.00,20.10,21.90,21.50,21.40,21.10,25.70,20.70,21.30,24.00,22.00,23.90,25.10,20.50,20.60,23.50,20.90,22.70,23.90,25.10,22.70,21.10,22.10,22.50,22.20,21.00,24.80,25.50,24.10,22.20,21.80,24.30
TLM_RCV,-63,FG-ALPHA,20240415_085330,AUTO,0,31.10,5.00,-85,99.96,8.34,3.28,5.02,0,421,0,277,22.10,1013.50,11.80,406.40,13.61,53.80,1080,22.70,24.40,24.70,21.80,21.50,20.80,23.30,24.00,24.40,20.90,22.20,23.80,22.80,20.40,25.40,25.10,20.40,22.60,23.30,20.40,25.50,25.80,22.90,23.80,25.50,21.40,24.90,25.70,25.30,22.90,22.10,20.10,24.40,20.10,21.50,20.20,25.80,21.20,24.20,21.80,21.80,22.20,20.40,23.30,24.10,20.70,22.00,23.20,24.00,24.00,25.60,24.20,22.40,23.30,23.90,21.60,23.70,24.70,25.00,20.00,23.80,24.80,24.70,21.40
TLM_RCV,-69,FG-ALPHA,20240415_085331,AUTO,0,33.36,5.00,-85,100.00,8.33,3.29,5.02,898,472,0,317,22.13,1013.00,12.10,404.60,13.61,53.80,1080,23.20,22.90,21.30,20.30,22.50,23.80,25.80,25.70,24.70,21.60,21.30,22.20,22.70,25.10,24.20,24.90,21.40,25.40,20.80,25.30,21.10,21.90,24.40,25.00,25.00,25.50,23.50,24.80,21.20,23.40,23.10,22.20,20.70,20.00,20.90,22.80,23.70,25.40,23.70,22.30,22.70,22.60,24.40,23.80,20.20,25.60,24.40,21.20,23.20,23.40,23.00,20.60,23.90,24.50,24.20,20.00,23.80,21.60,22.50,24.50,24.40,20.40,20.80,21.10
TLM_RCV,-60,FG-ALPHA,20240415_085332,AUTO,0,33.31,5.00,-85,99.95,8.33,3.28,5.02,0,461,0,320,22.31,1013.60,11.80,406.30,13.61,53.80,1080,24.40,23.50,24.80,25.00,25.80,20.30,23.30,25.80,24.30,21.80,25.10,21.50,25.10,23.50,22.80,20.70,21.10,23.00,23.90,25.70,23.00,22.00,23.60,22.30,23.60,21.50,24.40,23.80,25.30,25.40,25.30,22.70,25.40,22.70,23.00,23.50,24.90,20.30,21.00,21.10,23.40,25.20,21.40,24.00,25.30,22.60,25.50,21.20,22.90,24.70,20.80,25.00,21.70,24.20,22.30,22.50,23.40,25.70,23.00,25.30,22.40,21.50,22.70,22.10
TLM_RCV,-46,FG-ALPHA,20240415_085333,AUTO,0,31.36,5.00,-85,100.00,8.33,3.28,5.02,1128,473,0,330,23.27,1013.40,12.00,406.00,13.61,53.80,1080,23.40,25.50,24.80,24.10,21.20,21.30,22.30,20.70,25.10,25.20,21.20,22.80,22.70,20.20,22.10,21.60,25.10,24.40,22.20,20.20,23.70,24.90,24.60,25.50,22.00,23.90,23.20,20.60,22.40,20.90,25.50,25.60,22.50,25.00,23.90,22.10,21.00,20.70,20.50,25.60,23.60,21.20,25.30,21.80,20.90,22.20,20.80,20.00,24.20,21.50,24.30,21.60,22.70,23.30,21.60,23.20,20.20,25.90,21.50,23.20,20.80,20.70,22.90,24.80
TLM_RCV,-61,FG-ALPHA,20240415_085334,AUTO,0,31.03,5.00,-85,99.96,8.34,3.28,5.02,0,407,0,252,22.03,1012.80,11.90,404.50,13.61,53.80,1080,20.70,20.90,22.40,20.80,20.00,22.40,24.90,20.50,25.60,22.20,21.00,25.60,23.90,22.10,24.40,25.70,24.00,20.60,20.10,23.10,22.70,25.30,20.80,23.50,22.80,24.60,23.80,25.60,23.60,23.10,24.10,24.40,22.90,21.50,21.40,23.40,25.90,20.20,23.40,24.70,25.10,20.20,24.10,20.20,23.60,24.30,22.70,25.80,25.80,21.90,24.30,20.20,20.10,22.00,24.90,24.90,20.40,23.10,25.50,23.30,24.80,25.00,25.00,20.40
TLM_RCV,-48,FG-ALPHA,20240415_085335,AUTO,0,31.14,5.00,-85,100.00,8.34,3.30,5.02,883,427,0,270,22.28,1013.50,11.80,405.90,13.62,53.80,1080,21.80,21.60,23.90,25.20,21.40,20.10,25.30,23.20,20.50,24.70,24.40,25.20,22.50,23.90,22.10,24.40,20.20,25.00,22.90,25.50,22.10,24.60,24.40,24.90,23.60,25.00,22.30,22.50,20.30,22.90,20.30,25.50,24.20,25.30,24.70,25.10,24.60,20.30,22.30,25.90,22.50,23.30,23.70,23.40,23.30,21.80,24.90,24.90,23.20,25.40,25.40,23.20,25.50,20.60,23.10,22.00,21.90,20.80,22.70,24.30,23.10,21.70,25.40,20.20
TLM_RCV,-71,FG-ALPHA,20240415_085336,AUTO,0,31.49,5.00,-85,100.00,8.33,3.30,5.02,848,498,0,348,21.75,1012.80,11.90,405.70,13.62,53.80,1080,20.80,24.80,24.60,25.90,23.70,22.20,22.10,24.90,24.70,25.40,21.00,20.20,22.30,22.60,21.80,25.70,21.00,21.80,24.20,21.30,22.30,24.40,20.90,24.20,25.80,22.80,24.00,20.30,20.00,23.80,22.20,22.20,20.30,25.50,23.90,20.20,25.90,23.60,25.40,24.50,23.30,23.50,20.60,22.40,21.20,22.80,20.20,20.30,22.60,22.60,23.40,24.00,22.10,25.00,25.30,21.60,22.00,24.00,25.70,23.30,21.50,21.20,22.00,22.00
TLM_RCV,-65,FG-ALPHA,20240415_085337,AUTO,0,33.24,5.00,-85,100.00,8.33,3.28,5.02,962,449,0,298,22.57,1012.70,11.90,405.20,13.62,53.80,1080,23.00,20.80,25.30,21.00,21.60,22.80,22.00,22.90,22.30,24.10,21.30,23.30,21.70,23.20,23.80,25.70,23.90,23.10,21.10,24.00,21.00,21.50,24.70,21.40,25.80,23.60,20.50,20.00,23.70,23.30,21.70,23.50,20.30,21.50,22.00,20.40,22.40,24.20,22.20,22.40,24.30,23.50,23.20,24.60,23.50,25.20,24.10,23.60,23.30,22.60,20.60,22.20,23.20,25.40,22.60,22.00,20.50,25.50,22.90,21.00,20.40,21.50,20.70,23.10
TLM_RCV,-68,FG-ALPHA,20240415_085338,AUTO,0,32.05,5.00,-85,100.00,8.34,3.29,5.02,809,410,0,264,22.00,1013.00,12.10,405.70,13.62,53.80,1080,23.80,20.10,25.50,23.40,21.10,23.50,23.30,21.30,21.70,24.50,24.10,22.50,22.40,25.20,23.20,22.50,24.20,25.30,21.80,22.40,20.50,22.40,23.30,20.10,24.20,24.30,20.70,24.20,23.10,20.80,20.90,21.40,23.00,23.60,22.30,20.10,24.60,21.60,24.10,22.90,23.40,25.50,24.10,25.20,23.90,24.20,20.60,20.60,22.10,24.90,24.00,20.20,25.80,20.20,24.10,24.70,20.10,21.10,22.50,22.40,25.70,25.40,20.30,20.80
TLM_RCV,-54,FG-ALPHA,20240415_085339,AUTO,0,32.19,5.00,-85,99.96,8.33,3.30,5.02,0,438,0,286,22.19,1012.70,11.90,406.10,13.62,53.80,1080,24.60,24.10,24.00,25.00,24.60,21.20,23.90,24.00,23.10,22.00,20.90,25.60,22.70,20.40,22.40,21.50,24.10,25.90,22.50,24.80,21.60,25.00,23.20,21.40,23.10,22.20,24.10,21.80,20.60,22.30,23.30,22.50,21.40,25.80,23.10,20.90,24.60,25.20,20.70,25.00,25.80,20.60,25.00,21.90,21.90,22.90,23.70,23.10,24.70,23.10,20.90,22.50,23.00,21.40,22.80,22.30,23.70,22.60,23.20,24.30,25.20,20.70,25.90,21.10
TLM_RCV,-46,FG-ALPHA,20240415_085340,AUTO,0,33.38,5.00,-85,100.00,8.33,3.30,5.02,973,475,0,319,22.49,1013.20,12.00,405.50,13.62,53.80,1080,21.80,23.50,20.50,23.30,21.40,23.90,21.60,24.70,24.30,25.10,25.80,20.90,21.10,24.80,20.40,24.50,20.00,21.90,21.50,20.80,25.90,22.80,25.30,20.50,22.40,21.30,24.00,24.60,23.00,22.40,24.90,23.30,20.20,21.80,21.80,25.70,22.90,21.10,21.70,23.90,22.80,25.10,22.70,25.80,25.80,24.60,25.80,23.10,21.50,21.20,21.70,23.70,23.80,23.30,25.60,21.00,21.40,25.10,21.20,24.60,23.20,20.90,24.60,21.80
TLM_RCV,-86,FG-ALPHA,20240415_085341,AUTO,0,31.48,5.00,-85,100.00,8.33,3.31,5.02,843,496,0,344,21.74,1013.10,12.00,404.80,13.62,53.80,1080,20.70,24.30,24.10,24.20,20.70,21.80,23.40,24.90,20.70,22.70,21.90,22.70,21.10,22.70,21.00,23.80,20.50,24.70,20.70,21.10,23.40,20.60,24.30,25.10,23.40,21.40,24.70,24.80,20.60,20.50,21.60,25.80,22.90,25.40,25.10,21.40,21.90,20.20,22.90,24.80,25.90,20.10,20.90,20.90,20.80,25.70,21.80,24.60,25.00,20.00,24.20,23.20,22.30,23.40,20.90,23.30,23.90,20.50,20.30,23.50,24.00,20.70,24.80,23.10
TLM_RCV,-80,FG-ALPHA,20240415_085342,AUTO,0,33.40,5.00,-85,100.00,8.33,3.30,5.02,953,481,0,338,22.36,1013.20,11.80,406.30,13.62,53.80,1080,25.30,24.70,24.40,25.90,25.50,23.80,21.50,22.00,22.80,22.80,21.80,24.10,23.00,24.20,23.20,20.20,21.30,23.70,22.30,24.70,22.20,21.30,22.30,20.70,21.80,24.70,24.70,25.20,25.30,20.70,21.60,20.30,24.90,22.40,24.30,25.20,22.20,24.90,25.20,23.90,23.90,22.50,21.40,25.70,23.90,25.90,23.20,24.20,22.60,25.70,21.80,22.40,21.80,23.00,21.60,20.00,20.20,22.10,25.90,20.90,24.80,23.00,23.30,25.10
TLM_RCV,-89,FG-ALPHA,20240415_085343,AUTO,0,31.33,5.00,-85,99.95,8.33,3.28,5.02,0,466,0,318,22.33,1013.50,12.10,405.90,13.62,53.80,1080,23.80,21.90,24.60,22.40,22.20,21.60,23.60,25.30,22.40,23.40,23.60,22.20,20.10,22.40,25.40,24.10,25.10,22.80,20.20,22.50,23.40,22.00,25.50,25.50,23.40,21.90,25.80,24.30,20.40,24.40,24.50,22.60,24.10,23.00,25.20,23.20,24.10,20.90,21.60,25.90,21.30,21.40,21.00,24.70,21.10,20.20,20.00,20.00,21.50,20.30,23.50,20.40,20.00,20.70,21.50,21.40,23.80,25.80,23.70,24.70,20.30,25.70,24.20,22.80
TLM_RCV,-45,FG-ALPHA,20240415_085344,AUTO,0,33.22,5.00,-85,100.00,8.33,3.28,5.02,1058,444,0,295,23.07,1013.50,11.90,405.10,13.62,53.80,1080,22.20,20.30,24.60,20.90,22.20,23.50,23.40,22.20,22.60,23.90,21.80,23.60,25.80,23.00,22.20,24.20,21.60,24.00,21.30,23.60,25.90,24.30,23.70,21.30,21.30,21.50,25.40,23.90,24.50,24.90,24.60,20.80,22.60,87.40,23.00,24.20,23.40,24.50,24.40,25.60,23.30,25.70,24.20,23.10,24.90,23.10,20.20,21.10,24.20,24.90,22.90,23.00,25.10,23.00,25.50,25.80,23.30,20.10,24.20,20.70,20.30,21.90,24.20,20.90
TLM_RCV,-70,FG-ALPHA,20240415_085345,AUTO,0,33.24,5.00,-85,100.00,8.33,3.28,5.02,905,447,0,289,22.29,1012.80,11.90,405.90,13.63,53.80,1080,24.00,24.50,22.70,22.70,22.30,22.70,24.90,25.20,23.30,22.20,25.60,25.80,20.40,24.50,22.70,25.40,24.70,22.00,21.90,22.00,20.40,23.10,20.20,21.60,25.30,20.20,20.00,20.00,24.30,24.10,24.00,22.00,22.40,23.10,25.30,25.00,21.00,20.20,23.30,23.60,21.50,20.10,24.80,22.10,20.30,22.00,20.70,25.20,21.60,22.90,21.10,22.60,24.70,24.60,22.90,24.70,23.90,21.90,22.00,20.20,20.50,24.60,25.90,23.00
TLM_RCV,-89,FG-ALPHA,20240415_085346,AUTO,0,32.44,5.00,-85,100.00,8.33,3.29,5.02,842,488,0,347,21.77,1012.70,11.80,404.70,13.63,53.80,1080,25.80,21.10,22.20,23.50,21.20,20.00,24.20,24.60,20.70,24.50,24.30,20.20,21.70,22.30,20.50,20.50,25.40,25.40,25.60,22.50,21.40,23.60,20.60,25.90,22.30,22.50,23.00,21.10,25.70,20.30,25.80,24.70,20.30,23.30,24.20,24.30,21.80,23.00,20.20,21.50,25.50,23.30,22.80,23.90,24.00,23.60,20.60,25.20,23.80,24.80,25.90,20.80,20.90,25.70,23.00,24.70,22.90,21.00,23.90,20.30,24.30,22.90,21.50,22.30
TLM_RCV,-87,FG-ALPHA,20240415_085347,AUTO,0,31.07,5.00,-85,99.96,8.34,3.30,5.02,0,414,0,260,22.07,1012.90,11.80,405.10,13.63,53.80,1080,23.70,25.60,20.70,23.00,25.30,22.90,22.70,21.40,25.80,20.10,22.10,20.30,20.50,21.40,21.00,22.00,24.30,24.80,24.60,23.00,25.40,24.90,22.20,24.00,20.40,23.10,23.00,25.40,22.20,25.70,23.10,21.80,20.90,24.10,25.90,22.50,21.90,23.10,25.10,21.80,25.40,24.10,21.70,23.50,22.10,23.10,23.50,21.80,22.70,22.10,23.50,24.10,23.00,24.90,21.20,22.20,22.50,21.10,23.90,25.80,21.10,22.10,23.90,25.50
TLM_RCV,-63,FG-ALPHA,20240415_085348,AUTO,0,30.99,5.00,-85,100.00,8.34,3.28,5.02,1141,397,0,253,23.72,1012.70,12.10,406.30,13.63,53.80,1080,20.90,20.00,25.30,21.10,20.60,25.40,23.80,24.20,23.70,22.40,25.60,23.80,24.20,22.80,22.80,25.20,23.70,24.40,20.40,20.20,20.90,25.60,24.80,20.00,21.50,25.50,23.80,24.10,24.40,23.50,25.10,21.40,21.40,23.10,24.70,22.60,21.70,23.30,23.40,20.10,21.10,25.10,25.20,23.70,22.30,23.70,20.70,24.10,21.50,25.50,21.00,21.60,24.70,23.30,21.00,23.80,21.40,20.30,22.40,23.60,21.80,23.30,23.50,24.60
TLM_RCV,-91,FG-ALPHA,20240415_085349,AUTO,0,33.10,5.00,-85,100.00,8.34,3.30,5.02,1000,420,0,280,22.90,1013.30,11.90,406.00,13.63,53.80,1080,21.00,25.50,21.20,24.50,22.60,22.70,21.20,20.00,25.90,25.10,23.00,21.50,25.60,22.90,24.10,22.90,22.60,25.00,25.00,20.80,21.00,25.60,21.30,21.10,21.30,25.70,24.10,24.20,20.20,21.70,20.50,23.80,23.30,20.70,22.60,24.00,25.10,21.10,21.40,24.70,22.90,24.10,20.40,25.20,24.20,24.20,21.50,24.70,20.30,22.60,25.80,20.20,22.00,23.50,21.30,23.40,21.00,20.50,20.00,22.20,23.80,25.20,24.60,21.70
TLM_RCV,-78,FG-ALPHA,20240415_085350,AUTO,0,33.31,5.00,-85,100.00,8.33,3.30,5.02,853,461,0,305,21.96,1013.10,12.00,405.30,13.63,53.80,1080,23.20,22.00,20.00,25.50,25.20,24.80,22.90,20.10,22.60,21.00,22.30,21.20,20.40,20.20,20.30,24.30,22.80,24.70,20.70,21.20,25.40,22.10,20.70,21.00,21.30,25.90,25.40,24.70,20.80,21.90,24.90,22.80,25.30,24.60,25.80,20.70,24.70,21.50,25.30,24.40,23.10,21.40,25.90,24.20,24.80,24.30,21.50,21.70,20.20,22.70,24.50,23.50,25.40,25.80,22.20,22.10,25.50,25.90,24.60,21.50,25.50,23.40,24.90,20.00
TLM_RCV,-63,FG-ALPHA,20240415_085351,AUTO,0,31.45,5.00,-85,100.00,8.33,3.31,5.02,854,490,0,334,21.82,1013.50,12.00,404.60,13.63,53.80,1080,21.60,22.30,25.10,25.60,20.40,22.20,25.80,25.50,22.40,24.30,20.00,22.40,23.30,20.00,25.40,22.70,24.60,21.50,25.80,22.20,22.40,21.00,22.90,20.40,20.20,22.00,21.50,21.10,25.80,21.50,25.00,23.80,25.50,20.30,23.00,25.10,25.60,22.80,20.60,23.80,20.90,23.80,21.00,25.70,21.90,20.00,24.60,77.10,21.60,25.80,21.50,21.40,20.80,20.10,23.70,20.00,21.00,20.50,21.70,22.40,21.80,25.20,22.00,21.00
TLM_RCV,-91,FG-ALPHA,20240415_085352,AUTO,0,32.10,5.00,-85,100.00,8.34,3.28,5.02,1197,420,0,267,23.89,1013.10,12.10,405.90,13.63,53.80,1080,25.50,23.70,22.40,25.90,25.20,21.70,21.00,21.40,23.60,25.30,23.80,25.10,22.90,22.70,25.30,25.00,21.90,25.60,25.90,25.20,24.10,25.40,25.90,20.20,25.10,24.00,21.20,25.80,21.10,20.70,20.80,23.00,25.90,23.10,20.10,24.60,24.80,23.00,24.20,25.30,24.30,21.00,25.70,21.70,25.40,24.20,21.10,22.20,21.30,21.20,21.20,22.10,25.60,21.30,22.30,24.10,20.80,21.70,21.90,21.60,23.30,21.30,20.20,20.80
TLM_RCV,-64,FG-ALPHA,20240415_085353,AUTO,0,33.06,5.00,-85,100.00,8.34,3.30,5.02,884,413,0,271,22.35,1013.40,11.80,405.90,13.63,53.80,1080,21.30,23.70,24.70,24.10,25.80,22.20,24.90,20.60,23.10,21.70,24.80,20.10,20.00,23.20,20.90,23.20,24.10,22.60,25.80,23.30,25.10,25.90,21.30,21.10,25.90,20.10,20.60,25.70,24.80,24.60,21.50,23.80,25.20,24.50,25.60,21.40,25.80,25.90,20.50,23.10,20.40,25.20,25.40,24.50,24.60,23.70,25.70,25.00,20.00,21.60,22.20,21.30,24.60,25.40,25.80,21.70,21.10,23.90,20.50,20.00,25.90,23.80,24.80,23.30
TLM_RCV,-90,FG-ALPHA,20240415_085354,AUTO,0,33.40,5.00,-85,100.00,8.33,3.28,5.02,1140,481,0,325,23.30,1013.10,11.80,405.20,13.63,53.80,1080,20.70,24.00,20.70,21.40,25.00,25.00,21.60,21.30,25.70,20.10,24.50,22.70,20.00,24.80,25.90,22.90,22.30,24.10,25.10,22.80,23.00,22.20,21.10,21.60,24.30,25.30,22.70,21.80,22.90,21.20,24.10,20.70,24.40,25.20,20.10,20.20,24.20,22.30,23.60,23.80,22.70,22.90,22.90,24.00,25.90,24.00,20.90,20.50,20.00,20.60,20.20,23.60,20.20,23.00,24.10,20.20,21.90,24.40,20.00,21.50,25.90,23.00,23.30,23.90
TLM_RCV,-69,FG-ALPHA,20240415_085355,AUTO,0,33.38,5.00,-85,100.00,8.33,3.31,5.02,1146,476,0,325,23.35,1013.10,12.10,405.10,13.64,53.80,1080,22.00,25.90,24.20,24.90,25.80,23.80,22.80,22.00,25.40,21.00,21.00,21.40,22.20,20.60,23.50,20.80,23.20,24.30,20.00,21.60,25.70,20.60,23.40,22.30,21.40,21.50,23.50,22.70,23.50,22.00,20.30,23.00,24.00,24.50,25.70,22.90,20.00,25.80,22.10,22.50,23.00,21.70,24.40,23.90,25.80,24.70,24.70,23.90,21.10,22.10,22.80,23.60,25.20,21.50,24.00,21.70,22.60,20.40,22.00,21.10,21.50,21.00,21.50,21.30
TLM_RCV,-42,FG-ALPHA,20240415_085356,AUTO,0,31.11,5.00,-85,100.00,8.34,3.29,5.02,1001,422,0,275,22.90,1013.10,11.90,405.00,13.64,53.80,1080,24.40,20.40,23.80,23.30,23.00,22.10,21.50,24.10,23.20,23.80,24.40,22.70,24.60,25.50,23.90,22.40,20.30,20.40,23.10,23.20,20.00,23.80,20.90,24.00,21.50,24.80,21.10,22.20,24.60,23.40,20.30,25.60,25.90,21.40,22.20,23.80,20.60,23.70,20.70,21.60,22.00,22.60,25.30,24.60,25.60,20.80,20.60,23.80,24.30,23.50,20.50,23.30,22.30,20.30,23.60,25.80,25.10,24.60,21.40,24.30,22.70,21.20,20.80,20.70
TLM_RCV,-91,FG-ALPHA,20240415_085357,AUTO,0,33.23,5.00,-85,100.00,8.33,3.30,5.02,924,446,0,294,22.39,1012.80,11.80,405.20,13.64,53.80,1080,22.90,22.50,21.80,24.60,25.80,23.20,20.40,23.80,21.30,25.80,22.80,22.80,24.30,23.30,23.80,24.60,20.30,25.80,25.00,21.60,20.50,25.10,23.10,20.10,20.30,25.30,20.40,20.90,22.30,25.00,23.40,25.00,25.80,21.70,25.50,25.10,20.50,22.70,23.60,21.40,24.10,24.90,22.60,25.30,23.20,22.60,23.40,20.50,21.80,21.00,25.00,25.80,22.40,21.00,24.60,25.70,20.60,20.10,22.80,22.20,23.40,20.20,22.60,21.20
TLM_RCV,-86,FG-ALPHA,20240415_085358,AUTO,0,31.02,5.00,-85,100.00,8.34,3.30,5.02,1006,405,0,259,23.00,1013.00,11.90,405.10,13.64,53.80,1080,22.70,22.80,22.60,23.60,20.20,21.90,23.10,24.40,25.90,25.70,25.00,25.50,25.20,22.10,23.20,21.30,23.80,20.40,24.70,25.40,21.10,25.10,21.10,25.90,85.80,22.30,21.00,23.30,23.70,24.90,23.30,25.20,22.90,21.60,22.10,24.70,23.40,21.80,25.30,24.60,20.70,20.90,24.00,24.20,23.70,23.60,22.30,25.10,22.70,21.10,23.30,25.70,21.70,24.20,25.20,24.20,22.40,21.20,22.60,24.00,20.00,20.10,22.90,25.20
TLM_RCV,-86,FG-ALPHA,20240415_085359,AUTO,0,33.31,5.00,-85,100.00,8.33,3.28,5.02,1166,463,0,311,23.51,1013.60,12.00,404.70,13.64,53.80,1080,20.50,23.70,24.90,25.00,23.50,25.10,20.00,21.90,21.60,22.20,21.20,20.40,23.60,25.00,25.70,22.10,24.50,22.30,24.60,23.60,24.20,24.30,20.20,23.80,76.10,21.70,22.30,25.20,24.70,25.20,24.50,25.60,22.20,20.20,21.00,24.40,23.10,23.00,23.10,25.70,25.20,20.20,24.80,20.20,24.60,21.40,25.30,23.90,24.10,25.60,21.20,24.90,21.90,23.70,25.90,24.20,23.60,21.30,20.30,20.20,22.20,25.80,23.20,20.80
TLM_RCV,-52,FG-ALPHA,20240415_085421,AUTO,1,35.15,11.00,-85,99.99,8.22,3.29,4.92,1143,1231,775,300,20.44,1012.80,11.80,404.60,13.66,54.40,1080,25.10,23.30,23.30,22.00,24.20,24.50,24.90,22.40,22.50,22.30,23.80,25.10,20.50,21.10,20.10,22.70,21.90,20.80,20.90,25.80,20.10,23.40,20.90,24.40,20.80,25.00,23.40,23.50,22.70,22.40,23.80,25.80,20.20,23.70,20.80,23.30,22.20,24.00,24.10,20.30,23.20,23.50,20.80,25.90,25.10,22.20,23.40,23.90,20.00,20.90,20.60,24.70,24.70,23.50,21.00,20.00,25.50,23.80,23.00,22.40,21.70,25.30,21.20,21.80
TLM_RCV,-69,FG-ALPHA,20240415_085422,AUTO,0,31.43,9.00,-85,100.00,8.33,3.29,5.02,1095,487,0,338,23.04,1012.80,11.90,404.50,13.66,54.40,1080,22.20,23.50,20.70,24.70,22.20,20.60,24.30,25.70,20.90,25.20,22.40,21.10,25.10,22.70,24.10,25.00,25.90,23.00,20.50,24.60,20.60,21.70,24.10,24.20,21.40,20.50,25.30,24.00,23.50,24.70,23.60,23.30,20.10,25.70,20.30,24.50,25.90,21.30,21.40,24.30,21.80,22.10,23.50,22.20,24.20,22.40,25.40,21.10,24.10,20.10,24.70,23.10,20.60,20.80,25.60,23.20,25.90,21.90,21.30,25.60,21.10,20.40,25.90,22.30
TLM_RCV,-78,FG-ALPHA,20240415_085423,AUTO,0,32.46,7.00,-85,100.00,8.33,3.30,5.02,834,491,0,340,21.72,1013.40,12.00,405.10,13.66,54.40,1080,21.90,20.10,23.10,21.00,25.70,23.30,20.40,21.90,22.20,21.50,23.20,21.20,25.90,23.80,21.20,25.10,20.70,22.00,21.80,20.40,20.70,23.70,25.90,20.30,23.70,23.70,25.20,24.50,23.20,25.50,23.20,25.10,23.70,25.60,20.60,20.80,20.60,21.40,23.10,23.80,88.30,25.30,22.20,25.70,22.30,25.70,23.00,21.30,22.10,23.00,25.70,20.10,25.90,23.50,24.40,23.90,21.40,20.80,21.40,23.80,25.80,24.60,20.70,23.70
TLM_RCV,-57,FG-ALPHA,20240415_085424,AUTO,0,32.11,5.00,-85,99.96,8.34,3.31,5.02,0,422,0,271,22.11,1013.10,12.10,406.30,13.66,54.40,1080,24.20,23.80,22.90,23.20,22.10,25.20,21.10,20.30,21.30,23.00,25.00,20.50,25.30,21.50,20.60,20.70,22.20,20.90,25.40,25.30,20.60,24.70,21.00,20.00,24.30,22.40,21.80,23.00,22.00,24.60,23.10,22.20,25.80,21.90,25.30,24.50,20.30,24.30,22.80,22.00,25.00,25.40,21.10,21.90,25.80,22.90,25.90,23.90,22.90,25.40,20.20,22.40,24.50,23.50,20.20,23.70,24.10,25.60,25.80,23.50,21.20,21.60,22.10,22.60
TLM_RCV,-42,FG-ALPHA,20240415_085425,AUTO,0,31.42,5.00,-85,99.99,8.33,3.29,5.02,836,483,0,327,21.76,1013.20,11.80,406.00,13.67,54.40,1080,24.70,20.00,23.60,21.40,21.50,22.20,21.50,25.90,22.20,22.70,25.80,20.60,25.90,22.20,22.40,24.40,22.60,24.90,25.10,21.70,22.30,22.30,21.50,24.90,22.20,24.90,20.80,23.20,25.10,20.10,25.60,22.00,23.30,22.50,20.50,22.40,21.70,24.50,20.10,21.00,25.10,23.80,23.80,20.90,24.90,23.20,21.50,20.50,24.00,25.80,20.00,25.50,22.80,21.90,21.50,23.90,24.60,24.00,21.40,24.90,22.40,23.30,23.10,20.70
TLM_RCV,-89,FG-ALPHA,20240415_085426,AUTO,0,33.47,5.00,-85,99.94,8.32,3.31,5.02,0,494,0,339,22.47,1013.20,12.00,405.00,13.67,54.40,1080,24.90,22.30,24.40,21.80,21.90,23.00,21.50,24.10,21.00,20.00,24.00,25.70,22.40,21.10,20.30,22.40,23.10,25.70,25.90,25.80,22.50,20.40,24.80,24.20,24.10,23.00,21.40,23.80,21.80,21.10,21.70,23.10,24.60,21.20,25.70,25.20,20.80,21.50,21.50,23.00,25.60,24.50,22.30,21.20,25.40,24.60,23.50,23.20,22.10,25.50,22.00,24.80,23.60,21.90,23.80,20.20,22.80,23.10,22.80,24.70,23.00,22.70,24.20,21.80
TLM_RCV,-79,FG-ALPHA,20240415_085427,AUTO,0,33.16,5.00,-85,99.99,8.33,3.31,5.02,904,432,0,288,22.36,1012.90,11.80,405.10,13.67,54.40,1080,22.20,21.80,23.50,25.00,25.10,25.10,22.30,20.60,20.20,20.70,20.40,20.00,24.50,23.30,21.60,25.40,22.50,20.10,20.10,20.10,22.80,23.40,23.40,25.70,23.30,24.50,23.60,22.80,22.60,24.20,24.60,20.30,23.60,20.90,21.50,24.00,24.00,23.70,23.30,23.50,24.80,23.70,23.90,22.90,20.60,21.50,22.60,21.60,22.50,24.00,23.90,20.70,20.40,21.80,24.60,25.90,24.50,20.40,22.00,23.20,20.10,21.80,25.80,24.20
TLM_RCV,-88,FG-ALPHA,20240415_085428,AUTO,0,33.38,5.00,-85,100.00,8.33,3.29,5.02,1195,476,0,322,23.59,1013.20,12.00,405.70,13.67,54.40,1080,20.80,23.50,22.00,25.50,23.60,20.00,20.60,20.00,20.50,23.50,25.50,25.40,21.10,20.10,23.30,21.80,21.10,22.30,21.90,24.30,21.20,21.80,22.80,21.50,23.70,22.40,21.80,23.10,24.00,25.80,20.70,22.60,21.30,22.50,22.00,23.40,20.70,22.80,22.70,23.50,24.50,25.10,20.00,21.80,20.00,20.50,23.30,20.30,23.00,20.00,20.50,25.60,24.00,20.00,21.60,21.90,21.80,21.90,23.30,25.10,22.10,21.00,22.60,24.60
TLM_RCV,-53,FG-ALPHA,20240415_085429,AUTO,0,30.95,5.00,-85,100.00,8.34,3.31,5.02,1004,391,0,250,23.07,1012.70,11.90,405.10,13.67,54.40,1080,23.10,23.30,20.00,22.30,25.20,24.60,25.70,23.60,25.80,21.80,22.50,25.10,23.10,22.00,25.90,20.30,24.80,25.70,23.80,20.70,21.10,20.40,24.00,25.10,21.20,25.30,25.20,20.90,24.80,25.30,22.20,21.20,24.50,25.10,20.60,21.00,25.00,22.90,24.00,24.20,21.70,22.40,20.90,22.10,20.70,20.80,22.10,23.30,23.00,21.80,21.60,24.60,22.70,21.60,24.70,25.20,25.70,24.30,25.60,23.30,25.60,22.50,22.80,22.80
TLM_RCV,-50,FG-ALPHA,20240415_085430,AUTO,0,32.00,5.00,-85,100.00,8.34,3.30,5.02,1159,400,0,257,23.80,1013.00,11.80,405.40,13.67,54.40,1080,22.30,23.50,22.30,22.20,21.40,20.10,25.50,25.70,21.70,24.40,20.00,20.90,21.20,21.00,25.00,21.80,24.70,24.10,24.40,22.90,23.70,24.50,21.90,25.20,20.20,24.70,22.80,24.00,21.40,20.40,20.00,20.00,25.00,24.10,22.80,21.10,23.90,21.60,20.60,24.20,23.20,25.90,22.20,25.40,20.90,23.70,20.20,20.00,24.00,20.50,24.90,25.80,23.00,21.10,23.60,25.50,23.80,22.40,25.20,20.90,25.10,23.40,22.50,24.40
TLM_RCV,-94,FG-ALPHA,20240415_085431,AUTO,0,33.04,5.00,-85,100.00,8.34,3.31,5.02,915,408,0,262,22.53,1013.00,11.80,404.60,13.67,54.40,1080,21.00,25.80,22.10,25.40,23.90,21.60,21.70,25.90,25.60,24.90,22.00,20.30,25.20,21.10,20.80,21.70,23.90,20.30,22.40,25.40,20.30,23.60,23.30,22.40,25.90,20.00,23.70,23.50,20.30,25.10,22.70,20.30,23.70,24.50,23.70,21.50,23.90,23.00,21.80,21.90,23.40,25.80,20.50,25.80,24.30,23.90,22.40,25.00,23.60,23.10,22.40,24.20,25.80,21.90,20.00,22.10,22.00,25.90,24.30,21.80,22.30,22.50,21.50,24.60
TLM_RCV,-62,FG-ALPHA,20240415_085432,AUTO,0,31.26,5.00,-85,100.00,8.33,3.28,5.02,893,453,0,308,22.20,1013.20,12.00,405.40,13.67,54.40,1080,22.90,21.90,21.50,23.30,20.30,24.80,20.50,20.00,22.50,22.00,25.30,22.10,25.00,23.30,20.60,20.20,22.90,20.60,24.70,23.10,23.20,25.90,24.90,23.00,20.20,23.70,22.00,23.90,25.30,25.40,21.50,22.50,20.30,22.00,25.30,24.00,22.60,25.70,24.80,24.10,22.30,25.40,22.40,22.60,20.50,25.60,22.30,23.90,23.50,24.00,25.20,25.50,21.00,24.60,20.60,22.10,24.00,22.20,24.00,23.40,21.20,25.20,23.30,22.00
TLM_RCV,-93,FG-ALPHA,20240415_085433,AUTO,0,32.19,5.00,-85,99.96,8.33,3.31,5.02,0,439,0,292,22.19,1013.20,11.80,405.80,13.67,54.40,1080,20.10,21.60,25.90,25.30,22.90,22.20,20.60,24.10,22.80,22.50,20.00,24.50,24.70,25.30,24.40,20.70,20.90,22.70,25.40,22.30,20.80,22.20,21.90,20.80,20.10,24.30,23.20,20.50,24.60,20.30,24.10,21.40,25.30,22.40,22.60,20.10,20.60,24.70,20.70,24.10,25.40,20.10,25.00,22.90,21.60,21.70,24.00,23.60,22.80,24.90,23.60,24.90,24.20,25.00,25.30,20.80,23.20,20.80,21.10,24.30,20.60,23.80,24.50,25.20
TLM_RCV,-95,FG-ALPHA,20240415_085434,AUTO,0,31.39,5.00,-85,100.00,8.33,3.28,5.02,1011,478,0,337,22.67,1012.80,12.00,405.80,13.67,54.40,1080,25.80,21.30,21.10,21.80,21.40,20.50,25.40,22.10,23.20,22.40,21.90,25.40,25.20,20.30,23.40,22.90,21.90,23.20,23.00,25.90,20.80,21.60,20.60,25.90,21.50,25.30,25.30,21.60,23.60,21.50,21.10,20.20,24.40,25.80,22.30,20.40,21.00,25.20,20.90,20.20,21.70,21.10,22.20,25.70,24.00,20.70,20.70,21.80,21.20,24.90,21.50,25.00,25.40,23.80,23.60,25.20,23.10,22.40,24.60,22.70,23.50,22.00,21.40,24.40
TLM_RCV,-71,FG-ALPHA,20240415_085435,AUTO,0,33.31,5.00,-85,100.00,8.33,3.31,5.02,1132,462,0,319,23.35,1013.20,12.10,406.20,13.68,54.40,1080,23.80,75.00,25.10,20.50,20.00,24.60,23.40,22.90,21.70,24.00,23.20,21.70,24.70,22.30,25.20,24.30,23.50,20.40,23.40,22.00,21.10,21.80,20.40,25.70,24.80,24.60,22.00,22.50,24.80,22.20,20.80,23.30,25.10,22.60,21.10,22.60,24.90,25.20,22.10,24.30,24.50,21.30,21.60,21.10,25.50,25.30,24.10,20.80,21.50,22.00,25.70,24.30,24.90,22.90,22.70,21.50,21.40,23.30,21.70,21.30,24.80,21.70,25.00,25.20
TLM_RCV,-84,FG-ALPHA,20240415_085436,AUTO,0,31.17,5.00,-85,100.00,8.33,3.30,5.02,886,435,0,295,22.25,1012.70,11.80,406.10,13.68,54.40,1080,24.90,20.50,20.60,23.00,23.90,20.70,23.30,24.20,25.60,23.20,22.00,22.10,25.30,23.50,21.70,25.10,22.40,22.20,23.10,25.80,24.20,24.80,25.10,23.40,24.10,20.70,23.10,23.00,23.90,20.70,24.70,20.80,22.30,23.80,21.30,22.50,25.50,20.70,20.60,20.10,20.40,20.40,24.30,22.60,22.30,23.70,22.80,24.20,21.70,23.80,24.50,20.60,22.40,23.10,25.60,22.20,23.50,21.10,23.80,20.20,20.90,21.60,24.00,20.80
TLM_RCV,-57,FG-ALPHA,20240415_085437,AUTO,0,33.26,5.00,-85,99.95,8.33,3.30,5.02,0,452,0,296,22.26,1013.60,11.80,404.50,13.68,54.40,1080,22.10,25.10,24.80,20.40,22.00,21.00,20.70,22.70,25.30,22.80,23.20,22.20,22.60,21.10,20.20,22.50,24.10,21.10,20.80,21.90,23.10,20.00,24.40,24.90,21.00,25.10,22.50,25.60,22.70,24.80,24.50,25.10,23.50,24.10,22.20,22.90,24.20,21.50,25.30,25.90,25.90,21.10,25.30,24.10,24.00,24.60,21.40,20.80,23.20,25.20,22.90,21.40,21.60,22.70,24.80,22.50,24.30,21.10,23.20,25.90,24.00,25.90,20.90,24.30
TLM_RCV,-64,FG-ALPHA,20240415_085438,AUTO,0,33.38,5.00,-85,100.00,8.33,3.28,5.02,967,475,0,316,22.46,1012.90,12.00,406.20,13.68,54.40,1080,20.00,20.40,24.30,25.10,21.40,25.30,24.80,20.80,25.00,24.00,22.10,23.30,25.90,25.40,20.10,25.60,21.60,23.70,22.90,23.50,25.90,23.70,23.10,20.20,22.90,22.50,22.80,22.70,21.90,25.90,21.40,23.60,22.90,20.80,21.80,23.40,21.10,20.70,20.70,24.10,22.80,21.70,25.60,21.10,20.50,20.50,24.20,24.50,24.80,84.60,22.00,25.90,20.20,24.50,24.60,21.30,24.20,20.40,20.10,22.60,22.00,25.30,21.80,22.30
TLM_RCV,-93,FG-ALPHA,20240415_085439,AUTO,0,33.10,5.00,-85,100.00,8.34,3.29,5.02,1023,419,0,261,23.02,1012.90,12.10,405.10,13.68,54.40,1080,25.50,23.90,23.40,24.10,72.40,25.00,25.70,23.00,24.70,25.30,22.20,21.00,24.80,21.80,22.10,24.10,23.50,22.60,21.40,23.60,25.20,24.80,24.20,23.90,24.90,22.30,25.40,21.60,25.50,23.70,25.90,21.70,23.40,21.20,24.20,24.90,25.80,22.20,23.30,23.30,23.20,25.60,24.40,21.10,25.90,25.50,22.10,25.70,21.10,20.50,20.70,25.70,23.90,24.50,25.40,21.70,20.10,23.50,20.60,24.90,24.10,20.30,20.70,25.10
TLM_RCV,-92,FG-ALPHA,20240415_085440,AUTO,0,32.08,5.00,-85,100.00,8.34,3.28,5.02,879,416,0,263,22.32,1013.40,11.80,405.70,13.68,54.40,1080,21.80,21.20,24.40,24.40,21.70,21.30,22.30,23.80,22.90,23.70,21.00,23.10,21.20,21.50,21.70,24.40,20.20,20.90,23.00,20.50,20.60,21.30,25.80,22.20,25.60,22.50,24.50,23.30,21.20,22.00,21.10,21.90,22.20,24.30,20.10,22.80,20.40,24.20,24.90,23.90,25.80,21.70,20.70,24.80,25.30,22.40,21.20,25.60,23.90,23.00,24.90,25.70,25.50,20.00,25.50,24.40,21.80,23.10,22.80,24.30,22.60,22.80,24.00,22.80
TLM_RCV,-68,FG-ALPHA,20240415_085441,AUTO,0,31.00,5.00,-85,100.00,8.34,3.28,5.02,1052,401,0,254,23.26,1013.10,12.10,404.70,13.68,54.40,1080,20.30,25.20,25.30,22.60,25.30,23.00,20.70,21.20,22.80,21.00,22.20,25.70,23.90,23.60,24.30,25.80,23.90,22.90,22.60,24.50,21.20,25.30,21.60,24.70,20.50,21.40,21.10,25.10,23.80,20.80,23.10,23.10,24.30,20.90,22.70,25.00,23.20,25.00,20.70,22.80,20.50,24.50,20.30,21.70,25.90,21.30,20.10,21.90,24.90,21.20,24.20,23.50,22.50,23.90,20.10,22.40,20.90,24.50,22.30,22.90,22.60,23.70,24.10,24.00
TLM_RCV,-72,FG-ALPHA,20240415_085442,AUTO,0,31.42,5.00,-85,100.00,8.33,3.28,5.02,891,484,0,343,22.03,1013.30,11.80,405.80,13.68,54.40,1080,23.80,23.30,22.10,23.10,23.20,25.90,24.20,20.50,23.30,20.00,21.90,21.60,22.50,25.80,24.40,21.90,21.20,24.30,24.10,24.30,22.20,25.50,21.10,25.80,25.90,20.10,22.80,20.50,88.20,24.00,25.40,23.70,23.20,25.20,23.40,21.90,20.10,22.00,22.80,21.20,21.90,24.70,22.40,22.50,25.30,23.50,23.50,21.70,20.00,21.10,24.90,20.80,22.90,20.80,22.60,22.30,22.50,22.00,21.00,24.70,23.00,20.40,25.30,23.30
TLM_RCV,-68,FG-ALPHA,20240415_085443,AUTO,0,32.28,5.00,-85,99.95,8.33,3.31,5.02,0,456,0,298,22.28,1012.90,11.80,405.40,13.68,54.40,1080,20.70,21.30,22.10,22.20,25.70,25.80,21.30,21.20,22.20,21.70,21.30,23.40,24.10,22.90,23.00,21.60,24.30,21.00,24.00,21.80,21.30,20.10,21.40,25.70,21.00,22.20,23.40,20.80,20.80,25.80,22.30,21.10,23.00,23.60,24.50,20.30,25.80,21.40,22.20,24.30,25.90,24.20,21.60,25.60,25.90,22.80,21.90,21.20,23.20,24.60,20.60,23.40,21.60,21.60,24.30,22.40,21.60,24.60,20.10,20.70,23.70,20.20,21.60,21.10
TLM_RCV,-48,FG-ALPHA,20240415_085444,AUTO,0,32.19,5.00,-85,99.91,8.33,3.31,5.02,0,438,0,288,22.19,1012.90,11.90,404.50,13.68,54.40,1080,22.60,22.00,25.10,23.70,21.80,21.50,20.60,20.30,23.80,20.60,24.30,20.20,24.50,21.70,24.60,21.00,22.60,22.40,23.20,25.00,23.00,25.50,20.80,25.30,24.20,21.80,23.70,20.10,25.20,21.00,21.00,23.40,25.40,20.30,21.60,25.70,24.10,22.40,21.00,23.30,23.40,20.90,21.20,21.60,25.50,23.70,25.30,21.80,20.60,21.00,24.00,23.50,25.30,21.30,24.10,21.70,22.30,20.10,22.90,22.00,25.60,23.60,24.60,23.50
TLM_RCV,-82,FG-ALPHA,20240415_085445,AUTO,0,33.03,5.00,-85,99.97,8.34,3.28,5.02,1033,406,0,260,23.14,1013.30,12.00,405.10,13.69,54.40,1080,20.00,20.20,23.20,24.40,22.60,21.50,24.50,25.60,23.40,20.80,22.30,21.40,23.60,20.10,21.80,25.90,23.00,24.00,25.80,23.00,22.90,20.60,24.10,24.40,24.90,25.70,20.70,24.90,22.80,21.80,25.80,23.30,24.40,21.20,24.70,23.40,22.30,25.40,21.60,23.70,20.20,20.20,25.50,25.50,25.50,22.40,22.30,25.40,22.20,20.00,22.40,22.00,20.30,21.10,24.90,22.70,21.90,22.70,22.20,21.70,20.00,22.50,22.50,24.30
TLM_RCV,-92,FG-ALPHA,20240415_085446,AUTO,0,32.17,5.00,-85,99.93,8.33,3.30,5.02,0,433,0,286,22.17,1013.30,12.10,406.40,13.69,54.40,1080,22.90,23.90,24.20,25.10,25.30,22.60,20.10,21.80,25.10,22.30,20.10,20.20,21.50,25.60,21.50,25.00,24.30,24.70,22.40,25.00,24.00,22.50,21.00,25.40,23.90,25.60,23.70,25.90,20.50,24.50,22.00,22.50,21.00,21.20,20.60,22.80,22.80,22.30,20.40,23.20,22.30,22.40,21.30,24.10,24.60,21.10,23.90,21.80,24.10,22.60,21.50,22.30,20.40,25.40,21.30,21.10,20.80,22.40,25.70,20.60,24.60,24.90,24.20,23.10
TLM_RCV,-44,FG-ALPHA,20240415_085447,AUTO,0,33.36,5.00,-85,99.96,8.33,3.29,5.02,812,472,0,319,21.70,1013.40,11.80,405.60,13.69,54.40,1080,21.00,25.80,21.60,25.10,22.70,20.80,22.50,24.80,21.00,22.80,20.20,25.90,20.70,22.30,21.30,21.60,24.50,20.60,23.30,24.30,22.70,22.50,21.90,23.70,24.30,24.90,20.10,21.10,21.40,22.90,23.80,25.40,24.00,23.50,24.40,23.30,21.40,21.50,21.90,21.70,20.50,21.40,24.20,24.90,20.70,20.90,20.90,20.40,24.70,24.20,24.60,23.20,25.10,20.20,25.20,24.50,20.70,24.80,22.90,22.40,25.10,25.00,22.70,24.80
TLM_RCV,-80,FG-ALPHA,20240415_085448,AUTO,0,32.31,5.00,-85,100.00,8.33,3.30,5.02,1082,462,0,305,23.10,1012.90,11.80,405.80,13.69,54.40,1080,21.90,24.50,23.60,22.90,24.50,20.90,22.80,22.20,23.10,23.50,21.30,25.10,22.40,23.90,20.00,23.90,21.10,21.70,25.50,24.20,20.10,20.20,21.20,21.70,23.10,20.90,20.10,24.50,20.90,20.50,22.90,23.20,20.30,23.60,20.50,22.20,21.20,20.90,21.20,24.20,24.40,25.90,23.30,21.30,21.90,24.90,23.50,21.60,21.60,22.40,23.00,25.30,25.20,22.40,25.50,21.70,20.00,23.20,20.60,22.60,23.00,20.00,20.90,20.10
TLM_RCV,-89,FG-ALPHA,20240415_085449,AUTO,0,32.24,5.00,-85,100.00,8.33,3.31,5.02,959,448,0,295,22.56,1012.80,12.00,405.80,13.69,54.40,1080,25.90,23.50,22.20,21.20,24.80,25.70,22.80,21.10,23.80,25.50,25.80,21.30,20.30,24.80,21.40,24.80,24.90,21.10,22.40,25.90,23.60,20.10,23.60,22.90,21.90,25.10,20.60,24.20,20.90,22.40,25.90,21.50,25.50,20.20,21.10,25.80,21.10,20.60,21.50,20.60,20.60,20.50,21.10,23.40,23.80,23.30,21.50,21.50,25.20,20.40,20.30,21.00,20.70,20.70,21.20,20.30,23.40,21.40,24.20,21.40,20.90,22.50,21.50,22.80
TLM_RCV,-42,FG-ALPHA,20240415_085450,AUTO,0,31.98,5.00,-85,100.00,8.34,3.28,5.02,800,395,0,255,22.02,1013.50,12.10,404.80,13.69,54.40,1080,24.10,21.00,23.20,23.20,21.70,24.70,25.20,20.50,21.60,25.70,24.30,25.40,23.70,21.50,22.10,23.70,21.20,25.60,22.80,22.30,22.60,22.20,25.60,24.80,24.00,21.40,24.10,21.30,25.20,22.40,20.10,21.10,21.80,23.30,23.20,20.20,20.60,23.00,22.50,22.80,20.60,23.10,25.70,25.10,25.50,24.70,21.70,23.90,22.80,23.70,21.70,21.10,21.60,21.30,21.20,20.70,25.20,21.80,22.60,20.10,24.80,22.50,25.30,23.30
TLM_RCV,-90,FG-ALPHA,20240415_085451,AUTO,0,32.45,5.00,-85,100.00,8.33,3.31,5.02,1113,490,0,335,23.11,1013.40,12.10,405.30,13.69,54.40,1080,21.10,24.70,20.20,21.80,25.70,23.90,20.40,22.80,25.90,25.80,20.00,20.50,21.70,21.30,22.50,24.40,21.80,21.70,23.10,24.30,24.50,23.80,25.20,24.90,23.10,21.60,20.30,25.40,25.60,25.70,22.60,22.00,22.50,24.90,25.20,25.00,23.60,24.50,20.70,20.70,23.10,22.50,21.00,22.70,23.00,25.30,21.80,21.60,25.00,24.70,25.50,22.60,24.20,22.20,20.40,22.80,24.80,24.80,24.00,24.50,24.90,20.40,23.00,22.00
TLM_RCV,-76,FG-ALPHA,20240415_085452,AUTO,0,32.26,5.00,-85,100.00,8.33,3.28,5.02,1066,451,0,292,23.08,1013.30,12.00,405.70,13.69,54.40,1080,22.20,21.50,22.60,22.70,25.10,24.10,22.30,24.10,20.80,23.80,20.60,21.50,20.50,20.90,21.10,21.90,25.50,24.10,25.80,22.00,20.70,25.10,21.40,25.60,21.80,22.20,23.80,25.30,24.80,24.50,23.10,20.90,22.40,25.20,22.80,24.50,24.70,23.60,25.20,22.30,22.00,21.80,22.10,23.70,23.60,25.00,21.30,20.10,23.80,20.50,20.30,25.90,22.80,25.50,22.70,25.90,25.20,23.40,23.80,23.00,21.40,24.60,20.60,23.90
TLM_RCV,-51,FG-ALPHA,20240415_085453,AUTO,0,31.17,5.00,-85,100.00,8.33,3.31,5.02,1159,435,0,294,23.62,1013.40,12.10,405.10,13.69,54.40,1080,23.40,22.40,22.20,24.40,21.10,25.20,21.50,22.70,22.60,24.60,23.20,22.50,21.30,24.80,25.40,25.90,21.00,23.70,21.00,20.00,23.70,21.20,21.10,22.10,20.30,24.40,25.20,25.30,22.10,25.20,25.70,20.20,24.70,20.30,24.80,25.00,24.50,23.20,25.20,23.90,25.60,25.60,20.20,24.00,23.20,22.60,23.50,23.40,21.70,20.40,22.60,25.80,21.30,23.10,23.80,22.20,21.00,24.80,24.10,21.40,23.90,23.60,21.20,21.20
TLM_RCV,-75,FG-ALPHA,20240415_085454,AUTO,0,32.33,5.00,-85,100.00,8.33,3.28,5.02,1180,465,0,315,23.58,1013.30,11.80,405.70,13.69,54.40,1080,21.90,20.00,25.20,21.30,21.30,20.50,24.70,24.20,22.80,25.20,21.30,22.60,22.60,21.70,24.90,22.70,24.50,24.00,24.80,23.40,24.90,21.40,24.50,24.40,20.00,20.20,23.20,25.20,24.90,22.60,24.70,24.20,24.80,22.10,21.00,23.50,25.10,24.30,25.00,21.80,25.80,20.20,21.30,24.10,25.60,25.80,20.30,23.30,24.30,22.50,25.20,21.40,22.40,21.50,20.90,20.70,23.30,20.30,24.60,21.90,23.70,23.20,22.50,22.60
TLM_RCV,-78,FG-ALPHA,20240415_085455,AUTO,0,31.23,5.00,-85,99.96,8.33,3.31,5.02,0,445,0,298,22.23,1013.60,12.10,406.20,13.70,54.40,1080,22.00,20.40,23.50,25.40,25.90,24.70,21.40,22.60,22.60,20.80,23.10,24.50,23.40,21.00,21.30,25.20,24.20,21.10,22.40,22.10,24.60,22.80,24.00,21.60,20.40,22.80,24.50,23.00,21.80,23.60,23.90,20.40,21.40,25.00,24.90,23.60,20.10,20.20,23.20,22.10,25.00,24.60,22.90,20.00,23.90,20.20,24.60,20.00,21.20,24.70,22.30,24.90,20.70,25.50,23.00,23.80,20.50,23.40,22.00,24.40,23.00,22.80,21.30,23.50
TLM_RCV,-91,FG-ALPHA,20240415_085456,AUTO,0,31.12,5.00,-85,99.91,8.33,3.28,5.02,0,424,0,266,22.12,1013.60,11.80,406.20,13.70,54.40,1080,22.10,21.20,25.60,24.40,24.20,25.90,22.30,22.30,23.90,25.30,21.80,24.90,20.60,23.00,20.60,21.50,21.80,20.30,23.30,22.50,20.80,23.20,22.80,23.00,21.80,25.00,21.50,22.30,20.10,22.50,21.00,20.80,23.10,22.20,24.80,24.30,25.90,20.90,23.30,22.00,21.50,21.40,24.00,21.90,20.00,22.10,25.00,22.20,21.80,23.40,22.90,23.30,21.60,21.30,24.40,25.20,24.00,21.90,23.80,24.90,21.90,22.00,22.60,24.50
TLM_RCV,-47,FG-ALPHA,20240415_085457,AUTO,0,33.21,5.00,-85,99.97,8.33,3.30,5.02,1012,442,0,289,22.85,1013.50,11.80,405.90,13.70,54.40,1080,21.90,22.90,24.60,21.10,23.90,25.60,20.10,21.40,24.80,21.40,25.90,23.20,23.60,20.00,25.70,21.00,23.40,25.10,24.50,21.50,23.90,20.20,20.60,21.00,21.70,21.40,21.60,22.70,21.90,23.60,23.90,23.50,21.20,23.90,24.60,21.40,22.00,21.40,24.70,21.10,25.80,25.30,25.70,25.70,20.90,24.60,25.70,24.50,20.20,23.00,21.00,22.60,20.40,23.60,24.00,24.20,24.70,25.00,21.80,24.80,22.20,24.80,22.70,24.80
TLM_RCV,-91,FG-ALPHA,20240415_085458,AUTO,0,31.24,5.00,-85,100.00,8.33,3.31,5.02,821,448,0,304,21.86,1012.70,12.00,405.80,13.70,54.40,1080,20.90,21.50,20.10,20.90,21.40,25.50,24.80,23.90,25.70,25.00,22.70,21.50,21.30,20.70,22.40,25.20,22.30,22.20,21.20,21.60,22.40,25.20,25.50,20.70,20.30,23.60,25.40,24.70,25.80,23.70,25.40,24.60,23.40,21.70,24.70,22.00,21.70,24.90,24.80,22.60,21.00,25.50,20.70,24.10,23.90,22.20,21.60,23.40,23.40,20.80,21.70,23.70,20.20,25.50,24.00,21.60,24.20,21.50,22.90,22.90,25.20,20.40,24.70,22.20
TLM_RCV,-56,FG-ALPHA,20240415_085459,AUTO,0,31.12,5.00,-85,100.00,8.34,3.29,5.02,860,425,0,275,22.17,1012.70,11.90,404.60,13.70,54.40,1080,20.50,22.10,21.00,23.20,25.90,23.30,21.60,23.10,23.30,22.80,21.60,20.10,24.40,24.50,20.30,23.40,23.60,20.90,23.80,22.70,25.60,21.60,22.80,21.30,22.70,21.40,25.70,25.30,25.50,20.60,22.10,23.30,20.30,21.20,22.80,25.90,21.20,24.00,20.30,21.70,20.90,21.30,21.90,22.10,24.90,25.30,24.50,20.50,23.10,21.80,20.20,23.00,25.80,20.50,20.60,25.10,25.20,21.70,23.10,20.60,20.90,25.00,24.70,24.60
TLM_RCV,-65,FG-ALPHA,20240415_085500,AUTO,0,33.47,5.00,-85,100.00,8.33,3.29,5.02,838,495,0,344,21.72,1013.40,11.90,405.20,13.70,54.40,1080,23.50,20.40,25.40,21.90,23.80,24.30,23.50,21.50,25.40,20.20,21.70,20.50,23.90,23.50,21.90,22.30,25.90,22.60,23.70,20.90,22.40,21.20,22.10,21.20,22.00,21.10,24.70,23.00,23.50,25.10,22.30,23.30,85.10,24.00,21.60,25.50,24.80,21.20,25.70,22.20,23.30,23.30,22.80,20.20,23.30,22.00,24.00,22.70,21.60,25.40,23.80,22.20,22.40,25.50,20.60,21.80,23.30,25.60,21.30,20.70,22.20,22.70,25.80,23.40
TLM_RCV,-92,FG-ALPHA,20240415_085501,AUTO,0,33.51,5.00,-85,99.95,8.32,3.28,5.02,0,502,0,343,22.51,1013.10,11.90,405.10,13.70,54.40,1080,24.20,20.30,24.00,21.40,24.80,21.40,24.20,20.40,21.80,22.70,24.90,20.80,22.80,22.80,21.20,25.70,25.70,25.00,23.10,22.80,22.60,21.20,21.40,23.00,22.50,23.30,21.50,20.50,25.30,22.40,20.20,22.10,21.20,23.60,22.90,20.40,24.40,23.50,24.10,24.10,24.90,22.60,25.30,23.40,24.20,20.70,24.50,20.00,25.70,25.20,21.30,20.10,20.00,21.60,25.10,25.00,23.90,21.90,23.70,20.10,23.50,24.10,24.70,21.50
TLM_RCV,-93,FG-ALPHA,20240415_085523,AUTO,1,37.01,21.50,-85,99.74,8.21,3.29,4.95,1142,1203,731,327,20.31,1013.20,12.00,405.60,13.72,56.05,1080,24.00,23.10,23.70,24.60,25.60,23.80,24.20,21.20,22.40,20.10,24.40,23.70,23.10,24.60,23.20,25.00,24.00,23.00,21.80,25.50,25.20,25.60,24.60,24.70,21.40,25.80,23.30,25.20,22.00,20.10,25.70,25.80,22.30,23.60,22.50,25.30,24.70,25.20,21.80,20.90,23.40,20.20,23.30,25.10,22.30,20.80,23.60,21.80,25.30,22.40,25.10,20.40,22.80,24.70,20.00,21.60,22.70,23.80,23.90,21.20,24.00,22.00,20.30,23.70
TLM_RCV,-42,FG-ALPHA,20240415_085524,AUTO,1,36.28,23.00,-85,99.76,8.24,3.31,4.98,1194,1057,636,263,20.68,1012.80,11.90,405.00,13.72,56.20,1080,25.10,22.70,23.40,24.60,22.70,25.90,25.10,24.60,25.00,25.10,20.30,21.50,20.20,22.40,22.90,21.20,24.40,23.30,23.40,22.40,23.00,24.30,22.70,24.50,20.20,25.30,22.50,25.30,24.20,21.10,23.80,20.70,25.60,24.30,23.30,22.60,20.60,20.70,22.00,22.60,20.40,22.20,24.60,25.10,22.70,20.80,23.70,25.10,23.60,21.10,20.70,25.00,21.70,22.80,21.00,25.70,21.80,25.90,25.80,23.20,20.70,24.30,22.40,25.30
TLM_RCV,-90,FG-ALPHA,20240415_085525,AUTO,1,35.49,24.50,-85,99.65,8.23,3.31,4.97,0,1098,655,293,25.49,1013.50,12.00,404.80,13.73,56.35,1080,20.70,23.70,20.10,24.30,22.40,25.90,25.80,21.60,22.70,23.70,25.50,22.00,22.60,20.40,23.30,20.70,23.90,24.40,22.20,25.40,23.00,25.50,24.10,22.90,20.40,21.80,24.20,23.80,24.10,21.50,20.90,23.40,24.90,20.00,25.80,24.40,21.40,23.10,24.30,21.50,25.80,20.90,22.70,20.70,22.60,23.10,22.60,21.90,20.30,23.80,21.00,25.70,25.40,25.60,20.60,21.70,25.50,25.40,21.10,25.40,20.10,25.90,21.40,21.10
TLM_RCV,-89,FG-ALPHA,20240415_085526,AUTO,1,34.79,26.00,-85,99.65,8.22,3.31,4.94,1185,1158,672,335,20.14,1012.90,12.00,404.70,13.73,56.50,1080,25.90,22.80,23.80,23.10,25.30,23.80,21.20,20.60,24.40,20.00,24.60,21.30,22.80,21.40,24.60,24.10,20.60,20.90,24.60,22.20,24.30,22.70,21.00,21.50,20.40,23.20,22.10,23.10,22.00,21.80,24.40,21.80,20.30,25.30,23.50,22.10,20.50,20.70,23.00,24.40,22.80,22.50,25.20,25.10,21.30,23.60,22.80,20.10,23.30,22.80,22.50,22.90,23.70,23.50,22.60,24.80,21.50,21.10,22.90,25.30,20.30,21.10,20.90,20.20
TLM_RCV,-68,FG-ALPHA,20240415_085527,AUTO,1,35.59,27.50,-85,99.62,8.22,3.29,4.94,843,1118,620,339,21.37,1013.40,11.80,405.00,13.73,56.65,1080,21.10,25.20,21.10,24.90,23.70,25.60,22.80,20.70,21.90,24.70,20.10,24.70,25.20,25.00,23.10,21.60,22.00,21.10,25.20,25.40,25.70,24.40,22.30,23.40,20.10,22.80,20.90,25.20,24.20,23.80,24.60,24.40,22.10,24.30,22.40,22.00,21.50,25.60,20.90,25.70,23.10,20.90,20.20,20.90,23.90,22.90,25.50,21.80,20.60,23.40,23.20,24.30,21.00,24.20,23.90,25.90,21.70,23.30,22.60,22.80,24.40,23.30,21.90,20.30
TLM_RCV,-87,FG-ALPHA,20240415_085528,AUTO,1,36.72,29.00,-85,99.61,8.22,3.28,4.95,988,1144,663,324,20.78,1013.40,12.00,405.30,13.73,56.80,1080,20.40,25.30,22.30,22.10,23.10,23.00,25.80,23.40,25.80,20.80,24.80,22.20,22.80,21.70,22.90,22.20,21.60,24.80,20.60,23.90,20.10,23.30,21.00,25.50,22.30,20.40,22.50,21.50,24.10,20.50,21.50,25.80,21.60,23.00,20.30,23.40,20.90,23.70,20.60,22.60,21.10,21.20,22.70,24.30,25.60,25.90,20.50,25.10,22.40,25.70,22.30,21.50,21.00,23.50,24.70,25.90,21.50,25.50,23.10,21.30,23.90,20.70,20.00,25.00
TLM_RCV,-52,FG-ALPHA,20240415_085529,AUTO,1,34.97,30.50,-85,99.61,8.21,3.29,4.96,1190,1194,754,289,20.02,1013.10,11.90,405.40,13.73,56.95,1080,25.00,23.80,21.90,20.10,23.60,25.80,23.90,24.00,24.30,24.20,21.40,22.90,24.90,24.80,23.20,24.40,21.80,21.10,22.90,23.00,21.10,23.10,23.60,21.00,23.90,21.60,21.40,25.10,21.80,21.40,23.00,21.20,21.50,20.50,21.50,24.60,24.30,25.20,20.80,24.20,25.30,20.30,20.50,24.10,21.10,21.50,20.70,24.40,24.10,22.30,25.80,21.20,22.80,23.20,23.60,24.90,23.10,22.70,24.70,23.50,23.80,23.20,22.40,20.00
TLM_RCV,-79,FG-ALPHA,20240415_085530,AUTO,1,35.81,32.00,-85,99.49,8.21,3.30,4.98,0,1163,703,317,25.82,1012.70,12.10,405.90,13.73,57.10,1080,23.00,23.80,22.70,20.10,22.40,22.60,24.40,25.80,23.40,22.70,21.90,20.10,20.00,23.70,24.90,25.30,20.60,21.60,21.30,21.40,23.80,21.10,22.60,21.30,21.20,21.30,20.70,24.30,23.20,25.30,25.20,25.00,20.00,24.80,24.60,24.50,22.90,24.30,24.10,23.00,21.20,20.50,24.00,25.00,24.20,21.50,23.70,22.90,25.10,21.80,20.20,20.50,25.30,24.30,24.50,23.50,25.00,21.50,22.60,20.60,23.40,24.80,25.30,21.40
TLM_RCV,-76,FG-ALPHA,20240415_085531,AUTO,1,36.26,33.50,-85,99.46,8.20,3.29,4.92,934,1251,771,333,21.58,1012.90,12.00,406.30,13.73,57.25,1080,25.10,25.60,20.90,21.10,25.90,22.40,23.30,25.60,20.90,21.90,24.60,20.30,24.40,24.90,22.20,25.50,20.30,24.60,25.00,21.40,23.10,23.70,24.30,22.00,24.60,24.50,24.40,21.10,20.40,23.00,21.00,25.90,21.50,21.20,24.50,23.50,22.10,21.50,25.90,24.40,22.10,22.40,24.20,24.10,21.10,22.10,23.90,23.80,23.70,21.20,20.50,22.70,25.40,23.30,23.70,24.00,22.70,22.50,22.40,20.30,21.10,20.00,25.60,23.80
TLM_RCV,-43,FG-ALPHA,20240415_085532,AUTO,1,34.53,35.00,-85,99.45,8.22,3.28,4.99,1049,1105,688,271,20.28,1012.90,11.80,405.00,13.73,57.40,1080,20.20,21.20,24.80,24.90,25.70,25.90,21.90,22.20,24.00,20.40,22.90,20.80,24.30,24.30,21.50,22.70,21.70,20.90,23.60,24.60,23.40,23.80,21.70,21.30,22.60,21.50,25.70,24.40,20.20,22.20,22.00,25.90,23.30,20.60,22.40,22.20,23.80,24.10,24.40,22.50,23.90,24.40,23.40,20.40,20.50,24.40,23.90,20.10,21.10,25.90,20.70,20.70,23.60,25.40,21.80,22.10,21.70,25.40,23.40,20.80,22.40,21.10,23.10,21.30
TLM_RCV,-61,FG-ALPHA,20240415_085533,AUTO,1,34.01,36.50,-85,99.45,8.24,3.31,4.94,984,1003,605,251,20.09,1012.80,12.00,404.70,13.73,57.55,1080,20.00,24.20,22.70,25.90,25.10,23.90,20.80,25.70,25.40,21.30,22.90,21.70,22.90,22.00,20.30,20.40,25.60,21.20,23.20,21.20,20.40,21.30,23.90,21.70,21.20,25.60,22.50,20.00,20.80,20.50,23.50,23.10,25.20,23.60,20.10,20.40,20.40,20.40,22.10,25.80,24.00,25.20,20.30,20.20,23.80,21.50,23.50,22.80,20.80,20.90,20.20,21.80,25.70,25.60,23.20,22.10,23.40,20.30,25.10,22.40,25.50,24.70,25.00,25.20
TLM_RCV,-70,FG-ALPHA,20240415_085534,AUTO,1,36.92,38.00,-85,99.44,8.21,3.29,4.95,1054,1184,758,267,20.65,1013.20,11.90,404.70,13.73,57.70,1080,22.60,22.20,22.90,23.30,24.00,25.00,23.40,22.80,21.80,22.30,20.60,23.20,20.40,25.60,20.00,25.80,23.20,22.60,24.80,24.00,22.20,23.00,25.90,22.40,24.30,22.20,21.70,20.30,24.30,23.50,24.00,22.80,24.50,22.20,22.50,22.00,20.10,24.50,22.50,25.00,23.30,21.90,22.80,25.20,21.90,23.00,22.10,20.10,24.40,23.60,23.50,22.40,25.80,23.40,21.90,22.50,23.30,20.00,24.90,24.40,21.10,25.30,21.40,23.00
TLM_RCV,-44,FG-ALPHA,20240415_085535,AUTO,0,32.03,36.00,-85,99.51,8.33,3.30,5.02,1153,407,0,265,23.73,1013.30,11.80,405.80,13.74,57.70,1080,25.80,21.30,23.40,20.20,24.10,23.80,20.60,20.30,22.50,21.40,23.00,22.10,25.10,24.70,24.90,22.30,24.80,20.80,20.00,25.10,25.50,24.50,23.50,21.30,21.00,22.70,21.40,22.80,24.50,23.80,21.60,22.30,22.10,25.50,23.50,23.30,22.10,24.30,25.70,24.30,23.50,25.90,22.30,24.70,22.30,23.70,22.70,25.40,23.90,20.90,22.10,20.20,23.40,23.10,25.10,24.90,20.90,23.00,25.90,24.40,22.90,22.30,22.80,23.60
TLM_RCV,-85,FG-ALPHA,20240415_085536,AUTO,0,31.40,34.00,-85,99.58,8.32,3.29,5.02,1161,479,0,334,23.41,1012.90,12.10,404.90,13.74,57.70,1080,20.10,24.70,21.90,21.00,22.70,22.60,24.20,20.10,25.00,23.50,25.80,22.50,24.70,23.70,20.40,24.50,22.90,24.90,25.50,23.50,20.70,25.90,25.20,24.30,25.20,21.10,21.30,23.20,25.70,21.80,22.40,21.00,22.50,20.40,20.70,23.30,24.30,25.90,25.40,24.20,23.30,24.40,22.80,25.80,21.70,21.00,20.70,20.70,21.30,22.00,23.70,24.50,20.10,22.40,22.30,24.70,25.10,21.80,20.20,21.90,24.40,20.10,23.10,24.20
TLM_RCV,-73,FG-ALPHA,20240415_085537,AUTO,0,33.08,32.00,-85,99.64,8.33,3.28,5.02,973,416,0,269,22.78,1013.40,12.10,404.80,13.74,57.70,1080,21.00,20.00,23.50,22.20,24.70,23.30,25.60,20.10,24.30,24.60,22.10,24.20,24.30,20.50,21.10,25.80,23.10,23.60,23.50,23.30,25.80,22.50,22.80,23.70,20.30,21.70,22.50,21.30,25.10,20.90,21.00,23.30,23.60,21.50,25.80,22.40,23.90,21.80,22.40,24.70,23.20,21.50,20.30,21.20,25.20,25.90,23.20,21.40,23.00,20.50,20.40,23.50,21.20,23.90,23.50,23.40,20.50,24.20,24.10,20.60,21.50,22.10,25.70,23.50
TLM_RCV,-71,FG-ALPHA,20240415_085538,AUTO,0,32.42,30.00,-85,99.67,8.32,3.31,5.02,808,485,0,326,21.61,1013.40,11.80,405.70,13.74,57.70,1080,22.20,21.00,21.40,20.40,23.80,22.80,21.10,22.60,20.70,25.90,23.60,25.00,20.10,21.30,25.50,20.40,23.90,24.30,20.90,22.50,25.80,24.50,22.60,20.70,21.10,24.60,21.80,24.10,22.50,24.80,24.30,21.20,22.10,23.10,20.10,20.40,24.90,24.10,22.50,25.60,25.80,24.00,25.10,22.70,20.80,22.30,22.20,25.00,23.10,24.30,24.30,24.90,23.20,25.90,20.40,21.20,20.40,24.00,25.60,25.00,21.50,24.50,24.40,20.50
TLM_RCV,-77,FG-ALPHA,20240415_085539,AUTO,0,32.06,28.00,-85,99.71,8.33,3.30,5.02,802,412,0,261,21.95,1013.00,11.90,405.00,13.74,57.70,1080,24.90,23.60,25.90,22.00,20.80,23.10,21.30,20.60,21.70,23.80,20.80,24.30,20.30,22.80,25.20,24.00,24.80,24.70,20.10,21.50,23.10,21.80,21.70,24.30,21.40,25.70,24.00,24.80,20.90,25.00,22.00,20.60,23.90,22.80,25.80,22.30,24.20,22.10,23.10,23.50,21.70,23.20,21.10,21.80,87.30,25.50,20.40,20.00,22.20,23.10,23.90,21.40,25.90,22.60,20.60,23.00,24.80,24.60,24.30,23.20,22.00,23.70,21.40,21.40
TLM_RCV,-46,FG-ALPHA,20240415_085540,AUTO,0,33.23,26.00,-85,99.66,8.32,3.28,5.02,0,446,0,288,22.23,1012.70,12.10,405.70,13.74,57.70,1080,23.50,22.50,23.80,22.80,25.40,23.90,20.40,25.30,24.10,22.00,24.20,22.40,24.00,23.70,22.40,21.10,23.40,22.40,23.60,23.40,24.00,22.50,23.60,25.90,23.20,23.00,24.20,20.10,23.90,21.50,22.30,23.00,22.60,22.50,25.50,21.30,23.40,20.40,23.50,24.40,22.20,21.90,21.50,22.50,20.10,24.00,24.70,21.30,23.80,20.40,23.50,24.00,24.10,25.00,25.10,22.10,21.60,23.20,20.10,21.90,24.50,22.90,23.40,25.90
TLM_RCV,-94,FG-ALPHA,20240415_085541,AUTO,0,33.47,24.00,-85,99.70,8.32,3.29,5.02,826,493,0,345,21.67,1012.80,12.00,405.50,13.74,57.70,1080,25.50,20.80,20.00,23.20,21.70,22.70,23.60,25.10,25.80,22.30,24.40,22.30,21.30,20.10,21.60,22.40,20.10,20.30,25.40,21.00,22.10,23.50,23.90,22.60,24.60,25.60,23.60,23.30,25.00,25.20,20.90,20.00,25.00,23.30,23.40,23.00,22.80,22.10,24.10,21.20,20.00,25.40,23.20,21.90,22.70,24.00,21.30,25.90,23.30,25.30,24.50,20.50,25.80,20.50,24.10,24.30,20.60,24.30,24.80,24.80,20.10,25.80,20.20,22.70
TLM_RCV,-73,FG-ALPHA,20240415_085542,AUTO,0,32.36,22.00,-85,99.74,8.32,3.28,5.02,936,472,0,329,22.32,1012.90,12.10,406.30,13.74,57.70,1080,20.60,21.30,21.00,25.30,21.20,23.40,23.70,21.00,20.80,24.50,23.80,25.40,21.30,20.30,21.50,23.20,23.10,24.80,21.60,23.70,22.10,21.80,22.90,20.70,23.50,23.70,21.70,22.60,23.60,21.60,20.70,24.00,23.00,21.80,23.80,25.20,21.00,24.10,25.20,24.00,25.10,86.50,23.20,20.40,20.10,23.90,20.30,24.70,22.20,25.70,21.30,23.70,21.70,25.90,24.70,21.60,21.30,21.50,21.50,21.20,20.40,23.60,25.20,22.30
TLM_RCV,-64,FG-ALPHA,20240415_085543,AUTO,0,33.33,20.00,-85,99.70,8.32,3.28,5.02,0,465,0,313,22.33,1012.70,11.90,405.10,13.74,57.70,1080,20.00,24.20,25.90,25.90,22.10,25.00,22.40,25.50,25.90,23.20,21.80,20.00,25.10,25.50,25.40,25.40,22.90,22.60,21.50,23.90,22.80,21.50,23.30,24.10,23.60,23.70,21.20,22.40,22.00,25.20,24.20,21.90,22.50,25.70,25.40,21.90,23.50,25.20,25.60,24.90,21.40,22.60,21.00,24.40,21.60,20.80,23.60,23.30,21.90,22.80,23.80,25.50,23.70,22.80,25.10,24.40,22.80,24.10,20.30,23.50,21.30,24.40,25.20,20.40
TLM_RCV,-54,FG-ALPHA,20240415_085544,AUTO,0,32.03,18.00,-85,99.74,8.33,3.28,5.02,802,407,0,258,21.98,1013.00,11.90,404.70,13.74,57.70,1080,21.70,25.50,22.40,25.90,23.80,22.50,24.80,24.30,25.80,22.10,21.60,23.40,21.90,21.40,23.70,22.60,24.20,24.40,22.60,23.60,21.70,25.90,21.30,23.40,22.40,25.70,23.30,25.00,21.30,20.90,22.10,22.60,21.80,20.00,25.00,20.20,23.90,20.30,24.10,20.50,23.70,22.50,20.10,21.10,22.80,25.40,22.00,25.80,23.10,22.20,22.20,22.50,22.40,22.60,20.20,21.40,21.00,20.00,20.80,25.70,23.80,20.20,21.00,21.60
TLM_RCV,-83,FG-ALPHA,20240415_085545,AUTO,0,32.35,16.00,-85,99.78,8.32,3.31,5.02,883,469,0,312,22.07,1013.30,12.10,405.60,13.75,57.70,1080,25.00,20.30,22.00,23.90,21.00,21.70,21.80,20.60,23.40,20.10,23.30,20.50,21.70,23.80,22.00,25.10,25.80,25.60,21.30,22.00,24.30,21.70,25.70,23.60,22.20,22.50,25.00,24.70,22.90,24.80,23.10,25.70,21.50,24.20,20.00,20.90,24.80,20.70,21.60,25.70,21.30,23.60,23.20,25.50,20.70,25.80,24.20,22.90,21.80,25.70,23.50,22.00,20.40,20.80,22.10,20.30,23.00,22.30,72.60,25.90,23.20,20.60,21.70,25.90
TLM_RCV,-91,FG-ALPHA,20240415_085546,AUTO,0,33.24,14.00,-85,99.81,8.33,3.28,5.02,804,448,0,299,21.78,1013.30,11.80,405.30,13.75,57.70,1080,25.50,24.10,20.70,20.90,23.10,22.50,25.80,25.60,21.00,25.20,22.70,24.40,23.80,22.90,22.20,20.00,25.40,22.10,22.20,24.30,22.30,21.80,22.30,25.80,22.60,25.70,25.40,22.10,21.10,25.00,24.40,22.40,20.70,23.70,22.10,23.10,23.70,23.10,25.30,23.70,23.20,21.00,24.40,22.40,20.90,23.90,23.30,20.30,20.20,20.50,20.50,20.70,21.50,21.00,22.60,25.30,22.60,24.70,25.40,21.20,21.20,20.10,22.50,22.20
TLM_RCV,-48,FG-ALPHA,20240415_085547,AUTO,0,32.16,12.00,-85,99.86,8.33,3.30,5.02,938,432,0,285,22.53,1013.10,11.80,405.90,13.75,57.70,1080,23.20,21.60,25.50,23.50,21.60,21.00,21.20,20.50,24.10,23.60,23.10,21.80,21.60,21.40,22.30,24.20,22.60,23.20,20.10,24.00,21.00,21.80,25.60,25.00,20.80,25.30,21.60,25.80,25.10,23.20,23.40,23.70,21.30,21.90,24.70,21.60,24.00,22.00,24.60,25.20,20.50,20.60,21.70,23.50,21.40,20.80,25.20,21.60,24.20,22.10,25.90,21.80,20.20,24.00,25.50,23.10,22.70,24.40,20.10,25.40,23.60,25.80,25.00,25.90
TLM_RCV,-63,FG-ALPHA,20240415_085548,AUTO,0,31.26,10.00,-85,99.92,8.33,3.30,5.02,1027,452,0,308,22.87,1012.80,12.10,405.10,13.75,57.70,1080,22.90,23.60,25.50,24.10,24.10,22.30,20.30,23.50,21.40,20.20,25.80,22.80,22.90,20.70,20.10,21.40,23.70,25.80,24.80,25.90,25.60,20.10,24.60,24.90,23.50,22.00,22.80,20.30,22.20,24.70,24.00,24.70,21.00,20.40,24.20,20.30,21.40,24.30,22.90,23.30,25.00,22.50,25.80,23.20,22.30,24.80,24.40,23.20,23.20,21.20,88.40,25.00,24.00,25.40,24.10,23.80,22.10,24.70,22.70,22.40,23.10,24.40,24.60,21.60
TLM_RCV,-69,FG-ALPHA,20240415_085549,AUTO,0,32.98,8.00,-85,99.98,8.34,3.31,5.02,1019,396,0,250,23.11,1013.20,12.10,405.40,13.75,57.70,1080,22.90,24.30,20.20,23.50,21.50,21.00,25.60,23.60,23.60,20.40,21.30,25.10,20.20,20.50,22.70,23.50,23.20,22.40,20.60,20.60,25.80,24.80,21.50,20.90,22.20,25.30,20.80,21.10,24.70,23.50,24.60,25.70,25.40,25.80,20.00,21.50,25.80,22.20,25.50,25.50,24.50,25.90,21.60,25.80,20.10,24.80,23.70,24.20,22.30,20.40,21.70,20.40,24.50,21.40,20.90,22.90,23.20,25.30,23.20,25.80,24.00,22.00,20.60,25.60
TLM_RCV,-94,FG-ALPHA,20240415_085550,AUTO,0,31.45,6.00,-85,100.00,8.33,3.31,5.02,881,491,0,332,21.95,1013.20,12.00,404.70,13.75,57.70,1080,23.70,24.30,21.00,25.00,22.50,21.60,20.40,23.50,22.10,24.40,20.10,21.70,22.70,23.40,22.40,23.40,23.20,25.40,23.90,24.50,22.70,22.20,25.00,20.70,20.50,25.10,20.00,21.20,21.30,20.80,23.60,25.30,24.80,20.30,25.10,23.10,20.20,23.10,22.80,21.90,25.40,21.80,25.80,21.30,21.50,23.60,24.80,22.70,21.80,20.20,22.80,24.20,23.20,22.90,24.50,24.40,24.30,22.40,21.10,22.60,24.60,21.30,21.60,22.30
TLM_RCV,-55,FG-ALPHA,20240415_085551,AUTO,0,32.26,5.00,-85,100.00,8.33,3.28,5.02,1081,452,0,303,23.15,1013.50,11.80,405.30,13.75,57.70,1080,23.00,22.40,25.60,23.40,21.30,22.40,21.70,25.60,21.20,21.50,24.80,24.00,20.80,20.80,23.60,23.30,25.20,21.60,23.60,23.00,23.40,24.70,20.10,24.00,20.90,25.40,25.90,21.30,20.20,20.40,24.20,21.00,25.20,22.30,21.60,22.60,20.50,24.30,20.80,22.80,25.30,23.00,22.00,22.50,22.30,20.70,22.50,20.80,23.70,25.30,22.30,20.70,21.70,23.20,22.90,25.60,22.10,21.50,22.20,21.80,20.00,22.40,25.60,23.00
TLM_RCV,-86,FG-ALPHA,20240415_085552,AUTO,0,32.19,5.00,-85,99.96,8.33,3.31,5.02,0,438,0,293,22.19,1013.30,12.10,405.50,13.75,57.70,1080,22.90,23.30,25.40,23.10,22.40,25.10,25.20,21.70,20.90,20.40,21.40,22.80,20.70,24.30,21.90,21.40,22.80,24.50,22.20,25.70,21.40,20.20,24.10,22.10,22.50,23.20,22.70,25.60,21.50,21.50,20.80,23.50,21.00,24.70,23.80,22.60,22.80,20.40,23.50,24.00,25.60,25.80,22.00,23.30,20.10,21.20,23.90,24.30,22.70,22.90,22.00,25.70,25.00,23.90,21.80,22.20,23.30,20.80,20.20,23.90,22.40,23.90,25.80,24.60
TLM_RCV,-86,FG-ALPHA,20240415_085553,AUTO,0,33.22,5.00,-85,100.00,8.33,3.28,5.02,1036,445,0,287,22.95,1013.60,11.80,405.80,13.75,57.70,1080,24.20,24.60,22.50,20.00,21.10,24.80,22.20,20.80,25.20,23.90,25.50,21.40,24.30,23.30,20.40,24.30,24.40,23.80,21.30,20.00,21.90,25.70,23.10,20.50,24.30,22.20,21.40,23.20,24.10,21.30,22.00,22.70,20.20,23.60,25.80,22.80,20.20,21.90,25.00,23.40,25.00,23.90,25.50,25.80,21.80,20.20,23.00,21.40,20.80,22.60,20.70,22.70,24.90,24.60,25.10,23.40,25.20,24.60,20.00,22.10,21.00,25.50,21.20,23.80
TLM_RCV,-72,FG-ALPHA,20240415_085554,AUTO,0,32.13,5.00,-85,100.00,8.34,3.31,5.02,1177,426,0,267,23.75,1013.30,11.90,404.80,13.75,57.70,1080,25.10,24.40,25.20,21.70,25.80,20.60,20.80,20.80,25.70,24.90,21.50,20.80,25.30,22.00,22.60,20.80,20.20,25.80,24.10,24.70,21.80,21.50,22.30,23.00,24.70,23.00,23.50,22.50,23.90,22.80,21.90,25.90,20.30,25.30,20.10,25.20,20.00,24.90,21.40,20.50,23.90,20.60,23.50,23.80,21.40,21.30,23.80,24.90,25.50,20.50,23.80,22.90,22.80,22.80,23.70,20.10,24.90,23.90,22.60,24.60,24.50,23.00,20.40,20.40
TLM_RCV,-51,FG-ALPHA,20240415_085555,AUTO,0,33.33,5.00,-85,99.95,8.33,3.30,5.02,0,465,0,318,22.33,1013.20,12.10,405.70,13.76,57.70,1080,21.40,25.70,24.50,24.10,25.20,21.30,25.30,21.90,23.50,21.50,25.10,24.00,24.20,22.10,25.60,20.40,24.20,23.80,24.60,20.40,24.60,23.90,24.70,22.90,20.20,21.30,23.40,23.80,24.10,24.10,21.90,21.20,25.30,24.20,20.20,20.70,22.70,25.60,21.20,20.80,20.40,24.80,23.00,20.20,23.70,23.10,21.70,24.90,24.10,21.30,21.70,25.20,24.90,25.10,25.50,23.70,25.50,20.20,21.80,20.80,22.70,23.80,23.60,20.80
TLM_RCV,-41,FG-ALPHA,20240415_085556,AUTO,0,33.20,5.00,-85,100.00,8.33,3.31,5.02,996,440,0,289,22.78,1012.80,12.10,405.00,13.76,57.70,1080,22.50,20.00,21.40,25.60,20.40,20.80,20.50,24.00,22.50,23.30,23.30,24.60,20.10,22.20,24.70,21.60,23.00,25.50,21.00,25.20,21.80,25.10,22.30,25.40,25.80,20.60,25.40,24.90,23.40,25.30,22.20,21.00,20.10,24.80,23.60,22.70,24.30,22.10,21.40,21.80,21.20,24.80,22.60,22.70,22.60,22.80,20.70,24.80,22.50,21.70,21.40,22.20,22.00,20.30,23.00,24.30,22.70,22.90,22.90,24.10,20.90,21.90,21.20,23.00
TLM_RCV,-77,FG-ALPHA,20240415_085557,AUTO,0,33.36,5.00,-85,99.95,8.33,3.29,5.02,0,472,0,318,22.36,1013.20,11.80,406.10,13.76,57.70,1080,24.10,25.50,22.20,21.10,25.70,20.80,20.20,24.10,20.80,23.50,22.50,21.20,20.70,21.20,20.10,21.40,23.80,25.90,24.50,22.00,23.80,23.20,23.40,22.80,23.50,23.40,25.70,20.90,24.40,25.20,20.60,22.80,24.60,20.00,22.90,24.40,21.80,22.00,25.90,25.40,22.10,25.60,23.60,24.80,24.40,20.90,23.60,23.80,25.10,21.20,22.00,21.60,22.60,20.10,24.20,23.20,25.80,22.90,24.80,24.80,23.90,25.60,24.20,22.20
TLM_RCV,-88,FG-ALPHA,20240415_085558,AUTO,0,33.40,5.00,-85,100.00,8.33,3.30,5.02,957,479,0,332,22.39,1013.50,12.10,404.90,13.76,57.70,1080,25.10,23.00,24.90,24.50,21.10,23.10,24.90,20.70,24.40,24.60,23.60,20.40,21.70,22.60,23.90,25.70,20.90,23.90,24.90,24.40,21.40,25.50,20.50,24.10,25.50,21.10,22.90,22.70,24.40,22.30,20.60,23.50,25.90,22.70,22.30,25.70,20.10,21.20,22.60,21.40,21.40,22.80,25.30,25.00,25.40,20.50,22.80,25.10,24.90,24.80,23.90,21.70,21.30,21.70,21.00,25.50,22.30,24.90,21.00,22.80,23.00,21.70,21.30,22.50
TLM_RCV,-83,FG-ALPHA,20240415_085559,AUTO,0,33.42,5.00,-85,100.00,8.33,3.28,5.02,973,485,0,344,22.44,1013.00,11.80,406.30,13.76,57.70,1080,24.80,21.40,24.20,21.70,22.20,24.20,25.30,24.10,23.50,20.60,24.20,24.60,25.40,24.10,20.20,24.30,24.90,21.80,21.00,25.60,25.30,24.30,25.80,21.90,22.90,23.30,25.10,23.70,20.60,23.90,24.00,25.70,22.20,21.30,25.30,25.70,23.80,23.40,23.80,21.40,22.60,23.70,22.50,25.60,24.20,23.30,24.00,21.90,25.80,20.80,24.40,23.80,21.00,24.80,24.50,25.60,22.80,24.60,23.20,23.80,23.80,23.70,21.80,23.60
TLM_RCV,-82,FG-ALPHA,20240415_085600,AUTO,0,33.15,5.00,-85,100.00,8.34,3.28,5.02,1132,429,0,280,23.51,1012.80,12.00,405.90,13.76,57.70,1080,24.10,24.60,23.40,21.50,22.80,24.10,20.30,20.00,25.70,24.50,22.90,20.90,23.30,20.10,25.70,22.60,23.10,21.30,25.90,25.10,23.70,21.00,21.40,21.30,25.30,22.10,20.00,22.50,23.10,24.80,24.60,21.30,23.50,23.00,23.10,21.10,25.90,24.70,23.30,23.10,21.90,22.20,23.30,24.10,21.80,24.50,25.70,25.60,21.00,23.80,21.90,23.10,22.60,23.00,22.40,20.20,20.90,20.90,24.30,22.30,25.90,25.80,21.90,20.90
TLM_RCV,-45,FG-ALPHA,20240415_085601,AUTO,0,31.39,5.00,-85,100.00,8.33,3.28,5.02,1066,478,0,329,22.94,1012.70,12.10,405.80,13.76,57.70,1080,24.50,20.10,24.50,22.20,22.00,24.20,22.80,25.50,21.90,21.30,23.30,25.40,25.90,22.00,25.60,20.50,22.30,25.10,20.50,24.50,23.20,23.30,20.90,25.90,24.40,22.70,21.10,20.90,22.30,23.30,24.90,22.60,24.60,23.10,22.40,23.10,25.30,24.10,22.30,21.70,25.90,23.40,25.60,23.80,22.00,24.60,24.40,25.50,23.70,22.90,21.10,22.50,25.10,24.50,25.40,22.60,24.40,21.00,20.90,23.10,22.10,20.00,22.40,24.50
TLM_RCV,-60,FG-ALPHA,20240415_085602,AUTO,0,33.38,5.00,-85,100.00,8.33,3.31,5.02,911,475,0,327,22.18,1013.30,11.80,406.30,13.76,57.70,1080,23.20,20.80,23.50,22.70,23.70,23.10,21.70,24.60,22.50,22.70,20.80,22.80,24.30,23.20,24.40,23.50,23.70,24.80,21.50,22.70,76.90,23.50,22.90,20.80,21.30,20.80,21.90,23.70,23.30,22.10,25.20,22.70,20.20,25.80,20.10,22.80,24.90,23.20,24.20,23.60,21.80,22.90,23.20,25.80,22.70,25.50,21.50,20.60,20.20,23.60,20.70,23.00,21.50,21.80,20.70,20.40,25.70,21.90,23.30,23.20,24.30,24.20,24.10,23.40
TLM_RCV,-84,FG-ALPHA,20240415_085603,AUTO,0,31.11,5.00,-85,100.00,8.34,3.29,5.02,800,423,0,281,21.89,1012.90,11.80,404.90,13.76,57.70,1080,21.80,22.20,21.40,22.30,25.40,20.80,21.20,20.00,25.60,25.70,20.90,20.20,21.70,24.10,23.10,25.00,25.70,24.90,21.90,24.20,24.20,23.40,22.00,22.30,23.60,23.50,24.00,21.30,23.50,25.40,25.60,21.50,24.10,20.30,22.30,24.60,24.60,20.70,22.30,21.10,25.70,23.20,21.20,20.90,21.60,24.60,20.60,23.60,21.00,25.60,21.10,22.00,20.00,21.30,24.50,20.00,24.20,20.30,24.00,21.70,22.70,21.30,24.10,23.40
TLM_RCV,-67,FG-ALPHA,20240415_085625,AUTO,1,35.37,9.50,-85,99.90,8.24,3.29,4.93,981,1073,646,276,20.46,1013.60,11.80,405.60,13.79,58.15,1080,22.30,25.60,21.10,24.70,21.00,20.50,21.20,21.40,21.80,22.70,23.30,24.30,20.70,21.90,23.50,25.20,20.70,24.30,20.80,20.10,25.70,22.10,20.70,25.90,25.10,20.90,20.40,25.80,23.50,21.70,20.50,24.60,23.80,22.90,21.80,21.90,24.60,24.30,21.20,24.70,20.50,22.20,22.00,23.80,20.50,25.30,22.70,23.50,20.50,25.50,21.40,23.90,23.50,21.90,25.50,25.20,21.90,24.00,22.80,25.90,24.00,20.00,22.50,23.50
TLM_RCV,-55,FG-ALPHA,20240415_085626,AUTO,0,31.28,7.50,-85,99.94,8.33,3.28,5.02,860,456,0,310,22.02,1012.80,12.00,405.00,13.79,58.15,1080,25.00,24.50,25.60,21.20,21.80,24.20,23.40,21.10,20.30,23.90,23.60,22.90,25.10,24.20,24.50,23.60,23.80,21.40,24.40,21.90,21.80,20.50,22.70,23.60,21.70,22.40,24.70,22.10,25.90,21.70,24.40,20.10,20.40,22.90,23.20,20.20,21.20,24.30,23.40,24.50,22.90,22.50,24.50,20.40,22.80,21.40,24.60,20.40,20.30,23.30,22.40,24.90,23.60,23.80,25.10,25.50,21.40,22.20,25.70,23.40,23.90,23.90,23.00,24.60
TLM_RCV,-89,FG-ALPHA,20240415_085627,AUTO,0,33.22,5.50,-85,99.89,8.33,3.28,5.02,0,444,0,291,22.22,1012.70,12.10,405.40,13.79,58.15,1080,24.20,24.80,22.00,23.70,21.80,24.00,24.60,22.50,21.20,23.10,25.80,23.50,20.20,21.20,22.70,21.00,24.40,23.10,24.60,20.80,20.50,24.50,21.60,22.60,20.00,25.60,24.10,24.40,23.00,23.40,21.40,20.50,22.70,22.10,21.40,23.10,20.60,22.80,23.40,22.20,22.80,20.90,20.50,24.70,23.30,22.00,24.60,20.50,21.40,24.80,21.10,22.70,22.80,25.80,21.40,20.30,21.30,23.30,25.30,25.60,23.60,24.30,22.60,20.50
TLM_RCV,-87,FG-ALPHA,20240415_085628,AUTO,0,31.42,5.00,-85,99.95,8.33,3.31,5.02,1029,485,0,329,22.72,1013.50,11.90,405.30,13.79,58.15,1080,21.40,24.40,25.90,24.00,24.80,21.00,24.60,21.00,24.20,25.90,21.90,20.00,23.60,25.50,21.90,21.10,22.20,24.20,25.70,20.30,25.60,23.70,24.20,24.80,23.20,24.70,20.20,20.60,23.50,22.00,23.00,22.10,21.20,22.50,23.00,22.70,21.90,24.90,23.90,24.40,23.10,24.70,20.40,22.80,22.40,24.10,24.10,23.10,21.80,21.00,22.60,20.40,22.30,20.00,23.00,25.00,25.10,22.40,25.60,20.80,22.60,25.30,22.40,25.50
TLM_RCV,-91,FG-ALPHA,20240415_085629,AUTO,0,32.49,5.00,-85,100.00,8.33,3.29,5.02,1113,499,0,349,23.07,1013.10,11.90,405.30,13.79,58.15,1080,21.70,20.10,22.30,24.20,22.60,23.10,25.20,21.20,23.00,22.10,21.10,21.80,21.10,23.60,25.30,21.20,22.30,21.70,25.40,24.20,20.20,23.30,20.40,20.90,21.30,20.20,25.50,20.50,20.80,20.30,25.60,25.50,22.30,23.00,20.90,20.50,21.40,25.80,24.80,24.90,20.80,20.90,24.10,23.30,20.00,21.00,21.90,22.80,23.20,21.40,24.90,23.10,20.20,21.30,22.10,24.60,22.20,24.00,24.90,20.00,23.30,21.70,20.40,25.20
TLM_RCV,-83,FG-ALPHA,20240415_085630,AUTO,0,33.38,5.00,-85,100.00,8.33,3.28,5.02,897,476,0,326,22.10,1012.90,11.90,406.20,13.79,58.15,1080,25.80,24.50,25.00,23.80,21.70,25.20,25.70,25.40,24.40,22.60,23.90,25.60,23.00,21.40,22.90,25.80,20.50,21.60,20.20,23.30,22.90,22.30,23.10,23.20,24.60,22.00,21.30,24.30,22.60,23.40,21.20,22.10,24.60,25.90,24.30,23.70,25.00,22.30,23.60,20.40,21.70,22.20,21.20,23.90,22.90,23.10,20.70,21.00,24.30,25.10,20.50,21.70,24.50,25.90,22.60,25.60,22.30,21.60,21.60,21.00,25.90,23.70,22.10,22.70
TLM_RCV,-83,FG-ALPHA,20240415_085631,AUTO,0,31.03,5.00,-85,100.00,8.34,3.31,5.02,1157,407,0,266,23.75,1013.50,11.90,404.70,13.79,58.15,1080,20.40,23.10,24.80,21.80,21.50,22.90,23.30,23.10,25.10,23.30,24.90,20.70,24.40,22.00,22.90,20.50,23.30,25.10,20.30,22.60,20.90,25.40,22.50,24.10,21.60,21.40,22.60,24.60,23.90,20.80,24.30,21.00,22.70,24.20,20.50,22.30,21.90,20.70,23.00,21.30,24.50,20.30,21.10,24.60,24.90,21.00,20.30,22.00,25.60,24.50,22.20,23.20,22.60,21.90,20.70,84.20,22.30,21.70,25.30,21.20,23.70,24.60,22.40,25.10
TLM_RCV,-78,FG-ALPHA,20240415_085632,AUTO,0,31.07,5.00,-85,100.00,8.34,3.31,5.02,873,413,0,272,22.30,1013.20,11.80,404.90,13.79,58.15,1080,21.30,21.50,24.40,23.80,22.50,21.30,24.40,23.20,25.00,25.80,22.50,20.40,24.60,22.20,20.60,25.30,25.50,24.20,20.60,21.00,20.50,24.10,20.20,25.00,22.50,23.40,21.50,20.00,23.30,23.30,21.50,21.20,24.80,25.60,25.00,24.70,21.00,24.70,20.80,20.00,21.90,21.80,20.10,24.80,22.80,23.80,24.40,20.40,22.50,20.80,24.40,23.30,24.10,21.00,24.40,23.40,23.80,21.20,25.60,24.30,22.40,24.70,25.70,20.40
TLM_RCV,-40,FG-ALPHA,20240415_085633,AUTO,0,31.19,5.00,-85,100.00,8.33,3.30,5.02,1096,439,0,296,23.28,1013.50,12.00,405.70,13.79,58.15,1080,24.60,24.80,20.10,23.40,20.20,25.70,24.10,20.10,22.50,22.90,25.50,23.30,20.10,21.20,23.30,20.60,24.80,20.80,25.20,25.50,20.40,23.30,21.50,23.20,23.00,21.40,23.50,20.80,25.80,25.30,21.20,20.80,21.90,25.10,24.00,20.40,22.40,25.10,24.50,23.30,21.40,22.80,20.60,24.10,23.20,20.70,20.80,22.90,20.10,22.70,20.20,20.60,23.30,22.30,23.90,25.60,22.30,23.10,21.30,23.20,24.50,21.50,21.10,25.80
TLM_RCV,-57,FG-ALPHA,20240415_085634,AUTO,0,33.40,5.00,-85,100.00,8.33,3.29,5.02,910,479,0,338,22.16,1012.80,12.00,406.40,13.79,58.15,1080,22.00,22.70,24.90,21.60,20.50,25.20,24.30,23.30,25.70,20.40,20.50,20.60,24.70,24.30,25.50,20.00,21.70,20.90,22.10,23.40,22.70,23.50,23.00,23.10,24.00,23.50,25.80,23.00,25.00,22.20,24.30,23.40,23.90,21.10,21.30,22.80,22.40,22.90,25.70,21.40,20.70,21.10,20.20,20.30,25.10,22.00,22.60,24.40,23.30,21.20,21.60,25.70,23.70,21.40,24.90,22.90,22.70,23.40,22.00,21.60,20.20,21.90,25.20,20.50
TLM_RCV,-95,FG-ALPHA,20240415_085635,AUTO,0,32.37,5.00,-85,99.95,8.33,3.30,5.02,0,473,0,328,22.36,1012.90,11.90,404.70,13.80,58.15,1080,20.90,22.40,24.30,20.20,21.70,22.30,25.80,21.90,22.30,25.30,21.30,25.80,20.60,23.20,24.90,21.60,25.80,20.80,23.00,24.90,25.10,24.60,23.50,24.90,23.20,21.00,20.50,21.00,20.10,21.80,24.30,25.10,23.80,23.20,23.70,23.10,22.20,25.60,23.40,22.30,24.30,22.50,24.80,24.10,21.30,24.70,25.00,24.00,24.60,25.80,22.10,21.00,25.70,22.00,23.70,24.80,24.20,21.00,25.30,20.00,22.70,24.30,22.80,25.00
TLM_RCV,-60,FG-ALPHA,20240415_085636,AUTO,0,32.46,5.00,-85,99.99,8.33,3.29,5.02,815,492,0,334,21.61,1012.70,12.10,406.00,13.80,58.15,1080,22.40,24.60,23.60,20.30,25.40,22.90,24.60,24.80,20.90,24.20,20.10,20.20,25.30,20.30,24.40,24.70,22.50,21.60,20.80,23.50,22.50,21.30,21.50,24.30,23.90,23.20,24.70,22.80,23.60,21.70,25.30,20.30,21.10,24.10,23.60,24.10,22.80,23.30,23.00,24.20,25.50,23.10,22.20,24.30,23.70,23.80,22.70,25.70,22.70,21.80,21.00,24.50,25.70,23.70,23.20,25.90,20.20,20.10,21.90,23.70,21.00,24.10,21.00,20.40
TLM_RCV,-85,FG-ALPHA,20240415_085637,AUTO,0,32.40,5.00,-85,100.00,8.33,3.28,5.02,1147,480,0,333,23.33,1013.40,11.80,406.30,13.80,58.15,1080,21.10,24.30,25.40,24.50,24.70,22.60,22.70,23.20,21.80,22.50,21.30,24.30,20.40,20.10,23.90,23.80,21.10,23.70,22.70,22.40,21.50,20.40,25.90,25.50,25.50,24.80,23.10,21.20,24.60,22.40,22.40,21.00,20.50,25.90,21.70,22.90,23.30,21.50,23.00,24.50,21.50,23.00,21.90,21.20,84.60,22.20,21.30,25.00,23.90,23.80,20.60,20.90,25.90,22.20,23.00,20.10,20.00,23.70,23.80,20.00,23.00,22.00,24.20,22.20
TLM_RCV,-87,FG-ALPHA,20240415_085638,AUTO,0,32.26,5.00,-85,100.00,8.33,3.30,5.02,1136,453,0,298,23.42,1013.30,11.90,406.10,13.80,58.15,1080,23.60,23.50,23.00,23.70,24.10,20.60,23.20,23.60,23.90,23.40,23.40,23.80,21.40,24.40,21.40,23.90,21.80,25.80,22.20,24.50,23.60,23.20,25.20,22.60,20.60,25.40,25.00,24.60,21.40,25.10,20.40,22.10,20.50,22.00,24.20,25.70,24.40,24.00,20.70,24.70,83.10,22.40,24.60,20.10,20.80,22.00,22.40,22.70,20.10,25.40,25.80,23.60,25.80,20.10,22.10,22.60,25.30,25.40,25.20,23.40,22.30,20.50,22.10,25.30
TLM_RCV,-57,FG-ALPHA,20240415_085639,AUTO,0,33.41,5.00,-85,100.00,8.33,3.29,5.02,817,482,0,337,21.67,1013.20,11.80,404.50,13.80,58.15,1080,21.50,23.50,21.80,25.20,25.10,22.60,23.80,25.60,25.90,20.40,25.70,21.90,21.30,25.40,25.40,22.80,21.10,22.90,23.70,25.80,22.70,24.30,21.60,20.20,23.30,25.70,25.70,22.90,25.50,23.90,24.00,22.00,25.10,25.00,20.80,24.20,24.30,24.90,20.40,21.00,24.90,22.40,22.40,20.10,20.10,25.20,22.50,24.80,22.10,25.20,23.90,25.10,23.00,21.80,24.10,24.20,20.00,22.90,21.10,22.50,23.40,22.10,25.40,24.00
TLM_RCV,-94,FG-ALPHA,20240415_085640,AUTO,0,33.26,5.00,-85,100.00,8.33,3.30,5.02,1162,452,0,303,23.55,1013.60,11.80,404.60,13.80,58.15,1080,20.70,25.50,25.20,21.50,25.60,23.80,22.00,20.80,20.70,23.10,25.30,24.30,20.50,21.40,24.30,22.60,20.00,23.40,21.80,21.40,20.80,25.60,20.30,22.70,23.80,21.80,22.10,25.00,20.70,20.70,23.80,21.90,25.00,23.10,23.70,23.30,21.20,22.80,24.20,20.20,20.00,25.60,23.10,23.90,20.40,21.30,20.20,24.50,24.70,20.50,20.60,24.00,22.80,22.00,25.10,23.10,22.00,25.50,21.40,25.80,23.50,22.60,20.30,25.10
TLM_RCV,-80,FG-ALPHA,20240415_085641,AUTO,0,31.48,5.00,-85,100.00,8.33,3.29,5.02,1173,496,0,339,23.39,1013.40,11.80,406.30,13.80,58.15,1080,20.90,22.90,21.60,24.00,23.30,21.90,23.20,20.20,24.60,23.00,22.80,24.00,24.80,21.80,24.40,23.90,20.40,22.40,24.60,21.40,21.00,25.80,24.40,87.00,22.70,25.70,23.30,23.20,23.00,24.90,24.00,21.00,22.90,23.50,24.70,22.90,25.00,24.50,22.30,22.30,21.50,21.20,20.80,25.20,24.90,25.20,21.50,20.70,22.20,20.10,20.10,21.60,22.80,24.80,20.70,25.10,25.70,23.90,23.90,25.10,24.50,21.50,21.00,23.00
TLM_RCV,-65,FG-ALPHA,20240415_085642,AUTO,0,31.14,5.00,-85,100.00,8.34,3.30,5.02,1026,427,0,268,22.99,1012.80,12.00,406.30,13.80,58.15,1080,23.10,20.50,22.10,25.80,23.40,21.40,20.50,25.80,20.50,22.20,25.10,21.00,21.00,22.30,25.40,20.40,22.20,20.70,24.70,25.70,25.50,24.10,20.90,23.50,21.60,20.60,21.10,23.40,24.30,25.40,22.00,21.80,25.10,21.20,21.20,25.70,22.50,20.10,25.20,24.10,24.40,21.50,25.70,23.30,20.20,21.10,20.00,20.90,24.60,25.60,20.70,21.70,22.70,22.40,23.90,25.30,25.40,23.40,23.20,23.10,23.80,20.80,24.10,21.90
TLM_RCV,-56,FG-ALPHA,20240415_085643,AUTO,0,31.37,5.00,-85,100.00,8.33,3.30,5.02,931,474,0,317,22.28,1013.40,11.90,405.20,13.80,58.15,1080,22.60,25.70,20.00,25.60,24.70,23.10,25.20,21.50,20.40,25.40,22.80,22.30,23.10,20.00,25.60,23.30,23.80,24.80,24.30,23.40,25.50,20.20,25.10,24.70,25.10,22.50,23.00,25.30,21.00,22.50,20.60,25.60,21.10,22.40,20.80,20.30,25.90,23.70,24.30,20.80,21.60,20.90,20.60,20.20,21.40,25.40,23.00,20.50,23.10,24.00,24.00,22.30,22.80,25.70,20.10,25.40,24.10,25.70,22.10,24.00,23.90,25.40,25.40,21.90
TLM_RCV,-87,FG-ALPHA,20240415_085644,AUTO,0,33.32,5.00,-85,99.95,8.33,3.29,5.02,0,464,0,311,22.32,1013.50,11.90,405.30,13.80,58.15,1080,21.40,20.00,22.90,22.80,24.00,23.80,24.90,23.70,22.20,21.00,22.50,25.40,24.90,24.50,21.10,23.70,25.90,25.70,22.90,25.40,22.40,25.40,24.50,22.70,25.20,24.30,24.20,23.80,23.30,25.10,24.90,22.10,21.30,24.80,20.60,25.80,22.20,20.60,24.60,20.60,23.40,22.30,21.90,23.20,24.80,25.50,25.10,23.40,21.90,23.60,25.10,22.60,22.40,24.30,22.90,22.30,21.80,24.20,23.90,23.50,25.00,23.70,22.50,20.30
TLM_RCV,-75,FG-ALPHA,20240415_085645,AUTO,0,31.99,5.00,-85,100.00,8.34,3.30,5.02,878,397,0,254,22.41,1012.90,11.80,404.60,13.81,58.15,1080,21.40,81.90,23.30,24.60,25.90,20.40,24.90,23.80,21.60,23.10,24.80,25.00,21.40,23.60,21.70,20.90,25.80,23.20,22.20,24.30,24.40,25.20,25.00,25.00,24.30,20.90,23.20,22.80,25.30,25.70,24.00,20.30,25.60,20.80,24.70,23.70,21.50,22.70,23.20,24.10,20.00,25.00,25.90,24.30,22.00,24.70,25.50,21.20,23.90,25.20,25.80,22.50,23.00,25.70,21.10,24.20,23.50,20.60,22.50,21.10,20.30,25.00,23.30,25.90
TLM_RCV,-55,FG-ALPHA,20240415_085646,AUTO,0,32.14,5.00,-85,100.00,8.34,3.29,5.02,949,428,0,276,22.60,1013.30,11.90,406.00,13.81,58.15,1080,22.00,22.30,24.40,23.20,24.30,21.40,21.60,24.00,20.00,24.30,24.00,23.00,23.30,24.10,22.50,22.40,21.00,24.90,21.00,25.20,24.50,20.10,21.50,22.10,22.00,20.10,23.10,22.90,21.80,22.20,21.50,21.80,25.90,20.70,23.10,20.50,25.00,22.80,24.00,21.10,23.10,24.80,21.40,21.80,20.30,23.10,23.70,22.10,24.70,20.20,22.70,22.10,23.80,25.30,20.60,21.80,25.70,23.10,20.60,25.20,25.30,25.00,22.30,20.70
TLM_RCV,-89,FG-ALPHA,20240415_085647,AUTO,0,33.03,5.00,-85,100.00,8.34,3.28,5.02,1125,405,0,255,23.60,1013.50,11.90,406.20,13.81,58.15,1080,25.00,25.30,22.90,24.40,20.50,21.30,20.70,20.30,25.90,21.70,23.00,20.30,21.80,21.20,24.50,21.60,24.80,22.50,23.70,21.40,23.30,23.50,23.60,23.70,22.90,21.30,23.60,23.40,23.70,25.30,21.50,22.80,24.20,23.70,24.50,20.60,21.80,20.60,20.20,23.20,25.60,22.60,21.30,20.00,22.40,23.90,20.60,23.90,25.30,22.00,20.80,25.10,22.40,24.30,20.80,24.90,22.50,23.00,23.90,22.20,24.00,22.80,24.60,24.60
TLM_RCV,-59,FG-ALPHA,20240415_085648,AUTO,0,33.53,5.00,-85,100.00,8.32,3.31,5.02,836,507,0,349,21.65,1013.10,11.80,405.60,13.81,58.15,1080,23.40,20.40,23.00,22.30,22.70,20.40,23.10,22.60,21.10,25.00,21.00,23.00,25.10,24.20,25.80,23.50,25.00,21.40,24.90,24.30,22.50,24.30,25.00,20.00,23.60,23.80,22.40,23.70,20.80,25.70,22.50,20.30,25.00,25.50,24.80,21.80,21.50,22.00,22.70,24.50,23.30,24.30,24.10,23.00,20.60,24.40,24.10,23.60,20.90,23.30,20.20,20.40,24.00,23.20,21.40,23.40,20.00,22.80,23.30,23.50,25.80,21.60,22.30,20.60
TLM_RCV,-55,FG-ALPHA,20240415_085649,AUTO,0,32.44,5.00,-85,99.95,8.33,3.31,5.02,0,489,0,348,22.44,1012.70,12.00,405.90,13.81,58.15,1080,22.30,21.80,21.80,24.00,25.80,24.80,22.80,23.00,22.60,24.30,20.20,24.30,23.20,21.40,21.90,24.50,21.10,20.80,23.40,20.00,23.90,25.30,22.10,22.10,22.20,25.40,22.10,25.90,22.40,25.00,22.00,20.80,24.10,21.20,24.40,22.00,22.90,25.30,22.40,23.70,25.20,23.50,23.80,24.00,25.40,23.30,22.80,24.90,25.50,23.00,24.00,23.10,20.40,22.60,21.80,20.90,22.90,21.00,25.20,25.50,21.20,20.60,24.00,25.20
TLM_RCV,-61,FG-ALPHA,20240415_085650,AUTO,0,33.21,5.00,-85,100.00,8.33,3.29,5.02,891,442,0,299,22.25,1013.60,11.80,406.40,13.81,58.15,1080,23.90,24.30,20.90,25.60,23.50,24.00,25.00,20.80,25.40,21.50,22.90,24.10,22.80,21.20,23.20,24.40,20.60,22.70,24.20,25.50,22.70,22.90,23.10,22.30,23.20,25.40,23.50,21.80,25.60,21.20,20.70,25.10,22.10,22.30,21.10,20.10,20.10,23.20,25.10,24.70,24.00,22.40,24.40,24.80,20.60,21.80,25.10,21.80,25.90,24.30,21.00,20.40,24.10,20.20,24.50,24.20,22.60,22.90,21.00,22.80,20.20,21.10,25.40,20.50
TLM_RCV,-73,FG-ALPHA,20240415_085651,AUTO,0,31.42,5.00,-85,100.00,8.33,3.28,5.02,961,483,0,334,22.39,1013.60,11.90,405.30,13.81,58.15,1080,21.50,21.50,21.40,20.90,25.90,20.50,21.80,22.40,22.80,21.90,21.30,22.10,22.70,25.60,21.80,22.20,21.40,22.50,25.20,22.60,21.10,21.20,25.50,22.60,21.10,25.00,21.10,25.40,23.30,20.00,23.40,25.10,22.10,23.50,23.40,21.70,25.30,23.10,25.40,25.20,24.30,23.20,22.50,22.00,21.20,25.80,25.20,24.30,21.40,21.00,25.10,22.40,25.90,22.40,22.00,23.70,24.30,25.80,21.60,23.40,20.30,22.10,22.40,20.20
TLM_RCV,-66,FG-ALPHA,20240415_085652,AUTO,0,33.28,5.00,-85,99.95,8.33,3.30,5.02,0,456,0,308,22.28,1013.60,11.80,404.70,13.81,58.15,1080,24.60,22.20,23.40,23.30,22.70,24.60,20.10,23.70,21.90,23.50,22.70,21.40,20.30,25.80,21.70,20.50,24.20,20.60,23.10,20.60,25.40,25.80,23.90,21.10,21.80,25.30,25.50,24.10,24.10,21.70,25.40,22.80,20.50,24.30,21.80,22.20,22.40,20.90,24.30,21.70,25.20,20.50,23.90,25.50,20.70,22.50,22.90,20.50,20.80,23.30,22.80,25.60,23.60,24.30,20.20,20.10,24.00,25.60,24.40,21.80,21.40,23.40,21.20,25.60
TLM_RCV,-73,FG-ALPHA,20240415_085653,AUTO,0,31.48,5.00,-85,99.90,8.32,3.29,5.02,0,495,0,346,22.48,1013.50,11.80,405.50,13.81,58.15,1080,23.70,22.10,22.40,21.70,22.10,22.50,22.80,21.40,24.10,20.10,21.10,24.60,22.60,23.10,23.70,25.70,22.40,23.20,25.50,24.60,23.00,22.10,24.20,20.20,20.20,21.90,21.00,22.10,20.90,24.00,24.70,24.90,23.60,23.90,23.40,22.70,20.60,20.90,22.80,20.30,21.60,25.20,21.20,21.90,23.30,22.90,21.30,25.80,20.80,20.40,24.30,20.20,25.60,25.90,25.50,20.70,25.90,23.50,24.60,24.50,24.40,20.00,23.50,22.80
TLM_RCV,-41,FG-ALPHA,20240415_085654,AUTO,0,31.14,5.00,-85,99.86,8.33,3.30,5.02,0,427,0,279,22.14,1013.60,11.90,404.90,13.81,58.15,1080,21.40,24.80,24.60,20.10,23.20,22.30,20.10,22.80,24.40,22.80,25.20,23.40,24.30,24.00,21.80,24.40,21.20,25.50,25.40,24.60,24.10,21.10,20.40,20.60,25.80,24.00,25.80,23.40,24.20,22.70,20.60,24.90,20.30,20.40,25.30,24.10,23.50,21.60,20.50,20.40,20.50,21.60,21.60,25.70,23.10,21.80,22.20,23.80,20.70,20.30,22.20,25.50,21.50,21.10,23.60,25.90,24.80,23.00,24.50,22.80,22.20,22.40,23.90,23.40
TLM_RCV,-58,FG-ALPHA,20240415_085655,AUTO,0,32.34,5.00,-85,99.91,8.33,3.31,5.02,924,468,0,326,22.28,1013.00,12.00,404.60,13.82,58.15,1080,25.10,23.90,23.80,20.00,22.50,25.00,22.20,22.00,23.70,21.90,20.00,22.80,21.60,20.60,22.40,21.30,20.60,24.80,21.20,21.00,22.40,21.20,25.60,25.90,24.20,21.50,24.30,21.60,21.40,23.50,21.50,20.70,23.90,23.70,22.10,22.70,22.40,24.00,24.80,25.90,22.70,23.70,22.50,22.00,21.80,22.60,24.40,25.10,23.20,23.60,22.10,20.00,22.40,22.40,20.50,20.10,22.30,25.90,25.30,23.50,21.40,23.60,24.90,21.40
TLM_RCV,-88,FG-ALPHA,20240415_085656,AUTO,0,33.15,5.00,-85,99.97,8.33,3.31,5.02,1103,431,0,289,23.36,1012.70,11.90,405.20,13.82,58.15,1080,25.30,23.10,20.40,21.70,23.80,24.80,25.70,22.30,25.60,23.20,22.40,23.10,25.20,21.10,25.60,25.40,23.60,23.00,24.70,23.60,21.00,25.40,21.60,21.50,20.00,25.80,20.20,22.90,23.10,20.20,24.80,23.50,20.50,23.30,22.80,21.30,20.90,23.00,20.50,21.90,21.80,23.00,23.90,23.50,20.00,25.70,23.60,22.30,20.90,25.00,21.50,20.80,23.40,22.70,23.90,20.30,22.10,24.10,21.50,20.20,25.60,22.20,23.00,20.50
TLM_RCV,-51,FG-ALPHA,20240415_085657,AUTO,0,31.41,5.00,-85,99.93,8.33,3.29,5.02,0,482,0,327,22.41,1012.80,12.10,406.10,13.82,58.15,1080,24.40,23.80,25.30,24.20,25.20,22.60,21.00,24.60,24.90,25.10,23.10,20.30,25.00,24.00,23.70,22.70,20.80,22.90,24.00,21.30,20.40,20.50,25.50,20.10,22.80,24.60,23.40,22.60,24.50,23.50,24.70,21.50,24.30,21.10,23.20,20.10,24.10,20.80,20.80,24.80,21.90,23.20,23.00,25.70,20.50,23.80,24.70,21.00,22.80,23.40,21.10,25.00,25.40,25.50,22.20,22.80,23.90,25.30,24.10,22.00,25.60,24.20,24.80,20.10
TLM_RCV,-46,FG-ALPHA,20240415_085658,AUTO,0,31.36,5.00,-85,100.00,8.33,3.29,5.02,1170,472,0,326,23.49,1013.00,12.00,406.20,13.82,58.15,1080,22.60,24.00,25.20,20.80,21.80,21.80,20.80,21.20,22.90,20.30,23.00,24.80,21.90,21.90,23.90,21.60,25.30,22.30,23.60,24.20,22.30,22.90,24.40,23.30,20.90,20.80,20.80,21.10,20.00,20.20,25.10,21.40,24.30,25.70,23.50,22.60,20.00,24.50,25.30,20.80,22.50,22.60,22.90,25.90,25.60,23.10,20.80,22.30,22.70,20.20,21.60,24.30,21.10,22.50,23.10,23.30,20.90,21.60,22.30,23.60,23.80,25.60,21.50,21.30
TLM_RCV,-68,FG-ALPHA,20240415_085659,AUTO,0,32.28,5.00,-85,100.00,8.33,3.29,5.02,956,456,0,305,22.50,1012.90,12.10,405.50,13.82,58.15,1080,22.10,22.20,22.80,21.80,24.70,20.90,23.90,21.70,21.90,24.00,20.50,25.60,24.50,25.60,22.00,22.60,24.60,20.60,24.40,24.70,22.20,24.40,22.20,25.40,20.30,20.00,21.50,20.50,20.50,23.40,24.10,23.80,23.70,22.80,20.80,21.20,22.80,24.80,24.40,22.90,21.90,25.20,20.10,22.40,21.70,24.70,23.10,23.30,23.20,21.40,22.70,23.70,25.80,21.80,20.50,21.60,25.50,22.80,24.20,21.10,24.80,25.60,22.90,21.30
TLM_RCV,-58,FG-ALPHA,20240415_085700,AUTO,0,32.19,5.00,-85,100.00,8.33,3.31,5.02,903,439,0,290,22.32,1013.00,11.90,405.30,13.82,58.15,1080,21.90,83.20,24.00,24.00,20.30,20.40,23.50,25.60,21.80,24.30,24.90,20.10,25.30,24.00,21.80,24.80,22.10,23.20,20.10,23.50,25.20,21.00,24.50,21.00,22.70,25.00,23.40,24.80,23.30,25.70,23.30,25.10,22.10,21.60,25.30,21.20,23.30,21.80,25.10,22.60,24.00,20.30,20.60,23.40,24.00,21.70,22.70,23.10,24.30,25.00,20.80,21.50,25.10,25.70,23.20,21.80,25.50,22.70,23.80,22.00,23.80,24.40,20.30,22.00
TLM_RCV,-48,FG-ALPHA,20240415_085701,AUTO,0,31.17,5.00,-85,100.00,8.33,3.28,5.02,1119,435,0,288,23.42,1012.90,12.10,405.30,13.82,58.15,1080,20.60,24.20,22.90,21.60,22.80,24.70,23.70,22.60,24.00,22.50,22.60,20.60,21.20,22.40,24.20,21.40,20.00,24.40,23.20,25.00,21.20,25.40,23.00,22.30,24.90,23.70,23.40,21.20,25.50,22.60,23.50,22.30,25.90,21.80,20.20,23.80,21.60,20.00,22.90,25.10,24.20,21.60,22.40,20.50,21.80,20.10,22.30,25.20,20.50,21.80,23.30,24.40,20.60,21.20,25.10,21.10,22.30,24.90,23.20,25.80,20.20,20.80,25.90,25.30
TLM_RCV,-68,FG-ALPHA,20240415_085702,AUTO,0,31.98,5.00,-85,100.00,8.34,3.29,5.02,1162,396,0,250,23.83,1013.10,12.10,405.80,13.82,58.15,1080,24.20,21.30,20.30,25.60,22.20,20.20,24.40,23.80,22.10,23.30,20.00,23.80,20.70,21.00,24.90,20.10,23.80,23.90,20.80,24.40,21.40,20.80,20.30,21.10,22.60,25.40,25.70,21.20,21.40,20.90,23.20,24.00,20.90,23.20,25.70,24.60,23.40,22.60,23.00,20.70,24.10,24.60,24.70,23.60,25.50,23.80,20.90,20.00,23.70,23.60,22.90,22.70,25.40,24.80,23.90,21.30,20.30,22.10,24.10,22.90,24.20,23.60,24.30,24.30
TLM_RCV,-94,FG-ALPHA,20240415_085703,AUTO,0,32.52,5.00,-85,100.00,8.32,3.29,5.02,980,504,0,347,22.38,1013.10,11.90,406.40,13.82,58.15,1080,23.00,25.50,22.20,22.70,24.90,22.90,20.20,25.70,22.60,23.40,21.10,21.20,20.50,20.80,21.00,22.60,20.50,22.70,24.00,21.30,23.60,21.40,23.60,23.60,21.40,24.60,23.10,24.90,25.80,24.90,22.60,23.60,24.00,20.20,21.40,22.30,20.50,20.90,20.90,21.70,21.10,22.50,21.80,23.60,22.40,25.30,20.50,20.70,22.00,22.90,24.60,25.60,23.90,20.00,22.30,21.60,24.80,23.20,22.50,21.90,25.80,25.80,24.80,20.30
TLM_RCV,-66,FG-ALPHA,20240415_085704,AUTO,0,32.30,5.00,-85,99.95,8.33,3.31,5.02,0,460,0,312,22.30,1012.80,12.00,404.70,13.82,58.15,1080,22.70,22.30,22.80,21.90,21.00,20.80,21.60,23.30,25.10,22.30,22.50,22.10,22.80,22.00,21.90,22.40,22.30,70.40,22.10,22.10,22.50,24.90,21.60,24.40,22.10,24.40,20.70,20.40,25.90,20.00,22.60,25.70,21.20,21.10,25.60,25.80,20.10,23.50,22.50,22.80,20.00,22.60,24.90,20.40,24.30,22.30,20.40,22.20,23.00,21.70,25.30,25.30,21.70,20.20,21.10,23.30,20.50,21.70,22.70,25.90,25.50,20.90,21.40,22.50
TLM_RCV,-93,FG-ALPHA,20240415_085705,AUTO,0,32.47,5.00,-85,99.90,8.32,3.31,5.02,0,493,0,341,22.47,1012.80,11.80,405.70,13.83,58.15,1080,21.70,23.50,25.20,23.60,22.60,25.10,23.60,20.20,24.00,20.50,20.30,21.50,23.10,23.20,24.10,24.30,24.70,25.00,24.30,20.20,23.90,20.10,20.70,22.80,22.00,24.60,23.60,22.40,25.00,25.20,22.00,23.70,22.60,23.50,21.60,25.50,22.00,20.20,22.40,20.00,25.40,23.60,23.80,20.70,24.50,24.20,22.00,23.00,21.50,23.90,20.20,20.70,23.10,24.80,20.50,20.40,21.60,25.20,25.00,21.80,23.30,25.20,21.10,25.80
TLM_RCV,-45,FG-ALPHA,20240415_085727,AUTO,0,31.00,5.00,-85,100.00,8.34,3.30,5.02,1103,400,0,258,23.51,1013.60,11.90,404.90,13.85,58.15,1080,20.40,24.00,25.50,22.30,21.90,20.80,21.70,25.00,20.60,20.20,21.80,20.10,21.30,25.20,21.00,23.00,24.90,20.00,24.00,24.90,22.50,22.50,21.20,23.20,23.60,25.10,23.30,23.50,22.40,23.80,23.20,23.00,25.50,89.50,21.20,23.00,25.50,24.60,20.10,22.60,20.80,22.00,25.60,20.40,21.00,25.40,25.80,25.80,24.80,20.90,20.80,24.50,24.40,20.40,21.70,21.00,24.10,22.20,20.90,23.70,20.80,25.70,20.50,23.90
TLM_RCV,-49,FG-ALPHA,20240415_085728,AUTO,0,31.09,5.00,-85,100.00,8.34,3.31,5.02,827,419,0,262,22.04,1013.30,11.90,406.20,13.85,58.15,1080,25.90,20.50,24.90,20.60,23.00,25.40,23.50,23.20,25.40,21.80,21.90,25.50,23.20,23.30,24.40,22.80,22.30,21.20,22.20,23.00,23.40,23.00,24.50,21.80,22.30,22.40,21.70,23.40,21.00,23.10,22.50,21.90,24.60,25.00,20.50,20.70,20.50,25.60,24.50,22.50,25.40,24.50,24.50,23.80,22.00,24.80,20.00,20.50,23.00,24.60,22.40,24.30,23.80,24.20,23.80,22.30,20.10,20.50,20.20,24.10,20.40,24.00,25.70,20.00
TLM_RCV,-78,FG-ALPHA,20240415_085729,AUTO,0,32.13,5.00,-85,100.00,8.34,3.28,5.02,1127,426,0,286,23.50,1013.50,12.00,406.00,13.85,58.15,1080,21.60,21.40,23.90,23.80,21.30,25.10,24.20,23.30,25.20,23.60,23.80,22.10,23.80,24.90,20.30,21.30,24.50,25.60,23.70,20.70,20.40,23.40,21.60,21.80,24.40,25.10,22.20,25.90,24.90,20.70,21.60,22.10,22.90,24.80,23.70,20.40,25.70,21.00,22.40,20.80,25.80,23.40,23.10,25.80,20.80,24.20,23.40,21.60,21.80,25.30,23.10,22.80,20.50,24.80,25.20,21.00,24.80,24.30,24.50,23.20,20.40,24.30,24.20,24.10
TLM_RCV,-55,FG-ALPHA,20240415_085730,AUTO,0,31.27,5.00,-85,100.00,8.33,3.30,5.02,987,454,0,310,22.67,1012.90,11.80,404.70,13.85,58.15,1080,24.30,24.30,24.30,20.20,23.50,20.90,20.70,23.60,22.90,20.30,23.50,23.70,22.90,20.70,20.90,21.50,20.20,23.20,22.70,20.10,24.60,24.90,22.80,20.00,24.00,21.10,22.50,24.70,23.50,25.00,25.80,21.50,23.50,23.00,23.70,24.60,22.60,24.30,23.90,22.80,24.40,21.70,20.30,20.10,25.50,25.50,24.70,21.20,24.90,23.90,23.60,20.00,23.80,25.00,22.10,22.50,20.40,20.40,24.10,25.90,21.50,24.20,24.30,20.70
TLM_RCV,-45,FG-ALPHA,20240415_085731,AUTO,0,32.35,5.00,-85,100.00,8.33,3.28,5.02,1059,470,0,316,22.94,1013.50,12.10,405.70,13.85,58.15,1080,21.60,20.90,23.40,20.30,22.90,23.10,22.60,24.90,23.40,20.60,22.40,24.80,24.40,22.80,20.40,24.20,21.80,20.90,24.40,20.70,21.80,25.70,22.80,25.90,23.20,25.40,23.50,20.00,23.50,21.40,20.00,20.00,23.50,23.10,25.90,22.90,23.60,21.50,21.30,25.90,22.80,23.30,25.50,23.30,24.70,21.90,24.40,24.90,21.00,25.70,24.80,21.00,22.00,23.80,25.10,23.20,21.10,24.60,25.60,21.30,21.40,24.50,22.20,25.80
TLM_RCV,-72,FG-ALPHA,20240415_085732,AUTO,0,32.29,5.00,-85,99.95,8.33,3.31,5.02,0,459,0,307,22.30,1012.80,11.90,404.90,13.85,58.15,1080,24.50,24.30,24.80,22.20,25.30,24.30,25.20,22.20,22.10,22.60,24.90,25.00,24.90,25.10,24.10,24.30,20.20,24.40,22.10,23.50,23.90,22.10,20.90,21.60,24.40,20.50,20.50,21.00,21.10,23.10,20.80,24.90,23.20,25.70,21.20,21.20,24.70,23.00,21.30,25.20,22.50,20.80,23.80,20.40,24.40,23.60,25.40,22.40,22.50,21.70,22.20,24.90,25.20,22.50,24.40,24.30,21.10,23.10,25.60,21.70,23.70,20.20,20.90,21.90
TLM_RCV,-90,FG-ALPHA,20240415_085733,AUTO,0,31.38,5.00,-85,99.99,8.33,3.30,5.02,865,476,0,335,21.94,1012.70,12.00,404.70,13.85,58.15,1080,25.20,21.90,25.70,25.30,21.60,20.80,23.00,22.90,21.00,20.20,21.60,25.80,20.40,25.20,21.80,25.10,22.80,23.00,23.50,20.90,25.30,23.70,25.70,21.70,24.90,22.70,22.10,20.40,24.60,25.40,24.20,23.20,25.80,21.50,23.20,20.50,21.70,23.60,22.50,24.20,22.30,21.70,21.00,21.00,23.00,23.10,24.60,20.20,20.60,24.10,22.80,25.60,21.90,22.50,21.60,24.40,20.60,23.00,24.30,24.70,21.00,20.50,23.70,24.90
TLM_RCV,-69,FG-ALPHA,20240415_085734,AUTO,0,32.33,5.00,-85,100.00,8.33,3.31,5.02,952,465,0,312,22.43,1013.30,11.80,406.20,13.85,58.15,1080,23.30,21.30,20.70,25.00,21.50,21.00,25.10,22.00,20.00,22.60,23.10,25.80,21.50,23.30,21.70,20.70,21.50,25.80,21.00,25.50,21.60,22.90,25.20,25.10,22.50,25.70,24.80,20.00,20.00,20.50,24.70,20.20,21.50,25.50,23.90,25.60,25.00,22.10,21.30,22.20,20.90,24.80,24.10,24.40,22.90,21.80,24.70,25.50,20.80,23.90,25.90,23.30,21.20,22.60,21.50,24.20,21.90,22.30,22.80,25.50,21.60,25.10,23.20,23.60
TLM_RCV,-78,FG-ALPHA,20240415_085735,AUTO,0,33.19,5.00,-85,100.00,8.33,3.29,5.02,1089,439,0,291,23.25,1013.10,11.80,405.90,13.86,58.15,1080,25.10,20.30,22.80,23.80,20.10,21.50,24.10,21.70,20.00,21.30,21.20,22.80,24.30,24.30,21.00,24.40,24.40,21.10,20.10,21.70,24.00,25.90,25.40,21.40,21.70,23.30,25.40,21.00,22.00,22.10,23.70,25.70,24.40,22.60,20.60,21.40,25.50,22.60,21.50,23.10,22.00,25.40,25.80,21.30,23.30,21.60,23.90,23.20,20.00,24.20,25.10,21.40,23.10,20.50,21.20,25.70,24.40,20.70,25.00,22.10,25.20,21.60,25.20,25.00
TLM_RCV,-57,FG-ALPHA,20240415_085736,AUTO,0,31.27,5.00,-85,100.00,8.33,3.31,5.02,1036,454,0,297,22.91,1012.90,12.10,405.80,13.86,58.15,1080,24.40,25.90,21.60,24.40,21.10,23.80,25.00,24.00,22.40,22.90,23.00,22.10,23.00,23.40,24.30,22.80,25.90,25.20,23.40,20.20,24.40,25.80,23.70,23.60,22.70,24.70,25.80,22.50,25.60,23.20,24.80,24.90,23.40,23.30,22.00,25.50,24.10,23.00,25.00,25.50,23.10,21.20,24.00,24.00,23.90,25.90,21.40,23.80,22.30,23.90,20.00,21.60,20.70,25.20,24.60,23.80,22.60,24.70,24.90,24.30,25.60,21.80,22.30,20.80
TLM_RCV,-79,FG-ALPHA,20240415_085737,AUTO,0,33.12,5.00,-85,99.96,8.34,3.31,5.02,0,424,0,273,22.12,1013.30,12.10,405.40,13.86,58.15,1080,23.10,88.30,23.30,20.90,24.50,20.20,24.70,20.30,21.30,22.50,21.80,22.70,21.30,21.10,24.60,22.40,20.40,24.40,24.10,20.50,22.50,24.40,20.80,22.20,21.60,20.80,21.10,21.50,22.50,21.90,21.10,23.30,20.20,20.00,21.10,25.80,22.60,23.90,22.40,22.20,21.40,20.90,25.00,22.00,24.80,20.60,21.50,20.30,21.10,25.90,21.90,20.10,21.20,20.20,22.80,25.40,25.70,23.90,20.20,23.10,21.20,20.10,21.60,23.40
TLM_RCV,-42,FG-ALPHA,20240415_085738,AUTO,0,31.21,5.00,-85,99.91,8.33,3.30,5.02,0,442,0,286,22.21,1013.00,11.90,405.10,13.86,58.15,1080,20.20,23.40,25.10,22.90,22.90,23.60,25.30,25.40,20.70,20.30,25.50,23.90,24.90,25.80,24.20,21.10,20.20,25.10,20.50,23.90,22.90,21.50,23.90,22.60,22.00,21.10,20.70,24.50,20.20,25.70,21.60,23.80,24.00,23.90,20.90,20.50,20.00,25.10,22.40,24.00,20.30,25.40,20.60,21.50,22.00,20.60,24.70,23.20,20.80,22.80,24.80,22.50,20.00,24.40,21.50,24.10,21.80,24.40,22.80,23.90,22.70,21.60,25.50,25.10
TLM_RCV,-72,FG-ALPHA,20240415_085739,AUTO,0,33.22,5.00,-85,99.87,8.33,3.28,5.02,0,445,0,287,22.23,1013.00,12.10,404.80,13.86,58.15,1080,22.50,23.90,22.30,24.00,23.20,20.50,21.70,25.60,23.40,22.30,20.00,20.90,24.00,24.20,22.70,25.20,24.70,22.80,25.40,21.90,22.30,23.80,23.40,22.50,25.20,25.60,20.40,25.40,21.60,21.20,25.40,24.10,21.20,22.70,24.80,24.90,20.50,21.00,21.60,20.90,21.30,23.90,24.00,22.40,21.00,20.70,20.60,23.80,25.60,23.30,21.60,25.00,20.00,24.00,23.30,21.50,20.20,24.90,21.60,23.40,20.40,22.00,24.30,23.40
TLM_RCV,-48,FG-ALPHA,20240415_085740,AUTO,0,33.37,5.00,-85,99.82,8.32,3.28,5.02,0,474,0,316,22.37,1012.80,11.90,405.30,13.86,58.15,1080,21.90,20.50,25.60,23.80,25.20,21.90,25.90,25.20,20.70,23.80,22.50,20.10,24.50,25.20,21.50,20.40,25.10,22.20,20.30,21.30,21.70,25.80,21.90,20.50,25.30,22.30,25.80,23.00,22.80,24.50,25.80,21.40,22.30,20.80,20.40,20.70,20.70,25.80,20.40,23.70,23.10,20.50,24.60,22.80,22.50,24.30,25.00,25.20,21.70,20.60,21.30,24.90,23.50,25.10,25.50,25.40,23.80,21.50,24.40,22.40,20.90,20.40,21.40,25.60
TLM_RCV,-80,FG-ALPHA,20240415_085741,AUTO,0,32.10,5.00,-85,99.87,8.33,3.31,5.02,905,419,0,267,22.43,1013.50,12.00,405.50,13.86,58.15,1080,24.50,24.50,23.10,24.50,21.50,21.10,20.30,23.10,24.40,23.60,22.80,22.60,20.80,22.20,25.50,23.10,21.60,22.60,21.70,22.50,22.70,24.00,20.80,21.00,21.10,22.50,21.30,22.10,23.40,25.60,25.70,23.20,20.10,22.80,21.60,22.00,20.10,22.00,21.50,24.00,20.70,21.20,25.50,20.00,24.20,25.80,25.60,23.40,20.00,21.70,24.40,21.90,20.70,24.80,25.20,24.30,24.30,23.80,23.90,22.00,21.10,21.80,23.40,25.60
TLM_RCV,-61,FG-ALPHA,20240415_085742,AUTO,0,33.26,5.00,-85,99.82,8.33,3.30,5.02,0,453,0,308,22.26,1013.00,12.00,405.90,13.86,58.15,1080,20.20,23.20,21.50,20.60,22.40,23.60,21.10,21.80,20.90,23.20,23.10,21.80,23.90,21.40,21.00,24.80,21.90,20.20,25.40,24.00,20.70,24.10,22.60,23.80,24.20,22.90,24.20,23.20,20.90,24.70,22.40,22.80,25.40,25.10,22.40,20.00,21.80,21.40,24.20,25.00,24.10,25.30,21.90,23.80,21.90,20.00,23.00,24.40,24.40,21.40,21.90,24.70,22.40,25.30,25.40,22.70,24.20,21.70,21.90,20.20,21.70,24.10,24.00,25.80
TLM_RCV,-87,FG-ALPHA,20240415_085743,AUTO,0,33.38,5.00,-85,99.88,8.33,3.30,5.02,1014,475,0,317,22.69,1013.40,11.90,405.70,13.86,58.15,1080,25.20,23.40,23.80,23.10,20.60,20.50,25.10,23.60,21.90,24.20,24.50,24.90,24.50,23.50,22.90,21.10,24.30,20.50,23.00,24.00,25.60,23.90,21.80,24.60,23.30,25.80,24.50,21.50,22.30,24.20,25.40,24.90,24.80,20.80,20.80,24.00,22.10,21.90,25.80,20.10,25.20,23.80,22.80,21.10,25.00,23.50,20.60,23.00,20.00,24.00,23.90,24.60,22.90,20.20,20.90,21.80,20.90,25.40,23.20,21.00,21.00,21.50,22.70,22.00
TLM_RCV,-46,FG-ALPHA,20240415_085744,AUTO,0,32.03,5.00,-85,99.94,8.34,3.30,5.02,1008,406,0,250,23.01,1012.90,11.80,405.80,13.86,58.15,1080,21.80,21.70,22.00,22.80,22.40,21.90,25.50,20.80,22.80,25.40,23.80,24.70,23.70,21.10,25.40,21.00,23.70,20.30,24.10,22.30,21.30,20.40,22.30,20.30,20.20,22.80,22.90,22.40,24.20,21.40,21.00,22.30,21.10,20.10,25.90,21.00,23.20,20.60,23.60,24.00,25.40,24.10,23.50,20.10,24.60,22.70,24.00,23.50,20.30,24.40,20.70,21.20,25.10,20.70,24.60,20.60,23.00,25.90,24.50,20.20,22.90,21.20,21.90,25.70
TLM_RCV,-50,FG-ALPHA,20240415_085745,AUTO,0,32.44,5.00,-85,99.99,8.33,3.30,5.02,972,489,0,342,22.42,1013.30,11.90,405.10,13.87,58.15,1080,21.00,24.80,20.80,22.10,20.60,21.30,20.30,23.70,23.10,21.80,25.70,23.80,21.40,23.50,25.20,23.70,25.80,24.20,25.40,24.10,24.10,20.20,21.10,20.80,21.10,25.60,23.90,25.40,23.40,20.10,20.10,23.20,24.80,25.90,25.70,21.40,20.60,21.90,23.90,24.30,21.70,25.50,24.40,23.70,21.80,23.10,23.60,23.00,20.50,20.30,25.00,20.70,25.70,20.90,22.20,24.90,23.80,21.30,24.80,23.50,21.10,21.10,22.90,25.90
TLM_RCV,-92,FG-ALPHA,20240415_085746,AUTO,0,32.15,5.00,-85,100.00,8.34,3.29,5.02,860,430,0,289,22.15,1013.50,11.80,404.50,13.87,58.15,1080,24.00,25.90,25.70,24.50,24.50,23.40,25.60,25.10,22.50,23.20,24.80,23.90,20.60,20.30,24.90,25.00,25.60,24.70,20.30,20.70,21.70,23.80,25.10,22.90,22.20,25.90,24.80,20.50,22.10,22.10,24.20,25.70,24.10,20.50,21.60,21.80,23.80,24.00,25.60,22.80,20.00,22.80,23.70,24.90,23.20,21.90,22.00,25.00,23.10,25.10,21.80,25.00,22.90,21.40,21.00,23.50,21.60,25.60,23.50,21.40,21.50,22.20,22.80,24.60
TLM_RCV,-64,FG-ALPHA,20240415_085747,AUTO,0,31.33,5.00,-85,100.00,8.33,3.30,5.02,1185,466,0,312,23.59,1013.20,11.80,406.30,13.87,58.15,1080,23.00,23.40,25.10,24.20,25.50,25.50,22.00,21.40,25.80,21.60,25.00,20.60,21.30,23.50,24.20,24.10,23.30,24.00,24.30,22.90,22.20,21.40,25.20,24.50,25.30,24.70,23.20,79.50,22.30,20.60,22.60,25.70,20.60,20.00,21.10,23.90,21.80,20.10,24.90,25.90,24.20,24.20,25.60,24.90,21.30,20.80,23.30,21.70,25.70,23.80,23.70,24.80,21.70,24.40,22.90,22.50,21.80,23.40,21.80,24.70,21.30,25.60,21.30,21.40
TLM_RCV,-54,FG-ALPHA,20240415_085748,AUTO,0,32.28,5.00,-85,99.95,8.33,3.31,5.02,0,457,0,306,22.28,1012.70,12.00,406.20,13.87,58.15,1080,20.20,22.40,22.70,25.40,25.60,21.60,23.30,25.50,25.70,21.80,22.10,23.40,21.30,23.90,20.30,20.60,21.20,25.60,25.80,25.20,25.80,25.10,25.30,24.80,25.20,25.80,20.30,25.30,22.70,22.50,25.90,25.40,20.50,25.60,24.30,22.90,23.60,20.10,20.90,23.20,25.50,24.20,23.00,21.10,22.50,25.30,25.90,20.70,21.50,20.00,24.50,24.40,22.70,23.40,21.50,71.30,25.60,24.00,20.80,20.20,23.50,21.70,21.30,23.00
TLM_RCV,-45,FG-ALPHA,20240415_085749,AUTO,0,33.24,5.00,-85,100.00,8.33,3.31,5.02,975,447,0,298,22.64,1013.60,12.00,405.80,13.87,58.15,1080,20.70,23.50,25.00,21.60,20.60,25.50,24.80,20.70,23.20,21.90,25.10,23.20,23.80,25.70,22.80,20.50,25.00,20.50,20.10,22.40,25.20,23.80,22.40,24.10,22.80,25.70,25.90,24.80,25.10,22.80,20.20,23.90,20.80,25.60,23.60,21.70,24.90,20.40,22.60,25.10,20.10,21.00,25.40,22.80,23.20,24.70,22.50,24.80,21.10,20.80,20.40,20.10,24.70,25.30,24.80,23.40,24.40,21.30,23.70,22.80,23.40,23.70,23.40,23.00
TLM_RCV,-83,FG-ALPHA,20240415_085750,AUTO,0,32.19,5.00,-85,100.00,8.33,3.31,5.02,923,439,0,289,22.42,1013.00,11.90,405.30,13.87,58.15,1080,22.70,25.70,24.00,23.70,25.40,21.70,21.70,25.40,24.60,23.40,23.30,77.90,25.20,20.20,22.20,21.90,21.80,24.00,23.20,23.90,24.50,23.30,21.80,22.60,21.60,21.30,24.50,24.80,21.50,20.40,21.60,24.50,21.50,23.20,25.00,22.90,23.40,23.80,23.90,21.70,20.10,20.20,23.70,25.80,24.90,21.80,23.50,25.30,21.40,25.40,24.50,23.70,25.30,20.00,22.30,20.30,25.60,23.00,25.10,23.90,20.50,21.60,23.70,23.00
TLM_RCV,-52,FG-ALPHA,20240415_085751,AUTO,0,33.17,5.00,-85,100.00,8.33,3.30,5.02,856,434,0,283,22.11,1012.80,12.10,405.20,13.87,58.15,1080,20.60,20.80,24.00,25.40,23.80,20.70,21.90,25.50,24.60,22.60,20.90,25.90,24.30,23.10,24.70,22.70,22.90,20.40,21.30,24.50,25.40,23.60,25.70,21.40,24.60,21.90,23.00,21.10,22.20,22.10,20.00,23.50,20.80,25.70,22.30,23.20,21.30,21.30,25.80,21.10,24.80,23.40,24.50,20.10,22.20,23.20,25.30,23.00,20.90,24.30,24.10,24.00,23.50,20.60,25.80,24.00,20.60,25.50,24.50,22.50,21.10,24.60,20.70,23.20
TLM_RCV,-58,FG-ALPHA,20240415_085752,AUTO,0,33.38,5.00,-85,100.00,8.33,3.29,5.02,1111,475,0,329,23.18,1013.50,11.80,405.90,13.87,58.15,1080,23.30,21.00,23.00,23.40,23.00,24.80,24.30,21.10,23.80,22.10,22.90,20.90,21.00,25.90,20.70,20.50,24.80,25.00,23.50,25.60,20.50,23.00,21.40,20.40,24.80,22.20,20.80,23.10,23.90,25.00,25.50,20.40,25.50,22.80,20.60,21.20,25.50,21.10,23.00,22.40,20.70,21.90,22.20,21.30,20.70,20.00,20.20,20.00,23.20,23.20,20.60,23.10,20.30,22.10,25.30,24.30,20.20,25.30,20.80,22.00,24.50,22.80,24.70,23.90
TLM_RCV,-86,FG-ALPHA,20240415_085753,AUTO,0,33.05,5.00,-85,100.00,8.34,3.29,5.02,998,410,0,265,22.94,1012.80,12.00,405.40,13.87,58.15,1080,21.30,21.20,20.50,25.70,21.40,21.00,21.70,24.60,24.10,25.80,23.40,21.90,24.30,23.30,24.60,24.00,21.40,25.20,23.60,20.00,22.70,22.70,22.60,25.20,22.30,20.00,22.80,21.40,21.50,23.00,20.70,25.90,23.80,25.10,24.20,22.40,21.40,21.40,25.40,21.60,23.70,24.90,23.90,24.50,24.30,20.20,24.10,20.80,20.90,20.10,24.10,23.50,24.90,23.90,21.10,23.70,22.40,22.20,24.60,21.10,23.60,23.90,21.40,25.20
TLM_RCV,-82,FG-ALPHA,20240415_085754,AUTO,0,33.19,5.00,-85,100.00,8.33,3.28,5.02,947,438,0,295,22.55,1012.90,11.80,405.50,13.87,58.15,1080,22.80,22.80,20.00,22.90,24.40,22.10,24.40,24.00,23.70,23.70,20.70,22.30,25.50,22.30,25.60,20.20,23.80,20.80,24.60,20.40,23.20,24.70,21.80,21.00,20.30,25.80,21.80,25.90,24.40,22.80,24.50,25.10,24.90,24.70,20.00,21.50,81.90,25.90,22.80,24.80,25.90,25.00,23.30,21.10,23.80,23.40,23.10,23.50,24.40,22.00,25.90,22.70,25.90,20.60,20.90,21.40,24.60,24.30,24.90,20.20,25.40,25.20,25.20,23.10
TLM_RCV,-40,FG-ALPHA,20240415_085755,AUTO,0,33.48,5.00,-85,99.95,8.32,3.29,5.02,0,496,0,347,22.48,1013.60,12.10,406.00,13.88,58.15,1080,25.50,25.60,25.00,20.10,24.80,21.60,20.80,21.50,25.90,21.00,23.00,21.60,25.30,20.10,22.40,20.40,22.30,24.20,23.10,25.30,22.90,22.40,25.00,22.30,25.10,22.00,23.70,25.10,25.00,21.70,23.30,23.40,22.80,21.70,24.80,20.90,25.80,21.00,23.90,21.30,20.60,24.70,23.80,25.50,25.30,23.60,20.40,22.40,22.30,22.00,20.40,20.50,24.00,20.30,25.50,25.90,23.40,23.30,25.80,24.60,25.90,24.70,22.40,21.70
TLM_RCV,-91,FG-ALPHA,20240415_085756,AUTO,0,31.98,5.00,-85,99.91,8.34,3.29,5.02,0,396,0,256,21.98,1013.20,11.90,405.90,13.88,58.15,1080,25.30,23.20,21.10,25.00,22.80,22.20,20.90,23.50,22.50,24.20,20.80,22.40,24.30,21.70,21.60,20.50,21.40,25.20,24.60,24.90,20.50,22.50,20.30,22.70,22.90,24.50,25.10,22.80,20.80,24.00,22.10,23.60,23.90,22.80,23.30,22.50,24.90,25.00,25.50,23.00,25.50,24.90,22.10,21.10,20.00,22.50,22.00,22.50,24.30,23.00,22.20,25.80,24.90,21.20,22.80,25.40,25.50,21.60,23.30,21.70,22.40,21.70,20.20,20.10
TLM_RCV,-80,FG-ALPHA,20240415_085757,AUTO,0,32.26,5.00,-85,99.95,8.33,3.30,5.02,863,451,0,294,22.06,1012.70,11.90,404.70,13.88,58.15,1080,20.00,24.70,20.50,24.60,21.30,23.60,21.50,23.90,21.20,24.80,21.50,25.10,20.80,22.90,22.30,20.90,20.80,22.60,21.30,23.30,25.30,24.10,20.00,20.10,24.60,23.60,25.50,21.60,24.40,25.90,22.20,20.30,22.00,24.60,25.10,22.00,25.00,22.30,25.90,23.60,25.30,24.00,24.70,24.00,21.30,21.50,20.00,20.40,20.70,20.60,21.50,25.70,24.80,25.70,20.50,23.70,21.80,24.20,23.80,24.40,22.70,22.70,20.80,25.40
TLM_RCV,-57,FG-ALPHA,20240415_085758,AUTO,0,31.29,5.00,-85,100.00,8.33,3.31,5.02,1067,458,0,299,23.05,1013.10,11.90,405.20,13.88,58.15,1080,22.60,22.70,23.70,24.10,22.10,20.50,25.60,21.00,20.60,23.80,21.10,20.10,24.40,21.80,20.00,24.30,20.10,21.10,22.50,22.60,20.30,22.30,23.80,22.30,20.10,24.80,23.70,20.80,21.30,22.10,24.80,21.00,25.10,25.90,22.20,25.50,21.00,22.60,22.00,23.30,21.70,23.80,23.00,20.10,21.90,23.00,22.20,24.60,23.30,22.40,20.10,23.80,24.80,23.80,22.80,20.50,22.90,25.40,21.00,22.20,20.00,23.60,24.10,24.30
TLM_RCV,-92,FG-ALPHA,20240415_085759,AUTO,0,32.02,5.00,-85,100.00,8.34,3.28,5.02,915,404,0,258,22.56,1013.20,11.80,404.60,13.88,58.15,1080,20.30,24.50,20.20,23.30,20.00,25.80,21.20,25.50,25.40,22.40,22.90,21.40,25.00,24.90,23.20,23.00,22.80,21.60,22.60,20.20,24.60,20.80,24.50,21.80,21.30,21.10,25.10,21.80,25.20,21.80,23.20,23.50,23.70,20.10,25.40,24.30,25.30,20.20,23.40,25.20,21.00,24.90,23.50,20.00,25.70,21.70,21.20,20.80,23.70,25.40,21.10,25.70,22.80,24.20,20.50,25.20,25.60,23.50,21.80,24.80,21.90,25.60,24.80,22.00
TLM_RCV,-42,FG-ALPHA,20240415_085800,AUTO,0,32.04,5.00,-85,100.00,8.34,3.28,5.02,1126,409,0,264,23.58,1012.90,12.10,405.20,13.88,58.15,1080,22.40,21.20,21.10,21.80,25.50,24.70,21.30,22.20,20.70,23.90,21.40,21.90,22.60,22.80,23.40,21.60,24.40,25.50,23.80,22.10,24.30,22.00,23.40,20.40,21.00,20.50,22.40,25.30,23.60,21.10,23.90,24.40,24.40,24.00,22.70,22.00,24.00,23.90,23.50,22.60,21.30,23.40,23.10,25.40,21.60,24.60,22.90,24.10,23.50,25.40,25.90,21.10,21.10,25.50,22.30,20.40,24.50,24.00,24.80,24.60,23.40,20.80,20.00,24.40
TLM_RCV,-69,FG-ALPHA,20240415_085801,AUTO,0,33.47,5.00,-85,99.95,8.32,3.29,5.02,0,494,0,336,22.47,1013.10,12.10,404.70,13.88,58.15,1080,24.30,21.40,23.80,22.40,20.40,20.90,25.10,24.20,25.50,23.40,22.80,20.50,20.50,22.10,21.90,23.50,25.80,24.10,22.90,24.40,20.70,25.60,23.40,21.90,21.10,23.50,22.10,25.10,20.20,25.80,21.40,24.20,25.30,21.00,20.40,20.00,21.10,25.60,23.80,23.60,20.40,23.20,24.80,21.90,25.60,24.40,21.60,23.20,22.90,21.20,21.40,22.90,22.90,25.60,21.50,22.40,24.10,22.50,23.70,20.00,25.30,20.90,20.90,23.80
TLM_RCV,-71,FG-ALPHA,20240415_085802,AUTO,0,33.09,5.00,-85,99.91,8.34,3.30,5.02,0,418,0,261,22.09,1013.10,11.90,404.60,13.88,58.15,1080,20.10,22.50,25.30,22.90,25.50,21.30,22.40,22.90,25.10,20.50,24.30,22.90,23.60,24.40,21.70,21.30,20.70,20.70,25.00,25.40,20.90,24.10,22.80,25.70,21.10,22.10,20.80,25.30,21.20,25.60,22.00,20.90,24.60,22.20,25.70,25.40,22.90,21.10,25.40,22.00,20.40,20.90,22.90,21.40,25.10,20.70,25.50,23.00,20.60,20.20,24.50,22.00,20.10,23.20,20.00,20.20,20.50,21.90,25.90,20.20,23.50,22.80,20.80,24.80
TLM_RCV,-60,FG-ALPHA,20240415_085803,AUTO,0,32.00,5.00,-85,99.95,8.34,3.28,5.02,824,399,0,250,22.12,1013.10,12.10,405.30,13.88,58.15,1080,22.10,23.70,25.00,25.10,24.00,20.70,25.80,20.10,22.20,22.70,23.70,21.30,23.70,21.70,25.00,20.60,20.60,25.20,23.80,20.80,24.10,25.90,23.70,21.10,21.40,22.00,25.50,25.00,23.80,21.90,23.50,23.80,20.10,22.20,24.40,24.40,20.90,20.30,20.80,23.10,22.20,21.10,22.80,20.50,22.90,23.80,20.00,23.70,20.50,22.40,24.10,24.00,22.20,23.20,21.10,23.50,24.40,21.30,21.90,24.90,22.90,23.60,20.10,21.90
TLM_RCV,-68,FG-ALPHA,20240415_085804,AUTO,0,32.30,5.00,-85,99.91,8.33,3.28,5.02,0,460,0,303,22.30,1013.40,11.80,406.30,13.88,58.15,1080,25.90,25.80,24.70,24.40,24.80,25.10,25.50,24.10,21.10,22.00,21.90,25.40,23.90,23.50,21.90,21.00,21.10,21.70,21.20,22.90,24.00,21.80,20.90,22.30,21.80,23.50,20.60,20.00,25.70,22.00,23.30,22.60,20.20,20.60,20.20,25.10,20.90,21.80,25.40,25.40,20.90,25.40,22.70,22.50,24.10,22.00,21.90,23.20,25.50,21.90,23.20,22.40,25.30,22.00,23.20,25.90,25.50,21.70,24.20,23.10,24.50,25.90,22.30,21.70
TLM_RCV,-42,FG-ALPHA,20240415_085805,AUTO,0,31.03,5.00,-85,99.95,8.34,3.28,5.02,827,406,0,262,22.10,1013.50,12.00,404.50,13.89,58.15,1080,25.90,22.80,25.80,22.70,23.20,22.60,24.10,21.60,21.00,22.40,22.30,22.60,20.50,23.90,20.70,22.10,25.40,25.40,23.10,24.90,24.70,23.50,23.40,22.10,25.30,20.50,22.50,25.70,24.00,24.80,21.40,22.20,20.90,24.90,25.90,22.30,21.50,23.90,20.20,24.40,20.10,21.80,25.30,21.00,24.00,22.30,25.60,23.40,25.90,24.90,22.50,21.20,22.40,23.20,21.10,24.30,23.10,21.70,21.80,24.70,22.20,21.90,24.70,20.50
TLM_RCV,-86,FG-ALPHA,20240415_085806,AUTO,0,31.23,5.00,-85,99.90,8.33,3.28,5.02,0,445,0,295,22.23,1012.90,12.00,405.90,13.89,58.15,1080,21.70,24.70,20.00,21.70,20.50,21.60,21.80,24.00,24.00,25.80,24.60,20.00,21.60,20.20,23.90,23.20,22.80,22.50,22.20,22.80,25.80,24.30,20.50,21.20,22.10,20.50,21.30,24.80,21.90,20.20,20.50,22.40,21.00,20.00,20.70,22.70,20.20,21.00,21.60,21.80,23.10,21.50,23.40,23.10,24.80,23.40,25.70,21.20,20.60,22.30,21.40,20.70,21.10,21.00,24.90,21.20,25.30,20.40,21.80,25.30,23.70,25.30,24.70,23.80
TLM_RCV,-76,FG-ALPHA,20240415_085807,AUTO,0,32.06,5.00,-85,99.98,8.34,3.29,5.02,1155,411,0,267,23.72,1013.00,12.10,405.50,13.89,58.15,1080,21.60,21.40,23.50,24.50,21.80,24.60,25.10,23.00,25.90,20.80,22.70,24.50,25.50,22.20,25.70,25.00,24.50,24.50,21.70,22.00,22.20,23.90,25.10,21.80,20.90,22.00,22.20,24.20,21.80,21.90,24.90,23.60,21.00,24.50,21.60,21.60,20.70,20.00,20.40,23.80,20.70,21.20,21.70,22.40,24.40,22.80,20.00,22.80,23.30,23.70,24.70,20.90,22.00,25.30,24.40,23.90,23.70,23.40,25.60,21.20,25.50,25.60,25.90,23.60
TLM_RCV,-80,FG-ALPHA,20240415_085829,AUTO,1,36.99,32.00,-85,99.44,8.21,3.31,4.96,0,1197,757,291,25.99,1013.10,12.10,405.60,13.91,60.85,1080,21.90,21.70,24.90,20.60,21.50,22.80,22.50,25.30,20.30,20.10,23.30,25.40,22.10,23.10,23.20,25.00,25.60,21.80,25.60,24.30,20.60,20.70,23.70,25.20,20.50,20.60,20.20,20.60,25.90,20.90,25.00,24.90,23.70,20.40,22.20,23.80,20.10,25.60,21.50,23.90,24.80,25.70,25.90,25.80,22.20,22.40,24.50,23.60,22.80,20.40,21.40,24.50,21.90,20.50,23.40,24.20,23.70,20.70,21.60,21.50,22.80,21.20,20.30,23.70
TLM_RCV,-85,FG-ALPHA,20240415_085830,AUTO,1,35.68,33.50,-85,99.42,8.22,3.31,4.96,940,1136,675,303,20.98,1012.70,11.90,405.20,13.91,61.00,1080,25.50,23.10,22.00,23.70,25.50,21.70,23.80,25.10,22.70,20.30,23.70,22.90,20.70,20.10,20.80,21.70,21.50,20.20,24.60,25.20,20.20,20.60,22.10,24.30,22.30,23.30,21.60,22.70,20.90,23.20,22.60,20.90,20.00,24.70,21.70,20.80,24.70,20.60,24.00,24.20,20.80,22.80,24.10,25.70,22.60,22.10,22.90,22.00,24.00,24.00,25.10,23.00,22.30,25.30,20.50,23.00,24.60,20.00,23.40,21.10,22.80,21.60,22.80,21.80
TLM_RCV,-45,FG-ALPHA,20240415_085831,AUTO,0,33.39,31.50,-85,99.37,8.31,3.30,5.02,0,478,0,335,22.39,1013.60,12.10,406.00,13.91,61.00,1080,24.40,24.30,21.60,23.30,20.70,20.80,21.30,22.90,20.90,20.00,23.20,25.10,24.40,25.40,24.60,21.30,25.80,22.70,25.30,20.20,24.30,21.50,25.90,21.00,24.10,22.60,24.30,23.20,24.10,25.00,25.00,24.30,25.10,20.90,21.10,25.90,22.80,22.80,24.90,22.90,24.50,23.00,22.30,22.80,25.70,25.10,20.80,24.10,21.50,23.20,24.90,20.10,21.30,22.10,20.30,24.30,21.50,21.90,25.50,20.60,21.90,22.30,21.20,20.50
TLM_RCV,-87,FG-ALPHA,20240415_085832,AUTO,0,32.24,29.50,-85,99.41,8.32,3.29,5.02,881,447,0,290,22.17,1013.50,12.00,404.60,13.91,61.00,1080,20.50,25.30,22.40,22.10,24.90,21.80,20.40,25.60,20.20,22.00,22.10,20.40,25.40,20.60,23.00,24.90,25.30,23.60,25.80,79.90,20.20,21.30,20.00,20.10,23.20,25.50,22.70,24.90,20.50,25.70,22.50,20.70,24.20,20.30,23.90,21.30,20.70,20.40,24.30,21.50,24.10,22.60,23.20,22.20,20.80,23.80,25.50,21.40,23.90,20.00,24.80,20.30,21.50,22.70,22.30,20.20,20.30,21.30,24.80,21.90,22.90,24.40,22.30,21.40
TLM_RCV,-80,FG-ALPHA,20240415_085833,AUTO,0,33.03,27.50,-85,99.45,8.33,3.29,5.02,804,406,0,264,21.99,1013.50,11.90,404.70,13.91,61.00,1080,25.00,24.30,20.40,20.20,21.30,23.30,20.10,20.90,20.20,24.90,25.00,21.90,22.40,22.80,22.50,20.80,21.20,25.10,21.90,20.50,23.90,21.20,22.40,22.00,21.00,22.20,24.20,21.10,24.30,21.70,24.50,20.30,25.10,24.30,21.30,25.70,21.80,23.30,22.70,22.30,25.80,20.30,22.80,25.30,24.70,25.60,20.30,25.40,23.20,25.00,20.70,24.90,25.30,21.10,23.90,82.30,24.10,22.50,25.90,25.80,21.10,20.20,20.30,20.80
TLM_RCV,-82,FG-ALPHA,20240415_085834,AUTO,0,31.41,25.50,-85,99.40,8.31,3.29,5.02,0,481,0,338,22.41,1013.40,11.90,405.70,13.91,61.00,1080,21.10,23.10,23.10,23.30,24.80,22.40,21.00,22.50,20.10,24.20,23.90,24.20,21.50,22.70,23.00,20.50,25.40,24.80,22.50,21.80,24.10,24.40,22.10,24.00,20.40,20.70,25.40,21.30,21.20,23.70,23.00,23.40,21.70,23.80,23.40,22.60,20.70,21.90,21.90,21.20,21.10,21.10,24.70,21.20,25.10,20.00,20.40,25.50,25.10,22.70,23.90,22.20,20.00,25.30,22.00,22.30,20.40,24.80,23.20,25.00,22.00,21.50,22.50,22.90
TLM_RCV,-75,FG-ALPHA,20240415_085835,AUTO,0,32.23,23.50,-85,99.44,8.32,3.29,5.02,840,446,0,294,21.97,1013.00,11.90,404.80,13.92,61.00,1080,20.80,25.90,20.10,23.60,24.10,21.90,23.10,21.20,20.30,22.50,23.50,24.20,22.60,21.50,25.60,25.60,21.00,23.10,23.60,22.70,21.70,24.90,23.30,24.50,23.30,21.60,20.10,24.80,20.20,20.20,20.70,24.20,20.30,23.70,25.80,25.40,25.50,23.60,24.40,25.40,25.10,25.30,22.20,25.00,24.70,22.90,23.60,25.20,25.00,21.70,23.00,22.80,20.60,25.60,20.20,20.60,25.20,25.20,20.90,23.30,22.80,21.00,24.10,21.30
TLM_RCV,-61,FG-ALPHA,20240415_085836,AUTO,0,32.27,21.50,-85,99.48,8.32,3.29,5.02,808,454,0,297,21.77,1012.80,12.00,405.60,13.92,61.00,1080,21.50,25.40,21.20,22.70,20.10,23.40,22.70,21.50,24.10,21.10,24.10,22.90,23.10,25.00,25.70,24.20,24.10,22.50,21.10,25.00,25.20,20.00,23.10,25.60,20.30,22.50,24.80,22.50,20.50,23.20,21.20,21.80,25.60,21.20,20.10,20.90,22.20,22.40,25.10,25.30,24.20,20.20,24.90,20.70,20.60,22.00,20.90,20.00,20.00,22.20,23.50,23.30,22.40,25.80,24.40,25.90,24.40,22.50,24.40,21.60,23.30,21.00,22.70,22.80
TLM_RCV,-40,FG-ALPHA,20240415_085837,AUTO,0,32.99,19.50,-85,99.44,8.33,3.31,5.02,0,398,0,256,21.99,1012.80,11.80,404.70,13.92,61.00,1080,20.70,24.80,24.80,24.20,23.40,22.00,21.30,25.00,25.40,20.90,21.50,24.20,24.80,22.70,24.60,24.30,23.10,22.10,21.10,21.30,21.10,25.30,25.20,23.40,24.30,20.00,23.10,23.80,21.50,24.90,23.00,21.40,24.80,24.00,25.20,21.80,20.60,20.30,23.60,20.50,21.90,20.80,21.60,22.80,24.00,22.70,20.00,21.20,24.50,21.40,25.30,20.90,25.10,25.80,20.30,21.30,25.00,23.80,25.90,21.80,24.50,22.40,22.50,24.90
TLM_RCV,-88,FG-ALPHA,20240415_085838,AUTO,0,32.13,17.50,-85,99.49,8.32,3.31,5.02,920,425,0,280,22.48,1013.10,11.80,406.00,13.92,61.00,1080,24.60,22.10,21.10,24.20,22.90,21.00,20.90,23.40,23.60,20.30,20.30,23.20,21.60,22.50,24.60,24.80,20.00,24.70,21.80,24.90,25.80,24.00,21.60,24.90,25.80,20.90,21.00,24.40,23.70,23.70,24.20,25.10,21.60,20.10,21.70,25.20,20.40,25.00,22.70,24.30,21.80,22.20,21.20,21.20,20.00,20.60,24.80,20.80,22.90,23.30,24.70,21.50,24.00,20.50,22.00,23.90,23.60,24.00,23.60,21.10,24.40,25.20,24.40,24.20
TLM_RCV,-75,FG-ALPHA,20240415_085839,AUTO,0,31.28,15.50,-85,99.56,8.32,3.28,5.02,1141,456,0,304,23.42,1013.40,11.90,404.60,13.92,61.00,1080,25.30,25.90,21.30,23.00,23.80,25.80,20.70,23.90,25.60,23.60,20.00,25.60,25.20,23.30,25.80,20.10,25.70,20.90,24.90,22.60,22.80,23.60,24.30,21.20,21.00,21.90,22.20,24.80,21.90,23.30,21.00,20.30,23.40,23.50,21.60,24.40,23.80,25.90,23.70,25.80,23.80,21.80,22.50,23.80,24.90,24.70,25.50,22.60,23.60,22.20,22.70,23.50,21.40,25.40,21.40,20.80,24.20,20.70,23.40,25.80,20.10,21.60,25.00,22.10
TLM_RCV,-44,FG-ALPHA,20240415_085840,AUTO,0,31.42,13.50,-85,99.60,8.32,3.30,5.02,910,484,0,330,22.13,1013.30,11.90,406.20,13.92,61.00,1080,25.50,25.30,24.40,23.40,24.70,24.80,25.10,22.70,23.40,21.10,20.70,21.40,20.10,22.70,23.60,25.20,24.80,23.90,21.00,25.70,25.90,21.30,20.00,20.80,23.10,22.90,22.10,22.50,20.60,25.10,23.40,24.20,21.20,23.70,25.10,20.60,24.40,24.40,20.70,22.30,20.60,22.70,24.00,25.70,22.70,25.10,21.30,20.30,23.40,21.50,22.50,25.10,23.30,25.20,20.60,20.10,23.90,21.40,20.40,21.50,22.90,21.40,22.10,22.10
TLM_RCV,-69,FG-ALPHA,20240415_085841,AUTO,0,31.24,11.50,-85,99.67,8.32,3.28,5.02,1130,447,0,305,23.42,1013.20,12.10,405.40,13.92,61.00,1080,20.90,22.70,22.60,20.00,22.90,20.50,20.10,22.20,20.90,23.80,23.30,22.80,25.10,25.00,23.40,24.30,24.90,25.20,22.80,22.30,25.90,24.80,21.80,25.80,21.10,20.50,24.60,24.50,22.80,24.00,20.40,21.30,24.20,20.80,20.40,23.30,22.10,23.00,23.20,24.60,24.20,24.70,24.30,24.10,22.30,25.70,21.70,21.50,22.00,24.00,21.60,20.00,21.30,25.80,23.80,24.80,23.40,23.40,20.50,24.00,25.90,22.30,23.50,21.00
TLM_RCV,-50,FG-ALPHA,20240415_085842,AUTO,0,31.37,9.50,-85,99.74,8.32,3.31,5.02,1193,475,0,316,23.59,1012.80,12.00,405.80,13.92,61.00,1080,21.80,21.40,23.50,21.40,20.30,25.40,25.50,21.50,24.40,25.80,20.40,22.70,20.30,24.50,25.10,21.30,25.90,20.00,25.90,20.60,22.60,23.00,25.90,25.10,21.50,20.30,22.80,23.00,24.90,25.10,24.40,20.10,21.40,23.60,25.60,23.60,20.40,25.30,23.70,21.00,23.40,25.80,22.40,23.30,20.00,25.60,20.00,23.40,23.70,22.10,21.40,22.70,25.20,20.30,25.00,23.00,20.80,25.80,20.10,20.40,24.90,24.70,20.00,20.20
TLM_RCV,-79,FG-ALPHA,20240415_085843,AUTO,0,32.37,7.50,-85,99.69,8.32,3.30,5.02,0,473,0,318,22.36,1013.20,11.90,406.20,13.92,61.00,1080,20.70,25.60,21.90,22.10,20.70,23.30,25.50,21.80,20.00,20.30,23.40,21.60,25.70,25.50,20.20,20.10,20.40,25.30,23.70,22.50,21.40,25.70,23.30,22.40,25.20,25.80,22.10,24.50,21.40,21.40,22.80,23.60,23.60,21.20,20.90,22.40,25.40,22.30,21.40,23.20,24.40,20.50,20.90,24.90,25.40,21.50,20.60,23.20,25.00,20.10,25.70,20.10,20.80,20.50,24.90,23.40,25.90,22.80,25.70,24.60,20.30,25.10,21.90,25.10
TLM_RCV,-83,FG-ALPHA,20240415_085844,AUTO,0,31.23,5.50,-85,99.65,8.32,3.30,5.02,0,446,0,292,22.23,1012.90,11.90,405.10,13.92,61.00,1080,22.10,24.50,23.50,25.90,22.70,22.50,23.30,22.70,22.30,20.70,22.60,20.80,24.50,25.10,23.00,21.80,25.60,24.50,23.70,20.10,24.20,22.00,20.90,20.10,22.20,24.70,22.70,23.10,23.30,22.20,24.60,20.40,23.30,22.20,22.90,25.40,23.50,22.20,25.90,22.20,21.40,24.20,23.80,24.50,22.90,22.90,21.00,24.00,21.60,20.80,23.10,20.10,22.40,24.80,22.70,24.90,20.60,25.90,21.50,22.80,21.80,22.20,22.30,25.70
TLM_RCV,-91,FG-ALPHA,20240415_085845,AUTO,0,31.03,5.00,-85,99.72,8.33,3.31,5.02,1103,406,0,252,23.49,1013.10,11.90,405.80,13.93,61.00,1080,20.90,25.70,20.00,24.70,25.50,21.90,25.20,24.40,25.80,21.30,25.10,22.40,22.80,20.60,23.40,25.90,24.20,25.30,24.00,24.20,23.80,20.30,22.90,22.00,25.70,24.90,24.60,22.30,23.90,23.20,25.80,21.80,23.50,20.50,25.40,20.30,20.00,25.40,22.90,24.30,23.30,20.20,20.70,20.70,23.40,20.60,20.80,20.40,20.50,25.60,20.50,21.30,22.50,21.10,22.40,22.00,21.10,20.00,23.90,25.10,25.70,23.80,23.70,20.50
TLM_RCV,-60,FG-ALPHA,20240415_085846,AUTO,0,31.48,5.00,-85,99.67,8.32,3.30,5.02,0,495,0,345,22.48,1012.90,12.10,404.70,13.93,61.00,1080,22.40,23.40,23.60,20.40,24.70,22.30,23.10,23.30,25.90,24.00,20.90,22.10,24.90,22.80,24.90,21.30,24.20,22.60,21.60,25.00,21.40,23.80,25.10,22.10,22.20,20.50,21.00,20.00,20.90,25.30,20.70,25.20,20.90,22.70,20.60,25.20,21.00,22.80,23.80,25.00,24.70,22.40,25.70,24.00,25.20,21.40,21.50,24.10,20.80,20.70,22.70,23.60,25.80,24.90,24.30,20.00,24.80,24.80,25.80,23.40,20.40,20.00,20.70,22.20
TLM_RCV,-69,FG-ALPHA,20240415_085847,AUTO,0,31.25,5.00,-85,99.74,8.33,3.31,5.02,1157,451,0,309,23.53,1013.30,12.00,404.70,13.93,61.00,1080,25.80,20.20,23.90,21.40,22.20,21.60,21.00,21.10,22.70,22.60,23.60,20.30,25.70,20.80,23.20,21.50,24.40,21.10,22.50,21.20,22.40,22.80,25.20,23.50,25.80,21.90,23.20,23.80,23.10,20.20,24.00,20.50,25.70,24.20,21.40,21.50,22.30,24.00,25.40,25.40,23.50,22.80,23.00,25.00,25.80,23.40,24.40,21.70,21.20,23.50,20.90,24.80,20.10,21.50,23.90,24.20,24.30,23.50,24.50,23.60,20.40,20.90,24.60,25.00
TLM_RCV,-83,FG-ALPHA,20240415_085848,AUTO,0,31.19,5.00,-85,99.69,8.33,3.29,5.02,0,438,0,296,22.19,1012.70,12.00,406.20,13.93,61.00,1080,20.30,25.70,23.30,20.30,24.00,21.60,20.90,22.30,22.30,22.90,21.60,20.10,20.70,23.20,20.90,25.70,20.50,22.00,22.90,21.10,21.30,21.90,20.60,23.80,20.40,21.00,21.30,20.40,21.50,22.30,22.00,21.50,23.00,20.50,22.80,20.70,24.10,20.10,22.20,22.80,25.70,22.00,23.10,22.10,22.20,24.50,21.90,23.10,24.50,21.50,24.90,25.90,21.00,24.80,23.60,22.90,20.30,20.50,25.90,25.70,25.00,20.80,20.40,25.80
TLM_RCV,-89,FG-ALPHA,20240415_085849,AUTO,0,32.49,5.00,-85,99.73,8.32,3.28,5.02,864,499,0,345,21.83,1013.30,12.10,404.50,13.93,61.00,1080,20.30,24.40,23.90,20.40,25.10,25.00,21.90,23.00,21.00,23.70,25.60,21.90,24.00,25.90,25.50,24.40,21.20,24.70,20.80,20.20,23.70,23.20,23.80,20.20,22.20,21.20,25.70,22.30,21.70,24.50,24.20,21.70,23.00,24.60,21.00,23.10,25.20,25.70,20.10,24.30,21.40,24.20,22.10,24.10,20.20,25.80,25.00,25.90,24.20,21.70,21.40,24.10,25.40,23.00,22.30,20.80,20.30,24.80,21.30,25.80,25.20,21.00,20.70,20.00
TLM_RCV,-43,FG-ALPHA,20240415_085850,AUTO,0,32.03,5.00,-85,99.79,8.33,3.31,5.02,988,406,0,262,22.91,1013.10,12.10,405.50,13.93,61.00,1080,21.00,23.00,24.10,24.30,25.40,23.80,21.60,20.00,22.20,25.30,20.50,24.50,21.40,20.30,21.10,22.00,24.70,20.30,22.40,24.00,20.50,21.80,24.90,21.10,20.60,22.70,23.20,20.00,24.20,77.60,21.30,25.30,22.80,25.70,25.50,22.50,23.10,21.30,20.00,20.00,25.30,20.60,23.60,25.60,20.80,20.10,24.90,20.50,23.50,23.70,22.10,20.70,20.20,22.90,24.80,21.50,23.50,22.60,25.10,20.40,24.60,21.90,22.30,25.60
TLM_RCV,-84,FG-ALPHA,20240415_085851,AUTO,0,33.35,5.00,-85,99.74,8.32,3.29,5.02,0,470,0,318,22.35,1012.70,11.90,405.90,13.93,61.00,1080,22.80,24.70,25.30,21.40,23.40,25.70,22.00,23.80,25.70,25.20,24.50,22.00,22.00,25.90,25.00,21.80,23.10,24.80,24.70,23.40,21.70,22.00,25.40,21.40,24.00,21.40,25.70,21.90,23.00,20.80,24.90,24.60,25.30,24.80,24.80,20.70,20.70,24.30,25.40,20.70,24.60,22.70,24.30,20.80,25.40,22.80,20.60,24.70,25.30,25.80,21.60,20.80,24.50,21.20,24.60,20.70,22.60,21.80,24.10,25.40,21.90,25.10,25.90,21.00
TLM_RCV,-90,FG-ALPHA,20240415_085852,AUTO,0,31.06,5.00,-85,99.70,8.33,3.28,5.02,0,412,0,266,22.06,1013.50,12.00,405.90,13.93,61.00,1080,23.40,25.10,20.70,23.70,21.80,21.10,22.10,21.90,22.10,23.60,23.90,21.70,21.20,24.80,23.30,22.60,25.30,22.70,22.80,22.40,21.50,21.00,25.30,20.30,20.80,23.10,20.60,22.80,23.80,25.90,25.90,21.80,23.70,25.10,24.90,21.30,22.00,22.70,20.70,21.70,20.60,20.30,25.90,25.80,24.00,25.20,23.50,20.60,22.70,23.00,24.30,22.80,21.50,24.80,24.30,23.30,20.30,20.60,25.60,24.30,24.20,22.50,20.70,24.30
TLM_RCV,-93,FG-ALPHA,20240415_085853,AUTO,0,33.39,5.00,-85,99.74,8.32,3.30,5.02,922,478,0,331,22.22,1012.80,11.80,406.00,13.93,61.00,1080,20.00,24.60,20.20,20.50,20.60,24.50,20.90,25.40,20.40,20.00,25.80,23.80,23.40,23.30,25.90,25.00,20.10,25.00,23.70,24.90,25.70,20.20,24.60,20.90,20.60,22.10,25.50,20.00,22.20,21.70,21.60,20.80,23.00,21.10,23.00,23.50,25.80,20.60,20.60,23.90,24.90,24.90,20.30,21.90,22.00,24.60,23.10,24.70,20.10,22.30,21.10,23.50,20.80,20.50,24.80,20.50,23.70,24.90,24.90,22.70,21.40,25.50,23.20,23.80
TLM_RCV,-66,FG-ALPHA,20240415_085854,AUTO,0,33.37,5.00,-85,99.81,8.32,3.29,5.02,1092,474,0,323,23.09,1013.30,12.00,405.50,13.93,61.00,1080,25.80,20.40,21.70,25.70,22.90,21.90,25.10,21.80,25.80,20.40,20.20,25.70,20.20,25.60,23.30,25.70,21.50,22.90,20.00,24.00,21.50,23.80,21.60,23.10,22.30,25.20,21.80,21.00,22.10,25.40,21.10,25.20,20.00,24.60,22.60,25.60,20.50,22.70,22.20,20.20,20.70,20.20,24.90,21.10,20.10,25.90,23.00,20.20,21.10,21.20,21.80,24.20,23.60,25.30,22.40,25.90,25.80,23.20,20.10,24.20,22.20,22.30,22.40,23.40
TLM_RCV,-91,FG-ALPHA,20240415_085855,AUTO,0,31.18,5.00,-85,99.85,8.33,3.28,5.02,878,436,0,277,22.21,1013.20,11.90,405.60,13.94,61.00,1080,25.90,20.70,24.60,25.00,25.60,24.30,21.70,22.50,21.30,21.00,22.10,23.80,23.60,21.10,21.00,23.00,22.20,21.10,25.90,25.90,20.20,22.50,22.10,22.60,20.00,25.80,21.20,21.80,20.50,23.00,23.10,20.00,23.20,25.40,24.90,22.30,21.40,21.30,24.90,23.30,24.40,24.50,24.80,25.10,21.10,23.70,21.90,20.60,24.70,22.40,24.80,20.40,23.60,24.80,23.00,23.40,24.90,20.20,25.50,20.10,25.40,25.30,21.20,24.50
TLM_RCV,-71,FG-ALPHA,20240415_085856,AUTO,0,31.07,5.00,-85,99.92,8.34,3.30,5.02,1147,414,0,264,23.66,1013.10,11.80,405.60,13.94,61.00,1080,24.80,21.60,20.80,22.60,25.10,24.70,20.40,23.70,24.60,22.20,24.50,22.00,21.90,20.80,22.40,24.10,25.20,21.60,21.20,23.60,23.50,22.00,23.30,23.00,25.50,25.60,25.30,20.80,22.60,24.90,22.10,21.50,20.30,22.60,22.20,24.20,23.90,20.90,23.10,22.40,24.20,23.60,24.00,23.90,23.00,21.90,24.70,22.50,21.10,24.90,25.60,21.60,24.30,21.80,21.40,25.90,20.50,24.90,23.30,25.80,24.10,22.90,22.70,24.40
TLM_RCV,-79,FG-ALPHA,20240415_085857,AUTO,0,32.30,5.00,-85,99.98,8.33,3.28,5.02,1053,460,0,320,22.97,1013.20,11.90,406.10,13.94,61.00,1080,25.80,24.40,22.80,21.00,21.10,21.90,20.70,21.10,25.80,23.40,25.00,24.70,23.80,22.80,23.00,23.60,21.10,21.90,21.40,23.80,22.60,23.10,23.30,25.20,20.40,23.00,24.10,24.20,22.60,22.50,25.30,22.10,22.90,25.40,25.60,20.10,20.80,22.70,20.20,25.10,25.40,20.30,25.90,23.90,20.70,24.80,23.50,24.00,21.20,25.50,22.70,21.80,24.30,24.10,24.70,20.70,20.30,21.30,25.90,22.00,20.10,23.90,24.10,20.60
TLM_RCV,-53,FG-ALPHA,20240415_085858,AUTO,0,31.40,5.00,-85,100.00,8.33,3.31,5.02,893,479,0,323,22.07,1013.40,12.10,405.50,13.94,61.00,1080,25.60,24.10,20.70,22.20,22.10,25.70,21.40,24.40,21.10,20.90,25.80,24.20,24.60,20.10,22.80,22.00,20.40,20.30,25.20,20.40,23.50,25.90,25.20,25.60,22.20,24.50,21.60,20.60,22.20,21.30,23.20,23.90,20.30,22.60,22.00,24.90,23.70,23.80,23.90,20.90,24.10,24.20,25.60,21.90,23.60,21.50,25.00,21.50,24.70,24.70,22.10,24.20,20.30,24.00,22.00,21.80,22.40,22.70,23.10,24.00,22.30,24.50,24.60,24.20
TLM_RCV,-47,FG-ALPHA,20240415_085859,AUTO,0,31.16,5.00,-85,100.00,8.34,3.29,5.02,1039,432,0,278,23.03,1013.40,11.80,404.50,13.94,61.00,1080,20.60,24.90,24.10,22.40,25.20,20.50,21.20,24.10,23.20,25.70,23.90,20.00,25.50,21.50,25.20,21.00,21.70,20.20,25.40,22.10,21.10,22.10,20.90,21.50,24.40,25.30,22.80,22.60,23.70,24.30,24.10,23.70,24.40,20.30,23.50,21.30,25.80,20.30,23.70,25.70,22.40,20.10,25.80,24.40,21.00,25.10,20.90,25.10,24.90,20.90,22.60,24.60,21.10,25.50,21.10,23.00,25.60,23.90,21.50,25.50,24.60,23.50,24.90,20.60
TLM_RCV,-86,FG-ALPHA,20240415_085900,AUTO,0,33.07,5.00,-85,100.00,8.34,3.31,5.02,874,414,0,257,22.30,1012.80,12.00,405.10,13.94,61.00,1080,22.00,22.10,23.40,21.80,24.80,20.50,24.70,24.70,23.30,24.70,25.20,20.30,25.10,21.70,21.90,22.50,20.10,21.50,24.70,20.60,25.90,21.20,21.20,25.30,23.10,25.60,24.90,25.70,21.20,25.20,24.60,20.40,24.60,22.50,23.20,22.80,25.60,21.40,22.00,21.20,21.80,25.50,22.20,25.00,24.60,20.60,21.60,21.20,21.60,23.10,25.40,20.20,22.20,25.60,25.00,22.30,24.20,21.20,22.70,23.60,23.60,20.40,22.10,24.80
TLM_RCV,-66,FG-ALPHA,20240415_085901,AUTO,0,33.30,5.00,-85,99.95,8.33,3.28,5.02,0,460,0,304,22.30,1013.10,11.80,405.50,13.94,61.00,1080,23.00,23.30,20.40,21.10,20.90,21.80,25.40,25.20,24.10,24.30,22.10,20.60,21.60,20.00,22.40,21.20,22.30,21.20,22.70,20.80,21.50,20.70,20.50,21.50,24.40,24.70,21.20,22.20,21.30,22.00,23.60,23.70,24.10,23.30,24.90,20.30,20.10,25.30,20.10,20.00,23.50,21.70,21.10,23.50,24.80,24.90,20.30,21.80,22.30,21.00,21.70,24.60,22.70,23.70,25.60,24.00,21.50,25.30,25.90,21.60,22.50,25.10,22.50,21.70
TLM_RCV,-90,FG-ALPHA,20240415_085902,AUTO,0,33.14,5.00,-85,100.00,8.34,3.28,5.02,1000,428,0,274,22.86,1013.00,11.90,405.90,13.94,61.00,1080,24.80,23.10,23.00,25.90,20.30,25.30,21.90,22.50,20.70,25.10,25.50,21.80,20.00,21.00,25.80,21.90,20.60,24.60,22.90,24.40,22.70,22.60,22.50,22.30,23.20,25.40,20.20,23.90,20.90,23.40,24.90,24.60,24.10,23.60,23.00,22.50,25.60,25.90,21.60,24.70,21.20,20.20,24.70,22.30,23.40,20.30,22.10,21.20,23.10,20.80,24.20,20.30,24.90,25.90,24.20,20.70,22.70,21.70,25.20,20.30,21.20,25.20,24.20,21.10
TLM_RCV,-88,FG-ALPHA,20240415_085903,AUTO,0,32.42,5.00,-85,100.00,8.33,3.29,5.02,842,483,0,335,21.80,1013.30,11.80,405.50,13.94,61.00,1080,21.80,22.40,24.50,22.90,23.80,22.20,25.30,24.60,25.30,22.30,24.80,25.90,25.10,21.60,24.10,21.30,21.30,24.50,20.80,22.60,22.80,21.70,25.40,24.70,20.20,20.10,22.70,20.20,21.10,20.90,24.50,20.60,20.30,21.50,22.30,23.60,23.10,23.20,20.40,23.40,22.40,23.30,23.60,21.60,24.00,21.70,24.20,23.50,20.50,22.30,24.70,22.60,25.80,23.00,21.60,21.20,25.80,20.30,25.60,25.40,20.30,23.40,23.50,24.90
TLM_RCV,-52,FG-ALPHA,20240415_085904,AUTO,0,31.08,5.00,-85,100.00,8.34,3.29,5.02,1080,417,0,263,23.32,1013.10,12.00,404.90,13.94,61.00,1080,21.20,20.20,22.30,23.20,21.80,21.40,23.70,23.70,22.30,22.40,25.90,25.30,21.00,22.70,20.60,24.80,24.20,24.70,22.00,23.60,23.40,25.90,25.80,20.80,25.90,25.00,24.70,25.40,24.60,20.40,22.50,23.00,22.80,21.60,20.00,20.60,23.50,21.30,23.50,20.20,25.80,21.70,21.10,21.70,25.60,22.50,25.70,21.90,21.10,25.40,25.00,24.70,25.40,21.10,25.50,20.70,24.60,24.00,20.30,20.20,25.30,21.10,23.10,20.00
TLM_RCV,-48,FG-ALPHA,20240415_085905,AUTO,0,31.27,5.00,-85,100.00,8.33,3.30,5.02,841,454,0,305,21.93,1013.20,11.80,405.20,13.95,61.00,1080,20.50,23.20,22.30,23.10,24.10,20.80,23.50,20.90,23.10,20.90,21.30,23.20,23.00,20.80,24.20,21.20,21.20,25.40,21.00,25.80,23.60,22.70,20.10,20.30,22.40,21.70,25.30,23.40,24.20,20.10,20.00,25.10,24.40,25.70,25.20,20.60,22.40,21.30,23.40,25.30,23.40,24.90,20.90,25.30,23.90,21.60,24.90,23.30,20.50,24.40,20.00,21.80,24.50,21.10,25.70,22.90,22.00,21.80,21.00,25.60,23.90,23.30,21.10,25.10
TLM_RCV,-47,FG-ALPHA,20240415_085906,AUTO,0,33.16,5.00,-85,100.00,8.34,3.30,5.02,1125,432,0,289,23.47,1012.90,12.10,406.20,13.95,61.00,1080,24.40,24.70,22.70,20.10,21.70,23.50,20.00,24.90,23.30,21.10,20.00,25.50,23.20,25.20,24.10,24.90,24.00,24.80,20.90,25.10,20.50,24.30,24.00,25.30,23.00,24.40,24.30,25.60,22.00,23.80,21.60,21.30,20.60,21.70,21.60,23.20,20.90,23.30,24.00,24.00,21.00,22.70,25.00,24.00,21.90,25.10,24.10,22.90,24.50,25.80,24.70,23.20,21.90,21.50,25.00,25.40,24.20,24.70,22.60,24.20,20.50,25.50,23.30,22.70
TLM_RCV,-69,FG-ALPHA,20240415_085907,AUTO,0,32.08,5.00,-85,100.00,8.34,3.30,5.02,936,417,0,267,22.59,1012.70,12.00,404.70,13.95,61.00,1080,20.30,21.70,22.70,24.70,21.90,20.70,23.80,20.60,23.50,21.60,24.20,23.30,20.90,25.10,24.40,22.20,25.10,25.70,21.20,22.60,22.80,25.10,25.30,24.40,23.80,20.90,25.80,21.80,22.30,22.10,23.70,22.70,21.10,25.50,25.20,25.90,22.90,20.10,22.50,21.80,21.30,20.00,23.30,22.40,20.70,25.60,22.50,20.70,23.30,20.40,21.90,21.90,25.20,25.10,22.50,23.50,23.60,22.70,21.80,25.90,25.00,24.10,21.40,20.70
TLM_RCV,-82,FG-ALPHA,20240415_085908,AUTO,0,31.27,5.00,-85,100.00,8.33,3.29,5.02,1105,455,0,311,23.25,1012.70,11.90,404.50,13.95,61.00,1080,21.10,22.50,20.70,24.30,25.80,23.50,24.40,21.30,21.60,21.90,21.70,23.80,22.30,20.50,22.00,23.80,25.10,20.70,22.60,21.70,20.10,20.40,21.80,24.20,21.80,22.50,22.70,21.20,20.80,22.30,20.70,20.00,21.40,24.90,20.20,25.70,22.60,20.10,22.70,22.50,20.10,21.00,21.60,25.40,23.30,25.90,23.50,23.10,20.90,21.20,23.60,20.40,25.70,22.30,20.60,25.40,25.40,25.30,25.90,23.50,21.90,24.70,25.60,23.40
TLM_RCV,-65,FG-ALPHA,20240415_085909,AUTO,0,31.50,5.00,-85,100.00,8.33,3.31,5.02,969,499,0,345,22.35,1012.80,12.00,405.10,13.95,61.00,1080,22.70,23.80,21.70,25.20,22.60,21.70,21.10,23.70,24.70,22.20,23.80,23.60,25.40,23.70,22.30,24.60,22.30,23.80,24.40,21.80,21.30,21.10,23.80,22.90,21.60,20.30,23.20,23.60,20.30,20.20,20.00,24.90,25.30,20.00,20.40,25.60,23.30,20.70,20.60,24.60,23.80,20.70,23.10,22.80,25.00,25.60,25.00,21.90,22.10,20.80,24.10,25.60,20.20,25.70,25.60,22.00,24.10,25.70,72.30,24.80,20.20,22.90,22.50,20.40
TLM_RCV,-70,FG-ALPHA,20240415_085931,AUTO,0,31.35,5.00,-85,100.00,8.33,3.28,5.02,985,471,0,323,22.57,1013.00,12.10,405.10,13.97,61.15,1080,25.80,24.60,22.30,25.50,24.60,22.40,25.90,25.90,20.10,21.80,20.70,24.80,23.50,22.90,24.90,22.10,20.40,21.70,24.90,20.50,23.70,21.60,22.70,22.10,21.20,25.70,23.10,21.50,20.30,22.60,20.60,23.80,22.10,25.90,24.00,20.50,20.50,25.20,25.50,24.70,25.10,24.50,25.50,23.50,20.20,22.30,20.90,20.00,25.90,21.40,23.50,23.90,20.10,23.10,23.20,21.80,21.00,25.80,21.50,22.60,24.30,24.10,25.00,24.40
TLM_RCV,-45,FG-ALPHA,20240415_085932,AUTO,0,32.15,5.00,-85,100.00,8.34,3.28,5.02,924,429,0,283,22.48,1012.70,12.00,405.80,13.97,61.15,1080,24.60,24.30,22.90,23.20,25.80,20.30,25.40,25.00,20.40,20.20,23.10,24.70,23.10,21.60,24.30,24.10,23.60,22.20,21.10,24.60,23.90,20.10,23.30,23.40,21.70,22.00,21.80,21.50,22.70,22.60,20.00,22.20,24.10,24.90,20.20,21.10,23.50,20.00,25.50,22.40,20.80,21.10,25.60,23.60,21.50,24.00,21.30,21.70,20.60,23.10,25.10,25.20,20.00,24.90,21.70,25.20,22.10,25.80,22.80,20.40,23.60,23.70,24.90,21.20
TLM_RCV,-42,FG-ALPHA,20240415_085933,AUTO,0,32.32,5.00,-85,100.00,8.33,3.30,5.02,918,464,0,311,22.27,1013.10,11.90,404.70,13.97,61.15,1080,21.40,24.00,24.70,21.60,20.80,21.40,24.00,21.60,20.70,21.30,25.60,21.60,20.20,24.90,20.90,23.20,25.00,25.80,21.10,23.60,20.00,21.30,24.20,25.40,22.40,25.50,24.40,22.30,23.00,24.30,22.80,20.10,22.90,25.80,20.50,24.60,23.10,24.70,20.90,24.50,25.70,20.20,25.80,20.90,22.50,22.50,21.30,20.30,22.80,22.50,25.80,25.40,82.00,22.60,25.80,25.70,21.10,21.60,21.90,23.10,22.90,24.90,24.80,23.90
TLM_RCV,-81,FG-ALPHA,20240415_085934,AUTO,0,32.36,5.00,-85,100.00,8.33,3.31,5.02,977,472,0,331,22.52,1013.10,11.80,405.80,13.97,61.15,1080,23.80,24.90,23.30,22.70,23.30,22.10,23.30,25.30,21.20,24.20,24.20,20.00,20.50,24.90,24.30,21.20,22.10,23.20,23.50,24.50,21.50,23.20,20.40,20.90,25.70,22.70,22.90,24.50,21.30,25.00,21.20,22.20,25.20,21.60,24.60,25.00,20.50,23.00,25.50,24.30,20.20,20.00,22.60,21.40,23.80,23.10,23.90,23.70,25.50,25.80,22.20,23.80,21.60,23.80,25.20,22.40,22.80,25.10,21.40,21.00,25.90,20.30,22.60,25.90
TLM_RCV,-95,FG-ALPHA,20240415_085935,AUTO,0,33.17,5.00,-85,100.00,8.33,3.28,5.02,1130,435,0,279,23.48,1013.00,12.10,404.70,13.98,61.15,1080,24.80,21.30,23.70,20.60,22.60,23.80,24.50,21.70,25.90,23.70,22.30,22.70,20.10,21.00,20.50,23.90,20.50,20.60,21.40,24.60,23.40,25.70,23.50,25.50,25.40,25.10,21.40,24.30,21.60,24.20,22.30,22.60,23.90,24.70,25.80,24.50,20.00,20.70,24.30,22.50,20.90,25.50,21.70,23.90,25.50,23.30,21.00,22.80,25.00,24.60,20.00,22.30,20.40,23.10,24.90,24.80,25.00,25.60,21.50,23.00,23.00,21.30,24.30,25.60
TLM_RCV,-90,FG-ALPHA,20240415_085936,AUTO,0,31.11,5.00,-85,100.00,8.34,3.30,5.02,1152,422,0,266,23.65,1013.20,11.80,405.70,13.98,61.15,1080,23.20,23.80,23.60,23.60,23.40,21.20,24.90,22.80,25.80,24.30,21.90,22.10,24.70,25.90,22.50,23.60,24.40,25.40,21.70,22.10,21.70,24.10,21.70,25.90,20.10,22.90,24.10,23.30,20.40,25.50,20.80,24.60,22.00,25.20,22.50,23.80,23.60,24.60,22.00,25.30,25.40,23.80,25.80,21.70,21.00,25.40,23.00,20.30,25.70,21.90,22.70,24.40,25.60,24.30,24.60,21.10,22.00,24.20,24.10,22.20,24.70,25.30,24.20,21.60
TLM_RCV,-89,FG-ALPHA,20240415_085937,AUTO,0,32.13,5.00,-85,99.96,8.34,3.31,5.02,0,426,0,283,22.13,1013.50,11.90,404.90,13.98,61.15,1080,23.30,22.60,25.80,25.20,24.00,23.20,20.80,22.30,22.90,22.90,25.10,24.00,21.50,25.50,20.50,25.60,21.50,22.40,22.10,24.60,25.50,22.60,21.50,23.50,23.90,22.60,25.80,24.80,20.30,20.70,23.50,22.40,20.20,21.10,24.80,25.90,25.50,22.40,21.60,25.10,24.00,25.80,25.40,20.30,23.50,21.60,25.20,20.80,24.40,25.00,25.30,24.80,20.50,24.00,21.60,22.10,24.30,21.20,22.30,25.20,21.50,24.40,22.80,23.80
TLM_RCV,-58,FG-ALPHA,20240415_085938,AUTO,0,32.19,5.00,-85,99.91,8.33,3.28,5.02,0,438,0,297,22.19,1012.90,12.00,405.70,13.98,61.15,1080,20.60,24.40,25.50,24.00,21.70,21.20,20.00,21.20,20.10,21.40,22.30,22.10,23.80,22.20,21.80,21.30,24.10,24.30,22.60,21.90,23.20,25.10,22.00,22.30,21.70,20.70,23.30,23.50,25.00,25.70,24.30,23.30,24.00,22.70,20.20,23.80,21.40,23.70,22.60,24.80,21.00,24.20,23.50,23.60,25.80,20.50,25.70,23.10,24.90,23.90,21.70,21.50,21.40,20.60,22.20,24.20,24.60,23.20,23.80,20.20,25.20,21.90,23.30,20.10
TLM_RCV,-50,FG-ALPHA,20240415_085939,AUTO,0,31.37,5.00,-85,99.95,8.33,3.29,5.02,874,475,0,326,22.00,1012.90,12.00,405.60,13.98,61.15,1080,20.80,23.90,24.90,23.10,23.30,21.80,25.10,21.10,25.10,25.40,22.10,21.10,25.50,21.00,22.70,25.70,21.10,21.90,21.30,20.90,25.60,24.30,22.20,25.60,20.00,25.40,24.30,21.30,24.90,25.40,22.00,23.50,25.20,22.00,24.60,23.30,22.00,20.90,25.30,23.50,22.80,22.90,25.20,24.60,21.60,23.80,24.90,24.70,22.20,24.50,21.80,23.60,22.40,22.50,20.30,24.90,22.30,23.30,24.20,20.10,20.80,22.50,20.10,20.10
TLM_RCV,-93,FG-ALPHA,20240415_085940,AUTO,0,33.35,5.00,-85,99.99,8.33,3.31,5.02,877,471,0,324,22.03,1013.50,11.80,405.80,13.98,61.15,1080,24.90,24.20,24.90,23.90,25.70,20.20,23.10,24.50,25.20,24.60,24.20,24.60,23.30,21.00,20.30,25.00,25.10,20.30,20.70,23.90,23.30,25.40,25.90,20.30,22.10,24.60,23.60,20.40,22.70,25.20,25.40,22.20,24.80,23.90,22.90,25.10,25.30,20.80,20.80,24.00,24.20,24.50,23.90,25.50,25.50,21.80,22.40,20.00,21.50,23.80,24.20,23.90,24.00,23.20,23.20,21.40,20.90,23.60,23.80,23.10,22.10,25.10,22.60,25.10
TLM_RCV,-55,FG-ALPHA,20240415_085941,AUTO,0,31.11,5.00,-85,100.00,8.34,3.28,5.02,1160,423,0,272,23.68,1012.70,12.10,405.10,13.98,61.15,1080,21.00,25.80,21.00,22.60,24.70,23.30,25.90,23.50,21.60,23.50,24.70,20.60,21.50,21.70,20.60,25.00,21.30,23.00,24.30,25.30,24.90,24.20,24.90,24.70,23.90,22.00,24.50,21.50,23.40,21.50,20.70,22.10,22.70,24.60,24.60,22.80,21.60,21.80,22.30,23.40,24.30,21.40,22.40,23.80,23.10,24.10,24.50,24.80,23.70,20.10,24.00,22.40,25.30,23.00,21.70,24.30,22.20,25.00,23.20,20.80,25.90,21.70,21.40,21.80
TLM_RCV,-59,FG-ALPHA,20240415_085942,AUTO,0,33.17,5.00,-85,100.00,8.33,3.29,5.02,1121,435,0,286,23.43,1013.40,12.10,405.40,13.98,61.15,1080,22.90,21.30,20.30,71.90,23.60,22.30,20.80,25.50,21.50,25.30,25.80,20.50,24.40,23.30,22.40,24.60,20.10,24.70,24.70,22.30,23.30,24.90,22.70,22.50,25.90,25.70,22.00,23.30,23.50,20.30,20.20,21.90,21.90,23.90,24.10,25.90,25.30,21.20,25.30,20.70,24.10,22.30,25.40,24.70,22.30,25.40,23.90,24.90,20.40,20.10,22.90,22.10,20.70,25.40,22.10,23.60,25.20,21.60,20.90,25.70,22.90,22.60,24.80,22.70
TLM_RCV,-67,FG-ALPHA,20240415_085943,AUTO,0,32.35,5.00,-85,100.00,8.33,3.31,5.02,974,471,0,316,22.51,1013.00,12.10,404.50,13.98,61.15,1080,24.00,24.50,20.70,25.20,23.10,20.10,22.80,25.20,20.80,24.20,25.50,24.40,23.20,23.30,22.10,25.80,22.40,21.70,21.20,20.10,25.20,24.90,25.60,24.90,20.30,24.50,24.40,21.50,25.00,25.30,22.00,21.60,25.00,25.30,22.50,25.70,22.20,20.30,23.80,24.70,23.10,20.20,25.20,20.40,21.10,21.80,20.20,25.90,21.60,25.50,20.30,21.70,20.30,21.40,24.20,21.90,20.20,25.80,23.60,20.70,20.40,22.00,24.00,22.70
TLM_RCV,-57,FG-ALPHA,20240415_085944,AUTO,0,33.33,5.00,-85,100.00,8.33,3.31,5.02,897,466,0,313,22.16,1012.70,12.10,405.30,13.98,61.15,1080,22.80,23.80,23.00,20.90,23.20,23.30,20.40,22.70,21.30,25.40,24.30,25.00,25.30,21.40,25.80,24.80,22.80,20.10,22.90,22.80,23.80,20.00,22.50,23.50,25.50,21.90,20.90,24.20,25.40,21.00,20.10,23.30,24.10,21.20,25.40,23.90,22.80,23.20,24.30,23.10,23.70,22.00,21.00,24.40,21.00,21.90,24.20,24.10,20.30,25.30,23.00,22.80,23.40,21.70,21.20,21.80,24.70,20.80,20.70,23.90,22.30,22.00,21.70,25.00
TLM_RCV,-91,FG-ALPHA,20240415_085945,AUTO,0,31.20,5.00,-85,100.00,8.33,3.29,5.02,1110,441,0,301,23.34,1013.60,11.90,405.20,13.99,61.15,1080,24.20,20.20,24.70,23.70,20.00,22.50,24.80,22.70,22.60,21.50,20.20,24.30,22.50,20.10,25.50,24.80,20.50,22.50,24.10,21.00,24.60,22.80,25.60,22.80,22.80,25.70,20.00,25.80,20.70,22.20,21.60,20.80,24.60,25.30,23.10,21.70,21.60,24.00,22.50,23.10,22.10,20.40,21.30,20.80,24.10,22.90,23.40,22.90,24.40,25.30,24.70,23.50,23.00,25.00,24.30,20.80,25.50,24.80,23.50,25.70,20.70,22.90,21.50,22.30
TLM_RCV,-78,FG-ALPHA,20240415_085946,AUTO,0,32.10,5.00,-85,100.00,8.34,3.30,5.02,825,421,0,272,22.02,1013.40,11.80,405.60,13.99,61.15,1080,23.00,21.00,22.00,20.10,22.70,23.50,24.60,24.00,22.70,23.80,22.30,25.90,24.80,25.80,22.60,25.40,23.10,20.60,21.50,20.30,22.90,20.10,22.30,24.10,22.40,23.20,21.50,21.20,23.90,20.00,20.50,23.60,25.10,22.90,24.30,20.10,20.90,22.90,22.10,21.20,25.40,24.30,23.10,20.80,20.80,22.90,22.10,22.90,20.20,20.30,20.30,24.30,23.80,20.80,23.00,23.90,20.20,23.80,22.30,23.30,23.70,21.50,20.10,24.30
TLM_RCV,-49,FG-ALPHA,20240415_085947,AUTO,0,31.19,5.00,-85,100.00,8.33,3.28,5.02,1186,439,0,280,23.74,1012.90,12.10,405.00,13.99,61.15,1080,21.70,20.70,24.30,25.50,23.00,22.60,24.70,20.20,23.40,20.40,20.10,20.70,24.70,20.50,23.80,24.50,23.40,22.00,22.00,21.80,23.40,21.60,21.40,25.60,23.80,20.70,21.50,23.30,22.30,21.30,24.30,23.20,21.00,23.60,23.00,21.80,23.00,22.40,21.40,24.50,20.50,24.80,24.30,22.40,25.50,25.80,24.70,22.70,24.70,25.50,22.40,21.90,20.10,24.10,21.50,20.20,20.60,22.00,22.50,25.20,25.50,21.30,24.90,21.40
TLM_RCV,-47,FG-ALPHA,20240415_085948,AUTO,0,33.08,5.00,-85,100.00,8.34,3.30,5.02,1113,417,0,274,23.48,1012.90,11.90,405.60,13.99,61.15,1080,25.40,22.70,23.50,24.30,23.40,21.70,24.80,25.90,23.70,21.70,21.50,21.40,20.90,24.80,23.70,22.20,25.70,20.10,22.70,24.60,22.50,24.20,20.80,20.10,25.40,20.40,20.70,25.10,25.20,23.80,23.00,25.50,23.70,23.60,25.10,24.20,20.90,23.50,20.80,22.80,23.40,22.80,25.30,20.50,24.60,23.50,25.10,22.00,20.60,25.60,20.40,25.60,25.00,23.30,23.00,23.50,21.80,25.40,20.70,23.10,25.60,22.00,21.40,21.30
TLM_RCV,-46,FG-ALPHA,20240415_085949,AUTO,0,31.18,5.00,-85,100.00,8.33,3.29,5.02,937,437,0,284,22.50,1012.70,12.00,406.30,13.99,61.15,1080,20.50,25.50,24.10,21.60,24.10,21.10,21.70,20.10,22.70,20.60,25.10,22.00,22.70,23.60,24.30,22.60,21.00,22.20,23.60,25.40,20.40,20.50,24.10,20.30,25.60,24.00,20.90,24.40,25.90,22.00,20.60,25.30,21.00,25.90,22.90,25.00,24.60,22.90,21.70,21.00,22.50,23.80,23.20,23.80,24.00,22.80,25.90,21.20,20.80,24.10,21.40,21.60,22.00,23.70,23.70,25.60,24.60,22.40,23.30,25.60,22.30,22.80,23.70,21.30
TLM_RCV,-81,FG-ALPHA,20240415_085950,AUTO,0,32.15,5.00,-85,99.96,8.33,3.30,5.02,0,430,0,280,22.15,1012.70,12.00,405.20,13.99,61.15,1080,25.30,23.20,20.10,25.50,20.10,22.00,23.40,24.90,25.20,24.50,20.60,24.20,25.90,23.70,24.80,20.50,24.20,25.70,21.30,23.80,20.20,21.50,22.10,25.80,20.80,24.80,22.50,20.40,23.30,20.20,23.30,24.60,20.70,21.80,20.70,21.70,20.40,24.50,23.90,21.60,24.30,21.00,24.80,22.10,22.20,24.50,24.40,22.90,24.50,22.00,20.70,23.10,23.70,21.40,22.00,22.80,23.40,23.80,22.00,24.50,25.50,25.20,24.10,21.20
TLM_RCV,-64,FG-ALPHA,20240415_085951,AUTO,0,33.03,5.00,-85,100.00,8.34,3.31,5.02,1077,405,0,262,23.36,1013.10,12.10,405.90,13.99,61.15,1080,24.60,22.60,25.90,24.10,22.60,24.00,23.60,24.80,23.90,20.60,24.20,24.10,21.50,25.10,22.40,21.20,21.10,20.40,24.10,24.50,23.50,21.00,21.30,21.50,22.50,22.90,23.10,25.30,22.80,23.00,25.30,20.50,25.40,21.10,23.10,21.60,22.10,24.80,21.00,22.50,25.10,24.90,23.10,24.90,22.70,22.30,20.60,20.70,22.60,22.10,23.40,23.30,20.30,21.20,21.90,25.80,22.40,24.60,23.10,24.50,21.60,23.90,23.90,23.30
TLM_RCV,-89,FG-ALPHA,20240415_085952,AUTO,0,32.52,5.00,-85,100.00,8.32,3.30,5.02,944,504,0,345,22.20,1013.10,11.80,405.40,13.99,61.15,1080,21.40,24.40,22.50,24.00,22.10,24.40,25.20,20.10,24.70,20.40,21.80,22.60,22.00,20.00,20.20,24.50,22.20,24.60,23.20,24.20,24.00,22.80,21.40,20.10,25.30,22.10,25.90,23.60,24.00,21.10,21.70,20.50,20.60,25.80,20.80,21.20,23.40,22.90,21.30,22.80,25.00,20.60,20.10,22.20,20.60,23.60,21.00,22.90,21.40,25.60,23.80,20.50,23.80,22.00,22.20,20.50,22.50,21.70,21.70,23.70,23.30,20.80,22.90,20.20
TLM_RCV,-81,FG-ALPHA,20240415_085953,AUTO,0,32.38,5.00,-85,100.00,8.33,3.29,5.02,1010,477,0,326,22.67,1013.10,11.80,405.00,13.99,61.15,1080,24.80,20.20,24.30,21.60,25.90,22.90,22.80,22.20,20.70,22.70,22.70,23.30,21.80,24.00,20.20,23.60,22.40,24.20,24.40,25.30,22.30,23.20,24.30,23.30,23.00,21.30,23.90,23.70,24.30,23.90,23.90,21.80,23.20,22.10,23.10,25.10,23.00,20.00,20.90,20.40,20.50,23.60,25.80,22.00,21.40,25.20,25.70,24.30,25.20,22.30,25.30,24.20,21.10,23.80,23.00,22.30,20.60,20.80,25.00,24.60,25.40,22.60,21.90,23.00
TLM_RCV,-71,FG-ALPHA,20240415_085954,AUTO,0,33.38,5.00,-85,99.95,8.33,3.31,5.02,0,477,0,332,22.39,1013.30,12.00,405.10,13.99,61.15,1080,24.20,25.40,24.50,21.10,24.10,21.70,24.10,20.80,21.00,21.40,22.90,24.40,25.40,21.00,22.00,25.50,24.00,24.60,24.20,21.30,24.30,21.20,21.30,23.50,24.50,22.30,21.70,24.90,22.50,21.20,23.50,24.90,25.50,22.70,21.70,25.30,24.50,25.80,21.40,23.60,23.20,23.50,23.60,22.20,22.40,23.40,24.40,20.80,21.40,21.80,25.00,20.70,25.90,24.30,20.00,24.70,21.70,23.70,22.00,21.40,23.10,21.90,88.10,24.40
TLM_RCV,-84,FG-ALPHA,20240415_085955,AUTO,0,33.31,5.00,-85,100.00,8.33,3.30,5.02,983,461,0,321,22.61,1012.90,11.80,405.90,14.00,61.15,1080,20.90,21.70,24.10,25.90,23.90,23.80,20.80,23.50,23.60,23.60,21.90,22.80,24.30,23.30,24.60,24.30,20.50,20.10,24.50,25.10,24.80,25.20,24.00,21.30,22.40,23.40,20.90,25.90,24.80,22.70,23.10,24.80,25.40,24.20,25.10,22.20,20.40,20.90,25.70,20.40,20.10,25.20,23.50,23.40,22.20,24.80,23.80,21.20,23.30,21.20,20.90,21.20,20.30,20.30,24.10,25.90,20.30,25.10,24.90,23.00,22.00,20.20,22.00,24.90
TLM_RCV,-47,FG-ALPHA,20240415_085956,AUTO,0,33.10,5.00,-85,100.00,8.34,3.30,5.02,847,420,0,270,22.14,1013.10,12.10,406.00,14.00,61.15,1080,23.00,24.60,20.60,23.00,22.20,24.70,25.20,25.70,20.50,23.60,21.90,22.30,25.70,20.70,21.80,20.10,24.20,20.20,24.10,25.10,25.50,22.00,21.00,22.50,23.00,22.20,21.00,22.90,25.30,23.90,21.30,23.20,22.60,22.60,23.90,24.40,24.70,25.60,23.10,23.90,23.50,23.40,23.00,23.70,21.30,23.30,24.80,24.00,21.20,23.80,22.30,25.20,24.50,21.00,21.60,21.00,22.80,24.40,20.40,20.40,25.00,21.70,25.00,21.10
TLM_RCV,-40,FG-ALPHA,20240415_085957,AUTO,0,32.28,5.00,-85,100.00,8.33,3.31,5.02,936,455,0,300,22.41,1013.40,12.10,404.90,14.00,61.15,1080,25.90,21.20,20.70,24.00,23.10,25.60,25.20,23.20,24.20,21.90,24.10,25.70,24.40,23.50,21.10,20.60,24.30,25.70,23.90,24.90,21.70,20.60,22.80,22.80,24.60,20.80,22.00,20.20,23.60,21.40,24.50,25.30,23.70,21.60,25.10,23.80,22.50,21.20,21.10,24.70,20.40,21.90,22.30,22.70,23.40,21.00,21.00,20.10,22.80,22.70,24.70,23.00,20.10,24.90,21.30,25.90,20.20,20.20,22.40,21.50,23.30,23.30,25.00,20.70
TLM_RCV,-69,FG-ALPHA,20240415_085958,AUTO,0,32.00,5.00,-85,100.00,8.34,3.28,5.02,1031,400,0,252,23.16,1013.40,12.10,406.40,14.00,61.15,1080,25.20,22.00,21.20,25.50,23.90,24.60,21.50,22.00,20.10,24.70,21.40,20.70,21.20,20.90,20.20,21.00,21.00,22.40,22.40,21.50,22.20,20.80,21.10,21.60,24.80,25.90,24.70,24.30,22.50,22.20,25.20,23.30,23.00,25.80,22.20,23.70,24.90,21.40,21.80,22.80,23.60,23.40,22.10,21.50,23.00,25.30,25.70,23.30,21.80,22.00,23.40,22.20,24.70,23.80,25.80,22.10,20.10,22.10,20.70,22.00,24.80,24.20,24.40,25.60
TLM_RCV,-62,FG-ALPHA,20240415_085959,AUTO,0,33.15,5.00,-85,100.00,8.34,3.30,5.02,862,429,0,284,22.17,1013.60,12.10,404.80,14.00,61.15,1080,24.00,21.80,22.00,24.70,25.60,25.30,23.70,21.70,22.80,23.00,22.70,25.70,24.40,21.70,21.50,22.30,25.70,24.70,20.60,25.40,25.70,24.70,24.40,21.30,23.70,24.10,24.30,20.90,22.50,21.10,24.30,24.50,20.60,23.00,23.20,22.60,25.00,23.20,25.60,21.00,25.40,20.20,22.10,25.80,25.20,21.50,24.90,21.90,25.50,24.50,24.10,25.30,21.90,21.00,23.20,25.80,23.20,20.20,23.90,21.20,21.30,24.20,21.60,21.80
TLM_RCV,-76,FG-ALPHA,20240415_090000,AUTO,0,32.12,5.00,-85,100.00,8.34,3.29,5.02,816,424,0,281,21.96,1013.20,11.80,405.40,14.00,61.15,1080,24.40,23.80,21.80,21.90,24.70,21.50,21.80,23.10,24.00,22.80,20.30,20.70,23.50,22.40,25.70,23.30,23.10,21.20,22.70,20.80,22.00,23.60,20.60,22.70,25.60,25.60,24.00,25.40,22.20,22.40,24.40,22.50,21.50,24.60,21.90,25.10,20.80,21.30,21.00,23.70,24.00,20.20,24.50,24.60,22.60,23.10,23.60,24.50,23.50,25.60,21.30,21.90,22.10,24.30,20.70,20.50,24.20,25.30,24.50,20.80,22.60,22.20,24.90,22.60
TLM_RCV,-88,FG-ALPHA,20240415_090001,AUTO,0,31.19,5.00,-85,100.00,8.33,3.29,5.02,1008,439,0,280,22.84,1012.90,11.90,405.10,14.00,61.15,1080,25.90,23.10,21.90,24.30,24.00,22.90,20.90,23.30,23.20,21.10,22.30,24.70,20.70,22.70,24.20,25.80,23.10,22.30,22.40,24.40,25.60,25.00,24.10,23.50,21.80,25.10,20.00,20.30,21.60,23.20,21.50,24.40,23.20,22.00,25.00,21.30,21.90,22.50,20.00,22.30,25.20,21.30,24.90,22.80,25.00,24.30,23.00,25.90,21.10,22.10,25.10,25.10,20.30,24.20,25.10,25.20,20.40,24.30,24.70,23.30,22.00,21.60,20.10,21.40
TLM_RCV,-78,FG-ALPHA,20240415_090002,AUTO,0,32.10,5.00,-85,99.96,8.34,3.31,5.02,0,419,0,268,22.09,1012.90,11.80,404.60,14.00,61.15,1080,20.30,21.50,20.70,23.90,21.00,22.50,23.80,21.80,25.00,25.30,25.50,20.60,20.50,21.50,20.10,25.10,25.50,20.60,21.80,22.90,21.00,23.60,22.20,25.30,20.30,25.90,24.50,24.40,20.60,21.70,22.60,20.00,25.10,21.90,23.90,20.90,21.30,22.00,24.40,21.60,23.60,21.40,20.30,21.10,24.70,21.10,24.80,21.00,21.40,24.30,21.20,22.60,20.00,25.80,23.80,24.00,25.60,23.70,25.60,25.10,25.00,22.60,20.10,22.50
TLM_RCV,-77,FG-ALPHA,20240415_090003,AUTO,0,33.08,5.00,-85,100.00,8.34,3.28,5.02,993,416,0,261,22.89,1012.80,12.10,404.90,14.00,61.15,1080,21.60,25.70,21.70,22.70,25.70,23.20,23.30,22.80,20.50,21.10,21.70,24.80,20.20,24.20,21.10,23.20,25.70,20.30,20.70,20.90,20.80,25.30,25.80,21.50,82.80,21.20,21.80,23.10,25.50,22.40,21.00,23.30,24.40,23.00,25.90,20.80,22.00,22.10,25.90,21.30,24.70,25.60,23.70,23.40,23.20,22.00,24.40,24.70,24.60,20.20,20.20,21.00,20.20,20.90,25.00,21.30,24.50,21.30,22.60,23.40,24.90,21.00,25.30,20.20
TLM_RCV,-82,FG-ALPHA,20240415_090004,AUTO,0,32.10,5.00,-85,100.00,8.34,3.28,5.02,951,419,0,271,22.66,1013.00,11.90,406.20,14.00,61.15,1080,24.50,23.90,20.90,24.70,24.20,22.60,20.40,24.10,23.00,25.60,24.00,22.80,25.60,25.60,23.60,21.80,22.10,21.30,20.80,20.40,24.00,24.40,25.90,25.80,20.60,23.00,24.00,24.20,21.60,20.90,25.00,23.30,22.30,20.60,21.20,21.50,23.50,24.10,20.50,20.20,20.30,21.20,23.60,25.00,23.40,24.90,25.40,20.30,20.10,21.40,24.90,25.90,20.30,22.20,21.70,24.10,23.00,23.80,22.20,20.30,21.20,21.90,24.00,25.60
TLM_RCV,-44,FG-ALPHA,20240415_090005,AUTO,0,33.18,5.00,-85,100.00,8.33,3.29,5.02,906,436,0,279,22.35,1013.00,12.10,405.50,14.01,61.15,1080,22.60,22.60,22.10,22.90,21.20,20.00,24.50,25.40,21.20,21.30,24.90,21.80,22.90,21.70,24.80,23.10,20.30,22.60,23.30,24.20,21.00,22.60,24.60,24.50,23.20,24.90,20.50,20.30,25.00,21.20,23.30,20.80,22.20,25.40,20.10,22.80,23.00,20.70,20.80,23.60,24.80,21.80,23.40,24.40,24.40,22.10,25.80,22.30,22.50,20.70,24.50,23.60,25.40,23.60,20.30,20.90,22.60,25.10,25.20,23.40,25.90,22.40,24.30,23.20
TLM_RCV,-77,FG-ALPHA,20240415_090006,AUTO,0,33.26,5.00,-85,100.00,8.33,3.30,5.02,1129,451,0,310,23.39,1012.90,12.10,406.00,14.01,61.15,1080,25.00,22.20,21.40,25.70,22.10,21.60,22.50,21.10,24.70,21.20,20.80,23.60,24.90,22.50,22.70,24.90,21.20,25.70,24.90,21.60,24.70,25.60,24.30,24.90,23.90,23.00,21.30,25.80,21.50,24.90,25.70,21.00,22.10,24.40,24.80,24.90,25.00,20.20,20.90,21.80,25.60,24.80,24.10,24.10,21.40,24.20,23.60,23.40,20.30,24.60,21.20,20.60,20.00,21.60,24.60,23.20,25.30,23.30,23.50,25.60,23.70,21.50,21.90,23.20
TLM_RCV,-66,FG-ALPHA,20240415_090007,AUTO,0,33.40,5.00,-85,100.00,8.33,3.28,5.02,865,480,0,332,21.92,1012.80,11.90,404.50,14.01,61.15,1080,22.40,23.50,22.10,25.80,21.20,23.10,21.50,23.00,24.40,20.10,24.00,20.30,24.40,20.00,22.90,21.00,21.40,21.80,23.00,21.80,24.30,21.30,21.60,20.70,24.80,20.10,25.20,21.80,24.80,22.70,23.30,25.90,22.50,24.00,22.60,25.60,23.20,23.00,22.00,20.20,20.50,23.20,25.40,23.00,23.30,21.30,25.00,21.40,23.70,22.10,23.70,20.60,22.30,25.80,25.70,25.50,24.00,20.30,20.40,23.00,24.30,25.10,25.80,21.20
TLM_RCV,-49,FG-ALPHA,20240415_090008,AUTO,0,31.23,5.00,-85,99.96,8.33,3.31,5.02,0,445,0,288,22.23,1012.70,12.10,404.50,14.01,61.15,1080,20.80,21.50,24.80,20.40,24.90,25.90,21.70,21.40,22.50,22.00,20.70,25.80,24.40,22.60,20.60,23.10,25.00,24.30,23.30,21.00,25.60,25.40,21.70,25.10,24.60,23.00,20.00,24.00,21.10,24.80,21.40,24.40,23.50,23.30,24.80,20.20,21.30,23.50,22.20,25.70,25.20,21.70,20.20,21.00,20.30,21.60,23.70,24.90,23.30,20.40,24.70,22.80,23.10,21.20,23.20,22.40,24.70,21.10,22.50,24.40,25.60,22.50,21.80,20.40
TLM_RCV,-45,FG-ALPHA,20240415_090009,AUTO,0,31.37,5.00,-85,100.00,8.33,3.28,5.02,984,474,0,318,22.55,1013.40,12.00,405.00,14.01,61.15,1080,20.30,24.90,21.30,20.00,20.50,25.20,25.60,21.10,25.60,22.80,24.20,24.70,20.20,23.60,25.00,25.50,23.20,22.10,20.60,25.90,24.40,24.90,23.70,25.40,21.30,20.90,20.20,25.00,25.60,21.40,23.80,23.30,24.70,21.60,21.90,23.90,20.00,20.70,23.40,21.10,20.10,20.30,25.70,21.90,22.60,23.30,23.40,23.30,23.60,24.00,22.20,23.80,22.70,22.00,25.90,21.70,23.90,22.20,24.90,24.20,25.30,20.90,24.10,21.90
TLM_RCV,-71,FG-ALPHA,20240415_090010,AUTO,0,33.24,5.00,-85,100.00,8.33,3.31,5.02,1095,447,0,292,23.24,1013.10,11.80,404.90,14.01,61.15,1080,20.50,20.40,21.20,25.10,25.10,23.00,23.30,22.80,24.70,24.00,25.50,25.80,25.80,22.90,23.50,23.40,21.20,25.00,20.80,21.80,21.40,20.30,25.90,24.60,20.90,20.50,23.10,24.60,21.10,22.50,24.00,24.30,22.80,23.40,24.30,22.50,21.10,22.40,20.40,21.90,21.90,21.50,23.80,24.90,23.00,24.00,20.50,24.50,21.00,22.70,20.90,22.60,22.80,21.60,22.50,22.00,22.40,25.30,25.70,20.30,22.90,20.00,24.40,23.80
TLM_RCV,-85,FG-ALPHA,20240415_090011,AUTO,0,33.22,5.00,-85,100.00,8.33,3.31,5.02,1025,443,0,301,22.91,1012.70,12.10,405.70,14.01,61.15,1080,25.00,24.60,22.50,22.50,20.70,24.90,25.40,20.90,24.60,24.60,22.30,20.00,22.80,21.00,25.50,21.80,23.90,25.70,20.30,21.60,25.30,25.60,21.30,24.30,23.60,21.40,20.50,22.40,20.40,22.10,20.80,20.60,23.80,21.30,21.50,21.60,21.90,20.30,25.80,22.80,25.60,20.20,25.90,22.90,24.50,23.30,21.20,20.50,24.00,20.70,21.90,24.60,20.00,25.20,25.60,21.00,22.10,24.00,22.40,25.70,24.10,21.00,20.80,22.70
TLM_RCV,-84,FG-ALPHA,20240415_090033,AUTO,1,36.82,18.00,-85,99.86,8.22,3.29,4.99,1157,1164,745,276,20.03,1013.60,12.10,406.20,14.03,63.25,1080,24.40,24.80,21.40,22.10,25.40,23.40,25.00,25.70,25.40,20.20,23.80,20.90,23.50,25.20,23.10,21.20,22.30,24.90,22.00,25.80,80.00,23.20,23.40,22.00,23.70,21.00,22.20,20.40,21.00,21.70,22.10,23.60,23.20,21.60,20.20,22.40,24.80,25.20,23.90,23.50,21.00,23.30,25.40,20.70,20.90,24.60,20.00,21.90,24.70,22.70,21.20,22.50,22.80,23.00,22.40,21.60,23.70,22.30,21.50,20.60,21.40,21.40,24.20,20.40
TLM_RCV,-75,FG-ALPHA,20240415_090034,AUTO,1,36.74,19.50,-85,99.84,8.22,3.31,4.94,898,1149,716,274,21.25,1012.80,11.90,406.00,14.03,63.40,1080,22.10,23.90,20.70,25.10,20.30,25.40,24.80,23.80,22.90,21.40,20.70,23.60,25.00,24.90,22.40,23.60,22.30,22.80,23.00,21.90,24.10,20.20,20.90,23.00,22.50,20.40,20.00,20.00,24.20,24.80,25.40,22.30,24.40,20.10,22.70,21.90,25.40,25.90,23.50,22.30,22.80,22.70,21.60,25.40,22.00,22.90,21.60,22.90,25.90,20.20,25.50,24.30,23.10,25.20,22.30,24.30,25.90,23.30,20.20,21.60,24.60,21.30,24.20,25.00
TLM_RCV,-73,FG-ALPHA,20240415_090035,AUTO,1,35.02,21.00,-85,99.82,8.22,3.30,4.97,1036,1204,746,313,20.84,1013.20,11.90,405.20,14.04,63.55,1080,24.20,22.30,22.20,20.30,22.20,25.10,24.30,25.10,20.60,25.20,25.00,22.60,22.30,20.70,22.40,25.30,24.40,24.40,24.40,24.80,22.20,20.00,22.00,21.80,22.00,24.30,21.90,21.20,25.40,21.10,21.30,24.80,24.10,25.50,25.20,24.20,25.10,22.10,24.60,22.40,24.10,25.70,22.20,25.10,21.70,24.10,25.10,22.50,20.80,23.80,20.50,23.50,22.60,22.40,24.90,24.50,20.80,23.40,22.30,21.80,22.60,24.50,22.40,25.20
TLM_RCV,-87,FG-ALPHA,20240415_090036,AUTO,1,36.37,22.50,-85,99.81,8.23,3.29,4.98,994,1074,669,257,20.40,1013.10,11.80,404.50,14.04,63.70,1080,23.10,22.20,20.30,21.90,20.40,23.00,23.30,20.10,21.10,20.30,24.70,23.60,22.50,21.80,24.10,24.90,20.90,23.60,20.50,23.30,24.00,25.20,24.30,22.40,22.80,24.80,20.90,20.90,22.30,24.10,25.70,23.60,24.00,22.70,20.90,21.40,23.30,25.10,25.60,25.90,21.60,21.10,24.90,23.20,21.60,25.70,24.70,20.70,21.20,23.80,21.50,23.20,20.50,20.70,25.50,25.80,21.80,24.60,24.70,25.60,24.20,21.20,24.70,20.30
TLM_RCV,-55,FG-ALPHA,20240415_090037,AUTO,0,33.37,20.50,-85,99.77,8.32,3.31,5.02,0,473,0,320,22.36,1013.60,11.80,405.10,14.04,63.70,1080,24.40,25.30,25.30,22.80,23.70,24.40,21.30,22.60,23.70,25.50,24.10,23.20,22.90,23.00,25.90,22.40,20.30,24.90,20.20,21.20,20.90,20.30,20.90,20.60,23.00,21.30,22.30,20.60,24.40,22.70,22.00,21.90,24.30,21.80,23.80,23.60,25.50,24.40,25.70,22.30,24.20,23.90,25.40,23.60,24.40,20.00,20.00,20.90,24.30,20.10,22.70,21.90,21.10,24.20,23.70,22.00,23.50,22.20,24.30,25.70,25.10,23.50,20.60,24.50
TLM_RCV,-94,FG-ALPHA,20240415_090038,AUTO,0,33.26,18.50,-85,99.82,8.33,3.28,5.02,1005,452,0,302,22.76,1013.20,11.90,404.80,14.04,63.70,1080,21.40,71.20,20.80,21.60,23.60,23.90,22.60,20.10,23.90,25.20,24.30,23.00,20.40,23.20,24.50,25.30,20.70,24.20,22.30,25.80,21.40,20.60,23.90,25.90,20.00,22.00,23.90,20.20,25.80,22.70,21.40,21.30,25.60,25.90,21.30,20.60,23.10,23.80,22.00,23.60,24.20,20.80,23.80,25.50,20.50,24.70,25.70,23.90,23.90,22.20,21.40,23.60,24.50,20.10,22.40,21.80,21.00,20.30,24.40,25.90,24.20,23.70,21.50,22.10
TLM_RCV,-63,FG-ALPHA,20240415_090039,AUTO,0,33.28,16.50,-85,99.86,8.33,3.28,5.02,879,457,0,303,22.11,1013.30,12.00,405.80,14.04,63.70,1080,23.10,22.10,25.50,22.70,24.40,24.30,20.30,25.40,23.30,24.00,24.70,23.70,23.20,24.20,23.40,20.50,21.60,24.20,22.20,23.80,20.10,20.70,24.00,20.10,22.80,22.10,20.90,21.90,25.00,22.30,23.90,22.70,20.70,24.00,24.80,20.80,25.10,21.30,21.20,20.70,20.00,25.90,23.80,22.50,20.00,22.50,20.70,23.60,22.70,22.00,24.80,21.30,21.70,21.70,20.60,24.90,23.00,25.60,20.00,23.60,24.80,20.70,24.50,22.70
TLM_RCV,-66,FG-ALPHA,20240415_090040,AUTO,0,32.01,14.50,-85,99.92,8.34,3.28,5.02,948,403,0,258,22.73,1013.30,12.00,405.80,14.04,63.70,1080,25.10,25.80,22.00,24.90,25.20,20.00,25.60,22.90,24.20,22.00,22.20,20.20,23.70,23.50,23.40,21.40,25.40,22.30,24.40,20.60,23.00,20.30,23.20,21.20,22.30,20.90,21.90,25.50,22.60,24.50,21.80,24.70,24.20,25.50,23.10,21.60,24.50,20.70,22.90,23.90,23.40,23.70,20.70,23.60,21.20,24.70,21.30,24.40,20.60,24.70,25.50,25.70,22.30,23.70,23.70,20.30,24.00,22.20,21.80,23.10,24.40,23.10,24.10,25.50
TLM_RCV,-41,FG-ALPHA,20240415_090041,AUTO,0,31.42,12.50,-85,99.87,8.32,3.28,5.02,0,484,0,328,22.42,1013.20,12.00,406.20,14.04,63.70,1080,24.50,22.50,20.30,20.90,22.00,24.20,22.90,24.80,22.20,22.30,23.30,20.00,25.80,25.60,23.10,24.80,22.50,20.90,23.90,25.70,22.20,21.10,22.80,23.90,22.50,20.30,21.90,23.50,23.40,25.20,24.10,25.00,20.20,20.50,25.50,24.30,22.90,25.50,21.80,22.20,23.50,20.00,22.70,21.90,25.90,21.80,24.40,24.10,21.40,25.90,25.20,23.70,24.10,21.70,24.50,23.20,25.70,21.90,21.80,23.10,25.60,23.50,22.20,24.70
TLM_RCV,-87,FG-ALPHA,20240415_090042,AUTO,0,33.26,10.50,-85,99.94,8.33,3.29,5.02,1185,452,0,299,23.66,1012.80,12.10,405.80,14.04,63.70,1080,25.80,20.70,22.50,23.90,23.80,22.30,20.80,21.80,22.90,25.70,22.70,22.60,25.30,22.70,21.70,23.60,24.80,24.70,23.90,24.30,20.10,25.10,21.20,20.80,21.60,25.80,23.10,20.40,20.00,25.30,22.20,25.60,21.80,25.40,24.50,25.90,21.20,23.70,20.80,20.50,25.90,20.80,23.30,20.90,20.80,23.60,22.90,23.80,25.80,24.10,22.20,22.30,20.20,25.90,23.20,23.30,23.70,24.70,20.70,25.20,20.70,22.70,21.20,20.00
TLM_RCV,-82,FG-ALPHA,20240415_090043,AUTO,0,32.09,8.50,-85,100.00,8.34,3.29,5.02,1065,418,0,268,23.24,1012.70,11.80,405.00,14.04,63.70,1080,22.60,23.70,22.60,21.10,24.70,20.90,22.00,22.50,24.30,21.60,20.60,25.10,24.80,22.90,20.50,25.40,24.20,23.60,24.70,23.10,23.40,20.10,21.70,21.10,22.20,22.20,20.20,20.00,21.40,23.50,22.80,22.80,23.00,25.30,20.70,21.50,23.30,25.10,25.30,21.00,20.10,22.40,24.20,22.30,25.50,25.40,23.80,24.60,25.60,24.70,22.50,24.70,22.90,25.50,20.50,20.20,24.40,25.30,25.10,25.90,22.80,25.60,25.00,21.60
TLM_RCV,-44,FG-ALPHA,20240415_090044,AUTO,0,31.22,6.50,-85,100.00,8.33,3.31,5.02,1123,444,0,301,23.40,1012.70,12.00,406.20,14.04,63.70,1080,23.30,22.60,24.90,24.40,23.10,24.90,24.60,23.70,24.40,23.60,23.80,23.00,20.90,22.60,21.40,20.10,22.10,20.50,23.10,21.10,23.30,23.70,23.60,23.10,23.40,25.80,22.50,20.80,25.10,21.80,25.50,20.80,24.30,24.20,25.80,24.40,23.60,20.50,22.20,23.80,21.30,21.00,23.80,24.30,20.50,23.80,22.90,21.30,21.90,21.20,23.50,20.20,25.00,20.00,22.70,24.90,20.10,25.80,24.40,22.50,22.90,21.90,25.80,21.10
TLM_RCV,-84,FG-ALPHA,20240415_090045,AUTO,0,31.07,5.00,-85,99.96,8.34,3.30,5.02,0,413,0,267,22.07,1012.80,12.10,405.90,14.05,63.70,1080,24.50,20.70,23.70,23.90,22.70,24.30,20.30,25.80,23.90,25.40,25.50,20.60,20.00,25.00,24.60,25.00,24.40,21.10,20.30,23.90,23.60,25.80,24.10,23.50,22.10,23.80,24.70,23.10,25.00,25.20,25.50,23.80,20.20,21.90,24.10,25.70,21.10,24.70,24.10,23.50,25.90,25.60,22.40,21.90,21.20,20.00,25.00,24.20,24.80,22.40,21.10,22.00,22.20,24.60,21.70,21.00,24.80,20.80,21.30,25.90,20.20,25.20,23.10,20.60
TLM_RCV,-86,FG-ALPHA,20240415_090046,AUTO,0,33.03,5.00,-85,100.00,8.34,3.31,5.02,1106,406,0,262,23.50,1013.20,12.00,405.20,14.05,63.70,1080,23.00,21.50,25.80,25.50,23.40,22.00,21.60,25.10,20.50,23.40,25.50,25.10,20.20,21.00,21.10,24.80,23.50,25.40,20.00,24.20,25.00,25.10,25.10,21.60,23.80,24.40,21.40,21.20,21.30,20.60,20.10,23.10,24.10,25.10,25.70,24.60,21.10,23.10,22.10,25.90,20.50,23.40,21.70,25.50,25.80,20.70,20.20,22.70,20.90,21.70,25.80,20.10,24.30,25.40,24.80,24.10,25.60,25.90,22.70,20.20,22.60,20.60,20.70,22.80
TLM_RCV,-84,FG-ALPHA,20240415_090047,AUTO,0,31.97,5.00,-85,100.00,8.34,3.28,5.02,974,393,0,250,22.91,1013.20,11.90,405.30,14.05,63.70,1080,25.80,24.80,21.20,23.70,25.20,23.40,22.30,21.00,22.70,24.30,25.20,24.20,25.70,25.10,25.40,21.20,24.00,20.20,22.10,25.20,21.40,25.70,20.50,25.70,20.80,20.20,25.30,25.60,20.80,23.60,22.20,22.00,21.40,25.30,22.20,21.90,21.40,25.30,21.00,23.60,23.10,23.10,24.30,24.40,21.10,23.00,25.10,20.30,20.90,25.90,25.10,24.20,22.70,25.90,21.60,20.60,24.10,23.30,24.50,20.30,20.80,23.50,22.40,22.20
TLM_RCV,-78,FG-ALPHA,20240415_090048,AUTO,0,33.04,5.00,-85,99.96,8.34,3.29,5.02,0,408,0,261,22.04,1013.60,11.90,405.80,14.05,63.70,1080,22.50,21.00,25.60,25.80,22.30,25.30,24.70,20.60,23.70,23.10,20.20,21.60,25.30,21.00,24.20,23.60,24.90,25.90,25.20,23.50,20.40,24.10,20.00,23.70,21.30,22.30,25.10,22.50,24.50,25.60,20.20,22.50,20.80,23.60,24.10,20.30,23.60,22.30,25.40,23.10,23.60,20.70,25.50,21.00,20.70,24.30,22.10,22.30,20.10,23.50,20.90,23.40,24.00,21.10,21.60,20.60,21.60,23.30,20.40,25.10,20.80,23.20,21.00,24.00
TLM_RCV,-60,FG-ALPHA,20240415_090049,AUTO,0,33.35,5.00,-85,100.00,8.33,3.29,5.02,993,471,0,323,22.61,1013.10,11.80,405.90,14.05,63.70,1080,22.40,25.60,23.10,24.90,25.40,24.00,21.20,21.90,25.00,22.50,24.20,24.70,22.50,25.70,24.90,24.80,25.30,24.50,20.80,23.80,25.10,21.80,23.20,22.50,22.20,24.10,24.40,22.10,21.70,24.00,21.40,21.20,21.30,24.60,22.20,25.10,24.90,24.70,20.90,25.20,24.80,21.80,24.40,23.50,23.30,23.70,23.70,22.20,20.10,25.10,25.50,21.90,24.50,21.70,21.50,21.80,22.10,23.50,22.00,24.80,22.50,20.80,25.60,22.70
TLM_RCV,-42,FG-ALPHA,20240415_090050,AUTO,0,33.44,5.00,-85,100.00,8.33,3.31,5.02,1072,489,0,339,22.92,1013.30,12.10,405.80,14.05,63.70,1080,20.50,22.00,23.40,21.70,20.80,24.20,25.90,21.30,23.70,22.50,23.00,22.70,23.40,24.90,22.00,24.10,21.10,21.50,23.30,23.00,25.20,23.70,22.50,22.70,20.50,23.60,20.60,21.40,20.30,25.20,20.60,21.00,24.00,24.30,24.50,20.10,21.60,20.40,21.60,20.40,20.10,22.40,22.10,24.70,24.30,20.10,25.50,24.80,20.90,22.00,20.30,25.40,24.10,25.70,23.90,25.30,25.00,22.80,25.30,21.20,24.70,21.20,21.60,22.70
TLM_RCV,-44,FG-ALPHA,20240415_090051,AUTO,0,32.53,5.00,-85,100.00,8.32,3.28,5.02,1121,507,0,348,23.07,1012.90,12.00,404.70,14.05,63.70,1080,25.60,24.80,25.40,22.70,21.00,20.40,25.00,20.00,21.20,20.00,21.90,24.60,25.20,25.40,24.90,25.90,20.70,22.50,22.60,21.60,22.90,24.10,22.60,20.90,20.80,25.20,20.40,20.00,24.40,22.50,22.00,24.50,22.10,23.60,21.10,24.90,20.70,24.30,24.90,25.30,21.90,25.10,20.80,23.70,23.70,24.10,21.50,24.50,22.90,21.70,24.00,25.80,24.90,25.50,20.50,25.60,20.20,21.00,22.60,20.60,21.40,25.00,25.50,21.00
TLM_RCV,-55,FG-ALPHA,20240415_090052,AUTO,0,31.24,5.00,-85,99.96,8.33,3.28,5.02,0,448,0,303,22.24,1013.50,12.10,405.10,14.05,63.70,1080,22.50,22.90,22.00,23.30,24.20,24.00,24.30,24.20,25.60,21.20,24.50,24.90,22.20,24.40,25.80,23.20,25.70,21.30,23.30,25.90,23.20,22.00,23.20,25.20,25.50,23.50,22.60,21.20,21.40,24.80,25.80,23.60,20.30,22.50,21.30,25.50,20.60,25.20,21.90,20.50,25.20,23.70,25.90,22.80,20.80,21.20,21.10,22.90,22.20,24.60,24.20,23.40,20.90,22.50,23.90,20.90,21.60,24.20,25.80,22.90,25.10,23.00,25.40,23.70
TLM_RCV,-56,FG-ALPHA,20240415_090053,AUTO,0,31.45,5.00,-85,100.00,8.33,3.29,5.02,1196,490,0,336,23.53,1012.80,12.00,405.40,14.05,63.70,1080,21.50,24.00,24.00,21.70,25.10,22.30,21.70,22.80,24.60,20.60,22.20,21.40,20.10,22.50,21.90,25.80,23.70,23.00,21.40,21.40,23.70,25.90,23.20,20.30,22.60,24.80,22.90,24.90,25.90,25.10,25.50,22.80,25.90,24.90,22.20,23.30,22.30,22.30,25.40,22.00,22.00,24.50,22.50,21.50,22.20,24.40,23.10,25.30,20.70,25.80,20.30,20.70,25.10,24.90,25.90,21.40,25.00,20.90,23.20,21.90,20.90,23.00,20.50,25.60
TLM_RCV,-90,FG-ALPHA,20240415_090054,AUTO,0,33.38,5.00,-85,100.00,8.33,3.29,5.02,1085,476,0,324,23.05,1012.80,12.10,406.40,14.05,63.70,1080,20.60,25.50,23.50,20.30,20.10,23.40,24.50,22.50,21.00,25.40,21.40,21.80,23.90,23.70,24.20,23.60,20.80,24.30,22.30,22.30,20.40,22.20,21.30,23.80,20.90,22.80,25.60,23.30,23.20,25.50,22.40,21.70,24.40,21.10,87.70,23.30,25.90,24.50,22.70,23.70,20.50,25.90,24.50,24.90,22.70,24.00,20.60,24.30,21.30,21.60,24.50,24.60,24.20,21.80,25.10,25.20,24.10,22.50,23.60,24.60,23.90,24.80,21.90,23.60
TLM_RCV,-41,FG-ALPHA,20240415_090055,AUTO,0,33.16,5.00,-85,99.96,8.33,3.29,5.02,0,432,0,290,22.16,1013.10,12.10,405.60,14.06,63.70,1080,22.10,22.80,20.10,23.60,20.90,21.10,24.30,21.10,25.40,24.70,24.80,20.60,21.60,23.30,22.80,23.60,25.10,22.90,21.20,20.10,25.80,22.40,23.10,20.40,24.30,21.80,25.00,24.20,22.10,20.70,23.60,21.90,21.20,25.20,25.80,21.60,24.50,21.50,22.90,23.30,22.70,24.90,20.30,21.20,21.70,25.60,22.60,25.20,20.00,25.70,25.50,23.90,24.20,20.90,24.40,25.50,23.10,24.00,23.50,21.90,23.60,24.80,20.50,24.50
TLM_RCV,-50,FG-ALPHA,20240415_090056,AUTO,0,32.31,5.00,-85,99.91,8.33,3.31,5.02,0,462,0,321,22.31,1013.10,11.90,404.70,14.06,63.70,1080,21.70,23.30,21.80,24.20,25.00,23.50,25.70,24.20,23.20,22.60,23.60,23.50,20.60,20.80,23.30,79.30,21.00,22.80,23.00,22.20,21.90,25.40,22.80,22.10,22.40,24.40,25.30,24.00,20.50,22.00,25.80,21.50,24.50,23.90,25.50,20.90,21.40,21.50,22.90,22.00,22.90,23.30,21.60,21.90,25.90,24.10,24.20,24.20,22.40,24.90,23.90,21.40,24.90,24.30,22.00,20.30,20.40,25.40,23.40,20.10,20.90,25.10,21.00,23.70
TLM_RCV,-70,FG-ALPHA,20240415_090057,AUTO,0,32.41,5.00,-85,99.95,8.33,3.28,5.02,839,482,0,328,21.78,1012.70,12.10,404.50,14.06,63.70,1080,21.80,25.20,20.70,24.50,24.50,24.00,23.10,22.30,24.30,23.20,22.60,22.40,22.50,24.50,24.50,21.10,25.50,23.80,25.40,23.50,20.50,20.00,24.70,24.80,23.40,25.00,21.50,20.50,20.30,23.90,22.40,20.30,21.80,23.30,74.90,20.10,25.40,23.30,22.80,24.70,22.60,23.70,23.20,25.80,22.10,23.80,25.00,25.90,23.80,20.80,21.50,20.30,21.30,22.30,24.00,25.00,24.90,24.00,20.60,25.40,21.40,24.90,20.20,20.10
TLM_RCV,-91,FG-ALPHA,20240415_090058,AUTO,0,33.17,5.00,-85,100.00,8.33,3.28,5.02,1034,434,0,276,23.00,1012.80,11.80,405.50,14.06,63.70,1080,24.60,20.40,22.80,21.20,22.30,25.90,25.90,20.90,23.40,22.50,22.50,21.70,25.40,23.70,23.70,20.00,24.30,21.00,23.20,20.60,22.10,22.30,20.00,23.30,25.80,25.80,23.70,23.80,24.40,25.20,20.20,24.40,24.00,22.10,22.30,24.10,23.60,22.50,21.50,22.20,21.90,25.60,23.80,24.20,24.00,25.70,23.80,20.40,22.20,20.30,21.70,22.80,23.30,21.00,20.60,21.40,24.40,24.90,23.90,24.30,20.40,20.00,21.60,20.60
TLM_RCV,-45,FG-ALPHA,20240415_090059,AUTO,0,31.07,5.00,-85,99.96,8.34,3.28,5.02,0,413,0,267,22.07,1013.10,11.80,405.70,14.06,63.70,1080,21.10,24.10,24.40,23.60,23.30,25.60,22.10,24.10,22.40,21.50,23.10,22.50,23.70,25.50,25.40,22.10,24.80,25.70,21.20,20.90,23.90,21.00,23.70,20.70,25.80,21.70,23.40,20.00,22.40,23.10,23.60,21.40,23.00,20.80,21.00,20.10,22.50,21.30,21.20,22.90,22.00,22.10,25.10,22.10,24.10,22.40,21.50,22.90,23.60,23.90,20.60,21.80,25.90,21.00,25.30,21.30,22.30,22.50,25.00,25.20,23.50,22.30,21.60,24.40
TLM_RCV,-70,FG-ALPHA,20240415_090100,AUTO,0,31.46,5.00,-85,99.91,8.32,3.30,5.02,0,492,0,349,22.46,1013.30,11.80,405.70,14.06,63.70,1080,20.90,20.00,22.50,21.80,21.70,24.60,22.50,24.60,22.10,24.40,21.50,20.70,25.10,20.00,24.80,21.50,24.60,20.60,22.10,20.40,22.80,22.00,21.20,20.10,20.50,24.60,25.40,21.10,24.80,25.40,25.20,24.60,20.20,20.60,21.30,23.40,21.40,20.20,21.40,25.40,22.40,24.10,22.20,23.20,23.50,24.20,23.20,21.00,20.40,23.50,21.70,25.60,22.60,25.90,25.20,22.60,23.70,23.30,21.80,21.30,22.00,22.50,25.90,23.10
TLM_RCV,-43,FG-ALPHA,20240415_090101,AUTO,0,32.42,5.00,-85,99.97,8.33,3.31,5.02,1097,485,0,331,23.06,1012.70,11.80,405.60,14.06,63.70,1080,23.40,22.20,21.10,22.70,22.90,25.30,23.80,24.90,25.30,21.20,21.00,21.50,23.20,21.80,21.90,22.80,25.90,23.20,20.80,22.20,21.00,21.90,22.70,22.30,25.90,24.40,21.20,24.90,25.80,23.90,20.20,23.40,21.30,20.30,25.20,20.90,23.80,21.20,21.50,20.50,21.30,21.90,22.00,21.70,21.40,21.40,24.40,21.50,22.60,20.50,25.80,23.00,23.30,21.20,22.30,23.30,23.10,22.70,21.90,24.60,21.00,24.00,24.10,21.80
TLM_RCV,-57,FG-ALPHA,20240415_090102,AUTO,0,31.43,5.00,-85,100.00,8.33,3.30,5.02,816,487,0,330,21.65,1012.90,11.90,405.40,14.06,63.70,1080,24.60,20.10,23.80,20.70,21.50,20.10,23.60,22.10,21.90,20.30,23.00,21.60,22.90,23.80,22.50,21.00,24.60,23.10,22.00,21.50,23.90,24.40,23.60,25.60,22.50,22.20,25.30,22.80,23.50,24.30,21.60,20.70,24.80,82.80,25.00,21.20,25.00,23.60,24.30,24.20,20.60,24.50,25.80,21.90,21.30,21.00,20.70,23.70,20.10,23.20,21.80,21.10,24.00,23.60,24.00,25.60,20.60,20.70,25.60,20.70,25.10,25.30,25.00,24.50
TLM_RCV,-83,FG-ALPHA,20240415_090103,AUTO,0,32.50,5.00,-85,100.00,8.32,3.29,5.02,988,500,0,349,22.44,1013.30,11.80,406.10,14.06,63.70,1080,22.40,20.90,22.20,22.60,24.60,23.90,20.30,23.10,21.80,25.10,23.40,24.00,24.90,24.10,22.90,20.70,23.80,23.00,22.40,20.20,23.90,25.60,21.50,22.70,23.50,21.00,22.30,25.50,21.20,23.00,22.70,24.00,23.00,20.60,25.00,21.00,22.90,20.70,21.00,23.40,21.00,24.00,25.10,20.80,22.70,20.90,24.50,22.00,23.40,22.90,23.80,24.70,25.00,21.70,23.90,21.40,20.30,25.70,25.40,25.70,21.50,20.30,24.90,22.90
TLM_RCV,-93,FG-ALPHA,20240415_090104,AUTO,0,33.44,5.00,-85,100.00,8.33,3.30,5.02,1111,488,0,337,23.11,1013.00,12.00,405.00,14.06,63.70,1080,21.00,24.50,23.20,21.90,20.50,24.80,23.60,24.30,24.50,23.30,20.30,24.80,21.80,23.90,22.80,70.10,23.90,25.70,22.40,23.10,23.20,21.20,22.00,25.70,22.50,24.80,20.40,21.40,22.10,21.20,23.90,23.50,20.40,23.00,23.50,21.20,22.20,22.80,23.50,23.30,22.80,22.50,25.30,23.50,21.80,22.30,21.00,23.00,20.10,21.30,24.50,22.50,23.90,25.70,23.00,21.70,25.60,23.90,21.60,22.10,20.20,25.50,23.80,20.50
TLM_RCV,-88,FG-ALPHA,20240415_090105,AUTO,0,31.20,5.00,-85,100.00,8.33,3.30,5.02,1004,441,0,290,22.82,1013.30,12.10,405.30,14.07,63.70,1080,24.30,21.70,24.70,24.40,25.70,24.70,22.30,25.50,21.40,21.00,23.30,23.30,22.80,21.10,23.70,25.10,21.60,23.00,20.20,22.70,23.20,21.80,25.20,24.70,24.80,20.30,22.10,23.30,20.90,21.60,25.20,23.00,24.00,25.40,22.80,23.90,22.50,20.00,21.60,23.10,22.50,25.50,21.60,25.80,21.00,23.00,22.90,23.20,23.30,22.90,23.90,22.70,25.10,25.20,21.20,23.40,20.70,24.90,20.30,24.20,20.50,23.10,24.20,22.20
TLM_RCV,-57,FG-ALPHA,20240415_090106,AUTO,0,31.07,5.00,-85,100.00,8.34,3.28,5.02,1024,414,0,267,23.05,1013.00,11.80,405.50,14.07,63.70,1080,20.70,24.90,21.50,22.80,25.00,20.60,23.40,21.90,20.10,21.20,22.80,22.80,22.10,23.40,25.80,24.00,23.50,23.70,22.90,20.40,25.00,20.80,24.90,24.80,20.90,21.50,23.90,21.30,22.40,20.20,23.40,25.60,25.30,20.20,20.50,24.80,25.80,20.90,24.40,21.70,25.30,23.60,21.90,24.70,24.40,22.30,23.90,23.10,23.60,25.60,23.20,22.30,23.50,23.50,23.20,24.00,23.80,23.80,22.30,20.40,20.90,21.60,21.70,25.80
TLM_RCV,-67,FG-ALPHA,20240415_090107,AUTO,0,31.49,5.00,-85,100.00,8.33,3.31,5.02,882,497,0,338,21.92,1013.00,12.00,406.40,14.07,63.70,1080,23.40,20.40,20.20,21.10,23.50,24.00,23.60,24.50,24.90,21.80,22.70,23.90,22.30,22.50,20.50,20.10,22.10,23.20,24.10,23.10,21.80,22.00,23.90,22.30,20.70,23.80,24.10,24.20,22.70,20.90,21.60,22.20,21.40,22.40,22.60,25.50,20.30,22.60,24.50,21.80,22.30,23.60,21.10,24.20,22.60,21.00,21.30,25.30,21.10,25.00,21.30,22.40,21.10,20.30,24.00,25.60,20.30,21.60,24.20,20.50,24.50,20.20,22.70,24.10
TLM_RCV,-55,FG-ALPHA,20240415_090108,AUTO,0,33.40,5.00,-85,100.00,8.33,3.31,5.02,1053,480,0,334,22.86,1012.70,11.90,404.80,14.07,63.70,1080,21.20,22.40,21.50,24.50,22.60,25.80,21.00,25.90,22.10,25.20,20.30,20.50,22.90,24.00,23.50,24.00,22.90,23.80,23.60,20.70,20.90,20.00,22.40,24.80,22.70,23.60,23.30,25.20,20.10,22.50,24.90,23.50,20.90,24.80,23.40,23.60,24.40,23.60,25.10,25.60,22.60,20.20,25.40,21.90,20.40,21.40,23.50,25.60,22.90,23.20,21.40,20.50,21.30,25.80,20.80,23.80,22.50,23.20,21.30,20.90,24.80,20.20,20.80,22.60
TLM_RCV,-61,FG-ALPHA,20240415_090109,AUTO,0,33.20,5.00,-85,100.00,8.33,3.30,5.02,923,440,0,292,22.42,1013.20,12.10,405.30,14.07,63.70,1080,24.30,21.80,21.70,21.70,20.60,22.90,25.10,25.60,25.50,22.30,25.90,21.60,21.60,22.70,24.30,25.70,23.50,22.10,25.40,23.10,21.00,22.20,23.90,21.90,24.90,24.90,20.40,24.70,22.90,24.00,22.40,21.30,25.60,21.80,25.50,24.20,22.70,22.40,23.30,23.80,23.50,24.90,25.70,23.10,21.10,21.10,24.60,21.60,20.90,22.00,21.90,24.50,23.10,20.90,22.10,22.00,23.10,21.50,21.70,24.00,21.30,21.70,21.10,24.90
TLM_RCV,-90,FG-ALPHA,20240415_090110,AUTO,0,32.24,5.00,-85,99.96,8.33,3.28,5.02,0,449,0,294,22.25,1013.50,11.90,406.00,14.07,63.70,1080,25.30,25.90,24.60,20.00,22.50,25.00,24.70,24.40,25.60,24.30,22.60,21.20,24.20,25.90,20.40,24.30,25.60,20.90,22.40,20.00,24.40,23.50,25.40,22.70,25.20,21.30,23.70,21.60,20.80,23.40,25.20,25.10,22.90,21.10,22.30,25.60,20.80,22.50,24.90,23.10,24.50,23.90,20.30,22.40,23.50,25.70,24.60,25.50,20.50,23.00,22.80,20.90,20.70,23.70,21.40,23.40,22.80,24.60,21.40,21.00,23.90,23.10,24.80,24.40
TLM_RCV,-71,FG-ALPHA,20240415_090111,AUTO,0,33.19,5.00,-85,100.00,8.33,3.31,5.02,1179,439,0,299,23.70,1013.40,11.90,405.50,14.07,63.70,1080,20.20,24.30,25.00,24.00,22.00,22.60,21.80,20.50,23.20,24.80,23.00,20.20,24.10,21.20,21.10,22.20,24.10,25.40,25.30,20.20,22.70,22.60,25.90,22.10,21.90,24.10,24.30,23.60,24.90,21.50,22.70,25.40,24.10,21.90,21.80,20.40,21.40,21.10,25.30,25.30,22.40,25.30,21.00,24.70,25.20,22.60,20.50,22.90,24.00,25.50,23.50,24.00,21.20,21.80,25.00,24.30,24.90,23.40,25.60,24.90,24.20,25.50,21.60,25.30
TLM_RCV,-90,FG-ALPHA,20240415_090112,AUTO,0,32.39,5.00,-85,100.00,8.33,3.31,5.02,1048,478,0,328,22.85,1013.60,12.00,404.90,14.07,63.70,1080,20.80,21.60,25.40,20.60,23.40,24.80,25.90,24.80,25.90,20.10,22.10,22.40,23.80,21.10,24.50,23.40,22.70,24.80,20.00,21.90,25.40,20.00,20.10,24.80,22.40,25.80,24.50,25.20,21.80,24.60,23.70,23.00,21.70,21.80,23.30,23.30,23.30,25.60,23.60,21.70,22.00,22.90,23.10,24.80,25.40,23.40,23.60,24.90,20.90,22.30,23.40,20.00,22.90,23.30,22.40,20.00,23.70,22.80,20.50,24.20,20.50,22.90,20.50,20.50
TLM_RCV,-55,FG-ALPHA,20240415_090113,AUTO,0,33.06,5.00,-85,100.00,8.34,3.31,5.02,946,411,0,252,22.67,1013.50,11.80,405.70,14.07,63.70,1080,22.40,24.50,25.20,20.80,20.20,20.10,21.00,21.10,23.50,25.70,23.00,24.50,21.20,22.70,22.40,25.00,24.50,21.30,22.50,20.40,23.30,20.00,21.90,20.80,25.20,25.80,21.00,22.50,20.80,23.60,21.10,21.80,25.90,21.40,23.40,21.40,21.80,22.50,23.50,21.50,21.10,21.50,24.80,22.10,20.70,23.40,24.30,25.80,22.00,21.90,21.90,23.80,25.50,24.60,22.30,25.30,22.10,23.00,20.30,23.80,23.90,23.10,24.70,21.10
TLM_RCV,-64,FG-ALPHA,20240415_090135,AUTO,0,31.16,5.00,-85,100.00,8.34,3.28,5.02,1098,431,0,281,23.33,1013.50,11.90,405.10,14.10,63.70,1080,25.30,22.30,25.30,22.10,24.20,23.70,22.20,22.40,23.90,20.10,24.30,20.20,24.40,24.50,23.60,20.50,23.60,21.20,21.30,22.70,21.60,22.40,25.20,21.20,21.80,25.90,25.20,20.20,20.60,25.60,20.00,25.90,23.00,25.60,20.30,25.80,25.00,21.70,21.60,24.90,24.10,25.20,20.60,24.70,21.60,25.30,24.10,23.90,21.20,21.20,23.60,22.30,21.40,25.50,25.80,21.60,23.20,21.30,24.50,24.80,23.20,25.90,22.90,25.70
TLM_RCV,-66,FG-ALPHA,20240415_090136,AUTO,0,32.15,5.00,-85,100.00,8.34,3.28,5.02,898,429,0,289,22.34,1013.50,12.10,404.90,14.10,63.70,1080,20.70,21.40,23.00,20.60,24.00,23.00,20.10,21.00,20.20,20.10,21.60,23.40,25.00,25.90,24.50,21.30,20.50,23.80,21.90,25.00,25.10,20.40,21.20,25.40,21.50,23.80,23.50,20.20,21.60,22.50,21.20,23.20,21.70,25.90,22.20,24.80,22.20,20.50,25.40,23.40,23.80,23.50,24.70,20.70,23.10,25.30,23.00,21.00,23.80,21.70,23.20,22.70,20.30,24.70,23.60,21.50,22.10,22.10,20.40,24.90,25.00,20.10,25.40,23.20
TLM_RCV,-66,FG-ALPHA,20240415_090137,AUTO,0,32.31,5.00,-85,100.00,8.33,3.29,5.02,1031,461,0,308,22.85,1013.60,11.90,405.40,14.10,63.70,1080,25.10,25.20,22.60,25.00,25.50,20.80,24.90,23.00,21.30,23.00,24.10,24.80,25.40,21.80,25.60,21.40,24.20,22.80,22.40,20.70,20.60,24.00,22.40,24.00,20.00,25.10,24.00,24.10,24.80,23.40,22.20,25.50,22.80,24.70,21.00,22.00,22.20,22.60,23.60,21.00,22.30,21.40,20.50,24.50,25.50,23.30,24.70,20.80,20.20,25.40,20.40,24.20,22.00,21.50,24.60,24.10,22.70,22.00,23.70,25.10,20.50,21.90,25.20,23.50
TLM_RCV,-40,FG-ALPHA,20240415_090138,AUTO,0,33.03,5.00,-85,100.00,8.34,3.29,5.02,1008,407,0,263,23.00,1013.00,11.80,405.80,14.10,63.70,1080,24.50,22.80,20.50,20.80,21.60,21.70,23.80,24.60,21.10,20.10,24.40,21.00,20.90,23.70,24.00,23.70,20.60,22.80,21.10,22.10,21.10,24.40,22.70,21.10,23.50,24.00,20.00,24.90,25.40,23.60,21.30,23.90,24.60,24.20,21.20,22.10,20.20,24.80,23.80,23.30,24.30,22.80,22.60,22.60,21.10,22.10,25.20,24.80,23.20,23.10,21.60,22.60,21.70,22.60,23.60,20.70,22.20,22.60,25.70,22.70,24.10,20.60,22.90,24.50
TLM_RCV,-44,FG-ALPHA,20240415_090139,AUTO,0,32.51,5.00,-85,100.00,8.32,3.31,5.02,1161,501,0,347,23.30,1012.90,12.00,405.40,14.10,63.70,1080,25.30,25.80,24.30,22.40,20.00,24.30,24.00,22.30,20.70,24.80,21.20,23.40,21.60,23.30,21.40,20.70,22.20,24.80,20.60,20.20,20.40,21.60,23.00,22.20,25.00,22.90,22.60,20.40,24.10,20.40,23.80,22.50,21.80,24.60,21.70,25.50,25.30,21.70,22.00,20.90,24.00,24.20,22.40,25.90,25.70,20.70,23.70,24.70,20.60,24.50,25.10,23.10,22.10,21.20,22.90,24.90,23.80,21.50,20.50,24.70,21.40,20.20,25.10,23.00
TLM_RCV,-58,FG-ALPHA,20240415_090140,AUTO,0,31.15,5.00,-85,100.00,8.34,3.30,5.02,1020,429,0,281,22.95,1012.70,12.00,405.40,14.10,63.70,1080,23.20,21.30,20.80,21.40,22.30,23.30,20.60,20.50,23.20,21.10,25.20,21.20,20.80,24.80,21.40,25.90,25.60,22.00,20.80,23.70,23.20,20.20,24.60,20.60,22.50,20.60,24.20,24.90,22.60,23.70,23.90,20.00,23.10,22.50,24.10,25.70,24.60,24.60,20.70,22.90,24.00,22.50,20.90,22.60,22.00,23.60,25.70,23.10,24.10,24.20,21.50,21.30,24.20,24.00,21.50,25.90,23.90,21.30,21.30,20.80,22.00,25.40,22.70,21.30
TLM_RCV,-41,FG-ALPHA,20240415_090141,AUTO,0,31.10,5.00,-85,99.96,8.34,3.28,5.02,0,421,0,268,22.10,1013.30,12.00,405.80,14.10,63.70,1080,21.10,21.40,22.00,24.40,25.30,21.80,21.10,25.70,25.10,23.60,23.90,20.00,25.80,22.50,20.10,20.80,21.80,25.80,22.70,22.80,22.40,20.60,25.50,25.90,21.70,25.90,20.10,25.80,23.40,20.40,22.90,21.40,22.40,21.10,24.20,22.50,24.90,25.70,23.40,20.20,24.40,21.10,24.20,21.70,23.50,24.20,21.40,20.40,25.00,21.10,22.40,22.10,23.90,23.70,25.60,21.70,20.30,23.80,22.70,24.70,21.50,21.80,23.30,24.00
TLM_RCV,-83,FG-ALPHA,20240415_090142,AUTO,0,33.03,5.00,-85,100.00,8.34,3.29,5.02,1043,406,0,256,23.18,1013.10,12.10,405.80,14.10,63.70,1080,24.90,25.00,22.10,22.50,25.90,23.60,20.90,20.20,21.90,24.70,20.90,20.60,25.20,22.20,23.90,23.40,21.20,24.10,23.50,25.90,20.50,20.70,21.70,22.10,23.70,25.00,24.60,25.40,23.00,24.70,24.90,71.80,24.70,23.20,25.60,25.90,21.90,24.30,25.50,20.90,20.20,22.90,20.20,21.70,24.40,25.90,24.40,22.30,24.60,21.60,25.90,25.80,25.10,21.30,20.30,25.80,25.90,25.50,24.20,24.60,22.60,21.50,24.80,21.70
TLM_RCV,-44,FG-ALPHA,20240415_090143,AUTO,0,31.08,5.00,-85,100.00,8.34,3.28,5.02,1009,415,0,270,22.97,1013.40,11.90,405.70,14.10,63.70,1080,21.20,20.60,21.60,24.20,21.70,20.90,22.60,25.60,20.30,24.10,23.10,24.40,23.60,20.30,25.70,22.50,25.90,23.50,21.80,23.70,22.50,24.40,24.60,25.00,25.60,20.70,20.70,24.90,21.80,25.50,20.90,22.80,23.80,23.80,25.20,20.30,24.80,21.00,23.10,24.80,23.60,24.30,21.50,21.50,20.40,23.50,20.40,20.90,25.90,21.40,23.40,25.50,23.50,20.30,21.90,20.60,20.20,22.90,23.80,23.20,21.90,21.10,23.00,24.10
TLM_RCV,-42,FG-ALPHA,20240415_090144,AUTO,0,31.42,5.00,-85,100.00,8.33,3.29,5.02,1150,483,0,335,23.33,1013.50,11.90,405.90,14.10,63.70,1080,21.60,21.40,22.40,24.30,23.20,22.00,24.70,22.40,22.80,25.90,23.10,21.10,25.10,21.20,21.20,21.30,24.30,23.50,23.50,24.40,24.80,25.20,21.40,22.00,22.60,24.60,22.60,20.80,25.90,24.80,22.00,21.10,20.90,24.90,22.80,25.40,23.50,24.30,20.50,23.30,20.80,22.60,22.40,25.80,24.60,21.00,23.50,20.80,23.30,22.80,24.30,24.30,20.30,24.60,20.60,20.90,23.70,24.80,21.80,21.70,20.60,25.00,22.20,25.80
TLM_RCV,-64,FG-ALPHA,20240415_090145,AUTO,0,33.38,5.00,-85,99.95,8.33,3.30,5.02,0,476,0,326,22.38,1013.20,11.80,406.30,14.11,63.70,1080,21.40,20.10,20.40,22.30,21.50,21.10,22.90,25.60,22.40,23.00,22.40,20.20,21.40,24.80,20.80,21.10,22.30,25.80,21.50,23.40,24.70,25.90,20.50,25.20,22.80,22.20,23.80,22.60,22.20,24.20,21.60,23.20,21.40,22.40,23.50,20.30,21.40,21.70,21.10,20.30,21.50,20.60,22.70,23.30,21.80,21.90,20.90,23.40,24.60,24.70,25.60,24.00,24.30,23.40,22.00,22.40,22.80,22.80,23.00,20.30,25.80,23.60,20.70,21.00
TLM_RCV,-71,FG-ALPHA,20240415_090146,AUTO,0,33.28,5.00,-85,100.00,8.33,3.29,5.02,1160,456,0,300,23.52,1013.60,12.10,404.90,14.11,63.70,1080,21.80,23.30,24.40,21.70,20.30,24.60,21.50,20.40,25.70,22.60,22.40,21.60,22.00,21.10,23.50,20.00,25.80,23.80,20.30,20.10,23.30,25.30,88.50,25.60,21.60,21.40,20.10,24.70,24.50,25.00,23.90,22.10,24.00,21.50,23.00,25.40,24.90,24.70,21.40,22.50,24.80,23.50,23.60,21.40,25.50,24.90,20.60,21.70,22.30,20.20,21.90,20.40,24.50,20.00,20.10,20.70,21.10,22.50,22.20,23.90,21.20,24.20,23.10,25.10
TLM_RCV,-70,FG-ALPHA,20240415_090147,AUTO,0,33.19,5.00,-85,100.00,8.33,3.31,5.02,944,439,0,297,22.52,1012.80,11.90,404.70,14.11,63.70,1080,21.00,24.80,21.50,21.10,21.90,21.80,20.50,20.40,23.80,23.70,21.30,23.30,21.80,21.40,21.30,25.40,20.50,20.10,24.50,25.90,23.70,25.10,22.10,25.90,24.00,21.70,24.50,23.40,20.40,21.30,20.30,22.40,22.60,24.40,24.50,24.00,24.80,24.60,22.50,25.70,21.50,25.00,23.90,22.80,20.60,24.50,24.90,24.70,22.20,23.00,25.20,22.10,20.60,25.90,24.90,23.40,24.50,24.40,25.60,24.00,22.50,25.50,20.90,22.00
TLM_RCV,-61,FG-ALPHA,20240415_090148,AUTO,0,33.36,5.00,-85,100.00,8.33,3.28,5.02,927,472,0,319,22.27,1013.60,11.90,406.40,14.11,63.70,1080,22.20,25.20,21.20,20.70,24.10,24.10,24.40,23.30,23.90,20.00,23.80,24.40,22.80,24.80,20.60,21.10,21.40,25.30,20.30,24.60,24.70,20.40,22.30,21.00,25.70,23.70,22.70,24.60,23.20,20.80,23.60,22.70,23.20,22.00,20.80,22.20,21.10,23.80,25.60,21.10,25.10,22.90,22.00,25.30,22.50,21.40,23.90,20.40,21.80,21.00,25.00,22.60,23.00,24.80,22.50,21.50,21.80,25.10,20.60,20.20,22.30,24.50,25.40,23.30
TLM_RCV,-60,FG-ALPHA,20240415_090149,AUTO,0,31.12,5.00,-85,100.00,8.34,3.31,5.02,1086,424,0,267,23.31,1013.50,11.80,404.90,14.11,63.70,1080,24.60,21.90,23.90,25.70,21.70,23.60,25.50,20.90,20.60,21.90,23.00,24.10,20.00,23.30,21.00,24.30,21.00,21.90,24.00,22.20,23.40,25.30,25.70,23.00,20.30,25.30,21.80,20.40,21.30,21.60,25.00,22.10,22.40,21.20,22.40,22.00,20.40,23.30,22.60,23.90,20.80,21.20,23.20,23.10,20.90,24.30,24.80,22.20,21.10,20.70,22.20,20.40,22.00,20.80,25.20,23.40,23.90,25.20,21.80,25.30,24.50,22.90,23.30,23.00
TLM_RCV,-55,FG-ALPHA,20240415_090150,AUTO,0,32.24,5.00,-85,100.00,8.33,3.31,5.02,1118,449,0,302,23.34,1013.40,12.00,405.10,14.11,63.70,1080,20.70,22.90,22.30,25.80,23.10,21.90,25.80,20.80,21.80,21.30,25.50,20.40,21.50,21.30,23.10,23.90,24.70,23.00,20.70,23.80,20.10,23.30,21.70,24.50,25.90,20.40,24.40,21.90,24.30,24.90,23.20,21.50,22.70,24.50,20.90,25.30,21.40,21.00,23.90,24.80,22.30,20.10,25.40,21.10,21.00,21.40,20.10,22.00,23.20,24.60,23.70,21.30,22.40,22.30,22.60,24.90,20.20,22.60,24.70,24.40,21.20,21.70,21.00,25.00
TLM_RCV,-58,FG-ALPHA,20240415_090151,AUTO,0,33.13,5.00,-85,99.96,8.34,3.29,5.02,0,425,0,278,22.12,1013.40,12.00,404.80,14.11,63.70,1080,22.40,24.80,25.00,23.80,24.00,25.70,21.50,23.60,25.60,21.70,24.00,20.70,24.50,22.20,24.50,23.90,76.90,22.30,23.80,20.30,25.20,20.40,20.60,25.00,24.40,22.00,24.60,24.10,20.70,24.70,23.90,20.60,25.10,22.40,25.30,20.20,23.30,20.10,22.10,22.00,21.30,20.20,24.50,25.90,21.70,22.50,25.70,24.10,21.40,25.10,21.80,24.20,23.90,24.00,25.00,24.20,21.40,25.00,21.10,23.80,22.50,24.40,25.00,20.50
TLM_RCV,-76,FG-ALPHA,20240415_090152,AUTO,0,32.31,5.00,-85,100.00,8.33,3.31,5.02,1084,461,0,312,23.11,1012.80,11.80,405.20,14.11,63.70,1080,22.80,23.50,22.00,22.80,24.90,24.20,21.80,20.60,22.10,25.90,25.90,21.70,22.10,22.50,20.40,23.50,24.60,23.50,21.00,24.20,20.40,24.10,22.40,20.60,25.00,23.20,24.10,21.00,24.70,21.60,24.10,25.10,20.40,23.20,24.20,24.40,23.80,21.00,23.00,21.50,23.90,20.30,24.20,21.30,21.90,20.20,20.50,21.90,23.10,24.00,20.70,20.40,25.80,23.20,21.50,22.30,21.30,23.80,21.30,23.30,25.00,22.20,24.10,25.10
TLM_RCV,-90,FG-ALPHA,20240415_090153,AUTO,0,31.02,5.00,-85,99.96,8.34,3.31,5.02,0,404,0,251,22.02,1013.60,11.90,405.20,14.11,63.70,1080,23.60,25.30,25.50,23.80,20.90,23.80,20.70,22.20,23.80,22.70,23.00,24.60,21.00,22.80,21.00,25.70,25.20,23.10,20.40,22.30,24.90,20.40,25.50,24.80,22.70,25.70,21.20,24.30,20.20,20.80,21.50,23.70,20.00,22.70,21.50,25.30,25.60,22.20,21.10,23.30,20.90,21.00,20.00,21.80,21.70,23.40,23.10,23.20,23.10,20.80,23.10,21.70,25.50,25.10,20.90,25.80,24.70,23.50,25.80,23.30,25.30,20.40,20.70,25.70
TLM_RCV,-69,FG-ALPHA,20240415_090154,AUTO,0,31.29,5.00,-85,100.00,8.33,3.31,5.02,857,458,0,306,22.00,1013.10,12.10,405.60,14.11,63.70,1080,21.30,25.30,20.20,20.80,22.90,22.60,20.90,21.20,25.10,21.50,25.60,25.60,21.00,20.00,25.90,24.50,20.60,23.90,24.40,20.50,24.50,22.70,23.30,23.00,20.70,25.80,20.40,24.50,21.90,23.30,20.10,20.30,23.40,25.50,21.30,22.50,20.50,20.60,24.50,22.40,24.60,24.90,21.40,20.70,20.30,21.40,25.10,21.40,20.00,20.70,24.90,25.20,20.00,25.80,23.80,25.40,23.50,25.90,24.00,21.90,25.50,24.80,22.60,22.30
TLM_RCV,-86,FG-ALPHA,20240415_090155,AUTO,0,31.32,5.00,-85,100.00,8.33,3.30,5.02,1076,463,0,316,23.07,1013.60,11.90,405.80,14.12,63.70,1080,25.80,23.50,22.80,25.10,20.30,24.60,24.30,25.80,21.80,20.70,22.40,20.00,24.30,25.20,20.20,22.80,22.00,23.60,22.50,22.10,20.00,20.00,20.20,24.80,23.00,20.60,21.20,22.10,22.00,22.60,22.50,22.00,21.30,21.60,25.60,22.50,23.90,22.10,25.60,25.70,23.10,21.50,21.10,23.70,23.80,22.80,23.20,25.80,24.50,25.30,21.50,21.30,25.70,20.90,21.30,24.50,20.00,24.70,24.60,20.30,24.00,23.90,20.30,22.80
TLM_RCV,-75,FG-ALPHA,20240415_090156,AUTO,0,31.24,5.00,-85,100.00,8.33,3.31,5.02,945,447,0,307,22.49,1013.60,12.00,406.20,14.12,63.70,1080,24.30,20.00,24.90,21.20,21.90,20.80,21.10,22.10,20.70,22.30,21.60,20.00,24.30,23.20,21.50,24.70,21.80,20.20,23.50,25.20,21.80,22.40,21.20,25.60,24.00,20.70,24.10,23.90,20.20,22.30,22.00,25.80,25.10,20.70,24.90,20.10,20.10,21.00,24.10,22.30,22.80,25.50,25.80,23.20,24.20,23.00,23.60,24.00,23.10,20.40,21.00,22.40,21.80,22.30,25.80,24.80,22.90,20.90,24.00,25.90,24.30,25.20,22.80,23.40
TLM_RCV,-47,FG-ALPHA,20240415_090157,AUTO,0,33.28,5.00,-85,100.00,8.33,3.28,5.02,1087,457,0,303,23.15,1013.50,12.00,405.00,14.12,63.70,1080,22.90,25.00,23.40,25.80,20.40,20.90,23.50,20.30,22.50,22.80,20.10,20.40,22.20,22.10,23.00,21.60,21.60,23.10,24.30,25.40,25.70,20.10,20.50,23.20,25.00,23.70,20.90,25.80,25.60,20.30,20.40,23.70,20.60,20.70,23.90,22.90,25.40,20.30,21.80,23.20,23.80,22.30,25.60,23.90,20.50,24.50,22.90,21.00,24.90,22.40,25.80,21.60,24.20,20.10,25.40,25.40,23.30,21.10,24.30,20.40,21.60,21.60,24.80,23.80
TLM_RCV,-41,FG-ALPHA,20240415_090158,AUTO,0,31.34,5.00,-85,100.00,8.33,3.31,5.02,1064,469,0,310,22.98,1013.30,11.90,406.10,14.12,63.70,1080,21.20,21.70,25.80,21.50,25.60,24.00,25.10,22.50,21.10,20.00,25.80,25.10,20.40,25.40,22.90,25.40,23.50,22.90,24.20,21.70,23.70,25.60,22.70,22.80,20.40,22.30,23.70,20.40,20.10,20.90,20.40,21.10,22.90,24.00,20.20,23.30,24.50,24.80,25.40,23.20,22.90,20.00,23.50,25.20,24.00,21.50,20.80,25.20,25.50,20.20,25.80,25.00,20.90,24.00,24.30,22.00,25.50,22.40,25.90,21.50,22.80,25.60,22.90,20.80
TLM_RCV,-85,FG-ALPHA,20240415_090159,AUTO,0,33.22,5.00,-85,99.96,8.33,3.31,5.02,0,443,0,301,22.22,1012.70,11.90,406.40,14.12,63.70,1080,20.10,21.10,24.70,24.90,24.40,24.50,21.40,25.00,23.40,24.00,21.40,20.40,25.10,25.20,25.40,21.80,24.00,21.30,20.80,20.80,25.50,21.70,25.50,24.10,23.20,20.70,23.90,21.50,25.40,20.20,24.90,25.40,25.90,23.30,25.60,25.50,24.90,23.40,20.10,24.80,23.40,24.60,22.50,24.30,25.80,24.80,24.50,25.30,25.40,23.90,23.50,22.00,22.80,22.00,21.10,24.90,21.50,20.90,22.20,21.60,21.00,21.00,24.60,25.70
TLM_RCV,-62,FG-ALPHA,20240415_090200,AUTO,0,31.37,5.00,-85,100.00,8.33,3.31,5.02,1054,474,0,321,22.90,1013.20,11.80,405.10,14.12,63.70,1080,23.10,21.10,22.50,24.90,20.80,20.30,20.00,21.30,21.20,21.50,25.30,20.80,21.40,23.60,20.60,23.90,21.90,23.90,21.90,22.30,20.50,21.40,25.80,22.60,21.00,22.10,21.90,20.00,24.70,23.50,21.90,25.60,21.50,22.90,24.10,20.30,25.40,23.10,22.20,21.40,24.10,24.80,24.70,25.30,22.90,24.30,23.90,24.00,21.40,23.70,25.10,22.70,24.40,20.50,21.20,22.10,22.50,24.90,25.00,25.60,23.90,24.90,21.40,25.60
TLM_RCV,-57,FG-ALPHA,20240415_090201,AUTO,0,31.17,5.00,-85,100.00,8.34,3.29,5.02,890,433,0,285,22.28,1013.50,12.10,406.00,14.12,63.70,1080,23.30,23.40,22.80,21.50,22.80,20.40,22.60,24.60,22.20,25.40,21.70,20.90,24.60,22.90,22.80,24.90,22.90,24.20,25.00,25.80,21.70,21.50,22.90,21.90,25.40,20.90,22.60,21.40,20.40,20.90,22.30,22.50,23.50,20.20,20.90,23.10,24.50,21.50,22.70,25.70,23.20,24.50,24.40,25.10,24.50,24.90,24.00,21.40,20.90,20.60,22.30,21.90,20.70,21.50,22.10,22.20,24.80,23.30,20.50,23.70,21.30,21.20,20.00,25.60
TLM_RCV,-63,FG-ALPHA,20240415_090202,AUTO,0,31.00,5.00,-85,100.00,8.34,3.30,5.02,1187,401,0,259,23.93,1013.50,11.90,405.50,14.12,63.70,1080,21.60,24.90,22.40,24.30,25.30,21.20,20.60,25.80,24.50,24.00,20.50,22.90,23.10,22.20,24.30,23.30,20.10,22.00,23.80,25.50,24.90,20.10,20.10,24.30,24.60,22.80,20.30,25.70,22.70,25.10,22.80,23.80,20.30,23.00,24.60,23.50,20.50,25.80,22.80,25.30,21.00,24.30,25.40,24.90,24.20,22.80,23.20,22.50,24.60,24.80,20.20,24.90,25.40,24.00,20.60,25.20,23.30,20.50,21.80,24.80,24.80,20.70,23.60,25.10
TLM_RCV,-77,FG-ALPHA,20240415_090203,AUTO,0,33.11,5.00,-85,100.00,8.34,3.28,5.02,1099,422,0,277,23.39,1013.20,12.00,405.00,14.12,63.70,1080,21.90,23.80,23.80,22.70,23.20,23.10,21.50,25.90,23.90,20.40,21.30,24.80,24.90,22.20,20.40,25.90,23.70,21.90,23.90,22.80,23.10,22.70,21.80,25.40,24.60,20.80,20.20,20.10,80.00,23.50,23.80,21.60,23.60,24.00,21.90,20.00,23.00,25.20,22.10,25.60,22.80,22.60,21.60,22.30,21.20,25.40,21.60,22.50,25.90,20.80,22.60,21.60,20.90,22.10,23.20,21.20,23.00,22.10,23.80,21.80,21.80,23.30,20.90,23.40
TLM_RCV,-84,FG-ALPHA,20240415_090204,AUTO,0,32.37,5.00,-85,100.00,8.33,3.29,5.02,1144,474,0,333,23.35,1013.60,11.90,405.00,14.12,63.70,1080,21.90,20.40,21.30,22.70,24.70,24.00,22.10,25.90,24.10,20.40,21.50,20.90,23.80,24.00,20.90,23.90,24.90,23.20,24.90,22.60,23.10,21.40,25.50,25.20,21.00,21.40,22.40,22.20,25.50,20.40,24.70,21.10,21.10,24.20,23.50,24.40,24.10,21.40,21.80,20.90,21.80,20.60,24.90,20.10,22.40,23.40,21.70,21.70,20.50,24.90,21.80,23.40,22.60,20.70,24.60,22.50,25.30,20.00,25.30,25.30,23.00,20.30,21.60,24.40
TLM_RCV,-95,FG-ALPHA,20240415_090205,AUTO,0,33.28,5.00,-85,99.95,8.33,3.30,5.02,0,456,0,302,22.28,1013.50,11.90,405.60,14.13,63.70,1080,24.50,21.10,21.90,24.70,22.10,24.20,21.00,21.50,20.30,25.30,25.30,21.50,21.90,20.30,23.30,25.80,23.90,25.80,22.20,24.40,20.80,24.50,23.80,25.80,20.20,20.30,25.40,25.20,24.30,23.10,22.30,23.30,21.20,24.20,20.90,21.10,24.60,20.90,20.50,21.30,23.10,20.90,24.40,21.40,20.40,21.00,21.50,22.60,22.90,20.80,24.90,25.80,23.50,21.00,22.40,22.40,73.70,22.00,20.10,23.40,20.00,23.50,21.40,22.90
TLM_RCV,-44,FG-ALPHA,20240415_090206,AUTO,0,32.00,5.00,-85,99.91,8.34,3.29,5.02,0,399,0,251,22.00,1013.20,12.10,406.30,14.13,63.70,1080,25.80,21.90,24.60,25.70,22.60,24.10,25.00,21.70,24.60,20.80,22.20,22.20,24.60,21.30,23.10,25.10,23.00,25.30,24.10,24.40,21.60,21.50,22.40,20.80,20.00,24.50,25.60,23.70,21.50,21.00,21.00,20.00,24.50,25.90,23.10,22.90,22.40,20.10,20.50,21.80,23.70,24.80,23.90,24.40,20.60,22.20,25.80,22.10,21.70,20.60,22.50,25.50,21.50,24.40,24.50,23.30,24.30,20.80,20.10,24.60,22.70,20.40,20.80,23.70
TLM_RCV,-40,FG-ALPHA,20240415_090207,AUTO,0,32.31,5.00,-85,99.87,8.33,3.30,5.02,0,462,0,312,22.31,1013.30,11.90,405.50,14.13,63.70,1080,24.40,20.30,23.50,23.90,21.00,22.60,23.30,21.80,20.20,24.00,24.60,21.50,21.00,23.70,22.60,22.00,21.70,25.70,21.30,21.00,20.50,21.20,25.90,23.20,20.60,21.60,21.40,22.90,22.50,24.60,23.60,24.90,23.90,22.90,24.40,22.20,21.20,25.70,21.00,24.40,21.60,24.40,23.10,23.70,23.70,25.80,23.30,21.30,25.80,20.60,25.50,23.70,20.50,20.10,21.50,21.60,21.40,22.60,24.60,25.00,23.80,21.40,22.60,24.00
TLM_RCV,-63,FG-ALPHA,20240415_090208,AUTO,0,32.08,5.00,-85,99.92,8.34,3.30,5.02,983,416,0,266,22.83,1012.70,12.00,405.50,14.13,63.70,1080,24.80,22.90,21.10,20.90,25.10,22.00,20.50,20.60,24.10,20.70,20.90,25.20,20.30,23.60,23.10,24.00,24.80,22.50,24.00,22.70,24.60,20.10,20.60,25.30,23.60,22.60,21.40,22.80,23.90,23.60,24.70,21.40,21.70,24.60,21.50,22.50,20.20,25.70,21.20,21.40,21.90,25.90,25.10,21.10,24.30,22.70,25.80,23.90,20.30,20.50,20.60,24.40,25.90,20.00,20.40,22.70,20.60,25.40,20.30,24.90,24.40,21.00,25.50,25.30
TLM_RCV,-60,FG-ALPHA,20240415_090209,AUTO,0,31.33,5.00,-85,99.88,8.33,3.31,5.02,0,467,0,312,22.33,1013.10,11.90,405.70,14.13,63.70,1080,25.40,23.80,24.50,22.50,23.80,24.80,25.30,25.20,23.00,21.10,25.70,25.00,25.00,24.30,21.90,22.80,20.10,21.90,22.60,25.40,25.60,22.30,20.10,21.20,23.50,25.40,22.70,24.80,24.80,21.00,21.60,23.10,20.10,25.10,22.70,21.60,20.00,25.70,25.70,25.90,25.30,20.30,21.60,21.80,22.10,21.10,23.70,22.30,21.40,21.20,24.80,24.00,20.20,21.70,21.70,20.40,23.20,21.10,25.50,25.40,24.30,21.60,25.20,25.20
TLM_RCV,-56,FG-ALPHA,20240415_090210,AUTO,0,33.44,5.00,-85,99.92,8.33,3.30,5.02,904,487,0,340,22.08,1013.20,11.90,406.20,14.13,63.70,1080,21.50,21.40,21.40,20.80,25.90,22.10,24.40,20.40,22.30,24.50,21.90,21.00,21.90,25.40,21.00,25.60,21.30,22.50,21.50,21.80,25.20,20.00,24.40,20.10,23.60,20.60,25.00,22.10,20.10,24.70,23.20,21.70,20.70,21.10,23.20,24.80,25.20,22.40,20.00,21.90,21.00,24.80,23.10,21.50,22.60,25.70,24.20,22.80,21.00,24.60,24.10,23.50,25.30,21.10,21.50,24.70,24.80,21.60,23.20,25.20,25.20,21.00,22.20,25.80
TLM_RCV,-62,FG-ALPHA,20240415_090211,AUTO,0,33.12,5.00,-85,99.96,8.34,3.31,5.02,872,424,0,277,22.24,1012.90,11.80,406.10,14.13,63.70,1080,21.00,20.60,21.10,25.40,25.00,22.90,23.00,25.40,24.10,24.70,25.90,24.00,23.30,24.30,23.50,22.40,25.90,22.70,21.90,24.70,71.90,20.20,25.50,25.10,25.10,21.70,22.70,23.60,23.50,21.60,23.60,20.30,24.40,22.00,20.40,20.40,20.10,23.30,20.80,22.00,25.20,21.10,24.20,22.80,20.40,21.30,25.90,24.80,22.50,25.50,24.00,22.30,25.00,24.20,21.60,22.20,22.90,20.90,20.30,24.50,22.90,24.60,23.20,25.50
TLM_RCV,-87,FG-ALPHA,20240415_090212,AUTO,0,31.51,5.00,-85,100.00,8.32,3.28,5.02,1143,503,0,348,23.20,1012.70,12.10,405.80,14.13,63.70,1080,24.10,23.00,24.90,21.10,20.40,25.10,22.70,21.00,20.50,23.30,20.70,22.50,22.90,20.70,21.10,20.40,25.20,22.00,22.20,24.50,21.90,20.60,21.10,22.70,25.10,25.90,22.30,20.50,20.70,21.00,24.30,21.00,22.30,23.70,22.20,23.50,24.50,22.80,22.20,23.10,25.00,23.50,21.20,25.90,23.60,23.30,21.70,22.40,22.30,20.30,22.00,20.60,21.60,24.20,22.90,25.80,23.20,25.70,22.70,24.90,22.50,24.50,20.30,22.70
TLM_RCV,-63,FG-ALPHA,20240415_090213,AUTO,0,33.22,5.00,-85,100.00,8.33,3.31,5.02,854,444,0,291,22.05,1013.10,12.00,406.40,14.13,63.70,1080,23.00,24.40,24.50,25.90,25.00,20.70,23.00,21.10,21.30,25.60,22.00,21.50,21.70,22.10,25.10,21.70,25.90,21.10,22.80,22.00,20.00,22.30,22.10,20.50,20.10,22.90,21.50,20.30,24.60,25.80,25.50,25.40,21.50,21.90,21.20,23.00,25.30,25.20,21.40,24.40,22.90,24.90,21.20,22.70,21.60,24.00,20.20,20.70,22.20,23.30,25.10,22.50,22.80,22.70,24.50,22.90,21.90,23.30,20.70,25.50,22.80,20.70,23.80,24.50
TLM_RCV,-80,FG-ALPHA,20240415_090214,AUTO,0,32.18,5.00,-85,99.96,8.33,3.31,5.02,0,436,0,287,22.18,1013.60,12.10,405.60,14.13,63.70,1080,20.60,22.50,21.90,24.80,21.70,24.80,20.80,24.40,25.40,23.90,25.40,22.60,23.10,25.30,25.00,25.80,22.70,24.70,22.90,20.50,21.40,22.60,22.90,20.30,24.70,20.90,23.80,22.10,23.60,22.00,25.50,20.10,21.80,22.00,21.80,23.60,25.40,22.50,24.90,24.20,25.60,23.30,21.90,22.00,24.30,22.10,25.10,24.80,24.90,22.50,25.60,22.80,21.20,25.50,25.90,20.30,23.40,23.50,20.40,21.20,22.80,25.10,23.30,22.20
TLM_RCV,-65,FG-ALPHA,20240415_090215,AUTO,0,33.43,5.00,-85,100.00,8.33,3.30,5.02,1154,486,0,332,23.34,1012.70,11.90,404.70,14.14,63.70,1080,24.90,21.40,22.50,21.70,22.40,25.40,20.80,25.40,22.00,24.90,21.90,22.50,24.20,21.80,22.60,24.80,24.40,24.30,20.20,22.60,23.20,25.70,22.70,20.20,21.40,20.80,22.90,20.10,24.50,20.10,22.10,21.40,24.70,24.50,21.60,24.70,25.30,23.70,20.30,24.70,25.50,22.30,22.30,24.60,25.40,23.60,20.90,22.40,20.50,24.50,20.80,21.60,23.90,20.60,24.30,21.50,22.40,21.00,24.30,25.20,21.10,23.00,23.00,22.00
TLM_RCV,-61,FG-ALPHA,20240415_090237,AUTO,0,33.22,5.00,-85,100.00,8.33,3.30,5.02,965,444,0,294,22.60,1013.00,11.90,405.90,14.16,63.70,1080,21.00,24.70,21.80,20.70,22.30,24.30,24.30,74.40,20.50,25.40,20.70,22.80,23.10,25.10,25.70,22.30,22.40,25.40,20.60,23.70,25.30,23.40,21.70,20.10,23.20,22.40,25.60,23.80,25.30,25.10,20.00,24.20,23.50,20.20,23.10,22.00,22.20,22.30,23.40,21.60,23.10,25.80,24.40,22.00,21.50,23.60,25.80,21.10,22.10,24.70,20.30,22.10,23.50,22.50,24.90,22.80,24.20,21.50,24.00,21.90,21.80,24.10,20.10,21.20
TLM_RCV,-81,FG-ALPHA,20240415_090238,AUTO,0,32.38,5.00,-85,99.95,8.33,3.29,5.02,0,475,0,319,22.37,1013.50,11.80,405.60,14.16,63.70,1080,24.20,20.60,20.10,20.30,21.60,20.20,25.40,21.40,22.10,24.90,24.90,24.30,23.50,23.20,24.70,22.30,24.00,23.00,22.00,20.40,25.60,20.30,20.40,23.40,24.30,21.40,22.20,24.80,21.90,22.50,21.10,21.90,22.20,22.90,24.00,22.20,24.90,23.60,24.20,24.60,22.30,21.90,22.70,21.80,25.50,25.40,20.00,21.10,22.10,22.70,21.90,20.70,21.40,22.60,22.50,24.80,24.20,21.80,24.10,24.30,22.60,23.00,24.10,20.40
TLM_RCV,-47,FG-ALPHA,20240415_090239,AUTO,0,33.12,5.00,-85,100.00,8.34,3.28,5.02,1138,424,0,273,23.57,1012.80,12.10,406.40,14.16,63.70,1080,20.10,25.70,21.00,21.90,25.20,21.20,20.00,22.00,22.80,23.70,20.20,23.70,21.80,22.20,22.10,20.60,23.60,25.90,24.70,21.80,25.90,22.90,24.40,22.70,22.40,23.00,25.50,23.90,20.80,22.30,24.20,20.60,24.40,22.70,23.60,25.90,25.80,24.40,22.70,20.30,22.20,23.80,20.40,23.60,22.00,20.70,21.30,25.50,21.60,22.00,21.00,24.30,22.20,23.60,20.70,20.70,23.00,20.30,20.80,20.60,25.40,23.80,21.50,21.80
TLM_RCV,-60,FG-ALPHA,20240415_090240,AUTO,0,31.11,5.00,-85,100.00,8.34,3.30,5.02,978,423,0,276,22.77,1012.90,11.80,405.60,14.16,63.70,1080,21.20,20.90,24.40,22.10,25.30,24.10,20.90,25.50,20.70,22.20,24.60,23.60,24.40,22.60,21.30,23.50,23.30,23.30,24.60,25.20,20.30,21.30,23.70,21.20,25.10,21.60,25.30,25.00,24.60,22.50,25.00,22.20,22.40,24.40,24.60,21.90,23.60,25.70,25.90,23.90,22.90,23.40,20.80,21.00,20.50,24.40,20.50,22.10,20.80,20.60,24.80,21.00,21.60,23.90,23.40,20.60,22.30,23.00,24.20,21.40,20.20,23.30,25.90,20.00
TLM_RCV,-56,FG-ALPHA,20240415_090241,AUTO,0,33.46,5.00,-85,99.95,8.33,3.31,5.02,0,492,0,336,22.46,1012.90,11.90,405.70,14.16,63.70,1080,20.30,22.40,24.50,20.80,23.20,22.30,22.60,21.10,25.80,20.30,24.00,21.80,22.50,20.80,20.10,23.80,22.60,23.10,21.70,25.80,25.80,24.90,24.50,20.80,21.80,21.70,24.00,22.90,25.40,20.80,20.40,20.50,22.60,24.80,25.30,23.00,23.80,20.10,21.80,22.00,23.80,23.90,21.70,21.80,23.70,22.60,24.10,23.40,23.80,20.10,21.50,20.50,25.60,24.60,23.70,20.50,23.60,21.70,22.80,21.20,20.60,22.20,24.40,25.00
TLM_RCV,-55,FG-ALPHA,20240415_090242,AUTO,0,32.31,5.00,-85,99.99,8.33,3.31,5.02,856,462,0,305,21.97,1013.20,11.80,405.70,14.16,63.70,1080,20.90,22.90,21.20,24.80,25.60,24.20,21.80,23.70,20.00,24.20,20.70,22.50,21.00,21.50,22.80,20.40,25.60,24.70,20.50,20.70,21.80,25.10,25.70,22.50,22.30,22.00,20.60,20.50,23.90,21.00,20.00,20.40,20.00,23.70,25.80,23.80,24.60,23.90,22.40,22.20,20.30,24.60,25.60,25.20,22.80,21.40,21.80,21.00,20.90,23.90,20.60,22.30,22.90,24.00,22.20,20.00,20.30,21.00,21.10,22.30,22.30,22.00,20.00,20.50
TLM_RCV,-74,FG-ALPHA,20240415_090243,AUTO,0,31.23,5.00,-85,100.00,8.33,3.31,5.02,866,446,0,302,22.10,1013.60,12.10,405.50,14.16,63.70,1080,20.20,25.80,25.70,22.00,23.60,21.10,22.70,20.70,25.70,22.20,23.30,22.40,20.20,24.70,20.00,24.60,21.10,22.60,22.80,21.10,23.10,20.10,24.60,21.40,22.70,24.20,21.10,24.50,21.30,21.30,23.00,21.40,20.30,21.90,24.70,25.70,25.10,25.60,22.30,21.00,22.70,22.10,24.80,20.00,24.40,24.80,21.10,24.60,23.90,22.20,23.50,23.30,23.10,22.50,21.00,25.10,21.00,22.00,25.70,25.50,24.10,23.30,21.30,23.70
TLM_RCV,-77,FG-ALPHA,20240415_090244,AUTO,0,32.22,5.00,-85,100.00,8.33,3.31,5.02,1147,445,0,289,23.51,1013.60,12.00,405.40,14.16,63.70,1080,25.40,23.20,20.50,20.30,25.10,22.70,24.00,23.70,25.90,21.20,22.00,20.70,25.30,23.40,24.70,23.70,21.20,21.00,24.20,25.90,24.90,23.90,24.20,20.40,24.30,24.00,24.90,22.50,20.80,24.50,25.20,23.60,21.30,24.50,23.30,23.80,25.80,25.30,20.40,20.70,21.70,22.40,22.90,20.00,21.50,23.30,20.80,20.30,25.20,25.40,22.10,24.80,24.30,21.40,22.50,20.30,24.50,20.00,20.00,24.30,23.20,23.10,20.20,21.20
TLM_RCV,-44,FG-ALPHA,20240415_090245,AUTO,0,31.42,5.00,-85,100.00,8.33,3.29,5.02,1176,485,0,345,23.45,1013.00,12.00,406.00,14.17,63.70,1080,23.30,22.30,21.60,20.20,20.10,23.60,23.50,22.60,22.10,24.50,20.50,23.60,20.20,21.30,20.30,23.20,24.00,24.40,21.20,25.60,20.40,20.10,21.60,24.50,20.50,23.60,25.90,25.20,23.10,21.20,20.70,25.80,20.70,21.90,24.30,20.70,24.80,20.50,25.20,23.70,20.50,20.50,22.60,21.60,20.80,25.80,20.40,25.40,22.00,23.30,20.70,21.60,21.50,22.60,23.20,23.70,22.60,25.80,25.40,21.40,21.10,20.60,22.30,20.50
TLM_RCV,-56,FG-ALPHA,20240415_090246,AUTO,0,32.06,5.00,-85,100.00,8.34,3.28,5.02,899,412,0,257,22.43,1013.40,12.00,404.60,14.17,63.70,1080,20.30,22.60,21.30,20.60,20.60,20.60,23.00,23.80,24.70,20.70,21.00,23.80,22.90,21.50,21.80,24.50,21.70,21.90,21.40,21.70,23.10,23.70,21.40,24.60,22.70,21.30,20.10,25.00,22.00,20.90,25.20,25.80,22.10,22.20,24.30,20.20,24.50,22.70,25.00,21.60,23.30,24.00,24.60,22.80,20.20,23.80,21.60,22.20,25.50,25.40,21.60,21.70,24.00,20.20,25.30,23.60,23.40,20.80,23.60,23.20,24.00,24.40,24.70,24.90
TLM_RCV,-60,FG-ALPHA,20240415_090247,AUTO,0,31.42,5.00,-85,100.00,8.33,3.28,5.02,890,484,0,333,22.03,1012.90,11.90,405.80,14.17,63.70,1080,25.50,22.20,22.80,20.70,21.90,25.60,21.40,23.90,20.80,24.90,22.10,25.80,21.90,25.60,23.40,25.30,23.10,25.80,22.30,20.10,21.60,23.70,25.10,24.00,22.20,20.90,25.50,25.60,20.90,21.90,25.70,23.60,25.90,24.80,25.30,21.00,25.20,22.20,22.70,24.60,25.60,25.00,24.70,21.60,21.30,25.20,22.70,21.40,24.80,21.30,22.30,21.60,20.20,24.10,23.80,22.00,22.00,24.50,21.70,25.80,23.40,25.00,25.10,20.00
TLM_RCV,-47,FG-ALPHA,20240415_090248,AUTO,0,32.16,5.00,-85,100.00,8.34,3.29,5.02,1038,432,0,276,23.03,1013.30,12.00,404.80,14.17,63.70,1080,24.80,25.00,20.50,21.20,23.70,24.10,25.90,25.10,24.30,86.80,20.90,25.70,20.30,20.80,23.80,25.60,20.40,20.00,23.70,22.90,20.80,25.60,25.10,22.40,21.60,22.30,24.00,22.50,22.40,22.90,22.00,22.10,25.30,22.00,20.00,22.70,24.30,20.90,25.60,23.80,20.30,21.00,21.90,24.10,21.70,21.10,22.70,24.10,21.60,22.50,22.10,24.00,25.20,24.20,22.80,20.90,22.40,22.20,20.70,21.40,24.20,25.20,25.80,22.40
TLM_RCV,-44,FG-ALPHA,20240415_090249,AUTO,0,33.28,5.00,-85,100.00,8.33,3.29,5.02,927,457,0,316,22.35,1013.40,11.80,404.90,14.17,63.70,1080,25.90,24.50,23.50,24.80,21.30,22.90,25.40,20.80,24.10,20.80,25.40,25.90,20.30,20.80,20.40,20.30,24.60,22.80,22.20,21.40,23.80,23.00,24.70,20.50,24.40,21.60,23.20,22.50,20.20,25.60,21.20,25.60,23.70,24.60,25.70,22.40,23.20,25.10,23.10,23.50,24.10,21.00,24.70,24.60,24.20,22.20,24.70,20.90,20.90,21.70,25.10,25.30,21.00,23.20,22.20,25.20,24.00,22.10,24.80,25.70,24.90,20.90,22.20,25.20
TLM_RCV,-45,FG-ALPHA,20240415_090250,AUTO,0,33.17,5.00,-85,100.00,8.33,3.28,5.02,1052,434,0,290,23.09,1012.80,11.90,406.10,14.17,63.70,1080,25.70,25.90,25.50,22.20,25.80,25.60,21.50,25.70,20.30,21.50,25.10,21.80,21.80,23.10,23.90,24.20,22.40,23.30,24.80,24.20,25.20,20.60,23.90,20.00,21.20,20.80,21.80,22.70,22.20,20.80,21.30,24.40,23.90,23.30,23.20,23.00,23.30,23.00,24.30,25.30,25.90,25.50,24.40,25.50,24.20,23.60,21.10,21.10,22.50,24.00,23.70,24.70,23.80,24.60,24.20,20.40,24.70,25.50,23.50,22.20,20.70,25.80,25.30,20.90
TLM_RCV,-50,FG-ALPHA,20240415_090251,AUTO,0,33.30,5.00,-85,99.95,8.33,3.30,5.02,0,460,0,320,22.30,1013.30,12.00,404.70,14.17,63.70,1080,22.00,25.40,20.90,22.80,25.30,21.00,22.30,22.80,24.70,25.10,24.10,22.80,23.00,21.80,25.20,24.40,23.60,23.70,23.70,24.00,23.00,20.70,21.80,21.10,21.10,23.50,21.30,20.00,23.70,25.90,25.90,24.70,22.30,20.40,20.90,24.60,21.70,25.60,21.10,20.10,25.80,20.10,20.70,21.80,22.50,24.10,23.30,25.70,20.70,25.40,23.60,25.20,20.70,20.50,25.40,23.70,22.90,22.00,21.60,23.00,20.20,25.60,23.80,20.10
TLM_RCV,-40,FG-ALPHA,20240415_090252,AUTO,0,31.09,5.00,-85,100.00,8.34,3.28,5.02,951,419,0,267,22.66,1013.30,11.90,406.10,14.17,63.70,1080,21.80,24.50,21.30,24.80,22.20,25.70,23.50,21.40,20.60,25.30,21.10,24.10,23.30,22.40,23.30,21.90,24.60,23.70,24.70,20.50,23.00,25.10,20.20,20.80,21.20,23.30,20.40,25.20,24.70,22.00,23.20,22.30,20.20,23.50,24.50,22.10,23.90,23.00,22.20,25.90,21.60,25.40,23.60,22.00,23.60,24.80,21.50,22.10,20.60,23.10,23.90,24.00,24.50,23.50,20.10,22.60,23.60,20.30,25.40,23.50,20.70,22.50,20.30,22.80
TLM_RCV,-87,FG-ALPHA,20240415_090253,AUTO,0,32.03,5.00,-85,99.96,8.34,3.29,5.02,0,406,0,252,22.03,1013.20,12.00,406.30,14.17,63.70,1080,20.40,21.20,22.00,21.70,23.10,25.20,25.40,23.80,25.70,21.80,21.60,21.20,21.40,22.60,21.80,24.20,25.10,21.20,21.80,21.30,20.20,20.80,22.50,23.30,25.50,22.40,25.60,22.40,22.10,23.50,25.40,20.50,24.50,23.20,22.00,22.00,21.20,25.10,20.90,23.50,20.70,23.20,21.20,25.30,23.40,23.10,21.80,23.20,22.20,21.80,24.10,21.30,21.80,20.90,21.00,21.30,20.60,20.80,22.90,22.20,23.20,22.70,24.90,21.40
TLM_RCV,-78,FG-ALPHA,20240415_090254,AUTO,0,31.26,5.00,-85,100.00,8.33,3.31,5.02,1074,453,0,299,23.10,1013.00,11.80,406.10,14.17,63.70,1080,20.00,22.90,23.90,23.10,20.40,21.60,23.80,24.10,25.60,20.50,24.10,23.10,22.70,21.40,22.40,21.20,23.30,22.70,22.50,20.90,20.60,21.50,22.30,22.70,22.20,23.30,24.30,23.50,20.10,22.70,22.40,20.00,25.50,21.70,23.30,24.00,20.30,25.20,23.40,22.90,21.60,25.00,25.50,20.70,24.10,22.40,22.90,21.20,21.50,21.20,21.30,25.00,22.90,22.10,24.50,22.30,20.60,21.30,25.90,24.30,23.80,22.40,24.70,25.80
TLM_RCV,-62,FG-ALPHA,20240415_090255,AUTO,0,31.35,5.00,-85,100.00,8.33,3.30,5.02,1068,470,0,315,22.99,1013.10,11.90,404.90,14.18,63.70,1080,21.30,22.70,21.40,23.60,25.90,20.60,20.20,21.80,23.70,23.80,24.00,21.90,25.50,24.70,23.20,21.70,20.00,23.40,25.00,20.30,25.60,23.90,23.70,25.40,25.30,22.30,22.80,25.30,22.10,24.90,20.60,24.90,24.30,23.60,22.70,24.70,25.80,20.30,23.60,25.70,25.90,22.60,23.00,20.30,20.50,22.00,21.80,22.40,21.90,23.50,21.90,22.70,23.40,21.80,25.50,23.60,23.10,21.40,23.10,23.80,22.90,21.20,21.30,25.50
TLM_RCV,-74,FG-ALPHA,20240415_090256,AUTO,0,31.11,5.00,-85,100.00,8.34,3.28,5.02,1149,423,0,272,23.63,1013.60,11.80,404.90,14.18,63.70,1080,23.00,23.30,21.10,24.40,24.10,25.50,21.20,20.80,22.40,21.10,23.30,23.90,20.60,22.30,21.50,24.40,24.40,21.60,23.30,25.70,25.90,25.50,21.70,25.20,23.90,22.00,25.30,24.90,25.60,20.30,25.80,20.30,24.50,23.60,20.20,22.60,22.10,24.10,22.90,23.20,25.50,22.00,24.50,23.30,23.30,21.70,22.60,22.10,22.90,23.20,23.00,25.80,24.00,25.60,24.00,24.60,20.20,22.30,21.30,21.50,23.20,20.90,23.20,20.20
TLM_RCV,-94,FG-ALPHA,20240415_090257,AUTO,0,31.12,5.00,-85,100.00,8.34,3.30,5.02,1038,425,0,266,23.07,1012.90,11.80,406.40,14.18,63.70,1080,20.50,25.00,25.80,25.80,23.70,23.90,24.50,20.80,24.40,23.40,20.40,20.00,21.00,22.40,25.10,22.70,25.80,25.00,22.70,25.30,22.10,21.40,24.80,20.10,21.00,23.30,24.90,21.20,22.10,20.20,25.10,25.20,22.70,23.60,23.30,22.40,25.20,23.00,21.70,23.10,21.90,20.20,22.50,24.10,20.80,22.20,24.60,23.40,24.70,25.90,25.90,23.60,21.40,25.80,21.70,22.90,23.70,21.70,20.20,22.50,22.10,21.60,22.30,23.20
TLM_RCV,-74,FG-ALPHA,20240415_090258,AUTO,0,32.35,5.00,-85,100.00,8.33,3.31,5.02,994,469,0,319,22.62,1013.60,12.00,404.90,14.18,63.70,1080,24.70,23.80,20.20,23.50,25.80,23.90,20.10,21.90,20.20,21.90,21.10,25.50,25.20,21.60,25.70,23.30,20.60,23.40,23.20,22.70,21.90,21.80,21.60,23.40,22.00,22.60,23.30,24.90,24.00,23.70,21.30,24.70,25.50,25.10,23.80,21.20,22.40,23.10,21.90,24.10,23.50,24.00,23.00,25.40,21.40,25.40,22.20,20.60,25.60,24.40,21.90,25.10,21.70,22.70,20.10,20.10,24.00,23.00,22.80,20.00,23.60,22.60,20.90,25.10
TLM_RCV,-90,FG-ALPHA,20240415_090259,AUTO,0,31.35,5.00,-85,100.00,8.33,3.31,5.02,974,470,0,316,22.52,1013.00,12.10,405.00,14.18,63.70,1080,20.20,22.10,24.40,21.50,25.00,23.70,21.30,23.30,21.60,20.70,23.60,25.50,21.10,24.10,23.40,25.40,22.10,23.20,23.70,22.80,24.50,22.10,24.50,25.20,20.90,24.80,22.50,22.90,25.80,25.80,24.40,25.40,21.20,21.60,24.20,22.40,25.70,21.50,23.10,21.90,21.50,22.00,25.80,25.20,21.70,22.50,24.90,20.40,23.80,25.10,24.30,24.80,22.10,25.50,24.30,22.80,24.00,21.50,24.10,21.40,21.70,23.90,22.50,20.90
TLM_RCV,-40,FG-ALPHA,20240415_090300,AUTO,0,32.19,5.00,-85,100.00,8.33,3.28,5.02,1016,439,0,293,22.89,1013.00,11.80,406.30,14.18,63.70,1080,22.10,25.20,25.10,23.60,23.60,20.60,25.70,21.50,20.90,21.60,25.30,21.20,22.20,20.20,22.50,25.10,24.00,24.70,25.90,23.10,25.30,21.60,21.50,21.20,21.30,23.00,20.50,24.00,25.20,21.30,21.10,21.00,25.50,23.70,23.50,23.50,25.50,24.40,25.80,21.90,22.80,21.60,22.00,24.20,23.40,24.10,20.60,25.80,25.60,24.20,24.70,22.50,22.50,25.60,24.90,24.70,23.80,24.40,23.90,20.30,25.00,21.70,21.20,23.30
TLM_RCV,-66,FG-ALPHA,20240415_090301,AUTO,0,31.15,5.00,-85,100.00,8.34,3.31,5.02,1170,429,0,288,23.70,1013.40,11.80,404.80,14.18,63.70,1080,22.40,21.00,20.10,24.00,23.60,23.80,23.50,24.20,24.80,23.70,24.10,22.60,22.50,25.40,22.40,22.00,25.20,20.70,21.70,23.40,22.00,20.30,21.10,21.10,25.60,21.50,22.40,20.60,22.70,22.20,23.50,21.30,20.10,22.40,25.10,23.60,25.20,23.00,25.20,22.90,24.10,25.60,22.20,25.30,21.30,23.00,22.50,23.20,23.80,25.30,20.30,23.00,24.70,21.30,22.90,20.20,21.30,20.10,25.20,25.80,25.00,23.30,24.40,24.20
TLM_RCV,-74,FG-ALPHA,20240415_090302,AUTO,0,31.99,5.00,-85,99.96,8.34,3.29,5.02,0,397,0,255,21.99,1013.20,11.90,405.90,14.18,63.70,1080,21.10,21.50,24.90,25.10,22.40,21.60,25.50,24.10,21.70,23.30,23.60,21.30,23.50,21.90,22.10,20.80,21.10,21.40,20.30,25.90,22.80,24.10,20.90,22.40,23.70,24.60,25.00,25.90,24.30,24.50,20.80,20.10,24.80,25.70,20.10,24.60,25.50,21.60,22.50,23.20,20.90,22.50,20.30,21.30,24.90,23.60,25.00,20.00,23.90,22.80,25.10,20.20,21.20,23.90,22.80,25.30,24.50,21.00,20.00,25.80,23.30,23.80,23.50,24.30
TLM_RCV,-78,FG-ALPHA,20240415_090303,AUTO,0,31.19,5.00,-85,100.00,8.33,3.29,5.02,810,439,0,294,21.85,1013.50,11.90,405.50,14.18,63.70,1080,22.90,20.90,24.20,22.50,23.50,23.70,22.10,22.70,24.10,25.40,20.80,22.20,23.60,20.30,24.40,20.60,25.10,25.30,24.80,23.10,20.60,21.10,22.10,20.20,21.40,25.90,24.10,25.40,24.60,20.10,24.90,21.30,22.70,20.30,21.90,25.40,22.70,25.00,22.30,21.00,23.40,20.40,22.20,22.90,24.30,25.20,23.90,25.40,21.40,21.40,22.60,22.10,22.50,21.50,20.80,24.80,24.50,24.40,24.30,23.60,24.80,25.10,22.90,25.20
TLM_RCV,-81,FG-ALPHA,20240415_090304,AUTO,0,33.21,5.00,-85,100.00,8.33,3.30,5.02,886,442,0,284,22.22,1013.10,12.00,405.00,14.18,63.70,1080,22.90,21.50,25.00,22.90,20.50,22.20,21.10,25.30,25.10,25.90,22.20,20.00,21.00,24.60,23.60,21.30,25.80,20.20,22.70,24.40,20.10,24.50,20.50,21.70,23.50,21.90,20.70,20.70,25.90,22.40,22.50,24.00,20.80,21.90,20.50,25.50,21.40,23.90,25.60,20.30,22.30,22.70,21.80,21.50,25.70,23.60,20.80,20.20,24.40,22.30,25.30,22.80,22.50,20.40,24.00,20.70,24.10,24.10,22.20,25.60,21.90,25.00,23.40,25.50
TLM_RCV,-91,FG-ALPHA,20240415_090305,AUTO,0,32.04,5.00,-85,100.00,8.34,3.28,5.02,1196,408,0,253,23.94,1013.00,11.80,406.40,14.19,63.70,1080,21.00,20.80,22.30,22.40,23.20,22.70,21.50,23.70,23.40,23.40,22.70,20.30,25.60,21.70,21.90,25.40,20.10,24.80,24.30,23.10,20.00,20.60,25.20,23.10,24.70,23.70,24.10,22.20,24.00,21.70,22.10,21.50,20.30,25.60,24.50,21.40,20.30,20.40,22.90,20.10,23.50,23.50,25.40,24.60,22.00,21.40,22.40,22.40,21.30,24.90,25.30,21.30,23.00,22.00,22.70,24.50,20.00,22.60,24.50,25.60,23.80,20.90,23.00,24.80
TLM_RCV,-52,FG-ALPHA,20240415_090306,AUTO,0,31.43,5.00,-85,100.00,8.33,3.29,5.02,1025,486,0,340,22.69,1013.60,12.00,406.20,14.19,63.70,1080,24.60,24.60,22.20,24.20,25.60,21.90,20.00,24.70,20.30,22.60,24.60,21.40,23.20,25.70,20.20,23.90,23.00,20.30,22.00,22.40,22.60,23.00,20.60,22.20,25.50,21.70,21.20,25.70,23.80,25.30,25.50,21.50,25.80,20.70,24.90,20.90,25.90,21.60,21.90,25.40,22.00,22.90,23.20,22.20,24.30,21.90,22.80,25.00,20.90,20.20,23.40,70.80,25.10,24.60,25.60,20.50,20.20,20.40,22.80,21.60,25.10,22.40,20.40,23.80
TLM_RCV,-60,FG-ALPHA,20240415_090307,AUTO,0,33.47,5.00,-85,100.00,8.33,3.28,5.02,857,494,0,339,21.82,1013.60,11.90,405.30,14.19,63.70,1080,22.50,24.40,25.60,20.00,21.40,25.30,22.30,22.20,24.70,24.90,22.30,22.50,21.70,21.40,24.00,21.30,25.00,24.90,21.80,21.60,23.30,25.20,20.60,20.20,23.00,24.00,22.60,20.60,20.80,21.00,24.40,22.80,25.10,20.00,21.80,24.10,20.30,24.70,20.80,24.00,21.00,21.90,81.40,24.20,22.20,24.60,22.00,24.50,23.00,20.80,24.10,21.00,23.00,24.60,24.10,22.90,25.10,23.00,25.30,20.70,25.30,24.60,22.40,23.20
TLM_RCV,-74,FG-ALPHA,20240415_090308,AUTO,0,33.41,5.00,-85,100.00,8.33,3.31,5.02,892,482,0,331,22.05,1013.40,12.00,404.90,14.19,63.70,1080,21.70,24.10,20.10,20.40,22.80,20.10,24.10,23.10,24.40,21.00,21.90,23.40,24.30,20.00,25.60,20.80,25.70,20.20,22.30,23.70,21.50,25.00,20.60,24.70,23.60,24.20,24.60,23.30,22.10,23.20,24.30,23.80,24.70,25.90,25.10,21.90,22.30,22.80,25.30,25.80,21.70,22.10,24.60,22.30,20.20,21.80,21.20,22.50,21.40,21.10,25.30,20.90,20.70,24.70,20.50,25.20,23.10,23.10,23.10,25.20,21.60,24.90,22.10,21.50
TLM_RCV,-66,FG-ALPHA,20240415_090309,AUTO,0,31.38,5.00,-85,100.00,8.33,3.31,5.02,989,476,0,336,22.57,1013.50,11.80,406.40,14.19,63.70,1080,21.30,20.60,20.60,21.90,23.80,21.30,21.90,20.50,22.10,23.10,25.30,24.50,22.30,23.10,22.10,20.80,24.70,25.70,21.80,20.40,21.90,23.50,20.00,20.50,21.60,23.90,22.10,20.00,21.00,23.50,20.30,22.00,21.90,23.50,22.50,25.10,20.60,23.40,21.20,20.70,23.30,21.40,24.00,22.50,25.10,20.30,20.20,22.20,21.70,25.50,21.40,22.00,20.40,20.40,21.70,22.10,24.30,22.20,21.70,21.20,22.30,21.10,22.20,23.30
TLM_RCV,-62,FG-ALPHA,20240415_090310,AUTO,0,31.32,5.00,-85,99.95,8.33,3.28,5.02,0,463,0,322,22.32,1012.70,12.10,406.20,14.19,63.70,1080,21.20,25.80,25.90,25.90,24.20,22.20,20.50,24.10,21.50,24.90,24.60,21.80,21.70,22.00,24.80,20.40,21.20,20.70,20.00,22.90,22.00,21.70,22.70,24.90,23.40,24.60,22.90,22.50,23.90,21.20,25.20,21.20,23.10,20.80,21.40,24.10,21.40,22.80,23.40,23.20,21.00,24.90,22.70,25.40,23.20,24.10,24.80,20.50,21.00,21.90,20.60,23.20,22.00,21.20,22.90,24.10,24.90,23.70,20.90,23.90,24.80,23.60,21.30,22.30
TLM_RCV,-43,FG-ALPHA,20240415_090311,AUTO,0,32.03,5.00,-85,100.00,8.34,3.31,5.02,1188,407,0,264,23.91,1013.20,12.00,405.60,14.19,63.70,1080,22.10,22.30,23.90,21.80,20.30,21.20,21.00,22.40,23.50,24.70,21.10,21.60,21.70,23.80,23.40,23.00,25.50,21.50,25.50,23.80,23.60,23.40,22.20,24.30,20.40,21.10,24.90,24.70,20.60,21.40,23.40,21.70,22.30,25.90,23.70,20.60,21.50,25.00,21.30,24.10,22.10,22.00,22.50,20.60,23.30,25.10,25.10,25.50,20.40,21.00,25.10,20.60,24.10,22.50,25.50,22.40,25.30,22.40,25.80,25.80,22.20,21.30,21.80,25.70
TLM_RCV,-61,FG-ALPHA,20240415_090312,AUTO,0,31.05,5.00,-85,100.00,8.34,3.29,5.02,894,409,0,255,22.42,1013.20,12.10,404.60,14.19,63.70,1080,24.00,21.50,25.50,23.40,22.60,22.70,23.70,22.60,23.70,23.90,22.90,22.20,24.90,25.80,23.20,23.90,22.60,23.40,21.10,20.80,20.00,21.10,25.50,22.30,25.70,24.30,24.30,21.70,25.50,20.00,25.60,21.50,22.50,20.10,24.70,25.00,22.50,23.50,21.80,20.70,21.70,22.40,25.10,25.30,22.60,22.70,24.60,25.40,20.70,20.10,25.60,21.80,25.80,25.70,25.30,23.70,22.10,21.00,20.60,23.70,24.30,22.70,21.80,22.20
TLM_RCV,-61,FG-ALPHA,20240415_090313,AUTO,0,31.10,5.00,-85,100.00,8.34,3.29,5.02,861,421,0,278,22.20,1012.80,11.90,405.10,14.19,63.70,1080,20.40,24.40,20.80,22.70,20.90,24.70,22.50,21.60,21.60,20.60,23.30,25.90,21.30,24.50,21.10,22.60,21.10,23.70,25.20,22.50,25.20,24.70,21.80,24.60,24.90,25.30,22.40,20.90,20.00,24.10,21.10,21.20,24.70,20.10,25.70,20.20,24.60,22.80,20.70,25.70,20.00,22.00,24.00,20.10,24.70,20.40,21.40,21.40,21.90,21.70,25.20,22.30,22.30,22.30,24.50,20.00,24.20,20.60,21.80,21.40,22.20,23.30,20.70,23.70
TLM_RCV,-55,FG-ALPHA,20240415_090314,AUTO,0,31.35,5.00,-85,100.00,8.33,3.30,5.02,954,471,0,322,22.42,1013.10,12.10,404.60,14.19,63.70,1080,24.40,22.90,24.70,23.20,20.80,23.00,25.20,22.10,24.60,22.20,20.80,23.00,25.50,24.00,24.70,22.30,22.30,21.10,25.70,22.90,25.10,21.80,20.10,23.60,22.60,21.50,24.30,21.00,21.30,25.90,25.10,22.60,24.60,21.50,24.30,20.00,24.30,20.70,22.70,24.30,21.90,20.70,23.20,22.20,21.50,23.30,20.10,25.40,21.30,20.60,23.70,22.40,22.40,22.70,20.10,24.50,21.10,24.90,25.60,25.30,22.90,22.20,21.00,21.80
TLM_RCV,-76,FG-ALPHA,20240415_090315,AUTO,0,33.35,5.00,-85,100.00,8.33,3.28,5.02,1115,469,0,315,23.23,1013.00,12.10,405.90,14.20,63.70,1080,20.80,24.10,24.60,24.10,24.80,21.00,22.90,24.40,25.50,25.40,20.30,24.20,23.60,25.60,20.90,25.60,20.80,23.10,24.10,24.40,21.30,24.30,24.70,24.00,22.00,20.40,21.70,22.40,22.30,25.50,22.50,25.90,22.60,23.30,25.00,20.40,20.50,20.20,23.70,23.70,21.20,20.30,21.00,20.90,24.20,20.00,21.70,25.60,20.70,23.40,20.90,20.20,22.10,21.20,23.60,21.40,22.10,25.60,22.00,22.00,20.20,23.40,23.90,24.80
TLM_RCV,-78,FG-ALPHA,20240415_090316,AUTO,0,33.22,5.00,-85,100.00,8.33,3.31,5.02,912,444,0,303,22.34,1012.70,11.80,406.00,14.20,63.70,1080,24.80,22.90,23.90,22.90,21.90,20.20,25.20,21.00,21.20,23.60,25.10,20.50,22.20,23.10,25.90,20.20,21.50,21.70,21.20,20.20,22.40,21.50,24.20,21.10,22.70,21.50,25.60,23.10,20.40,25.60,24.40,23.40,25.90,21.60,22.30,21.80,24.70,23.50,22.60,20.80,22.40,22.00,25.70,21.40,24.30,22.50,24.20,24.60,20.70,25.90,25.00,21.40,21.40,21.60,24.40,21.00,24.80,22.70,25.90,23.00,24.40,25.30,23.60,25.80
TLM_RCV,-68,FG-ALPHA,20240415_090317,AUTO,0,32.06,5.00,-85,99.96,8.34,3.31,5.02,0,413,0,258,22.07,1013.10,12.10,405.30,14.20,63.70,1080,24.20,21.30,21.10,22.40,22.80,25.30,24.90,22.60,24.30,24.70,25.70,25.60,22.30,21.00,21.80,20.70,23.90,21.80,24.20,22.20,22.70,23.50,25.50,20.90,21.20,21.80,25.50,25.60,23.70,20.70,24.40,21.00,22.90,24.50,25.10,24.10,24.20,20.60,20.30,24.60,22.00,21.70,20.60,25.60,21.60,21.90,23.20,23.90,21.90,21.30,23.90,24.50,25.40,24.20,20.90,20.00,24.90,24.40,25.90,22.60,23.20,22.70,25.80,20.40
TLM_RCV,-55,FG-ALPHA,20240415_090339,AUTO,0,32.53,5.00,-85,100.00,8.32,3.31,5.02,822,505,0,346,21.58,1012.80,12.10,405.00,14.22,63.70,1080,21.50,22.60,23.50,20.40,25.40,22.40,23.40,20.20,24.80,25.00,21.50,25.40,20.00,22.00,20.60,25.90,24.30,25.60,20.00,25.60,25.50,23.20,21.40,21.00,23.70,20.80,23.30,25.10,22.60,24.10,24.20,24.50,20.90,20.90,22.40,20.10,20.70,21.80,23.10,22.20,24.10,23.60,21.30,22.20,22.10,21.60,24.60,21.10,24.20,23.10,20.10,23.50,22.30,21.80,22.20,25.10,20.80,24.20,24.70,20.30,22.50,20.10,22.00,22.00
TLM_RCV,-55,FG-ALPHA,20240415_090340,AUTO,0,32.37,5.00,-85,100.00,8.33,3.28,5.02,1018,474,0,323,22.72,1013.10,11.90,405.30,14.22,63.70,1080,23.60,21.70,20.60,25.30,23.80,24.00,23.70,22.10,23.90,21.40,22.80,23.30,21.90,23.80,23.80,22.10,21.30,23.50,21.50,25.60,21.50,22.50,23.70,23.50,21.00,21.30,22.60,20.00,24.60,21.30,24.10,23.80,24.00,23.30,23.20,24.30,21.00,22.90,24.20,22.30,20.80,20.20,25.20,20.50,23.50,25.50,22.80,24.10,25.20,21.60,20.80,21.60,25.40,21.60,20.50,20.60,22.70,25.80,21.00,24.00,74.40,24.10,22.00,20.70
TLM_RCV,-71,FG-ALPHA,20240415_090341,AUTO,0,32.24,5.00,-85,100.00,8.33,3.31,5.02,1189,449,0,291,23.70,1013.60,11.90,405.90,14.22,63.70,1080,22.50,23.40,25.60,23.10,24.30,25.00,22.80,22.70,22.10,20.00,20.20,21.70,24.20,21.50,21.40,23.80,20.50,22.90,23.30,20.70,20.60,24.60,22.00,22.00,20.20,22.10,22.40,20.10,22.50,25.30,22.50,25.70,25.90,23.60,21.80,20.50,23.90,21.60,25.00,23.50,21.90,24.30,23.80,21.20,23.00,25.70,20.70,25.10,24.50,21.00,22.10,24.60,21.80,23.80,25.30,23.80,20.70,23.00,20.60,22.60,22.50,24.30,20.00,23.10
TLM_RCV,-62,FG-ALPHA,20240415_090342,AUTO,0,31.34,5.00,-85,100.00,8.33,3.30,5.02,1170,469,0,310,23.50,1013.50,11.80,404.80,14.22,63.70,1080,24.90,21.30,22.40,21.30,24.60,23.20,22.90,24.30,25.50,24.50,25.90,20.70,25.90,21.40,25.30,21.80,22.30,25.40,23.60,20.10,24.50,24.10,23.00,22.90,24.70,23.40,25.60,22.70,20.60,21.80,23.00,23.20,20.90,25.40,21.60,23.90,25.70,23.70,21.50,23.60,25.30,20.40,21.00,21.60,24.00,25.60,22.60,24.70,22.00,23.90,23.90,20.60,25.40,23.10,20.30,22.90,25.70,21.30,25.10,24.40,23.00,25.70,20.10,21.30
TLM_RCV,-42,FG-ALPHA,20240415_090343,AUTO,0,33.29,5.00,-85,100.00,8.33,3.28,5.02,960,458,0,317,22.51,1013.20,11.90,404.70,14.22,63.70,1080,22.90,25.40,24.50,20.30,20.90,21.60,21.90,23.90,21.40,23.70,25.70,20.80,25.40,20.30,21.60,25.10,24.70,24.70,23.00,24.80,21.40,25.50,24.30,24.30,22.20,23.50,22.10,25.70,21.50,24.40,22.40,25.90,24.00,21.20,20.30,22.40,23.60,25.80,20.20,25.90,21.30,22.80,20.20,21.00,21.10,24.50,22.00,23.30,24.40,24.00,24.20,21.40,20.00,24.10,23.60,25.50,25.10,25.10,20.10,25.10,25.30,25.10,21.10,25.70
TLM_RCV,-43,FG-ALPHA,20240415_090344,AUTO,0,31.15,5.00,-85,99.96,8.33,3.31,5.02,0,430,0,284,22.15,1013.60,12.10,406.40,14.22,63.70,1080,25.60,21.60,25.80,23.60,23.90,23.60,23.00,24.50,21.80,20.10,23.70,24.20,23.80,22.20,25.30,25.50,21.80,20.70,20.00,24.60,22.40,23.00,25.00,20.20,25.90,20.80,24.50,23.20,20.10,25.20,21.40,24.50,21.60,24.50,20.70,21.00,23.50,23.10,25.20,23.40,21.10,20.00,20.60,21.80,24.00,22.80,21.80,25.20,20.00,21.90,22.10,25.80,22.70,23.20,23.80,20.90,24.10,21.00,21.80,22.90,23.10,25.40,20.90,24.90
TLM_RCV,-65,FG-ALPHA,20240415_090345,AUTO,0,31.37,5.00,-85,99.91,8.33,3.31,5.02,0,475,0,334,22.37,1013.20,11.90,405.60,14.23,63.70,1080,20.00,25.30,76.90,25.80,25.50,21.50,25.10,24.70,22.70,24.60,25.80,21.80,22.90,23.60,25.00,25.10,20.80,23.70,21.10,23.80,20.30,22.60,23.20,20.10,20.20,20.20,25.50,25.40,24.80,24.50,21.30,21.80,25.10,22.40,22.30,21.40,20.70,20.60,24.40,24.10,25.10,20.30,22.80,22.40,25.50,22.20,20.00,25.80,22.90,21.70,25.50,22.80,22.60,22.20,24.20,24.00,25.40,20.00,20.40,24.90,20.80,22.40,24.90,22.10
TLM_RCV,-81,FG-ALPHA,20240415_090346,AUTO,0,32.40,5.00,-85,99.98,8.33,3.31,5.02,1194,479,0,338,23.58,1013.60,12.10,405.70,14.23,63.70,1080,23.20,21.30,25.80,23.70,25.80,22.70,23.40,22.10,22.80,20.70,23.60,22.00,21.40,25.00,23.00,20.60,25.50,22.90,22.00,20.40,23.50,23.30,24.60,25.50,24.40,22.10,24.00,21.80,23.80,23.40,23.40,23.70,22.20,21.60,24.70,20.70,24.70,25.40,24.30,25.40,24.00,20.90,24.00,24.10,24.60,23.10,24.50,21.80,25.80,23.50,23.40,25.70,22.10,25.90,24.10,22.50,24.60,24.20,25.40,89.10,20.20,23.50,24.20,25.30
TLM_RCV,-41,FG-ALPHA,20240415_090347,AUTO,0,32.99,5.00,-85,100.00,8.34,3.30,5.02,845,398,0,253,22.24,1013.00,11.90,406.30,14.23,63.70,1080,23.60,23.60,21.80,22.60,23.50,22.80,21.60,23.00,20.40,20.80,22.20,25.80,20.60,23.60,22.30,22.60,21.10,21.70,25.50,22.80,22.50,25.90,22.40,20.30,25.20,20.80,23.10,24.80,20.30,21.60,24.60,24.10,20.00,21.70,20.20,25.00,21.80,23.50,23.50,20.00,23.20,21.00,23.10,23.40,22.40,21.20,24.70,21.00,20.90,25.60,25.30,21.40,22.80,21.40,25.50,20.10,23.90,20.90,20.80,23.50,22.80,22.60,23.50,22.20
TLM_RCV,-80,FG-ALPHA,20240415_090348,AUTO,0,31.39,5.00,-85,100.00,8.33,3.28,5.02,870,478,0,325,21.96,1013.30,12.00,406.00,14.23,63.70,1080,21.30,22.40,20.60,20.40,21.90,23.30,23.70,23.60,24.30,24.80,22.80,24.90,22.10,24.60,23.90,23.40,22.90,21.00,25.20,22.60,21.60,25.10,24.20,25.00,23.00,23.10,22.00,25.30,23.90,24.20,21.60,24.20,25.80,22.40,24.10,22.30,21.70,21.90,21.20,22.60,74.80,21.50,22.60,25.10,22.40,23.30,25.50,25.20,23.60,23.10,24.60,22.70,21.50,22.40,21.90,20.40,20.70,23.70,23.50,25.50,22.10,24.40,22.10,23.20
TLM_RCV,-61,FG-ALPHA,20240415_090349,AUTO,0,32.35,5.00,-85,100.00,8.33,3.30,5.02,1076,469,0,313,23.03,1013.00,11.90,404.70,14.23,63.70,1080,21.20,21.40,21.80,21.50,22.00,21.50,24.80,21.80,25.20,24.10,22.20,20.10,23.40,22.10,24.60,24.80,20.30,20.20,25.20,25.10,23.00,24.40,24.60,25.10,22.60,22.30,22.70,20.80,24.90,22.20,25.10,23.30,25.20,21.60,24.90,24.00,21.50,24.20,25.10,21.30,22.40,23.30,21.30,21.60,24.70,20.30,25.50,24.00,21.70,25.90,23.40,25.50,21.30,23.50,24.60,23.00,24.40,22.70,25.20,25.60,22.50,22.40,22.30,20.20
TLM_RCV,-75,FG-ALPHA,20240415_090350,AUTO,0,30.99,5.00,-85,100.00,8.34,3.31,5.02,1182,398,0,251,23.92,1012.80,11.80,404.50,14.23,63.70,1080,23.20,25.00,23.20,24.60,21.60,25.40,21.80,25.10,25.60,24.00,25.30,22.30,23.50,21.80,23.50,20.90,25.00,24.40,22.20,24.60,24.20,25.30,24.80,21.60,23.40,25.50,24.00,21.80,25.50,20.60,20.40,24.90,20.50,25.80,25.30,23.40,22.90,21.40,24.80,23.10,20.70,20.30,23.70,24.50,24.10,22.70,21.80,20.40,25.10,21.00,24.70,22.60,24.60,21.30,22.30,24.10,22.40,24.40,20.80,21.70,20.00,24.60,22.10,23.30
TLM_RCV,-95,FG-ALPHA,20240415_090351,AUTO,0,31.08,5.00,-85,100.00,8.34,3.28,5.02,875,417,0,269,22.29,1013.50,11.80,406.10,14.23,63.70,1080,23.10,23.50,24.10,23.80,23.70,25.80,20.00,24.90,22.30,22.80,22.40,22.90,25.80,20.80,23.90,23.80,22.30,23.30,23.60,21.30,25.70,25.90,20.00,25.20,21.40,25.80,25.80,20.50,23.90,25.60,20.70,25.60,20.30,22.90,25.00,23.40,22.30,22.70,25.50,25.30,24.60,22.90,23.00,25.40,25.90,25.20,24.50,23.60,21.30,21.30,23.70,21.90,24.90,21.40,20.00,22.80,20.60,25.10,22.70,23.60,21.80,21.30,22.50,21.10
TLM_RCV,-53,FG-ALPHA,20240415_090352,AUTO,0,33.19,5.00,-85,100.00,8.33,3.31,5.02,902,438,0,298,22.32,1013.20,11.80,406.10,14.23,63.70,1080,23.20,21.40,21.20,20.60,24.90,21.00,22.70,21.60,22.80,22.80,23.40,20.60,24.00,20.30,25.20,24.60,24.70,21.20,21.90,23.70,25.00,25.30,25.90,21.00,23.60,22.90,23.90,20.60,21.50,22.20,22.50,24.40,21.90,22.10,23.20,20.30,22.80,23.00,23.80,21.30,22.50,23.60,21.40,22.00,22.40,22.90,21.80,20.60,23.40,23.70,25.90,21.30,25.20,24.90,24.30,21.80,24.40,24.60,23.50,21.00,22.80,22.20,24.10,23.40
TLM_RCV,-92,FG-ALPHA,20240415_090353,AUTO,0,31.38,5.00,-85,100.00,8.33,3.30,5.02,1185,476,0,318,23.55,1013.00,12.10,406.00,14.23,63.70,1080,24.90,22.90,24.20,22.10,22.80,23.80,20.70,20.00,24.30,23.20,22.20,25.30,21.20,23.40,21.40,21.50,24.30,22.80,21.80,21.30,24.80,22.30,25.30,24.10,25.60,20.50,23.10,23.50,20.80,24.90,23.00,21.70,21.90,25.60,24.50,23.20,22.60,21.40,23.90,22.40,21.00,25.60,24.10,22.10,22.10,20.80,22.80,22.60,20.60,21.60,20.80,25.90,24.80,25.40,24.80,23.00,23.40,24.00,24.30,22.10,20.60,21.40,23.70,22.90
TLM_RCV,-53,FG-ALPHA,20240415_090354,AUTO,0,32.31,5.00,-85,100.00,8.33,3.29,5.02,1068,461,0,303,23.03,1012.80,11.90,405.90,14.23,63.70,1080,21.80,22.50,21.80,25.00,23.70,20.00,25.60,23.50,23.00,22.50,22.70,25.30,20.00,24.90,21.70,25.90,24.30,20.90,25.90,22.90,20.60,23.90,22.70,23.80,22.20,24.00,23.90,22.80,20.80,23.40,25.10,21.20,20.00,21.80,25.10,21.90,22.80,25.30,25.80,22.90,23.20,22.40,25.00,20.70,20.70,21.30,25.50,21.60,21.20,21.90,20.60,22.20,23.10,21.40,21.90,25.80,24.60,25.60,21.40,25.00,23.10,22.40,20.00,25.00
TLM_RCV,-58,FG-ALPHA,20240415_090355,AUTO,0,31.05,5.00,-85,100.00,8.34,3.31,5.02,852,409,0,266,22.22,1012.90,11.90,404.80,14.24,63.70,1080,25.70,20.90,20.00,24.60,21.20,25.00,24.20,22.50,21.30,24.20,23.50,21.30,23.70,23.00,21.50,24.40,24.70,20.30,25.50,20.00,22.30,23.10,24.10,24.90,25.80,22.10,21.70,22.10,21.30,20.50,20.80,25.70,20.10,21.70,25.70,25.90,23.10,25.80,20.20,22.20,20.90,20.00,20.80,25.60,23.00,22.40,25.70,25.20,24.10,25.40,23.30,22.50,24.60,23.80,22.10,24.30,25.80,24.30,22.90,25.20,21.30,23.40,22.50,25.40
TLM_RCV,-72,FG-ALPHA,20240415_090356,AUTO,0,32.28,5.00,-85,100.00,8.33,3.30,5.02,837,457,0,312,21.90,1013.20,11.90,405.70,14.24,63.70,1080,25.30,24.00,23.90,25.00,22.80,23.90,25.50,20.60,24.50,21.30,21.60,21.50,25.80,25.70,20.30,24.00,24.90,24.70,21.30,21.20,24.10,23.60,25.10,24.10,25.70,22.00,22.20,22.30,21.60,24.30,21.60,21.90,22.10,22.80,20.80,23.40,24.10,23.80,25.20,24.50,20.20,21.30,23.40,25.90,25.30,20.70,23.00,25.90,25.00,20.30,23.90,21.00,24.50,23.50,23.00,21.80,23.40,21.40,25.60,23.10,25.60,24.80,20.70,20.40
TLM_RCV,-55,FG-ALPHA,20240415_090357,AUTO,0,33.28,5.00,-85,100.00,8.33,3.31,5.02,1062,456,0,308,23.03,1013.00,12.10,405.00,14.24,63.70,1080,20.30,24.00,22.40,22.90,21.80,20.90,22.10,25.60,22.60,23.30,22.90,23.60,23.20,25.70,20.00,24.30,21.60,23.70,24.50,23.90,24.30,21.80,25.10,20.40,24.30,20.60,21.00,25.10,22.50,24.60,23.60,22.50,20.00,22.20,20.00,25.20,25.00,21.80,22.60,21.30,25.50,25.10,20.80,25.40,24.20,21.80,21.30,23.50,25.00,22.20,23.50,22.40,24.50,22.80,25.90,22.00,25.10,22.20,23.70,23.20,23.90,25.10,22.80,24.10
TLM_RCV,-88,FG-ALPHA,20240415_090358,AUTO,0,32.22,5.00,-85,100.00,8.33,3.31,5.02,834,444,0,297,21.95,1013.60,12.00,404.80,14.24,63.70,1080,20.60,20.10,20.70,25.40,25.90,22.50,23.30,22.20,23.90,25.70,21.40,23.00,20.10,25.20,21.20,24.90,20.70,23.00,23.30,21.70,24.50,23.90,22.20,23.50,24.00,20.90,25.90,25.70,25.70,24.60,24.00,25.00,24.80,23.00,21.90,23.30,25.80,24.40,24.10,23.50,25.80,22.10,22.40,24.70,22.10,24.30,25.90,20.60,23.30,23.30,24.00,23.20,25.40,23.40,24.00,21.40,24.80,23.90,24.90,24.30,25.20,24.00,23.00,22.60
TLM_RCV,-46,FG-ALPHA,20240415_090359,AUTO,0,33.35,5.00,-85,100.00,8.33,3.30,5.02,850,470,0,314,21.90,1013.20,12.00,405.70,14.24,63.70,1080,25.90,22.40,23.80,24.90,20.80,22.00,22.50,22.60,20.20,21.60,23.40,24.10,24.50,24.30,22.00,21.60,20.20,23.70,21.30,20.40,23.00,23.80,24.70,23.80,25.40,23.60,23.60,23.80,24.70,21.00,22.50,22.60,20.10,23.20,21.60,23.50,20.20,20.20,23.70,22.50,23.70,24.10,24.60,23.20,25.20,21.80,24.00,20.90,24.40,21.90,21.20,22.90,24.50,22.00,21.40,22.80,22.00,25.70,24.10,21.30,20.50,25.00,24.00,24.10
TLM_RCV,-64,FG-ALPHA,20240415_090400,AUTO,0,33.35,5.00,-85,100.00,8.33,3.29,5.02,815,469,0,328,21.73,1012.70,11.80,406.20,14.24,63.70,1080,22.10,25.30,20.10,24.60,25.70,22.90,23.20,23.60,25.80,24.70,23.90,24.40,22.40,20.20,21.40,25.80,24.10,23.80,21.60,24.10,23.00,20.60,21.30,21.60,20.40,24.70,21.00,25.00,20.80,24.00,21.00,22.20,24.80,24.30,22.20,23.40,25.20,24.90,20.40,21.20,24.50,23.00,23.00,21.20,20.20,23.30,23.40,24.60,24.80,23.80,24.70,24.50,23.60,20.30,24.00,21.50,20.60,21.80,25.20,21.70,23.30,20.80,23.20,24.30
TLM_RCV,-76,FG-ALPHA,20240415_090401,AUTO,0,32.12,5.00,-85,100.00,8.34,3.29,5.02,867,423,0,265,22.22,1013.40,11.80,405.10,14.24,63.70,1080,21.30,22.40,21.80,22.50,24.70,25.80,24.20,23.90,24.50,23.90,23.50,21.70,23.50,24.00,25.90,25.20,25.60,25.50,21.20,20.00,25.50,25.60,22.10,22.70,22.40,20.40,25.20,23.10,22.10,21.80,20.10,23.40,25.80,23.40,22.30,23.70,23.90,22.60,21.90,22.10,23.60,22.50,20.00,21.10,21.10,21.80,21.70,24.70,20.10,23.50,25.00,22.70,25.00,21.90,21.00,21.20,20.60,25.30,21.40,24.80,25.30,22.80,22.20,22.90
TLM_RCV,-53,FG-ALPHA,20240415_090402,AUTO,0,31.00,5.00,-85,100.00,8.34,3.28,5.02,961,400,0,260,22.81,1013.60,12.10,404.50,14.24,63.70,1080,23.10,22.20,25.10,24.10,21.60,24.60,25.60,24.30,25.20,20.10,25.70,23.10,23.20,21.80,23.30,22.90,23.40,20.30,25.40,22.20,24.80,21.80,23.00,25.80,20.90,21.90,22.70,20.50,20.60,23.40,21.70,21.00,24.50,23.40,23.10,21.80,22.60,22.50,24.60,24.50,25.70,24.00,22.90,20.80,23.40,23.00,20.50,25.30,22.30,20.10,22.20,23.70,25.40,23.00,22.80,21.90,24.80,22.10,24.70,23.30,24.60,20.10,20.20,24.00
TLM_RCV,-59,FG-ALPHA,20240415_090403,AUTO,0,31.42,5.00,-85,100.00,8.33,3.31,5.02,1123,484,0,339,23.19,1013.10,11.80,405.90,14.24,63.70,1080,24.60,23.90,22.40,22.20,22.30,20.00,23.70,20.30,20.70,22.80,20.80,21.80,21.80,21.70,21.20,22.80,25.90,22.00,23.00,23.10,21.50,22.40,24.70,20.70,24.90,21.50,25.00,21.80,21.70,21.70,20.80,24.70,23.60,21.60,24.70,21.20,20.30,20.00,20.90,21.80,25.60,24.90,21.30,23.70,21.30,25.80,25.30,23.20,25.50,20.90,24.50,25.10,24.30,23.10,22.60,21.00,22.60,24.00,23.50,24.40,20.30,23.60,21.50,20.60
TLM_RCV,-58,FG-ALPHA,20240415_090404,AUTO,0,31.18,5.00,-85,100.00,8.33,3.28,5.02,1109,436,0,292,23.36,1013.00,11.90,404.50,14.24,63.70,1080,24.20,25.00,25.30,20.40,21.60,22.90,20.30,20.10,22.40,24.70,20.10,24.60,21.60,24.40,21.20,25.00,23.80,24.90,20.90,22.50,22.10,23.00,21.80,20.70,23.10,22.00,25.10,20.20,20.90,23.50,22.00,21.50,23.50,21.20,25.30,24.90,22.70,20.80,23.40,25.30,21.40,23.40,24.30,20.30,22.00,23.50,24.00,21.80,23.70,21.60,24.20,24.90,21.00,25.20,21.30,22.60,22.80,20.10,20.70,20.30,23.30,24.40,23.80,22.00
TLM_RCV,-66,FG-ALPHA,20240415_090405,AUTO,0,31.36,5.00,-85,100.00,8.33,3.31,5.02,1127,472,0,318,23.27,1012.70,12.10,405.20,14.25,63.70,1080,21.10,24.00,24.10,25.60,25.90,23.90,21.40,22.40,22.90,21.80,21.70,24.40,24.30,21.90,20.60,22.80,20.20,20.80,24.70,20.30,25.80,20.60,23.90,20.20,20.50,23.10,22.80,22.60,25.00,20.30,23.10,21.80,24.40,20.40,25.50,21.90,20.90,21.20,20.70,25.50,24.10,20.50,20.40,21.90,24.20,23.00,23.00,20.00,24.50,23.70,22.00,21.50,20.20,20.80,25.30,25.60,24.10,22.10,21.00,21.60,20.50,23.60,20.80,22.60
TLM_RCV,-67,FG-ALPHA,20240415_090406,AUTO,0,32.04,5.00,-85,100.00,8.34,3.31,5.02,873,408,0,251,22.33,1013.50,11.80,405.60,14.25,63.70,1080,20.20,21.00,20.50,21.70,22.60,22.60,20.70,25.00,25.10,22.60,20.10,20.70,24.00,23.30,24.60,23.50,20.30,24.80,21.00,24.20,24.80,23.20,21.40,20.20,23.60,24.30,20.30,24.30,20.30,25.00,20.00,24.40,20.10,22.90,25.40,24.40,21.40,24.50,23.70,20.50,23.00,20.80,21.40,23.10,24.40,21.80,24.50,20.90,20.30,23.00,25.00,23.90,20.80,20.80,20.60,22.60,22.80,24.70,23.70,22.10,20.80,24.20,25.20,22.60
TLM_RCV,-90,FG-ALPHA,20240415_090407,AUTO,0,33.35,5.00,-85,100.00,8.33,3.28,5.02,912,471,0,330,22.20,1013.50,12.00,404.90,14.25,63.70,1080,20.20,25.60,22.50,20.80,24.10,25.30,23.20,21.00,20.30,25.30,24.40,20.60,21.20,24.20,21.70,24.90,21.30,22.60,22.70,20.80,25.80,23.80,22.40,25.30,24.10,21.90,20.60,24.80,23.90,24.40,21.00,20.10,24.70,22.10,23.20,25.30,25.80,22.50,22.20,20.60,20.10,23.10,25.00,22.00,25.50,25.60,23.20,21.40,23.60,25.90,23.50,23.70,25.00,21.90,24.70,21.10,23.50,22.10,21.20,20.20,23.50,25.70,20.70,21.50
TLM_RCV,-52,FG-ALPHA,20240415_090408,AUTO,0,32.38,5.00,-85,100.00,8.33,3.28,5.02,877,475,0,320,22.01,1013.10,12.10,404.80,14.25,63.70,1080,25.30,23.70,25.60,22.90,25.00,20.20,25.90,25.60,20.20,23.30,24.70,23.00,24.10,20.00,22.10,24.00,25.00,22.10,20.10,24.70,23.60,20.00,25.90,23.50,20.30,20.70,20.20,23.70,21.80,22.30,20.70,23.40,23.40,22.20,22.80,24.60,23.20,23.50,24.60,20.00,24.00,20.60,24.40,23.10,23.80,25.70,25.40,22.50,21.50,23.90,25.40,23.60,23.10,22.90,21.30,22.70,24.30,21.00,21.50,22.90,21.60,22.00,23.30,25.30
TLM_RCV,-95,FG-ALPHA,20240415_090409,AUTO,0,32.31,5.00,-85,100.00,8.33,3.31,5.02,1190,461,0,303,23.65,1013.60,11.80,405.40,14.25,63.70,1080,25.70,21.80,23.40,24.10,22.20,24.50,24.10,23.70,23.90,25.80,23.10,24.70,25.30,21.60,24.80,23.40,22.90,24.10,23.40,21.40,20.70,24.80,20.20,25.60,25.60,21.20,22.10,24.30,22.00,21.00,24.30,24.00,22.10,20.80,25.40,21.70,24.40,25.50,24.60,20.40,20.50,22.30,25.60,24.10,20.90,20.60,20.90,21.90,21.70,22.40,20.40,20.50,24.60,22.60,25.20,22.40,21.10,22.20,25.60,24.30,24.80,22.30,23.40,25.70
TLM_RCV,-78,FG-ALPHA,20240415_090410,AUTO,0,33.36,5.00,-85,100.00,8.33,3.28,5.02,828,472,0,320,21.78,1013.40,12.10,405.60,14.25,63.70,1080,25.20,24.90,21.90,21.10,24.30,22.00,23.60,22.40,21.50,24.00,22.90,23.20,23.30,22.00,25.80,24.70,20.70,20.00,25.70,20.40,20.40,23.20,22.60,21.60,25.90,23.50,23.20,21.90,20.10,23.20,22.00,20.60,21.40,24.30,20.00,24.20,25.70,24.40,23.80,21.90,24.70,25.30,23.00,23.20,24.90,24.40,25.00,24.30,24.00,24.80,21.00,25.80,21.90,22.50,22.80,21.10,23.80,22.40,23.10,21.10,21.00,22.40,20.10,23.70
TLM_RCV,-91,FG-ALPHA,20240415_090411,AUTO,0,32.40,5.00,-85,99.95,8.33,3.28,5.02,0,481,0,331,22.41,1013.10,12.10,404.50,14.25,63.70,1080,20.90,23.50,24.80,24.30,21.90,24.00,23.70,21.00,24.90,25.90,23.20,23.70,25.20,20.30,22.00,20.90,21.90,23.80,22.90,25.90,25.30,24.80,25.70,24.00,25.10,22.20,25.60,22.70,23.40,20.40,20.60,20.00,23.50,23.10,21.50,25.90,24.50,23.50,25.00,22.50,21.90,21.90,21.30,23.50,20.20,20.80,25.50,24.80,24.10,23.40,22.30,21.30,24.40,23.20,24.10,20.10,20.80,22.60,21.50,21.30,25.40,22.20,24.40,20.40
TLM_RCV,-88,FG-ALPHA,20240415_090412,AUTO,0,33.15,5.00,-85,100.00,8.34,3.31,5.02,1133,429,0,275,23.52,1012.70,12.00,405.30,14.25,63.70,1080,21.90,22.30,22.50,23.30,24.00,22.10,24.20,24.60,23.90,24.60,20.90,24.10,25.30,20.90,20.70,24.80,20.20,21.70,25.90,21.70,24.30,20.60,24.20,24.70,23.60,22.80,21.90,24.40,23.10,23.80,25.40,24.30,25.00,23.90,25.30,24.90,22.00,22.50,24.10,20.90,20.50,24.70,20.50,24.00,20.50,23.50,20.10,23.60,22.70,24.90,24.20,21.60,21.10,24.10,21.50,23.40,24.60,21.20,24.50,23.80,25.00,24.40,22.90,23.00
TLM_RCV,-90,FG-ALPHA,20240415_090413,AUTO,0,32.17,5.00,-85,100.00,8.33,3.29,5.02,1157,434,0,286,23.61,1013.60,11.80,404.60,14.25,63.70,1080,24.20,24.70,21.70,21.50,25.40,25.10,25.50,20.40,21.90,20.50,23.50,20.70,22.70,24.50,21.10,22.30,21.00,23.80,24.40,23.30,22.80,21.20,23.30,25.30,23.10,23.70,21.90,21.20,22.00,20.70,25.60,24.30,25.80,23.50,20.40,23.30,24.20,22.50,21.20,22.80,24.00,22.70,25.70,23.20,22.00,21.90,25.80,20.20,22.00,20.70,25.80,23.20,24.30,25.40,25.80,20.20,23.70,25.70,25.00,24.10,22.90,25.30,22.30,20.50
TLM_RCV,-93,FG-ALPHA,20240415_090414,AUTO,0,31.20,5.00,-85,100.00,8.33,3.30,5.02,1129,440,0,297,23.44,1013.10,11.80,406.20,14.25,63.70,1080,20.40,24.20,24.20,21.00,25.90,22.20,20.10,20.50,22.70,23.20,22.00,25.30,22.30,20.40,24.10,24.80,25.40,20.40,22.90,22.00,25.60,20.50,23.90,22.60,21.40,20.10,25.20,20.40,25.00,22.70,23.10,25.20,24.90,24.70,23.80,21.00,21.00,21.70,20.30,21.40,24.40,23.40,25.20,21.20,24.50,24.20,23.10,22.50,20.10,24.70,21.70,24.30,21.90,20.20,20.90,23.60,20.30,22.00,21.10,22.30,23.40,23.30,21.90,25.20
TLM_RCV,-93,FG-ALPHA,20240415_090415,AUTO,0,32.24,5.00,-85,100.00,8.33,3.30,5.02,979,448,0,305,22.66,1013.60,12.00,405.00,14.26,63.70,1080,23.40,24.20,22.10,22.10,21.90,22.10,24.10,20.20,25.30,22.90,22.20,20.90,24.30,22.70,20.60,25.70,21.90,21.90,21.20,20.40,22.00,21.70,21.10,24.90,25.30,22.00,20.70,25.90,24.20,21.10,20.10,25.70,24.40,23.30,20.80,20.70,20.60,23.80,24.20,22.70,22.80,24.40,23.90,23.50,25.70,25.00,23.60,21.10,25.20,20.50,20.60,21.60,22.30,20.20,25.10,23.10,22.00,23.60,20.10,22.20,24.70,22.50,25.80,20.30
TLM_RCV,-77,FG-ALPHA,20240415_090416,AUTO,0,31.16,5.00,-85,100.00,8.34,3.28,5.02,985,432,0,282,22.76,1013.00,11.80,404.80,14.26,63.70,1080,21.10,21.80,25.10,20.20,21.00,25.00,22.70,20.50,20.60,23.70,25.60,20.40,21.40,23.80,25.20,20.30,20.80,22.70,25.80,21.00,20.10,24.50,24.10,25.60,20.60,21.80,21.80,22.40,20.90,23.10,24.10,22.90,23.30,25.20,25.90,20.50,24.10,20.40,22.30,20.00,24.80,20.10,22.70,25.90,20.00,21.30,21.50,25.60,20.20,20.10,22.60,25.90,20.50,25.40,24.50,22.80,23.50,20.40,25.40,25.00,25.00,25.70,24.00,23.30
TLM_RCV,-57,FG-ALPHA,20240415_090417,AUTO,0,32.06,5.00,-85,100.00,8.34,3.29,5.02,817,413,0,271,22.02,1013.60,12.00,404.60,14.26,63.70,1080,22.30,24.20,25.90,25.10,21.40,24.50,21.60,22.90,24.10,20.00,21.00,22.60,22.50,20.30,25.30,20.00,22.60,20.20,24.00,21.10,23.50,23.00,24.80,23.70,22.80,22.80,21.10,20.40,21.20,24.30,23.40,22.80,24.40,20.70,22.90,24.60,21.90,72.10,20.40,23.00,23.00,20.60,20.30,24.50,25.80,21.30,22.50,24.10,21.20,24.80,23.90,21.40,22.90,23.70,21.30,20.70,24.20,24.20,23.90,25.30,25.90,23.00,21.90,22.20
TLM_RCV,-77,FG-ALPHA,20240415_090418,AUTO,0,33.44,5.00,-85,100.00,8.33,3.28,5.02,1097,487,0,341,23.05,1013.50,11.80,406.20,14.26,63.70,1080,23.30,23.40,21.50,22.50,23.20,20.10,25.40,23.80,22.30,22.20,22.20,25.20,21.80,20.20,22.70,24.50,21.10,25.50,24.30,20.40,21.00,22.90,25.90,20.00,24.00,23.10,23.80,21.90,24.10,23.10,21.60,22.30,23.10,20.80,20.60,21.50,21.80,24.70,25.00,22.00,23.70,21.60,24.00,23.60,20.70,25.20,20.80,22.70,25.70,20.60,24.40,24.30,20.10,23.40,20.40,25.60,23.30,24.90,22.90,24.90,20.50,22.00,25.60,22.10
TLM_RCV,-71,FG-ALPHA,20240415_090419,AUTO,0,32.01,5.00,-85,100.00,8.34,3.31,5.02,1056,402,0,255,23.27,1013.30,12.10,404.70,14.26,63.70,1080,20.90,21.90,23.30,22.50,22.40,21.00,21.70,23.10,22.30,20.10,20.90,25.50,25.60,20.20,20.00,23.50,25.70,23.90,24.60,24.70,20.20,24.80,20.60,21.40,22.50,23.80,21.10,21.10,21.90,22.70,25.10,21.30,25.70,20.60,24.90,25.30,24.40,21.10,20.50,21.60,21.30,21.00,21.40,22.00,21.80,25.10,22.00,23.30,24.00,20.00,24.00,23.60,24.40,21.50,20.90,21.90,23.80,21.30,22.30,22.40,25.10,20.20,21.30,22.60
TLM_RCV,-54,FG-ALPHA,20240415_090441,AUTO,0,33.47,20.00,-85,100.00,8.33,3.30,5.02,965,495,0,336,22.35,1013.40,12.10,405.80,14.28,65.80,1080,20.50,24.00,25.80,20.20,23.40,22.10,23.30,25.20,25.50,22.70,20.90,20.20,22.80,20.40,20.70,25.30,24.00,22.70,21.30,20.30,23.80,21.40,20.10,23.20,24.20,22.70,23.70,24.10,20.10,24.00,22.60,24.70,24.70,24.20,21.60,22.20,22.60,23.50,23.40,20.10,23.10,22.80,24.30,25.30,25.10,21.00,24.80,22.50,22.10,22.50,23.90,24.30,20.40,24.60,21.50,22.80,24.50,25.80,24.70,24.40,22.00,25.80,23.70,22.70
TLM_RCV,-64,FG-ALPHA,20240415_090442,AUTO,0,31.16,18.00,-85,99.95,8.33,3.29,5.02,0,431,0,273,22.16,1013.40,11.90,405.40,14.28,65.80,1080,20.50,23.50,24.80,22.70,24.00,22.80,23.50,24.60,20.10,20.90,20.70,23.10,24.30,20.80,20.50,23.50,21.30,22.20,22.40,20.60,24.10,21.40,25.30,21.40,25.60,20.10,21.50,25.10,23.30,20.20,21.70,21.40,25.30,20.30,21.10,21.60,21.40,22.10,24.20,22.70,22.30,21.10,21.50,20.60,24.90,22.00,25.30,23.20,22.00,23.00,21.30,21.70,20.10,24.90,21.80,20.50,25.30,20.60,21.40,20.60,21.50,23.70,24.90,23.20
TLM_RCV,-91,FG-ALPHA,20240415_090443,AUTO,0,33.03,16.00,-85,100.00,8.34,3.29,5.02,1108,407,0,259,23.50,1012.70,12.00,405.10,14.28,65.80,1080,21.80,25.60,20.10,24.20,24.90,23.00,25.10,20.80,20.60,22.00,20.20,24.10,23.70,21.80,22.20,24.40,22.90,25.00,24.60,22.00,21.10,22.20,24.40,24.40,22.30,22.00,21.10,25.30,22.50,20.20,23.80,24.30,23.40,20.20,24.80,22.20,22.30,25.60,20.90,20.00,23.30,20.30,20.20,23.40,21.20,71.30,20.40,22.60,20.70,24.40,21.30,22.00,24.80,24.10,21.40,23.40,24.30,25.80,23.90,23.30,25.00,20.90,25.30,22.90
TLM_RCV,-89,FG-ALPHA,20240415_090444,AUTO,0,31.18,14.00,-85,99.96,8.33,3.30,5.02,0,436,0,293,22.18,1013.20,11.90,405.90,14.28,65.80,1080,21.80,21.50,25.90,23.70,25.00,20.20,24.70,20.70,24.20,25.10,21.90,22.00,23.20,25.20,24.30,24.20,22.20,22.30,24.00,22.90,24.20,24.70,24.10,21.20,22.10,24.30,24.80,23.00,24.30,22.10,25.40,23.80,23.50,24.60,25.70,25.10,22.40,23.90,20.10,24.10,20.90,25.20,23.10,23.10,22.40,20.40,22.50,21.10,22.70,23.50,22.60,20.40,21.70,23.00,20.70,24.60,23.40,24.20,22.00,20.40,25.20,20.80,22.70,23.40
TLM_RCV,-65,FG-ALPHA,20240415_090445,AUTO,0,32.13,12.00,-85,100.00,8.34,3.29,5.02,852,425,0,274,22.14,1013.50,12.10,404.70,14.29,65.80,1080,24.70,20.10,25.60,24.60,20.70,24.70,22.70,22.10,25.10,20.30,20.30,21.70,24.90,22.80,21.70,25.10,20.30,22.90,25.60,25.90,25.90,23.50,22.60,21.90,22.40,24.90,21.90,22.70,20.70,21.60,23.10,22.60,25.30,25.80,23.50,21.40,21.20,21.00,24.70,24.70,24.60,25.80,24.60,25.40,23.60,25.80,25.30,22.10,24.10,22.40,25.90,23.00,21.90,24.80,22.50,25.00,24.00,25.00,22.30,21.20,24.50,25.70,22.80,20.30
TLM_RCV,-82,FG-ALPHA,20240415_090446,AUTO,0,33.08,10.00,-85,100.00,8.34,3.28,5.02,1178,416,0,260,23.81,1013.60,11.90,405.00,14.29,65.80,1080,22.00,24.30,23.90,21.60,20.70,21.10,24.80,25.40,21.90,20.60,22.40,20.80,24.00,23.00,20.80,22.10,20.10,21.80,23.60,20.90,23.80,22.30,24.00,23.70,20.40,24.00,23.90,20.80,20.00,22.80,21.50,23.60,22.60,20.00,23.40,20.30,20.20,24.30,20.30,23.10,23.40,22.60,21.90,22.70,24.60,23.90,24.20,24.20,25.60,21.70,20.00,21.10,25.00,23.90,21.10,23.00,23.30,20.00,25.30,23.80,25.30,25.00,22.30,23.50
TLM_RCV,-67,FG-ALPHA,20240415_090447,AUTO,0,31.35,8.00,-85,100.00,8.33,3.31,5.02,1106,470,0,313,23.18,1013.30,12.00,405.80,14.29,65.80,1080,21.90,21.40,20.80,23.90,20.30,24.90,25.30,25.80,25.50,23.50,23.00,23.00,22.70,22.20,21.70,20.20,25.90,21.40,23.00,22.70,22.60,23.80,22.30,24.90,21.70,21.10,21.20,20.40,24.90,23.10,24.40,21.40,22.30,20.80,24.80,23.50,21.00,23.80,25.60,24.20,24.90,22.20,22.60,20.10,24.90,23.50,23.00,24.00,25.90,23.10,20.00,23.40,25.20,24.70,23.90,21.20,23.50,21.10,25.50,25.40,25.60,24.70,20.60,23.10
TLM_RCV,-62,FG-ALPHA,20240415_090448,AUTO,0,30.97,6.00,-85,100.00,8.34,3.30,5.02,1173,393,0,251,23.90,1013.40,12.00,405.70,14.29,65.80,1080,21.90,25.20,22.90,21.20,25.50,23.60,24.00,21.60,22.80,22.30,24.50,24.30,24.60,22.80,21.80,23.60,20.90,21.30,24.10,21.10,21.50,25.70,23.60,24.10,21.10,20.60,22.10,25.50,22.80,20.30,23.10,21.10,21.30,20.90,23.90,25.40,21.10,23.90,25.50,21.00,21.40,21.40,21.60,24.20,23.00,25.00,25.20,25.50,21.70,22.80,23.70,22.50,21.70,22.90,22.30,24.60,23.00,25.50,23.70,20.30,20.00,23.90,24.80,25.20
TLM_RCV,-85,FG-ALPHA,20240415_090449,AUTO,0,33.24,5.00,-85,100.00,8.33,3.28,5.02,802,448,0,304,21.77,1012.90,11.90,405.50,14.29,65.80,1080,23.30,22.90,25.70,23.70,23.90,21.70,25.20,24.30,23.50,23.70,23.60,24.20,22.80,22.70,22.70,20.60,25.20,22.00,23.30,24.90,23.00,21.80,22.30,25.20,23.60,22.70,21.60,23.10,20.70,23.80,22.10,21.30,22.80,22.90,21.70,21.90,22.30,20.00,25.50,20.30,25.40,20.90,24.30,22.30,20.20,20.30,22.30,20.90,24.30,23.50,20.30,20.30,22.10,23.40,24.00,23.10,20.80,24.90,24.10,23.20,23.40,21.70,21.80,23.30
TLM_RCV,-72,FG-ALPHA,20240415_090450,AUTO,0,32.01,5.00,-85,100.00,8.34,3.29,5.02,910,403,0,257,22.53,1013.40,11.90,405.30,14.29,65.80,1080,24.10,22.90,21.40,20.20,25.80,20.00,21.20,20.30,22.50,25.00,24.10,20.90,25.60,24.30,20.00,20.70,20.40,23.40,24.60,22.70,21.80,22.90,20.10,25.60,25.70,22.40,22.00,25.20,25.70,20.10,24.80,25.10,22.50,20.00,20.70,25.30,21.10,23.50,21.70,24.90,25.70,23.30,20.70,21.30,24.00,20.70,24.60,23.40,21.20,25.90,22.00,24.60,24.60,21.00,22.40,24.80,21.00,21.80,20.30,22.20,24.00,20.20,22.20,25.60
TLM_RCV,-92,FG-ALPHA,20240415_090451,AUTO,0,33.23,5.00,-85,99.96,8.33,3.31,5.02,0,446,0,292,22.23,1013.30,11.80,404.60,14.29,65.80,1080,25.00,22.00,21.30,25.60,20.00,22.10,21.20,24.20,24.50,22.70,22.80,22.00,21.80,22.20,22.60,24.30,23.50,20.40,24.10,21.70,22.60,22.80,22.10,20.40,22.10,24.80,24.40,23.60,20.20,21.30,24.60,21.00,25.80,23.70,20.70,24.90,21.20,23.10,23.60,21.40,20.10,21.80,24.50,24.60,20.00,24.10,22.20,24.70,24.00,20.10,23.10,20.60,20.50,25.00,24.70,24.80,21.20,23.90,22.00,23.90,21.50,21.30,22.80,23.40
TLM_RCV,-48,FG-ALPHA,20240415_090452,AUTO,0,32.44,5.00,-85,99.99,8.33,3.31,5.02,809,489,0,346,21.60,1013.30,12.00,406.00,14.29,65.80,1080,25.10,25.10,21.80,25.60,25.70,23.00,25.30,21.80,25.10,23.80,22.50,21.10,25.30,25.40,25.70,25.00,21.20,21.10,21.30,23.70,20.00,20.60,25.40,23.80,20.40,22.60,21.80,25.40,25.70,20.00,25.30,24.70,23.60,24.60,22.10,25.70,22.20,24.40,25.80,21.40,21.10,21.60,24.30,20.00,24.80,25.40,22.60,21.20,21.30,21.70,25.50,20.40,25.20,22.10,23.90,24.30,22.30,21.70,24.00,20.10,22.80,24.30,20.50,21.90
TLM_RCV,-46,FG-ALPHA,20240415_090453,AUTO,0,32.31,5.00,-85,100.00,8.33,3.31,5.02,1053,462,0,310,22.95,1013.30,12.10,405.60,14.29,65.80,1080,25.20,24.70,25.40,20.80,23.90,21.00,21.40,24.90,23.00,22.20,23.10,23.90,20.00,23.70,20.80,25.10,20.50,22.70,21.10,21.60,25.20,22.80,21.90,24.60,25.70,22.30,25.10,23.90,22.20,20.20,21.80,22.50,24.10,20.70,25.80,23.70,21.10,24.90,22.50,21.60,23.00,24.20,22.30,23.60,21.10,21.50,24.80,20.10,20.50,21.20,22.30,22.50,20.70,21.40,24.40,24.00,25.30,24.10,23.70,22.20,22.10,23.60,25.40,25.70
TLM_RCV,-95,FG-ALPHA,20240415_090454,AUTO,0,32.22,5.00,-85,100.00,8.33,3.28,5.02,1128,443,0,292,23.42,1013.20,11.90,404.50,14.29,65.80,1080,20.10,25.90,25.80,25.60,22.50,21.80,23.50,25.60,21.30,20.50,25.40,20.00,23.30,24.50,24.30,20.00,22.80,24.70,24.90,25.40,23.10,25.60,21.00,25.30,22.20,24.60,24.70,20.50,23.80,20.50,22.80,22.70,23.40,22.40,22.40,23.00,22.80,24.00,24.10,22.70,25.40,21.30,21.90,23.70,23.00,23.40,24.60,22.60,25.00,21.90,21.10,22.80,25.40,21.50,23.80,20.70,22.30,22.30,20.00,25.80,23.50,22.60,25.80,25.80
TLM_RCV,-75,FG-ALPHA,20240415_090455,AUTO,0,31.25,5.00,-85,99.96,8.33,3.28,5.02,0,449,0,306,22.25,1012.70,11.90,404.80,14.30,65.80,1080,21.30,24.90,25.10,23.90,20.70,22.40,23.60,22.20,24.20,23.10,25.30,21.70,25.80,21.90,25.00,23.60,25.90,21.50,20.10,24.20,25.80,25.70,21.30,21.10,25.50,24.80,21.40,25.00,21.00,25.90,24.90,21.30,23.00,23.40,20.30,21.30,21.80,23.40,20.70,21.30,25.60,25.20,21.90,23.90,20.60,22.90,23.60,21.50,22.30,20.50,25.50,24.80,25.00,24.80,24.30,22.20,24.90,23.00,24.20,24.60,21.70,21.70,21.90,23.80
TLM_RCV,-86,FG-ALPHA,20240415_090456,AUTO,0,33.53,5.00,-85,99.90,8.32,3.29,5.02,0,507,0,349,22.53,1013.40,12.10,406.40,14.30,65.80,1080,22.10,21.40,24.80,24.40,21.20,23.80,23.90,21.10,22.00,25.90,24.10,23.90,25.80,21.10,22.40,25.20,23.90,22.90,21.30,24.60,20.10,21.20,20.30,20.10,20.30,20.60,25.50,21.90,20.30,25.80,22.00,25.40,21.40,20.30,24.40,25.10,22.10,22.10,20.90,21.30,24.50,23.00,24.60,24.90,25.80,24.40,25.00,25.60,21.00,25.90,21.90,20.20,22.50,21.50,21.70,25.80,22.80,24.40,21.80,21.10,20.80,25.90,20.90,21.30
TLM_RCV,-49,FG-ALPHA,20240415_090457,AUTO,0,31.32,5.00,-85,99.94,8.33,3.31,5.02,829,464,0,316,21.83,1013.30,11.90,406.30,14.30,65.80,1080,21.20,20.00,70.70,20.90,20.80,23.70,21.70,24.10,22.20,21.20,24.10,24.50,20.20,20.00,22.30,24.50,23.90,20.90,24.50,20.20,22.20,23.30,23.80,20.80,24.60,22.90,21.80,22.70,21.60,22.40,20.30,20.50,21.00,25.80,21.00,24.00,20.20,24.10,20.70,24.00,23.90,23.80,21.60,22.30,25.00,24.70,20.40,24.80,22.30,25.30,25.60,25.00,24.60,25.00,23.30,22.20,25.80,22.20,23.00,20.20,24.60,23.20,24.20,21.00
TLM_RCV,-74,FG-ALPHA,20240415_090458,AUTO,0,32.31,5.00,-85,99.99,8.33,3.30,5.02,919,461,0,312,22.29,1012.70,11.80,405.10,14.30,65.80,1080,24.20,22.10,23.10,20.60,24.80,25.60,22.80,21.20,25.10,23.60,24.20,23.30,21.00,22.40,23.60,21.50,23.70,24.10,20.40,24.60,22.90,21.40,24.30,25.90,23.30,22.80,24.30,23.90,25.90,24.70,24.50,22.20,23.30,22.80,25.00,25.50,25.20,20.90,22.50,22.70,25.30,21.70,21.80,21.40,24.80,20.40,20.20,20.10,20.10,24.60,24.00,25.30,24.10,22.50,21.00,24.50,20.90,23.30,23.90,21.30,24.70,22.30,20.30,22.20
TLM_RCV,-74,FG-ALPHA,20240415_090459,AUTO,0,32.38,5.00,-85,100.00,8.33,3.30,5.02,1093,476,0,329,23.08,1013.40,11.80,405.40,14.30,65.80,1080,22.10,22.50,22.40,24.90,23.80,20.90,22.40,24.50,20.80,22.30,23.20,23.10,24.80,21.20,25.50,24.40,25.90,25.70,20.60,25.60,23.70,22.10,20.80,21.90,23.70,21.10,24.80,21.30,23.60,20.00,24.70,20.40,23.30,25.10,21.90,21.20,24.70,20.10,25.10,23.90,24.20,20.20,20.70,21.40,25.70,25.10,21.00,22.30,21.50,20.80,24.60,23.70,21.00,21.20,22.70,21.90,25.80,22.70,20.60,20.00,22.50,22.30,20.10,24.40
TLM_RCV,-47,FG-ALPHA,20240415_090500,AUTO,0,33.21,5.00,-85,100.00,8.33,3.31,5.02,877,442,0,300,22.17,1012.70,11.80,406.20,14.30,65.80,1080,25.30,24.80,22.60,25.10,21.20,21.30,20.80,23.70,25.50,22.60,25.60,23.90,23.40,20.80,20.30,25.30,22.10,25.90,20.70,23.70,25.40,20.20,22.70,20.40,21.60,20.60,20.20,25.80,21.40,22.10,24.40,25.70,24.80,24.30,20.90,25.20,24.30,25.80,21.40,22.00,24.30,25.90,23.10,23.60,22.90,20.60,22.40,24.00,21.30,25.90,23.90,20.10,24.20,21.30,23.70,22.10,25.60,21.00,20.70,24.40,22.50,23.40,23.50,24.60
TLM_RCV,-59,FG-ALPHA,20240415_090501,AUTO,0,32.22,5.00,-85,100.00,8.33,3.28,5.02,1143,444,0,303,23.50,1013.30,12.10,404.60,14.30,65.80,1080,20.30,21.00,25.50,25.40,21.20,24.40,23.50,21.00,22.10,20.50,23.10,22.40,22.80,22.50,21.20,25.40,20.60,23.30,21.70,25.20,22.20,24.00,21.10,23.10,25.00,22.20,24.10,20.10,21.30,25.70,22.90,21.50,22.40,20.80,25.00,21.50,24.90,20.80,25.40,24.40,22.80,23.90,25.50,25.50,24.70,20.50,25.20,25.30,20.40,22.30,25.30,24.00,22.60,21.70,20.50,24.90,25.70,21.60,25.30,23.80,20.00,23.20,24.30,21.90
TLM_RCV,-60,FG-ALPHA,20240415_090503,AUTO,0,32.16,5.00,-85,100.00,8.34,3.30,5.02,1073,432,0,275,23.20,1013.20,12.10,406.20,14.30,65.80,1080,21.00,21.00,25.70,22.80,20.50,21.10,22.40,24.60,20.90,21.80,25.60,24.80,21.40,23.20,23.60,22.50,21.40,22.40,20.90,21.50,25.90,22.70,23.30,25.00,20.40,23.60,22.40,25.00,21.30,21.20,25.70,24.50,22.40,22.30,20.60,24.00,20.00,20.00,24.70,23.10,21.80,25.20,20.00,23.10,20.80,25.50,25.30,20.50,25.30,25.90,20.10,23.50,22.40,25.40,25.00,24.90,21.80,20.40,24.20,25.40,20.80,24.30,24.60,25.40
TLM_RCV,-88,FG-ALPHA,20240415_090504,AUTO,0,31.13,5.00,-85,100.00,8.34,3.31,5.02,1093,426,0,282,23.33,1012.90,12.00,406.00,14.30,65.80,1080,20.60,23.10,20.50,25.70,22.00,25.10,20.20,23.50,20.80,25.50,23.90,21.60,24.30,25.50,22.20,22.90,24.30,25.70,24.70,25.40,24.10,23.40,24.10,22.20,20.10,23.70,21.50,24.80,22.40,23.40,24.90,20.20,21.30,23.20,23.10,24.30,20.30,24.60,21.30,25.50,24.40,21.10,24.40,22.20,23.50,21.00,24.90,21.10,24.60,22.30,20.40,20.60,20.30,24.90,24.90,21.40,20.00,22.90,25.70,22.70,22.40,21.00,25.40,25.00
TLM_RCV,-40,FG-ALPHA,20240415_090505,AUTO,0,31.10,5.00,-85,100.00,8.34,3.29,5.02,833,420,0,268,22.07,1013.30,11.80,405.80,14.31,65.80,1080,23.20,21.30,25.10,21.10,24.10,20.20,20.20,23.90,23.60,25.40,21.20,23.40,22.70,21.70,21.30,21.10,24.40,22.10,23.20,22.40,25.70,24.20,23.20,25.00,23.50,24.60,20.70,25.80,20.80,21.70,20.70,20.50,23.10,21.20,25.10,24.60,22.80,20.90,22.90,24.90,25.20,20.40,21.60,21.90,23.10,25.10,24.60,21.00,21.30,24.30,25.70,21.20,22.80,22.90,25.90,24.80,25.80,21.70,22.60,21.50,21.20,24.90,25.30,20.10
TLM_RCV,-56,FG-ALPHA,20240415_090506,AUTO,0,31.08,5.00,-85,100.00,8.34,3.31,5.02,869,415,0,270,22.27,1013.10,11.80,405.90,14.31,65.80,1080,23.60,22.10,24.10,25.60,22.30,25.70,24.70,25.60,23.90,22.50,21.30,22.10,23.10,24.70,22.70,22.40,20.90,22.50,23.70,24.70,22.30,23.10,20.90,21.50,25.90,21.20,20.40,25.60,20.30,24.40,24.20,22.40,22.60,25.40,24.20,22.70,25.40,24.30,22.60,21.30,21.40,21.00,25.70,20.10,23.30,20.30,20.00,24.90,25.30,25.60,24.30,23.80,24.20,22.70,21.60,20.50,23.30,24.80,22.70,21.60,23.30,21.70,24.80,24.20
TLM_RCV,-40,FG-ALPHA,20240415_090507,AUTO,0,31.32,5.00,-85,99.95,8.33,3.29,5.02,0,463,0,322,22.32,1013.30,12.10,405.20,14.31,65.80,1080,20.80,25.00,20.00,22.40,23.30,20.40,22.10,22.70,21.60,22.50,20.20,21.30,25.70,20.80,20.20,20.40,24.80,22.90,22.70,25.80,20.40,21.30,22.60,20.90,25.60,23.60,25.20,21.40,24.70,20.90,25.40,25.90,22.40,21.00,20.70,23.50,25.20,23.10,25.60,20.70,21.80,25.60,23.20,24.70,21.90,24.00,25.10,21.90,21.20,22.50,25.70,25.90,22.00,23.30,24.90,25.60,22.40,23.40,22.40,23.20,25.50,21.20,23.30,22.60
TLM_RCV,-40,FG-ALPHA,20240415_090508,AUTO,0,33.22,5.00,-85,100.00,8.33,3.30,5.02,1051,445,0,293,23.03,1013.30,11.80,405.50,14.31,65.80,1080,25.40,25.70,20.80,23.20,21.90,23.40,22.50,24.80,21.70,25.70,24.10,23.90,23.90,24.10,22.30,24.30,23.20,21.20,21.60,21.50,22.10,23.50,24.20,25.80,22.40,25.20,23.80,21.20,25.20,21.20,23.20,22.70,22.50,22.50,24.90,21.70,22.70,25.60,25.60,20.20,24.20,22.60,23.40,22.90,21.30,25.20,23.80,25.70,21.90,21.10,21.30,21.20,21.70,21.10,25.10,21.80,24.30,23.70,23.30,22.80,20.80,21.70,21.40,25.90
TLM_RCV,-45,FG-ALPHA,20240415_090509,AUTO,0,33.40,5.00,-85,100.00,8.33,3.29,5.02,837,480,0,337,21.78,1013.20,11.90,405.70,14.31,65.80,1080,25.50,25.10,25.30,21.10,23.40,24.60,24.10,21.20,25.40,21.50,24.60,23.40,25.40,22.50,20.90,23.50,25.90,23.40,20.80,20.90,22.80,24.70,21.90,22.20,22.50,20.30,24.90,20.60,24.20,22.90,25.10,23.20,23.10,25.50,24.20,25.70,22.70,25.70,24.20,24.20,21.00,22.10,20.50,24.70,22.90,21.60,23.30,24.20,23.00,25.50,20.90,20.70,25.10,22.70,21.60,20.10,21.80,24.10,25.40,20.60,20.20,20.40,23.30,22.10
TLM_RCV,-83,FG-ALPHA,20240415_090510,AUTO,0,32.38,5.00,-85,99.95,8.33,3.30,5.02,0,475,0,317,22.37,1012.80,11.80,405.10,14.31,65.80,1080,20.70,22.30,23.40,20.50,21.50,23.10,22.60,22.40,20.10,24.30,21.10,24.20,23.10,22.10,21.20,24.60,20.00,22.10,23.10,23.20,21.10,21.30,20.50,22.90,20.70,21.50,25.80,21.30,20.80,20.60,21.00,23.00,21.20,23.30,24.00,20.00,20.70,23.00,21.40,23.10,22.20,25.60,25.30,24.80,25.20,20.90,21.40,25.60,22.50,25.40,20.00,22.60,23.70,25.60,23.60,25.00,23.40,23.90,20.10,20.60,24.10,21.60,22.70,25.80
TLM_RCV,-71,FG-ALPHA,20240415_090511,AUTO,0,33.10,5.00,-85,100.00,8.34,3.31,5.02,985,421,0,281,22.82,1013.10,12.10,406.20,14.31,65.80,1080,25.20,20.50,22.30,22.60,25.00,24.40,24.40,20.80,20.60,21.30,25.10,23.30,21.20,25.80,24.90,20.30,21.20,23.10,24.90,24.20,24.30,23.00,25.40,20.30,20.40,20.80,24.90,20.20,22.40,21.60,25.80,24.80,20.50,25.70,25.30,22.90,24.70,25.30,20.00,23.10,23.60,25.30,22.40,24.80,20.10,20.00,24.00,21.80,20.80,22.80,23.50,24.80,22.60,25.70,24.80,23.50,21.00,21.90,22.50,20.10,24.40,25.10,20.30,25.90
TLM_RCV,-51,FG-ALPHA,20240415_090512,AUTO,0,32.27,5.00,-85,100.00,8.33,3.28,5.02,947,454,0,297,22.47,1012.80,12.00,406.00,14.31,65.80,1080,22.10,22.20,22.10,25.70,22.10,22.10,25.40,24.90,25.40,23.10,24.40,20.90,22.20,22.70,21.00,25.80,22.20,20.70,23.70,22.60,25.70,25.30,20.50,25.60,23.00,21.80,20.20,21.60,24.50,20.60,23.10,22.90,21.10,22.90,25.30,24.60,25.30,25.80,25.40,20.90,20.80,23.10,25.40,23.00,25.90,22.00,22.00,20.80,22.60,22.70,20.00,20.50,20.60,24.70,23.10,23.70,23.10,23.70,22.20,22.70,25.90,20.10,22.60,25.20
TLM_RCV,-94,FG-ALPHA,20240415_090513,AUTO,0,33.51,5.00,-85,100.00,8.32,3.29,5.02,995,501,0,347,22.47,1013.50,11.90,405.10,14.31,65.80,1080,22.60,24.70,25.10,22.90,25.90,23.90,25.70,25.20,22.30,24.50,23.20,21.70,23.40,21.00,21.80,23.00,25.60,24.50,23.00,22.80,23.00,20.30,22.40,25.00,20.40,25.00,23.50,23.90,20.90,22.50,20.80,22.50,23.40,23.40,22.60,25.90,23.60,24.40,25.60,24.90,21.60,24.80,25.10,25.70,25.40,21.30,20.50,22.80,21.60,24.80,22.20,22.40,22.30,22.10,21.50,23.20,22.50,21.10,21.80,24.20,22.70,25.10,25.60,25.50
TLM_RCV,-73,FG-ALPHA,20240415_090514,AUTO,0,32.44,5.00,-85,99.95,8.33,3.31,5.02,0,488,0,329,22.44,1013.30,11.80,405.00,14.31,65.80,1080,24.50,22.60,20.30,21.30,21.20,23.30,24.70,21.60,25.10,24.40,70.70,24.10,20.20,20.20,23.30,25.50,22.20,22.70,22.60,23.60,20.60,25.50,22.70,22.30,21.40,22.60,21.80,25.00,20.20,22.70,25.30,24.20,22.80,21.20,20.30,23.30,20.40,21.70,23.60,23.90,25.00,25.80,21.60,23.20,21.00,22.70,21.30,23.20,21.00,22.70,20.10,23.90,22.00,20.70,24.10,25.30,21.10,21.00,25.80,22.50,25.00,21.00,21.70,23.70
TLM_RCV,-86,FG-ALPHA,20240415_090515,AUTO,0,33.10,5.00,-85,100.00,8.34,3.28,5.02,1021,421,0,262,23.00,1012.80,12.10,404.50,14.32,65.80,1080,24.50,20.40,23.00,20.10,21.70,21.80,23.00,23.90,21.70,24.10,20.90,20.90,25.50,21.10,21.60,25.50,25.70,22.30,23.10,23.10,22.00,25.40,24.10,24.80,24.50,25.80,23.10,25.60,24.50,21.50,23.70,23.60,24.40,21.50,22.10,25.60,25.20,21.70,23.40,25.30,24.70,24.10,20.60,25.20,20.50,21.60,24.00,20.40,23.20,22.90,20.50,22.60,23.10,22.40,25.80,22.70,23.80,21.60,22.30,21.30,21.60,23.60,22.70,20.50
TLM_RCV,-87,FG-ALPHA,20240415_090516,AUTO,0,31.49,5.00,-85,100.00,8.33,3.31,5.02,974,498,0,347,22.38,1013.00,12.00,406.20,14.32,65.80,1080,23.00,25.10,25.00,25.00,25.50,21.90,23.10,23.80,22.80,24.50,21.70,24.70,25.90,20.90,23.20,20.50,21.40,23.10,23.00,20.30,22.10,21.10,23.00,20.60,25.10,22.70,21.60,24.00,23.00,23.00,24.40,20.50,21.70,21.80,24.80,24.00,21.80,21.00,25.30,24.00,21.30,21.70,23.90,25.20,21.60,20.10,21.30,23.00,23.20,22.00,22.30,22.60,22.60,24.80,22.00,22.70,21.70,24.70,20.30,20.50,22.80,21.30,23.30,22.70
TLM_RCV,-89,FG-ALPHA,20240415_090517,AUTO,0,31.11,5.00,-85,100.00,8.34,3.28,5.02,937,423,0,266,22.57,1012.80,12.00,406.30,14.32,65.80,1080,25.80,23.40,24.70,21.80,20.90,23.50,21.10,25.10,23.40,20.50,24.40,20.30,22.60,20.60,23.40,25.00,22.00,20.80,20.50,24.50,21.20,22.50,24.40,25.10,24.40,21.80,21.10,25.10,22.00,22.60,22.10,24.90,24.00,24.30,24.00,23.10,25.60,23.40,23.70,25.10,25.80,25.50,22.50,20.50,22.30,23.80,20.70,23.90,20.80,22.10,25.90,25.00,20.20,22.40,20.50,23.30,25.30,20.90,20.80,24.40,22.00,23.70,24.40,24.20
TLM_RCV,-56,FG-ALPHA,20240415_090518,AUTO,0,31.05,5.00,-85,100.00,8.34,3.31,5.02,961,410,0,269,22.75,1013.60,12.10,405.50,14.32,65.80,1080,25.60,20.50,20.60,24.50,25.30,20.40,25.50,21.70,22.30,25.80,24.40,20.10,22.40,25.60,21.90,21.80,20.40,20.90,20.90,21.00,20.00,20.00,20.50,23.90,25.10,21.60,22.00,22.30,21.10,24.90,25.00,20.40,20.70,20.40,22.60,23.90,22.50,22.00,24.50,21.40,24.40,20.30,21.70,22.00,20.10,21.70,20.10,25.20,22.30,21.20,23.90,21.40,24.70,22.00,22.50,22.50,22.60,23.90,22.60,21.30,25.60,25.40,20.90,20.10
TLM_RCV,-89,FG-ALPHA,20240415_090519,AUTO,0,32.17,5.00,-85,99.96,8.33,3.28,5.02,0,435,0,279,22.17,1013.50,11.80,405.90,14.32,65.80,1080,24.00,22.50,20.90,24.40,23.60,25.70,24.30,24.20,25.60,22.80,21.20,22.80,23.50,22.10,23.60,25.50,25.60,24.40,21.00,25.00,21.00,21.80,21.30,22.70,24.30,24.10,22.50,23.10,25.00,20.60,22.80,24.40,24.60,25.90,20.20,23.10,22.00,20.70,23.30,25.20,25.40,25.80,24.90,22.80,21.30,21.50,22.90,21.30,23.10,20.60,24.60,24.80,21.80,25.40,22.50,22.20,25.50,20.40,20.80,24.70,22.80,24.10,23.10,23.60
TLM_RCV,-65,FG-ALPHA,20240415_090520,AUTO,0,33.28,5.00,-85,99.99,8.33,3.31,5.02,802,456,0,298,21.73,1013.00,12.00,406.30,14.32,65.80,1080,22.30,22.40,23.20,25.20,21.20,25.10,22.80,25.90,24.90,25.50,23.60,21.00,24.50,20.90,25.70,25.60,20.50,23.90,22.20,23.80,22.30,25.80,24.80,23.00,22.70,25.90,24.30,21.10,24.90,25.70,25.40,24.00,25.90,22.80,21.50,24.30,20.30,20.40,20.20,21.90,22.50,24.70,23.50,20.60,20.60,23.90,22.10,24.20,25.90,21.60,23.50,23.30,23.70,22.10,21.70,21.80,21.90,20.10,20.60,22.70,21.60,22.40,25.70,21.40
TLM_RCV,-64,FG-ALPHA,20240415_090521,AUTO,0,31.36,5.00,-85,100.00,8.33,3.30,5.02,893,473,0,330,22.10,1013.20,12.10,404.70,14.32,65.80,1080,25.20,21.70,20.00,20.30,20.50,24.70,23.70,24.80,22.10,22.40,22.90,22.20,21.00,22.00,21.30,23.90,23.00,20.80,20.40,24.60,20.10,22.30,24.60,25.60,20.20,21.60,22.70,24.30,25.80,23.30,23.40,25.60,24.90,20.80,22.20,23.40,24.10,21.90,20.90,25.40,22.50,25.40,25.60,21.10,25.30,22.50,25.90,23.00,24.10,20.10,22.20,22.00,21.40,25.80,24.30,20.70,23.70,20.10,25.00,23.90,24.90,22.60,24.20,20.40
TLM_RCV,-44,FG-ALPHA,20240415_090543,AUTO,0,31.43,5.00,-85,99.88,8.32,3.28,5.02,1126,486,0,342,23.20,1013.00,11.80,405.90,14.34,66.40,1080,21.10,23.00,23.90,22.80,23.70,23.00,20.10,23.00,21.90,24.40,25.30,25.20,24.30,25.10,22.40,24.30,21.80,23.40,22.90,25.50,24.90,20.90,20.00,20.20,24.70,21.00,25.10,24.60,20.30,24.70,25.20,24.40,25.70,20.00,22.80,23.00,20.30,20.30,22.20,22.50,24.70,25.70,22.30,22.70,21.40,21.20,21.60,22.90,24.00,24.40,21.50,25.50,21.40,25.30,23.20,20.30,22.00,22.50,23.40,22.60,20.10,23.20,21.90,25.60
TLM_RCV,-88,FG-ALPHA,20240415_090544,AUTO,0,33.39,5.00,-85,99.92,8.33,3.31,5.02,859,478,0,328,21.91,1013.30,11.90,405.30,14.34,66.40,1080,22.50,25.00,20.60,25.80,20.50,23.70,24.60,22.50,25.20,21.00,23.40,24.60,20.40,23.20,22.30,25.30,24.00,25.60,24.30,21.70,21.30,20.50,24.30,22.70,21.90,21.80,21.30,21.60,25.50,20.00,23.90,25.90,22.00,25.80,21.20,23.30,20.10,23.70,20.40,25.00,24.70,22.50,24.30,21.80,25.90,20.00,21.30,25.50,21.20,21.10,24.80,25.80,20.00,21.90,23.00,23.90,23.50,23.50,21.80,23.30,22.20,20.90,24.90,22.20
TLM_RCV,-74,FG-ALPHA,20240415_090545,AUTO,0,32.29,5.00,-85,99.96,8.33,3.31,5.02,879,458,0,311,22.10,1013.60,11.80,405.30,14.35,66.40,1080,25.60,25.50,24.30,23.00,25.50,24.10,22.40,24.20,20.50,20.80,22.50,25.40,21.90,25.10,20.10,21.40,22.20,21.30,20.10,25.20,21.60,23.30,23.40,20.20,21.30,21.10,24.00,20.70,25.40,24.00,20.60,25.40,21.50,20.50,25.80,24.30,83.40,21.90,22.30,25.00,25.40,24.50,20.80,21.90,22.50,25.90,23.90,21.00,23.00,21.60,20.50,23.60,25.90,20.70,22.00,20.60,22.10,23.10,22.20,22.00,22.20,24.30,22.00,22.30
TLM_RCV,-81,FG-ALPHA,20240415_090546,AUTO,0,31.40,5.00,-85,100.00,8.33,3.29,5.02,907,479,0,334,22.14,1013.00,12.00,406.40,14.35,66.40,1080,21.20,23.00,21.10,23.10,23.00,25.80,24.90,23.20,23.20,22.60,20.50,22.20,25.30,25.00,23.90,21.00,20.80,21.60,24.50,25.50,20.60,24.50,22.20,20.90,22.70,24.80,25.30,23.90,20.20,24.40,25.70,24.40,20.60,21.60,24.90,22.10,25.30,21.90,23.50,23.90,22.60,21.20,25.50,23.10,20.50,22.90,21.10,20.30,25.80,24.20,21.20,25.10,23.90,23.50,21.40,22.00,20.30,24.10,24.40,22.50,24.20,24.00,22.30,24.50
TLM_RCV,-46,FG-ALPHA,20240415_090547,AUTO,0,32.39,5.00,-85,100.00,8.33,3.28,5.02,903,478,0,330,22.12,1013.60,11.80,405.30,14.35,66.40,1080,22.20,21.10,22.60,22.00,21.70,24.60,23.70,25.60,21.10,25.00,22.40,21.20,20.50,25.70,23.80,23.90,24.40,20.50,22.30,23.80,24.40,20.20,22.20,20.50,24.60,25.80,22.30,24.90,21.00,21.80,25.70,20.70,22.30,25.40,22.10,22.70,20.90,23.60,21.60,25.30,22.90,23.20,20.00,21.40,23.50,23.10,25.20,25.00,24.70,23.50,24.20,20.90,21.00,22.70,21.50,25.70,25.70,21.50,24.60,23.70,25.70,24.10,23.10,25.80
TLM_RCV,-90,FG-ALPHA,20240415_090548,AUTO,0,31.22,5.00,-85,100.00,8.33,3.28,5.02,1189,444,0,294,23.73,1013.10,12.10,406.00,14.35,66.40,1080,24.10,25.40,21.00,20.00,21.70,20.10,25.10,21.20,23.00,24.50,23.10,22.80,22.80,20.70,20.90,24.60,22.50,25.00,23.00,21.70,25.20,20.70,25.10,22.90,24.70,25.90,23.60,25.10,23.00,23.00,24.30,20.30,25.90,21.00,23.80,25.90,25.30,21.70,21.20,22.00,25.70,25.30,25.00,20.50,20.10,20.60,25.30,20.10,22.60,23.60,20.70,25.80,20.50,23.00,21.10,21.50,22.10,20.70,24.70,20.50,24.90,21.10,21.60,25.30
TLM_RCV,-93,FG-ALPHA,20240415_090549,AUTO,0,30.97,5.00,-85,100.00,8.34,3.28,5.02,1189,394,0,253,23.98,1013.20,11.90,404.90,14.35,66.40,1080,25.30,25.70,23.00,21.30,25.40,21.50,24.40,22.60,24.50,22.00,21.10,25.80,25.90,25.60,25.00,24.20,21.40,24.50,21.70,20.00,25.70,24.60,25.90,24.80,24.80,20.40,20.00,24.50,24.80,20.80,21.50,22.50,22.50,22.20,21.10,25.70,23.90,25.50,22.70,21.70,23.30,20.40,23.80,22.00,25.80,20.60,21.30,20.20,24.00,25.40,21.00,20.60,24.30,24.20,25.30,23.00,25.50,25.30,22.90,20.30,25.60,25.80,22.00,22.90
TLM_RCV,-43,FG-ALPHA,20240415_090550,AUTO,0,32.24,5.00,-85,100.00,8.33,3.29,5.02,913,449,0,302,22.32,1013.20,12.10,406.30,14.35,66.40,1080,25.10,24.90,22.90,20.90,21.40,23.70,23.50,21.30,21.70,22.10,20.80,22.20,25.70,25.60,20.20,23.50,24.40,20.60,21.50,23.20,21.10,21.70,25.60,25.80,24.10,21.00,21.50,23.10,24.60,23.80,20.20,20.10,22.30,22.10,21.50,20.10,22.30,25.30,21.80,20.00,24.70,21.70,22.90,24.00,23.10,22.30,20.90,24.10,20.70,23.00,24.80,23.00,21.40,23.70,23.90,22.00,24.40,22.10,21.50,24.20,22.10,21.40,21.80,23.20
TLM_RCV,-44,FG-ALPHA,20240415_090551,AUTO,0,33.37,5.00,-85,100.00,8.33,3.29,5.02,894,473,0,325,22.10,1013.50,12.00,405.60,14.35,66.40,1080,24.60,20.20,20.00,22.20,23.50,24.20,22.50,24.50,24.50,20.30,22.90,22.10,25.10,25.50,25.40,21.60,25.30,21.50,24.00,22.40,22.50,23.20,25.10,24.50,20.00,22.60,24.50,21.70,21.70,24.70,24.90,22.90,22.10,23.90,20.40,24.90,20.70,23.60,24.80,20.20,21.90,20.30,21.50,23.80,24.40,21.90,23.40,24.40,20.10,25.90,20.40,24.40,25.60,22.90,25.70,24.80,23.10,22.90,21.20,21.30,23.20,20.10,20.00,22.10
TLM_RCV,-69,FG-ALPHA,20240415_090552,AUTO,0,33.06,5.00,-85,99.96,8.34,3.30,5.02,0,411,0,257,22.06,1013.10,11.80,405.20,14.35,66.40,1080,20.00,21.90,25.40,24.70,24.40,22.30,20.90,25.10,21.20,21.50,20.70,21.70,25.10,23.80,25.00,21.80,22.90,20.50,23.80,24.40,25.40,22.00,23.90,23.20,22.20,24.90,22.90,23.30,23.40,20.40,24.20,23.10,25.80,20.90,21.90,21.50,20.10,21.80,20.10,21.40,24.50,22.20,20.80,24.10,23.20,25.60,22.00,23.20,20.70,21.80,20.60,23.50,20.40,20.30,21.30,22.70,22.20,23.60,20.60,22.00,22.30,25.70,23.70,25.60
TLM_RCV,-61,FG-ALPHA,20240415_090553,AUTO,0,31.08,5.00,-85,100.00,8.34,3.28,5.02,1039,416,0,276,23.11,1012.90,12.10,405.40,14.35,66.40,1080,23.20,24.70,20.40,22.90,25.10,24.60,79.20,25.60,21.00,21.40,24.60,20.40,20.90,22.60,25.10,24.40,25.10,21.90,24.00,21.30,22.00,23.80,20.20,20.80,21.60,22.90,21.60,24.70,21.50,25.40,22.70,20.70,25.40,24.60,22.10,25.50,22.10,22.70,22.50,25.70,20.30,25.60,25.40,23.40,23.50,23.70,21.40,24.00,22.20,21.10,21.40,24.30,24.40,22.50,24.30,21.90,23.70,24.30,25.60,21.50,21.20,21.70,23.40,20.50
TLM_RCV,-48,FG-ALPHA,20240415_090554,AUTO,0,33.19,5.00,-85,100.00,8.33,3.29,5.02,1007,438,0,297,22.84,1012.80,12.00,406.10,14.35,66.40,1080,22.30,20.30,25.10,25.70,20.10,20.10,25.10,21.60,24.10,24.50,20.60,22.00,22.20,20.40,21.40,21.60,24.40,23.50,24.90,24.90,24.00,21.40,21.30,21.00,22.70,22.90,24.80,23.20,23.20,25.40,21.40,23.50,21.20,20.50,21.20,25.90,23.90,20.60,23.90,22.90,25.80,25.20,23.10,21.60,24.60,22.60,23.10,20.10,21.30,23.10,20.90,25.30,20.60,23.90,20.10,24.10,22.20,25.90,25.90,20.20,24.80,24.30,20.20,21.50
TLM_RCV,-70,FG-ALPHA,20240415_090555,AUTO,0,32.37,5.00,-85,99.95,8.33,3.29,5.02,0,474,0,320,22.37,1013.40,11.90,405.80,14.36,66.40,1080,24.30,23.90,21.70,24.30,25.50,24.00,21.10,23.20,23.10,22.50,25.10,22.60,21.60,20.30,23.30,21.60,24.70,24.60,23.40,24.70,23.30,25.70,21.70,21.10,20.20,22.20,20.90,21.40,25.60,23.20,22.70,20.00,21.50,20.80,22.30,22.00,22.20,24.90,22.10,24.70,21.00,23.20,23.40,24.00,22.60,23.30,25.10,24.20,24.30,23.00,21.30,20.30,23.40,24.20,25.60,22.50,21.50,25.20,22.20,22.40,23.20,23.50,25.10,20.70
TLM_RCV,-58,FG-ALPHA,20240415_090556,AUTO,0,32.21,5.00,-85,100.00,8.33,3.30,5.02,1037,442,0,287,22.98,1012.90,12.10,406.30,14.36,66.40,1080,22.30,25.10,23.00,25.90,21.20,25.70,20.20,25.40,24.00,25.80,20.90,24.90,24.70,24.50,25.70,20.50,25.80,20.80,22.30,23.20,23.50,25.90,23.70,25.10,20.90,24.60,22.50,22.10,21.50,20.60,23.40,22.30,21.10,23.40,23.80,22.50,22.40,21.70,21.80,20.70,22.60,21.80,22.00,21.10,25.90,22.30,22.50,21.00,25.20,21.30,23.30,21.90,21.90,23.20,21.40,21.40,24.70,20.60,23.20,20.70,23.60,21.80,21.50,20.60
TLM_RCV,-59,FG-ALPHA,20240415_090557,AUTO,0,32.38,5.00,-85,100.00,8.33,3.28,5.02,886,475,0,318,22.06,1012.70,11.90,405.30,14.36,66.40,1080,22.80,24.60,24.40,21.10,21.10,23.80,25.20,25.80,21.50,22.40,23.50,21.00,22.10,23.80,25.30,24.80,22.50,25.30,24.20,23.90,22.40,23.40,23.80,22.10,24.50,21.40,20.80,24.10,23.90,25.50,23.00,25.00,24.90,21.10,24.20,21.70,23.40,25.50,21.70,23.80,25.40,25.00,23.30,21.80,21.60,23.10,21.20,21.30,22.40,23.30,20.90,20.30,24.70,24.70,23.60,25.70,22.50,22.30,22.60,25.70,21.60,22.30,23.30,24.20
TLM_RCV,-75,FG-ALPHA,20240415_090558,AUTO,0,33.19,5.00,-85,100.00,8.33,3.30,5.02,990,438,0,295,22.76,1013.10,12.00,404.70,14.36,66.40,1080,24.40,25.20,21.90,21.90,24.10,24.10,20.00,21.60,25.70,23.30,24.90,20.30,24.40,25.60,22.70,21.20,25.90,21.60,23.30,25.80,25.70,23.10,21.80,25.00,20.00,23.20,23.40,20.00,25.10,24.00,22.30,24.80,25.20,23.20,23.40,24.20,21.60,24.40,21.00,24.10,20.10,24.90,21.40,25.10,25.50,21.70,20.00,21.90,20.60,25.50,25.90,24.10,22.30,22.30,23.80,21.40,24.50,21.20,25.10,22.70,23.10,21.10,22.00,21.90
TLM_RCV,-54,FG-ALPHA,20240415_090559,AUTO,0,31.43,5.00,-85,100.00,8.33,3.31,5.02,1039,487,0,338,22.76,1013.20,12.10,405.00,14.36,66.40,1080,24.20,24.00,20.50,21.80,22.80,20.10,23.40,24.30,25.40,24.50,21.00,25.90,24.50,20.20,25.50,22.30,23.40,25.30,22.20,21.20,23.20,22.70,25.40,21.80,20.00,23.40,25.40,25.90,23.50,22.60,20.60,20.30,24.20,24.90,20.90,20.80,21.30,22.50,20.60,20.10,24.60,24.10,21.20,20.10,24.20,24.00,24.20,25.70,22.90,21.60,21.40,20.00,24.10,25.90,20.80,22.40,23.00,20.40,21.50,23.90,25.00,25.70,20.30,21.80
TLM_RCV,-52,FG-ALPHA,20240415_090600,AUTO,0,32.15,5.00,-85,100.00,8.34,3.30,5.02,961,431,0,278,22.65,1012.70,11.80,405.50,14.36,66.40,1080,24.00,25.10,20.80,23.10,21.00,23.30,25.30,25.50,20.20,20.20,25.20,21.60,24.10,20.70,20.80,20.30,21.50,23.30,23.30,21.50,20.30,23.50,20.60,23.10,25.90,21.00,24.10,22.90,25.90,21.90,20.70,24.80,22.90,20.60,22.20,25.20,24.20,20.40,21.70,24.70,21.20,20.80,23.10,20.00,23.80,23.60,25.00,23.50,21.20,21.70,24.20,24.90,20.70,25.00,20.80,23.40,21.40,23.60,25.10,24.10,23.00,25.30,24.20,22.30
TLM_RCV,-52,FG-ALPHA,20240415_090601,AUTO,0,31.40,5.00,-85,100.00,8.33,3.31,5.02,1124,480,0,328,23.22,1013.40,11.90,405.80,14.36,66.40,1080,22.60,23.00,20.20,23.40,25.60,22.30,25.60,20.60,21.50,21.80,23.20,23.10,21.40,21.20,23.10,22.40,23.60,20.00,22.50,25.10,24.60,23.70,21.30,20.40,20.60,25.70,20.70,25.10,22.70,24.00,24.10,20.50,22.70,22.30,23.30,23.60,23.00,21.40,20.30,23.70,23.70,25.80,22.50,23.10,22.90,25.90,21.70,25.30,21.70,22.70,21.50,22.20,23.30,22.00,23.40,24.40,21.40,22.50,25.70,25.70,22.10,23.50,20.30,25.40
TLM_RCV,-85,FG-ALPHA,20240415_090602,AUTO,0,32.23,5.00,-85,100.00,8.33,3.29,5.02,886,446,0,288,22.20,1013.00,12.00,406.40,14.36,66.40,1080,22.50,25.00,23.90,23.00,25.50,22.30,20.00,22.90,21.30,21.40,24.30,24.90,23.70,25.70,22.70,20.60,25.90,21.90,25.10,22.90,21.70,20.50,23.70,23.00,23.50,22.80,25.80,20.90,23.00,23.20,25.90,22.40,24.20,22.70,23.20,23.90,23.00,24.40,25.40,20.70,25.60,23.20,22.70,20.60,23.30,22.20,25.30,25.90,23.30,24.50,25.30,22.20,22.50,20.70,23.00,23.60,20.70,22.60,23.50,23.00,20.30,20.10,22.10,23.80
TLM_RCV,-83,FG-ALPHA,20240415_090603,AUTO,0,32.23,5.00,-85,100.00,8.33,3.28,5.02,998,446,0,302,22.76,1013.10,11.90,405.70,14.36,66.40,1080,22.40,24.00,22.50,25.70,23.00,25.90,20.10,22.30,23.50,21.80,21.40,23.80,22.80,23.60,22.80,23.40,21.00,20.40,24.90,25.90,22.50,23.50,23.70,21.40,22.20,23.30,23.80,25.10,22.20,25.40,24.70,20.80,21.70,25.80,23.20,24.80,21.20,21.40,21.90,22.20,25.90,22.30,22.60,25.10,21.90,24.90,20.10,21.20,23.30,22.40,24.00,21.80,25.30,21.10,23.10,23.00,23.40,25.70,23.60,24.90,24.80,25.00,21.50,24.60
TLM_RCV,-63,FG-ALPHA,20240415_090604,AUTO,0,33.36,5.00,-85,100.00,8.33,3.31,5.02,970,472,0,316,22.49,1013.30,11.90,405.90,14.36,66.40,1080,24.80,25.80,22.80,25.20,23.60,23.30,22.50,23.20,25.00,25.20,20.20,21.80,25.80,25.50,23.30,25.20,21.90,23.90,21.40,21.80,24.10,25.50,23.40,25.00,25.00,23.00,20.70,20.80,82.90,20.20,21.70,24.30,20.50,21.30,20.20,20.00,21.30,21.20,20.30,25.20,20.90,21.80,24.30,25.50,23.70,24.00,25.50,20.50,20.00,21.20,25.70,20.80,24.40,22.60,24.40,25.50,24.60,22.50,21.80,24.60,20.60,20.80,20.80,20.00
TLM_RCV,-62,FG-ALPHA,20240415_090605,AUTO,0,31.38,5.00,-85,100.00,8.33,3.29,5.02,1030,476,0,333,22.77,1012.90,11.80,406.40,14.37,66.40,1080,25.90,24.30,24.60,25.80,23.40,25.20,25.60,24.00,23.40,21.00,21.20,25.10,20.70,25.90,24.20,25.90,23.30,22.30,23.50,25.90,25.00,20.00,20.00,23.80,20.60,24.00,22.60,24.20,20.00,23.50,21.40,21.40,25.00,23.80,22.90,23.70,20.40,23.60,22.00,23.50,20.80,22.20,24.40,25.00,24.40,24.10,24.20,21.00,24.00,22.10,25.60,22.00,23.80,20.70,23.30,25.60,24.30,23.90,24.50,20.70,22.20,20.30,21.90,23.80
TLM_RCV,-87,FG-ALPHA,20240415_090606,AUTO,0,33.42,5.00,-85,100.00,8.33,3.31,5.02,1157,484,0,328,23.36,1012.70,12.10,406.10,14.37,66.40,1080,20.70,20.90,22.20,21.60,23.60,24.30,25.80,24.10,22.20,25.80,25.60,22.10,22.30,23.80,20.20,22.40,20.40,25.00,24.40,24.50,20.20,24.70,24.30,23.30,22.70,23.40,23.30,20.90,24.60,22.80,24.10,23.80,21.10,25.80,23.80,22.30,21.40,22.70,20.80,24.00,24.90,25.70,22.80,24.80,24.40,21.20,22.10,24.00,22.20,23.00,24.10,24.20,20.20,22.10,20.00,23.50,23.90,24.10,23.50,21.30,23.90,24.40,22.50,20.80
TLM_RCV,-94,FG-ALPHA,20240415_090607,AUTO,0,31.42,5.00,-85,100.00,8.33,3.29,5.02,922,483,0,337,22.19,1013.40,12.00,404.50,14.37,66.40,1080,22.00,25.90,22.10,25.00,24.50,21.20,24.10,24.30,25.50,24.20,23.10,25.70,23.70,20.30,24.60,21.40,21.30,24.00,22.40,25.80,21.10,24.60,22.70,25.00,20.70,20.30,24.30,20.00,25.40,25.60,25.20,24.60,20.30,21.80,25.60,20.70,25.40,21.90,21.70,25.80,24.40,25.20,25.90,22.30,24.80,24.30,21.60,20.80,25.60,23.70,23.20,25.00,25.40,22.70,21.10,25.70,20.50,20.00,24.90,21.40,23.80,21.20,21.50,24.40
TLM_RCV,-80,FG-ALPHA,20240415_090608,AUTO,0,31.25,5.00,-85,100.00,8.33,3.28,5.02,879,451,0,298,22.14,1013.30,11.90,406.00,14.37,66.40,1080,20.90,21.00,20.60,20.10,25.00,20.70,22.20,22.10,23.20,22.20,21.70,21.90,24.90,20.90,24.20,24.00,25.40,25.40,22.50,22.20,24.00,25.20,24.30,20.40,23.10,24.00,22.90,22.00,24.50,24.90,23.00,23.50,21.10,24.80,24.80,21.50,23.20,24.00,25.80,20.50,23.40,21.90,24.00,24.90,21.80,21.70,24.00,24.20,21.80,21.70,20.70,24.40,20.00,23.60,21.70,24.00,22.00,25.20,22.20,21.90,24.40,21.80,20.40,23.70
TLM_RCV,-68,FG-ALPHA,20240415_090609,AUTO,0,33.37,5.00,-85,100.00,8.33,3.31,5.02,801,473,0,326,21.64,1012.80,12.10,405.40,14.37,66.40,1080,24.20,25.30,23.60,22.50,25.30,24.60,24.80,24.90,21.30,22.20,20.90,21.70,25.10,21.10,21.80,22.50,24.10,23.90,22.60,25.80,25.70,21.90,24.80,23.20,23.10,25.70,20.90,23.20,23.20,25.30,24.20,22.00,25.40,21.40,21.00,22.10,72.20,20.20,22.30,22.00,24.90,20.80,21.00,22.00,22.20,24.90,25.90,22.10,25.10,23.10,20.40,23.10,23.10,20.70,22.80,22.30,22.30,22.60,23.20,22.30,21.50,21.70,20.80,23.30
TLM_RCV,-46,FG-ALPHA,20240415_090610,AUTO,0,31.15,5.00,-85,100.00,8.34,3.31,5.02,1111,429,0,276,23.41,1013.20,11.90,405.70,14.37,66.40,1080,21.00,22.10,21.90,24.40,23.60,23.30,24.00,20.10,22.00,23.50,21.80,21.60,20.80,20.60,24.30,21.50,20.60,22.20,25.70,25.40,21.30,25.40,22.60,22.10,21.60,22.40,25.50,23.70,20.60,24.00,20.00,22.40,24.40,21.60,20.70,24.60,22.20,22.70,21.90,25.70,20.00,20.30,20.00,21.10,25.80,21.00,23.10,21.50,20.90,21.60,24.30,20.80,24.50,23.90,23.30,22.80,25.10,22.00,25.70,21.10,21.90,25.10,23.10,24.90
TLM_RCV,-43,FG-ALPHA,20240415_090611,AUTO,0,32.19,5.00,-85,99.96,8.33,3.30,5.02,0,437,0,294,22.18,1012.70,12.10,406.10,14.37,66.40,1080,24.40,20.90,24.10,20.50,20.20,25.60,25.50,24.50,25.10,21.30,25.30,21.10,22.80,23.10,21.10,25.40,22.50,20.10,24.70,22.20,22.70,22.00,23.20,21.60,21.40,21.30,25.50,25.40,22.70,25.10,23.90,24.30,24.10,25.40,25.10,22.80,25.00,25.40,21.10,24.00,23.60,22.60,23.70,24.10,25.60,20.00,20.20,25.70,25.40,23.90,21.20,25.20,20.80,21.70,20.10,24.80,23.30,21.50,20.40,25.40,21.90,23.60,20.60,25.50
TLM_RCV,-49,FG-ALPHA,20240415_090612,AUTO,0,33.42,5.00,-85,100.00,8.33,3.29,5.02,1034,483,0,342,22.75,1013.20,12.00,405.30,14.37,66.40,1080,24.40,20.20,21.00,24.50,21.80,22.50,22.90,23.80,25.80,24.50,24.30,22.30,21.00,21.90,25.30,20.30,20.40,20.10,24.90,22.50,22.10,24.50,21.90,21.60,21.00,24.50,23.70,24.90,23.40,22.70,24.70,20.10,21.60,24.40,24.90,20.60,21.20,21.90,20.60,72.90,23.40,22.80,24.70,21.80,23.50,22.10,22.50,20.40,24.60,22.60,24.20,21.30,20.60,20.70,24.60,21.70,21.10,22.70,24.50,21.20,25.10,20.90,23.60,25.00
TLM_RCV,-83,FG-ALPHA,20240415_090613,AUTO,0,32.24,5.00,-85,100.00,8.33,3.29,5.02,1011,448,0,308,22.82,1013.00,11.80,404.90,14.37,66.40,1080,23.70,25.10,21.90,20.50,21.10,22.30,24.00,23.20,25.30,21.90,24.10,23.20,20.20,20.70,25.80,20.30,20.00,25.80,25.10,24.80,21.70,23.90,20.40,23.80,23.50,20.60,21.20,25.90,23.60,23.40,25.40,23.70,20.90,21.70,25.40,23.10,21.40,25.40,23.00,23.70,20.40,25.30,24.60,24.60,24.20,20.50,25.40,23.00,23.90,21.60,22.80,24.00,23.00,22.60,20.90,21.30,21.70,21.70,23.00,25.40,20.70,22.80,22.30,22.80
TLM_RCV,-51,FG-ALPHA,20240415_090614,AUTO,0,33.10,5.00,-85,100.00,8.34,3.28,5.02,893,421,0,271,22.36,1013.60,12.10,405.20,14.37,66.40,1080,25.20,25.00,24.50,22.40,21.70,23.40,21.90,21.50,22.90,23.20,21.70,23.90,25.00,25.80,23.60,20.70,23.10,23.40,23.10,23.10,21.30,24.00,24.00,23.90,25.10,25.30,22.60,24.80,25.60,24.40,23.10,24.80,22.40,25.20,24.10,20.70,21.40,24.10,21.50,21.20,23.90,21.00,25.10,23.10,21.70,25.20,24.90,24.60,25.00,21.00,22.00,22.60,25.70,22.50,21.60,22.30,22.60,25.30,23.90,23.90,20.10,23.80,20.80,24.40
TLM_RCV,-86,FG-ALPHA,20240415_090615,AUTO,0,32.39,5.00,-85,100.00,8.33,3.30,5.02,840,478,0,338,21.81,1013.50,12.00,404.60,14.38,66.40,1080,22.50,25.40,23.60,21.00,20.50,23.20,20.40,23.90,22.70,25.20,25.00,21.60,24.70,23.10,20.90,23.50,25.80,23.00,24.20,22.30,20.20,23.50,22.40,21.90,21.90,70.40,25.00,20.70,23.50,22.00,20.10,24.10,20.40,25.70,24.60,20.30,20.20,23.00,24.00,20.50,25.40,25.80,21.50,20.80,21.60,24.10,21.90,20.40,20.00,23.60,21.90,24.50,20.80,21.30,20.30,22.60,21.50,22.80,23.90,22.40,25.70,24.90,24.10,22.00
TLM_RCV,-88,FG-ALPHA,20240415_090616,AUTO,0,31.32,5.00,-85,99.95,8.33,3.29,5.02,0,464,0,316,22.32,1012.90,11.80,406.10,14.38,66.40,1080,25.90,23.00,24.80,21.40,24.40,21.10,24.30,22.80,25.30,25.80,22.20,24.30,20.30,20.90,23.00,25.60,22.60,23.00,24.90,23.70,21.80,22.30,20.90,20.90,23.40,24.30,25.30,25.30,25.80,24.80,21.70,25.20,20.50,24.70,22.40,24.10,20.40,25.50,23.90,24.40,22.00,20.50,22.90,21.00,21.30,22.00,21.10,25.30,24.10,21.00,20.60,20.30,21.00,23.20,24.70,25.40,21.30,20.90,22.90,23.70,20.80,22.80,20.60,25.30
TLM_RCV,-61,FG-ALPHA,20240415_090617,AUTO,0,31.23,5.00,-85,100.00,8.33,3.28,5.02,1017,446,0,303,22.85,1013.60,12.00,404.90,14.38,66.40,1080,21.00,25.60,25.30,24.70,22.20,24.00,20.50,21.10,22.40,22.60,24.40,22.70,20.70,25.40,24.80,23.20,25.80,22.40,20.80,25.40,23.00,20.50,25.90,21.70,21.40,23.90,25.90,25.30,25.60,24.50,25.00,23.40,20.50,24.20,20.50,20.20,24.00,23.00,24.70,24.00,23.50,20.50,23.00,20.60,21.20,22.40,22.90,22.20,23.80,24.90,21.60,20.80,21.10,25.60,20.70,20.80,21.90,25.30,20.90,20.40,20.20,20.80,21.70,24.60
TLM_RCV,-67,FG-ALPHA,20240415_090618,AUTO,0,33.51,5.00,-85,100.00,8.32,3.28,5.02,1149,502,0,349,23.24,1013.00,12.10,405.50,14.38,66.40,1080,24.70,21.00,20.60,21.20,24.20,25.60,24.00,20.10,22.20,22.90,23.40,21.70,23.90,24.10,23.20,24.10,25.40,22.90,23.10,25.40,23.00,23.70,20.20,24.40,22.50,23.80,21.60,24.20,22.20,20.80,22.70,20.40,20.40,20.90,23.60,23.30,23.90,23.00,23.70,25.70,24.50,20.10,20.90,23.00,25.30,20.70,25.70,20.30,22.50,21.00,23.60,21.30,20.20,22.70,25.90,24.90,20.00,22.30,25.70,25.00,23.50,23.00,22.70,21.40
TLM_RCV,-92,FG-ALPHA,20240415_090619,AUTO,0,33.40,5.00,-85,100.00,8.33,3.30,5.02,1099,479,0,335,23.10,1013.00,11.90,406.00,14.38,66.40,1080,25.70,23.90,23.40,25.30,23.30,25.40,21.30,23.70,22.70,25.10,20.90,23.00,23.20,23.20,21.20,25.80,20.40,21.90,23.30,23.50,21.00,20.10,25.20,25.60,25.60,21.20,24.50,23.30,24.40,24.30,20.60,25.30,20.30,21.00,20.30,22.20,21.30,20.00,22.30,25.40,25.20,25.80,25.60,22.50,20.80,24.70,25.70,23.50,22.30,23.90,25.10,23.30,25.20,20.50,23.50,20.30,22.40,20.10,21.10,24.90,24.10,22.60,25.60,23.10
TLM_RCV,-71,FG-ALPHA,20240415_090620,AUTO,0,33.01,5.00,-85,100.00,8.34,3.28,5.02,804,401,0,253,22.01,1013.00,11.90,404.70,14.38,66.40,1080,22.30,24.10,22.80,21.00,20.50,21.40,23.30,23.50,22.40,22.50,25.00,23.00,21.00,24.40,25.80,24.70,23.10,21.90,25.60,21.70,23.50,24.00,23.20,23.50,22.90,21.80,25.00,25.30,22.50,25.40,25.40,24.50,20.60,25.20,24.50,22.30,23.80,25.50,22.30,22.50,22.80,23.10,24.60,20.70,25.30,20.60,21.70,24.20,21.90,21.60,21.30,21.70,21.30,21.30,24.50,25.30,24.70,25.20,21.00,20.00,25.60,24.20,24.10,23.00
TLM_RCV,-44,FG-ALPHA,20240415_090621,AUTO,0,33.22,5.00,-85,100.00,8.33,3.30,5.02,1026,445,0,294,22.91,1012.90,11.90,404.80,14.38,66.40,1080,25.50,25.30,25.70,21.70,22.10,23.60,22.00,23.60,25.90,24.90,20.70,23.70,23.00,24.10,21.40,23.90,20.10,23.60,23.40,24.80,23.80,21.50,22.50,24.20,21.30,20.80,24.50,25.00,23.70,23.00,21.40,22.40,22.40,24.60,20.20,24.90,20.70,73.00,25.60,23.60,21.50,25.40,23.50,21.30,22.40,25.80,20.20,22.20,25.20,24.50,24.60,24.60,21.70,25.80,23.10,21.50,21.80,25.90,23.80,25.70,25.60,24.10,24.10,25.90
TLM_RCV,-54,FG-ALPHA,20240415_090622,AUTO,0,33.04,5.00,-85,99.96,8.34,3.30,5.02,0,409,0,256,22.05,1012.70,11.80,405.00,14.38,66.40,1080,20.30,25.40,25.20,24.50,24.60,22.30,23.00,23.60,20.60,21.00,22.90,25.50,25.70,22.60,25.30,24.30,24.30,21.70,20.20,25.00,21.30,25.00,20.80,25.40,24.90,23.60,23.80,22.60,21.10,25.00,20.30,25.70,22.00,22.60,23.00,23.20,23.90,22.60,21.60,21.70,25.50,20.90,20.30,25.20,21.30,25.60,23.90,23.10,21.80,23.40,22.40,21.30,21.60,22.80,20.60,25.40,23.00,21.60,20.20,22.50,23.20,24.50,24.20,22.00
TLM_RCV,-91,FG-ALPHA,20240415_090623,AUTO,0,32.44,5.00,-85,100.00,8.33,3.29,5.02,978,488,0,348,22.45,1013.20,11.90,406.20,14.38,66.40,1080,20.90,21.80,25.50,20.90,23.80,23.00,23.00,25.20,20.30,20.30,24.00,23.30,20.10,21.00,22.60,23.30,22.40,25.10,25.90,20.80,24.50,25.70,21.30,25.00,24.00,20.20,22.40,24.30,22.20,22.60,20.00,22.20,23.60,21.40,23.50,20.00,22.30,20.60,23.80,20.20,23.00,20.50,25.90,22.50,22.10,20.20,23.20,25.70,21.90,20.20,24.70,20.40,21.40,25.10,20.00,23.90,24.60,25.50,21.10,24.60,24.30,25.20,23.20,23.30
TLM_RCV,-57,FG-ALPHA,20240415_090645,AUTO,0,33.28,5.00,-85,100.00,8.33,3.28,5.02,1079,455,0,303,23.12,1013.30,12.10,406.20,14.41,66.70,1080,24.40,25.20,24.10,24.50,21.80,25.10,20.10,25.20,22.10,21.00,21.60,23.90,24.50,25.00,21.20,25.80,22.20,21.40,22.50,21.30,25.40,21.30,22.10,25.20,23.60,22.10,24.20,23.50,25.60,22.80,21.60,23.60,21.10,21.40,20.10,20.60,20.70,20.60,22.50,20.10,24.70,23.00,21.50,25.60,20.40,25.80,25.00,24.00,22.70,24.70,21.50,22.60,23.80,22.20,22.00,23.60,23.70,22.70,24.40,25.20,25.90,21.60,21.90,24.30
TLM_RCV,-45,FG-ALPHA,20240415_090646,AUTO,0,31.08,5.00,-85,100.00,8.34,3.31,5.02,987,417,0,270,22.85,1012.90,12.10,406.40,14.41,66.70,1080,21.90,25.80,20.60,21.10,23.90,25.30,25.40,22.80,23.30,22.20,22.40,22.00,24.40,25.50,23.30,23.90,22.60,24.90,25.40,20.70,22.80,25.40,22.00,23.50,22.40,22.20,23.70,23.20,22.60,20.50,23.60,24.80,20.90,25.80,24.30,23.50,24.30,21.60,25.90,23.50,20.80,20.70,22.90,21.70,24.40,25.20,22.00,22.70,22.20,20.40,24.30,24.10,25.90,24.20,24.70,24.70,25.90,22.30,22.20,25.10,25.40,23.40,25.60,23.50
TLM_RCV,-42,FG-ALPHA,20240415_090647,AUTO,0,31.51,5.00,-85,100.00,8.32,3.30,5.02,914,502,0,348,22.06,1013.00,11.80,404.60,14.41,66.70,1080,24.60,20.70,22.10,25.30,21.60,24.20,22.90,22.80,20.30,21.70,23.00,23.80,23.00,25.60,22.90,24.10,22.70,24.00,24.80,23.30,21.70,22.00,21.50,20.10,25.10,22.80,20.60,21.40,24.50,25.60,23.90,25.00,21.70,23.80,25.30,20.80,21.30,24.20,21.70,24.30,21.80,23.50,21.60,25.30,21.40,24.00,23.30,21.20,24.90,21.20,21.00,24.80,21.40,20.10,24.50,24.80,22.70,25.60,23.00,21.40,25.70,21.30,83.00,20.00
TLM_RCV,-43,FG-ALPHA,20240415_090648,AUTO,0,31.25,5.00,-85,99.96,8.33,3.30,5.02,0,449,0,295,22.25,1012.90,12.10,406.30,14.41,66.70,1080,20.10,22.20,24.50,21.20,23.80,24.80,20.10,23.10,21.60,24.60,24.00,20.20,21.00,20.90,22.30,25.20,25.50,24.80,24.00,23.60,25.30,25.80,25.90,24.30,23.20,24.20,25.60,25.10,24.70,21.00,25.10,20.50,22.20,22.00,24.10,24.60,25.60,20.90,20.80,23.20,23.40,20.90,21.30,24.10,25.90,24.30,23.10,21.80,20.70,23.50,25.80,20.20,21.50,21.20,24.80,24.30,24.60,23.90,23.20,20.40,22.70,24.30,25.20,22.50
TLM_RCV,-50,FG-ALPHA,20240415_090649,AUTO,0,31.22,5.00,-85,99.91,8.33,3.28,5.02,0,444,0,292,22.22,1012.90,11.90,405.00,14.41,66.70,1080,24.10,22.80,20.50,22.50,20.20,25.90,22.00,23.90,24.50,24.50,25.90,23.60,20.20,21.30,22.40,21.20,25.10,25.90,23.10,25.30,23.70,25.60,20.70,21.30,24.40,20.20,23.50,24.00,25.90,23.30,24.70,23.80,25.50,24.70,20.00,20.10,21.00,20.90,22.30,21.00,23.60,21.10,23.80,25.30,21.30,23.20,25.10,25.30,21.10,20.00,25.10,21.20,24.80,22.60,24.20,24.70,25.00,24.00,20.90,21.70,23.70,25.10,23.00,23.70
TLM_RCV,-64,FG-ALPHA,20240415_090650,AUTO,0,31.45,5.00,-85,99.97,8.33,3.30,5.02,1121,491,0,348,23.15,1012.70,12.10,405.20,14.41,66.70,1080,20.60,22.30,23.00,25.90,22.30,20.50,20.10,24.90,20.80,20.00,25.40,21.10,20.80,20.20,20.50,25.60,20.70,22.70,23.30,21.60,24.20,21.00,23.10,21.30,25.10,24.80,20.30,22.90,21.80,25.30,22.30,23.20,25.70,20.80,21.80,22.00,20.30,25.70,25.30,23.40,22.50,25.90,24.60,25.00,20.90,25.10,25.60,20.50,22.80,25.50,22.70,21.30,24.00,22.40,24.20,22.50,23.40,22.80,22.20,20.20,24.70,25.70,22.90,21.40
TLM_RCV,-95,FG-ALPHA,20240415_090651,AUTO,0,31.22,5.00,-85,99.93,8.33,3.30,5.02,0,444,0,285,22.22,1013.50,11.80,405.00,14.41,66.70,1080,22.00,24.30,22.60,23.20,21.40,23.60,20.90,20.10,24.20,20.40,22.70,25.70,22.50,23.80,21.50,22.90,24.70,21.90,22.00,20.20,20.70,21.40,20.90,25.70,25.70,22.20,23.30,25.10,22.50,21.60,21.20,25.60,20.90,25.20,24.90,24.40,21.00,24.70,22.40,22.40,25.30,22.70,22.80,22.50,25.40,20.50,21.40,20.50,22.20,24.10,25.80,22.40,21.00,20.90,24.20,24.40,21.20,20.20,24.00,25.30,20.10,23.10,23.10,22.50
TLM_RCV,-42,FG-ALPHA,20240415_090652,AUTO,0,32.02,5.00,-85,99.98,8.34,3.28,5.02,913,404,0,254,22.55,1013.20,12.10,405.90,14.41,66.70,1080,23.80,22.70,22.70,22.90,22.00,24.30,24.60,23.90,21.10,23.60,20.70,21.10,20.40,25.00,24.00,20.80,21.60,21.90,22.30,23.90,20.90,24.60,23.60,21.00,23.30,20.20,22.30,20.40,25.60,20.90,24.30,22.60,24.30,20.60,20.90,22.60,22.60,21.70,24.40,22.90,22.10,23.50,21.50,22.20,24.40,22.80,24.40,24.50,20.70,22.20,24.40,21.60,23.40,24.00,23.50,24.30,21.40,22.80,22.30,23.50,25.90,20.10,25.00,22.70
TLM_RCV,-95,FG-ALPHA,20240415_090653,AUTO,0,32.07,5.00,-85,100.00,8.34,3.29,5.02,892,414,0,262,22.39,1013.10,11.90,406.20,14.41,66.70,1080,25.60,25.30,23.30,21.50,22.00,25.00,24.40,21.20,25.70,21.70,21.90,25.40,20.60,21.80,23.10,24.90,22.50,23.80,25.90,22.20,20.10,23.70,25.80,25.50,25.70,23.30,21.40,24.40,23.60,24.80,23.40,25.80,25.30,23.90,24.70,21.50,21.30,21.50,22.30,24.00,20.50,25.00,24.20,21.30,24.90,24.90,22.00,23.20,22.30,25.90,25.40,21.60,21.30,22.30,25.80,22.40,20.20,21.90,23.50,25.80,22.20,20.40,22.50,24.20
TLM_RCV,-71,FG-ALPHA,20240415_090654,AUTO,0,32.10,5.00,-85,100.00,8.34,3.29,5.02,863,421,0,272,22.21,1013.10,11.90,405.00,14.41,66.70,1080,21.10,21.80,20.80,20.90,21.70,23.80,25.20,21.90,20.90,20.30,25.30,22.00,23.70,20.40,20.10,25.60,23.10,25.00,25.20,21.90,24.40,24.40,23.10,24.00,23.80,22.90,88.40,24.50,24.10,22.30,22.30,24.30,22.50,23.30,22.30,25.40,21.00,24.30,21.80,22.80,24.10,22.40,23.00,21.30,25.20,25.50,23.50,23.10,24.90,22.40,21.50,23.60,25.00,23.50,24.80,25.80,22.20,22.00,21.70,20.70,22.00,24.50,24.10,21.30
TLM_RCV,-72,FG-ALPHA,20240415_090655,AUTO,0,33.25,5.00,-85,99.96,8.33,3.28,5.02,0,450,0,293,22.25,1012.70,12.00,405.40,14.42,66.70,1080,21.20,21.30,21.60,22.50,25.90,24.10,24.20,25.70,20.10,24.20,22.10,23.60,22.10,25.50,23.00,22.70,20.10,24.40,21.00,23.50,23.10,24.50,20.10,24.50,25.40,22.20,21.80,25.60,23.10,25.70,23.70,23.10,22.20,21.80,21.00,23.80,20.40,25.60,23.40,20.00,25.90,24.20,25.40,23.40,25.20,25.20,25.90,22.30,23.90,25.90,22.60,20.20,22.00,25.90,25.50,25.80,21.10,22.50,23.40,21.20,25.00,22.30,24.70,22.40
TLM_RCV,-74,FG-ALPHA,20240415_090656,AUTO,0,33.10,5.00,-85,100.00,8.34,3.29,5.02,862,419,0,275,22.22,1012.90,11.80,405.90,14.42,66.70,1080,21.90,21.90,23.80,20.50,24.70,21.90,25.80,22.30,21.10,24.40,23.50,24.90,20.40,25.50,21.70,20.20,24.90,24.90,22.10,24.90,23.60,20.80,20.60,25.50,20.20,25.10,25.00,21.60,23.10,21.60,24.40,22.90,24.40,20.20,22.20,21.50,24.20,20.90,24.90,22.90,20.40,25.40,25.20,21.20,20.00,21.90,25.80,20.60,22.00,21.80,22.70,20.90,21.20,23.00,21.30,23.60,20.20,23.30,20.60,25.10,22.80,23.20,24.80,20.80
TLM_RCV,-86,FG-ALPHA,20240415_090657,AUTO,0,33.53,5.00,-85,100.00,8.32,3.31,5.02,814,505,0,348,21.55,1012.90,11.80,404.90,14.42,66.70,1080,22.30,22.50,25.70,21.30,23.40,22.50,22.50,20.20,20.40,25.50,20.70,23.50,21.40,20.80,23.90,22.70,21.70,25.40,23.50,23.80,20.00,20.30,25.20,24.40,24.50,20.30,20.40,20.70,22.90,25.60,23.10,20.20,25.00,21.20,24.10,25.40,24.30,25.80,25.60,23.40,22.00,22.90,22.60,22.00,20.70,24.80,23.60,20.30,25.80,23.60,25.30,21.40,24.70,23.90,22.40,21.10,24.70,23.70,21.40,25.10,23.20,21.90,25.50,23.90
TLM_RCV,-58,FG-ALPHA,20240415_090658,AUTO,0,32.33,5.00,-85,100.00,8.33,3.28,5.02,1140,467,0,324,23.36,1012.90,11.80,406.10,14.42,66.70,1080,24.70,22.20,24.40,25.10,22.00,24.90,21.30,23.50,24.40,25.70,23.30,24.60,23.00,25.60,21.10,21.70,21.10,21.00,20.40,21.90,22.50,22.40,22.40,20.90,22.20,25.30,23.60,20.10,21.70,22.20,23.50,20.50,21.40,24.30,22.80,21.00,23.70,24.00,20.90,21.00,22.40,20.30,23.90,25.70,24.30,22.60,24.00,20.40,25.50,20.60,21.50,22.80,24.50,22.00,23.90,23.00,21.40,22.40,24.30,23.00,20.50,20.30,20.20,21.60
TLM_RCV,-69,FG-ALPHA,20240415_090659,AUTO,0,33.43,5.00,-85,100.00,8.33,3.28,5.02,1174,486,0,341,23.44,1013.60,11.80,404.50,14.42,66.70,1080,23.20,23.30,25.90,25.70,21.20,23.20,20.10,22.70,23.00,23.60,23.80,20.80,21.80,24.50,24.80,23.30,25.70,24.70,25.00,25.20,23.60,24.60,25.00,20.20,24.90,21.40,24.70,24.10,21.10,23.60,21.40,20.10,20.20,22.50,22.50,20.70,20.20,20.00,21.10,22.60,20.60,20.30,24.90,24.50,25.60,20.90,24.60,23.10,24.60,23.70,25.10,21.90,25.90,23.50,25.40,22.40,21.80,20.40,24.60,20.20,20.30,20.60,22.40,21.80
TLM_RCV,-68,FG-ALPHA,20240415_090700,AUTO,0,31.99,5.00,-85,100.00,8.34,3.29,5.02,890,398,0,253,22.46,1013.50,11.90,405.20,14.42,66.70,1080,25.30,20.80,24.30,25.50,24.60,20.90,21.40,21.10,25.50,24.80,25.40,24.10,21.80,24.30,24.50,22.80,21.10,21.70,25.30,20.80,24.40,24.80,23.40,25.70,25.40,25.00,24.50,24.50,22.70,20.60,23.70,23.80,23.20,24.70,22.50,21.10,23.80,21.00,21.10,23.50,25.00,23.40,25.30,25.50,21.10,23.50,22.00,21.60,21.00,22.30,22.10,20.40,24.90,21.10,24.90,20.10,24.60,22.70,23.10,23.40,23.70,20.10,20.00,24.20
TLM_RCV,-46,FG-ALPHA,20240415_090701,AUTO,0,31.26,5.00,-85,100.00,8.33,3.28,5.02,868,453,0,295,22.08,1013.20,12.10,405.10,14.42,66.70,1080,23.20,25.00,22.40,25.90,21.10,21.60,21.40,22.20,24.10,21.50,23.80,24.30,23.30,21.60,25.20,22.80,22.10,25.90,25.30,25.20,20.90,22.90,20.90,23.30,24.50,24.40,24.90,22.70,25.10,22.30,22.60,21.30,20.50,23.40,24.70,24.00,22.50,25.80,23.10,25.20,20.60,25.40,22.30,25.10,25.90,24.50,21.50,20.30,20.30,22.70,20.50,21.50,23.10,25.90,25.20,24.20,25.30,25.70,23.00,25.90,24.90,24.30,20.50,21.70
TLM_RCV,-95,FG-ALPHA,20240415_090702,AUTO,0,32.09,5.00,-85,100.00,8.34,3.30,5.02,1155,418,0,260,23.68,1013.60,11.90,406.00,14.42,66.70,1080,24.70,22.00,25.20,20.50,23.30,25.40,24.90,20.80,23.30,22.70,22.80,23.30,21.40,23.60,22.00,22.10,23.30,23.70,20.10,20.00,21.60,22.60,25.20,23.70,21.50,20.40,22.50,22.30,24.50,23.10,23.70,22.60,25.60,20.20,23.00,23.10,22.40,25.70,25.70,21.10,23.70,25.40,23.60,22.80,22.70,20.60,20.40,24.40,25.80,20.00,20.70,22.90,25.00,25.20,25.10,20.80,24.50,20.30,25.40,21.10,25.90,21.10,25.00,23.40
TLM_RCV,-85,FG-ALPHA,20240415_090703,AUTO,0,31.33,5.00,-85,100.00,8.33,3.31,5.02,825,465,0,325,21.80,1012.70,11.90,405.70,14.42,66.70,1080,24.60,24.00,21.20,20.60,21.10,24.70,22.20,21.60,20.90,25.40,25.90,20.00,22.60,22.90,24.70,25.50,25.00,25.00,25.90,23.00,21.80,21.50,24.10,24.40,21.20,25.20,21.80,21.40,23.10,23.30,23.30,21.90,23.30,25.40,23.60,25.80,22.50,22.40,24.70,22.80,25.00,21.40,24.00,20.00,20.60,22.40,23.30,23.30,21.20,25.80,22.10,20.20,24.80,22.10,20.50,21.70,20.40,22.20,25.80,25.60,21.90,20.70,23.30,20.00
TLM_RCV,-58,FG-ALPHA,20240415_090704,AUTO,0,31.19,5.00,-85,100.00,8.33,3.29,5.02,1106,439,0,293,23.33,1013.00,12.00,406.30,14.42,66.70,1080,22.50,25.50,25.40,21.10,24.30,21.30,25.80,23.70,23.20,20.90,22.10,22.60,20.60,23.90,21.20,24.40,24.30,20.10,25.20,22.60,24.30,22.60,25.10,21.50,22.20,23.70,24.70,25.70,23.60,24.70,23.70,24.70,22.80,21.40,24.80,21.20,24.30,22.80,23.60,22.00,21.00,23.80,20.00,24.50,25.70,25.00,23.20,20.80,21.90,20.10,25.30,20.10,22.30,25.90,24.20,24.50,25.20,24.80,21.40,25.10,21.00,24.60,23.90,25.80
TLM_RCV,-80,FG-ALPHA,20240415_090705,AUTO,0,31.01,5.00,-85,100.00,8.34,3.28,5.02,1080,402,0,261,23.39,1013.50,12.00,405.10,14.43,66.70,1080,23.70,20.20,23.90,21.50,24.40,21.40,20.80,20.60,24.00,20.60,24.10,23.20,22.40,24.30,21.70,25.80,25.60,25.40,25.00,23.50,20.00,25.00,20.80,21.80,24.50,20.90,24.40,23.10,21.30,23.10,20.20,21.60,23.00,24.80,23.80,23.80,25.20,25.00,23.70,24.80,20.30,20.70,25.10,25.50,22.10,23.10,22.70,23.20,25.10,23.20,24.90,22.10,24.60,20.20,21.70,24.30,25.10,21.40,24.90,25.30,21.40,22.70,22.10,24.80
TLM_RCV,-73,FG-ALPHA,20240415_090706,AUTO,0,33.39,5.00,-85,100.00,8.33,3.28,5.02,1019,478,0,335,22.70,1013.50,12.00,405.40,14.43,66.70,1080,24.50,22.30,22.70,21.20,21.90,23.10,24.00,22.20,20.10,21.30,23.40,24.10,21.60,24.00,20.30,21.90,22.80,23.60,25.00,20.80,20.50,25.10,23.90,21.60,23.90,20.00,22.70,22.60,23.60,23.80,22.90,20.20,20.50,20.80,21.70,22.70,24.60,23.90,24.40,21.70,25.20,21.70,24.90,22.60,24.80,20.70,23.60,20.90,23.70,23.00,25.80,23.20,22.60,23.40,21.70,22.50,23.50,24.80,25.80,21.40,21.30,24.80,23.50,22.20
TLM_RCV,-58,FG-ALPHA,20240415_090707,AUTO,0,32.45,5.00,-85,99.95,8.33,3.30,5.02,0,490,0,335,22.45,1012.70,12.10,404.80,14.43,66.70,1080,21.30,20.30,22.80,21.00,21.20,21.90,25.50,23.30,20.90,22.80,22.80,20.70,21.10,23.70,20.60,25.20,22.90,22.80,23.10,22.20,22.60,23.90,25.10,20.10,25.80,20.00,25.30,23.00,22.70,24.60,25.60,24.00,25.40,24.70,20.10,25.70,24.20,24.20,20.30,22.20,22.00,22.90,24.90,20.30,24.70,22.70,20.00,24.80,24.60,22.30,21.30,23.70,25.00,20.00,22.60,20.60,25.00,23.40,21.90,21.50,20.50,23.10,22.20,23.30
TLM_RCV,-75,FG-ALPHA,20240415_090708,AUTO,0,33.38,5.00,-85,99.90,8.33,3.31,5.02,0,475,0,333,22.37,1013.60,11.80,405.90,14.43,66.70,1080,21.50,24.60,22.40,24.00,22.00,21.60,21.40,20.40,25.30,21.10,25.60,23.20,24.90,23.90,24.90,20.80,21.20,20.10,21.60,22.70,23.20,24.80,21.70,24.60,20.30,22.60,20.60,25.80,20.00,23.40,25.00,20.40,25.30,20.90,20.40,20.60,23.80,20.80,23.40,20.30,22.90,23.50,22.10,23.60,21.10,25.70,21.60,20.30,25.20,24.90,20.20,21.00,20.60,23.70,23.40,25.60,24.30,23.80,20.90,25.80,23.30,25.80,21.50,22.50
TLM_RCV,-90,FG-ALPHA,20240415_090709,AUTO,0,31.38,5.00,-85,99.97,8.33,3.30,5.02,1140,476,0,335,23.32,1013.10,11.80,405.80,14.43,66.70,1080,23.10,21.20,23.30,24.80,21.50,25.70,22.40,21.20,25.90,25.30,24.50,23.50,20.80,21.20,22.90,20.30,22.80,22.50,21.40,23.40,20.50,24.90,22.30,20.50,25.30,24.30,20.50,22.90,23.50,22.90,20.80,23.50,21.90,22.80,21.80,25.80,25.30,24.60,25.40,20.90,23.30,21.60,24.50,25.00,24.30,23.80,23.30,25.90,25.00,20.10,22.30,25.90,22.30,24.80,20.10,25.90,25.30,20.90,21.80,24.10,22.10,20.00,22.60,24.70
TLM_RCV,-40,FG-ALPHA,20240415_090710,AUTO,0,31.06,5.00,-85,100.00,8.34,3.29,5.02,856,412,0,255,22.22,1013.60,12.10,405.50,14.43,66.70,1080,21.50,20.80,20.10,24.40,24.00,25.10,25.40,23.50,22.70,23.70,22.10,25.30,23.80,24.70,23.20,21.10,22.30,22.90,25.60,20.00,25.20,20.20,21.40,25.90,20.60,22.50,25.50,22.40,24.20,20.20,20.80,22.40,24.50,20.20,23.90,25.20,22.70,24.00,24.50,23.70,21.20,23.60,24.40,24.10,21.40,21.40,22.80,25.40,20.80,20.60,20.50,23.90,24.20,22.40,23.80,21.30,25.50,22.00,21.30,24.50,23.70,21.30,25.50,25.40
TLM_RCV,-41,FG-ALPHA,20240415_090711,AUTO,0,31.01,5.00,-85,100.00,8.34,3.28,5.02,882,403,0,260,22.40,1012.90,12.00,406.30,14.43,66.70,1080,23.30,22.10,21.50,24.90,20.80,22.40,22.00,23.50,22.20,21.80,24.80,20.70,22.10,25.80,22.50,22.90,20.30,24.40,24.80,23.60,25.30,25.90,22.00,25.20,25.20,23.60,24.30,21.00,23.30,22.90,21.50,22.80,21.10,21.10,23.20,23.60,23.50,20.60,23.60,22.40,22.10,20.00,25.50,23.40,23.20,25.70,24.50,25.70,21.80,23.90,25.90,23.70,22.70,25.10,25.80,23.60,25.40,22.30,23.70,22.90,20.80,20.70,20.30,21.20
TLM_RCV,-61,FG-ALPHA,20240415_090712,AUTO,0,31.09,5.00,-85,99.96,8.34,3.30,5.02,0,419,0,276,22.09,1013.00,12.00,405.30,14.43,66.70,1080,21.60,22.20,20.10,21.90,21.70,21.80,24.00,22.90,20.00,22.20,21.00,21.70,20.20,23.70,24.90,21.40,25.20,21.90,22.90,23.60,21.90,21.30,22.40,21.60,25.30,25.60,23.40,24.40,24.00,24.50,23.70,24.90,23.40,77.00,23.60,21.70,25.30,20.80,21.20,21.60,25.40,22.20,25.00,24.60,25.00,24.70,24.00,20.10,25.60,21.60,23.80,20.90,23.70,21.00,23.60,23.20,21.60,25.60,23.50,23.00,21.10,23.50,24.70,24.30
TLM_RCV,-89,FG-ALPHA,20240415_090713,AUTO,0,31.33,5.00,-85,100.00,8.33,3.31,5.02,868,465,0,314,22.01,1013.40,11.80,406.30,14.43,66.70,1080,22.30,25.40,23.50,25.80,24.20,20.90,23.40,20.90,24.10,21.10,23.80,21.90,23.90,25.50,25.90,25.30,22.90,22.40,25.40,21.70,25.50,23.90,21.90,22.80,21.90,20.80,23.90,25.00,24.60,20.40,23.50,21.90,20.20,22.90,22.90,25.70,21.00,24.40,25.20,25.00,24.90,25.80,23.00,21.80,25.50,22.00,24.80,21.70,24.70,21.00,21.20,24.60,24.30,20.40,20.80,23.50,21.20,24.40,21.10,25.00,21.50,22.30,25.70,23.90
TLM_RCV,-64,FG-ALPHA,20240415_090714,AUTO,0,31.13,5.00,-85,100.00,8.34,3.31,5.02,877,426,0,279,22.25,1013.00,11.80,404.50,14.43,66.70,1080,25.30,22.90,21.30,23.40,23.30,21.50,24.70,23.10,23.70,24.20,25.50,22.40,23.90,25.40,21.00,20.50,21.10,21.70,21.70,24.50,20.50,21.50,24.60,25.20,23.40,20.80,21.60,22.40,20.40,21.10,23.40,24.00,20.50,25.00,20.60,21.00,25.40,20.30,24.60,25.60,20.20,21.40,22.10,23.70,25.00,24.80,20.30,22.00,24.50,24.80,24.70,24.00,25.50,24.00,21.30,21.20,22.10,24.90,24.00,21.60,25.90,20.00,21.00,23.50
TLM_RCV,-40,FG-ALPHA,20240415_090715,AUTO,0,32.44,5.00,-85,100.00,8.33,3.28,5.02,873,489,0,334,21.92,1013.40,12.10,405.90,14.44,66.70,1080,24.10,21.40,20.00,25.20,20.90,24.60,20.20,20.00,20.70,24.10,22.00,25.10,23.70,23.40,20.60,20.90,25.00,25.70,22.20,21.80,24.40,20.20,24.80,23.20,23.40,25.60,24.50,21.60,20.00,20.70,20.80,22.90,23.40,21.30,25.10,20.00,20.40,24.90,25.00,24.30,21.00,24.10,24.40,22.30,20.60,24.90,24.80,20.20,24.90,23.90,23.30,23.30,22.00,25.00,20.00,20.40,23.70,23.00,20.50,22.70,24.50,24.40,20.10,23.50
TLM_RCV,-69,FG-ALPHA,20240415_090716,AUTO,0,32.99,5.00,-85,99.96,8.34,3.30,5.02,0,398,0,250,21.99,1012.80,12.00,406.10,14.44,66.70,1080,23.60,20.90,21.30,25.90,20.00,22.70,23.60,20.10,23.80,20.90,24.20,21.70,24.10,23.90,20.60,24.30,25.50,24.70,23.30,24.60,20.50,25.80,25.20,24.60,22.10,23.00,21.30,23.40,23.40,20.70,24.90,21.70,21.70,22.90,24.70,21.30,21.80,24.00,21.70,24.70,25.40,24.30,25.20,25.70,20.30,25.70,24.40,24.50,25.00,25.60,24.30,25.00,24.50,20.60,20.80,22.90,23.20,20.60,21.20,23.70,21.50,24.30,24.80,81.30
TLM_RCV,-95,FG-ALPHA,20240415_090717,AUTO,0,32.10,5.00,-85,100.00,8.34,3.28,5.02,912,419,0,278,22.47,1012.70,11.90,406.10,14.44,66.70,1080,23.70,22.50,24.00,23.20,20.60,24.00,23.80,25.80,22.40,24.60,25.30,23.40,25.30,23.60,25.60,24.00,24.30,20.30,20.20,24.80,25.30,25.20,20.60,24.90,22.60,20.40,23.10,25.00,24.40,22.90,22.30,25.30,22.00,23.20,25.20,20.10,24.50,20.10,20.90,23.20,24.40,22.10,20.40,25.30,20.90,22.30,21.20,22.30,20.10,21.80,22.70,21.10,25.90,23.40,21.90,23.80,25.40,23.50,21.00,20.80,22.60,20.20,25.50,22.50
TLM_RCV,-61,FG-ALPHA,20240415_090718,AUTO,0,32.00,5.00,-85,100.00,8.34,3.30,5.02,1006,400,0,256,23.03,1012.90,12.10,404.80,14.44,66.70,1080,22.10,25.40,23.80,24.70,21.60,22.00,22.90,25.70,23.10,25.60,23.70,21.00,21.70,20.60,22.10,20.40,21.20,22.90,21.50,25.50,22.10,20.10,24.50,20.30,25.50,22.40,20.80,24.10,20.70,23.00,22.10,21.60,25.00,22.30,22.00,20.60,23.70,21.90,25.90,24.40,23.20,23.80,22.90,24.30,22.40,22.10,25.10,23.00,23.20,21.50,24.80,20.90,21.40,24.60,25.50,25.90,23.50,25.80,20.80,20.50,24.90,24.30,23.60,22.90
TLM_RCV,-70,FG-ALPHA,20240415_090719,AUTO,0,31.30,5.00,-85,100.00,8.33,3.30,5.02,1131,459,0,312,23.36,1013.40,12.00,405.60,14.44,66.70,1080,24.40,21.40,25.70,21.70,24.00,21.10,25.10,20.60,86.10,24.90,21.40,23.90,22.30,21.00,25.90,22.50,24.00,23.30,24.60,23.90,25.60,24.50,21.10,25.10,24.30,24.50,21.10,20.40,24.80,20.20,25.20,22.10,25.10,22.10,24.20,25.40,24.70,23.00,22.80,21.00,24.60,24.90,20.00,21.40,20.80,24.20,20.40,22.50,21.70,22.00,24.50,22.90,23.00,21.50,20.90,24.10,24.60,21.10,23.30,21.60,21.90,25.20,20.70,22.90
TLM_RCV,-65,FG-ALPHA,20240415_090720,AUTO,0,32.03,5.00,-85,99.96,8.34,3.31,5.02,0,405,0,250,22.02,1013.40,11.80,406.20,14.44,66.70,1080,23.10,23.30,20.00,24.80,20.30,23.30,20.90,20.00,24.70,25.10,22.60,24.10,20.20,20.90,21.80,23.70,25.60,21.80,25.60,20.80,22.10,22.60,24.90,24.30,22.60,22.30,25.80,24.80,20.80,22.80,21.40,20.10,21.80,20.50,20.30,25.10,24.50,23.10,21.20,22.90,23.60,25.40,25.20,20.50,22.60,21.70,24.80,21.80,20.00,20.40,23.30,25.50,22.80,21.90,24.20,20.30,25.90,25.80,89.80,24.60,20.10,21.30,23.00,21.60
TLM_RCV,-73,FG-ALPHA,20240415_090721,AUTO,0,33.06,5.00,-85,100.00,8.34,3.30,5.02,1058,412,0,255,23.23,1012.70,12.00,406.00,14.44,66.70,1080,24.90,24.60,22.50,24.50,20.90,22.60,20.50,21.90,23.50,20.40,20.50,20.60,20.40,22.70,23.30,20.60,20.20,20.10,22.60,22.90,21.80,20.80,21.50,21.50,25.60,22.50,21.80,25.10,22.50,24.40,21.20,22.80,22.30,24.40,21.40,24.80,24.50,24.80,20.90,22.60,24.00,22.40,20.80,21.30,25.10,23.70,20.40,24.60,22.30,20.10,21.40,82.30,24.60,21.30,23.80,24.70,22.40,20.30,25.60,24.60,22.40,25.50,22.20,24.90
TLM_RCV,-82,FG-ALPHA,20240415_090722,AUTO,0,32.38,5.00,-85,100.00,8.33,3.29,5.02,952,475,0,322,22.39,1013.20,12.10,405.50,14.44,66.70,1080,21.70,25.70,22.50,24.10,23.40,20.50,23.90,20.80,20.50,23.00,25.30,25.80,20.90,24.20,20.20,25.70,22.90,22.50,24.90,24.60,22.00,25.20,25.30,21.80,23.50,22.50,24.90,25.40,20.90,22.70,22.40,22.60,23.70,20.80,21.30,25.10,24.10,24.10,24.10,22.10,20.80,22.20,23.30,22.20,24.30,25.80,21.00,20.80,24.80,23.10,20.10,23.00,21.90,20.00,20.80,23.90,21.10,21.20,20.20,20.40,25.90,25.00,25.80,23.20
TLM_RCV,-48,FG-ALPHA,20240415_090723,AUTO,0,33.03,5.00,-85,99.96,8.34,3.28,5.02,0,407,0,253,22.03,1013.00,12.00,405.20,14.44,66.70,1080,21.40,22.00,24.10,25.00,21.50,22.60,24.80,24.20,21.50,22.00,25.20,23.80,21.60,24.50,21.30,23.40,25.20,24.50,20.50,20.40,24.10,21.70,24.50,24.20,20.70,25.00,24.60,20.90,24.70,24.00,22.20,23.10,22.30,22.00,23.80,20.90,20.90,20.10,25.80,24.70,25.00,25.60,20.40,20.80,21.50,25.00,21.10,25.00,22.30,21.40,23.30,20.20,20.50,23.60,22.70,20.40,24.30,22.10,24.20,22.90,25.40,23.90,25.20,20.10
TLM_RCV,-71,FG-ALPHA,20240415_090724,AUTO,0,31.41,5.00,-85,99.99,8.33,3.28,5.02,803,482,0,335,21.60,1013.40,12.10,404.70,14.44,66.70,1080,20.30,23.60,21.30,24.00,25.30,21.70,23.50,23.50,20.30,23.80,23.80,21.90,23.50,24.00,23.90,23.80,21.60,22.70,23.90,21.80,25.60,22.20,22.10,24.70,20.80,21.00,24.60,23.00,23.00,20.50,23.20,22.30,24.80,23.60,24.40,20.80,24.20,22.10,21.40,25.30,22.10,24.30,20.60,25.20,22.10,23.00,20.20,23.20,20.00,20.50,21.60,24.00,25.80,21.80,25.80,22.70,24.60,25.80,20.20,22.90,23.70,25.10,25.60,22.60
TLM_RCV,-88,FG-ALPHA,20240415_090725,AUTO,0,32.15,5.00,-85,100.00,8.34,3.31,5.02,1188,431,0,290,23.78,1012.70,12.00,405.80,14.45,66.70,1080,21.20,20.60,20.50,23.90,23.60,21.20,25.10,23.20,23.90,22.40,20.50,20.70,23.70,22.30,23.20,22.40,25.60,23.70,25.60,23.00,23.90,25.10,20.60,22.20,24.50,20.80,25.50,20.90,24.00,25.50,20.80,22.70,25.70,24.60,24.70,25.80,24.90,23.50,23.70,24.80,22.10,23.80,23.90,23.60,22.70,25.50,20.60,21.90,22.70,24.80,25.60,20.80,21.50,21.10,23.90,20.00,22.00,21.80,21.90,22.70,21.50,25.00,24.00,22.90
TLM_RCV,-66,FG-ALPHA,20240415_090747,AUTO,0,33.43,5.00,-85,100.00,8.33,3.31,5.02,951,486,0,341,22.33,1012.70,12.00,405.40,14.47,66.70,1080,21.40,22.90,20.60,23.50,20.00,24.50,22.50,23.10,21.10,20.90,22.30,22.90,21.10,25.20,23.90,25.50,23.00,20.00,23.30,24.10,24.30,20.90,21.60,25.90,22.50,25.80,20.70,23.50,20.50,22.60,25.40,24.60,25.00,21.30,25.70,22.70,22.50,20.80,25.20,24.70,24.60,23.40,22.40,25.40,22.00,23.40,20.10,24.00,22.70,20.90,20.00,25.20,21.10,23.20,20.00,25.30,23.40,22.40,22.00,22.40,23.40,23.40,21.60,24.40
TLM_RCV,-95,FG-ALPHA,20240415_090748,AUTO,0,31.28,5.00,-85,100.00,8.33,3.29,5.02,1190,456,0,298,23.67,1013.10,12.00,405.70,14.47,66.70,1080,24.90,24.10,20.40,22.10,20.80,25.80,20.60,22.10,25.80,25.30,21.90,22.70,21.60,25.10,20.30,22.30,21.20,22.50,25.50,25.40,24.00,22.10,20.80,21.90,23.10,20.80,25.30,21.00,25.50,25.20,22.70,20.70,25.20,20.20,23.80,20.90,22.10,25.10,24.00,22.50,23.90,22.00,20.10,25.70,23.90,22.90,23.80,24.70,22.80,24.30,25.10,25.90,20.30,24.50,25.40,25.70,23.50,25.00,25.00,24.40,20.20,22.50,22.50,22.40
TLM_RCV,-71,FG-ALPHA,20240415_090749,AUTO,0,32.23,5.00,-85,100.00,8.33,3.31,5.02,874,446,0,304,22.14,1013.30,11.90,406.20,14.47,66.70,1080,22.10,20.80,23.30,24.70,22.90,24.20,24.20,25.70,25.40,22.70,25.50,25.30,21.60,24.30,20.90,25.60,25.80,24.40,22.90,23.90,23.90,25.80,24.30,71.20,21.20,20.20,20.80,24.20,24.90,23.10,23.40,24.80,24.50,24.20,24.40,24.00,23.70,24.30,22.70,22.70,21.90,21.00,21.50,25.70,23.90,23.80,25.20,20.60,21.50,23.60,25.50,22.60,25.90,22.80,21.80,22.30,25.30,21.70,24.40,24.70,23.10,20.10,21.60,23.70
TLM_RCV,-41,FG-ALPHA,20240415_090750,AUTO,0,31.15,5.00,-85,100.00,8.34,3.30,5.02,1072,430,0,274,23.21,1013.10,12.00,405.40,14.47,66.70,1080,20.60,21.70,21.30,21.50,23.20,21.80,23.80,20.00,23.90,21.90,21.70,21.30,23.00,21.60,25.50,24.90,21.10,24.10,21.60,20.00,23.20,20.80,22.20,22.10,22.10,23.50,21.10,20.30,25.00,23.70,24.40,25.30,21.40,22.40,24.10,25.70,21.20,25.80,22.30,22.80,82.10,22.70,20.00,20.00,20.00,23.40,21.30,21.20,20.40,23.60,22.20,20.40,24.70,20.50,25.30,22.90,21.50,24.30,22.60,23.30,20.00,23.10,20.10,20.70
TLM_RCV,-89,FG-ALPHA,20240415_090751,AUTO,0,33.01,5.00,-85,100.00,8.34,3.29,5.02,1115,402,0,257,23.57,1013.20,12.00,406.00,14.47,66.70,1080,21.80,21.30,24.90,23.00,25.50,22.00,20.20,25.40,23.40,20.50,20.50,23.00,20.70,25.00,20.40,21.60,24.80,25.70,20.90,23.00,21.70,23.10,24.20,23.90,22.90,23.30,20.70,20.40,20.40,25.60,20.10,24.20,24.80,21.80,24.30,23.20,20.70,21.10,20.70,21.30,24.30,20.00,23.60,22.80,21.20,20.40,21.50,24.20,24.10,20.60,20.80,24.00,24.30,21.60,22.20,20.70,23.90,23.90,23.90,22.70,23.30,24.70,23.70,25.40
TLM_RCV,-80,FG-ALPHA,20240415_090752,AUTO,0,32.06,5.00,-85,100.00,8.34,3.28,5.02,963,413,0,271,22.75,1012.70,11.90,406.40,14.47,66.70,1080,25.40,23.50,22.80,20.10,24.50,21.00,24.20,24.30,25.40,20.00,20.80,22.90,20.50,25.40,21.10,22.90,21.30,23.30,23.60,24.20,23.50,20.30,20.60,22.90,22.90,25.00,22.30,23.20,21.40,22.30,22.70,25.30,20.70,22.70,25.60,25.80,20.30,24.70,22.60,22.60,25.90,21.70,25.40,22.60,22.20,20.70,21.90,25.70,21.00,25.40,23.70,24.50,20.40,25.10,25.10,25.60,23.00,23.80,24.90,20.80,23.00,24.60,20.20,23.80
TLM_RCV,-54,FG-ALPHA,20240415_090753,AUTO,0,31.44,5.00,-85,100.00,8.33,3.30,5.02,1079,488,0,331,22.95,1013.10,12.10,405.60,14.47,66.70,1080,21.90,20.00,23.40,21.20,21.70,21.80,24.10,20.50,23.50,25.80,25.80,23.40,23.70,22.20,22.90,20.60,25.80,23.70,21.20,24.50,22.80,24.30,21.50,22.90,25.10,23.70,24.80,24.90,25.20,20.80,24.60,20.00,24.30,21.80,23.40,20.70,20.00,25.90,23.90,25.90,20.10,25.50,23.00,21.50,25.80,22.70,20.70,23.60,24.90,23.90,23.90,23.10,24.40,22.10,25.40,23.50,20.10,22.00,20.30,23.30,20.10,25.00,22.00,23.40
TLM_RCV,-57,FG-ALPHA,20240415_090754,AUTO,0,32.34,5.00,-85,100.00,8.33,3.31,5.02,1138,468,0,309,23.35,1013.20,11.80,405.50,14.47,66.70,1080,23.80,25.20,20.90,22.80,22.40,24.00,25.60,20.90,21.70,73.60,23.40,25.50,23.50,22.40,22.30,20.10,25.60,24.60,23.80,21.90,24.50,23.60,23.70,22.40,23.00,23.50,22.00,20.70,23.30,25.90,21.40,21.90,20.00,21.00,23.10,23.90,21.20,20.20,24.00,25.40,23.70,22.70,24.70,24.70,24.20,25.60,24.30,23.50,23.60,22.70,24.90,21.90,22.00,20.60,20.80,25.90,24.00,21.80,21.50,24.20,25.80,22.60,21.80,25.00
TLM_RCV,-55,FG-ALPHA,20240415_090756,AUTO,0,33.13,5.00,-85,99.96,8.33,3.30,5.02,0,427,0,280,22.14,1013.20,12.00,406.00,14.48,66.70,1080,23.50,24.60,23.90,21.50,22.20,24.10,22.80,24.70,20.20,21.40,20.20,23.30,25.40,20.30,21.70,24.20,20.60,22.00,21.10,23.70,23.10,22.50,23.30,23.40,23.20,22.00,23.60,21.60,22.00,21.90,22.50,20.40,25.10,25.00,20.80,23.60,20.20,20.60,23.80,21.40,20.80,25.60,21.80,21.80,20.70,25.10,25.40,24.70,25.40,22.90,22.70,23.80,25.50,20.00,24.60,25.40,23.90,24.50,22.20,20.10,75.00,22.30,21.20,20.30
TLM_RCV,-42,FG-ALPHA,20240415_090757,AUTO,0,31.39,5.00,-85,100.00,8.33,3.31,5.02,1191,478,0,338,23.57,1012.80,11.90,405.40,14.48,66.70,1080,22.50,20.30,22.10,24.50,22.80,20.30,22.50,23.50,22.00,25.60,20.40,22.50,25.70,21.00,24.30,21.50,22.60,23.10,22.90,24.30,20.10,21.80,25.50,22.40,21.70,20.70,20.50,20.20,24.50,24.70,21.20,25.60,25.40,24.30,21.50,23.60,25.10,20.20,21.30,20.40,22.40,24.80,24.70,24.70,22.00,23.80,23.30,23.70,23.10,24.60,25.30,20.10,24.60,20.80,23.60,21.40,25.30,21.40,25.90,22.50,21.20,24.90,21.20,25.70
TLM_RCV,-84,FG-ALPHA,20240415_090758,AUTO,0,31.27,5.00,-85,100.00,8.33,3.31,5.02,1145,454,0,310,23.45,1013.50,11.90,405.00,14.48,66.70,1080,24.60,24.50,24.70,22.60,21.00,25.80,22.90,21.30,24.50,24.40,20.20,22.60,22.40,20.60,20.50,24.30,20.50,25.10,25.40,25.20,21.20,23.00,24.00,25.20,25.40,21.90,25.50,21.40,21.70,21.70,24.30,24.90,20.10,24.60,24.10,23.70,24.70,24.50,24.30,20.90,22.50,22.30,23.70,22.40,25.60,25.80,20.90,25.60,24.10,21.40,24.50,25.60,20.90,21.10,24.80,22.50,20.80,23.70,23.70,24.10,21.60,21.40,20.50,25.40
TLM_RCV,-68,FG-ALPHA,20240415_090759,AUTO,0,31.42,5.00,-85,100.00,8.33,3.30,5.02,910,485,0,327,22.12,1012.90,12.00,406.30,14.48,66.70,1080,22.40,25.00,23.70,25.60,25.80,23.30,23.20,22.60,20.30,24.40,20.70,24.80,20.70,22.80,24.70,22.50,21.30,21.30,21.00,22.20,25.60,24.70,20.70,25.30,25.80,20.10,20.10,23.10,24.30,23.20,23.30,22.10,23.30,23.80,21.10,20.80,24.10,21.70,25.90,23.80,22.40,24.80,22.90,20.70,20.70,23.90,24.70,21.40,22.70,23.00,25.50,22.40,23.30,20.10,23.50,23.80,25.40,24.60,23.40,21.20,23.30,23.70,25.00,25.20
TLM_RCV,-94,FG-ALPHA,20240415_090800,AUTO,0,32.40,5.00,-85,100.00,8.33,3.29,5.02,1133,480,0,321,23.26,1012.90,12.00,405.70,14.48,66.70,1080,23.60,25.40,25.40,23.40,25.70,22.70,24.60,24.10,21.50,24.40,23.70,21.20,21.50,24.70,20.40,20.40,24.90,20.30,24.00,22.50,24.70,25.20,24.90,21.30,25.90,24.80,24.10,20.80,23.10,25.50,23.90,21.30,23.70,24.30,20.50,22.00,23.80,22.60,23.20,21.40,23.50,21.60,25.30,25.50,22.90,23.00,25.90,25.50,23.20,20.30,24.70,24.00,22.40,20.40,22.90,23.70,24.40,22.20,21.50,24.00,20.70,25.70,23.00,24.30
TLM_RCV,-45,FG-ALPHA,20240415_090801,AUTO,0,33.30,5.00,-85,99.95,8.33,3.28,5.02,0,460,0,306,22.30,1012.90,11.80,405.40,14.48,66.70,1080,22.80,23.00,25.10,21.40,21.20,20.00,25.80,23.50,22.50,23.50,20.30,25.10,21.50,23.30,22.60,23.90,24.40,23.40,22.80,25.80,23.20,23.20,25.60,20.20,23.70,23.90,20.80,24.60,24.80,20.50,24.00,23.40,22.40,20.60,22.30,25.50,22.50,22.80,20.50,24.00,24.20,23.70,22.30,21.70,25.90,24.80,24.30,22.90,24.90,21.80,24.80,22.60,20.10,25.20,23.30,24.00,20.70,25.70,24.90,25.50,20.80,23.50,23.40,20.30
TLM_RCV,-91,FG-ALPHA,20240415_090802,AUTO,0,31.51,5.00,-85,100.00,8.32,3.31,5.02,1080,502,0,343,22.89,1012.70,12.10,406.10,14.48,66.70,1080,20.60,23.10,25.20,25.90,21.80,20.10,24.90,24.80,21.70,21.50,24.90,21.20,20.00,21.30,23.60,23.10,21.50,21.70,20.60,20.70,22.50,23.60,21.00,24.30,21.60,25.40,23.10,23.30,22.20,23.60,21.70,24.60,23.20,20.30,20.30,23.90,23.40,23.70,22.60,23.20,24.90,22.30,23.50,24.50,25.30,25.60,22.30,20.10,21.90,23.60,25.70,80.60,23.80,22.20,23.00,24.50,24.80,22.50,20.10,24.20,20.20,21.70,23.00,23.20
TLM_RCV,-45,FG-ALPHA,20240415_090803,AUTO,0,31.44,5.00,-85,100.00,8.33,3.28,5.02,834,489,0,335,21.73,1013.40,12.10,404.90,14.48,66.70,1080,21.10,20.00,20.20,23.90,20.00,21.50,24.70,22.50,20.40,21.00,25.20,25.70,23.80,21.30,25.90,22.00,23.90,20.20,22.60,23.30,21.10,25.70,22.00,25.40,23.80,20.50,23.70,20.90,25.00,25.80,25.60,23.90,24.20,25.00,22.90,24.90,21.50,24.80,21.60,24.10,24.70,23.30,20.50,20.50,25.00,24.50,23.70,25.10,25.80,25.10,23.20,21.90,25.60,21.10,21.80,23.20,20.00,24.20,21.00,24.00,24.60,22.40,24.40,20.00
TLM_RCV,-72,FG-ALPHA,20240415_090804,AUTO,0,33.51,5.00,-85,99.95,8.32,3.28,5.02,0,501,0,345,22.50,1013.00,11.80,405.70,14.48,66.70,1080,20.20,22.70,23.00,25.40,21.40,24.10,22.90,20.70,22.00,24.10,23.50,23.60,20.50,24.40,21.30,22.50,20.70,20.10,21.60,20.60,25.80,21.80,21.90,21.30,22.00,21.10,21.20,23.10,22.70,22.20,22.90,21.20,20.30,24.20,23.30,20.50,25.00,23.90,22.90,23.10,25.90,21.30,21.50,21.60,24.30,23.70,22.70,22.00,23.00,20.70,23.50,20.00,24.50,23.90,20.70,22.20,25.20,21.20,22.20,25.50,24.20,25.30,24.40,25.60
TLM_RCV,-82,FG-ALPHA,20240415_090805,AUTO,0,31.27,5.00,-85,100.00,8.33,3.30,5.02,1180,454,0,299,23.63,1013.20,12.00,404.50,14.49,66.70,1080,24.10,24.80,23.80,20.30,20.50,21.30,22.30,24.30,21.70,22.30,23.60,25.30,22.30,21.70,21.50,24.00,24.60,24.90,22.70,20.70,25.30,24.30,21.50,23.60,20.90,20.70,23.60,22.60,22.50,23.50,23.30,21.50,20.60,21.00,25.40,23.40,20.00,20.20,24.00,23.70,24.60,20.60,24.00,22.20,24.70,22.80,23.40,25.30,20.80,22.80,23.30,21.40,25.00,23.00,22.60,24.10,24.70,25.90,23.10,22.80,25.70,25.40,20.40,22.90
TLM_RCV,-77,FG-ALPHA,20240415_090806,AUTO,0,31.50,5.00,-85,100.00,8.32,3.29,5.02,863,501,0,347,21.81,1012.90,11.90,405.00,14.49,66.70,1080,20.80,20.00,25.40,25.60,24.50,20.60,22.70,21.20,23.30,22.40,24.70,23.70,25.50,23.00,22.10,25.80,21.70,21.10,25.60,24.80,23.90,24.70,23.60,21.70,25.10,24.90,22.50,20.10,23.30,24.30,21.50,25.30,25.20,24.70,20.30,20.90,23.80,24.00,20.30,23.70,23.80,23.80,23.90,20.30,25.50,20.10,23.30,20.30,22.90,25.00,24.40,22.80,20.00,20.10,21.50,22.60,22.20,24.00,23.40,23.60,23.60,23.70,23.00,22.30
TLM_RCV,-82,FG-ALPHA,20240415_090807,AUTO,0,32.24,5.00,-85,100.00,8.33,3.28,5.02,1166,448,0,299,23.59,1012.70,12.00,404.80,14.49,66.70,1080,25.20,25.30,25.20,20.70,20.60,21.70,21.50,24.60,20.70,21.00,20.70,22.40,24.60,25.20,23.40,25.20,25.40,20.60,22.40,25.70,24.30,22.30,23.30,22.60,20.00,22.40,22.60,23.60,21.60,24.70,22.50,23.20,86.90,23.70,22.70,25.50,25.90,20.80,22.10,25.90,20.40,22.50,25.20,24.70,20.00,25.60,22.70,24.30,25.50,24.20,21.50,20.70,21.60,20.80,22.50,23.30,22.30,25.30,24.80,24.60,24.90,24.60,25.00,23.90
TLM_RCV,-66,FG-ALPHA,20240415_090808,AUTO,0,31.40,5.00,-85,100.00,8.33,3.31,5.02,826,480,0,327,21.73,1013.40,12.00,405.30,14.49,66.70,1080,23.60,25.30,20.50,23.80,24.50,23.00,23.80,22.90,25.00,21.20,21.20,25.40,25.60,21.10,20.80,21.90,23.30,21.90,22.00,22.20,21.60,20.60,24.50,24.90,21.10,20.50,21.10,25.50,25.80,24.90,23.70,22.30,20.20,21.10,20.70,20.00,20.30,22.00,24.90,21.90,21.00,21.50,20.10,23.10,21.70,25.60,21.00,25.30,22.20,25.70,21.70,20.20,22.90,25.50,23.80,21.30,23.30,22.20,20.10,21.80,23.40,21.50,24.10,21.60
TLM_RCV,-44,FG-ALPHA,20240415_090809,AUTO,0,33.13,5.00,-85,100.00,8.34,3.29,5.02,1197,426,0,282,23.85,1013.30,11.80,406.30,14.49,66.70,1080,25.20,25.00,20.10,23.50,24.20,20.00,22.30,24.40,22.80,21.00,23.00,21.70,21.50,22.90,24.40,22.90,23.10,24.70,24.30,23.00,24.10,25.70,20.70,22.80,21.50,25.00,22.20,22.20,23.60,22.50,23.50,20.20,24.50,22.50,23.80,25.00,24.30,25.50,20.40,23.10,23.70,22.60,22.90,20.60,20.30,23.70,25.10,22.60,22.10,23.80,20.70,23.70,21.70,20.60,25.50,23.70,22.10,23.20,23.20,24.60,24.60,22.80,23.50,20.80
TLM_RCV,-82,FG-ALPHA,20240415_090810,AUTO,0,32.22,5.00,-85,100.00,8.33,3.28,5.02,975,445,0,286,22.65,1012.80,11.90,406.40,14.49,66.70,1080,21.00,25.20,22.40,25.00,20.50,24.70,20.00,23.10,23.20,22.60,24.00,20.00,20.10,21.50,20.40,20.70,22.90,25.50,22.60,23.00,24.40,25.90,22.50,21.50,25.70,22.30,22.40,24.30,24.20,25.50,24.90,24.00,21.60,20.60,20.60,23.70,25.60,25.50,20.80,23.50,23.90,23.50,25.90,22.20,24.30,23.40,21.20,24.00,24.50,24.80,23.10,20.20,20.80,24.80,24.20,25.70,20.20,23.30,22.60,22.40,24.50,23.70,21.90,25.00
TLM_RCV,-81,FG-ALPHA,20240415_090811,AUTO,0,31.10,5.00,-85,100.00,8.34,3.31,5.02,820,421,0,266,22.00,1013.20,11.90,405.10,14.49,66.70,1080,22.80,22.50,23.50,21.30,21.40,22.00,25.80,24.10,23.70,25.40,22.90,21.30,24.40,21.10,23.60,22.80,22.50,20.70,24.50,25.30,22.40,24.10,25.10,21.50,25.60,25.60,20.30,25.10,23.00,25.10,20.80,21.80,24.00,23.30,24.10,20.20,23.00,21.20,21.70,21.70,20.70,20.70,23.80,24.00,24.60,25.50,23.40,24.00,25.10,24.80,24.50,25.30,22.00,20.70,24.30,21.70,23.10,23.50,22.80,24.70,25.60,22.80,25.70,21.50
TLM_RCV,-64,FG-ALPHA,20240415_090812,AUTO,0,33.21,5.00,-85,99.96,8.33,3.28,5.02,0,441,0,300,22.20,1013.40,12.00,405.90,14.49,66.70,1080,22.70,20.40,25.40,24.00,22.40,23.30,24.30,20.90,20.20,20.10,25.60,22.50,25.70,24.20,22.60,22.90,25.20,20.80,22.40,22.80,23.70,20.30,22.70,23.30,21.30,20.40,23.00,20.80,20.10,24.60,23.60,25.60,24.50,24.00,20.00,21.20,22.00,20.40,20.60,21.80,23.90,22.60,22.30,23.50,21.80,22.40,25.70,24.80,81.30,20.20,23.60,25.00,23.70,21.20,25.10,25.20,25.20,23.80,21.30,21.70,25.90,25.30,24.60,22.90
TLM_RCV,-57,FG-ALPHA,20240415_090813,AUTO,0,32.07,5.00,-85,100.00,8.34,3.30,5.02,1017,414,0,258,23.01,1013.60,11.90,406.30,14.49,66.70,1080,23.50,23.40,25.50,24.40,21.40,22.90,20.80,21.60,22.30,24.40,24.80,22.50,23.60,25.30,21.00,22.20,21.50,23.10,20.20,25.60,22.50,24.10,20.50,21.90,22.20,20.90,21.80,21.30,24.50,22.40,25.70,21.40,23.30,21.40,24.80,25.50,23.60,23.70,24.30,24.40,20.90,25.10,20.00,24.90,25.20,20.60,20.30,23.80,20.00,25.70,25.30,21.10,25.00,25.80,22.40,21.50,25.50,22.60,21.90,22.20,22.60,25.40,25.00,20.50
TLM_RCV,-86,FG-ALPHA,20240415_090814,AUTO,0,31.23,5.00,-85,99.96,8.33,3.29,5.02,0,445,0,304,22.23,1013.10,12.00,405.00,14.49,66.70,1080,21.10,22.20,22.70,22.80,22.40,20.50,24.90,20.10,21.40,23.90,21.10,23.50,21.10,24.30,25.80,23.10,23.50,22.60,22.40,24.30,21.10,25.80,21.90,20.70,23.60,25.90,21.80,20.70,21.20,21.40,21.40,22.10,22.90,24.20,21.00,24.60,20.70,22.70,24.80,23.40,24.30,22.00,24.80,22.70,22.20,21.40,21.90,25.90,22.60,25.70,23.00,21.40,24.50,25.90,25.40,25.80,23.90,25.30,21.80,20.40,20.60,23.70,21.50,20.70
TLM_RCV,-90,FG-ALPHA,20240415_090815,AUTO,0,31.35,5.00,-85,99.91,8.33,3.31,5.02,0,470,0,316,22.35,1013.60,11.80,406.00,14.50,66.70,1080,22.50,22.30,20.70,23.80,23.50,20.50,25.60,22.20,20.20,25.80,21.90,24.20,25.90,20.20,21.70,23.50,22.10,24.30,25.40,22.70,25.40,21.10,25.60,23.80,23.60,24.90,22.30,21.40,23.30,23.00,21.90,24.50,23.40,20.80,25.40,20.90,23.60,24.60,23.40,20.20,24.10,24.30,22.70,22.00,20.00,25.10,25.90,21.20,21.40,23.80,21.50,23.30,24.90,21.30,21.90,22.00,22.10,21.00,25.10,20.70,22.00,25.40,23.20,22.20
TLM_RCV,-72,FG-ALPHA,20240415_090816,AUTO,0,33.44,5.00,-85,99.96,8.33,3.28,5.02,961,489,0,338,22.36,1013.50,12.10,405.10,14.50,66.70,1080,21.00,21.80,20.80,23.80,25.40,22.30,20.60,23.50,20.00,23.70,23.60,24.00,21.60,22.80,21.50,24.70,23.00,21.80,25.10,25.70,25.60,24.00,25.90,22.10,24.00,20.10,20.40,25.10,25.00,24.40,23.80,22.70,21.80,25.30,20.50,21.20,22.50,24.00,24.80,25.30,23.00,21.20,20.30,24.50,21.30,22.40,20.60,23.60,21.60,24.40,23.40,23.90,20.30,22.90,21.60,20.90,20.90,24.70,25.00,24.10,20.60,24.60,20.30,22.00
TLM_RCV,-51,FG-ALPHA,20240415_090817,AUTO,0,33.37,5.00,-85,99.91,8.33,3.31,5.02,0,474,0,329,22.37,1013.40,11.80,405.30,14.50,66.70,1080,24.00,23.90,20.40,21.80,21.50,25.20,23.20,24.40,24.80,20.40,20.80,20.40,24.20,21.40,24.90,24.00,25.70,22.10,21.20,25.80,72.50,25.50,20.60,22.40,24.20,20.00,25.10,22.50,24.80,21.00,23.90,24.00,25.60,22.90,24.20,22.40,20.50,24.30,20.90,22.80,21.20,24.90,24.50,21.20,25.60,23.10,22.80,20.10,25.20,22.40,25.00,20.60,24.70,21.50,23.20,21.70,25.20,20.40,21.40,20.90,22.40,23.90,20.80,24.40
TLM_RCV,-65,FG-ALPHA,20240415_090818,AUTO,0,30.95,5.00,-85,99.87,8.34,3.28,5.02,0,391,0,250,21.95,1013.50,11.90,404.70,14.50,66.70,1080,21.70,25.20,21.80,24.90,23.00,20.50,21.20,23.20,22.70,24.90,23.50,22.40,21.00,24.80,22.60,24.90,24.50,25.90,20.60,22.80,20.70,20.50,23.90,23.90,21.00,23.80,23.90,20.20,22.30,21.70,25.70,23.50,23.30,25.30,20.80,24.40,22.80,21.70,23.90,22.70,21.60,23.50,25.70,25.70,22.50,23.40,23.50,25.00,23.80,22.10,20.00,22.20,24.70,22.40,25.50,21.00,21.60,21.20,21.60,22.10,23.40,21.40,20.30,23.70
TLM_RCV,-56,FG-ALPHA,20240415_090819,AUTO,0,31.40,5.00,-85,99.91,8.33,3.28,5.02,873,480,0,336,21.97,1013.00,11.80,404.90,14.50,66.70,1080,20.80,23.00,25.10,22.90,20.00,20.70,22.20,24.50,22.70,21.80,25.80,24.80,21.00,24.70,21.40,24.00,22.00,24.00,20.40,20.00,22.10,24.60,25.00,23.20,24.90,21.70,22.00,21.50,22.90,21.60,21.30,22.60,23.50,20.20,23.30,23.10,25.00,21.90,24.60,25.70,21.10,25.80,21.30,21.20,24.80,25.80,23.60,22.80,20.00,20.30,25.80,20.70,22.60,24.10,21.20,20.40,24.00,21.70,22.60,24.60,20.70,25.30,22.60,24.10
TLM_RCV,-53,FG-ALPHA,20240415_090820,AUTO,0,32.50,5.00,-85,99.96,8.32,3.29,5.02,1048,500,0,341,22.74,1012.90,11.90,405.10,14.50,66.70,1080,21.10,24.60,21.40,23.60,21.90,20.30,20.60,25.50,23.50,25.90,24.70,22.90,21.60,21.10,21.50,23.20,22.40,23.40,23.70,21.50,22.10,20.40,25.70,22.80,23.50,24.70,20.80,20.70,20.50,23.80,24.40,21.30,20.30,20.80,21.90,25.20,21.20,21.40,23.60,21.80,20.80,25.90,23.60,21.00,24.70,25.10,23.60,25.70,24.70,20.50,20.20,24.10,24.60,21.30,24.60,24.70,24.40,20.30,20.10,22.50,24.10,24.40,25.30,23.70
TLM_RCV,-88,FG-ALPHA,20240415_090821,AUTO,0,32.47,5.00,-85,99.91,8.32,3.29,5.02,0,494,0,346,22.47,1013.50,11.80,404.90,14.50,66.70,1080,20.80,22.70,23.20,20.70,21.80,21.30,20.00,20.60,23.20,23.30,21.60,22.70,21.10,24.30,20.40,24.70,25.70,24.40,21.50,21.80,25.30,25.20,22.20,25.80,23.10,24.20,25.10,24.00,20.20,25.10,22.70,22.60,23.00,25.10,22.00,23.10,21.10,23.40,25.70,23.60,20.20,20.40,24.00,21.80,20.00,24.20,20.40,23.50,24.40,23.10,22.90,21.20,21.30,20.80,24.80,21.00,22.50,22.30,21.50,21.80,21.70,23.50,20.10,21.90
TLM_RCV,-94,FG-ALPHA,20240415_090822,AUTO,0,33.21,5.00,-85,99.98,8.33,3.31,5.02,1113,441,0,293,23.36,1013.20,12.00,406.30,14.50,66.70,1080,25.70,25.80,22.70,25.50,23.40,25.70,20.30,24.00,24.80,20.50,22.60,23.30,24.90,23.40,25.00,76.10,22.10,21.70,20.10,22.90,20.90,21.90,22.10,21.90,20.80,22.70,25.10,23.50,21.60,25.00,24.50,24.20,22.20,22.90,25.40,23.40,21.20,23.60,23.30,21.90,21.80,20.30,22.70,24.40,23.40,21.70,25.10,24.00,20.40,24.20,23.20,24.60,20.00,23.30,23.80,23.70,20.20,24.40,20.70,25.70,25.90,24.20,23.40,24.90
TLM_RCV,-84,FG-ALPHA,20240415_090823,AUTO,0,32.06,5.00,-85,100.00,8.34,3.30,5.02,1191,411,0,256,23.90,1012.80,11.80,405.10,14.50,66.70,1080,20.50,24.50,25.50,21.30,23.20,25.50,25.50,21.70,20.00,22.00,23.50,25.70,24.00,22.00,21.90,22.60,23.80,22.10,20.20,25.50,23.40,21.70,22.60,24.30,24.20,22.30,21.50,21.10,20.30,23.50,24.20,23.00,25.00,25.70,24.00,25.40,21.20,20.60,20.80,20.20,22.60,22.80,21.80,22.90,21.70,24.00,24.00,20.40,21.70,24.20,24.00,23.50,24.20,23.50,24.40,23.40,23.80,21.60,25.50,21.80,23.50,23.30,21.20,25.60
TLM_RCV,-76,FG-ALPHA,20240415_090824,AUTO,0,33.38,5.00,-85,100.00,8.33,3.30,5.02,913,477,0,320,22.18,1012.90,12.00,405.00,14.50,66.70,1080,23.70,21.30,20.30,21.40,25.10,22.10,22.00,20.70,20.20,21.10,22.70,24.70,23.70,21.80,22.30,22.20,25.50,22.30,22.10,23.80,25.60,25.70,25.30,23.30,20.40,20.50,25.10,20.60,25.80,20.50,20.40,23.40,23.60,25.30,23.90,20.50,25.10,21.80,21.40,23.60,22.90,23.60,21.80,21.20,23.00,22.90,22.70,20.80,20.60,22.30,24.40,22.20,23.50,20.60,25.20,23.80,20.60,20.80,24.30,24.90,20.70,20.40,25.00,22.80
TLM_RCV,-92,FG-ALPHA,20240415_090825,AUTO,0,31.17,5.00,-85,100.00,8.33,3.31,5.02,1112,434,0,286,23.39,1012.90,11.90,405.70,14.51,66.70,1080,20.40,22.80,21.70,22.30,22.60,20.40,24.70,22.20,24.10,24.70,25.80,25.50,21.30,20.60,21.90,25.20,22.70,24.30,25.20,23.40,22.00,23.60,21.80,20.90,23.40,21.80,25.20,22.20,21.80,20.00,21.70,22.40,25.40,20.90,24.70,20.60,20.60,24.80,21.10,22.50,25.50,22.50,20.80,24.80,21.30,21.40,23.30,25.20,21.20,23.00,25.10,22.90,24.00,20.80,25.90,24.30,24.60,22.30,24.20,20.40,21.50,24.30,24.20,25.80
TLM_RCV,-59,FG-ALPHA,20240415_090826,AUTO,0,31.08,5.00,-85,100.00,8.34,3.28,5.02,1170,416,0,268,23.77,1013.40,12.00,405.60,14.51,66.70,1080,20.60,21.70,21.80,20.80,25.70,23.10,24.40,20.20,25.90,21.50,23.20,25.60,23.80,20.80,20.00,25.30,20.60,24.90,21.70,23.50,25.30,25.40,25.10,20.20,20.70,25.00,20.50,22.40,20.70,25.30,22.90,24.30,21.40,23.40,23.50,20.60,23.00,20.50,22.30,20.30,24.30,25.70,25.50,22.60,25.50,22.60,20.00,21.90,24.80,21.20,20.10,24.10,22.60,22.70,20.50,25.60,23.20,24.20,21.60,21.70,22.30,20.40,23.40,24.00
TLM_RCV,-90,FG-ALPHA,20240415_090827,AUTO,0,31.25,5.00,-85,99.96,8.33,3.31,5.02,0,449,0,305,22.25,1013.40,12.00,405.70,14.51,66.70,1080,20.60,25.80,24.60,23.10,20.40,21.00,24.30,23.50,23.80,21.30,24.80,22.50,22.50,21.20,22.80,23.60,21.50,21.30,21.60,24.00,21.60,23.00,22.00,21.30,21.10,25.50,24.40,23.50,21.60,23.90,24.50,21.20,21.50,20.80,23.90,20.10,21.40,25.50,25.50,21.70,24.10,21.80,23.10,25.10,21.40,25.90,22.40,23.90,25.80,23.80,24.50,20.00,25.20,20.50,25.70,24.20,25.40,24.40,25.50,25.70,24.00,22.70,20.20,22.30
TLM_RCV,-43,FG-ALPHA,20240415_090849,AUTO,1,36.88,27.50,-85,99.63,8.21,3.29,4.93,1053,1176,745,275,20.61,1013.50,12.10,406.30,14.53,69.55,1080,22.60,23.90,24.90,25.00,22.20,22.80,20.90,24.80,23.50,21.40,22.60,24.00,22.20,23.00,23.60,20.10,20.10,21.30,23.80,22.30,22.40,23.10,23.20,25.50,24.80,24.30,24.50,25.20,20.90,24.70,21.90,23.60,20.20,20.90,24.10,25.00,21.70,20.60,25.10,22.70,22.00,25.20,21.00,23.90,21.70,21.80,23.90,23.70,25.60,20.80,21.10,20.10,21.00,22.30,21.10,24.70,20.50,24.90,24.50,23.70,23.30,23.30,25.80,21.10
TLM_RCV,-92,FG-ALPHA,20240415_090850,AUTO,1,35.21,29.00,-85,99.65,8.24,3.30,4.98,1192,1042,630,265,20.75,1013.30,11.80,405.10,14.53,69.70,1080,23.80,24.60,21.10,23.80,25.40,24.00,21.60,21.20,23.40,23.20,20.70,22.10,21.40,25.10,20.20,25.30,22.80,24.40,25.90,25.20,22.40,23.70,24.50,21.40,21.30,22.00,24.60,22.70,25.20,21.30,25.60,22.60,24.50,25.40,24.10,22.40,21.60,20.70,21.70,20.90,22.50,24.70,25.40,20.10,22.80,22.40,20.50,23.80,25.80,25.50,21.00,24.40,25.70,23.80,25.50,23.90,20.50,21.90,20.80,24.80,25.90,20.80,22.30,24.60
TLM_RCV,-82,FG-ALPHA,20240415_090851,AUTO,1,35.97,30.50,-85,99.61,8.21,3.29,4.93,851,1194,734,307,21.72,1013.50,11.90,405.80,14.53,69.85,1080,21.10,22.20,20.00,25.30,25.40,25.00,21.20,24.40,20.30,20.70,25.30,22.80,23.30,21.80,23.70,24.40,21.50,22.50,25.10,22.20,25.50,23.70,21.90,21.60,25.80,24.90,20.80,22.70,24.20,24.40,23.60,24.40,23.50,22.10,22.70,23.50,24.10,21.00,22.80,20.30,25.60,23.90,20.40,25.00,20.20,25.30,20.70,24.20,25.00,25.50,23.00,25.80,24.90,20.20,23.90,21.60,21.60,23.90,21.70,25.60,20.30,24.30,23.60,24.50
TLM_RCV,-91,FG-ALPHA,20240415_090852,AUTO,0,33.50,28.50,-85,99.66,8.32,3.28,5.02,952,500,0,347,22.26,1013.40,11.80,405.10,14.53,69.85,1080,25.90,21.70,25.90,24.90,21.10,21.90,24.70,23.10,23.30,20.30,22.20,22.00,21.70,24.10,22.90,22.80,20.20,24.70,21.50,22.10,20.30,24.80,20.50,23.50,21.50,22.20,25.30,24.70,23.30,22.40,23.30,24.40,24.40,25.80,24.30,21.30,22.10,20.30,23.70,22.50,23.90,20.40,23.40,23.80,22.30,23.10,25.20,21.90,24.20,21.30,25.50,23.90,25.40,22.50,21.50,21.90,22.30,23.30,24.60,24.70,23.20,25.20,24.80,21.20
TLM_RCV,-54,FG-ALPHA,20240415_090853,AUTO,0,31.37,26.50,-85,99.70,8.32,3.28,5.02,871,475,0,317,21.98,1013.00,11.90,406.40,14.53,69.85,1080,24.40,24.80,20.10,21.20,20.40,25.80,23.10,25.00,20.40,24.80,23.10,25.20,24.60,25.40,20.50,21.70,21.40,20.60,22.00,24.00,25.30,23.00,21.00,24.70,24.90,20.40,25.60,23.30,23.90,22.50,22.50,22.30,22.50,24.30,22.30,25.40,22.30,22.70,21.30,25.30,21.40,20.00,20.80,23.90,24.10,24.90,20.20,20.80,23.80,23.30,20.40,20.50,20.70,24.90,23.60,21.90,24.30,21.70,21.90,23.40,20.60,20.80,20.30,20.20
TLM_RCV,-55,FG-ALPHA,20240415_090854,AUTO,0,32.15,24.50,-85,99.76,8.33,3.30,5.02,1102,429,0,280,23.36,1012.80,11.80,405.00,14.53,69.85,1080,24.20,23.20,20.50,24.50,22.60,22.20,24.10,20.20,24.30,22.50,24.70,20.00,21.40,22.00,22.10,22.90,24.80,25.00,23.20,22.20,20.40,24.20,24.80,21.20,20.10,21.30,20.20,24.30,21.40,23.00,25.20,22.80,21.90,24.10,25.30,23.40,25.30,25.00,25.80,22.60,25.70,22.20,22.00,25.80,21.50,20.00,22.40,25.00,25.30,24.70,24.00,22.10,25.60,22.50,23.90,22.90,24.10,25.30,22.80,22.20,20.00,23.20,25.30,22.50
TLM_RCV,-81,FG-ALPHA,20240415_090855,AUTO,0,33.42,22.50,-85,99.82,8.32,3.29,5.02,1084,484,0,335,23.00,1013.30,12.00,405.90,14.54,69.85,1080,21.50,25.10,20.50,22.90,25.00,21.50,24.80,24.20,22.60,20.30,23.30,22.30,23.30,25.00,20.90,20.50,22.20,23.30,24.20,24.20,25.20,25.00,23.60,21.80,21.60,21.90,22.00,20.90,22.00,24.20,20.60,20.90,21.50,24.80,25.60,24.90,23.70,25.40,21.60,22.10,25.40,23.80,22.10,20.50,20.40,20.00,25.50,25.40,24.70,21.80,24.20,23.20,22.90,23.50,25.00,20.90,25.30,20.10,20.40,20.70,21.10,22.50,24.20,25.50
TLM_RCV,-58,FG-ALPHA,20240415_090856,AUTO,0,32.08,20.50,-85,99.78,8.33,3.30,5.02,0,415,0,269,22.08,1012.80,12.00,406.30,14.54,69.85,1080,21.70,21.10,20.30,21.90,23.80,22.40,20.50,23.10,20.30,20.20,20.40,23.50,23.20,20.90,20.20,20.60,21.10,20.00,20.10,22.40,23.50,21.80,25.30,22.00,23.70,20.40,24.00,21.00,21.50,20.10,24.00,23.80,25.30,20.10,23.50,21.10,21.40,21.40,25.20,25.80,25.50,22.00,20.50,24.20,23.60,20.90,22.70,25.90,24.30,22.90,21.50,22.60,20.70,20.70,20.90,25.10,22.00,22.10,20.20,20.70,24.50,23.90,24.30,20.30
TLM_RCV,-84,FG-ALPHA,20240415_090857,AUTO,0,33.44,18.50,-85,99.85,8.32,3.28,5.02,1123,489,0,348,23.17,1013.00,11.90,405.30,14.54,69.85,1080,23.90,22.60,25.30,25.70,21.90,24.20,24.00,20.10,25.60,25.90,21.30,21.80,22.40,21.70,21.50,23.70,23.30,21.80,24.70,20.60,22.40,22.50,22.80,20.50,23.60,20.50,20.20,20.20,25.70,21.30,25.70,25.20,21.80,24.40,25.20,21.40,20.50,24.70,23.70,22.70,20.50,20.40,25.70,20.60,20.70,22.60,24.40,22.20,20.30,20.40,21.50,25.80,23.80,25.70,20.50,25.50,23.50,70.30,23.90,23.50,21.70,21.50,25.90,23.00
TLM_RCV,-82,FG-ALPHA,20240415_090858,AUTO,0,33.50,16.50,-85,99.90,8.32,3.28,5.02,1079,500,0,348,22.90,1012.80,11.80,405.20,14.54,69.85,1080,21.80,24.60,21.80,24.10,20.80,24.70,24.60,24.30,21.10,23.00,22.30,25.90,23.40,20.60,25.70,25.70,21.20,23.90,20.50,25.20,25.00,21.30,25.40,20.30,25.10,20.90,20.90,25.40,23.60,20.90,21.40,20.20,22.30,23.40,23.50,21.40,23.20,21.60,23.60,22.50,20.60,22.00,22.90,23.50,23.40,22.90,23.20,23.00,25.10,21.40,24.50,22.40,23.10,21.70,20.70,25.20,23.00,24.50,21.00,24.00,21.60,22.60,25.20,21.70
TLM_RCV,-85,FG-ALPHA,20240415_090859,AUTO,0,32.10,14.50,-85,99.86,8.33,3.30,5.02,0,420,0,278,22.10,1013.30,12.10,404.70,14.54,69.85,1080,25.40,20.20,23.50,20.50,25.40,23.50,24.10,23.00,23.80,22.20,25.60,25.90,20.20,20.70,23.40,24.10,20.90,23.40,21.50,21.00,24.10,23.50,25.20,23.40,24.30,23.30,24.80,21.20,24.60,23.60,21.60,25.10,25.20,25.90,24.10,22.30,21.70,22.70,22.00,24.00,25.70,25.50,22.80,21.30,25.70,23.70,24.60,22.80,23.60,22.70,24.90,24.00,23.30,22.70,21.90,25.50,23.40,21.90,24.50,21.80,25.40,22.00,22.40,22.10
TLM_RCV,-78,FG-ALPHA,20240415_090900,AUTO,0,31.37,12.50,-85,99.92,8.33,3.28,5.02,1060,475,0,327,22.92,1013.20,11.80,405.90,14.54,69.85,1080,25.00,24.30,20.20,23.80,25.20,20.10,20.30,24.10,23.50,23.20,22.90,25.30,21.30,23.60,20.80,22.60,21.00,20.10,22.70,21.90,25.30,25.60,24.00,21.90,24.20,22.10,24.60,22.30,24.00,25.60,20.20,23.20,23.70,20.90,24.20,24.60,23.90,24.80,22.40,25.50,21.20,20.40,21.30,24.20,22.20,22.30,24.50,20.40,23.90,21.80,22.30,22.70,21.50,23.20,21.40,23.10,20.80,21.80,22.40,22.50,21.20,22.20,22.60,22.30
TLM_RCV,-84,FG-ALPHA,20240415_090901,AUTO,0,33.14,10.50,-85,99.88,8.33,3.28,5.02,0,428,0,275,22.14,1013.60,11.90,405.00,14.54,69.85,1080,20.80,21.10,22.00,21.00,23.40,21.70,25.20,23.70,22.30,25.90,24.50,25.60,25.60,25.80,21.90,24.80,21.70,20.20,21.10,24.80,20.70,22.10,21.20,25.60,22.70,23.40,22.50,20.70,20.00,24.90,21.50,21.30,22.60,24.70,20.50,25.40,24.70,20.60,23.80,20.50,24.90,24.80,25.20,21.60,24.50,21.00,24.50,20.80,24.60,22.10,21.80,20.90,23.30,25.50,22.40,25.90,24.80,20.10,22.40,22.60,25.20,23.50,24.50,21.00
TLM_RCV,-87,FG-ALPHA,20240415_090902,AUTO,0,32.30,8.50,-85,99.91,8.33,3.29,5.02,807,460,0,305,21.74,1012.80,11.90,404.50,14.54,69.85,1080,21.60,21.60,23.10,25.30,22.50,22.10,22.40,24.00,23.80,23.10,21.70,22.40,24.30,22.20,25.80,21.40,22.30,21.40,24.20,25.90,20.10,20.60,24.70,21.80,21.20,20.50,25.00,20.80,25.20,20.20,22.80,25.40,24.20,21.40,22.20,25.80,22.60,25.30,22.90,25.30,23.30,24.20,22.30,24.40,22.80,22.20,23.00,21.80,22.70,20.30,24.70,24.70,20.50,24.80,23.00,22.70,23.30,22.70,21.40,25.70,20.80,25.90,24.70,75.10
TLM_RCV,-92,FG-ALPHA,20240415_090903,AUTO,0,33.16,6.50,-85,99.97,8.33,3.28,5.02,1004,432,0,273,22.86,1013.50,12.00,405.00,14.54,69.85,1080,23.00,25.50,24.80,21.70,20.50,20.80,24.00,22.30,20.20,20.10,25.50,23.80,20.40,23.00,25.60,20.40,24.90,20.10,20.10,20.10,20.00,21.40,23.00,25.10,22.10,24.90,25.40,23.90,23.40,25.10,21.40,20.00,23.30,22.20,25.40,23.60,25.60,22.90,25.40,20.30,20.50,24.90,25.10,24.00,22.30,25.90,25.30,20.10,21.60,24.20,22.00,20.90,22.70,24.70,24.70,22.20,20.10,23.70,25.00,21.20,23.10,22.10,23.80,25.80
TLM_RCV,-69,FG-ALPHA,20240415_090904,AUTO,0,33.23,5.00,-85,100.00,8.33,3.28,5.02,1142,446,0,290,23.48,1012.70,11.90,405.00,14.54,69.85,1080,25.90,24.50,24.30,25.90,23.20,23.90,20.90,22.20,21.90,20.20,23.30,23.70,24.50,24.90,25.30,20.00,22.80,22.20,24.80,24.10,22.90,25.20,23.60,22.80,24.00,24.60,21.40,21.60,22.70,23.60,21.00,21.50,24.30,20.70,23.10,20.40,24.90,20.80,23.20,24.00,23.80,23.10,22.90,21.80,23.20,25.50,25.70,23.30,25.30,24.00,20.20,20.50,25.30,24.10,20.20,21.80,25.40,20.10,21.00,20.00,25.20,20.80,23.80,22.70
TLM_RCV,-46,FG-ALPHA,20240415_090905,AUTO,0,31.16,5.00,-85,100.00,8.34,3.29,5.02,1116,432,0,281,23.42,1013.50,11.80,405.60,14.55,69.85,1080,24.00,24.80,22.30,20.70,21.40,23.60,21.40,24.70,22.40,22.40,25.00,23.90,24.90,23.50,22.80,24.20,20.80,25.60,21.70,21.00,23.00,25.70,23.30,24.40,24.50,23.50,25.40,23.30,23.60,25.50,21.20,23.90,24.80,20.00,21.60,21.50,20.10,22.10,20.00,25.10,23.60,22.60,23.00,24.90,24.10,21.50,22.70,21.50,20.10,22.90,23.00,20.70,23.70,24.80,23.10,23.30,25.40,22.40,23.10,24.90,23.00,22.20,25.30,24.10
TLM_RCV,-78,FG-ALPHA,20240415_090906,AUTO,0,32.21,5.00,-85,99.96,8.33,3.28,5.02,0,441,0,298,22.20,1013.20,12.10,405.20,14.55,69.85,1080,22.70,25.60,23.20,22.30,25.80,21.00,23.30,21.00,25.40,23.00,24.00,23.00,21.50,24.20,22.00,25.10,20.30,25.50,24.50,21.70,22.60,21.00,22.40,25.10,23.50,25.00,25.50,20.30,22.40,20.30,20.90,24.90,24.20,25.00,22.10,24.30,24.50,20.30,20.50,23.20,25.70,25.20,22.30,20.20,21.80,25.80,25.40,22.60,20.70,20.80,25.10,21.50,24.90,21.40,23.90,25.10,25.50,24.10,24.40,21.40,25.10,20.30,21.60,25.40
TLM_RCV,-59,FG-ALPHA,20240415_090907,AUTO,0,32.33,5.00,-85,100.00,8.33,3.30,5.02,1067,465,0,319,23.01,1013.60,12.10,404.50,14.55,69.85,1080,23.40,23.00,25.10,24.90,24.80,20.10,25.40,20.20,21.20,24.90,25.60,25.90,20.90,24.60,21.30,24.80,23.30,22.70,21.10,25.70,22.60,22.60,20.30,25.90,20.30,20.20,25.40,21.40,21.90,22.10,25.50,20.40,21.80,21.30,24.00,21.80,25.70,25.00,20.00,70.40,25.40,24.10,25.30,25.40,22.60,21.10,20.90,25.50,23.10,21.30,22.80,21.80,21.10,25.30,22.80,25.80,22.50,20.90,22.70,20.80,23.30,22.30,25.70,24.10
TLM_RCV,-46,FG-ALPHA,20240415_090908,AUTO,0,31.32,5.00,-85,100.00,8.33,3.30,5.02,1050,464,0,319,22.93,1013.50,12.00,404.80,14.55,69.85,1080,21.10,22.70,20.30,24.10,20.40,21.00,21.70,22.60,24.00,23.80,25.80,21.00,22.90,22.60,20.70,21.20,21.10,23.20,22.00,25.30,24.70,23.20,22.70,25.10,20.90,25.50,24.60,22.90,25.70,22.50,22.70,24.60,22.00,21.20,22.00,25.90,20.30,25.80,21.30,25.70,22.30,23.40,23.10,23.10,23.90,20.00,25.40,24.40,22.10,23.50,23.40,21.10,21.40,20.10,21.20,22.30,20.50,24.90,24.80,24.00,22.30,25.40,24.90,25.40
TLM_RCV,-59,FG-ALPHA,20240415_090909,AUTO,0,32.46,5.00,-85,100.00,8.33,3.28,5.02,1085,491,0,337,22.97,1013.40,12.00,405.10,14.55,69.85,1080,21.00,23.40,23.00,25.50,23.70,22.80,22.70,20.70,24.30,20.60,22.60,24.60,20.20,21.60,22.80,20.70,24.60,20.40,25.90,21.80,21.70,24.50,24.50,23.90,25.20,24.30,20.30,25.20,21.40,20.70,25.00,23.80,21.30,23.90,21.10,25.50,25.70,21.60,21.00,24.20,22.80,22.20,20.50,21.60,21.30,20.10,22.60,20.80,23.20,20.60,20.00,23.30,20.20,25.20,20.90,22.40,22.10,25.00,20.30,23.30,20.90,23.50,22.40,24.60
TLM_RCV,-53,FG-ALPHA,20240415_090910,AUTO,0,32.22,5.00,-85,100.00,8.33,3.28,5.02,1148,444,0,287,23.52,1013.60,11.80,405.40,14.55,69.85,1080,25.80,20.30,22.60,23.10,23.60,24.90,22.70,20.90,23.80,21.20,21.70,25.60,22.80,20.00,25.70,21.60,20.10,24.20,24.50,25.80,25.50,23.20,24.40,23.80,21.50,23.90,20.80,20.20,21.30,20.50,21.70,21.60,24.70,23.90,20.50,23.40,20.90,22.30,24.50,20.20,23.30,24.40,25.70,22.20,24.70,20.00,23.80,23.00,23.30,24.60,23.60,24.30,21.90,21.00,22.30,20.10,22.10,22.90,21.10,24.60,25.70,21.60,23.30,24.00
TLM_RCV,-46,FG-ALPHA,20240415_090911,AUTO,0,33.01,5.00,-85,99.96,8.34,3.30,5.02,0,402,0,259,22.01,1013.50,11.80,404.70,14.55,69.85,1080,24.10,25.00,23.10,23.90,24.30,22.40,24.40,21.20,21.90,23.70,23.40,21.70,20.10,20.70,22.40,20.00,20.50,24.90,23.50,20.90,25.20,23.40,23.60,25.70,22.70,25.20,22.50,23.80,22.20,24.20,22.10,22.00,22.10,20.60,20.00,25.30,21.50,24.60,21.60,22.70,25.00,20.50,25.40,20.10,22.60,20.10,23.60,23.50,24.60,23.10,21.40,20.60,21.50,22.40,20.60,23.10,20.10,21.80,22.70,22.60,23.20,23.10,25.10,21.80
TLM_RCV,-63,FG-ALPHA,20240415_090912,AUTO,0,33.42,5.00,-85,100.00,8.33,3.30,5.02,1199,485,0,338,23.57,1013.10,11.80,404.60,14.55,69.85,1080,20.40,22.30,22.80,24.70,24.40,21.60,23.30,23.50,22.70,21.70,20.90,24.30,22.10,22.40,25.60,20.10,25.10,25.60,24.50,23.80,22.70,21.80,22.60,22.20,25.40,22.00,25.90,23.90,21.20,25.20,24.80,24.70,23.90,24.20,24.60,23.70,22.50,22.10,21.20,23.50,25.50,25.90,23.20,24.50,25.80,22.50,24.00,20.30,25.50,20.80,22.50,20.20,25.90,25.00,24.70,21.60,21.90,22.30,21.90,25.00,20.20,25.00,20.30,23.70
TLM_RCV,-90,FG-ALPHA,20240415_090913,AUTO,0,33.10,5.00,-85,100.00,8.34,3.30,5.02,1129,419,0,265,23.55,1013.60,11.90,405.60,14.55,69.85,1080,22.70,21.50,20.50,24.90,21.90,23.70,24.20,20.90,21.00,21.70,20.10,20.10,20.80,20.50,20.10,23.90,24.00,20.90,21.20,22.20,21.80,24.00,20.10,23.80,20.90,20.30,24.40,25.00,25.10,22.10,20.50,25.10,23.80,24.00,24.20,25.70,20.60,24.70,23.50,21.70,22.80,25.10,21.20,24.10,25.70,20.10,25.00,25.30,24.50,21.30,21.30,22.30,20.90,24.00,25.20,22.90,21.40,20.20,25.10,23.80,23.50,24.60,22.20,20.70
TLM_RCV,-55,FG-ALPHA,20240415_090914,AUTO,0,32.28,5.00,-85,100.00,8.33,3.28,5.02,1148,455,0,299,23.47,1013.50,11.90,404.60,14.55,69.85,1080,25.10,22.10,25.10,20.70,25.10,25.20,25.70,25.20,24.20,21.20,20.10,25.70,25.10,21.80,24.30,20.90,25.60,25.30,25.50,22.20,20.50,22.20,25.90,21.80,25.70,25.70,24.40,22.20,20.80,23.10,21.80,21.90,23.50,23.40,23.90,23.30,20.30,25.20,21.40,24.10,25.00,25.60,25.60,25.30,23.20,22.70,23.50,22.50,24.20,25.80,84.80,24.40,20.40,22.60,25.30,21.50,24.80,21.30,22.70,23.00,20.40,20.60,25.60,24.90
TLM_RCV,-68,FG-ALPHA,20240415_090915,AUTO,0,32.03,5.00,-85,100.00,8.34,3.30,5.02,945,406,0,264,22.69,1013.00,11.80,406.10,14.56,69.85,1080,24.40,20.30,20.10,23.40,22.50,24.50,20.20,21.00,21.50,25.70,20.20,24.80,20.20,20.00,20.30,24.40,25.20,24.70,24.30,24.10,24.70,21.40,24.20,24.60,21.20,25.40,22.60,23.20,21.30,23.40,21.80,22.30,25.30,25.90,23.80,24.40,25.50,24.60,20.30,20.00,23.90,23.90,25.10,21.00,20.10,20.30,25.20,25.40,21.00,21.70,22.80,21.80,20.50,22.50,22.90,24.90,21.40,23.30,23.70,23.70,20.20,20.30,21.40,25.90
TLM_RCV,-68,FG-ALPHA,20240415_090916,AUTO,0,31.25,5.00,-85,100.00,8.33,3.29,5.02,1057,450,0,291,23.03,1012.70,11.90,405.40,14.56,69.85,1080,24.10,24.70,20.40,21.10,23.80,22.90,20.30,23.80,22.00,21.50,21.90,24.40,20.40,20.10,22.10,22.70,22.20,23.20,25.40,22.40,24.10,21.30,22.90,23.20,23.90,20.10,21.00,21.30,22.70,24.70,20.20,20.60,23.10,25.70,22.30,23.50,20.40,21.70,20.40,20.10,20.00,21.00,24.00,23.60,23.50,24.50,21.70,24.70,24.60,24.80,20.90,23.10,24.20,24.60,22.20,21.60,23.70,21.60,22.30,22.50,25.30,22.10,20.80,21.90
TLM_RCV,-66,FG-ALPHA,20240415_090917,AUTO,0,32.28,5.00,-85,100.00,8.33,3.30,5.02,935,457,0,313,22.39,1012.80,12.10,405.50,14.56,69.85,1080,23.90,21.10,20.70,21.60,21.90,24.90,22.80,24.70,23.40,24.30,24.60,25.50,24.10,20.60,20.90,25.10,23.20,20.70,21.80,25.90,24.40,25.70,20.00,25.50,22.70,22.00,22.40,20.30,23.60,23.30,24.40,23.30,23.90,22.70,24.80,24.20,25.90,22.40,25.10,25.40,23.60,23.20,24.40,24.20,20.20,25.80,22.50,25.00,25.90,25.00,24.30,20.60,25.00,20.00,20.90,23.00,20.10,21.00,24.90,24.10,24.30,22.70,23.10,20.00
TLM_RCV,-81,FG-ALPHA,20240415_090918,AUTO,0,31.03,5.00,-85,99.96,8.34,3.30,5.02,0,406,0,266,22.03,1013.30,11.80,404.90,14.56,69.85,1080,20.50,21.80,21.70,24.40,20.70,22.40,21.50,23.10,22.10,25.70,20.20,23.90,22.10,21.00,20.60,23.60,23.80,25.80,23.20,20.40,23.70,24.20,25.20,20.20,24.60,20.30,24.60,22.00,21.50,22.60,20.30,24.40,20.20,24.00,24.00,25.60,25.40,21.20,25.00,22.10,24.80,22.80,22.30,22.20,22.30,25.80,23.70,25.40,21.40,24.90,21.10,25.10,20.80,22.10,20.50,20.40,24.50,23.20,23.40,20.50,21.80,23.90,23.10,22.60
TLM_RCV,-88,FG-ALPHA,20240415_090919,AUTO,0,31.32,5.00,-85,99.91,8.33,3.28,5.02,0,464,0,323,22.32,1012.80,11.80,405.50,14.56,69.85,1080,22.80,21.90,21.10,22.30,22.90,24.30,22.80,20.00,24.50,23.00,24.10,24.10,23.00,24.00,23.20,22.60,22.90,23.60,21.90,21.80,20.10,21.40,20.00,25.30,25.30,23.70,21.70,20.50,23.90,25.70,24.00,22.40,23.60,20.70,21.50,24.70,21.80,23.90,23.60,21.80,24.30,21.80,23.80,25.40,21.40,23.90,24.40,23.80,23.80,24.80,20.50,25.50,22.10,21.50,22.40,20.30,23.00,20.90,20.30,22.80,23.80,22.00,22.20,20.40
TLM_RCV,-68,FG-ALPHA,20240415_090920,AUTO,0,33.17,5.00,-85,99.97,8.33,3.28,5.02,990,435,0,287,22.77,1012.80,11.90,406.20,14.56,69.85,1080,22.00,20.20,21.10,25.40,25.40,21.90,24.70,23.30,22.70,20.40,22.90,20.00,25.00,21.70,22.40,22.50,23.90,24.70,25.80,25.80,23.30,20.10,21.40,21.20,20.50,22.00,22.40,25.60,25.40,25.50,23.50,24.80,24.70,23.20,22.30,20.10,25.20,25.40,23.50,20.60,22.60,21.50,21.70,23.40,24.50,25.80,25.10,21.30,25.50,24.90,23.30,20.20,23.60,21.70,22.50,25.80,21.00,21.00,24.60,23.90,21.50,24.30,20.80,25.20
TLM_RCV,-55,FG-ALPHA,20240415_090921,AUTO,0,33.50,5.00,-85,100.00,8.32,3.29,5.02,1144,500,0,347,23.22,1012.80,11.80,404.70,14.56,69.85,1080,25.20,23.00,21.20,24.80,21.60,24.10,22.00,21.80,25.70,24.20,21.60,25.60,25.10,20.90,20.20,20.70,25.30,21.00,21.70,20.60,24.60,23.00,24.30,25.80,24.80,23.90,20.70,24.30,22.10,22.40,21.90,21.50,24.50,22.80,23.40,74.80,23.00,25.10,25.60,22.40,25.90,21.00,24.20,20.80,23.10,24.50,22.10,24.70,22.90,22.10,21.80,25.40,22.80,21.60,24.20,25.30,21.20,24.70,22.90,25.80,25.20,21.10,21.60,23.70
TLM_RCV,-62,FG-ALPHA,20240415_090922,AUTO,0,31.33,5.00,-85,100.00,8.33,3.31,5.02,870,467,0,308,22.01,1013.50,12.10,404.90,14.56,69.85,1080,25.80,22.20,24.50,20.00,25.70,24.60,20.40,20.30,25.20,22.50,24.10,21.20,20.80,23.70,24.50,22.10,20.60,24.00,23.00,25.90,23.30,21.20,21.20,20.10,22.30,22.00,24.70,25.00,24.60,24.90,25.70,20.40,20.80,20.40,21.40,20.30,23.70,21.50,22.70,20.10,23.00,23.00,23.90,23.00,25.60,25.20,22.20,21.80,23.30,24.00,21.30,25.80,24.40,20.30,25.90,20.00,24.50,23.30,24.10,23.90,23.90,20.90,20.60,24.40
TLM_RCV,-82,FG-ALPHA,20240415_090923,AUTO,0,31.26,5.00,-85,99.95,8.33,3.28,5.02,0,452,0,300,22.26,1012.80,11.80,405.80,14.56,69.85,1080,20.80,22.70,21.20,20.60,20.00,22.40,25.10,23.10,25.80,23.10,22.70,24.80,21.90,25.80,21.70,20.30,21.50,25.10,20.50,22.90,23.20,24.50,21.50,20.20,25.80,25.10,25.00,21.60,23.20,21.20,24.60,21.30,24.40,23.80,21.60,22.30,21.20,21.90,22.50,20.80,20.70,24.90,23.50,25.30,20.30,25.30,21.10,25.10,25.60,24.20,21.60,21.40,20.00,20.60,24.80,23.10,21.50,25.30,24.10,25.00,20.50,22.00,25.00,23.90
TLM_RCV,-92,FG-ALPHA,20240415_090924,AUTO,0,32.35,5.00,-85,100.00,8.33,3.29,5.02,988,469,0,325,22.59,1012.90,11.90,406.00,14.56,69.85,1080,22.10,24.80,24.10,20.80,23.50,22.80,24.80,21.60,21.60,22.90,22.10,20.80,24.30,24.20,22.60,22.60,21.70,25.10,24.30,25.80,21.20,20.30,25.30,22.30,25.40,21.40,23.30,24.30,21.80,24.40,25.60,21.90,24.30,20.60,20.20,20.30,21.70,24.00,23.20,23.70,24.50,22.20,23.10,24.50,20.90,21.90,22.10,20.60,23.90,25.20,21.80,21.20,23.30,22.50,25.20,21.30,24.90,20.60,25.20,22.50,20.00,22.20,24.10,21.10
TLM_RCV,-41,FG-ALPHA,20240415_090925,AUTO,0,33.00,5.00,-85,100.00,8.34,3.30,5.02,882,400,0,257,22.41,1013.30,11.90,404.80,14.57,69.85,1080,21.30,21.20,21.30,23.10,23.70,21.40,23.80,20.50,25.00,20.40,20.10,24.90,21.60,22.50,24.00,24.10,21.80,23.00,20.60,23.40,21.00,21.40,22.50,22.20,21.60,23.90,23.00,21.60,22.70,24.90,21.20,22.00,25.40,21.50,25.30,20.90,21.40,25.30,20.60,21.30,23.00,25.30,24.30,22.50,20.40,21.10,25.80,20.60,20.20,22.40,25.10,23.00,20.10,25.20,23.10,25.30,22.90,21.80,20.60,20.00,23.20,22.20,21.50,22.50
TLM_RCV,-72,FG-ALPHA,20240415_090926,AUTO,0,31.05,5.00,-85,99.96,8.34,3.28,5.02,0,410,0,255,22.05,1013.50,11.80,405.80,14.57,69.85,1080,24.90,20.00,22.90,25.70,23.30,25.50,25.10,20.90,21.30,24.80,20.50,24.80,22.60,24.40,22.40,25.20,21.60,25.90,21.00,23.60,25.60,24.60,20.40,24.90,21.30,23.00,20.30,23.30,23.50,22.10,22.40,22.00,22.50,25.40,25.90,24.30,24.30,21.70,22.20,25.40,20.70,20.70,20.10,22.60,24.80,20.90,24.90,25.30,20.80,24.90,21.50,25.20,25.80,25.20,20.40,20.40,20.10,23.80,22.20,20.40,24.20,22.90,20.20,23.10
TLM_RCV,-50,FG-ALPHA,20240415_090927,AUTO,0,33.33,5.00,-85,100.00,8.33,3.30,5.02,1070,466,0,318,23.02,1013.50,11.80,405.50,14.57,69.85,1080,21.20,24.50,25.30,21.10,21.50,23.30,24.20,23.50,25.60,22.20,21.20,21.30,20.70,23.90,22.30,20.50,25.20,20.90,21.90,23.30,25.90,22.30,24.70,25.80,24.40,25.40,21.20,23.00,25.70,21.50,21.80,23.30,23.10,20.70,25.40,25.50,20.50,22.30,23.30,20.30,25.00,23.50,23.10,24.70,24.10,24.40,24.50,20.10,20.30,21.90,20.00,24.70,23.00,20.70,20.80,20.10,20.80,20.30,23.40,21.30,20.30,25.90,25.90,25.00
TLM_RCV,-42,FG-ALPHA,20240415_090928,AUTO,0,32.45,5.00,-85,100.00,8.33,3.30,5.02,1096,490,0,331,23.03,1013.10,11.80,406.20,14.57,69.85,1080,20.30,20.40,25.40,23.00,21.70,23.60,21.60,22.00,21.20,25.40,20.60,23.90,21.50,23.40,21.40,23.30,24.00,23.30,20.60,21.20,20.70,23.40,23.40,21.00,24.10,25.20,25.80,21.10,23.00,21.40,20.00,22.70,23.00,23.80,24.90,24.80,23.80,22.10,22.10,25.70,23.70,24.20,20.50,23.50,20.00,22.30,21.30,85.90,21.70,21.60,20.80,25.90,22.90,24.80,23.90,22.90,20.20,22.00,21.30,20.40,25.20,23.20,20.60,24.60
TLM_RCV,-61,FG-ALPHA,20240415_090929,AUTO,0,33.33,5.00,-85,100.00,8.33,3.29,5.02,1091,465,0,321,23.13,1012.80,12.00,405.80,14.57,69.85,1080,23.30,21.10,20.00,24.80,24.60,20.30,21.30,21.20,25.90,20.40,22.70,22.30,24.20,20.50,23.80,21.70,21.70,20.00,23.60,21.50,22.80,25.70,25.30,24.70,25.40,22.20,21.00,23.40,25.90,24.40,22.30,21.50,23.80,20.20,21.70,23.90,22.90,22.50,25.70,20.40,23.50,22.70,25.80,23.70,20.20,22.40,25.30,22.00,21.50,25.50,23.40,22.40,20.40,20.00,20.80,20.10,25.90,23.70,22.40,20.50,21.50,23.20,24.30,23.60
TLM_RCV,-43,FG-ALPHA,20240415_090951,AUTO,0,32.38,7.00,-85,100.00,8.33,3.29,5.02,1051,476,0,334,22.87,1013.60,12.10,404.90,14.59,71.65,1080,25.50,23.40,25.10,25.00,25.70,22.30,20.50,20.60,20.40,25.90,21.70,20.20,25.70,21.00,20.70,23.60,20.30,20.20,20.50,23.10,22.50,20.50,24.30,24.20,23.60,21.50,21.10,22.70,25.30,20.50,22.20,25.40,24.50,22.90,25.40,25.90,23.80,22.80,21.50,21.90,25.10,22.20,20.20,23.80,23.50,21.80,23.30,20.40,21.10,25.20,23.40,21.60,21.70,23.00,20.60,21.00,23.80,22.30,21.10,23.60,24.70,20.90,21.30,22.30
TLM_RCV,-78,FG-ALPHA,20240415_090952,AUTO,0,33.31,5.00,-85,100.00,8.33,3.28,5.02,929,461,0,302,22.34,1012.80,11.80,405.40,14.59,71.65,1080,20.50,20.50,22.40,23.80,22.00,23.80,24.10,23.90,25.20,24.20,22.40,23.80,23.60,24.60,24.70,24.00,20.50,23.80,20.90,20.90,25.50,21.10,25.70,23.00,23.20,23.90,23.50,21.30,22.90,25.80,22.60,22.80,25.00,25.40,21.80,22.00,22.50,25.60,23.50,21.30,20.10,20.40,22.10,20.30,23.50,21.20,20.30,24.30,20.40,22.70,25.00,23.80,24.80,20.80,21.40,23.80,22.20,23.60,22.00,24.30,23.00,25.80,24.00,20.70
TLM_RCV,-78,FG-ALPHA,20240415_090953,AUTO,0,31.06,5.00,-85,100.00,8.34,3.30,5.02,1023,411,0,266,23.06,1013.40,11.90,406.10,14.59,71.65,1080,20.30,25.90,81.40,22.30,24.70,25.40,20.70,20.30,20.20,22.40,21.10,24.20,24.30,22.00,20.90,20.30,25.60,24.30,22.10,22.10,25.40,22.60,25.20,23.60,22.90,23.20,24.00,20.60,20.10,24.20,24.50,20.40,25.60,21.40,24.00,20.20,24.80,24.30,21.70,20.70,24.30,21.40,25.20,23.00,20.80,23.80,22.30,22.20,23.20,23.20,25.80,23.50,22.00,25.20,23.30,21.90,22.80,24.40,20.30,23.90,21.10,22.60,20.40,24.60
TLM_RCV,-79,FG-ALPHA,20240415_090954,AUTO,0,32.37,5.00,-85,100.00,8.33,3.28,5.02,1029,474,0,319,22.77,1012.80,12.00,405.90,14.59,71.65,1080,20.60,24.90,25.10,25.00,20.90,20.30,23.20,22.60,24.40,20.30,24.40,24.80,23.80,20.50,24.90,21.90,21.00,20.40,23.70,20.10,23.80,24.50,20.20,20.20,24.90,24.90,22.80,22.90,20.40,23.10,25.70,20.80,20.80,22.20,22.80,24.30,20.90,22.30,20.50,24.10,23.70,21.80,24.20,20.90,21.00,24.90,25.70,20.40,24.30,21.90,20.60,25.90,22.20,23.90,22.40,23.80,21.40,20.10,20.20,20.60,24.60,21.80,25.80,23.80
TLM_RCV,-73,FG-ALPHA,20240415_090955,AUTO,0,31.02,5.00,-85,100.00,8.34,3.30,5.02,887,405,0,263,22.41,1013.50,12.10,406.00,14.60,71.65,1080,25.50,22.60,20.60,21.40,25.80,23.70,25.70,20.10,21.80,24.40,21.00,20.10,23.50,22.60,20.80,20.00,23.10,22.10,25.00,20.00,23.50,22.80,23.50,24.30,23.50,24.10,23.40,25.70,25.60,21.10,22.60,25.20,24.90,21.60,25.50,22.60,20.20,25.30,24.00,22.80,21.20,24.70,24.80,21.70,21.90,24.80,24.30,20.50,22.10,22.10,21.50,25.90,25.70,24.90,22.70,21.80,21.00,20.80,21.50,20.90,25.80,25.50,23.30,24.70
TLM_RCV,-94,FG-ALPHA,20240415_090956,AUTO,0,32.36,5.00,-85,100.00,8.33,3.30,5.02,879,472,0,327,22.03,1012.80,11.80,404.50,14.60,71.65,1080,22.50,22.80,24.90,24.40,20.60,24.50,21.30,23.50,22.40,20.40,20.70,24.10,25.90,23.00,22.70,23.70,25.40,22.20,24.90,22.90,25.70,23.20,24.60,23.70,21.60,20.50,22.60,24.40,21.10,23.00,25.90,25.50,25.80,25.70,25.80,24.50,22.90,20.40,22.90,25.60,25.20,24.90,25.30,23.10,22.70,22.20,22.00,20.40,20.10,25.40,21.00,21.50,23.50,25.50,83.90,25.80,23.90,20.40,20.20,24.90,23.90,24.90,25.70,25.40
TLM_RCV,-85,FG-ALPHA,20240415_090957,AUTO,0,31.12,5.00,-85,100.00,8.34,3.30,5.02,1062,424,0,272,23.19,1013.00,12.00,405.90,14.60,71.65,1080,24.20,24.40,22.70,21.40,22.20,23.20,23.70,20.80,22.40,24.40,23.70,22.10,24.30,21.80,21.60,21.10,21.40,75.20,24.20,24.50,24.40,24.10,20.00,22.60,25.60,25.50,20.70,25.90,22.20,21.50,21.60,21.60,20.80,21.60,21.80,25.30,23.40,23.20,25.10,23.00,24.00,23.80,22.30,21.80,25.40,22.50,21.70,23.00,20.70,24.50,21.40,21.80,25.00,22.10,25.20,22.50,25.70,24.20,24.80,20.80,22.30,23.10,25.90,22.60
TLM_RCV,-60,FG-ALPHA,20240415_090958,AUTO,0,33.14,5.00,-85,100.00,8.34,3.29,5.02,1118,428,0,285,23.45,1013.50,11.80,405.10,14.60,71.65,1080,20.30,25.80,24.80,22.10,21.60,23.00,25.70,23.70,25.50,24.20,20.10,25.00,22.80,23.20,21.90,20.60,21.00,20.70,21.30,25.80,23.00,23.50,23.30,22.90,25.60,22.80,21.50,23.20,22.10,24.50,25.70,23.60,22.30,24.90,20.30,25.90,23.40,21.20,21.00,22.10,22.90,21.90,21.80,23.30,23.10,21.80,21.30,25.70,22.10,24.60,24.90,23.80,24.60,25.70,21.90,23.10,24.30,21.40,24.40,24.50,20.90,21.90,25.60,20.60
TLM_RCV,-65,FG-ALPHA,20240415_090959,AUTO,0,31.22,5.00,-85,100.00,8.33,3.30,5.02,813,444,0,303,21.84,1013.20,11.90,406.10,14.60,71.65,1080,22.50,24.90,24.00,24.40,23.70,20.50,20.30,24.60,23.60,25.80,21.90,20.10,25.70,25.50,20.70,21.60,24.70,21.00,25.40,20.20,21.40,24.40,21.30,25.50,21.60,23.40,23.10,24.50,21.30,23.20,20.80,20.50,22.30,21.60,20.30,21.90,22.30,20.90,24.50,24.00,20.90,25.10,24.40,21.40,21.10,22.70,25.40,22.80,21.30,21.40,25.20,20.00,22.60,24.40,20.40,20.70,20.30,22.00,23.00,24.20,24.20,24.00,22.00,24.10
TLM_RCV,-51,FG-ALPHA,20240415_091000,AUTO,0,32.47,5.00,-85,100.00,8.33,3.31,5.02,866,495,0,337,21.85,1013.10,12.00,406.00,14.60,71.65,1080,24.20,20.30,23.60,21.00,21.40,22.00,24.50,20.30,22.60,22.00,20.20,22.50,23.60,21.90,21.60,20.00,20.70,25.40,24.40,23.10,23.80,23.20,25.60,23.90,21.00,25.30,22.50,21.00,25.90,21.30,22.70,20.60,22.60,24.50,20.60,24.10,23.50,21.00,23.50,25.00,24.00,24.10,21.50,24.00,24.30,22.60,24.40,20.10,24.10,23.30,20.80,23.20,23.80,22.50,24.30,20.80,20.40,20.50,22.60,22.70,22.00,23.40,20.70,23.80
TLM_RCV,-94,FG-ALPHA,20240415_091001,AUTO,0,33.36,5.00,-85,100.00,8.33,3.31,5.02,1175,472,0,329,23.51,1013.40,11.90,405.50,14.60,71.65,1080,21.30,25.10,23.20,24.40,22.00,20.90,25.00,23.20,87.80,24.30,23.10,20.10,24.10,20.50,22.50,20.70,21.20,25.90,25.50,21.90,24.10,21.60,20.10,20.00,25.40,25.60,23.70,22.70,25.10,22.70,20.80,20.10,21.90,23.80,22.20,22.60,25.00,21.00,21.90,21.50,22.30,20.90,24.40,25.10,23.50,24.10,22.00,20.70,21.50,25.80,25.20,22.50,25.00,24.20,22.90,22.90,25.70,20.50,21.70,20.20,22.50,25.90,24.70,25.60
TLM_RCV,-64,FG-ALPHA,20240415_091002,AUTO,0,33.35,5.00,-85,99.95,8.33,3.29,5.02,0,469,0,324,22.34,1013.60,12.10,405.80,14.60,71.65,1080,22.00,22.80,24.40,24.40,20.50,22.00,22.90,20.10,20.70,20.30,20.50,21.60,20.50,20.30,25.60,24.50,23.70,24.20,20.30,25.60,24.60,23.30,23.60,21.30,23.40,22.30,22.60,22.40,25.80,25.70,22.90,22.30,25.00,22.90,21.60,23.00,21.30,21.90,23.30,24.70,22.10,21.20,23.70,21.10,23.70,21.80,21.80,20.40,21.00,22.60,21.80,25.20,25.60,24.70,22.20,25.30,25.30,24.90,24.30,21.70,23.20,24.70,24.90,21.30
TLM_RCV,-82,FG-ALPHA,20240415_091003,AUTO,0,31.98,5.00,-85,100.00,8.34,3.31,5.02,952,395,0,255,22.78,1013.00,11.90,405.90,14.60,71.65,1080,25.90,21.30,20.80,25.20,21.00,22.00,25.90,20.90,24.90,21.50,23.90,25.30,23.30,23.30,22.40,21.70,21.70,22.50,23.30,25.50,20.20,24.80,24.60,23.50,20.20,23.80,24.00,25.40,25.10,25.10,24.50,23.50,23.20,20.20,20.80,22.00,23.00,24.00,21.50,20.50,24.20,21.60,25.60,25.10,22.50,21.80,23.10,24.40,25.80,25.10,23.00,22.70,23.50,22.10,23.40,24.60,21.20,24.00,25.20,22.30,22.00,21.30,23.20,20.30
TLM_RCV,-54,FG-ALPHA,20240415_091004,AUTO,0,32.32,5.00,-85,100.00,8.33,3.29,5.02,1093,464,0,309,23.15,1012.70,12.00,406.00,14.60,71.65,1080,24.70,25.80,21.90,25.60,24.00,23.20,23.00,23.70,24.50,20.00,20.40,25.80,20.00,20.30,21.10,22.80,23.90,21.60,25.30,22.20,23.70,22.20,25.50,24.40,25.60,23.00,24.10,21.60,20.70,22.00,22.60,25.30,25.70,24.70,22.60,23.40,20.20,25.70,23.10,25.30,23.30,24.40,21.30,25.80,23.80,24.20,24.50,23.70,23.00,25.60,22.20,24.50,22.80,22.80,24.60,22.00,25.10,23.70,23.20,25.00,25.30,21.70,23.10,25.10
TLM_RCV,-51,FG-ALPHA,20240415_091005,AUTO,0,33.17,5.00,-85,99.96,8.33,3.30,5.02,0,435,0,283,22.17,1013.40,12.00,406.30,14.61,71.65,1080,22.30,21.30,21.40,24.40,24.80,23.90,20.60,25.40,20.90,22.00,21.40,22.10,25.50,21.40,24.00,20.00,22.00,23.60,20.20,21.90,21.20,20.10,22.10,20.20,20.90,20.80,24.50,23.50,20.70,24.80,25.10,24.50,24.50,23.80,25.70,24.60,20.60,21.20,23.50,21.00,24.70,23.00,25.50,24.80,25.70,22.70,25.50,25.30,23.50,25.80,20.30,21.20,24.00,22.90,24.00,21.90,21.40,24.90,25.50,25.20,20.30,20.90,20.50,24.00
TLM_RCV,-53,FG-ALPHA,20240415_091006,AUTO,0,33.49,5.00,-85,100.00,8.33,3.30,5.02,1124,497,0,338,23.14,1013.20,11.80,405.20,14.61,71.65,1080,22.40,23.40,25.50,24.30,22.60,22.30,23.40,22.30,21.00,22.30,21.80,24.90,25.50,22.80,21.20,24.40,24.20,21.40,21.90,24.20,20.10,25.70,21.60,23.90,23.00,20.00,25.20,25.80,22.50,24.00,23.60,20.30,25.70,21.90,23.60,24.30,25.00,25.20,23.90,23.40,25.90,20.30,22.00,22.60,20.00,24.60,24.00,20.60,21.40,25.30,21.70,21.30,24.20,21.60,25.00,20.40,23.40,24.60,24.20,23.90,20.00,25.80,24.00,20.40
TLM_RCV,-41,FG-ALPHA,20240415_091007,AUTO,0,32.00,5.00,-85,100.00,8.34,3.28,5.02,949,399,0,254,22.75,1012.90,11.80,406.10,14.61,71.65,1080,20.50,22.10,23.80,23.30,20.60,25.60,23.50,21.30,24.10,21.90,22.40,23.30,20.00,24.00,22.40,22.90,20.30,20.60,24.50,25.40,20.60,21.00,24.80,21.00,22.70,25.60,22.70,25.70,21.80,24.80,25.40,25.30,24.40,23.80,20.20,21.60,25.20,20.10,25.90,21.50,23.50,23.90,22.20,21.10,23.20,25.30,25.80,23.90,24.20,24.20,22.90,23.70,20.20,23.00,25.60,23.80,24.90,21.40,23.10,21.20,22.50,20.40,20.50,25.80
TLM_RCV,-88,FG-ALPHA,20240415_091008,AUTO,0,31.23,5.00,-85,100.00,8.33,3.31,5.02,1075,445,0,292,23.15,1012.90,11.80,406.40,14.61,71.65,1080,20.20,20.40,23.10,24.60,21.50,21.70,24.70,24.00,25.90,25.10,22.40,25.40,23.10,21.90,21.80,23.50,24.00,22.10,21.40,22.10,25.30,25.60,21.50,20.40,23.30,22.60,21.00,24.50,23.90,25.30,24.10,21.30,20.60,23.50,20.00,24.00,23.20,22.80,23.60,23.10,20.30,20.60,21.80,21.40,22.90,20.10,24.50,23.40,20.40,23.80,23.80,22.70,24.90,22.80,23.70,21.60,20.00,25.60,25.80,20.30,21.10,22.30,22.10,20.80
TLM_RCV,-50,FG-ALPHA,20240415_091009,AUTO,0,31.39,5.00,-85,100.00,8.33,3.29,5.02,951,477,0,337,22.37,1013.60,11.90,406.10,14.61,71.65,1080,25.30,24.80,24.10,21.10,22.40,22.60,20.30,21.90,21.30,24.90,23.60,20.90,23.70,23.60,23.20,22.70,21.90,21.50,20.60,23.20,21.50,22.70,25.10,25.20,23.70,25.60,22.40,25.40,22.10,23.10,20.00,21.40,22.70,22.00,25.30,23.90,25.90,24.40,21.00,23.90,23.00,25.00,22.90,20.50,21.70,22.50,23.50,24.80,20.80,23.30,21.90,25.50,20.10,24.00,20.40,21.00,24.60,20.70,24.10,23.60,24.90,24.10,21.50,25.10
TLM_RCV,-76,FG-ALPHA,20240415_091010,AUTO,0,32.06,5.00,-85,99.96,8.34,3.29,5.02,0,411,0,264,22.06,1013.50,11.90,406.40,14.61,71.65,1080,22.80,24.20,21.00,21.40,25.30,23.70,20.00,23.00,22.00,25.30,22.80,25.90,21.00,20.50,22.10,24.00,20.40,25.50,24.70,22.20,20.80,22.90,21.10,23.40,25.00,24.80,25.70,24.70,23.50,23.40,22.20,22.00,21.00,22.10,23.70,20.70,22.40,24.20,24.50,20.10,24.40,23.50,23.90,22.40,22.20,20.50,22.70,23.40,20.30,22.20,22.40,21.70,24.90,25.90,25.10,22.30,23.30,24.40,25.10,25.50,24.40,23.20,21.30,22.00
TLM_RCV,-82,FG-ALPHA,20240415_091011,AUTO,0,32.15,5.00,-85,100.00,8.34,3.31,5.02,1040,429,0,277,23.06,1012.80,12.10,405.40,14.61,71.65,1080,20.80,23.70,21.40,22.60,25.30,21.40,25.70,25.20,24.40,25.30,20.90,20.00,22.40,23.60,21.70,21.50,24.30,23.90,25.30,22.50,24.70,25.50,25.60,21.90,78.90,20.10,25.80,24.80,22.40,24.50,21.70,21.50,22.20,21.50,24.60,24.00,24.90,23.60,22.00,22.90,21.20,25.50,23.20,25.30,23.10,25.80,25.30,21.70,22.20,21.90,24.40,25.70,25.70,22.60,24.70,20.10,20.70,25.10,21.20,20.90,21.70,20.00,22.50,21.10
TLM_RCV,-72,FG-ALPHA,20240415_091012,AUTO,0,33.35,5.00,-85,100.00,8.33,3.30,5.02,843,469,0,311,21.87,1013.20,12.00,405.30,14.61,71.65,1080,23.70,22.20,25.60,25.60,21.30,25.50,22.20,23.50,24.60,20.00,23.10,22.80,25.00,23.20,22.70,21.90,24.10,23.70,23.90,21.20,22.70,23.10,21.20,20.50,20.90,24.90,25.20,25.40,23.60,22.90,23.90,25.10,25.80,22.50,22.30,21.30,25.00,23.00,24.90,22.20,22.60,22.70,21.10,23.10,20.20,23.20,21.70,25.50,21.30,24.60,20.60,23.60,20.60,20.70,22.70,23.70,20.90,22.50,21.00,22.50,20.40,20.40,24.40,24.40
TLM_RCV,-70,FG-ALPHA,20240415_091013,AUTO,0,31.26,5.00,-85,100.00,8.33,3.28,5.02,1089,452,0,296,23.18,1013.10,11.80,405.20,14.61,71.65,1080,23.10,22.90,24.40,24.30,20.90,20.30,21.70,20.80,20.60,22.80,23.20,23.70,23.70,22.40,23.60,20.60,20.60,23.00,22.40,24.30,22.20,23.40,24.70,20.70,21.50,23.80,22.40,20.10,22.90,22.50,23.90,22.10,23.50,25.10,23.80,20.30,25.70,20.30,24.60,23.40,22.90,23.60,21.10,23.10,21.90,21.30,21.00,23.00,25.20,24.40,22.30,24.60,25.20,20.90,21.20,25.10,20.50,20.00,25.60,25.00,25.50,23.50,24.60,25.30
TLM_RCV,-48,FG-ALPHA,20240415_091014,AUTO,0,32.23,5.00,-85,99.96,8.33,3.28,5.02,0,446,0,299,22.23,1013.40,11.80,404.80,14.61,71.65,1080,24.30,23.40,24.20,23.20,23.00,22.10,22.90,25.30,25.90,25.70,23.20,24.10,23.60,21.10,23.20,20.00,23.80,22.10,20.50,22.00,25.70,21.20,22.90,25.30,23.10,20.50,20.60,20.70,25.40,21.60,24.40,24.40,23.60,25.00,20.50,20.20,21.20,21.80,20.20,21.40,20.80,21.00,23.90,24.50,22.90,20.20,23.60,22.30,22.20,25.10,23.60,20.80,23.60,25.10,24.10,24.00,23.70,25.30,20.70,22.20,23.90,23.50,20.90,25.40
TLM_RCV,-74,FG-ALPHA,20240415_091015,AUTO,0,33.08,5.00,-85,100.00,8.34,3.29,5.02,1033,417,0,273,23.08,1012.90,11.80,404.80,14.62,71.65,1080,25.70,22.30,24.20,21.50,21.60,21.70,24.30,20.40,21.70,23.50,23.80,20.00,25.10,21.70,24.90,21.00,22.80,22.40,25.10,20.70,24.10,21.50,23.70,21.20,24.20,25.40,23.20,23.30,24.30,22.30,21.00,20.40,25.10,25.90,22.00,25.30,24.10,22.10,21.40,22.20,21.80,24.30,22.80,22.00,22.80,24.70,20.30,24.50,23.50,20.30,20.00,24.50,25.30,25.20,24.40,23.70,22.40,20.60,23.40,23.90,23.20,23.10,25.70,21.00
TLM_RCV,-81,FG-ALPHA,20240415_091016,AUTO,0,31.33,5.00,-85,100.00,8.33,3.31,5.02,1149,465,0,318,23.42,1013.20,11.80,405.00,14.62,71.65,1080,22.50,20.60,21.00,83.70,21.00,25.00,22.70,22.40,20.00,23.90,24.50,22.10,20.20,23.80,25.00,24.70,24.20,20.60,20.80,21.70,20.40,25.80,25.60,21.90,25.10,22.80,21.70,23.70,22.50,20.90,22.90,22.00,25.80,23.60,23.80,23.00,22.90,24.70,25.00,25.10,22.20,24.40,22.80,23.30,24.70,22.90,24.80,21.50,20.70,20.50,23.70,21.80,21.90,21.60,21.60,24.60,25.90,22.40,25.40,21.60,20.30,22.90,23.60,22.70
TLM_RCV,-88,FG-ALPHA,20240415_091017,AUTO,0,33.19,5.00,-85,100.00,8.33,3.30,5.02,875,437,0,284,22.19,1012.80,12.00,404.50,14.62,71.65,1080,23.00,22.00,24.60,25.10,21.60,24.40,25.70,24.20,24.00,23.50,23.30,22.70,21.30,25.30,21.60,25.80,21.70,20.00,22.70,25.70,21.70,24.90,22.40,22.80,25.90,21.70,23.80,20.70,20.90,20.80,25.50,24.10,24.20,23.50,22.50,25.00,24.60,22.00,25.30,22.40,23.10,24.60,20.00,25.00,24.90,21.10,23.40,22.60,24.20,24.40,25.80,23.10,24.10,22.00,23.30,22.00,21.30,22.10,21.80,20.90,23.50,23.60,23.30,23.70
TLM_RCV,-53,FG-ALPHA,20240415_091018,AUTO,0,33.29,5.00,-85,100.00,8.33,3.30,5.02,1168,458,0,302,23.55,1013.30,11.80,405.40,14.62,71.65,1080,22.70,21.60,21.30,25.00,24.30,24.90,24.40,20.40,23.30,21.10,20.00,22.80,20.10,23.30,22.10,24.90,25.20,21.70,23.30,21.50,23.20,24.70,23.80,23.00,25.30,20.00,23.20,24.50,21.90,24.20,24.90,23.00,22.70,22.40,21.90,25.70,20.80,25.20,21.40,21.60,22.00,22.40,25.70,21.10,22.30,23.80,25.90,20.60,22.70,20.80,20.90,23.50,21.10,22.70,23.00,22.00,22.70,22.50,25.80,20.90,22.80,24.00,24.60,23.50
TLM_RCV,-73,FG-ALPHA,20240415_091019,AUTO,0,32.08,5.00,-85,99.96,8.34,3.28,5.02,0,415,0,270,22.08,1013.10,12.10,405.80,14.62,71.65,1080,23.00,21.30,23.20,22.10,23.10,24.30,25.40,22.40,24.30,23.50,24.20,20.60,22.80,20.30,22.70,24.40,22.20,20.40,20.20,24.90,20.30,22.80,24.70,23.10,21.70,25.50,24.70,25.20,21.60,20.20,20.10,23.20,25.80,24.40,25.60,25.20,22.30,24.60,20.40,20.40,24.10,20.20,23.50,22.70,20.60,23.30,25.50,21.40,20.20,20.00,22.50,21.70,25.90,21.20,23.60,21.10,21.20,25.60,20.80,23.10,22.40,22.30,21.60,21.70
TLM_RCV,-49,FG-ALPHA,20240415_091020,AUTO,0,32.52,5.00,-85,100.00,8.32,3.31,5.02,869,504,0,348,21.83,1013.30,11.90,406.20,14.62,71.65,1080,20.80,21.20,21.40,25.10,23.40,21.00,22.80,25.30,24.80,25.40,23.00,20.10,22.60,24.10,20.70,22.50,25.50,23.10,24.50,23.70,25.10,22.20,20.10,21.60,20.70,20.40,23.80,20.50,21.20,21.40,23.20,25.40,25.60,21.60,22.90,20.30,21.20,20.10,21.70,23.90,22.80,24.10,21.30,23.60,25.50,23.40,21.60,23.10,20.50,25.60,25.50,20.60,22.90,25.90,22.30,22.90,24.40,25.30,24.40,24.30,21.40,25.00,23.40,21.30
TLM_RCV,-54,FG-ALPHA,20240415_091021,AUTO,0,31.34,5.00,-85,100.00,8.33,3.29,5.02,849,469,0,323,21.90,1012.70,11.90,405.60,14.62,71.65,1080,22.60,23.00,25.50,24.30,21.00,22.70,23.00,22.70,21.90,21.10,23.70,20.80,21.90,20.50,22.60,23.30,22.10,25.90,21.50,21.40,23.30,23.80,22.10,25.60,22.40,20.60,23.80,23.00,23.70,25.70,20.50,22.80,21.20,20.10,22.90,24.40,22.60,20.40,25.30,25.70,25.80,20.00,23.50,25.70,25.40,22.80,21.60,24.70,25.80,25.60,25.00,23.20,25.40,21.60,20.70,25.40,20.20,25.60,23.10,20.50,21.30,20.00,21.10,22.20
TLM_RCV,-58,FG-ALPHA,20240415_091022,AUTO,0,31.53,5.00,-85,100.00,8.32,3.31,5.02,978,506,0,349,22.36,1013.60,12.00,404.80,14.62,71.65,1080,25.80,24.30,23.90,23.50,20.00,20.70,25.50,23.80,23.30,24.10,25.80,21.50,24.10,24.70,25.70,20.20,24.30,22.10,23.80,23.70,25.30,22.60,21.40,22.30,21.20,25.90,21.30,22.90,23.20,21.30,22.90,24.70,20.00,22.10,22.00,20.50,20.60,25.30,20.30,25.30,23.70,20.30,22.30,22.60,24.50,25.50,20.80,22.70,21.90,21.60,21.60,22.90,22.70,25.20,20.30,25.50,20.90,22.90,23.90,20.50,23.40,23.80,23.70,25.20
TLM_RCV,-89,FG-ALPHA,20240415_091023,AUTO,0,32.40,5.00,-85,100.00,8.33,3.31,5.02,836,480,0,327,21.78,1013.40,12.10,405.00,14.62,71.65,1080,22.10,21.90,22.50,21.10,20.10,24.70,20.80,24.60,24.90,20.90,21.50,23.20,22.70,20.20,24.40,23.50,21.60,25.60,25.80,25.40,25.00,25.00,24.70,22.00,25.90,24.80,25.70,22.70,24.30,23.00,21.50,20.80,24.30,22.90,25.60,25.70,25.00,25.60,24.10,23.90,25.00,22.00,21.30,24.10,24.60,21.10,20.90,22.60,24.60,20.00,20.00,20.30,21.20,21.10,22.50,24.00,24.20,20.60,22.20,21.80,21.50,25.40,20.30,25.10
TLM_RCV,-42,FG-ALPHA,20240415_091024,AUTO,0,32.10,5.00,-85,100.00,8.34,3.29,5.02,949,419,0,266,22.65,1013.00,11.90,405.00,14.62,71.65,1080,22.30,25.90,23.70,20.80,23.10,20.30,24.60,25.40,20.90,21.00,24.10,20.70,22.90,21.80,24.40,23.70,23.20,22.30,23.60,24.20,25.90,24.50,22.20,20.40,22.50,22.90,23.00,21.10,88.70,22.00,23.20,23.20,23.30,24.50,21.10,25.90,20.20,24.70,25.30,25.70,23.30,23.60,20.10,21.30,23.20,24.80,24.60,25.80,24.90,23.70,20.40,22.80,22.70,23.00,25.80,24.80,24.50,25.70,23.40,22.30,23.20,22.80,22.40,20.30
TLM_RCV,-43,FG-ALPHA,20240415_091025,AUTO,0,32.20,5.00,-85,100.00,8.33,3.29,5.02,1055,440,0,290,23.08,1013.50,12.10,406.40,14.63,71.65,1080,24.10,20.90,24.10,25.00,21.70,24.90,22.70,25.30,22.10,22.40,24.60,20.80,21.10,25.50,20.20,21.60,25.90,25.10,20.90,20.50,22.20,20.30,24.80,21.50,20.50,22.00,25.30,20.50,21.10,21.50,23.40,25.90,23.60,21.90,21.40,20.60,24.70,20.20,24.90,21.30,25.20,24.10,21.00,24.30,25.50,20.30,21.10,20.40,23.60,25.90,20.20,22.00,22.80,20.40,23.00,23.40,23.20,22.20,23.70,20.00,24.30,20.30,23.40,22.10
TLM_RCV,-41,FG-ALPHA,20240415_091026,AUTO,0,31.27,5.00,-85,99.95,8.33,3.30,5.02,0,455,0,296,22.27,1013.60,12.10,405.00,14.63,71.65,1080,20.90,22.90,25.90,21.50,23.30,23.40,25.30,25.80,21.80,22.30,24.60,22.70,21.80,23.70,24.70,22.20,20.50,24.10,21.10,22.40,22.40,23.90,25.70,21.50,24.90,22.10,24.90,20.60,22.90,23.90,24.00,21.40,21.70,21.70,21.60,23.10,23.30,20.70,22.40,25.50,24.80,22.00,24.10,24.10,21.10,22.90,25.00,20.40,24.60,23.20,25.00,23.60,23.70,24.70,24.30,22.00,22.30,24.90,25.90,25.20,23.60,25.00,24.50,22.70
TLM_RCV,-57,FG-ALPHA,20240415_091027,AUTO,0,31.33,5.00,-85,100.00,8.33,3.30,5.02,884,467,0,310,22.08,1013.60,11.90,405.90,14.63,71.65,1080,23.80,24.30,20.50,20.80,24.10,20.00,25.90,23.90,23.30,23.00,22.00,24.60,21.70,23.20,22.20,25.50,21.70,24.70,24.90,20.80,24.90,23.00,22.10,20.30,21.20,23.60,24.10,21.20,20.00,20.20,22.50,24.60,24.40,21.10,20.60,23.70,22.80,25.20,23.80,24.30,25.60,24.30,20.50,24.70,25.50,20.60,25.40,22.60,20.40,24.20,22.50,24.80,25.80,22.80,21.30,23.50,20.00,24.10,23.10,23.50,20.90,21.50,23.20,25.00
TLM_RCV,-46,FG-ALPHA,20240415_091028,AUTO,0,33.15,5.00,-85,100.00,8.34,3.31,5.02,959,429,0,285,22.65,1013.50,12.10,406.30,14.63,71.65,1080,25.50,20.60,24.20,24.20,23.70,25.60,21.60,23.30,22.40,24.00,21.60,25.60,21.90,20.40,21.20,25.70,24.40,22.10,23.20,25.00,23.20,24.60,21.40,23.70,20.80,20.20,24.60,23.60,23.20,20.90,22.80,23.40,23.80,24.10,20.60,20.60,22.80,25.60,25.60,23.50,23.70,25.60,23.00,22.10,24.00,22.60,21.90,24.70,25.70,25.50,21.80,24.00,20.50,21.40,25.40,25.00,20.80,24.30,20.80,21.70,22.70,21.00,20.00,21.80
TLM_RCV,-66,FG-ALPHA,20240415_091029,AUTO,0,33.31,5.00,-85,100.00,8.33,3.28,5.02,1075,463,0,306,23.06,1013.00,11.90,405.40,14.63,71.65,1080,24.90,25.30,22.40,24.40,23.30,24.20,21.20,22.70,22.10,20.10,22.40,21.60,22.00,23.50,23.20,22.40,23.90,20.40,25.30,24.00,20.40,25.50,21.30,20.10,24.10,25.40,21.70,23.60,23.00,24.50,22.00,21.90,24.40,22.40,22.20,24.00,23.00,21.50,21.40,21.10,24.40,22.20,23.40,24.90,21.70,23.10,20.90,22.70,21.10,21.30,24.40,23.80,21.10,25.10,20.70,23.40,22.60,21.90,20.20,24.00,25.60,23.30,24.20,24.40
TLM_RCV,-47,FG-ALPHA,20240415_091030,AUTO,0,33.47,5.00,-85,100.00,8.33,3.28,5.02,1082,494,0,347,22.94,1012.80,11.80,405.60,14.63,71.65,1080,23.20,21.50,23.20,24.90,25.20,25.50,21.80,23.00,25.60,21.10,21.20,20.10,25.50,23.90,25.90,25.30,22.10,24.30,22.40,25.40,24.70,23.80,23.60,21.30,23.90,22.10,20.70,21.80,24.50,22.70,23.90,20.50,23.40,23.60,23.60,22.70,25.00,21.00,24.30,23.80,20.00,21.30,23.70,22.40,24.40,21.70,22.10,24.80,23.10,20.60,24.60,20.00,21.90,21.50,24.60,25.10,25.20,24.90,24.60,25.00,22.90,22.60,24.60,24.10
TLM_RCV,-69,FG-ALPHA,20240415_091031,AUTO,0,32.35,5.00,-85,100.00,8.33,3.30,5.02,903,469,0,323,22.17,1013.20,11.80,406.10,14.63,71.65,1080,24.60,23.00,23.60,25.40,24.10,25.70,22.80,23.90,22.40,21.80,25.30,24.40,24.90,21.80,22.60,25.90,21.70,24.60,24.50,20.90,24.70,20.70,21.10,24.90,22.90,20.30,21.30,22.80,24.80,25.40,24.30,20.00,21.50,22.70,25.90,20.80,20.80,24.60,25.10,21.30,25.90,20.70,24.70,21.70,21.50,22.80,20.60,21.50,23.00,25.00,21.80,21.90,23.60,20.80,20.10,24.80,22.00,24.10,21.20,25.50,25.00,21.50,25.00,24.80
TLM_RCV,-92,FG-ALPHA,20240415_091053,AUTO,0,32.37,5.00,-85,99.95,8.33,3.28,5.02,0,473,0,329,22.36,1012.70,12.10,405.10,14.65,71.65,1080,25.30,25.60,25.30,25.80,25.20,20.80,22.50,20.80,24.00,21.20,21.50,24.00,21.90,23.00,21.70,20.50,20.50,24.60,23.10,21.40,25.90,23.10,20.40,20.60,25.50,21.80,22.20,22.10,21.80,22.40,20.90,20.20,21.10,24.00,23.50,23.10,22.60,25.20,20.70,20.40,23.80,24.80,20.40,24.10,24.90,20.60,23.80,25.10,23.00,23.40,20.30,21.20,20.70,25.10,22.60,21.20,22.60,23.80,25.20,23.70,20.50,21.40,20.40,25.10
TLM_RCV,-64,FG-ALPHA,20240415_091054,AUTO,0,31.39,5.00,-85,100.00,8.33,3.29,5.02,1043,478,0,321,22.83,1013.10,12.00,405.00,14.65,71.65,1080,22.50,20.30,20.70,21.60,22.80,22.00,24.90,23.10,20.70,20.40,21.20,21.70,23.10,24.40,25.30,25.80,22.40,21.30,23.00,25.30,22.60,20.60,24.50,25.10,23.50,25.80,22.50,20.70,23.00,21.90,24.60,21.80,22.50,25.90,23.40,20.20,21.00,23.40,20.00,21.40,24.70,25.80,20.70,23.20,24.50,25.30,20.70,24.30,20.60,20.20,24.40,21.70,24.00,20.10,20.90,23.30,25.90,22.30,25.90,23.00,22.80,22.30,20.70,21.80
TLM_RCV,-53,FG-ALPHA,20240415_091055,AUTO,0,32.52,5.00,-85,100.00,8.32,3.28,5.02,960,504,0,345,22.28,1013.10,11.80,405.40,14.66,71.65,1080,24.60,20.20,24.50,23.40,25.00,20.70,23.00,25.10,24.20,25.30,24.60,23.20,25.00,21.30,21.60,23.20,21.90,23.30,21.20,24.20,22.50,24.70,23.80,25.50,23.90,25.50,21.20,24.00,22.00,24.50,22.70,21.40,23.50,25.50,22.10,23.40,20.40,20.30,21.50,22.20,22.00,21.90,25.10,21.60,21.50,20.00,22.90,24.10,24.00,20.70,20.50,25.10,20.20,21.00,21.60,23.10,23.80,25.00,23.70,24.50,20.50,23.30,24.20,21.40
TLM_RCV,-64,FG-ALPHA,20240415_091056,AUTO,0,31.11,5.00,-85,100.00,8.34,3.30,5.02,1154,422,0,279,23.66,1013.30,12.00,405.80,14.66,71.65,1080,25.60,22.10,20.50,22.50,24.00,20.90,21.00,24.50,23.60,21.60,20.90,21.80,22.00,25.10,22.80,25.10,25.50,21.00,23.80,25.60,20.60,20.80,22.20,23.80,23.60,23.70,24.00,23.30,22.80,21.50,25.90,23.10,21.40,22.00,23.10,20.10,23.90,22.60,23.60,20.80,21.10,23.10,23.90,25.60,23.40,23.70,21.00,21.50,24.50,25.60,21.40,25.80,21.50,22.70,22.60,25.80,23.30,23.70,25.80,25.90,22.10,20.20,20.20,25.80
TLM_RCV,-70,FG-ALPHA,20240415_091057,AUTO,0,31.27,5.00,-85,100.00,8.33,3.30,5.02,1071,455,0,297,23.08,1012.70,11.90,406.20,14.66,71.65,1080,20.70,22.50,21.60,20.50,20.00,25.70,25.60,24.40,20.60,21.70,23.10,25.10,24.80,20.50,20.90,20.00,21.90,24.20,21.70,23.60,24.80,22.20,23.30,22.10,21.00,23.60,24.60,24.50,25.60,25.30,22.00,23.20,24.40,22.40,21.50,20.10,22.10,20.20,20.60,20.30,21.00,22.00,23.20,24.20,22.00,20.40,23.80,25.40,25.70,25.90,25.20,25.60,25.90,24.90,22.20,24.40,20.50,24.20,20.30,24.80,25.90,20.90,22.40,22.80
TLM_RCV,-84,FG-ALPHA,20240415_091058,AUTO,0,32.13,5.00,-85,100.00,8.34,3.28,5.02,815,426,0,277,21.94,1013.10,12.00,405.40,14.66,71.65,1080,21.30,22.80,20.00,25.80,24.40,25.70,20.60,24.70,25.50,20.80,23.90,22.50,25.90,25.70,22.50,20.30,23.40,24.80,20.20,21.30,22.10,21.20,22.60,25.40,20.30,21.80,20.70,24.40,21.40,22.60,21.20,24.10,20.90,20.20,24.00,23.20,24.20,21.90,21.90,21.10,25.70,24.20,24.00,25.50,23.30,23.10,24.90,22.40,22.40,21.10,20.00,24.30,20.20,24.50,24.20,21.70,23.00,24.70,24.00,24.50,22.60,24.20,22.90,25.10
TLM_RCV,-73,FG-ALPHA,20240415_091059,AUTO,0,33.06,5.00,-85,100.00,8.34,3.30,5.02,1004,412,0,264,22.96,1013.30,11.80,405.50,14.66,71.65,1080,25.30,20.90,24.90,20.10,22.60,23.00,20.50,21.70,24.00,25.70,23.50,20.70,23.70,20.30,24.70,23.40,22.30,22.70,21.40,24.40,22.10,21.10,20.10,25.70,22.90,23.70,21.10,25.40,20.80,24.00,20.40,20.40,21.40,24.30,23.50,20.50,24.60,20.00,21.80,20.60,24.00,24.90,20.90,24.40,23.20,22.20,25.50,22.20,22.50,22.00,24.00,24.50,21.80,21.70,20.00,23.00,22.70,22.90,20.70,21.80,23.30,20.20,23.30,25.50
TLM_RCV,-68,FG-ALPHA,20240415_091100,AUTO,0,33.24,5.00,-85,100.00,8.33,3.30,5.02,927,449,0,291,22.39,1013.40,12.10,405.60,14.66,71.65,1080,22.30,20.00,21.10,22.10,21.10,22.60,22.40,25.20,20.00,22.10,20.40,24.10,24.00,80.40,21.60,21.70,20.40,25.50,23.00,22.00,24.80,22.80,23.30,22.70,20.80,25.40,25.30,23.20,21.70,25.20,21.90,21.20,22.40,25.80,22.20,21.90,21.70,24.90,20.20,25.90,21.80,24.20,21.20,23.50,21.60,22.50,25.30,24.90,22.10,21.00,23.10,24.00,21.20,24.70,21.40,25.40,24.80,25.30,25.50,22.50,21.50,20.20,25.10,22.90
TLM_RCV,-49,FG-ALPHA,20240415_091101,AUTO,0,32.49,5.00,-85,100.00,8.33,3.30,5.02,1001,498,0,345,22.51,1012.80,12.00,406.40,14.66,71.65,1080,25.30,21.20,21.30,24.60,22.60,20.60,20.20,22.90,24.60,25.90,23.20,25.00,21.10,20.50,25.10,23.90,24.20,20.10,23.50,24.90,20.40,25.60,22.90,23.90,22.70,23.00,21.50,22.20,24.50,20.90,21.60,24.60,20.00,24.10,21.50,22.80,21.10,24.00,23.90,20.90,21.50,21.80,22.80,21.80,24.90,20.60,20.20,21.40,23.80,21.20,23.70,25.00,21.60,23.40,23.80,23.30,23.20,20.60,22.30,21.80,22.90,20.60,21.90,21.30
TLM_RCV,-54,FG-ALPHA,20240415_091102,AUTO,0,33.42,5.00,-85,100.00,8.33,3.28,5.02,807,483,0,334,21.62,1012.70,12.10,404.70,14.66,71.65,1080,22.60,22.60,24.70,24.80,21.40,22.70,24.60,25.50,22.80,24.50,20.90,24.90,23.10,22.60,23.20,24.30,20.50,23.60,21.70,23.60,20.50,21.50,22.90,24.50,21.70,24.50,24.30,23.20,24.70,24.90,22.10,24.80,23.40,23.20,25.40,22.00,24.70,24.60,22.00,20.00,25.40,24.10,21.00,25.50,25.60,21.70,23.50,23.30,22.40,21.20,25.30,24.50,25.50,25.60,23.20,20.10,21.00,20.80,22.50,23.50,22.30,22.10,23.30,20.70
TLM_RCV,-45,FG-ALPHA,20240415_091103,AUTO,0,31.02,5.00,-85,100.00,8.34,3.31,5.02,842,405,0,255,22.18,1013.30,12.00,406.10,14.66,71.65,1080,24.50,20.90,25.90,20.70,22.90,25.70,24.40,20.10,20.50,22.70,22.20,25.50,24.50,20.80,25.60,22.00,24.80,21.90,23.50,23.10,24.30,22.80,21.20,23.30,20.60,20.30,23.00,20.80,20.70,21.40,21.00,22.40,21.60,21.10,25.40,24.80,25.20,25.90,24.10,24.50,25.50,24.90,22.30,25.40,22.20,22.90,24.70,20.10,23.90,25.40,23.00,89.00,25.90,23.10,20.30,20.00,21.20,23.10,23.50,21.80,24.10,23.40,23.70,21.70
TLM_RCV,-79,FG-ALPHA,20240415_091104,AUTO,0,32.41,5.00,-85,100.00,8.33,3.31,5.02,930,482,0,326,22.24,1012.70,12.00,406.40,14.66,71.65,1080,22.90,22.60,22.10,24.00,25.20,21.20,25.90,20.70,21.80,24.20,22.10,22.60,23.00,23.00,21.90,20.40,22.60,25.60,22.30,23.00,21.20,23.20,24.30,22.90,20.30,23.10,21.90,23.90,24.40,21.80,20.10,21.10,20.90,21.10,23.00,25.20,21.70,21.30,23.80,20.30,22.60,24.40,25.90,24.70,24.70,25.10,22.10,21.20,24.70,25.60,22.70,24.30,25.90,22.50,25.10,21.30,22.80,22.20,25.40,25.20,25.10,22.60,20.80,24.30
TLM_RCV,-42,FG-ALPHA,20240415_091105,AUTO,0,31.20,5.00,-85,100.00,8.33,3.30,5.02,1095,441,0,295,23.27,1012.70,12.00,405.00,14.67,71.65,1080,23.40,25.20,20.20,21.20,21.90,24.80,21.60,22.00,23.10,25.30,22.70,25.80,24.50,21.00,25.00,21.60,24.10,21.20,22.00,22.90,23.70,21.20,21.90,25.60,22.90,21.60,20.90,21.70,25.40,23.80,22.20,23.70,23.00,21.00,24.60,21.90,23.00,25.80,24.60,20.80,23.30,24.50,24.40,25.30,20.50,23.50,24.70,21.00,21.00,24.60,21.10,25.50,22.90,20.90,21.80,25.20,20.20,21.20,24.70,23.90,22.20,20.00,20.50,20.60
TLM_RCV,-46,FG-ALPHA,20240415_091106,AUTO,0,33.35,5.00,-85,100.00,8.33,3.28,5.02,935,470,0,322,22.33,1013.50,12.10,405.90,14.67,71.65,1080,21.80,23.30,20.10,23.70,23.60,24.00,20.80,23.70,21.60,24.80,24.70,23.60,20.00,25.80,24.40,23.90,24.30,20.30,25.30,24.90,22.00,22.30,25.00,22.10,23.70,23.60,22.90,25.70,24.60,22.20,25.00,21.90,24.40,21.50,20.50,23.60,22.40,24.70,20.40,20.30,22.30,21.10,21.40,22.90,22.20,21.20,23.90,22.40,25.20,21.10,25.00,22.90,24.40,22.60,20.60,20.90,22.20,25.30,22.70,25.80,23.80,22.10,22.10,20.00
TLM_RCV,-56,FG-ALPHA,20240415_091107,AUTO,0,31.35,5.00,-85,100.00,8.33,3.29,5.02,978,470,0,325,22.54,1012.80,11.90,404.60,14.67,71.65,1080,24.60,20.50,20.00,22.60,21.00,21.40,23.90,24.70,22.10,22.50,22.40,22.70,24.00,24.20,23.20,20.10,21.00,21.60,24.70,20.30,21.60,25.90,23.40,21.00,21.00,23.20,23.50,24.90,23.40,22.60,25.30,20.80,25.60,21.20,25.50,25.30,25.90,25.00,25.00,20.40,25.30,24.00,25.30,23.40,25.70,21.80,24.80,24.20,21.10,22.50,25.30,22.80,21.10,25.90,21.10,25.70,20.30,22.00,24.40,20.90,23.90,20.70,21.30,25.80
TLM_RCV,-66,FG-ALPHA,20240415_091108,AUTO,0,33.42,5.00,-85,99.95,8.33,3.31,5.02,0,483,0,333,22.42,1013.10,12.00,406.20,14.67,71.65,1080,22.80,22.40,23.70,22.50,20.60,25.40,24.50,24.10,21.60,20.50,24.00,25.80,23.00,24.40,22.30,20.80,22.50,24.40,23.90,24.80,22.30,20.70,21.90,20.80,25.80,25.90,22.00,20.40,24.10,23.30,24.80,23.50,22.90,22.90,23.50,20.00,23.10,25.90,23.60,21.70,25.40,24.00,20.40,25.10,24.00,25.00,22.50,20.50,21.90,24.80,20.40,20.60,21.80,25.60,20.50,20.70,25.60,25.90,25.00,22.70,22.10,23.80,22.00,21.20
TLM_RCV,-49,FG-ALPHA,20240415_091109,AUTO,0,33.35,5.00,-85,99.99,8.33,3.28,5.02,817,470,0,314,21.74,1012.80,11.90,406.00,14.67,71.65,1080,23.90,25.80,22.30,20.90,25.30,20.40,25.10,25.50,24.20,25.80,22.90,24.10,20.80,21.40,20.40,21.30,22.00,25.40,23.80,23.10,21.70,23.60,24.50,23.70,22.20,21.20,23.00,20.10,20.90,21.70,23.20,21.60,24.50,25.80,22.10,20.80,23.20,22.50,23.50,23.50,20.70,20.20,21.30,21.60,23.00,23.20,22.10,20.00,25.50,25.30,24.40,25.80,20.70,25.50,24.50,24.50,20.40,21.10,21.80,22.20,24.10,21.10,21.90,24.90
TLM_RCV,-66,FG-ALPHA,20240415_091110,AUTO,0,31.45,5.00,-85,99.94,8.32,3.29,5.02,0,490,0,343,22.45,1013.20,11.90,405.40,14.67,71.65,1080,22.60,21.30,21.20,20.50,23.30,21.10,25.50,23.30,24.70,23.10,25.30,24.40,21.40,25.60,21.60,20.40,25.60,20.20,24.30,22.60,20.00,24.10,24.80,21.80,25.10,23.00,24.20,20.80,20.50,25.30,23.10,24.60,25.90,24.50,22.40,20.60,23.80,23.30,25.00,25.70,22.60,23.60,25.00,21.10,23.80,24.30,23.80,21.10,24.00,21.10,23.40,20.50,25.10,22.90,24.90,25.80,23.80,22.50,25.30,25.00,20.50,20.20,24.60,24.10
TLM_RCV,-93,FG-ALPHA,20240415_091111,AUTO,0,31.23,5.00,-85,99.99,8.33,3.31,5.02,975,446,0,303,22.65,1013.00,11.80,406.10,14.67,71.65,1080,24.70,20.00,24.80,25.70,24.50,21.10,21.00,24.20,22.20,20.10,23.40,24.70,23.70,24.90,22.00,25.40,21.20,20.20,24.40,25.90,23.80,20.00,23.30,25.20,22.90,21.80,23.60,20.50,20.50,23.60,23.60,23.30,25.00,24.60,24.80,20.70,21.40,23.60,24.80,22.10,24.30,23.80,22.00,22.40,25.00,21.50,24.70,21.70,23.40,24.60,22.20,20.20,20.70,21.70,20.90,22.70,21.40,22.90,22.10,20.10,20.30,25.70,24.10,20.20
TLM_RCV,-60,FG-ALPHA,20240415_091112,AUTO,0,33.11,5.00,-85,100.00,8.34,3.29,5.02,1099,422,0,281,23.39,1013.20,11.90,405.20,14.67,71.65,1080,23.30,23.30,24.80,20.20,21.40,21.00,24.90,21.70,22.10,21.50,24.50,23.90,20.50,21.70,24.00,23.50,21.10,20.30,25.80,24.20,20.30,21.10,20.40,25.10,23.50,20.20,20.40,25.70,24.80,22.30,21.40,25.20,25.60,23.20,23.50,21.10,21.80,20.40,20.70,21.80,23.90,24.20,24.60,20.20,23.30,25.50,22.90,25.70,22.00,22.60,24.60,24.80,20.10,21.90,25.70,23.70,23.90,20.50,25.20,24.60,24.70,23.70,20.30,25.80
TLM_RCV,-40,FG-ALPHA,20240415_091113,AUTO,0,31.19,5.00,-85,100.00,8.33,3.30,5.02,1192,439,0,282,23.76,1013.50,12.00,406.40,14.67,71.65,1080,21.50,20.20,21.90,25.60,23.40,22.70,23.00,22.00,22.20,20.10,25.30,24.80,22.40,23.20,25.90,23.20,22.90,22.70,24.40,25.00,25.80,23.00,23.70,21.30,21.70,23.90,25.10,23.70,21.20,22.80,22.20,23.40,21.50,21.80,24.70,20.80,21.50,20.30,20.10,21.50,24.30,24.80,25.20,22.70,21.50,24.70,20.20,22.10,24.70,24.20,22.10,25.50,24.40,22.60,24.90,23.30,22.40,21.70,25.20,22.40,24.70,21.10,23.70,24.70
TLM_RCV,-60,FG-ALPHA,20240415_091114,AUTO,0,33.47,5.00,-85,100.00,8.33,3.29,5.02,1145,495,0,344,23.25,1013.10,11.90,405.70,14.67,71.65,1080,21.10,21.10,21.30,21.20,25.90,20.30,22.80,21.90,25.00,20.30,22.20,25.30,20.60,24.20,23.20,21.70,25.70,25.40,25.10,24.50,23.20,22.00,22.00,23.00,20.80,22.40,22.20,25.80,21.90,24.30,20.40,25.40,20.10,25.60,20.60,21.80,24.30,20.70,21.90,21.60,21.50,22.10,20.50,21.90,22.50,22.30,25.20,23.70,24.40,24.70,24.90,23.00,23.90,23.60,21.20,23.80,21.30,24.40,25.10,22.50,25.10,20.10,25.60,21.50
TLM_RCV,-77,FG-ALPHA,20240415_091115,AUTO,0,32.36,5.00,-85,100.00,8.33,3.30,5.02,1037,472,0,323,22.83,1013.10,11.80,406.40,14.68,71.65,1080,23.40,20.10,23.10,21.40,22.40,25.30,22.80,25.40,20.70,23.80,24.40,25.90,21.20,22.40,23.60,25.00,22.60,24.80,20.50,22.90,23.80,20.60,21.60,20.00,22.10,21.80,25.40,25.70,22.60,24.70,22.60,21.80,25.30,23.80,22.10,24.30,22.80,25.60,24.20,23.60,21.10,21.70,21.50,20.40,23.00,20.10,20.10,23.20,23.80,22.20,24.80,20.50,20.30,21.10,24.20,21.70,22.60,23.20,22.80,23.60,23.10,21.40,25.90,20.00
TLM_RCV,-56,FG-ALPHA,20240415_091116,AUTO,0,33.42,5.00,-85,100.00,8.33,3.29,5.02,805,485,0,330,21.60,1013.60,12.00,404.50,14.68,71.65,1080,24.30,24.30,24.30,24.20,25.90,22.10,24.40,20.40,22.10,22.80,20.00,24.30,23.80,21.10,25.30,21.70,20.00,24.00,22.40,22.80,25.90,25.00,24.70,20.30,23.40,21.30,20.90,24.50,22.90,20.10,23.80,25.30,23.50,25.40,25.20,25.70,20.20,20.90,22.90,24.60,21.30,25.90,21.80,25.90,25.30,22.20,24.50,20.00,21.60,25.70,24.10,23.50,21.20,24.50,22.20,21.90,21.20,23.70,25.60,21.50,23.70,24.40,23.60,20.80
TLM_RCV,-46,FG-ALPHA,20240415_091117,AUTO,0,31.03,5.00,-85,100.00,8.34,3.29,5.02,1063,407,0,263,23.28,1013.40,12.10,405.30,14.68,71.65,1080,25.40,21.30,22.50,24.80,20.90,22.30,25.80,20.90,21.90,20.80,21.20,20.40,24.20,25.70,25.40,21.80,22.50,23.50,25.40,22.10,20.50,20.50,22.80,24.70,20.90,24.40,22.00,25.10,24.60,22.30,25.50,22.10,25.80,25.20,21.10,22.00,20.50,23.70,25.80,24.10,22.00,20.00,21.10,22.40,24.40,22.60,21.60,25.40,24.60,24.60,20.00,21.30,25.40,25.40,25.70,23.80,25.50,22.10,25.10,24.90,25.60,23.10,25.40,22.30
TLM_RCV,-88,FG-ALPHA,20240415_091118,AUTO,0,32.36,5.00,-85,100.00,8.33,3.28,5.02,1174,472,0,324,23.51,1013.30,12.00,406.20,14.68,71.65,1080,24.90,21.80,25.70,20.70,21.50,23.90,24.00,21.40,21.40,20.90,21.20,21.10,20.70,20.70,20.70,21.90,21.90,20.40,21.00,21.70,21.50,20.40,21.20,21.00,24.10,22.40,24.60,23.70,24.60,20.10,21.50,20.60,21.90,23.40,22.00,24.10,24.50,20.20,23.40,22.50,20.30,21.30,24.80,20.50,20.10,24.60,25.80,20.30,23.40,21.20,22.80,21.40,24.80,21.50,23.80,24.70,24.10,23.20,22.10,20.20,22.80,25.20,21.90,20.60
TLM_RCV,-47,FG-ALPHA,20240415_091119,AUTO,0,33.12,5.00,-85,99.96,8.34,3.31,5.02,0,424,0,268,22.12,1012.70,11.90,406.40,14.68,71.65,1080,24.80,21.70,24.60,25.00,22.60,22.50,25.60,22.90,21.00,25.40,21.50,22.50,24.70,25.50,22.40,25.50,22.20,24.80,21.40,23.20,25.60,20.50,22.90,24.30,25.30,24.10,20.70,22.70,21.50,20.60,20.70,20.00,20.70,22.10,21.60,23.10,20.50,22.30,23.70,21.60,21.40,21.70,25.90,20.00,20.90,21.00,25.80,22.00,21.30,23.40,23.70,21.00,25.90,23.30,25.10,23.40,24.40,22.60,20.10,21.50,23.70,22.00,25.70,22.10
TLM_RCV,-92,FG-ALPHA,20240415_091120,AUTO,0,31.22,5.00,-85,100.00,8.33,3.28,5.02,1159,444,0,287,23.58,1013.60,12.10,406.20,14.68,71.65,1080,20.80,25.80,20.10,25.00,22.50,20.90,20.00,25.50,24.90,25.80,22.70,24.80,21.70,22.50,25.70,25.80,25.40,21.20,23.00,22.00,25.80,25.30,24.40,22.30,25.10,25.50,20.20,23.40,22.50,23.90,24.60,22.10,25.50,20.90,24.20,25.00,21.90,25.50,25.80,23.00,21.50,20.70,21.60,23.60,23.40,24.70,20.90,25.40,25.10,24.00,24.20,24.00,23.00,25.00,23.30,21.70,22.80,25.10,23.20,22.90,23.80,25.80,21.50,20.10
TLM_RCV,-91,FG-ALPHA,20240415_091121,AUTO,0,32.37,5.00,-85,100.00,8.33,3.30,5.02,991,473,0,331,22.59,1013.30,11.90,405.10,14.68,71.65,1080,25.90,20.90,21.90,21.80,24.90,24.30,22.30,20.70,22.70,25.20,21.90,23.90,20.90,20.40,24.60,22.70,22.50,25.00,21.30,24.30,25.20,24.10,21.10,24.70,22.80,25.80,25.00,25.40,23.10,25.40,20.30,22.70,21.40,23.50,20.50,21.30,24.70,25.80,24.50,21.80,22.10,22.20,23.70,21.00,24.80,25.40,23.70,24.30,21.80,21.40,22.50,23.70,20.70,22.40,25.90,22.10,23.50,22.90,24.70,24.30,22.90,25.80,23.40,22.60
TLM_RCV,-80,FG-ALPHA,20240415_091122,AUTO,0,31.02,5.00,-85,100.00,8.34,3.30,5.02,906,405,0,264,22.50,1013.00,11.80,405.20,14.68,71.65,1080,24.80,25.30,25.00,23.20,21.50,22.30,25.50,24.80,24.30,25.10,20.40,21.60,22.00,20.70,24.40,23.80,24.20,21.60,21.20,24.50,25.60,25.90,20.90,22.80,23.10,21.70,21.70,21.10,20.00,24.90,21.50,25.60,20.10,21.60,21.90,21.40,21.00,24.30,22.70,25.70,20.50,23.60,22.90,20.90,21.90,22.10,25.00,23.00,25.50,20.90,23.90,25.60,20.40,23.80,21.30,23.30,25.00,20.60,22.50,25.30,22.00,21.00,22.50,20.00
TLM_RCV,-51,FG-ALPHA,20240415_091123,AUTO,0,32.17,5.00,-85,100.00,8.33,3.29,5.02,1087,435,0,290,23.26,1012.90,11.80,405.90,14.68,71.65,1080,20.80,25.70,25.30,22.70,83.50,22.60,21.40,24.20,23.40,25.90,24.10,25.30,20.30,23.30,22.20,20.80,20.60,20.90,24.30,23.90,20.10,21.00,22.90,24.60,20.70,25.10,24.40,23.50,21.70,20.60,21.70,22.30,23.80,20.10,25.60,24.90,22.10,25.70,23.90,23.20,25.10,24.90,21.10,23.70,20.80,20.80,23.80,24.30,21.40,23.90,21.60,24.50,20.60,20.70,20.30,25.40,20.00,23.90,25.20,24.00,22.40,25.30,25.70,23.40
TLM_RCV,-76,FG-ALPHA,20240415_091124,AUTO,0,31.30,5.00,-85,99.95,8.33,3.30,5.02,0,459,0,300,22.30,1013.40,11.80,406.00,14.68,71.65,1080,23.10,22.90,25.30,23.70,23.10,24.60,20.80,21.80,22.90,22.00,20.40,24.30,21.10,24.80,23.50,20.20,24.10,22.80,21.10,20.00,25.90,22.90,23.30,23.50,23.80,22.10,24.00,20.60,24.10,20.30,20.90,23.90,23.50,20.20,25.20,24.30,21.40,22.50,20.10,21.20,25.40,24.60,22.60,23.00,21.80,20.10,21.20,25.70,24.60,23.90,24.80,24.00,23.50,20.30,25.10,22.50,22.70,20.50,25.30,22.70,21.20,24.00,23.60,25.50
TLM_RCV,-53,FG-ALPHA,20240415_091125,AUTO,0,33.44,5.00,-85,100.00,8.33,3.31,5.02,1148,487,0,339,23.31,1013.30,11.90,405.20,14.69,71.65,1080,20.30,23.10,24.30,22.20,23.90,25.70,24.80,21.70,23.30,22.20,25.40,20.70,21.60,20.10,25.80,23.80,23.50,23.70,23.10,23.90,20.60,22.90,20.30,20.40,21.30,24.80,22.50,22.20,25.90,25.00,20.90,24.80,25.30,21.50,25.30,25.20,25.80,23.80,20.50,21.00,22.50,25.40,25.20,20.50,24.20,25.60,22.60,21.00,20.90,22.00,21.60,21.30,20.90,24.80,23.80,22.50,22.90,24.00,21.00,25.80,23.90,22.90,23.90,22.40
TLM_RCV,-93,FG-ALPHA,20240415_091126,AUTO,0,33.39,5.00,-85,99.95,8.33,3.28,5.02,0,478,0,322,22.39,1012.80,11.80,405.60,14.69,71.65,1080,21.50,24.80,22.70,22.90,20.30,20.50,20.80,23.80,23.00,24.60,22.00,25.50,21.40,23.40,23.60,22.60,21.90,22.70,23.00,22.90,20.10,24.60,23.50,20.50,25.70,22.50,21.40,25.80,24.60,25.20,23.40,25.80,20.00,86.00,24.50,21.30,22.70,24.90,24.50,25.60,21.50,21.50,24.30,22.60,20.80,25.20,21.10,21.20,24.70,25.10,24.70,22.60,21.50,23.50,23.10,21.60,23.90,25.20,20.90,23.70,22.70,25.40,22.90,24.80
TLM_RCV,-66,FG-ALPHA,20240415_091127,AUTO,0,31.26,5.00,-85,100.00,8.33,3.30,5.02,1152,453,0,306,23.50,1013.30,11.80,405.60,14.69,71.65,1080,25.60,22.90,23.10,22.60,21.10,22.00,21.90,22.20,25.20,23.60,21.30,21.40,24.70,23.00,25.00,21.20,22.50,22.40,22.00,23.70,25.00,20.30,24.00,21.70,25.90,23.60,21.30,21.70,23.40,24.20,21.10,24.20,21.40,22.90,22.60,25.60,24.80,24.00,23.60,25.80,24.50,25.90,21.90,22.00,24.10,25.00,21.50,20.90,23.10,23.50,21.60,22.30,20.40,22.20,20.80,25.30,25.30,21.80,24.60,20.20,23.10,21.70,25.80,23.60
TLM_RCV,-42,FG-ALPHA,20240415_091128,AUTO,0,33.26,5.00,-85,100.00,8.33,3.29,5.02,944,453,0,306,22.45,1013.20,12.00,405.40,14.69,71.65,1080,22.80,23.70,20.90,24.90,25.80,24.10,23.40,21.40,24.70,24.90,24.40,21.80,20.70,22.00,24.60,23.40,20.10,23.30,20.70,20.10,22.20,21.50,25.40,25.80,22.70,23.30,21.10,20.60,20.10,23.70,20.70,21.10,21.20,22.80,21.90,24.00,21.90,22.10,24.10,22.10,21.60,24.70,23.30,25.20,21.30,22.50,25.90,23.40,23.20,22.90,22.10,21.40,21.70,25.50,23.70,25.20,24.60,22.60,22.20,24.70,21.90,21.00,25.40,22.60
TLM_RCV,-70,FG-ALPHA,20240415_091129,AUTO,0,33.37,5.00,-85,100.00,8.33,3.30,5.02,1024,474,0,320,22.75,1013.20,12.10,405.70,14.69,71.65,1080,21.80,21.00,24.30,25.10,21.10,20.00,25.70,25.10,25.80,22.20,23.90,24.00,24.70,21.20,22.30,20.70,25.00,24.40,24.70,22.70,24.70,23.30,22.00,25.90,22.10,21.40,24.00,20.30,24.30,21.80,20.30,21.00,22.30,25.60,21.40,23.30,23.70,21.70,22.40,22.80,21.20,21.60,22.40,22.00,24.50,20.00,25.50,22.90,21.30,25.60,20.60,22.90,24.30,25.60,25.40,20.10,20.20,78.90,20.40,23.20,21.60,21.70,20.20,24.00
TLM_RCV,-44,FG-ALPHA,20240415_091130,AUTO,0,33.24,5.00,-85,100.00,8.33,3.28,5.02,868,448,0,294,22.10,1013.10,12.10,404.60,14.69,71.65,1080,21.10,23.50,24.90,24.00,24.30,25.20,21.70,21.80,22.30,20.50,24.40,20.30,21.90,20.20,23.40,25.40,22.40,23.20,22.30,23.50,21.00,23.90,24.60,21.70,23.50,25.80,22.30,20.60,22.10,20.80,24.00,22.80,20.70,24.60,24.70,23.50,25.50,24.40,22.30,21.10,24.40,21.80,25.70,21.30,21.20,25.20,20.90,21.90,21.20,23.40,23.40,21.50,25.50,20.20,21.60,24.50,23.70,22.40,21.40,24.00,24.50,21.90,20.70,20.50
TLM_RCV,-54,FG-ALPHA,20240415_091131,AUTO,0,33.37,5.00,-85,100.00,8.33,3.30,5.02,893,474,0,330,22.09,1013.60,11.80,406.10,14.69,71.65,1080,20.80,23.50,20.80,23.30,22.60,22.80,25.80,20.10,24.50,21.10,25.10,22.50,25.70,22.40,25.70,20.90,25.90,25.80,25.80,25.00,22.80,22.90,23.40,21.10,24.60,20.30,22.50,21.50,22.90,23.10,22.10,20.50,23.20,24.10,21.40,24.70,20.10,21.20,21.20,24.90,23.90,24.70,23.90,23.70,20.90,20.90,23.40,20.60,20.20,21.70,20.80,22.20,20.60,24.50,22.50,21.20,20.90,23.80,23.30,21.00,23.60,20.70,20.50,24.00
TLM_RCV,-85,FG-ALPHA,20240415_091132,AUTO,0,31.17,5.00,-85,100.00,8.33,3.31,5.02,1138,434,0,293,23.52,1013.40,12.10,406.00,14.69,71.65,1080,22.10,21.70,22.00,20.90,23.60,21.30,20.60,20.70,23.40,22.70,25.60,24.70,22.80,24.70,20.10,20.80,24.80,24.30,21.70,25.50,21.40,20.90,24.60,23.10,25.00,24.20,24.10,21.30,21.50,23.30,25.70,23.30,25.50,21.80,20.80,23.80,22.30,25.20,25.20,25.00,23.20,21.90,22.70,22.60,21.70,23.70,25.70,24.90,25.60,23.20,23.50,24.60,22.40,22.70,24.70,24.80,21.70,23.60,23.40,25.60,21.20,25.00,22.60,23.60
TLM_RCV,-72,FG-ALPHA,20240415_091133,AUTO,0,32.37,5.00,-85,100.00,8.33,3.30,5.02,1100,473,0,325,23.14,1012.90,11.90,405.60,14.69,71.65,1080,22.40,25.10,21.80,23.80,25.20,24.60,22.00,25.70,21.40,24.20,22.40,25.20,20.00,22.30,25.50,25.70,25.50,22.50,25.50,22.60,20.30,25.40,20.60,22.70,21.90,22.40,21.30,25.70,20.90,21.40,25.70,24.60,24.70,23.10,22.70,20.80,20.30,20.60,24.90,22.00,24.40,20.80,21.30,23.90,20.50,25.50,22.00,20.60,23.00,20.50,20.10,23.60,23.10,22.90,21.00,25.50,22.50,21.70,23.60,23.40,24.80,22.30,25.70,24.00
TLM_RCV,-76,FG-ALPHA,20240415_091155,AUTO,0,31.98,5.00,-85,99.96,8.34,3.28,5.02,0,395,0,251,21.98,1013.60,11.80,406.00,14.72,71.65,1080,20.20,21.00,24.40,21.70,22.70,22.90,21.20,23.70,23.00,22.20,24.10,24.50,21.40,21.60,21.50,22.20,25.80,24.80,21.00,20.70,25.40,24.50,23.90,22.20,22.40,24.80,25.40,21.60,24.20,23.80,25.10,20.70,25.70,22.30,22.50,25.30,25.20,25.80,22.90,24.00,23.10,22.30,25.60,21.10,25.00,25.20,24.70,25.50,22.80,24.00,22.00,22.20,24.40,21.00,21.90,22.50,22.30,25.80,20.00,25.80,25.70,23.70,25.00,25.70
TLM_RCV,-85,FG-ALPHA,20240415_091156,AUTO,0,32.35,5.00,-85,100.00,8.33,3.31,5.02,1080,470,0,312,23.05,1013.30,12.00,404.80,14.72,71.65,1080,22.70,23.50,24.10,23.00,22.30,21.10,21.10,25.10,22.90,24.80,25.10,25.60,25.30,23.00,24.20,23.30,25.40,21.30,20.60,23.10,23.20,21.00,24.80,21.90,24.60,24.70,23.80,22.60,22.90,22.20,21.70,21.10,25.90,23.50,24.90,25.10,20.50,25.40,20.30,20.60,24.30,23.70,23.30,23.60,24.20,24.10,21.20,25.70,23.10,23.90,25.90,25.20,21.80,20.60,20.40,23.30,22.80,21.70,20.40,25.70,22.50,20.20,22.10,21.90
TLM_RCV,-87,FG-ALPHA,20240415_091157,AUTO,0,32.31,5.00,-85,100.00,8.33,3.29,5.02,850,461,0,307,21.94,1012.90,11.80,406.10,14.72,71.65,1080,24.20,21.40,23.40,21.50,20.00,23.10,24.10,24.60,21.50,25.50,22.00,23.10,20.60,21.60,20.40,24.10,22.10,23.00,24.70,25.20,25.70,22.70,24.90,22.90,22.30,23.00,24.10,24.60,21.30,20.50,25.50,25.80,23.90,25.30,24.70,22.80,22.50,25.40,20.30,23.50,20.50,22.50,23.00,23.40,21.20,25.70,20.90,21.20,20.20,25.30,22.80,22.00,20.40,24.20,23.80,25.40,24.80,20.30,22.30,20.10,22.30,22.00,23.20,23.70
TLM_RCV,-52,FG-ALPHA,20240415_091158,AUTO,0,32.31,5.00,-85,100.00,8.33,3.28,5.02,1147,461,0,318,23.43,1013.40,11.80,404.60,14.72,71.65,1080,21.00,23.00,22.50,22.70,21.10,25.30,21.60,21.60,23.70,21.20,20.80,23.60,25.20,20.70,22.80,24.00,21.40,25.80,23.70,20.90,25.80,22.90,23.10,24.60,22.20,25.50,23.00,24.80,24.10,24.20,20.00,21.30,20.40,25.30,21.00,24.30,22.80,25.70,24.00,20.50,25.40,21.90,25.20,21.10,23.60,24.00,20.50,20.50,21.60,23.60,21.90,24.90,22.20,20.50,22.30,20.50,20.00,21.30,20.50,23.00,21.20,20.90,25.40,22.70
TLM_RCV,-94,FG-ALPHA,20240415_091159,AUTO,0,31.12,5.00,-85,99.96,8.34,3.31,5.02,0,425,0,282,22.12,1012.80,11.80,405.90,14.72,71.65,1080,25.00,20.60,25.40,22.20,22.50,21.70,25.10,25.50,25.30,21.80,21.00,24.30,21.00,25.30,22.70,24.30,24.10,20.50,20.70,20.60,20.60,22.30,25.40,20.00,22.90,20.70,20.60,23.70,23.20,23.80,23.50,24.20,24.00,24.90,23.80,24.60,23.30,20.30,20.20,21.90,23.10,21.80,23.60,25.70,25.30,25.80,23.20,23.90,23.80,23.40,20.00,20.30,20.00,24.90,23.60,23.90,21.20,21.90,20.00,22.20,20.60,20.60,23.30,23.70
TLM_RCV,-70,FG-ALPHA,20240415_091200,AUTO,0,33.18,5.00,-85,99.91,8.33,3.31,5.02,0,436,0,284,22.18,1012.90,12.10,405.70,14.72,71.65,1080,24.10,20.50,25.30,24.40,24.50,22.90,21.90,24.80,23.60,24.30,20.10,20.70,20.00,24.80,21.20,22.20,24.10,23.20,21.70,89.70,23.70,25.00,23.10,24.80,24.30,21.80,21.10,20.30,21.40,22.20,20.90,22.40,22.80,25.30,20.10,22.10,20.20,23.50,20.30,20.80,23.20,20.20,23.10,22.20,24.80,20.50,22.20,24.60,24.20,25.70,23.70,20.00,22.30,20.30,25.00,22.10,21.20,20.40,20.20,25.10,22.10,20.00,21.20,22.50
TLM_RCV,-46,FG-ALPHA,20240415_091201,AUTO,0,33.29,5.00,-85,99.98,8.33,3.30,5.02,1132,458,0,299,23.37,1013.20,12.10,404.80,14.72,71.65,1080,21.00,22.10,24.30,25.70,23.10,25.90,23.90,21.20,22.40,21.20,25.10,25.10,22.50,24.50,25.90,20.10,22.80,25.40,23.00,23.00,24.70,24.30,24.00,22.30,24.90,20.90,24.20,25.80,24.00,23.60,24.20,20.60,23.00,24.40,23.00,24.20,22.40,21.80,24.60,24.90,22.30,25.20,22.70,20.20,21.30,23.20,24.40,22.20,21.00,22.70,25.20,23.30,20.80,23.80,25.80,21.70,22.60,20.00,21.20,21.60,22.20,23.80,21.10,25.60
TLM_RCV,-50,FG-ALPHA,20240415_091202,AUTO,0,31.03,5.00,-85,100.00,8.34,3.30,5.02,968,406,0,259,22.81,1013.10,12.10,404.60,14.72,71.65,1080,20.50,72.50,21.60,23.60,23.40,21.40,22.10,20.50,25.00,20.60,20.80,25.40,20.10,25.10,24.00,25.90,20.90,22.00,20.30,20.50,25.90,20.30,25.30,24.30,24.80,22.70,20.10,25.20,25.00,20.60,25.70,20.80,22.20,23.50,21.90,20.60,24.80,22.10,20.90,23.90,23.10,21.80,21.90,20.40,20.60,22.70,21.00,23.30,22.80,22.80,20.10,24.30,24.00,21.50,22.80,21.40,23.10,24.20,22.30,20.50,20.80,22.30,20.30,21.20
TLM_RCV,-92,FG-ALPHA,20240415_091203,AUTO,0,32.37,5.00,-85,100.00,8.33,3.31,5.02,1009,474,0,320,22.67,1013.40,11.80,405.80,14.72,71.65,1080,23.10,21.60,25.10,23.40,23.60,25.20,23.20,24.60,21.30,20.60,25.40,20.70,21.30,25.90,21.30,23.50,25.90,79.10,22.90,23.40,21.40,23.60,23.40,23.20,20.90,22.20,21.50,24.90,25.70,25.20,24.60,24.40,24.60,20.70,20.60,22.80,25.00,20.00,22.70,21.60,24.90,20.90,20.10,20.30,22.10,20.30,24.10,21.10,24.40,20.00,20.30,22.20,24.80,24.60,21.30,24.10,23.70,21.50,22.80,23.60,23.70,23.10,25.60,22.20
TLM_RCV,-64,FG-ALPHA,20240415_091204,AUTO,0,31.37,5.00,-85,100.00,8.33,3.31,5.02,927,474,0,328,22.26,1012.80,11.90,405.90,14.72,71.65,1080,20.00,24.40,23.10,25.40,23.10,24.90,25.80,21.70,22.50,25.10,22.10,24.80,25.70,23.80,22.20,22.50,23.80,23.90,21.60,22.70,21.20,21.30,24.10,24.00,21.50,25.90,76.40,21.60,23.10,21.10,23.50,22.30,22.30,25.70,20.70,24.90,25.50,25.50,23.30,24.00,24.90,22.50,20.70,25.50,22.40,24.90,24.10,25.40,21.00,23.60,20.80,20.80,20.00,21.10,25.60,23.50,22.80,20.00,25.70,21.80,21.60,25.00,23.20,20.70
TLM_RCV,-76,FG-ALPHA,20240415_091205,AUTO,0,33.21,5.00,-85,100.00,8.33,3.31,5.02,962,442,0,284,22.60,1012.70,12.00,405.30,14.73,71.65,1080,22.60,23.60,23.80,23.90,20.60,23.50,23.20,22.40,24.50,24.70,22.00,21.20,23.70,24.70,25.30,20.40,20.90,23.90,20.00,25.70,23.90,24.60,23.10,20.20,20.30,25.40,21.20,23.00,20.30,23.60,23.40,20.80,25.80,25.30,22.40,20.40,22.10,20.70,25.30,23.30,23.50,20.40,24.20,24.80,21.80,23.40,24.30,23.80,23.50,24.20,20.40,23.60,21.70,21.90,21.30,21.10,24.00,25.20,25.70,23.50,25.90,25.10,25.30,24.70
TLM_RCV,-74,FG-ALPHA,20240415_091206,AUTO,0,33.22,5.00,-85,100.00,8.33,3.29,5.02,1156,443,0,301,23.57,1012.80,12.00,406.20,14.73,71.65,1080,21.20,22.40,24.50,23.80,20.70,22.80,21.10,21.30,23.00,25.70,25.60,24.70,21.70,22.70,20.50,21.00,22.40,20.00,24.40,21.70,24.80,23.30,23.90,25.40,20.60,23.80,20.80,25.40,20.70,24.40,23.90,24.60,22.90,25.80,25.30,24.30,23.80,25.10,20.20,21.60,20.80,25.40,22.50,22.70,23.70,24.80,21.40,23.10,21.40,20.20,23.40,23.30,22.30,23.10,21.50,25.70,22.00,20.60,23.70,24.30,21.40,23.70,20.30,21.30
TLM_RCV,-85,FG-ALPHA,20240415_091207,AUTO,0,31.42,5.00,-85,100.00,8.33,3.30,5.02,1157,483,0,333,23.37,1013.10,12.10,405.30,14.73,71.65,1080,21.40,24.40,21.20,24.70,22.90,21.20,20.30,21.50,20.30,22.30,23.30,24.20,25.50,20.10,25.60,23.90,20.30,20.80,21.00,20.30,20.80,24.10,24.00,22.00,22.00,22.50,25.20,25.10,21.60,24.50,24.10,23.50,20.00,22.60,25.10,20.50,23.00,23.20,22.30,21.70,22.30,21.70,21.40,23.30,24.30,22.00,22.00,24.60,20.70,20.10,22.50,23.30,20.00,20.10,24.80,22.00,21.50,21.50,22.40,20.80,20.10,22.30,21.10,23.50
TLM_RCV,-43,FG-ALPHA,20240415_091208,AUTO,0,33.10,5.00,-85,99.96,8.34,3.29,5.02,0,421,0,278,22.10,1012.90,11.90,405.80,14.73,71.65,1080,20.40,22.20,24.30,22.20,25.40,24.50,23.30,23.90,24.80,25.40,24.10,25.70,21.50,25.80,22.80,22.70,24.90,23.20,24.20,23.20,23.80,23.70,25.30,23.70,20.90,23.00,23.80,23.80,22.30,22.10,22.80,23.50,24.30,22.30,24.30,21.90,24.50,22.90,22.60,24.50,21.80,22.90,25.90,22.30,21.00,24.40,22.50,20.10,20.90,20.50,20.00,20.70,24.80,20.60,20.50,20.60,21.50,20.40,25.10,22.10,25.30,23.50,25.20,22.90
TLM_RCV,-41,FG-ALPHA,20240415_091209,AUTO,0,31.10,5.00,-85,100.00,8.34,3.29,5.02,984,420,0,273,22.82,1013.20,11.90,405.70,14.73,71.65,1080,23.60,25.10,21.90,25.40,20.70,20.20,21.20,24.80,20.70,23.40,25.30,21.20,23.00,22.00,23.10,25.60,22.80,22.50,23.50,24.00,23.30,25.80,24.70,23.90,21.90,25.20,20.40,23.40,24.10,23.50,21.90,22.20,24.00,20.90,25.50,25.80,23.50,23.20,22.30,22.10,21.30,25.70,23.10,25.00,21.60,24.60,20.80,21.70,21.00,22.30,22.70,25.10,24.30,23.50,22.30,24.60,21.70,24.60,25.00,25.70,22.40,25.40,24.10,25.60
TLM_RCV,-41,FG-ALPHA,20240415_091210,AUTO,0,33.29,5.00,-85,100.00,8.33,3.31,5.02,1049,459,0,319,22.95,1013.50,12.10,404.90,14.73,71.65,1080,24.60,20.10,24.20,22.40,23.40,25.10,23.80,24.60,21.50,25.60,23.40,25.00,25.50,23.90,25.90,24.10,23.60,25.70,25.00,22.50,25.90,23.70,22.90,25.00,23.70,21.40,20.10,25.40,25.80,21.40,25.50,24.70,23.40,22.80,23.20,23.10,23.70,24.50,21.80,25.90,20.40,25.90,20.00,25.00,23.30,23.50,20.20,21.80,20.80,24.50,25.80,22.60,25.80,22.30,24.30,21.10,21.40,20.70,22.30,20.10,20.20,23.50,20.10,22.50
TLM_RCV,-82,FG-ALPHA,20240415_091211,AUTO,0,32.97,5.00,-85,100.00,8.34,3.29,5.02,887,393,0,253,22.47,1012.70,12.00,406.10,14.73,71.65,1080,22.80,25.50,24.80,24.90,25.60,23.80,22.70,23.30,25.00,25.60,20.60,22.10,25.50,25.90,22.10,24.70,24.50,22.80,25.00,25.30,25.90,23.50,22.20,23.60,21.70,24.90,22.00,20.70,23.20,25.90,23.50,21.80,22.80,21.20,22.90,25.10,24.10,22.20,21.20,24.40,24.80,25.80,25.20,23.20,20.00,21.40,23.30,23.40,23.00,23.40,24.40,20.10,21.60,24.70,23.40,23.00,25.60,25.90,20.20,22.70,21.70,23.20,23.60,25.00
TLM_RCV,-82,FG-ALPHA,20240415_091212,AUTO,0,33.21,5.00,-85,100.00,8.33,3.28,5.02,850,442,0,293,22.04,1012.70,11.90,405.30,14.73,71.65,1080,24.20,20.20,24.30,22.00,25.70,24.90,20.50,21.30,23.40,20.90,22.70,21.10,25.20,21.40,24.00,20.60,22.60,20.60,21.10,20.90,20.90,21.80,21.50,25.40,21.30,23.70,25.20,23.00,22.60,25.00,24.90,24.80,25.70,23.60,22.30,21.40,25.20,25.60,23.10,20.60,22.20,25.00,20.70,23.10,22.70,20.70,21.10,24.30,25.90,23.30,24.50,23.60,20.10,22.70,21.10,22.20,23.10,23.60,25.30,21.10,25.10,22.00,24.20,24.30
TLM_RCV,-63,FG-ALPHA,20240415_091213,AUTO,0,33.31,5.00,-85,100.00,8.33,3.29,5.02,1034,461,0,315,22.86,1012.70,12.00,405.70,14.73,71.65,1080,20.10,20.80,20.30,21.40,21.70,21.20,23.60,21.40,20.20,25.20,25.30,21.60,23.20,24.60,21.30,24.20,20.70,24.00,25.30,24.50,23.50,25.80,25.20,24.90,24.60,20.10,24.50,20.60,24.60,22.70,24.80,21.20,25.00,22.60,24.80,24.40,25.10,23.00,20.20,21.80,22.20,24.40,24.30,24.60,21.40,20.70,21.90,21.70,23.50,24.40,24.80,23.50,21.70,22.80,21.10,23.00,22.10,24.20,24.80,23.80,20.40,23.80,21.20,21.70
TLM_RCV,-70,FG-ALPHA,20240415_091214,AUTO,0,32.40,5.00,-85,100.00,8.33,3.28,5.02,1110,479,0,331,23.16,1012.90,12.00,405.10,14.73,71.65,1080,21.30,22.10,21.00,25.70,23.00,22.60,21.70,20.40,23.30,22.40,24.50,21.30,22.40,25.00,21.40,20.40,24.40,21.80,23.80,20.10,20.40,20.50,20.30,20.40,25.70,21.80,21.70,20.60,22.30,22.00,25.20,20.30,25.90,22.40,25.70,23.30,22.60,23.60,23.80,24.30,20.10,21.50,24.70,23.00,22.70,24.10,22.30,21.60,23.20,24.90,23.40,20.50,20.70,23.50,20.40,24.40,22.40,22.30,22.00,22.00,22.00,22.80,25.80,20.20
TLM_RCV,-72,FG-ALPHA,20240415_091215,AUTO,0,32.32,5.00,-85,100.00,8.33,3.30,5.02,824,464,0,312,21.80,1012.70,12.00,404.90,14.74,71.65,1080,25.90,25.00,21.30,23.10,24.50,21.00,24.20,24.60,22.80,23.90,20.80,24.30,24.50,25.20,21.00,21.00,22.70,22.00,22.80,21.10,24.20,24.30,24.90,25.10,25.50,23.00,24.00,20.10,25.10,24.70,23.30,25.80,22.90,25.70,22.60,20.70,24.90,25.40,25.60,23.40,20.70,22.50,20.60,22.20,20.70,22.10,22.40,21.10,24.80,25.00,23.90,25.90,22.60,23.00,25.60,25.40,25.40,23.70,22.30,20.90,25.60,21.80,21.20,23.40
TLM_RCV,-49,FG-ALPHA,20240415_091216,AUTO,0,33.12,5.00,-85,100.00,8.34,3.30,5.02,1103,423,0,271,23.40,1012.90,11.90,405.00,14.74,71.65,1080,21.20,21.30,22.10,22.40,22.80,21.00,24.60,20.70,22.40,23.50,21.40,22.60,20.20,21.20,23.80,25.50,21.80,20.60,21.20,21.30,24.60,25.60,24.50,22.50,24.20,20.80,20.80,24.50,21.80,21.90,20.30,22.10,23.60,22.30,22.00,20.90,20.10,20.50,23.70,20.80,20.60,21.70,21.80,24.10,25.90,25.50,22.70,20.30,23.80,22.70,21.30,21.30,23.10,22.40,22.70,23.70,24.00,24.20,23.60,23.80,21.10,24.00,24.40,22.80
TLM_RCV,-46,FG-ALPHA,20240415_091217,AUTO,0,32.44,5.00,-85,99.95,8.33,3.30,5.02,0,487,0,335,22.43,1013.60,11.90,405.60,14.74,71.65,1080,23.90,20.70,23.70,23.80,20.50,25.70,20.10,21.30,23.80,22.60,23.20,20.10,20.80,21.80,22.20,23.60,21.80,20.80,21.60,21.90,25.40,22.60,23.70,21.40,20.30,22.50,21.10,21.50,23.40,21.90,22.90,22.20,25.40,21.40,24.00,21.90,22.30,23.90,22.20,22.40,20.10,23.80,20.50,23.10,22.80,20.60,23.80,21.60,25.00,22.80,21.00,24.10,24.90,25.80,25.80,24.00,21.20,22.70,20.30,20.00,23.70,25.10,21.70,20.20
TLM_RCV,-47,FG-ALPHA,20240415_091218,AUTO,0,33.44,5.00,-85,99.98,8.33,3.29,5.02,822,488,0,341,21.67,1013.00,11.80,404.50,14.74,71.65,1080,20.10,21.70,20.30,24.30,23.10,21.10,23.90,22.30,21.70,20.80,21.10,22.70,21.90,25.90,24.50,22.00,23.80,21.20,23.90,24.10,20.30,23.50,24.80,22.60,22.80,21.20,21.60,21.90,22.50,20.00,20.00,25.50,25.70,23.10,25.40,24.10,21.20,21.80,23.30,24.80,23.70,20.00,24.20,23.20,21.10,23.40,20.40,20.30,23.30,25.60,25.80,25.50,25.60,21.50,21.50,23.10,22.50,25.90,21.40,21.40,23.90,20.00,21.70,22.60
TLM_RCV,-91,FG-ALPHA,20240415_091219,AUTO,0,32.49,5.00,-85,100.00,8.33,3.28,5.02,941,499,0,346,22.21,1013.60,12.00,405.50,14.74,71.65,1080,21.30,22.20,20.40,24.30,24.60,24.90,24.70,20.10,21.20,22.30,21.80,20.30,24.50,23.50,21.30,25.60,21.70,23.40,23.40,20.70,24.60,25.40,21.50,20.30,20.20,22.20,22.00,23.30,21.30,20.20,20.40,25.70,24.30,20.60,21.80,24.50,20.60,20.80,25.10,22.60,22.00,21.70,20.00,24.30,22.70,22.40,25.70,24.90,23.70,24.00,22.00,22.50,25.90,20.40,20.80,25.60,22.00,23.50,24.20,20.60,21.90,25.60,23.40,20.20
TLM_RCV,-48,FG-ALPHA,20240415_091220,AUTO,0,32.35,5.00,-85,100.00,8.33,3.30,5.02,903,469,0,320,22.17,1012.70,12.10,405.40,14.74,71.65,1080,25.70,24.10,21.40,25.90,23.60,23.80,20.70,24.60,20.20,25.40,23.60,20.50,22.60,20.60,20.20,23.10,20.20,23.90,20.40,22.80,24.20,21.10,23.30,21.70,25.00,23.30,24.30,23.90,22.90,20.50,22.50,22.30,20.10,23.70,22.00,20.10,22.50,25.10,25.80,25.70,23.00,25.10,23.50,24.90,20.40,20.00,22.80,21.50,24.00,20.40,22.60,23.50,25.70,23.50,21.70,23.10,25.80,24.60,22.60,24.20,25.40,23.20,24.50,24.70
TLM_RCV,-68,FG-ALPHA,20240415_091221,AUTO,0,33.35,5.00,-85,100.00,8.33,3.28,5.02,852,471,0,317,21.91,1012.80,11.90,406.20,14.74,71.65,1080,23.60,22.50,25.70,20.00,22.30,24.90,23.80,21.10,24.50,20.30,23.30,22.60,20.40,24.80,21.30,21.20,24.60,21.70,21.00,20.00,23.70,23.60,21.90,23.30,23.40,25.90,20.90,21.40,25.10,24.70,21.00,22.80,24.90,24.50,20.50,25.50,23.90,25.60,23.80,22.70,22.60,25.10,23.60,24.90,24.80,21.60,25.30,23.10,22.50,21.20,23.00,25.70,22.30,25.70,23.40,21.20,23.40,22.10,25.70,25.00,25.30,22.90,24.50,21.40
TLM_RCV,-83,FG-ALPHA,20240415_091222,AUTO,0,31.00,5.00,-85,100.00,8.34,3.28,5.02,849,401,0,254,22.24,1012.90,11.90,404.80,14.74,71.65,1080,21.80,21.40,23.80,24.20,24.70,23.30,25.90,23.60,20.20,25.40,22.10,20.90,24.90,20.90,21.80,23.90,20.90,22.30,25.30,22.00,24.70,22.60,20.10,20.50,22.20,23.40,20.50,20.20,22.90,24.80,21.30,23.30,22.40,20.90,21.40,25.00,22.40,20.70,22.60,21.20,25.00,22.80,22.20,24.90,25.70,24.90,20.10,22.50,23.50,25.60,20.00,20.30,23.40,22.00,22.70,21.10,20.80,25.60,23.70,21.40,21.20,21.00,24.10,22.50
TLM_RCV,-75,FG-ALPHA,20240415_091223,AUTO,0,32.22,5.00,-85,99.96,8.33,3.29,5.02,0,444,0,287,22.22,1013.00,12.00,405.00,14.74,71.65,1080,23.90,23.60,24.40,23.30,24.30,20.50,20.30,21.10,24.50,20.50,23.70,23.10,20.20,24.60,25.00,20.40,21.80,21.60,22.90,21.20,24.40,25.40,22.90,23.10,24.00,23.50,21.70,20.90,21.10,24.00,22.60,21.80,23.10,21.10,25.30,23.20,24.40,25.50,21.70,25.40,23.80,23.30,20.90,25.80,20.90,23.10,22.40,22.20,21.20,21.60,24.90,24.10,20.40,24.50,20.50,23.20,23.00,25.80,21.70,25.90,25.20,20.30,23.10,24.30
TLM_RCV,-61,FG-ALPHA,20240415_091224,AUTO,0,32.03,5.00,-85,99.91,8.34,3.28,5.02,0,406,0,265,22.03,1013.40,11.80,405.90,14.74,71.65,1080,23.40,24.30,24.70,22.90,20.80,20.80,23.90,21.80,20.90,22.90,24.70,23.20,24.50,20.80,20.40,23.00,22.20,21.00,21.90,20.40,25.70,21.60,20.50,23.40,25.80,24.30,22.10,25.20,24.00,20.30,25.40,22.60,25.20,22.30,23.50,21.30,25.80,21.70,21.20,20.70,20.70,23.30,25.60,25.90,23.00,23.80,25.00,20.70,23.10,20.70,24.30,23.90,22.90,20.00,24.50,21.00,21.70,20.90,22.10,22.00,20.00,20.70,21.40,21.70
TLM_RCV,-87,FG-ALPHA,20240415_091225,AUTO,0,33.29,5.00,-85,99.99,8.33,3.29,5.02,1172,458,0,313,23.57,1012.90,12.00,406.00,14.75,71.65,1080,20.40,23.70,25.10,23.90,24.90,20.80,20.10,23.10,20.10,24.00,21.90,25.50,22.70,24.60,20.60,23.50,22.10,23.70,22.70,23.30,25.80,21.10,21.90,24.80,22.40,20.40,24.90,21.40,23.40,21.90,25.90,21.60,24.20,22.40,24.10,24.30,25.70,20.20,24.30,25.30,22.20,22.70,20.20,22.00,20.40,25.10,22.20,25.40,75.60,22.70,23.30,24.90,21.20,21.30,20.10,24.10,22.30,25.50,20.70,22.60,20.00,24.30,22.30,21.80
TLM_RCV,-52,FG-ALPHA,20240415_091226,AUTO,0,33.26,5.00,-85,100.00,8.33,3.28,5.02,1127,451,0,297,23.38,1012.90,11.80,405.20,14.75,71.65,1080,23.70,25.50,22.10,25.80,22.00,24.00,22.00,22.70,22.10,25.00,22.90,21.10,20.60,21.40,22.90,23.90,22.40,21.70,21.40,24.50,22.30,25.30,22.10,21.30,25.50,23.90,21.50,23.30,22.20,24.10,22.60,21.40,22.80,25.70,20.10,22.90,23.50,24.00,22.30,24.20,23.90,20.90,25.30,20.60,25.00,25.30,20.00,23.30,25.90,21.50,25.00,25.60,24.50,22.00,23.00,21.50,25.50,20.50,20.50,23.80,25.90,22.10,20.40,20.50
TLM_RCV,-45,FG-ALPHA,20240415_091227,AUTO,0,32.45,5.00,-85,100.00,8.33,3.30,5.02,1033,490,0,343,22.72,1012.70,11.80,406.10,14.75,71.65,1080,20.60,22.80,23.10,21.90,22.60,22.00,20.90,22.60,22.80,22.80,25.80,24.60,23.30,23.20,23.60,20.00,20.30,22.50,25.40,20.50,20.40,20.50,24.90,20.20,20.50,23.70,23.80,20.40,22.10,22.60,23.60,24.20,22.20,22.40,24.60,22.90,22.40,77.70,21.90,24.80,22.50,24.20,23.00,23.80,24.00,20.40,25.30,21.80,20.00,22.70,23.80,25.90,23.00,24.30,24.40,20.30,20.20,25.80,24.90,21.20,21.40,24.60,22.30,24.50
TLM_RCV,-60,FG-ALPHA,20240415_091228,AUTO,0,31.41,5.00,-85,100.00,8.33,3.28,5.02,1110,481,0,338,23.15,1013.40,12.00,404.60,14.75,71.65,1080,24.00,24.70,23.60,22.90,25.20,23.30,25.30,23.30,24.10,24.80,25.90,21.90,23.00,23.40,21.90,25.40,23.20,21.20,20.60,20.90,24.00,23.80,21.10,20.90,23.90,24.70,23.80,21.00,23.30,20.70,21.20,21.40,20.20,21.50,25.10,21.00,24.70,23.90,25.30,22.60,25.30,23.80,24.50,22.40,20.40,20.80,22.80,25.40,25.90,24.30,24.00,24.90,24.90,23.40,21.40,22.10,20.50,22.00,20.20,25.80,22.80,22.10,25.80,24.20
TLM_RCV,-77,FG-ALPHA,20240415_091229,AUTO,0,31.41,5.00,-85,99.95,8.33,3.31,5.02,0,481,0,340,22.41,1013.50,11.80,405.20,14.75,71.65,1080,22.30,22.20,25.60,22.90,21.70,25.00,24.50,23.10,20.90,20.60,21.10,20.60,24.00,24.20,25.90,24.10,20.30,20.50,22.70,22.90,23.00,25.10,22.80,23.00,24.80,21.30,22.60,24.20,25.20,20.50,25.70,25.40,23.40,22.20,20.50,25.80,25.30,22.40,20.00,25.40,25.00,24.70,24.00,20.70,25.10,21.70,20.20,20.40,24.40,24.60,21.10,21.20,25.40,23.70,24.00,24.10,24.80,20.90,25.90,25.70,25.50,22.90,20.00,21.70
TLM_RCV,-80,FG-ALPHA,20240415_091230,AUTO,0,33.44,5.00,-85,100.00,8.33,3.29,5.02,1189,487,0,340,23.51,1012.90,11.90,405.30,14.75,71.65,1080,23.90,20.60,22.70,22.70,20.50,21.70,24.10,20.60,21.70,24.90,23.00,20.20,22.60,24.50,25.90,23.80,20.70,23.30,21.90,23.40,20.30,23.30,24.90,23.60,22.10,24.70,23.90,22.40,24.80,23.80,20.50,23.20,22.20,25.90,21.60,23.40,24.10,21.30,22.80,25.80,23.70,22.80,23.80,23.70,20.40,24.00,24.90,23.20,23.10,23.70,25.60,25.60,23.60,24.00,21.40,22.00,24.20,25.90,20.10,20.00,24.50,22.20,24.40,24.60
TLM_RCV,-49,FG-ALPHA,20240415_091231,AUTO,0,33.26,5.00,-85,100.00,8.33,3.29,5.02,979,452,0,308,22.64,1013.10,11.90,406.40,14.75,71.65,1080,22.40,21.60,21.60,20.50,25.90,22.70,22.60,21.90,25.80,20.80,23.40,20.00,24.00,24.10,20.90,21.30,20.90,23.10,25.40,21.70,22.90,23.80,21.50,24.80,24.80,20.00,24.40,25.40,22.10,20.50,20.30,25.80,21.50,23.40,20.00,25.00,24.50,23.40,23.20,25.10,25.10,20.80,22.40,24.90,25.60,21.20,21.70,22.30,22.20,24.60,20.50,20.20,22.10,21.90,22.70,22.00,22.20,20.60,25.40,23.30,24.50,23.90,21.60,25.10
TLM_RCV,-70,FG-ALPHA,20240415_091232,AUTO,0,32.35,5.00,-85,100.00,8.33,3.31,5.02,1198,471,0,326,23.64,1013.50,11.80,404.70,14.75,71.65,1080,23.80,24.60,20.90,25.80,22.90,21.70,20.80,20.10,25.30,25.20,21.30,24.80,23.20,24.20,21.00,21.00,25.30,23.50,20.90,23.30,21.90,25.90,23.30,22.80,22.90,25.00,21.30,21.70,25.30,22.80,24.80,20.60,22.40,22.40,22.10,25.40,25.80,20.30,21.80,22.40,23.10,22.00,23.40,21.90,20.90,25.50,21.60,22.30,22.10,25.00,24.40,21.40,23.70,20.20,21.30,22.90,24.80,24.00,25.60,25.00,25.80,23.70,22.80,22.30
TLM_RCV,-57,FG-ALPHA,20240415_091233,AUTO,0,31.17,5.00,-85,100.00,8.33,3.31,5.02,1195,435,0,276,23.80,1013.40,12.10,405.30,14.75,71.65,1080,22.90,21.50,24.30,23.30,20.40,23.90,22.50,23.90,24.30,22.80,23.30,20.60,21.70,21.00,24.00,23.40,20.10,24.30,22.60,21.00,24.00,20.30,20.20,20.30,23.20,22.10,25.50,23.60,21.90,22.50,24.10,24.70,24.40,20.60,25.30,22.30,24.20,25.00,20.70,21.70,22.20,22.40,25.50,23.90,25.00,20.70,23.90,25.40,20.60,22.10,25.10,20.20,22.80,20.50,25.80,21.90,23.40,23.00,25.30,21.90,23.50,22.30,22.80,21.20
TLM_RCV,-82,FG-ALPHA,20240415_091234,AUTO,0,32.12,5.00,-85,100.00,8.34,3.29,5.02,984,423,0,274,22.81,1013.20,12.10,406.20,14.75,71.65,1080,22.50,20.00,22.50,23.70,24.90,22.00,23.90,24.30,23.40,25.60,22.90,23.50,21.60,21.50,20.70,21.80,23.40,21.50,23.50,20.60,24.00,23.60,20.60,21.80,21.90,21.80,22.90,25.30,24.20,22.90,25.40,24.10,20.70,22.90,22.10,20.90,24.70,25.50,23.40,21.50,20.20,21.20,25.50,23.80,22.80,21.40,21.30,23.30,23.50,23.80,21.50,22.50,24.90,22.30,25.50,22.50,20.70,22.20,20.60,24.40,25.30,25.60,22.90,24.80
TLM_RCV,-90,FG-ALPHA,20240415_091235,AUTO,0,33.44,5.00,-85,99.95,8.33,3.30,5.02,0,487,0,347,22.43,1013.30,11.90,405.70,14.76,71.65,1080,21.90,25.00,24.30,24.30,25.20,23.50,23.60,23.30,22.10,24.00,23.90,21.80,25.00,21.80,22.90,21.20,20.40,22.80,24.00,23.50,20.70,22.30,22.10,23.70,23.50,21.80,22.30,21.10,24.60,23.60,21.10,24.60,22.50,25.80,23.10,23.00,25.00,21.30,22.80,20.60,24.60,23.40,24.80,23.30,22.60,25.50,25.40,23.80,25.30,25.10,25.80,24.60,24.90,22.50,23.50,20.40,25.30,21.90,23.20,24.40,22.90,23.50,21.00,24.30
TLM_RCV,-87,FG-ALPHA,20240415_091257,AUTO,0,32.45,5.00,-85,100.00,8.33,3.29,5.02,1038,490,0,333,22.74,1013.10,12.10,405.10,14.78,71.65,1080,20.50,25.10,24.80,21.70,22.10,25.80,20.10,24.70,24.20,20.60,22.00,25.90,24.00,23.80,22.40,23.90,25.10,22.20,21.10,24.70,23.40,25.10,21.70,23.90,22.90,21.30,20.00,23.30,23.70,20.80,22.30,87.70,25.70,25.80,20.60,21.40,24.50,22.00,21.90,21.00,25.10,22.50,23.30,25.40,24.90,22.40,20.00,20.00,21.00,24.40,24.90,22.90,23.30,24.70,24.80,21.70,25.10,25.70,20.00,23.30,23.40,24.90,21.60,21.00
TLM_RCV,-62,FG-ALPHA,20240415_091258,AUTO,0,30.98,5.00,-85,100.00,8.34,3.30,5.02,1070,396,0,252,23.37,1013.50,11.90,405.10,14.78,71.65,1080,24.40,25.30,24.20,24.40,20.00,20.40,25.20,23.60,20.50,24.50,25.60,20.10,22.40,25.70,20.50,20.40,20.90,21.10,22.20,22.90,24.00,22.10,25.30,20.10,20.30,24.70,23.90,24.90,20.80,23.40,24.00,71.90,21.20,22.00,25.80,22.10,23.60,20.20,22.60,20.20,20.50,21.80,24.10,20.10,23.90,25.60,20.10,24.40,24.70,20.80,23.60,21.10,23.50,24.90,24.40,22.80,23.80,24.80,21.30,22.90,21.20,24.70,22.50,22.80
TLM_RCV,-83,FG-ALPHA,20240415_091259,AUTO,0,33.42,5.00,-85,99.95,8.33,3.29,5.02,0,484,0,336,22.42,1013.00,12.10,405.50,14.78,71.65,1080,21.10,22.70,24.60,23.10,21.60,25.90,23.00,22.10,21.90,23.40,22.60,23.60,21.90,23.80,22.40,20.30,22.00,24.80,22.70,23.40,24.20,20.90,25.70,25.30,20.30,22.10,24.90,23.00,22.70,21.80,21.40,20.30,24.80,21.90,21.30,22.20,20.30,21.10,24.90,20.90,25.20,22.80,22.70,25.90,21.70,20.00,20.40,20.70,25.80,25.50,22.10,21.50,21.20,23.90,20.00,25.50,21.90,23.10,20.90,22.00,20.50,21.70,25.60,25.70
TLM_RCV,-75,FG-ALPHA,20240415_091300,AUTO,0,31.32,5.00,-85,99.91,8.33,3.29,5.02,0,464,0,306,22.32,1012.80,11.90,404.90,14.78,71.65,1080,24.40,22.30,21.40,20.60,24.00,21.40,24.20,22.90,22.80,24.90,21.30,21.20,25.80,25.50,25.40,22.40,24.50,23.00,25.00,25.50,22.10,21.90,20.90,23.80,25.70,21.60,25.90,20.70,21.70,24.50,23.40,21.30,21.60,21.70,21.30,23.10,24.00,24.10,23.70,23.00,20.60,25.80,20.90,23.50,24.20,23.30,25.20,21.10,23.20,23.40,22.30,24.50,24.30,21.50,21.40,20.40,23.80,21.10,21.10,24.30,25.60,25.20,21.50,21.10
TLM_RCV,-41,FG-ALPHA,20240415_091301,AUTO,0,33.40,5.00,-85,99.86,8.32,3.29,5.02,0,480,0,332,22.40,1012.90,12.00,405.60,14.78,71.65,1080,25.90,25.10,23.30,22.80,25.80,24.60,24.50,21.30,24.60,21.70,23.80,24.10,25.50,22.10,22.00,23.10,23.40,24.30,23.20,23.90,20.20,21.70,21.60,23.40,22.20,23.00,25.70,20.20,20.90,22.90,24.90,21.00,25.20,20.90,25.50,25.90,20.50,21.40,23.10,25.60,25.60,20.30,24.30,20.20,20.90,22.60,20.60,24.50,77.10,24.20,24.30,20.30,22.60,20.80,25.80,25.80,24.40,20.30,20.60,22.10,21.90,25.10,25.30,25.00
TLM_RCV,-78,FG-ALPHA,20240415_091302,AUTO,0,32.42,5.00,-85,99.92,8.33,3.29,5.02,1151,483,0,338,23.34,1012.70,11.80,404.70,14.78,71.65,1080,24.70,20.30,22.70,22.60,21.90,20.40,25.80,23.90,23.50,22.90,21.30,71.30,24.80,24.80,25.70,20.70,21.80,23.70,23.90,21.70,23.50,25.00,23.50,24.90,24.20,20.60,24.10,20.80,23.70,20.60,21.40,22.00,25.30,22.70,23.90,20.20,22.10,22.60,25.90,21.30,22.00,22.20,21.40,24.30,24.90,20.90,24.90,23.00,20.60,23.70,22.00,23.50,25.80,21.20,21.80,24.40,22.20,24.80,25.80,25.10,25.30,23.20,23.30,25.70
TLM_RCV,-47,FG-ALPHA,20240415_091303,AUTO,0,31.33,5.00,-85,100.00,8.33,3.28,5.02,1180,465,0,324,23.58,1013.10,12.10,405.40,14.78,71.65,1080,22.30,23.10,25.50,20.00,25.30,23.50,22.10,24.90,25.80,22.10,20.10,21.40,24.30,21.70,21.40,20.60,20.50,24.80,23.90,24.40,24.10,21.60,23.00,24.20,23.30,23.60,25.70,25.40,23.00,25.60,20.00,20.60,25.70,25.90,25.30,22.20,20.80,24.10,23.70,20.90,24.50,23.40,24.30,25.80,20.70,24.80,24.70,22.10,20.90,21.00,23.50,20.20,20.20,21.30,20.90,23.80,25.00,23.20,22.20,21.50,22.80,21.10,25.00,22.60
TLM_RCV,-71,FG-ALPHA,20240415_091304,AUTO,0,33.51,5.00,-85,100.00,8.32,3.29,5.02,883,503,0,345,21.90,1013.60,12.00,406.40,14.78,71.65,1080,24.40,21.30,24.10,22.90,23.10,24.90,22.00,25.00,23.30,24.60,21.30,21.00,21.10,25.90,25.80,21.80,22.50,20.40,23.10,25.10,25.30,23.60,22.90,24.30,25.90,24.10,24.60,21.50,24.80,23.20,23.20,25.20,25.50,23.50,25.50,23.30,21.70,24.40,21.30,24.60,23.40,25.20,20.30,24.70,22.40,25.00,23.30,23.40,22.40,23.50,22.70,25.80,20.00,23.10,23.00,24.50,23.20,25.30,24.70,24.00,20.30,23.10,24.00,23.30
TLM_RCV,-79,FG-ALPHA,20240415_091305,AUTO,0,31.43,5.00,-85,100.00,8.33,3.31,5.02,1002,486,0,341,22.58,1012.80,12.00,405.20,14.79,71.65,1080,20.50,25.70,20.90,24.30,24.10,24.70,20.90,23.20,22.50,24.70,23.00,23.20,20.20,21.50,23.20,25.30,24.30,21.90,25.40,22.90,22.00,21.60,22.80,22.50,20.20,24.30,25.50,25.30,24.10,20.30,22.80,25.30,23.00,24.40,25.40,25.80,25.40,25.50,24.00,22.60,22.30,20.10,21.80,72.30,24.60,23.70,25.60,20.50,21.20,24.40,21.40,21.10,22.20,21.20,21.30,20.70,25.50,22.20,25.70,22.30,24.70,20.00,21.10,25.30
TLM_RCV,-81,FG-ALPHA,20240415_091306,AUTO,0,33.21,5.00,-85,100.00,8.33,3.31,5.02,1174,441,0,283,23.66,1013.60,12.00,405.40,14.79,71.65,1080,20.80,20.40,25.20,21.00,25.00,24.20,21.20,21.10,23.00,20.80,22.20,21.70,25.00,24.80,24.50,22.60,24.70,21.90,25.00,22.90,25.40,23.10,24.90,24.10,24.10,23.20,24.90,25.10,25.30,22.20,21.50,23.50,20.70,21.80,20.80,20.70,22.80,23.70,24.40,23.80,21.90,20.90,22.00,21.50,25.40,22.20,22.40,25.50,22.20,20.50,24.50,24.10,25.50,20.70,21.20,24.00,24.10,23.20,20.90,21.60,21.00,22.00,24.20,23.30
TLM_RCV,-76,FG-ALPHA,20240415_091307,AUTO,0,31.16,5.00,-85,100.00,8.34,3.28,5.02,1041,431,0,288,23.05,1013.30,11.80,406.00,14.79,71.65,1080,24.30,21.30,21.30,20.30,21.70,25.60,21.60,24.70,20.00,24.50,24.40,20.30,23.50,22.80,20.10,24.40,21.10,20.00,22.00,23.50,20.20,20.40,25.30,23.00,23.00,22.50,25.30,24.20,24.80,21.50,22.20,20.20,20.10,22.50,20.10,23.80,25.50,24.10,24.20,20.80,25.00,21.40,20.90,20.30,21.10,20.10,20.00,21.90,22.50,20.80,23.60,20.30,20.70,23.90,20.50,23.80,25.00,21.40,25.90,22.80,25.20,23.00,25.80,23.30
TLM_RCV,-65,FG-ALPHA,20240415_091308,AUTO,0,33.26,5.00,-85,100.00,8.33,3.28,5.02,1144,453,0,300,23.45,1013.50,12.00,406.40,14.79,71.65,1080,22.60,22.30,20.00,21.30,20.70,22.30,25.20,23.70,20.00,24.20,23.20,22.20,20.00,21.60,21.10,23.20,21.00,23.60,20.30,21.40,20.40,21.90,24.10,23.10,23.30,20.40,23.10,21.90,20.20,23.40,20.30,24.90,22.10,20.50,23.20,20.60,22.10,23.30,25.80,23.40,20.70,25.40,25.00,25.70,25.90,24.20,22.20,22.80,25.50,22.40,23.70,25.00,22.30,25.80,22.80,24.40,23.50,22.20,25.30,24.90,24.10,22.70,23.80,21.50
TLM_RCV,-48,FG-ALPHA,20240415_091309,AUTO,0,31.07,5.00,-85,100.00,8.34,3.30,5.02,904,413,0,255,22.45,1013.60,12.00,405.00,14.79,71.65,1080,24.10,23.00,23.20,20.30,20.80,24.90,23.40,24.70,23.30,20.80,23.20,21.50,24.60,23.90,22.60,20.70,20.30,22.80,25.20,22.10,23.60,23.60,24.00,24.40,24.00,22.90,23.60,21.50,22.20,25.30,24.00,25.60,24.60,20.50,20.50,25.90,23.80,24.80,22.50,24.40,20.80,24.90,23.60,25.40,22.40,25.70,25.10,24.50,25.10,24.70,21.50,20.20,24.50,24.60,21.10,23.10,21.00,22.30,21.40,20.90,24.20,25.50,22.60,24.10
TLM_RCV,-57,FG-ALPHA,20240415_091310,AUTO,0,31.36,5.00,-85,100.00,8.33,3.28,5.02,875,472,0,326,22.01,1012.80,12.00,405.70,14.79,71.65,1080,21.70,20.50,24.30,21.30,23.70,25.10,20.50,22.30,21.80,20.90,25.00,25.80,24.70,21.20,21.80,22.50,23.10,24.40,25.10,24.10,20.00,21.60,25.60,24.40,21.60,20.90,20.70,23.30,22.00,21.60,22.80,24.10,25.30,20.60,22.60,20.90,23.20,25.80,21.00,24.40,23.90,23.10,23.20,23.20,22.50,21.80,24.70,23.50,22.70,24.80,25.00,23.80,24.10,23.40,24.80,25.50,22.00,21.20,24.30,22.30,23.10,25.70,24.20,20.70
TLM_RCV,-57,FG-ALPHA,20240415_091311,AUTO,0,31.33,5.00,-85,100.00,8.33,3.30,5.02,1021,465,0,309,22.78,1013.10,12.10,406.40,14.79,71.65,1080,21.90,23.40,23.90,21.70,22.70,24.80,22.70,23.20,22.50,24.00,25.40,20.70,21.50,25.40,24.20,21.70,23.00,23.00,24.10,24.20,22.10,25.50,24.40,22.70,23.60,21.50,22.90,25.80,24.30,20.20,22.90,24.50,20.90,25.70,24.80,24.30,20.10,20.00,25.20,21.90,25.20,20.70,20.90,21.30,24.80,23.50,23.60,20.00,23.20,24.00,25.80,22.60,21.70,25.00,25.00,23.00,23.10,23.40,20.00,21.70,87.90,24.90,21.00,23.60
TLM_RCV,-64,FG-ALPHA,20240415_091312,AUTO,0,33.04,5.00,-85,99.96,8.34,3.29,5.02,0,409,0,263,22.05,1013.10,12.10,406.40,14.79,71.65,1080,23.30,24.30,22.10,22.00,20.30,20.70,24.40,87.00,21.40,22.20,25.90,25.80,21.20,20.90,20.00,20.10,20.80,21.20,20.00,20.90,21.80,24.00,23.50,25.10,24.80,25.20,20.60,23.90,23.20,24.70,21.50,23.80,20.60,21.10,23.80,22.30,25.20,24.80,22.00,21.80,25.10,22.20,20.30,22.40,20.40,24.50,25.10,24.70,23.70,24.50,24.20,21.80,20.80,22.60,21.50,25.70,24.00,20.90,25.50,25.70,25.80,24.50,20.50,20.00
TLM_RCV,-69,FG-ALPHA,20240415_091313,AUTO,0,31.28,5.00,-85,100.00,8.33,3.29,5.02,937,457,0,311,22.40,1013.20,11.80,405.10,14.79,71.65,1080,22.60,23.00,23.90,24.90,21.90,21.30,20.50,22.80,23.10,22.00,21.10,21.50,24.00,22.00,23.50,22.70,22.80,20.20,21.30,21.30,23.50,21.60,20.90,24.50,20.60,22.80,20.10,25.20,24.80,20.90,25.80,23.30,20.60,20.70,81.00,24.60,25.00,22.80,21.90,21.80,21.50,23.60,23.40,23.30,25.40,23.60,20.00,25.20,21.50,22.80,25.80,23.40,22.30,22.30,24.40,23.50,21.70,21.30,25.80,25.00,24.90,25.60,20.70,20.10
TLM_RCV,-66,FG-ALPHA,20240415_091314,AUTO,0,31.18,5.00,-85,100.00,8.33,3.28,5.02,871,436,0,288,22.17,1013.60,12.10,405.20,14.79,71.65,1080,24.90,23.40,24.40,21.80,25.40,23.40,20.60,23.10,25.50,21.00,25.70,25.60,23.50,22.50,25.20,20.10,24.90,25.80,23.40,21.80,22.00,21.20,22.80,20.60,20.50,20.90,22.90,23.90,25.50,20.40,20.10,21.30,22.20,21.70,20.60,20.50,20.20,25.90,23.70,22.10,25.30,24.80,21.60,25.80,24.70,20.20,20.90,24.20,21.70,23.10,24.70,21.00,20.00,25.50,20.00,20.80,20.20,21.00,20.90,21.50,22.90,21.20,21.30,23.10
TLM_RCV,-44,FG-ALPHA,20240415_091315,AUTO,0,33.03,5.00,-85,100.00,8.34,3.30,5.02,845,406,0,256,22.19,1013.00,12.10,405.20,14.80,71.65,1080,20.40,20.10,25.40,25.20,21.40,22.40,22.50,24.20,25.60,22.50,22.40,20.60,23.50,22.60,21.50,22.20,20.40,25.80,21.20,21.60,21.00,25.50,20.60,20.70,21.20,23.80,20.10,25.30,24.40,22.40,20.10,23.10,23.50,24.30,22.60,23.90,22.30,25.00,25.50,22.60,25.30,25.40,25.70,23.90,21.40,20.90,21.90,21.80,21.50,22.20,20.70,22.10,22.70,24.30,22.50,24.00,20.00,24.70,23.40,20.60,21.10,23.70,22.60,22.40
TLM_RCV,-79,FG-ALPHA,20240415_091316,AUTO,0,33.47,5.00,-85,100.00,8.33,3.31,5.02,1119,495,0,347,23.12,1012.90,12.10,405.40,14.80,71.65,1080,24.30,21.40,21.10,22.00,21.90,24.30,24.50,24.50,25.10,24.40,23.70,24.10,25.60,25.10,25.40,20.50,23.70,24.00,21.60,22.60,20.80,25.10,20.60,23.50,24.90,22.80,25.70,25.10,24.40,21.50,23.00,21.00,21.90,25.50,24.50,20.60,24.90,24.60,25.40,21.00,23.50,25.30,22.90,21.00,25.70,20.20,21.20,22.80,25.80,25.80,25.50,24.70,23.10,22.20,21.50,21.70,21.10,21.80,22.00,24.10,25.40,23.90,23.40,21.40
TLM_RCV,-80,FG-ALPHA,20240415_091317,AUTO,0,32.31,5.00,-85,99.95,8.33,3.28,5.02,0,463,0,309,22.32,1013.10,11.80,405.00,14.80,71.65,1080,24.90,25.40,23.10,20.00,24.70,20.30,23.10,22.90,21.60,24.30,23.50,21.30,25.10,22.60,24.20,23.00,22.10,20.20,20.50,24.10,24.30,22.00,24.00,24.40,23.80,21.80,24.60,21.70,20.20,20.20,21.10,20.50,20.90,20.60,21.10,22.10,21.40,24.40,21.80,25.90,20.00,20.60,21.40,24.30,20.90,24.00,23.00,21.60,20.20,24.00,24.40,20.90,23.40,21.50,22.10,23.80,25.20,25.50,20.70,25.30,22.20,24.90,25.30,21.50
TLM_RCV,-72,FG-ALPHA,20240415_091318,AUTO,0,32.42,5.00,-85,100.00,8.33,3.28,5.02,932,483,0,335,22.25,1012.80,12.00,406.10,14.80,71.65,1080,25.00,20.00,24.60,24.10,22.30,20.00,21.90,21.60,22.90,22.70,20.30,24.60,21.60,24.80,22.90,20.30,25.00,22.80,24.00,24.20,20.00,21.30,21.00,24.70,24.80,20.90,23.40,24.40,20.80,25.40,21.20,20.20,23.60,25.90,22.00,20.10,24.80,20.10,22.20,23.70,22.80,24.30,23.90,22.60,21.90,23.10,20.70,25.30,25.70,21.70,21.40,22.50,23.50,24.10,22.40,22.50,25.00,22.70,24.00,21.60,25.10,24.90,22.80,22.60
TLM_RCV,-87,FG-ALPHA,20240415_091319,AUTO,0,32.17,5.00,-85,100.00,8.33,3.28,5.02,948,435,0,293,22.57,1012.80,12.10,405.50,14.80,71.65,1080,20.90,22.90,24.30,24.10,23.50,22.50,20.00,22.50,23.60,24.50,23.70,25.30,20.00,21.20,21.30,20.60,24.30,20.70,24.70,23.10,21.10,20.90,24.40,21.20,23.80,24.40,25.50,20.50,25.70,20.70,24.50,24.10,20.00,20.40,23.30,23.10,21.30,22.50,24.20,20.50,23.60,25.80,22.80,22.40,20.40,22.40,25.00,25.80,20.60,22.50,25.60,25.70,20.70,21.70,23.30,20.30,24.50,23.10,25.80,20.10,25.00,21.40,24.00,23.80
TLM_RCV,-89,FG-ALPHA,20240415_091320,AUTO,0,32.18,5.00,-85,99.96,8.33,3.31,5.02,0,436,0,281,22.18,1012.90,12.00,405.40,14.80,71.65,1080,21.80,22.00,24.70,20.60,20.70,24.80,22.80,20.30,24.50,24.40,23.70,20.50,21.10,23.10,25.70,22.40,23.20,23.80,22.10,23.50,22.70,21.20,20.20,24.70,22.90,22.10,24.20,21.90,23.90,23.40,25.60,21.90,20.00,20.40,25.30,22.70,23.00,23.00,21.10,22.70,22.10,24.60,25.50,20.10,25.00,20.70,20.90,21.80,23.10,22.80,20.90,21.20,25.50,25.90,23.90,23.30,25.60,25.70,20.80,25.70,25.00,22.20,21.40,22.40
TLM_RCV,-45,FG-ALPHA,20240415_091321,AUTO,0,33.19,5.00,-85,99.91,8.33,3.31,5.02,0,437,0,291,22.18,1013.50,12.00,404.80,14.80,71.65,1080,24.10,25.20,22.00,20.00,20.80,22.10,20.60,22.50,22.50,25.80,23.40,21.60,24.60,23.40,24.80,25.30,20.70,20.30,20.00,23.50,24.00,22.70,22.70,20.90,25.90,25.00,25.60,24.00,25.90,25.20,20.50,20.60,20.40,20.60,23.70,23.00,21.20,20.80,25.90,23.20,25.40,21.20,21.40,24.80,20.10,21.50,20.80,20.60,20.20,25.40,25.00,25.60,21.90,20.10,25.00,25.00,20.30,23.50,22.90,25.80,22.30,25.00,23.90,25.50
TLM_RCV,-61,FG-ALPHA,20240415_091322,AUTO,0,33.08,5.00,-85,99.99,8.34,3.31,5.02,1146,417,0,262,23.65,1013.50,11.90,405.90,14.80,71.65,1080,21.70,20.40,24.60,24.90,22.50,21.90,25.80,23.60,23.10,22.80,21.50,22.40,20.40,24.90,22.40,23.10,23.90,21.10,23.50,22.40,21.00,20.20,25.70,21.20,25.60,22.40,24.00,22.00,21.90,23.30,25.40,23.90,23.70,23.10,20.70,22.60,23.90,24.20,24.90,22.60,23.10,25.60,25.40,22.00,21.50,21.80,22.10,20.80,23.90,24.00,23.40,22.20,22.00,22.40,24.30,23.50,21.80,21.80,20.40,25.20,22.50,22.00,20.40,20.70
TLM_RCV,-85,FG-ALPHA,20240415_091323,AUTO,0,31.25,5.00,-85,99.94,8.33,3.28,5.02,0,450,0,297,22.25,1013.50,12.00,405.90,14.80,71.65,1080,25.40,24.90,24.80,25.50,23.60,20.20,20.60,25.00,20.60,24.80,22.30,23.90,21.80,20.00,21.30,21.80,23.80,24.70,25.30,25.80,22.60,23.10,25.00,23.00,20.10,20.70,25.30,20.30,24.00,24.10,24.60,21.40,22.10,21.40,23.20,21.40,21.80,25.80,24.50,23.30,24.50,24.90,20.80,21.60,21.10,25.80,25.30,25.80,25.70,20.10,22.20,24.20,22.10,21.50,22.90,25.60,25.10,22.70,25.30,20.50,24.10,24.90,20.50,24.50
TLM_RCV,-82,FG-ALPHA,20240415_091324,AUTO,0,32.08,5.00,-85,99.90,8.34,3.29,5.02,0,415,0,261,22.08,1012.90,11.90,406.40,14.80,71.65,1080,24.00,21.10,23.50,22.00,22.20,23.20,23.80,22.60,20.00,24.80,23.90,23.80,23.50,25.40,23.50,25.60,20.50,25.50,21.00,21.50,24.10,21.20,22.60,20.80,21.40,24.90,21.10,24.80,22.60,23.00,23.10,20.80,22.40,22.90,23.10,24.30,24.90,25.60,20.60,20.70,21.50,21.90,24.40,23.10,22.80,23.40,20.90,20.60,25.70,25.80,23.40,24.70,25.80,21.30,21.50,25.70,24.90,24.70,23.50,24.40,25.30,21.30,24.90,21.70
TLM_RCV,-46,FG-ALPHA,20240415_091325,AUTO,0,31.20,5.00,-85,99.94,8.33,3.29,5.02,827,441,0,284,21.93,1013.40,11.80,406.30,14.81,71.65,1080,23.20,23.20,22.70,22.20,21.60,23.80,22.90,25.30,23.80,24.20,25.40,22.00,22.90,22.20,23.70,23.90,20.10,25.40,23.30,25.30,21.50,22.40,23.00,24.30,24.80,21.00,22.30,20.00,23.10,78.40,25.30,23.90,22.80,23.70,21.30,23.20,24.10,24.40,22.70,21.70,21.00,24.20,20.80,22.20,24.20,23.90,20.50,23.00,21.90,22.70,23.10,23.40,20.50,24.80,21.20,23.60,22.50,20.20,20.20,25.10,23.30,20.00,24.40,22.70
TLM_RCV,-79,FG-ALPHA,20240415_091326,AUTO,0,32.15,5.00,-85,100.00,8.34,3.31,5.02,1028,431,0,280,22.99,1012.70,11.90,405.70,14.81,71.65,1080,20.10,24.80,21.30,20.40,24.50,24.70,21.60,22.40,24.40,20.00,20.40,20.60,21.40,24.80,22.80,20.50,20.50,24.30,23.40,20.30,20.20,22.80,21.40,24.90,21.70,25.00,23.50,24.00,21.30,22.70,24.00,20.30,23.30,23.30,21.10,24.50,21.10,23.50,23.20,22.70,25.40,20.70,25.40,24.10,25.70,25.30,23.70,23.30,21.30,22.90,23.20,25.90,23.40,21.70,21.20,20.40,25.40,22.60,23.40,22.30,25.00,22.90,23.50,25.30
TLM_RCV,-81,FG-ALPHA,20240415_091327,AUTO,0,33.26,5.00,-85,99.95,8.33,3.29,5.02,0,451,0,311,22.25,1012.80,11.80,406.00,14.81,71.65,1080,23.30,23.60,21.80,25.90,25.70,25.60,24.70,24.20,23.90,22.90,21.40,25.20,22.70,25.10,25.40,23.60,24.70,24.70,24.00,24.80,24.80,22.20,24.40,24.60,25.00,24.10,21.80,25.10,22.70,21.40,22.20,22.50,21.00,20.90,25.60,25.00,21.90,24.20,20.40,21.50,23.20,22.90,24.60,21.90,20.90,20.10,23.00,20.10,22.50,21.90,22.40,23.90,22.70,20.30,20.60,25.40,24.20,22.80,22.90,23.00,23.90,20.70,23.70,24.50
TLM_RCV,-53,FG-ALPHA,20240415_091328,AUTO,0,31.17,5.00,-85,100.00,8.34,3.31,5.02,1198,433,0,292,23.83,1013.30,12.00,405.00,14.81,71.65,1080,20.20,22.70,25.80,21.30,24.70,23.90,23.60,22.60,24.00,22.50,20.20,22.70,23.10,21.30,22.10,20.60,22.80,23.00,24.60,24.40,24.50,25.30,22.40,23.50,20.20,24.30,21.00,24.80,21.10,20.40,22.50,21.20,23.30,25.00,20.90,22.10,23.70,25.40,24.00,24.10,25.10,22.70,21.70,20.40,23.60,25.80,20.90,25.40,24.10,22.30,21.70,22.60,21.90,21.90,25.60,21.70,21.00,23.30,23.80,22.90,24.60,25.30,22.00,20.10
TLM_RCV,-45,FG-ALPHA,20240415_091329,AUTO,0,32.13,5.00,-85,99.96,8.34,3.28,5.02,0,426,0,282,22.13,1013.40,11.80,405.60,14.81,71.65,1080,25.90,25.60,22.70,20.70,22.40,22.90,23.50,24.80,23.10,22.90,21.90,23.60,20.00,23.30,25.30,23.60,21.50,23.20,20.90,21.20,25.00,25.00,23.20,25.10,24.20,23.30,25.70,24.80,24.00,20.00,24.40,20.80,23.00,20.70,20.50,21.70,25.90,24.30,25.90,22.80,23.70,22.20,21.70,23.80,23.20,21.30,24.60,24.90,21.80,22.90,23.40,22.10,25.20,21.20,25.20,23.20,22.50,20.50,22.90,24.20,22.80,23.90,24.70,23.50
TLM_RCV,-73,FG-ALPHA,20240415_091330,AUTO,0,32.33,5.00,-85,100.00,8.33,3.30,5.02,890,465,0,314,22.12,1013.50,12.00,406.20,14.81,71.65,1080,25.30,21.40,22.80,25.30,20.50,21.00,22.70,23.60,22.60,20.30,22.20,20.30,23.30,25.60,25.10,24.40,22.00,22.30,22.80,25.40,24.40,22.50,21.50,22.40,21.30,25.30,21.10,24.80,20.90,25.30,20.90,21.90,23.40,25.40,20.10,23.60,22.30,21.60,20.00,22.30,25.30,20.00,22.70,23.10,23.30,25.70,24.40,25.80,21.50,21.60,21.20,20.30,25.20,22.40,24.00,22.30,21.00,24.90,20.40,20.50,25.00,23.70,22.20,24.00
TLM_RCV,-49,FG-ALPHA,20240415_091331,AUTO,0,33.13,5.00,-85,99.96,8.33,3.28,5.02,0,427,0,277,22.14,1012.70,12.10,405.80,14.81,71.65,1080,20.90,21.90,21.40,20.60,25.80,24.90,24.70,25.40,25.10,22.20,24.30,20.30,21.90,21.60,22.10,25.80,23.50,20.40,23.50,22.10,25.60,23.40,25.20,22.60,24.70,20.80,23.60,21.20,23.30,25.30,24.50,23.90,23.90,20.50,25.30,24.50,23.20,20.70,24.10,23.10,24.00,25.80,22.90,20.70,23.30,25.90,23.70,21.50,24.30,25.50,21.00,21.50,20.30,22.80,22.10,22.00,24.90,24.90,23.80,21.20,25.50,23.90,25.60,23.50
TLM_RCV,-95,FG-ALPHA,20240415_091332,AUTO,0,31.28,5.00,-85,99.91,8.33,3.31,5.02,0,457,0,301,22.28,1013.60,11.90,406.00,14.81,71.65,1080,20.70,25.60,20.00,24.70,25.60,23.30,22.70,24.70,22.20,25.30,24.40,22.30,21.70,21.70,24.40,24.40,24.40,25.90,20.20,20.90,20.30,21.50,22.60,21.10,25.20,24.10,25.10,22.10,25.80,21.60,23.10,21.00,25.70,20.30,20.80,22.60,20.90,25.70,21.70,25.50,24.20,21.50,21.20,23.10,22.70,23.60,24.30,24.70,24.80,24.20,22.80,23.30,22.60,24.50,20.00,24.00,22.90,20.70,20.50,24.70,23.10,23.00,24.20,25.00
TLM_RCV,-88,FG-ALPHA,20240415_091333,AUTO,0,32.06,5.00,-85,99.97,8.34,3.29,5.02,1026,413,0,273,23.07,1013.30,11.90,406.10,14.81,71.65,1080,22.30,21.20,23.20,25.60,23.30,24.00,20.70,24.80,24.70,22.50,22.30,23.00,24.50,22.20,21.90,20.00,24.80,24.80,23.60,25.40,25.10,22.70,25.00,22.00,25.80,23.90,22.00,22.50,20.40,25.30,23.60,21.10,23.00,21.10,24.80,24.80,24.00,21.80,22.20,25.40,24.60,24.80,25.60,20.00,24.70,24.30,22.40,22.70,21.70,22.70,25.10,23.40,21.00,23.90,24.50,22.20,25.60,20.80,25.50,21.90,24.60,20.00,24.70,25.30
TLM_RCV,-51,FG-ALPHA,20240415_091334,AUTO,0,33.08,5.00,-85,100.00,8.34,3.30,5.02,1096,416,0,264,23.40,1013.60,12.10,405.30,14.81,71.65,1080,25.70,25.40,21.20,22.40,24.70,20.40,21.80,23.40,22.90,21.10,25.70,25.70,20.00,24.90,21.30,23.10,21.40,21.00,22.90,25.10,21.40,24.80,20.30,20.50,22.60,23.90,25.90,24.30,21.30,24.50,23.80,20.10,25.10,23.00,20.60,22.40,24.50,24.60,22.30,23.70,22.00,20.30,22.70,25.80,23.10,21.00,24.80,20.00,25.40,21.50,23.20,22.50,25.10,23.20,22.10,23.50,23.70,24.30,22.40,25.60,21.20,22.30,75.00,21.60
TLM_RCV,-42,FG-ALPHA,20240415_091335,AUTO,0,33.06,5.00,-85,99.96,8.34,3.30,5.02,0,413,0,264,22.07,1013.30,12.10,404.80,14.82,71.65,1080,22.90,23.00,24.20,25.10,24.70,23.10,21.20,25.20,25.60,21.40,25.30,24.60,20.90,24.60,25.80,25.50,21.50,23.00,24.90,20.80,21.90,20.60,25.80,20.70,24.90,22.50,25.30,23.60,24.60,22.80,25.80,23.10,23.90,25.50,22.90,24.10,25.60,24.60,21.80,25.10,21.50,25.00,22.60,24.90,25.40,20.00,23.30,23.90,24.20,24.40,24.50,23.80,25.80,24.30,22.50,23.90,22.90,25.90,25.90,24.10,22.10,25.10,22.10,21.30
TLM_RCV,-70,FG-ALPHA,20240415_091336,AUTO,0,31.04,5.00,-85,100.00,8.34,3.28,5.02,1087,408,0,255,23.40,1013.40,11.80,404.90,14.82,71.65,1080,22.20,24.40,20.20,20.30,21.40,20.50,25.60,25.60,21.40,22.00,21.20,21.50,22.00,20.10,21.80,22.30,20.20,23.10,20.40,20.50,22.00,21.60,24.80,21.30,21.90,22.50,21.00,21.00,22.50,25.40,23.80,23.00,25.80,22.40,22.90,24.40,21.10,24.70,22.80,23.30,22.80,25.50,23.20,23.10,23.40,21.40,21.30,21.30,20.10,20.30,25.10,25.70,23.10,20.70,22.80,23.50,20.20,23.20,22.60,22.50,21.60,24.00,23.50,24.20
TLM_RCV,-83,FG-ALPHA,20240415_091337,AUTO,0,31.08,5.00,-85,99.96,8.34,3.29,5.02,0,416,0,271,22.08,1013.40,11.80,405.40,14.82,71.65,1080,25.80,22.80,23.60,25.90,22.90,23.30,25.50,21.90,23.80,24.00,24.00,22.70,21.60,21.50,21.10,20.10,22.90,23.40,23.80,23.00,20.00,25.50,21.90,22.80,24.70,21.00,23.70,21.50,25.30,23.50,22.00,22.80,24.50,23.60,24.90,23.20,23.70,24.30,21.90,20.30,24.60,21.50,25.80,21.70,22.20,20.90,22.20,25.80,23.40,20.90,20.00,20.90,23.60,25.60,25.00,23.90,25.40,20.10,21.30,24.90,20.30,22.20,20.70,25.50
TLM_RCV,-53,FG-ALPHA,20240415_091359,AUTO,0,31.40,5.00,-85,99.93,8.33,3.31,5.02,0,479,0,321,22.40,1012.70,12.00,405.90,14.84,72.10,1080,25.00,25.20,24.00,23.10,20.50,25.80,25.30,20.70,21.90,23.50,22.90,21.50,21.80,25.60,21.60,20.80,20.30,23.00,25.60,22.70,20.50,21.70,22.50,21.50,24.30,25.40,22.40,20.50,21.20,24.60,23.40,25.00,24.90,25.20,22.50,21.50,25.00,24.90,22.90,23.70,22.70,25.60,22.90,25.30,24.50,24.40,25.30,23.80,21.90,24.30,20.10,22.40,25.10,23.30,25.60,21.30,23.60,20.30,22.10,22.50,21.40,21.70,24.00,20.10
TLM_RCV,-80,FG-ALPHA,20240415_091400,AUTO,0,32.15,5.00,-85,99.89,8.33,3.30,5.02,0,429,0,272,22.15,1013.30,11.90,405.30,14.84,72.10,1080,23.70,24.70,22.80,21.70,20.80,25.70,24.90,21.30,21.10,20.10,23.10,23.20,24.80,23.90,24.20,22.50,20.70,24.00,24.40,24.70,25.40,24.80,25.40,20.60,20.70,23.30,22.10,23.40,24.70,22.20,24.60,25.30,21.00,22.80,24.60,22.80,25.40,22.10,23.30,21.30,25.80,20.40,24.70,23.30,20.30,25.60,21.90,25.20,25.10,23.90,21.30,24.60,20.80,25.50,21.40,22.20,24.90,20.00,20.00,23.40,23.10,24.70,24.20,21.50
TLM_RCV,-63,FG-ALPHA,20240415_091401,AUTO,0,33.30,5.00,-85,99.96,8.33,3.31,5.02,1192,460,0,313,23.66,1013.10,11.80,406.30,14.84,72.10,1080,20.90,24.20,21.00,25.90,25.90,24.10,24.70,22.00,25.90,21.40,25.10,22.30,23.50,20.00,22.20,20.10,24.70,25.50,21.30,21.80,25.10,20.40,24.30,25.70,21.20,22.90,25.30,25.10,24.30,25.00,24.40,23.30,24.80,21.00,24.10,21.50,23.90,21.80,25.40,23.00,23.40,23.40,24.20,20.40,24.40,20.30,20.40,25.10,23.80,23.00,22.20,25.80,21.50,20.90,21.70,24.60,24.90,23.70,21.00,21.40,20.10,23.80,23.80,25.90
TLM_RCV,-60,FG-ALPHA,20240415_091402,AUTO,0,33.21,5.00,-85,100.00,8.33,3.29,5.02,943,442,0,300,22.50,1013.30,11.90,405.60,14.84,72.10,1080,22.00,23.60,24.00,22.20,22.10,21.70,25.30,25.60,21.20,22.40,24.50,22.50,22.90,25.30,23.60,23.70,20.80,25.70,21.10,23.40,24.30,24.10,23.50,21.80,20.50,21.20,25.50,22.60,23.00,20.00,25.70,21.70,25.40,24.90,24.00,20.40,24.30,23.10,25.80,22.80,20.40,24.90,25.80,25.10,22.90,20.50,22.30,21.10,25.20,21.00,24.10,20.60,21.30,21.80,20.50,24.50,23.80,22.80,25.90,20.70,24.90,21.80,24.70,20.80
TLM_RCV,-81,FG-ALPHA,20240415_091403,AUTO,0,32.08,5.00,-85,100.00,8.34,3.31,5.02,836,417,0,268,22.09,1013.30,11.80,404.70,14.84,72.10,1080,20.80,24.80,23.00,25.40,23.30,21.60,21.70,24.80,23.00,23.80,22.20,21.00,24.70,23.70,23.40,22.00,25.20,23.10,24.50,24.60,20.40,24.70,25.40,25.10,20.10,24.00,21.00,20.80,23.20,24.30,24.10,25.10,22.00,20.90,21.40,20.50,22.40,21.80,25.30,20.90,20.40,25.70,23.70,23.40,24.70,23.90,22.90,25.20,24.20,24.60,24.30,24.70,21.20,25.70,20.40,20.30,24.30,20.10,23.30,24.20,25.90,24.80,24.50,23.30
TLM_RCV,-70,FG-ALPHA,20240415_091404,AUTO,0,33.40,5.00,-85,100.00,8.33,3.31,5.02,989,480,0,325,22.55,1012.90,11.90,406.20,14.84,72.10,1080,25.70,20.80,22.10,20.40,23.70,25.50,23.40,22.10,22.60,25.20,21.60,22.10,22.30,21.30,24.20,20.30,23.70,24.40,22.40,23.50,25.20,20.60,23.10,24.20,24.20,20.20,20.70,24.40,25.20,20.90,22.40,21.40,20.90,22.30,20.10,25.90,23.60,22.90,22.30,24.40,24.50,24.20,25.30,22.50,22.20,20.90,20.70,25.00,22.30,22.90,23.80,25.70,25.80,24.20,24.00,21.90,20.70,22.60,20.30,21.80,22.40,21.60,20.70,22.10
TLM_RCV,-44,FG-ALPHA,20240415_091405,AUTO,0,31.32,5.00,-85,100.00,8.33,3.28,5.02,1096,463,0,321,23.17,1013.30,12.00,404.80,14.85,72.10,1080,21.80,20.00,24.80,25.70,24.50,20.30,23.90,23.70,25.20,25.00,24.80,20.60,20.00,24.10,20.50,20.70,23.70,20.30,25.40,22.00,23.40,23.50,25.90,25.30,25.40,24.20,20.90,25.80,23.20,23.10,21.40,21.20,20.90,22.60,25.80,23.90,22.50,20.70,24.40,24.40,23.20,22.10,22.80,24.30,23.50,22.80,24.50,22.30,21.70,20.00,24.70,25.90,23.30,24.70,20.50,25.70,22.60,21.10,21.20,22.10,22.30,21.10,24.50,21.90
TLM_RCV,-49,FG-ALPHA,20240415_091406,AUTO,0,33.17,5.00,-85,99.96,8.33,3.30,5.02,0,433,0,280,22.17,1013.10,12.10,405.60,14.85,72.10,1080,21.40,20.80,20.80,20.30,20.00,20.90,23.60,25.20,21.40,23.50,20.50,21.50,24.40,25.40,25.90,25.40,23.60,22.60,24.70,25.60,23.60,22.90,20.60,23.00,25.50,20.40,23.20,24.80,22.40,24.10,23.60,20.60,23.20,21.50,21.80,24.70,24.70,23.00,23.90,24.80,22.60,21.30,22.40,21.90,25.30,24.60,25.00,20.30,23.50,24.60,24.10,24.10,20.80,20.80,24.00,22.00,21.40,25.60,22.40,22.60,22.00,21.60,24.30,22.70
TLM_RCV,-70,FG-ALPHA,20240415_091407,AUTO,0,33.40,5.00,-85,99.91,8.33,3.29,5.02,0,479,0,333,22.40,1012.90,11.90,404.90,14.85,72.10,1080,20.50,24.30,20.50,23.80,22.10,21.10,25.10,21.00,21.60,20.30,24.80,20.70,20.60,21.90,20.80,22.40,24.00,22.20,22.40,22.90,23.00,25.90,22.30,25.00,25.50,25.70,20.40,24.90,22.00,20.80,23.40,25.00,20.60,25.30,21.60,21.90,22.50,24.60,25.30,23.40,20.80,25.70,25.40,25.50,22.20,25.90,25.00,20.80,24.30,20.00,22.10,20.00,25.10,23.30,25.40,24.60,21.70,23.40,24.40,20.70,21.60,21.70,20.20,25.30
TLM_RCV,-46,FG-ALPHA,20240415_091408,AUTO,0,32.32,5.00,-85,99.95,8.33,3.28,5.02,917,464,0,310,22.26,1013.50,12.10,404.50,14.85,72.10,1080,24.40,23.90,24.40,25.80,23.50,21.20,24.90,22.60,20.80,23.30,24.20,24.30,22.40,22.60,20.00,25.00,24.50,22.30,23.70,23.10,21.90,21.70,23.00,23.50,24.10,24.80,23.90,20.10,21.50,22.90,21.20,24.00,24.90,20.90,22.10,22.60,21.10,25.40,21.70,22.40,22.80,24.70,24.00,25.20,21.20,20.30,24.40,24.40,24.80,21.10,22.90,24.10,25.10,21.10,24.00,20.20,20.70,20.10,20.90,24.90,23.50,23.70,24.90,25.70
TLM_RCV,-48,FG-ALPHA,20240415_091409,AUTO,0,33.04,5.00,-85,100.00,8.34,3.28,5.02,944,408,0,262,22.68,1013.20,11.90,404.90,14.85,72.10,1080,25.00,25.50,24.30,21.80,24.90,23.30,24.40,24.30,20.10,24.90,23.10,24.00,22.80,22.30,23.90,23.50,23.60,25.20,20.00,23.00,23.00,21.40,20.80,24.30,24.30,23.80,23.20,21.10,20.50,21.60,24.30,22.50,25.40,25.70,24.30,20.70,23.20,21.30,25.60,25.90,24.40,21.20,23.90,25.20,25.00,20.40,23.70,24.50,22.30,20.30,21.30,23.90,21.40,20.20,24.60,24.50,23.60,21.60,25.70,25.20,25.40,24.20,20.20,23.50
TLM_RCV,-91,FG-ALPHA,20240415_091410,AUTO,0,31.03,5.00,-85,99.96,8.34,3.31,5.02,0,406,0,250,22.03,1013.60,11.80,405.80,14.85,72.10,1080,21.10,23.20,24.50,22.00,21.50,21.40,22.90,23.70,23.70,23.50,24.90,20.60,20.80,20.50,24.90,20.10,72.80,20.20,22.30,24.30,24.00,21.30,20.80,24.50,22.80,24.00,25.70,25.50,22.90,21.00,25.30,22.00,25.30,20.40,21.40,24.60,20.80,24.00,22.90,21.60,21.80,24.80,22.20,20.20,23.60,20.10,21.50,20.10,24.20,23.00,25.90,24.30,23.90,22.10,24.90,20.70,25.80,20.50,25.00,25.50,25.20,20.30,23.60,21.70
TLM_RCV,-52,FG-ALPHA,20240415_091411,AUTO,0,33.44,5.00,-85,99.91,8.32,3.31,5.02,0,487,0,328,22.43,1013.10,12.00,406.00,14.85,72.10,1080,25.10,24.20,23.30,25.70,25.90,24.40,24.50,25.00,24.20,24.80,23.70,23.10,23.80,25.20,25.00,24.30,25.70,23.10,22.50,20.90,20.90,23.70,20.00,25.00,24.00,25.60,25.00,24.20,21.00,20.10,25.90,22.70,22.40,22.80,20.40,23.50,23.90,23.10,20.70,21.70,20.50,20.80,21.90,24.30,25.40,24.60,25.50,21.80,21.20,20.50,24.40,22.40,21.00,21.90,24.50,21.30,25.40,20.90,22.10,23.60,23.90,24.80,20.30,25.50
TLM_RCV,-63,FG-ALPHA,20240415_091412,AUTO,0,33.08,5.00,-85,99.96,8.34,3.28,5.02,874,415,0,263,22.30,1013.40,11.80,405.60,14.85,72.10,1080,22.00,25.60,25.70,22.90,24.30,25.30,20.90,20.00,21.50,23.20,21.40,25.90,23.80,24.20,24.40,20.70,24.10,25.80,23.10,25.50,23.00,22.70,20.20,22.00,23.40,25.00,24.50,23.90,22.20,21.60,20.40,23.50,22.90,21.80,23.30,22.30,23.90,22.90,25.60,24.20,24.40,25.90,24.00,25.80,20.20,25.60,20.00,22.90,23.90,20.50,25.50,22.30,22.50,21.40,23.60,20.70,23.80,22.10,22.20,25.50,23.10,22.80,20.90,20.70
TLM_RCV,-54,FG-ALPHA,20240415_091413,AUTO,0,32.10,5.00,-85,99.91,8.33,3.30,5.02,0,420,0,279,22.10,1013.50,12.10,405.00,14.85,72.10,1080,22.10,20.20,20.00,24.00,21.20,24.50,25.80,25.80,23.00,22.20,20.70,22.10,21.30,20.30,23.80,21.40,25.30,25.30,22.90,22.80,21.40,22.60,23.60,24.20,20.90,25.30,24.50,23.90,25.60,23.20,20.10,22.70,24.20,22.50,25.50,23.70,22.90,20.30,20.60,22.20,22.10,21.40,20.30,20.40,24.70,22.70,24.10,23.70,21.70,23.10,25.50,21.60,21.30,21.50,25.70,23.70,20.10,20.10,23.90,22.20,20.90,23.80,23.40,20.60
TLM_RCV,-84,FG-ALPHA,20240415_091414,AUTO,0,33.26,5.00,-85,99.96,8.33,3.31,5.02,928,451,0,293,22.39,1013.30,11.80,405.00,14.85,72.10,1080,23.20,22.90,23.60,25.50,23.70,20.90,22.70,25.20,24.20,21.20,23.30,23.20,25.80,24.90,23.50,23.00,20.20,25.90,21.70,25.60,25.40,25.60,23.10,23.90,25.40,23.30,20.30,20.00,21.00,24.00,23.90,21.10,21.50,20.50,20.80,24.10,20.40,22.40,22.90,22.40,24.30,20.50,21.50,24.20,25.10,24.10,25.30,25.60,24.10,22.90,23.20,23.60,21.20,22.80,24.40,24.50,24.20,24.50,25.70,22.20,20.40,24.70,24.80,24.60
TLM_RCV,-85,FG-ALPHA,20240415_091415,AUTO,0,32.08,5.00,-85,100.00,8.34,3.31,5.02,1108,415,0,266,23.47,1013.60,11.80,405.50,14.86,72.10,1080,25.00,25.30,20.50,22.40,20.40,21.40,22.60,25.90,25.40,24.60,24.60,25.60,21.80,24.80,20.10,22.90,21.00,21.30,20.10,21.00,25.80,23.70,22.70,24.90,23.50,20.00,24.90,22.30,24.30,20.60,21.00,21.30,20.70,20.40,23.80,21.60,24.70,21.30,25.60,24.90,25.00,24.70,23.70,24.50,22.70,21.90,21.70,22.20,22.30,25.60,21.20,24.20,23.10,24.00,22.80,20.00,22.30,21.30,21.30,22.30,20.60,25.60,20.60,24.80
TLM_RCV,-69,FG-ALPHA,20240415_091416,AUTO,0,31.44,5.00,-85,99.95,8.33,3.31,5.02,0,488,0,339,22.44,1013.20,12.00,404.80,14.86,72.10,1080,23.80,25.20,25.10,25.30,23.60,21.50,24.60,22.60,25.20,24.20,25.30,24.00,20.60,20.20,25.20,22.60,22.20,20.50,20.70,24.20,22.90,20.60,20.70,25.00,24.80,23.00,21.20,22.50,23.90,24.70,20.40,21.80,21.50,22.60,22.30,21.10,20.60,20.40,24.80,24.00,20.60,24.20,20.00,21.00,23.20,23.40,23.60,24.60,20.60,20.70,23.90,21.70,21.50,25.60,22.40,22.40,23.50,21.10,20.60,21.40,20.20,21.70,25.20,24.10
TLM_RCV,-65,FG-ALPHA,20240415_091417,AUTO,0,31.13,5.00,-85,100.00,8.34,3.31,5.02,939,426,0,282,22.57,1012.80,11.90,405.90,14.86,72.10,1080,22.10,23.00,24.40,22.40,21.60,21.00,23.30,21.30,20.10,21.50,24.90,24.30,21.20,20.60,22.80,20.10,21.70,24.80,23.80,25.80,25.20,21.30,24.30,22.90,21.90,25.70,23.00,25.10,24.60,20.60,21.70,22.50,21.00,22.30,21.60,23.80,24.20,20.20,25.70,21.40,25.40,20.40,24.40,23.60,22.10,20.50,20.60,21.80,23.40,25.10,20.60,22.30,21.20,23.30,21.60,22.70,20.70,22.50,25.40,23.40,23.90,20.60,21.60,21.40
TLM_RCV,-89,FG-ALPHA,20240415_091418,AUTO,0,31.23,5.00,-85,100.00,8.33,3.31,5.02,977,445,0,290,22.66,1013.40,12.10,404.90,14.86,72.10,1080,22.50,23.20,22.30,25.10,24.80,21.30,20.40,21.80,25.80,22.40,24.00,22.00,23.50,20.30,24.00,22.60,20.50,20.40,23.00,21.00,21.30,22.90,23.40,25.70,20.00,23.40,24.30,22.10,21.10,24.70,22.20,24.60,25.20,21.20,20.20,21.10,25.90,24.40,25.40,23.70,21.90,22.00,23.30,20.20,20.20,25.00,21.40,21.20,21.40,22.20,21.40,20.10,23.70,22.10,24.20,20.40,21.50,20.50,24.40,22.80,22.00,22.50,24.00,25.90
TLM_RCV,-77,FG-ALPHA,20240415_091419,AUTO,0,33.44,5.00,-85,100.00,8.33,3.29,5.02,1061,488,0,334,22.86,1012.70,11.90,406.10,14.86,72.10,1080,21.30,20.80,25.80,22.40,25.80,24.20,22.10,25.30,24.20,22.40,22.30,24.80,21.20,24.30,21.60,23.20,24.10,25.00,22.00,23.50,25.10,24.20,21.10,23.90,20.10,21.10,21.50,20.40,23.60,24.00,25.10,20.30,25.20,20.90,24.30,22.00,20.80,24.60,20.50,20.40,24.20,24.00,24.30,25.30,22.10,24.60,20.10,23.60,22.50,23.70,23.60,24.60,23.00,21.20,23.60,21.00,20.40,23.60,20.30,21.00,25.50,25.90,20.00,25.30
TLM_RCV,-62,FG-ALPHA,20240415_091420,AUTO,0,33.31,5.00,-85,100.00,8.33,3.29,5.02,803,461,0,317,21.71,1013.50,11.90,406.00,14.86,72.10,1080,23.00,25.30,20.30,24.80,24.60,22.40,25.70,21.10,20.20,20.50,22.70,23.60,25.30,20.40,24.00,25.00,20.40,21.10,21.50,25.60,25.70,20.60,20.40,21.30,22.20,21.40,24.20,20.50,25.90,20.20,21.90,23.60,20.80,22.00,21.20,23.70,20.40,21.20,23.60,21.80,21.10,24.80,25.00,22.30,23.90,20.30,22.50,20.70,24.10,25.60,21.30,23.70,24.00,21.30,25.70,24.00,22.90,24.70,20.60,23.30,24.00,21.70,24.10,23.60
TLM_RCV,-51,FG-ALPHA,20240415_091421,AUTO,0,31.51,5.00,-85,99.95,8.32,3.30,5.02,0,502,0,348,22.51,1013.40,12.10,406.40,14.86,72.10,1080,23.00,24.00,21.70,22.00,22.80,22.60,21.70,25.40,25.40,22.20,24.10,21.40,20.00,24.80,23.00,23.80,24.50,20.40,21.40,24.50,25.70,25.90,24.60,23.90,23.30,25.20,20.20,24.40,23.40,22.30,20.10,23.60,25.40,20.50,20.70,20.10,25.70,23.70,20.10,23.60,25.60,22.00,20.50,20.90,23.80,20.80,20.80,25.30,21.90,25.40,21.90,22.40,24.60,22.00,20.90,25.00,20.60,23.20,23.70,21.50,21.50,23.30,22.50,25.10
TLM_RCV,-59,FG-ALPHA,20240415_091422,AUTO,0,33.30,5.00,-85,99.90,8.33,3.31,5.02,0,460,0,318,22.30,1013.00,11.80,405.20,14.86,72.10,1080,23.20,22.50,22.30,23.40,25.90,23.30,22.30,22.70,23.90,21.20,22.20,20.20,23.40,22.80,25.30,20.60,21.10,23.60,20.70,25.10,22.60,22.30,21.60,21.40,21.90,20.10,20.00,24.70,25.90,25.30,23.20,25.40,25.20,22.70,20.40,24.70,21.10,20.80,23.30,20.80,24.60,22.50,25.10,25.60,22.10,25.70,25.70,24.50,20.00,25.20,22.90,22.20,22.50,20.20,20.20,24.40,23.90,23.80,21.30,20.50,23.20,20.90,21.30,20.90
TLM_RCV,-92,FG-ALPHA,20240415_091423,AUTO,0,32.08,5.00,-85,99.97,8.34,3.30,5.02,1108,417,0,263,23.45,1013.20,12.10,406.20,14.86,72.10,1080,25.00,24.80,21.30,21.90,25.50,20.40,24.30,24.70,20.80,23.20,23.50,20.60,24.80,24.50,24.10,25.80,24.80,25.60,24.10,20.20,23.50,23.20,24.40,21.60,22.80,20.20,21.10,20.80,24.80,20.60,20.80,20.80,23.90,24.60,76.80,25.50,25.40,24.10,24.80,24.00,25.50,23.00,24.00,23.90,25.20,24.90,25.40,22.90,24.10,21.00,24.30,22.80,25.80,20.00,20.50,25.90,20.40,21.90,21.80,21.20,21.80,20.30,21.70,22.50
TLM_RCV,-80,FG-ALPHA,20240415_091424,AUTO,0,33.03,5.00,-85,100.00,8.34,3.31,5.02,1110,405,0,264,23.52,1013.20,11.90,405.50,14.86,72.10,1080,21.90,22.90,25.90,22.50,23.90,22.30,24.10,22.10,25.90,25.40,22.50,20.40,22.80,21.40,21.10,25.20,21.40,23.70,24.70,23.70,21.40,22.00,20.90,22.90,24.20,24.00,25.90,22.20,25.70,24.50,23.40,25.30,25.50,20.70,23.90,23.00,24.50,25.20,25.90,21.80,22.70,20.20,25.50,20.20,25.10,23.60,25.90,23.50,21.80,22.80,22.00,22.00,21.20,24.90,20.80,22.70,20.80,23.00,25.50,21.30,25.70,24.30,22.90,25.30
TLM_RCV,-78,FG-ALPHA,20240415_091425,AUTO,0,32.19,5.00,-85,100.00,8.33,3.28,5.02,1160,438,0,283,23.61,1013.10,11.90,405.10,14.87,72.10,1080,25.40,24.30,21.80,20.50,21.40,20.00,25.90,24.00,24.50,20.60,24.90,20.60,22.20,21.20,25.30,25.80,24.30,20.30,21.30,25.70,21.30,20.90,22.00,24.50,25.10,20.20,21.70,24.30,20.50,22.70,22.40,20.40,20.60,22.60,20.40,20.10,25.40,20.90,23.70,22.00,23.60,23.40,21.60,25.30,22.70,22.00,23.70,20.70,21.30,20.00,23.80,25.60,20.80,23.70,22.60,24.50,23.10,24.90,23.80,22.50,20.40,20.80,24.70,20.10
TLM_RCV,-74,FG-ALPHA,20240415_091426,AUTO,0,33.33,5.00,-85,100.00,8.33,3.29,5.02,1032,467,0,316,22.83,1012.70,12.00,405.40,14.87,72.10,1080,22.60,24.30,23.20,23.60,24.80,23.50,21.80,21.20,25.00,25.20,20.60,24.60,21.50,21.10,21.70,21.40,23.80,24.10,21.00,25.20,20.60,21.50,24.30,25.20,22.20,24.40,24.60,24.10,20.60,20.10,25.60,20.30,23.30,20.80,23.20,25.60,25.60,25.20,23.80,23.90,24.30,25.60,20.40,22.80,20.20,22.70,24.20,23.80,22.50,22.90,22.60,23.30,23.30,20.60,20.40,20.90,22.70,25.20,21.10,21.40,25.80,24.40,20.40,21.20
TLM_RCV,-79,FG-ALPHA,20240415_091427,AUTO,0,32.03,5.00,-85,99.96,8.34,3.31,5.02,0,406,0,251,22.03,1012.80,11.80,405.50,14.87,72.10,1080,20.00,24.30,22.50,25.70,20.80,21.10,22.70,22.60,23.40,25.40,22.10,21.80,20.30,24.70,23.60,20.90,22.80,21.20,21.40,20.90,22.10,22.00,21.60,25.80,20.60,25.90,20.30,20.60,25.20,20.40,21.50,20.90,20.40,20.00,21.20,23.80,24.10,20.30,23.90,22.10,20.90,20.30,23.70,21.00,22.60,22.30,22.30,25.50,21.40,21.30,22.70,25.10,22.40,21.80,20.40,25.20,21.20,24.00,23.00,24.20,23.40,25.50,24.20,24.20
TLM_RCV,-52,FG-ALPHA,20240415_091428,AUTO,0,32.98,5.00,-85,100.00,8.34,3.29,5.02,1125,396,0,250,23.65,1013.10,11.90,404.90,14.87,72.10,1080,25.00,24.30,23.60,25.60,21.60,25.80,24.40,24.50,21.20,23.00,20.40,25.00,24.00,21.60,25.90,25.40,23.20,24.50,20.30,22.30,25.40,24.00,20.20,23.50,25.30,22.20,21.50,24.30,22.00,23.90,23.80,20.70,25.80,23.90,22.20,25.30,23.20,23.10,22.60,24.60,23.80,24.60,21.70,24.50,25.20,21.00,20.20,24.80,24.80,25.80,23.20,24.50,21.60,20.50,25.40,21.30,21.80,20.60,24.50,24.80,25.90,25.50,24.80,24.20
TLM_RCV,-61,FG-ALPHA,20240415_091429,AUTO,0,31.43,5.00,-85,100.00,8.33,3.29,5.02,939,486,0,341,22.26,1013.60,11.90,405.10,14.87,72.10,1080,24.50,24.40,24.50,23.90,25.50,21.10,22.80,20.40,23.40,23.60,23.40,24.00,20.70,22.40,22.80,22.70,20.80,22.40,25.50,25.50,21.20,24.50,23.40,20.10,24.50,22.20,22.60,23.20,22.20,22.80,20.90,24.30,22.10,20.70,24.90,24.20,24.50,24.50,22.10,22.30,23.90,22.20,24.70,22.60,25.00,24.50,24.90,22.90,22.40,23.40,25.30,20.70,22.00,22.30,25.80,25.70,23.00,21.50,20.10,23.20,20.00,20.70,21.40,24.20
TLM_RCV,-46,FG-ALPHA,20240415_091430,AUTO,0,32.15,5.00,-85,100.00,8.34,3.29,5.02,1023,430,0,275,22.97,1013.10,11.90,404.70,14.87,72.10,1080,20.30,23.30,21.70,21.50,20.20,22.10,21.90,21.30,25.40,22.90,23.50,20.50,24.10,24.60,23.20,23.80,20.80,24.60,23.50,21.40,23.50,23.80,25.50,23.10,24.90,24.40,21.60,24.90,25.30,21.40,21.90,25.90,20.50,22.10,25.80,23.70,25.50,22.20,22.30,24.10,25.60,23.30,24.80,21.50,23.70,22.70,25.70,24.00,24.10,22.50,24.50,23.60,24.50,22.60,25.80,24.10,22.50,23.60,25.30,20.10,22.20,20.40,24.80,23.50
TLM_RCV,-68,FG-ALPHA,20240415_091431,AUTO,0,32.27,5.00,-85,99.95,8.33,3.28,5.02,0,454,0,303,22.27,1013.50,12.10,405.60,14.87,72.10,1080,25.40,21.30,24.90,21.30,25.20,23.00,23.70,20.40,22.90,21.20,24.40,22.80,23.10,23.20,22.80,24.10,21.00,22.60,24.90,21.90,22.90,23.20,20.90,20.20,24.20,21.60,24.80,20.60,22.60,24.50,22.00,21.10,25.70,20.80,21.60,25.40,24.60,23.70,20.40,24.60,20.30,23.70,25.40,20.90,22.70,20.40,24.90,20.70,22.40,24.90,21.30,24.80,23.40,25.00,22.50,22.90,20.50,25.40,23.90,23.10,22.50,20.20,25.40,20.30
TLM_RCV,-91,FG-ALPHA,20240415_091432,AUTO,0,31.09,5.00,-85,100.00,8.34,3.29,5.02,897,418,0,278,22.40,1013.50,12.00,406.30,14.87,72.10,1080,25.50,25.70,24.00,24.00,22.10,23.90,20.90,25.40,24.90,25.20,22.20,23.00,21.90,20.00,22.30,23.50,20.40,20.30,20.40,24.90,24.00,20.70,25.60,20.70,20.20,22.20,20.60,21.50,23.40,21.70,25.80,25.70,20.30,21.80,22.60,22.30,23.50,22.70,24.20,22.30,24.40,22.70,20.80,20.90,25.70,24.90,24.70,21.80,20.30,25.30,20.30,25.50,25.60,24.70,23.10,20.90,25.90,25.00,22.00,25.60,25.90,24.70,21.90,22.90
TLM_RCV,-76,FG-ALPHA,20240415_091433,AUTO,0,32.54,5.00,-85,99.95,8.32,3.30,5.02,0,508,0,349,22.54,1013.20,11.90,404.70,14.87,72.10,1080,25.40,23.90,23.80,21.20,22.80,25.60,24.90,25.50,22.00,24.90,21.90,25.50,23.60,23.70,20.70,21.20,24.00,25.50,22.50,22.30,24.20,25.20,20.40,20.70,20.30,25.00,20.30,24.60,22.90,24.30,24.40,25.30,21.10,23.70,22.90,24.20,20.50,20.80,22.50,20.80,22.30,23.00,21.00,20.60,23.80,20.30,21.20,24.80,24.70,23.30,21.20,22.70,25.40,24.70,20.50,25.60,25.20,21.90,21.30,22.30,25.30,22.20,25.80,22.00
TLM_RCV,-84,FG-ALPHA,20240415_091434,AUTO,0,32.32,5.00,-85,99.99,8.33,3.28,5.02,838,464,0,312,21.87,1012.80,12.10,405.00,14.88,72.10,1080,20.70,21.00,20.10,23.10,20.90,21.30,20.70,25.80,20.10,20.20,20.70,25.70,24.00,25.50,23.60,25.00,24.10,21.00,24.40,25.50,22.00,22.10,20.90,24.10,20.20,22.20,24.20,25.70,23.70,20.40,20.60,24.80,23.80,22.40,21.10,21.40,22.90,24.40,20.40,22.10,23.20,24.80,20.60,21.90,23.10,24.30,20.70,20.60,21.70,23.30,23.00,20.70,22.30,25.40,24.70,20.50,21.90,23.60,23.30,22.70,24.80,20.50,20.10,21.50
TLM_RCV,-50,FG-ALPHA,20240415_091435,AUTO,0,31.50,5.00,-85,100.00,8.32,3.31,5.02,1046,500,0,341,22.73,1013.40,12.10,405.30,14.88,72.10,1080,20.30,20.00,24.10,24.20,21.00,25.00,24.30,21.60,23.60,25.70,25.70,24.10,24.20,24.30,21.90,20.40,25.40,20.30,22.80,21.80,20.70,21.30,25.90,22.60,23.30,25.70,25.30,21.60,24.20,23.90,20.90,21.70,22.90,25.30,22.90,20.90,24.80,24.40,21.70,23.50,22.70,22.90,22.40,23.70,20.80,22.30,25.70,20.70,22.70,23.10,21.50,20.40,24.00,25.70,24.20,21.40,24.20,23.00,20.10,21.70,22.60,22.80,20.30,23.30
TLM_RCV,-91,FG-ALPHA,20240415_091436,AUTO,0,31.22,5.00,-85,100.00,8.33,3.28,5.02,825,444,0,286,21.91,1013.30,12.10,404.60,14.88,72.10,1080,24.50,25.50,25.60,23.30,20.90,22.00,25.50,25.50,21.30,25.60,22.60,25.40,22.00,25.80,24.20,20.00,25.20,23.10,24.80,20.30,24.70,23.80,20.80,21.20,23.90,22.40,24.60,25.90,25.30,25.10,24.00,21.50,23.70,24.40,24.40,25.50,21.60,20.10,25.00,23.80,24.70,22.30,24.90,22.90,22.60,23.80,22.80,20.20,23.60,20.30,22.20,24.10,25.90,24.10,24.70,24.60,20.60,22.10,20.50,21.60,22.20,23.90,21.80,24.00
TLM_RCV,-59,FG-ALPHA,20240415_091437,AUTO,0,32.51,5.00,-85,100.00,8.32,3.30,5.02,1187,503,0,345,23.42,1013.40,11.90,404.50,14.88,72.10,1080,24.00,24.30,23.10,23.30,20.00,24.90,20.40,24.50,22.60,22.10,23.60,20.00,22.30,21.70,23.60,25.00,24.30,25.20,23.60,20.10,25.70,25.70,24.00,20.30,24.00,23.80,24.80,22.90,25.40,24.60,21.10,21.90,25.20,23.80,24.10,21.20,25.80,20.40,24.10,20.20,21.60,22.70,22.40,20.80,22.50,22.10,20.10,20.50,25.20,21.50,24.40,21.90,21.90,24.60,25.30,23.90,25.10,82.50,22.10,22.10,21.00,21.10,21.30,25.10
TLM_RCV,-95,FG-ALPHA,20240415_091438,AUTO,0,32.30,5.00,-85,99.95,8.33,3.31,5.02,0,460,0,306,22.30,1012.90,11.80,406.20,14.88,72.10,1080,24.90,22.30,22.60,22.00,23.50,24.70,24.20,24.40,21.70,22.00,24.80,21.90,22.90,24.20,24.20,23.80,20.20,25.30,24.90,23.30,20.20,24.70,20.40,25.30,25.60,22.70,23.40,25.70,25.20,22.70,25.70,21.10,24.40,21.00,24.30,21.10,20.30,21.10,24.80,23.80,22.80,21.00,22.90,23.70,24.40,22.40,24.60,24.20,22.50,23.50,20.00,20.00,21.50,24.40,22.00,21.30,25.30,20.50,22.90,24.50,21.20,23.10,25.00,25.50
TLM_RCV,-50,FG-ALPHA,20240415_091439,AUTO,0,31.12,5.00,-85,100.00,8.34,3.29,5.02,887,425,0,284,22.31,1013.20,11.80,404.90,14.88,72.10,1080,24.70,24.90,21.20,20.90,23.20,22.80,24.40,25.30,20.30,20.70,22.60,21.00,21.70,25.20,21.80,24.30,21.00,20.20,84.20,25.00,22.00,23.80,20.60,21.20,22.10,20.60,22.80,22.50,20.50,24.80,20.10,23.60,21.10,20.80,24.80,20.70,22.40,25.60,21.30,25.50,23.50,20.80,25.80,21.70,21.90,21.00,20.20,24.60,24.20,23.30,24.70,22.60,21.70,23.60,20.30,22.90,21.70,20.90,24.50,22.20,24.40,25.60,20.30,21.10
TLM_RCV,-53,FG-ALPHA,20240415_091501,AUTO,0,31.43,5.00,-85,99.93,8.33,3.30,5.02,0,487,0,330,22.43,1013.60,11.90,405.80,14.90,72.10,1080,25.50,25.60,22.20,24.10,23.70,20.00,20.40,20.90,21.70,20.00,24.40,24.80,24.90,25.70,20.30,23.20,22.10,23.70,25.60,21.90,21.10,20.90,20.80,23.90,20.20,22.90,24.80,23.00,24.60,20.50,23.70,20.20,21.10,25.30,20.10,84.20,24.70,20.20,20.00,24.00,23.10,21.90,24.10,25.10,24.60,23.50,21.00,21.60,20.40,24.90,23.00,23.90,20.50,22.90,20.60,24.00,22.10,22.80,21.30,20.20,23.50,24.80,23.00,24.00
TLM_RCV,-50,FG-ALPHA,20240415_091502,AUTO,0,31.16,5.00,-85,99.98,8.33,3.29,5.02,956,431,0,280,22.62,1012.70,12.10,405.00,14.90,72.10,1080,25.00,23.00,21.20,25.80,21.60,20.60,21.00,24.20,25.30,24.50,21.10,22.80,21.80,20.80,25.00,24.70,25.00,21.20,20.90,23.20,25.20,20.10,23.70,25.30,21.90,23.10,23.10,22.90,24.20,20.40,22.10,25.60,21.50,22.10,22.30,21.30,25.80,20.00,25.50,23.00,25.90,22.10,21.80,25.80,22.20,25.80,25.30,22.60,20.80,21.60,22.80,23.90,23.40,22.50,22.30,21.80,23.90,21.60,22.20,25.90,23.30,25.20,25.30,23.70
TLM_RCV,-59,FG-ALPHA,20240415_091503,AUTO,0,32.36,5.00,-85,100.00,8.33,3.28,5.02,1122,472,0,317,23.25,1013.40,12.00,406.30,14.90,72.10,1080,24.70,20.90,23.00,25.50,22.50,24.90,21.90,23.30,24.60,22.10,24.90,21.50,20.20,20.40,25.50,22.50,21.70,22.60,24.80,22.00,24.90,20.10,25.40,22.90,21.90,22.20,25.20,20.40,24.20,22.70,23.50,21.70,23.40,24.80,21.10,20.30,21.50,24.90,21.70,24.70,24.30,24.80,25.30,21.40,21.40,24.70,24.50,20.80,23.40,20.10,25.00,23.50,23.20,22.70,25.30,25.10,24.50,22.60,22.10,24.70,25.80,20.80,22.00,24.00
TLM_RCV,-95,FG-ALPHA,20240415_091504,AUTO,0,33.33,5.00,-85,100.00,8.33,3.30,5.02,1093,466,0,309,23.14,1012.80,12.00,404.60,14.91,72.10,1080,20.10,24.80,25.20,23.20,25.90,20.50,20.50,25.70,22.90,23.60,23.80,21.60,20.80,24.90,25.80,22.00,22.80,21.50,20.70,20.10,21.70,25.70,21.80,22.30,25.80,20.00,22.40,23.40,21.30,23.90,24.20,22.80,20.00,21.20,21.60,20.30,20.60,23.80,23.10,22.70,20.50,20.70,25.30,20.20,20.20,25.10,23.90,20.30,23.70,22.40,21.00,25.60,20.00,22.70,23.00,20.10,22.50,21.10,22.70,23.60,21.70,24.60,24.30,24.50
TLM_RCV,-74,FG-ALPHA,20240415_091505,AUTO,0,31.20,5.00,-85,99.96,8.33,3.28,5.02,0,440,0,291,22.20,1013.20,12.10,405.40,14.91,72.10,1080,22.60,23.60,22.10,24.90,20.70,23.10,25.40,21.80,20.00,25.10,23.20,23.10,25.90,24.80,22.90,24.80,25.00,25.50,25.60,25.00,21.90,23.40,23.30,20.20,24.50,22.30,24.40,25.20,25.00,25.30,20.50,22.30,24.00,22.60,21.50,23.00,20.80,23.50,25.20,24.40,22.40,23.10,22.30,24.20,23.60,24.80,22.30,24.30,22.40,22.30,24.60,24.40,25.10,23.60,21.10,20.20,23.50,22.00,22.60,21.40,21.40,23.80,21.70,23.20
TLM_RCV,-44,FG-ALPHA,20240415_091506,AUTO,0,33.40,5.00,-85,100.00,8.33,3.31,5.02,952,479,0,330,22.36,1012.70,12.00,406.30,14.91,72.10,1080,20.40,23.60,23.90,23.60,24.70,22.00,23.30,23.90,23.80,22.60,21.80,25.70,22.90,22.10,24.70,24.70,20.10,25.50,21.90,22.80,25.90,20.20,21.60,22.60,24.70,24.70,24.10,25.70,23.20,22.10,25.80,23.10,25.50,23.50,24.00,21.00,25.30,20.60,21.50,25.60,23.60,23.80,25.80,21.40,23.00,22.80,75.90,25.90,25.30,25.00,21.30,25.80,25.20,25.00,20.70,20.00,20.10,24.60,20.20,24.30,24.40,24.30,24.20,21.70
TLM_RCV,-78,FG-ALPHA,20240415_091507,AUTO,0,31.39,5.00,-85,100.00,8.33,3.30,5.02,1164,477,0,318,23.43,1013.60,11.80,405.70,14.91,72.10,1080,22.80,21.50,21.00,22.90,22.70,20.80,25.60,21.00,23.50,23.00,24.10,22.40,21.60,24.70,20.10,21.40,22.80,22.60,20.40,23.00,25.70,24.20,24.20,20.30,25.80,24.30,25.70,21.60,25.50,25.90,20.80,24.30,21.50,24.10,21.40,24.60,24.10,24.30,21.00,25.00,24.40,22.60,22.20,21.70,23.00,21.00,21.30,24.10,25.90,25.60,22.00,25.00,24.10,22.90,21.30,23.60,23.90,24.80,25.90,21.50,21.40,22.90,24.00,22.30
TLM_RCV,-62,FG-ALPHA,20240415_091508,AUTO,0,32.06,5.00,-85,99.96,8.34,3.30,5.02,0,411,0,256,22.06,1013.10,12.00,406.20,14.91,72.10,1080,24.10,25.50,25.10,24.20,23.00,20.50,20.20,24.40,20.50,21.50,24.70,20.00,21.80,24.90,21.90,21.40,22.90,22.80,23.10,20.00,21.20,20.60,20.10,25.00,23.80,23.70,20.20,24.30,23.60,24.90,23.90,21.90,20.70,21.20,25.20,24.90,25.30,22.00,22.20,24.30,22.20,22.60,21.60,22.70,23.10,21.70,22.50,22.30,22.20,21.80,20.70,24.10,22.40,25.90,24.90,20.00,21.10,20.90,21.20,25.00,25.30,23.90,24.80,23.10
TLM_RCV,-53,FG-ALPHA,20240415_091509,AUTO,0,31.08,5.00,-85,99.92,8.34,3.29,5.02,0,417,0,258,22.08,1013.10,12.00,406.20,14.91,72.10,1080,25.00,22.50,23.30,23.10,25.10,20.50,22.60,21.20,20.70,20.00,20.20,24.50,23.10,25.80,23.70,22.60,23.40,22.00,23.90,24.90,20.50,22.20,22.50,22.60,21.80,22.40,24.10,24.40,20.20,23.30,24.10,21.30,22.30,21.60,25.90,20.00,23.20,25.10,21.20,20.60,22.10,23.40,21.50,24.60,23.60,23.20,22.30,25.80,25.00,22.10,22.00,23.60,24.60,20.40,22.20,24.90,21.20,22.80,20.20,23.60,24.40,24.10,21.40,25.00
TLM_RCV,-84,FG-ALPHA,20240415_091510,AUTO,0,33.06,5.00,-85,99.98,8.34,3.30,5.02,1025,411,0,256,23.07,1013.40,11.90,405.10,14.91,72.10,1080,23.20,25.20,25.00,20.00,20.70,23.20,25.10,21.20,22.20,24.10,25.20,25.40,21.60,24.00,22.90,22.50,24.20,21.90,87.40,20.10,21.90,23.50,21.40,20.90,22.20,25.30,23.00,20.40,24.30,24.80,20.40,24.90,20.70,21.90,24.90,23.90,22.40,24.90,21.90,24.90,21.70,24.60,21.40,20.60,24.40,22.50,25.90,22.40,21.20,25.60,20.80,23.10,24.70,24.10,21.60,24.70,23.70,25.90,20.90,23.40,22.70,22.30,23.30,20.60
TLM_RCV,-41,FG-ALPHA,20240415_091511,AUTO,0,32.23,5.00,-85,100.00,8.33,3.30,5.02,848,446,0,306,22.01,1012.90,11.80,405.00,14.91,72.10,1080,23.70,25.20,22.70,23.00,24.50,22.90,22.40,25.50,21.40,20.40,20.30,21.50,24.10,25.60,21.90,21.90,20.10,24.70,23.50,20.10,20.10,23.80,21.20,25.20,24.40,20.40,24.30,23.90,23.80,23.60,21.80,23.90,24.60,25.20,23.90,24.50,25.70,22.30,20.00,22.30,23.70,25.20,25.60,21.20,21.80,23.10,25.40,23.70,24.70,23.20,22.10,20.00,24.20,20.30,20.00,23.30,21.40,24.70,20.10,21.90,23.80,24.20,25.60,23.30
TLM_RCV,-41,FG-ALPHA,20240415_091512,AUTO,0,32.09,5.00,-85,100.00,8.34,3.29,5.02,1195,418,0,259,23.89,1013.40,11.80,406.00,14.91,72.10,1080,25.60,23.30,23.80,23.30,21.20,21.10,21.60,21.50,24.70,20.10,25.90,25.80,24.30,20.40,21.70,23.30,23.30,23.00,23.30,20.60,21.30,21.50,21.90,21.70,23.60,21.70,22.40,23.90,23.00,20.30,20.20,21.10,23.10,21.60,23.20,25.50,22.50,21.90,23.70,21.00,24.00,23.60,24.60,24.30,22.70,21.80,24.70,22.90,25.80,20.40,24.70,20.30,24.00,20.50,21.40,24.80,25.10,23.70,22.70,22.20,23.30,25.30,21.40,24.70
TLM_RCV,-83,FG-ALPHA,20240415_091513,AUTO,0,32.20,5.00,-85,100.00,8.33,3.31,5.02,1165,440,0,292,23.62,1012.70,12.10,404.70,14.91,72.10,1080,23.00,21.40,25.30,22.10,25.90,21.00,20.00,25.60,20.80,23.90,24.70,25.20,24.90,25.40,25.20,25.00,20.90,23.20,23.30,23.70,21.10,25.40,24.80,25.60,25.80,21.40,22.00,23.50,21.10,25.50,25.60,22.90,24.30,20.50,22.00,24.00,24.10,22.70,20.90,22.20,24.70,23.10,24.20,21.90,20.40,23.90,21.00,23.50,24.10,25.40,24.90,21.20,23.50,22.20,24.00,22.10,25.40,24.50,21.10,23.30,20.50,24.90,22.30,23.40
TLM_RCV,-45,FG-ALPHA,20240415_091514,AUTO,0,31.44,5.00,-85,99.95,8.33,3.28,5.02,0,489,0,338,22.44,1013.20,11.80,406.20,14.92,72.10,1080,25.10,23.40,24.90,24.20,24.40,20.80,23.00,23.50,25.20,24.20,21.80,24.20,24.00,21.70,25.80,25.90,23.00,25.70,25.50,21.50,20.20,23.60,23.50,20.90,20.10,24.40,23.80,23.10,24.10,20.70,21.90,25.90,24.80,24.20,21.60,24.70,20.30,22.70,20.20,23.40,24.30,24.90,20.00,22.60,23.20,20.20,25.90,25.20,21.90,24.30,23.70,25.70,21.40,25.30,23.30,23.60,25.40,21.90,23.30,20.60,21.10,22.70,22.60,25.60
TLM_RCV,-72,FG-ALPHA,20240415_091515,AUTO,0,33.35,5.00,-85,100.00,8.33,3.31,5.02,1157,471,0,327,23.43,1012.80,11.90,405.90,14.92,72.10,1080,24.90,20.00,21.80,22.20,21.60,22.10,22.20,20.80,24.70,22.80,22.70,20.30,21.60,25.70,23.70,25.90,22.20,22.20,24.00,23.90,20.60,20.90,21.60,20.00,73.30,25.90,22.90,25.30,25.00,22.70,25.20,25.60,22.30,25.20,21.40,21.10,22.00,22.40,21.40,20.10,23.10,25.30,23.50,25.40,22.70,23.70,24.40,21.00,20.20,20.60,24.60,20.40,20.90,21.30,24.60,20.60,22.60,21.20,21.20,25.40,25.80,24.40,25.60,24.70
TLM_RCV,-48,FG-ALPHA,20240415_091516,AUTO,0,33.24,5.00,-85,100.00,8.33,3.29,5.02,909,448,0,304,22.31,1013.40,12.10,405.50,14.92,72.10,1080,20.50,25.70,24.30,25.50,22.80,21.30,25.30,23.70,24.70,21.10,21.90,22.60,21.20,22.40,25.10,21.00,21.80,22.00,24.80,25.50,21.40,20.70,20.70,20.20,24.30,20.00,20.50,22.50,20.70,22.20,22.60,21.10,23.90,22.60,24.80,20.40,24.40,24.10,24.10,23.30,24.60,23.70,25.70,20.60,25.40,23.80,25.00,23.30,22.70,21.50,23.00,23.00,24.30,21.60,23.00,20.40,25.70,21.40,21.00,22.50,25.10,22.20,25.30,24.90
TLM_RCV,-72,FG-ALPHA,20240415_091517,AUTO,0,33.07,5.00,-85,100.00,8.34,3.30,5.02,1192,414,0,261,23.89,1013.40,12.00,405.20,14.92,72.10,1080,25.10,21.20,22.30,23.60,25.70,20.40,20.80,24.30,21.70,20.30,22.90,25.60,22.20,23.90,20.60,25.00,21.00,20.30,25.60,25.80,22.60,20.20,24.60,23.80,22.90,25.80,23.60,25.30,24.60,22.60,21.60,25.10,25.20,22.00,24.30,20.40,22.50,22.60,21.00,23.20,25.70,21.60,21.00,24.10,20.90,21.90,25.20,22.80,23.90,22.50,25.70,23.00,21.50,20.50,23.20,24.50,20.60,25.20,21.20,23.30,23.00,23.90,24.00,24.90
TLM_RCV,-54,FG-ALPHA,20240415_091518,AUTO,0,31.08,5.00,-85,100.00,8.34,3.29,5.02,1063,417,0,271,23.23,1012.70,11.80,405.80,14.92,72.10,1080,20.00,20.80,24.10,86.10,21.90,22.00,20.90,20.30,20.90,21.90,21.30,21.70,21.80,21.00,21.30,24.10,23.20,20.50,20.70,25.10,21.40,20.50,23.90,21.50,24.60,24.50,25.40,21.30,21.30,20.40,21.60,23.40,22.80,23.70,21.80,24.10,21.20,23.50,21.20,23.80,20.20,23.90,21.20,23.30,22.30,25.30,23.20,22.40,20.40,23.50,24.30,23.70,20.90,25.80,20.30,24.40,23.30,23.60,21.70,24.20,24.60,22.20,25.40,21.40
TLM_RCV,-47,FG-ALPHA,20240415_091519,AUTO,0,33.48,5.00,-85,100.00,8.33,3.31,5.02,1011,496,0,338,22.58,1013.10,11.90,404.50,14.92,72.10,1080,24.20,24.70,24.70,24.80,24.30,22.00,25.00,22.30,21.00,21.40,23.00,25.60,24.90,25.60,21.40,20.10,23.90,25.50,22.20,23.10,25.90,25.90,24.40,24.60,83.70,20.40,22.30,25.00,24.90,23.60,20.90,25.00,25.20,25.80,23.60,21.10,25.30,23.10,22.30,22.00,21.70,23.30,21.50,22.40,22.10,20.90,23.60,24.70,23.30,25.60,23.00,21.00,25.50,20.40,21.90,22.80,22.00,23.30,21.70,20.60,21.00,21.50,22.50,25.30
TLM_RCV,-90,FG-ALPHA,20240415_091520,AUTO,0,32.47,5.00,-85,100.00,8.33,3.28,5.02,1197,493,0,340,23.52,1013.30,12.00,405.50,14.92,72.10,1080,23.70,22.90,21.10,22.30,21.60,20.60,23.50,21.80,20.30,22.40,22.40,22.50,20.30,20.50,22.50,25.20,24.00,24.00,25.00,24.00,21.40,24.80,22.80,23.40,23.20,23.10,21.70,20.30,23.30,23.30,25.20,23.40,22.80,22.50,21.40,21.30,22.50,20.10,24.80,25.00,25.50,25.20,24.60,24.20,23.30,23.50,24.90,24.60,25.80,25.60,23.10,21.90,23.60,20.60,24.50,20.10,21.90,21.60,25.20,25.20,22.60,24.30,25.00,23.70
TLM_RCV,-49,FG-ALPHA,20240415_091521,AUTO,0,31.04,5.00,-85,99.96,8.34,3.29,5.02,0,408,0,259,22.04,1013.00,11.80,405.70,14.92,72.10,1080,24.50,23.20,22.90,24.10,24.70,21.90,24.40,22.90,25.10,20.00,20.40,22.70,21.40,25.60,22.60,20.40,25.80,24.30,24.20,23.20,20.80,25.50,22.10,23.70,24.20,20.50,21.00,23.60,25.30,24.90,24.40,23.40,20.20,23.60,23.00,20.40,24.50,21.10,23.50,22.60,22.00,24.30,22.80,21.10,22.90,23.50,23.30,23.60,23.40,21.40,23.40,25.90,25.50,20.50,25.40,25.70,22.50,25.40,25.40,22.60,23.60,21.10,25.10,25.40
TLM_RCV,-77,FG-ALPHA,20240415_091522,AUTO,0,31.25,5.00,-85,100.00,8.33,3.30,5.02,816,451,0,296,21.83,1013.60,12.00,405.50,14.92,72.10,1080,21.50,25.60,22.40,23.90,21.80,25.80,25.10,23.90,24.70,21.30,22.40,23.10,21.50,21.70,20.00,22.20,20.60,22.90,21.30,25.60,25.20,23.30,20.80,20.70,21.90,24.90,22.00,21.60,21.00,23.20,20.40,21.10,24.60,24.60,20.70,23.00,20.90,22.80,25.30,20.00,23.00,23.10,23.20,25.40,24.70,20.80,25.90,25.80,20.70,21.10,21.60,25.40,25.10,23.50,22.00,21.00,22.80,23.10,21.50,20.20,23.80,23.10,25.20,21.70
TLM_RCV,-63,FG-ALPHA,20240415_091523,AUTO,0,32.14,5.00,-85,100.00,8.34,3.28,5.02,1197,428,0,272,23.84,1012.90,12.10,405.30,14.92,72.10,1080,20.60,21.10,21.60,22.80,20.40,21.90,23.00,20.90,24.30,20.50,22.40,22.70,23.00,21.00,22.00,22.00,23.60,25.80,20.20,25.10,21.60,25.50,21.90,21.10,21.30,24.20,24.10,24.90,25.50,24.20,23.10,21.00,20.00,24.40,24.00,22.50,23.70,22.80,23.30,21.60,22.20,20.60,23.40,23.30,21.00,22.50,25.90,20.00,22.70,21.90,24.40,24.90,25.30,20.30,23.20,24.70,21.30,24.30,20.00,21.20,20.70,23.20,20.90,24.90
TLM_RCV,-55,FG-ALPHA,20240415_091524,AUTO,0,33.40,5.00,-85,99.95,8.33,3.31,5.02,0,479,0,339,22.40,1012.70,11.80,405.70,14.93,72.10,1080,20.70,21.80,23.90,22.60,24.40,24.70,21.90,21.60,20.80,23.00,24.60,25.80,25.00,22.60,21.60,23.80,22.40,24.60,24.30,23.20,25.50,25.70,23.90,24.50,23.90,24.90,21.50,21.80,21.90,24.70,25.20,20.80,25.40,25.00,21.50,25.50,20.50,25.10,20.00,23.50,20.80,25.40,25.20,22.90,24.20,20.90,21.80,23.90,20.00,20.90,20.00,20.30,23.80,24.60,20.50,23.70,20.90,22.40,25.10,21.40,20.00,20.10,22.20,23.60
TLM_RCV,-61,FG-ALPHA,20240415_091525,AUTO,0,31.41,5.00,-85,99.90,8.33,3.28,5.02,0,481,0,333,22.41,1012.80,12.10,405.70,14.93,72.10,1080,25.90,20.90,23.90,21.40,24.50,20.90,24.40,22.20,20.70,20.50,23.30,23.20,24.40,20.60,21.90,24.40,23.20,25.80,21.90,22.00,20.60,24.80,20.50,22.30,21.50,20.70,21.30,24.10,21.30,25.20,23.00,20.80,20.50,22.00,22.70,21.90,22.10,22.50,23.10,21.00,22.80,20.40,24.20,23.80,21.30,24.20,24.80,24.20,23.60,24.20,20.10,21.70,21.90,25.00,22.90,21.10,20.40,22.20,89.70,25.70,22.00,20.00,23.40,23.40
TLM_RCV,-73,FG-ALPHA,20240415_091526,AUTO,0,33.35,5.00,-85,99.95,8.33,3.28,5.02,906,471,0,325,22.17,1013.20,11.80,405.20,14.93,72.10,1080,22.00,23.10,22.60,20.60,20.30,20.50,22.10,22.80,21.10,22.50,24.10,21.30,21.20,22.30,23.40,22.10,25.50,24.90,22.20,21.00,25.30,20.00,24.20,20.00,24.30,21.40,20.70,23.40,21.20,25.90,20.70,25.80,20.30,23.50,21.20,23.10,23.70,20.20,25.40,25.40,25.50,24.30,21.40,23.80,22.10,25.30,22.60,25.60,21.30,22.90,22.00,22.00,20.90,23.20,21.70,25.10,22.20,22.60,23.60,21.30,24.60,23.40,22.00,24.00
TLM_RCV,-94,FG-ALPHA,20240415_091527,AUTO,0,31.14,5.00,-85,100.00,8.34,3.29,5.02,969,427,0,287,22.71,1013.20,12.00,405.40,14.93,72.10,1080,23.40,21.10,24.80,24.70,24.70,20.30,23.00,23.10,21.30,25.20,22.10,22.00,25.00,23.50,22.80,25.50,22.70,24.90,21.40,21.40,23.70,20.90,21.00,24.60,20.90,23.80,22.90,23.30,22.00,25.40,22.00,23.70,23.60,25.80,25.60,24.30,22.20,20.60,25.60,75.60,20.90,23.00,24.60,22.70,25.60,25.40,23.70,20.20,24.70,22.90,24.80,23.70,21.60,24.00,24.50,23.20,23.60,21.80,20.40,20.00,22.30,22.40,22.90,25.40
TLM_RCV,-67,FG-ALPHA,20240415_091528,AUTO,0,32.00,5.00,-85,99.96,8.34,3.28,5.02,0,400,0,258,22.00,1013.30,12.00,405.60,14.93,72.10,1080,23.70,25.10,24.80,20.50,25.80,23.80,20.10,21.20,24.70,25.40,25.90,24.50,21.70,21.50,25.90,21.50,74.60,20.90,23.30,22.60,21.30,21.40,21.90,21.00,21.60,24.40,22.40,21.20,25.30,25.00,23.30,22.80,22.10,20.60,21.30,22.20,24.80,21.50,24.70,20.90,24.40,22.30,20.30,20.20,25.00,22.50,22.10,20.60,25.30,20.00,25.50,21.10,24.90,21.70,20.40,21.50,22.60,20.00,22.20,24.70,24.60,20.40,23.90,24.30
TLM_RCV,-93,FG-ALPHA,20240415_091529,AUTO,0,32.12,5.00,-85,100.00,8.34,3.31,5.02,1035,423,0,264,23.06,1013.10,12.10,405.90,14.93,72.10,1080,21.30,25.10,20.50,24.60,24.30,23.40,24.00,23.50,24.90,23.10,21.00,21.00,21.20,25.30,23.20,20.10,25.10,20.40,24.60,23.30,20.50,20.30,23.20,25.00,20.00,24.00,23.00,24.50,23.60,24.30,21.40,22.90,20.60,21.80,23.80,20.60,21.80,23.60,20.70,20.30,23.70,25.10,20.20,21.10,23.60,21.10,25.10,24.00,24.10,24.60,23.90,22.80,20.20,22.20,20.60,20.00,22.80,21.90,23.10,21.90,21.80,20.00,23.20,21.60
TLM_RCV,-76,FG-ALPHA,20240415_091530,AUTO,0,31.39,5.00,-85,100.00,8.33,3.28,5.02,840,478,0,332,21.81,1013.00,12.10,405.40,14.93,72.10,1080,23.20,21.60,25.30,25.40,24.30,23.10,24.80,25.60,21.30,21.30,24.10,24.40,21.20,21.80,20.30,20.40,20.40,21.60,23.30,24.90,23.50,21.30,25.00,20.20,21.10,23.40,20.20,24.50,25.10,25.80,24.00,23.80,23.20,23.60,21.40,25.10,20.60,22.60,25.00,24.90,22.60,24.50,20.50,23.90,25.70,21.10,22.50,20.50,25.40,23.30,22.40,20.60,22.20,21.60,23.90,20.40,21.80,25.80,23.00,24.20,22.50,23.00,23.30,23.50
TLM_RCV,-59,FG-ALPHA,20240415_091531,AUTO,0,32.31,5.00,-85,100.00,8.33,3.29,5.02,1153,463,0,318,23.45,1013.10,12.10,405.90,14.93,72.10,1080,22.30,22.10,24.40,22.60,22.00,21.30,22.60,20.20,25.80,21.20,21.30,20.30,25.00,20.50,23.00,22.10,22.60,21.30,22.10,21.80,20.70,20.00,22.00,20.70,24.00,22.80,20.20,23.70,22.90,23.10,20.00,21.40,20.20,22.80,20.50,23.10,23.10,22.90,23.60,22.70,24.80,22.90,20.20,21.80,21.90,20.00,23.90,22.30,25.30,24.60,23.00,23.70,24.20,20.90,20.30,24.90,23.20,22.40,21.10,23.30,20.20,20.80,23.00,20.90
TLM_RCV,-47,FG-ALPHA,20240415_091532,AUTO,0,31.23,5.00,-85,100.00,8.33,3.28,5.02,1012,445,0,289,22.83,1013.60,11.90,405.30,14.93,72.10,1080,22.70,21.80,23.90,22.30,25.10,21.20,24.60,22.40,25.90,25.40,20.60,25.60,23.10,21.50,25.20,24.90,23.10,23.30,22.20,22.60,22.80,21.90,21.40,21.40,24.20,20.90,24.50,22.00,24.00,22.50,22.10,25.90,21.00,25.10,23.90,24.20,25.30,20.80,21.10,20.00,24.30,20.40,24.30,21.50,21.90,21.20,22.50,21.40,22.10,25.60,22.20,22.10,24.60,21.30,24.50,25.50,24.20,21.70,21.70,20.90,22.30,23.50,21.90,20.20
TLM_RCV,-68,FG-ALPHA,20240415_091533,AUTO,0,31.29,5.00,-85,99.95,8.33,3.31,5.02,0,458,0,300,22.29,1012.70,11.80,406.10,14.93,72.10,1080,25.60,22.10,20.00,23.40,23.20,22.10,24.30,23.50,24.10,23.00,20.60,22.60,25.10,20.50,20.50,25.30,21.30,24.00,23.80,24.00,25.20,24.50,21.60,23.80,24.10,24.80,25.80,25.80,21.20,23.40,21.90,24.90,22.40,20.10,20.80,20.90,23.20,22.40,23.30,24.20,21.10,23.60,20.60,23.60,24.80,23.50,20.80,21.30,20.50,23.00,23.60,22.90,25.10,21.00,24.50,22.30,24.30,25.70,25.30,25.30,23.30,20.20,24.50,24.40
TLM_RCV,-62,FG-ALPHA,20240415_091534,AUTO,0,33.47,5.00,-85,99.99,8.33,3.31,5.02,854,493,0,344,21.81,1013.00,12.10,404.80,14.94,72.10,1080,23.90,21.70,20.90,25.10,24.60,25.00,20.60,21.30,22.20,25.80,22.90,23.70,23.30,22.40,23.50,21.30,20.60,22.40,24.70,21.90,24.60,23.50,24.40,20.20,24.40,24.80,20.30,20.10,21.50,25.90,21.20,24.20,24.80,20.10,23.60,22.10,20.30,25.90,23.90,22.30,23.00,22.80,23.10,22.20,21.80,22.20,21.30,23.50,24.90,25.90,25.60,23.10,20.70,23.30,22.50,25.00,21.60,20.60,21.10,25.80,22.90,22.50,24.60,21.40
TLM_RCV,-57,FG-ALPHA,20240415_091535,AUTO,0,31.39,5.00,-85,100.00,8.33,3.28,5.02,1155,478,0,321,23.39,1013.30,11.90,405.40,14.94,72.10,1080,21.60,25.60,25.50,24.60,22.00,24.90,22.30,25.20,25.30,21.20,20.90,25.70,20.20,24.70,22.60,20.20,23.10,24.10,22.30,24.50,25.10,25.30,23.40,23.60,25.10,20.70,25.90,23.30,20.20,24.30,24.20,23.80,21.70,25.00,22.00,24.80,22.70,24.00,22.90,24.40,25.40,20.20,25.80,21.60,24.50,22.30,21.50,25.20,24.40,23.70,25.70,25.70,24.70,22.60,24.10,23.30,21.50,23.80,22.50,25.20,21.40,21.90,25.70,20.20
TLM_RCV,-95,FG-ALPHA,20240415_091536,AUTO,0,33.47,5.00,-85,99.95,8.32,3.31,5.02,0,493,0,341,22.47,1013.00,12.00,404.60,14.94,72.10,1080,24.70,21.40,21.80,23.70,25.20,20.70,22.20,22.70,23.50,20.80,21.50,20.40,23.80,24.70,21.90,20.90,23.20,24.90,24.20,21.50,23.80,20.20,25.60,23.20,24.60,24.10,22.90,24.40,24.90,25.30,21.80,23.20,23.70,20.70,25.00,25.20,20.00,20.20,25.00,22.90,25.90,24.00,25.40,24.90,21.50,24.20,22.40,21.00,23.40,23.60,20.60,20.90,20.90,23.30,25.50,20.50,20.50,24.10,24.40,23.90,24.70,23.70,24.50,23.00
TLM_RCV,-71,FG-ALPHA,20240415_091537,AUTO,0,33.27,5.00,-85,100.00,8.33,3.29,5.02,1139,454,0,311,23.42,1013.40,11.80,405.40,14.94,72.10,1080,25.10,24.10,21.20,20.40,23.20,24.20,25.20,24.50,23.50,23.50,23.60,22.20,24.40,20.30,23.70,21.00,23.80,23.80,24.10,23.80,24.60,25.50,23.70,25.60,21.60,20.50,24.30,24.00,21.20,23.00,22.20,22.40,25.60,24.80,22.70,24.00,22.60,22.90,20.40,21.90,23.20,23.40,21.10,24.00,25.40,25.50,21.60,23.70,20.80,24.80,25.50,21.40,20.90,21.30,22.90,25.20,20.40,25.30,22.70,23.30,20.10,22.40,24.50,24.50
TLM_RCV,-47,FG-ALPHA,20240415_091538,AUTO,0,32.23,5.00,-85,100.00,8.33,3.28,5.02,1121,446,0,290,23.37,1013.50,12.00,404.50,14.94,72.10,1080,24.80,20.30,23.50,24.60,21.60,24.60,22.80,22.20,24.30,20.40,20.10,22.20,21.30,23.50,22.70,24.30,25.60,23.20,23.50,24.00,23.90,20.20,21.90,22.80,24.60,20.50,22.10,24.00,20.10,23.90,24.40,21.10,23.60,22.30,24.20,20.10,23.70,22.50,22.00,24.60,23.00,24.00,25.70,22.00,22.60,20.40,25.20,21.40,22.70,23.20,23.70,20.70,22.80,20.30,25.00,21.50,25.40,22.10,24.60,22.90,25.40,23.10,20.70,24.00
TLM_RCV,-46,FG-ALPHA,20240415_091539,AUTO,0,32.34,5.00,-85,100.00,8.33,3.29,5.02,1134,468,0,316,23.33,1013.20,12.10,405.30,14.94,72.10,1080,24.20,22.70,22.70,23.00,22.60,25.90,23.30,22.50,25.50,20.00,22.40,24.50,23.30,22.30,23.30,25.10,20.50,25.20,24.20,25.20,23.30,23.80,23.20,22.80,22.90,23.60,20.60,20.10,24.00,21.70,25.10,20.10,25.40,20.40,21.00,21.50,25.50,20.60,25.00,20.20,25.30,24.70,21.30,23.00,24.60,21.80,21.30,23.20,24.40,23.10,25.00,24.00,22.20,21.40,20.90,24.60,24.20,20.90,23.90,21.70,23.00,20.00,21.00,22.00
TLM_RCV,-63,FG-ALPHA,20240415_091540,AUTO,0,32.03,5.00,-85,100.00,8.34,3.28,5.02,840,407,0,250,22.17,1013.60,11.90,406.30,14.94,72.10,1080,22.60,20.90,25.40,20.90,21.30,21.50,20.00,22.80,20.10,21.40,22.00,21.70,21.30,22.40,21.10,25.10,20.60,25.70,20.30,25.50,20.80,20.10,23.60,25.00,20.10,22.20,24.10,22.00,23.00,25.80,20.00,22.70,24.80,21.50,24.70,20.80,25.60,20.60,23.30,24.30,25.60,23.80,25.10,25.60,24.60,23.50,20.20,22.40,23.70,21.40,23.30,24.70,23.20,22.50,21.50,23.00,23.90,21.00,23.70,25.80,20.10,24.90,20.60,25.40
TLM_RCV,-92,FG-ALPHA,20240415_091541,AUTO,0,32.31,5.00,-85,100.00,8.33,3.28,5.02,1007,461,0,308,22.73,1013.40,11.90,404.50,14.94,72.10,1080,23.00,25.30,22.30,21.90,21.70,25.00,24.90,21.50,21.00,25.10,22.50,24.00,25.20,23.50,22.80,23.20,22.60,24.40,22.00,24.30,22.20,20.30,24.30,21.50,23.80,22.10,24.00,24.00,22.40,21.10,20.70,25.50,22.10,24.60,21.50,20.40,25.80,23.00,24.70,22.30,25.90,25.40,23.30,22.00,22.70,22.80,25.40,20.20,21.50,21.80,20.90,21.10,25.20,23.20,25.50,20.00,20.80,25.50,22.30,22.30,25.90,20.90,23.00,23.50
TLM_RCV,-77,FG-ALPHA,20240415_091603,AUTO,0,33.21,5.00,-85,99.96,8.33,3.31,5.02,0,442,0,291,22.21,1012.70,11.80,405.20,14.96,72.40,1080,23.80,21.70,24.50,23.60,20.50,25.70,23.90,24.50,20.20,23.40,23.80,23.60,25.60,25.80,21.80,23.90,21.90,22.90,23.90,23.80,23.10,25.50,25.40,21.50,23.50,20.70,22.60,20.70,24.80,21.40,22.10,25.20,21.20,24.00,22.30,21.80,21.10,20.30,25.50,23.30,21.00,22.50,22.30,20.30,24.20,24.30,20.70,22.00,20.60,20.40,21.40,25.40,23.90,22.50,25.30,25.20,23.40,20.80,24.30,21.60,20.90,23.80,23.80,24.60
TLM_RCV,-54,FG-ALPHA,20240415_091604,AUTO,0,33.35,5.00,-85,100.00,8.33,3.29,5.02,1095,471,0,314,23.12,1013.10,12.10,404.80,14.97,72.40,1080,25.60,21.80,22.40,22.00,23.10,24.50,21.00,25.40,25.40,23.40,21.50,21.30,21.00,23.90,23.00,23.60,25.50,21.90,22.80,21.60,23.40,25.80,21.40,21.40,25.90,23.90,25.50,21.00,23.30,21.30,24.40,21.10,24.30,21.30,24.90,23.60,25.70,20.40,21.90,22.30,21.60,20.60,22.70,20.00,21.30,20.00,20.90,24.60,21.00,20.70,21.60,24.60,23.60,22.60,21.40,22.40,22.60,21.40,24.90,20.70,23.00,22.20,23.80,22.20
TLM_RCV,-92,FG-ALPHA,20240415_091605,AUTO,0,31.97,5.00,-85,99.96,8.34,3.30,5.02,0,393,0,252,21.97,1013.60,12.00,405.50,14.97,72.40,1080,21.60,25.40,22.80,20.10,24.30,20.90,25.20,22.70,21.40,21.70,21.80,25.60,21.80,24.60,20.50,24.40,25.00,25.10,23.80,20.80,24.40,20.00,25.90,25.80,22.50,21.50,24.10,24.70,21.30,21.10,25.90,24.10,24.40,20.30,22.30,23.00,23.00,23.10,25.10,25.90,20.40,25.40,21.50,24.00,23.80,21.90,21.60,23.00,24.80,25.80,25.80,25.60,24.40,23.10,22.10,25.60,22.70,20.00,21.60,22.30,20.90,25.50,20.00,23.40
TLM_RCV,-82,FG-ALPHA,20240415_091606,AUTO,0,32.08,5.00,-85,100.00,8.34,3.28,5.02,962,415,0,268,22.74,1013.30,11.90,405.80,14.97,72.40,1080,24.00,22.00,23.50,22.70,20.50,20.30,22.50,22.30,22.50,25.90,25.80,24.00,25.70,21.50,25.70,20.10,20.20,21.40,22.30,23.90,23.30,24.40,24.20,24.90,21.30,20.20,21.90,25.40,20.40,24.30,22.20,24.40,20.90,24.30,21.40,21.40,21.00,20.20,22.40,24.50,25.70,20.50,20.70,22.80,25.60,22.20,25.70,20.80,24.70,23.40,20.50,20.30,25.90,25.80,20.40,22.50,23.00,20.10,25.00,22.70,23.90,25.00,21.70,21.80
TLM_RCV,-89,FG-ALPHA,20240415_091607,AUTO,0,33.31,5.00,-85,100.00,8.33,3.28,5.02,1078,461,0,320,23.08,1013.00,12.10,405.30,14.97,72.40,1080,24.90,75.50,20.10,22.20,25.10,21.70,21.00,21.50,20.10,20.70,21.00,22.70,24.50,25.10,22.30,21.70,23.90,21.60,20.40,23.70,20.00,21.40,24.40,24.40,22.20,23.40,23.50,20.30,22.00,23.50,20.50,25.60,23.80,20.40,23.30,22.70,23.10,20.80,20.30,22.10,22.00,22.60,22.10,23.40,25.90,23.80,21.10,23.20,20.70,20.70,21.80,25.20,20.60,21.60,24.30,23.40,21.60,22.60,22.00,25.00,25.70,23.40,22.40,20.40
TLM_RCV,-59,FG-ALPHA,20240415_091608,AUTO,0,33.28,5.00,-85,99.95,8.33,3.30,5.02,0,455,0,296,22.27,1013.50,12.00,406.10,14.97,72.40,1080,23.60,20.70,21.10,20.30,21.30,24.40,21.00,25.40,25.60,25.40,24.40,23.10,24.90,21.80,21.80,25.20,24.60,22.90,23.90,22.20,24.70,24.10,23.80,20.70,21.60,20.40,22.90,22.40,21.00,22.80,24.10,25.10,25.10,22.20,25.20,22.80,24.10,24.40,20.70,22.20,22.30,25.10,23.70,25.30,25.70,20.90,23.80,23.90,21.60,25.90,23.80,24.60,25.70,20.80,20.10,22.10,24.30,23.50,22.60,23.00,25.60,25.80,23.90,23.20
TLM_RCV,-49,FG-ALPHA,20240415_091609,AUTO,0,31.44,5.00,-85,99.91,8.32,3.28,5.02,0,489,0,332,22.44,1013.20,11.90,404.90,14.97,72.40,1080,23.10,23.40,22.10,24.90,25.60,22.50,24.90,23.10,25.00,20.00,23.10,21.90,25.70,21.80,22.40,22.80,21.50,24.70,20.80,20.50,24.80,24.70,23.30,22.60,20.30,22.40,22.20,21.00,21.80,22.60,24.30,20.90,20.30,23.40,25.30,24.20,22.90,21.90,21.70,23.30,20.20,23.90,24.10,21.20,22.70,23.20,25.90,22.10,23.50,23.50,22.40,22.00,25.70,24.50,25.70,21.10,21.90,21.00,23.70,21.20,21.20,21.50,25.70,20.50
TLM_RCV,-88,FG-ALPHA,20240415_091610,AUTO,0,33.13,5.00,-85,99.96,8.34,3.28,5.02,1011,426,0,269,22.92,1013.20,11.80,405.60,14.97,72.40,1080,23.50,23.00,20.10,20.30,21.30,21.10,24.00,25.10,23.10,20.60,24.30,22.50,21.90,21.20,21.90,25.70,23.20,25.00,25.20,20.30,25.10,20.50,22.10,23.80,24.30,25.10,23.00,23.00,21.20,25.90,25.00,24.20,20.80,25.10,24.90,24.80,25.50,21.90,24.90,22.00,25.00,23.30,23.40,22.60,22.60,21.50,23.60,21.00,20.30,24.80,22.00,21.30,22.90,25.80,24.20,23.50,24.50,22.80,24.80,25.80,25.00,25.60,24.40,23.70
TLM_RCV,-40,FG-ALPHA,20240415_091611,AUTO,0,31.18,5.00,-85,100.00,8.33,3.31,5.02,948,437,0,284,22.56,1013.00,11.80,406.40,14.97,72.40,1080,20.80,22.40,23.60,21.50,22.80,21.30,25.20,24.20,22.40,23.50,25.80,24.10,24.50,20.80,25.20,22.70,21.10,21.30,20.60,25.10,23.30,20.40,21.40,23.20,25.00,22.40,24.50,25.20,23.30,20.90,23.90,20.20,23.60,23.00,22.60,24.30,22.40,20.00,24.30,25.20,22.20,22.30,20.20,23.40,20.10,20.70,21.20,23.00,21.50,21.80,24.00,20.40,25.90,20.40,24.90,23.10,21.20,25.40,20.40,22.70,22.60,22.00,25.90,24.60
TLM_RCV,-48,FG-ALPHA,20240415_091612,AUTO,0,33.47,5.00,-85,100.00,8.33,3.28,5.02,1056,495,0,342,22.81,1012.80,11.80,404.70,14.97,72.40,1080,21.70,24.30,25.50,21.90,20.20,20.30,24.70,24.30,20.90,24.40,22.70,25.00,25.80,21.80,24.80,22.30,23.10,24.60,20.20,25.30,25.70,25.20,24.30,21.60,23.70,22.00,22.00,22.00,22.70,24.20,25.70,20.70,20.90,22.80,24.20,23.00,24.70,22.00,24.70,21.70,24.60,23.20,25.70,25.30,20.30,23.30,24.50,25.40,22.10,25.30,79.20,20.50,25.00,22.50,21.80,23.00,20.70,20.60,21.70,21.80,20.90,23.40,21.90,25.70
TLM_RCV,-75,FG-ALPHA,20240415_091613,AUTO,0,31.33,5.00,-85,100.00,8.33,3.31,5.02,1047,467,0,325,22.90,1013.50,11.80,404.90,14.97,72.40,1080,20.20,21.20,23.40,25.20,24.00,24.40,25.60,20.30,20.30,22.30,24.20,21.50,22.80,23.60,24.70,21.60,20.10,22.50,23.30,21.90,20.10,21.70,21.70,22.00,21.60,21.80,22.90,22.40,23.20,21.20,22.40,24.00,25.50,23.20,24.30,23.50,20.50,24.30,25.60,25.00,23.10,24.50,25.60,20.30,21.30,22.00,22.90,25.40,23.00,23.50,21.20,20.50,22.90,21.30,20.10,23.20,25.90,24.50,21.70,21.20,25.80,20.70,22.40,20.20
TLM_RCV,-68,FG-ALPHA,20240415_091614,AUTO,0,32.47,5.00,-85,100.00,8.33,3.29,5.02,1125,493,0,336,23.16,1013.40,11.80,405.20,14.98,72.40,1080,24.50,20.80,23.30,23.50,21.50,25.60,25.30,24.50,21.20,20.40,25.70,25.10,24.00,23.40,22.90,23.60,24.20,24.60,21.30,21.50,21.80,23.40,21.30,24.10,24.90,22.20,25.00,24.30,21.80,21.20,22.50,22.20,20.80,23.90,24.20,22.00,22.40,20.30,21.20,23.40,22.90,25.80,25.60,22.40,20.00,25.60,23.10,23.00,23.80,25.40,21.90,25.60,20.80,20.90,23.40,23.20,20.50,20.90,25.80,22.90,22.60,25.10,21.20,20.70
TLM_RCV,-45,FG-ALPHA,20240415_091615,AUTO,0,31.17,5.00,-85,100.00,8.33,3.28,5.02,1034,435,0,287,22.99,1013.20,11.80,406.40,14.98,72.40,1080,21.80,25.00,24.50,21.00,24.60,21.70,25.90,22.30,24.20,22.40,22.90,20.70,23.20,21.70,23.50,21.80,23.00,25.60,23.20,21.40,22.80,24.70,22.60,22.10,22.40,23.20,23.40,22.80,24.80,22.60,23.60,25.60,20.90,24.60,21.30,20.60,24.20,25.20,23.90,22.60,23.40,21.20,25.90,21.30,21.30,24.80,24.90,24.10,22.90,23.90,22.40,21.40,20.10,24.20,22.10,20.70,25.50,23.60,80.40,23.90,21.60,21.10,21.90,22.80
TLM_RCV,-69,FG-ALPHA,20240415_091616,AUTO,0,33.40,5.00,-85,99.95,8.33,3.30,5.02,0,480,0,323,22.40,1012.70,12.10,404.60,14.98,72.40,1080,22.80,21.20,24.20,24.20,24.20,22.80,20.20,25.10,22.70,21.40,22.00,23.40,25.40,22.00,20.60,22.00,21.90,25.60,21.70,24.20,20.90,24.60,23.80,21.60,21.40,25.10,22.20,22.10,24.20,24.40,25.20,21.10,25.70,21.00,23.40,21.20,24.20,24.30,23.80,23.20,22.90,21.20,23.20,22.10,20.30,23.40,23.00,25.60,23.80,25.10,23.90,22.60,21.90,22.00,21.00,25.90,25.00,25.20,20.90,22.00,22.30,20.40,25.70,24.10
TLM_RCV,-67,FG-ALPHA,20240415_091617,AUTO,0,32.18,5.00,-85,99.91,8.33,3.29,5.02,0,436,0,294,22.18,1013.60,11.80,406.40,14.98,72.40,1080,24.30,20.50,22.90,22.50,21.80,22.40,22.90,25.20,23.10,24.60,25.20,24.50,21.40,20.50,21.20,22.60,20.00,21.80,22.80,25.70,73.70,24.20,20.10,20.10,22.30,22.60,24.70,25.00,21.30,21.40,23.20,25.80,20.40,23.30,21.30,22.70,24.70,24.30,21.20,20.50,23.10,24.50,21.20,20.90,21.20,25.50,23.50,24.20,25.40,21.20,20.60,25.70,24.90,21.40,22.20,25.60,22.10,22.00,20.20,25.40,25.60,23.80,23.10,24.80
TLM_RCV,-93,FG-ALPHA,20240415_091618,AUTO,0,31.41,5.00,-85,99.86,8.32,3.28,5.02,0,482,0,330,22.41,1013.30,11.90,405.10,14.98,72.40,1080,22.30,24.60,24.80,23.60,21.90,21.30,20.20,25.50,20.80,22.90,22.60,22.60,24.10,20.00,25.70,21.10,23.10,24.40,25.60,24.60,20.70,20.50,24.60,24.10,21.60,23.20,20.30,24.40,24.90,20.50,21.50,24.20,20.30,24.00,25.50,25.30,24.20,21.40,24.50,23.80,22.30,25.40,21.80,25.40,23.60,21.30,20.80,23.40,22.70,23.50,21.50,20.90,22.90,24.50,23.60,23.40,24.70,21.30,20.40,25.90,20.30,20.50,22.20,25.80
TLM_RCV,-87,FG-ALPHA,20240415_091619,AUTO,0,32.06,5.00,-85,99.91,8.34,3.29,5.02,919,413,0,255,22.53,1012.90,12.10,406.10,14.98,72.40,1080,24.20,21.70,25.20,21.40,22.30,21.30,20.60,23.20,24.30,24.30,20.80,24.70,24.40,23.70,24.90,23.30,20.90,21.70,24.60,22.50,22.40,21.70,25.80,20.60,23.90,24.70,21.90,25.60,25.50,23.20,22.00,24.00,23.10,20.90,22.40,21.80,24.40,25.30,22.30,21.70,21.30,24.00,20.80,25.10,24.50,24.80,21.10,20.60,24.60,21.20,20.20,25.00,21.60,23.00,23.90,21.40,22.70,24.80,20.40,25.10,23.00,24.60,25.50,25.80
TLM_RCV,-67,FG-ALPHA,20240415_091620,AUTO,0,33.00,5.00,-85,99.87,8.34,3.31,5.02,0,400,0,252,22.00,1012.90,12.10,406.20,14.98,72.40,1080,22.20,24.40,25.80,21.20,20.10,23.00,22.30,21.00,22.80,22.30,24.70,24.00,25.90,22.80,25.50,22.10,24.10,22.90,20.90,20.70,22.30,23.00,20.50,22.10,23.40,22.50,21.20,20.10,20.60,23.50,24.80,23.70,22.70,20.50,23.90,20.70,24.50,22.20,24.40,25.00,20.70,23.80,21.70,24.70,24.80,25.60,20.70,22.90,24.10,25.60,20.90,20.30,24.10,21.90,22.80,21.80,20.10,25.00,24.50,20.40,24.40,20.10,24.90,23.10
TLM_RCV,-88,FG-ALPHA,20240415_091621,AUTO,0,33.28,5.00,-85,99.93,8.33,3.28,5.02,1082,457,0,303,23.12,1013.30,12.10,404.60,14.98,72.40,1080,22.00,73.60,21.90,24.00,23.20,21.60,20.10,21.30,21.60,25.50,20.10,21.70,25.00,23.90,24.60,20.40,23.10,21.00,25.40,24.20,25.50,25.80,24.10,25.20,23.40,21.50,20.90,23.50,21.40,23.60,25.80,22.10,23.80,24.50,25.00,25.20,21.20,24.90,25.70,24.40,24.70,24.20,25.30,20.90,22.70,25.40,22.10,22.00,21.10,24.90,23.20,23.70,24.90,20.30,21.70,20.60,24.50,23.40,22.90,23.60,22.70,22.90,24.50,25.00
TLM_RCV,-42,FG-ALPHA,20240415_091622,AUTO,0,33.00,5.00,-85,99.89,8.34,3.29,5.02,0,400,0,255,22.00,1012.80,11.90,404.80,14.98,72.40,1080,23.10,25.30,20.70,25.90,23.10,23.00,22.60,24.60,25.80,21.00,22.80,20.20,22.10,20.90,23.00,22.50,23.00,21.80,20.20,25.70,22.40,23.00,21.30,25.70,22.80,21.30,21.40,24.90,20.70,20.10,20.00,21.00,24.20,20.70,20.60,21.10,20.30,22.10,21.30,20.00,25.00,23.80,22.50,23.80,22.60,21.00,22.10,24.80,24.80,20.50,22.10,25.30,24.10,25.10,24.40,20.40,24.70,23.40,24.50,20.40,24.70,25.30,23.80,23.80
TLM_RCV,-71,FG-ALPHA,20240415_091623,AUTO,0,32.28,5.00,-85,99.96,8.33,3.31,5.02,1143,455,0,307,23.44,1013.20,12.10,404.80,14.98,72.40,1080,21.30,25.60,23.20,20.50,21.00,24.10,25.30,20.20,25.90,23.40,20.50,23.30,22.70,20.20,24.70,24.10,20.40,24.00,25.10,22.30,20.20,24.70,24.90,24.00,24.60,22.80,24.30,21.10,25.80,23.00,21.60,23.00,25.90,25.90,25.00,23.90,20.50,21.80,24.10,20.70,20.30,24.90,23.00,24.70,23.40,21.40,24.20,25.00,25.30,24.80,25.00,23.90,25.20,25.10,21.80,21.20,23.40,20.10,21.30,25.80,22.20,20.90,23.30,21.40
TLM_RCV,-61,FG-ALPHA,20240415_091624,AUTO,0,31.38,5.00,-85,100.00,8.33,3.31,5.02,1150,476,0,317,23.37,1013.00,11.80,404.60,14.99,72.40,1080,21.50,24.40,23.30,20.70,21.30,22.30,22.50,23.00,20.70,23.20,22.80,21.00,23.10,20.90,25.40,21.60,22.80,24.40,23.10,22.70,20.60,23.50,25.40,25.80,22.60,21.30,20.50,25.40,21.80,21.50,25.70,22.50,25.30,20.50,24.90,23.20,23.80,21.10,22.30,73.70,23.90,21.00,21.80,22.20,20.50,24.70,24.60,20.40,22.40,20.00,22.60,25.80,21.80,25.70,20.10,23.20,20.90,20.10,20.70,22.60,23.70,22.20,22.20,25.90
TLM_RCV,-69,FG-ALPHA,20240415_091625,AUTO,0,33.07,5.00,-85,99.96,8.34,3.31,5.02,0,414,0,269,22.07,1013.20,11.90,404.60,14.99,72.40,1080,21.40,24.10,23.40,21.00,22.70,22.70,24.10,23.20,23.40,20.40,24.90,20.70,22.60,21.70,22.80,21.70,24.20,20.30,24.70,21.70,21.40,21.00,22.50,24.40,21.80,25.70,22.20,21.10,23.40,24.20,24.40,20.30,23.80,23.90,21.50,20.40,21.60,24.30,20.00,21.80,23.60,21.60,24.10,20.80,25.80,22.00,20.20,24.90,25.50,24.60,22.70,20.40,23.10,23.40,22.10,24.90,20.40,24.00,23.20,21.30,24.70,25.20,25.40,24.30
TLM_RCV,-85,FG-ALPHA,20240415_091626,AUTO,0,32.13,5.00,-85,100.00,8.34,3.30,5.02,1009,425,0,273,22.92,1013.30,12.10,405.60,14.99,72.40,1080,22.50,23.50,21.20,21.60,24.80,23.10,23.30,22.10,21.30,23.80,21.10,20.60,23.10,24.90,24.80,24.00,24.60,20.40,21.80,24.30,24.10,21.10,20.30,20.50,22.80,23.00,24.60,22.30,21.40,20.10,21.40,25.40,24.40,25.90,25.40,24.50,20.80,25.80,22.50,21.70,23.80,24.60,22.00,23.20,24.10,20.60,22.70,25.70,24.50,20.20,25.40,25.40,22.20,22.70,21.40,22.80,21.70,24.20,24.30,22.50,22.30,22.70,22.30,20.00
TLM_RCV,-60,FG-ALPHA,20240415_091627,AUTO,0,31.18,5.00,-85,99.96,8.33,3.30,5.02,0,437,0,278,22.18,1013.40,11.90,404.60,14.99,72.40,1080,22.50,25.60,20.20,24.30,20.50,23.00,25.60,24.70,24.80,24.70,21.50,25.90,25.30,25.40,23.90,25.20,24.50,21.10,22.60,22.10,23.80,20.00,22.80,22.80,21.50,24.60,20.10,21.90,21.40,25.10,21.40,21.10,21.60,20.50,23.80,22.10,21.40,22.40,22.20,21.40,22.80,25.70,21.70,22.90,21.40,22.20,22.30,25.20,24.40,20.30,22.30,23.00,24.20,25.10,23.30,22.20,22.40,24.60,20.60,20.70,20.60,25.10,22.70,21.80
TLM_RCV,-94,FG-ALPHA,20240415_091628,AUTO,0,31.20,5.00,-85,100.00,8.33,3.31,5.02,867,440,0,293,22.14,1012.70,11.90,405.90,14.99,72.40,1080,24.40,21.00,24.90,22.60,22.30,25.80,25.30,20.20,20.70,20.70,25.40,22.70,25.80,25.80,22.80,22.50,24.90,24.10,20.90,21.00,25.40,23.10,21.10,20.10,21.10,23.00,22.20,24.30,23.70,20.60,21.70,20.20,22.70,25.70,24.20,22.10,23.70,21.90,24.30,22.00,20.10,21.40,20.30,20.00,22.90,21.10,24.60,22.80,25.60,25.70,25.80,24.50,23.90,25.00,22.70,20.90,20.70,22.80,25.40,20.10,24.80,25.80,22.50,25.20
TLM_RCV,-90,FG-ALPHA,20240415_091629,AUTO,0,33.31,5.00,-85,100.00,8.33,3.31,5.02,816,463,0,311,21.76,1013.20,12.00,405.40,14.99,72.40,1080,23.10,20.40,22.30,25.70,24.60,21.30,20.20,21.80,24.70,22.80,24.90,21.60,21.50,25.80,22.40,23.50,24.60,21.30,22.20,20.90,22.80,21.80,24.60,22.40,20.30,21.70,23.20,21.90,25.50,25.00,21.80,20.10,23.80,25.20,21.20,24.90,20.30,22.40,23.70,25.70,22.60,25.40,20.20,25.80,25.20,22.10,25.60,23.50,20.50,21.30,21.20,20.80,20.00,22.30,22.60,24.10,24.30,22.20,25.00,21.20,23.90,22.80,25.70,25.10
TLM_RCV,-90,FG-ALPHA,20240415_091630,AUTO,0,33.22,5.00,-85,100.00,8.33,3.31,5.02,1020,445,0,301,22.87,1013.20,11.90,406.40,14.99,72.40,1080,20.10,25.70,23.80,20.60,22.90,23.60,20.40,24.90,22.70,20.80,22.50,23.90,24.20,21.20,20.10,20.80,21.30,24.80,23.30,24.20,23.40,20.30,24.10,21.40,20.80,25.60,22.60,20.40,20.90,21.40,24.30,20.60,20.00,21.60,20.10,25.20,21.30,24.30,22.20,25.60,20.50,25.00,21.70,22.20,25.40,23.40,23.90,24.40,24.80,21.00,22.90,25.30,20.30,22.30,23.70,23.70,21.60,23.30,23.80,22.40,24.80,24.60,24.40,25.80
TLM_RCV,-63,FG-ALPHA,20240415_091631,AUTO,0,32.21,5.00,-85,100.00,8.33,3.28,5.02,1126,441,0,297,23.42,1013.20,11.80,406.40,14.99,72.40,1080,21.90,22.80,23.40,21.10,20.90,20.00,24.20,23.40,24.60,21.90,24.50,20.30,21.60,23.00,23.90,22.90,23.90,24.70,22.40,23.60,24.50,24.60,23.30,20.40,21.20,22.50,20.60,20.10,23.60,20.20,21.70,24.60,24.20,25.60,22.10,23.80,25.80,25.00,25.10,20.10,22.90,20.30,25.00,23.40,24.30,21.80,25.20,21.90,22.60,21.90,24.60,21.10,23.60,20.90,23.30,20.60,25.20,23.50,20.90,22.10,25.70,25.00,20.10,22.20
TLM_RCV,-65,FG-ALPHA,20240415_091632,AUTO,0,32.43,5.00,-85,100.00,8.33,3.29,5.02,1001,486,0,334,22.58,1013.40,11.90,405.00,14.99,72.40,1080,20.90,22.30,20.10,21.20,21.40,20.00,21.70,24.00,21.30,21.80,25.60,21.20,23.90,24.00,25.10,21.10,24.20,20.70,21.90,22.80,25.50,21.70,24.30,22.50,23.90,24.20,22.70,25.50,21.20,24.30,24.00,22.80,20.20,24.10,20.50,22.30,25.60,20.90,22.70,25.80,23.40,23.10,23.70,23.70,23.90,23.50,23.20,20.20,20.20,25.10,20.60,23.40,24.50,24.70,25.10,23.90,24.80,22.60,23.70,22.80,21.10,20.10,23.30,21.30
TLM_RCV,-71,FG-ALPHA,20240415_091633,AUTO,0,31.27,5.00,-85,100.00,8.33,3.29,5.02,1148,455,0,303,23.47,1013.00,11.80,405.70,14.99,72.40,1080,25.10,23.70,25.00,22.50,21.90,22.10,21.90,22.00,20.80,24.30,22.10,21.30,22.60,21.50,24.40,24.80,20.80,20.20,20.60,24.90,22.40,25.60,22.50,24.30,22.20,23.90,25.60,22.60,20.60,22.50,21.70,23.30,21.40,25.30,21.00,21.60,22.50,20.70,22.90,21.00,25.00,20.50,24.80,22.40,21.70,20.50,24.00,21.90,23.60,20.30,23.60,20.60,23.10,25.40,20.70,22.10,23.30,22.50,25.60,21.60,21.10,24.60,24.40,22.60
TLM_RCV,-40,FG-ALPHA,20240415_091634,AUTO,0,32.40,5.00,-85,99.95,8.33,3.28,5.02,0,480,0,331,22.40,1013.20,12.00,405.00,15.00,72.40,1080,24.40,20.80,20.80,20.90,25.90,22.70,22.10,20.60,25.90,23.20,20.00,22.60,22.00,21.00,25.00,23.30,25.10,25.10,23.40,22.40,20.70,23.60,22.30,20.70,22.90,25.70,21.50,22.20,24.00,22.00,25.20,24.10,21.70,20.70,20.90,23.50,25.40,25.60,24.60,21.80,23.40,20.50,21.60,24.60,20.80,23.70,23.60,21.70,23.20,23.90,21.70,21.10,22.60,23.40,22.30,21.20,21.50,22.30,25.10,22.80,24.40,25.40,21.30,25.90
TLM_RCV,-66,FG-ALPHA,20240415_091635,AUTO,0,31.31,5.00,-85,100.00,8.33,3.28,5.02,1132,462,0,307,23.35,1012.70,11.80,406.00,15.00,72.40,1080,20.60,25.90,22.10,22.40,23.50,25.00,21.70,25.00,24.70,24.10,20.10,23.70,23.80,20.40,21.50,22.70,22.50,23.60,25.60,24.30,20.50,21.60,25.80,24.60,25.10,22.40,24.30,25.20,22.00,24.80,20.20,24.30,21.20,25.30,21.60,25.90,24.40,24.10,21.50,25.70,21.60,21.90,24.00,21.30,24.80,21.00,22.40,23.50,22.00,24.70,22.00,21.00,21.20,25.00,21.20,22.40,21.00,21.40,22.00,24.30,23.10,20.80,22.20,25.50
TLM_RCV,-45,FG-ALPHA,20240415_091636,AUTO,0,31.43,5.00,-85,99.95,8.33,3.31,5.02,0,486,0,332,22.43,1013.00,11.90,405.80,15.00,72.40,1080,25.80,23.80,24.80,21.90,22.50,24.00,23.40,22.30,24.40,21.00,24.90,23.10,20.20,22.40,22.20,24.70,25.80,21.10,24.20,22.10,20.80,22.70,23.40,20.10,24.10,24.00,23.30,23.20,21.30,25.20,20.50,21.30,22.60,25.70,21.10,23.00,24.90,25.40,21.40,21.20,23.20,20.70,23.60,21.00,22.30,21.60,20.20,21.80,24.60,23.10,23.40,24.20,24.40,23.80,24.60,22.90,21.60,24.10,20.90,20.90,23.10,25.90,22.10,23.50
TLM_RCV,-95,FG-ALPHA,20240415_091637,AUTO,0,31.41,5.00,-85,99.90,8.33,3.29,5.02,0,482,0,336,22.41,1013.40,11.80,405.90,15.00,72.40,1080,23.40,21.20,24.10,25.60,22.40,23.10,23.80,23.70,23.80,20.50,22.70,25.50,25.80,24.80,20.90,23.10,20.60,25.30,24.10,20.40,20.60,20.70,25.10,23.10,21.60,20.90,20.70,23.40,22.60,22.50,24.30,22.70,22.00,23.10,20.00,20.80,22.10,24.70,25.00,23.40,22.00,25.20,24.10,22.70,23.90,25.50,21.70,25.60,22.60,25.10,25.40,24.90,24.00,20.70,25.50,20.50,25.20,25.00,23.20,21.80,22.30,22.20,20.90,20.10
TLM_RCV,-89,FG-ALPHA,20240415_091638,AUTO,0,32.24,5.00,-85,99.96,8.33,3.31,5.02,1003,447,0,305,22.78,1012.80,11.90,406.30,15.00,72.40,1080,22.00,20.90,22.00,23.00,22.50,22.40,21.00,21.80,23.00,21.80,25.90,24.90,24.20,21.40,25.70,20.60,24.10,20.00,22.30,23.70,25.30,25.80,23.50,23.20,20.70,20.80,24.70,23.50,24.60,25.50,23.60,20.60,24.60,25.70,23.90,22.90,23.50,22.80,22.00,22.00,22.60,22.40,21.40,25.80,22.20,25.30,24.20,21.40,23.20,24.50,21.10,25.40,22.30,22.00,23.80,24.70,22.50,22.40,20.00,23.60,20.00,24.60,22.30,24.30
TLM_RCV,-79,FG-ALPHA,20240415_091639,AUTO,0,31.21,5.00,-85,100.00,8.33,3.29,5.02,967,442,0,288,22.62,1013.00,11.90,406.10,15.00,72.40,1080,21.30,25.70,24.70,22.40,24.70,25.00,25.30,20.30,20.40,23.70,24.50,23.90,24.30,25.80,23.20,22.10,23.50,21.00,25.40,24.70,24.00,24.70,25.90,25.70,21.00,21.40,24.30,21.60,25.10,23.80,24.30,23.40,21.90,24.40,22.00,23.30,21.20,24.80,24.20,20.70,25.90,20.10,23.40,24.10,25.10,24.10,23.70,24.70,25.60,23.60,21.80,21.80,24.80,20.70,24.10,24.10,23.60,23.90,25.20,24.80,22.10,25.60,20.10,24.00
TLM_RCV,-60,FG-ALPHA,20240415_091640,AUTO,0,31.33,5.00,-85,100.00,8.33,3.31,5.02,866,466,0,316,22.00,1012.80,12.00,405.40,15.00,72.40,1080,23.50,20.20,21.40,20.80,20.60,21.80,23.10,25.00,22.00,24.40,24.10,22.30,22.20,21.80,20.60,22.30,25.50,20.60,20.70,24.10,24.40,24.60,24.10,21.10,23.40,22.90,25.80,25.80,22.00,23.70,24.90,22.50,22.80,20.20,22.70,23.20,25.30,23.40,23.00,21.40,25.50,22.80,25.30,22.40,24.00,21.90,24.70,25.60,23.60,25.30,25.40,25.40,20.30,22.60,21.50,21.60,20.00,22.50,24.90,25.60,22.00,23.70,23.00,23.90
TLM_RCV,-49,FG-ALPHA,20240415_091641,AUTO,0,32.38,5.00,-85,100.00,8.33,3.30,5.02,1176,476,0,323,23.50,1013.00,12.10,404.70,15.00,72.40,1080,24.00,24.70,24.80,20.20,21.30,25.20,20.00,24.90,25.20,20.60,20.00,24.70,23.20,25.30,21.90,24.30,24.70,21.10,23.20,21.80,23.30,21.90,23.70,21.60,22.80,21.10,23.60,20.70,24.70,22.00,22.30,22.80,20.80,25.40,21.00,21.80,25.80,22.90,23.00,24.70,22.50,25.80,22.60,22.10,23.20,24.80,21.20,20.20,25.00,21.80,23.40,25.80,24.60,23.10,24.80,21.90,23.80,21.70,24.00,22.00,22.40,21.30,21.80,21.70
TLM_RCV,-69,FG-ALPHA,20240415_091642,AUTO,0,33.01,5.00,-85,99.96,8.34,3.30,5.02,0,401,0,256,22.00,1013.40,12.00,405.00,15.00,72.40,1080,20.90,22.60,20.10,22.00,25.70,23.70,20.40,20.60,23.70,25.90,25.10,21.40,24.60,20.40,22.50,20.90,25.30,25.90,23.50,24.40,22.60,20.10,23.60,25.50,21.30,20.00,20.50,21.40,21.00,25.40,20.20,20.80,23.40,24.20,23.60,24.20,20.10,23.40,22.90,22.80,20.10,22.30,23.10,22.60,21.20,23.30,22.70,23.90,23.80,21.10,21.20,25.40,24.90,21.60,24.30,23.50,25.70,25.30,25.00,23.50,20.10,20.40,21.50,23.10
TLM_RCV,-87,FG-ALPHA,20240415_091643,AUTO,0,33.19,5.00,-85,100.00,8.33,3.30,5.02,1025,438,0,280,22.93,1013.60,11.90,405.30,15.00,72.40,1080,25.10,23.30,20.90,22.20,25.00,23.40,23.10,22.60,22.60,22.60,20.40,23.30,22.30,24.10,24.50,23.40,20.40,22.80,24.00,21.40,25.10,24.50,24.60,20.80,24.90,22.00,20.10,23.00,20.40,21.10,21.80,20.10,23.30,23.40,25.70,24.20,24.60,22.90,25.60,25.80,20.20,25.70,22.90,24.60,22.90,21.90,21.30,23.60,23.80,20.50,22.30,21.20,22.70,23.30,20.70,21.90,24.50,22.00,23.10,25.70,24.80,22.00,23.20,20.30
TLM_RCV,-62,FG-ALPHA,20240415_091705,AUTO,0,31.24,5.00,-85,100.00,8.33,3.29,5.02,871,447,0,299,22.12,1013.30,12.00,405.50,15.03,72.70,1080,24.30,20.90,23.60,24.20,21.30,22.30,25.80,21.90,24.40,24.60,20.80,24.70,22.20,24.60,21.00,25.70,22.50,20.40,25.40,23.80,23.90,22.10,25.40,25.80,23.20,23.60,21.40,23.20,22.40,22.20,20.80,24.10,20.50,24.90,24.40,23.80,21.00,21.30,23.50,23.00,25.30,25.30,24.90,22.30,25.00,24.60,25.60,25.90,23.10,24.10,24.30,25.20,21.20,21.50,24.90,25.70,20.30,22.90,23.40,24.50,23.50,20.00,22.20,24.60
TLM_RCV,-47,FG-ALPHA,20240415_091706,AUTO,0,32.19,5.00,-85,100.00,8.33,3.31,5.02,894,438,0,283,22.28,1013.40,11.80,406.40,15.03,72.70,1080,22.10,23.90,25.10,24.10,21.00,23.50,24.40,23.30,21.10,21.40,21.00,25.90,25.60,20.90,21.60,23.50,25.90,20.30,20.40,25.20,25.80,20.30,24.90,20.50,25.90,22.20,22.90,25.80,22.20,20.20,25.50,21.40,21.60,21.10,21.80,20.10,25.50,20.40,23.70,25.20,24.60,25.90,21.20,25.60,23.40,22.40,20.30,24.20,24.10,22.20,21.50,24.00,25.90,24.90,22.80,21.20,20.10,22.10,25.30,24.90,25.70,22.30,21.20,24.00
TLM_RCV,-42,FG-ALPHA,20240415_091707,AUTO,0,31.27,5.00,-85,100.00,8.33,3.28,5.02,943,455,0,309,22.44,1013.00,11.80,405.20,15.03,72.70,1080,20.90,23.60,25.10,22.10,21.10,22.10,20.10,22.60,20.30,25.60,24.70,24.40,23.40,25.80,24.30,21.50,23.10,21.20,21.50,24.10,21.60,24.30,24.70,20.90,24.00,24.30,20.40,24.60,24.40,21.80,23.90,24.10,22.80,21.70,24.90,25.50,23.10,21.90,25.90,21.70,25.60,21.70,21.70,25.20,24.70,24.60,23.50,25.30,22.60,21.60,20.70,20.50,24.10,20.60,23.20,21.60,25.80,21.80,24.90,23.70,21.30,22.80,24.50,21.50
TLM_RCV,-51,FG-ALPHA,20240415_091708,AUTO,0,32.31,5.00,-85,100.00,8.33,3.30,5.02,918,462,0,306,22.28,1013.20,12.00,404.90,15.03,72.70,1080,22.90,23.40,24.60,22.30,20.30,21.80,20.40,22.80,22.80,24.20,23.50,24.30,21.20,22.60,20.30,24.50,24.20,25.20,23.50,22.20,22.00,20.50,21.80,21.00,22.60,20.50,24.70,21.40,20.20,23.40,21.00,24.30,23.10,25.00,25.90,21.50,22.30,21.40,20.60,23.40,20.00,20.20,23.50,21.00,25.80,22.20,22.80,23.50,23.40,25.00,22.20,20.90,20.60,23.60,20.00,25.10,22.20,21.50,25.70,25.80,20.60,21.30,23.60,24.80
TLM_RCV,-52,FG-ALPHA,20240415_091709,AUTO,0,31.05,5.00,-85,100.00,8.34,3.28,5.02,1014,410,0,256,23.02,1012.70,11.80,404.80,15.03,72.70,1080,20.50,24.00,23.90,23.10,21.60,23.50,20.10,25.70,20.70,22.90,25.80,22.80,22.60,20.20,25.20,23.10,21.00,25.60,22.90,22.60,25.00,24.10,24.70,22.20,21.20,20.40,20.80,21.50,22.10,24.30,21.70,24.50,24.20,25.80,20.90,22.40,23.80,21.80,22.10,22.90,25.40,22.20,21.90,22.10,24.70,22.90,20.60,21.80,21.10,23.60,22.90,24.40,22.90,25.70,24.40,25.70,23.90,23.70,21.70,24.80,22.60,25.80,21.40,21.80
TLM_RCV,-68,FG-ALPHA,20240415_091710,AUTO,0,33.42,5.00,-85,99.95,8.33,3.30,5.02,0,483,0,324,22.42,1013.60,12.10,405.60,15.03,72.70,1080,20.40,22.00,23.30,22.40,20.50,20.70,22.80,22.90,20.00,25.80,22.10,21.80,24.50,25.70,21.70,25.30,24.30,23.50,24.90,22.90,24.90,25.10,25.10,24.20,24.30,25.80,22.60,20.20,22.30,21.90,25.80,25.50,20.90,20.50,23.80,20.90,23.50,25.90,23.00,23.20,23.30,25.60,22.80,21.20,25.80,24.40,22.10,20.00,25.50,22.20,24.30,25.40,22.50,21.20,24.50,20.50,23.70,21.40,25.80,22.40,21.50,22.30,20.20,20.20
TLM_RCV,-62,FG-ALPHA,20240415_091711,AUTO,0,31.31,5.00,-85,100.00,8.33,3.30,5.02,991,462,0,316,22.65,1013.00,12.00,405.60,15.03,72.70,1080,20.30,25.20,25.40,23.10,22.30,24.70,24.70,20.80,20.00,24.60,25.00,25.00,23.60,25.50,22.80,24.00,20.80,20.20,24.00,25.20,22.80,25.20,23.20,20.30,25.60,21.60,23.40,23.00,20.30,22.50,23.10,22.40,25.50,25.60,24.50,20.40,24.40,20.30,20.30,24.30,20.20,21.60,20.60,21.70,24.30,20.40,21.10,24.00,24.80,24.40,20.60,24.40,24.60,20.70,21.10,24.70,21.90,23.60,24.50,23.60,21.70,22.30,25.30,25.70
TLM_RCV,-94,FG-ALPHA,20240415_091712,AUTO,0,33.44,5.00,-85,99.95,8.33,3.30,5.02,0,487,0,347,22.43,1013.00,12.10,406.40,15.03,72.70,1080,25.80,25.60,24.00,23.50,24.80,24.50,21.90,24.70,21.00,20.10,22.90,21.70,23.60,24.60,22.00,22.20,23.00,20.10,20.90,20.90,24.10,22.80,21.90,20.10,21.30,25.70,20.70,20.50,21.90,21.50,24.70,22.70,22.70,20.90,20.90,21.80,24.80,22.10,23.30,23.90,20.00,24.60,25.60,20.00,21.60,20.40,25.60,25.00,21.70,23.40,21.10,22.10,25.40,22.70,24.10,22.90,21.50,22.60,24.50,20.10,20.10,20.80,21.50,23.30
TLM_RCV,-84,FG-ALPHA,20240415_091713,AUTO,0,33.29,5.00,-85,99.91,8.33,3.30,5.02,0,459,0,302,22.30,1013.20,12.10,405.70,15.03,72.70,1080,25.60,22.20,24.60,25.70,22.50,21.60,24.70,25.10,22.30,22.60,23.10,24.20,23.70,22.20,25.10,22.30,20.30,22.40,20.60,23.80,23.80,23.00,25.10,22.80,21.20,24.50,24.60,23.90,21.10,20.90,23.80,22.10,20.20,24.90,22.50,21.20,24.20,21.00,24.80,23.90,24.90,24.50,20.30,23.60,22.10,20.60,23.30,21.70,22.80,25.40,20.00,21.50,20.50,20.40,25.50,24.20,25.30,23.70,24.00,25.40,23.20,22.70,23.70,22.40
TLM_RCV,-76,FG-ALPHA,20240415_091714,AUTO,0,30.99,5.00,-85,99.98,8.34,3.29,5.02,1138,397,0,253,23.70,1012.70,12.10,406.30,15.04,72.70,1080,24.80,22.20,21.10,21.10,22.10,22.60,22.10,22.20,22.70,24.80,21.60,23.90,22.60,25.00,22.80,24.60,22.50,25.80,24.90,20.20,25.00,23.20,21.30,23.40,21.30,23.00,23.10,25.90,20.00,20.30,25.60,20.40,20.30,20.10,24.10,24.60,21.60,25.00,25.40,25.10,22.20,25.60,25.10,21.00,22.70,86.20,25.60,20.20,23.40,21.00,20.00,23.10,20.50,20.60,23.50,22.90,24.70,25.90,24.00,21.30,21.20,20.70,23.20,21.80
TLM_RCV,-67,FG-ALPHA,20240415_091715,AUTO,0,31.49,5.00,-85,100.00,8.33,3.29,5.02,1190,498,0,349,23.46,1012.70,12.10,404.80,15.04,72.70,1080,24.40,22.40,20.50,22.00,20.30,21.10,23.80,20.40,24.50,23.70,24.90,25.50,24.60,25.10,20.20,23.30,23.50,22.00,23.00,22.00,21.80,24.00,25.80,21.50,25.00,20.90,20.30,22.40,23.40,25.50,21.60,24.70,25.40,23.90,24.80,25.20,25.40,24.00,20.70,23.40,23.10,22.50,20.60,22.40,21.60,23.60,21.90,25.30,25.10,22.70,20.60,25.60,20.70,25.10,22.30,21.30,21.40,24.20,22.40,20.70,21.80,23.70,21.60,20.10
TLM_RCV,-72,FG-ALPHA,20240415_091716,AUTO,0,31.26,5.00,-85,100.00,8.33,3.29,5.02,985,452,0,296,22.67,1013.00,11.80,405.20,15.04,72.70,1080,23.10,21.30,21.10,21.90,21.60,24.00,25.40,21.90,21.80,21.80,23.60,20.90,21.90,23.70,21.10,22.70,21.80,23.80,21.40,23.50,21.70,25.40,25.50,25.10,24.10,24.90,23.80,23.50,21.80,21.30,20.70,23.70,24.00,23.90,25.30,24.00,25.00,25.90,20.50,23.20,20.90,21.40,21.70,25.30,21.80,21.20,25.50,24.90,20.80,25.60,23.80,25.50,21.50,21.10,24.60,20.00,24.50,23.60,21.70,22.50,22.70,25.20,22.70,21.70
TLM_RCV,-72,FG-ALPHA,20240415_091717,AUTO,0,32.24,5.00,-85,100.00,8.33,3.31,5.02,889,449,0,306,22.20,1013.10,12.00,406.30,15.04,72.70,1080,20.70,20.30,25.90,23.30,23.90,21.10,24.00,24.90,22.40,20.00,24.80,21.00,25.10,22.60,24.30,23.10,23.30,23.10,21.40,21.60,24.90,20.30,20.80,23.70,21.20,20.40,21.20,24.60,20.10,22.00,22.80,22.80,21.90,21.90,25.40,21.50,25.30,21.20,20.40,20.20,24.30,25.40,74.60,21.40,24.90,20.50,21.10,25.00,23.10,25.90,22.90,25.60,25.00,23.10,20.80,20.00,25.50,25.40,25.30,20.00,23.20,25.60,23.50,25.70
TLM_RCV,-77,FG-ALPHA,20240415_091718,AUTO,0,32.31,5.00,-85,100.00,8.33,3.28,5.02,1196,461,0,314,23.67,1013.20,11.80,404.70,15.04,72.70,1080,25.40,25.20,25.30,21.80,22.10,25.10,22.70,20.50,21.00,25.20,21.60,24.90,21.40,21.00,22.50,21.50,23.20,20.00,24.50,24.60,20.20,25.00,20.20,20.30,24.90,24.40,22.90,22.10,21.20,22.10,22.10,23.30,22.50,25.00,23.10,20.80,24.30,25.80,25.20,21.80,23.30,24.70,21.70,25.90,21.20,24.00,25.40,20.50,21.70,21.50,25.80,21.10,21.90,24.70,24.90,22.00,20.70,25.00,20.20,21.50,24.40,21.50,24.70,21.30
TLM_RCV,-89,FG-ALPHA,20240415_091719,AUTO,0,32.27,5.00,-85,100.00,8.33,3.28,5.02,837,454,0,313,21.91,1013.20,12.00,404.70,15.04,72.70,1080,21.60,25.90,21.30,22.20,20.70,20.40,23.00,24.20,24.40,25.50,25.40,24.00,20.70,23.30,24.00,24.30,22.40,23.60,21.70,22.70,22.20,20.70,22.40,24.10,20.80,24.30,21.00,20.40,24.40,20.40,21.40,21.30,23.80,23.50,21.70,23.00,23.40,25.50,24.60,21.20,25.10,23.90,24.70,20.80,24.20,21.80,23.50,21.40,21.60,20.60,25.60,21.30,21.70,21.90,22.80,22.10,25.70,23.70,23.10,22.00,24.10,24.10,24.40,23.80
TLM_RCV,-53,FG-ALPHA,20240415_091720,AUTO,0,31.05,5.00,-85,100.00,8.34,3.31,5.02,876,409,0,265,22.33,1013.00,12.10,406.00,15.04,72.70,1080,23.60,23.50,23.10,24.70,23.90,23.90,22.40,25.60,21.80,23.30,20.50,21.00,20.90,23.50,20.00,25.40,23.70,25.90,20.50,25.30,22.10,20.20,25.80,20.30,20.90,20.00,22.30,20.20,25.30,22.10,20.20,24.50,25.50,22.70,23.40,22.50,23.90,22.00,25.60,25.50,25.70,25.00,20.80,23.80,22.00,25.20,23.30,23.00,24.40,23.50,21.40,21.30,22.90,25.50,24.00,20.00,23.40,24.40,20.90,21.20,23.30,25.50,23.20,21.10
TLM_RCV,-47,FG-ALPHA,20240415_091721,AUTO,0,32.19,5.00,-85,99.96,8.33,3.30,5.02,0,438,0,284,22.19,1013.20,11.90,404.80,15.04,72.70,1080,25.50,21.50,22.80,21.50,21.90,25.20,24.20,24.90,21.80,21.50,21.40,20.60,20.40,22.30,22.50,25.50,20.20,24.30,23.60,25.30,21.60,23.70,21.80,23.20,22.10,24.30,24.00,20.70,24.10,86.30,23.50,23.60,20.10,23.50,22.50,21.40,24.30,22.20,21.90,22.30,20.20,24.80,25.20,22.80,20.90,23.40,23.80,25.00,24.30,22.40,22.70,21.70,20.20,22.50,21.90,22.20,25.50,20.00,25.10,22.30,25.60,25.50,23.30,25.70
TLM_RCV,-40,FG-ALPHA,20240415_091722,AUTO,0,32.46,5.00,-85,99.91,8.32,3.31,5.02,0,492,0,336,22.46,1012.70,11.90,406.30,15.04,72.70,1080,21.50,24.30,21.10,25.70,24.40,22.50,22.50,24.30,23.50,22.10,24.30,20.40,21.10,21.10,20.00,23.30,23.20,24.50,25.70,25.10,20.90,25.20,23.30,22.60,24.80,23.50,20.60,23.00,20.20,23.80,20.10,21.70,22.10,24.00,22.90,23.50,20.60,24.80,20.90,25.50,25.90,25.50,24.00,20.90,21.40,20.40,22.80,22.90,22.80,20.30,23.00,24.30,24.60,25.20,23.60,24.50,21.60,23.70,20.80,23.60,23.90,22.60,23.80,22.20
TLM_RCV,-86,FG-ALPHA,20240415_091723,AUTO,0,33.28,5.00,-85,99.96,8.33,3.30,5.02,977,455,0,313,22.61,1012.90,11.80,406.10,15.04,72.70,1080,24.00,20.40,20.40,22.70,23.20,25.60,23.10,25.60,20.80,24.60,25.80,20.80,24.40,23.10,25.40,22.70,25.00,20.80,20.90,20.00,22.10,25.00,21.80,20.70,21.70,24.70,20.90,25.50,24.00,22.50,23.20,24.40,23.10,22.50,23.20,21.30,20.80,22.60,22.70,24.20,21.90,20.00,23.30,21.50,24.90,25.80,23.90,25.60,23.60,22.50,24.90,21.60,22.90,23.80,22.80,20.40,22.30,25.10,25.00,25.40,23.00,24.20,22.70,22.50
TLM_RCV,-56,FG-ALPHA,20240415_091724,AUTO,0,33.33,5.00,-85,100.00,8.33,3.31,5.02,1014,465,0,306,22.75,1013.50,11.80,405.00,15.05,72.70,1080,22.00,22.00,24.80,23.20,22.20,21.70,21.50,21.10,20.20,21.00,24.50,24.40,25.10,22.20,22.50,20.20,20.00,23.90,21.70,25.70,21.40,21.10,20.70,21.20,20.80,25.00,20.90,23.70,21.90,21.00,21.40,20.00,23.70,20.90,22.10,22.50,20.10,25.10,25.90,20.40,23.70,24.10,22.10,20.90,22.40,20.50,21.80,23.70,24.90,25.00,21.20,21.40,23.60,20.50,22.30,25.00,24.90,21.10,25.20,24.30,21.00,23.40,21.60,22.70
TLM_RCV,-57,FG-ALPHA,20240415_091725,AUTO,0,31.19,5.00,-85,99.96,8.33,3.31,5.02,0,439,0,286,22.19,1013.60,11.90,404.60,15.05,72.70,1080,25.80,21.50,21.80,22.30,24.80,21.50,21.00,21.20,23.90,20.60,25.40,24.50,22.30,24.70,25.40,83.50,23.30,25.50,22.50,22.50,20.50,21.20,21.80,22.80,24.60,21.30,20.30,25.00,24.30,21.40,21.70,21.30,25.10,21.10,23.00,22.90,24.10,23.10,24.70,25.90,21.80,25.40,21.00,21.00,23.20,22.70,23.50,23.10,22.40,22.90,21.90,20.50,21.70,22.50,21.40,22.70,21.00,25.70,24.00,25.10,20.20,25.80,20.30,20.30
TLM_RCV,-52,FG-ALPHA,20240415_091726,AUTO,0,33.43,5.00,-85,100.00,8.33,3.28,5.02,885,486,0,342,22.00,1013.50,12.00,405.10,15.05,72.70,1080,20.00,24.60,20.40,25.60,20.20,21.40,21.40,24.60,22.30,21.20,25.80,25.80,25.10,20.00,22.00,24.80,22.80,25.80,20.20,22.90,22.10,23.00,20.60,22.30,24.50,24.10,23.40,21.80,22.60,25.70,21.20,23.80,21.70,21.30,24.30,23.40,22.00,25.60,22.60,21.80,22.10,22.90,20.90,20.80,20.70,23.80,24.70,20.40,24.90,20.80,22.90,23.80,24.90,21.80,24.20,21.10,25.80,24.80,25.40,20.00,24.80,25.10,24.70,25.60
TLM_RCV,-58,FG-ALPHA,20240415_091727,AUTO,0,33.13,5.00,-85,100.00,8.34,3.31,5.02,1156,426,0,283,23.65,1012.90,11.80,404.70,15.05,72.70,1080,21.80,24.50,25.20,20.50,21.30,21.20,24.20,23.70,21.00,24.30,22.40,21.20,25.00,22.30,21.90,23.40,24.00,21.60,23.90,25.20,21.40,20.00,21.70,23.50,24.60,24.20,21.80,24.40,23.00,20.80,20.10,20.70,22.00,23.90,25.90,21.90,20.90,20.90,23.40,20.50,24.20,21.40,20.50,23.50,24.20,20.60,24.40,24.10,25.70,25.20,25.50,23.70,23.00,25.70,20.50,20.70,21.30,23.20,23.70,25.60,20.00,25.50,24.60,20.30
TLM_RCV,-58,FG-ALPHA,20240415_091728,AUTO,0,32.48,5.00,-85,100.00,8.33,3.28,5.02,1151,496,0,347,23.27,1012.80,12.10,405.40,15.05,72.70,1080,21.80,23.70,22.20,22.50,23.80,24.60,21.60,20.50,25.50,22.60,23.50,21.10,23.60,21.70,24.20,20.20,23.60,22.70,22.30,20.10,25.10,24.90,25.90,22.80,23.00,22.10,23.80,21.80,25.40,20.80,22.00,20.40,25.80,20.10,23.80,25.00,20.20,21.80,23.00,22.40,22.40,20.00,24.80,23.10,22.30,21.70,23.00,25.70,21.70,21.40,21.80,25.30,22.80,22.50,24.90,22.90,20.20,23.20,24.10,23.80,24.50,25.10,25.20,24.70
TLM_RCV,-54,FG-ALPHA,20240415_091729,AUTO,0,31.27,5.00,-85,100.00,8.33,3.29,5.02,873,454,0,306,22.09,1012.90,11.90,406.40,15.05,72.70,1080,25.90,23.10,25.00,23.60,21.50,23.20,24.90,20.20,24.40,24.50,22.80,24.00,22.50,20.70,20.20,20.20,20.50,24.00,23.30,21.20,21.60,20.10,23.90,24.20,25.90,20.40,22.30,21.80,25.10,25.90,22.10,24.80,24.40,21.80,21.30,25.10,22.00,23.30,23.80,23.20,24.80,20.70,20.70,21.60,24.40,24.60,22.10,25.90,24.50,25.30,23.20,21.80,20.40,24.00,22.70,20.80,21.00,22.10,21.80,23.20,24.10,21.00,22.20,23.50
TLM_RCV,-81,FG-ALPHA,20240415_091730,AUTO,0,32.15,5.00,-85,100.00,8.34,3.28,5.02,1026,430,0,275,22.98,1013.20,11.90,405.50,15.05,72.70,1080,23.20,21.20,22.40,24.60,21.20,25.00,24.00,23.80,21.40,25.50,23.00,25.60,22.20,23.70,21.30,25.50,25.20,25.30,22.00,22.50,25.30,24.60,22.90,20.90,20.00,24.20,23.20,20.70,25.20,22.70,22.70,23.70,21.90,24.70,22.10,24.20,24.20,22.80,20.10,21.40,23.60,22.40,24.50,24.50,22.00,23.80,20.60,25.60,21.40,24.80,21.20,25.80,24.50,20.80,22.70,23.60,22.70,22.80,21.90,21.60,23.70,20.60,25.30,23.10
TLM_RCV,-45,FG-ALPHA,20240415_091731,AUTO,0,32.42,5.00,-85,100.00,8.33,3.28,5.02,1074,485,0,337,22.94,1012.70,11.90,404.50,15.05,72.70,1080,23.50,23.00,22.10,23.20,22.80,20.50,22.00,23.50,21.90,20.80,25.60,20.70,24.90,20.10,24.70,22.40,25.40,23.10,25.40,21.70,24.50,22.10,22.30,24.60,25.90,20.20,21.70,22.70,23.30,24.30,25.70,25.40,23.10,21.60,22.50,25.50,20.30,25.60,20.50,24.50,23.90,25.00,22.90,21.80,25.10,20.30,24.70,20.10,23.10,22.20,21.40,21.30,22.20,25.70,22.90,25.70,23.70,23.80,23.80,21.50,25.80,20.20,21.10,24.30
TLM_RCV,-54,FG-ALPHA,20240415_091732,AUTO,0,33.33,5.00,-85,99.95,8.33,3.29,5.02,0,467,0,325,22.33,1013.50,11.90,404.60,15.05,72.70,1080,20.90,25.50,20.20,24.80,23.70,23.10,25.90,23.30,22.30,22.60,21.60,22.40,25.60,25.90,21.60,23.70,25.90,24.40,23.80,23.40,22.20,24.30,20.80,24.80,23.50,25.50,21.80,20.90,21.30,21.00,20.50,20.40,24.60,21.30,22.10,25.00,22.90,23.50,23.40,25.80,23.50,24.10,25.40,25.40,24.00,20.10,23.50,21.30,21.10,20.40,24.00,23.30,22.50,20.50,23.40,24.60,23.60,22.20,25.30,25.60,21.90,24.90,21.80,21.20
TLM_RCV,-83,FG-ALPHA,20240415_091733,AUTO,0,31.23,5.00,-85,100.00,8.33,3.31,5.02,1007,445,0,300,22.81,1013.10,11.90,405.60,15.05,72.70,1080,23.60,21.60,21.00,20.90,22.50,21.70,23.90,21.40,20.70,24.50,25.00,21.30,24.80,24.70,25.80,24.70,24.90,21.90,20.90,23.30,20.50,22.60,24.90,24.90,25.80,20.20,25.80,21.70,20.50,25.80,20.10,20.20,25.80,20.90,25.00,24.00,20.10,24.30,20.00,20.30,20.80,22.80,21.20,25.70,20.60,20.70,20.90,23.70,21.30,24.50,25.40,24.30,25.00,20.60,21.90,21.50,24.30,24.90,23.30,21.20,20.20,20.10,21.10,21.70
TLM_RCV,-40,FG-ALPHA,20240415_091734,AUTO,0,32.26,5.00,-85,100.00,8.33,3.31,5.02,1058,453,0,294,23.02,1012.80,11.90,405.70,15.06,72.70,1080,20.20,25.20,24.70,20.00,21.90,23.30,22.60,24.40,23.60,22.70,25.60,24.40,22.50,20.40,21.10,21.30,25.00,23.00,20.30,20.10,20.30,22.20,23.90,21.60,22.40,22.60,24.80,21.10,25.20,25.00,24.90,20.70,21.00,20.50,24.20,23.90,22.90,21.00,21.70,20.50,24.20,25.50,22.00,25.60,23.40,24.40,22.00,21.60,20.30,21.50,24.60,22.40,21.60,24.20,21.80,22.20,24.50,24.80,22.10,21.80,20.80,20.50,20.90,24.10
TLM_RCV,-51,FG-ALPHA,20240415_091735,AUTO,0,33.28,5.00,-85,100.00,8.33,3.29,5.02,921,457,0,317,22.32,1013.40,12.10,405.40,15.06,72.70,1080,23.60,23.10,23.90,21.20,20.90,23.80,24.90,22.70,23.50,23.10,25.20,24.50,22.20,20.10,21.80,20.50,20.80,21.90,25.40,20.60,23.90,24.20,24.90,23.50,22.20,25.70,21.60,25.30,22.70,24.30,24.50,23.40,22.70,24.70,25.50,21.60,21.50,21.90,20.50,21.80,24.70,23.50,20.10,24.30,20.00,22.60,20.40,22.90,24.20,22.80,20.90,23.80,21.70,24.30,20.00,22.10,21.30,23.60,23.50,25.80,22.50,22.00,21.80,24.70
TLM_RCV,-84,FG-ALPHA,20240415_091736,AUTO,0,33.26,5.00,-85,100.00,8.33,3.31,5.02,884,451,0,295,22.17,1013.50,12.10,405.40,15.06,72.70,1080,24.50,21.10,20.00,25.30,21.30,20.10,24.50,20.50,23.70,22.70,21.70,23.80,22.90,24.30,24.20,24.40,25.30,23.40,24.60,20.30,24.70,23.10,23.60,23.80,24.80,25.60,25.20,21.60,25.70,20.60,25.70,23.00,23.70,24.00,21.30,21.50,20.40,25.00,21.50,20.80,25.50,23.80,21.30,21.50,21.60,23.40,21.40,22.90,25.90,24.10,20.70,21.40,24.00,22.20,23.70,24.70,21.60,22.20,21.20,23.80,25.80,21.80,24.70,20.50
TLM_RCV,-51,FG-ALPHA,20240415_091737,AUTO,0,33.43,5.00,-85,100.00,8.33,3.31,5.02,961,486,0,338,22.37,1012.90,11.80,405.50,15.06,72.70,1080,23.40,21.60,25.80,24.30,25.60,25.80,23.70,23.80,23.80,24.00,23.60,22.60,22.20,21.30,24.30,23.00,22.60,21.40,23.30,24.00,24.00,23.60,21.90,21.20,23.70,22.60,24.80,20.80,22.60,22.00,20.10,23.70,21.40,23.10,21.80,22.80,24.40,21.30,25.10,22.10,22.30,25.20,21.60,25.10,25.30,21.60,22.40,21.30,21.70,22.50,25.70,25.80,25.20,22.50,22.00,24.50,21.40,24.40,23.00,20.40,20.60,25.60,23.30,21.20
TLM_RCV,-65,FG-ALPHA,20240415_091738,AUTO,0,33.33,5.00,-85,99.95,8.33,3.31,5.02,0,466,0,315,22.33,1013.50,11.80,405.10,15.06,72.70,1080,24.90,24.60,21.40,24.00,24.00,24.50,25.10,21.70,22.70,25.30,22.70,23.30,21.40,23.50,24.10,25.10,20.30,22.40,24.30,25.60,21.40,22.80,25.20,24.20,21.70,20.60,20.70,21.30,23.20,23.80,25.60,21.30,25.40,22.30,21.10,24.40,24.10,22.80,20.60,23.90,20.10,22.10,22.50,25.90,22.20,20.50,22.30,23.70,21.00,20.80,23.60,20.20,20.20,21.50,24.40,21.80,23.50,21.90,22.60,20.70,25.90,23.70,22.30,24.70
TLM_RCV,-41,FG-ALPHA,20240415_091739,AUTO,0,33.38,5.00,-85,100.00,8.33,3.29,5.02,1094,476,0,321,23.09,1013.60,11.80,405.60,15.06,72.70,1080,25.80,22.90,25.90,24.90,25.80,25.30,24.60,25.60,23.00,23.30,24.70,23.90,20.20,20.70,20.20,22.60,25.80,22.80,23.90,20.90,21.50,25.10,77.50,20.30,22.90,24.60,20.40,25.40,21.50,25.40,24.10,22.20,20.40,20.00,24.70,22.60,24.70,21.50,22.00,24.20,20.70,20.70,22.70,22.90,21.90,25.20,22.00,24.40,20.30,21.10,21.10,21.60,25.60,23.80,25.40,23.40,24.50,23.50,23.30,20.30,21.20,20.60,24.60,25.80
TLM_RCV,-40,FG-ALPHA,20240415_091740,AUTO,0,32.51,5.00,-85,99.95,8.32,3.30,5.02,0,503,0,346,22.51,1013.10,12.10,404.70,15.06,72.70,1080,24.40,25.20,21.50,23.60,22.40,25.60,21.90,24.40,21.90,25.30,21.80,23.00,23.30,23.00,22.10,24.80,23.20,21.90,25.40,21.00,24.90,25.90,25.40,25.70,25.80,86.20,25.40,22.80,22.10,22.10,21.90,23.30,25.70,24.20,21.30,24.10,25.50,24.70,23.50,23.60,24.50,20.40,23.00,25.50,24.90,24.00,21.10,21.50,22.10,24.30,23.20,22.90,25.60,25.50,20.60,24.50,22.50,20.10,20.60,24.00,21.20,22.40,21.90,25.40
TLM_RCV,-76,FG-ALPHA,20240415_091741,AUTO,0,32.51,5.00,-85,99.99,8.32,3.28,5.02,901,503,0,347,21.99,1013.30,12.10,405.60,15.06,72.70,1080,70.10,22.60,20.60,24.10,23.20,25.40,22.90,23.60,22.90,22.80,22.10,24.50,21.00,21.80,24.30,24.50,22.40,22.20,23.30,22.80,20.00,21.20,22.10,24.60,20.10,23.20,20.40,24.50,23.60,25.30,24.30,20.60,22.70,20.50,22.90,24.00,23.10,24.70,23.90,24.10,20.70,20.00,22.50,21.50,25.30,24.00,22.40,25.80,22.90,25.80,22.80,22.50,23.10,23.40,23.60,22.60,25.50,24.90,23.80,20.20,21.60,20.80,21.80,24.60
TLM_RCV,-46,FG-ALPHA,20240415_091742,AUTO,0,31.47,5.00,-85,99.94,8.32,3.31,5.02,0,493,0,337,22.47,1012.70,12.10,405.80,15.06,72.70,1080,21.40,22.70,24.70,21.30,25.60,25.50,23.20,25.10,25.10,21.50,24.30,25.70,22.60,22.50,23.30,23.50,25.90,21.30,22.80,23.40,22.80,22.40,22.80,21.30,25.90,22.70,25.30,24.80,23.50,25.90,25.10,22.60,20.40,23.70,21.90,25.80,24.70,21.80,23.70,20.60,24.40,22.50,23.50,25.00,23.00,22.30,25.70,25.00,20.50,22.60,25.60,20.70,25.10,24.50,20.80,22.90,21.80,21.30,22.20,23.90,21.90,21.70,23.10,25.90
TLM_RCV,-77,FG-ALPHA,20240415_091743,AUTO,0,32.06,5.00,-85,99.90,8.34,3.28,5.02,0,412,0,271,22.06,1012.70,12.00,405.30,15.06,72.70,1080,23.80,21.30,25.60,25.00,23.00,22.40,25.30,20.50,20.00,23.50,22.40,22.60,24.50,25.10,20.00,22.90,20.50,23.60,24.00,20.80,25.20,24.80,21.80,22.20,25.80,24.10,24.00,24.60,25.00,21.30,21.10,25.20,20.40,25.30,25.70,22.60,20.50,20.50,23.40,23.00,23.10,24.60,23.80,25.60,22.70,25.90,21.90,22.60,20.90,20.90,25.20,24.60,25.80,24.70,24.50,21.00,23.40,22.10,24.30,20.10,24.00,21.40,22.50,20.90
TLM_RCV,-75,FG-ALPHA,20240415_091744,AUTO,0,33.18,5.00,-85,99.95,8.33,3.30,5.02,982,436,0,286,22.73,1012.70,11.80,404.60,15.07,72.70,1080,25.50,22.90,20.10,23.40,23.30,24.70,23.20,20.70,25.90,21.00,21.90,20.00,20.40,24.00,20.40,20.40,71.20,25.10,21.00,20.70,23.90,23.00,24.40,20.80,25.60,21.10,21.00,21.90,21.90,24.30,21.90,25.20,22.60,23.90,23.10,21.90,24.30,22.50,24.80,24.40,21.60,23.20,22.80,23.40,21.50,21.80,21.50,22.60,20.50,25.10,25.50,25.10,22.50,22.60,25.60,22.00,23.80,21.20,24.80,23.90,21.40,22.50,22.30,21.10
TLM_RCV,-64,FG-ALPHA,20240415_091745,AUTO,0,32.46,5.00,-85,99.90,8.32,3.28,5.02,0,491,0,340,22.45,1013.10,11.80,406.20,15.07,72.70,1080,23.80,25.50,23.10,22.30,25.10,24.90,22.90,22.80,23.80,23.80,23.70,24.30,24.90,23.00,22.60,22.50,21.70,24.80,24.50,25.00,21.50,21.60,24.00,24.80,22.70,20.50,24.40,25.50,24.20,20.70,22.50,24.70,24.30,23.30,20.90,23.50,22.50,24.80,22.90,24.40,20.10,24.70,21.70,20.20,20.30,21.00,22.20,24.70,20.20,20.50,23.00,25.80,24.90,20.80,23.00,24.50,21.40,22.30,25.40,22.00,21.10,21.10,25.70,25.20
