PACKET_TYPE,GS_RSSI,SAT_ID,TIMESTAMP,FDIR_MODE,PAYLOAD_STATE,OBC_T,PAYLOAD_T,SAT_RX_RSSI,SOC,V_BAT,V_3V3,V_5V_1,V_5V_2,V_5V_3,I_IN,I_OUT,I_PAY,I_COMMS,EPS_T,PRESSURE,HUMIDITY,GPS_ALT,OBC_SD_PCT,PAYLOAD_SD_PCT,RESOLUTION,IR_0,IR_1,IR_2,IR_3,IR_4
TLM_RCV,-68,FG-ALPHA,20240415_083341,AUTO,0,33.48,5.00,-85,86.40,8.00,3.31,5.02,4.97,5.01,994,496,0,343,22.49,1012.80,12.00,404.70,12.42,45.10,1080,0,0,0,0,0
TLM_RCV,-84,FG-ALPHA,20240415_083342,AUTO,0,32.06,5.00,-85,86.36,8.01,3.29,5.02,4.96,5.02,0,413,0,259,22.07,1013.10,12.10,406.20,12.42,45.10,1080,0,0,0,0,0
TLM_RCV,-69,FG-ALPHA,20240415_083343,AUTO,1,36.22,6.50,-85,86.32,7.88,3.29,4.87,4.95,5.01,851,1245,787,311,21.97,1013.10,12.00,405.30,12.42,45.25,1080,0,0,0,0,0
TLM_RCV,-48,FG-ALPHA,20240415_083344,AUTO,1,34.15,8.00,-85,86.32,7.92,3.28,4.93,4.97,5.01,1021,1030,620,266,20.05,1013.50,11.80,405.60,12.42,45.40,1080,0,0,0,0,0
TLM_RCV,-92,FG-ALPHA,20240415_083345,AUTO,1,36.38,9.50,-85,86.33,7.91,3.28,4.91,4.96,5.02,1176,1075,663,262,20.50,1013.40,12.10,405.10,12.43,45.55,1080,0,0,0,0,0
TLM_RCV,-59,FG-ALPHA,20240415_083346,AUTO,1,36.28,11.00,-85,86.32,7.91,3.28,4.90,4.95,5.02,1023,1057,604,301,20.17,1013.00,11.90,404.50,12.43,45.70,1080,0,0,0,0,0
TLM_RCV,-74,FG-ALPHA,20240415_083347,AUTO,1,36.67,12.50,-85,86.31,7.90,3.28,4.85,4.96,5.01,1031,1135,698,291,20.52,1013.10,12.00,405.00,12.43,45.85,1080,0,1,1,1,0
TLM_RCV,-43,FG-ALPHA,20240415_083348,AUTO,0,31.97,10.50,-85,86.37,8.01,3.30,5.02,4.94,5.01,917,393,0,250,22.62,1012.70,11.80,404.90,12.43,45.85,1080,0,0,0,0,0
TLM_RCV,-92,FG-ALPHA,20240415_083349,AUTO,0,31.42,8.50,-85,86.42,8.00,3.28,5.02,4.95,5.01,1033,483,0,333,22.75,1013.10,11.90,406.20,12.43,45.85,1080,0,0,0,0,0
TLM_RCV,-56,FG-ALPHA,20240415_083350,AUTO,0,32.40,6.50,-85,86.48,8.00,3.30,5.02,4.94,5.02,1030,481,0,339,22.75,1013.00,12.10,406.00,12.43,45.85,1080,0,0,0,0,0
TLM_RCV,-59,FG-ALPHA,20240415_083351,AUTO,0,31.50,5.00,-85,86.54,8.00,3.30,5.02,4.94,5.01,1165,499,0,342,23.33,1013.10,12.00,404.70,12.43,45.85,1080,0,0,0,0,0
TLM_RCV,-95,FG-ALPHA,20240415_083352,AUTO,0,31.41,5.00,-85,86.61,8.01,3.28,5.02,4.94,5.02,1181,481,0,323,23.50,1012.70,12.00,406.40,12.43,45.85,1080,0,0,0,0,0
TLM_RCV,-41,FG-ALPHA,20240415_083353,AUTO,0,30.99,5.00,-85,86.65,8.02,3.29,5.02,4.96,5.02,811,397,0,254,22.07,1013.10,12.10,404.90,12.43,45.85,1080,0,0,0,0,0
TLM_RCV,-42,FG-ALPHA,20240415_083354,AUTO,0,31.31,5.00,-85,86.70,8.01,3.29,5.02,4.94,5.01,887,461,0,318,22.13,1013.60,11.90,405.80,12.43,45.85,1080,0,0,0,0,0
TLM_RCV,-85,FG-ALPHA,20240415_083355,AUTO,0,31.28,5.00,-85,86.76,8.01,3.29,5.02,4.94,5.02,1110,457,0,300,23.26,1013.40,12.00,404.50,12.44,45.85,1080,0,0,0,0,0
TLM_RCV,-73,FG-ALPHA,20240415_083356,AUTO,0,33.26,5.00,-85,86.80,8.02,3.28,5.02,4.97,5.01,858,451,0,297,22.03,1013.30,11.80,405.30,12.44,45.85,1080,0,0,0,0,0
TLM_RCV,-58,FG-ALPHA,20240415_083357,AUTO,0,32.33,5.00,-85,86.86,8.02,3.29,5.02,4.96,5.02,1092,465,0,307,23.14,1013.30,11.90,405.50,12.44,45.85,1080,0,0,0,0,0
TLM_RCV,-58,FG-ALPHA,20240415_083358,AUTO,0,31.10,5.00,-85,86.93,8.02,3.28,5.02,4.97,5.02,1045,421,0,262,23.12,1012.80,12.00,405.70,12.44,45.85,1080,0,0,0,0,0
TLM_RCV,-86,FG-ALPHA,20240415_083359,AUTO,0,32.08,5.00,-85,86.89,8.02,3.28,5.02,4.95,5.02,0,417,0,271,22.08,1013.60,11.90,405.90,12.44,45.85,1080,0,0,0,0,0
TLM_RCV,-73,FG-ALPHA,20240415_083400,AUTO,1,34.54,6.50,-85,86.86,7.92,3.31,4.93,4.97,5.01,863,1108,641,309,21.23,1012.70,11.80,405.80,12.44,46.00,1080,0,0,0,0,0
TLM_RCV,-50,FG-ALPHA,20240415_083401,AUTO,1,36.15,8.00,-85,86.82,7.90,3.28,4.89,4.96,5.01,859,1229,730,343,21.85,1013.10,11.80,404.60,12.44,46.15,1080,0,0,0,0,0
TLM_RCV,-66,FG-ALPHA,20240415_083402,AUTO,1,34.60,9.50,-85,86.83,7.92,3.30,4.88,4.94,5.01,1171,1121,649,321,20.25,1012.90,11.90,404.50,12.44,46.30,1080,0,0,0,0,1
TLM_RCV,-45,FG-ALPHA,20240415_083403,AUTO,0,30.99,7.50,-85,86.87,8.03,3.30,5.02,4.97,5.01,808,397,0,250,22.06,1013.20,11.90,406.40,12.44,46.30,1080,0,0,0,0,0
TLM_RCV,-57,FG-ALPHA,20240415_083404,AUTO,0,31.07,5.50,-85,86.93,8.02,3.31,5.02,4.97,5.02,1012,414,0,269,22.99,1013.60,11.90,406.20,12.44,46.30,1080,0,0,0,0,0
TLM_RCV,-43,FG-ALPHA,20240415_083405,AUTO,0,31.23,5.00,-85,86.89,8.02,3.28,5.02,4.97,5.02,0,445,0,303,22.23,1013.10,11.80,404.80,12.45,46.30,1080,0,0,0,0,0
TLM_RCV,-59,FG-ALPHA,20240415_083406,AUTO,0,33.37,5.00,-85,86.95,8.02,3.29,5.02,4.97,5.02,1099,473,0,325,23.13,1013.30,12.10,404.90,12.45,46.30,1080,0,0,0,0,0
TLM_RCV,-93,FG-ALPHA,20240415_083407,AUTO,0,31.22,5.00,-85,87.00,8.02,3.31,5.02,4.94,5.01,990,444,0,303,22.73,1012.90,11.80,404.70,12.45,46.30,1080,0,0,0,0,0
TLM_RCV,-81,FG-ALPHA,20240415_083408,AUTO,0,31.46,5.00,-85,87.07,8.02,3.30,5.02,4.96,5.01,1133,492,0,347,23.20,1013.50,11.90,404.70,12.45,46.30,1080,0,0,0,0,0
TLM_RCV,-48,FG-ALPHA,20240415_083409,AUTO,0,31.35,5.00,-85,87.14,8.02,3.30,5.02,4.97,5.02,1189,470,0,325,23.59,1013.00,12.00,406.30,12.45,46.30,1080,0,0,0,0,0
TLM_RCV,-70,FG-ALPHA,20240415_083410,AUTO,0,30.97,5.00,-85,87.20,8.03,3.30,5.02,4.94,5.02,1036,394,0,254,23.21,1013.50,11.90,404.90,12.45,46.30,1080,0,0,0,0,0
TLM_RCV,-45,FG-ALPHA,20240415_083411,AUTO,0,31.12,5.00,-85,87.25,8.03,3.31,5.02,4.96,5.02,894,425,0,277,22.34,1012.70,12.10,406.40,12.45,46.30,1080,0,0,0,0,0
TLM_RCV,-87,FG-ALPHA,20240415_083412,AUTO,0,31.51,5.00,-85,87.31,8.02,3.30,5.02,4.95,5.01,1152,503,0,345,23.25,1013.00,12.00,405.00,12.45,46.30,1080,0,0,0,0,0
TLM_RCV,-41,FG-ALPHA,20240415_083413,AUTO,0,31.35,5.00,-85,87.27,8.02,3.31,5.02,4.96,5.01,0,471,0,320,22.35,1012.90,11.80,404.90,12.45,46.30,1080,0,0,0,0,0
TLM_RCV,-74,FG-ALPHA,20240415_083414,AUTO,0,32.02,5.00,-85,87.33,8.04,3.30,5.02,4.95,5.01,1012,404,0,259,23.04,1013.10,11.90,404.80,12.45,46.30,1080,0,0,0,0,0
TLM_RCV,-71,FG-ALPHA,20240415_083415,AUTO,1,37.03,6.50,-85,87.30,7.91,3.29,4.91,4.96,5.01,877,1206,707,340,21.65,1013.10,11.80,405.80,12.46,46.45,1080,1,1,1,0,0
TLM_RCV,-61,FG-ALPHA,20240415_083416,AUTO,1,34.77,8.00,-85,87.29,7.92,3.29,4.93,4.96,5.02,1056,1154,712,283,20.49,1013.20,11.90,405.60,12.46,46.60,1080,0,0,0,0,0
TLM_RCV,-73,FG-ALPHA,20240415_083417,AUTO,0,33.29,6.00,-85,87.34,8.03,3.29,5.02,4.95,5.02,1024,459,0,312,22.83,1013.30,12.10,404.50,12.46,46.60,1080,0,0,0,0,0
TLM_RCV,-89,FG-ALPHA,20240415_083418,AUTO,0,31.45,5.00,-85,87.41,8.02,3.30,5.02,4.97,5.02,1132,491,0,335,23.20,1013.00,11.80,404.50,12.46,46.60,1080,0,0,0,0,0
TLM_RCV,-71,FG-ALPHA,20240415_083419,AUTO,1,34.48,6.50,-85,87.38,7.93,3.31,4.93,4.97,5.02,864,1096,668,288,21.16,1012.80,11.90,404.70,12.46,46.75,1080,0,0,0,0,0
TLM_RCV,-92,FG-ALPHA,20240415_083420,AUTO,1,36.83,8.00,-85,87.38,7.92,3.28,4.85,4.97,5.01,1181,1165,680,338,20.08,1013.50,12.00,405.00,12.46,46.90,1080,0,0,0,0,0
TLM_RCV,-48,FG-ALPHA,20240415_083421,AUTO,0,32.96,6.00,-85,87.46,8.04,3.31,5.02,4.97,5.01,1193,392,0,252,24.00,1012.80,11.80,404.90,12.46,46.90,1080,0,0,0,0,0
TLM_RCV,-50,FG-ALPHA,20240415_083443,AUTO,0,31.17,5.00,-85,88.79,8.07,3.30,5.02,4.95,5.02,1190,435,0,292,23.77,1012.80,12.00,405.30,12.48,46.90,1080,0,0,0,0,0
TLM_RCV,-82,FG-ALPHA,20240415_083444,AUTO,0,31.26,5.00,-85,88.85,8.06,3.28,5.02,4.95,5.01,1032,453,0,299,22.90,1013.20,12.00,404.80,12.48,46.90,1080,0,0,0,0,0
TLM_RCV,-88,FG-ALPHA,20240415_083445,AUTO,0,31.21,5.00,-85,88.80,8.06,3.30,5.02,4.96,5.02,0,442,0,285,22.21,1013.50,11.80,406.10,12.49,46.90,1080,0,0,0,0,0
TLM_RCV,-51,FG-ALPHA,20240415_083446,AUTO,0,31.33,5.00,-85,88.87,8.06,3.29,5.02,4.95,5.02,1100,466,0,319,23.17,1012.90,11.90,406.40,12.49,46.90,1080,0,0,0,0,0
TLM_RCV,-66,FG-ALPHA,20240415_083447,AUTO,0,32.00,5.00,-85,88.93,8.07,3.29,5.02,4.96,5.01,1002,400,0,250,23.01,1013.60,12.10,404.70,12.49,46.90,1080,0,0,0,0,0
TLM_RCV,-85,FG-ALPHA,20240415_083448,AUTO,0,33.22,5.00,-85,88.98,8.07,3.28,5.02,4.95,5.01,958,444,0,289,22.57,1013.40,12.10,406.10,12.49,46.90,1080,0,0,0,0,0
TLM_RCV,-67,FG-ALPHA,20240415_083449,AUTO,1,34.38,6.50,-85,88.96,7.97,3.28,4.94,4.94,5.02,902,1077,640,290,20.87,1013.60,12.10,406.20,12.49,47.05,1080,0,0,0,0,0
TLM_RCV,-90,FG-ALPHA,20240415_083450,AUTO,1,34.51,8.00,-85,88.94,7.97,3.29,4.86,4.97,5.01,876,1101,685,266,21.12,1013.60,12.10,406.20,12.49,47.20,1080,0,0,0,0,0
TLM_RCV,-81,FG-ALPHA,20240415_083451,AUTO,1,34.72,9.50,-85,88.94,7.96,3.29,4.90,4.95,5.02,1118,1144,669,324,20.13,1013.40,11.80,404.60,12.49,47.35,1080,0,0,0,0,0
TLM_RCV,-87,FG-ALPHA,20240415_083452,AUTO,1,35.53,11.00,-85,88.83,7.97,3.29,4.86,4.94,5.01,0,1106,679,274,25.53,1012.90,11.90,404.90,12.49,47.50,1080,0,0,0,0,0
TLM_RCV,-45,FG-ALPHA,20240415_083453,AUTO,1,36.24,12.50,-85,88.81,7.94,3.29,4.89,4.94,5.02,1146,1248,780,310,20.51,1013.50,11.80,404.70,12.49,47.65,1080,0,0,0,0,0
TLM_RCV,-50,FG-ALPHA,20240415_083454,AUTO,1,36.16,14.00,-85,88.69,7.94,3.28,4.87,4.94,5.02,0,1232,789,291,26.16,1013.50,11.80,404.90,12.49,47.80,1080,0,0,0,0,0
TLM_RCV,-60,FG-ALPHA,20240415_083455,AUTO,0,32.31,12.00,-85,88.73,8.06,3.31,5.02,4.96,5.02,878,462,0,311,22.08,1012.80,12.10,406.30,12.50,47.80,1080,0,0,0,0,0
TLM_RCV,-79,FG-ALPHA,20240415_083456,AUTO,0,33.15,10.00,-85,88.78,8.07,3.29,5.02,4.96,5.01,912,429,0,279,22.42,1013.10,12.10,406.40,12.50,47.80,1080,0,0,0,0,0
TLM_RCV,-73,FG-ALPHA,20240415_083457,AUTO,0,32.33,8.00,-85,88.74,8.06,3.31,5.02,4.96,5.02,0,465,0,320,22.33,1013.60,12.00,404.70,12.50,47.80,1080,0,0,0,0,0
TLM_RCV,-44,FG-ALPHA,20240415_083458,AUTO,1,34.40,9.50,-85,88.74,7.97,3.28,4.94,4.96,5.02,1092,1081,663,263,20.06,1012.80,12.10,404.70,12.50,47.95,1080,0,0,0,0,0
TLM_RCV,-89,FG-ALPHA,20240415_083459,AUTO,1,36.08,11.00,-85,88.75,7.98,3.31,4.91,4.96,5.01,1113,1016,603,268,20.49,1012.70,12.10,405.90,12.50,48.10,1080,0,0,0,0,0
TLM_RCV,-95,FG-ALPHA,20240415_083500,AUTO,1,34.44,12.50,-85,88.73,7.97,3.29,4.94,4.94,5.02,929,1088,625,310,20.80,1012.70,11.90,404.90,12.50,48.25,1080,0,0,1,1,1
TLM_RCV,-92,FG-ALPHA,20240415_083501,AUTO,1,36.03,14.00,-85,88.70,7.95,3.28,4.90,4.97,5.01,867,1206,709,348,21.69,1013.60,12.10,404.60,12.50,48.40,1080,0,0,0,0,0
TLM_RCV,-83,FG-ALPHA,20240415_083502,AUTO,1,36.96,15.50,-85,88.58,7.95,3.31,4.87,4.95,5.01,0,1192,692,341,25.96,1013.50,11.90,405.20,12.50,48.55,1080,0,0,0,0,0
TLM_RCV,-43,FG-ALPHA,20240415_083503,AUTO,1,37.04,17.00,-85,88.46,7.94,3.30,4.92,4.97,5.01,0,1208,742,322,26.04,1013.20,12.00,404.60,12.50,48.70,1080,0,1,1,1,0
TLM_RCV,-76,FG-ALPHA,20240415_083504,AUTO,1,36.94,18.50,-85,88.34,7.94,3.29,4.85,4.94,5.01,0,1188,764,265,25.94,1013.10,12.10,405.60,12.50,48.85,1080,0,0,0,0,0
TLM_RCV,-70,FG-ALPHA,20240415_083505,AUTO,1,35.80,20.00,-85,88.33,7.95,3.30,4.87,4.96,5.01,1100,1160,740,264,20.30,1013.60,11.90,404.50,12.51,49.00,1080,0,0,0,0,0
TLM_RCV,-84,FG-ALPHA,20240415_083506,AUTO,1,34.51,21.50,-85,88.31,7.95,3.28,4.88,4.94,5.02,918,1103,674,281,20.92,1013.50,11.90,405.60,12.51,49.15,1080,0,0,0,0,0
TLM_RCV,-93,FG-ALPHA,20240415_083507,AUTO,1,36.62,23.00,-85,88.30,7.95,3.28,4.85,4.94,5.02,1042,1124,654,313,20.41,1013.40,11.80,405.70,12.51,49.30,1080,0,0,0,0,0
TLM_RCV,-60,FG-ALPHA,20240415_083508,AUTO,1,35.69,24.50,-85,88.30,7.95,3.31,4.85,4.96,5.01,1063,1139,712,270,20.38,1013.00,12.10,405.90,12.51,49.45,1080,0,0,0,0,0
TLM_RCV,-90,FG-ALPHA,20240415_083509,AUTO,1,35.54,26.00,-85,88.19,7.95,3.30,4.91,4.95,5.02,0,1108,653,313,25.54,1012.70,12.00,404.80,12.51,49.60,1080,1,1,0,0,0
TLM_RCV,-62,FG-ALPHA,20240415_083510,AUTO,1,36.51,27.50,-85,88.19,7.95,3.28,4.86,4.96,5.01,1165,1103,698,265,20.31,1012.80,11.80,406.10,12.51,49.75,1080,1,0,0,0,0
TLM_RCV,-62,FG-ALPHA,20240415_083511,AUTO,1,35.44,29.00,-85,88.18,7.95,3.29,4.87,4.96,5.01,918,1089,630,317,20.85,1012.90,12.00,405.00,12.51,49.90,1080,0,0,0,0,0
TLM_RCV,-48,FG-ALPHA,20240415_083512,AUTO,1,35.40,30.50,-85,88.14,7.92,3.29,4.91,4.95,5.01,886,1280,781,349,21.97,1013.10,12.10,405.50,12.51,50.05,1080,0,0,0,0,0
TLM_RCV,-69,FG-ALPHA,20240415_083513,AUTO,0,32.39,28.50,-85,88.20,8.05,3.31,5.02,4.94,5.01,1095,478,0,328,23.08,1012.70,12.10,405.50,12.51,50.05,1080,0,0,0,0,0
TLM_RCV,-70,FG-ALPHA,20240415_083514,AUTO,0,33.11,26.50,-85,88.26,8.05,3.28,5.02,4.96,5.02,1060,422,0,265,23.19,1013.00,12.10,405.40,12.51,50.05,1080,0,0,0,0,0
TLM_RCV,-64,FG-ALPHA,20240415_083515,AUTO,0,31.42,24.50,-85,88.30,8.05,3.29,5.02,4.97,5.02,824,484,0,333,21.70,1013.00,11.80,406.40,12.52,50.05,1080,0,0,0,0,0
TLM_RCV,-41,FG-ALPHA,20240415_083516,AUTO,0,32.46,22.50,-85,88.34,8.05,3.30,5.02,4.97,5.01,920,491,0,338,22.15,1013.40,12.10,406.40,12.52,50.05,1080,0,0,0,0,0
TLM_RCV,-58,FG-ALPHA,20240415_083517,AUTO,0,32.32,20.50,-85,88.40,8.05,3.28,5.02,4.95,5.01,1068,464,0,318,23.02,1013.40,11.80,405.70,12.52,50.05,1080,0,0,0,0,0
TLM_RCV,-77,FG-ALPHA,20240415_083518,AUTO,0,32.25,18.50,-85,88.46,8.06,3.31,5.02,4.95,5.01,1016,450,0,300,22.83,1012.80,12.00,404.60,12.52,50.05,1080,0,0,0,0,0
TLM_RCV,-66,FG-ALPHA,20240415_083519,AUTO,0,33.04,16.50,-85,88.52,8.06,3.30,5.02,4.96,5.02,1041,409,0,266,23.16,1012.90,12.00,406.00,12.52,50.05,1080,0,0,0,0,0
TLM_RCV,-55,FG-ALPHA,20240415_083520,AUTO,0,33.47,14.50,-85,88.56,8.05,3.30,5.02,4.97,5.02,957,494,0,338,22.32,1013.50,11.90,405.40,12.52,50.05,1080,0,0,0,0,0
TLM_RCV,-40,FG-ALPHA,20240415_083521,AUTO,0,31.37,12.50,-85,88.63,8.06,3.29,5.02,4.94,5.02,1166,475,0,329,23.45,1013.00,12.00,405.60,12.52,50.05,1080,0,0,0,0,0
TLM_RCV,-52,FG-ALPHA,20240415_083522,AUTO,0,32.35,10.50,-85,88.70,8.06,3.31,5.02,4.97,5.01,1145,469,0,313,23.38,1012.70,12.00,406.10,12.52,50.05,1080,0,0,0,0,0
TLM_RCV,-41,FG-ALPHA,20240415_083523,AUTO,0,33.40,8.50,-85,88.65,8.06,3.29,5.02,4.95,5.01,0,481,0,332,22.41,1012.80,12.00,405.90,12.52,50.05,1080,0,0,0,0,0
TLM_RCV,-68,FG-ALPHA,20240415_083545,AUTO,0,31.39,5.00,-85,90.27,8.10,3.28,5.02,4.94,5.01,1007,477,0,334,22.65,1012.70,11.90,405.20,12.55,50.05,1080,0,0,0,0,0
TLM_RCV,-67,FG-ALPHA,20240415_083546,AUTO,0,31.36,5.00,-85,90.23,8.09,3.30,5.02,4.96,5.01,0,473,0,322,22.36,1013.50,12.10,404.50,12.55,50.05,1080,0,0,0,0,0
TLM_RCV,-46,FG-ALPHA,20240415_083547,AUTO,0,32.01,5.00,-85,90.19,8.10,3.31,5.02,4.97,5.01,0,401,0,250,22.00,1013.60,12.10,404.80,12.55,50.05,1080,0,0,0,0,0
TLM_RCV,-64,FG-ALPHA,20240415_083548,AUTO,0,32.08,5.00,-85,90.26,8.10,3.28,5.02,4.97,5.01,1117,416,0,274,23.50,1012.90,12.10,404.80,12.55,50.05,1080,0,0,0,0,0
TLM_RCV,-72,FG-ALPHA,20240415_083549,AUTO,0,31.22,5.00,-85,90.33,8.10,3.29,5.02,4.97,5.02,1189,443,0,300,23.73,1012.90,11.80,405.70,12.55,50.05,1080,0,0,0,0,0
TLM_RCV,-73,FG-ALPHA,20240415_083550,AUTO,0,33.12,5.00,-85,90.37,8.11,3.31,5.02,4.95,5.01,828,424,0,283,22.02,1012.80,11.90,405.90,12.55,50.05,1080,0,0,0,0,0
TLM_RCV,-89,FG-ALPHA,20240415_083551,AUTO,0,33.05,5.00,-85,90.33,8.11,3.31,5.02,4.97,5.02,0,410,0,261,22.05,1013.60,12.00,405.30,12.55,50.05,1080,0,0,0,0,0
TLM_RCV,-61,FG-ALPHA,20240415_083552,AUTO,1,36.03,6.50,-85,90.29,7.99,3.30,4.86,4.95,5.01,843,1207,706,349,21.82,1013.20,12.10,405.60,12.55,50.20,1080,0,0,0,0,0
TLM_RCV,-61,FG-ALPHA,20240415_083553,AUTO,1,34.58,8.00,-85,90.18,8.00,3.28,4.87,4.96,5.02,0,1115,685,280,25.58,1013.10,12.00,405.80,12.55,50.35,1080,0,0,0,0,0
TLM_RCV,-42,FG-ALPHA,20240415_083554,AUTO,0,31.02,6.00,-85,90.25,8.11,3.31,5.02,4.94,5.01,1082,405,0,259,23.39,1013.10,12.10,406.20,12.55,50.35,1080,0,0,0,0,0
TLM_RCV,-66,FG-ALPHA,20240415_083555,AUTO,1,34.83,7.50,-85,90.13,7.99,3.31,4.93,4.96,5.01,0,1166,692,320,25.83,1012.80,11.90,405.10,12.56,50.50,1080,0,0,0,0,0
TLM_RCV,-93,FG-ALPHA,20240415_083556,AUTO,1,35.30,9.00,-85,90.14,8.00,3.29,4.88,4.95,5.02,1167,1060,626,289,20.53,1013.10,11.90,404.90,12.56,50.65,1080,0,0,0,0,0
TLM_RCV,-65,FG-ALPHA,20240415_083557,AUTO,0,33.06,7.00,-85,90.20,8.10,3.28,5.02,4.95,5.02,966,412,0,255,22.77,1013.50,11.90,405.10,12.56,50.65,1080,0,0,0,0,0
TLM_RCV,-74,FG-ALPHA,20240415_083558,AUTO,0,32.08,5.00,-85,90.25,8.10,3.30,5.02,4.96,5.01,938,415,0,267,22.61,1013.60,11.90,405.80,12.56,50.65,1080,0,0,0,0,0
TLM_RCV,-61,FG-ALPHA,20240415_083559,AUTO,0,32.05,5.00,-85,90.29,8.11,3.31,5.02,4.97,5.02,839,410,0,256,22.15,1012.70,12.10,404.50,12.56,50.65,1080,0,0,0,0,0
TLM_RCV,-54,FG-ALPHA,20240415_083600,AUTO,0,31.25,5.00,-85,90.34,8.10,3.28,5.02,4.97,5.01,865,449,0,295,22.08,1013.40,11.80,405.50,12.56,50.65,1080,0,0,0,0,0
TLM_RCV,-58,FG-ALPHA,20240415_083601,AUTO,0,32.24,5.00,-85,90.39,8.10,3.29,5.02,4.94,5.01,1009,448,0,294,22.81,1012.90,12.00,405.70,12.56,50.65,1080,0,0,0,0,0
TLM_RCV,-57,FG-ALPHA,20240415_083602,AUTO,0,33.32,5.00,-85,90.44,8.10,3.31,5.02,4.94,5.02,927,464,0,305,22.32,1012.80,11.80,404.90,12.56,50.65,1080,0,0,0,0,0
TLM_RCV,-52,FG-ALPHA,20240415_083603,AUTO,0,33.10,5.00,-85,90.51,8.11,3.31,5.02,4.94,5.01,1142,420,0,274,23.61,1013.40,12.00,404.70,12.56,50.65,1080,0,0,0,0,0
TLM_RCV,-62,FG-ALPHA,20240415_083604,AUTO,0,32.51,5.00,-85,90.57,8.10,3.31,5.02,4.94,5.02,1148,502,0,344,23.23,1013.60,11.80,405.90,12.56,50.65,1080,0,0,0,0,0
TLM_RCV,-95,FG-ALPHA,20240415_083605,AUTO,1,35.37,6.50,-85,90.55,7.98,3.29,4.94,4.96,5.02,1009,1274,799,324,21.33,1013.20,12.10,405.20,12.57,50.80,1080,0,0,0,0,0
TLM_RCV,-89,FG-ALPHA,20240415_083606,AUTO,1,36.97,8.00,-85,90.52,7.99,3.29,4.94,4.95,5.02,922,1193,763,272,21.35,1012.80,12.10,405.90,12.57,50.95,1080,0,0,1,0,0
TLM_RCV,-67,FG-ALPHA,20240415_083607,AUTO,1,36.72,9.50,-85,90.41,8.00,3.28,4.88,4.96,5.02,0,1145,690,310,25.73,1013.30,12.10,404.80,12.57,51.10,1080,0,0,0,0,0
TLM_RCV,-73,FG-ALPHA,20240415_083608,AUTO,1,35.12,11.00,-85,90.28,7.98,3.30,4.93,4.94,5.01,0,1223,717,349,26.11,1013.50,12.00,406.30,12.57,51.25,1080,0,0,0,0,0
TLM_RCV,-56,FG-ALPHA,20240415_083609,AUTO,1,36.53,12.50,-85,90.27,8.00,3.28,4.91,4.96,5.01,911,1105,669,296,20.97,1012.80,11.80,404.80,12.57,51.40,1080,0,1,0,0,0
TLM_RCV,-70,FG-ALPHA,20240415_083610,AUTO,1,34.62,14.00,-85,90.15,8.00,3.30,4.85,4.94,5.01,0,1123,687,278,25.61,1013.50,12.00,406.10,12.57,51.55,1080,0,0,0,1,0
TLM_RCV,-88,FG-ALPHA,20240415_083611,AUTO,0,31.06,12.00,-85,90.22,8.10,3.29,5.02,4.94,5.01,1057,411,0,271,23.23,1012.80,11.80,404.80,12.57,51.55,1080,0,0,0,0,0
TLM_RCV,-50,FG-ALPHA,20240415_083612,AUTO,0,31.09,10.00,-85,90.26,8.10,3.28,5.02,4.95,5.02,840,419,0,277,22.10,1012.90,12.00,405.20,12.57,51.55,1080,0,0,0,0,0
TLM_RCV,-79,FG-ALPHA,20240415_083613,AUTO,0,33.51,8.00,-85,90.21,8.09,3.29,5.02,4.97,5.01,0,503,0,345,22.51,1012.80,11.80,406.10,12.57,51.55,1080,0,0,0,0,0
TLM_RCV,-92,FG-ALPHA,20240415_083614,AUTO,0,33.40,6.00,-85,90.28,8.09,3.30,5.02,4.95,5.01,1152,479,0,334,23.36,1012.90,11.90,406.00,12.57,51.55,1080,0,0,0,0,0
TLM_RCV,-58,FG-ALPHA,20240415_083615,AUTO,0,31.30,5.00,-85,90.23,8.10,3.28,5.02,4.94,5.02,0,460,0,303,22.30,1012.80,11.80,405.20,12.58,51.55,1080,0,0,0,0,0
TLM_RCV,-64,FG-ALPHA,20240415_083616,AUTO,0,32.30,5.00,-85,90.30,8.10,3.28,5.02,4.96,5.02,1119,460,0,314,23.30,1012.70,12.00,404.80,12.58,51.55,1080,0,0,0,0,0
TLM_RCV,-84,FG-ALPHA,20240415_083617,AUTO,0,33.06,5.00,-85,90.35,8.11,3.31,5.02,4.94,5.02,923,411,0,259,22.56,1012.70,11.80,405.80,12.58,51.55,1080,0,0,0,0,0
TLM_RCV,-40,FG-ALPHA,20240415_083618,AUTO,0,32.38,5.00,-85,90.30,8.10,3.30,5.02,4.97,5.01,0,475,0,333,22.37,1012.80,12.10,406.20,12.58,51.55,1080,0,0,0,0,0
TLM_RCV,-55,FG-ALPHA,20240415_083619,AUTO,0,32.02,5.00,-85,90.26,8.11,3.31,5.02,4.94,5.01,0,404,0,256,22.02,1012.90,12.00,406.30,12.58,51.55,1080,0,0,0,0,0
TLM_RCV,-63,FG-ALPHA,20240415_083620,AUTO,0,32.35,5.00,-85,90.29,8.10,3.29,5.02,4.94,5.01,805,469,0,316,21.68,1013.60,12.10,406.20,12.58,51.55,1080,0,0,0,0,0
TLM_RCV,-79,FG-ALPHA,20240415_083621,AUTO,0,31.24,5.00,-85,90.33,8.10,3.29,5.02,4.95,5.02,842,448,0,303,21.97,1013.00,11.80,406.10,12.58,51.55,1080,0,0,0,0,0
TLM_RCV,-40,FG-ALPHA,20240415_083622,AUTO,0,31.03,5.00,-85,90.38,8.11,3.29,5.02,4.94,5.01,927,407,0,265,22.60,1013.40,12.10,404.70,12.58,51.55,1080,0,0,0,0,0
TLM_RCV,-76,FG-ALPHA,20240415_083623,AUTO,0,31.27,5.00,-85,90.42,8.10,3.31,5.02,4.97,5.02,847,455,0,312,21.96,1013.10,12.10,405.40,12.58,51.55,1080,0,0,0,0,0
TLM_RCV,-83,FG-ALPHA,20240415_083624,AUTO,0,32.21,5.00,-85,90.38,8.10,3.29,5.02,4.97,5.01,0,441,0,301,22.20,1013.50,12.00,404.70,12.58,51.55,1080,0,0,0,0,0
TLM_RCV,-40,FG-ALPHA,20240415_083625,AUTO,0,31.20,5.00,-85,90.34,8.10,3.28,5.02,4.95,5.01,0,441,0,284,22.20,1012.70,11.90,405.30,12.59,51.55,1080,0,0,0,0,0
TLM_RCV,-76,FG-ALPHA,20240415_083647,AUTO,0,33.35,5.00,-85,91.43,8.12,3.31,5.02,4.97,5.02,1185,469,0,327,23.58,1013.00,12.00,405.40,12.61,51.55,1080,0,0,0,0,0
TLM_RCV,-65,FG-ALPHA,20240415_083648,AUTO,0,33.45,5.00,-85,91.49,8.12,3.28,5.02,4.97,5.01,1074,490,0,336,22.92,1012.90,11.90,406.20,12.61,51.55,1080,0,0,0,0,0
TLM_RCV,-63,FG-ALPHA,20240415_083649,AUTO,0,33.50,5.00,-85,91.44,8.12,3.31,5.02,4.94,5.01,0,500,0,341,22.50,1012.90,11.80,404.60,12.61,51.55,1080,0,0,0,0,0
TLM_RCV,-40,FG-ALPHA,20240415_083650,AUTO,0,33.22,5.00,-85,91.52,8.13,3.30,5.02,4.96,5.01,1197,444,0,299,23.76,1013.20,11.80,406.10,12.61,51.55,1080,0,0,0,0,0
TLM_RCV,-90,FG-ALPHA,20240415_083651,AUTO,0,33.41,5.00,-85,91.56,8.13,3.30,5.02,4.94,5.02,944,482,0,332,22.31,1013.30,11.90,404.50,12.61,51.55,1080,0,0,0,0,0
TLM_RCV,-44,FG-ALPHA,20240415_083652,AUTO,0,33.40,5.00,-85,91.52,8.12,3.31,5.02,4.94,5.02,0,479,0,334,22.40,1013.40,12.00,404.60,12.61,51.55,1080,0,0,0,0,0
TLM_RCV,-66,FG-ALPHA,20240415_083653,AUTO,0,32.12,5.00,-85,91.58,8.13,3.29,5.02,4.94,5.02,1058,423,0,279,23.17,1013.20,11.90,406.10,12.61,51.55,1080,0,0,0,0,0
TLM_RCV,-93,FG-ALPHA,20240415_083654,AUTO,0,32.19,5.00,-85,91.63,8.13,3.31,5.02,4.94,5.01,943,439,0,285,22.52,1012.80,12.00,404.70,12.61,51.55,1080,0,0,0,0,0
TLM_RCV,-52,FG-ALPHA,20240415_083655,AUTO,0,31.45,5.00,-85,91.58,8.12,3.28,5.02,4.97,5.02,0,490,0,349,22.45,1013.60,11.80,405.60,12.62,51.55,1080,0,0,0,0,0
TLM_RCV,-71,FG-ALPHA,20240415_083656,AUTO,0,32.27,5.00,-85,91.63,8.13,3.29,5.02,4.97,5.02,931,454,0,304,22.39,1012.80,12.10,405.80,12.62,51.55,1080,0,0,0,0,0
TLM_RCV,-69,FG-ALPHA,20240415_083657,AUTO,0,33.35,5.00,-85,91.58,8.13,3.31,5.02,4.94,5.02,0,469,0,327,22.34,1013.00,11.80,404.60,12.62,51.55,1080,0,0,0,0,0
TLM_RCV,-93,FG-ALPHA,20240415_083658,AUTO,0,33.31,5.00,-85,91.63,8.13,3.29,5.02,4.97,5.02,916,461,0,307,22.27,1013.40,12.10,405.60,12.62,51.55,1080,0,0,0,0,0
TLM_RCV,-56,FG-ALPHA,20240415_083659,AUTO,0,31.99,5.00,-85,91.69,8.14,3.29,5.02,4.94,5.01,1018,398,0,254,23.10,1013.00,12.00,405.60,12.62,51.55,1080,0,0,0,0,0
TLM_RCV,-77,FG-ALPHA,20240415_083700,AUTO,0,32.13,5.00,-85,91.65,8.14,3.31,5.02,4.94,5.02,0,425,0,279,22.12,1013.10,11.90,404.60,12.62,51.55,1080,0,0,0,0,0
TLM_RCV,-60,FG-ALPHA,20240415_083701,AUTO,0,32.01,5.00,-85,91.71,8.14,3.28,5.02,4.97,5.02,1079,401,0,254,23.39,1012.70,12.10,404.90,12.62,51.55,1080,0,0,0,0,0
TLM_RCV,-56,FG-ALPHA,20240415_083702,AUTO,0,33.17,5.00,-85,91.75,8.14,3.29,5.02,4.97,5.02,828,433,0,284,21.98,1013.30,11.90,405.50,12.62,51.55,1080,0,0,0,0,0
TLM_RCV,-49,FG-ALPHA,20240415_083703,AUTO,0,31.09,5.00,-85,91.83,8.14,3.31,5.02,4.94,5.02,1150,419,0,267,23.66,1012.80,11.80,404.60,12.62,51.55,1080,0,0,0,0,0
TLM_RCV,-75,FG-ALPHA,20240415_083704,AUTO,0,32.22,5.00,-85,91.89,8.14,3.31,5.02,4.94,5.02,1123,443,0,302,23.40,1013.60,12.00,405.90,12.62,51.55,1080,0,0,0,0,0
TLM_RCV,-58,FG-ALPHA,20240415_083705,AUTO,0,33.42,5.00,-85,91.94,8.13,3.30,5.02,4.95,5.01,961,484,0,337,22.39,1012.80,12.00,405.80,12.63,51.55,1080,0,0,0,0,0
TLM_RCV,-66,FG-ALPHA,20240415_083706,AUTO,0,32.96,5.00,-85,91.98,8.15,3.29,5.02,4.96,5.01,815,391,0,251,22.12,1013.50,12.10,404.70,12.63,51.55,1080,0,0,0,0,0
TLM_RCV,-70,FG-ALPHA,20240415_083707,AUTO,0,31.37,5.00,-85,91.94,8.14,3.28,5.02,4.95,5.02,0,475,0,316,22.37,1012.70,11.80,406.20,12.63,51.55,1080,0,0,0,0,0
TLM_RCV,-73,FG-ALPHA,20240415_083708,AUTO,0,31.26,5.00,-85,92.00,8.14,3.30,5.02,4.94,5.02,1127,453,0,309,23.37,1013.40,11.90,405.10,12.63,51.55,1080,0,0,0,0,0
TLM_RCV,-83,FG-ALPHA,20240415_083709,AUTO,0,31.36,5.00,-85,92.06,8.14,3.29,5.02,4.94,5.02,1074,473,0,331,23.00,1013.50,12.10,405.70,12.63,51.55,1080,0,0,0,0,0
TLM_RCV,-53,FG-ALPHA,20240415_083710,AUTO,0,32.01,5.00,-85,92.02,8.15,3.31,5.02,4.95,5.02,0,402,0,252,22.01,1012.80,11.80,404.80,12.63,51.55,1080,0,0,0,0,0
TLM_RCV,-51,FG-ALPHA,20240415_083711,AUTO,0,31.37,5.00,-85,92.06,8.14,3.29,5.02,4.94,5.02,865,474,0,330,21.95,1013.60,11.90,405.70,12.63,51.55,1080,0,0,0,0,0
TLM_RCV,-68,FG-ALPHA,20240415_083712,AUTO,0,32.38,5.00,-85,92.13,8.14,3.29,5.02,4.95,5.01,1110,477,0,322,23.17,1013.50,11.80,404.70,12.63,51.55,1080,0,0,0,0,0
TLM_RCV,-71,FG-ALPHA,20240415_083713,AUTO,0,31.08,5.00,-85,92.19,8.15,3.28,5.02,4.97,5.02,1047,415,0,260,23.16,1013.60,11.80,406.00,12.63,51.55,1080,0,0,0,0,0
TLM_RCV,-73,FG-ALPHA,20240415_083714,AUTO,0,31.42,5.00,-85,92.23,8.14,3.30,5.02,4.97,5.02,886,483,0,328,22.01,1013.40,11.80,406.00,12.63,51.55,1080,0,0,0,0,0
TLM_RCV,-91,FG-ALPHA,20240415_083715,AUTO,1,36.44,6.50,-85,92.24,8.05,3.28,4.86,4.95,5.02,1176,1088,611,334,20.44,1013.20,11.90,405.10,12.64,51.70,1080,0,0,0,0,0
TLM_RCV,-64,FG-ALPHA,20240415_083716,AUTO,1,35.41,8.00,-85,92.13,8.05,3.28,4.87,4.95,5.01,0,1082,616,318,25.41,1013.50,11.90,405.50,12.64,51.85,1080,0,0,0,0,0
TLM_RCV,-40,FG-ALPHA,20240415_083717,AUTO,0,31.17,6.00,-85,92.17,8.15,3.31,5.02,4.94,5.01,836,435,0,292,22.00,1012.90,11.80,406.30,12.64,51.85,1080,0,0,0,0,0
TLM_RCV,-82,FG-ALPHA,20240415_083718,AUTO,0,31.15,5.00,-85,92.22,8.15,3.30,5.02,4.95,5.01,876,429,0,270,22.24,1012.90,12.10,404.60,12.64,51.85,1080,0,0,0,0,0
TLM_RCV,-40,FG-ALPHA,20240415_083719,AUTO,1,34.48,6.50,-85,92.19,8.05,3.31,4.89,4.96,5.01,853,1096,625,315,21.22,1012.90,12.10,405.60,12.64,52.00,1080,0,0,0,0,0
TLM_RCV,-67,FG-ALPHA,20240415_083720,AUTO,1,36.59,8.00,-85,92.20,8.05,3.30,4.86,4.96,5.02,1194,1118,723,254,20.38,1013.50,11.90,406.30,12.64,52.15,1080,0,0,0,0,0
TLM_RCV,-59,FG-ALPHA,20240415_083721,AUTO,1,34.60,9.50,-85,92.20,8.04,3.30,4.91,4.97,5.02,1118,1121,686,289,20.01,1013.00,11.80,406.00,12.64,52.30,1080,0,0,0,0,0
TLM_RCV,-79,FG-ALPHA,20240415_083722,AUTO,1,35.98,11.00,-85,92.17,8.03,3.29,4.88,4.94,5.01,864,1196,719,337,21.66,1012.90,11.90,405.00,12.64,52.45,1080,0,0,0,0,0
TLM_RCV,-75,FG-ALPHA,20240415_083723,AUTO,1,36.48,12.50,-85,92.16,8.05,3.28,4.94,4.94,5.02,1026,1096,673,272,20.35,1013.30,12.00,406.00,12.64,52.60,1080,1,0,0,0,0
TLM_RCV,-47,FG-ALPHA,20240415_083724,AUTO,1,35.57,14.00,-85,92.15,8.04,3.28,4.90,4.96,5.02,1014,1114,627,329,20.50,1013.00,12.00,405.20,12.64,52.75,1080,0,0,0,0,0
TLM_RCV,-61,FG-ALPHA,20240415_083725,AUTO,1,34.12,15.50,-85,92.14,8.06,3.30,4.88,4.97,5.02,911,1024,605,273,20.57,1012.70,12.00,405.90,12.65,52.90,1080,0,0,0,0,0
TLM_RCV,-88,FG-ALPHA,20240415_083726,AUTO,1,36.33,17.00,-85,92.01,8.02,3.29,4.85,4.95,5.02,0,1266,785,330,26.33,1012.90,12.00,405.00,12.65,53.05,1080,0,0,0,0,0
TLM_RCV,-95,FG-ALPHA,20240415_083727,AUTO,1,35.99,18.50,-85,91.98,8.03,3.29,4.88,4.97,5.01,908,1197,727,315,21.44,1013.30,11.80,406.40,12.65,53.20,1080,0,0,0,0,0
TLM_RCV,-70,FG-ALPHA,20240415_083749,AUTO,1,36.19,6.50,-85,92.67,8.04,3.30,4.87,4.97,5.02,0,1237,797,300,26.18,1013.10,12.10,406.40,12.67,54.40,1080,0,0,1,0,0
TLM_RCV,-60,FG-ALPHA,20240415_083750,AUTO,1,35.49,8.00,-85,92.64,8.06,3.29,4.85,4.96,5.02,824,1098,601,341,21.37,1013.50,11.90,405.00,12.67,54.55,1080,0,0,0,0,0
TLM_RCV,-56,FG-ALPHA,20240415_083751,AUTO,1,36.10,9.50,-85,92.64,8.07,3.29,4.87,4.96,5.01,1000,1020,602,262,20.10,1013.10,11.90,406.20,12.67,54.70,1080,0,0,0,0,0
TLM_RCV,-86,FG-ALPHA,20240415_083752,AUTO,1,35.72,11.00,-85,92.63,8.05,3.30,4.93,4.95,5.02,1026,1145,707,281,20.59,1013.10,11.90,406.10,12.67,54.85,1080,0,0,0,0,0
TLM_RCV,-41,FG-ALPHA,20240415_083753,AUTO,1,34.94,12.50,-85,92.60,8.04,3.28,4.88,4.97,5.02,929,1189,718,328,21.30,1012.80,11.90,404.80,12.67,55.00,1080,0,0,0,1,0
TLM_RCV,-48,FG-ALPHA,20240415_083754,AUTO,0,33.17,10.50,-85,92.56,8.16,3.29,5.02,4.94,5.01,0,434,0,278,22.17,1013.50,11.90,405.90,12.67,55.00,1080,0,0,0,0,0
TLM_RCV,-95,FG-ALPHA,20240415_083755,AUTO,0,32.33,8.50,-85,92.63,8.15,3.31,5.02,4.94,5.02,1149,467,0,313,23.41,1013.40,12.10,406.00,12.68,55.00,1080,0,0,0,0,0
TLM_RCV,-85,FG-ALPHA,20240415_083756,AUTO,0,33.28,6.50,-85,92.68,8.16,3.28,5.02,4.97,5.01,1039,457,0,306,22.91,1013.50,11.80,404.80,12.68,55.00,1080,0,0,0,0,0
TLM_RCV,-53,FG-ALPHA,20240415_083757,AUTO,0,33.10,5.00,-85,92.64,8.16,3.29,5.02,4.94,5.02,0,419,0,274,22.09,1013.50,12.00,405.80,12.68,55.00,1080,0,0,0,0,0
TLM_RCV,-67,FG-ALPHA,20240415_083758,AUTO,0,31.35,5.00,-85,92.60,8.15,3.30,5.02,4.94,5.02,0,471,0,330,22.35,1013.60,12.00,405.90,12.68,55.00,1080,0,0,0,0,0
TLM_RCV,-71,FG-ALPHA,20240415_083759,AUTO,0,32.29,5.00,-85,92.63,8.15,3.28,5.02,4.95,5.02,812,458,0,317,21.77,1012.90,11.90,404.80,12.68,55.00,1080,0,0,0,0,0
TLM_RCV,-46,FG-ALPHA,20240415_083800,AUTO,0,33.27,5.00,-85,92.70,8.16,3.30,5.02,4.96,5.02,1194,454,0,308,23.70,1013.60,12.00,404.50,12.68,55.00,1080,0,0,0,0,0
TLM_RCV,-91,FG-ALPHA,20240415_083801,AUTO,0,32.19,5.00,-85,92.76,8.16,3.28,5.02,4.94,5.02,976,439,0,280,22.68,1013.00,11.80,405.70,12.68,55.00,1080,0,0,0,0,0
TLM_RCV,-61,FG-ALPHA,20240415_083802,AUTO,0,31.45,5.00,-85,92.71,8.15,3.29,5.02,4.94,5.02,0,491,0,340,22.45,1013.50,11.80,406.40,12.68,55.00,1080,0,0,0,0,0
TLM_RCV,-43,FG-ALPHA,20240415_083803,AUTO,1,36.82,6.50,-85,92.70,8.05,3.31,4.88,4.96,5.02,1094,1164,728,287,20.35,1013.10,12.00,406.10,12.68,55.15,1080,0,0,0,0,0
TLM_RCV,-40,FG-ALPHA,20240415_083804,AUTO,0,33.44,5.00,-85,92.76,8.15,3.30,5.02,4.94,5.02,1020,489,0,337,22.66,1012.70,12.10,405.10,12.68,55.15,1080,0,0,0,0,0
TLM_RCV,-64,FG-ALPHA,20240415_083805,AUTO,0,31.40,5.00,-85,92.82,8.16,3.29,5.02,4.96,5.01,1131,479,0,329,23.26,1012.80,11.90,405.20,12.69,55.15,1080,0,0,0,0,0
TLM_RCV,-55,FG-ALPHA,20240415_083806,AUTO,0,32.48,5.00,-85,92.87,8.15,3.31,5.02,4.97,5.02,967,496,0,345,22.35,1013.20,12.10,405.90,12.69,55.15,1080,0,0,0,0,0
TLM_RCV,-64,FG-ALPHA,20240415_083807,AUTO,0,31.36,5.00,-85,92.93,8.16,3.29,5.02,4.95,5.01,1069,472,0,332,22.99,1013.30,12.00,406.30,12.69,55.15,1080,0,0,0,0,0
TLM_RCV,-83,FG-ALPHA,20240415_083808,AUTO,0,33.19,5.00,-85,92.99,8.17,3.28,5.02,4.94,5.02,1036,438,0,298,22.99,1012.70,12.00,405.50,12.69,55.15,1080,0,0,0,0,0
TLM_RCV,-60,FG-ALPHA,20240415_083809,AUTO,1,34.74,6.50,-85,92.97,8.06,3.30,4.93,4.94,5.02,1010,1147,670,337,20.68,1013.20,12.10,406.10,12.69,55.30,1080,0,1,0,0,0
TLM_RCV,-58,FG-ALPHA,20240415_083810,AUTO,1,34.63,8.00,-85,92.97,8.06,3.28,4.87,4.95,5.01,1136,1126,685,297,20.05,1012.70,11.90,405.80,12.69,55.45,1080,0,0,0,0,0
TLM_RCV,-51,FG-ALPHA,20240415_083811,AUTO,1,34.53,9.50,-85,92.95,8.06,3.28,4.90,4.96,5.02,840,1107,652,298,21.33,1013.00,12.10,406.40,12.69,55.60,1080,0,0,0,0,0
TLM_RCV,-87,FG-ALPHA,20240415_083812,AUTO,1,35.65,11.00,-85,92.95,8.06,3.31,4.94,4.95,5.01,1137,1131,633,348,20.03,1013.50,11.80,405.90,12.69,55.75,1080,0,0,0,0,0
TLM_RCV,-70,FG-ALPHA,20240415_083813,AUTO,1,35.22,12.50,-85,92.94,8.04,3.28,4.93,4.96,5.02,1131,1243,764,330,20.56,1013.60,12.00,405.80,12.69,55.90,1080,0,0,0,0,0
TLM_RCV,-92,FG-ALPHA,20240415_083814,AUTO,0,31.26,10.50,-85,93.01,8.16,3.29,5.02,4.94,5.01,1176,453,0,307,23.61,1012.90,11.90,405.00,12.69,55.90,1080,0,0,0,0,0
TLM_RCV,-47,FG-ALPHA,20240415_083815,AUTO,0,33.38,8.50,-85,93.08,8.16,3.31,5.02,4.95,5.01,1136,477,0,318,23.30,1013.40,12.00,405.90,12.70,55.90,1080,0,0,0,0,0
TLM_RCV,-94,FG-ALPHA,20240415_083816,AUTO,1,36.12,10.00,-85,93.05,8.05,3.31,4.87,4.97,5.01,966,1223,784,296,21.28,1013.60,12.00,405.60,12.70,56.05,1080,0,0,0,0,1
TLM_RCV,-53,FG-ALPHA,20240415_083817,AUTO,0,32.06,8.00,-85,93.12,8.17,3.28,5.02,4.97,5.01,1123,413,0,258,23.55,1013.00,12.10,404.70,12.70,56.05,1080,0,0,0,0,0
TLM_RCV,-95,FG-ALPHA,20240415_083818,AUTO,1,35.19,9.50,-85,93.02,8.08,3.30,4.85,4.97,5.01,0,1037,624,267,25.18,1013.10,12.10,405.20,12.70,56.20,1080,0,0,0,0,0
TLM_RCV,-78,FG-ALPHA,20240415_083819,AUTO,1,37.01,11.00,-85,92.90,8.05,3.30,4.94,4.94,5.01,0,1202,793,253,26.01,1013.00,11.80,405.70,12.70,56.35,1080,0,0,0,0,0
TLM_RCV,-44,FG-ALPHA,20240415_083820,AUTO,1,36.42,12.50,-85,92.90,8.07,3.31,4.90,4.94,5.02,1159,1083,677,258,20.38,1013.60,11.80,406.20,12.70,56.50,1080,1,0,0,0,0
TLM_RCV,-86,FG-ALPHA,20240415_083821,AUTO,0,33.13,10.50,-85,92.86,8.16,3.28,5.02,4.95,5.01,0,427,0,279,22.14,1013.20,12.10,405.90,12.70,56.50,1080,0,0,0,0,0
TLM_RCV,-95,FG-ALPHA,20240415_083822,AUTO,0,31.40,8.50,-85,92.89,8.16,3.30,5.02,4.97,5.02,801,479,0,339,21.61,1013.40,11.90,405.80,12.70,56.50,1080,0,0,0,0,0
TLM_RCV,-66,FG-ALPHA,20240415_083823,AUTO,1,35.85,10.00,-85,92.86,8.05,3.28,4.93,4.95,5.01,814,1170,772,258,21.78,1012.70,12.00,405.60,12.70,56.65,1080,0,0,0,0,0
TLM_RCV,-62,FG-ALPHA,20240415_083824,AUTO,1,34.91,11.50,-85,92.74,8.05,3.29,4.86,4.97,5.01,0,1182,776,251,25.91,1013.50,12.10,405.90,12.70,56.80,1080,0,0,0,0,0
TLM_RCV,-95,FG-ALPHA,20240415_083825,AUTO,0,33.51,9.50,-85,92.80,8.15,3.31,5.02,4.96,5.01,1094,501,0,343,22.97,1013.60,12.10,405.00,12.71,56.80,1080,0,0,0,0,0
TLM_RCV,-89,FG-ALPHA,20240415_083826,AUTO,0,31.26,7.50,-85,92.87,8.16,3.29,5.02,4.96,5.02,1172,453,0,305,23.59,1012.90,11.90,406.40,12.71,56.80,1080,0,0,0,0,0
TLM_RCV,-57,FG-ALPHA,20240415_083827,AUTO,0,31.48,5.50,-85,92.94,8.16,3.29,5.02,4.96,5.01,1175,495,0,346,23.40,1012.80,11.80,405.70,12.71,56.80,1080,0,0,0,0,0
TLM_RCV,-64,FG-ALPHA,20240415_083828,AUTO,0,33.04,5.00,-85,93.00,8.17,3.31,5.02,4.94,5.01,1039,408,0,250,23.16,1012.70,12.10,405.30,12.71,56.80,1080,0,0,0,0,0
TLM_RCV,-57,FG-ALPHA,20240415_083829,AUTO,0,31.39,5.00,-85,93.04,8.16,3.28,5.02,4.95,5.01,858,478,0,336,21.90,1012.90,12.10,405.20,12.71,56.80,1080,0,0,0,0,0
TLM_RCV,-57,FG-ALPHA,20240415_083851,AUTO,1,34.55,6.50,-85,94.21,8.09,3.28,4.87,4.97,5.01,866,1110,679,286,21.22,1013.40,12.10,405.60,12.73,56.95,1080,0,0,0,0,0
TLM_RCV,-83,FG-ALPHA,20240415_083852,AUTO,0,32.47,5.00,-85,94.28,8.19,3.28,5.02,4.95,5.02,1179,493,0,342,23.43,1013.00,11.80,405.70,12.73,56.95,1080,0,0,0,0,0
TLM_RCV,-43,FG-ALPHA,20240415_083853,AUTO,0,31.03,5.00,-85,94.23,8.20,3.29,5.02,4.97,5.02,0,407,0,265,22.03,1013.40,11.80,404.90,12.73,56.95,1080,0,0,0,0,0
TLM_RCV,-91,FG-ALPHA,20240415_083854,AUTO,0,32.17,5.00,-85,94.30,8.20,3.31,5.02,4.97,5.02,1066,434,0,289,23.16,1013.10,12.10,406.00,12.73,56.95,1080,0,0,0,0,0
TLM_RCV,-63,FG-ALPHA,20240415_083855,AUTO,0,31.18,5.00,-85,94.34,8.20,3.30,5.02,4.95,5.02,892,436,0,277,22.28,1012.90,12.10,406.10,12.74,56.95,1080,0,0,0,0,0
TLM_RCV,-49,FG-ALPHA,20240415_083856,AUTO,0,32.27,5.00,-85,94.41,8.20,3.29,5.02,4.96,5.02,1098,454,0,314,23.22,1013.40,12.10,406.40,12.74,56.95,1080,0,0,0,0,0
TLM_RCV,-72,FG-ALPHA,20240415_083857,AUTO,0,31.23,5.00,-85,94.46,8.20,3.29,5.02,4.95,5.01,1009,445,0,299,22.82,1013.20,12.00,405.50,12.74,56.95,1080,0,0,0,0,0
TLM_RCV,-52,FG-ALPHA,20240415_083858,AUTO,0,33.26,5.00,-85,94.53,8.20,3.29,5.02,4.97,5.02,1125,453,0,295,23.36,1012.70,11.80,404.90,12.74,56.95,1080,0,0,0,0,0
TLM_RCV,-85,FG-ALPHA,20240415_083859,AUTO,0,33.31,5.00,-85,94.49,8.20,3.28,5.02,4.96,5.02,0,461,0,313,22.31,1012.90,11.90,405.30,12.74,56.95,1080,0,0,0,0,0
TLM_RCV,-81,FG-ALPHA,20240415_083900,AUTO,0,33.15,5.00,-85,94.56,8.20,3.30,5.02,4.97,5.01,1126,429,0,272,23.49,1012.90,12.00,405.80,12.74,56.95,1080,0,0,0,0,0
TLM_RCV,-42,FG-ALPHA,20240415_083901,AUTO,1,35.01,6.50,-85,94.54,8.09,3.29,4.92,4.95,5.02,1062,1202,723,338,20.70,1013.50,12.10,405.90,12.74,57.10,1080,0,0,0,0,0
TLM_RCV,-57,FG-ALPHA,20240415_083902,AUTO,1,36.74,8.00,-85,94.52,8.10,3.30,4.86,4.94,5.01,962,1148,664,330,20.93,1012.70,12.00,404.90,12.74,57.25,1080,0,0,0,0,0
TLM_RCV,-75,FG-ALPHA,20240415_083903,AUTO,1,35.42,9.50,-85,94.50,8.11,3.30,4.90,4.95,5.01,849,1085,664,264,21.18,1013.00,11.80,406.40,12.74,57.40,1080,0,0,0,0,0
TLM_RCV,-64,FG-ALPHA,20240415_083904,AUTO,1,34.90,11.00,-85,94.50,8.09,3.31,4.92,4.97,5.01,1155,1179,724,310,20.12,1013.00,12.10,405.30,12.74,57.55,1080,0,0,0,0,0
TLM_RCV,-55,FG-ALPHA,20240415_083905,AUTO,0,33.19,9.00,-85,94.57,8.20,3.31,5.02,4.96,5.01,1147,439,0,293,23.54,1013.00,12.00,406.30,12.75,57.55,1080,0,0,0,0,0
TLM_RCV,-45,FG-ALPHA,20240415_083906,AUTO,0,33.09,7.00,-85,94.62,8.21,3.28,5.02,4.94,5.02,946,418,0,259,22.64,1013.10,11.90,405.30,12.75,57.55,1080,0,0,0,0,0
TLM_RCV,-91,FG-ALPHA,20240415_083907,AUTO,1,36.47,8.50,-85,94.51,8.10,3.29,4.85,4.96,5.02,0,1095,630,307,25.48,1013.40,12.00,405.70,12.75,57.70,1080,0,0,0,0,0
TLM_RCV,-94,FG-ALPHA,20240415_083908,AUTO,1,35.24,10.00,-85,94.51,8.11,3.29,4.91,4.94,5.01,1016,1048,655,250,20.16,1013.10,12.00,405.50,12.75,57.85,1080,0,0,0,1,0
TLM_RCV,-82,FG-ALPHA,20240415_083909,AUTO,1,34.17,11.50,-85,94.51,8.11,3.31,4.90,4.97,5.01,1020,1033,638,254,20.07,1012.80,12.10,405.30,12.75,58.00,1080,0,0,0,0,0
TLM_RCV,-61,FG-ALPHA,20240415_083910,AUTO,1,36.06,13.00,-85,94.48,8.09,3.31,4.88,4.95,5.01,973,1213,730,324,21.20,1013.30,12.10,405.20,12.75,58.15,1080,0,0,0,0,0
TLM_RCV,-76,FG-ALPHA,20240415_083911,AUTO,1,36.22,14.50,-85,94.47,8.08,3.29,4.92,4.95,5.02,1135,1244,743,343,20.55,1012.70,11.90,405.20,12.75,58.30,1080,0,0,0,0,0
TLM_RCV,-78,FG-ALPHA,20240415_083912,AUTO,1,34.59,16.00,-85,94.45,8.10,3.31,4.94,4.97,5.01,952,1118,725,253,20.83,1013.10,12.00,404.80,12.75,58.45,1080,0,0,0,0,0
TLM_RCV,-60,FG-ALPHA,20240415_083913,AUTO,1,36.26,17.50,-85,94.33,8.08,3.30,4.88,4.96,5.01,0,1251,799,296,26.26,1012.90,11.90,405.50,12.75,58.60,1080,0,0,1,1,1
TLM_RCV,-83,FG-ALPHA,20240415_083914,AUTO,1,36.94,19.00,-85,94.32,8.09,3.31,4.87,4.94,5.02,1054,1187,734,312,20.67,1013.30,11.80,406.00,12.75,58.75,1080,0,0,0,0,1
TLM_RCV,-42,FG-ALPHA,20240415_083915,AUTO,1,35.53,20.50,-85,94.31,8.10,3.31,4.94,4.97,5.01,1060,1105,685,275,20.23,1013.60,12.00,404.90,12.76,58.90,1080,0,0,0,0,0
TLM_RCV,-55,FG-ALPHA,20240415_083916,AUTO,1,35.42,22.00,-85,94.30,8.10,3.31,4.87,4.96,5.02,955,1084,669,274,20.65,1013.20,12.00,404.80,12.76,59.05,1080,0,0,0,0,1
TLM_RCV,-62,FG-ALPHA,20240415_083917,AUTO,1,35.81,23.50,-85,94.30,8.09,3.31,4.93,4.96,5.01,1159,1163,719,294,20.02,1012.80,12.10,404.50,12.76,59.20,1080,0,0,0,0,0
TLM_RCV,-54,FG-ALPHA,20240415_083918,AUTO,1,34.68,25.00,-85,94.28,8.09,3.29,4.88,4.94,5.02,932,1136,731,261,21.02,1013.50,11.90,405.80,12.76,59.35,1080,0,0,0,0,0
TLM_RCV,-80,FG-ALPHA,20240415_083919,AUTO,1,36.51,26.50,-85,94.26,8.10,3.28,4.90,4.95,5.02,912,1103,684,271,20.95,1012.80,12.10,405.80,12.76,59.50,1080,0,0,0,0,1
TLM_RCV,-56,FG-ALPHA,20240415_083920,AUTO,1,34.74,28.00,-85,94.23,8.09,3.29,4.86,4.94,5.02,813,1149,698,301,21.68,1012.80,11.80,404.80,12.76,59.65,1080,0,0,0,0,0
TLM_RCV,-56,FG-ALPHA,20240415_083921,AUTO,1,36.86,29.50,-85,94.20,8.09,3.28,4.88,4.94,5.01,940,1172,700,330,21.16,1013.20,11.90,405.10,12.76,59.80,1080,0,0,0,0,0
TLM_RCV,-79,FG-ALPHA,20240415_083922,AUTO,1,36.13,31.00,-85,94.21,8.11,3.28,4.87,4.96,5.01,1081,1026,611,258,20.27,1013.30,12.00,405.50,12.76,59.95,1080,0,0,0,0,0
TLM_RCV,-61,FG-ALPHA,20240415_083923,AUTO,1,35.65,32.50,-85,94.21,8.09,3.29,4.94,4.97,5.02,1173,1129,647,330,20.22,1013.20,12.00,406.00,12.76,60.10,1080,0,0,0,0,0
TLM_RCV,-69,FG-ALPHA,20240415_083924,AUTO,1,34.31,34.00,-85,94.19,8.10,3.29,4.86,4.95,5.02,883,1061,635,275,20.89,1013.50,11.80,405.80,12.76,60.25,1080,0,0,0,0,0
TLM_RCV,-43,FG-ALPHA,20240415_083925,AUTO,1,36.71,35.50,-85,94.16,8.09,3.30,4.92,4.96,5.01,812,1141,673,311,21.65,1013.50,11.80,405.30,12.77,60.40,1080,0,0,0,0,0
TLM_RCV,-90,FG-ALPHA,20240415_083926,AUTO,1,36.58,37.00,-85,94.15,8.09,3.31,4.85,4.94,5.02,1012,1117,662,302,20.52,1013.60,12.10,404.70,12.77,60.55,1080,0,0,0,0,0
TLM_RCV,-77,FG-ALPHA,20240415_083927,AUTO,1,35.14,38.50,-85,94.13,8.07,3.29,4.94,4.94,5.01,1004,1228,758,312,21.12,1012.90,11.90,404.80,12.77,60.70,1080,0,0,0,0,0
TLM_RCV,-46,FG-ALPHA,20240415_083928,AUTO,1,36.44,40.00,-85,94.10,8.10,3.31,4.92,4.97,5.02,816,1089,653,278,21.36,1012.90,11.90,405.60,12.77,60.85,1080,0,0,0,0,0
TLM_RCV,-66,FG-ALPHA,20240415_083929,AUTO,0,33.40,38.00,-85,94.17,8.19,3.29,5.02,4.97,5.02,1130,481,0,334,23.25,1013.60,12.10,404.60,12.77,60.85,1080,0,0,0,0,0
TLM_RCV,-46,FG-ALPHA,20240415_083930,AUTO,0,31.24,36.00,-85,94.23,8.19,3.29,5.02,4.96,5.01,1071,447,0,290,23.12,1013.20,11.90,404.90,12.77,60.85,1080,0,0,0,0,0
TLM_RCV,-42,FG-ALPHA,20240415_083931,AUTO,1,34.88,37.50,-85,94.19,8.08,3.28,4.94,4.96,5.01,808,1176,728,292,21.84,1013.50,11.80,404.70,12.77,61.00,1080,0,0,0,0,0
TLM_RCV,-45,FG-ALPHA,20240415_083953,AUTO,0,32.12,5.00,-85,95.11,8.22,3.28,5.02,4.94,5.02,1189,423,0,277,23.83,1013.00,11.90,405.70,12.79,61.00,1080,0,0,0,0,0
TLM_RCV,-92,FG-ALPHA,20240415_083954,AUTO,0,31.45,5.00,-85,95.15,8.21,3.28,5.02,4.96,5.02,895,490,0,338,22.02,1012.90,12.00,406.10,12.79,61.00,1080,0,0,0,0,0
TLM_RCV,-42,FG-ALPHA,20240415_083955,AUTO,0,32.25,5.00,-85,95.20,8.22,3.29,5.02,4.95,5.01,970,450,0,308,22.60,1013.30,11.80,405.80,12.80,61.00,1080,0,0,0,0,0
TLM_RCV,-91,FG-ALPHA,20240415_083956,AUTO,0,33.08,5.00,-85,95.25,8.22,3.29,5.02,4.97,5.02,859,415,0,275,22.22,1013.10,11.80,406.10,12.80,61.00,1080,0,0,0,0,0
TLM_RCV,-74,FG-ALPHA,20240415_083957,AUTO,1,36.99,6.50,-85,95.24,8.11,3.29,4.91,4.96,5.02,1131,1198,708,345,20.33,1013.60,12.10,404.60,12.80,61.15,1080,0,0,0,0,0
TLM_RCV,-42,FG-ALPHA,20240415_083958,AUTO,1,36.50,8.00,-85,95.23,8.12,3.29,4.90,4.96,5.02,998,1100,663,293,20.51,1013.40,12.10,405.30,12.80,61.30,1080,0,0,0,0,0
TLM_RCV,-83,FG-ALPHA,20240415_083959,AUTO,1,34.67,9.50,-85,95.12,8.11,3.29,4.89,4.94,5.01,0,1133,713,276,25.67,1013.40,11.80,405.70,12.80,61.45,1080,0,0,0,0,0
TLM_RCV,-65,FG-ALPHA,20240415_084000,AUTO,0,31.11,7.50,-85,95.19,8.22,3.28,5.02,4.97,5.02,1147,423,0,281,23.62,1012.90,11.90,404.50,12.80,61.45,1080,0,0,0,0,0
TLM_RCV,-63,FG-ALPHA,20240415_084001,AUTO,0,32.15,5.50,-85,95.25,8.22,3.31,5.02,4.96,5.02,988,430,0,278,22.79,1013.40,11.80,406.20,12.80,61.45,1080,0,0,0,0,0
TLM_RCV,-50,FG-ALPHA,20240415_084002,AUTO,0,32.35,5.00,-85,95.31,8.22,3.31,5.02,4.96,5.02,1104,471,0,322,23.17,1013.30,11.80,404.70,12.80,61.45,1080,0,0,0,0,0
TLM_RCV,-67,FG-ALPHA,20240415_084003,AUTO,1,35.28,6.50,-85,95.31,8.13,3.30,4.91,4.95,5.01,1013,1056,624,280,20.22,1012.80,11.90,404.60,12.80,61.60,1080,0,0,0,0,0
TLM_RCV,-54,FG-ALPHA,20240415_084004,AUTO,1,35.99,8.00,-85,95.27,8.11,3.31,4.90,4.97,5.01,828,1198,785,265,21.85,1012.80,11.90,404.60,12.80,61.75,1080,0,0,0,0,0
TLM_RCV,-60,FG-ALPHA,20240415_084005,AUTO,0,31.09,6.00,-85,95.32,8.22,3.31,5.02,4.95,5.01,893,419,0,273,22.37,1012.70,11.90,405.60,12.81,61.75,1080,0,0,0,0,0
TLM_RCV,-87,FG-ALPHA,20240415_084006,AUTO,0,32.07,5.00,-85,95.39,8.23,3.30,5.02,4.95,5.01,1170,414,0,270,23.78,1013.30,12.10,406.10,12.81,61.75,1080,0,0,0,0,0
TLM_RCV,-92,FG-ALPHA,20240415_084007,AUTO,0,32.12,5.00,-85,95.44,8.23,3.30,5.02,4.94,5.01,851,423,0,267,22.14,1012.70,12.10,405.30,12.81,61.75,1080,0,0,0,0,0
TLM_RCV,-94,FG-ALPHA,20240415_084008,AUTO,0,31.24,5.00,-85,95.39,8.22,3.31,5.02,4.97,5.02,0,447,0,294,22.24,1013.40,12.10,405.60,12.81,61.75,1080,0,0,0,0,0
TLM_RCV,-69,FG-ALPHA,20240415_084009,AUTO,0,31.42,5.00,-85,95.45,8.22,3.30,5.02,4.95,5.02,1091,483,0,331,23.04,1012.90,12.00,405.30,12.81,61.75,1080,0,0,0,0,0
TLM_RCV,-61,FG-ALPHA,20240415_084010,AUTO,0,31.06,5.00,-85,95.52,8.23,3.29,5.02,4.95,5.02,1123,411,0,259,23.56,1013.00,12.10,404.50,12.81,61.75,1080,0,0,0,0,0
TLM_RCV,-40,FG-ALPHA,20240415_084011,AUTO,0,31.08,5.00,-85,95.58,8.23,3.28,5.02,4.94,5.02,953,417,0,258,22.68,1012.70,12.00,405.10,12.81,61.75,1080,0,0,0,0,0
TLM_RCV,-78,FG-ALPHA,20240415_084012,AUTO,0,31.42,5.00,-85,95.64,8.22,3.30,5.02,4.95,5.02,1167,485,0,334,23.41,1013.60,12.00,405.40,12.81,61.75,1080,0,0,0,0,0
TLM_RCV,-86,FG-ALPHA,20240415_084013,AUTO,0,32.96,5.00,-85,95.71,8.24,3.30,5.02,4.95,5.02,1065,392,0,251,23.36,1012.90,12.10,405.60,12.81,61.75,1080,0,0,0,0,0
TLM_RCV,-69,FG-ALPHA,20240415_084014,AUTO,0,33.38,5.00,-85,95.78,8.23,3.28,5.02,4.96,5.02,1143,475,0,320,23.34,1012.70,12.10,405.00,12.81,61.75,1080,0,0,0,0,0
TLM_RCV,-70,FG-ALPHA,20240415_084015,AUTO,0,33.13,5.00,-85,95.82,8.24,3.31,5.02,4.94,5.02,876,425,0,268,22.25,1013.30,12.10,406.10,12.82,61.75,1080,0,0,0,0,0
TLM_RCV,-94,FG-ALPHA,20240415_084016,AUTO,0,33.48,5.00,-85,95.88,8.23,3.29,5.02,4.95,5.01,1091,496,0,349,22.98,1013.10,12.00,405.50,12.82,61.75,1080,0,0,0,0,0
TLM_RCV,-54,FG-ALPHA,20240415_084017,AUTO,1,36.71,6.50,-85,95.77,8.13,3.30,4.88,4.96,5.02,0,1142,728,266,25.71,1013.40,11.80,405.60,12.82,61.90,1080,0,0,0,0,0
TLM_RCV,-94,FG-ALPHA,20240415_084018,AUTO,1,35.99,8.00,-85,95.73,8.12,3.28,4.92,4.95,5.02,810,1199,704,343,21.94,1013.00,11.90,405.60,12.82,62.05,1080,0,0,0,0,0
TLM_RCV,-90,FG-ALPHA,20240415_084019,AUTO,1,35.71,9.50,-85,95.70,8.13,3.29,4.93,4.96,5.01,873,1142,714,273,21.34,1013.30,12.10,405.10,12.82,62.20,1080,0,0,0,0,0
TLM_RCV,-77,FG-ALPHA,20240415_084020,AUTO,1,35.33,11.00,-85,95.70,8.14,3.30,4.86,4.94,5.01,1072,1067,634,290,20.02,1013.10,11.80,405.30,12.82,62.35,1080,0,0,0,0,0
TLM_RCV,-53,FG-ALPHA,20240415_084021,AUTO,1,35.42,12.50,-85,95.60,8.13,3.28,4.87,4.97,5.01,0,1084,640,285,25.42,1013.10,12.00,405.90,12.82,62.50,1080,0,0,0,0,0
TLM_RCV,-60,FG-ALPHA,20240415_084022,AUTO,1,36.67,14.00,-85,95.48,8.12,3.31,4.92,4.95,5.02,0,1133,648,329,25.67,1012.80,11.80,405.60,12.82,62.65,1080,0,0,0,0,0
TLM_RCV,-51,FG-ALPHA,20240415_084023,AUTO,1,36.33,15.50,-85,95.46,8.10,3.29,4.89,4.95,5.01,1075,1266,784,331,20.95,1013.10,11.80,406.30,12.82,62.80,1080,0,0,0,0,0
TLM_RCV,-75,FG-ALPHA,20240415_084024,AUTO,1,35.28,17.00,-85,95.47,8.13,3.31,4.86,4.95,5.01,1085,1057,630,287,20.14,1013.40,12.00,404.70,12.82,62.95,1080,0,0,0,0,0
TLM_RCV,-44,FG-ALPHA,20240415_084025,AUTO,1,35.61,18.50,-85,95.45,8.12,3.29,4.91,4.94,5.01,1011,1122,675,307,20.56,1013.10,11.80,405.10,12.83,63.10,1080,0,0,0,0,0
TLM_RCV,-52,FG-ALPHA,20240415_084026,AUTO,0,33.43,16.50,-85,95.41,8.22,3.30,5.02,4.94,5.01,0,486,0,329,22.43,1013.00,12.10,404.80,12.83,63.10,1080,0,0,0,0,0
TLM_RCV,-44,FG-ALPHA,20240415_084027,AUTO,0,31.20,14.50,-85,95.36,8.22,3.29,5.02,4.97,5.01,0,440,0,290,22.20,1013.50,11.90,405.20,12.83,63.10,1080,0,0,0,0,0
TLM_RCV,-71,FG-ALPHA,20240415_084028,AUTO,0,33.52,12.50,-85,95.41,8.21,3.29,5.02,4.94,5.02,1021,504,0,346,22.59,1013.30,12.10,404.90,12.83,63.10,1080,0,0,0,0,0
TLM_RCV,-81,FG-ALPHA,20240415_084029,AUTO,0,32.42,10.50,-85,95.45,8.22,3.28,5.02,4.97,5.01,865,485,0,330,21.90,1013.30,12.00,405.70,12.83,63.10,1080,0,0,0,0,0
TLM_RCV,-61,FG-ALPHA,20240415_084030,AUTO,0,32.22,8.50,-85,95.52,8.23,3.29,5.02,4.96,5.01,1083,444,0,287,23.19,1013.40,12.00,405.50,12.83,63.10,1080,0,0,0,0,0
TLM_RCV,-63,FG-ALPHA,20240415_084031,AUTO,1,36.60,10.00,-85,95.51,8.12,3.30,4.90,4.94,5.01,1070,1121,723,253,20.25,1012.70,12.10,406.20,12.83,63.25,1080,0,0,0,0,0
TLM_RCV,-47,FG-ALPHA,20240415_084032,AUTO,1,34.83,11.50,-85,95.51,8.12,3.31,4.86,4.97,5.01,1189,1167,670,340,20.11,1012.80,12.10,405.60,12.83,63.40,1080,0,0,0,0,0
TLM_RCV,-58,FG-ALPHA,20240415_084033,AUTO,1,34.47,13.00,-85,95.40,8.13,3.28,4.87,4.96,5.02,0,1094,628,326,25.47,1013.00,11.80,405.80,12.83,63.55,1080,0,0,0,0,0
TLM_RCV,-61,FG-ALPHA,20240415_084055,AUTO,0,33.03,5.00,-85,96.53,8.26,3.29,5.02,4.95,5.02,912,405,0,261,22.53,1013.60,12.00,405.20,12.86,63.55,1080,0,0,0,0,0
TLM_RCV,-71,FG-ALPHA,20240415_084056,AUTO,1,36.33,6.50,-85,96.54,8.16,3.31,4.94,4.96,5.02,1148,1067,652,271,20.41,1012.80,11.90,405.90,12.86,63.70,1080,0,0,0,0,0
TLM_RCV,-49,FG-ALPHA,20240415_084057,AUTO,1,36.97,8.00,-85,96.53,8.14,3.29,4.86,4.94,5.01,1102,1193,782,263,20.45,1012.80,11.80,406.00,12.86,63.85,1080,0,0,0,0,0
TLM_RCV,-80,FG-ALPHA,20240415_084058,AUTO,1,35.60,9.50,-85,96.50,8.15,3.29,4.88,4.96,5.01,858,1120,699,270,21.31,1013.60,11.90,405.70,12.86,64.00,1080,0,0,0,0,0
TLM_RCV,-73,FG-ALPHA,20240415_084059,AUTO,0,32.96,7.50,-85,96.58,8.26,3.30,5.02,4.96,5.01,1158,392,0,250,23.83,1013.40,11.90,406.10,12.86,64.00,1080,0,0,0,0,0
TLM_RCV,-89,FG-ALPHA,20240415_084100,AUTO,0,33.15,5.50,-85,96.63,8.25,3.30,5.02,4.95,5.02,965,431,0,282,22.67,1012.90,11.90,406.20,12.86,64.00,1080,0,0,0,0,0
TLM_RCV,-58,FG-ALPHA,20240415_084101,AUTO,1,34.71,7.00,-85,96.63,8.15,3.31,4.88,4.95,5.02,1143,1142,668,315,20.00,1013.00,12.00,404.60,12.86,64.15,1080,0,0,0,0,0
TLM_RCV,-57,FG-ALPHA,20240415_084102,AUTO,1,34.30,8.50,-85,96.53,8.16,3.30,4.93,4.94,5.01,0,1060,658,255,25.30,1013.20,12.10,406.30,12.86,64.30,1080,0,0,0,0,0
TLM_RCV,-48,FG-ALPHA,20240415_084103,AUTO,0,31.03,6.50,-85,96.60,8.26,3.29,5.02,4.97,5.01,1099,406,0,262,23.47,1012.70,11.80,404.50,12.86,64.30,1080,0,0,0,0,0
TLM_RCV,-44,FG-ALPHA,20240415_084104,AUTO,0,33.44,5.00,-85,96.64,8.25,3.29,5.02,4.96,5.02,876,487,0,340,21.94,1013.10,12.00,406.20,12.86,64.30,1080,0,0,0,0,0
TLM_RCV,-61,FG-ALPHA,20240415_084105,AUTO,0,32.40,5.00,-85,96.67,8.25,3.29,5.02,4.97,5.02,823,479,0,335,21.72,1013.50,11.80,404.70,12.87,64.30,1080,0,0,0,0,0
TLM_RCV,-64,FG-ALPHA,20240415_084106,AUTO,1,36.37,6.50,-85,96.65,8.16,3.31,4.89,4.96,5.01,868,1074,634,292,21.03,1012.90,11.90,405.30,12.87,64.45,1080,0,0,0,0,0
TLM_RCV,-65,FG-ALPHA,20240415_084107,AUTO,1,36.72,8.00,-85,96.63,8.15,3.30,4.85,4.95,5.02,917,1145,675,326,21.14,1012.90,11.90,405.60,12.87,64.60,1080,0,0,0,0,0
TLM_RCV,-74,FG-ALPHA,20240415_084108,AUTO,1,34.88,9.50,-85,96.51,8.14,3.30,4.90,4.96,5.01,0,1176,703,326,25.88,1012.80,11.80,406.00,12.87,64.75,1080,0,0,0,0,0
TLM_RCV,-58,FG-ALPHA,20240415_084109,AUTO,1,34.88,11.00,-85,96.39,8.14,3.29,4.89,4.94,5.01,0,1175,768,262,25.87,1013.40,12.10,405.00,12.87,64.90,1080,0,0,0,0,0
TLM_RCV,-91,FG-ALPHA,20240415_084110,AUTO,0,32.00,9.00,-85,96.35,8.25,3.29,5.02,4.96,5.01,0,399,0,253,22.00,1013.50,11.80,404.90,12.87,64.90,1080,0,0,0,0,0
TLM_RCV,-84,FG-ALPHA,20240415_084111,AUTO,1,37.17,10.50,-85,96.23,8.12,3.29,4.90,4.97,5.01,0,1234,733,342,26.17,1012.70,12.00,404.70,12.87,65.05,1080,0,0,0,0,0
TLM_RCV,-45,FG-ALPHA,20240415_084112,AUTO,1,34.82,12.00,-85,96.11,8.13,3.29,4.86,4.94,5.02,0,1164,709,315,25.82,1013.20,12.10,405.90,12.87,65.20,1080,1,0,0,0,0
TLM_RCV,-62,FG-ALPHA,20240415_084113,AUTO,1,35.97,13.50,-85,96.09,8.13,3.31,4.87,4.96,5.02,1010,1194,789,258,20.92,1013.30,11.90,404.50,12.87,65.35,1080,0,0,0,0,0
TLM_RCV,-75,FG-ALPHA,20240415_084114,AUTO,1,35.07,15.00,-85,96.08,8.12,3.31,4.91,4.97,5.02,1041,1214,734,321,20.86,1013.20,11.80,405.40,12.87,65.50,1080,0,0,0,0,0
TLM_RCV,-65,FG-ALPHA,20240415_084115,AUTO,1,36.08,16.50,-85,96.07,8.12,3.28,4.88,4.94,5.02,1182,1215,750,322,20.17,1013.20,12.10,406.10,12.88,65.65,1080,0,0,0,0,0
TLM_RCV,-82,FG-ALPHA,20240415_084116,AUTO,1,34.88,18.00,-85,96.05,8.13,3.29,4.94,4.95,5.02,1000,1176,711,321,20.88,1013.20,12.10,405.90,12.88,65.80,1080,0,0,0,0,0
TLM_RCV,-84,FG-ALPHA,20240415_084117,AUTO,1,36.31,19.50,-85,95.95,8.14,3.29,4.92,4.95,5.01,0,1062,647,258,25.31,1012.80,12.10,405.10,12.88,65.95,1080,0,0,0,0,0
TLM_RCV,-74,FG-ALPHA,20240415_084118,AUTO,1,36.56,21.00,-85,95.92,8.14,3.30,4.94,4.94,5.01,841,1112,656,311,21.35,1013.20,11.90,404.70,12.88,66.10,1080,0,0,1,1,1
TLM_RCV,-64,FG-ALPHA,20240415_084119,AUTO,1,36.26,22.50,-85,95.82,8.14,3.31,4.94,4.97,5.01,0,1053,600,305,25.26,1012.80,11.80,405.80,12.88,66.25,1080,0,0,0,0,0
TLM_RCV,-53,FG-ALPHA,20240415_084120,AUTO,1,37.28,24.00,-85,95.80,8.11,3.30,4.85,4.97,5.02,1123,1257,792,320,20.67,1013.60,12.10,405.10,12.88,66.40,1080,0,0,0,0,0
TLM_RCV,-56,FG-ALPHA,20240415_084121,AUTO,0,33.11,22.00,-85,95.86,8.24,3.28,5.02,4.95,5.01,968,422,0,269,22.73,1012.90,12.10,406.20,12.88,66.40,1080,0,0,0,0,0
TLM_RCV,-89,FG-ALPHA,20240415_084122,AUTO,0,33.35,20.00,-85,95.81,8.23,3.28,5.02,4.97,5.02,0,469,0,314,22.34,1012.90,11.90,405.30,12.88,66.40,1080,0,0,0,0,0
TLM_RCV,-95,FG-ALPHA,20240415_084123,AUTO,0,31.10,18.00,-85,95.87,8.24,3.29,5.02,4.94,5.02,1034,421,0,265,23.07,1013.30,12.10,405.10,12.88,66.40,1080,0,0,0,0,0
TLM_RCV,-75,FG-ALPHA,20240415_084124,AUTO,0,32.24,16.00,-85,95.94,8.24,3.30,5.02,4.94,5.01,1151,447,0,290,23.52,1013.30,11.90,404.80,12.88,66.40,1080,0,0,0,0,0
TLM_RCV,-79,FG-ALPHA,20240415_084125,AUTO,0,33.07,14.00,-85,96.00,8.24,3.30,5.02,4.96,5.02,951,414,0,274,22.68,1013.00,11.90,405.80,12.89,66.40,1080,0,0,0,0,0
TLM_RCV,-47,FG-ALPHA,20240415_084126,AUTO,0,31.04,12.00,-85,96.07,8.24,3.28,5.02,4.97,5.02,1166,408,0,260,23.79,1013.00,11.80,406.30,12.89,66.40,1080,0,0,0,0,0
TLM_RCV,-40,FG-ALPHA,20240415_084127,AUTO,0,31.31,10.00,-85,96.13,8.24,3.30,5.02,4.97,5.02,1084,461,0,310,23.11,1013.00,11.90,404.90,12.89,66.40,1080,0,0,0,0,0
TLM_RCV,-53,FG-ALPHA,20240415_084128,AUTO,0,33.17,8.00,-85,96.20,8.24,3.30,5.02,4.96,5.02,1118,433,0,277,23.42,1013.00,12.00,404.70,12.89,66.40,1080,0,0,0,0,0
TLM_RCV,-79,FG-ALPHA,20240415_084129,AUTO,0,33.30,6.00,-85,96.16,8.24,3.29,5.02,4.97,5.01,0,460,0,314,22.30,1012.70,11.80,404.60,12.89,66.40,1080,0,0,0,0,0
TLM_RCV,-77,FG-ALPHA,20240415_084130,AUTO,1,34.78,7.50,-85,96.15,8.13,3.28,4.89,4.95,5.02,1088,1157,715,300,20.34,1013.00,11.80,405.20,12.89,66.55,1080,0,0,0,0,0
TLM_RCV,-76,FG-ALPHA,20240415_084131,AUTO,0,32.35,5.50,-85,96.21,8.24,3.28,5.02,4.95,5.01,1060,469,0,326,22.95,1013.20,11.80,405.90,12.89,66.55,1080,0,0,0,0,0
TLM_RCV,-48,FG-ALPHA,20240415_084132,AUTO,0,32.15,5.00,-85,96.28,8.25,3.30,5.02,4.96,5.02,1145,431,0,272,23.57,1013.30,12.10,404.60,12.89,66.55,1080,0,0,0,0,0
TLM_RCV,-40,FG-ALPHA,20240415_084133,AUTO,0,32.24,5.00,-85,96.34,8.24,3.30,5.02,4.97,5.01,1066,449,0,297,23.08,1013.50,11.90,406.30,12.89,66.55,1080,0,0,0,0,0
TLM_RCV,-50,FG-ALPHA,20240415_084134,AUTO,0,33.14,5.00,-85,96.39,8.25,3.30,5.02,4.97,5.01,958,428,0,269,22.65,1012.70,11.80,405.80,12.89,66.55,1080,0,0,0,0,0
TLM_RCV,-49,FG-ALPHA,20240415_084135,AUTO,0,33.18,5.00,-85,96.44,8.25,3.30,5.02,4.95,5.01,901,436,0,283,22.33,1012.70,12.00,405.90,12.90,66.55,1080,0,0,0,0,0
TLM_RCV,-87,FG-ALPHA,20240415_084157,AUTO,0,31.25,5.00,-85,98.00,8.28,3.28,5.02,4.96,5.02,869,450,0,301,22.09,1013.00,11.80,405.00,12.92,66.55,1080,0,0,0,0,0
TLM_RCV,-42,FG-ALPHA,20240415_084158,AUTO,1,35.66,6.50,-85,97.99,8.18,3.30,4.94,4.95,5.01,983,1132,731,260,20.75,1012.90,12.10,404.60,12.92,66.70,1080,0,1,0,0,0
TLM_RCV,-46,FG-ALPHA,20240415_084159,AUTO,1,34.94,8.00,-85,97.96,8.17,3.29,4.88,4.94,5.02,968,1189,692,348,21.10,1013.60,11.90,405.80,12.92,66.85,1080,0,0,0,0,0
TLM_RCV,-60,FG-ALPHA,20240415_084200,AUTO,1,34.99,9.50,-85,97.94,8.17,3.29,4.90,4.95,5.01,1009,1199,712,331,20.95,1013.60,11.80,405.90,12.92,67.00,1080,0,0,0,0,0
TLM_RCV,-86,FG-ALPHA,20240415_084201,AUTO,1,35.14,11.00,-85,97.82,8.16,3.29,4.85,4.95,5.01,0,1228,744,326,26.14,1013.50,12.00,406.20,12.92,67.15,1080,0,0,0,0,0
TLM_RCV,-80,FG-ALPHA,20240415_084202,AUTO,1,35.54,12.50,-85,97.82,8.18,3.31,4.91,4.94,5.02,1092,1109,687,264,20.08,1012.70,11.90,405.90,12.92,67.30,1080,0,0,0,0,0
TLM_RCV,-84,FG-ALPHA,20240415_084203,AUTO,1,36.71,14.00,-85,97.80,8.18,3.30,4.91,4.95,5.01,894,1141,740,252,21.24,1012.80,12.10,405.00,12.92,67.45,1080,0,0,0,0,0
TLM_RCV,-59,FG-ALPHA,20240415_084204,AUTO,1,34.34,15.50,-85,97.78,8.19,3.30,4.93,4.94,5.02,915,1068,641,279,20.76,1013.20,11.80,406.10,12.92,67.60,1080,0,0,0,0,0
TLM_RCV,-82,FG-ALPHA,20240415_084205,AUTO,1,37.04,17.00,-85,97.76,8.16,3.31,4.90,4.97,5.02,1050,1209,770,282,20.80,1012.80,11.90,405.00,12.93,67.75,1080,0,0,0,0,0
TLM_RCV,-82,FG-ALPHA,20240415_084206,AUTO,1,34.63,18.50,-85,97.75,8.18,3.29,4.87,4.97,5.01,1004,1126,713,258,20.61,1013.50,11.90,405.70,12.93,67.90,1080,0,0,0,0,0
TLM_RCV,-68,FG-ALPHA,20240415_084207,AUTO,1,35.98,20.00,-85,97.72,8.17,3.30,4.89,4.95,5.01,885,1196,737,303,21.56,1012.70,11.90,404.90,12.93,68.05,1080,0,0,0,0,0
TLM_RCV,-65,FG-ALPHA,20240415_084208,AUTO,0,31.50,18.00,-85,97.78,8.27,3.29,5.02,4.95,5.02,1109,499,0,340,23.05,1013.40,12.00,405.00,12.93,68.05,1080,0,0,0,0,0
TLM_RCV,-83,FG-ALPHA,20240415_084209,AUTO,0,33.04,16.00,-85,97.86,8.29,3.30,5.02,4.96,5.02,1187,408,0,267,23.90,1013.40,12.10,406.30,12.93,68.05,1080,0,0,0,0,0
TLM_RCV,-63,FG-ALPHA,20240415_084210,AUTO,0,31.01,14.00,-85,97.90,8.29,3.29,5.02,4.96,5.02,810,402,0,254,22.04,1013.50,12.10,405.50,12.93,68.05,1080,0,0,0,0,0
TLM_RCV,-61,FG-ALPHA,20240415_084211,AUTO,0,32.19,12.00,-85,97.95,8.29,3.29,5.02,4.96,5.02,908,438,0,292,22.35,1012.80,12.10,405.70,12.93,68.05,1080,0,0,0,0,0
TLM_RCV,-68,FG-ALPHA,20240415_084212,AUTO,0,31.13,10.00,-85,98.02,8.29,3.31,5.02,4.97,5.02,1163,426,0,285,23.68,1012.90,12.00,405.10,12.93,68.05,1080,0,0,0,0,0
TLM_RCV,-48,FG-ALPHA,20240415_084213,AUTO,0,30.98,8.00,-85,98.09,8.29,3.31,5.02,4.97,5.02,1118,395,0,250,23.61,1013.00,12.00,404.50,12.93,68.05,1080,0,0,0,0,0
TLM_RCV,-87,FG-ALPHA,20240415_084214,AUTO,0,33.35,6.00,-85,98.14,8.28,3.31,5.02,4.96,5.01,915,470,0,327,22.23,1013.50,11.80,405.00,12.93,68.05,1080,0,0,0,0,0
TLM_RCV,-67,FG-ALPHA,20240415_084215,AUTO,0,31.02,5.00,-85,98.22,8.30,3.29,5.02,4.96,5.02,1181,404,0,260,23.89,1013.00,11.90,405.30,12.94,68.05,1080,0,0,0,0,0
TLM_RCV,-67,FG-ALPHA,20240415_084216,AUTO,0,33.41,5.00,-85,98.27,8.29,3.30,5.02,4.94,5.02,1053,482,0,338,22.85,1013.00,12.10,406.10,12.94,68.05,1080,0,0,0,0,0
TLM_RCV,-59,FG-ALPHA,20240415_084217,AUTO,0,33.40,5.00,-85,98.22,8.29,3.29,5.02,4.94,5.02,0,480,0,323,22.40,1013.40,11.80,406.40,12.94,68.05,1080,0,0,0,0,0
TLM_RCV,-80,FG-ALPHA,20240415_084218,AUTO,1,36.61,6.50,-85,98.20,8.19,3.31,4.92,4.97,5.01,883,1122,675,289,21.19,1012.70,11.80,405.40,12.94,68.20,1080,0,0,0,0,0
TLM_RCV,-52,FG-ALPHA,20240415_084219,AUTO,1,34.35,8.00,-85,98.09,8.19,3.31,4.94,4.97,5.02,0,1071,607,316,25.35,1013.20,11.90,405.80,12.94,68.35,1080,0,0,0,0,0
TLM_RCV,-51,FG-ALPHA,20240415_084220,AUTO,1,36.20,9.50,-85,97.97,8.17,3.28,4.93,4.94,5.01,0,1240,793,298,26.20,1013.60,11.90,405.80,12.94,68.50,1080,0,0,0,0,0
TLM_RCV,-80,FG-ALPHA,20240415_084221,AUTO,1,35.44,11.00,-85,97.96,8.19,3.29,4.85,4.94,5.01,1029,1089,667,275,20.30,1013.40,12.10,405.80,12.94,68.65,1080,0,0,0,0,0
TLM_RCV,-59,FG-ALPHA,20240415_084222,AUTO,1,35.13,12.50,-85,97.95,8.17,3.30,4.90,4.95,5.02,1113,1225,776,305,20.56,1013.50,11.90,405.30,12.94,68.80,1080,0,1,1,1,0
TLM_RCV,-56,FG-ALPHA,20240415_084223,AUTO,1,36.76,14.00,-85,97.94,8.18,3.29,4.90,4.96,5.01,1036,1153,677,317,20.58,1013.10,11.90,405.10,12.94,68.95,1080,0,0,0,0,0
TLM_RCV,-62,FG-ALPHA,20240415_084224,AUTO,1,36.90,15.50,-85,97.92,8.17,3.31,4.87,4.95,5.02,952,1179,718,313,21.14,1013.20,11.90,404.80,12.94,69.10,1080,0,1,1,1,0
TLM_RCV,-93,FG-ALPHA,20240415_084225,AUTO,1,35.21,17.00,-85,97.92,8.19,3.29,4.94,4.96,5.01,1024,1042,623,278,20.09,1012.80,12.10,406.40,12.95,69.25,1080,0,0,0,0,0
TLM_RCV,-84,FG-ALPHA,20240415_084226,AUTO,1,35.85,18.50,-85,97.89,8.17,3.30,4.88,4.96,5.01,917,1169,676,339,21.26,1012.80,11.80,405.50,12.95,69.40,1080,0,0,0,0,0
TLM_RCV,-40,FG-ALPHA,20240415_084227,AUTO,1,36.59,20.00,-85,97.88,8.18,3.31,4.90,4.96,5.01,1035,1118,708,266,20.42,1013.60,12.00,405.70,12.95,69.55,1080,0,0,0,0,0
TLM_RCV,-66,FG-ALPHA,20240415_084228,AUTO,1,36.53,21.50,-85,97.88,8.18,3.30,4.91,4.96,5.02,1073,1107,668,299,20.17,1013.50,12.00,405.10,12.95,69.70,1080,0,0,0,0,0
TLM_RCV,-41,FG-ALPHA,20240415_084229,AUTO,0,33.26,19.50,-85,97.83,8.28,3.29,5.02,4.95,5.01,0,452,0,301,22.26,1013.60,11.90,405.50,12.95,69.70,1080,0,0,0,0,0
TLM_RCV,-91,FG-ALPHA,20240415_084230,AUTO,0,33.48,17.50,-85,97.87,8.27,3.31,5.02,4.96,5.01,832,496,0,340,21.68,1013.30,12.00,404.70,12.95,69.70,1080,0,0,0,0,0
TLM_RCV,-92,FG-ALPHA,20240415_084231,AUTO,1,36.49,19.00,-85,97.76,8.18,3.31,4.91,4.96,5.01,0,1097,677,265,25.49,1013.60,12.00,405.40,12.95,69.85,1080,0,0,0,0,0
TLM_RCV,-71,FG-ALPHA,20240415_084232,AUTO,1,35.49,20.50,-85,97.75,8.18,3.28,4.93,4.97,5.02,980,1097,667,281,20.58,1012.70,12.10,406.30,12.95,70.00,1080,0,0,0,0,0
TLM_RCV,-64,FG-ALPHA,20240415_084233,AUTO,1,36.65,22.00,-85,97.73,8.18,3.31,4.92,4.95,5.01,980,1131,662,319,20.75,1013.00,11.90,405.70,12.95,70.15,1080,0,0,1,0,0
TLM_RCV,-79,FG-ALPHA,20240415_084234,AUTO,1,34.49,23.50,-85,97.74,8.18,3.31,4.91,4.97,5.02,1170,1099,693,264,20.35,1013.20,11.80,406.00,12.95,70.30,1080,0,0,0,0,0
TLM_RCV,-66,FG-ALPHA,20240415_084235,AUTO,1,36.56,25.00,-85,97.73,8.18,3.29,4.88,4.94,5.02,1073,1113,687,282,20.20,1012.90,12.10,404.90,12.96,70.45,1080,0,0,0,0,0
TLM_RCV,-89,FG-ALPHA,20240415_084236,AUTO,1,35.56,26.50,-85,97.71,8.18,3.30,4.94,4.95,5.01,885,1113,721,252,21.14,1013.00,12.00,405.40,12.96,70.60,1080,0,0,0,1,1
TLM_RCV,-58,FG-ALPHA,20240415_084237,AUTO,1,35.65,28.00,-85,97.68,8.17,3.29,4.87,4.96,5.02,835,1130,717,258,21.48,1013.20,12.00,405.50,12.96,70.75,1080,0,0,0,0,0
TLM_RCV,-66,FG-ALPHA,20240415_084259,AUTO,0,33.03,5.00,-85,98.74,8.31,3.31,5.02,4.96,5.01,959,405,0,263,22.77,1013.20,12.00,404.70,12.98,71.05,1080,0,0,0,0,0
TLM_RCV,-64,FG-ALPHA,20240415_084300,AUTO,0,32.21,5.00,-85,98.69,8.30,3.30,5.02,4.97,5.02,0,442,0,301,22.21,1013.10,11.80,405.50,12.98,71.05,1080,0,0,0,0,0
TLM_RCV,-86,FG-ALPHA,20240415_084301,AUTO,1,36.88,6.50,-85,98.68,8.19,3.28,4.91,4.97,5.01,1021,1177,754,276,20.78,1013.40,12.00,405.50,12.98,71.20,1080,0,0,0,0,1
TLM_RCV,-77,FG-ALPHA,20240415_084302,AUTO,1,35.49,8.00,-85,98.57,8.20,3.30,4.93,4.96,5.02,0,1099,607,346,25.49,1013.10,11.80,405.10,12.98,71.35,1080,0,0,0,0,0
TLM_RCV,-48,FG-ALPHA,20240415_084303,AUTO,1,35.17,9.50,-85,98.54,8.18,3.30,4.87,4.97,5.01,933,1234,746,339,21.50,1013.20,11.90,405.80,12.98,71.50,1080,0,0,0,0,0
TLM_RCV,-79,FG-ALPHA,20240415_084304,AUTO,1,37.33,11.00,-85,98.53,8.17,3.30,4.85,4.97,5.01,1155,1265,791,322,20.55,1012.80,11.80,404.50,12.98,71.65,1080,0,0,0,0,0
TLM_RCV,-92,FG-ALPHA,20240415_084305,AUTO,1,34.71,12.50,-85,98.41,8.19,3.29,4.89,4.95,5.01,0,1142,685,309,25.71,1013.10,11.80,406.30,12.99,71.80,1080,1,0,0,0,0
TLM_RCV,-68,FG-ALPHA,20240415_084306,AUTO,1,34.49,14.00,-85,98.41,8.20,3.30,4.85,4.96,5.02,1110,1099,700,252,20.06,1013.00,11.90,405.40,12.99,71.95,1080,0,0,0,0,0
TLM_RCV,-54,FG-ALPHA,20240415_084307,AUTO,1,34.28,15.50,-85,98.43,8.20,3.31,4.90,4.94,5.02,1184,1056,630,279,20.64,1013.20,11.90,405.50,12.99,72.10,1080,0,0,0,0,0
TLM_RCV,-64,FG-ALPHA,20240415_084308,AUTO,1,35.47,17.00,-85,98.32,8.20,3.31,4.93,4.94,5.01,0,1093,628,309,25.47,1013.20,12.10,405.20,12.99,72.25,1080,0,0,0,0,0
TLM_RCV,-62,FG-ALPHA,20240415_084309,AUTO,1,36.03,18.50,-85,98.20,8.18,3.30,4.92,4.97,5.02,0,1205,796,257,26.02,1013.50,12.00,405.50,12.99,72.40,1080,0,0,0,0,0
TLM_RCV,-41,FG-ALPHA,20240415_084310,AUTO,1,36.42,20.00,-85,98.07,8.16,3.28,4.86,4.95,5.01,0,1284,792,343,26.42,1013.20,12.00,405.80,12.99,72.55,1080,0,0,0,0,0
TLM_RCV,-77,FG-ALPHA,20240415_084311,AUTO,1,35.97,21.50,-85,98.04,8.17,3.29,4.88,4.95,5.02,917,1195,724,329,21.39,1012.80,12.00,405.80,12.99,72.70,1080,0,0,0,0,0
TLM_RCV,-88,FG-ALPHA,20240415_084312,AUTO,1,34.60,23.00,-85,98.03,8.18,3.30,4.91,4.95,5.02,987,1120,696,282,20.67,1013.10,12.10,404.70,12.99,72.85,1080,0,0,0,0,0
TLM_RCV,-50,FG-ALPHA,20240415_084313,AUTO,1,35.29,24.50,-85,98.02,8.16,3.30,4.91,4.94,5.01,1182,1259,769,342,20.39,1012.70,12.00,405.00,12.99,73.00,1080,0,0,0,0,0
TLM_RCV,-71,FG-ALPHA,20240415_084314,AUTO,1,35.42,26.00,-85,97.91,8.19,3.29,4.89,4.95,5.02,0,1084,628,313,25.42,1013.30,11.80,404.60,12.99,73.15,1080,0,0,0,1,0
TLM_RCV,-70,FG-ALPHA,20240415_084315,AUTO,1,35.58,27.50,-85,97.89,8.18,3.29,4.92,4.96,5.02,938,1116,701,258,20.89,1012.80,11.80,405.70,13.00,73.30,1080,0,0,0,0,0
TLM_RCV,-92,FG-ALPHA,20240415_084316,AUTO,1,36.01,29.00,-85,97.88,8.17,3.31,4.90,4.95,5.01,1080,1201,779,269,20.60,1013.20,11.80,404.80,13.00,73.45,1080,0,0,0,0,0
TLM_RCV,-54,FG-ALPHA,20240415_084317,AUTO,1,36.71,30.50,-85,97.87,8.18,3.28,4.86,4.96,5.02,1018,1142,705,280,20.62,1013.20,11.80,406.10,13.00,73.60,1080,0,0,0,0,0
TLM_RCV,-66,FG-ALPHA,20240415_084318,AUTO,1,35.95,32.00,-85,97.87,8.17,3.28,4.86,4.94,5.01,1156,1190,722,322,20.17,1013.30,11.80,406.40,13.00,73.75,1080,0,0,0,0,0
TLM_RCV,-89,FG-ALPHA,20240415_084319,AUTO,1,35.56,33.50,-85,97.86,8.18,3.28,4.88,4.95,5.02,1030,1111,692,261,20.41,1013.30,11.90,405.90,13.00,73.90,1080,0,0,0,1,1
TLM_RCV,-60,FG-ALPHA,20240415_084320,AUTO,0,31.14,31.50,-85,97.91,8.29,3.28,5.02,4.95,5.01,946,427,0,268,22.59,1012.80,12.00,406.30,13.00,73.90,1080,0,0,0,0,0
TLM_RCV,-52,FG-ALPHA,20240415_084321,AUTO,1,36.31,33.00,-85,97.80,8.19,3.31,4.94,4.97,5.02,0,1063,629,284,25.32,1013.00,11.80,405.10,13.00,74.05,1080,0,0,0,0,0
TLM_RCV,-89,FG-ALPHA,20240415_084322,AUTO,1,36.88,34.50,-85,97.79,8.17,3.30,4.94,4.94,5.02,1086,1177,710,317,20.45,1013.40,12.10,405.40,13.00,74.20,1080,0,0,0,0,0
TLM_RCV,-94,FG-ALPHA,20240415_084323,AUTO,1,36.29,36.00,-85,97.78,8.19,3.31,4.87,4.94,5.02,953,1059,647,260,20.53,1013.20,11.90,404.50,13.00,74.35,1080,0,0,0,0,0
TLM_RCV,-54,FG-ALPHA,20240415_084324,AUTO,1,34.73,37.50,-85,97.76,8.17,3.29,4.88,4.96,5.01,932,1146,657,341,21.07,1013.30,12.00,405.70,13.00,74.50,1080,0,0,0,0,0
TLM_RCV,-72,FG-ALPHA,20240415_084325,AUTO,1,36.71,39.00,-85,97.65,8.17,3.29,4.86,4.97,5.01,0,1141,640,345,25.70,1013.00,11.90,405.60,13.01,74.65,1080,0,0,0,0,0
TLM_RCV,-57,FG-ALPHA,20240415_084326,AUTO,1,36.06,40.50,-85,97.62,8.16,3.29,4.92,4.94,5.01,948,1211,798,266,21.32,1013.60,12.10,405.90,13.01,74.80,1080,0,0,0,0,1
TLM_RCV,-74,FG-ALPHA,20240415_084327,AUTO,1,35.27,42.00,-85,97.59,8.15,3.30,4.94,4.94,5.01,897,1254,775,320,21.78,1012.70,12.00,406.40,13.01,74.95,1080,1,1,1,0,0
TLM_RCV,-53,FG-ALPHA,20240415_084328,AUTO,1,36.24,43.50,-85,97.59,8.19,3.31,4.86,4.95,5.01,1129,1047,628,265,20.41,1013.50,11.90,405.30,13.01,75.10,1080,0,0,0,0,0
TLM_RCV,-64,FG-ALPHA,20240415_084329,AUTO,0,32.37,41.50,-85,97.66,8.27,3.29,5.02,4.97,5.02,1079,473,0,327,23.03,1012.80,12.10,406.40,13.01,75.10,1080,0,0,0,0,0
TLM_RCV,-45,FG-ALPHA,20240415_084330,AUTO,0,31.21,39.50,-85,97.73,8.28,3.30,5.02,4.95,5.02,1180,442,0,290,23.69,1012.90,12.10,405.90,13.01,75.10,1080,0,0,0,0,0
TLM_RCV,-48,FG-ALPHA,20240415_084331,AUTO,0,31.30,37.50,-85,97.80,8.28,3.30,5.02,4.96,5.02,1196,460,0,304,23.68,1013.50,11.90,404.70,13.01,75.10,1080,0,0,0,0,0
TLM_RCV,-63,FG-ALPHA,20240415_084332,AUTO,1,35.65,39.00,-85,97.79,8.18,3.28,4.89,4.96,5.01,1044,1131,695,290,20.43,1013.50,11.90,405.80,13.01,75.25,1080,0,0,0,1,1
TLM_RCV,-90,FG-ALPHA,20240415_084333,AUTO,1,34.78,40.50,-85,97.68,8.17,3.31,4.92,4.96,5.02,0,1156,680,326,25.78,1012.90,12.10,404.90,13.01,75.40,1080,0,0,0,0,0
TLM_RCV,-59,FG-ALPHA,20240415_084334,AUTO,1,36.08,42.00,-85,97.56,8.16,3.29,4.94,4.94,5.01,0,1215,790,273,26.08,1013.40,12.00,406.40,13.01,75.55,1080,0,0,0,0,0
TLM_RCV,-81,FG-ALPHA,20240415_084335,AUTO,1,37.03,43.50,-85,97.53,8.16,3.29,4.87,4.97,5.02,964,1207,732,321,21.22,1013.60,12.10,405.50,13.02,75.70,1080,0,0,0,1,0
TLM_RCV,-47,FG-ALPHA,20240415_084336,AUTO,1,34.76,45.00,-85,97.42,8.17,3.28,4.85,4.95,5.02,0,1152,701,311,25.76,1013.00,11.80,405.10,13.02,75.85,1080,0,0,0,0,0
TLM_RCV,-91,FG-ALPHA,20240415_084337,AUTO,1,36.60,46.50,-85,97.41,8.17,3.28,4.92,4.96,5.01,995,1119,719,251,20.62,1012.70,11.80,405.30,13.02,76.00,1080,0,0,0,0,0
TLM_RCV,-89,FG-ALPHA,20240415_084338,AUTO,0,31.03,44.50,-85,97.45,8.28,3.31,5.02,4.95,5.02,841,407,0,257,22.17,1013.30,12.10,406.00,13.02,76.00,1080,0,0,0,0,0
TLM_RCV,-95,FG-ALPHA,20240415_084339,AUTO,0,32.02,42.50,-85,97.49,8.28,3.29,5.02,4.95,5.02,834,404,0,262,22.15,1013.10,12.10,406.40,13.02,76.00,1080,0,0,0,0,0
TLM_RCV,-74,FG-ALPHA,20240415_084401,AUTO,0,33.13,5.00,-85,98.66,8.30,3.29,5.02,4.94,5.02,877,426,0,270,22.25,1013.10,11.90,405.90,13.04,76.00,1080,0,0,0,0,0
TLM_RCV,-67,FG-ALPHA,20240415_084402,AUTO,0,32.42,5.00,-85,98.61,8.29,3.30,5.02,4.95,5.02,0,484,0,342,22.42,1013.00,11.80,406.30,13.04,76.00,1080,0,0,0,0,0
TLM_RCV,-71,FG-ALPHA,20240415_084403,AUTO,0,31.40,5.00,-85,98.56,8.29,3.29,5.02,4.97,5.02,0,480,0,333,22.40,1013.60,11.80,406.00,13.04,76.00,1080,0,0,0,0,0
TLM_RCV,-71,FG-ALPHA,20240415_084404,AUTO,0,33.08,5.00,-85,98.64,8.31,3.29,5.02,4.95,5.01,1199,415,0,265,23.92,1012.80,12.00,404.80,13.04,76.00,1080,0,0,0,0,0
TLM_RCV,-60,FG-ALPHA,20240415_084405,AUTO,0,31.20,5.00,-85,98.69,8.30,3.31,5.02,4.96,5.01,960,440,0,295,22.60,1013.00,12.00,404.90,13.05,76.00,1080,0,0,0,0,0
TLM_RCV,-83,FG-ALPHA,20240415_084406,AUTO,0,32.07,5.00,-85,98.77,8.31,3.31,5.02,4.96,5.02,1176,414,0,271,23.81,1013.50,11.80,405.80,13.05,76.00,1080,0,0,0,0,0
TLM_RCV,-51,FG-ALPHA,20240415_084407,AUTO,0,31.09,5.00,-85,98.73,8.31,3.30,5.02,4.94,5.01,0,418,0,278,22.09,1012.80,12.00,405.30,13.05,76.00,1080,0,0,0,0,0
TLM_RCV,-88,FG-ALPHA,20240415_084408,AUTO,0,33.19,5.00,-85,98.79,8.31,3.31,5.02,4.94,5.02,1054,438,0,290,23.08,1012.70,12.00,405.70,13.05,76.00,1080,0,0,0,0,0
TLM_RCV,-72,FG-ALPHA,20240415_084409,AUTO,0,30.98,5.00,-85,98.85,8.31,3.31,5.02,4.96,5.01,1018,396,0,252,23.11,1013.20,12.00,404.60,13.05,76.00,1080,0,0,0,0,0
TLM_RCV,-65,FG-ALPHA,20240415_084410,AUTO,0,33.46,5.00,-85,98.80,8.30,3.29,5.02,4.94,5.02,0,492,0,346,22.46,1013.40,12.10,404.90,13.05,76.00,1080,0,0,0,0,0
TLM_RCV,-82,FG-ALPHA,20240415_084411,AUTO,0,31.28,5.00,-85,98.84,8.30,3.31,5.02,4.94,5.01,858,457,0,304,22.00,1012.90,12.00,406.30,13.05,76.00,1080,0,0,0,0,0
TLM_RCV,-68,FG-ALPHA,20240415_084412,AUTO,0,32.21,5.00,-85,98.80,8.31,3.30,5.02,4.96,5.02,0,441,0,285,22.20,1013.10,12.00,405.50,13.05,76.00,1080,0,0,0,0,0
TLM_RCV,-56,FG-ALPHA,20240415_084413,AUTO,0,33.45,5.00,-85,98.84,8.30,3.31,5.02,4.96,5.02,909,490,0,334,22.09,1013.20,11.90,406.20,13.05,76.00,1080,0,0,0,0,0
TLM_RCV,-74,FG-ALPHA,20240415_084414,AUTO,0,32.48,5.00,-85,98.79,8.30,3.29,5.02,4.97,5.01,0,496,0,337,22.48,1013.30,11.90,405.90,13.05,76.00,1080,0,0,0,0,0
TLM_RCV,-46,FG-ALPHA,20240415_084415,AUTO,0,32.98,5.00,-85,98.75,8.31,3.29,5.02,4.94,5.01,0,396,0,256,21.98,1013.50,11.90,405.40,13.06,76.00,1080,0,0,0,0,0
TLM_RCV,-90,FG-ALPHA,20240415_084416,AUTO,0,33.23,5.00,-85,98.82,8.30,3.30,5.02,4.97,5.01,1174,446,0,291,23.64,1012.80,11.90,405.00,13.06,76.00,1080,0,0,0,0,0
TLM_RCV,-85,FG-ALPHA,20240415_084417,AUTO,0,31.45,5.00,-85,98.86,8.30,3.29,5.02,4.97,5.02,870,490,0,341,21.90,1012.70,11.80,404.80,13.06,76.00,1080,0,0,0,0,0
TLM_RCV,-88,FG-ALPHA,20240415_084418,AUTO,0,32.37,5.00,-85,98.90,8.30,3.31,5.02,4.97,5.01,879,473,0,330,22.03,1013.60,11.90,404.70,13.06,76.00,1080,0,0,0,0,0
TLM_RCV,-53,FG-ALPHA,20240415_084419,AUTO,0,31.16,5.00,-85,98.86,8.31,3.29,5.02,4.95,5.02,0,432,0,286,22.16,1012.70,12.10,405.20,13.06,76.00,1080,0,0,0,0,0
TLM_RCV,-63,FG-ALPHA,20240415_084420,AUTO,0,33.21,5.00,-85,98.92,8.31,3.29,5.02,4.94,5.02,1083,441,0,298,23.21,1012.90,12.10,405.80,13.06,76.00,1080,0,0,0,0,0
TLM_RCV,-59,FG-ALPHA,20240415_084421,AUTO,0,31.20,5.00,-85,98.88,8.31,3.30,5.02,4.97,5.01,0,440,0,284,22.20,1012.80,11.80,404.60,13.06,76.00,1080,0,0,0,0,0
TLM_RCV,-82,FG-ALPHA,20240415_084422,AUTO,0,31.42,5.00,-85,98.95,8.30,3.31,5.02,4.97,5.01,1141,485,0,341,23.28,1013.50,12.00,406.00,13.06,76.00,1080,0,0,0,0,0
TLM_RCV,-61,FG-ALPHA,20240415_084423,AUTO,0,31.45,5.00,-85,98.90,8.30,3.29,5.02,4.97,5.01,0,491,0,341,22.45,1013.60,11.90,406.30,13.06,76.00,1080,0,0,0,0,0
TLM_RCV,-50,FG-ALPHA,20240415_084424,AUTO,0,31.05,5.00,-85,98.97,8.31,3.29,5.02,4.97,5.01,1132,409,0,266,23.61,1013.60,11.90,405.50,13.06,76.00,1080,0,0,0,0,0
TLM_RCV,-46,FG-ALPHA,20240415_084425,AUTO,0,32.25,5.00,-85,98.92,8.31,3.30,5.02,4.97,5.02,0,450,0,298,22.25,1013.30,12.00,404.60,13.07,76.00,1080,0,0,0,0,0
TLM_RCV,-49,FG-ALPHA,20240415_084426,AUTO,1,36.74,6.50,-85,98.91,8.20,3.29,4.89,4.95,5.01,960,1149,665,326,20.94,1012.90,11.90,406.20,13.07,76.15,1080,0,0,0,0,0
TLM_RCV,-57,FG-ALPHA,20240415_084427,AUTO,1,35.67,8.00,-85,98.89,8.20,3.28,4.88,4.97,5.01,934,1135,732,256,21.00,1013.40,11.80,406.40,13.07,76.30,1080,1,1,0,0,0
TLM_RCV,-50,FG-ALPHA,20240415_084428,AUTO,1,37.27,9.50,-85,98.86,8.18,3.31,4.90,4.94,5.02,979,1254,758,343,21.37,1012.80,11.90,406.00,13.07,76.45,1080,1,1,1,0,0
TLM_RCV,-59,FG-ALPHA,20240415_084429,AUTO,1,35.35,11.00,-85,98.84,8.21,3.30,4.86,4.94,5.01,885,1071,625,301,20.93,1012.90,11.80,405.00,13.07,76.60,1080,0,0,0,0,0
TLM_RCV,-83,FG-ALPHA,20240415_084430,AUTO,1,35.18,12.50,-85,98.86,8.22,3.31,4.87,4.95,5.01,1196,1036,601,289,20.80,1013.50,11.90,406.10,13.07,76.75,1080,0,0,0,0,0
TLM_RCV,-68,FG-ALPHA,20240415_084431,AUTO,0,33.24,10.50,-85,98.81,8.30,3.29,5.02,4.95,5.02,0,449,0,290,22.25,1013.20,12.10,405.90,13.07,76.75,1080,0,0,0,0,0
TLM_RCV,-92,FG-ALPHA,20240415_084432,AUTO,0,32.05,8.50,-85,98.87,8.31,3.30,5.02,4.96,5.02,966,410,0,270,22.78,1012.70,12.10,406.20,13.07,76.75,1080,0,0,0,0,0
TLM_RCV,-41,FG-ALPHA,20240415_084433,AUTO,0,32.13,6.50,-85,98.94,8.31,3.29,5.02,4.97,5.01,1165,427,0,285,23.69,1013.00,11.80,406.30,13.07,76.75,1080,0,0,0,0,0
TLM_RCV,-68,FG-ALPHA,20240415_084434,AUTO,1,36.93,8.00,-85,98.82,8.19,3.29,4.90,4.94,5.01,0,1186,747,286,25.93,1013.30,12.10,404.70,13.07,76.90,1080,0,0,0,0,0
TLM_RCV,-74,FG-ALPHA,20240415_084435,AUTO,1,34.67,9.50,-85,98.80,8.20,3.28,4.87,4.96,5.02,932,1133,701,283,21.00,1013.50,11.90,405.90,13.08,77.05,1080,0,0,1,0,0
TLM_RCV,-69,FG-ALPHA,20240415_084436,AUTO,0,31.19,7.50,-85,98.87,8.31,3.28,5.02,4.97,5.01,1113,439,0,284,23.37,1013.50,11.90,404.80,13.08,77.05,1080,0,0,0,0,0
TLM_RCV,-93,FG-ALPHA,20240415_084437,AUTO,1,35.42,9.00,-85,98.86,8.21,3.28,4.86,4.97,5.02,964,1084,656,272,20.60,1013.60,12.00,406.30,13.08,77.20,1080,0,0,0,0,0
TLM_RCV,-54,FG-ALPHA,20240415_084438,AUTO,1,34.90,10.50,-85,98.82,8.19,3.29,4.89,4.96,5.01,851,1181,758,281,21.65,1013.60,11.80,405.70,13.08,77.35,1080,0,0,0,0,0
TLM_RCV,-80,FG-ALPHA,20240415_084439,AUTO,1,36.17,12.00,-85,98.72,8.21,3.30,4.93,4.96,5.01,0,1035,616,278,25.17,1012.80,11.80,404.50,13.08,77.50,1080,0,0,0,0,0
TLM_RCV,-90,FG-ALPHA,20240415_084440,AUTO,1,35.31,13.50,-85,98.73,8.21,3.30,4.85,4.96,5.02,1133,1062,624,298,20.35,1012.90,11.90,405.20,13.08,77.65,1080,0,0,0,0,0
TLM_RCV,-54,FG-ALPHA,20240415_084441,AUTO,1,34.42,15.00,-85,98.62,8.20,3.31,4.85,4.95,5.01,0,1083,665,260,25.41,1013.30,12.00,405.20,13.08,77.80,1080,0,0,0,0,0
TLM_RCV,-55,FG-ALPHA,20240415_084503,AUTO,0,31.11,34.00,-85,98.18,8.29,3.30,5.02,4.94,5.01,954,422,0,271,22.66,1012.80,11.90,405.20,13.10,80.50,1080,0,0,0,0,0
TLM_RCV,-72,FG-ALPHA,20240415_084504,AUTO,0,32.12,32.00,-85,98.13,8.29,3.30,5.02,4.95,5.01,0,424,0,266,22.12,1012.90,12.00,404.70,13.10,80.50,1080,0,0,0,0,0
TLM_RCV,-62,FG-ALPHA,20240415_084505,AUTO,0,31.08,30.00,-85,98.20,8.29,3.31,5.02,4.95,5.02,1106,416,0,262,23.45,1012.80,11.80,404.80,13.11,80.50,1080,0,0,0,0,0
TLM_RCV,-60,FG-ALPHA,20240415_084506,AUTO,0,33.08,28.00,-85,98.26,8.30,3.29,5.02,4.95,5.02,1011,417,0,275,22.97,1013.00,11.90,405.90,13.11,80.50,1080,0,0,0,0,0
TLM_RCV,-53,FG-ALPHA,20240415_084507,AUTO,0,33.37,26.00,-85,98.31,8.29,3.29,5.02,4.95,5.01,1001,474,0,323,22.64,1013.00,11.80,405.20,13.11,80.50,1080,0,0,0,0,0
TLM_RCV,-45,FG-ALPHA,20240415_084508,AUTO,0,33.29,24.00,-85,98.35,8.29,3.30,5.02,4.96,5.01,831,458,0,302,21.86,1012.70,11.80,406.40,13.11,80.50,1080,0,0,0,0,0
TLM_RCV,-64,FG-ALPHA,20240415_084509,AUTO,0,32.24,22.00,-85,98.42,8.29,3.30,5.02,4.95,5.02,1169,449,0,302,23.60,1013.20,11.90,405.70,13.11,80.50,1080,0,0,0,0,0
TLM_RCV,-86,FG-ALPHA,20240415_084510,AUTO,0,33.49,20.00,-85,98.46,8.29,3.28,5.02,4.96,5.02,875,498,0,347,21.89,1013.60,11.80,404.70,13.11,80.50,1080,0,0,0,0,0
TLM_RCV,-88,FG-ALPHA,20240415_084511,AUTO,0,32.06,18.00,-85,98.51,8.30,3.31,5.02,4.95,5.02,898,413,0,264,22.42,1013.40,11.90,404.70,13.11,80.50,1080,0,0,0,0,0
TLM_RCV,-75,FG-ALPHA,20240415_084512,AUTO,0,33.29,16.00,-85,98.56,8.30,3.30,5.02,4.94,5.02,969,459,0,300,22.55,1012.70,11.80,405.90,13.11,80.50,1080,0,0,0,0,0
TLM_RCV,-62,FG-ALPHA,20240415_084513,AUTO,0,32.10,14.00,-85,98.60,8.30,3.28,5.02,4.94,5.01,861,421,0,267,22.20,1012.70,12.00,404.90,13.11,80.50,1080,0,0,0,0,0
TLM_RCV,-87,FG-ALPHA,20240415_084514,AUTO,0,32.13,12.00,-85,98.56,8.30,3.29,5.02,4.94,5.01,0,426,0,275,22.13,1013.50,11.90,406.10,13.11,80.50,1080,0,0,0,0,0
TLM_RCV,-70,FG-ALPHA,20240415_084515,AUTO,0,32.47,10.00,-85,98.62,8.29,3.30,5.02,4.96,5.01,1078,494,0,337,22.92,1013.00,11.80,404.80,13.12,80.50,1080,0,0,0,0,0
TLM_RCV,-69,FG-ALPHA,20240415_084516,AUTO,0,33.12,8.00,-85,98.69,8.31,3.31,5.02,4.94,5.02,1164,424,0,283,23.70,1012.90,11.90,406.00,13.12,80.50,1080,0,0,0,0,0
TLM_RCV,-42,FG-ALPHA,20240415_084517,AUTO,0,33.11,6.00,-85,98.73,8.31,3.28,5.02,4.95,5.01,821,422,0,265,22.00,1013.00,12.00,405.00,13.12,80.50,1080,0,0,0,0,0
TLM_RCV,-72,FG-ALPHA,20240415_084518,AUTO,0,32.07,5.00,-85,98.81,8.31,3.29,5.02,4.97,5.02,1194,414,0,263,23.90,1013.50,11.90,406.20,13.12,80.50,1080,0,0,0,0,0
TLM_RCV,-49,FG-ALPHA,20240415_084519,AUTO,0,33.01,5.00,-85,98.77,8.31,3.30,5.02,4.94,5.01,0,403,0,258,22.01,1013.40,12.10,406.40,13.12,80.50,1080,0,0,0,0,0
TLM_RCV,-48,FG-ALPHA,20240415_084520,AUTO,0,33.01,5.00,-85,98.83,8.31,3.30,5.02,4.96,5.02,930,401,0,261,22.65,1012.70,11.90,405.60,13.12,80.50,1080,0,0,0,0,0
TLM_RCV,-69,FG-ALPHA,20240415_084521,AUTO,0,31.38,5.00,-85,98.87,8.30,3.31,5.02,4.94,5.02,919,476,0,330,22.22,1013.10,11.80,405.60,13.12,80.50,1080,0,0,0,0,0
TLM_RCV,-74,FG-ALPHA,20240415_084522,AUTO,0,31.24,5.00,-85,98.82,8.30,3.31,5.02,4.94,5.02,0,448,0,304,22.24,1013.10,12.00,406.30,13.12,80.50,1080,0,0,0,0,0
TLM_RCV,-51,FG-ALPHA,20240415_084523,AUTO,0,31.18,5.00,-85,98.88,8.31,3.29,5.02,4.94,5.01,1007,437,0,278,22.85,1013.10,12.00,406.30,13.12,80.50,1080,0,0,0,0,0
TLM_RCV,-80,FG-ALPHA,20240415_084524,AUTO,0,33.31,5.00,-85,98.95,8.31,3.29,5.02,4.97,5.01,1172,462,0,320,23.55,1013.40,12.00,405.30,13.12,80.50,1080,0,0,0,0,0
TLM_RCV,-71,FG-ALPHA,20240415_084525,AUTO,0,33.28,5.00,-85,98.91,8.31,3.31,5.02,4.97,5.01,0,456,0,298,22.28,1013.00,12.00,406.40,13.13,80.50,1080,0,0,0,0,0
TLM_RCV,-40,FG-ALPHA,20240415_084526,AUTO,0,32.29,5.00,-85,98.95,8.31,3.30,5.02,4.95,5.01,864,459,0,302,22.02,1013.10,11.80,405.90,13.13,80.50,1080,0,0,0,0,0
TLM_RCV,-78,FG-ALPHA,20240415_084527,AUTO,0,33.45,5.00,-85,99.01,8.30,3.30,5.02,4.95,5.02,1093,490,0,345,23.01,1013.10,12.00,406.40,13.13,80.50,1080,0,0,0,0,0
TLM_RCV,-71,FG-ALPHA,20240415_084528,AUTO,0,33.09,5.00,-85,98.97,8.31,3.28,5.02,4.97,5.02,0,418,0,261,22.09,1013.40,11.80,405.10,13.13,80.50,1080,0,0,0,0,0
TLM_RCV,-75,FG-ALPHA,20240415_084529,AUTO,0,32.44,5.00,-85,98.92,8.30,3.30,5.02,4.96,5.01,0,488,0,337,22.44,1013.50,12.00,405.00,13.13,80.50,1080,0,0,0,0,0
TLM_RCV,-61,FG-ALPHA,20240415_084530,AUTO,1,36.12,6.50,-85,98.90,8.19,3.28,4.88,4.95,5.01,1044,1224,747,332,20.90,1013.50,12.00,405.40,13.13,80.65,1080,0,0,0,0,0
TLM_RCV,-82,FG-ALPHA,20240415_084531,AUTO,1,36.54,8.00,-85,98.88,8.21,3.28,4.92,4.96,5.01,945,1108,673,293,20.82,1013.10,11.90,405.40,13.13,80.80,1080,0,0,0,0,0
TLM_RCV,-46,FG-ALPHA,20240415_084532,AUTO,1,36.87,9.50,-85,98.88,8.20,3.29,4.90,4.96,5.01,1164,1174,701,330,20.05,1013.10,11.80,404.50,13.13,80.95,1080,0,0,0,0,0
TLM_RCV,-50,FG-ALPHA,20240415_084533,AUTO,1,34.83,11.00,-85,98.85,8.20,3.29,4.86,4.97,5.01,876,1167,743,274,21.45,1013.50,12.10,405.00,13.13,81.10,1080,0,0,0,0,0
TLM_RCV,-48,FG-ALPHA,20240415_084534,AUTO,1,36.17,12.50,-85,98.81,8.19,3.28,4.89,4.96,5.02,851,1235,795,289,21.92,1013.20,11.90,405.50,13.13,81.25,1080,0,0,0,0,0
TLM_RCV,-47,FG-ALPHA,20240415_084535,AUTO,1,36.47,14.00,-85,98.80,8.21,3.29,4.91,4.97,5.02,986,1094,604,332,20.54,1012.70,12.00,406.30,13.14,81.40,1080,0,0,0,0,0
TLM_RCV,-81,FG-ALPHA,20240415_084536,AUTO,1,35.03,15.50,-85,98.79,8.19,3.29,4.86,4.96,5.01,1023,1206,719,341,20.92,1013.40,12.10,404.60,13.14,81.55,1080,1,1,0,0,0
TLM_RCV,-73,FG-ALPHA,20240415_084537,AUTO,0,32.24,13.50,-85,98.84,8.30,3.29,5.02,4.97,5.02,999,448,0,293,22.75,1012.90,12.00,404.80,13.14,81.55,1080,0,0,0,0,0
TLM_RCV,-94,FG-ALPHA,20240415_084538,AUTO,0,33.53,11.50,-85,98.89,8.30,3.31,5.02,4.97,5.01,968,505,0,346,22.32,1013.40,12.10,405.30,13.14,81.55,1080,0,0,0,0,0
TLM_RCV,-47,FG-ALPHA,20240415_084539,AUTO,0,32.26,9.50,-85,98.84,8.30,3.29,5.02,4.97,5.01,0,451,0,297,22.25,1013.40,11.90,404.70,13.14,81.55,1080,0,0,0,0,0
TLM_RCV,-41,FG-ALPHA,20240415_084540,AUTO,0,32.99,7.50,-85,98.80,8.31,3.31,5.02,4.97,5.01,0,398,0,256,21.99,1013.10,11.90,404.70,13.14,81.55,1080,0,0,0,0,0
TLM_RCV,-53,FG-ALPHA,20240415_084541,AUTO,0,32.37,5.50,-85,98.84,8.30,3.31,5.02,4.94,5.02,836,474,0,321,21.81,1013.20,11.90,405.30,13.14,81.55,1080,0,0,0,0,0
TLM_RCV,-45,FG-ALPHA,20240415_084542,AUTO,1,35.69,7.00,-85,98.81,8.20,3.28,4.90,4.94,5.02,894,1139,728,264,21.23,1013.50,12.10,404.90,13.14,81.70,1080,0,0,0,0,0
TLM_RCV,-57,FG-ALPHA,20240415_084543,AUTO,1,34.53,8.50,-85,98.70,8.20,3.28,4.87,4.96,5.01,0,1107,678,271,25.53,1013.30,11.80,405.00,13.14,81.85,1080,0,0,0,0,0
TLM_RCV,-62,FG-ALPHA,20240415_084605,AUTO,0,32.17,5.00,-85,100.00,8.33,3.31,5.02,4.95,5.02,1074,435,0,289,23.19,1013.30,11.90,406.00,13.17,82.15,1080,0,0,0,0,0
TLM_RCV,-86,FG-ALPHA,20240415_084606,AUTO,0,33.01,5.00,-85,100.00,8.34,3.30,5.02,4.95,5.02,1120,401,0,261,23.59,1013.50,11.90,405.00,13.17,82.15,1080,0,0,0,0,0
TLM_RCV,-57,FG-ALPHA,20240415_084607,AUTO,1,37.06,6.50,-85,99.88,8.22,3.28,4.89,4.96,5.02,0,1212,714,344,26.06,1012.80,11.90,405.80,13.17,82.30,1080,0,0,0,0,0
TLM_RCV,-66,FG-ALPHA,20240415_084608,AUTO,0,31.32,5.00,-85,99.94,8.33,3.29,5.02,4.96,5.01,1097,463,0,323,23.17,1013.40,12.10,405.60,13.17,82.30,1080,0,0,0,0,0
TLM_RCV,-46,FG-ALPHA,20240415_084609,AUTO,0,32.15,5.00,-85,100.00,8.34,3.29,5.02,4.94,5.01,1038,430,0,275,23.04,1012.80,12.10,405.40,13.17,82.30,1080,0,0,0,0,0
TLM_RCV,-59,FG-ALPHA,20240415_084610,AUTO,0,32.12,5.00,-85,100.00,8.34,3.30,5.02,4.97,5.02,1076,424,0,270,23.26,1012.70,11.80,405.10,13.17,82.30,1080,0,0,0,0,0
TLM_RCV,-69,FG-ALPHA,20240415_084611,AUTO,0,33.26,5.00,-85,100.00,8.33,3.29,5.02,4.97,5.01,1149,453,0,304,23.48,1013.40,11.80,406.20,13.17,82.30,1080,0,0,0,0,0
TLM_RCV,-48,FG-ALPHA,20240415_084612,AUTO,1,37.22,6.50,-85,99.99,8.21,3.28,4.87,4.94,5.02,1154,1243,769,331,20.44,1012.90,12.00,404.70,13.17,82.45,1080,0,0,0,0,0
TLM_RCV,-86,FG-ALPHA,20240415_084613,AUTO,1,34.56,8.00,-85,99.98,8.23,3.30,4.88,4.95,5.02,1024,1113,680,279,20.44,1012.90,11.90,406.40,13.17,82.60,1080,0,0,0,0,0
TLM_RCV,-82,FG-ALPHA,20240415_084614,AUTO,1,36.90,9.50,-85,99.97,8.22,3.28,4.91,4.94,5.01,1083,1181,705,334,20.49,1013.40,11.80,404.60,13.17,82.75,1080,0,0,0,0,0
TLM_RCV,-94,FG-ALPHA,20240415_084615,AUTO,1,36.26,11.00,-85,99.94,8.21,3.30,4.90,4.96,5.01,953,1253,787,313,21.50,1012.90,11.90,405.50,13.18,82.90,1080,0,0,0,0,0
TLM_RCV,-55,FG-ALPHA,20240415_084616,AUTO,1,35.27,12.50,-85,99.84,8.24,3.31,4.86,4.94,5.01,0,1054,623,274,25.27,1013.30,12.00,405.20,13.18,83.05,1080,0,0,0,0,0
TLM_RCV,-68,FG-ALPHA,20240415_084617,AUTO,1,34.65,14.00,-85,99.72,8.22,3.29,4.86,4.94,5.02,0,1129,652,334,25.65,1013.40,12.00,406.00,13.18,83.20,1080,0,0,0,0,0
TLM_RCV,-79,FG-ALPHA,20240415_084618,AUTO,1,35.56,15.50,-85,99.61,8.22,3.31,4.85,4.95,5.01,0,1112,673,291,25.56,1013.10,12.10,404.70,13.18,83.35,1080,0,0,0,0,0
TLM_RCV,-82,FG-ALPHA,20240415_084619,AUTO,1,34.42,17.00,-85,99.62,8.23,3.31,4.87,4.95,5.02,1137,1085,604,340,20.26,1013.50,12.10,404.70,13.18,83.50,1080,0,0,0,0,0
TLM_RCV,-94,FG-ALPHA,20240415_084620,AUTO,1,35.05,18.50,-85,99.60,8.21,3.28,4.88,4.94,5.01,1020,1210,783,274,20.95,1013.50,11.80,404.60,13.18,83.65,1080,0,0,0,0,0
TLM_RCV,-49,FG-ALPHA,20240415_084621,AUTO,1,35.85,20.00,-85,99.59,8.21,3.29,4.91,4.97,5.01,1029,1169,693,317,20.70,1012.80,11.90,405.40,13.18,83.80,1080,0,0,0,0,0
TLM_RCV,-72,FG-ALPHA,20240415_084622,AUTO,1,35.63,21.50,-85,99.57,8.22,3.28,4.94,4.96,5.02,961,1125,716,265,20.82,1013.60,11.90,405.40,13.18,83.95,1080,0,0,0,0,0
TLM_RCV,-53,FG-ALPHA,20240415_084623,AUTO,0,31.06,19.50,-85,99.64,8.33,3.28,5.02,4.96,5.01,1152,412,0,262,23.70,1013.30,12.10,405.00,13.18,83.95,1080,0,0,0,0,0
TLM_RCV,-91,FG-ALPHA,20240415_084624,AUTO,0,32.16,17.50,-85,99.71,8.33,3.28,5.02,4.96,5.02,1150,432,0,286,23.59,1013.30,12.00,405.00,13.18,83.95,1080,0,0,0,0,0
TLM_RCV,-42,FG-ALPHA,20240415_084625,AUTO,0,31.43,15.50,-85,99.75,8.32,3.28,5.02,4.96,5.01,801,487,0,338,21.57,1012.80,12.00,405.30,13.19,83.95,1080,0,0,0,0,0
TLM_RCV,-70,FG-ALPHA,20240415_084626,AUTO,0,32.38,13.50,-85,99.79,8.32,3.30,5.02,4.95,5.02,890,477,0,325,22.07,1013.10,12.10,405.30,13.19,83.95,1080,0,0,0,0,0
TLM_RCV,-54,FG-ALPHA,20240415_084627,AUTO,0,32.46,11.50,-85,99.74,8.32,3.30,5.02,4.95,5.02,0,491,0,347,22.45,1012.70,11.80,404.90,13.19,83.95,1080,0,0,0,0,0
TLM_RCV,-63,FG-ALPHA,20240415_084628,AUTO,0,33.02,9.50,-85,99.70,8.33,3.28,5.02,4.97,5.02,0,404,0,260,22.02,1013.30,11.90,405.30,13.19,83.95,1080,0,0,0,0,0
TLM_RCV,-60,FG-ALPHA,20240415_084629,AUTO,0,32.22,7.50,-85,99.74,8.33,3.30,5.02,4.97,5.02,848,443,0,296,22.02,1013.50,11.90,406.10,13.19,83.95,1080,0,0,0,0,0
TLM_RCV,-48,FG-ALPHA,20240415_084630,AUTO,0,33.37,5.50,-85,99.81,8.32,3.30,5.02,4.96,5.02,1169,474,0,320,23.48,1013.00,12.00,404.50,13.19,83.95,1080,0,0,0,0,0
TLM_RCV,-82,FG-ALPHA,20240415_084631,AUTO,0,33.21,5.00,-85,99.85,8.33,3.29,5.02,4.96,5.02,867,442,0,283,22.12,1013.40,12.10,405.40,13.19,83.95,1080,0,0,0,0,0
TLM_RCV,-81,FG-ALPHA,20240415_084632,AUTO,0,31.25,5.00,-85,99.90,8.33,3.28,5.02,4.94,5.02,942,449,0,303,22.47,1013.40,11.80,406.40,13.19,83.95,1080,0,0,0,0,0
TLM_RCV,-80,FG-ALPHA,20240415_084633,AUTO,1,36.32,6.50,-85,99.79,8.24,3.31,4.93,4.96,5.01,0,1064,601,316,25.32,1012.80,11.90,404.70,13.19,84.10,1080,0,0,0,0,0
TLM_RCV,-67,FG-ALPHA,20240415_084634,AUTO,1,36.15,8.00,-85,99.67,8.21,3.31,4.86,4.94,5.01,0,1229,762,322,26.15,1013.10,11.90,404.60,13.19,84.25,1080,0,0,0,0,0
TLM_RCV,-68,FG-ALPHA,20240415_084635,AUTO,1,37.38,9.50,-85,99.65,8.20,3.31,4.90,4.95,5.01,1067,1277,780,341,21.05,1013.60,12.00,406.40,13.20,84.40,1080,0,0,0,0,0
TLM_RCV,-91,FG-ALPHA,20240415_084636,AUTO,1,35.85,11.00,-85,99.65,8.22,3.31,4.91,4.94,5.01,1198,1171,705,309,20.14,1012.80,12.00,405.80,13.20,84.55,1080,0,0,0,0,0
TLM_RCV,-53,FG-ALPHA,20240415_084637,AUTO,1,36.45,12.50,-85,99.54,8.23,3.30,4.89,4.95,5.02,0,1090,677,259,25.45,1013.00,12.00,404.60,13.20,84.70,1080,0,0,0,0,0
TLM_RCV,-62,FG-ALPHA,20240415_084638,AUTO,1,35.24,14.00,-85,99.54,8.20,3.31,4.94,4.94,5.02,1196,1247,748,346,20.25,1013.10,11.80,404.70,13.20,84.85,1080,0,0,0,0,0
TLM_RCV,-48,FG-ALPHA,20240415_084639,AUTO,1,36.09,15.50,-85,99.50,8.21,3.29,4.90,4.95,5.01,817,1218,727,341,22.00,1013.00,11.90,405.10,13.20,85.00,1080,0,0,0,0,0
TLM_RCV,-55,FG-ALPHA,20240415_084640,AUTO,1,35.47,17.00,-85,99.49,8.22,3.30,4.87,4.96,5.01,1035,1094,645,298,20.30,1013.50,11.90,405.70,13.20,85.15,1080,0,0,0,0,0
TLM_RCV,-81,FG-ALPHA,20240415_084641,AUTO,1,34.84,18.50,-85,99.48,8.21,3.31,4.94,4.94,5.01,1009,1168,740,288,20.80,1012.80,11.80,406.00,13.20,85.30,1080,0,0,0,0,0
TLM_RCV,-49,FG-ALPHA,20240415_084642,AUTO,1,35.36,20.00,-85,99.45,8.20,3.29,4.88,4.94,5.01,980,1272,777,345,21.46,1013.40,12.00,405.80,13.20,85.45,1080,0,0,0,0,1
TLM_RCV,-67,FG-ALPHA,20240415_084643,AUTO,1,36.03,21.50,-85,99.44,8.21,3.31,4.93,4.95,5.02,1159,1207,728,331,20.24,1013.20,12.00,406.20,13.20,85.60,1080,0,0,0,0,0
TLM_RCV,-58,FG-ALPHA,20240415_084644,AUTO,1,34.83,23.00,-85,99.42,8.21,3.28,4.86,4.97,5.01,986,1165,690,331,20.90,1013.60,12.10,406.30,13.20,85.75,1080,0,0,0,0,0
TLM_RCV,-91,FG-ALPHA,20240415_084645,AUTO,1,34.67,24.50,-85,99.43,8.22,3.28,4.87,4.96,5.02,1197,1134,718,268,20.32,1013.60,12.10,405.80,13.21,85.90,1080,0,0,0,1,0
TLM_RCV,-89,FG-ALPHA,20240415_084708,AUTO,0,33.16,6.50,-85,100.00,8.34,3.29,5.02,4.94,5.02,992,432,0,286,22.80,1013.60,11.80,406.10,13.23,87.10,1080,0,0,0,0,0
TLM_RCV,-53,FG-ALPHA,20240415_084709,AUTO,0,33.19,5.00,-85,99.96,8.33,3.31,5.02,4.96,5.01,0,437,0,290,22.18,1012.90,12.00,404.60,13.23,87.10,1080,0,0,0,0,0
TLM_RCV,-71,FG-ALPHA,20240415_084710,AUTO,0,31.15,5.00,-85,100.00,8.34,3.28,5.02,4.96,5.01,821,430,0,273,21.95,1013.20,11.80,406.20,13.23,87.10,1080,0,0,0,0,0
TLM_RCV,-80,FG-ALPHA,20240415_084711,AUTO,0,33.04,5.00,-85,100.00,8.34,3.30,5.02,4.97,5.02,893,409,0,267,22.42,1012.90,12.00,405.00,13.23,87.10,1080,0,0,0,0,0
TLM_RCV,-45,FG-ALPHA,20240415_084712,AUTO,1,36.86,6.50,-85,99.88,8.22,3.28,4.89,4.94,5.01,0,1172,770,259,25.86,1013.50,12.00,405.70,13.23,87.25,1080,1,1,0,0,0
TLM_RCV,-75,FG-ALPHA,20240415_084713,AUTO,1,35.85,8.00,-85,99.85,8.22,3.28,4.94,4.95,5.02,893,1171,718,304,21.39,1013.10,12.00,406.40,13.23,87.40,1080,0,0,0,0,0
TLM_RCV,-87,FG-ALPHA,20240415_084714,AUTO,1,36.67,9.50,-85,99.82,8.23,3.31,4.93,4.95,5.02,823,1135,708,269,21.56,1013.30,11.80,404.90,13.23,87.55,1080,0,0,0,0,0
TLM_RCV,-91,FG-ALPHA,20240415_084715,AUTO,1,36.53,11.00,-85,99.81,8.23,3.30,4.90,4.96,5.02,996,1105,683,273,20.55,1013.30,11.80,405.10,13.24,87.70,1080,0,0,0,0,0
TLM_RCV,-43,FG-ALPHA,20240415_084716,AUTO,1,35.06,12.50,-85,99.82,8.24,3.31,4.94,4.95,5.01,1036,1011,602,259,20.12,1013.10,12.10,405.60,13.24,87.85,1080,0,0,0,0,0
TLM_RCV,-76,FG-ALPHA,20240415_084717,AUTO,1,34.98,14.00,-85,99.81,8.22,3.30,4.86,4.95,5.01,1099,1196,748,297,20.49,1013.50,12.00,405.70,13.24,88.00,1080,0,0,0,0,0
TLM_RCV,-54,FG-ALPHA,20240415_084718,AUTO,0,32.28,12.00,-85,99.87,8.33,3.29,5.02,4.97,5.01,1120,457,0,299,23.32,1013.50,11.80,404.60,13.24,88.00,1080,0,0,0,0,0
TLM_RCV,-41,FG-ALPHA,20240415_084719,AUTO,0,31.28,10.00,-85,99.93,8.33,3.29,5.02,4.94,5.01,1056,457,0,311,22.99,1013.00,11.90,405.90,13.24,88.00,1080,0,0,0,0,0
TLM_RCV,-61,FG-ALPHA,20240415_084720,AUTO,0,33.32,8.00,-85,100.00,8.33,3.31,5.02,4.96,5.01,1127,464,0,316,23.32,1013.60,11.90,405.10,13.24,88.00,1080,0,0,0,0,0
TLM_RCV,-75,FG-ALPHA,20240415_084721,AUTO,0,32.46,6.00,-85,100.00,8.33,3.28,5.02,4.95,5.02,1193,492,0,346,23.50,1013.30,12.10,406.30,13.24,88.00,1080,0,0,0,0,0
TLM_RCV,-91,FG-ALPHA,20240415_084722,AUTO,0,32.99,5.00,-85,99.96,8.34,3.30,5.02,4.94,5.02,0,399,0,255,22.00,1012.70,12.10,405.30,13.24,88.00,1080,0,0,0,0,0
TLM_RCV,-78,FG-ALPHA,20240415_084723,AUTO,0,32.22,5.00,-85,100.00,8.33,3.29,5.02,4.97,5.02,988,445,0,296,22.72,1013.50,11.80,405.90,13.24,88.00,1080,0,0,0,0,0
TLM_RCV,-42,FG-ALPHA,20240415_084724,AUTO,0,32.42,5.00,-85,100.00,8.33,3.30,5.02,4.94,5.02,875,485,0,331,21.95,1013.20,11.90,406.20,13.24,88.00,1080,0,0,0,0,0
TLM_RCV,-59,FG-ALPHA,20240415_084725,AUTO,0,32.23,5.00,-85,100.00,8.33,3.28,5.02,4.94,5.02,890,446,0,288,22.22,1012.90,12.00,404.80,13.25,88.00,1080,0,0,0,0,0
TLM_RCV,-63,FG-ALPHA,20240415_084726,AUTO,0,33.46,5.00,-85,99.95,8.33,3.31,5.02,4.94,5.01,0,492,0,334,22.46,1012.90,12.00,404.60,13.25,88.00,1080,0,0,0,0,0
TLM_RCV,-80,FG-ALPHA,20240415_084727,AUTO,0,31.10,5.00,-85,99.91,8.33,3.31,5.02,4.97,5.02,0,420,0,268,22.10,1012.80,11.80,405.50,13.25,88.00,1080,0,0,0,0,0
TLM_RCV,-79,FG-ALPHA,20240415_084728,AUTO,0,32.37,5.00,-85,99.94,8.33,3.30,5.02,4.96,5.02,803,474,0,326,21.65,1012.90,12.10,406.30,13.25,88.00,1080,0,0,0,0,0
TLM_RCV,-78,FG-ALPHA,20240415_084729,AUTO,0,33.46,5.00,-85,99.98,8.33,3.31,5.02,4.95,5.01,904,492,0,340,22.06,1013.20,11.80,406.20,13.25,88.00,1080,0,0,0,0,0
TLM_RCV,-90,FG-ALPHA,20240415_084730,AUTO,0,32.21,5.00,-85,99.94,8.33,3.31,5.02,4.95,5.01,0,441,0,295,22.20,1013.30,11.90,405.00,13.25,88.00,1080,0,0,0,0,0
TLM_RCV,-83,FG-ALPHA,20240415_084731,AUTO,0,32.11,5.00,-85,100.00,8.34,3.30,5.02,4.97,5.02,1164,422,0,279,23.71,1013.00,11.90,405.30,13.25,88.00,1080,0,0,0,0,0
TLM_RCV,-51,FG-ALPHA,20240415_084732,AUTO,0,31.19,5.00,-85,100.00,8.33,3.29,5.02,4.96,5.01,915,438,0,291,22.39,1013.20,12.00,405.90,13.25,88.00,1080,0,0,0,0,0
TLM_RCV,-68,FG-ALPHA,20240415_084733,AUTO,0,31.45,5.00,-85,99.95,8.33,3.30,5.02,4.95,5.02,0,490,0,343,22.45,1012.70,12.00,405.40,13.25,88.00,1080,0,0,0,0,0
TLM_RCV,-75,FG-ALPHA,20240415_084734,AUTO,0,31.33,5.00,-85,99.90,8.33,3.31,5.02,4.95,5.01,0,467,0,311,22.33,1013.60,12.10,406.00,13.25,88.00,1080,0,0,0,0,0
TLM_RCV,-93,FG-ALPHA,20240415_084735,AUTO,0,33.38,5.00,-85,99.95,8.33,3.28,5.02,4.95,5.01,978,477,0,332,22.50,1013.00,11.90,406.30,13.26,88.00,1080,0,0,0,0,0
TLM_RCV,-46,FG-ALPHA,20240415_084736,AUTO,0,33.38,5.00,-85,100.00,8.33,3.28,5.02,4.97,5.02,1130,476,0,322,23.27,1013.30,12.10,406.40,13.26,88.00,1080,0,0,0,0,0
TLM_RCV,-41,FG-ALPHA,20240415_084737,AUTO,0,31.34,5.00,-85,100.00,8.33,3.30,5.02,4.96,5.01,1040,468,0,315,22.86,1012.80,11.80,405.80,13.26,88.00,1080,0,0,0,0,0
TLM_RCV,-43,FG-ALPHA,20240415_084738,AUTO,0,32.22,5.00,-85,100.00,8.33,3.29,5.02,4.96,5.02,1074,445,0,301,23.15,1013.30,12.00,405.70,13.26,88.00,1080,0,0,0,0,0
TLM_RCV,-46,FG-ALPHA,20240415_084739,AUTO,0,31.29,5.00,-85,99.95,8.33,3.29,5.02,4.96,5.02,0,458,0,299,22.29,1013.50,12.10,404.70,13.26,88.00,1080,0,0,0,0,0
TLM_RCV,-58,FG-ALPHA,20240415_084740,AUTO,0,32.39,5.00,-85,100.00,8.33,3.29,5.02,4.95,5.01,1026,478,0,324,22.74,1013.00,11.90,404.80,13.26,88.00,1080,0,0,0,0,0
TLM_RCV,-60,FG-ALPHA,20240415_084741,AUTO,0,33.48,5.00,-85,100.00,8.33,3.30,5.02,4.96,5.02,1046,496,0,339,22.75,1012.90,11.80,405.90,13.26,88.00,1080,0,0,0,0,0
TLM_RCV,-66,FG-ALPHA,20240415_084742,AUTO,0,31.19,5.00,-85,100.00,8.33,3.29,5.02,4.95,5.01,921,438,0,286,22.42,1012.90,11.80,406.20,13.26,88.00,1080,0,0,0,0,0
TLM_RCV,-65,FG-ALPHA,20240415_084743,AUTO,1,36.12,6.50,-85,99.99,8.22,3.30,4.88,4.96,5.02,1129,1224,754,324,20.48,1013.60,11.80,404.60,13.26,88.15,1080,0,0,0,0,0
TLM_RCV,-68,FG-ALPHA,20240415_084744,AUTO,1,36.77,8.00,-85,99.97,8.23,3.28,4.94,4.94,5.02,917,1154,686,315,21.18,1013.60,11.90,404.70,13.26,88.30,1080,0,0,0,0,0
TLM_RCV,-75,FG-ALPHA,20240415_084745,AUTO,1,36.79,9.50,-85,99.95,8.22,3.31,4.89,4.95,5.02,999,1159,755,252,20.80,1013.20,12.10,405.70,13.27,88.45,1080,0,0,0,0,0
TLM_RCV,-75,FG-ALPHA,20240415_084746,AUTO,1,34.69,11.00,-85,99.84,8.23,3.29,4.87,4.97,5.01,0,1137,639,345,25.68,1012.90,11.90,405.90,13.27,88.60,1080,0,0,0,0,0
TLM_RCV,-72,FG-ALPHA,20240415_084747,AUTO,1,35.19,12.50,-85,99.82,8.21,3.28,4.92,4.95,5.01,1104,1239,793,296,20.67,1013.10,12.00,405.20,13.27,88.75,1080,0,0,0,0,0
TLM_RCV,-71,FG-ALPHA,20240415_084809,AUTO,1,37.04,45.50,-85,99.15,8.20,3.30,4.93,4.94,5.01,0,1209,712,338,26.05,1013.50,12.00,405.70,13.29,92.05,1080,0,0,0,0,0
TLM_RCV,-78,FG-ALPHA,20240415_084810,AUTO,1,35.90,47.00,-85,99.03,8.20,3.29,4.92,4.96,5.02,0,1179,723,308,25.90,1013.10,11.80,405.70,13.29,92.20,1080,0,0,0,0,1
TLM_RCV,-71,FG-ALPHA,20240415_084811,AUTO,0,33.13,45.00,-85,99.10,8.31,3.31,5.02,4.94,5.02,1111,426,0,274,23.42,1013.30,12.10,404.60,13.29,92.20,1080,0,0,0,0,0
TLM_RCV,-41,FG-ALPHA,20240415_084812,AUTO,0,32.04,43.00,-85,99.15,8.32,3.28,5.02,4.96,5.02,852,408,0,268,22.22,1012.80,12.10,405.50,13.29,92.20,1080,0,0,0,0,0
TLM_RCV,-61,FG-ALPHA,20240415_084813,AUTO,0,33.35,41.00,-85,99.19,8.31,3.31,5.02,4.97,5.02,880,470,0,329,22.05,1013.50,11.90,404.50,13.29,92.20,1080,0,0,0,0,0
TLM_RCV,-64,FG-ALPHA,20240415_084814,AUTO,1,36.47,42.50,-85,99.16,8.22,3.28,4.85,4.97,5.01,876,1095,620,329,21.09,1013.10,11.90,404.90,13.29,92.35,1080,0,0,0,0,0
TLM_RCV,-47,FG-ALPHA,20240415_084815,AUTO,1,36.67,44.00,-85,99.16,8.21,3.30,4.92,4.97,5.02,1069,1133,651,337,20.32,1013.10,11.90,406.30,13.30,92.50,1080,0,0,0,0,0
TLM_RCV,-44,FG-ALPHA,20240415_084816,AUTO,1,37.10,45.50,-85,99.12,8.20,3.29,4.90,4.94,5.01,830,1221,783,287,21.95,1013.50,12.00,405.10,13.30,92.65,1080,0,0,0,0,0
TLM_RCV,-59,FG-ALPHA,20240415_084817,AUTO,1,35.74,47.00,-85,99.11,8.21,3.31,4.85,4.96,5.02,1088,1147,746,257,20.30,1013.30,12.00,404.70,13.30,92.80,1080,0,0,0,0,0
TLM_RCV,-41,FG-ALPHA,20240415_084818,AUTO,0,33.10,45.00,-85,99.07,8.31,3.29,5.02,4.96,5.01,0,419,0,261,22.09,1013.50,11.80,405.80,13.30,92.80,1080,0,0,0,0,0
TLM_RCV,-80,FG-ALPHA,20240415_084819,AUTO,0,31.33,43.00,-85,99.12,8.31,3.28,5.02,4.95,5.01,940,467,0,311,22.36,1012.70,12.00,406.40,13.30,92.80,1080,0,0,0,0,0
TLM_RCV,-72,FG-ALPHA,20240415_084820,AUTO,0,31.17,41.00,-85,99.18,8.32,3.28,5.02,4.95,5.02,1089,435,0,285,23.27,1013.10,11.80,404.80,13.30,92.80,1080,0,0,0,0,0
TLM_RCV,-92,FG-ALPHA,20240415_084821,AUTO,0,33.24,39.00,-85,99.26,8.31,3.30,5.02,4.94,5.01,1181,448,0,300,23.66,1013.50,12.10,404.80,13.30,92.80,1080,0,0,0,0,0
TLM_RCV,-67,FG-ALPHA,20240415_084822,AUTO,0,33.08,37.00,-85,99.22,8.32,3.28,5.02,4.95,5.02,0,416,0,259,22.08,1013.20,12.10,406.10,13.30,92.80,1080,0,0,0,0,0
TLM_RCV,-85,FG-ALPHA,20240415_084823,AUTO,1,37.03,38.50,-85,99.20,8.20,3.30,4.94,4.97,5.02,1035,1206,719,346,20.85,1013.30,12.10,404.80,13.30,92.95,1080,0,0,0,0,0
TLM_RCV,-72,FG-ALPHA,20240415_084824,AUTO,1,35.74,40.00,-85,99.20,8.21,3.30,4.89,4.94,5.01,1133,1147,667,331,20.07,1013.30,12.10,405.40,13.30,93.10,1080,0,0,0,0,0
TLM_RCV,-66,FG-ALPHA,20240415_084825,AUTO,0,31.38,38.00,-85,99.27,8.31,3.31,5.02,4.95,5.01,1191,476,0,325,23.58,1012.90,12.10,404.70,13.31,93.10,1080,0,0,0,0,0
TLM_RCV,-61,FG-ALPHA,20240415_084826,AUTO,0,32.49,36.00,-85,99.22,8.31,3.30,5.02,4.95,5.01,0,498,0,348,22.49,1013.20,11.80,405.00,13.31,93.10,1080,0,0,0,0,0
TLM_RCV,-86,FG-ALPHA,20240415_084827,AUTO,0,31.05,34.00,-85,99.26,8.32,3.31,5.02,4.94,5.02,823,409,0,267,22.07,1013.20,12.00,405.00,13.31,93.10,1080,0,0,0,0,0
TLM_RCV,-81,FG-ALPHA,20240415_084828,AUTO,0,32.49,32.00,-85,99.21,8.31,3.31,5.02,4.95,5.01,0,498,0,339,22.49,1012.70,12.10,404.60,13.31,93.10,1080,0,0,0,0,0
TLM_RCV,-68,FG-ALPHA,20240415_084829,AUTO,0,31.35,30.00,-85,99.26,8.31,3.30,5.02,4.95,5.01,943,470,0,328,22.36,1012.90,11.90,404.90,13.31,93.10,1080,0,0,0,0,0
TLM_RCV,-67,FG-ALPHA,20240415_084830,AUTO,1,36.81,31.50,-85,99.24,8.21,3.31,4.92,4.96,5.02,1017,1163,666,339,20.73,1013.00,11.80,405.30,13.31,93.25,1080,0,0,0,0,0
TLM_RCV,-85,FG-ALPHA,20240415_084831,AUTO,1,35.37,33.00,-85,99.12,8.19,3.29,4.87,4.97,5.02,0,1273,778,347,26.36,1013.40,12.10,405.20,13.31,93.40,1080,0,0,0,0,1
TLM_RCV,-45,FG-ALPHA,20240415_084832,AUTO,1,36.74,34.50,-85,99.08,8.21,3.28,4.93,4.97,5.01,813,1147,653,349,21.67,1013.00,12.00,406.20,13.31,93.55,1080,0,0,0,0,0
TLM_RCV,-88,FG-ALPHA,20240415_084833,AUTO,1,37.21,36.00,-85,98.96,8.19,3.29,4.85,4.95,5.01,0,1242,797,287,26.21,1013.10,11.90,404.50,13.31,93.70,1080,0,0,0,0,0
TLM_RCV,-57,FG-ALPHA,20240415_084834,AUTO,1,34.97,37.50,-85,98.92,8.20,3.28,4.87,4.96,5.01,802,1193,689,346,21.95,1012.90,12.10,406.00,13.31,93.85,1080,0,1,0,0,0
TLM_RCV,-40,FG-ALPHA,20240415_084835,AUTO,1,35.64,39.00,-85,98.91,8.20,3.28,4.94,4.94,5.01,1069,1128,723,255,20.30,1013.20,12.00,405.30,13.32,94.00,1080,0,0,0,0,0
TLM_RCV,-85,FG-ALPHA,20240415_084836,AUTO,1,34.61,40.50,-85,98.80,8.20,3.30,4.92,4.97,5.01,0,1122,730,250,25.61,1013.50,11.90,405.10,13.32,94.15,1080,0,0,0,0,0
TLM_RCV,-53,FG-ALPHA,20240415_084837,AUTO,1,36.38,42.00,-85,98.69,8.21,3.30,4.91,4.96,5.02,0,1075,642,286,25.37,1012.80,12.00,405.70,13.32,94.30,1080,0,0,0,0,0
TLM_RCV,-79,FG-ALPHA,20240415_084838,AUTO,1,35.34,43.50,-85,98.66,8.18,3.31,4.93,4.94,5.01,899,1268,798,328,21.84,1013.50,11.80,405.10,13.32,94.45,1080,0,0,0,0,0
TLM_RCV,-43,FG-ALPHA,20240415_084839,AUTO,0,32.42,41.50,-85,98.71,8.30,3.31,5.02,4.96,5.02,1000,484,0,339,22.58,1012.80,12.00,406.40,13.32,94.45,1080,0,0,0,0,0
TLM_RCV,-62,FG-ALPHA,20240415_084840,AUTO,1,34.90,43.00,-85,98.70,8.19,3.29,4.92,4.94,5.02,1144,1181,744,279,20.18,1013.60,11.90,404.70,13.32,94.60,1080,0,0,0,0,0
TLM_RCV,-74,FG-ALPHA,20240415_084841,AUTO,1,35.11,44.50,-85,98.68,8.19,3.29,4.85,4.97,5.01,1000,1222,779,291,21.11,1013.30,12.00,405.10,13.32,94.75,1080,0,0,0,0,0
TLM_RCV,-89,FG-ALPHA,20240415_084842,AUTO,1,35.89,46.00,-85,98.56,8.19,3.30,4.89,4.96,5.02,0,1178,744,279,25.89,1012.70,11.80,405.80,13.32,94.90,1080,0,0,0,0,0
TLM_RCV,-95,FG-ALPHA,20240415_084843,AUTO,1,35.44,47.50,-85,98.55,8.20,3.28,4.85,4.95,5.01,912,1087,600,334,20.87,1013.00,12.00,404.90,13.32,95.05,1080,0,0,0,0,0
TLM_RCV,-89,FG-ALPHA,20240415_084844,AUTO,0,31.34,45.50,-85,98.59,8.30,3.29,5.02,4.97,5.02,873,468,0,318,22.02,1012.70,11.90,404.70,13.32,95.05,1080,0,0,0,0,0
TLM_RCV,-71,FG-ALPHA,20240415_084845,AUTO,0,31.19,43.50,-85,98.54,8.30,3.31,5.02,4.96,5.02,0,438,0,286,22.19,1013.30,11.80,406.30,13.33,95.05,1080,0,0,0,0,0
TLM_RCV,-77,FG-ALPHA,20240415_084846,AUTO,0,31.06,41.50,-85,98.62,8.31,3.29,5.02,4.96,5.01,1199,411,0,265,23.94,1013.60,12.00,404.70,13.33,95.05,1080,0,0,0,0,0
TLM_RCV,-68,FG-ALPHA,20240415_084847,AUTO,0,32.42,39.50,-85,98.68,8.30,3.30,5.02,4.94,5.01,1018,483,0,340,22.67,1012.70,12.00,405.00,13.33,95.05,1080,0,0,0,0,0
TLM_RCV,-44,FG-ALPHA,20240415_084848,AUTO,0,32.15,37.50,-85,98.75,8.31,3.28,5.02,4.97,5.01,1131,429,0,276,23.51,1013.10,12.00,405.10,13.33,95.05,1080,0,0,0,0,0
TLM_RCV,-63,FG-ALPHA,20240415_084849,AUTO,0,31.47,35.50,-85,98.80,8.30,3.30,5.02,4.94,5.02,1060,493,0,347,22.83,1013.60,12.00,405.70,13.33,95.05,1080,0,0,0,0,0
TLM_RCV,-52,FG-ALPHA,20240415_084911,AUTO,0,32.06,5.00,-85,100.00,8.34,3.31,5.02,4.97,5.01,1007,412,0,253,22.98,1012.80,12.00,404.80,13.35,95.05,1080,0,0,0,0,0
TLM_RCV,-83,FG-ALPHA,20240415_084912,AUTO,0,33.04,5.00,-85,99.96,8.34,3.28,5.02,4.97,5.01,0,408,0,263,22.04,1013.30,12.00,406.40,13.35,95.05,1080,0,0,0,0,0
TLM_RCV,-49,FG-ALPHA,20240415_084913,AUTO,0,31.26,5.00,-85,100.00,8.33,3.30,5.02,4.97,5.01,838,452,0,301,21.93,1013.50,11.90,406.00,13.35,95.05,1080,0,0,0,0,0
TLM_RCV,-89,FG-ALPHA,20240415_084914,AUTO,0,33.44,5.00,-85,100.00,8.33,3.29,5.02,4.95,5.01,967,488,0,329,22.40,1013.60,11.90,404.80,13.35,95.05,1080,0,0,0,0,0
TLM_RCV,-50,FG-ALPHA,20240415_084915,AUTO,0,31.10,5.00,-85,100.00,8.34,3.30,5.02,4.94,5.01,901,420,0,273,22.41,1012.90,11.90,405.60,13.36,95.05,1080,0,0,0,0,0
TLM_RCV,-56,FG-ALPHA,20240415_084916,AUTO,0,32.38,5.00,-85,100.00,8.33,3.30,5.02,4.97,5.02,1057,475,0,332,22.91,1012.80,12.00,405.10,13.36,95.05,1080,0,0,0,0,0
TLM_RCV,-70,FG-ALPHA,20240415_084917,AUTO,0,33.04,5.00,-85,100.00,8.34,3.30,5.02,4.94,5.02,1081,408,0,260,23.36,1013.10,12.10,405.00,13.36,95.05,1080,0,0,0,0,0
TLM_RCV,-87,FG-ALPHA,20240415_084918,AUTO,1,34.77,6.50,-85,99.97,8.23,3.31,4.94,4.96,5.02,874,1154,715,299,21.40,1012.80,11.80,406.40,13.36,95.20,1080,0,0,0,1,1
TLM_RCV,-88,FG-ALPHA,20240415_084919,AUTO,1,34.53,8.00,-85,99.97,8.23,3.29,4.91,4.97,5.01,1093,1106,681,266,20.07,1012.80,11.80,404.70,13.36,95.35,1080,0,0,0,0,0
TLM_RCV,-88,FG-ALPHA,20240415_084920,AUTO,1,34.95,9.50,-85,99.94,8.22,3.31,4.90,4.96,5.01,905,1190,710,322,21.42,1012.70,12.00,405.80,13.36,95.50,1080,0,0,0,0,0
TLM_RCV,-48,FG-ALPHA,20240415_084921,AUTO,1,34.33,11.00,-85,99.94,8.24,3.31,4.90,4.95,5.02,1019,1067,649,263,20.24,1012.80,11.80,406.20,13.36,95.65,1080,0,0,0,0,0
TLM_RCV,-58,FG-ALPHA,20240415_084922,AUTO,1,36.83,12.50,-85,99.90,8.22,3.29,4.89,4.97,5.02,816,1167,683,328,21.75,1013.10,11.80,404.70,13.36,95.80,1080,0,0,0,0,0
TLM_RCV,-79,FG-ALPHA,20240415_084923,AUTO,1,34.64,14.00,-85,99.87,8.23,3.28,4.89,4.94,5.02,846,1128,711,271,21.41,1013.30,11.90,405.60,13.36,95.95,1080,0,0,0,0,0
TLM_RCV,-75,FG-ALPHA,20240415_084924,AUTO,1,34.92,15.50,-85,99.86,8.22,3.28,4.90,4.97,5.02,1041,1185,737,289,20.72,1013.10,11.90,404.90,13.36,96.10,1080,1,0,0,0,0
TLM_RCV,-61,FG-ALPHA,20240415_084925,AUTO,1,36.38,17.00,-85,99.87,8.24,3.31,4.85,4.95,5.01,1196,1075,648,286,20.60,1013.40,11.80,405.80,13.37,96.25,1080,0,0,0,0,0
TLM_RCV,-81,FG-ALPHA,20240415_084926,AUTO,1,35.61,18.50,-85,99.87,8.23,3.28,4.86,4.97,5.01,1110,1122,693,276,20.06,1012.80,11.90,405.30,13.37,96.40,1080,0,0,0,0,0
TLM_RCV,-66,FG-ALPHA,20240415_084927,AUTO,1,34.56,20.00,-85,99.86,8.23,3.31,4.88,4.97,5.02,981,1113,679,276,20.66,1013.50,12.10,406.40,13.37,96.55,1080,0,0,0,1,0
TLM_RCV,-41,FG-ALPHA,20240415_084928,AUTO,1,34.58,21.50,-85,99.86,8.23,3.31,4.86,4.96,5.01,1125,1117,621,346,20.04,1012.80,12.00,405.70,13.37,96.70,1080,0,0,0,0,0
TLM_RCV,-76,FG-ALPHA,20240415_084929,AUTO,1,36.69,23.00,-85,99.83,8.23,3.31,4.87,4.97,5.02,811,1138,678,314,21.64,1012.80,12.10,405.10,13.37,96.85,1080,0,0,0,0,0
TLM_RCV,-63,FG-ALPHA,20240415_084930,AUTO,1,36.71,24.50,-85,99.81,8.22,3.29,4.91,4.96,5.01,999,1141,730,253,20.71,1012.90,12.10,404.60,13.37,97.00,1080,0,0,0,0,0
TLM_RCV,-64,FG-ALPHA,20240415_084931,AUTO,1,36.18,26.00,-85,99.77,8.21,3.28,4.88,4.97,5.01,830,1236,760,328,22.03,1013.20,12.10,405.00,13.37,97.15,1080,0,0,0,0,0
TLM_RCV,-78,FG-ALPHA,20240415_084932,AUTO,1,35.63,27.50,-85,99.77,8.23,3.28,4.93,4.97,5.02,1153,1126,709,276,20.14,1012.80,11.80,404.60,13.37,97.30,1080,0,0,0,0,0
TLM_RCV,-79,FG-ALPHA,20240415_084933,AUTO,1,35.56,29.00,-85,99.77,8.23,3.29,4.89,4.97,5.02,1038,1113,675,280,20.37,1013.00,11.90,406.00,13.37,97.45,1080,0,0,0,0,0
TLM_RCV,-84,FG-ALPHA,20240415_084934,AUTO,0,31.43,27.00,-85,99.81,8.32,3.31,5.02,4.97,5.01,970,487,0,339,22.42,1013.10,12.10,406.30,13.37,97.45,1080,0,0,0,0,0
TLM_RCV,-44,FG-ALPHA,20240415_084935,AUTO,0,31.27,25.00,-85,99.88,8.33,3.30,5.02,4.97,5.01,1143,454,0,305,23.44,1013.50,12.00,406.10,13.38,97.45,1080,0,0,0,0,0
TLM_RCV,-41,FG-ALPHA,20240415_084936,AUTO,0,33.49,23.00,-85,99.95,8.32,3.30,5.02,4.97,5.02,1145,499,0,346,23.23,1013.40,11.80,406.10,13.38,97.45,1080,0,0,0,0,0
TLM_RCV,-85,FG-ALPHA,20240415_084937,AUTO,0,33.28,21.00,-85,100.00,8.33,3.30,5.02,4.94,5.01,1115,457,0,301,23.29,1012.70,11.90,406.40,13.38,97.45,1080,0,0,0,0,0
TLM_RCV,-78,FG-ALPHA,20240415_084938,AUTO,0,33.32,19.00,-85,100.00,8.33,3.30,5.02,4.95,5.02,1036,464,0,321,22.86,1013.60,11.80,405.40,13.38,97.45,1080,0,0,0,0,0
TLM_RCV,-47,FG-ALPHA,20240415_084939,AUTO,0,31.33,17.00,-85,100.00,8.33,3.31,5.02,4.97,5.01,915,466,0,317,22.25,1013.20,11.80,406.00,13.38,97.45,1080,0,0,0,0,0
TLM_RCV,-84,FG-ALPHA,20240415_084940,AUTO,0,33.40,15.00,-85,100.00,8.33,3.30,5.02,4.95,5.02,875,480,0,340,21.98,1013.00,11.90,405.90,13.38,97.45,1080,0,0,0,0,0
TLM_RCV,-63,FG-ALPHA,20240415_084941,AUTO,0,31.37,13.00,-85,100.00,8.33,3.31,5.02,4.94,5.02,1077,474,0,316,23.01,1013.20,11.90,405.60,13.38,97.45,1080,0,0,0,0,0
TLM_RCV,-72,FG-ALPHA,20240415_084942,AUTO,0,33.05,11.00,-85,100.00,8.34,3.28,5.02,4.95,5.02,1010,410,0,270,23.00,1013.60,11.80,405.30,13.38,97.45,1080,0,0,0,0,0
TLM_RCV,-70,FG-ALPHA,20240415_084943,AUTO,0,32.49,9.00,-85,100.00,8.33,3.29,5.02,4.96,5.02,1187,498,0,339,23.44,1013.10,12.10,405.00,13.38,97.45,1080,0,0,0,0,0
TLM_RCV,-93,FG-ALPHA,20240415_084944,AUTO,0,32.12,7.00,-85,100.00,8.34,3.31,5.02,4.95,5.02,930,424,0,265,22.53,1013.10,11.80,406.40,13.38,97.45,1080,0,0,0,0,0
TLM_RCV,-56,FG-ALPHA,20240415_084945,AUTO,0,33.39,5.00,-85,100.00,8.33,3.30,5.02,4.96,5.02,822,478,0,334,21.72,1013.30,12.00,405.20,13.39,97.45,1080,0,0,0,0,0
TLM_RCV,-60,FG-ALPHA,20240415_084946,AUTO,1,35.38,6.50,-85,99.99,8.24,3.29,4.94,4.96,5.01,941,1075,602,327,20.67,1013.40,12.10,405.00,13.39,97.60,1080,0,0,0,0,1
TLM_RCV,-76,FG-ALPHA,20240415_084947,AUTO,1,35.26,8.00,-85,99.86,8.21,3.29,4.85,4.94,5.02,0,1251,782,319,26.26,1012.70,11.80,404.70,13.39,97.75,1080,0,0,0,0,0
TLM_RCV,-84,FG-ALPHA,20240415_084948,AUTO,1,36.68,9.50,-85,99.84,8.23,3.29,4.93,4.97,5.02,965,1136,738,252,20.85,1013.40,12.00,405.30,13.39,97.90,1080,0,0,0,0,0
TLM_RCV,-56,FG-ALPHA,20240415_084949,AUTO,1,36.65,11.00,-85,99.73,8.22,3.29,4.86,4.94,5.02,0,1131,715,274,25.66,1013.00,12.10,406.30,13.39,98.05,1080,0,0,1,0,0
TLM_RCV,-56,FG-ALPHA,20240415_084950,AUTO,1,35.87,12.50,-85,99.72,8.22,3.31,4.90,4.97,5.02,1105,1174,719,304,20.34,1012.90,12.00,405.60,13.39,98.20,1080,0,0,0,0,0
TLM_RCV,-66,FG-ALPHA,20240415_084951,AUTO,0,32.47,10.50,-85,99.78,8.32,3.30,5.02,4.96,5.02,1010,493,0,346,22.59,1013.40,11.90,404.60,13.39,98.20,1080,0,0,0,0,0
TLM_RCV,-61,FG-ALPHA,20240415_085013,AUTO,0,31.24,5.00,-85,100.00,8.33,3.28,5.02,4.95,5.02,950,447,0,303,22.51,1013.40,11.90,404.50,13.41,98.20,1080,0,0,0,0,0
TLM_RCV,-91,FG-ALPHA,20240415_085014,AUTO,0,33.12,5.00,-85,100.00,8.34,3.28,5.02,4.94,5.02,1058,424,0,273,23.17,1012.80,12.10,405.00,13.41,98.20,1080,0,0,0,0,0
TLM_RCV,-53,FG-ALPHA,20240415_085015,AUTO,0,32.15,5.00,-85,100.00,8.34,3.28,5.02,4.96,5.02,1108,429,0,275,23.40,1012.70,12.10,404.90,13.42,98.20,1080,0,0,0,0,0
TLM_RCV,-75,FG-ALPHA,20240415_085016,AUTO,0,32.17,5.00,-85,100.00,8.33,3.31,5.02,4.94,5.01,1033,434,0,283,22.99,1013.10,11.80,405.70,13.42,98.20,1080,0,0,0,0,0
TLM_RCV,-88,FG-ALPHA,20240415_085017,AUTO,0,33.28,5.00,-85,100.00,8.33,3.30,5.02,4.97,5.02,910,455,0,313,22.27,1013.30,11.80,405.40,13.42,98.20,1080,0,0,0,0,0
TLM_RCV,-81,FG-ALPHA,20240415_085018,AUTO,0,32.15,5.00,-85,100.00,8.34,3.30,5.02,4.97,5.02,1141,430,0,284,23.56,1012.70,11.80,405.20,13.42,98.20,1080,0,0,0,0,0
TLM_RCV,-74,FG-ALPHA,20240415_085019,AUTO,0,33.08,5.00,-85,99.96,8.34,3.28,5.02,4.97,5.02,0,415,0,265,22.08,1013.00,11.90,406.20,13.42,98.20,1080,0,0,0,0,0
TLM_RCV,-80,FG-ALPHA,20240415_085020,AUTO,0,33.44,5.00,-85,99.91,8.32,3.31,5.02,4.96,5.01,0,487,0,334,22.43,1013.30,11.80,405.90,13.42,98.20,1080,0,0,0,0,0
TLM_RCV,-92,FG-ALPHA,20240415_085021,AUTO,0,31.50,5.00,-85,99.96,8.32,3.28,5.02,4.96,5.02,1008,500,0,344,22.54,1013.10,12.00,406.10,13.42,98.20,1080,0,0,0,0,0
TLM_RCV,-90,FG-ALPHA,20240415_085022,AUTO,0,32.35,5.00,-85,100.00,8.33,3.31,5.02,4.94,5.02,989,471,0,326,22.59,1012.70,11.80,405.10,13.42,98.20,1080,0,0,0,0,0
TLM_RCV,-95,FG-ALPHA,20240415_085023,AUTO,0,32.03,5.00,-85,100.00,8.34,3.31,5.02,4.95,5.01,1115,407,0,251,23.54,1013.40,11.90,405.30,13.42,98.20,1080,0,0,0,0,0
TLM_RCV,-41,FG-ALPHA,20240415_085024,AUTO,0,31.26,5.00,-85,100.00,8.33,3.29,5.02,4.97,5.01,876,453,0,303,22.11,1013.00,12.10,404.70,13.42,98.20,1080,0,0,0,0,0
TLM_RCV,-91,FG-ALPHA,20240415_085025,AUTO,0,31.02,5.00,-85,99.96,8.34,3.30,5.02,4.96,5.01,0,405,0,262,22.02,1013.60,11.80,404.70,13.43,98.20,1080,0,0,0,0,0
TLM_RCV,-75,FG-ALPHA,20240415_085026,AUTO,0,32.33,5.00,-85,100.00,8.33,3.31,5.02,4.95,5.01,1165,465,0,315,23.50,1012.70,11.80,404.50,13.43,98.20,1080,0,0,0,0,0
TLM_RCV,-93,FG-ALPHA,20240415_085027,AUTO,0,32.13,5.00,-85,100.00,8.34,3.30,5.02,4.95,5.02,929,426,0,271,22.51,1013.60,12.00,405.30,13.43,98.20,1080,0,0,0,0,0
TLM_RCV,-82,FG-ALPHA,20240415_085028,AUTO,0,31.31,5.00,-85,100.00,8.33,3.28,5.02,4.96,5.02,1073,462,0,306,23.06,1013.50,12.10,405.50,13.43,98.20,1080,0,0,0,0,0
TLM_RCV,-55,FG-ALPHA,20240415_085029,AUTO,1,35.53,6.50,-85,99.98,8.23,3.31,4.90,4.97,5.02,947,1106,639,312,20.80,1013.40,11.90,404.60,13.43,98.35,1080,0,0,0,0,0
TLM_RCV,-52,FG-ALPHA,20240415_085030,AUTO,1,36.05,8.00,-85,99.96,8.22,3.31,4.89,4.96,5.01,1018,1210,780,283,20.96,1013.10,11.90,405.80,13.43,98.50,1080,0,0,0,0,0
TLM_RCV,-46,FG-ALPHA,20240415_085031,AUTO,0,31.02,6.00,-85,100.00,8.34,3.30,5.02,4.94,5.01,811,404,0,264,22.03,1013.00,11.80,406.20,13.43,98.50,1080,0,0,0,0,0
TLM_RCV,-86,FG-ALPHA,20240415_085032,AUTO,0,33.15,5.00,-85,100.00,8.34,3.28,5.02,4.97,5.02,884,431,0,281,22.26,1013.10,11.80,405.40,13.43,98.50,1080,0,0,0,0,0
TLM_RCV,-61,FG-ALPHA,20240415_085033,AUTO,0,31.07,5.00,-85,99.96,8.34,3.30,5.02,4.97,5.02,0,414,0,264,22.07,1013.40,12.10,406.30,13.43,98.50,1080,0,0,0,0,0
TLM_RCV,-49,FG-ALPHA,20240415_085034,AUTO,0,31.00,5.00,-85,99.92,8.34,3.30,5.02,4.95,5.01,0,401,0,260,22.00,1013.60,12.10,405.30,13.43,98.50,1080,0,0,0,0,0
TLM_RCV,-43,FG-ALPHA,20240415_085035,AUTO,0,31.04,5.00,-85,99.98,8.34,3.29,5.02,4.94,5.01,987,408,0,261,22.90,1012.70,12.10,405.10,13.44,98.50,1080,0,0,0,0,0
TLM_RCV,-63,FG-ALPHA,20240415_085036,AUTO,0,31.25,5.00,-85,100.00,8.33,3.29,5.02,4.95,5.01,887,450,0,310,22.18,1013.30,12.00,405.20,13.44,98.50,1080,0,0,0,0,0
TLM_RCV,-91,FG-ALPHA,20240415_085037,AUTO,0,33.51,5.00,-85,100.00,8.32,3.28,5.02,4.95,5.01,1023,502,0,346,22.60,1013.50,12.00,405.80,13.44,98.50,1080,0,0,0,0,0
TLM_RCV,-61,FG-ALPHA,20240415_085038,AUTO,1,34.49,6.50,-85,100.00,8.24,3.30,4.92,4.96,5.02,1196,1098,631,319,20.49,1013.60,12.10,405.30,13.44,98.65,1080,0,0,0,0,0
TLM_RCV,-68,FG-ALPHA,20240415_085039,AUTO,0,33.53,5.00,-85,100.00,8.32,3.29,5.02,4.97,5.02,893,507,0,349,21.93,1013.40,12.00,405.00,13.44,98.65,1080,0,0,0,0,0
TLM_RCV,-77,FG-ALPHA,20240415_085040,AUTO,0,31.45,5.00,-85,100.00,8.33,3.28,5.02,4.96,5.01,938,491,0,347,22.24,1013.00,12.10,404.50,13.44,98.65,1080,0,0,0,0,0
TLM_RCV,-80,FG-ALPHA,20240415_085041,AUTO,0,32.15,5.00,-85,100.00,8.34,3.30,5.02,4.95,5.01,1087,430,0,288,23.28,1013.50,11.80,405.70,13.44,98.65,1080,0,0,0,0,0
TLM_RCV,-40,FG-ALPHA,20240415_085042,AUTO,0,32.22,5.00,-85,100.00,8.33,3.28,5.02,4.97,5.02,1194,445,0,305,23.75,1013.60,12.10,405.60,13.44,98.65,1080,0,0,0,0,0
TLM_RCV,-66,FG-ALPHA,20240415_085043,AUTO,0,33.25,5.00,-85,100.00,8.33,3.30,5.02,4.95,5.02,876,450,0,304,22.13,1013.40,11.80,406.30,13.44,98.65,1080,0,0,0,0,0
TLM_RCV,-85,FG-ALPHA,20240415_085044,AUTO,0,31.50,5.00,-85,100.00,8.33,3.28,5.02,4.95,5.01,1048,499,0,347,22.75,1012.70,12.00,405.60,13.44,98.65,1080,0,0,0,0,0
TLM_RCV,-60,FG-ALPHA,20240415_085045,AUTO,0,31.04,5.00,-85,99.96,8.34,3.29,5.02,4.95,5.02,0,408,0,256,22.04,1012.90,12.10,406.10,13.45,98.65,1080,0,0,0,0,0
TLM_RCV,-43,FG-ALPHA,20240415_085046,AUTO,0,32.41,5.00,-85,99.91,8.33,3.31,5.02,4.94,5.01,0,482,0,338,22.41,1013.50,11.80,405.20,13.45,98.65,1080,0,0,0,0,0
TLM_RCV,-40,FG-ALPHA,20240415_085047,AUTO,0,31.37,5.00,-85,99.98,8.33,3.28,5.02,4.96,5.02,1131,475,0,316,23.28,1013.60,11.80,405.60,13.45,98.65,1080,0,0,0,0,0
TLM_RCV,-73,FG-ALPHA,20240415_085048,AUTO,0,33.22,5.00,-85,100.00,8.33,3.28,5.02,4.95,5.02,1052,444,0,290,23.04,1013.30,11.80,405.90,13.45,98.65,1080,0,0,0,0,0
TLM_RCV,-91,FG-ALPHA,20240415_085049,AUTO,0,33.38,5.00,-85,99.95,8.33,3.30,5.02,4.97,5.01,0,476,0,320,22.38,1012.80,12.00,406.20,13.45,98.65,1080,0,0,0,0,0
TLM_RCV,-45,FG-ALPHA,20240415_085050,AUTO,0,33.42,5.00,-85,99.99,8.33,3.28,5.02,4.94,5.01,896,485,0,334,22.06,1013.40,11.80,405.60,13.45,98.65,1080,0,0,0,0,0
TLM_RCV,-90,FG-ALPHA,20240415_085051,AUTO,1,36.08,6.50,-85,99.99,8.22,3.29,4.88,4.97,5.02,1135,1216,732,344,20.41,1013.00,12.00,406.20,13.45,98.80,1080,0,0,0,0,0
TLM_RCV,-93,FG-ALPHA,20240415_085052,AUTO,1,36.10,8.00,-85,99.98,8.22,3.29,4.87,4.97,5.01,1141,1219,744,317,20.39,1013.00,12.10,404.60,13.45,98.95,1080,0,0,0,0,0
TLM_RCV,-72,FG-ALPHA,20240415_085053,AUTO,1,37.23,9.50,-85,99.85,8.21,3.31,4.94,4.94,5.01,0,1246,768,324,26.23,1013.40,12.00,404.90,13.45,99.10,1080,0,1,1,1,0
TLM_RCV,-44,FG-ALPHA,20240415_085115,AUTO,0,32.03,5.00,-85,100.00,8.34,3.28,5.02,4.97,5.02,1146,406,0,253,23.70,1013.20,11.90,406.20,13.48,99.25,1080,0,0,0,0,0
TLM_RCV,-66,FG-ALPHA,20240415_085116,AUTO,0,31.29,5.00,-85,100.00,8.33,3.28,5.02,4.94,5.02,900,458,0,317,22.21,1013.20,11.80,405.90,13.48,99.25,1080,0,0,0,0,0
TLM_RCV,-57,FG-ALPHA,20240415_085117,AUTO,0,32.15,5.00,-85,100.00,8.34,3.28,5.02,4.95,5.02,828,431,0,278,21.99,1013.60,11.90,405.10,13.48,99.25,1080,0,0,0,0,0
TLM_RCV,-67,FG-ALPHA,20240415_085118,AUTO,0,32.13,5.00,-85,100.00,8.34,3.28,5.02,4.95,5.02,1150,427,0,273,23.61,1012.90,12.00,405.00,13.48,99.25,1080,0,0,0,0,0
TLM_RCV,-52,FG-ALPHA,20240415_085119,AUTO,0,32.47,5.00,-85,100.00,8.33,3.28,5.02,4.95,5.02,1141,494,0,342,23.24,1013.30,11.80,404.90,13.48,99.25,1080,0,0,0,0,0
TLM_RCV,-77,FG-ALPHA,20240415_085120,AUTO,0,31.33,5.00,-85,100.00,8.33,3.28,5.02,4.96,5.02,1173,466,0,324,23.53,1012.90,12.00,405.20,13.48,99.25,1080,0,0,0,0,0
TLM_RCV,-72,FG-ALPHA,20240415_085121,AUTO,0,31.08,5.00,-85,100.00,8.34,3.28,5.02,4.95,5.01,1184,416,0,265,23.84,1013.20,11.90,406.20,13.48,99.25,1080,0,0,0,0,0
TLM_RCV,-82,FG-ALPHA,20240415_085122,AUTO,0,33.30,5.00,-85,99.95,8.33,3.31,5.02,4.95,5.02,0,460,0,317,22.30,1013.20,11.90,405.30,13.48,99.25,1080,0,0,0,0,0
TLM_RCV,-42,FG-ALPHA,20240415_085123,AUTO,0,31.26,5.00,-85,100.00,8.33,3.30,5.02,4.96,5.02,1085,452,0,310,23.17,1013.20,12.10,405.20,13.48,99.25,1080,0,0,0,0,0
TLM_RCV,-45,FG-ALPHA,20240415_085124,AUTO,0,33.10,5.00,-85,100.00,8.34,3.31,5.02,4.95,5.01,1138,421,0,269,23.58,1012.70,11.80,404.90,13.48,99.25,1080,0,0,0,0,0
TLM_RCV,-85,FG-ALPHA,20240415_085125,AUTO,0,31.26,5.00,-85,99.95,8.33,3.28,5.02,4.95,5.02,0,453,0,313,22.26,1012.80,11.80,405.50,13.49,99.25,1080,0,0,0,0,0
TLM_RCV,-41,FG-ALPHA,20240415_085126,AUTO,0,32.42,5.00,-85,100.00,8.33,3.31,5.02,4.96,5.01,1104,483,0,335,23.10,1013.00,12.00,405.30,13.49,99.25,1080,0,0,0,0,0
TLM_RCV,-79,FG-ALPHA,20240415_085127,AUTO,0,31.06,5.00,-85,99.96,8.34,3.30,5.02,4.95,5.02,0,411,0,260,22.06,1012.90,11.90,405.70,13.49,99.25,1080,0,0,0,0,0
TLM_RCV,-47,FG-ALPHA,20240415_085128,AUTO,1,34.38,6.50,-85,99.97,8.24,3.29,4.94,4.96,5.02,1176,1076,658,270,20.50,1013.10,12.00,406.00,13.49,99.40,1080,0,0,0,0,0
TLM_RCV,-44,FG-ALPHA,20240415_085129,AUTO,1,36.17,8.00,-85,99.95,8.21,3.28,4.93,4.97,5.02,1023,1233,743,331,21.05,1013.30,12.10,406.10,13.49,99.55,1080,0,0,0,0,0
TLM_RCV,-56,FG-ALPHA,20240415_085130,AUTO,1,35.26,9.50,-85,99.94,8.21,3.31,4.92,4.97,5.02,1188,1252,764,347,20.32,1013.00,12.10,406.00,13.49,99.70,1080,0,0,0,0,0
TLM_RCV,-93,FG-ALPHA,20240415_085131,AUTO,1,36.60,11.00,-85,99.92,8.23,3.29,4.86,4.96,5.01,871,1121,723,253,21.25,1013.60,11.90,405.40,13.49,99.85,1080,0,0,0,0,0
TLM_RCV,-40,FG-ALPHA,20240415_085132,AUTO,1,34.79,12.50,-85,99.89,8.22,3.30,4.90,4.97,5.01,915,1159,735,282,21.22,1013.50,12.10,406.20,13.49,100.00,1080,0,1,1,1,0
TLM_RCV,-78,FG-ALPHA,20240415_085133,AUTO,0,31.49,10.50,-85,99.92,8.32,3.30,5.02,4.96,5.01,806,498,0,339,21.54,1012.90,11.80,405.20,13.49,100.00,1080,0,0,0,0,0
TLM_RCV,-64,FG-ALPHA,20240415_085134,AUTO,0,33.01,8.50,-85,99.96,8.34,3.28,5.02,4.96,5.01,811,402,0,256,22.05,1012.90,11.90,404.60,13.49,100.00,1080,0,0,0,0,0
TLM_RCV,-57,FG-ALPHA,20240415_085135,AUTO,0,33.18,6.50,-85,100.00,8.33,3.29,5.02,4.95,5.02,1116,436,0,288,23.40,1013.50,12.10,406.10,13.50,100.00,1080,0,0,0,0,0
TLM_RCV,-48,FG-ALPHA,20240415_085136,AUTO,1,36.88,8.00,-85,99.97,8.22,3.28,4.94,4.97,5.01,843,1177,763,256,21.67,1013.40,11.80,405.90,13.50,100.00,1080,0,0,0,0,0
TLM_RCV,-81,FG-ALPHA,20240415_085137,AUTO,1,35.37,9.50,-85,99.95,8.21,3.28,4.87,4.95,5.01,1064,1273,782,340,21.05,1012.90,12.10,406.00,13.50,100.00,1080,0,0,0,0,0
TLM_RCV,-89,FG-ALPHA,20240415_085138,AUTO,1,36.35,11.00,-85,99.84,8.24,3.28,4.86,4.97,5.01,0,1070,653,259,25.35,1013.20,12.10,406.00,13.50,100.00,1080,0,0,0,0,0
TLM_RCV,-40,FG-ALPHA,20240415_085139,AUTO,0,33.08,9.00,-85,99.91,8.34,3.28,5.02,4.94,5.01,1145,416,0,270,23.65,1013.50,12.10,405.30,13.50,100.00,1080,0,0,0,0,0
TLM_RCV,-52,FG-ALPHA,20240415_085140,AUTO,1,36.79,10.50,-85,99.80,8.22,3.29,4.90,4.95,5.02,0,1158,744,267,25.79,1012.80,11.80,405.60,13.50,100.00,1080,0,0,0,0,0
TLM_RCV,-60,FG-ALPHA,20240415_085141,AUTO,0,33.51,8.50,-85,99.75,8.32,3.29,5.02,4.96,5.01,0,501,0,348,22.50,1013.20,11.80,404.70,13.50,100.00,1080,0,0,0,0,0
TLM_RCV,-74,FG-ALPHA,20240415_085142,AUTO,0,32.40,6.50,-85,99.79,8.32,3.28,5.02,4.94,5.02,874,480,0,338,21.97,1013.00,12.10,405.30,13.50,100.00,1080,0,0,0,0,0
TLM_RCV,-67,FG-ALPHA,20240415_085143,AUTO,0,31.27,5.00,-85,99.82,8.33,3.29,5.02,4.95,5.02,844,454,0,301,21.95,1013.40,12.10,404.50,13.50,100.00,1080,0,0,0,0,0
TLM_RCV,-83,FG-ALPHA,20240415_085144,AUTO,0,32.47,5.00,-85,99.89,8.32,3.28,5.02,4.94,5.02,1187,493,0,346,23.47,1012.80,12.10,406.20,13.50,100.00,1080,0,0,0,0,0
TLM_RCV,-94,FG-ALPHA,20240415_085145,AUTO,0,33.09,5.00,-85,99.85,8.33,3.28,5.02,4.95,5.02,0,418,0,270,22.09,1013.10,11.80,405.70,13.51,100.00,1080,0,0,0,0,0
TLM_RCV,-85,FG-ALPHA,20240415_085146,AUTO,0,32.96,5.00,-85,99.89,8.34,3.30,5.02,4.97,5.02,802,391,0,250,22.06,1013.40,11.80,404.50,13.51,100.00,1080,0,0,0,0,0
TLM_RCV,-72,FG-ALPHA,20240415_085147,AUTO,0,31.19,5.00,-85,99.96,8.33,3.29,5.02,4.97,5.02,1077,438,0,286,23.19,1012.90,11.90,405.00,13.51,100.00,1080,0,0,0,0,0
TLM_RCV,-82,FG-ALPHA,20240415_085148,AUTO,0,33.31,5.00,-85,100.00,8.33,3.30,5.02,4.94,5.02,871,462,0,310,22.05,1013.20,12.10,405.00,13.51,100.00,1080,0,0,0,0,0
TLM_RCV,-75,FG-ALPHA,20240415_085149,AUTO,0,32.47,5.00,-85,100.00,8.33,3.31,5.02,4.97,5.02,873,495,0,337,21.89,1013.60,11.90,405.70,13.51,100.00,1080,0,0,0,0,0
TLM_RCV,-47,FG-ALPHA,20240415_085150,AUTO,0,31.35,5.00,-85,100.00,8.33,3.29,5.02,4.96,5.01,844,470,0,313,21.87,1012.80,12.10,405.60,13.51,100.00,1080,0,0,0,0,0
TLM_RCV,-71,FG-ALPHA,20240415_085151,AUTO,0,33.15,5.00,-85,100.00,8.34,3.30,5.02,4.94,5.02,1193,430,0,287,23.82,1013.10,11.90,404.60,13.51,100.00,1080,0,0,0,0,0
TLM_RCV,-91,FG-ALPHA,20240415_085152,AUTO,0,33.42,5.00,-85,100.00,8.33,3.29,5.02,4.96,5.01,1171,484,0,341,23.43,1013.30,11.90,404.90,13.51,100.00,1080,0,0,0,0,0
TLM_RCV,-73,FG-ALPHA,20240415_085153,AUTO,0,33.46,5.00,-85,99.95,8.33,3.29,5.02,4.94,5.01,0,491,0,341,22.45,1012.90,11.80,405.40,13.51,100.00,1080,0,0,0,0,0
TLM_RCV,-54,FG-ALPHA,20240415_085154,AUTO,1,36.88,6.50,-85,99.94,8.22,3.30,4.87,4.96,5.01,1042,1177,737,293,20.67,1013.60,11.90,405.40,13.51,100.00,1080,0,0,0,0,0
TLM_RCV,-91,FG-ALPHA,20240415_085155,AUTO,1,36.18,8.00,-85,99.91,8.21,3.30,4.92,4.97,5.01,937,1236,764,330,21.50,1013.40,12.10,406.10,13.52,100.00,1080,0,1,1,1,0
TLM_RCV,-60,FG-ALPHA,20240415_085217,AUTO,0,33.43,5.00,-85,100.00,8.33,3.29,5.02,4.97,5.01,1029,486,0,342,22.72,1013.30,12.00,404.80,13.54,100.00,1080,0,0,0,0,0
TLM_RCV,-50,FG-ALPHA,20240415_085218,AUTO,0,32.22,5.00,-85,100.00,8.33,3.29,5.02,4.96,5.02,1162,443,0,299,23.59,1013.00,12.00,404.80,13.54,100.00,1080,0,0,0,0,0
TLM_RCV,-70,FG-ALPHA,20240415_085219,AUTO,0,32.22,5.00,-85,100.00,8.33,3.31,5.02,4.94,5.02,856,443,0,301,22.07,1013.00,12.00,406.30,13.54,100.00,1080,0,0,0,0,0
TLM_RCV,-67,FG-ALPHA,20240415_085220,AUTO,0,33.28,5.00,-85,100.00,8.33,3.30,5.02,4.96,5.01,1120,456,0,310,23.32,1012.70,12.10,404.60,13.54,100.00,1080,0,0,0,0,0
TLM_RCV,-45,FG-ALPHA,20240415_085221,AUTO,0,32.28,5.00,-85,100.00,8.33,3.29,5.02,4.96,5.01,915,455,0,297,22.30,1012.90,11.80,406.10,13.54,100.00,1080,0,0,0,0,0
TLM_RCV,-92,FG-ALPHA,20240415_085222,AUTO,0,33.42,5.00,-85,100.00,8.33,3.29,5.02,4.96,5.01,1119,485,0,344,23.17,1013.60,12.00,406.10,13.54,100.00,1080,0,0,0,0,0
TLM_RCV,-50,FG-ALPHA,20240415_085223,AUTO,0,32.17,5.00,-85,100.00,8.33,3.31,5.02,4.97,5.02,1009,435,0,281,22.87,1013.50,12.10,405.40,13.54,100.00,1080,0,0,0,0,0
TLM_RCV,-72,FG-ALPHA,20240415_085224,AUTO,0,31.32,5.00,-85,99.95,8.33,3.31,5.02,4.97,5.01,0,464,0,323,22.32,1012.80,11.80,406.00,13.54,100.00,1080,0,0,0,0,0
TLM_RCV,-88,FG-ALPHA,20240415_085225,AUTO,0,31.31,5.00,-85,99.91,8.33,3.29,5.02,4.95,5.02,0,461,0,319,22.31,1012.70,11.90,405.90,13.55,100.00,1080,0,0,0,0,0
TLM_RCV,-90,FG-ALPHA,20240415_085226,AUTO,0,32.24,5.00,-85,99.97,8.33,3.30,5.02,4.94,5.02,1067,449,0,290,23.09,1013.60,12.10,406.40,13.55,100.00,1080,0,0,0,0,0
TLM_RCV,-91,FG-ALPHA,20240415_085227,AUTO,0,32.21,5.00,-85,100.00,8.33,3.30,5.02,4.96,5.01,1174,441,0,292,23.66,1013.10,11.80,404.70,13.55,100.00,1080,0,0,0,0,0
TLM_RCV,-48,FG-ALPHA,20240415_085228,AUTO,0,32.40,5.00,-85,100.00,8.33,3.28,5.02,4.97,5.01,1052,481,0,340,22.85,1012.90,12.10,406.30,13.55,100.00,1080,0,0,0,0,0
TLM_RCV,-75,FG-ALPHA,20240415_085229,AUTO,0,32.44,5.00,-85,100.00,8.33,3.29,5.02,4.96,5.01,986,487,0,339,22.50,1013.20,12.00,404.50,13.55,100.00,1080,0,0,0,0,0
TLM_RCV,-56,FG-ALPHA,20240415_085230,AUTO,0,31.08,5.00,-85,100.00,8.34,3.31,5.02,4.96,5.01,1192,415,0,259,23.89,1013.20,12.00,405.90,13.55,100.00,1080,0,0,0,0,0
TLM_RCV,-75,FG-ALPHA,20240415_085231,AUTO,0,32.13,5.00,-85,100.00,8.34,3.31,5.02,4.94,5.01,1079,426,0,268,23.26,1013.00,12.00,405.80,13.55,100.00,1080,0,0,0,0,0
TLM_RCV,-62,FG-ALPHA,20240415_085232,AUTO,0,32.42,5.00,-85,99.95,8.33,3.30,5.02,4.94,5.01,0,485,0,333,22.42,1013.00,12.10,405.30,13.55,100.00,1080,0,0,0,0,0
TLM_RCV,-70,FG-ALPHA,20240415_085233,AUTO,0,32.17,5.00,-85,99.99,8.33,3.28,5.02,4.94,5.01,852,433,0,279,22.09,1012.90,11.80,406.30,13.55,100.00,1080,0,0,0,0,0
TLM_RCV,-65,FG-ALPHA,20240415_085234,AUTO,0,31.17,5.00,-85,100.00,8.33,3.29,5.02,4.95,5.02,1118,435,0,287,23.42,1013.10,12.10,405.20,13.55,100.00,1080,0,0,0,0,0
TLM_RCV,-83,FG-ALPHA,20240415_085235,AUTO,0,31.25,5.00,-85,100.00,8.33,3.30,5.02,4.96,5.01,1104,451,0,311,23.26,1013.20,12.00,406.00,13.56,100.00,1080,0,0,0,0,0
TLM_RCV,-73,FG-ALPHA,20240415_085236,AUTO,0,32.99,5.00,-85,100.00,8.34,3.29,5.02,4.97,5.01,815,398,0,251,22.08,1013.20,11.90,405.50,13.56,100.00,1080,0,0,0,0,0
TLM_RCV,-82,FG-ALPHA,20240415_085237,AUTO,0,32.03,5.00,-85,100.00,8.34,3.29,5.02,4.97,5.01,1186,407,0,264,23.90,1013.20,11.90,404.70,13.56,100.00,1080,0,0,0,0,0
TLM_RCV,-92,FG-ALPHA,20240415_085238,AUTO,1,35.28,6.50,-85,99.98,8.24,3.31,4.90,4.94,5.02,882,1057,646,259,20.87,1013.60,11.90,406.30,13.56,100.00,1080,0,0,0,0,0
TLM_RCV,-56,FG-ALPHA,20240415_085239,AUTO,1,35.87,8.00,-85,99.87,8.22,3.29,4.91,4.95,5.01,0,1174,730,292,25.87,1013.60,12.10,405.00,13.56,100.00,1080,0,0,0,0,0
TLM_RCV,-61,FG-ALPHA,20240415_085240,AUTO,0,32.13,6.00,-85,99.90,8.33,3.29,5.02,4.94,5.02,814,426,0,285,21.94,1013.60,12.10,405.90,13.56,100.00,1080,0,0,0,0,0
TLM_RCV,-91,FG-ALPHA,20240415_085241,AUTO,0,32.22,5.00,-85,99.95,8.33,3.29,5.02,4.97,5.02,903,445,0,294,22.29,1013.60,11.80,404.90,13.56,100.00,1080,0,0,0,0,0
TLM_RCV,-60,FG-ALPHA,20240415_085242,AUTO,1,36.19,6.50,-85,99.91,8.21,3.28,4.90,4.96,5.01,866,1237,758,326,21.85,1012.90,11.80,406.40,13.56,100.00,1080,0,0,0,0,0
TLM_RCV,-67,FG-ALPHA,20240415_085243,AUTO,1,35.85,8.00,-85,99.91,8.22,3.30,4.86,4.96,5.01,1122,1171,704,319,20.25,1012.80,11.90,404.50,13.56,100.00,1080,0,0,0,0,0
TLM_RCV,-83,FG-ALPHA,20240415_085244,AUTO,1,37.23,9.50,-85,99.78,8.21,3.28,4.93,4.96,5.01,0,1246,798,289,26.23,1013.10,12.10,405.30,13.56,100.00,1080,0,0,0,0,0
TLM_RCV,-89,FG-ALPHA,20240415_085245,AUTO,1,35.38,11.00,-85,99.78,8.23,3.30,4.89,4.97,5.01,1002,1077,649,279,20.37,1013.40,12.00,406.40,13.57,100.00,1080,0,0,0,0,0
TLM_RCV,-75,FG-ALPHA,20240415_085246,AUTO,1,35.67,12.50,-85,99.75,8.22,3.31,4.87,4.95,5.02,839,1133,712,278,21.47,1012.80,12.00,404.50,13.57,100.00,1080,0,0,0,0,0
TLM_RCV,-83,FG-ALPHA,20240415_085247,AUTO,1,35.94,14.00,-85,99.63,8.21,3.29,4.91,4.94,5.01,0,1187,782,265,25.93,1013.50,12.00,405.50,13.57,100.00,1080,0,0,0,0,0
TLM_RCV,-75,FG-ALPHA,20240415_085248,AUTO,1,35.74,15.50,-85,99.62,8.22,3.31,4.87,4.94,5.02,1030,1148,705,291,20.59,1013.60,12.10,406.30,13.57,100.00,1080,0,0,0,0,0
TLM_RCV,-60,FG-ALPHA,20240415_085249,AUTO,1,35.26,17.00,-85,99.51,8.23,3.29,4.85,4.96,5.01,0,1053,605,308,25.26,1012.70,11.90,406.10,13.57,100.00,1080,0,0,1,0,0
TLM_RCV,-49,FG-ALPHA,20240415_085250,AUTO,1,36.06,18.50,-85,99.48,8.21,3.29,4.91,4.96,5.02,927,1211,744,327,21.42,1012.80,12.10,405.40,13.57,100.00,1080,0,0,0,0,0
TLM_RCV,-72,FG-ALPHA,20240415_085251,AUTO,1,36.60,20.00,-85,99.46,8.22,3.30,4.87,4.95,5.02,874,1121,632,347,21.24,1013.50,11.90,405.70,13.57,100.00,1080,0,0,0,0,0
TLM_RCV,-67,FG-ALPHA,20240415_085252,AUTO,0,31.12,18.00,-85,99.52,8.32,3.31,5.02,4.95,5.01,1068,424,0,266,23.22,1013.40,11.90,405.70,13.57,100.00,1080,0,0,0,0,0
TLM_RCV,-48,FG-ALPHA,20240415_085253,AUTO,0,32.16,16.00,-85,99.59,8.33,3.30,5.02,4.94,5.01,1069,432,0,292,23.18,1013.50,11.90,405.80,13.57,100.00,1080,0,0,0,0,0
TLM_RCV,-78,FG-ALPHA,20240415_085254,AUTO,0,31.34,14.00,-85,99.64,8.32,3.28,5.02,4.94,5.01,1058,468,0,317,22.95,1013.10,12.10,405.20,13.57,100.00,1080,0,0,0,0,0
TLM_RCV,-75,FG-ALPHA,20240415_085255,AUTO,0,31.15,12.00,-85,99.69,8.33,3.31,5.02,4.96,5.02,865,429,0,275,22.18,1013.30,12.10,405.00,13.58,100.00,1080,0,0,0,0,0
TLM_RCV,-45,FG-ALPHA,20240415_085256,AUTO,0,33.40,10.00,-85,99.64,8.32,3.30,5.02,4.97,5.01,0,479,0,327,22.40,1013.60,12.00,405.80,13.58,100.00,1080,0,0,0,0,0
TLM_RCV,-40,FG-ALPHA,20240415_085257,AUTO,0,31.37,8.00,-85,99.68,8.32,3.29,5.02,4.97,5.02,855,475,0,325,21.90,1013.10,11.90,405.70,13.58,100.00,1080,0,0,0,0,0
TLM_RCV,-49,FG-ALPHA,20240415_085319,AUTO,0,30.96,5.00,-85,100.00,8.34,3.30,5.02,4.95,5.01,1172,392,0,252,23.90,1013.10,11.80,406.30,13.60,100.00,1080,0,0,0,0,0
TLM_RCV,-62,FG-ALPHA,20240415_085320,AUTO,0,31.42,5.00,-85,100.00,8.33,3.29,5.02,4.95,5.01,1054,484,0,344,22.85,1013.00,12.00,404.60,13.60,100.00,1080,0,0,0,0,0
TLM_RCV,-48,FG-ALPHA,20240415_085321,AUTO,0,33.21,5.00,-85,100.00,8.33,3.28,5.02,4.97,5.02,1168,442,0,302,23.63,1013.30,12.00,405.50,13.60,100.00,1080,0,0,0,0,0
TLM_RCV,-42,FG-ALPHA,20240415_085322,AUTO,0,33.01,5.00,-85,100.00,8.34,3.30,5.02,4.95,5.01,1016,402,0,257,23.07,1012.80,11.80,404.60,13.60,100.00,1080,0,0,0,0,0
TLM_RCV,-43,FG-ALPHA,20240415_085323,AUTO,0,31.20,5.00,-85,99.96,8.33,3.30,5.02,4.97,5.02,0,441,0,298,22.20,1013.20,12.00,406.40,13.60,100.00,1080,0,0,0,0,0
TLM_RCV,-89,FG-ALPHA,20240415_085324,AUTO,0,32.03,5.00,-85,100.00,8.34,3.30,5.02,4.95,5.01,1177,405,0,252,23.86,1013.20,11.90,406.00,13.60,100.00,1080,0,0,0,0,0
TLM_RCV,-59,FG-ALPHA,20240415_085325,AUTO,0,33.30,5.00,-85,100.00,8.33,3.29,5.02,4.94,5.02,1178,460,0,306,23.59,1013.00,11.90,404.50,13.61,100.00,1080,0,0,0,0,0
TLM_RCV,-73,FG-ALPHA,20240415_085326,AUTO,1,36.04,6.50,-85,99.97,8.22,3.30,4.86,4.97,5.01,930,1208,736,318,21.39,1012.90,11.90,405.10,13.61,100.00,1080,0,0,0,0,0
TLM_RCV,-73,FG-ALPHA,20240415_085327,AUTO,1,34.36,8.00,-85,99.96,8.24,3.30,4.89,4.94,5.02,962,1072,662,269,20.55,1013.50,11.80,406.40,13.61,100.00,1080,0,0,1,1,1
TLM_RCV,-73,FG-ALPHA,20240415_085328,AUTO,1,35.24,9.50,-85,99.95,8.24,3.31,4.94,4.96,5.02,951,1047,600,288,20.48,1013.00,11.80,405.00,13.61,100.00,1080,0,0,0,0,0
TLM_RCV,-87,FG-ALPHA,20240415_085329,AUTO,1,36.53,11.00,-85,99.95,8.23,3.31,4.89,4.97,5.02,1042,1107,623,335,20.33,1013.10,11.90,405.70,13.61,100.00,1080,0,0,0,0,0
TLM_RCV,-52,FG-ALPHA,20240415_085330,AUTO,1,36.85,12.50,-85,99.83,8.22,3.29,4.94,4.95,5.01,0,1169,771,255,25.84,1013.40,12.10,406.00,13.61,100.00,1080,0,0,0,0,0
TLM_RCV,-41,FG-ALPHA,20240415_085331,AUTO,1,34.65,14.00,-85,99.82,8.23,3.30,4.93,4.95,5.02,1077,1129,675,304,20.26,1013.30,11.90,404.60,13.61,100.00,1080,0,0,0,0,0
TLM_RCV,-59,FG-ALPHA,20240415_085332,AUTO,1,36.70,15.50,-85,99.71,8.22,3.31,4.86,4.96,5.01,0,1140,737,251,25.70,1012.70,11.90,406.40,13.61,100.00,1080,0,0,0,1,1
TLM_RCV,-90,FG-ALPHA,20240415_085333,AUTO,0,32.42,13.50,-85,99.66,8.32,3.28,5.02,4.94,5.01,0,483,0,325,22.42,1013.50,12.10,405.80,13.61,100.00,1080,0,0,0,0,0
TLM_RCV,-66,FG-ALPHA,20240415_085334,AUTO,0,33.44,11.50,-85,99.70,8.32,3.30,5.02,4.95,5.01,850,487,0,331,21.82,1012.70,12.00,405.70,13.61,100.00,1080,0,0,0,0,0
TLM_RCV,-47,FG-ALPHA,20240415_085335,AUTO,0,33.15,9.50,-85,99.77,8.33,3.29,5.02,4.94,5.02,1113,430,0,285,23.42,1013.30,11.80,405.00,13.62,100.00,1080,0,0,0,0,0
TLM_RCV,-49,FG-ALPHA,20240415_085336,AUTO,0,31.34,7.50,-85,99.83,8.33,3.28,5.02,4.96,5.01,1100,469,0,323,23.16,1013.60,12.10,406.10,13.62,100.00,1080,0,0,0,0,0
TLM_RCV,-52,FG-ALPHA,20240415_085337,AUTO,0,33.46,5.50,-85,99.78,8.32,3.29,5.02,4.94,5.02,0,492,0,345,22.46,1013.50,12.10,405.30,13.62,100.00,1080,0,0,0,0,0
TLM_RCV,-72,FG-ALPHA,20240415_085338,AUTO,0,33.09,5.00,-85,99.84,8.33,3.30,5.02,4.97,5.02,986,418,0,266,22.84,1012.70,12.10,404.60,13.62,100.00,1080,0,0,0,0,0
TLM_RCV,-54,FG-ALPHA,20240415_085339,AUTO,1,35.97,6.50,-85,99.80,8.22,3.29,4.94,4.96,5.01,876,1193,762,277,21.58,1013.10,11.90,405.70,13.62,100.00,1080,0,0,0,0,0
TLM_RCV,-68,FG-ALPHA,20240415_085340,AUTO,1,36.13,8.00,-85,99.78,8.21,3.31,4.85,4.97,5.01,988,1225,793,291,21.18,1012.90,12.00,405.30,13.62,100.00,1080,0,0,0,0,0
TLM_RCV,-44,FG-ALPHA,20240415_085341,AUTO,0,31.45,6.00,-85,99.83,8.32,3.30,5.02,4.96,5.02,956,490,0,346,22.33,1013.40,11.90,405.30,13.62,100.00,1080,0,0,0,0,0
TLM_RCV,-57,FG-ALPHA,20240415_085342,AUTO,0,31.50,5.00,-85,99.88,8.32,3.29,5.02,4.94,5.02,1067,500,0,342,22.83,1013.10,11.90,406.10,13.62,100.00,1080,0,0,0,0,0
TLM_RCV,-55,FG-ALPHA,20240415_085343,AUTO,0,33.04,5.00,-85,99.94,8.34,3.29,5.02,4.95,5.01,942,408,0,252,22.67,1012.80,11.80,404.70,13.62,100.00,1080,0,0,0,0,0
TLM_RCV,-57,FG-ALPHA,20240415_085344,AUTO,1,34.83,6.50,-85,99.92,8.22,3.31,4.91,4.95,5.02,1011,1167,765,259,20.78,1013.50,11.90,405.80,13.62,100.00,1080,0,0,0,0,0
TLM_RCV,-72,FG-ALPHA,20240415_085345,AUTO,1,37.06,8.00,-85,99.91,8.22,3.29,4.93,4.95,5.02,1069,1212,768,301,20.72,1013.40,11.80,404.50,13.63,100.00,1080,0,0,0,0,0
TLM_RCV,-86,FG-ALPHA,20240415_085346,AUTO,1,36.94,9.50,-85,99.89,8.22,3.30,4.85,4.96,5.01,998,1189,795,253,20.95,1013.50,12.00,405.70,13.63,100.00,1080,0,0,0,0,0
TLM_RCV,-52,FG-ALPHA,20240415_085347,AUTO,0,33.49,7.50,-85,99.95,8.32,3.30,5.02,4.96,5.01,1099,499,0,349,23.00,1013.60,12.10,406.10,13.63,100.00,1080,0,0,0,0,0
TLM_RCV,-75,FG-ALPHA,20240415_085348,AUTO,0,32.03,5.50,-85,99.91,8.34,3.29,5.02,4.96,5.01,0,405,0,257,22.02,1013.30,12.00,405.20,13.63,100.00,1080,0,0,0,0,0
TLM_RCV,-47,FG-ALPHA,20240415_085349,AUTO,0,33.08,5.00,-85,99.95,8.34,3.28,5.02,4.95,5.02,877,417,0,268,22.30,1013.00,11.90,405.50,13.63,100.00,1080,0,0,0,0,0
TLM_RCV,-61,FG-ALPHA,20240415_085350,AUTO,0,32.98,5.00,-85,100.00,8.34,3.28,5.02,4.95,5.02,814,396,0,251,22.09,1013.40,12.10,406.30,13.63,100.00,1080,0,0,0,0,0
TLM_RCV,-79,FG-ALPHA,20240415_085351,AUTO,0,31.19,5.00,-85,100.00,8.33,3.30,5.02,4.95,5.01,934,439,0,296,22.48,1012.80,11.90,406.00,13.63,100.00,1080,0,0,0,0,0
TLM_RCV,-69,FG-ALPHA,20240415_085352,AUTO,1,36.69,6.50,-85,100.00,8.23,3.30,4.91,4.96,5.01,1141,1138,642,343,20.01,1013.40,12.10,406.40,13.63,100.00,1080,0,0,0,0,0
TLM_RCV,-95,FG-ALPHA,20240415_085353,AUTO,1,36.99,8.00,-85,100.00,8.22,3.29,4.88,4.97,5.02,1195,1197,772,270,20.01,1013.00,11.80,405.20,13.63,100.00,1080,0,0,0,0,0
TLM_RCV,-92,FG-ALPHA,20240415_085354,AUTO,0,32.40,6.00,-85,100.00,8.33,3.31,5.02,4.95,5.02,1037,481,0,326,22.78,1013.30,11.90,405.10,13.63,100.00,1080,0,0,0,0,0
TLM_RCV,-89,FG-ALPHA,20240415_085355,AUTO,0,31.18,5.00,-85,99.96,8.33,3.31,5.02,4.94,5.02,0,437,0,280,22.18,1012.70,11.80,405.60,13.64,100.00,1080,0,0,0,0,0
TLM_RCV,-65,FG-ALPHA,20240415_085356,AUTO,0,31.28,5.00,-85,100.00,8.33,3.29,5.02,4.97,5.01,977,457,0,301,22.60,1013.40,11.80,406.00,13.64,100.00,1080,0,0,0,0,0
TLM_RCV,-85,FG-ALPHA,20240415_085357,AUTO,0,31.40,5.00,-85,100.00,8.33,3.30,5.02,4.95,5.02,901,479,0,338,22.11,1013.00,12.10,405.40,13.64,100.00,1080,0,0,0,0,0
TLM_RCV,-86,FG-ALPHA,20240415_085358,AUTO,0,32.13,5.00,-85,100.00,8.34,3.28,5.02,4.95,5.01,999,427,0,279,22.86,1013.50,12.10,405.10,13.64,100.00,1080,0,0,0,0,0
TLM_RCV,-45,FG-ALPHA,20240415_085359,AUTO,0,32.22,5.00,-85,99.96,8.33,3.29,5.02,4.94,5.02,0,445,0,299,22.23,1013.50,11.80,405.00,13.64,100.00,1080,0,0,0,0,0
TLM_RCV,-57,FG-ALPHA,20240415_085421,AUTO,0,33.17,5.00,-85,100.00,8.34,3.29,5.02,4.95,5.01,1157,433,0,289,23.62,1012.90,12.10,405.80,13.66,100.00,1080,0,0,0,0,0
TLM_RCV,-78,FG-ALPHA,20240415_085422,AUTO,1,34.87,6.50,-85,100.00,8.22,3.28,4.85,4.96,5.02,1145,1174,696,334,20.15,1013.10,11.90,405.70,13.66,100.00,1080,1,1,1,0,0
TLM_RCV,-82,FG-ALPHA,20240415_085423,AUTO,1,34.35,8.00,-85,100.00,8.24,3.29,4.88,4.96,5.01,1056,1071,636,294,20.08,1012.70,12.00,404.90,13.66,100.00,1080,0,0,0,0,0
TLM_RCV,-64,FG-ALPHA,20240415_085424,AUTO,1,37.11,9.50,-85,99.98,8.22,3.30,4.91,4.96,5.02,1072,1222,770,296,20.75,1012.90,12.00,405.90,13.66,100.00,1080,0,0,0,0,0
TLM_RCV,-73,FG-ALPHA,20240415_085425,AUTO,1,36.89,11.00,-85,99.86,8.22,3.28,4.93,4.94,5.02,0,1178,755,268,25.89,1012.90,11.90,404.50,13.67,100.00,1080,0,0,0,0,0
TLM_RCV,-53,FG-ALPHA,20240415_085426,AUTO,1,35.30,12.50,-85,99.84,8.24,3.28,4.92,4.97,5.01,848,1060,654,266,21.06,1013.20,11.90,406.00,13.67,100.00,1080,0,0,0,0,0
TLM_RCV,-81,FG-ALPHA,20240415_085427,AUTO,1,35.80,14.00,-85,99.83,8.22,3.28,4.88,4.95,5.01,1091,1160,706,310,20.34,1012.80,11.90,405.60,13.67,100.00,1080,0,0,0,0,0
TLM_RCV,-62,FG-ALPHA,20240415_085428,AUTO,0,33.19,12.00,-85,99.88,8.33,3.31,5.02,4.94,5.01,866,437,0,293,22.15,1013.00,11.90,406.10,13.67,100.00,1080,0,0,0,0,0
TLM_RCV,-54,FG-ALPHA,20240415_085429,AUTO,0,32.42,10.00,-85,99.95,8.33,3.29,5.02,4.95,5.01,1171,484,0,344,23.43,1012.90,11.80,405.80,13.67,100.00,1080,0,0,0,0,0
TLM_RCV,-91,FG-ALPHA,20240415_085430,AUTO,0,33.15,8.00,-85,100.00,8.34,3.31,5.02,4.95,5.02,974,429,0,270,22.73,1013.20,11.90,404.90,13.67,100.00,1080,0,0,0,0,0
TLM_RCV,-62,FG-ALPHA,20240415_085431,AUTO,0,32.05,6.00,-85,100.00,8.34,3.28,5.02,4.96,5.01,1144,410,0,258,23.67,1012.70,11.80,405.70,13.67,100.00,1080,0,0,0,0,0
TLM_RCV,-40,FG-ALPHA,20240415_085432,AUTO,0,32.42,5.00,-85,100.00,8.33,3.31,5.02,4.96,5.02,843,483,0,340,21.80,1013.20,11.90,404.80,13.67,100.00,1080,0,0,0,0,0
TLM_RCV,-50,FG-ALPHA,20240415_085433,AUTO,0,32.18,5.00,-85,100.00,8.33,3.28,5.02,4.95,5.01,1035,436,0,287,22.99,1013.00,12.10,405.80,13.67,100.00,1080,0,0,0,0,0
TLM_RCV,-64,FG-ALPHA,20240415_085434,AUTO,0,31.48,5.00,-85,100.00,8.33,3.28,5.02,4.97,5.01,1060,496,0,339,22.82,1013.40,11.80,406.00,13.67,100.00,1080,0,0,0,0,0
TLM_RCV,-47,FG-ALPHA,20240415_085435,AUTO,0,33.33,5.00,-85,100.00,8.33,3.30,5.02,4.96,5.01,1061,465,0,316,22.98,1013.60,12.00,406.00,13.68,100.00,1080,0,0,0,0,0
TLM_RCV,-41,FG-ALPHA,20240415_085436,AUTO,0,33.13,5.00,-85,99.96,8.34,3.30,5.02,4.94,5.02,0,425,0,284,22.12,1013.60,11.90,404.80,13.68,100.00,1080,0,0,0,0,0
TLM_RCV,-94,FG-ALPHA,20240415_085437,AUTO,0,32.46,5.00,-85,99.99,8.33,3.29,5.02,4.96,5.02,836,491,0,333,21.73,1012.70,11.90,406.30,13.68,100.00,1080,0,0,0,0,0
TLM_RCV,-51,FG-ALPHA,20240415_085438,AUTO,1,36.71,6.50,-85,99.98,8.23,3.31,4.86,4.94,5.02,1069,1141,675,308,20.36,1013.50,12.00,405.40,13.68,100.00,1080,0,0,0,0,0
TLM_RCV,-43,FG-ALPHA,20240415_085439,AUTO,1,34.88,8.00,-85,99.87,8.22,3.31,4.91,4.94,5.02,0,1176,776,255,25.88,1013.40,11.90,404.50,13.68,100.00,1080,0,0,0,0,0
TLM_RCV,-50,FG-ALPHA,20240415_085440,AUTO,1,34.26,9.50,-85,99.87,8.24,3.31,4.91,4.95,5.01,1043,1053,629,271,20.05,1012.80,12.10,404.70,13.68,100.00,1080,0,0,1,1,1
TLM_RCV,-62,FG-ALPHA,20240415_085441,AUTO,1,35.28,11.00,-85,99.85,8.24,3.28,4.93,4.97,5.01,902,1056,625,283,20.77,1013.00,11.80,405.80,13.68,100.00,1080,0,0,0,0,0
TLM_RCV,-77,FG-ALPHA,20240415_085442,AUTO,1,36.43,12.50,-85,99.83,8.23,3.28,4.90,4.94,5.01,928,1086,692,250,20.79,1013.20,12.10,405.10,13.68,100.00,1080,1,1,0,0,0
TLM_RCV,-66,FG-ALPHA,20240415_085443,AUTO,0,33.47,10.50,-85,99.88,8.32,3.31,5.02,4.94,5.01,966,493,0,337,22.36,1013.50,11.80,405.80,13.68,100.00,1080,0,0,0,0,0
TLM_RCV,-46,FG-ALPHA,20240415_085444,AUTO,0,32.06,8.50,-85,99.95,8.34,3.28,5.02,4.97,5.01,1070,412,0,259,23.29,1012.80,12.00,406.00,13.68,100.00,1080,0,0,0,0,0
TLM_RCV,-82,FG-ALPHA,20240415_085445,AUTO,1,34.34,10.00,-85,99.92,8.24,3.30,4.92,4.95,5.01,811,1068,655,261,21.28,1013.20,11.80,404.90,13.69,100.00,1080,0,0,0,0,0
TLM_RCV,-49,FG-ALPHA,20240415_085446,AUTO,1,34.22,11.50,-85,99.92,8.24,3.28,4.88,4.94,5.02,989,1044,603,282,20.27,1013.40,11.90,405.00,13.69,100.00,1080,0,0,0,0,0
TLM_RCV,-85,FG-ALPHA,20240415_085447,AUTO,1,36.96,13.00,-85,99.91,8.22,3.31,4.86,4.94,5.01,1160,1192,764,288,20.16,1013.20,11.90,404.60,13.69,100.00,1080,0,0,0,0,0
TLM_RCV,-78,FG-ALPHA,20240415_085448,AUTO,1,36.19,14.50,-85,99.90,8.21,3.29,4.86,4.95,5.01,1140,1238,773,317,20.49,1013.40,11.90,405.30,13.69,100.00,1080,0,0,0,0,0
TLM_RCV,-56,FG-ALPHA,20240415_085449,AUTO,1,35.54,16.00,-85,99.88,8.23,3.29,4.90,4.95,5.02,876,1108,669,282,21.16,1012.70,11.80,404.70,13.69,100.00,1080,0,0,0,0,0
TLM_RCV,-95,FG-ALPHA,20240415_085450,AUTO,1,37.01,17.50,-85,99.87,8.22,3.30,4.94,4.95,5.01,1098,1203,726,321,20.52,1013.00,12.10,405.70,13.69,100.00,1080,0,0,0,0,0
TLM_RCV,-41,FG-ALPHA,20240415_085451,AUTO,0,31.25,15.50,-85,99.91,8.33,3.29,5.02,4.94,5.02,809,449,0,307,21.80,1013.50,12.00,406.00,13.69,100.00,1080,0,0,0,0,0
TLM_RCV,-41,FG-ALPHA,20240415_085452,AUTO,0,32.22,13.50,-85,99.86,8.33,3.28,5.02,4.95,5.01,0,444,0,302,22.22,1013.60,11.80,404.90,13.69,100.00,1080,0,0,0,0,0
TLM_RCV,-41,FG-ALPHA,20240415_085453,AUTO,0,33.43,11.50,-85,99.93,8.33,3.31,5.02,4.97,5.02,1189,486,0,346,23.51,1013.60,11.90,406.10,13.69,100.00,1080,0,0,0,0,0
TLM_RCV,-73,FG-ALPHA,20240415_085454,AUTO,0,32.99,9.50,-85,100.00,8.34,3.28,5.02,4.95,5.01,1137,397,0,252,23.70,1012.80,11.90,405.00,13.69,100.00,1080,0,0,0,0,0
TLM_RCV,-67,FG-ALPHA,20240415_085455,AUTO,1,34.25,11.00,-85,100.00,8.24,3.29,4.92,4.95,5.02,1052,1050,609,299,20.01,1013.20,12.00,404.60,13.70,100.00,1080,0,0,0,0,0
TLM_RCV,-49,FG-ALPHA,20240415_085456,AUTO,1,34.95,12.50,-85,99.96,8.22,3.31,4.86,4.95,5.01,815,1190,724,321,21.87,1012.70,12.00,404.50,13.70,100.00,1080,0,0,0,0,0
TLM_RCV,-74,FG-ALPHA,20240415_085457,AUTO,0,33.10,10.50,-85,100.00,8.34,3.31,5.02,4.97,5.02,1151,419,0,264,23.66,1012.70,11.90,406.20,13.70,100.00,1080,0,0,0,0,0
TLM_RCV,-84,FG-ALPHA,20240415_085458,AUTO,0,31.04,8.50,-85,99.96,8.34,3.31,5.02,4.94,5.01,0,408,0,259,22.04,1013.30,11.80,404.80,13.70,100.00,1080,0,0,0,0,0
TLM_RCV,-67,FG-ALPHA,20240415_085459,AUTO,0,31.35,6.50,-85,100.00,8.33,3.28,5.02,4.95,5.02,838,470,0,318,21.84,1013.00,12.10,405.10,13.70,100.00,1080,0,0,0,0,0
TLM_RCV,-59,FG-ALPHA,20240415_085500,AUTO,0,31.44,5.00,-85,99.95,8.33,3.28,5.02,4.94,5.01,0,489,0,337,22.44,1012.90,11.90,404.80,13.70,100.00,1080,0,0,0,0,0
TLM_RCV,-92,FG-ALPHA,20240415_085501,AUTO,0,32.37,5.00,-85,100.00,8.33,3.31,5.02,4.96,5.01,1092,473,0,316,23.09,1013.50,12.00,404.90,13.70,100.00,1080,0,0,0,0,0
TLM_RCV,-90,FG-ALPHA,20240415_085523,AUTO,0,33.42,5.00,-85,99.95,8.33,3.28,5.02,4.94,5.02,0,485,0,329,22.42,1012.80,11.90,404.70,13.72,100.00,1080,0,0,0,0,0
TLM_RCV,-76,FG-ALPHA,20240415_085524,AUTO,0,33.49,5.00,-85,100.00,8.33,3.29,5.02,4.95,5.02,1030,499,0,343,22.66,1013.10,12.10,405.30,13.72,100.00,1080,0,0,0,0,0
TLM_RCV,-53,FG-ALPHA,20240415_085525,AUTO,0,31.27,5.00,-85,99.95,8.33,3.30,5.02,4.95,5.02,0,455,0,303,22.27,1013.60,11.80,405.50,13.73,100.00,1080,0,0,0,0,0
TLM_RCV,-94,FG-ALPHA,20240415_085526,AUTO,1,36.95,6.50,-85,99.92,8.22,3.30,4.90,4.95,5.01,856,1190,733,308,21.67,1013.20,12.00,405.50,13.73,100.00,1080,0,0,0,0,0
TLM_RCV,-50,FG-ALPHA,20240415_085527,AUTO,1,35.85,8.00,-85,99.91,8.22,3.29,4.86,4.96,5.02,1047,1169,722,288,20.61,1012.70,12.10,404.80,13.73,100.00,1080,0,0,0,0,0
TLM_RCV,-57,FG-ALPHA,20240415_085528,AUTO,0,32.28,6.00,-85,99.97,8.33,3.30,5.02,4.95,5.02,1084,456,0,297,23.14,1013.10,12.00,404.80,13.73,100.00,1080,0,0,0,0,0
TLM_RCV,-76,FG-ALPHA,20240415_085529,AUTO,1,37.35,7.50,-85,99.94,8.21,3.30,4.91,4.97,5.02,969,1270,776,336,21.50,1012.70,11.90,405.10,13.73,100.00,1080,0,0,0,0,0
TLM_RCV,-84,FG-ALPHA,20240415_085530,AUTO,1,34.91,9.00,-85,99.82,8.22,3.31,4.87,4.94,5.02,0,1182,743,281,25.91,1012.90,12.00,404.60,13.73,100.00,1080,0,0,0,0,0
TLM_RCV,-61,FG-ALPHA,20240415_085531,AUTO,1,35.55,10.50,-85,99.80,8.23,3.31,4.90,4.96,5.01,890,1110,645,314,21.10,1012.90,11.90,406.30,13.73,100.00,1080,0,0,0,0,0
TLM_RCV,-52,FG-ALPHA,20240415_085532,AUTO,1,35.31,12.00,-85,99.80,8.24,3.31,4.94,4.96,5.02,1096,1061,657,254,20.17,1012.90,12.00,405.50,13.73,100.00,1080,0,0,0,0,0
TLM_RCV,-58,FG-ALPHA,20240415_085533,AUTO,0,31.12,10.00,-85,99.88,8.33,3.31,5.02,4.94,5.01,1188,425,0,269,23.82,1013.40,12.10,406.40,13.73,100.00,1080,0,0,0,0,0
TLM_RCV,-79,FG-ALPHA,20240415_085534,AUTO,0,32.19,8.00,-85,99.94,8.33,3.29,5.02,4.97,5.02,1062,438,0,298,23.12,1013.40,12.00,405.30,13.73,100.00,1080,0,0,0,0,0
TLM_RCV,-64,FG-ALPHA,20240415_085535,AUTO,0,33.04,6.00,-85,100.00,8.34,3.30,5.02,4.97,5.02,1143,408,0,268,23.67,1013.20,11.90,405.30,13.74,100.00,1080,0,0,0,0,0
TLM_RCV,-63,FG-ALPHA,20240415_085536,AUTO,0,31.40,5.00,-85,100.00,8.33,3.30,5.02,4.96,5.02,1149,479,0,336,23.35,1013.00,11.90,404.80,13.74,100.00,1080,0,0,0,0,0
TLM_RCV,-46,FG-ALPHA,20240415_085537,AUTO,0,33.28,5.00,-85,100.00,8.33,3.31,5.02,4.97,5.01,1102,456,0,315,23.23,1012.80,12.00,405.10,13.74,100.00,1080,0,0,0,0,0
TLM_RCV,-86,FG-ALPHA,20240415_085538,AUTO,0,33.42,5.00,-85,100.00,8.33,3.31,5.02,4.96,5.02,1120,484,0,342,23.18,1012.70,11.80,404.70,13.74,100.00,1080,0,0,0,0,0
TLM_RCV,-56,FG-ALPHA,20240415_085539,AUTO,0,32.44,5.00,-85,100.00,8.33,3.28,5.02,4.96,5.01,866,488,0,345,21.89,1012.90,11.90,405.90,13.74,100.00,1080,0,0,0,0,0
TLM_RCV,-82,FG-ALPHA,20240415_085540,AUTO,0,33.47,5.00,-85,99.95,8.32,3.31,5.02,4.96,5.01,0,493,0,348,22.47,1013.20,12.10,404.90,13.74,100.00,1080,0,0,0,0,0
TLM_RCV,-42,FG-ALPHA,20240415_085541,AUTO,1,36.17,6.50,-85,99.96,8.24,3.30,4.91,4.95,5.02,1137,1033,621,255,20.52,1012.70,11.80,405.20,13.74,100.00,1080,0,0,1,0,0
TLM_RCV,-91,FG-ALPHA,20240415_085542,AUTO,1,34.69,8.00,-85,99.85,8.23,3.31,4.85,4.96,5.02,0,1137,716,281,25.68,1013.40,12.00,404.50,13.74,100.00,1080,0,0,0,0,0
TLM_RCV,-47,FG-ALPHA,20240415_085543,AUTO,1,34.34,9.50,-85,99.82,8.24,3.29,4.92,4.94,5.01,829,1068,637,284,21.19,1013.10,12.00,406.10,13.74,100.00,1080,0,0,0,0,0
TLM_RCV,-71,FG-ALPHA,20240415_085544,AUTO,0,31.09,7.50,-85,99.89,8.33,3.30,5.02,4.95,5.02,1076,419,0,274,23.28,1012.80,11.90,405.60,13.74,100.00,1080,0,0,0,0,0
TLM_RCV,-55,FG-ALPHA,20240415_085545,AUTO,0,32.17,5.50,-85,99.93,8.33,3.29,5.02,4.96,5.01,801,434,0,290,21.84,1013.00,12.00,406.20,13.75,100.00,1080,0,0,0,0,0
TLM_RCV,-86,FG-ALPHA,20240415_085546,AUTO,0,31.10,5.00,-85,99.99,8.34,3.28,5.02,4.97,5.01,1062,420,0,265,23.21,1013.50,11.80,405.40,13.75,100.00,1080,0,0,0,0,0
TLM_RCV,-46,FG-ALPHA,20240415_085547,AUTO,0,31.27,5.00,-85,100.00,8.33,3.28,5.02,4.96,5.02,1024,454,0,312,22.85,1013.30,12.10,406.40,13.75,100.00,1080,0,0,0,0,0
TLM_RCV,-86,FG-ALPHA,20240415_085548,AUTO,0,31.35,5.00,-85,100.00,8.33,3.29,5.02,4.95,5.01,907,470,0,328,22.18,1013.60,11.80,405.10,13.75,100.00,1080,0,0,0,0,0
TLM_RCV,-41,FG-ALPHA,20240415_085549,AUTO,0,32.26,5.00,-85,100.00,8.33,3.28,5.02,4.96,5.02,928,453,0,306,22.37,1012.70,12.00,406.10,13.75,100.00,1080,0,0,0,0,0
TLM_RCV,-86,FG-ALPHA,20240415_085550,AUTO,0,32.20,5.00,-85,100.00,8.33,3.29,5.02,4.94,5.02,1058,440,0,281,23.09,1013.40,11.80,405.40,13.75,100.00,1080,0,0,0,0,0
TLM_RCV,-43,FG-ALPHA,20240415_085551,AUTO,0,33.22,5.00,-85,100.00,8.33,3.31,5.02,4.94,5.02,1078,444,0,291,23.17,1013.20,12.10,405.50,13.75,100.00,1080,0,0,0,0,0
TLM_RCV,-68,FG-ALPHA,20240415_085552,AUTO,0,31.29,5.00,-85,99.95,8.33,3.28,5.02,4.96,5.01,0,458,0,299,22.29,1013.10,12.10,406.20,13.75,100.00,1080,0,0,0,0,0
TLM_RCV,-91,FG-ALPHA,20240415_085553,AUTO,1,34.28,6.50,-85,99.85,8.24,3.29,4.94,4.96,5.01,0,1056,616,291,25.28,1013.60,11.80,405.40,13.75,100.00,1080,0,0,0,0,0
TLM_RCV,-60,FG-ALPHA,20240415_085554,AUTO,1,36.30,8.00,-85,99.84,8.24,3.31,4.92,4.96,5.02,979,1060,622,283,20.41,1013.30,11.80,406.00,13.75,100.00,1080,0,0,0,0,0
TLM_RCV,-69,FG-ALPHA,20240415_085555,AUTO,1,36.77,9.50,-85,99.82,8.22,3.29,4.94,4.94,5.02,961,1154,709,294,20.97,1013.40,12.00,405.30,13.76,100.00,1080,0,0,0,0,0
TLM_RCV,-91,FG-ALPHA,20240415_085556,AUTO,1,35.41,11.00,-85,99.80,8.23,3.29,4.87,4.95,5.01,873,1082,600,328,21.05,1013.00,12.10,405.60,13.76,100.00,1080,0,0,0,0,0
TLM_RCV,-86,FG-ALPHA,20240415_085557,AUTO,1,35.63,12.50,-85,99.78,8.23,3.28,4.94,4.94,5.01,890,1127,660,324,21.18,1013.00,11.80,406.10,13.76,100.00,1080,0,0,0,0,0
TLM_RCV,-84,FG-ALPHA,20240415_085558,AUTO,1,36.32,14.00,-85,99.76,8.23,3.29,4.87,4.95,5.02,939,1064,623,290,20.62,1013.20,11.90,405.30,13.76,100.00,1080,0,0,0,0,0
TLM_RCV,-49,FG-ALPHA,20240415_085559,AUTO,1,34.88,15.50,-85,99.75,8.22,3.30,4.88,4.94,5.01,1085,1177,729,296,20.46,1012.90,11.90,405.30,13.76,100.00,1080,0,0,0,0,0
TLM_RCV,-87,FG-ALPHA,20240415_085600,AUTO,1,35.89,17.00,-85,99.74,8.22,3.28,4.92,4.97,5.01,988,1178,676,343,20.95,1012.70,11.80,405.10,13.76,100.00,1080,0,0,0,1,0
TLM_RCV,-68,FG-ALPHA,20240415_085601,AUTO,0,33.10,15.00,-85,99.69,8.33,3.31,5.02,4.94,5.02,0,419,0,261,22.09,1013.00,12.00,406.20,13.76,100.00,1080,0,0,0,0,0
TLM_RCV,-61,FG-ALPHA,20240415_085602,AUTO,0,31.20,13.00,-85,99.75,8.33,3.28,5.02,4.97,5.01,1029,441,0,283,22.94,1013.60,11.80,405.80,13.76,100.00,1080,0,0,0,0,0
TLM_RCV,-86,FG-ALPHA,20240415_085603,AUTO,0,31.45,11.00,-85,99.80,8.32,3.31,5.02,4.97,5.01,948,490,0,346,22.29,1013.40,11.80,405.40,13.76,100.00,1080,0,0,0,0,0
TLM_RCV,-42,FG-ALPHA,20240415_085625,AUTO,1,35.19,6.50,-85,99.96,8.21,3.31,4.87,4.97,5.01,1008,1238,788,303,21.15,1012.70,12.10,404.60,13.79,100.00,1080,0,0,0,1,1
TLM_RCV,-40,FG-ALPHA,20240415_085626,AUTO,1,34.95,8.00,-85,99.84,8.22,3.30,4.94,4.96,5.02,0,1190,712,323,25.95,1012.90,11.90,405.10,13.79,100.00,1080,0,0,0,1,1
TLM_RCV,-57,FG-ALPHA,20240415_085627,AUTO,1,34.51,9.50,-85,99.83,8.23,3.28,4.93,4.95,5.02,1047,1103,689,261,20.28,1013.40,12.10,405.50,13.79,100.00,1080,0,0,0,0,0
TLM_RCV,-59,FG-ALPHA,20240415_085628,AUTO,1,35.09,11.00,-85,99.79,8.21,3.28,4.89,4.96,5.02,832,1218,758,317,21.93,1012.90,12.00,405.60,13.79,100.00,1080,0,0,0,0,0
TLM_RCV,-91,FG-ALPHA,20240415_085629,AUTO,0,32.18,9.00,-85,99.86,8.33,3.31,5.02,4.95,5.01,1135,436,0,295,23.50,1012.80,11.80,404.90,13.79,100.00,1080,0,0,0,0,0
TLM_RCV,-45,FG-ALPHA,20240415_085630,AUTO,1,34.67,10.50,-85,99.75,8.22,3.31,4.88,4.96,5.02,0,1134,635,343,25.67,1012.70,12.10,405.90,13.79,100.00,1080,0,0,0,0,0
TLM_RCV,-50,FG-ALPHA,20240415_085631,AUTO,0,31.47,8.50,-85,99.79,8.32,3.29,5.02,4.95,5.02,941,494,0,341,22.24,1013.40,11.90,405.90,13.79,100.00,1080,0,0,0,0,0
TLM_RCV,-66,FG-ALPHA,20240415_085632,AUTO,0,32.24,6.50,-85,99.86,8.33,3.31,5.02,4.94,5.02,1115,448,0,300,23.33,1013.60,12.10,404.50,13.79,100.00,1080,0,0,0,0,0
TLM_RCV,-40,FG-ALPHA,20240415_085633,AUTO,0,33.33,5.00,-85,99.92,8.33,3.31,5.02,4.96,5.02,1094,467,0,318,23.14,1013.60,12.10,405.90,13.79,100.00,1080,0,0,0,0,0
TLM_RCV,-41,FG-ALPHA,20240415_085634,AUTO,0,31.15,5.00,-85,99.98,8.34,3.30,5.02,4.96,5.02,1025,429,0,279,22.98,1012.90,11.90,404.50,13.79,100.00,1080,0,0,0,0,0
TLM_RCV,-49,FG-ALPHA,20240415_085635,AUTO,0,33.49,5.00,-85,100.00,8.33,3.29,5.02,4.96,5.02,1133,498,0,341,23.17,1012.70,12.10,406.10,13.80,100.00,1080,0,0,0,0,0
TLM_RCV,-77,FG-ALPHA,20240415_085636,AUTO,0,31.05,5.00,-85,99.96,8.34,3.30,5.02,4.97,5.02,0,409,0,255,22.05,1013.60,11.90,405.70,13.80,100.00,1080,0,0,0,0,0
TLM_RCV,-40,FG-ALPHA,20240415_085637,AUTO,1,37.04,6.50,-85,99.84,8.21,3.28,4.94,4.96,5.01,0,1209,720,340,26.05,1013.10,12.00,406.00,13.80,100.00,1080,0,0,0,0,0
TLM_RCV,-54,FG-ALPHA,20240415_085638,AUTO,1,36.47,8.00,-85,99.81,8.23,3.30,4.88,4.94,5.01,831,1094,678,272,21.32,1013.60,11.80,405.00,13.80,100.00,1080,0,0,0,0,0
TLM_RCV,-88,FG-ALPHA,20240415_085639,AUTO,1,36.67,9.50,-85,99.80,8.23,3.30,4.93,4.94,5.02,1050,1133,704,270,20.42,1013.00,12.00,406.10,13.80,100.00,1080,0,0,0,0,0
TLM_RCV,-93,FG-ALPHA,20240415_085640,AUTO,1,34.47,11.00,-85,99.69,8.23,3.31,4.91,4.94,5.02,0,1093,650,299,25.47,1013.30,11.80,404.80,13.80,100.00,1080,0,0,0,0,0
TLM_RCV,-44,FG-ALPHA,20240415_085641,AUTO,1,37.05,12.50,-85,99.67,8.21,3.31,4.85,4.96,5.01,983,1210,717,341,21.14,1013.10,12.10,404.80,13.80,100.00,1080,0,0,0,0,0
TLM_RCV,-86,FG-ALPHA,20240415_085642,AUTO,0,31.49,10.50,-85,99.62,8.32,3.29,5.02,4.94,5.01,0,498,0,343,22.49,1012.70,12.10,405.50,13.80,100.00,1080,0,0,0,0,0
TLM_RCV,-89,FG-ALPHA,20240415_085643,AUTO,0,31.41,8.50,-85,99.67,8.32,3.29,5.02,4.94,5.02,973,482,0,330,22.45,1012.90,12.00,405.70,13.80,100.00,1080,0,0,0,0,0
TLM_RCV,-70,FG-ALPHA,20240415_085644,AUTO,0,33.10,6.50,-85,99.73,8.33,3.28,5.02,4.96,5.02,1054,421,0,263,23.17,1013.10,12.00,404.80,13.80,100.00,1080,0,0,0,0,0
TLM_RCV,-73,FG-ALPHA,20240415_085645,AUTO,0,33.16,5.00,-85,99.77,8.33,3.30,5.02,4.95,5.02,805,432,0,291,21.86,1013.40,11.80,406.10,13.81,100.00,1080,0,0,0,0,0
TLM_RCV,-81,FG-ALPHA,20240415_085646,AUTO,0,33.38,5.00,-85,99.81,8.32,3.28,5.02,4.97,5.02,873,477,0,323,21.98,1013.20,12.00,404.80,13.81,100.00,1080,0,0,0,0,0
TLM_RCV,-48,FG-ALPHA,20240415_085647,AUTO,0,32.12,5.00,-85,99.87,8.33,3.29,5.02,4.94,5.02,969,423,0,270,22.73,1012.70,11.80,405.40,13.81,100.00,1080,0,0,0,0,0
TLM_RCV,-48,FG-ALPHA,20240415_085648,AUTO,1,35.13,6.50,-85,99.74,8.21,3.28,4.90,4.96,5.02,0,1225,753,317,26.12,1013.60,12.00,405.90,13.81,100.00,1080,1,1,0,0,0
TLM_RCV,-65,FG-ALPHA,20240415_085649,AUTO,1,34.69,8.00,-85,99.75,8.22,3.28,4.90,4.96,5.02,1188,1137,685,296,20.25,1013.30,11.80,406.40,13.81,100.00,1080,0,0,0,0,0
TLM_RCV,-93,FG-ALPHA,20240415_085650,AUTO,1,34.48,9.50,-85,99.74,8.23,3.30,4.89,4.96,5.01,1005,1096,677,277,20.45,1013.40,12.00,406.20,13.81,100.00,1080,0,0,0,0,0
TLM_RCV,-87,FG-ALPHA,20240415_085651,AUTO,1,36.16,11.00,-85,99.73,8.21,3.28,4.87,4.94,5.02,1169,1232,756,330,20.32,1013.00,12.10,406.40,13.81,100.00,1080,0,0,0,0,0
TLM_RCV,-88,FG-ALPHA,20240415_085652,AUTO,1,36.24,12.50,-85,99.63,8.23,3.29,4.90,4.94,5.01,0,1048,619,282,25.24,1013.30,11.90,406.40,13.81,100.00,1080,0,0,0,0,0
TLM_RCV,-83,FG-ALPHA,20240415_085653,AUTO,0,31.25,10.50,-85,99.68,8.32,3.31,5.02,4.95,5.02,1002,450,0,302,22.76,1013.30,11.90,405.70,13.81,100.00,1080,0,0,0,0,0
TLM_RCV,-76,FG-ALPHA,20240415_085654,AUTO,0,33.39,8.50,-85,99.75,8.32,3.31,5.02,4.97,5.02,1151,478,0,329,23.36,1012.90,11.80,405.90,13.81,100.00,1080,0,0,0,0,0
TLM_RCV,-46,FG-ALPHA,20240415_085655,AUTO,0,31.48,6.50,-85,99.78,8.32,3.30,5.02,4.95,5.02,819,495,0,347,21.62,1012.90,11.90,405.80,13.82,100.00,1080,0,0,0,0,0
TLM_RCV,-43,FG-ALPHA,20240415_085656,AUTO,0,33.42,5.00,-85,99.84,8.32,3.28,5.02,4.94,5.02,1036,484,0,341,22.76,1013.60,11.90,405.50,13.82,100.00,1080,0,0,0,0,0
TLM_RCV,-69,FG-ALPHA,20240415_085657,AUTO,0,33.31,5.00,-85,99.91,8.33,3.30,5.02,4.97,5.01,1129,461,0,312,23.34,1013.50,11.90,405.90,13.82,100.00,1080,0,0,0,0,0
TLM_RCV,-85,FG-ALPHA,20240415_085658,AUTO,0,33.31,5.00,-85,99.86,8.33,3.28,5.02,4.97,5.01,0,462,0,315,22.31,1013.20,11.80,406.10,13.82,100.00,1080,0,0,0,0,0
TLM_RCV,-49,FG-ALPHA,20240415_085659,AUTO,0,32.26,5.00,-85,99.92,8.33,3.30,5.02,4.94,5.01,1020,453,0,294,22.83,1013.00,11.80,404.60,13.82,100.00,1080,0,0,0,0,0
TLM_RCV,-45,FG-ALPHA,20240415_085700,AUTO,0,33.10,5.00,-85,99.87,8.33,3.31,5.02,4.94,5.01,0,420,0,267,22.10,1013.40,12.00,405.00,13.82,100.00,1080,0,0,0,0,0
TLM_RCV,-90,FG-ALPHA,20240415_085701,AUTO,0,32.12,5.00,-85,99.92,8.33,3.31,5.02,4.96,5.02,913,423,0,280,22.45,1012.80,12.00,404.80,13.82,100.00,1080,0,0,0,0,0
TLM_RCV,-46,FG-ALPHA,20240415_085702,AUTO,0,33.36,5.00,-85,99.88,8.33,3.30,5.02,4.97,5.02,0,472,0,314,22.36,1012.80,12.00,404.90,13.82,100.00,1080,0,0,0,0,0
TLM_RCV,-84,FG-ALPHA,20240415_085703,AUTO,0,31.33,5.00,-85,99.95,8.33,3.31,5.02,4.94,5.01,1175,467,0,323,23.54,1013.40,11.80,405.20,13.82,100.00,1080,0,0,0,0,0
TLM_RCV,-74,FG-ALPHA,20240415_085704,AUTO,0,32.45,5.00,-85,99.98,8.33,3.28,5.02,4.95,5.02,821,490,0,333,21.66,1013.40,11.90,405.40,13.82,100.00,1080,0,0,0,0,0
TLM_RCV,-85,FG-ALPHA,20240415_085705,AUTO,0,31.20,5.00,-85,100.00,8.33,3.29,5.02,4.96,5.01,856,441,0,287,22.08,1013.10,11.80,406.00,13.83,100.00,1080,0,0,0,0,0
TLM_RCV,-83,FG-ALPHA,20240415_085727,AUTO,0,32.10,5.00,-85,99.96,8.34,3.30,5.02,4.97,5.02,0,419,0,262,22.09,1013.20,11.90,404.50,13.85,100.00,1080,0,0,0,0,0
TLM_RCV,-93,FG-ALPHA,20240415_085728,AUTO,0,32.33,5.00,-85,99.99,8.33,3.28,5.02,4.97,5.02,816,466,0,312,21.75,1013.30,12.10,404.80,13.85,100.00,1080,0,0,0,0,0
TLM_RCV,-87,FG-ALPHA,20240415_085729,AUTO,0,31.50,5.00,-85,100.00,8.33,3.29,5.02,4.94,5.01,1068,499,0,346,22.84,1013.50,12.10,405.80,13.85,100.00,1080,0,0,0,0,0
TLM_RCV,-66,FG-ALPHA,20240415_085730,AUTO,0,32.26,5.00,-85,100.00,8.33,3.31,5.02,4.94,5.01,936,453,0,296,22.42,1013.50,11.80,405.00,13.85,100.00,1080,0,0,0,0,0
TLM_RCV,-48,FG-ALPHA,20240415_085731,AUTO,0,31.33,5.00,-85,99.95,8.33,3.29,5.02,4.95,5.02,0,466,0,314,22.33,1012.90,11.80,405.90,13.85,100.00,1080,0,0,0,0,0
TLM_RCV,-63,FG-ALPHA,20240415_085732,AUTO,0,32.21,5.00,-85,99.99,8.33,3.30,5.02,4.94,5.02,833,441,0,292,21.96,1013.60,11.90,405.70,13.85,100.00,1080,0,0,0,0,0
TLM_RCV,-94,FG-ALPHA,20240415_085733,AUTO,0,32.38,5.00,-85,100.00,8.33,3.29,5.02,4.95,5.01,1055,476,0,330,22.90,1013.10,12.10,405.60,13.85,100.00,1080,0,0,0,0,0
TLM_RCV,-81,FG-ALPHA,20240415_085734,AUTO,0,32.22,5.00,-85,100.00,8.33,3.29,5.02,4.97,5.01,1120,443,0,302,23.39,1013.30,11.90,405.80,13.85,100.00,1080,0,0,0,0,0
TLM_RCV,-55,FG-ALPHA,20240415_085735,AUTO,0,33.26,5.00,-85,100.00,8.33,3.31,5.02,4.94,5.02,838,451,0,301,21.93,1013.40,12.10,404.60,13.86,100.00,1080,0,0,0,0,0
TLM_RCV,-59,FG-ALPHA,20240415_085736,AUTO,0,33.42,5.00,-85,100.00,8.33,3.31,5.02,4.95,5.01,1170,484,0,336,23.43,1013.20,12.10,406.10,13.86,100.00,1080,0,0,0,0,0
TLM_RCV,-90,FG-ALPHA,20240415_085737,AUTO,1,36.78,6.50,-85,99.97,8.23,3.30,4.86,4.94,5.01,881,1156,762,253,21.37,1012.80,11.80,405.40,13.86,100.00,1080,0,0,0,0,0
TLM_RCV,-71,FG-ALPHA,20240415_085738,AUTO,1,35.35,8.00,-85,99.95,8.24,3.28,4.94,4.94,5.01,874,1071,612,312,20.99,1013.40,12.10,405.20,13.86,100.00,1080,0,0,0,0,0
TLM_RCV,-90,FG-ALPHA,20240415_085739,AUTO,1,34.81,9.50,-85,99.93,8.22,3.30,4.94,4.95,5.01,948,1161,692,326,21.07,1013.40,12.10,406.10,13.86,100.00,1080,0,0,0,0,0
TLM_RCV,-77,FG-ALPHA,20240415_085740,AUTO,1,36.65,11.00,-85,99.94,8.23,3.30,4.94,4.97,5.01,1173,1131,658,321,20.21,1013.60,11.80,405.70,13.86,100.00,1080,0,0,0,0,0
TLM_RCV,-60,FG-ALPHA,20240415_085741,AUTO,1,36.56,12.50,-85,99.93,8.23,3.30,4.93,4.97,5.01,1021,1113,645,325,20.46,1013.30,11.80,405.10,13.86,100.00,1080,0,0,0,0,0
TLM_RCV,-76,FG-ALPHA,20240415_085742,AUTO,1,36.22,14.00,-85,99.92,8.21,3.30,4.87,4.95,5.01,1135,1245,793,303,20.55,1013.20,12.10,405.30,13.86,100.00,1080,0,0,0,0,0
TLM_RCV,-92,FG-ALPHA,20240415_085743,AUTO,1,34.82,15.50,-85,99.91,8.22,3.30,4.87,4.96,5.02,1095,1164,688,324,20.34,1013.60,11.90,405.30,13.86,100.00,1080,0,0,0,0,0
TLM_RCV,-89,FG-ALPHA,20240415_085744,AUTO,1,34.49,17.00,-85,99.88,8.23,3.29,4.91,4.96,5.01,858,1098,679,270,21.20,1013.10,11.80,406.10,13.86,100.00,1080,0,0,0,0,0
TLM_RCV,-75,FG-ALPHA,20240415_085745,AUTO,1,36.02,18.50,-85,99.85,8.22,3.29,4.90,4.96,5.02,832,1204,761,299,21.86,1012.90,12.00,404.50,13.87,100.00,1080,0,0,0,0,0
TLM_RCV,-50,FG-ALPHA,20240415_085746,AUTO,1,34.37,20.00,-85,99.83,8.23,3.29,4.89,4.94,5.01,936,1074,648,281,20.69,1012.90,11.80,405.50,13.87,100.00,1080,0,0,0,0,0
TLM_RCV,-58,FG-ALPHA,20240415_085747,AUTO,1,36.04,21.50,-85,99.83,8.21,3.31,4.86,4.95,5.01,1193,1209,720,344,20.08,1013.10,11.80,404.50,13.87,100.00,1080,0,0,0,0,0
TLM_RCV,-92,FG-ALPHA,20240415_085748,AUTO,1,36.56,23.00,-85,99.72,8.23,3.31,4.94,4.96,5.01,0,1113,636,328,25.57,1013.20,12.00,404.70,13.87,100.00,1080,0,0,0,0,0
TLM_RCV,-79,FG-ALPHA,20240415_085749,AUTO,1,37.23,24.50,-85,99.71,8.21,3.30,4.89,4.94,5.02,1172,1246,763,325,20.37,1012.90,11.80,406.40,13.87,100.00,1080,0,0,0,0,0
TLM_RCV,-73,FG-ALPHA,20240415_085750,AUTO,1,34.38,26.00,-85,99.61,8.23,3.30,4.94,4.95,5.02,0,1077,636,283,25.39,1013.00,11.80,405.30,13.87,100.00,1080,0,0,0,0,0
TLM_RCV,-42,FG-ALPHA,20240415_085751,AUTO,1,35.69,27.50,-85,99.61,8.22,3.29,4.85,4.95,5.02,1139,1137,726,254,20.01,1013.60,12.10,405.20,13.87,100.00,1080,0,0,0,0,1
TLM_RCV,-63,FG-ALPHA,20240415_085752,AUTO,1,34.94,29.00,-85,99.49,8.21,3.31,4.89,4.97,5.01,0,1189,766,282,25.94,1013.00,11.80,406.30,13.87,100.00,1080,0,0,0,0,0
TLM_RCV,-53,FG-ALPHA,20240415_085753,AUTO,1,34.99,30.50,-85,99.46,8.21,3.29,4.85,4.97,5.02,888,1199,731,325,21.56,1013.50,12.10,404.50,13.87,100.00,1080,0,0,0,0,0
TLM_RCV,-41,FG-ALPHA,20240415_085754,AUTO,1,35.74,32.00,-85,99.34,8.21,3.28,4.86,4.94,5.01,0,1147,652,346,25.74,1013.10,11.80,404.50,13.87,100.00,1080,0,0,0,0,0
TLM_RCV,-53,FG-ALPHA,20240415_085755,AUTO,1,37.32,33.50,-85,99.30,8.19,3.29,4.90,4.94,5.01,853,1264,762,348,22.06,1013.20,11.90,405.10,13.88,100.00,1080,0,0,0,0,0
TLM_RCV,-56,FG-ALPHA,20240415_085756,AUTO,1,36.69,35.00,-85,99.27,8.21,3.31,4.87,4.94,5.02,814,1139,693,298,21.62,1012.90,11.80,405.30,13.88,100.00,1080,0,0,0,0,0
TLM_RCV,-65,FG-ALPHA,20240415_085757,AUTO,1,36.69,36.50,-85,99.25,8.21,3.30,4.93,4.94,5.01,920,1139,716,275,21.09,1013.10,12.00,404.50,13.88,100.00,1080,0,0,0,1,1
TLM_RCV,-43,FG-ALPHA,20240415_085758,AUTO,1,34.69,38.00,-85,99.22,8.21,3.31,4.89,4.97,5.01,891,1137,709,287,21.23,1013.10,11.80,405.00,13.88,100.00,1080,0,0,0,0,0
TLM_RCV,-54,FG-ALPHA,20240415_085759,AUTO,1,35.79,39.50,-85,99.20,8.21,3.29,4.87,4.97,5.01,948,1159,705,311,21.06,1013.60,12.00,404.80,13.88,100.00,1080,0,0,0,0,0
TLM_RCV,-79,FG-ALPHA,20240415_085800,AUTO,1,35.44,41.00,-85,99.21,8.22,3.30,4.86,4.96,5.02,1177,1088,605,335,20.44,1012.90,11.80,404.90,13.88,100.00,1080,0,0,0,0,0
TLM_RCV,-68,FG-ALPHA,20240415_085801,AUTO,1,34.80,42.50,-85,99.20,8.21,3.30,4.89,4.96,5.02,1084,1160,733,274,20.38,1013.10,12.10,405.90,13.88,100.00,1080,0,0,0,0,0
TLM_RCV,-79,FG-ALPHA,20240415_085802,AUTO,1,35.15,44.00,-85,99.18,8.20,3.31,4.93,4.94,5.02,1068,1231,772,304,20.82,1012.70,11.80,406.40,13.88,100.00,1080,0,0,0,0,0
TLM_RCV,-84,FG-ALPHA,20240415_085803,AUTO,1,36.56,45.50,-85,99.16,8.21,3.31,4.91,4.95,5.02,832,1111,635,325,21.40,1013.40,11.80,405.50,13.88,100.00,1080,0,0,0,0,0
TLM_RCV,-51,FG-ALPHA,20240415_085804,AUTO,1,35.26,47.00,-85,99.05,8.22,3.29,4.85,4.97,5.02,0,1052,632,276,25.26,1013.20,11.80,405.40,13.88,100.00,1080,0,0,0,0,0
TLM_RCV,-83,FG-ALPHA,20240415_085805,AUTO,1,35.42,48.50,-85,99.05,8.21,3.28,4.89,4.94,5.01,1041,1084,633,306,20.22,1012.70,12.10,404.80,13.89,100.00,1080,0,0,0,1,0
TLM_RCV,-83,FG-ALPHA,20240415_085806,AUTO,1,34.53,50.00,-85,99.05,8.21,3.30,4.86,4.95,5.01,1133,1107,620,329,20.13,1013.50,11.90,404.90,13.89,100.00,1080,0,0,0,0,0
TLM_RCV,-51,FG-ALPHA,20240415_085807,AUTO,1,36.47,51.50,-85,99.04,8.21,3.30,4.94,4.96,5.02,1017,1094,670,276,20.39,1013.10,11.90,404.60,13.89,100.00,1080,0,0,0,0,0
