PACKET_TYPE,GS_RSSI,SAT_ID,TIMESTAMP,FDIR_MODE,PAYLOAD_STATE,OBC_T,PAYLOAD_T,SAT_RX_RSSI,SOC,V_BAT,V_3V3,V_5V,I_IN,I_OUT,I_PAY,I_COMMS,EPS_T,PRESSURE,HUMIDITY,GPS_ALT,OBC_SD_PCT,PAYLOAD_SD_PCT,RESOLUTION,THERMAL_DATA_64...
PACKET_TYPE,GS_RSSI,SAT_ID,TIMESTAMP,FDIR_MODE,PAYLOAD_STATE,OBC_T,PAYLOAD_T,SAT_RX_RSSI,SOC,V_BAT,V_3V3,V_5V,I_IN,I_OUT,I_PAY,I_COMMS,EPS_T,PRESSURE,HUMIDITY,GPS_ALT,OBC_SD_PCT,PAYLOAD_SD_PCT,RESOLUTION,THERMAL_DATA_64...
TLM_RCV,-56,FG-ALPHA,20240415_083341,AUTO,0,33.24,7.50,-85,85.68,7.99,3.29,5.02,0,448,0,305,22.24,1013.40,12.00,406.20,12.42,46.15,1080,24.70,25.70,24.20,23.80,22.00,21.30,25.50,20.70,24.70,23.20,23.30,25.00,25.10,20.70,20.10,22.70,21.30,21.20,20.50,25.40,23.10,21.40,20.20,24.80,21.40,24.80,25.10,24.30,22.20,25.20,24.30,24.40,22.60,24.20,22.40,20.20,22.10,20.00,25.60,22.40,24.40,22.80,21.90,20.80,22.40,21.80,22.40,21.10,25.20,25.10,22.30,20.30,22.50,21.10,23.60,25.80,24.00,24.20,21.60,20.00,21.60,24.30,23.20,23.00
TLM_RCV,-82,FG-ALPHA,20240415_083342,AUTO,0,31.42,5.50,-85,85.72,7.98,3.28,5.02,927,483,0,328,22.22,1012.90,12.10,406.20,12.42,46.15,1080,22.20,22.30,22.40,25.10,25.20,22.00,24.50,22.50,21.90,24.10,23.30,24.50,24.00,22.60,21.90,21.20,21.70,21.40,22.30,21.20,22.60,21.70,20.90,22.40,21.20,23.10,21.80,24.10,24.60,22.40,20.00,24.60,23.60,21.40,25.40,25.00,20.50,20.80,25.20,25.50,20.00,25.70,25.20,22.20,20.50,22.40,23.90,20.80,24.20,23.00,25.60,21.70,24.00,20.30,23.00,22.80,23.40,20.70,25.00,20.00,20.40,25.90,21.30,23.00
TLM_RCV,-76,FG-ALPHA,20240415_083343,AUTO,0,31.27,5.00,-85,85.77,7.99,3.28,5.02,970,455,0,298,22.58,1013.10,11.90,406.20,12.42,46.15,1080,21.90,25.50,20.80,21.30,23.80,25.10,23.20,20.70,23.00,24.90,20.20,23.00,78.00,20.90,24.60,25.30,24.70,23.50,21.70,23.80,20.70,25.90,21.60,21.80,20.20,22.80,22.90,22.00,24.50,21.20,25.70,21.80,24.40,20.40,24.80,23.40,25.40,20.20,22.70,23.70,25.00,20.90,20.40,23.40,24.50,22.90,23.50,20.70,24.10,23.30,21.80,23.20,23.60,21.70,24.50,25.00,23.80,23.90,23.80,22.00,21.10,24.30,24.50,20.20
TLM_RCV,-60,FG-ALPHA,20240415_083344,AUTO,0,31.50,5.00,-85,85.72,7.98,3.28,5.02,0,499,0,343,22.50,1013.10,12.00,405.20,12.42,46.15,1080,23.20,20.80,21.60,25.80,21.80,23.70,20.70,22.80,22.30,23.70,24.00,20.80,20.30,24.90,21.70,21.30,21.50,21.80,22.00,23.40,23.40,25.40,23.30,21.60,22.60,23.40,23.00,23.00,21.70,24.50,22.00,25.70,25.10,25.70,24.60,20.00,24.80,22.40,23.60,20.20,21.20,20.00,21.30,22.20,20.70,21.80,21.80,22.70,25.40,22.40,25.10,25.20,22.30,23.60,24.40,24.80,22.00,24.10,20.40,25.00,25.90,22.20,20.60,24.80
TLM_RCV,-69,FG-ALPHA,20240415_083345,AUTO,0,33.10,5.00,-85,85.68,7.99,3.30,5.02,0,419,0,266,22.09,1013.60,12.10,406.20,12.43,46.15,1080,25.70,22.80,21.20,22.50,24.50,23.20,25.90,20.40,24.30,21.30,21.80,24.10,24.60,21.20,24.60,20.70,23.60,20.60,22.90,22.20,22.30,23.30,25.80,24.00,24.10,24.60,24.40,24.10,24.10,20.40,20.90,24.90,21.40,25.80,25.20,24.30,25.30,21.50,22.10,20.00,22.20,23.00,20.30,22.30,24.10,25.90,25.80,20.30,25.80,21.90,20.00,22.70,20.00,24.80,25.30,25.50,22.50,21.30,24.60,25.30,23.40,24.90,25.00,22.70
TLM_RCV,-85,FG-ALPHA,20240415_083346,AUTO,0,31.39,5.00,-85,85.63,7.98,3.29,5.02,0,478,0,336,22.39,1012.70,11.90,406.10,12.43,46.15,1080,24.90,25.40,21.30,23.70,25.00,24.30,22.70,20.80,22.40,23.10,20.90,23.10,23.10,25.80,23.30,22.00,22.80,20.90,21.20,20.10,24.00,22.60,24.40,21.00,25.30,22.20,22.40,23.60,22.10,25.50,20.10,22.50,25.30,22.30,23.10,20.80,22.00,20.70,22.20,23.50,22.80,23.60,20.50,21.30,23.90,25.90,23.10,21.50,20.90,25.20,25.10,20.10,25.40,20.30,21.80,25.20,25.90,24.50,22.70,21.50,22.70,20.60,21.90,24.50
TLM_RCV,-40,FG-ALPHA,20240415_083347,AUTO,0,32.03,5.00,-85,85.71,8.00,3.30,5.02,1124,406,0,253,23.59,1013.00,11.90,404.50,12.43,46.15,1080,22.30,21.40,22.40,23.20,20.30,25.50,25.70,20.60,25.20,24.60,20.10,21.90,23.50,24.80,20.10,22.30,22.30,22.60,23.60,25.10,22.40,25.20,22.00,22.40,23.40,25.50,23.80,24.70,20.60,25.50,20.30,21.00,23.30,20.10,20.30,21.20,25.80,25.70,23.20,24.40,24.20,22.30,20.40,21.50,24.50,21.90,25.70,20.40,21.30,24.60,24.80,25.30,21.70,22.50,23.80,23.00,22.00,24.20,22.80,20.10,22.20,25.70,21.40,20.90
TLM_RCV,-76,FG-ALPHA,20240415_083348,AUTO,0,31.40,5.00,-85,85.74,7.99,3.31,5.02,805,479,0,320,21.63,1013.00,12.00,406.30,12.43,46.15,1080,21.60,23.60,24.10,25.90,23.60,22.60,21.50,21.30,25.60,20.40,20.00,21.40,20.40,20.70,20.30,21.80,23.30,20.40,21.80,20.00,23.50,21.40,24.50,20.60,23.60,25.60,21.40,23.90,25.40,24.70,24.80,21.50,20.20,20.30,25.10,21.00,25.90,25.90,23.60,23.60,25.70,20.70,21.40,25.10,21.70,24.70,25.50,20.60,21.20,25.50,25.80,23.40,22.50,24.20,23.30,24.30,21.00,24.50,21.20,23.70,25.50,22.30,20.70,23.10
TLM_RCV,-92,FG-ALPHA,20240415_083349,AUTO,0,32.19,5.00,-85,85.69,7.99,3.28,5.02,0,437,0,295,22.18,1013.00,12.00,406.40,12.43,46.15,1080,20.50,23.30,24.00,23.90,23.00,21.20,22.90,20.50,25.00,25.30,22.00,25.20,23.40,21.30,24.30,25.60,25.20,24.40,25.20,25.30,22.70,25.60,22.70,25.40,24.50,23.70,22.70,25.00,21.90,22.10,25.60,21.40,25.00,25.00,22.40,21.60,23.30,23.30,25.10,25.80,24.30,23.10,23.00,25.00,22.20,22.70,20.20,22.00,23.80,24.40,21.10,25.60,21.20,25.30,21.90,20.90,24.80,21.00,20.70,20.90,25.50,21.70,21.10,22.40
TLM_RCV,-85,FG-ALPHA,20240415_083350,AUTO,0,33.10,5.00,-85,85.76,8.00,3.30,5.02,1107,419,0,275,23.44,1012.80,11.90,405.00,12.43,46.15,1080,20.70,24.00,20.60,23.00,20.60,23.70,20.90,21.40,20.10,25.10,21.60,24.20,21.20,24.50,21.60,21.80,25.10,22.50,24.20,23.30,22.40,22.00,21.50,20.00,20.60,23.50,24.90,24.70,20.50,22.20,23.20,20.50,22.40,22.80,21.80,20.00,21.50,25.80,24.70,22.30,20.30,23.10,24.50,20.20,20.90,23.30,25.00,24.50,24.00,20.90,21.60,21.40,20.10,21.60,25.20,23.10,20.10,24.00,24.80,20.70,23.20,22.00,24.30,23.80
TLM_RCV,-65,FG-ALPHA,20240415_083351,AUTO,0,33.05,5.00,-85,85.83,8.00,3.31,5.02,1053,410,0,269,23.22,1013.00,12.10,405.80,12.43,46.15,1080,24.70,23.90,25.00,20.20,23.10,24.00,22.40,20.70,25.70,25.70,24.80,20.00,24.10,22.40,21.20,23.30,20.30,22.20,22.70,25.90,84.40,25.10,20.30,23.30,20.30,23.60,20.10,24.80,23.20,22.50,21.60,21.50,20.70,20.90,20.10,21.40,22.30,23.70,20.90,23.60,21.50,21.60,20.60,25.50,22.80,20.40,24.50,25.80,20.90,21.50,25.60,25.40,21.10,24.20,25.50,24.00,24.40,21.80,20.00,25.90,22.10,23.60,24.30,25.50
TLM_RCV,-71,FG-ALPHA,20240415_083352,AUTO,0,32.42,5.00,-85,85.88,7.99,3.31,5.02,1020,485,0,335,22.67,1013.50,12.10,406.10,12.43,46.15,1080,20.70,21.90,21.60,25.20,25.00,24.50,23.90,22.20,22.90,23.10,23.30,22.80,21.50,23.90,22.90,25.90,23.00,25.70,24.30,24.40,23.10,25.50,20.40,24.80,25.70,25.30,23.50,24.30,25.20,21.00,25.90,20.90,23.90,20.70,22.10,23.60,25.40,23.70,24.70,22.50,23.60,24.50,24.00,21.80,21.70,20.40,22.00,23.90,23.30,23.80,21.30,25.40,22.70,20.30,23.90,20.30,24.80,23.80,23.40,24.60,21.50,23.20,25.70,21.90
TLM_RCV,-87,FG-ALPHA,20240415_083353,AUTO,0,33.47,5.00,-85,85.92,7.99,3.31,5.02,936,495,0,338,22.20,1012.80,12.10,406.30,12.43,46.15,1080,20.10,23.40,21.50,25.20,20.10,22.10,23.80,25.50,25.10,24.60,22.80,21.90,22.40,21.60,24.80,23.70,20.80,25.20,24.10,24.20,25.20,25.70,25.70,24.40,24.90,20.10,24.50,22.40,21.30,20.00,22.20,22.50,25.40,22.30,21.70,23.10,24.80,25.50,20.10,22.80,20.90,23.20,22.50,21.10,24.70,24.80,21.90,21.80,24.60,20.70,21.80,24.50,23.30,23.70,24.20,25.70,22.90,25.00,20.20,24.30,25.40,24.50,22.90,21.50
TLM_RCV,-81,FG-ALPHA,20240415_083354,AUTO,0,33.24,5.00,-85,85.99,8.00,3.30,5.02,1067,447,0,292,23.10,1013.60,12.00,405.30,12.43,46.15,1080,24.80,21.50,22.60,22.30,22.50,20.50,25.90,22.30,24.30,22.40,23.20,24.50,21.20,24.70,25.50,25.70,22.20,20.60,21.30,23.90,20.80,21.60,21.60,23.80,25.50,25.80,24.60,20.40,76.60,23.70,25.50,24.80,22.00,24.00,24.90,24.70,22.50,23.30,21.90,20.60,22.20,20.10,23.90,20.20,22.50,25.80,24.70,24.70,21.20,20.00,25.30,23.20,22.20,20.20,22.00,25.00,22.50,20.60,20.20,23.70,21.90,23.90,22.20,24.60
TLM_RCV,-65,FG-ALPHA,20240415_083355,AUTO,0,33.22,5.00,-85,86.04,8.00,3.28,5.02,958,444,0,289,22.57,1012.70,12.00,405.20,12.44,46.15,1080,25.40,21.70,22.30,23.00,24.40,22.60,21.50,24.80,21.10,22.60,22.20,24.00,20.00,20.70,24.40,22.90,23.20,20.70,23.90,21.90,25.50,21.70,21.20,22.50,20.70,25.20,24.30,23.80,24.30,22.40,23.90,23.80,22.10,25.90,23.60,24.50,23.60,23.00,23.30,22.10,20.30,24.60,23.30,24.90,25.90,23.70,23.30,24.30,20.80,23.00,21.40,24.50,20.60,20.90,21.10,21.10,23.70,22.10,21.80,24.90,25.40,23.10,20.90,25.50
TLM_RCV,-42,FG-ALPHA,20240415_083356,AUTO,0,33.15,5.00,-85,86.09,8.00,3.31,5.02,978,430,0,278,22.74,1013.50,11.80,406.10,12.44,46.15,1080,24.40,21.30,23.30,23.10,24.00,23.60,23.70,23.20,20.50,20.40,24.80,25.20,23.00,21.90,25.10,23.00,23.10,24.90,21.00,23.10,23.80,24.40,24.60,24.00,24.00,21.80,20.10,23.40,22.00,23.70,23.10,78.80,23.60,22.20,23.90,25.90,20.00,24.60,24.70,22.60,23.00,23.90,22.40,24.90,24.50,25.30,22.90,22.10,23.20,22.80,24.20,25.20,23.30,24.60,23.80,22.00,22.40,22.20,25.00,23.30,20.50,20.50,21.70,20.00
TLM_RCV,-69,FG-ALPHA,20240415_083357,AUTO,0,31.15,5.00,-85,86.16,8.00,3.29,5.02,1062,430,0,273,23.16,1013.50,11.80,405.00,12.44,46.15,1080,23.20,22.20,20.80,20.60,20.40,20.10,25.20,22.90,25.00,22.10,22.60,24.80,22.00,25.40,24.70,25.90,23.30,22.70,23.00,21.40,24.50,24.40,22.30,23.30,25.70,24.00,23.00,24.50,25.50,24.20,24.10,23.10,20.90,20.20,22.20,23.90,20.00,21.30,25.70,25.80,21.50,21.70,24.30,24.60,23.00,21.20,22.30,23.30,21.50,22.00,24.90,25.80,21.90,23.00,20.10,24.30,22.20,25.60,24.90,24.70,20.50,21.10,25.60,20.60
TLM_RCV,-49,FG-ALPHA,20240415_083358,AUTO,0,33.36,5.00,-85,86.22,8.00,3.28,5.02,1103,472,0,326,23.16,1012.70,12.10,405.90,12.44,46.15,1080,21.40,23.30,21.70,22.80,24.70,24.50,23.90,23.10,25.40,24.70,22.90,22.50,22.00,23.30,25.30,21.90,24.00,22.90,24.20,24.00,25.70,24.40,21.30,20.80,22.00,20.20,25.80,24.00,21.80,20.30,20.80,21.40,24.60,25.30,21.30,22.60,22.70,22.90,23.80,22.90,23.20,20.50,21.90,21.40,23.10,25.90,24.70,24.10,22.50,22.00,25.90,24.20,24.40,22.40,23.80,21.00,24.90,24.20,25.90,24.00,25.20,25.10,23.90,22.30
TLM_RCV,-75,FG-ALPHA,20240415_083359,AUTO,0,31.08,5.00,-85,86.29,8.01,3.28,5.02,1081,417,0,260,23.32,1012.90,12.00,405.10,12.44,46.15,1080,24.20,23.20,24.40,25.40,24.70,21.50,20.40,24.10,22.50,24.20,20.10,20.50,21.20,24.60,25.20,23.80,20.40,23.20,21.40,21.40,25.20,22.00,24.60,21.80,20.50,24.40,21.50,25.90,22.10,20.00,22.80,22.80,20.80,20.40,25.50,25.10,22.10,24.40,25.30,21.60,23.80,25.40,21.30,20.40,21.00,20.90,24.10,20.70,20.00,24.00,23.40,23.60,24.60,22.20,21.00,21.80,22.20,22.90,24.10,22.00,24.50,25.90,22.60,21.70
TLM_RCV,-41,FG-ALPHA,20240415_083400,AUTO,0,33.38,5.00,-85,86.24,8.00,3.28,5.02,0,475,0,324,22.37,1013.00,11.80,405.40,12.44,46.15,1080,22.50,25.10,24.20,22.10,24.30,22.20,21.50,24.50,21.50,25.00,21.10,20.60,20.60,22.70,22.20,23.40,22.30,21.70,21.20,25.00,20.80,24.10,25.00,23.70,20.00,23.20,20.80,25.30,20.80,24.00,22.80,23.70,22.90,25.90,20.30,24.40,25.80,24.30,20.30,23.20,24.00,25.70,22.70,23.00,25.40,25.80,24.90,24.30,25.10,25.40,21.80,25.30,22.20,24.00,21.00,22.20,20.90,23.60,25.10,24.10,25.60,23.90,21.30,24.30
TLM_RCV,-46,FG-ALPHA,20240415_083401,AUTO,0,31.06,5.00,-85,86.29,8.01,3.31,5.02,909,411,0,270,22.49,1013.00,11.90,405.20,12.44,46.15,1080,23.70,24.30,22.80,22.10,20.50,25.80,21.50,24.00,21.60,20.10,23.00,22.60,21.10,22.10,21.60,23.60,20.80,21.50,20.60,23.90,22.70,22.60,23.30,24.20,24.80,23.80,23.10,25.10,20.20,23.30,23.80,25.00,20.70,24.20,24.90,24.20,20.20,23.00,25.80,23.20,22.20,20.50,23.60,20.00,22.10,25.70,22.60,23.30,22.00,20.50,22.50,23.50,21.80,21.20,22.60,22.10,23.90,21.00,23.30,23.60,22.50,25.20,23.00,22.40
TLM_RCV,-78,FG-ALPHA,20240415_083402,AUTO,0,31.18,5.00,-85,86.33,8.01,3.28,5.02,892,437,0,289,22.27,1013.20,12.00,405.50,12.44,46.15,1080,21.60,21.30,22.00,25.10,21.00,21.50,20.10,25.50,20.10,21.50,22.60,25.90,20.50,25.00,21.60,20.00,23.50,21.70,21.60,25.00,20.30,24.10,22.30,20.30,20.90,20.30,20.60,23.70,20.00,23.80,23.00,23.80,25.50,24.60,23.00,24.40,88.30,23.10,21.30,22.70,23.50,20.60,22.30,22.40,21.90,21.30,22.50,22.30,25.50,22.30,25.50,23.30,23.00,21.50,24.00,20.00,20.80,25.30,25.00,21.50,24.60,21.30,24.70,23.50
TLM_RCV,-91,FG-ALPHA,20240415_083403,AUTO,0,33.42,5.00,-85,86.40,8.00,3.28,5.02,1141,483,0,335,23.29,1013.30,11.90,404.70,12.44,46.15,1080,22.40,21.20,23.90,22.40,24.20,20.30,20.10,22.30,23.30,24.80,23.70,23.20,21.60,21.00,21.00,24.70,20.10,22.40,23.10,22.10,22.60,20.10,23.40,25.80,20.10,25.40,23.50,24.10,23.80,20.90,23.80,23.80,22.10,21.60,20.30,24.60,22.60,23.90,25.90,20.20,20.60,25.50,24.50,24.10,25.30,21.00,23.90,21.00,23.20,25.30,24.00,21.90,23.70,20.80,21.60,20.60,23.10,23.70,20.20,24.80,20.10,24.90,25.60,20.60
TLM_RCV,-75,FG-ALPHA,20240415_083404,AUTO,0,31.39,5.00,-85,86.46,8.00,3.28,5.02,1079,477,0,336,23.01,1013.30,11.90,406.30,12.44,46.15,1080,22.70,22.30,22.20,25.90,24.60,20.90,23.20,25.70,20.00,24.50,24.30,25.60,25.10,24.70,22.60,20.70,23.00,23.80,25.60,21.10,25.60,22.70,23.70,20.80,21.00,20.30,24.60,22.90,21.30,88.20,22.90,23.70,21.30,20.20,23.80,23.10,23.00,25.40,21.30,21.70,23.70,20.60,23.00,25.20,24.20,23.30,24.00,25.60,21.60,25.40,22.20,23.60,23.20,20.10,20.20,20.80,21.80,20.00,21.30,23.50,20.10,23.90,24.50,20.80
TLM_RCV,-62,FG-ALPHA,20240415_083405,AUTO,0,31.07,5.00,-85,86.52,8.01,3.28,5.02,1016,413,0,256,23.01,1013.30,11.80,405.80,12.45,46.15,1080,22.10,20.20,22.60,23.90,25.60,25.50,25.10,21.60,23.30,20.50,23.80,25.60,21.70,25.50,25.70,20.50,20.40,23.30,21.00,24.40,22.80,20.80,25.40,22.30,21.10,22.30,24.00,20.70,25.70,21.60,23.80,20.70,20.70,21.20,25.00,25.40,22.70,24.10,22.30,24.40,20.50,25.20,23.80,23.10,25.70,23.10,22.20,23.80,23.40,22.10,20.30,22.90,22.30,24.50,22.60,21.80,22.30,24.70,22.40,22.70,25.00,23.60,23.80,23.80
TLM_RCV,-62,FG-ALPHA,20240415_083406,AUTO,0,31.25,5.00,-85,86.59,8.01,3.31,5.02,1174,451,0,303,23.61,1012.80,12.00,405.40,12.45,46.15,1080,24.60,23.30,23.10,21.20,23.20,22.50,22.90,20.90,25.40,25.80,23.50,22.30,20.20,23.40,23.90,25.00,24.60,24.10,20.40,21.50,25.10,23.60,25.10,24.00,25.50,22.80,23.00,20.20,24.70,24.40,22.10,20.20,25.30,25.90,25.40,24.00,23.20,20.30,25.70,20.40,21.50,21.90,20.60,25.60,20.60,20.80,22.20,24.30,22.70,23.70,24.10,23.80,23.10,24.10,22.50,21.40,20.60,24.40,24.30,23.50,24.20,20.30,24.40,24.40
TLM_RCV,-46,FG-ALPHA,20240415_083407,AUTO,0,33.51,5.00,-85,86.64,8.00,3.29,5.02,1019,503,0,349,22.58,1012.90,12.00,404.70,12.45,46.15,1080,23.30,23.30,22.90,25.70,22.20,20.20,21.60,24.60,20.70,24.40,20.30,21.60,21.60,23.60,23.60,20.00,20.10,24.70,21.20,22.30,22.80,23.10,22.60,21.10,24.10,25.80,25.00,22.00,21.20,25.10,20.20,23.80,24.80,24.50,25.80,24.30,24.00,25.80,24.90,23.80,21.20,24.00,21.00,25.50,22.40,25.60,24.00,22.00,23.10,23.90,23.50,20.40,22.20,22.90,21.10,20.30,25.60,25.00,20.30,22.70,23.10,25.00,22.70,21.00
TLM_RCV,-84,FG-ALPHA,20240415_083408,AUTO,0,32.21,5.00,-85,86.60,8.01,3.31,5.02,0,441,0,282,22.20,1012.80,11.90,404.60,12.45,46.15,1080,21.70,20.70,22.50,20.10,22.90,23.00,20.30,25.30,21.50,22.70,20.30,22.20,24.40,23.20,24.20,23.40,22.80,20.60,25.90,20.70,22.40,21.00,21.30,23.90,22.80,23.30,22.10,23.50,24.50,25.20,22.90,25.10,20.90,21.40,21.20,20.10,22.70,25.10,23.50,25.00,22.60,22.30,20.20,21.30,21.10,22.90,20.30,23.10,25.90,23.20,20.90,25.40,22.80,25.10,23.90,25.10,24.40,23.70,21.90,24.20,21.70,22.80,23.60,20.30
TLM_RCV,-80,FG-ALPHA,20240415_083409,AUTO,0,31.11,5.00,-85,86.67,8.02,3.31,5.02,1115,423,0,281,23.46,1013.20,11.80,405.20,12.45,46.15,1080,24.10,21.40,23.00,24.50,24.50,25.00,21.00,22.00,24.20,22.60,25.70,25.40,25.40,23.80,21.30,21.10,24.80,25.20,21.30,21.40,22.50,25.80,23.20,21.60,22.10,21.10,23.20,22.20,24.90,22.60,22.30,22.40,20.40,21.80,25.40,23.90,21.70,25.10,24.10,22.50,21.80,25.10,20.80,24.70,21.90,22.50,24.50,21.20,23.00,25.40,21.90,20.80,25.40,24.00,20.60,22.10,24.50,20.60,21.20,23.50,21.70,20.80,23.60,20.50
TLM_RCV,-84,FG-ALPHA,20240415_083410,AUTO,0,33.43,5.00,-85,86.72,8.01,3.29,5.02,1025,486,0,343,22.69,1013.30,12.00,405.00,12.45,46.15,1080,23.10,23.80,25.40,22.40,23.80,24.60,21.60,20.50,25.10,20.90,21.50,20.60,22.50,23.70,24.00,24.50,24.90,24.40,24.80,25.30,24.60,21.10,20.00,23.80,22.60,20.50,24.20,23.50,25.20,22.40,23.30,21.80,21.70,22.80,25.00,22.60,23.40,21.60,22.90,22.90,25.30,21.60,25.60,20.80,23.10,24.20,25.30,20.10,24.40,23.10,25.80,21.90,20.60,21.40,23.90,25.10,22.90,20.10,20.00,23.50,20.00,24.20,21.70,23.40
TLM_RCV,-79,FG-ALPHA,20240415_083411,AUTO,0,31.41,5.00,-85,86.77,8.01,3.28,5.02,974,481,0,334,22.47,1013.40,11.80,405.50,12.45,46.15,1080,22.60,25.80,21.30,21.30,24.50,22.00,22.40,25.30,20.90,20.40,23.40,22.50,24.00,24.60,24.30,20.20,25.00,23.20,22.50,25.60,20.00,24.60,22.20,25.70,24.50,23.50,25.80,25.50,20.70,23.50,21.90,25.50,21.60,25.50,20.50,24.10,22.40,20.40,24.90,20.80,22.90,21.00,23.80,21.20,24.80,20.90,24.90,23.20,22.20,24.40,24.60,21.90,20.80,25.60,25.30,23.70,25.80,20.20,21.40,22.10,24.80,24.60,22.40,25.00
TLM_RCV,-70,FG-ALPHA,20240415_083412,AUTO,0,33.32,5.00,-85,86.83,8.01,3.28,5.02,1087,464,0,315,23.11,1013.20,11.90,404.80,12.45,46.15,1080,23.90,22.60,20.60,22.40,82.90,20.90,21.90,25.40,23.10,24.50,23.90,20.20,25.30,21.50,20.50,23.10,22.70,20.20,20.00,24.20,25.20,20.80,25.20,25.70,20.30,25.20,23.30,23.20,20.70,22.20,20.30,24.20,25.80,25.30,25.90,21.30,23.50,24.10,22.10,23.10,23.40,20.90,25.20,22.50,22.70,23.60,21.90,23.00,24.50,25.30,20.20,20.60,21.00,21.70,24.10,21.00,24.00,24.50,21.60,21.30,24.20,22.90,21.40,23.60
TLM_RCV,-89,FG-ALPHA,20240415_083413,AUTO,0,31.16,5.00,-85,86.89,8.02,3.29,5.02,1014,432,0,291,22.91,1013.40,12.10,406.20,12.45,46.15,1080,25.60,23.00,24.20,20.80,23.80,21.80,21.20,22.00,23.60,22.30,21.70,20.30,25.80,24.40,23.70,20.30,21.00,21.30,23.10,20.90,24.60,24.00,20.00,20.60,23.40,24.60,21.70,23.10,24.40,20.30,25.30,22.60,21.60,22.10,20.10,22.60,23.20,23.00,22.30,24.70,21.00,23.90,25.60,23.40,24.70,20.80,21.80,24.20,20.00,25.20,25.60,20.60,24.80,20.60,23.60,24.60,22.80,21.90,22.90,20.70,25.00,24.40,24.50,24.20
TLM_RCV,-84,FG-ALPHA,20240415_083414,AUTO,0,31.15,5.00,-85,86.95,8.02,3.29,5.02,1004,430,0,286,22.87,1013.00,12.00,405.50,12.45,46.15,1080,24.10,23.30,20.70,22.50,20.70,24.80,22.00,22.70,20.20,21.20,23.70,23.90,20.90,23.20,23.40,24.70,20.70,21.30,24.10,24.10,25.50,23.90,25.60,25.20,22.30,20.00,25.50,23.80,21.30,23.50,24.40,23.50,23.10,23.60,23.60,25.10,22.30,25.80,25.70,21.40,23.50,24.20,24.60,25.40,25.40,21.20,20.40,22.50,22.20,22.50,23.40,21.10,22.20,21.30,25.50,25.40,24.40,20.30,25.20,23.80,20.90,23.00,22.00,20.80
TLM_RCV,-41,FG-ALPHA,20240415_083415,AUTO,0,31.20,5.00,-85,87.02,8.02,3.30,5.02,1167,440,0,291,23.64,1013.50,12.10,405.90,12.46,46.15,1080,25.30,23.90,24.40,20.60,20.80,23.40,23.30,23.70,22.00,25.80,24.30,23.40,21.40,24.00,22.00,24.20,24.90,25.00,21.00,20.30,22.10,24.30,20.90,25.20,25.90,20.80,20.70,24.70,25.00,23.60,21.30,24.20,20.30,21.30,20.80,20.50,22.70,23.60,24.20,24.30,20.50,24.30,24.20,24.60,24.30,23.20,23.40,25.10,23.90,25.70,23.70,22.20,23.50,21.90,23.10,25.70,24.10,20.60,21.60,22.20,20.60,24.80,24.30,22.00
TLM_RCV,-60,FG-ALPHA,20240415_083416,AUTO,0,32.35,5.00,-85,87.08,8.02,3.31,5.02,1010,469,0,320,22.70,1012.80,11.90,405.10,12.46,46.15,1080,24.00,20.40,24.60,21.90,25.90,25.70,22.80,23.20,24.80,25.30,23.80,21.80,24.70,24.30,23.30,20.40,20.20,23.30,22.50,23.70,23.30,23.10,20.60,20.30,25.60,25.60,24.30,22.10,23.20,24.00,20.50,21.80,22.60,24.30,21.10,23.10,22.70,21.50,20.20,20.90,23.20,25.40,24.50,20.70,24.30,24.20,24.20,23.50,23.70,23.50,25.30,22.30,25.90,20.00,25.00,22.50,20.70,24.20,22.30,25.10,21.50,21.10,25.70,21.40
TLM_RCV,-80,FG-ALPHA,20240415_083417,AUTO,0,33.34,5.00,-85,87.13,8.02,3.31,5.02,1029,468,0,312,22.81,1013.20,12.10,405.70,12.46,46.15,1080,23.40,20.20,23.30,22.30,24.90,24.00,22.40,25.50,22.40,21.20,23.20,22.00,83.40,23.70,22.00,23.30,20.60,24.20,24.00,20.10,20.80,20.90,23.40,21.30,24.00,20.70,24.40,20.70,21.10,20.60,23.20,24.10,24.10,23.10,25.60,21.30,22.60,22.60,24.10,24.30,23.30,23.40,23.70,21.20,24.20,24.80,20.00,22.70,24.70,21.30,24.40,24.70,23.60,22.90,22.50,25.10,25.10,22.00,22.90,23.50,24.90,21.60,25.30,24.40
TLM_RCV,-59,FG-ALPHA,20240415_083418,AUTO,0,32.38,5.00,-85,87.09,8.02,3.28,5.02,0,476,0,333,22.38,1012.80,11.90,406.10,12.46,46.15,1080,20.60,20.50,21.90,24.50,21.00,20.40,23.90,24.70,22.40,25.50,25.40,23.30,20.80,20.00,21.20,23.20,23.10,22.10,21.60,21.40,25.30,24.10,23.60,20.30,22.30,21.90,20.80,22.10,24.30,21.50,22.20,21.00,20.70,23.50,23.60,20.90,22.00,24.70,25.10,20.20,25.20,24.50,23.40,23.80,24.70,22.80,21.70,23.70,21.90,22.30,22.90,21.40,25.00,20.90,23.40,23.30,23.80,20.20,20.80,21.60,24.40,22.80,24.40,20.70
TLM_RCV,-63,FG-ALPHA,20240415_083419,AUTO,0,31.15,5.00,-85,87.13,8.03,3.29,5.02,914,429,0,283,22.42,1013.10,11.90,405.40,12.46,46.15,1080,21.20,24.20,20.10,25.10,21.40,25.60,22.60,25.10,23.20,23.50,20.90,25.60,24.80,21.50,22.50,20.90,20.80,20.00,23.50,25.90,23.90,22.00,24.40,21.40,23.30,23.20,20.70,20.70,25.50,25.30,22.60,23.20,20.30,23.30,21.00,21.20,24.50,20.90,24.50,23.20,21.80,24.20,25.30,21.30,20.30,24.20,85.70,24.30,23.80,23.90,22.80,20.00,24.90,21.60,21.10,24.90,24.20,24.90,22.10,24.50,21.10,25.70,22.90,20.20
TLM_RCV,-56,FG-ALPHA,20240415_083420,AUTO,0,33.29,5.00,-85,87.18,8.02,3.29,5.02,963,458,0,303,22.52,1013.60,12.00,405.40,12.46,46.15,1080,23.90,22.80,22.10,21.30,23.10,23.70,23.40,24.60,25.40,20.00,23.90,20.20,20.80,22.20,24.50,21.70,23.00,22.10,24.90,25.30,25.40,22.90,24.60,23.50,23.80,25.60,21.10,21.90,20.30,22.40,24.40,22.90,20.20,24.00,20.10,23.20,22.20,22.20,20.10,24.60,23.50,24.60,21.30,23.50,23.70,25.70,24.90,20.50,25.40,23.80,22.20,21.40,24.50,21.60,23.60,23.00,23.80,22.50,20.40,25.20,24.40,21.80,23.70,20.30
TLM_RCV,-41,FG-ALPHA,20240415_083421,AUTO,0,31.27,5.00,-85,87.25,8.03,3.30,5.02,1153,454,0,310,23.50,1013.40,11.90,406.10,12.46,46.15,1080,23.70,22.50,24.40,24.50,20.70,20.00,24.70,25.30,23.70,24.60,20.10,25.00,25.60,23.90,22.70,25.00,20.20,24.30,22.10,24.00,25.90,23.80,20.90,22.40,22.10,22.40,25.50,23.10,20.50,23.70,25.60,20.30,24.10,20.90,23.00,20.30,20.90,22.50,24.00,23.60,22.40,20.30,21.50,21.40,24.30,20.00,23.80,21.00,22.10,23.00,22.20,24.60,21.50,21.70,23.00,22.60,23.50,24.00,20.40,22.30,21.40,23.90,24.10,20.40
TLM_RCV,-68,FG-ALPHA,20240415_083443,AUTO,1,34.71,9.50,-85,88.06,7.94,3.30,4.99,980,1141,673,324,20.81,1013.30,12.10,405.10,12.48,46.90,1080,20.90,23.70,22.10,20.00,25.20,23.70,25.20,23.70,23.10,21.20,23.90,21.80,20.10,25.60,20.80,21.90,20.70,21.90,22.40,21.40,22.00,23.70,24.80,20.70,25.70,20.60,24.40,22.90,25.40,24.50,23.40,23.20,21.60,23.30,24.90,25.10,23.40,20.10,20.20,23.30,22.80,25.10,20.90,24.80,25.10,25.20,25.20,25.80,20.00,25.70,25.90,24.50,20.50,20.40,25.30,20.40,24.20,23.00,21.90,25.30,21.50,20.70,25.10,20.00
TLM_RCV,-68,FG-ALPHA,20240415_083444,AUTO,1,34.69,11.00,-85,88.06,7.94,3.29,4.96,1156,1139,665,330,20.08,1013.00,12.10,405.00,12.48,47.05,1080,23.10,24.00,23.00,21.80,23.00,23.60,22.80,23.20,22.90,23.00,23.20,21.50,21.30,24.10,20.60,21.90,21.80,20.80,20.20,22.50,21.70,21.90,21.20,20.80,25.00,22.10,21.80,25.70,24.90,24.70,21.00,25.50,20.00,25.90,21.90,21.20,20.90,20.40,21.50,25.30,20.30,25.10,23.80,23.60,20.10,23.20,23.00,25.70,25.90,24.60,23.80,23.50,24.60,21.50,21.50,25.10,25.70,22.00,25.50,25.70,22.70,25.20,24.50,20.10
TLM_RCV,-60,FG-ALPHA,20240415_083445,AUTO,1,34.92,12.50,-85,88.04,7.94,3.29,4.95,951,1185,713,317,21.17,1013.60,11.80,406.40,12.49,47.20,1080,23.30,25.80,24.90,22.10,23.90,23.20,23.60,21.60,20.80,20.80,20.00,21.20,22.90,23.60,22.80,24.80,24.50,25.00,21.30,21.10,20.10,22.90,24.10,22.80,23.30,24.60,25.60,21.80,24.20,24.80,21.60,22.20,20.30,23.10,24.00,21.60,25.40,24.20,21.20,21.80,25.50,20.20,23.10,25.10,20.30,20.90,25.80,21.10,22.50,20.30,23.60,22.00,25.90,22.20,23.70,24.00,23.30,21.20,20.70,20.10,21.30,22.80,20.90,24.70
TLM_RCV,-73,FG-ALPHA,20240415_083446,AUTO,1,35.76,14.00,-85,88.01,7.94,3.29,4.92,907,1152,674,328,21.23,1012.80,12.10,405.60,12.49,47.35,1080,23.90,22.70,23.90,24.80,20.20,22.10,22.40,21.30,25.40,24.30,20.40,24.10,23.00,22.10,20.60,23.50,23.20,24.80,22.10,21.80,25.00,24.30,24.30,21.80,20.10,24.30,23.00,25.20,25.60,20.80,24.50,20.80,21.80,20.60,21.90,70.60,22.20,21.60,25.90,22.30,24.80,20.30,24.00,21.50,25.00,23.60,21.70,22.60,25.80,22.00,24.10,23.80,24.20,20.40,25.80,25.60,24.40,25.90,22.70,20.00,22.90,21.30,23.20,24.00
TLM_RCV,-52,FG-ALPHA,20240415_083447,AUTO,0,31.02,12.00,-85,88.05,8.05,3.28,5.02,826,404,0,256,22.11,1013.60,12.00,405.80,12.49,47.35,1080,24.80,25.90,20.80,25.70,22.00,25.60,22.20,25.50,21.30,21.50,20.70,24.60,22.10,23.40,20.90,20.50,23.10,20.50,24.00,23.60,23.00,25.30,21.40,24.70,21.90,25.80,22.40,20.50,21.80,22.50,24.90,24.30,21.40,22.70,22.40,24.70,24.50,20.20,23.50,23.70,21.50,20.70,25.60,25.80,22.40,23.20,21.10,20.50,20.30,22.60,22.20,23.30,23.10,21.30,22.40,22.00,21.00,21.40,25.60,21.40,25.70,25.70,23.50,23.90
TLM_RCV,-45,FG-ALPHA,20240415_083448,AUTO,0,31.98,10.00,-85,88.11,8.06,3.31,5.02,933,395,0,250,22.69,1012.90,12.00,405.00,12.49,47.35,1080,22.40,25.40,25.30,21.60,25.40,23.50,22.60,20.10,25.80,20.60,20.80,22.70,24.50,25.50,25.30,24.30,24.70,21.60,23.40,23.60,22.40,23.90,21.70,20.60,24.70,25.10,24.00,25.80,20.20,23.90,25.60,25.10,25.10,24.80,24.90,21.40,25.30,23.70,20.40,25.30,23.10,23.40,22.10,20.30,23.90,23.60,25.50,21.70,22.70,25.60,24.90,20.70,24.80,23.70,25.00,23.60,21.40,22.20,22.60,22.00,23.00,24.90,24.80,21.60
TLM_RCV,-64,FG-ALPHA,20240415_083449,AUTO,0,32.23,8.00,-85,88.17,8.05,3.28,5.02,1030,446,0,298,22.92,1012.90,12.00,405.90,12.49,47.35,1080,20.80,22.40,20.90,22.00,24.00,23.20,22.00,24.00,20.90,20.80,23.80,20.50,24.30,22.30,20.80,24.00,23.50,22.60,20.70,24.00,23.80,22.90,24.30,25.30,21.20,22.30,22.40,23.00,24.10,20.60,24.60,25.00,24.40,22.90,23.40,25.30,24.60,25.00,23.60,20.90,20.30,24.10,25.00,23.20,20.60,21.60,24.00,23.50,21.70,21.50,22.80,25.90,20.20,22.80,24.70,24.60,24.60,21.90,22.60,20.90,21.40,21.00,22.40,20.50
TLM_RCV,-45,FG-ALPHA,20240415_083450,AUTO,0,32.27,6.00,-85,88.12,8.05,3.30,5.02,0,454,0,296,22.27,1013.60,12.10,405.90,12.49,47.35,1080,24.80,24.10,21.80,22.60,21.10,24.80,25.40,21.20,21.10,21.40,25.20,25.70,22.10,22.90,22.20,21.70,22.70,22.30,21.00,21.10,23.00,23.60,24.90,21.50,20.20,21.40,21.50,25.90,21.40,24.90,23.10,24.00,22.20,21.40,20.60,21.50,25.00,22.20,20.30,23.00,20.80,20.30,23.00,25.00,24.70,23.30,22.40,24.30,20.50,22.30,21.10,23.60,25.90,22.00,24.70,24.80,22.80,25.80,24.30,20.80,21.50,25.50,24.70,20.30
TLM_RCV,-84,FG-ALPHA,20240415_083451,AUTO,0,33.38,5.00,-85,88.18,8.04,3.28,5.02,1036,477,0,333,22.80,1013.40,11.80,404.80,12.49,47.35,1080,20.10,24.80,23.00,23.70,22.30,21.80,25.30,20.90,25.00,22.50,25.00,20.50,22.00,25.70,23.00,22.00,22.60,25.20,21.10,21.70,20.40,23.40,24.70,21.90,20.40,23.70,23.90,25.60,22.70,25.60,21.70,24.00,24.00,20.60,23.90,22.80,21.40,22.30,24.40,20.10,21.10,21.60,25.70,24.00,21.00,23.10,23.10,25.80,20.90,24.50,21.70,21.30,24.30,23.10,25.60,20.70,23.10,21.50,23.40,23.20,23.80,21.30,20.00,20.20
TLM_RCV,-41,FG-ALPHA,20240415_083452,AUTO,0,32.13,5.00,-85,88.24,8.05,3.29,5.02,1057,426,0,278,23.16,1013.30,11.80,404.80,12.49,47.35,1080,21.10,21.80,21.30,20.60,22.70,23.10,21.70,21.00,25.80,22.50,23.30,25.20,22.40,24.90,25.60,22.80,24.00,22.80,23.00,25.70,21.60,25.40,22.50,21.80,25.60,21.80,21.60,24.90,21.80,23.80,22.30,20.40,22.30,23.50,23.30,22.70,20.10,20.10,22.30,20.80,23.80,23.60,24.10,23.60,24.90,20.40,21.50,20.10,21.20,24.80,24.90,25.30,23.00,20.80,21.60,23.30,25.60,21.20,21.70,20.80,25.30,25.40,21.60,22.40
TLM_RCV,-59,FG-ALPHA,20240415_083453,AUTO,0,32.15,5.00,-85,88.29,8.05,3.28,5.02,963,431,0,284,22.66,1012.80,11.90,405.20,12.49,47.35,1080,21.20,24.90,21.60,22.30,23.00,23.90,25.20,24.00,23.10,25.90,21.60,21.10,25.60,24.70,24.00,21.40,20.80,23.20,24.30,20.00,24.80,25.50,20.70,23.70,20.60,24.10,23.00,24.70,24.00,22.40,22.50,21.70,21.20,22.30,20.50,21.80,21.00,25.30,20.30,23.70,21.30,25.10,23.00,23.10,23.90,24.80,25.20,24.00,20.00,22.10,23.80,22.40,25.10,22.10,24.90,24.60,23.40,25.80,25.80,24.40,22.80,21.80,25.10,21.80
TLM_RCV,-52,FG-ALPHA,20240415_083454,AUTO,0,33.46,5.00,-85,88.33,8.05,3.31,5.02,813,491,0,342,21.61,1012.90,11.80,405.80,12.49,47.35,1080,21.30,21.10,21.20,23.80,23.40,25.80,20.60,21.80,24.60,25.70,25.90,24.90,23.40,24.00,20.60,24.90,23.10,20.90,24.20,24.00,20.80,23.50,20.20,24.90,25.60,23.00,23.90,23.20,21.20,22.10,25.20,25.30,24.80,21.20,21.60,20.10,23.30,20.10,23.20,22.50,25.10,24.50,20.20,20.40,23.00,23.10,23.70,21.60,22.30,22.40,20.80,23.60,21.90,21.70,23.20,21.70,22.60,22.90,22.70,21.30,25.00,23.30,24.50,21.40
TLM_RCV,-50,FG-ALPHA,20240415_083455,AUTO,0,32.50,5.00,-85,88.28,8.04,3.31,5.02,0,500,0,344,22.50,1012.70,11.90,405.30,12.50,47.35,1080,25.80,22.80,22.50,23.10,22.30,22.00,22.70,25.20,21.40,23.60,23.30,21.70,23.00,22.70,22.60,24.30,21.30,25.60,20.60,22.80,21.00,24.90,24.00,21.80,20.10,25.10,21.90,23.00,24.10,25.80,23.40,20.30,22.10,21.30,22.70,21.70,21.30,24.10,21.40,25.30,21.90,23.60,21.00,23.40,25.50,20.70,25.50,21.10,23.10,23.90,25.90,24.90,24.50,23.10,21.40,20.00,23.20,23.50,23.40,22.80,24.30,22.00,21.30,25.90
TLM_RCV,-45,FG-ALPHA,20240415_083456,AUTO,0,33.51,5.00,-85,88.23,8.04,3.31,5.02,0,502,0,344,22.51,1012.70,12.10,404.90,12.50,47.35,1080,22.60,20.70,20.50,25.60,20.80,24.00,24.00,21.20,22.30,20.50,24.00,25.00,25.00,21.70,20.10,20.00,25.30,20.80,21.40,20.80,25.90,25.20,20.10,21.00,25.00,22.70,20.00,24.60,21.80,25.60,24.10,21.80,23.50,22.30,21.60,24.80,22.60,20.80,22.20,22.90,24.50,20.40,24.70,20.70,20.80,21.20,23.90,25.00,20.90,21.60,22.50,24.70,24.40,25.20,25.20,21.30,21.00,25.40,23.00,22.90,21.30,21.40,22.70,25.50
TLM_RCV,-56,FG-ALPHA,20240415_083457,AUTO,0,31.25,5.00,-85,88.26,8.05,3.29,5.02,840,450,0,302,21.95,1013.20,12.00,405.60,12.50,47.35,1080,22.30,25.90,20.60,25.70,21.80,22.80,25.20,20.00,22.30,20.40,23.10,23.90,23.80,24.00,25.70,23.30,23.80,21.00,22.30,25.90,24.90,23.60,23.10,25.80,22.80,23.40,22.10,25.30,23.60,23.30,25.70,23.50,20.70,20.20,25.50,22.90,24.80,21.80,23.10,24.40,24.00,22.90,22.80,21.80,23.80,25.50,23.30,21.90,23.80,25.30,21.00,23.20,23.50,25.70,23.00,25.70,20.40,23.60,21.00,22.60,22.10,21.40,21.60,21.70
TLM_RCV,-48,FG-ALPHA,20240415_083458,AUTO,0,32.18,5.00,-85,88.22,8.05,3.31,5.02,0,436,0,281,22.18,1013.00,11.90,405.50,12.50,47.35,1080,25.60,22.80,23.90,21.10,24.90,20.40,25.90,23.70,23.00,21.40,21.20,20.40,20.70,24.80,20.00,24.20,24.50,23.60,22.70,22.40,22.60,24.40,20.60,22.30,23.90,25.20,24.70,20.00,20.10,23.90,20.20,23.10,24.20,25.40,21.50,23.00,21.90,25.70,25.40,24.70,24.10,25.90,20.90,21.30,23.20,21.10,22.30,24.80,23.50,24.80,20.30,23.00,24.00,23.30,21.10,22.20,20.50,25.50,22.00,24.10,22.90,20.10,25.70,25.60
TLM_RCV,-57,FG-ALPHA,20240415_083459,AUTO,0,31.04,5.00,-85,88.18,8.06,3.31,5.02,0,408,0,254,22.04,1013.60,11.80,405.70,12.50,47.35,1080,25.50,20.90,23.00,24.10,21.70,22.00,24.70,23.30,22.30,23.60,20.60,21.90,25.60,24.00,25.30,21.30,22.00,23.20,20.80,21.30,21.40,24.10,23.00,21.50,22.60,24.10,23.50,20.20,23.40,23.10,23.90,23.70,20.80,20.80,21.90,21.50,21.20,22.70,21.40,21.90,25.20,23.70,22.80,20.00,21.60,25.50,20.70,21.50,24.70,24.00,21.40,21.40,24.00,23.70,24.70,24.40,24.90,22.80,22.40,20.50,23.80,21.10,25.50,25.90
TLM_RCV,-60,FG-ALPHA,20240415_083500,AUTO,0,31.15,5.00,-85,88.24,8.05,3.29,5.02,1081,429,0,288,23.26,1013.50,12.10,405.60,12.50,47.35,1080,24.90,21.30,25.20,24.10,21.10,24.40,21.80,24.50,20.10,23.40,24.80,21.90,21.40,23.20,22.80,22.00,25.60,23.80,24.50,21.20,23.70,25.00,21.40,23.10,22.70,24.00,20.30,21.70,25.10,22.10,22.80,20.20,20.00,21.80,23.20,20.00,25.60,22.10,25.50,20.10,22.10,23.10,21.80,22.40,21.80,21.50,23.40,21.50,23.10,20.70,22.60,21.10,21.90,22.00,22.30,22.30,21.00,20.60,20.20,25.40,21.30,23.80,21.50,25.00
TLM_RCV,-68,FG-ALPHA,20240415_083501,AUTO,0,31.23,5.00,-85,88.28,8.05,3.28,5.02,818,446,0,299,21.86,1013.10,11.80,406.00,12.50,47.35,1080,22.20,23.10,25.40,25.20,23.30,21.90,20.50,25.10,24.60,25.00,25.10,25.00,22.60,22.60,24.80,20.50,21.50,21.60,20.90,21.70,23.80,20.80,22.40,21.10,21.20,21.20,23.90,24.30,24.80,25.00,24.50,20.20,24.80,22.30,23.30,24.10,23.90,20.00,21.80,25.10,22.40,20.60,21.70,24.00,25.90,24.80,24.50,20.10,24.50,21.10,22.30,20.30,23.10,21.00,23.20,24.50,25.80,20.60,20.20,24.00,22.90,22.40,23.60,25.20
TLM_RCV,-95,FG-ALPHA,20240415_083502,AUTO,0,31.09,5.00,-85,88.32,8.06,3.31,5.02,847,419,0,274,22.14,1012.90,11.80,406.10,12.50,47.35,1080,24.40,21.90,25.30,21.30,20.50,25.20,22.40,22.30,24.80,20.00,24.40,21.10,20.50,22.90,24.40,25.40,23.70,21.50,22.60,23.20,21.80,24.50,23.30,22.20,24.00,24.40,22.00,24.60,21.50,21.30,23.40,25.70,20.80,20.10,23.30,21.40,21.60,24.10,20.20,24.30,24.60,25.80,25.20,23.00,22.10,24.30,24.30,20.90,25.00,20.00,25.00,25.10,25.80,20.00,23.20,21.80,22.20,22.70,24.90,21.90,23.30,24.30,20.20,21.80
TLM_RCV,-90,FG-ALPHA,20240415_083503,AUTO,0,32.04,5.00,-85,88.37,8.06,3.29,5.02,846,408,0,262,22.19,1012.90,11.90,406.20,12.50,47.35,1080,25.00,21.80,25.40,25.60,23.80,24.90,20.00,25.90,20.80,20.40,22.60,24.20,25.80,25.30,20.40,22.20,22.60,21.70,21.70,25.00,24.50,24.80,20.80,20.90,21.90,24.00,22.00,85.70,20.70,20.00,21.30,24.40,23.80,21.90,21.90,20.10,23.00,23.20,21.00,25.50,22.10,21.30,23.40,22.40,21.50,25.00,20.00,23.20,21.90,20.40,20.70,21.80,24.40,22.70,20.30,21.50,24.50,21.30,23.10,22.90,20.50,20.80,23.80,25.00
TLM_RCV,-77,FG-ALPHA,20240415_083504,AUTO,0,31.36,5.00,-85,88.32,8.05,3.31,5.02,0,473,0,322,22.36,1013.50,12.00,405.00,12.50,47.35,1080,21.70,22.70,21.90,25.10,25.40,21.50,24.30,25.30,21.90,24.70,25.00,25.80,25.20,21.30,25.70,20.40,25.30,25.80,23.40,21.90,25.60,23.90,22.10,22.30,22.60,25.20,22.90,25.70,24.50,20.10,24.40,25.30,21.80,24.60,23.90,25.60,20.50,24.80,21.20,25.50,24.00,23.90,23.70,23.50,21.10,21.00,21.90,22.50,23.90,23.10,25.50,24.90,22.60,20.40,24.30,21.10,20.50,21.90,25.20,23.10,22.40,24.90,25.30,24.30
TLM_RCV,-62,FG-ALPHA,20240415_083505,AUTO,0,32.47,5.00,-85,88.39,8.05,3.30,5.02,1185,495,0,343,23.45,1012.90,11.90,406.00,12.51,47.35,1080,23.70,24.40,24.40,22.70,21.40,21.00,23.60,21.50,22.00,22.30,20.20,20.70,23.50,24.60,23.90,22.50,23.90,20.30,24.70,24.90,23.40,21.50,23.50,22.10,21.10,23.10,21.60,25.20,24.00,24.20,25.60,23.70,21.50,23.20,24.70,23.90,23.80,23.70,23.50,25.70,25.20,23.50,23.60,21.70,21.80,25.00,22.80,20.90,21.00,20.70,20.50,22.40,22.20,25.80,20.40,22.00,21.70,21.00,20.30,25.20,22.70,22.30,23.90,23.70
TLM_RCV,-42,FG-ALPHA,20240415_083506,AUTO,0,33.22,5.00,-85,88.45,8.06,3.29,5.02,1009,445,0,299,22.82,1013.10,12.00,406.00,12.51,47.35,1080,21.70,25.30,24.60,25.90,21.10,25.10,22.00,20.50,25.70,23.40,20.50,22.50,23.80,24.10,21.50,20.10,22.60,20.00,24.40,24.40,23.10,20.40,22.60,20.00,25.50,20.90,20.00,21.00,21.40,21.20,24.30,24.80,22.80,25.40,22.90,21.70,22.20,20.90,24.80,24.20,22.50,25.70,24.00,20.60,21.30,21.70,21.10,25.30,23.80,24.60,24.20,25.70,24.20,23.90,24.60,25.00,20.20,20.60,25.30,24.70,23.80,25.80,25.50,21.30
TLM_RCV,-88,FG-ALPHA,20240415_083507,AUTO,0,31.34,5.00,-85,88.49,8.05,3.31,5.02,869,468,0,327,22.00,1013.50,12.10,405.90,12.51,47.35,1080,25.80,21.00,22.10,21.00,20.90,21.60,24.40,25.30,24.60,22.90,24.20,24.40,20.00,23.40,23.40,24.10,22.00,21.40,20.20,21.00,21.00,22.40,25.20,23.20,20.30,23.00,23.90,23.90,20.80,20.50,23.20,22.60,21.30,23.60,20.90,24.40,23.40,21.70,21.00,23.50,24.10,21.80,24.00,22.30,20.80,23.90,22.30,23.20,22.40,22.30,24.60,24.90,21.40,23.20,25.10,25.90,20.60,23.30,21.50,24.40,22.00,22.50,25.10,20.70
TLM_RCV,-83,FG-ALPHA,20240415_083508,AUTO,0,32.38,5.00,-85,88.56,8.05,3.29,5.02,1162,477,0,337,23.42,1012.90,12.00,405.50,12.51,47.35,1080,20.30,20.60,23.10,22.60,22.40,21.70,22.30,25.80,21.80,24.80,24.60,24.80,23.60,21.30,20.00,20.60,25.80,21.90,21.00,24.60,22.90,21.90,20.00,22.00,21.50,20.50,22.40,25.30,20.80,24.30,20.30,20.30,20.90,22.10,23.70,24.10,21.10,23.30,24.00,21.00,25.70,21.80,21.30,21.00,25.00,21.70,22.30,20.70,20.20,21.20,20.90,20.50,24.20,23.50,24.90,23.30,25.20,23.40,20.80,21.30,25.60,25.80,25.60,21.50
TLM_RCV,-74,FG-ALPHA,20240415_083509,AUTO,0,33.08,5.00,-85,88.60,8.06,3.30,5.02,870,415,0,257,22.27,1012.70,11.90,406.00,12.51,47.35,1080,25.70,25.90,20.10,23.50,20.00,20.00,25.80,24.40,22.10,21.90,21.50,22.30,20.20,23.90,20.10,21.10,24.80,25.50,24.40,22.00,20.70,24.50,20.50,21.00,21.60,24.80,24.50,22.10,23.30,23.30,23.00,25.40,23.90,25.50,25.30,22.50,25.40,24.60,24.60,20.30,20.70,21.70,22.30,20.40,23.10,22.90,21.30,25.70,21.90,21.50,23.70,24.20,22.10,23.50,24.30,23.30,25.80,22.50,20.70,21.30,23.30,20.70,21.00,20.90
TLM_RCV,-58,FG-ALPHA,20240415_083510,AUTO,0,31.31,5.00,-85,88.65,8.06,3.31,5.02,975,462,0,309,22.57,1013.20,12.10,404.50,12.51,47.35,1080,25.10,22.80,22.40,22.40,21.00,22.30,24.90,23.10,25.20,21.40,22.50,20.50,24.60,24.60,25.60,20.10,25.40,25.80,23.90,22.60,23.60,21.40,21.30,20.60,21.80,21.00,25.20,22.90,23.00,20.70,25.80,25.20,25.10,21.70,22.80,20.10,22.90,20.00,24.30,23.60,25.90,23.00,25.20,21.40,23.40,20.20,22.10,24.70,21.20,21.20,24.30,24.70,20.60,20.00,23.50,25.30,20.90,21.30,25.90,21.90,25.00,20.30,23.60,23.30
TLM_RCV,-70,FG-ALPHA,20240415_083511,AUTO,0,32.37,5.00,-85,88.71,8.06,3.28,5.02,1011,474,0,319,22.68,1013.60,12.00,404.90,12.51,47.35,1080,21.90,23.20,22.30,20.40,23.30,22.50,22.10,23.90,24.10,20.60,25.50,22.90,22.40,22.10,21.50,20.20,21.40,25.30,24.30,20.50,21.00,24.30,24.70,23.40,23.70,21.10,20.20,23.80,20.70,20.40,23.20,25.90,24.50,23.90,23.30,21.10,21.90,21.90,22.40,25.00,21.90,21.80,25.80,22.40,22.50,21.10,22.70,24.00,23.00,24.90,24.80,23.20,21.00,20.20,25.90,24.60,23.30,20.10,21.40,25.20,21.20,23.10,23.10,20.40
TLM_RCV,-80,FG-ALPHA,20240415_083512,AUTO,0,31.20,5.00,-85,88.77,8.06,3.28,5.02,1065,441,0,286,23.12,1013.50,11.90,406.20,12.51,47.35,1080,21.70,23.20,20.40,24.10,24.80,23.20,23.50,25.30,20.70,23.20,20.10,23.90,21.30,22.20,24.90,23.60,25.80,21.50,21.70,23.00,25.00,24.20,22.70,23.10,25.90,23.70,22.20,23.30,21.80,23.10,25.00,23.70,22.10,23.20,21.70,25.40,25.10,24.80,22.30,24.10,23.50,24.50,21.40,23.00,22.50,20.70,21.40,24.10,21.70,23.20,21.90,20.00,24.00,24.00,24.20,22.40,21.30,24.00,22.00,20.50,24.50,24.10,22.60,23.90
TLM_RCV,-94,FG-ALPHA,20240415_083513,AUTO,0,31.30,5.00,-85,88.72,8.06,3.29,5.02,0,459,0,306,22.30,1013.50,11.90,405.30,12.51,47.35,1080,22.60,22.00,23.60,23.80,21.00,22.30,21.90,23.60,23.60,23.20,25.70,20.50,21.40,23.10,22.60,22.60,22.30,23.30,22.70,22.00,21.20,20.50,24.90,21.10,25.90,24.30,25.50,23.80,21.50,22.70,24.00,22.90,20.00,25.50,23.80,24.10,23.60,22.20,21.60,24.10,25.70,20.30,23.50,20.50,23.10,24.10,25.10,20.50,24.90,25.10,23.80,21.20,23.30,22.00,24.80,24.90,21.50,25.00,23.30,21.80,20.60,25.80,23.70,24.60
TLM_RCV,-70,FG-ALPHA,20240415_083514,AUTO,0,31.22,5.00,-85,88.76,8.06,3.28,5.02,838,444,0,288,21.97,1013.40,12.10,406.30,12.51,47.35,1080,22.30,23.90,21.00,21.80,23.50,20.80,23.20,24.20,21.20,21.30,21.10,24.00,23.60,20.90,20.20,20.90,23.50,22.20,21.90,21.90,25.40,20.50,23.80,23.90,22.80,21.40,20.30,23.60,20.50,20.30,24.40,25.80,22.20,25.80,21.70,20.90,20.00,21.80,20.60,21.20,22.50,24.30,21.90,25.20,25.10,22.40,21.70,22.80,24.90,22.10,21.50,20.80,21.20,25.30,25.60,21.30,22.80,23.80,25.10,20.70,23.10,24.50,24.40,21.20
TLM_RCV,-49,FG-ALPHA,20240415_083515,AUTO,0,33.30,5.00,-85,88.82,8.06,3.31,5.02,1079,460,0,320,23.09,1012.70,11.80,405.20,12.52,47.35,1080,20.30,20.50,21.90,22.30,22.10,24.40,20.20,24.20,25.60,21.30,23.20,21.40,22.60,20.80,21.00,23.10,22.00,25.70,24.10,21.40,22.60,20.90,23.50,25.70,24.40,25.90,22.20,23.60,22.80,20.70,25.10,24.50,25.80,24.40,20.40,22.80,24.80,20.20,21.60,21.20,25.90,21.80,21.20,25.10,20.80,21.20,22.20,23.30,20.20,25.10,23.50,24.40,25.90,20.90,23.10,22.20,24.30,25.20,21.60,20.10,22.10,22.50,21.70,24.50
TLM_RCV,-72,FG-ALPHA,20240415_083516,AUTO,0,32.33,5.00,-85,88.78,8.06,3.31,5.02,0,467,0,310,22.33,1013.50,11.90,406.40,12.52,47.35,1080,24.70,25.10,24.40,24.70,24.20,24.00,24.50,24.50,22.70,23.60,22.50,21.10,24.60,25.50,21.20,22.50,21.70,22.40,24.00,22.60,24.60,21.60,22.60,24.20,23.50,23.70,21.50,22.30,25.50,22.80,20.80,25.50,24.50,24.10,21.40,24.90,20.80,23.60,23.30,22.90,24.90,21.10,22.90,24.90,22.50,23.70,23.30,23.40,20.90,25.00,25.00,23.90,25.10,25.80,21.70,20.40,20.60,20.00,24.60,21.60,22.70,24.20,25.70,20.30
TLM_RCV,-53,FG-ALPHA,20240415_083517,AUTO,0,32.42,5.00,-85,88.73,8.06,3.31,5.02,0,483,0,324,22.42,1012.80,12.00,404.50,12.52,47.35,1080,25.00,24.20,23.50,22.60,22.40,24.60,21.90,20.40,23.80,20.80,24.20,23.10,24.30,22.70,25.30,23.20,24.20,84.70,25.30,24.30,20.50,24.90,25.30,21.50,21.00,20.20,23.50,20.30,20.80,23.10,21.90,24.70,22.80,22.20,21.60,23.50,21.10,21.90,23.60,24.80,22.10,25.60,22.20,24.70,23.30,23.90,23.10,21.70,21.40,20.20,21.30,24.60,20.80,22.00,22.60,24.00,23.80,22.30,25.60,23.70,21.80,23.00,21.20,21.70
TLM_RCV,-77,FG-ALPHA,20240415_083518,AUTO,0,32.11,5.00,-85,88.69,8.07,3.31,5.02,0,422,0,278,22.11,1012.80,11.90,405.60,12.52,47.35,1080,22.80,23.30,25.80,20.70,22.50,20.90,22.80,25.70,24.80,22.80,24.40,21.60,25.00,25.60,25.30,22.90,22.70,20.60,24.80,25.20,24.90,23.40,21.30,22.90,25.20,20.20,24.20,20.50,23.40,23.40,22.70,22.60,23.10,22.20,25.00,23.50,22.80,23.20,20.80,23.40,21.70,25.40,24.20,21.80,23.60,21.10,24.60,21.10,21.90,21.30,25.80,24.70,20.40,22.30,25.70,25.00,25.80,24.20,20.10,22.50,22.00,23.40,20.60,24.80
TLM_RCV,-58,FG-ALPHA,20240415_083519,AUTO,0,33.16,5.00,-85,88.76,8.07,3.29,5.02,1139,432,0,273,23.53,1013.60,12.10,405.20,12.52,47.35,1080,20.80,23.60,20.20,25.90,24.30,25.50,20.50,24.20,23.10,23.50,22.90,25.50,23.10,20.80,21.50,20.50,24.50,23.60,21.40,21.10,22.30,23.90,25.90,24.10,20.90,25.00,23.20,24.10,22.50,20.80,25.50,23.30,25.90,24.20,20.20,25.50,23.80,20.30,20.30,24.40,23.30,21.50,21.40,21.50,25.90,22.70,25.10,20.80,21.30,21.00,23.40,24.50,22.00,24.60,24.90,21.70,20.70,20.80,24.90,20.80,21.30,22.60,24.40,20.90
TLM_RCV,-86,FG-ALPHA,20240415_083520,AUTO,0,31.34,5.00,-85,88.71,8.06,3.31,5.02,0,468,0,326,22.34,1012.80,11.80,405.70,12.52,47.35,1080,20.70,24.70,23.10,24.20,22.00,23.90,25.50,23.60,21.20,20.50,20.00,21.60,21.20,24.90,22.10,23.40,24.30,24.10,21.10,24.50,22.60,24.80,22.80,23.20,22.70,21.80,25.10,25.50,20.70,24.80,21.70,23.10,23.90,25.20,25.10,21.90,22.00,23.80,20.80,23.10,23.90,24.40,21.20,20.90,21.50,25.00,25.10,23.70,22.60,24.00,22.20,20.50,20.00,24.90,20.00,21.90,25.20,23.20,24.00,22.40,25.80,25.30,24.40,25.00
TLM_RCV,-83,FG-ALPHA,20240415_083521,AUTO,0,31.38,5.00,-85,88.75,8.06,3.29,5.02,839,476,0,326,21.82,1013.10,12.10,404.50,12.52,47.35,1080,23.20,22.80,20.80,24.50,21.50,22.80,25.50,21.50,23.10,25.60,24.90,21.10,25.30,20.10,25.00,22.10,21.00,25.30,22.20,23.50,22.90,20.50,21.90,22.80,24.10,24.80,21.30,22.30,24.60,25.50,23.70,20.80,23.30,20.00,24.90,21.10,23.70,25.20,23.40,25.60,20.10,20.90,20.60,23.10,22.40,24.50,23.00,20.00,20.40,22.60,22.10,21.20,25.50,25.60,24.30,25.60,22.70,24.40,22.10,24.90,24.90,23.50,24.60,22.30
TLM_RCV,-88,FG-ALPHA,20240415_083522,AUTO,0,32.37,5.00,-85,88.80,8.06,3.31,5.02,960,473,0,325,22.43,1013.30,12.00,405.30,12.52,47.35,1080,21.10,25.50,25.80,22.40,23.30,23.50,20.70,20.30,22.40,23.70,22.70,23.10,22.60,23.30,20.10,23.00,25.40,21.30,25.70,21.90,21.80,24.50,21.10,20.10,25.20,23.00,20.50,24.70,20.00,20.20,21.80,22.80,24.60,22.60,25.80,24.60,23.50,22.20,20.70,22.60,25.90,20.90,20.30,20.90,25.20,24.10,22.10,22.50,23.60,20.30,21.90,20.00,20.20,25.60,23.50,22.10,21.70,24.10,24.70,20.50,25.80,24.30,21.30,20.80
TLM_RCV,-83,FG-ALPHA,20240415_083523,AUTO,0,32.19,5.00,-85,88.84,8.07,3.28,5.02,863,437,0,287,22.13,1013.60,11.90,405.00,12.52,47.35,1080,22.40,25.10,24.20,23.70,20.50,22.10,25.90,24.20,20.90,20.80,20.10,21.20,21.20,24.70,22.70,23.40,22.70,22.80,22.70,20.50,24.10,22.10,25.80,20.90,21.70,25.60,23.20,25.10,25.10,23.60,23.00,22.80,23.80,20.70,24.90,23.60,22.80,23.90,23.60,22.30,23.00,25.50,24.40,20.20,20.70,24.40,21.00,21.10,24.50,23.30,20.60,22.80,20.90,24.20,24.00,23.30,24.90,24.50,20.60,25.60,21.80,25.70,23.50,23.20
TLM_RCV,-66,FG-ALPHA,20240415_083545,AUTO,0,32.27,5.00,-85,89.33,8.08,3.29,5.02,1022,454,0,312,22.84,1013.10,12.00,404.80,12.55,48.55,1080,24.50,23.00,23.90,21.70,25.00,21.20,23.60,21.40,24.30,25.10,22.30,24.60,21.10,20.90,24.30,20.50,22.40,22.10,21.70,21.60,22.70,24.00,21.00,20.50,25.50,24.80,20.60,24.80,23.70,24.70,24.80,21.40,20.70,20.40,22.80,22.50,25.50,20.10,20.40,21.30,24.10,23.60,25.80,25.70,22.80,20.10,22.00,22.60,25.90,22.40,24.20,23.80,24.00,23.10,25.80,24.00,20.50,21.10,25.60,20.40,22.50,22.00,25.50,23.60
TLM_RCV,-89,FG-ALPHA,20240415_083546,AUTO,0,32.02,5.00,-85,89.37,8.08,3.31,5.02,815,404,0,258,22.06,1013.10,11.80,404.80,12.55,48.55,1080,24.50,21.80,23.40,24.90,25.70,25.00,21.00,25.40,23.80,22.90,25.10,25.00,21.40,22.10,23.60,22.60,22.70,25.00,24.30,22.30,24.50,25.00,25.50,21.60,25.40,24.70,20.00,23.50,23.70,25.10,21.20,20.30,25.50,22.30,20.70,25.80,25.60,23.10,23.70,20.40,22.70,24.90,25.00,21.00,23.70,23.90,24.10,24.30,21.00,24.80,21.10,25.90,25.10,21.30,24.30,21.60,25.80,24.30,25.20,22.30,20.30,22.20,22.80,24.30
TLM_RCV,-44,FG-ALPHA,20240415_083547,AUTO,0,31.42,5.00,-85,89.42,8.07,3.29,5.02,983,483,0,330,22.50,1013.60,11.90,405.80,12.55,48.55,1080,24.10,20.80,25.30,21.70,23.90,25.50,21.40,25.50,21.10,22.00,25.90,23.40,20.50,22.20,22.10,21.90,25.80,24.70,23.50,25.20,23.30,21.50,21.80,23.00,21.10,20.40,22.60,20.90,25.50,20.80,20.80,22.30,20.60,20.50,25.20,25.30,21.40,25.90,20.60,23.60,20.20,25.60,22.30,20.70,20.90,20.70,21.20,21.60,23.30,20.20,24.90,24.80,23.00,20.90,25.50,21.50,23.00,21.70,25.90,23.80,23.00,20.20,21.30,20.80
TLM_RCV,-68,FG-ALPHA,20240415_083548,AUTO,0,32.36,5.00,-85,89.47,8.08,3.30,5.02,947,472,0,320,22.37,1013.40,11.80,405.80,12.55,48.55,1080,25.00,21.70,24.70,21.90,23.00,22.10,21.80,22.00,21.50,25.90,21.10,25.60,20.10,24.90,24.10,24.70,20.50,25.90,22.30,25.50,24.20,21.20,22.60,23.60,24.10,25.00,23.60,25.30,23.80,20.10,23.70,20.20,22.30,24.20,20.70,25.70,21.90,22.40,25.10,21.30,20.20,20.20,23.10,21.40,22.20,21.60,25.40,23.20,21.80,25.80,22.50,24.20,21.20,25.10,21.20,23.90,24.30,20.30,25.60,21.20,20.90,24.30,25.70,22.70
TLM_RCV,-90,FG-ALPHA,20240415_083549,AUTO,0,33.46,5.00,-85,89.53,8.08,3.31,5.02,1049,491,0,337,22.79,1013.60,12.10,405.10,12.55,48.55,1080,24.00,23.60,24.70,21.20,23.20,21.90,22.00,23.80,23.40,25.50,20.20,20.70,24.10,23.80,23.90,24.70,22.20,22.30,23.60,20.80,22.30,22.00,21.00,23.90,24.40,23.10,25.20,24.80,20.20,24.00,25.00,25.70,20.10,20.60,20.80,23.40,23.80,25.60,24.50,24.00,22.00,24.30,21.60,23.20,23.10,22.40,20.90,23.30,25.50,22.60,23.90,22.20,20.70,20.10,20.80,20.10,24.40,23.70,21.90,22.80,20.20,22.70,23.50,20.80
TLM_RCV,-88,FG-ALPHA,20240415_083550,AUTO,0,31.07,5.00,-85,89.49,8.09,3.30,5.02,0,413,0,259,22.07,1013.50,11.90,405.40,12.55,48.55,1080,20.90,21.20,21.70,21.80,23.60,22.20,24.20,25.30,24.80,22.90,22.10,21.60,23.00,20.20,23.10,22.40,23.50,24.60,21.70,21.60,22.40,23.90,25.50,22.60,24.60,23.50,21.50,25.00,23.40,25.80,25.90,22.00,25.10,20.10,21.30,21.40,24.60,20.40,25.90,22.50,21.20,20.80,24.80,22.00,22.50,22.70,22.80,22.60,21.90,21.70,23.70,23.30,25.70,25.80,20.00,20.20,21.80,23.00,23.00,22.30,25.70,23.30,23.60,21.80
TLM_RCV,-40,FG-ALPHA,20240415_083551,AUTO,0,32.15,5.00,-85,89.54,8.08,3.30,5.02,965,431,0,282,22.67,1013.40,12.10,405.70,12.55,48.55,1080,21.60,24.20,20.70,20.60,24.00,24.20,22.20,20.90,22.70,22.60,24.30,24.80,20.50,21.90,20.30,20.30,23.70,20.30,20.60,25.30,20.20,20.10,22.20,22.10,20.20,21.60,24.60,25.70,25.20,20.00,20.60,24.30,25.10,23.40,21.80,22.50,24.70,20.20,25.80,24.40,24.20,24.50,23.50,25.50,23.80,25.20,20.10,25.10,25.50,23.60,25.50,20.90,22.00,21.70,25.90,24.70,24.80,21.90,25.20,22.40,22.50,22.70,25.00,23.00
TLM_RCV,-46,FG-ALPHA,20240415_083552,AUTO,0,33.13,5.00,-85,89.59,8.09,3.29,5.02,886,427,0,278,22.30,1012.70,12.10,406.20,12.55,48.55,1080,23.80,21.40,25.80,25.70,20.90,23.20,24.60,23.10,20.30,22.50,20.00,21.60,21.20,24.80,20.30,20.50,22.40,24.50,22.70,20.90,23.10,25.80,25.60,22.20,24.20,24.90,20.10,22.40,24.20,25.70,22.00,25.50,21.00,23.30,20.80,25.40,22.20,20.80,20.30,21.40,25.80,25.80,21.70,23.20,24.10,22.80,25.50,22.90,23.10,21.40,25.90,24.90,21.60,21.90,21.50,23.80,20.00,23.30,25.70,21.50,25.60,20.40,23.00,23.00
TLM_RCV,-92,FG-ALPHA,20240415_083553,AUTO,0,32.40,5.00,-85,89.63,8.08,3.29,5.02,973,479,0,329,22.47,1013.20,11.90,406.20,12.55,48.55,1080,25.60,24.70,23.00,24.50,25.40,25.00,24.20,23.10,21.20,21.50,21.40,24.80,24.50,20.30,24.00,21.10,21.80,23.60,25.20,20.80,25.00,25.20,24.80,81.20,20.50,22.10,22.40,23.20,24.60,20.90,22.70,25.90,22.50,25.80,20.00,23.40,21.70,22.20,20.30,20.30,25.60,22.20,22.80,22.00,25.90,20.30,20.60,24.10,25.80,22.00,20.40,23.80,24.80,20.40,22.90,22.00,21.00,20.00,21.40,23.00,21.40,22.20,24.50,21.70
TLM_RCV,-47,FG-ALPHA,20240415_083554,AUTO,0,31.41,5.00,-85,89.68,8.08,3.31,5.02,950,482,0,332,22.34,1013.00,11.90,405.90,12.55,48.55,1080,25.10,21.00,20.90,23.30,24.90,22.50,20.00,21.30,20.10,20.00,22.90,20.30,24.50,22.30,25.40,21.10,23.50,22.00,23.40,21.30,23.00,24.70,21.30,21.70,20.30,24.80,24.60,22.50,24.10,21.00,22.90,22.80,24.70,20.30,22.20,24.60,22.90,25.80,24.60,21.30,22.00,22.80,20.70,23.90,25.60,25.40,23.40,25.40,24.30,25.50,24.50,23.10,20.10,24.10,25.40,21.10,21.90,22.70,23.60,25.10,24.90,20.60,20.50,24.80
TLM_RCV,-87,FG-ALPHA,20240415_083555,AUTO,0,32.10,5.00,-85,89.64,8.09,3.29,5.02,0,420,0,275,22.10,1012.90,12.00,405.70,12.56,48.55,1080,20.30,22.80,23.10,22.50,21.50,23.50,23.60,23.50,22.20,23.30,25.20,24.40,22.30,24.10,23.50,24.90,25.80,21.60,20.70,22.00,21.10,25.10,22.40,23.70,84.90,21.30,22.90,23.90,25.50,20.70,23.40,22.50,23.60,22.90,22.90,25.90,24.90,25.40,24.40,22.60,23.10,22.90,21.70,22.70,20.80,23.70,24.90,22.70,20.90,21.40,24.70,24.10,24.30,24.60,21.60,22.10,21.40,24.40,23.40,24.10,22.30,20.80,20.80,22.70
TLM_RCV,-83,FG-ALPHA,20240415_083556,AUTO,0,33.31,5.00,-85,89.70,8.08,3.29,5.02,1104,463,0,318,23.20,1012.90,11.80,405.00,12.56,48.55,1080,21.30,20.30,25.80,25.50,22.20,25.80,21.30,23.90,22.50,20.00,23.50,20.80,23.50,24.90,24.70,24.60,23.80,25.10,22.00,23.30,20.20,21.70,23.10,25.70,21.80,23.40,25.70,24.00,24.70,22.30,24.40,24.90,24.30,25.20,23.00,22.50,22.20,20.00,23.90,21.30,24.40,23.90,24.70,20.60,25.70,20.10,25.20,23.90,23.50,25.90,24.80,24.50,25.00,20.20,22.10,22.20,24.80,81.90,23.30,24.80,20.50,21.40,22.90,24.20
TLM_RCV,-81,FG-ALPHA,20240415_083557,AUTO,0,31.12,5.00,-85,89.75,8.09,3.28,5.02,925,424,0,276,22.50,1013.10,12.10,404.80,12.56,48.55,1080,25.70,20.80,25.70,21.20,23.10,21.10,22.00,21.20,21.30,21.10,24.70,21.40,23.40,21.50,21.60,25.30,22.40,25.90,21.50,24.60,21.90,24.60,25.60,24.20,25.40,24.50,20.50,21.80,20.00,21.30,22.70,23.80,21.10,20.00,23.70,24.20,23.60,21.80,24.90,21.60,22.10,24.30,20.50,25.10,22.50,25.40,22.80,23.00,20.00,25.80,23.60,20.70,25.10,24.40,24.00,25.00,25.00,22.90,22.00,25.30,24.90,21.30,21.20,24.80
TLM_RCV,-54,FG-ALPHA,20240415_083558,AUTO,0,31.29,5.00,-85,89.82,8.09,3.31,5.02,1110,458,0,318,23.26,1012.90,12.10,406.10,12.56,48.55,1080,20.10,24.30,21.20,24.80,24.30,23.10,24.80,24.40,24.70,22.40,22.00,23.10,23.80,21.90,23.10,25.40,23.30,24.90,20.40,21.90,23.70,22.20,24.60,25.10,25.60,24.70,25.10,22.80,20.00,25.80,24.70,25.60,25.00,23.80,24.10,23.20,20.30,25.80,20.20,23.30,25.60,20.30,25.10,20.50,25.90,23.40,22.20,22.30,25.30,20.40,20.60,23.30,25.10,22.80,22.00,20.00,21.60,22.10,22.10,24.40,20.50,23.30,21.80,24.70
TLM_RCV,-70,FG-ALPHA,20240415_083559,AUTO,0,31.17,5.00,-85,89.86,8.09,3.28,5.02,854,434,0,291,22.10,1012.70,12.10,405.40,12.56,48.55,1080,21.40,22.90,22.50,23.60,20.20,25.10,24.20,22.00,24.90,20.00,21.60,24.30,20.80,24.90,21.40,22.50,21.50,20.00,21.40,24.70,22.10,20.40,20.50,23.20,21.50,22.60,20.00,22.40,25.90,20.50,22.20,25.90,21.40,20.60,22.50,24.60,22.60,22.70,24.10,25.40,21.60,21.30,25.00,24.50,24.50,21.90,25.20,22.60,25.20,24.60,22.70,21.20,21.40,21.50,21.00,25.20,24.80,74.10,23.80,23.50,21.10,20.70,24.50,20.90
TLM_RCV,-64,FG-ALPHA,20240415_083600,AUTO,0,32.31,5.00,-85,89.93,8.09,3.30,5.02,1111,463,0,322,23.24,1013.00,12.00,406.10,12.56,48.55,1080,25.50,21.30,24.30,21.90,25.60,23.00,24.10,25.30,25.30,25.80,22.50,22.60,20.80,22.00,20.20,25.40,20.00,22.90,24.20,20.60,23.50,20.50,25.30,24.10,24.30,20.80,21.20,22.10,22.00,20.50,24.20,25.90,24.40,25.70,23.70,22.30,22.50,23.80,20.70,20.00,22.10,24.80,20.40,20.60,23.70,25.80,25.20,22.90,25.50,25.90,21.60,21.80,24.20,21.20,23.00,23.30,23.60,25.50,21.90,22.70,22.90,20.60,22.90,22.00
TLM_RCV,-67,FG-ALPHA,20240415_083601,AUTO,0,31.31,5.00,-85,90.00,8.09,3.31,5.02,1199,462,0,314,23.68,1013.00,11.90,404.80,12.56,48.55,1080,24.70,21.40,22.50,24.70,24.30,20.70,21.70,23.10,24.90,24.80,23.70,23.80,24.30,23.60,23.50,24.00,24.50,22.60,24.00,25.50,22.90,23.40,20.70,21.50,22.00,20.30,21.70,25.80,25.80,24.40,22.40,23.20,21.30,23.50,21.10,24.80,21.90,20.10,23.30,20.20,21.10,20.50,20.10,22.20,23.60,23.20,20.80,24.70,22.30,20.10,23.90,24.90,25.70,23.60,20.60,20.80,23.10,21.30,24.00,22.90,25.60,22.60,22.80,23.60
TLM_RCV,-69,FG-ALPHA,20240415_083602,AUTO,0,31.11,5.00,-85,90.04,8.10,3.31,5.02,806,422,0,273,21.92,1013.40,11.80,404.90,12.56,48.55,1080,23.50,21.90,21.20,25.70,23.00,21.70,22.90,20.30,21.40,24.50,23.50,20.10,24.20,22.20,25.80,20.90,20.80,24.80,23.80,22.20,22.20,23.90,22.80,21.90,24.70,20.00,22.90,20.00,20.30,20.10,25.20,24.60,24.10,23.00,22.90,25.00,20.40,25.80,22.10,21.20,20.20,25.70,22.50,24.30,20.50,21.40,22.90,25.70,22.00,20.50,22.60,21.00,25.90,23.50,22.80,24.90,23.20,21.70,24.20,24.40,21.10,21.30,21.80,23.60
TLM_RCV,-65,FG-ALPHA,20240415_083603,AUTO,0,33.07,5.00,-85,90.10,8.10,3.28,5.02,1033,414,0,261,23.09,1013.20,11.80,404.60,12.56,48.55,1080,24.80,25.70,20.40,24.40,23.00,20.30,25.10,23.00,22.10,23.40,22.90,20.10,20.40,24.90,22.20,24.30,24.10,23.20,20.60,22.60,25.80,22.20,20.20,25.50,24.60,25.60,22.20,24.60,20.60,24.40,22.60,20.80,21.20,25.80,20.90,21.70,21.30,20.80,23.50,25.70,24.90,25.30,25.30,23.90,20.30,24.80,21.90,20.20,22.30,23.80,24.60,24.40,25.50,22.10,21.00,20.90,25.20,22.10,25.60,20.50,22.50,25.30,21.00,24.20
TLM_RCV,-54,FG-ALPHA,20240415_083604,AUTO,0,32.22,5.00,-85,90.16,8.10,3.28,5.02,1002,443,0,302,22.80,1013.20,11.80,406.10,12.56,48.55,1080,21.00,23.70,24.40,24.50,24.80,23.40,23.70,20.60,25.30,25.80,21.20,24.30,24.90,23.70,21.50,21.20,21.50,25.90,24.40,21.20,22.70,25.40,21.80,20.70,20.60,22.00,24.90,23.40,23.00,22.90,23.40,23.40,21.90,24.10,20.40,23.40,21.10,22.80,23.70,24.20,21.30,20.50,21.10,21.40,24.00,22.20,20.90,24.60,22.60,25.30,25.20,21.70,24.10,23.50,24.50,21.80,22.20,21.60,21.50,21.90,23.70,24.60,22.20,22.40
TLM_RCV,-78,FG-ALPHA,20240415_083605,AUTO,0,32.28,5.00,-85,90.20,8.10,3.31,5.02,944,456,0,303,22.44,1013.30,12.00,405.60,12.57,48.55,1080,25.80,20.50,24.40,25.70,23.00,24.00,23.90,20.40,21.00,25.00,23.20,21.70,20.30,25.50,24.30,21.70,22.30,20.10,23.30,20.50,22.30,21.60,22.70,20.10,20.00,20.60,22.60,22.40,23.40,24.70,22.70,22.50,24.40,23.30,20.80,23.50,20.50,23.20,22.30,25.00,22.70,20.80,20.50,23.20,24.10,24.80,24.10,25.30,24.70,24.40,25.00,21.40,22.50,24.40,23.80,23.50,22.50,21.70,21.30,21.60,25.40,20.40,22.50,23.80
TLM_RCV,-94,FG-ALPHA,20240415_083606,AUTO,0,33.38,5.00,-85,90.27,8.09,3.30,5.02,1133,477,0,335,23.28,1012.70,11.90,405.40,12.57,48.55,1080,23.30,22.10,22.70,23.60,20.70,23.80,20.50,23.30,20.50,24.50,24.20,25.20,24.70,25.20,25.80,23.90,22.20,22.70,23.70,20.10,24.20,25.80,24.30,21.40,25.70,21.10,23.80,23.20,22.80,21.70,23.20,22.10,25.90,24.70,21.00,23.40,20.50,21.00,22.40,20.80,23.70,23.40,22.50,21.50,25.80,21.10,25.00,25.90,25.20,20.70,24.20,24.40,20.40,25.60,25.00,24.60,21.00,24.80,24.20,24.60,20.10,21.00,24.90,20.70
TLM_RCV,-58,FG-ALPHA,20240415_083607,AUTO,0,31.17,5.00,-85,90.32,8.10,3.30,5.02,886,435,0,290,22.25,1013.20,11.90,406.40,12.57,48.55,1080,20.00,25.20,22.60,24.60,22.50,21.10,25.40,25.80,21.60,24.20,23.60,25.00,24.70,24.90,21.80,24.00,20.50,23.10,20.30,24.10,22.70,24.30,21.80,20.00,23.40,24.80,21.80,25.60,25.00,23.80,21.90,23.40,24.70,24.00,23.50,23.70,22.30,25.50,24.60,24.60,24.10,23.80,21.60,20.50,24.40,23.40,25.70,20.40,20.80,21.10,23.00,22.30,21.30,25.50,22.10,21.00,20.40,23.30,24.20,20.10,20.00,25.30,24.10,20.80
TLM_RCV,-68,FG-ALPHA,20240415_083608,AUTO,0,32.26,5.00,-85,90.36,8.10,3.28,5.02,882,451,0,303,22.16,1012.70,12.10,405.50,12.57,48.55,1080,25.60,20.00,20.60,23.80,24.60,22.30,24.20,21.20,23.70,21.40,21.60,21.30,23.70,24.90,22.00,25.70,22.00,21.70,25.20,23.90,25.60,21.30,21.30,20.20,22.50,20.80,21.10,23.40,24.20,20.20,22.30,25.50,23.90,21.80,23.90,22.70,20.30,21.40,21.70,24.00,22.40,20.90,21.70,23.00,22.60,22.30,22.40,20.70,24.90,25.00,21.00,24.20,22.60,21.00,24.70,20.60,24.80,20.30,23.90,22.30,21.10,25.40,22.50,21.70
TLM_RCV,-50,FG-ALPHA,20240415_083609,AUTO,0,32.44,5.00,-85,90.31,8.09,3.30,5.02,0,487,0,341,22.43,1013.00,11.80,405.40,12.57,48.55,1080,24.00,22.40,24.60,23.90,20.50,21.30,21.20,22.60,23.20,23.30,23.40,22.70,23.20,24.90,23.50,21.30,22.10,21.80,22.90,20.70,22.50,22.70,22.90,25.00,25.20,22.20,25.80,22.70,23.10,25.30,21.20,25.70,22.10,23.50,25.90,22.10,21.90,24.50,22.90,25.50,21.80,20.80,25.30,23.60,23.50,20.40,20.60,21.50,25.30,25.50,20.30,23.80,24.10,24.80,24.60,22.20,24.50,23.50,25.60,22.90,23.00,22.10,20.10,22.00
TLM_RCV,-91,FG-ALPHA,20240415_083610,AUTO,0,33.42,5.00,-85,90.26,8.09,3.30,5.02,0,483,0,325,22.42,1013.10,11.90,405.10,12.57,48.55,1080,21.00,23.30,23.60,20.00,22.60,25.00,25.10,23.60,23.20,20.30,21.20,25.80,24.30,20.80,20.70,23.20,24.90,22.90,23.50,20.50,21.70,24.30,23.30,25.70,20.30,24.20,25.20,21.10,24.80,22.20,21.20,22.80,24.40,24.10,22.70,21.80,20.40,20.30,22.80,22.10,21.70,23.90,23.80,20.80,23.10,23.10,20.30,23.90,22.20,22.80,25.60,24.60,21.40,22.30,21.80,25.00,23.80,24.10,23.00,20.70,23.70,21.60,24.90,25.40
TLM_RCV,-78,FG-ALPHA,20240415_083611,AUTO,0,32.03,5.00,-85,90.31,8.11,3.30,5.02,848,407,0,253,22.20,1012.80,11.90,404.50,12.57,48.55,1080,21.80,21.50,24.80,23.60,20.40,23.50,25.50,25.00,24.20,24.70,23.90,24.60,23.20,22.20,24.40,24.80,20.60,22.80,21.10,25.60,20.30,24.60,22.40,22.40,25.10,21.30,20.80,20.90,24.00,21.00,25.60,22.20,20.10,20.50,20.80,25.00,20.60,23.90,21.30,20.80,20.80,24.60,22.00,22.00,20.10,25.60,24.40,22.60,21.10,21.10,25.10,22.10,20.90,21.60,20.20,23.90,25.70,23.00,25.40,23.70,22.20,21.90,21.80,23.00
TLM_RCV,-95,FG-ALPHA,20240415_083612,AUTO,0,32.07,5.00,-85,90.36,8.11,3.30,5.02,952,414,0,258,22.69,1012.70,12.10,405.20,12.57,48.55,1080,20.50,23.60,21.70,22.50,25.90,21.70,23.50,21.50,25.90,20.60,21.80,21.80,23.20,23.90,23.00,24.90,25.40,23.20,23.60,21.50,23.20,22.50,22.70,20.40,20.90,23.60,24.30,24.90,22.00,22.70,21.10,22.90,21.60,24.80,23.50,23.90,24.90,22.00,22.70,21.80,24.70,20.40,21.50,25.20,23.00,21.30,20.60,25.10,21.80,21.70,20.10,24.10,24.00,22.20,20.90,23.00,25.10,25.70,25.70,25.40,24.70,23.30,23.30,25.20
TLM_RCV,-60,FG-ALPHA,20240415_083613,AUTO,0,33.17,5.00,-85,90.42,8.10,3.30,5.02,1044,434,0,279,23.05,1012.70,11.90,405.90,12.57,48.55,1080,24.60,21.90,24.90,23.00,22.50,20.80,25.50,25.80,21.60,23.40,21.60,25.80,23.30,25.40,25.70,25.80,20.70,20.80,21.00,25.30,24.70,21.20,22.40,23.30,25.30,25.20,20.30,22.30,20.20,24.30,22.40,20.60,21.90,23.00,20.60,22.60,25.60,21.90,23.20,21.60,24.30,20.70,22.20,22.50,20.10,20.20,22.00,24.20,22.90,24.50,23.80,25.80,24.30,24.20,22.90,24.50,23.40,25.00,25.60,24.70,23.90,24.00,21.30,22.30
TLM_RCV,-78,FG-ALPHA,20240415_083614,AUTO,0,32.15,5.00,-85,90.47,8.11,3.29,5.02,945,430,0,272,22.58,1013.20,12.00,405.50,12.57,48.55,1080,22.30,21.60,21.30,22.60,21.40,22.60,25.00,22.00,25.90,22.30,23.70,20.50,24.00,23.80,25.20,23.90,20.60,22.60,21.10,23.20,20.50,23.90,22.20,22.70,21.00,23.40,22.40,21.30,22.70,20.10,22.10,25.80,20.50,25.40,20.90,24.70,23.60,24.30,21.10,23.00,25.70,25.70,23.70,22.80,21.50,25.90,25.40,22.20,22.30,24.30,25.90,24.50,21.00,23.20,23.20,25.50,21.50,21.30,20.40,24.10,23.10,20.70,23.00,22.80
TLM_RCV,-89,FG-ALPHA,20240415_083615,AUTO,0,31.09,5.00,-85,90.52,8.11,3.29,5.02,868,418,0,271,22.25,1013.10,12.00,405.00,12.58,48.55,1080,21.50,25.30,21.30,25.70,20.10,24.80,24.60,25.90,20.90,21.40,20.30,20.90,23.60,23.80,23.90,20.70,20.30,23.00,23.90,20.70,24.20,22.90,23.40,25.10,23.70,22.20,21.20,23.70,20.70,24.50,21.50,24.50,21.40,20.70,25.70,20.40,25.10,20.40,21.70,20.60,25.40,24.70,24.60,25.80,25.60,20.00,20.10,21.70,24.40,22.70,22.10,22.50,23.20,22.80,24.30,24.70,24.50,24.80,24.50,25.60,22.40,24.00,24.20,24.60
TLM_RCV,-95,FG-ALPHA,20240415_083616,AUTO,0,32.12,5.00,-85,90.59,8.11,3.31,5.02,1145,424,0,267,23.60,1012.70,11.90,405.50,12.58,48.55,1080,22.20,23.50,24.20,23.20,25.60,23.80,24.40,21.10,22.20,23.70,23.70,20.40,25.30,22.40,24.40,24.30,23.40,24.60,24.60,24.60,20.50,21.00,22.30,21.20,20.60,25.30,20.00,22.40,24.90,24.60,20.00,21.80,22.80,24.50,21.20,21.80,25.30,23.00,22.50,22.90,23.00,23.40,23.80,25.90,20.70,24.90,22.00,25.90,25.20,21.20,24.40,23.70,24.60,20.70,23.40,21.90,23.30,22.20,22.70,25.40,25.60,25.30,20.50,22.20
TLM_RCV,-84,FG-ALPHA,20240415_083617,AUTO,0,33.06,5.00,-85,90.66,8.11,3.29,5.02,1172,412,0,261,23.80,1013.60,11.90,405.70,12.58,48.55,1080,23.00,25.90,24.60,21.40,24.30,23.30,23.00,24.10,78.80,22.70,22.60,20.10,25.40,22.60,20.70,22.40,24.60,21.10,22.20,23.50,22.70,22.20,23.00,22.90,24.90,23.90,21.80,23.60,25.50,20.30,23.50,20.70,20.50,23.40,25.40,23.60,20.50,22.70,25.60,24.60,21.40,23.80,23.00,21.90,23.40,24.40,22.00,24.60,25.00,25.80,22.60,21.50,24.40,25.00,20.10,22.90,25.60,24.80,21.30,23.30,23.30,24.60,24.90,22.90
TLM_RCV,-55,FG-ALPHA,20240415_083618,AUTO,0,31.41,5.00,-85,90.72,8.11,3.30,5.02,990,481,0,331,22.55,1013.50,12.00,406.40,12.58,48.55,1080,23.60,23.50,23.10,25.20,21.20,25.00,24.00,24.70,24.20,20.50,22.10,25.20,22.00,22.70,20.70,21.10,25.20,23.00,25.90,24.80,21.90,21.90,24.50,20.70,22.00,24.50,21.90,22.80,22.10,22.40,20.90,21.20,23.90,20.40,24.00,23.80,24.40,20.50,21.10,22.30,23.80,20.80,21.60,24.40,25.10,21.40,25.90,22.00,23.90,25.80,21.00,22.00,22.20,20.70,20.20,22.00,25.00,25.10,20.00,23.30,24.90,24.90,25.80,22.20
TLM_RCV,-62,FG-ALPHA,20240415_083619,AUTO,0,31.42,5.00,-85,90.78,8.11,3.29,5.02,1158,484,0,334,23.37,1013.20,11.90,405.30,12.58,48.55,1080,24.50,23.30,25.00,21.00,21.30,23.00,21.70,22.70,22.10,25.90,25.30,23.30,21.30,22.90,21.80,22.80,23.90,23.60,22.30,24.80,23.60,21.20,21.30,20.50,20.30,24.70,24.50,24.90,24.20,25.50,21.20,24.30,24.10,25.90,20.70,21.40,23.20,23.20,23.60,22.70,21.20,20.60,20.70,20.30,20.30,24.30,23.80,25.00,23.00,21.90,23.20,21.50,23.50,24.10,20.10,24.10,22.30,22.90,21.80,23.50,25.50,25.20,23.30,24.90
TLM_RCV,-66,FG-ALPHA,20240415_083620,AUTO,0,31.22,5.00,-85,90.86,8.11,3.30,5.02,1186,444,0,292,23.71,1013.60,12.00,405.90,12.58,48.55,1080,23.30,21.70,20.40,21.90,24.20,25.70,21.30,24.10,25.90,21.60,25.10,21.00,23.30,25.90,23.60,20.90,21.10,23.30,24.80,21.10,21.20,23.20,24.80,22.50,22.50,22.70,25.60,23.20,24.20,25.00,22.60,22.50,24.90,25.40,23.40,24.70,24.20,25.60,25.10,21.50,25.60,25.10,21.20,24.70,20.80,24.20,20.70,21.60,22.70,22.20,20.90,25.20,22.80,25.40,22.60,22.00,20.80,24.50,21.00,25.40,22.50,20.00,21.90,23.00
TLM_RCV,-66,FG-ALPHA,20240415_083621,AUTO,0,31.10,5.00,-85,90.82,8.12,3.31,5.02,0,421,0,278,22.10,1013.10,11.90,406.20,12.58,48.55,1080,20.80,20.10,21.10,24.30,23.60,24.60,25.90,23.10,21.40,20.00,20.10,24.60,21.40,20.30,24.90,21.70,21.80,20.10,20.80,21.70,20.50,22.70,23.80,22.30,21.00,24.10,21.20,25.20,20.00,25.40,23.30,20.90,23.80,24.00,20.70,25.70,23.10,21.60,20.50,24.60,20.00,21.90,21.90,25.30,25.50,23.50,25.30,21.60,21.90,25.50,20.00,24.30,20.40,22.00,22.70,25.70,21.80,20.30,20.30,24.30,20.00,21.50,21.60,24.60
TLM_RCV,-92,FG-ALPHA,20240415_083622,AUTO,0,32.43,5.00,-85,90.86,8.11,3.30,5.02,925,486,0,330,22.19,1013.60,11.80,405.20,12.58,48.55,1080,25.50,22.40,23.80,25.90,20.70,25.60,22.20,23.20,24.60,21.60,21.10,22.80,24.80,20.10,25.60,20.00,21.90,25.90,25.20,24.00,20.40,23.60,25.20,20.70,24.90,25.80,23.30,23.90,22.20,23.00,21.20,23.10,25.80,20.40,22.30,25.30,22.70,21.30,21.60,24.90,25.40,20.80,21.90,20.60,22.80,21.20,23.70,25.40,21.30,25.70,22.60,23.80,22.10,25.40,20.60,20.60,25.80,25.90,22.80,24.90,24.40,23.30,25.10,22.60
TLM_RCV,-68,FG-ALPHA,20240415_083623,AUTO,0,32.05,5.00,-85,90.91,8.12,3.30,5.02,905,410,0,261,22.48,1012.80,11.90,405.60,12.58,48.55,1080,22.30,23.20,22.60,20.90,23.50,22.70,23.00,24.60,24.20,24.40,22.50,21.50,20.00,21.90,25.90,22.60,23.00,20.70,21.00,25.80,20.90,21.60,24.50,22.60,21.70,21.50,20.90,21.60,25.40,21.10,24.80,23.30,23.40,25.30,21.50,22.90,24.90,25.90,22.90,21.30,22.70,21.00,21.20,24.70,20.20,20.40,24.30,21.70,24.50,25.70,24.00,24.60,22.40,22.80,21.20,21.40,22.40,25.90,20.40,24.00,24.30,21.70,20.90,23.20
TLM_RCV,-50,FG-ALPHA,20240415_083624,AUTO,0,32.02,5.00,-85,90.87,8.12,3.31,5.02,0,404,0,252,22.02,1013.40,11.90,406.30,12.58,48.55,1080,24.00,25.80,20.50,24.30,22.50,24.00,21.50,23.60,20.50,25.10,23.90,22.60,25.60,22.30,25.70,23.10,25.60,21.80,21.60,22.30,23.60,22.60,24.60,21.00,24.10,21.10,23.90,25.20,24.80,21.80,21.60,20.70,25.70,20.70,24.40,23.40,24.60,22.90,20.70,23.40,23.30,23.90,25.50,24.70,21.40,20.50,22.00,20.40,24.00,24.40,21.90,25.90,25.60,24.60,23.70,23.50,23.00,21.90,23.80,20.90,20.40,23.00,20.30,20.00
TLM_RCV,-56,FG-ALPHA,20240415_083625,AUTO,0,32.10,5.00,-85,90.92,8.12,3.28,5.02,894,421,0,280,22.36,1012.80,12.10,405.40,12.59,48.55,1080,21.40,23.50,24.10,21.30,25.20,23.50,21.80,24.90,24.80,25.40,20.40,25.00,24.70,25.40,23.60,22.00,24.10,23.30,22.40,21.20,22.30,21.90,23.70,24.60,22.50,23.10,21.30,21.90,24.10,23.10,23.90,21.50,25.80,25.10,21.20,20.90,25.80,23.30,22.80,23.60,22.70,24.00,24.00,23.20,20.20,20.10,24.10,23.60,23.20,22.30,23.40,22.20,20.80,24.00,25.40,20.40,24.10,23.80,22.80,20.60,20.70,23.60,21.40,25.60
TLM_RCV,-53,FG-ALPHA,20240415_083647,AUTO,0,31.19,5.00,-85,92.23,8.15,3.28,5.02,1064,439,0,295,23.12,1013.00,11.90,406.00,12.61,48.55,1080,20.90,23.90,24.40,22.00,25.00,21.30,21.60,23.90,24.70,22.00,23.10,23.30,24.90,21.70,21.90,21.30,21.90,23.50,25.30,22.10,20.30,22.90,20.10,22.70,23.90,25.90,20.80,23.80,23.30,22.40,20.20,23.50,23.10,20.80,20.00,25.90,23.30,22.30,21.00,24.30,24.40,23.30,21.40,23.90,20.00,25.20,23.50,21.70,21.20,20.50,24.80,20.20,24.30,24.30,20.40,21.10,20.50,23.00,20.90,23.20,21.00,21.30,20.70,23.50
TLM_RCV,-41,FG-ALPHA,20240415_083648,AUTO,0,32.42,5.00,-85,92.28,8.14,3.28,5.02,995,484,0,342,22.56,1013.20,12.00,405.60,12.61,48.55,1080,21.80,24.10,22.10,24.70,24.70,25.80,23.00,24.30,25.50,24.10,25.40,20.70,20.70,22.60,21.60,24.00,23.00,25.80,22.10,25.80,20.10,22.20,20.60,24.40,21.80,22.20,20.30,23.60,25.30,23.40,20.70,22.00,25.90,24.30,21.50,22.50,21.50,22.90,21.40,25.70,24.80,22.10,22.30,23.30,22.40,22.90,23.20,22.40,21.40,25.00,25.80,20.60,23.60,20.00,22.90,22.70,20.70,25.90,24.50,22.40,20.60,23.60,23.00,22.80
TLM_RCV,-52,FG-ALPHA,20240415_083649,AUTO,0,32.28,5.00,-85,92.35,8.15,3.29,5.02,1179,456,0,304,23.61,1012.80,12.10,404.80,12.61,48.55,1080,23.70,24.70,23.90,23.30,20.90,25.00,22.90,21.70,24.40,25.30,23.60,22.80,22.90,21.30,24.80,24.10,23.70,22.00,21.60,20.10,20.40,25.70,20.80,21.40,22.10,21.40,22.10,23.20,22.00,23.10,22.70,23.10,24.50,20.60,21.60,20.00,21.20,20.20,25.40,24.90,22.50,20.10,20.30,23.60,25.80,25.30,22.60,25.90,20.20,23.10,23.60,23.60,24.40,25.50,21.30,24.30,24.70,20.10,21.50,20.90,21.20,21.90,21.20,25.50
TLM_RCV,-95,FG-ALPHA,20240415_083650,AUTO,0,32.52,5.00,-85,92.39,8.14,3.30,5.02,826,504,0,349,21.61,1013.60,11.80,406.20,12.61,48.55,1080,22.30,20.80,23.50,24.20,22.20,24.50,24.60,22.30,25.80,21.60,22.30,24.00,22.50,24.50,20.30,23.40,23.00,23.30,23.30,25.00,24.40,25.50,22.10,21.40,22.20,24.30,24.60,24.30,20.50,25.50,25.30,25.60,20.10,22.30,20.30,24.20,25.70,20.10,21.80,23.60,23.30,23.00,25.20,25.70,21.80,23.90,24.50,22.80,20.70,23.00,23.90,24.80,22.00,24.20,21.20,22.40,23.30,21.10,22.20,20.80,25.20,21.40,20.70,21.10
TLM_RCV,-94,FG-ALPHA,20240415_083651,AUTO,0,33.47,5.00,-85,92.34,8.14,3.29,5.02,0,493,0,341,22.47,1012.70,12.00,405.70,12.61,48.55,1080,21.80,21.10,22.20,22.70,23.60,21.00,21.40,23.50,25.80,24.20,24.40,25.50,21.40,23.00,25.10,20.50,21.80,22.10,22.50,25.20,24.60,23.10,21.40,22.10,22.80,23.30,20.20,23.20,25.60,22.60,22.50,23.60,21.10,24.40,20.70,25.90,24.40,24.20,20.20,23.80,24.60,22.10,25.60,25.10,21.40,25.10,22.20,25.80,21.40,25.30,20.30,24.40,23.60,20.00,22.20,23.00,23.80,23.30,20.80,25.60,25.60,21.70,25.40,22.90
TLM_RCV,-59,FG-ALPHA,20240415_083652,AUTO,0,33.41,5.00,-85,92.37,8.14,3.29,5.02,844,482,0,332,21.81,1013.40,11.90,404.50,12.61,48.55,1080,20.40,23.50,86.60,22.90,24.40,21.60,24.30,24.60,21.90,20.50,22.50,24.10,23.70,21.60,22.90,20.10,20.30,23.50,23.90,25.60,20.20,23.30,21.20,22.70,25.90,20.50,22.70,24.80,24.60,22.60,22.50,25.40,24.90,21.90,25.10,20.70,25.20,20.20,22.70,21.40,20.50,25.10,20.60,20.00,24.90,24.80,24.40,21.70,23.80,21.30,22.90,23.30,23.70,20.80,23.10,23.70,23.00,25.50,24.60,22.10,23.70,23.40,20.10,25.50
TLM_RCV,-40,FG-ALPHA,20240415_083653,AUTO,0,32.05,5.00,-85,92.44,8.16,3.30,5.02,1101,410,0,269,23.45,1013.20,11.80,404.80,12.61,48.55,1080,24.90,24.50,23.50,20.90,24.50,22.00,20.40,22.30,23.90,25.50,25.20,25.70,23.30,22.60,24.30,22.40,24.70,24.00,21.90,22.00,22.30,20.70,22.30,21.00,25.20,22.90,23.70,22.20,24.70,20.20,22.50,21.10,24.30,20.30,23.00,25.70,25.40,25.20,23.60,22.60,24.90,22.50,25.30,21.50,23.00,24.70,22.70,24.80,20.40,21.60,21.60,20.40,21.90,21.40,21.90,25.50,23.10,20.30,24.80,20.30,25.30,24.80,22.10,22.90
TLM_RCV,-65,FG-ALPHA,20240415_083654,AUTO,0,33.06,5.00,-85,92.51,8.16,3.29,5.02,1101,411,0,265,23.45,1013.30,12.00,406.40,12.61,48.55,1080,23.10,24.80,24.10,21.20,25.30,20.60,23.00,21.40,23.20,25.90,25.80,25.70,23.80,24.10,21.10,20.40,23.90,25.90,25.00,25.40,25.80,25.40,21.50,23.20,24.20,24.80,25.80,22.20,24.80,20.20,25.50,23.80,22.00,25.10,25.00,24.90,21.90,20.20,20.00,24.90,20.10,25.80,24.50,23.80,23.30,22.90,21.60,24.50,21.70,23.20,22.20,23.30,23.20,23.60,24.30,24.50,21.10,23.80,24.20,23.90,25.30,25.00,20.90,22.40
TLM_RCV,-50,FG-ALPHA,20240415_083655,AUTO,0,32.26,5.00,-85,92.56,8.15,3.31,5.02,992,451,0,296,22.70,1013.30,12.00,404.60,12.62,48.55,1080,24.40,21.10,23.70,24.30,20.60,22.40,24.40,22.80,24.00,24.50,25.60,23.80,20.10,20.40,24.10,21.40,22.00,21.20,22.50,23.70,22.10,25.00,25.50,23.10,25.00,23.00,24.90,24.30,20.50,24.90,22.50,25.80,25.40,23.20,20.60,22.70,24.40,25.30,20.70,21.20,21.90,22.70,24.40,23.90,20.70,23.50,21.00,24.90,25.40,23.50,23.70,22.40,20.30,25.20,22.10,22.70,23.60,21.10,25.90,25.80,25.30,21.30,21.50,20.50
TLM_RCV,-70,FG-ALPHA,20240415_083656,AUTO,0,31.10,5.00,-85,92.62,8.16,3.30,5.02,926,421,0,279,22.52,1013.10,11.90,404.80,12.62,48.55,1080,24.90,20.50,24.50,23.10,24.50,22.20,23.10,22.80,24.80,24.00,22.20,20.00,22.50,22.70,25.20,21.20,22.80,20.60,21.60,22.10,24.30,24.60,22.20,25.60,22.20,23.60,22.10,23.90,20.60,22.70,23.20,20.10,22.40,24.90,24.80,22.90,25.60,22.50,20.10,22.80,21.50,24.60,22.80,22.60,20.40,22.00,24.70,24.00,21.70,20.00,21.90,20.10,23.30,24.30,22.30,25.50,21.90,21.40,24.80,20.10,25.00,20.90,20.20,25.00
TLM_RCV,-84,FG-ALPHA,20240415_083657,AUTO,0,31.32,5.00,-85,92.69,8.16,3.31,5.02,1179,463,0,323,23.58,1013.50,11.90,404.80,12.62,48.55,1080,20.30,21.80,23.60,20.20,24.70,20.50,25.50,22.20,22.10,23.10,24.80,23.10,23.30,22.00,25.80,23.00,21.70,20.30,23.00,24.90,21.80,24.00,20.40,20.80,24.10,20.70,25.60,25.30,22.10,25.50,23.60,23.20,22.30,22.60,21.10,22.20,87.20,23.00,23.20,20.50,23.20,21.80,23.50,21.20,25.10,22.30,24.50,24.60,25.20,24.10,23.30,22.90,20.40,25.20,25.00,21.10,25.40,20.80,23.30,21.40,24.70,25.20,21.20,25.60
TLM_RCV,-75,FG-ALPHA,20240415_083658,AUTO,0,31.33,5.00,-85,92.64,8.15,3.30,5.02,0,467,0,314,22.33,1012.90,12.10,406.30,12.62,48.55,1080,22.90,22.30,22.40,20.60,21.70,21.50,23.70,24.70,24.10,25.80,23.20,23.20,22.40,21.60,20.20,23.60,21.20,21.10,20.30,20.50,21.90,22.90,21.40,21.80,22.30,22.20,24.10,20.70,86.30,23.10,23.70,24.20,24.50,22.30,23.00,22.80,25.10,25.80,23.10,22.20,20.50,21.40,24.20,25.40,24.20,21.90,22.80,23.20,25.40,21.70,22.10,24.20,20.50,25.90,23.40,25.40,22.20,24.40,25.70,23.70,21.60,20.80,20.10,25.00
TLM_RCV,-84,FG-ALPHA,20240415_083659,AUTO,0,31.07,5.00,-85,92.71,8.16,3.31,5.02,1158,413,0,273,23.73,1013.00,12.10,405.50,12.62,48.55,1080,25.30,24.40,22.80,24.00,23.80,25.00,20.60,25.50,23.40,24.20,24.50,24.70,21.50,22.50,23.10,23.30,21.10,25.50,22.80,23.60,20.40,20.80,20.80,24.60,20.50,21.00,21.80,23.10,20.00,23.30,22.20,21.80,22.60,22.20,22.70,25.60,24.10,22.20,24.40,25.80,23.10,23.70,24.10,24.60,21.50,25.50,25.20,21.10,20.70,24.80,24.20,23.40,23.00,22.60,22.20,25.30,23.80,22.70,20.60,25.00,24.80,25.60,23.50,21.00
TLM_RCV,-47,FG-ALPHA,20240415_083700,AUTO,0,31.01,5.00,-85,92.78,8.17,3.29,5.02,1028,403,0,258,23.12,1013.30,12.00,405.60,12.62,48.55,1080,24.50,20.50,23.60,24.50,25.20,20.00,25.10,24.10,22.70,21.90,23.20,20.70,24.80,22.10,24.70,21.70,25.10,25.60,22.00,20.30,21.40,23.00,21.40,20.10,22.00,20.90,25.10,20.40,24.80,24.20,23.20,21.70,20.70,25.70,23.20,21.90,23.50,21.60,22.70,23.20,21.70,21.00,25.50,25.50,20.70,25.10,20.50,23.10,22.70,20.50,25.60,25.20,24.00,22.00,24.00,22.20,20.80,25.60,25.10,24.70,25.00,20.60,20.90,21.40
TLM_RCV,-75,FG-ALPHA,20240415_083701,AUTO,0,32.42,5.00,-85,92.82,8.16,3.28,5.02,935,483,0,325,22.26,1013.60,11.80,405.50,12.62,48.55,1080,22.00,22.80,20.30,22.90,22.10,23.80,24.60,23.10,23.70,22.60,24.70,25.50,25.30,20.30,23.20,23.70,21.80,24.20,21.10,23.70,25.90,22.90,25.80,22.10,24.50,22.60,23.00,20.20,23.60,20.80,23.00,23.00,21.60,22.90,22.30,23.50,20.80,20.10,20.90,21.10,25.80,21.30,24.30,25.90,20.00,21.10,20.20,21.30,22.10,25.30,25.80,25.50,21.30,25.20,24.60,24.90,23.80,20.40,23.70,22.90,24.60,24.90,24.60,25.40
TLM_RCV,-72,FG-ALPHA,20240415_083702,AUTO,0,33.10,5.00,-85,92.90,8.17,3.29,5.02,1193,420,0,270,23.86,1013.10,12.10,405.90,12.62,48.55,1080,22.40,21.80,21.00,22.40,20.40,21.10,20.70,21.40,24.30,24.00,24.90,21.80,21.20,25.30,20.00,21.50,24.80,22.40,22.10,21.80,21.90,23.30,24.10,20.10,20.50,23.50,25.40,22.70,24.00,24.60,22.50,20.50,25.40,20.60,25.40,22.30,20.80,21.40,25.70,20.10,21.10,21.20,24.80,24.30,23.10,21.70,25.80,20.20,23.20,22.30,23.90,21.70,23.00,21.40,22.10,23.10,21.80,21.60,25.60,20.30,25.10,24.90,24.70,24.90
TLM_RCV,-41,FG-ALPHA,20240415_083703,AUTO,0,32.12,5.00,-85,92.86,8.16,3.30,5.02,0,424,0,266,22.12,1013.50,11.80,405.70,12.62,48.55,1080,25.60,22.30,20.60,25.20,22.20,22.80,21.70,24.70,20.10,24.50,24.60,21.20,25.40,23.90,22.90,22.90,25.40,25.10,25.20,22.30,22.60,25.20,24.30,24.60,21.80,20.90,25.90,22.60,25.10,24.30,25.10,22.50,24.20,25.30,24.90,21.30,21.70,25.30,22.10,21.40,25.80,24.80,20.00,25.80,24.20,20.50,24.20,22.50,25.30,23.60,20.10,23.30,21.10,23.70,24.10,23.80,20.80,25.30,22.00,24.70,25.00,20.80,24.20,23.70
TLM_RCV,-68,FG-ALPHA,20240415_083704,AUTO,0,32.46,5.00,-85,92.90,8.16,3.29,5.02,934,492,0,344,22.21,1013.10,12.10,406.00,12.62,48.55,1080,20.80,22.30,23.10,21.20,25.50,22.30,24.60,24.90,21.20,22.70,21.80,21.70,24.10,24.60,20.50,24.90,25.20,24.10,21.40,20.80,23.20,23.80,20.80,25.80,24.10,25.80,22.90,21.50,25.70,25.10,20.00,22.60,24.70,22.00,20.90,23.60,20.20,24.70,20.60,23.60,20.10,22.10,22.10,25.10,23.70,25.50,24.20,25.80,25.40,22.90,23.50,20.50,22.50,23.40,23.70,21.30,22.20,20.70,20.00,24.80,20.10,25.50,25.00,23.60
TLM_RCV,-47,FG-ALPHA,20240415_083705,AUTO,0,32.14,5.00,-85,92.96,8.17,3.30,5.02,1055,428,0,280,23.14,1013.40,11.90,406.40,12.63,48.55,1080,24.50,21.40,22.10,23.10,20.10,25.70,21.40,20.00,24.00,23.60,24.90,25.00,21.40,24.40,24.50,20.10,25.90,21.00,24.70,25.90,22.80,20.30,24.80,22.80,22.50,21.10,23.70,23.20,21.20,22.80,23.80,21.70,25.60,20.20,23.10,25.10,23.10,24.70,22.60,22.20,20.80,24.10,24.80,23.80,22.70,25.70,23.00,22.20,24.00,22.80,25.30,21.60,22.30,20.20,20.80,22.90,21.40,20.40,20.50,25.00,20.00,23.80,23.50,22.40
TLM_RCV,-41,FG-ALPHA,20240415_083706,AUTO,0,31.24,5.00,-85,93.01,8.17,3.30,5.02,911,447,0,303,22.32,1013.60,11.90,404.70,12.63,48.55,1080,20.10,25.50,25.70,21.20,21.70,23.20,23.80,22.30,24.60,20.50,24.40,22.90,21.70,25.00,22.20,23.90,23.80,21.20,24.50,23.00,23.40,25.30,23.10,21.30,20.30,22.50,25.80,21.80,20.10,21.70,24.60,23.70,22.50,23.60,22.90,21.80,24.90,25.00,22.20,25.10,24.80,20.50,25.00,20.80,21.40,23.80,22.70,21.10,21.90,21.60,20.50,22.70,25.10,24.80,23.90,23.80,21.50,24.20,25.70,21.00,25.10,24.00,23.00,22.60
TLM_RCV,-74,FG-ALPHA,20240415_083707,AUTO,0,32.40,5.00,-85,93.05,8.16,3.30,5.02,904,479,0,338,22.12,1012.80,12.10,404.50,12.63,48.55,1080,23.60,22.90,24.80,20.40,21.20,21.10,22.30,21.70,20.80,22.40,22.30,21.00,20.10,25.60,21.50,24.70,23.40,24.40,21.50,20.80,20.30,20.30,24.40,22.60,25.80,21.60,23.00,20.60,20.30,20.80,21.50,20.60,22.40,23.40,22.50,70.70,22.80,25.90,24.90,22.80,25.00,23.90,25.40,21.40,25.80,21.70,24.90,20.90,22.60,20.60,24.00,22.60,24.50,24.10,24.40,23.20,21.00,24.20,24.90,25.10,25.40,22.30,22.70,20.60
TLM_RCV,-93,FG-ALPHA,20240415_083708,AUTO,0,33.08,5.00,-85,93.10,8.17,3.30,5.02,883,416,0,268,22.33,1013.40,11.80,405.00,12.63,48.55,1080,23.90,20.20,24.00,24.00,25.60,21.60,25.80,21.20,25.60,23.10,22.10,22.40,21.20,23.70,22.60,21.30,25.40,24.90,24.40,20.40,23.40,21.20,25.40,21.60,23.10,22.60,22.90,20.40,20.70,20.80,25.40,25.30,25.50,22.50,21.00,23.70,25.10,20.20,21.40,25.80,25.90,25.90,22.20,21.90,23.80,20.80,21.50,24.60,24.30,20.50,23.40,25.10,25.70,22.80,21.90,21.30,25.90,22.70,21.20,20.60,22.90,20.00,25.70,22.30
TLM_RCV,-57,FG-ALPHA,20240415_083709,AUTO,0,33.47,5.00,-85,93.17,8.16,3.28,5.02,1198,495,0,348,23.51,1013.20,12.10,404.50,12.63,48.55,1080,21.40,20.00,20.90,22.90,24.40,20.70,24.40,20.70,20.20,22.50,24.40,24.30,24.90,22.80,24.30,25.80,22.60,20.90,20.80,23.40,21.10,25.40,24.90,20.80,22.30,21.40,20.80,23.50,21.10,23.70,22.50,21.30,24.30,22.20,23.20,22.70,24.20,25.20,22.00,23.40,23.30,20.90,25.50,22.60,20.50,25.70,23.40,21.20,23.10,25.50,23.00,22.20,23.60,22.00,22.40,22.10,22.00,22.30,25.30,20.50,23.00,21.80,25.90,20.40
TLM_RCV,-66,FG-ALPHA,20240415_083710,AUTO,0,31.42,5.00,-85,93.12,8.16,3.30,5.02,0,484,0,344,22.42,1013.20,11.80,404.80,12.63,48.55,1080,23.30,20.10,23.90,20.00,25.70,20.80,22.30,22.50,21.70,20.70,22.20,22.10,24.50,24.30,23.20,24.30,24.20,24.90,21.10,24.20,23.10,23.50,25.90,21.10,25.60,21.40,24.60,21.90,22.80,24.50,23.70,23.00,22.10,22.10,21.50,25.80,21.10,25.30,24.60,20.60,21.60,25.10,21.60,22.70,22.60,20.40,20.20,21.80,20.10,21.60,21.10,22.10,23.50,25.00,25.40,25.80,22.70,20.70,23.70,24.80,25.60,20.10,23.90,23.80
TLM_RCV,-76,FG-ALPHA,20240415_083711,AUTO,0,33.45,5.00,-85,93.16,8.16,3.28,5.02,871,490,0,340,21.91,1013.60,11.90,405.00,12.63,48.55,1080,20.80,23.10,23.90,24.10,23.20,25.90,23.60,23.70,22.40,25.00,21.70,23.90,20.30,25.50,21.30,24.70,23.50,25.20,21.20,22.60,22.30,25.80,20.30,24.60,25.40,22.60,25.90,25.70,22.70,25.00,25.10,22.80,23.60,21.90,21.50,24.70,24.20,22.30,25.70,21.90,74.80,20.70,22.20,23.50,21.80,22.50,24.00,22.00,23.90,20.60,23.70,24.70,25.40,21.70,25.90,22.00,24.00,25.70,24.90,22.20,23.00,20.00,20.80,24.50
TLM_RCV,-91,FG-ALPHA,20240415_083712,AUTO,0,32.42,5.00,-85,93.20,8.16,3.28,5.02,891,484,0,338,22.03,1012.90,12.10,405.00,12.63,48.55,1080,23.10,24.40,24.10,25.50,25.70,24.00,25.60,23.10,25.30,21.10,22.80,24.90,20.70,25.50,25.30,20.80,20.30,25.80,23.90,21.20,23.80,25.90,22.30,21.30,24.90,24.90,25.40,24.80,25.40,20.70,22.40,20.50,23.60,23.50,22.80,24.80,25.10,20.40,21.10,23.70,21.90,21.10,24.70,24.30,20.00,25.80,20.40,22.60,21.30,22.30,25.80,20.10,21.80,21.20,22.20,23.80,22.00,21.50,20.60,20.40,20.50,21.70,21.60,25.80
TLM_RCV,-72,FG-ALPHA,20240415_083713,AUTO,0,33.29,5.00,-85,93.24,8.17,3.29,5.02,890,459,0,312,22.16,1013.60,12.10,405.40,12.63,48.55,1080,25.70,25.10,25.70,22.40,22.70,22.40,22.80,23.70,25.60,25.30,25.00,22.50,20.40,22.20,25.70,24.30,23.20,24.10,24.30,20.90,20.70,21.10,22.40,24.60,24.60,23.10,24.90,22.80,24.00,21.90,25.60,25.80,25.70,24.30,23.00,23.30,24.10,20.40,20.80,23.70,25.90,23.80,22.20,23.10,23.30,22.20,25.60,22.00,25.20,23.60,21.10,23.40,21.70,25.50,22.40,24.00,22.40,23.50,24.90,23.90,24.10,22.10,22.60,20.90
TLM_RCV,-81,FG-ALPHA,20240415_083714,AUTO,0,33.19,5.00,-85,93.20,8.17,3.31,5.02,0,438,0,279,22.19,1013.50,12.00,405.30,12.63,48.55,1080,22.60,24.20,23.40,22.00,20.00,21.10,21.10,24.50,23.30,21.90,23.60,22.60,22.10,21.60,20.50,20.70,25.10,24.00,21.40,21.20,23.70,22.60,23.70,20.60,20.30,21.30,20.00,25.30,24.30,24.30,22.70,24.60,22.30,23.10,24.70,20.40,25.80,23.50,25.20,23.30,21.60,22.60,24.50,20.30,25.40,22.80,24.90,24.90,21.40,25.50,22.20,21.00,23.80,23.50,22.40,20.80,22.90,22.20,21.40,22.90,20.70,22.70,23.50,25.00
TLM_RCV,-84,FG-ALPHA,20240415_083715,AUTO,0,31.10,5.00,-85,93.25,8.18,3.31,5.02,968,420,0,273,22.74,1013.20,12.10,404.70,12.64,48.55,1080,24.00,25.90,23.80,22.40,21.20,22.40,20.80,24.20,24.20,23.30,24.10,20.10,22.80,25.90,23.90,24.20,22.30,23.30,21.50,20.40,21.50,24.70,24.50,21.40,21.00,21.30,21.10,23.60,20.00,24.90,20.70,23.30,25.40,22.40,24.40,25.90,24.20,21.80,24.20,23.40,25.90,24.60,20.30,25.30,23.50,20.70,22.60,25.70,21.50,25.10,20.40,23.00,24.10,23.30,23.90,25.80,25.00,23.20,23.50,20.00,21.10,20.00,21.80,20.50
TLM_RCV,-89,FG-ALPHA,20240415_083716,AUTO,0,33.48,5.00,-85,93.30,8.16,3.29,5.02,969,496,0,348,22.36,1013.50,12.00,405.90,12.64,48.55,1080,23.40,24.60,21.10,24.10,20.10,24.10,21.30,22.70,24.50,21.00,21.20,22.60,25.70,21.50,22.50,21.50,25.50,24.40,23.00,21.70,21.30,22.00,25.70,25.80,22.80,25.70,25.70,23.10,23.10,23.20,22.10,23.20,22.70,22.50,25.30,20.40,20.60,22.70,25.80,21.80,24.50,21.50,22.90,24.40,20.00,23.70,23.10,25.10,22.90,23.30,24.20,20.90,24.90,23.80,20.70,20.20,22.30,24.20,23.80,23.60,22.00,25.40,23.40,23.10
TLM_RCV,-60,FG-ALPHA,20240415_083717,AUTO,0,32.21,5.00,-85,93.35,8.17,3.28,5.02,918,441,0,296,22.39,1013.00,11.90,405.90,12.64,48.55,1080,20.30,23.20,20.80,25.70,23.60,23.70,24.60,20.00,21.40,24.60,21.60,20.70,23.80,20.30,22.20,22.70,23.40,20.90,20.10,22.30,23.20,20.20,20.80,21.70,20.50,24.20,25.80,24.20,24.70,21.90,24.00,24.70,24.00,24.00,20.50,21.40,21.00,25.30,25.40,22.50,24.40,22.00,24.90,25.40,22.60,21.30,22.10,23.30,21.20,22.20,22.90,23.90,23.30,25.00,23.50,22.90,21.40,22.60,24.40,21.20,23.10,22.70,23.60,24.20
TLM_RCV,-87,FG-ALPHA,20240415_083718,AUTO,0,31.12,5.00,-85,93.31,8.18,3.29,5.02,0,425,0,277,22.12,1012.90,11.90,406.00,12.64,48.55,1080,24.60,22.50,25.50,22.50,22.60,22.20,25.30,24.70,22.30,25.30,20.20,22.50,22.60,22.60,20.40,20.20,21.70,21.00,24.00,21.00,22.80,24.10,21.30,21.60,21.70,23.40,25.50,24.70,22.80,24.10,20.30,24.40,23.70,21.90,22.10,21.20,21.00,20.10,22.60,25.40,24.70,20.90,23.80,22.80,25.50,22.00,24.60,21.40,25.30,24.70,21.30,24.80,24.50,21.20,24.40,20.30,22.90,24.10,22.00,25.10,21.50,24.70,23.40,23.50
TLM_RCV,-56,FG-ALPHA,20240415_083719,AUTO,0,32.36,5.00,-85,93.37,8.17,3.29,5.02,1103,472,0,322,23.16,1013.50,12.10,404.50,12.64,48.55,1080,25.80,25.40,24.30,20.20,25.90,23.60,20.60,23.70,20.20,22.40,20.10,22.30,25.40,24.50,23.00,25.50,23.70,20.40,21.00,20.10,20.30,24.20,24.50,21.70,23.90,24.80,23.90,22.20,25.40,21.30,22.50,22.50,25.50,22.40,21.20,23.40,25.70,22.60,20.40,20.00,24.00,20.30,22.40,25.30,24.40,21.30,22.00,21.60,25.70,25.80,22.80,22.10,22.40,21.10,24.50,22.80,24.70,21.00,21.00,21.30,23.50,24.80,21.10,24.40
TLM_RCV,-83,FG-ALPHA,20240415_083720,AUTO,0,33.28,5.00,-85,93.41,8.17,3.31,5.02,831,456,0,307,21.87,1013.20,11.80,405.80,12.64,48.55,1080,22.20,21.40,21.80,22.50,21.70,20.10,21.60,25.50,24.40,22.40,21.90,21.40,21.90,21.00,23.90,21.70,22.90,20.10,23.50,21.10,20.00,22.10,24.60,20.40,21.60,20.30,23.40,24.70,22.30,21.20,25.20,21.00,23.60,23.40,25.60,23.00,25.60,21.50,20.50,21.30,23.30,21.50,21.60,25.60,21.40,20.10,21.30,25.60,25.50,23.00,25.60,22.60,25.20,20.20,20.10,24.90,22.60,23.80,22.50,23.90,25.10,21.10,25.30,23.70
TLM_RCV,-42,FG-ALPHA,20240415_083721,AUTO,0,31.34,5.00,-85,93.36,8.17,3.28,5.02,0,468,0,324,22.34,1013.30,11.80,405.70,12.64,48.55,1080,25.20,23.80,20.90,22.40,20.90,23.30,25.80,25.00,23.50,21.20,24.60,24.90,25.50,20.10,24.40,23.90,22.80,21.20,25.20,22.80,20.10,21.60,22.90,20.50,24.10,25.70,22.70,23.70,24.40,25.00,24.10,20.90,25.50,23.00,21.20,24.40,23.20,25.10,20.80,24.80,21.40,21.60,22.90,25.50,25.80,22.20,21.00,20.40,23.20,23.50,24.50,25.90,23.60,24.90,24.80,22.50,24.60,21.10,20.60,24.30,25.90,23.50,23.70,20.90
TLM_RCV,-80,FG-ALPHA,20240415_083722,AUTO,0,32.47,5.00,-85,93.40,8.17,3.29,5.02,881,495,0,346,21.93,1012.90,12.00,406.30,12.64,48.55,1080,22.30,21.90,24.90,21.00,23.40,24.60,22.60,22.90,24.10,21.30,21.00,22.00,22.50,20.10,21.80,25.20,25.90,21.60,23.70,22.90,22.50,20.70,24.70,25.30,25.90,23.70,25.40,25.30,20.50,22.70,21.90,20.90,20.80,23.50,23.40,24.20,21.30,20.40,20.30,21.20,21.70,22.80,24.20,25.30,20.60,21.20,21.20,25.90,20.30,23.70,22.00,21.90,24.20,21.20,20.90,21.20,20.00,20.40,25.90,22.70,22.50,21.70,22.10,24.60
TLM_RCV,-46,FG-ALPHA,20240415_083723,AUTO,0,31.09,5.00,-85,93.48,8.18,3.31,5.02,1199,418,0,274,23.91,1012.80,11.90,404.80,12.64,48.55,1080,22.30,24.90,20.20,23.20,24.50,22.70,24.10,21.20,21.60,25.80,25.40,25.30,22.10,24.80,23.20,22.40,20.30,20.70,22.20,23.50,25.50,25.50,22.90,20.90,20.50,24.70,20.00,25.10,25.60,23.10,24.50,25.30,20.40,20.50,21.90,23.40,23.90,21.20,24.40,22.20,21.80,22.00,21.70,25.40,21.90,23.60,20.90,22.20,22.60,23.80,24.50,25.90,21.70,23.50,20.60,24.00,24.00,21.00,25.10,20.60,25.30,22.00,24.30,22.90
TLM_RCV,-89,FG-ALPHA,20240415_083724,AUTO,0,31.38,5.00,-85,93.43,8.17,3.30,5.02,0,476,0,327,22.38,1013.10,11.90,405.20,12.64,48.55,1080,23.00,24.10,24.90,20.30,21.60,23.00,22.00,21.30,20.20,25.90,23.00,22.40,22.20,20.80,23.60,20.80,23.60,23.30,21.10,23.90,21.60,23.30,21.20,22.40,22.40,24.20,21.70,22.70,23.70,25.20,23.50,24.60,21.00,25.40,20.30,20.30,24.80,23.00,21.70,24.70,21.10,23.00,24.50,24.50,24.10,25.20,25.50,20.30,22.10,22.60,24.00,21.50,25.20,23.70,22.50,21.00,22.90,20.80,23.60,23.60,21.70,22.10,23.50,20.50
TLM_RCV,-59,FG-ALPHA,20240415_083725,AUTO,0,31.06,5.00,-85,93.50,8.18,3.30,5.02,1132,412,0,265,23.60,1012.70,11.80,405.80,12.65,48.55,1080,20.00,21.00,25.80,20.90,20.00,21.80,24.00,25.90,22.90,22.00,25.60,24.80,22.10,22.40,21.50,20.50,22.50,21.70,24.60,20.00,23.50,22.90,24.10,20.70,24.40,24.40,22.10,22.00,23.70,21.50,21.00,24.10,22.30,22.40,25.00,25.10,25.70,20.20,23.30,24.70,21.40,25.10,24.90,23.30,20.00,23.80,25.50,24.60,21.30,24.40,21.90,20.30,22.50,23.90,20.80,20.10,24.80,21.50,25.80,24.10,24.30,25.50,23.50,22.20
TLM_RCV,-51,FG-ALPHA,20240415_083726,AUTO,0,32.12,5.00,-85,93.55,8.18,3.29,5.02,893,423,0,272,22.35,1012.70,11.90,404.90,12.65,48.55,1080,25.10,23.00,21.80,23.90,22.30,23.80,20.70,22.90,20.30,20.60,23.60,22.70,20.00,21.50,23.50,20.00,25.30,22.50,23.70,25.80,25.80,20.80,25.20,20.20,23.80,21.50,21.20,22.90,21.10,25.30,23.20,20.30,25.00,20.70,21.80,24.40,20.70,24.10,21.50,23.60,22.80,22.90,25.20,24.90,22.50,23.70,20.50,25.20,23.80,20.80,21.00,22.70,24.80,25.70,21.40,20.50,23.10,23.50,21.80,21.90,23.30,25.90,25.80,22.40
TLM_RCV,-59,FG-ALPHA,20240415_083727,AUTO,0,32.44,5.00,-85,93.50,8.17,3.28,5.02,0,487,0,334,22.43,1013.60,12.00,405.20,12.65,48.55,1080,21.80,21.60,22.10,24.70,23.70,24.20,21.80,24.90,23.70,25.60,20.10,24.60,20.20,25.50,21.30,24.10,23.70,22.30,21.80,24.60,22.50,23.20,20.40,21.00,23.50,21.70,20.10,25.00,23.50,23.00,21.80,23.80,20.70,21.50,25.50,20.20,22.10,20.00,20.10,25.20,25.70,24.70,25.60,25.90,21.60,23.30,20.20,23.20,22.50,23.30,23.20,24.70,21.30,25.60,20.90,20.20,20.50,20.40,24.10,24.30,24.60,24.20,23.40,23.00
TLM_RCV,-56,FG-ALPHA,20240415_083749,AUTO,0,33.44,5.00,-85,94.69,8.20,3.30,5.02,0,488,0,336,22.44,1013.60,11.90,405.50,12.67,48.55,1080,25.40,21.30,25.40,22.10,25.20,23.00,24.90,22.30,24.80,20.40,22.40,24.80,22.00,21.80,24.60,23.20,21.40,24.00,22.10,22.80,23.60,25.50,21.20,23.50,25.90,23.40,22.20,22.50,25.10,23.20,25.30,23.80,25.40,22.90,20.00,21.90,20.10,23.70,22.80,22.40,20.60,23.90,20.00,21.20,25.90,23.40,24.00,24.60,21.80,21.90,24.00,22.70,20.00,21.90,24.30,20.80,25.90,23.80,24.70,21.80,23.30,23.70,24.40,24.60
TLM_RCV,-91,FG-ALPHA,20240415_083750,AUTO,0,33.04,5.00,-85,94.73,8.21,3.29,5.02,823,408,0,252,22.08,1013.30,12.10,404.80,12.67,48.55,1080,20.50,20.60,21.90,23.80,22.60,20.00,22.60,21.90,25.40,20.40,22.80,21.60,20.20,23.30,21.70,25.50,21.70,21.60,20.80,21.60,22.20,20.90,23.00,22.30,22.90,20.50,23.80,20.40,25.40,25.50,25.10,22.40,24.90,20.90,23.10,24.20,21.70,22.50,20.20,23.40,23.90,25.40,20.90,21.90,22.80,24.70,25.10,25.40,22.10,20.90,22.20,20.90,22.80,21.40,25.20,20.90,23.30,25.80,20.20,23.40,23.90,24.40,22.30,25.60
TLM_RCV,-63,FG-ALPHA,20240415_083751,AUTO,0,33.03,5.00,-85,94.77,8.21,3.29,5.02,825,406,0,258,22.09,1012.80,12.00,405.30,12.67,48.55,1080,20.60,23.80,23.80,21.00,23.60,24.10,22.60,20.10,20.40,25.20,23.60,22.30,24.10,25.40,24.90,23.30,22.30,20.50,23.00,23.60,23.40,23.50,22.20,20.90,24.70,20.60,20.80,20.70,25.40,22.40,23.20,23.90,23.30,20.60,23.20,20.20,21.70,22.50,22.80,24.80,24.00,21.20,22.00,20.40,23.30,21.60,20.60,24.40,24.10,22.90,21.90,24.60,25.90,23.80,24.70,22.70,23.40,25.70,25.50,23.70,25.00,25.30,23.20,22.00
TLM_RCV,-44,FG-ALPHA,20240415_083752,AUTO,0,31.28,5.00,-85,94.72,8.20,3.29,5.02,0,457,0,315,22.28,1012.80,12.10,405.00,12.67,48.55,1080,23.00,22.80,24.60,22.90,24.50,25.10,24.70,20.40,23.80,23.60,25.40,22.80,23.20,21.60,25.60,25.40,20.50,23.50,25.10,25.30,24.20,23.50,24.10,25.40,24.20,24.00,21.50,25.50,25.50,21.70,21.70,25.50,24.60,24.60,23.70,22.70,24.00,24.80,22.50,21.10,24.60,25.00,21.80,21.80,22.40,20.40,21.70,21.00,21.20,25.80,22.30,20.40,23.20,25.10,23.70,22.60,24.50,20.50,20.20,24.80,23.60,20.40,23.80,23.90
TLM_RCV,-41,FG-ALPHA,20240415_083753,AUTO,0,31.08,5.00,-85,94.79,8.21,3.29,5.02,1057,416,0,259,23.20,1013.50,11.90,406.30,12.67,48.55,1080,25.50,25.30,20.30,23.10,22.00,23.00,24.50,23.60,21.30,20.30,20.90,23.20,21.30,20.70,24.00,20.90,20.30,25.60,24.80,23.40,20.20,22.90,22.50,20.20,21.50,21.80,24.00,25.00,20.10,22.00,24.70,25.30,24.60,21.80,20.90,24.50,24.40,23.00,25.20,25.90,22.10,22.80,21.40,23.50,24.40,25.70,25.60,21.60,25.30,24.50,21.00,20.50,23.60,20.50,20.60,24.00,24.50,24.60,22.30,24.50,24.80,20.40,21.60,21.70
TLM_RCV,-93,FG-ALPHA,20240415_083754,AUTO,0,31.17,5.00,-85,94.84,8.21,3.29,5.02,965,435,0,291,22.65,1013.50,12.10,405.60,12.67,48.55,1080,22.90,22.80,21.10,22.10,24.50,23.70,24.70,24.00,24.90,22.00,22.40,21.50,23.50,20.10,24.70,23.70,25.40,21.20,23.30,21.50,23.40,21.40,24.90,21.80,23.30,20.40,22.30,25.70,23.80,25.60,20.10,21.50,25.30,20.70,23.00,21.30,22.90,21.50,21.00,21.00,20.90,24.30,21.80,24.30,23.70,20.40,22.80,25.80,20.50,20.10,21.40,22.10,25.60,21.50,23.30,23.80,25.10,20.90,21.10,21.50,25.40,25.50,24.30,25.80
TLM_RCV,-63,FG-ALPHA,20240415_083755,AUTO,0,33.28,5.00,-85,94.90,8.21,3.30,5.02,1048,457,0,299,22.95,1013.60,12.00,405.20,12.68,48.55,1080,24.90,22.40,23.50,20.10,23.80,21.00,25.80,21.00,21.20,21.40,22.40,23.90,25.70,21.40,20.60,22.30,21.90,20.30,23.30,22.60,22.00,22.70,21.70,22.30,25.60,24.20,21.00,22.00,22.50,25.30,20.20,23.40,23.20,25.10,20.10,22.80,25.30,23.60,25.30,22.60,22.30,24.70,22.50,21.00,23.70,24.00,25.90,25.40,21.10,22.40,20.90,22.60,20.70,21.90,25.60,23.40,21.20,24.90,25.20,22.20,25.70,21.30,22.50,20.00
TLM_RCV,-86,FG-ALPHA,20240415_083756,AUTO,0,31.32,5.00,-85,94.94,8.21,3.30,5.02,898,463,0,321,22.17,1013.60,11.90,404.90,12.68,48.55,1080,23.70,20.40,25.10,22.60,25.40,21.40,24.50,23.70,24.80,21.00,20.30,20.10,22.30,23.50,25.30,24.00,25.90,21.80,21.90,21.50,24.20,25.90,21.40,24.60,22.90,21.70,23.80,25.40,25.50,20.20,25.20,23.60,21.40,21.20,24.00,25.60,20.40,25.00,22.90,21.90,22.90,25.80,21.30,22.10,25.60,23.20,22.10,25.30,25.40,22.70,25.20,22.40,21.70,20.30,20.10,25.90,20.50,21.80,24.00,23.30,20.70,20.50,20.60,22.90
TLM_RCV,-45,FG-ALPHA,20240415_083757,AUTO,0,31.39,5.00,-85,95.01,8.21,3.28,5.02,1172,478,0,331,23.47,1013.10,12.10,405.00,12.68,48.55,1080,24.30,21.50,23.00,21.80,21.70,24.60,22.50,23.30,23.60,24.90,20.80,25.10,22.00,25.90,21.70,24.20,21.90,22.30,22.80,24.50,22.20,23.60,20.30,22.60,24.40,21.50,22.00,21.30,23.90,21.50,24.20,25.20,24.70,20.40,25.30,21.30,22.60,22.50,25.90,23.20,22.50,23.50,23.50,20.90,25.90,20.20,23.80,20.50,24.80,20.80,22.50,21.10,21.90,25.50,23.30,22.10,25.20,22.30,24.00,23.00,23.20,22.10,25.40,25.50
TLM_RCV,-56,FG-ALPHA,20240415_083758,AUTO,0,31.16,5.00,-85,95.05,8.22,3.29,5.02,841,431,0,287,22.05,1012.70,11.80,406.20,12.68,48.55,1080,25.10,25.40,24.60,24.70,22.50,24.10,21.30,22.40,22.90,23.70,21.20,22.10,22.80,20.20,21.60,24.70,23.10,24.80,21.00,20.10,20.60,22.70,25.50,24.30,20.10,24.00,22.40,20.30,21.50,21.00,23.70,23.20,23.90,25.60,23.60,21.00,21.50,24.20,21.90,25.20,22.10,25.00,25.90,22.90,20.50,22.30,21.30,20.90,24.50,23.60,24.80,20.80,24.00,20.70,22.60,23.10,25.20,22.90,23.00,20.40,23.00,21.20,21.50,25.90
TLM_RCV,-66,FG-ALPHA,20240415_083759,AUTO,0,33.25,5.00,-85,95.09,8.21,3.31,5.02,815,450,0,298,21.83,1013.50,11.90,404.80,12.68,48.55,1080,23.50,25.00,24.50,24.10,24.90,22.00,20.40,21.30,21.20,25.80,23.20,21.20,20.10,23.40,25.90,22.40,21.70,23.60,24.90,24.40,20.60,22.60,25.00,21.50,24.80,22.10,23.20,23.90,23.70,24.20,23.90,21.50,24.50,25.90,24.30,20.60,22.50,21.90,22.50,22.80,24.60,24.80,25.90,24.30,21.30,22.80,22.50,24.00,24.20,23.30,25.80,23.10,21.90,23.40,21.30,21.40,24.80,21.40,24.90,24.10,22.00,21.00,21.40,25.80
TLM_RCV,-70,FG-ALPHA,20240415_083800,AUTO,0,31.20,5.00,-85,95.14,8.22,3.28,5.02,895,441,0,294,22.27,1012.90,12.00,405.30,12.68,48.55,1080,24.60,22.70,21.50,22.70,25.40,21.60,20.20,21.80,20.20,20.50,23.50,21.90,25.60,25.10,21.00,20.70,21.00,24.60,22.00,23.40,23.70,24.80,24.30,21.20,23.00,24.70,25.00,23.50,21.30,23.20,25.00,22.80,22.60,23.40,21.20,22.70,21.40,24.50,23.20,20.30,22.70,25.10,20.60,21.80,21.40,24.60,20.70,23.60,25.60,20.70,20.80,22.00,21.90,21.40,24.90,20.00,22.30,23.80,23.70,24.30,22.10,21.30,23.60,22.10
TLM_RCV,-60,FG-ALPHA,20240415_083801,AUTO,0,33.49,5.00,-85,95.18,8.21,3.28,5.02,942,499,0,341,22.22,1013.20,11.90,406.20,12.68,48.55,1080,23.90,22.10,21.30,20.50,23.70,24.70,21.10,21.30,24.50,25.70,25.80,25.30,22.30,21.70,24.90,20.90,25.50,21.80,20.30,20.00,22.10,22.60,20.20,24.70,20.10,24.00,22.60,24.30,23.40,23.70,21.40,20.50,22.40,23.20,22.80,21.90,22.60,21.80,25.20,20.00,23.20,23.80,22.20,23.20,24.40,21.70,23.10,21.30,25.80,20.80,25.00,25.30,20.20,20.50,23.70,24.60,22.30,21.80,20.80,21.30,25.70,24.20,25.90,22.20
TLM_RCV,-92,FG-ALPHA,20240415_083802,AUTO,0,33.47,5.00,-85,95.25,8.21,3.31,5.02,1156,493,0,342,23.32,1013.00,12.10,405.10,12.68,48.55,1080,23.20,22.70,24.40,20.50,20.80,21.60,23.10,20.10,20.50,25.00,22.40,24.50,20.20,21.80,21.00,21.60,22.50,22.00,25.20,21.80,20.00,24.40,21.80,24.90,21.60,22.10,21.50,25.00,79.90,22.40,23.00,23.00,25.50,23.20,24.60,22.20,21.80,25.10,24.00,21.90,24.10,23.50,25.10,23.90,21.40,23.80,21.30,22.00,25.00,23.70,24.90,21.40,20.50,20.20,24.70,22.70,23.10,23.20,23.60,22.00,23.90,20.60,22.40,24.00
TLM_RCV,-57,FG-ALPHA,20240415_083803,AUTO,0,31.15,5.00,-85,95.28,8.22,3.31,5.02,800,429,0,287,21.85,1012.90,11.90,406.40,12.68,48.55,1080,23.10,20.70,22.50,21.40,20.70,21.50,22.30,24.10,20.40,22.10,23.80,21.90,20.80,25.40,21.70,24.60,23.70,22.30,25.30,20.00,25.70,20.50,22.20,21.00,22.30,25.70,21.10,25.30,25.50,24.40,25.20,25.90,20.80,20.20,22.60,25.20,25.80,24.00,20.10,21.40,22.20,22.30,25.70,23.70,24.30,21.20,21.40,24.80,22.60,24.70,20.40,25.50,20.00,20.20,21.90,22.50,21.60,25.00,24.20,23.60,24.30,20.80,22.40,24.80
TLM_RCV,-65,FG-ALPHA,20240415_083804,AUTO,0,33.08,5.00,-85,95.24,8.22,3.30,5.02,0,417,0,271,22.08,1013.50,11.80,405.80,12.68,48.55,1080,23.60,21.20,20.10,24.80,23.50,20.20,23.40,22.00,22.00,22.10,21.60,21.60,25.70,21.80,25.40,21.00,23.00,21.90,23.10,23.80,25.20,23.10,25.90,24.10,21.80,21.20,23.40,22.90,20.90,25.50,25.00,23.60,25.30,20.10,21.20,22.40,23.20,22.30,24.40,25.10,25.50,25.10,23.30,20.10,20.40,22.00,24.90,24.50,24.10,21.00,20.80,21.40,24.80,20.20,22.60,20.80,25.50,20.30,22.80,21.40,24.50,24.50,25.60,24.30
TLM_RCV,-72,FG-ALPHA,20240415_083805,AUTO,0,33.13,5.00,-85,95.31,8.22,3.28,5.02,1092,426,0,275,23.33,1013.40,12.10,405.50,12.69,48.55,1080,21.50,24.90,22.10,23.60,23.50,25.90,21.60,22.10,21.00,21.90,21.10,25.70,22.00,23.60,21.50,22.30,22.70,21.30,23.20,22.50,24.10,21.10,20.30,24.60,25.00,22.00,21.50,25.10,25.30,22.70,22.10,20.90,24.60,23.40,25.60,21.60,21.60,20.60,21.10,20.90,25.20,22.10,24.40,25.10,23.20,20.10,23.50,20.80,23.90,23.10,25.10,24.90,25.10,21.50,21.10,20.70,24.90,21.00,20.60,24.20,21.10,20.20,25.60,25.40
TLM_RCV,-54,FG-ALPHA,20240415_083806,AUTO,0,32.24,5.00,-85,95.36,8.22,3.28,5.02,990,449,0,292,22.70,1013.20,11.80,405.00,12.69,48.55,1080,23.80,24.70,25.40,25.80,24.00,22.20,20.50,20.60,24.30,23.70,24.20,21.10,21.60,25.70,21.80,21.50,24.60,22.50,23.80,21.90,23.80,22.00,25.60,20.10,22.20,22.10,24.40,22.30,20.90,23.90,21.50,22.10,25.40,22.20,24.00,22.30,20.10,22.30,23.60,22.30,22.00,21.40,21.10,25.20,25.40,23.10,24.60,22.30,25.80,22.20,23.40,20.90,22.80,21.50,25.20,24.10,20.40,21.40,25.40,22.50,21.50,21.20,23.90,24.30
TLM_RCV,-76,FG-ALPHA,20240415_083807,AUTO,0,32.04,5.00,-85,95.44,8.23,3.29,5.02,1130,409,0,265,23.60,1013.50,11.80,404.80,12.69,48.55,1080,20.90,20.70,23.90,24.20,25.80,21.60,23.30,25.60,25.80,23.70,20.80,25.70,21.20,20.70,22.10,21.50,22.70,22.30,22.70,24.50,25.40,22.50,25.20,20.20,20.70,23.40,22.00,25.20,21.20,20.10,21.70,24.20,22.60,21.30,23.30,21.90,24.50,20.40,21.80,25.10,24.00,22.00,24.30,23.40,21.70,20.60,20.30,21.30,24.30,25.10,23.80,25.50,21.00,22.90,24.60,24.50,23.70,21.70,23.70,21.80,24.90,21.00,24.90,22.00
TLM_RCV,-86,FG-ALPHA,20240415_083808,AUTO,0,33.51,5.00,-85,95.39,8.21,3.30,5.02,0,501,0,346,22.50,1013.00,12.10,404.60,12.69,48.55,1080,21.60,25.80,25.20,24.20,21.40,25.60,20.60,22.20,21.90,23.50,20.10,21.10,24.30,24.00,24.40,25.60,23.20,20.20,22.50,25.00,23.70,22.70,23.80,25.70,22.90,20.30,20.50,25.00,23.60,22.90,23.60,20.00,23.70,22.50,25.80,20.80,23.50,21.30,23.80,21.00,23.90,22.60,21.30,21.20,23.10,23.30,22.20,23.80,23.00,80.00,22.20,21.40,22.70,24.30,20.40,21.50,22.80,20.50,22.60,22.30,20.70,23.40,23.10,20.70
TLM_RCV,-52,FG-ALPHA,20240415_083809,AUTO,0,33.29,5.00,-85,95.43,8.22,3.30,5.02,947,458,0,312,22.44,1013.30,12.10,404.70,12.69,48.55,1080,23.50,23.50,25.50,23.00,23.40,22.00,24.50,23.00,25.80,23.10,21.20,25.90,23.80,23.80,24.20,25.90,21.80,20.00,22.40,22.10,24.80,23.20,20.60,24.00,21.20,22.30,24.70,25.50,20.90,20.90,20.60,22.60,23.80,22.80,20.70,20.00,20.90,24.50,22.30,23.40,20.90,21.90,24.10,20.60,21.90,24.50,22.30,23.40,25.60,25.80,20.20,25.30,23.20,24.90,24.40,20.40,20.40,22.90,23.80,20.50,24.70,22.80,25.70,20.00
TLM_RCV,-63,FG-ALPHA,20240415_083810,AUTO,0,31.23,5.00,-85,95.39,8.22,3.30,5.02,0,445,0,289,22.23,1013.10,12.00,404.50,12.69,48.55,1080,21.20,20.90,21.00,24.30,24.40,24.20,24.60,22.20,22.60,23.60,23.60,20.90,25.40,25.70,20.60,24.80,21.90,24.30,24.90,22.10,21.90,20.40,22.90,21.50,23.80,25.40,20.20,21.30,25.80,24.00,21.20,25.30,24.30,21.50,25.50,22.50,22.20,25.50,25.80,25.40,24.30,22.30,25.70,23.30,21.20,20.00,24.40,25.30,21.20,21.00,22.90,21.40,23.70,24.30,23.80,24.40,21.00,21.80,21.30,22.30,21.50,21.40,22.30,21.80
TLM_RCV,-53,FG-ALPHA,20240415_083811,AUTO,0,33.17,5.00,-85,95.44,8.23,3.29,5.02,925,433,0,283,22.46,1013.20,11.90,404.90,12.69,48.55,1080,25.90,20.90,24.90,24.50,25.40,21.60,25.20,20.70,23.40,21.30,20.60,20.60,21.20,25.80,20.90,25.00,21.70,20.70,25.20,20.00,21.50,22.80,24.50,23.20,25.90,23.50,24.60,21.70,24.60,24.40,21.20,25.90,23.80,24.20,24.10,25.70,24.50,24.30,24.10,20.00,24.50,20.90,21.60,23.00,23.80,25.00,24.30,24.60,24.00,22.20,20.40,23.00,22.60,22.50,24.00,21.30,20.80,20.30,25.60,22.60,20.00,24.40,21.40,25.60
TLM_RCV,-45,FG-ALPHA,20240415_083812,AUTO,0,31.33,5.00,-85,95.48,8.22,3.30,5.02,906,467,0,325,22.19,1013.50,11.90,404.70,12.69,48.55,1080,22.90,20.00,23.70,22.60,24.60,20.00,22.10,22.40,25.90,23.00,23.20,21.40,20.70,20.70,22.10,21.30,22.30,24.30,21.20,22.60,20.00,21.90,21.80,24.10,22.80,24.40,25.30,23.30,20.20,24.00,24.40,24.90,24.10,22.40,20.10,23.70,21.00,20.30,24.30,22.90,23.30,24.40,25.60,25.90,25.60,22.90,20.40,23.60,20.80,21.60,23.90,22.70,25.10,22.30,20.80,22.80,23.00,25.40,22.80,21.30,22.40,22.00,25.70,25.60
TLM_RCV,-95,FG-ALPHA,20240415_083813,AUTO,0,32.33,5.00,-85,95.54,8.22,3.28,5.02,987,465,0,325,22.61,1013.20,11.90,404.50,12.69,48.55,1080,24.60,25.50,23.10,24.70,25.80,24.80,21.70,22.80,21.50,23.50,20.90,23.70,24.60,21.40,22.30,20.50,21.90,22.40,20.50,24.90,20.90,20.80,24.50,23.20,21.40,24.60,21.20,20.30,20.20,22.00,25.50,20.10,22.20,25.20,21.90,23.00,24.70,23.30,21.60,21.70,23.10,21.70,24.50,23.00,25.00,24.90,22.30,22.60,24.60,20.00,22.20,25.40,25.40,25.20,20.40,23.20,24.50,21.90,23.30,24.80,25.20,20.70,21.20,22.70
TLM_RCV,-78,FG-ALPHA,20240415_083814,AUTO,0,31.08,5.00,-85,95.59,8.23,3.31,5.02,1009,417,0,262,22.96,1012.90,12.10,406.00,12.69,48.55,1080,22.90,21.20,24.90,23.40,21.90,24.40,24.90,24.90,20.30,20.80,21.20,22.40,22.20,23.20,22.80,25.30,24.30,21.70,23.50,25.40,22.30,23.40,20.00,21.00,25.40,23.60,21.80,22.40,22.40,21.30,21.90,25.60,24.20,25.50,22.70,22.40,20.40,22.70,20.10,21.20,20.80,25.40,24.70,25.20,25.40,23.30,20.80,22.90,22.10,22.00,24.60,25.00,20.00,22.10,20.00,25.00,20.00,20.10,23.90,23.80,21.40,24.70,22.30,25.90
TLM_RCV,-75,FG-ALPHA,20240415_083815,AUTO,0,33.42,5.00,-85,95.65,8.22,3.28,5.02,1001,483,0,337,22.59,1013.40,12.10,404.50,12.70,48.55,1080,22.40,23.90,20.60,22.90,24.60,25.00,21.90,22.90,24.20,20.30,21.20,21.50,22.90,25.50,24.10,25.70,24.80,23.80,25.10,21.10,21.40,21.50,20.80,25.70,20.80,21.70,25.50,24.90,22.70,22.40,21.80,21.90,23.40,24.60,20.30,21.00,22.70,86.70,23.90,25.90,24.90,22.90,23.40,23.20,23.90,24.50,22.30,22.50,24.10,25.00,24.70,20.20,21.10,22.70,20.80,22.90,23.80,20.10,20.30,22.70,22.20,21.20,20.80,24.50
TLM_RCV,-69,FG-ALPHA,20240415_083816,AUTO,0,33.01,5.00,-85,95.69,8.24,3.30,5.02,866,402,0,259,22.32,1012.90,12.10,405.50,12.70,48.55,1080,22.20,20.10,23.80,22.60,24.10,24.10,20.50,21.80,23.60,24.50,25.80,21.10,25.60,21.20,24.10,21.00,24.80,22.20,21.60,21.70,21.70,25.40,25.10,20.50,20.30,23.10,24.10,22.00,24.50,20.20,21.70,25.60,25.40,21.70,23.40,23.50,24.90,20.00,20.30,21.90,23.00,25.10,21.20,25.10,24.80,21.90,23.40,24.90,24.90,23.80,20.20,23.70,24.00,22.80,21.10,21.20,24.80,21.40,21.00,20.20,21.30,20.10,25.60,21.90
TLM_RCV,-77,FG-ALPHA,20240415_083817,AUTO,0,31.20,5.00,-85,95.75,8.23,3.28,5.02,998,440,0,294,22.79,1013.40,11.80,405.30,12.70,48.55,1080,24.40,20.50,23.00,23.20,23.80,21.90,23.50,21.00,22.80,24.50,20.00,23.00,23.30,23.90,21.80,23.70,22.00,23.00,24.40,23.50,25.60,22.70,25.20,23.80,22.20,25.90,20.90,23.30,21.50,23.50,25.50,20.50,20.70,23.00,22.10,22.40,23.70,22.70,22.40,20.20,20.30,21.30,22.60,24.30,25.00,25.20,23.10,23.70,20.00,21.60,20.30,25.80,21.60,20.50,20.40,20.70,21.30,20.20,25.40,25.20,24.20,23.30,24.30,25.30
TLM_RCV,-79,FG-ALPHA,20240415_083818,AUTO,0,32.01,5.00,-85,95.79,8.24,3.30,5.02,846,402,0,261,22.22,1013.10,11.80,406.00,12.70,48.55,1080,20.10,21.10,23.60,21.30,25.00,22.00,22.20,24.80,20.90,20.20,24.30,22.60,87.00,23.50,24.10,25.70,21.90,25.90,24.00,24.50,21.10,21.50,25.40,20.40,23.30,24.40,21.40,24.00,20.10,23.90,22.90,21.30,20.50,23.60,20.60,21.90,23.50,22.30,23.90,24.90,21.60,22.80,25.60,22.10,22.70,21.00,20.10,24.40,21.40,25.70,22.00,23.30,21.40,24.80,25.80,21.20,24.40,24.10,23.50,21.40,22.90,21.00,25.60,22.40
TLM_RCV,-43,FG-ALPHA,20240415_083819,AUTO,0,33.37,5.00,-85,95.75,8.23,3.28,5.02,0,474,0,321,22.37,1013.30,11.90,406.30,12.70,48.55,1080,25.90,24.50,25.40,25.80,20.00,21.10,22.10,23.90,24.60,21.80,24.30,20.30,25.50,21.90,22.40,24.80,23.90,25.90,24.40,24.30,25.50,22.40,24.40,21.50,23.30,23.30,21.90,20.70,21.80,24.60,25.00,22.70,22.50,20.10,23.60,25.00,25.10,22.10,20.60,21.80,20.30,25.10,20.60,23.20,25.30,25.90,24.30,21.60,25.10,24.40,22.50,20.60,23.40,23.10,21.60,20.30,23.10,21.80,24.40,22.60,25.10,20.20,25.90,24.50
TLM_RCV,-90,FG-ALPHA,20240415_083820,AUTO,0,32.23,5.00,-85,95.81,8.23,3.28,5.02,1113,446,0,306,23.33,1013.10,11.80,406.40,12.70,48.55,1080,23.80,25.30,23.60,25.80,23.40,24.10,25.20,22.30,22.10,20.40,21.90,20.80,20.50,24.80,23.00,25.70,21.40,25.00,24.60,23.60,21.30,21.00,24.00,21.80,22.80,22.40,20.30,20.70,25.20,22.80,22.50,23.90,24.50,23.40,25.80,24.80,23.80,23.20,24.60,25.00,22.80,25.60,21.10,23.70,20.30,21.30,20.90,22.60,24.10,24.00,21.80,23.50,21.70,22.20,23.10,22.80,20.10,24.20,24.90,22.00,20.60,22.70,24.20,25.00
TLM_RCV,-64,FG-ALPHA,20240415_083821,AUTO,0,33.44,5.00,-85,95.76,8.22,3.31,5.02,0,489,0,335,22.44,1012.80,11.90,405.40,12.70,48.55,1080,22.50,21.30,22.00,21.10,25.80,25.50,22.30,22.90,20.60,24.80,21.70,23.00,20.90,20.80,24.70,25.50,23.80,21.20,21.40,21.50,23.80,20.00,22.50,23.30,20.80,21.10,25.30,24.30,22.70,20.20,22.00,22.30,25.50,24.90,25.40,24.70,20.60,25.10,24.80,23.80,23.60,20.80,21.40,25.00,22.50,24.60,22.10,25.70,25.00,21.60,20.40,20.50,21.60,25.30,21.00,20.70,21.90,25.90,24.70,21.60,23.60,21.00,21.30,25.30
TLM_RCV,-47,FG-ALPHA,20240415_083822,AUTO,0,33.06,5.00,-85,95.81,8.24,3.30,5.02,876,412,0,260,22.32,1012.70,11.90,406.40,12.70,48.55,1080,20.90,23.60,20.10,23.30,23.80,23.90,21.60,23.70,21.60,25.10,24.30,20.20,23.70,25.70,23.80,20.90,24.80,22.90,23.70,21.20,25.90,23.30,25.20,24.10,25.90,21.10,25.40,23.50,23.50,22.70,22.90,23.90,22.70,21.40,21.50,20.50,20.80,25.50,20.40,22.70,25.30,23.60,22.10,21.60,22.90,24.80,23.10,25.50,23.50,21.00,24.00,20.20,24.90,24.30,24.70,23.30,23.70,25.40,23.10,23.40,21.20,24.80,25.40,25.20
TLM_RCV,-46,FG-ALPHA,20240415_083823,AUTO,0,32.38,5.00,-85,95.76,8.23,3.29,5.02,0,475,0,323,22.37,1012.80,12.00,405.10,12.70,48.55,1080,23.20,24.90,22.60,22.00,22.10,20.60,21.00,20.00,22.00,21.60,21.70,20.70,22.30,25.90,20.40,20.80,20.80,24.90,22.20,20.40,24.30,24.40,24.30,25.90,21.60,21.30,20.70,24.90,21.90,24.90,22.20,25.90,22.20,21.40,22.30,22.50,20.40,24.10,23.00,20.10,20.70,20.40,20.90,23.30,24.00,24.40,25.00,23.50,23.90,20.30,25.30,24.70,24.00,25.40,24.80,21.90,22.70,20.90,22.40,21.50,20.60,25.90,22.40,20.10
TLM_RCV,-52,FG-ALPHA,20240415_083824,AUTO,0,33.33,5.00,-85,95.80,8.23,3.29,5.02,856,467,0,320,21.94,1013.20,11.80,405.10,12.70,48.55,1080,23.40,23.20,21.60,22.10,24.20,25.70,20.60,21.30,25.90,25.80,21.20,22.80,23.70,21.10,22.50,25.40,24.40,23.40,20.30,20.90,24.00,24.50,22.50,24.00,25.30,20.90,20.30,20.40,22.90,20.20,20.90,23.00,24.50,21.00,24.80,24.70,21.50,21.00,20.40,22.20,23.60,23.10,24.70,23.20,24.80,23.90,23.50,22.20,22.70,24.60,21.20,24.10,24.50,23.80,20.20,20.60,25.30,20.80,20.70,22.30,24.10,23.70,20.20,22.80
TLM_RCV,-91,FG-ALPHA,20240415_083825,AUTO,0,31.06,5.00,-85,95.76,8.24,3.29,5.02,0,411,0,257,22.06,1013.10,12.00,405.00,12.71,48.55,1080,21.10,25.30,25.30,23.50,23.80,20.40,21.20,23.50,22.20,23.90,22.00,20.90,25.00,22.90,20.60,21.20,24.60,25.00,20.70,20.50,23.90,23.40,25.10,20.30,20.50,21.90,21.90,20.40,22.20,22.20,25.10,25.90,24.90,23.80,24.00,25.10,22.20,24.40,20.40,23.10,21.30,20.80,21.00,21.00,25.60,24.70,25.40,22.20,21.90,21.30,23.70,21.70,22.10,24.00,25.40,21.30,25.60,20.40,24.00,25.80,25.30,25.00,24.60,22.90
TLM_RCV,-45,FG-ALPHA,20240415_083826,AUTO,0,33.04,5.00,-85,95.84,8.24,3.28,5.02,1183,408,0,258,23.87,1013.30,11.90,404.70,12.71,48.55,1080,21.60,22.10,25.40,22.40,21.50,24.60,23.60,24.50,24.50,24.30,21.70,24.70,20.50,20.40,24.70,24.70,20.80,23.40,25.60,24.70,25.00,20.40,21.00,24.10,21.80,22.00,20.50,20.40,25.70,21.00,22.80,24.90,25.50,23.90,24.90,25.40,24.90,20.80,25.40,24.90,24.00,22.30,23.50,21.40,23.80,21.70,20.30,22.70,25.30,23.80,20.20,24.40,24.50,21.50,20.20,23.70,20.80,21.60,25.90,22.30,22.00,20.10,21.30,24.10
TLM_RCV,-43,FG-ALPHA,20240415_083827,AUTO,0,31.39,5.00,-85,95.88,8.23,3.30,5.02,927,477,0,335,22.25,1013.00,12.00,406.30,12.71,48.55,1080,20.80,21.00,24.50,24.90,25.10,20.90,23.20,23.00,24.00,22.00,25.90,23.00,21.30,23.60,20.70,23.50,20.60,21.00,25.40,24.20,21.90,25.40,22.30,25.30,21.80,23.30,22.00,23.60,23.50,22.10,23.20,23.10,22.80,22.80,22.90,23.00,24.20,21.60,25.20,25.70,23.90,24.90,24.50,23.20,20.70,23.70,22.20,20.60,22.90,22.40,21.30,22.00,20.80,25.00,22.40,23.60,21.90,21.60,25.80,21.10,23.30,23.80,22.70,20.30
TLM_RCV,-45,FG-ALPHA,20240415_083828,AUTO,0,33.42,5.00,-85,95.92,8.23,3.31,5.02,848,485,0,340,21.82,1012.90,11.90,406.40,12.71,48.55,1080,20.70,25.60,23.70,25.20,20.10,21.20,20.80,21.60,22.90,24.10,21.60,22.60,24.10,25.50,24.50,20.10,23.10,23.90,21.00,23.80,22.40,25.00,21.30,24.40,24.00,20.10,22.90,20.30,23.70,24.10,22.00,24.70,22.10,22.50,20.20,25.10,24.60,24.90,21.20,24.60,24.20,25.80,20.30,21.10,20.40,21.20,25.70,25.00,22.10,24.30,20.50,20.50,20.00,20.70,24.60,20.40,24.20,20.50,23.10,22.80,24.30,22.80,24.50,23.40
TLM_RCV,-75,FG-ALPHA,20240415_083829,AUTO,0,31.31,5.00,-85,95.96,8.23,3.28,5.02,891,462,0,304,22.15,1013.50,11.90,404.60,12.71,48.55,1080,21.10,20.30,24.00,20.80,21.90,24.40,25.60,21.20,25.90,25.50,20.00,23.60,20.30,21.00,21.70,22.50,21.70,23.90,23.00,24.30,20.20,21.00,24.70,23.70,23.80,23.60,24.40,24.90,21.20,20.10,25.20,21.80,24.30,22.90,20.80,20.60,24.30,22.80,22.10,23.40,20.60,21.00,25.90,23.30,25.20,24.00,20.80,20.70,22.70,20.60,25.90,22.40,22.40,20.10,22.50,22.40,24.10,25.30,25.50,25.00,24.00,21.10,24.70,25.90
TLM_RCV,-61,FG-ALPHA,20240415_083851,AUTO,0,31.10,5.00,-85,97.55,8.28,3.28,5.02,1033,420,0,277,23.07,1013.50,12.00,405.90,12.73,48.55,1080,20.80,79.90,21.70,23.80,22.80,25.40,23.90,23.00,23.30,24.50,21.00,22.70,25.10,23.40,20.00,23.00,20.80,20.60,25.40,24.30,25.20,25.70,25.50,22.70,20.40,23.00,25.80,25.10,25.40,20.10,22.70,21.30,22.40,25.10,21.00,24.00,23.50,23.70,21.70,21.40,24.40,22.90,22.10,22.20,23.30,24.60,21.30,24.80,21.40,22.50,23.40,24.20,25.40,21.00,24.20,25.90,21.70,24.50,24.70,25.50,21.80,21.80,24.50,21.80
TLM_RCV,-56,FG-ALPHA,20240415_083852,AUTO,0,31.12,5.00,-85,97.59,8.28,3.28,5.02,834,425,0,279,22.05,1012.80,11.80,405.90,12.73,48.55,1080,25.90,23.10,21.50,24.50,20.00,22.70,23.70,24.70,25.10,24.70,21.30,22.80,20.00,21.50,25.00,21.50,22.60,21.10,21.80,22.80,23.90,22.20,20.10,23.50,24.50,21.00,21.70,24.70,24.00,24.00,24.50,25.70,21.60,20.30,20.60,25.80,24.70,23.80,25.00,24.90,20.10,20.20,22.70,25.80,24.10,21.30,20.90,22.30,25.60,25.60,21.60,23.30,20.80,22.30,24.80,24.60,23.30,24.80,22.70,22.40,21.80,22.50,23.40,22.90
TLM_RCV,-91,FG-ALPHA,20240415_083853,AUTO,0,32.44,5.00,-85,97.65,8.27,3.31,5.02,1094,488,0,339,23.03,1013.50,11.90,405.10,12.73,48.55,1080,25.30,23.60,23.10,22.10,25.70,25.00,21.20,23.10,25.30,25.90,23.80,24.90,25.50,21.50,20.80,24.70,25.80,20.50,25.00,23.10,22.70,22.70,20.50,21.80,25.30,25.10,22.00,24.40,23.80,21.70,22.40,22.00,25.80,22.40,25.70,22.30,20.30,24.00,20.30,24.70,22.50,25.20,22.30,20.80,22.70,25.30,20.40,22.40,20.70,25.80,20.20,21.80,21.70,21.60,25.80,25.80,20.80,23.20,20.70,22.70,25.10,24.90,20.60,22.10
TLM_RCV,-42,FG-ALPHA,20240415_083854,AUTO,0,33.46,5.00,-85,97.60,8.27,3.29,5.02,0,491,0,335,22.45,1012.80,11.80,405.10,12.73,48.55,1080,24.20,22.60,20.10,24.80,21.60,24.20,21.60,23.40,24.60,20.20,24.90,22.10,23.20,23.70,25.60,23.80,22.40,22.50,25.70,20.50,21.60,20.60,23.20,23.00,25.00,22.70,20.80,21.70,25.20,21.60,25.30,25.80,24.50,23.00,21.00,21.10,23.00,25.10,20.60,22.60,24.40,21.80,23.40,21.20,25.00,25.40,24.60,25.20,23.30,21.70,22.30,22.10,25.20,23.90,23.60,20.10,20.70,22.40,21.60,20.40,20.30,20.30,20.80,25.30
TLM_RCV,-63,FG-ALPHA,20240415_083855,AUTO,0,31.43,5.00,-85,97.66,8.27,3.30,5.02,1147,486,0,338,23.31,1013.00,12.10,404.50,12.74,48.55,1080,25.30,23.10,20.60,21.90,22.00,21.40,25.10,25.70,23.90,24.80,21.10,21.10,23.00,20.00,20.50,24.20,25.70,21.80,24.40,25.60,21.10,23.20,24.00,25.40,24.00,21.70,22.30,21.10,23.60,24.80,23.40,21.10,24.20,24.10,25.90,25.40,22.80,24.40,23.80,24.10,23.40,23.00,25.60,25.00,25.10,24.60,25.30,23.10,24.20,25.70,23.60,20.10,20.40,25.30,24.40,25.30,22.50,25.30,25.10,21.30,21.60,20.40,21.10,20.00
TLM_RCV,-91,FG-ALPHA,20240415_083856,AUTO,0,31.47,5.00,-85,97.72,8.27,3.29,5.02,1059,493,0,346,22.83,1012.90,12.00,406.00,12.74,48.55,1080,20.00,25.70,21.30,25.90,20.30,20.70,25.30,21.00,21.70,22.50,23.30,25.20,24.30,23.50,25.90,20.10,24.10,20.30,23.60,23.80,24.40,24.10,20.40,24.70,21.80,20.50,20.20,22.70,24.00,21.60,23.30,22.30,22.10,21.00,21.80,20.30,25.20,21.80,23.50,25.80,23.60,24.10,24.60,20.10,23.00,20.80,25.40,25.40,24.30,24.90,25.60,22.80,22.00,21.70,20.60,24.40,24.00,21.20,21.90,24.80,22.70,25.80,22.60,21.90
TLM_RCV,-94,FG-ALPHA,20240415_083857,AUTO,0,31.46,5.00,-85,97.78,8.27,3.30,5.02,1080,492,0,334,22.94,1012.80,11.90,405.20,12.74,48.55,1080,22.80,21.50,22.60,20.60,23.10,23.70,21.80,21.60,23.50,25.00,24.40,21.20,24.00,21.20,22.30,24.40,24.70,25.00,23.60,25.80,21.80,23.00,22.50,24.00,23.50,24.00,25.10,24.70,23.20,22.00,21.70,25.40,21.00,22.80,20.80,21.20,25.60,24.40,23.10,20.20,25.00,21.10,22.70,25.20,20.10,22.30,22.50,22.70,25.20,20.40,22.10,22.60,22.90,21.40,23.80,24.50,25.70,25.10,23.70,24.10,25.50,23.10,20.10,24.00
TLM_RCV,-53,FG-ALPHA,20240415_083858,AUTO,0,31.07,5.00,-85,97.85,8.29,3.29,5.02,1128,414,0,259,23.57,1013.60,11.90,405.30,12.74,48.55,1080,21.90,20.70,21.90,21.90,24.90,25.00,24.60,21.60,20.10,23.00,25.30,20.40,25.50,25.60,20.50,21.90,20.60,24.80,21.70,25.60,20.10,20.20,21.70,23.10,21.50,22.50,22.80,22.40,22.70,25.60,23.80,23.40,21.20,23.10,24.00,25.80,21.00,23.90,22.50,21.20,23.30,25.40,25.90,21.90,25.30,20.50,23.50,23.70,23.10,21.10,23.30,23.50,24.60,21.40,21.00,23.10,21.50,21.00,20.60,23.50,24.50,22.60,20.40,24.90
TLM_RCV,-47,FG-ALPHA,20240415_083859,AUTO,0,32.31,5.00,-85,97.81,8.28,3.28,5.02,0,461,0,302,22.31,1013.40,11.80,406.40,12.74,48.55,1080,25.60,20.50,22.70,24.30,25.00,23.90,22.10,22.00,22.80,23.60,23.80,21.60,25.10,20.60,22.00,22.80,25.30,22.30,21.50,24.20,23.10,20.10,23.90,22.80,25.50,23.50,25.60,21.50,24.20,20.80,24.40,25.90,21.30,24.60,20.30,25.30,24.00,21.10,21.90,21.60,24.50,24.10,25.70,22.20,25.90,23.50,21.70,20.50,21.80,20.40,25.90,20.70,21.70,24.00,22.70,24.10,25.20,20.80,25.90,22.70,24.50,24.80,25.40,25.80
TLM_RCV,-46,FG-ALPHA,20240415_083900,AUTO,0,32.15,5.00,-85,97.85,8.28,3.28,5.02,828,431,0,278,21.99,1013.40,12.00,405.40,12.74,48.55,1080,25.40,21.10,23.70,25.00,21.10,21.80,25.50,25.70,22.30,21.10,25.00,20.30,25.40,23.60,24.90,21.70,23.40,23.20,24.60,24.50,25.20,21.70,20.00,24.10,20.20,23.80,22.80,24.50,20.80,25.00,22.10,21.20,23.20,23.20,22.50,25.10,24.60,21.60,22.80,20.40,20.40,25.30,25.70,25.10,21.70,24.20,25.50,25.90,22.70,24.10,21.30,25.40,20.20,24.80,25.80,22.70,24.50,20.20,25.80,20.70,20.10,22.50,25.60,24.30
TLM_RCV,-79,FG-ALPHA,20240415_083901,AUTO,0,33.40,5.00,-85,97.89,8.28,3.31,5.02,912,479,0,331,22.17,1013.00,11.90,405.40,12.74,48.55,1080,23.60,21.50,22.60,21.80,22.40,21.30,25.00,22.70,20.30,23.90,21.30,23.10,20.80,22.50,20.90,22.80,25.70,21.20,23.10,21.80,23.00,20.60,22.60,25.00,21.10,20.70,20.50,22.00,24.20,25.80,21.40,23.70,24.50,21.50,20.30,24.70,21.10,23.80,22.20,21.70,22.70,23.00,24.40,20.70,23.70,25.70,25.80,23.90,25.20,23.10,20.90,24.00,25.60,23.00,24.00,22.40,20.40,24.00,21.70,21.70,24.20,24.70,23.20,22.90
TLM_RCV,-59,FG-ALPHA,20240415_083902,AUTO,0,32.42,5.00,-85,97.95,8.28,3.29,5.02,1104,485,0,340,23.09,1013.40,12.10,405.60,12.74,48.55,1080,21.40,25.40,20.40,20.50,22.80,22.70,21.00,24.40,24.60,24.30,25.00,24.80,22.00,23.00,23.30,25.50,24.10,23.60,23.80,20.90,24.60,24.80,21.00,25.10,23.00,24.10,24.70,23.30,24.20,21.30,25.20,20.40,23.70,21.20,21.30,21.40,24.40,24.00,21.10,21.00,25.40,21.60,25.80,24.00,20.80,25.70,21.90,23.00,24.10,20.60,23.40,22.60,21.50,21.80,22.30,20.20,22.70,22.70,22.80,23.10,21.00,24.50,23.40,22.20
TLM_RCV,-48,FG-ALPHA,20240415_083903,AUTO,0,33.40,5.00,-85,98.02,8.28,3.28,5.02,1161,481,0,326,23.40,1013.60,11.80,404.50,12.74,48.55,1080,24.60,24.90,21.20,21.40,25.80,24.50,24.80,20.40,23.70,22.10,23.50,25.70,20.70,25.70,24.80,22.30,21.50,21.50,23.40,22.00,21.30,21.20,21.40,23.50,25.60,24.80,24.70,21.10,21.40,23.50,23.10,22.30,20.30,22.50,24.90,20.10,25.80,20.00,24.10,20.90,22.10,22.90,21.30,24.40,21.80,24.00,23.90,24.30,24.50,25.00,24.00,23.60,24.20,21.00,23.50,21.50,21.20,24.20,25.40,20.50,23.10,25.40,23.90,24.80
TLM_RCV,-45,FG-ALPHA,20240415_083904,AUTO,0,31.12,5.00,-85,98.07,8.29,3.30,5.02,945,424,0,265,22.60,1013.00,11.80,405.10,12.74,48.55,1080,23.40,22.20,22.80,23.60,20.20,21.60,24.70,21.70,23.80,25.20,25.80,21.30,21.10,20.80,24.00,24.50,24.10,25.10,20.60,22.60,22.00,21.80,21.00,20.80,20.20,22.90,20.10,22.00,21.00,23.00,20.80,20.00,23.70,20.10,20.10,22.80,25.00,21.60,25.80,24.80,22.90,23.70,20.90,23.80,25.80,20.70,23.60,20.20,23.00,21.20,21.30,22.10,24.20,20.50,23.80,20.70,23.90,20.30,22.30,20.60,25.80,24.00,21.90,23.90
TLM_RCV,-81,FG-ALPHA,20240415_083905,AUTO,0,33.28,5.00,-85,98.11,8.29,3.30,5.02,839,455,0,299,21.92,1013.20,12.10,406.40,12.75,48.55,1080,23.00,23.10,25.20,22.20,25.30,24.60,24.20,24.20,21.90,21.50,21.80,25.00,25.40,22.80,24.20,21.90,21.20,25.00,23.50,22.20,23.00,20.00,25.30,20.90,21.80,24.40,24.10,22.70,25.20,25.90,20.50,20.70,21.50,25.00,24.40,24.50,25.10,21.70,24.00,20.10,25.50,20.00,20.60,20.30,23.50,22.50,24.00,24.60,20.80,21.20,23.20,22.90,21.80,25.50,20.80,25.70,25.70,25.10,20.60,23.90,23.00,25.60,21.30,20.70
TLM_RCV,-45,FG-ALPHA,20240415_083906,AUTO,0,33.17,5.00,-85,98.18,8.29,3.30,5.02,1121,433,0,282,23.44,1012.70,11.90,406.00,12.75,48.55,1080,23.60,24.40,21.90,23.20,24.90,23.80,25.30,25.30,24.20,23.40,23.80,22.50,24.00,24.20,23.40,21.50,25.20,21.40,21.90,24.20,23.10,24.30,23.40,25.80,25.40,24.80,22.20,24.40,20.40,23.90,24.90,21.30,24.30,20.80,25.40,23.30,24.60,22.70,20.10,25.10,25.10,24.40,23.90,25.00,22.40,25.10,21.30,24.10,24.10,24.90,20.90,23.70,22.30,24.00,20.30,25.30,22.70,24.70,25.40,24.10,20.40,23.40,21.60,22.50
TLM_RCV,-86,FG-ALPHA,20240415_083907,AUTO,0,33.23,5.00,-85,98.13,8.29,3.28,5.02,0,446,0,287,22.23,1012.70,12.00,406.00,12.75,48.55,1080,21.80,23.20,20.00,24.80,21.20,23.70,20.50,22.30,23.40,21.60,23.20,22.30,24.70,20.30,25.30,23.20,22.30,22.60,22.60,20.80,25.30,20.20,22.00,20.10,23.00,20.70,22.10,24.70,22.70,25.20,20.00,23.90,22.90,22.40,21.30,24.00,24.00,23.20,25.10,22.70,21.00,25.70,21.60,23.20,20.50,21.90,21.50,23.90,24.20,25.30,24.50,24.80,23.50,24.40,22.20,20.10,23.90,23.20,20.60,21.80,21.90,23.10,24.00,23.20
TLM_RCV,-72,FG-ALPHA,20240415_083908,AUTO,0,31.23,5.00,-85,98.18,8.29,3.29,5.02,924,446,0,301,22.39,1013.10,11.90,404.70,12.75,48.55,1080,25.80,21.50,22.70,21.30,23.10,25.90,22.50,23.20,25.50,23.30,25.50,22.00,23.60,22.50,20.80,22.80,24.20,23.10,24.40,24.30,25.70,23.30,21.00,21.20,22.40,21.10,21.10,21.10,22.20,21.20,21.10,24.80,24.10,24.20,22.40,20.40,22.40,22.50,23.30,23.70,22.30,22.60,24.40,24.50,21.70,25.40,21.70,20.10,20.60,23.70,23.60,22.50,22.50,22.40,20.60,22.10,24.40,20.10,23.10,25.10,22.30,21.30,21.40,20.40
TLM_RCV,-57,FG-ALPHA,20240415_083909,AUTO,0,32.12,5.00,-85,98.24,8.29,3.31,5.02,974,424,0,272,22.75,1012.80,12.00,406.20,12.75,48.55,1080,23.20,24.20,20.80,22.90,20.00,25.50,22.10,23.10,21.00,22.80,21.20,22.50,22.20,24.60,22.20,23.70,22.30,24.70,24.20,21.20,21.80,20.00,24.10,20.90,22.90,24.90,21.60,25.00,21.70,23.90,25.40,24.60,24.90,22.30,20.50,23.40,23.60,22.80,21.70,22.40,22.00,24.20,22.20,23.70,24.30,25.00,20.40,24.70,21.50,23.60,22.70,24.70,25.60,24.50,21.60,24.30,23.70,23.80,22.10,23.60,25.60,25.00,22.10,22.70
TLM_RCV,-65,FG-ALPHA,20240415_083910,AUTO,0,32.27,5.00,-85,98.28,8.29,3.29,5.02,899,454,0,312,22.23,1013.20,11.90,405.00,12.75,48.55,1080,23.10,24.20,24.90,21.50,22.50,22.50,22.10,21.30,24.60,23.30,25.50,22.30,23.50,23.50,22.00,21.90,22.70,23.70,23.50,21.00,25.80,24.60,23.80,20.70,21.10,20.40,24.20,22.00,22.60,21.10,23.50,21.80,24.40,20.40,20.70,22.40,21.90,25.00,20.10,20.00,23.60,22.70,23.20,23.40,22.00,20.20,25.70,24.70,23.40,22.50,23.30,22.40,23.50,24.00,25.80,23.60,23.80,22.40,22.60,23.60,22.60,23.00,25.10,21.70
TLM_RCV,-42,FG-ALPHA,20240415_083911,AUTO,0,31.28,5.00,-85,98.23,8.29,3.30,5.02,0,456,0,311,22.28,1013.50,11.90,405.60,12.75,48.55,1080,22.10,25.60,25.20,24.00,20.40,21.20,22.80,25.80,25.60,23.90,21.70,22.30,25.40,25.50,22.10,22.80,23.40,23.10,24.90,20.40,22.60,20.60,22.70,21.40,20.80,24.00,24.50,23.40,20.20,21.20,21.00,22.50,22.60,23.20,20.00,25.20,23.40,23.60,23.80,25.30,25.40,25.60,21.50,21.20,25.80,22.40,20.30,24.60,21.90,22.90,24.60,23.80,25.40,20.90,24.30,22.00,24.90,20.30,21.90,20.10,22.90,21.10,23.00,20.60
TLM_RCV,-65,FG-ALPHA,20240415_083912,AUTO,0,31.40,5.00,-85,98.19,8.28,3.29,5.02,0,479,0,326,22.40,1012.70,11.80,405.50,12.75,48.55,1080,22.60,22.60,23.50,23.90,25.60,24.00,21.20,20.80,22.30,22.20,21.30,24.70,23.60,21.40,20.80,24.80,20.20,22.30,25.70,20.80,21.00,20.50,25.70,22.90,25.80,24.90,25.10,25.10,25.00,25.70,23.30,24.70,22.40,22.60,20.70,24.30,20.00,20.00,20.10,24.00,23.30,22.90,23.80,20.40,24.50,24.90,24.60,21.30,25.20,24.80,20.20,21.40,21.80,20.90,21.20,20.40,22.50,23.10,23.40,21.70,20.60,23.00,22.30,23.00
TLM_RCV,-41,FG-ALPHA,20240415_083913,AUTO,0,32.22,5.00,-85,98.26,8.29,3.29,5.02,1162,443,0,299,23.59,1013.60,12.10,405.80,12.75,48.55,1080,20.50,23.60,24.10,22.10,24.70,23.90,20.90,20.70,20.40,20.90,21.60,21.10,20.20,24.30,22.80,23.70,24.60,21.30,22.60,21.80,25.80,21.40,22.70,24.00,21.40,21.70,24.40,24.40,22.80,20.80,20.00,20.00,22.60,24.20,22.60,22.40,20.80,23.00,25.90,22.10,21.30,23.30,24.00,22.80,24.10,20.30,25.50,23.70,20.60,25.20,21.50,20.70,25.80,25.70,21.40,23.60,25.80,23.20,20.40,21.60,20.80,24.80,20.60,25.10
TLM_RCV,-62,FG-ALPHA,20240415_083914,AUTO,0,33.43,5.00,-85,98.31,8.29,3.29,5.02,957,486,0,344,22.35,1013.50,11.80,405.40,12.75,48.55,1080,24.10,20.60,22.40,21.60,24.50,25.40,24.10,24.90,23.10,25.40,22.30,20.30,21.30,20.40,23.80,23.10,24.90,24.60,24.40,25.30,20.30,22.20,24.20,21.60,22.90,24.30,22.50,21.30,22.10,24.30,23.90,21.40,21.20,24.10,20.00,25.50,21.80,21.10,20.50,21.10,24.70,22.90,20.90,21.00,24.80,20.90,22.90,20.20,22.10,24.10,22.90,22.10,25.00,20.10,23.40,22.00,25.40,24.80,22.50,25.00,21.50,24.10,20.00,23.20
TLM_RCV,-51,FG-ALPHA,20240415_083915,AUTO,0,33.51,5.00,-85,98.36,8.29,3.31,5.02,1011,503,0,349,22.54,1012.70,11.80,406.40,12.76,48.55,1080,22.10,23.60,21.40,22.20,22.90,22.60,20.20,25.40,23.10,24.40,23.20,24.20,21.70,20.00,23.70,25.00,21.20,21.90,24.20,21.70,23.50,21.80,25.20,23.00,24.10,20.00,21.50,23.40,25.20,25.20,20.70,21.80,21.70,23.60,24.10,22.40,24.60,20.50,23.30,22.60,25.20,25.90,20.60,22.90,22.80,24.90,25.40,21.60,21.00,21.50,25.00,24.00,25.40,20.10,23.10,24.60,24.50,21.30,21.70,25.80,20.10,22.20,21.20,20.90
TLM_RCV,-40,FG-ALPHA,20240415_083916,AUTO,0,33.39,5.00,-85,98.42,8.29,3.31,5.02,1072,478,0,331,22.97,1012.90,12.10,406.30,12.76,48.55,1080,25.80,25.80,21.10,24.00,21.20,23.10,22.30,24.20,21.30,24.80,25.40,24.50,20.30,24.00,25.10,20.00,24.60,23.80,25.10,22.30,23.20,24.60,20.40,23.40,23.70,22.30,22.30,24.80,23.30,21.10,20.30,22.40,22.20,22.30,20.00,20.70,22.20,25.10,21.20,22.90,23.40,22.40,20.40,21.00,25.20,23.20,22.80,25.80,24.30,21.60,24.00,22.10,20.90,25.80,21.50,21.30,21.50,21.20,23.80,21.70,24.80,20.10,20.50,20.10
TLM_RCV,-82,FG-ALPHA,20240415_083917,AUTO,0,33.15,5.00,-85,98.46,8.30,3.30,5.02,895,431,0,274,22.32,1013.10,11.90,404.50,12.76,48.55,1080,25.00,20.60,22.50,21.00,21.50,22.50,23.40,23.20,22.70,23.00,24.20,25.40,21.40,24.30,24.20,21.50,24.10,22.70,22.50,25.10,24.60,25.90,24.50,20.10,21.00,21.50,21.40,21.50,21.40,20.00,20.40,24.80,25.20,25.10,21.40,20.60,21.40,24.30,24.10,23.90,23.60,23.40,24.50,22.10,20.20,25.40,20.50,25.90,24.60,25.20,25.00,24.30,21.60,22.50,24.90,20.20,22.60,22.90,21.20,21.50,24.50,20.80,22.10,24.30
TLM_RCV,-78,FG-ALPHA,20240415_083918,AUTO,0,31.09,5.00,-85,98.42,8.30,3.28,5.02,0,418,0,278,22.09,1012.70,12.10,405.50,12.76,48.55,1080,22.10,20.60,24.10,24.20,24.60,23.90,20.30,24.50,20.30,24.30,20.20,22.20,22.70,20.70,20.20,20.00,23.50,20.90,25.00,22.90,23.40,21.50,24.10,25.30,24.40,20.50,21.00,24.90,23.50,21.40,25.80,24.70,24.00,21.60,22.30,21.20,24.50,24.40,20.70,21.80,24.30,24.40,23.10,20.50,23.50,20.10,22.20,22.90,21.60,22.40,22.00,22.70,22.50,25.90,25.00,22.90,24.30,20.30,24.20,25.80,22.60,25.80,23.60,21.30
TLM_RCV,-74,FG-ALPHA,20240415_083919,AUTO,0,33.35,5.00,-85,98.48,8.29,3.31,5.02,1058,471,0,321,22.93,1013.50,11.80,404.70,12.76,48.55,1080,25.70,24.20,20.40,20.90,20.80,23.80,22.10,23.80,23.00,23.10,20.10,21.70,22.00,20.40,23.90,25.30,23.90,22.20,25.80,24.10,23.50,23.70,23.60,25.40,21.70,25.80,23.90,25.90,22.40,22.80,21.80,25.60,23.80,22.40,25.50,22.80,25.20,25.60,24.90,22.80,22.30,24.50,25.70,22.80,24.70,24.20,22.30,25.70,22.20,22.90,20.90,20.90,25.00,24.40,25.50,22.80,22.50,25.70,25.40,21.90,20.80,20.10,23.40,20.00
TLM_RCV,-54,FG-ALPHA,20240415_083920,AUTO,0,33.10,5.00,-85,98.55,8.30,3.31,5.02,1112,421,0,278,23.45,1013.00,11.90,405.20,12.76,48.55,1080,20.00,20.00,21.80,21.90,21.60,24.40,20.90,22.00,22.90,22.80,25.90,24.00,23.90,24.20,23.50,22.00,24.10,21.60,21.60,21.00,25.20,20.80,25.80,23.00,24.20,22.10,24.30,25.80,23.80,24.20,23.40,22.60,25.30,21.90,20.20,25.30,25.00,20.50,20.10,23.20,22.70,21.20,23.60,23.90,25.50,22.90,24.70,23.80,21.00,24.90,20.70,24.40,24.20,21.20,22.60,25.90,22.60,25.50,23.80,23.90,22.50,25.80,22.00,24.10
TLM_RCV,-88,FG-ALPHA,20240415_083921,AUTO,0,32.99,5.00,-85,98.61,8.31,3.31,5.02,982,399,0,254,22.92,1013.40,11.90,405.70,12.76,48.55,1080,21.00,25.90,20.70,20.40,23.70,20.00,22.90,24.60,22.20,25.90,22.80,25.10,25.90,20.90,24.90,24.70,20.50,21.80,23.40,23.70,21.60,23.90,21.00,25.20,23.80,22.50,21.40,25.20,23.70,22.20,24.20,20.20,21.70,25.50,25.00,24.80,22.50,23.20,23.70,25.80,21.00,24.90,21.90,20.20,23.20,23.30,20.00,25.80,23.20,25.50,22.80,21.60,21.80,20.30,25.30,20.40,21.20,20.70,25.70,25.20,20.80,23.70,20.70,23.20
TLM_RCV,-91,FG-ALPHA,20240415_083922,AUTO,0,31.00,5.00,-85,98.68,8.31,3.30,5.02,1158,400,0,254,23.79,1013.40,11.90,405.90,12.76,48.55,1080,20.30,25.50,23.20,22.60,24.30,23.60,20.80,25.80,20.70,21.10,20.00,21.20,25.00,25.70,24.40,23.90,20.70,20.10,24.20,25.20,21.90,21.20,25.50,20.10,22.80,23.00,22.90,24.50,20.50,21.40,21.10,25.80,20.70,23.90,22.60,24.70,24.50,24.30,21.00,23.30,23.70,23.20,23.90,22.30,25.90,22.50,25.30,21.70,21.20,20.20,25.90,20.20,21.70,21.90,21.40,23.30,25.10,23.50,20.90,25.80,23.60,23.30,23.60,23.80
TLM_RCV,-88,FG-ALPHA,20240415_083923,AUTO,0,31.16,5.00,-85,98.72,8.30,3.29,5.02,834,431,0,279,22.01,1013.30,12.00,405.50,12.76,48.55,1080,25.90,23.70,21.30,23.80,24.30,25.10,21.30,22.20,24.00,22.60,21.00,20.80,25.20,24.70,20.00,25.00,22.90,22.50,21.80,20.20,22.20,24.00,20.90,23.10,22.30,22.50,25.40,22.90,22.00,25.50,23.30,22.60,25.10,25.90,25.60,20.70,24.60,25.60,25.20,22.90,21.50,20.80,21.50,21.20,20.10,22.50,25.60,23.80,20.20,20.70,22.50,23.20,24.90,25.70,84.10,23.50,20.40,22.90,20.50,21.10,22.30,21.40,25.40,21.80
TLM_RCV,-94,FG-ALPHA,20240415_083924,AUTO,0,32.39,5.00,-85,98.79,8.30,3.31,5.02,1151,478,0,319,23.36,1013.10,12.10,404.50,12.76,48.55,1080,22.30,20.70,21.90,24.60,23.60,25.40,24.50,25.30,20.70,23.70,22.30,22.20,24.40,24.80,24.60,22.60,24.40,21.20,24.80,25.20,20.90,20.10,23.10,24.20,23.70,21.80,22.60,22.10,21.00,24.30,22.70,24.60,24.60,23.40,23.00,22.90,23.90,23.80,21.70,23.40,25.80,25.20,21.10,24.50,25.60,25.10,23.20,23.40,21.90,20.10,70.70,22.60,24.50,21.00,21.40,22.00,20.30,24.00,25.80,20.30,22.10,22.80,20.00,23.80
TLM_RCV,-43,FG-ALPHA,20240415_083925,AUTO,0,32.31,5.00,-85,98.74,8.30,3.30,5.02,0,463,0,316,22.32,1012.90,12.10,405.50,12.77,48.55,1080,24.30,25.30,23.10,25.00,25.00,25.40,21.40,22.50,25.70,22.30,24.90,20.80,24.30,24.50,23.10,22.70,23.30,23.90,21.50,20.80,20.50,20.00,25.20,25.00,20.00,23.60,22.30,24.50,21.80,23.00,24.40,21.10,22.10,22.00,21.40,23.00,24.60,20.80,20.30,20.60,21.80,21.60,25.20,20.20,20.00,23.00,22.90,23.00,23.90,24.40,20.00,25.80,24.90,21.00,23.80,22.90,24.20,24.50,22.30,22.60,22.90,20.40,25.40,23.40
TLM_RCV,-89,FG-ALPHA,20240415_083926,AUTO,0,33.46,5.00,-85,98.78,8.30,3.29,5.02,853,492,0,344,21.81,1012.70,12.00,405.30,12.77,48.55,1080,25.20,20.00,21.60,22.30,23.30,25.90,24.60,23.80,21.00,24.70,25.20,25.10,23.00,21.80,21.70,23.10,24.60,24.40,25.70,23.60,24.70,24.50,25.80,22.10,21.60,24.40,25.10,20.40,24.10,23.60,23.90,20.90,21.30,22.00,23.00,24.10,22.00,20.10,24.70,20.80,24.30,22.60,21.10,24.70,25.70,22.50,25.40,23.90,22.40,25.40,23.40,25.60,24.50,20.70,23.00,24.90,20.30,22.10,21.70,20.20,21.30,21.80,20.50,23.20
TLM_RCV,-84,FG-ALPHA,20240415_083927,AUTO,0,31.47,5.00,-85,98.73,8.30,3.29,5.02,0,493,0,338,22.47,1012.80,12.00,406.10,12.77,48.55,1080,23.20,22.70,22.60,24.30,20.50,24.00,22.40,21.10,23.70,20.90,22.40,21.20,20.20,25.70,20.20,25.90,25.00,25.60,24.80,25.40,22.60,24.10,20.30,23.40,22.50,22.20,21.30,24.60,24.60,24.80,22.80,21.50,24.90,25.20,20.40,22.40,22.80,22.10,21.90,21.70,24.20,24.20,25.90,24.10,22.60,21.40,25.60,20.90,20.90,24.80,23.20,25.90,23.00,21.80,23.00,25.50,23.50,21.70,25.90,22.00,20.90,22.10,23.80,24.90
TLM_RCV,-52,FG-ALPHA,20240415_083928,AUTO,0,31.12,5.00,-85,98.78,8.31,3.28,5.02,913,424,0,271,22.44,1012.90,11.80,406.00,12.77,48.55,1080,23.80,21.50,22.80,21.70,25.40,25.70,22.00,22.20,20.30,22.50,24.90,21.50,25.40,25.50,22.10,25.30,20.40,25.30,21.20,20.20,23.30,23.20,22.10,20.50,20.10,25.50,24.00,25.00,23.00,23.00,21.60,21.10,24.50,24.30,25.30,25.90,21.70,21.20,25.30,22.70,23.90,23.50,23.90,20.00,25.60,25.40,20.80,20.50,23.50,22.10,21.80,23.50,21.50,20.10,21.70,25.50,21.40,23.00,25.40,20.80,20.90,22.90,24.50,21.60
TLM_RCV,-44,FG-ALPHA,20240415_083929,AUTO,0,32.24,5.00,-85,98.82,8.30,3.28,5.02,817,447,0,295,21.85,1013.40,11.90,405.70,12.77,48.55,1080,25.40,25.60,20.80,23.00,20.50,21.90,23.20,21.40,24.60,24.00,25.60,21.00,22.80,25.50,20.00,25.50,21.00,23.60,23.30,22.40,21.50,23.80,24.40,20.00,23.80,20.40,22.80,20.70,21.30,23.70,20.10,23.60,24.80,86.60,20.30,25.50,23.70,24.40,24.70,23.00,20.10,23.60,22.20,23.30,25.80,23.50,23.00,20.20,25.20,23.60,22.30,25.20,24.70,20.80,20.20,24.10,23.70,23.30,23.70,25.30,25.50,24.50,22.10,22.80
TLM_RCV,-62,FG-ALPHA,20240415_083930,AUTO,0,32.00,5.00,-85,98.88,8.31,3.31,5.02,1035,400,0,256,23.17,1013.30,11.80,405.80,12.77,48.55,1080,25.40,23.80,20.30,20.90,25.10,25.60,20.50,20.20,20.00,20.70,23.90,23.90,22.10,21.20,25.80,22.20,25.50,22.70,22.90,22.40,20.50,23.80,21.80,22.30,24.80,21.50,20.70,23.20,22.60,22.50,25.50,20.10,22.40,23.10,24.80,22.60,25.60,21.20,25.00,22.70,20.30,24.40,21.00,21.50,20.10,22.60,22.30,20.30,25.40,25.20,22.40,23.80,21.30,24.90,24.00,23.60,24.20,22.70,21.40,20.10,24.90,21.80,21.20,21.00
TLM_RCV,-84,FG-ALPHA,20240415_083931,AUTO,0,31.03,5.00,-85,98.92,8.31,3.30,5.02,836,406,0,261,22.15,1012.70,11.80,405.80,12.77,48.55,1080,21.90,20.00,25.90,24.60,22.50,20.20,25.40,20.80,20.30,21.50,21.60,21.10,22.30,25.40,23.40,21.70,23.50,22.30,21.40,23.20,23.60,21.60,24.40,21.00,25.80,22.30,24.80,21.70,23.30,24.80,23.60,24.60,22.90,20.50,24.30,20.80,23.20,25.60,20.30,25.50,24.70,25.20,23.80,20.10,24.40,21.90,25.70,20.40,20.10,21.60,25.00,24.10,24.60,24.80,21.00,23.90,25.60,22.10,23.90,23.20,22.20,20.20,21.60,21.70
TLM_RCV,-45,FG-ALPHA,20240415_083953,AUTO,0,33.29,5.00,-85,100.00,8.33,3.31,5.02,820,458,0,305,21.81,1013.40,12.00,405.80,12.79,48.55,1080,21.00,22.80,20.00,23.50,22.30,23.20,23.80,23.60,25.30,23.90,25.20,22.50,21.70,25.60,23.50,20.30,20.50,23.70,20.40,20.60,24.50,22.60,20.70,20.00,24.30,23.20,20.80,20.60,20.70,22.20,22.20,20.80,23.00,21.70,21.50,23.20,20.50,21.80,25.00,20.00,21.10,21.20,21.30,23.30,22.60,23.30,25.10,24.90,23.20,25.10,24.00,25.70,23.10,21.60,20.10,22.30,20.80,24.50,20.70,24.40,21.50,24.20,21.70,22.40
TLM_RCV,-69,FG-ALPHA,20240415_083954,AUTO,0,31.47,5.00,-85,100.00,8.33,3.31,5.02,1101,493,0,344,23.04,1013.00,12.10,405.40,12.79,48.55,1080,20.30,20.30,24.20,23.50,22.10,23.80,22.60,22.20,23.90,24.90,20.80,20.40,22.10,22.40,24.30,23.80,25.90,22.60,24.00,24.00,24.10,25.50,23.30,20.90,25.70,20.10,22.30,21.70,24.90,22.60,25.70,21.20,21.90,25.20,20.80,23.20,20.50,21.30,21.90,24.40,22.80,22.40,25.70,23.20,25.70,21.40,21.50,23.70,22.80,24.00,21.20,20.80,22.30,24.40,24.40,25.50,21.30,23.40,25.80,22.00,24.80,22.00,25.20,20.80
TLM_RCV,-49,FG-ALPHA,20240415_083955,AUTO,0,32.38,5.00,-85,99.95,8.33,3.28,5.02,0,475,0,327,22.37,1013.20,11.80,404.70,12.80,48.55,1080,22.10,23.50,25.60,21.40,23.50,21.60,25.70,24.10,25.50,24.40,21.40,25.90,20.00,24.60,20.20,21.20,21.60,25.50,21.20,23.20,21.60,25.60,25.60,25.40,21.80,23.10,20.50,24.70,24.10,23.00,21.80,22.50,25.80,21.10,22.60,25.00,25.40,22.50,21.40,24.20,24.70,21.40,20.70,22.20,25.00,24.30,25.40,20.90,22.90,21.60,24.30,20.60,22.10,21.00,20.80,22.80,20.50,20.90,24.00,21.00,21.70,24.70,21.10,22.90
TLM_RCV,-87,FG-ALPHA,20240415_083956,AUTO,0,32.19,5.00,-85,100.00,8.33,3.30,5.02,957,437,0,283,22.60,1012.80,12.00,405.10,12.80,48.55,1080,25.50,25.60,25.80,25.90,21.50,25.60,21.50,23.30,22.00,22.60,22.60,24.70,20.50,23.60,20.40,21.00,72.10,25.70,23.30,25.60,24.80,21.30,23.30,22.40,23.90,23.00,21.10,24.50,25.50,23.90,22.30,22.80,20.00,21.50,23.90,22.40,21.00,22.70,20.10,22.50,22.80,25.60,22.10,24.60,20.00,20.40,23.20,24.10,24.70,22.40,21.00,20.00,21.50,22.90,20.20,23.90,20.40,20.60,21.50,21.90,20.80,25.70,24.90,21.20
TLM_RCV,-87,FG-ALPHA,20240415_083957,AUTO,0,33.38,5.00,-85,100.00,8.33,3.29,5.02,1035,475,0,319,22.80,1013.00,11.90,405.10,12.80,48.55,1080,21.00,24.30,21.70,24.90,23.20,23.70,25.90,24.40,21.70,23.30,24.80,23.50,20.20,24.30,21.30,20.40,24.50,21.30,22.40,23.60,21.20,25.60,20.70,21.30,21.40,22.50,25.60,24.40,24.40,20.80,25.00,22.60,24.50,25.10,21.40,22.10,23.20,20.90,21.60,20.70,22.90,22.60,20.30,23.60,24.00,21.50,22.60,21.40,22.80,20.90,25.80,21.60,25.60,22.40,20.10,22.90,22.30,23.40,24.00,85.10,24.00,21.80,22.40,22.40
TLM_RCV,-82,FG-ALPHA,20240415_083958,AUTO,0,33.45,5.00,-85,100.00,8.33,3.30,5.02,989,490,0,338,22.50,1013.30,12.00,405.10,12.80,48.55,1080,22.90,22.20,23.80,25.40,20.80,24.10,25.30,23.80,23.10,24.70,23.50,25.70,20.20,21.10,20.10,24.40,23.50,25.80,23.50,20.40,23.80,20.40,24.70,21.10,24.20,22.90,22.00,25.90,25.80,21.10,22.90,20.70,22.50,25.20,24.20,22.80,25.20,25.00,23.80,24.80,23.40,23.60,22.00,20.00,23.70,21.50,24.20,24.90,23.50,22.10,21.50,20.10,25.30,21.80,25.10,23.50,21.60,20.60,23.90,22.10,22.30,21.00,24.60,23.10
TLM_RCV,-77,FG-ALPHA,20240415_083959,AUTO,0,31.09,5.00,-85,99.96,8.34,3.28,5.02,0,418,0,267,22.09,1013.30,12.00,406.00,12.80,48.55,1080,23.70,21.20,24.10,22.10,23.20,22.60,24.30,22.40,25.50,22.40,23.80,20.80,22.30,20.90,23.60,22.00,25.70,25.60,22.90,22.00,21.00,21.10,24.90,20.60,21.70,21.10,21.40,24.00,21.30,21.70,25.40,24.00,22.20,24.40,21.30,24.50,23.80,20.50,20.70,20.90,25.80,21.10,22.10,20.40,25.80,21.40,22.00,23.90,24.70,20.50,25.10,21.10,20.50,22.50,22.40,25.00,25.20,25.10,21.50,21.40,22.40,23.50,22.60,23.30
TLM_RCV,-67,FG-ALPHA,20240415_084000,AUTO,0,32.06,5.00,-85,100.00,8.34,3.31,5.02,1040,412,0,262,23.14,1012.90,11.80,405.80,12.80,48.55,1080,25.20,21.20,24.30,25.00,20.30,23.10,25.00,20.10,25.20,23.50,22.10,20.30,22.70,21.00,23.00,22.20,23.20,21.70,22.30,25.10,21.30,25.60,23.50,21.70,24.90,24.00,21.30,25.80,24.60,23.30,25.10,25.30,21.10,23.10,21.80,20.30,21.60,22.00,21.90,20.90,25.80,24.40,22.00,24.90,21.70,24.00,23.50,25.40,21.80,25.70,24.40,23.50,22.30,25.30,21.30,23.30,24.10,22.70,22.70,24.60,23.40,20.60,24.10,22.60
TLM_RCV,-76,FG-ALPHA,20240415_084001,AUTO,0,32.09,5.00,-85,100.00,8.34,3.28,5.02,1044,418,0,262,23.13,1013.20,11.90,406.30,12.80,48.55,1080,24.10,23.80,21.20,20.70,22.30,22.90,24.10,22.30,24.40,25.90,25.90,24.50,22.70,24.30,22.00,25.10,21.30,24.90,21.60,22.30,25.80,21.70,25.80,22.30,22.80,21.00,21.70,23.80,21.10,21.40,23.30,24.60,22.70,20.80,24.90,21.20,24.50,20.10,24.90,25.50,25.80,25.80,20.70,22.10,22.40,24.90,23.50,22.80,21.00,22.90,25.70,21.00,21.70,22.00,24.00,23.80,24.00,23.50,20.50,25.20,20.20,21.80,25.60,22.50
TLM_RCV,-57,FG-ALPHA,20240415_084002,AUTO,0,33.08,5.00,-85,100.00,8.34,3.29,5.02,1037,415,0,267,23.11,1013.60,12.00,404.50,12.80,48.55,1080,23.40,24.20,20.30,22.90,20.10,21.30,21.10,25.60,20.90,23.40,24.80,24.10,23.10,20.20,23.00,23.80,22.20,20.50,21.30,22.50,23.80,21.70,25.10,20.80,23.20,25.10,24.10,21.40,24.20,20.50,21.30,24.80,20.40,24.80,20.30,25.20,22.50,22.30,22.00,21.30,25.20,23.00,20.50,20.20,22.90,24.50,21.00,22.40,20.80,22.70,22.00,21.10,24.80,23.20,24.00,20.40,24.40,20.50,23.60,21.20,22.00,25.50,24.30,22.60
TLM_RCV,-83,FG-ALPHA,20240415_084003,AUTO,0,33.42,5.00,-85,100.00,8.33,3.30,5.02,844,484,0,330,21.80,1013.30,12.10,406.10,12.80,48.55,1080,21.00,24.10,25.80,22.80,25.30,25.40,21.40,23.20,25.10,22.80,20.20,25.70,24.50,21.60,25.80,23.00,22.90,21.30,22.80,21.10,25.20,20.10,22.10,24.60,23.50,25.00,23.20,20.50,20.90,22.20,20.70,22.60,23.60,24.50,21.70,25.10,23.50,21.10,25.20,23.80,21.70,23.30,22.20,21.80,20.50,23.20,22.40,21.90,22.00,22.80,20.60,25.90,21.80,25.30,22.10,21.60,22.00,20.50,24.40,24.90,22.30,23.20,23.90,24.00
TLM_RCV,-94,FG-ALPHA,20240415_084004,AUTO,0,30.97,5.00,-85,100.00,8.34,3.28,5.02,805,394,0,253,22.06,1013.00,11.90,405.10,12.80,48.55,1080,24.00,20.40,25.80,24.00,22.70,25.10,22.80,21.60,25.30,22.50,22.90,22.10,24.50,22.20,25.70,20.90,20.90,25.30,20.10,24.50,20.80,22.40,24.00,20.00,22.00,23.30,20.70,22.80,20.50,25.10,24.90,20.40,24.90,21.70,25.30,20.80,21.90,23.40,21.10,25.70,22.70,20.40,21.30,20.50,22.10,21.10,20.80,25.80,23.60,20.90,23.20,25.70,23.70,23.50,24.10,24.70,22.20,22.00,24.00,22.20,25.00,24.70,25.20,24.00
TLM_RCV,-81,FG-ALPHA,20240415_084005,AUTO,0,32.38,5.00,-85,100.00,8.33,3.30,5.02,926,477,0,321,22.25,1012.80,11.80,405.50,12.81,48.55,1080,23.20,22.30,21.50,25.50,24.30,22.50,20.30,24.60,21.20,20.30,24.10,22.20,23.20,20.90,21.70,20.20,23.70,24.80,24.70,23.30,25.80,24.20,25.50,24.80,21.20,22.50,23.80,20.10,22.20,25.40,23.00,24.10,21.30,23.20,24.20,24.00,20.90,20.00,21.90,21.90,24.40,20.40,23.00,23.00,24.40,23.30,25.70,25.10,22.90,25.70,20.50,23.60,24.90,21.60,22.00,24.30,25.10,21.30,24.10,23.90,24.10,21.60,21.10,21.20
TLM_RCV,-64,FG-ALPHA,20240415_084006,AUTO,0,31.42,5.00,-85,100.00,8.33,3.29,5.02,902,483,0,335,22.09,1013.30,12.10,405.80,12.81,48.55,1080,22.90,23.40,25.70,25.00,20.50,21.30,21.00,24.50,25.30,25.20,24.90,20.90,24.20,25.70,20.70,21.70,21.70,23.30,21.50,22.20,24.10,22.20,22.50,22.60,24.40,21.00,21.50,20.20,25.70,23.30,23.30,22.40,22.60,21.50,24.40,21.10,20.50,21.10,24.10,23.30,22.20,23.60,22.00,24.60,22.00,21.30,21.80,22.80,24.80,23.60,21.10,25.60,22.60,22.80,23.30,25.10,74.50,21.10,21.40,23.50,21.90,20.30,20.50,25.00
TLM_RCV,-57,FG-ALPHA,20240415_084007,AUTO,0,33.03,5.00,-85,100.00,8.34,3.28,5.02,831,406,0,261,22.12,1013.60,12.10,404.90,12.81,48.55,1080,21.60,22.40,20.30,22.00,21.50,20.10,22.00,22.30,20.50,25.80,24.80,25.30,20.60,25.80,20.80,25.20,20.40,20.50,20.90,20.90,22.30,25.50,24.60,21.90,20.20,24.70,25.90,25.50,24.00,20.40,21.90,20.00,21.40,24.70,25.20,20.80,20.80,23.20,25.40,24.20,24.90,22.30,23.40,21.20,25.80,24.70,20.70,23.70,25.90,25.80,20.40,21.20,25.20,20.60,25.70,25.90,20.20,23.80,24.30,22.80,20.60,22.40,24.80,22.00
TLM_RCV,-63,FG-ALPHA,20240415_084008,AUTO,0,31.31,5.00,-85,100.00,8.33,3.30,5.02,1119,461,0,313,23.29,1012.90,11.80,404.60,12.81,48.55,1080,21.10,22.90,24.70,24.70,21.30,21.10,23.20,23.40,24.10,24.10,24.20,22.30,24.60,23.50,25.20,24.70,24.30,24.20,21.30,21.60,22.70,22.60,24.40,21.60,20.60,25.50,20.80,24.60,25.00,24.40,23.30,20.80,24.10,25.80,20.00,21.20,24.40,23.50,25.10,23.70,24.30,23.50,25.90,24.00,20.00,20.50,23.00,25.30,20.40,23.00,23.90,20.20,22.00,20.20,21.30,25.40,22.10,22.30,21.50,21.20,21.60,22.80,21.50,25.50
TLM_RCV,-65,FG-ALPHA,20240415_084009,AUTO,0,32.37,5.00,-85,99.95,8.33,3.28,5.02,0,473,0,316,22.36,1013.20,11.90,406.00,12.81,48.55,1080,21.00,22.20,25.50,20.60,24.50,22.90,20.20,25.30,21.80,21.10,20.60,23.60,25.90,22.70,24.50,21.20,22.90,23.60,20.40,20.90,24.60,21.60,24.90,24.90,24.50,24.20,25.40,23.30,22.50,24.10,23.90,21.00,21.30,24.50,20.50,23.80,24.90,25.00,23.80,25.00,24.10,20.50,20.60,25.40,22.70,23.10,21.00,23.20,24.40,25.60,21.00,24.10,25.30,22.70,24.00,25.50,21.50,20.80,24.30,21.60,22.20,25.50,23.20,22.10
TLM_RCV,-84,FG-ALPHA,20240415_084010,AUTO,0,32.37,5.00,-85,99.99,8.33,3.31,5.02,805,473,0,323,21.66,1013.30,12.00,405.70,12.81,48.55,1080,25.40,20.30,24.30,22.70,20.20,23.10,23.00,24.30,22.80,21.30,20.30,22.00,25.00,22.80,25.20,21.70,22.80,25.00,21.90,23.60,23.70,23.20,25.40,21.60,24.20,25.70,22.20,22.20,20.50,20.20,21.60,22.00,24.00,21.90,25.60,20.80,25.20,20.70,20.50,20.10,23.30,20.20,23.70,25.70,22.60,25.80,25.70,23.90,24.80,23.90,22.70,21.60,23.00,25.30,25.60,22.50,22.10,20.30,21.70,23.40,25.10,20.80,25.70,20.60
TLM_RCV,-91,FG-ALPHA,20240415_084011,AUTO,0,31.08,5.00,-85,100.00,8.34,3.29,5.02,1012,417,0,272,22.98,1013.60,11.80,405.50,12.81,48.55,1080,20.60,23.80,25.30,23.50,24.20,20.80,22.70,25.50,25.60,21.30,21.80,20.90,22.20,24.50,24.90,24.40,20.20,21.50,23.40,25.00,23.90,23.00,23.30,22.40,22.80,20.50,24.60,21.40,23.10,23.60,22.60,24.50,24.70,24.20,21.80,25.90,21.70,21.10,21.40,20.10,20.10,22.00,24.30,22.30,21.10,24.30,25.60,24.90,21.10,25.60,21.60,25.70,25.00,20.30,22.70,21.50,22.40,22.70,25.90,22.60,21.30,22.10,22.20,20.40
TLM_RCV,-89,FG-ALPHA,20240415_084012,AUTO,0,32.07,5.00,-85,100.00,8.34,3.29,5.02,1193,414,0,257,23.90,1013.30,12.00,405.90,12.81,48.55,1080,24.30,21.10,21.00,23.30,20.60,20.90,24.10,25.90,23.90,21.30,24.50,24.40,25.50,24.40,25.70,24.80,22.10,22.30,23.10,23.80,25.50,25.20,25.60,25.10,21.50,22.20,20.20,22.10,21.70,25.00,24.20,24.80,24.00,25.10,23.00,24.20,24.30,24.20,23.20,21.10,21.00,24.50,22.40,23.10,21.10,23.50,22.60,25.20,25.80,24.20,20.90,23.80,21.30,20.00,20.40,25.70,23.70,23.80,23.00,25.60,25.00,20.00,23.70,20.50
TLM_RCV,-41,FG-ALPHA,20240415_084013,AUTO,0,31.35,5.00,-85,100.00,8.33,3.30,5.02,922,470,0,320,22.26,1013.40,11.80,405.10,12.81,48.55,1080,22.40,20.40,21.10,22.40,25.00,20.80,25.90,21.60,24.30,25.20,21.20,21.20,25.70,25.50,23.90,23.40,22.30,23.20,20.30,21.00,21.30,20.20,21.60,24.10,20.50,20.20,20.80,24.00,22.50,22.30,21.70,24.90,20.70,25.40,22.80,22.60,25.50,21.80,22.20,23.00,25.70,25.30,25.60,24.20,21.30,24.30,21.80,24.00,21.00,24.70,24.90,24.70,25.50,24.10,22.80,25.70,23.90,21.50,23.90,22.30,21.60,20.50,21.00,24.00
TLM_RCV,-76,FG-ALPHA,20240415_084014,AUTO,0,32.97,5.00,-85,99.96,8.34,3.28,5.02,0,394,0,251,21.97,1012.70,11.90,406.10,12.81,48.55,1080,23.80,25.20,21.50,24.20,22.50,24.10,21.90,22.70,24.40,24.10,20.10,25.40,20.60,22.20,21.90,21.10,20.80,22.10,21.90,25.10,23.90,21.00,22.50,20.00,25.20,20.20,23.10,23.40,24.50,21.70,24.00,22.00,22.20,21.70,20.80,22.40,20.10,22.10,21.80,23.70,25.00,24.80,21.50,22.60,23.50,22.30,21.60,23.40,24.00,21.90,21.20,20.50,23.40,25.00,25.20,25.40,25.40,20.70,25.40,24.30,24.70,79.70,23.70,21.80
TLM_RCV,-40,FG-ALPHA,20240415_084015,AUTO,0,33.39,5.00,-85,100.00,8.33,3.29,5.02,1139,478,0,333,23.31,1013.60,11.80,405.40,12.82,48.55,1080,22.10,20.50,23.70,24.20,20.60,21.70,24.10,20.50,20.00,22.40,22.70,20.40,25.20,25.60,20.40,23.70,25.30,21.40,25.90,24.80,23.30,22.50,21.10,21.60,21.60,25.60,23.10,20.00,20.70,20.00,25.00,22.10,25.70,25.70,25.40,22.00,22.90,20.60,23.20,25.20,21.30,23.20,22.20,24.20,20.60,20.50,20.10,22.40,22.90,25.70,25.40,24.70,24.90,24.70,25.60,25.60,21.80,25.40,24.20,21.60,22.60,23.10,24.10,22.30
TLM_RCV,-82,FG-ALPHA,20240415_084016,AUTO,0,31.07,5.00,-85,100.00,8.34,3.29,5.02,1024,413,0,255,23.06,1012.90,11.90,404.60,12.82,48.55,1080,23.60,20.00,23.60,20.50,22.40,25.60,20.00,23.90,25.10,24.10,24.00,20.40,24.50,20.60,22.80,25.20,24.30,21.40,25.70,23.30,22.60,25.50,20.30,20.00,25.80,23.20,25.80,20.00,21.50,24.20,25.50,25.50,22.00,24.70,20.60,24.20,20.80,20.00,22.90,21.60,21.00,24.10,24.20,24.10,24.90,21.00,20.10,25.60,22.20,20.40,20.20,24.20,22.00,25.80,25.50,24.80,24.60,21.50,25.90,20.40,23.30,24.10,22.40,25.50
TLM_RCV,-73,FG-ALPHA,20240415_084017,AUTO,0,33.42,5.00,-85,100.00,8.33,3.31,5.02,961,484,0,342,22.39,1013.30,11.90,406.00,12.82,48.55,1080,23.00,20.30,25.60,24.60,24.90,24.60,22.80,25.60,20.70,23.20,25.80,20.70,23.40,24.00,20.60,21.60,22.40,20.00,21.10,22.30,21.80,25.90,24.00,22.70,23.80,25.90,21.80,23.10,21.90,23.30,25.60,20.30,21.90,25.70,20.00,20.90,25.90,25.50,25.00,20.00,21.80,22.60,21.20,20.80,20.20,20.80,21.80,22.10,25.30,23.90,23.60,23.70,24.10,25.50,25.90,21.00,24.60,22.90,25.70,25.20,25.40,25.00,24.70,24.70
TLM_RCV,-71,FG-ALPHA,20240415_084018,AUTO,0,33.28,5.00,-85,100.00,8.33,3.31,5.02,927,457,0,307,22.35,1013.50,12.00,405.00,12.82,48.55,1080,23.40,20.50,21.60,24.10,22.90,21.70,25.90,22.60,24.00,21.80,21.90,24.00,22.90,25.00,24.20,21.10,20.90,22.20,24.80,23.90,21.00,23.80,25.70,25.60,20.00,23.90,22.20,23.30,21.50,20.30,24.70,23.80,21.50,21.70,23.60,21.60,21.50,24.50,21.50,25.50,23.60,23.20,21.40,25.00,21.20,22.20,24.90,24.00,23.60,20.10,24.90,22.40,21.10,24.50,23.90,21.60,24.50,24.70,25.70,25.00,24.80,23.10,20.70,20.80
TLM_RCV,-77,FG-ALPHA,20240415_084019,AUTO,0,33.04,5.00,-85,100.00,8.34,3.30,5.02,873,408,0,250,22.33,1012.90,11.90,404.70,12.82,48.55,1080,25.10,25.10,21.90,21.10,22.60,25.50,22.00,21.90,23.90,21.60,22.40,22.30,20.00,21.70,25.00,22.00,25.40,22.30,20.80,25.90,24.00,25.00,22.20,21.30,24.40,21.60,25.10,25.30,24.30,25.50,20.90,23.30,24.40,21.00,24.10,25.00,22.60,23.30,25.90,20.30,24.00,23.10,23.70,25.20,25.70,20.50,25.30,20.50,22.90,22.80,23.00,24.40,22.50,25.90,20.70,20.20,22.50,25.00,21.90,23.90,20.70,21.20,20.50,22.90
TLM_RCV,-56,FG-ALPHA,20240415_084020,AUTO,0,32.31,5.00,-85,100.00,8.33,3.31,5.02,808,463,0,316,21.73,1013.40,12.00,404.50,12.82,48.55,1080,23.10,22.90,24.50,22.80,21.60,79.30,21.90,22.80,23.70,23.90,22.40,21.90,23.00,20.40,24.60,22.50,23.30,24.50,21.90,24.50,25.20,22.70,21.50,20.60,20.00,23.00,21.10,22.50,24.30,21.10,25.80,25.90,24.40,24.30,22.60,22.30,24.20,23.70,25.50,21.30,22.70,20.80,23.30,23.70,21.30,20.60,23.80,22.10,22.90,25.30,21.80,24.40,25.50,23.80,23.30,25.90,24.80,21.30,20.80,24.80,20.20,20.80,25.60,25.80
TLM_RCV,-68,FG-ALPHA,20240415_084021,AUTO,0,32.33,5.00,-85,99.95,8.33,3.31,5.02,0,467,0,310,22.33,1013.60,11.90,406.30,12.82,48.55,1080,21.80,25.10,24.10,20.60,22.60,23.70,24.60,25.40,23.00,21.60,24.80,21.60,20.30,25.60,23.60,20.30,22.30,25.70,21.80,20.10,24.20,25.70,22.50,22.90,22.30,25.00,20.40,20.80,24.20,21.10,20.80,21.40,20.40,23.30,23.90,24.10,21.70,25.50,24.30,23.40,21.90,25.40,22.70,25.60,25.20,20.00,71.20,23.80,20.20,20.60,21.10,20.20,24.70,22.20,21.50,24.40,23.40,23.50,25.90,25.40,21.00,21.30,24.40,20.30
TLM_RCV,-75,FG-ALPHA,20240415_084022,AUTO,0,31.20,5.00,-85,100.00,8.33,3.30,5.02,1124,441,0,291,23.42,1013.30,11.80,405.20,12.82,48.55,1080,25.10,20.30,21.80,25.10,25.60,25.90,23.20,25.30,23.10,22.40,23.80,22.30,20.30,20.60,21.80,24.10,20.70,24.00,21.40,25.20,23.00,20.50,20.60,21.60,22.40,24.70,22.50,22.80,25.30,20.40,24.10,22.90,21.40,25.60,21.30,22.90,23.00,20.80,21.00,24.30,23.00,24.50,22.50,21.00,24.60,23.00,22.00,22.30,20.30,22.60,22.60,20.60,20.70,20.20,23.00,24.20,23.30,23.40,23.60,24.10,25.40,20.80,24.30,21.10
TLM_RCV,-50,FG-ALPHA,20240415_084023,AUTO,0,33.40,5.00,-85,100.00,8.33,3.30,5.02,991,481,0,333,22.55,1012.90,11.80,405.90,12.82,48.55,1080,20.70,24.10,25.50,21.50,22.60,25.40,20.40,23.00,20.40,24.10,20.10,23.70,24.20,21.20,20.60,24.70,24.20,21.70,23.90,24.80,20.70,25.20,25.90,21.40,25.20,25.70,23.70,20.90,21.80,22.10,23.50,21.00,21.70,21.50,25.50,25.00,23.90,22.90,20.40,21.60,22.00,20.20,21.70,24.80,22.80,21.30,24.70,25.90,23.20,25.10,20.40,25.40,20.00,25.90,20.10,23.20,25.40,24.70,25.80,25.40,23.70,20.20,25.30,23.90
TLM_RCV,-80,FG-ALPHA,20240415_084024,AUTO,0,33.03,5.00,-85,100.00,8.34,3.30,5.02,829,407,0,252,22.11,1013.20,12.00,405.00,12.82,48.55,1080,22.70,20.30,24.50,21.80,20.60,24.60,21.90,20.10,22.10,24.00,21.10,22.70,22.90,23.10,21.30,23.20,25.80,25.30,20.30,21.50,23.70,22.70,25.00,21.80,25.50,21.10,23.90,22.10,24.30,21.10,22.60,20.00,25.40,20.10,20.50,23.20,23.80,22.70,24.30,22.40,25.40,20.20,20.90,22.70,22.20,21.00,21.10,25.10,20.30,20.10,22.90,25.60,21.30,23.70,23.80,24.90,22.10,22.30,23.40,21.50,24.50,20.10,24.70,22.10
TLM_RCV,-45,FG-ALPHA,20240415_084025,AUTO,0,31.15,5.00,-85,100.00,8.34,3.29,5.02,850,430,0,277,22.10,1013.20,12.10,405.80,12.83,48.55,1080,25.30,21.80,25.10,23.60,22.00,20.30,21.40,21.50,24.90,23.80,24.10,22.50,24.90,25.10,21.20,21.10,24.90,23.20,23.40,24.10,23.10,23.30,22.50,20.90,20.30,22.70,25.70,22.90,23.40,21.50,25.80,21.40,20.30,20.80,25.00,21.60,20.40,21.10,24.60,23.50,25.00,22.80,22.70,23.60,23.50,23.40,21.90,24.70,24.00,25.90,21.30,23.90,24.40,20.80,20.10,25.20,23.30,25.50,21.30,23.40,24.80,24.90,23.10,22.60
TLM_RCV,-77,FG-ALPHA,20240415_084026,AUTO,0,32.44,5.00,-85,99.95,8.33,3.28,5.02,0,487,0,339,22.43,1013.60,12.00,405.00,12.83,48.55,1080,25.80,23.80,23.30,25.40,20.20,20.90,22.00,23.40,23.70,21.40,21.00,24.30,22.80,23.80,24.90,22.60,20.30,23.30,21.10,21.70,24.50,22.20,23.70,20.50,20.00,22.70,21.60,20.70,25.60,22.50,24.80,20.00,25.40,23.00,20.80,20.80,21.20,20.50,25.40,21.00,25.90,23.90,24.80,23.90,22.50,25.20,23.80,21.00,24.60,25.60,22.20,23.20,23.90,25.40,24.80,23.20,22.00,23.00,20.90,24.00,23.90,23.00,20.80,20.80
TLM_RCV,-79,FG-ALPHA,20240415_084027,AUTO,0,32.24,5.00,-85,99.99,8.33,3.28,5.02,851,447,0,303,22.02,1013.00,12.10,406.30,12.83,48.55,1080,22.60,21.30,20.00,20.60,22.00,24.90,23.20,22.50,25.20,25.20,24.70,21.00,24.70,21.00,21.30,22.30,25.70,22.10,21.70,20.20,23.00,24.40,20.00,25.90,25.40,23.80,21.60,24.90,23.80,25.30,20.60,23.60,21.20,21.80,22.40,20.80,22.40,22.70,21.30,21.60,21.20,25.80,22.70,20.10,25.00,22.90,20.40,20.30,20.60,24.00,22.50,24.50,23.60,20.00,24.30,25.60,22.40,25.20,23.30,22.90,23.70,25.50,20.00,21.00
TLM_RCV,-79,FG-ALPHA,20240415_084028,AUTO,0,31.14,5.00,-85,100.00,8.34,3.30,5.02,950,428,0,270,22.61,1013.00,12.10,405.80,12.83,48.55,1080,25.50,25.40,23.20,23.80,23.80,20.90,24.80,24.30,21.30,21.50,20.50,24.80,22.40,22.10,21.00,23.90,23.00,22.20,23.90,24.80,20.80,23.90,25.70,21.10,21.00,25.20,22.20,25.30,24.00,23.20,20.50,25.60,21.50,24.50,21.20,22.60,23.20,21.30,22.80,20.40,20.50,22.70,21.10,23.80,23.80,23.00,23.10,21.40,21.30,25.80,23.60,22.60,24.90,21.10,23.40,22.60,22.30,20.80,22.80,21.30,24.90,20.30,20.80,80.70
TLM_RCV,-54,FG-ALPHA,20240415_084029,AUTO,0,31.33,5.00,-85,100.00,8.33,3.28,5.02,918,465,0,317,22.26,1013.30,11.90,405.50,12.83,48.55,1080,21.70,21.60,21.40,20.50,23.30,25.30,25.40,20.40,21.50,20.10,23.50,21.50,24.20,20.30,20.10,24.20,22.70,25.50,20.30,24.10,22.10,24.80,25.30,24.30,22.90,24.00,25.30,24.90,22.80,24.10,21.90,24.00,22.00,24.90,20.10,20.40,20.50,24.90,25.90,20.10,20.10,24.30,20.50,21.40,21.30,24.70,23.50,21.20,24.50,25.80,21.30,21.50,21.90,21.40,23.40,23.00,22.50,22.90,20.90,20.70,23.70,25.30,20.80,25.00
TLM_RCV,-65,FG-ALPHA,20240415_084030,AUTO,0,31.14,5.00,-85,99.96,8.33,3.30,5.02,0,427,0,282,22.14,1013.10,11.80,404.90,12.83,48.55,1080,25.40,22.70,24.50,22.40,22.70,20.70,25.70,21.60,25.40,21.20,21.80,24.50,25.70,20.70,22.20,22.60,21.40,20.20,23.80,20.90,21.70,22.20,25.70,25.40,24.70,21.90,22.70,24.20,24.40,25.30,25.40,21.90,24.20,22.00,25.60,24.90,25.60,20.00,22.60,22.40,23.20,25.20,21.70,24.90,22.30,22.30,25.90,23.20,20.20,23.10,25.00,25.60,20.10,22.30,24.10,23.20,24.80,21.70,21.80,25.90,23.20,20.70,24.90,20.50
TLM_RCV,-48,FG-ALPHA,20240415_084031,AUTO,0,33.35,5.00,-85,100.00,8.33,3.30,5.02,913,469,0,321,22.22,1012.80,11.90,405.40,12.83,48.55,1080,25.20,24.80,21.50,25.30,22.70,23.90,20.60,20.90,21.20,22.10,22.80,22.10,21.70,21.80,25.60,23.10,23.00,22.30,21.60,21.10,21.90,22.90,21.10,23.90,24.30,24.70,22.20,25.60,21.40,22.80,21.70,21.50,22.30,23.80,20.30,25.60,25.30,21.30,25.60,23.90,23.70,22.80,23.40,22.90,24.90,25.70,24.20,24.50,23.30,25.50,22.30,24.50,24.80,24.40,20.60,21.70,25.70,21.80,21.40,23.60,21.10,24.30,24.00,21.60
TLM_RCV,-47,FG-ALPHA,20240415_084032,AUTO,0,33.26,5.00,-85,100.00,8.33,3.29,5.02,986,452,0,295,22.67,1013.40,11.90,404.70,12.83,48.55,1080,23.90,25.00,22.30,21.80,21.70,21.40,22.50,24.60,25.50,20.60,24.90,22.90,20.70,24.30,24.00,22.20,22.50,20.70,25.60,22.30,22.40,24.10,21.50,23.60,25.60,22.30,20.10,25.30,22.10,24.50,21.70,23.50,23.40,25.00,21.20,20.00,20.40,21.90,22.20,21.60,20.00,25.80,23.30,22.40,20.10,22.20,23.30,21.40,25.70,21.30,24.10,22.80,24.50,24.70,24.00,23.70,21.30,22.70,23.20,22.00,25.00,23.70,25.80,20.50
TLM_RCV,-48,FG-ALPHA,20240415_084033,AUTO,0,31.33,5.00,-85,99.95,8.33,3.30,5.02,0,467,0,314,22.33,1013.00,12.00,405.60,12.83,48.55,1080,23.00,20.30,25.50,24.20,20.10,22.40,23.90,21.30,21.80,24.10,21.40,21.40,24.40,23.80,23.00,22.30,22.10,21.70,23.10,21.80,20.40,25.90,22.80,20.80,24.80,22.70,24.30,21.60,20.50,23.80,21.60,21.50,25.30,22.40,24.70,24.80,24.20,71.00,25.70,24.00,20.70,21.50,22.10,22.70,22.80,23.20,24.80,22.00,22.40,22.60,22.00,20.10,20.30,25.70,23.20,25.70,21.70,25.20,21.70,23.70,22.90,20.10,21.20,24.60
TLM_RCV,-62,FG-ALPHA,20240415_084055,AUTO,0,33.43,5.00,-85,99.95,8.33,3.31,5.02,0,486,0,341,22.43,1013.60,11.80,404.60,12.86,48.70,1080,20.50,20.00,20.30,22.30,25.60,22.90,24.80,25.30,23.20,23.70,25.40,24.30,20.70,21.60,23.50,24.50,24.00,20.30,22.70,22.00,21.60,21.40,23.40,20.40,25.70,25.70,23.50,23.60,20.20,21.40,22.40,23.90,22.70,20.10,21.60,21.50,24.30,23.50,20.60,22.60,22.90,23.00,23.00,23.10,20.90,25.70,20.30,20.80,23.60,21.30,22.50,22.80,24.20,24.80,22.80,20.30,23.30,22.30,21.90,22.30,20.60,23.40,22.70,22.30
TLM_RCV,-76,FG-ALPHA,20240415_084056,AUTO,0,31.27,5.00,-85,100.00,8.33,3.29,5.02,912,454,0,298,22.29,1013.60,11.80,405.50,12.86,48.70,1080,25.00,20.40,23.60,22.10,20.40,21.20,24.10,20.90,21.90,23.90,24.20,24.00,23.40,24.10,25.90,22.60,21.90,23.00,24.40,24.70,23.60,21.30,22.70,21.30,22.20,20.90,21.00,24.00,22.90,21.60,21.90,25.70,23.20,22.20,24.30,20.10,21.50,20.90,25.10,24.40,21.30,22.00,23.40,21.50,20.00,22.60,25.30,24.50,21.80,21.30,20.40,23.10,21.10,23.30,21.10,20.80,22.30,25.10,23.80,24.20,20.40,25.10,21.60,20.00
TLM_RCV,-51,FG-ALPHA,20240415_084057,AUTO,0,31.25,5.00,-85,100.00,8.33,3.29,5.02,950,451,0,302,22.50,1013.40,11.80,405.70,12.86,48.70,1080,23.80,25.10,23.00,25.10,25.60,22.90,25.30,24.70,21.90,20.10,20.50,25.00,25.00,25.40,20.90,21.30,20.50,25.70,22.20,22.90,25.00,22.60,20.80,20.30,24.10,20.40,21.70,23.50,24.70,23.60,23.50,20.20,24.50,20.10,23.50,20.40,22.90,22.10,21.00,22.70,20.10,20.20,24.30,24.10,24.20,23.10,21.20,22.80,21.40,23.10,22.40,20.90,21.30,21.00,23.30,22.80,25.20,23.10,23.60,22.10,21.70,22.20,25.00,22.90
TLM_RCV,-60,FG-ALPHA,20240415_084058,AUTO,0,33.15,5.00,-85,99.96,8.33,3.31,5.02,0,430,0,287,22.15,1013.00,11.90,404.60,12.86,48.70,1080,25.10,22.20,20.80,21.00,20.40,23.30,22.80,23.20,21.60,22.30,21.80,22.90,25.70,25.00,25.70,25.70,23.50,25.60,21.80,20.60,23.40,21.30,23.50,22.80,22.40,23.60,20.60,25.40,25.70,21.80,21.30,23.80,25.10,25.20,24.60,24.90,21.50,25.60,25.00,23.90,23.60,23.20,21.70,23.20,22.80,24.60,24.60,22.40,21.00,24.00,25.70,21.90,21.00,23.40,22.10,22.50,21.50,20.30,24.60,21.80,25.90,20.60,25.30,24.60
TLM_RCV,-84,FG-ALPHA,20240415_084059,AUTO,0,33.29,5.00,-85,100.00,8.33,3.30,5.02,1067,458,0,313,23.05,1013.20,11.90,405.80,12.86,48.70,1080,25.20,25.30,24.40,21.00,21.50,23.50,22.80,22.10,24.80,21.40,81.10,24.30,20.20,21.90,23.80,20.70,20.80,20.00,25.90,23.50,20.80,25.40,23.20,23.80,25.20,21.40,25.50,23.60,22.90,24.10,24.80,20.40,21.60,21.40,20.80,25.90,22.20,23.10,20.70,22.20,22.70,20.10,21.30,21.80,21.90,22.00,20.90,24.90,20.60,23.80,20.80,21.80,22.40,24.00,25.60,21.60,21.00,23.50,25.70,23.00,25.50,25.30,23.40,25.80
TLM_RCV,-47,FG-ALPHA,20240415_084100,AUTO,0,33.28,5.00,-85,100.00,8.33,3.30,5.02,846,456,0,315,21.95,1012.70,11.80,405.80,12.86,48.70,1080,24.10,24.80,22.90,21.20,23.70,23.40,21.90,20.60,25.60,22.80,21.10,24.50,24.90,24.40,25.60,22.00,22.40,25.20,20.40,25.00,22.40,22.40,23.50,20.10,25.90,20.80,23.60,25.40,20.60,22.90,21.00,25.00,21.30,24.00,21.40,20.50,24.30,24.10,24.90,23.80,20.10,20.40,24.80,20.00,24.90,23.70,22.80,21.30,25.90,22.70,24.70,25.70,24.00,24.00,25.60,21.30,25.60,25.80,20.90,25.50,22.90,21.80,23.00,21.40
TLM_RCV,-93,FG-ALPHA,20240415_084101,AUTO,0,31.33,5.00,-85,100.00,8.33,3.29,5.02,872,466,0,321,22.03,1012.90,11.80,404.80,12.86,48.70,1080,22.60,23.40,20.00,22.50,24.70,25.20,23.20,21.90,25.60,24.90,24.40,24.10,22.40,21.00,21.80,25.80,20.50,20.70,23.50,22.70,21.60,25.30,21.80,22.20,23.90,24.90,22.90,23.00,22.30,21.60,24.80,20.00,20.20,21.00,23.40,25.60,20.50,20.20,21.60,20.90,24.80,24.60,24.40,25.90,20.60,20.40,23.70,25.30,22.00,25.30,25.70,24.00,22.90,21.90,20.70,24.30,20.40,21.80,21.20,22.40,25.90,22.90,24.50,20.00
TLM_RCV,-82,FG-ALPHA,20240415_084102,AUTO,0,31.39,5.00,-85,100.00,8.33,3.28,5.02,1054,477,0,325,22.89,1013.10,12.00,405.70,12.86,48.70,1080,24.90,24.10,24.30,25.00,23.60,25.50,24.10,22.50,22.60,24.80,23.10,25.50,24.30,23.30,21.00,23.10,25.90,22.40,20.80,21.10,20.00,20.00,22.30,20.60,20.80,20.70,21.90,22.90,25.70,23.10,23.20,21.50,22.00,21.20,21.60,20.90,21.60,22.10,20.80,20.60,21.60,23.40,21.60,22.00,23.60,21.50,23.60,24.30,23.80,22.80,23.20,21.90,23.10,21.20,25.60,23.50,23.30,24.20,23.80,21.40,21.30,21.50,21.20,25.60
TLM_RCV,-68,FG-ALPHA,20240415_084103,AUTO,0,31.25,5.00,-85,100.00,8.33,3.28,5.02,801,449,0,299,21.76,1012.80,11.80,405.90,12.86,48.70,1080,24.80,24.30,21.20,24.80,20.70,21.40,20.20,24.80,22.80,25.90,22.00,23.80,23.10,24.70,23.90,23.80,24.00,24.20,20.40,22.20,20.90,22.00,23.60,20.50,24.80,23.40,23.80,20.80,25.60,23.80,23.40,24.20,24.00,20.80,23.40,20.90,21.20,25.20,24.20,23.30,20.90,25.40,20.50,25.50,21.60,23.90,23.00,21.10,20.90,23.70,20.10,25.90,20.40,25.90,20.80,22.10,25.40,24.80,20.50,23.60,25.50,24.70,20.20,24.30
TLM_RCV,-67,FG-ALPHA,20240415_084104,AUTO,0,32.27,5.00,-85,99.95,8.33,3.29,5.02,0,454,0,311,22.27,1012.80,12.00,405.00,12.86,48.70,1080,20.30,23.70,23.50,20.30,24.50,25.20,20.20,20.60,20.80,25.80,23.70,25.10,25.90,23.70,24.50,20.50,20.80,24.20,24.10,20.20,21.50,24.60,22.20,20.40,22.40,20.30,25.90,25.50,25.50,23.20,24.80,24.00,23.60,20.00,22.70,22.60,24.90,22.40,25.30,24.40,21.30,21.00,23.40,23.80,25.50,21.20,21.40,25.90,23.40,23.90,24.50,24.40,22.30,20.90,24.30,21.30,20.60,21.00,25.30,23.00,24.70,24.80,25.20,23.40
TLM_RCV,-67,FG-ALPHA,20240415_084105,AUTO,0,32.08,5.00,-85,99.91,8.34,3.29,5.02,0,417,0,268,22.08,1012.90,12.10,405.80,12.87,48.70,1080,22.30,24.60,25.20,21.20,21.50,23.50,21.10,20.30,24.60,24.10,25.50,20.80,21.70,23.60,25.00,22.20,23.50,24.70,25.10,20.60,21.80,25.80,23.10,20.90,23.90,23.80,24.10,25.20,20.60,22.40,21.30,25.00,25.90,24.50,22.80,22.50,20.80,22.90,21.50,21.40,20.20,24.30,20.20,20.80,22.30,20.50,22.50,21.90,22.20,21.30,22.10,25.30,25.60,20.50,22.00,24.40,23.60,20.60,22.50,22.00,23.10,22.30,24.40,25.80
TLM_RCV,-52,FG-ALPHA,20240415_084106,AUTO,0,31.06,5.00,-85,99.87,8.34,3.28,5.02,0,412,0,258,22.06,1012.70,12.10,406.30,12.87,48.70,1080,24.10,25.20,20.00,25.80,22.90,24.40,22.80,25.50,25.30,23.70,25.60,25.50,21.20,21.90,25.10,25.90,25.10,25.20,21.70,21.00,20.60,24.80,21.40,21.90,25.40,24.30,22.00,23.40,20.90,22.10,24.00,25.90,23.70,22.70,21.20,20.60,24.60,23.20,25.20,24.50,20.60,21.30,24.00,25.30,24.30,23.30,24.60,20.70,23.80,24.00,20.50,24.20,25.50,22.50,24.90,74.50,20.30,20.70,24.20,25.00,20.00,24.70,25.80,21.90
TLM_RCV,-91,FG-ALPHA,20240415_084107,AUTO,0,33.35,5.00,-85,99.82,8.33,3.31,5.02,0,469,0,316,22.34,1012.70,11.90,406.10,12.87,48.70,1080,21.30,22.30,23.00,22.10,21.00,21.90,22.10,24.70,24.00,25.00,21.20,23.20,25.90,20.50,23.50,21.10,20.60,20.30,22.20,24.60,22.30,25.20,20.30,25.20,20.70,24.50,25.50,24.50,23.40,20.30,21.20,23.50,25.90,20.10,24.00,23.60,20.80,23.00,22.30,20.60,25.00,20.70,22.90,22.80,20.70,22.50,20.10,21.80,22.20,24.80,24.20,22.50,25.50,24.00,20.60,23.90,20.30,22.10,23.00,24.50,23.60,23.60,23.70,23.90
TLM_RCV,-73,FG-ALPHA,20240415_084108,AUTO,0,33.42,5.00,-85,99.88,8.32,3.28,5.02,1057,485,0,338,22.86,1013.00,12.10,404.90,12.87,48.70,1080,20.20,24.10,20.00,25.10,20.40,22.70,20.00,20.50,22.10,21.30,23.50,24.70,22.40,22.40,23.50,25.20,22.60,24.50,25.80,23.70,24.20,21.70,23.30,22.60,25.20,20.60,24.20,21.10,22.60,21.40,20.50,23.30,22.90,21.90,23.30,20.30,21.20,25.00,21.70,22.10,21.30,24.00,21.00,20.80,23.80,20.00,20.80,22.50,21.00,21.10,20.90,22.40,20.20,20.10,22.90,22.30,22.60,21.00,21.40,23.10,20.60,25.80,24.20,24.20
TLM_RCV,-40,FG-ALPHA,20240415_084109,AUTO,0,32.14,5.00,-85,99.84,8.33,3.30,5.02,0,428,0,272,22.14,1012.90,11.90,405.90,12.87,48.70,1080,24.20,24.40,22.50,25.30,20.10,23.80,25.50,20.40,21.90,22.50,20.70,23.50,21.80,25.90,25.70,23.90,24.50,25.60,25.50,21.80,25.40,23.40,24.60,23.20,22.40,24.90,25.60,21.60,20.10,24.60,22.50,25.60,21.40,24.90,25.30,25.80,22.50,24.30,21.80,23.20,21.80,21.20,25.80,20.30,25.80,23.50,25.30,24.70,23.90,25.90,25.80,24.60,22.50,25.50,23.20,25.90,24.40,22.20,20.50,22.40,24.50,25.20,22.60,22.80
TLM_RCV,-74,FG-ALPHA,20240415_084110,AUTO,0,31.28,5.00,-85,99.88,8.33,3.31,5.02,912,457,0,309,22.27,1013.30,11.80,405.30,12.87,48.70,1080,21.10,24.10,25.30,25.10,20.80,24.40,22.80,21.40,21.70,23.00,21.00,22.50,20.90,25.60,20.30,21.80,21.70,21.60,22.90,21.20,22.20,21.10,21.70,20.90,21.80,25.40,21.90,23.20,21.60,22.50,24.80,25.60,23.10,21.10,21.10,24.80,20.60,20.10,22.80,22.80,22.40,21.90,24.80,22.30,20.70,22.90,23.50,23.00,23.40,22.10,25.80,25.60,22.40,20.10,23.50,20.80,23.70,23.80,22.50,25.90,24.30,22.80,23.50,24.40
TLM_RCV,-75,FG-ALPHA,20240415_084111,AUTO,0,32.19,5.00,-85,99.96,8.33,3.29,5.02,1143,437,0,286,23.53,1013.60,12.00,405.90,12.87,48.70,1080,25.50,23.90,22.10,20.00,23.50,23.20,25.00,25.40,20.30,74.40,24.50,22.50,23.50,25.00,23.00,21.90,21.40,24.30,21.70,21.70,20.00,22.50,21.90,23.70,21.00,23.40,20.00,23.50,20.60,22.80,25.50,23.10,23.80,24.10,25.70,21.60,23.80,24.80,22.80,23.70,21.10,21.30,21.70,21.40,20.00,22.20,23.80,24.50,20.80,24.10,25.60,23.60,23.40,21.30,25.70,21.00,22.50,21.60,24.30,24.30,25.20,21.20,25.90,20.50
TLM_RCV,-83,FG-ALPHA,20240415_084112,AUTO,0,32.10,5.00,-85,100.00,8.34,3.29,5.02,1012,421,0,266,22.95,1013.10,12.10,405.30,12.87,48.70,1080,22.30,25.80,22.60,23.80,23.90,23.00,24.30,23.30,23.50,21.50,21.90,21.10,25.20,24.40,21.00,24.40,20.20,23.60,21.90,21.30,25.30,25.60,22.20,22.30,20.20,23.80,23.00,23.70,21.00,25.10,22.40,22.40,25.00,21.80,25.30,23.60,20.50,22.10,24.00,21.80,21.70,24.70,20.10,22.60,20.10,20.90,23.80,21.50,20.30,25.00,23.10,25.80,23.30,24.30,24.60,22.00,23.70,21.60,21.50,23.40,24.90,24.20,21.60,22.00
TLM_RCV,-82,FG-ALPHA,20240415_084113,AUTO,0,31.42,5.00,-85,100.00,8.33,3.30,5.02,860,484,0,343,21.88,1013.00,11.90,404.60,12.87,48.70,1080,21.30,24.10,24.80,21.40,20.90,22.60,24.00,25.50,23.50,20.20,23.50,22.30,25.90,24.10,20.60,20.20,24.90,23.00,24.90,23.20,23.10,21.00,22.90,24.10,22.70,22.50,20.80,25.60,23.80,25.20,25.80,25.60,21.80,20.50,24.20,20.10,22.30,20.80,23.90,21.40,20.40,24.90,20.10,24.50,22.20,20.80,21.90,21.70,22.80,24.20,20.70,22.20,24.20,25.70,21.00,25.50,20.30,24.80,21.60,22.20,24.00,20.80,25.30,25.30
TLM_RCV,-87,FG-ALPHA,20240415_084114,AUTO,0,33.45,5.00,-85,100.00,8.33,3.30,5.02,976,490,0,343,22.43,1013.60,12.10,404.50,12.87,48.70,1080,25.30,21.40,20.00,22.50,21.80,25.90,22.10,25.60,25.10,25.50,24.90,25.10,23.90,23.00,25.30,20.00,20.50,22.10,22.90,21.20,21.10,20.20,21.30,23.40,20.90,20.50,25.60,21.90,23.20,22.40,21.80,25.40,22.30,20.80,20.70,23.30,23.00,22.80,23.90,20.90,24.90,21.20,20.10,24.10,23.50,25.80,21.70,25.30,24.00,22.90,25.50,22.60,25.70,24.00,24.30,20.70,23.80,23.20,20.20,20.60,24.10,20.80,23.80,21.00
TLM_RCV,-69,FG-ALPHA,20240415_084115,AUTO,0,33.34,5.00,-85,100.00,8.33,3.29,5.02,952,468,0,314,22.42,1013.60,12.00,404.80,12.88,48.70,1080,23.90,24.10,21.20,25.70,23.10,22.70,23.00,23.70,20.90,22.10,24.60,21.40,22.40,22.30,23.60,22.40,24.50,24.90,22.90,23.00,25.80,21.10,24.80,23.40,22.80,23.30,23.50,24.00,25.80,23.90,20.90,20.70,23.20,22.70,25.80,24.10,25.90,21.70,22.30,25.10,24.30,25.50,25.50,20.70,22.40,21.90,25.50,22.60,24.80,21.20,20.90,25.70,20.60,22.90,20.90,25.80,22.60,20.80,20.80,22.10,20.10,25.50,21.80,24.30
TLM_RCV,-71,FG-ALPHA,20240415_084116,AUTO,0,32.31,5.00,-85,99.95,8.33,3.29,5.02,0,462,0,306,22.31,1013.60,11.90,406.00,12.88,48.70,1080,24.50,24.10,25.10,24.60,20.10,21.90,23.00,25.30,22.50,23.40,25.60,23.30,24.50,20.30,21.70,23.20,21.30,24.00,25.40,20.50,24.70,25.20,23.00,20.50,21.30,20.50,23.40,20.70,22.10,21.60,24.70,24.60,23.80,24.70,24.50,20.00,24.90,20.10,22.20,23.50,20.50,20.30,21.20,23.30,22.40,25.20,20.50,20.90,22.80,22.10,21.40,21.90,23.40,25.50,25.00,24.70,21.30,24.20,23.10,25.50,25.40,25.90,20.00,25.00
TLM_RCV,-89,FG-ALPHA,20240415_084117,AUTO,0,32.32,5.00,-85,100.00,8.33,3.28,5.02,909,464,0,313,22.23,1013.50,11.80,404.50,12.88,48.70,1080,20.70,24.80,23.00,25.10,22.50,23.00,20.70,24.90,23.10,24.30,23.80,24.60,23.90,20.30,25.00,23.30,23.70,24.50,21.70,21.30,21.30,23.70,24.30,24.80,22.90,20.20,24.80,21.90,25.70,21.80,24.50,23.50,24.10,21.10,22.90,25.10,24.90,25.60,22.60,23.80,22.50,24.00,21.50,22.00,23.30,23.70,22.90,23.50,23.70,24.10,21.80,25.90,24.00,20.90,23.70,25.90,20.00,22.70,21.20,25.60,25.00,23.90,25.10,20.00
TLM_RCV,-77,FG-ALPHA,20240415_084118,AUTO,0,31.50,5.00,-85,100.00,8.32,3.28,5.02,816,501,0,344,21.58,1012.70,12.00,405.90,12.88,48.70,1080,24.80,23.90,24.70,20.10,21.10,87.40,22.20,23.50,22.90,24.50,22.60,20.80,25.60,23.10,24.90,25.00,22.70,20.00,23.40,22.70,20.90,23.10,22.60,25.50,20.80,25.40,25.80,25.90,21.60,25.10,22.40,25.00,24.70,25.30,23.70,23.20,23.10,21.70,24.00,24.10,21.90,23.80,24.00,24.20,20.60,22.80,20.70,25.70,25.80,20.10,23.20,20.90,24.60,22.30,25.70,21.20,21.90,25.50,24.30,24.10,24.70,25.80,22.00,20.70
TLM_RCV,-78,FG-ALPHA,20240415_084119,AUTO,0,33.40,5.00,-85,100.00,8.33,3.28,5.02,945,481,0,337,22.32,1013.60,12.00,406.40,12.88,48.70,1080,23.80,23.00,20.20,21.60,22.50,24.60,23.20,20.40,24.50,23.60,24.20,23.90,25.30,21.60,20.90,22.30,23.20,23.70,24.70,25.50,21.60,23.60,25.30,25.10,22.90,20.60,21.60,20.90,25.80,20.40,25.70,20.10,20.40,23.00,23.70,25.00,22.80,24.50,23.50,21.70,24.10,20.00,22.30,21.10,21.40,21.50,21.50,25.80,23.90,21.00,21.00,23.60,24.10,25.60,20.50,20.70,21.80,23.10,22.50,20.00,25.60,23.10,23.80,25.40
TLM_RCV,-46,FG-ALPHA,20240415_084120,AUTO,0,32.11,5.00,-85,100.00,8.34,3.29,5.02,1035,422,0,278,23.07,1013.50,12.10,404.90,12.88,48.70,1080,25.20,25.30,21.60,22.50,24.40,23.20,22.70,21.60,23.70,25.90,22.60,20.20,25.30,25.20,25.60,25.70,20.20,23.70,24.00,24.60,24.80,20.70,20.70,24.70,20.70,25.90,22.00,24.30,22.20,24.20,22.50,25.80,22.30,20.40,23.70,21.20,21.70,20.40,23.40,20.40,24.60,25.00,24.70,21.80,22.90,23.90,22.10,22.30,25.30,23.60,22.70,22.20,21.40,25.00,21.00,25.30,21.70,20.10,20.70,20.70,21.20,20.90,25.80,21.50
TLM_RCV,-77,FG-ALPHA,20240415_084121,AUTO,0,33.31,5.00,-85,99.95,8.33,3.30,5.02,0,462,0,313,22.31,1013.30,11.90,404.80,12.88,48.70,1080,22.10,25.90,23.30,25.10,20.20,20.40,24.30,20.90,20.80,24.70,21.10,24.30,24.80,25.90,25.30,20.80,25.40,25.50,24.20,24.90,24.20,21.90,23.90,21.50,25.90,22.90,23.50,25.10,20.00,20.30,23.10,22.10,22.90,21.20,24.30,21.40,25.50,20.30,24.90,25.10,23.00,22.90,21.30,22.50,21.40,22.90,78.60,25.20,22.20,21.00,24.10,20.30,21.90,21.20,24.40,20.90,21.30,25.70,20.90,25.90,21.50,25.50,21.80,22.70
TLM_RCV,-64,FG-ALPHA,20240415_084122,AUTO,0,33.31,5.00,-85,100.00,8.33,3.28,5.02,968,463,0,320,22.52,1013.10,11.90,405.90,12.88,48.70,1080,20.60,22.90,22.50,24.00,23.00,23.60,20.10,23.20,23.10,25.80,23.60,22.60,22.40,24.80,21.10,22.90,23.20,22.70,25.70,21.70,20.30,24.60,24.40,23.90,23.80,25.30,23.30,21.50,22.50,24.80,23.90,25.30,23.80,25.60,24.10,25.40,25.40,24.70,25.80,20.80,23.10,21.70,23.90,23.30,22.30,25.20,21.90,25.60,22.10,20.40,22.40,23.90,20.30,25.40,25.00,22.10,22.40,24.70,20.10,24.20,20.20,21.10,21.10,20.40
TLM_RCV,-71,FG-ALPHA,20240415_084123,AUTO,0,32.12,5.00,-85,100.00,8.34,3.31,5.02,855,424,0,282,22.16,1013.40,12.10,406.40,12.88,48.70,1080,20.00,23.90,21.20,24.70,21.70,22.30,20.40,20.70,23.70,24.40,24.70,20.10,24.40,23.60,24.20,20.70,20.20,20.00,24.10,22.50,22.50,23.80,21.20,22.20,25.40,20.70,25.70,22.90,25.50,22.20,21.50,23.30,25.80,24.70,25.80,21.40,21.60,20.50,22.80,23.70,20.40,25.60,20.10,24.10,21.70,21.70,23.40,23.10,24.30,20.80,23.30,25.50,25.90,22.50,25.90,22.20,21.90,24.30,22.30,25.70,22.70,22.60,25.60,21.40
TLM_RCV,-73,FG-ALPHA,20240415_084124,AUTO,0,32.04,5.00,-85,100.00,8.34,3.30,5.02,947,409,0,265,22.69,1013.30,12.00,406.10,12.88,48.70,1080,20.90,21.60,22.60,24.20,21.10,21.20,23.10,24.40,22.70,24.40,22.00,20.60,25.90,22.80,20.80,22.30,20.80,22.40,22.10,24.70,21.90,20.90,20.30,21.90,23.90,22.90,25.10,24.80,22.20,24.10,21.30,23.70,20.40,21.60,22.50,24.90,22.70,22.10,22.70,20.90,21.50,21.60,24.10,25.70,21.80,22.90,25.50,23.80,24.90,20.90,21.70,25.80,20.20,24.00,22.50,22.00,23.70,23.90,23.50,21.30,20.20,21.20,23.00,21.20
TLM_RCV,-51,FG-ALPHA,20240415_084125,AUTO,0,32.19,5.00,-85,100.00,8.33,3.28,5.02,911,438,0,290,22.36,1013.60,12.10,405.40,12.89,48.70,1080,22.40,20.20,22.30,24.00,25.90,24.10,23.50,23.20,23.40,23.00,22.10,25.20,25.60,24.30,20.10,25.00,21.10,23.00,21.90,23.60,22.70,22.00,20.60,20.80,21.80,20.50,22.30,20.40,22.40,20.50,23.00,24.60,21.40,24.70,20.70,21.00,21.10,20.50,22.50,25.50,23.50,24.20,20.20,21.20,21.70,21.10,23.40,23.40,24.70,22.50,20.60,25.10,23.70,21.80,25.60,24.20,23.40,21.90,23.70,20.40,20.60,21.10,22.70,23.50
TLM_RCV,-84,FG-ALPHA,20240415_084126,AUTO,0,33.31,5.00,-85,100.00,8.33,3.28,5.02,1128,463,0,312,23.33,1013.60,12.00,404.90,12.89,48.70,1080,20.90,23.70,21.90,24.80,24.70,24.90,22.40,20.40,20.30,24.90,20.20,25.20,24.20,23.70,22.60,21.80,23.40,20.70,21.90,23.00,21.90,23.30,22.80,22.80,23.70,20.40,23.80,21.80,22.00,21.60,20.30,24.20,23.30,20.90,25.20,23.50,22.60,21.20,22.20,20.40,23.50,23.80,20.70,25.30,22.50,25.10,24.20,20.30,24.10,25.90,22.10,21.10,21.60,21.90,20.80,22.60,23.70,24.10,20.70,20.50,21.20,21.20,25.30,21.30
TLM_RCV,-47,FG-ALPHA,20240415_084127,AUTO,0,32.08,5.00,-85,100.00,8.34,3.29,5.02,1183,415,0,256,23.84,1012.90,11.80,404.60,12.89,48.70,1080,25.80,23.10,25.90,24.10,21.60,23.10,22.10,24.20,22.30,20.40,22.50,25.70,25.60,21.00,25.70,20.80,20.70,20.70,24.90,25.00,25.70,20.00,21.10,23.30,21.00,20.30,25.40,22.50,20.20,21.50,22.40,22.20,23.00,20.40,20.60,24.00,22.10,25.80,22.90,25.00,25.10,24.30,25.60,23.50,23.20,23.90,21.90,25.70,23.60,25.40,22.40,25.70,24.80,20.40,25.10,21.60,23.30,23.80,24.40,20.40,23.40,20.10,22.00,22.30
TLM_RCV,-84,FG-ALPHA,20240415_084128,AUTO,0,31.10,5.00,-85,99.96,8.34,3.28,5.02,0,421,0,272,22.10,1013.60,11.80,406.10,12.89,48.70,1080,24.40,21.30,23.00,24.30,24.40,89.80,25.10,21.70,25.50,22.70,25.50,25.00,24.60,22.60,23.80,25.50,23.20,24.90,21.50,21.30,21.90,22.20,24.70,21.80,20.10,20.70,23.30,20.80,22.50,23.80,20.60,24.90,22.10,24.40,20.00,20.90,23.00,23.60,22.40,24.10,25.70,24.00,25.80,21.00,24.90,21.30,23.60,22.20,21.20,23.50,23.70,22.20,22.60,23.70,24.30,25.90,25.20,20.70,23.20,21.20,20.70,25.70,21.60,21.50
TLM_RCV,-79,FG-ALPHA,20240415_084129,AUTO,0,33.09,5.00,-85,100.00,8.34,3.30,5.02,1174,418,0,261,23.78,1013.00,12.10,404.80,12.89,48.70,1080,22.70,23.80,21.80,23.10,22.20,20.20,20.10,21.50,24.00,20.20,20.10,25.30,20.50,25.10,23.80,21.10,23.40,21.90,22.10,22.50,23.70,24.30,20.90,23.50,25.30,23.70,21.10,23.20,20.90,21.30,24.60,20.10,22.50,22.10,25.10,21.60,24.70,23.20,25.00,20.60,23.80,21.40,24.90,21.50,24.00,25.90,25.00,21.00,22.40,23.90,23.10,23.30,22.80,25.70,25.00,24.50,22.60,22.80,22.10,20.70,23.70,23.20,24.40,21.20
TLM_RCV,-60,FG-ALPHA,20240415_084130,AUTO,0,32.29,5.00,-85,100.00,8.33,3.31,5.02,1032,459,0,313,22.86,1013.50,12.00,404.80,12.89,48.70,1080,25.20,22.50,22.70,23.70,22.50,21.10,23.70,21.00,21.90,22.90,22.50,22.30,20.40,22.60,24.00,23.00,24.20,23.00,24.30,24.20,22.70,22.90,22.20,21.60,20.10,25.50,22.50,23.70,24.20,22.70,21.60,24.80,20.90,25.80,24.00,21.30,20.60,22.40,23.20,21.00,23.00,23.20,22.50,21.30,20.50,21.60,25.20,24.10,20.20,21.70,23.30,23.50,25.60,23.40,25.50,21.50,25.30,21.20,20.90,23.90,21.60,20.70,21.40,22.00
TLM_RCV,-75,FG-ALPHA,20240415_084131,AUTO,0,32.37,5.00,-85,99.95,8.33,3.30,5.02,0,474,0,323,22.37,1013.50,12.00,405.70,12.89,48.70,1080,25.90,23.70,24.60,24.30,21.90,24.80,25.20,25.10,23.80,24.70,21.90,22.80,22.70,21.80,22.10,22.00,21.70,20.40,20.20,24.80,25.80,21.60,22.20,22.00,24.40,23.60,23.90,20.00,25.60,25.10,25.70,21.20,20.80,24.40,21.60,24.90,24.70,23.10,23.90,23.60,21.90,22.60,23.90,25.50,22.10,21.90,25.70,20.90,22.40,21.70,24.10,23.60,24.80,21.70,21.30,25.30,21.60,23.10,25.70,24.90,21.90,24.10,20.80,20.60
TLM_RCV,-46,FG-ALPHA,20240415_084132,AUTO,0,33.08,5.00,-85,99.91,8.34,3.29,5.02,0,416,0,275,22.08,1013.10,12.10,405.90,12.89,48.70,1080,25.70,21.40,22.40,22.40,21.80,23.80,25.40,24.00,25.80,21.70,22.00,23.50,24.40,24.60,24.60,20.20,20.70,24.20,25.50,21.60,24.80,21.50,20.10,20.90,21.60,23.40,24.50,25.50,24.10,25.80,22.30,20.80,25.40,23.40,23.30,25.90,25.30,23.90,22.80,24.90,21.40,24.80,23.20,21.00,21.30,24.00,25.90,20.00,20.00,24.90,21.90,20.00,25.70,20.00,24.20,24.10,25.30,20.40,20.40,24.70,20.60,23.60,24.90,25.00
TLM_RCV,-67,FG-ALPHA,20240415_084133,AUTO,0,31.20,5.00,-85,99.96,8.33,3.29,5.02,895,441,0,292,22.27,1013.20,11.80,406.30,12.89,48.70,1080,22.30,20.10,22.50,24.30,24.70,23.70,25.80,23.90,20.10,21.70,23.10,21.90,20.70,20.40,25.40,22.40,20.70,21.50,24.40,22.60,20.90,24.50,23.10,24.70,24.60,23.70,20.60,25.80,25.70,24.30,21.30,23.10,23.90,24.40,23.30,25.50,20.90,24.00,24.70,20.20,20.80,20.80,25.00,23.10,24.40,20.60,20.90,25.70,25.40,23.20,21.10,21.90,24.10,24.90,24.70,21.40,24.80,21.40,22.00,20.70,25.80,23.90,25.30,23.40
TLM_RCV,-51,FG-ALPHA,20240415_084134,AUTO,0,32.47,5.00,-85,99.99,8.33,3.31,5.02,844,494,0,340,21.75,1013.20,12.10,404.50,12.89,48.70,1080,24.60,22.40,25.70,24.40,20.20,20.90,25.20,20.60,20.20,20.10,25.20,24.40,23.80,22.90,24.30,23.00,22.60,24.30,24.60,20.70,22.50,25.70,21.20,23.10,23.30,21.00,21.70,22.00,22.20,23.00,20.40,25.90,25.60,23.00,24.30,22.40,23.40,22.30,20.10,24.40,22.30,23.10,25.60,24.90,24.90,23.60,21.80,25.20,21.30,25.30,21.50,24.70,21.80,22.50,24.90,24.10,22.90,21.80,23.00,24.70,25.00,22.40,20.30,22.60
TLM_RCV,-79,FG-ALPHA,20240415_084135,AUTO,0,31.25,5.00,-85,100.00,8.33,3.31,5.02,820,449,0,291,21.85,1013.20,11.80,404.80,12.90,48.70,1080,22.90,25.30,21.00,25.00,21.40,25.20,25.70,23.70,24.50,21.60,21.10,25.80,22.70,21.80,22.40,21.80,23.30,22.20,21.40,21.00,21.10,25.40,21.20,22.00,23.20,20.70,22.30,24.30,23.10,24.30,23.30,24.40,25.10,21.60,22.30,23.40,24.40,23.90,23.80,20.80,21.50,25.40,25.30,25.40,22.50,25.20,21.00,20.80,20.10,21.70,24.40,20.30,23.20,21.20,20.90,25.60,25.80,25.70,24.20,23.30,25.10,21.00,23.50,23.40
TLM_RCV,-69,FG-ALPHA,20240415_084157,AUTO,0,33.42,5.00,-85,100.00,8.33,3.29,5.02,1036,483,0,338,22.76,1012.80,11.80,406.30,12.92,48.70,1080,21.60,22.00,23.00,20.30,21.10,25.40,21.90,22.40,24.90,24.70,25.10,23.30,22.60,22.30,25.60,25.30,21.80,25.10,24.30,24.50,21.30,23.00,23.20,20.30,23.70,21.50,24.40,23.30,25.30,23.70,21.40,24.20,24.90,23.40,22.40,25.20,25.50,21.70,20.90,22.80,23.40,23.10,25.30,23.00,25.40,25.00,23.10,21.40,24.80,20.10,22.60,23.10,25.20,22.10,22.20,20.10,24.40,22.70,21.30,25.90,21.00,25.50,20.40,20.00
TLM_RCV,-76,FG-ALPHA,20240415_084158,AUTO,0,33.11,5.00,-85,99.96,8.34,3.28,5.02,0,422,0,266,22.11,1013.50,12.10,405.30,12.92,48.70,1080,25.40,21.00,20.80,22.00,23.70,23.40,20.20,22.40,25.40,22.50,20.80,25.20,22.50,21.10,20.30,22.60,21.50,24.30,21.30,23.90,23.40,22.00,24.00,25.80,23.00,23.30,22.90,25.60,25.80,23.70,21.00,21.90,21.50,21.10,22.90,22.90,25.90,20.00,20.50,23.60,23.30,20.00,25.70,21.90,22.50,23.20,23.80,23.90,22.10,24.50,25.80,20.20,24.20,23.40,23.60,21.20,20.60,25.40,24.80,20.70,21.60,23.10,22.40,23.00
TLM_RCV,-79,FG-ALPHA,20240415_084159,AUTO,0,33.41,5.00,-85,99.91,8.33,3.29,5.02,0,482,0,325,22.41,1013.00,11.80,405.00,12.92,48.70,1080,22.30,20.80,21.80,23.10,20.00,21.20,22.80,25.50,20.30,22.10,23.10,23.30,20.70,23.50,20.60,24.20,25.10,24.40,25.10,24.10,21.80,22.50,20.20,25.60,24.50,23.00,22.80,21.00,25.70,21.00,21.10,20.30,25.10,25.30,21.10,21.80,21.60,21.90,23.40,22.80,20.80,24.60,23.40,22.30,24.30,25.50,25.30,20.20,20.90,20.80,23.10,20.30,24.80,20.40,24.80,21.50,23.10,20.10,22.70,22.40,22.70,21.80,20.20,21.40
TLM_RCV,-57,FG-ALPHA,20240415_084200,AUTO,0,31.33,5.00,-85,99.96,8.33,3.29,5.02,1020,467,0,321,22.76,1013.00,12.10,405.50,12.92,48.70,1080,23.10,25.20,20.10,24.30,23.80,25.30,20.80,22.30,23.00,22.30,21.20,21.60,23.30,24.30,25.60,20.20,20.10,22.20,24.10,24.40,25.70,24.90,21.40,23.50,24.40,20.80,20.10,23.30,25.00,20.00,20.90,23.30,20.20,20.10,24.60,21.50,21.60,25.80,20.90,25.90,21.80,20.40,21.40,25.80,25.30,20.80,25.10,23.50,20.90,21.70,22.80,22.30,24.10,23.80,24.90,25.30,21.30,23.40,24.50,20.30,20.70,24.70,25.40,20.90
TLM_RCV,-42,FG-ALPHA,20240415_084201,AUTO,0,33.44,5.00,-85,99.92,8.32,3.31,5.02,0,487,0,346,22.43,1013.40,12.10,405.70,12.92,48.70,1080,23.70,22.20,21.00,23.00,22.10,25.80,21.20,25.60,22.10,20.10,22.20,24.60,23.90,21.60,23.90,22.10,20.70,20.20,25.60,20.70,22.00,23.80,21.90,25.40,23.70,21.90,22.50,22.90,22.10,24.20,24.50,21.70,20.80,21.40,21.60,25.30,22.70,21.40,71.10,24.80,23.20,24.50,21.30,22.40,23.20,21.80,23.00,25.60,22.20,20.30,20.20,22.40,23.70,23.60,25.20,23.20,25.40,21.40,25.30,24.70,22.00,23.60,25.40,20.80
TLM_RCV,-44,FG-ALPHA,20240415_084202,AUTO,0,33.42,5.00,-85,99.95,8.33,3.31,5.02,809,483,0,333,21.63,1013.00,12.10,405.70,12.92,48.70,1080,21.20,22.70,24.80,24.50,23.80,20.80,20.00,21.00,20.40,23.20,21.40,24.20,22.00,21.20,24.70,20.50,24.50,23.00,20.10,22.80,20.10,24.00,23.10,24.50,22.40,22.60,21.40,22.00,23.60,25.80,21.50,22.20,24.20,25.60,25.50,23.90,25.20,20.80,24.50,21.50,20.20,22.70,21.70,25.20,25.40,24.40,22.10,23.60,23.60,23.10,20.50,23.00,23.00,25.70,21.80,21.50,25.10,25.40,23.90,24.80,25.70,20.90,22.80,22.10
TLM_RCV,-74,FG-ALPHA,20240415_084203,AUTO,0,31.20,5.00,-85,99.90,8.33,3.31,5.02,0,440,0,298,22.20,1013.00,12.10,404.70,12.92,48.70,1080,25.90,23.00,23.50,25.30,20.20,22.00,21.70,21.00,24.60,25.50,20.90,21.80,25.30,24.40,21.90,23.10,20.50,25.00,22.10,25.60,22.50,21.40,21.10,21.90,25.20,20.50,21.10,25.60,22.00,24.30,22.50,22.20,23.90,22.90,24.50,20.60,24.10,24.20,21.70,22.30,20.20,20.40,24.70,24.70,25.60,22.20,20.40,22.10,24.20,21.20,24.10,21.10,22.50,23.00,20.20,24.20,21.00,21.20,23.30,25.00,24.80,21.10,20.20,20.30
TLM_RCV,-91,FG-ALPHA,20240415_084204,AUTO,0,32.20,5.00,-85,99.86,8.33,3.28,5.02,0,440,0,299,22.20,1012.90,12.10,405.30,12.92,48.70,1080,22.30,20.50,22.60,24.90,21.80,21.90,22.40,25.70,21.40,24.20,24.00,21.50,21.70,25.50,22.70,24.00,23.40,23.30,24.40,22.60,23.40,23.20,23.40,22.90,22.60,22.60,23.10,24.20,22.60,25.10,23.30,20.50,20.20,20.50,21.30,21.80,25.90,21.60,23.70,21.20,24.10,24.20,24.50,20.50,23.80,24.60,21.00,23.60,25.70,22.10,22.80,24.50,21.20,20.50,25.40,21.80,23.60,25.60,20.00,22.50,23.70,25.80,22.60,21.70
TLM_RCV,-93,FG-ALPHA,20240415_084205,AUTO,0,33.42,5.00,-85,99.92,8.33,3.30,5.02,1038,485,0,344,22.76,1013.30,12.00,405.30,12.93,48.70,1080,21.40,21.50,24.70,22.00,22.10,20.10,24.90,22.90,20.80,22.30,21.50,22.10,22.70,25.00,22.10,20.60,20.60,22.20,25.30,22.40,21.50,20.90,22.60,25.50,24.40,22.20,24.60,20.70,22.00,20.10,25.30,20.20,25.10,20.40,24.10,24.50,24.90,20.70,22.80,24.00,21.00,24.60,25.50,23.20,22.80,21.90,20.80,25.90,21.20,21.90,21.30,21.80,22.10,25.70,22.40,20.00,25.30,23.10,21.90,25.60,23.80,21.30,25.60,25.60
TLM_RCV,-61,FG-ALPHA,20240415_084206,AUTO,0,31.48,5.00,-85,99.87,8.32,3.28,5.02,0,495,0,336,22.48,1013.10,11.90,405.70,12.93,48.70,1080,24.50,20.90,20.70,25.60,23.10,25.20,21.70,21.10,20.60,22.20,21.00,25.20,20.80,22.70,25.50,24.90,21.50,23.00,21.60,24.40,20.60,25.20,22.70,22.50,25.50,20.70,20.20,22.30,22.80,21.20,23.40,24.60,20.40,25.30,21.10,20.40,20.90,25.80,24.70,20.80,24.30,25.70,25.30,20.10,25.70,20.90,22.60,25.60,20.00,21.20,21.00,23.00,20.30,24.10,23.30,25.50,23.50,24.40,23.50,24.70,25.10,20.40,22.70,23.00
TLM_RCV,-68,FG-ALPHA,20240415_084207,AUTO,0,33.24,5.00,-85,99.91,8.33,3.29,5.02,835,449,0,296,21.93,1012.80,11.80,405.10,12.93,48.70,1080,23.30,24.50,21.20,22.00,25.20,21.70,25.50,21.10,20.40,23.80,20.80,23.30,25.50,24.40,22.40,23.90,20.80,25.10,24.00,25.80,21.50,21.60,22.70,25.70,21.70,24.60,22.80,23.40,20.60,22.80,21.30,22.50,22.00,21.20,24.40,25.00,25.30,20.30,24.30,21.40,22.30,25.40,22.90,20.60,25.40,24.10,23.10,22.80,23.90,22.70,24.00,24.30,21.10,25.00,22.10,23.40,21.30,25.60,22.10,25.10,21.90,21.90,23.70,24.60
TLM_RCV,-59,FG-ALPHA,20240415_084208,AUTO,0,31.42,5.00,-85,99.86,8.32,3.28,5.02,0,484,0,326,22.42,1012.90,11.80,404.80,12.93,48.70,1080,25.80,21.50,23.90,22.70,20.10,25.20,23.40,20.10,24.80,20.50,23.50,21.50,24.30,23.70,25.90,25.90,21.50,25.10,20.60,23.50,25.70,25.00,24.00,21.20,25.00,24.10,22.00,20.50,20.70,25.00,23.70,22.90,21.50,21.40,22.40,25.30,23.90,25.20,22.10,20.50,21.00,23.00,23.10,20.90,24.10,24.90,25.30,23.80,25.80,21.90,25.90,25.30,24.30,22.00,22.40,24.20,23.40,20.00,22.50,23.30,23.80,21.30,21.80,23.40
TLM_RCV,-79,FG-ALPHA,20240415_084209,AUTO,0,31.24,5.00,-85,99.90,8.33,3.30,5.02,877,448,0,299,22.15,1013.50,12.00,406.00,12.93,48.70,1080,23.90,21.60,21.90,23.80,21.00,21.40,24.50,21.70,23.70,22.20,22.60,20.10,24.00,20.30,22.20,20.40,21.50,25.80,22.00,21.70,20.20,21.80,25.70,21.20,21.20,21.10,21.40,24.00,24.60,23.40,23.70,24.10,22.40,20.90,21.50,20.10,25.80,21.50,25.80,20.50,21.90,22.40,25.10,21.80,21.20,20.70,23.80,24.90,22.90,23.80,23.30,22.60,24.40,24.20,20.20,23.60,22.00,24.90,21.50,24.00,21.90,21.30,24.00,20.00
TLM_RCV,-78,FG-ALPHA,20240415_084210,AUTO,0,31.40,5.00,-85,99.94,8.33,3.31,5.02,883,479,0,335,22.02,1012.70,11.90,405.90,12.93,48.70,1080,23.10,24.20,22.90,20.20,20.20,25.80,25.60,24.00,20.80,20.50,25.50,25.60,25.10,21.10,20.90,22.00,22.50,20.60,20.80,24.50,25.00,24.10,23.70,21.00,21.80,21.30,20.80,24.90,21.80,22.10,22.40,21.60,21.10,20.00,24.00,23.40,24.80,21.70,25.20,24.90,20.90,21.20,24.30,22.80,20.70,22.20,20.60,24.00,24.60,20.20,23.50,22.70,23.30,23.20,22.70,25.30,20.70,21.30,20.30,20.30,21.20,25.00,21.50,21.40
TLM_RCV,-55,FG-ALPHA,20240415_084211,AUTO,0,31.28,5.00,-85,100.00,8.33,3.30,5.02,1140,457,0,309,23.42,1013.50,11.90,405.00,12.93,48.70,1080,25.60,23.90,21.00,20.90,21.10,23.20,22.60,25.90,24.60,25.70,23.50,25.30,25.90,21.90,21.50,20.10,22.10,23.40,22.20,20.20,21.10,24.00,21.60,25.10,21.30,22.90,24.40,22.30,22.40,24.50,21.00,24.60,25.90,25.10,21.10,22.90,20.70,21.60,21.60,21.20,24.20,20.40,20.20,22.20,23.60,25.30,23.40,21.80,25.10,22.70,25.00,22.70,25.40,20.40,22.90,24.00,21.20,23.10,20.80,23.30,23.40,24.30,20.90,24.80
TLM_RCV,-47,FG-ALPHA,20240415_084212,AUTO,0,32.19,5.00,-85,100.00,8.33,3.30,5.02,830,437,0,289,21.97,1013.50,11.90,406.30,12.93,48.70,1080,25.50,25.20,25.60,21.50,25.60,20.40,25.20,24.10,24.80,25.10,22.60,20.30,20.30,20.70,25.10,22.00,24.50,22.30,22.80,21.50,23.00,22.70,22.10,21.80,25.20,24.50,23.00,24.90,24.80,25.00,22.30,22.60,25.60,22.30,23.40,20.60,20.50,23.20,21.50,22.20,20.50,25.90,24.10,25.50,25.40,21.00,23.00,23.20,25.20,20.80,25.60,20.40,23.50,22.70,21.70,23.20,24.70,24.80,21.80,21.90,24.30,25.90,25.30,22.50
TLM_RCV,-76,FG-ALPHA,20240415_084213,AUTO,0,31.50,5.00,-85,100.00,8.32,3.31,5.02,1133,500,0,346,23.17,1012.70,12.00,406.00,12.93,48.70,1080,20.40,22.20,23.90,25.50,22.30,20.10,23.50,24.60,23.30,25.10,25.70,22.30,21.50,25.40,20.20,24.30,22.50,22.00,20.50,20.20,24.10,20.00,23.80,23.10,22.80,20.60,23.40,24.90,21.80,23.90,22.10,25.20,24.10,24.20,25.80,24.20,24.00,25.00,20.00,22.30,21.60,25.80,25.50,20.40,24.90,23.10,23.40,20.40,21.30,21.00,22.90,20.80,21.70,24.30,24.80,24.30,24.70,21.50,23.50,22.10,20.90,22.00,20.60,20.70
TLM_RCV,-88,FG-ALPHA,20240415_084214,AUTO,0,32.33,5.00,-85,99.95,8.33,3.30,5.02,0,466,0,324,22.33,1012.80,12.10,405.60,12.93,48.70,1080,24.10,23.30,20.30,21.50,25.40,25.70,21.90,21.20,24.60,21.60,23.10,23.00,25.80,24.70,24.10,23.10,20.40,24.00,21.60,22.20,20.80,22.30,21.10,25.30,23.30,22.40,22.20,23.10,21.90,23.90,21.90,21.00,24.80,24.70,21.80,22.60,21.60,21.30,23.10,20.50,20.00,23.00,20.80,24.20,25.70,21.30,23.00,22.40,25.70,20.80,20.50,22.00,24.40,24.10,22.30,24.80,21.20,22.60,20.80,21.60,23.10,22.30,22.30,25.70
TLM_RCV,-76,FG-ALPHA,20240415_084215,AUTO,0,32.31,5.00,-85,100.00,8.33,3.28,5.02,1188,463,0,319,23.62,1013.50,12.00,405.10,12.94,48.70,1080,21.60,21.70,20.60,22.80,24.10,20.10,21.90,22.50,22.90,22.10,25.10,22.00,25.90,25.70,22.60,20.40,20.70,25.10,25.90,21.20,20.10,21.10,21.70,25.50,22.40,20.70,24.50,25.90,21.00,21.40,23.50,23.60,24.10,22.30,22.40,21.20,20.00,21.90,25.50,20.70,24.30,25.20,20.30,20.80,23.20,20.60,24.90,24.40,23.10,23.00,25.00,20.60,23.90,22.60,20.60,24.50,22.10,22.20,22.60,21.20,24.20,20.80,24.90,23.20
TLM_RCV,-85,FG-ALPHA,20240415_084216,AUTO,0,32.43,5.00,-85,99.95,8.33,3.29,5.02,0,486,0,346,22.43,1013.60,12.00,406.40,12.94,48.70,1080,25.30,22.30,23.10,23.30,23.80,22.70,80.20,24.30,25.60,22.60,22.10,21.90,20.80,25.50,21.90,21.30,23.00,25.50,20.70,25.00,20.00,23.00,20.10,25.90,22.20,23.40,21.10,22.10,21.70,24.20,21.50,25.90,20.20,24.40,24.30,24.10,22.90,25.00,24.50,25.50,22.20,21.20,20.90,20.50,22.70,24.60,25.50,23.40,23.60,20.00,22.40,24.90,21.70,24.60,22.90,22.30,20.40,24.60,20.40,20.70,24.40,21.60,22.20,20.00
TLM_RCV,-92,FG-ALPHA,20240415_084217,AUTO,0,31.37,5.00,-85,99.90,8.33,3.30,5.02,0,474,0,317,22.37,1012.80,12.10,404.90,12.94,48.70,1080,22.70,21.80,20.60,24.40,25.70,21.90,24.00,21.00,24.90,25.20,22.50,21.10,23.60,22.20,23.70,24.10,25.50,24.80,23.40,23.30,25.50,24.80,22.20,25.00,24.40,23.50,23.10,23.90,21.60,25.80,25.50,24.90,22.90,23.90,20.10,20.40,23.40,24.90,21.90,20.30,24.40,20.80,25.20,22.40,21.30,23.80,21.00,23.40,21.60,22.50,21.30,24.30,25.00,21.90,22.00,21.30,22.30,21.90,20.10,21.50,24.70,22.10,22.70,21.60
TLM_RCV,-87,FG-ALPHA,20240415_084218,AUTO,0,31.28,5.00,-85,99.96,8.33,3.28,5.02,1042,457,0,314,22.92,1013.60,11.80,406.00,12.94,48.70,1080,23.90,20.40,23.00,22.10,23.10,21.40,25.70,23.30,22.30,21.70,23.30,23.30,20.00,21.80,24.50,22.60,23.20,23.90,22.50,21.00,25.10,22.90,24.50,21.60,22.50,21.30,25.30,21.00,23.50,25.60,25.80,24.30,23.10,20.80,25.90,24.20,25.60,20.40,25.40,22.40,21.60,20.70,22.70,23.20,23.80,21.50,24.40,20.40,23.30,20.20,24.00,25.60,24.90,22.50,23.50,22.20,25.90,24.20,22.00,25.80,23.90,22.50,21.50,24.00
TLM_RCV,-52,FG-ALPHA,20240415_084219,AUTO,0,32.24,5.00,-85,99.92,8.33,3.30,5.02,0,447,0,292,22.24,1013.50,11.90,404.70,12.94,48.70,1080,23.80,21.40,23.80,24.70,25.10,23.00,22.90,21.20,23.90,23.70,22.30,24.00,20.70,23.30,20.50,24.60,21.40,23.50,21.30,24.80,20.30,20.60,23.70,20.90,25.20,20.40,21.60,25.40,25.30,22.40,25.00,22.20,20.30,24.70,20.40,23.30,22.30,23.10,21.90,24.50,22.60,21.40,25.90,21.80,25.40,20.50,25.60,20.60,20.50,24.20,25.50,23.00,23.50,22.90,21.40,25.10,25.00,24.00,24.70,20.40,22.50,21.20,21.40,20.90
TLM_RCV,-44,FG-ALPHA,20240415_084220,AUTO,0,32.11,5.00,-85,99.96,8.34,3.30,5.02,883,422,0,271,22.31,1013.50,12.10,406.30,12.94,48.70,1080,20.50,23.80,20.50,22.50,24.70,23.30,21.90,25.00,20.20,23.90,21.70,24.70,22.00,24.40,21.60,24.30,22.90,24.50,21.30,22.60,24.50,22.60,24.20,22.10,23.20,21.60,22.30,21.10,24.30,22.70,20.10,25.00,23.60,25.50,25.40,24.10,25.90,22.50,21.10,21.70,23.60,25.10,24.80,20.70,24.50,20.30,21.70,24.40,23.70,25.00,22.50,25.60,22.30,25.40,20.00,21.30,23.50,25.40,22.70,25.60,23.90,23.20,21.90,23.00
TLM_RCV,-85,FG-ALPHA,20240415_084221,AUTO,0,33.46,5.00,-85,100.00,8.33,3.30,5.02,898,492,0,346,22.03,1013.00,11.90,405.00,12.94,48.70,1080,21.50,24.00,20.70,25.40,23.10,21.50,23.50,22.40,21.20,20.40,24.40,25.70,20.50,22.70,23.60,22.60,23.70,23.20,25.80,23.40,23.10,21.30,21.90,24.80,20.10,23.80,21.20,23.20,22.40,25.40,25.10,21.70,22.80,23.20,21.60,21.00,20.00,23.50,20.10,23.70,23.10,21.50,22.80,23.70,22.70,22.30,20.60,21.40,23.40,25.40,20.60,25.40,24.60,22.90,20.90,22.50,24.30,20.60,23.80,22.80,22.90,21.90,22.80,23.10
TLM_RCV,-92,FG-ALPHA,20240415_084222,AUTO,0,33.24,5.00,-85,100.00,8.33,3.31,5.02,863,448,0,295,22.08,1012.90,12.00,405.90,12.94,48.70,1080,21.10,20.70,24.90,20.70,24.40,20.70,22.00,23.70,22.30,23.80,24.70,23.10,25.60,21.30,21.80,23.00,23.20,24.90,22.70,20.00,20.00,22.00,22.80,21.40,21.80,23.40,23.90,23.30,25.70,24.10,24.40,22.40,20.50,22.70,21.20,23.00,24.40,23.70,23.40,20.00,20.00,22.10,21.70,25.60,20.90,24.30,25.80,24.20,23.30,24.60,25.30,21.70,24.40,24.40,20.20,20.50,21.60,21.90,25.60,24.70,23.10,24.20,22.00,20.30
TLM_RCV,-79,FG-ALPHA,20240415_084223,AUTO,0,31.01,5.00,-85,100.00,8.34,3.30,5.02,948,403,0,258,22.73,1012.90,11.80,405.60,12.94,48.70,1080,25.40,21.30,25.80,23.50,23.50,21.60,22.30,25.30,23.90,21.40,23.70,24.20,22.50,20.90,23.60,23.30,21.70,22.10,25.60,20.30,24.80,21.20,22.70,23.90,20.20,23.80,22.70,24.00,20.70,23.70,25.20,24.20,20.80,24.20,25.10,23.40,21.60,23.70,25.20,20.10,21.60,25.30,20.10,22.00,24.30,20.90,23.60,23.00,25.70,23.70,25.20,20.10,21.80,20.20,24.70,23.40,24.90,22.70,21.90,25.20,24.20,22.00,23.70,20.10
TLM_RCV,-46,FG-ALPHA,20240415_084224,AUTO,0,32.08,5.00,-85,99.96,8.34,3.30,5.02,0,415,0,262,22.08,1013.10,12.10,405.50,12.94,48.70,1080,22.20,21.80,22.30,22.40,24.70,24.10,24.30,23.10,24.90,21.50,25.30,21.60,23.40,25.60,20.60,25.90,24.10,23.80,23.00,23.90,22.30,23.70,23.50,24.60,25.80,23.50,22.80,24.20,24.30,24.10,22.70,24.50,20.20,21.50,20.10,21.10,20.40,21.70,20.60,22.60,20.80,20.40,21.10,25.00,23.80,20.80,23.50,23.30,20.90,25.20,24.90,20.60,20.90,20.80,24.00,25.00,20.30,23.90,23.40,21.10,21.20,21.40,24.30,20.60
TLM_RCV,-82,FG-ALPHA,20240415_084225,AUTO,0,31.17,5.00,-85,99.92,8.33,3.29,5.02,0,434,0,286,22.17,1013.60,12.00,404.90,12.95,48.70,1080,25.80,24.00,23.10,22.80,24.30,21.80,21.10,25.50,20.00,24.60,20.20,22.30,20.30,25.90,21.80,24.50,24.40,22.50,23.90,20.10,24.30,21.10,21.90,22.70,25.10,22.70,24.40,23.20,22.40,24.20,24.50,23.70,22.30,25.80,25.90,20.50,20.00,25.60,21.10,21.30,21.30,20.80,20.20,23.70,24.30,24.20,23.70,20.80,25.50,20.60,20.20,21.30,24.10,20.60,25.90,21.30,23.10,23.40,24.20,23.80,23.50,25.90,24.60,23.50
TLM_RCV,-63,FG-ALPHA,20240415_084226,AUTO,0,31.09,5.00,-85,99.87,8.33,3.29,5.02,0,418,0,275,22.09,1013.00,12.10,404.60,12.95,48.70,1080,22.70,25.10,23.00,24.30,25.40,25.70,22.30,22.50,25.50,23.90,23.20,20.90,22.60,24.50,22.30,25.90,20.60,24.30,23.40,23.70,21.60,25.10,23.90,23.90,25.00,23.10,21.20,24.80,78.60,20.00,25.00,25.20,24.10,20.30,22.50,20.10,22.70,25.00,20.40,25.30,21.10,20.70,22.00,21.30,25.70,21.00,22.90,20.50,22.20,20.70,21.10,20.40,22.10,24.90,22.10,22.00,25.80,24.40,20.90,24.00,23.30,23.60,24.50,23.90
TLM_RCV,-82,FG-ALPHA,20240415_084227,AUTO,0,32.47,5.00,-85,99.93,8.32,3.29,5.02,1016,494,0,337,22.61,1013.20,11.80,405.50,12.95,48.70,1080,22.80,22.90,22.00,21.80,24.40,25.20,20.00,21.10,24.20,21.80,20.80,21.20,22.70,25.10,25.60,23.80,22.80,23.20,25.60,24.60,23.50,23.70,21.50,21.40,21.70,22.70,24.80,24.90,24.30,20.40,20.80,22.70,22.90,24.50,20.70,24.90,23.90,22.70,24.80,21.40,21.30,20.40,23.40,22.00,22.70,22.50,22.90,20.80,25.60,23.40,24.40,22.10,23.70,21.10,24.50,24.10,23.60,23.40,25.90,21.00,22.60,21.10,23.90,22.60
TLM_RCV,-59,FG-ALPHA,20240415_084228,AUTO,0,32.39,5.00,-85,99.99,8.33,3.29,5.02,1096,478,0,336,23.09,1012.90,11.90,406.00,12.95,48.70,1080,21.10,23.20,25.90,22.10,23.70,24.70,20.40,22.00,22.50,22.50,25.20,23.30,24.60,20.50,20.60,23.90,20.00,20.70,20.70,24.90,23.40,23.30,20.90,22.60,20.20,22.60,20.90,21.40,21.30,25.90,21.20,23.80,22.80,24.30,23.50,22.30,21.90,24.30,79.40,22.70,20.80,21.30,22.80,24.90,24.10,25.30,25.10,24.10,23.70,22.80,21.40,22.20,23.10,23.50,20.70,24.60,23.60,20.90,25.90,24.70,23.00,23.80,25.40,20.90
TLM_RCV,-60,FG-ALPHA,20240415_084229,AUTO,0,33.42,5.00,-85,100.00,8.33,3.30,5.02,922,484,0,340,22.19,1012.90,12.10,404.60,12.95,48.70,1080,21.80,21.90,22.30,23.60,21.40,24.10,23.50,24.40,22.50,25.00,23.10,23.50,24.70,20.40,24.80,22.30,23.40,23.60,25.70,22.30,21.30,21.90,24.60,22.10,20.00,21.90,25.40,20.80,25.50,22.50,22.50,25.20,23.20,20.80,21.50,20.20,25.50,23.20,22.80,25.50,25.80,20.80,23.60,23.40,21.20,20.90,23.30,22.90,23.40,80.40,25.40,20.50,22.60,21.10,25.70,24.50,21.00,20.50,22.10,20.60,25.40,22.90,23.10,23.00
TLM_RCV,-43,FG-ALPHA,20240415_084230,AUTO,0,32.17,5.00,-85,99.96,8.33,3.28,5.02,0,433,0,286,22.17,1013.00,12.00,406.30,12.95,48.70,1080,23.20,20.80,25.10,25.90,25.80,23.00,24.20,22.80,24.50,20.70,21.90,22.40,24.70,24.70,24.60,25.10,24.20,24.80,20.50,23.30,25.10,25.10,25.60,25.90,21.00,20.10,24.40,20.60,24.80,25.80,21.50,21.20,25.90,25.30,20.40,21.80,25.40,23.70,25.30,20.30,20.20,20.30,24.80,20.10,22.10,24.70,25.60,23.30,22.30,25.50,25.40,22.70,20.90,20.70,22.30,24.70,23.00,24.50,21.60,21.20,20.00,23.70,23.20,22.40
TLM_RCV,-79,FG-ALPHA,20240415_084231,AUTO,0,32.40,5.00,-85,99.91,8.33,3.31,5.02,0,480,0,336,22.40,1012.80,12.10,406.10,12.95,48.70,1080,23.80,25.50,24.30,20.30,22.80,25.00,23.40,21.70,23.30,25.60,22.10,21.90,20.20,21.40,21.00,24.10,21.80,25.40,23.50,23.00,25.70,24.90,22.10,21.30,23.70,24.80,24.20,25.30,23.60,20.50,24.60,21.70,24.00,22.40,25.90,23.80,22.50,22.50,25.60,25.90,21.90,20.20,21.60,20.20,23.70,25.00,25.00,23.40,25.80,21.70,22.50,20.50,22.50,25.60,25.70,22.10,22.90,20.40,22.80,25.90,24.20,25.00,21.50,24.90
TLM_RCV,-40,FG-ALPHA,20240415_084232,AUTO,0,31.05,5.00,-85,99.87,8.34,3.29,5.02,0,409,0,259,22.05,1013.50,12.00,405.50,12.95,48.70,1080,25.10,21.00,23.40,22.60,25.30,24.70,23.00,24.40,22.40,25.50,24.20,21.10,21.60,21.10,76.60,24.40,21.50,22.10,20.80,20.70,24.70,22.30,23.00,21.50,23.40,22.70,22.80,21.50,25.00,21.00,24.50,20.90,20.20,23.00,23.20,22.40,24.80,25.10,21.80,25.00,25.10,25.60,21.30,21.00,24.00,20.50,23.40,25.00,24.70,24.60,21.90,23.80,24.50,23.00,23.20,25.60,25.70,25.90,20.40,23.00,20.40,22.10,25.00,23.60
TLM_RCV,-65,FG-ALPHA,20240415_084233,AUTO,0,33.38,5.00,-85,99.82,8.32,3.28,5.02,0,477,0,320,22.39,1012.70,11.80,404.50,12.95,48.70,1080,20.70,24.40,23.90,23.70,22.50,21.50,21.10,24.60,20.70,25.00,22.50,21.80,20.20,21.80,21.60,20.30,23.80,21.80,24.80,25.60,23.40,21.20,23.10,24.90,21.10,22.70,23.70,20.90,25.50,25.50,20.70,21.80,25.90,22.10,25.40,21.90,24.30,22.80,22.00,23.70,24.00,20.50,21.50,22.90,22.20,22.10,25.20,22.90,20.30,20.60,20.60,22.30,25.30,23.10,21.20,25.40,21.00,22.30,21.50,20.70,25.10,22.80,23.30,20.30
TLM_RCV,-54,FG-ALPHA,20240415_084234,AUTO,0,31.00,5.00,-85,99.90,8.34,3.30,5.02,1192,401,0,251,23.95,1013.30,12.00,404.90,12.95,48.70,1080,21.60,21.30,22.30,22.30,20.20,21.10,23.50,22.90,24.80,20.40,21.70,25.40,24.20,20.80,21.30,25.20,24.60,23.80,23.00,20.00,22.60,23.30,23.10,21.80,24.60,25.10,24.40,25.50,25.80,25.80,20.40,21.20,25.60,23.20,21.90,23.40,22.80,23.00,25.50,22.30,23.60,21.70,21.20,24.00,22.60,20.10,24.00,21.30,23.30,24.00,21.90,22.30,20.60,25.30,22.90,21.80,20.10,23.20,20.10,22.50,21.30,21.10,22.70,21.80
TLM_RCV,-81,FG-ALPHA,20240415_084235,AUTO,0,31.26,5.00,-85,99.93,8.33,3.31,5.02,809,453,0,295,21.78,1013.20,11.80,406.40,12.96,48.70,1080,24.50,23.40,23.50,24.40,25.40,25.00,22.90,22.20,21.60,25.10,22.20,22.50,24.10,25.30,20.30,22.60,22.20,20.60,20.30,23.00,24.50,25.20,20.00,21.40,24.10,23.10,22.70,24.20,23.30,25.40,21.20,20.20,21.90,23.40,21.40,20.90,22.60,22.90,20.00,23.40,24.80,20.80,22.10,24.40,22.40,23.50,20.60,25.80,25.10,25.70,23.40,20.30,21.80,23.10,21.30,22.80,23.60,25.90,24.00,21.00,20.90,20.50,23.80,25.50
TLM_RCV,-46,FG-ALPHA,20240415_084236,AUTO,0,31.08,5.00,-85,99.99,8.34,3.28,5.02,987,417,0,260,22.85,1012.90,11.80,405.50,12.96,48.70,1080,20.00,24.40,25.00,22.40,20.30,25.20,22.20,20.20,21.20,20.00,25.40,25.90,20.10,22.80,24.10,20.70,23.10,20.80,24.80,21.40,23.80,21.90,23.20,23.00,22.50,24.20,21.00,20.50,23.30,20.40,23.90,23.20,23.10,23.70,20.70,21.00,24.80,23.10,24.60,24.00,24.50,22.60,21.80,22.70,25.20,25.60,25.50,21.90,21.90,25.00,24.40,20.80,23.10,24.30,23.80,21.50,25.70,20.70,20.20,22.20,20.10,22.90,22.90,20.70
TLM_RCV,-40,FG-ALPHA,20240415_084237,AUTO,0,33.26,5.00,-85,99.95,8.33,3.28,5.02,0,451,0,300,22.25,1013.40,12.00,406.00,12.96,48.70,1080,21.80,24.50,21.50,24.30,22.50,22.50,21.40,23.20,21.20,21.30,21.30,23.10,25.70,25.40,23.80,25.50,22.30,22.70,22.50,23.50,24.50,21.00,22.10,25.00,20.80,23.40,25.50,22.60,24.90,23.60,25.50,20.20,20.20,20.20,25.10,24.60,25.00,25.40,22.80,23.50,22.80,24.10,25.60,23.70,22.50,25.70,23.70,23.40,22.80,23.20,21.80,22.20,23.80,21.80,20.60,24.20,24.10,24.50,24.00,20.10,21.10,23.70,24.90,22.90
TLM_RCV,-78,FG-ALPHA,20240415_084259,AUTO,0,31.07,5.00,-85,100.00,8.34,3.31,5.02,1149,414,0,256,23.67,1012.90,11.80,405.60,12.98,48.70,1080,23.90,24.20,22.10,21.80,22.30,24.00,25.20,23.20,23.70,21.10,20.60,21.70,25.30,23.30,20.30,24.40,21.30,24.50,23.80,24.00,25.70,20.70,22.30,25.50,21.40,20.40,23.40,21.20,24.30,23.00,25.30,20.20,22.90,25.00,24.40,20.60,23.60,22.90,25.30,25.50,25.60,23.10,22.60,20.50,21.40,20.60,22.60,25.10,21.00,21.10,21.10,20.10,24.50,22.90,20.50,22.10,21.60,24.80,23.40,25.90,25.00,21.00,25.10,20.40
TLM_RCV,-72,FG-ALPHA,20240415_084300,AUTO,0,32.39,5.00,-85,100.00,8.33,3.30,5.02,1081,478,0,320,23.01,1013.60,11.90,404.80,12.98,48.70,1080,22.00,20.40,23.70,24.10,22.70,20.80,20.00,25.40,25.60,24.20,20.60,21.40,21.80,25.80,25.90,23.20,20.80,20.70,20.00,20.20,22.90,22.20,25.70,21.80,20.30,24.70,21.00,24.60,21.10,25.60,22.50,25.90,23.70,21.50,21.50,21.50,20.20,22.70,22.80,25.50,23.60,20.20,23.20,21.80,20.50,21.80,24.30,20.60,24.70,25.10,22.40,22.00,21.30,21.00,23.90,23.90,22.10,20.30,21.20,25.80,24.00,24.20,24.50,23.00
TLM_RCV,-55,FG-ALPHA,20240415_084301,AUTO,0,32.26,5.00,-85,100.00,8.33,3.28,5.02,902,453,0,299,22.25,1013.10,11.80,406.40,12.98,48.70,1080,22.50,22.70,20.30,23.30,24.10,21.90,23.00,20.40,20.50,20.40,21.50,23.10,20.90,22.20,23.00,25.40,21.20,20.40,22.30,24.70,23.20,25.80,22.00,20.50,23.60,23.80,23.60,22.50,23.10,24.40,25.60,24.00,21.50,22.20,20.60,21.40,21.20,20.50,24.00,23.90,22.00,22.80,20.80,21.90,22.20,24.50,21.70,23.20,22.30,20.60,23.20,23.80,22.80,20.30,21.80,23.60,23.40,22.90,24.90,22.20,20.80,24.30,22.90,24.20
TLM_RCV,-67,FG-ALPHA,20240415_084302,AUTO,0,33.28,5.00,-85,100.00,8.33,3.28,5.02,1087,456,0,309,23.16,1013.50,11.80,405.40,12.98,48.70,1080,22.80,23.20,24.40,22.60,24.30,23.70,25.20,20.90,25.70,21.50,25.60,22.80,24.70,23.30,20.10,22.40,23.90,20.50,22.50,22.10,23.70,22.20,22.40,25.90,20.10,25.10,23.10,22.10,24.80,24.80,22.30,25.60,25.80,21.60,22.30,24.40,21.20,22.60,22.10,24.70,25.60,24.00,21.40,24.40,20.60,25.10,25.70,25.00,20.90,24.70,23.10,22.30,22.50,25.90,22.70,21.10,24.30,21.40,25.90,21.70,20.40,22.10,22.90,23.90
TLM_RCV,-63,FG-ALPHA,20240415_084303,AUTO,0,31.32,5.00,-85,100.00,8.33,3.30,5.02,1022,464,0,320,22.79,1013.40,11.90,404.70,12.98,48.70,1080,23.20,20.30,25.40,24.30,23.10,21.30,21.80,21.30,20.70,21.70,24.60,24.90,20.60,22.00,23.70,21.20,22.80,22.00,25.40,23.00,21.50,22.10,23.90,25.90,25.80,22.90,22.80,25.10,24.80,24.30,22.60,22.20,23.60,21.30,24.40,24.60,21.00,24.70,24.70,24.00,23.30,24.60,22.00,20.40,24.00,23.00,20.00,20.50,22.30,24.10,23.90,20.00,24.50,20.10,25.40,23.00,22.40,25.10,20.50,24.00,24.50,25.40,20.10,25.30
TLM_RCV,-47,FG-ALPHA,20240415_084304,AUTO,0,33.14,5.00,-85,100.00,8.34,3.31,5.02,1195,428,0,272,23.84,1012.70,11.90,405.10,12.98,48.70,1080,24.10,22.30,22.70,24.30,21.60,24.70,21.80,21.70,25.90,24.60,23.40,22.70,21.00,25.50,23.30,24.60,25.80,20.30,24.70,25.30,24.60,25.20,21.80,23.80,21.90,20.80,23.20,25.00,24.70,20.90,24.60,21.60,22.00,20.10,20.90,20.60,24.30,23.80,24.40,21.70,20.00,24.70,22.40,24.80,23.00,25.40,23.20,24.90,21.00,20.60,24.40,24.80,23.80,22.70,22.30,25.50,24.40,23.00,23.00,21.10,21.70,21.10,24.40,21.50
TLM_RCV,-53,FG-ALPHA,20240415_084305,AUTO,0,33.00,5.00,-85,100.00,8.34,3.30,5.02,912,400,0,260,22.56,1013.40,11.80,405.60,12.99,48.70,1080,22.70,20.90,23.60,24.80,24.20,25.80,22.50,21.50,25.80,21.70,22.50,20.10,22.40,24.90,25.90,23.90,25.20,21.50,20.70,23.80,23.60,23.70,23.30,21.20,22.20,20.50,25.80,25.50,23.10,20.30,20.00,20.90,22.50,21.40,20.70,22.90,24.70,21.40,20.00,24.90,21.00,25.30,22.10,24.00,24.80,24.70,24.00,25.60,22.30,22.70,21.90,25.20,21.20,22.80,25.90,25.60,25.60,23.30,23.50,22.30,20.50,20.90,25.30,21.30
TLM_RCV,-72,FG-ALPHA,20240415_084306,AUTO,0,33.29,5.00,-85,100.00,8.33,3.30,5.02,830,458,0,304,21.86,1013.60,11.90,406.20,12.99,48.70,1080,25.60,22.70,25.80,23.00,22.70,21.80,25.60,25.60,22.20,23.10,23.30,24.50,20.30,25.40,23.90,24.70,25.70,23.60,23.70,22.30,22.70,20.20,22.70,21.40,21.60,21.00,20.70,21.70,23.40,24.30,20.80,21.40,21.80,21.80,24.70,21.20,21.70,23.80,21.30,21.40,20.00,22.20,22.20,25.30,25.80,22.30,25.70,25.50,22.80,20.40,20.30,20.10,23.20,25.60,22.40,24.80,25.00,25.20,20.10,24.80,21.60,20.20,23.10,24.70
TLM_RCV,-45,FG-ALPHA,20240415_084307,AUTO,0,32.03,5.00,-85,100.00,8.34,3.29,5.02,894,406,0,264,22.44,1012.90,11.90,406.30,12.99,48.70,1080,24.60,22.80,20.20,25.50,21.90,21.50,21.50,22.70,24.40,23.00,23.10,24.30,24.80,23.80,23.90,22.80,22.10,23.60,20.60,20.60,25.40,20.80,20.50,25.30,21.20,25.70,22.30,20.00,23.30,22.40,23.80,22.60,24.00,23.80,25.80,21.60,25.70,20.20,23.30,23.30,25.80,24.80,24.90,23.40,20.70,25.10,23.90,23.20,24.10,22.00,20.40,21.70,25.00,20.30,21.40,20.80,20.10,25.00,22.00,21.50,21.30,25.90,21.60,20.60
TLM_RCV,-65,FG-ALPHA,20240415_084308,AUTO,0,32.32,5.00,-85,99.95,8.33,3.31,5.02,0,464,0,311,22.32,1013.20,12.10,405.30,12.99,48.70,1080,21.30,23.20,20.80,20.60,20.10,22.50,22.30,20.70,20.00,25.40,20.10,20.30,22.20,24.80,24.90,21.80,23.30,22.20,22.50,20.40,23.40,22.10,22.50,21.60,23.70,22.60,24.60,21.20,23.70,21.00,24.80,24.00,25.00,24.50,24.90,21.80,20.60,21.90,24.10,20.00,20.10,23.30,20.80,25.90,25.40,25.80,23.60,23.00,21.40,23.10,21.80,21.50,24.30,20.20,22.20,24.40,24.30,21.10,21.50,20.20,20.30,20.50,20.60,25.80
TLM_RCV,-59,FG-ALPHA,20240415_084309,AUTO,0,31.06,5.00,-85,100.00,8.34,3.29,5.02,1011,411,0,256,23.00,1013.60,11.90,405.50,12.99,48.70,1080,24.80,24.10,24.70,21.80,25.40,24.20,22.50,21.30,24.60,25.90,21.50,23.70,20.50,23.90,23.70,21.60,20.70,24.70,21.40,21.70,24.70,22.00,24.60,22.80,25.30,20.00,24.80,20.80,22.10,23.80,22.40,24.60,25.40,25.10,24.10,21.80,21.50,22.70,22.00,22.10,22.60,23.50,20.00,24.20,22.40,23.60,24.90,25.30,22.70,23.50,21.00,25.90,25.40,25.40,20.00,82.50,24.30,25.90,24.90,22.60,25.80,25.20,22.70,22.50
TLM_RCV,-70,FG-ALPHA,20240415_084310,AUTO,0,33.28,5.00,-85,100.00,8.33,3.31,5.02,853,457,0,307,21.98,1012.80,11.80,405.30,12.99,48.70,1080,20.10,23.80,22.00,25.20,20.60,21.50,20.40,25.90,23.30,20.70,25.50,20.00,25.00,24.60,25.10,22.30,25.10,24.30,21.30,23.00,24.70,25.50,23.30,24.30,25.10,24.20,21.70,24.60,21.70,23.40,21.10,22.70,23.10,22.70,21.40,21.40,20.90,22.00,24.30,25.10,23.40,24.90,21.80,20.40,22.40,24.00,21.50,22.80,20.10,21.90,21.50,24.70,25.30,25.90,21.80,24.60,21.40,20.90,22.70,25.90,20.10,20.90,20.40,24.30
TLM_RCV,-50,FG-ALPHA,20240415_084311,AUTO,0,33.10,5.00,-85,100.00,8.34,3.28,5.02,921,420,0,267,22.50,1013.60,11.80,405.50,12.99,48.70,1080,23.40,21.50,23.40,20.10,23.20,23.40,24.20,24.80,22.60,24.60,25.20,25.90,20.90,23.00,23.60,20.00,22.10,20.30,23.90,21.90,21.80,21.10,20.30,24.60,20.00,25.10,25.20,25.50,22.40,20.90,23.40,24.50,22.10,23.90,21.20,20.40,24.70,25.10,23.30,24.90,22.50,24.50,24.90,20.50,24.60,21.60,22.70,21.90,23.60,25.80,21.40,23.80,21.20,24.80,20.70,22.00,22.40,20.60,25.20,22.50,25.00,20.10,25.20,20.80
TLM_RCV,-47,FG-ALPHA,20240415_084312,AUTO,0,32.06,5.00,-85,99.96,8.34,3.29,5.02,0,413,0,270,22.07,1013.10,11.80,404.50,12.99,48.70,1080,21.00,22.80,20.20,25.70,20.00,21.10,24.70,24.10,24.80,24.90,20.70,21.00,20.70,23.50,22.90,23.60,25.90,24.70,23.80,21.80,25.00,21.90,20.50,25.90,23.40,24.10,23.90,23.80,21.50,20.80,22.70,25.10,20.70,20.80,23.40,23.00,25.60,22.90,23.60,22.60,20.50,20.70,20.40,23.00,25.00,25.10,22.00,25.30,20.30,23.60,24.30,24.10,24.50,25.00,25.90,24.00,24.80,24.70,22.00,25.30,25.80,20.60,22.20,21.90
TLM_RCV,-68,FG-ALPHA,20240415_084313,AUTO,0,33.44,5.00,-85,100.00,8.33,3.29,5.02,1169,488,0,334,23.41,1012.90,11.80,404.80,12.99,48.70,1080,21.50,22.80,22.10,23.50,22.10,22.40,23.20,23.10,20.10,25.80,25.90,22.70,22.30,21.50,20.20,25.70,22.90,23.60,22.90,25.30,25.40,20.30,25.10,21.20,24.20,23.30,25.30,20.10,25.40,22.80,20.20,23.90,24.70,24.00,23.00,25.20,21.70,20.30,21.00,24.30,21.30,23.40,20.30,21.20,25.30,21.50,21.00,25.30,22.90,24.80,20.50,23.50,24.90,23.40,23.30,21.40,21.80,24.80,23.40,25.10,21.20,24.20,22.00,25.40
TLM_RCV,-62,FG-ALPHA,20240415_084314,AUTO,0,31.19,5.00,-85,100.00,8.33,3.28,5.02,1183,439,0,291,23.72,1013.50,11.90,406.20,12.99,48.70,1080,23.60,22.10,24.80,23.60,20.80,25.50,25.30,22.00,22.50,22.70,23.20,20.20,20.70,21.70,25.50,25.70,21.10,21.70,20.30,24.50,25.80,23.70,23.30,25.70,22.40,21.70,21.00,23.90,25.60,23.10,25.40,20.20,22.20,22.30,25.90,25.00,24.90,23.50,23.80,23.20,21.60,21.30,20.70,20.00,20.40,20.20,20.00,22.50,23.50,23.00,22.60,25.70,24.60,22.00,20.00,21.30,24.60,24.30,23.50,23.80,22.90,23.10,24.80,24.90
TLM_RCV,-48,FG-ALPHA,20240415_084315,AUTO,0,32.12,5.00,-85,99.96,8.34,3.31,5.02,0,423,0,275,22.11,1013.40,11.80,404.70,13.00,48.70,1080,20.20,20.20,22.70,21.60,20.40,20.90,20.70,24.80,25.10,22.50,25.00,24.80,24.10,24.10,20.50,25.90,24.80,20.50,24.30,20.60,21.30,23.40,20.50,25.20,20.00,23.30,25.90,25.70,21.60,22.40,20.00,21.40,24.50,20.10,22.90,25.90,23.20,25.90,24.70,25.70,20.00,21.80,25.10,25.80,23.80,24.40,20.80,23.90,25.10,23.60,22.10,23.90,23.20,25.10,20.40,23.80,24.00,25.20,21.10,25.60,24.30,24.30,21.90,25.30
TLM_RCV,-88,FG-ALPHA,20240415_084316,AUTO,0,32.99,5.00,-85,100.00,8.34,3.30,5.02,1132,398,0,256,23.67,1013.20,12.00,404.70,13.00,48.70,1080,24.70,23.50,25.00,25.90,25.40,21.70,24.00,21.50,23.60,20.10,21.30,23.40,25.50,24.40,24.30,20.70,22.30,22.40,24.60,25.00,21.80,24.10,24.00,20.30,24.80,22.50,20.80,25.80,20.90,20.10,25.80,24.30,20.90,25.20,21.30,22.00,24.30,25.00,25.30,20.10,24.10,23.80,20.10,22.80,25.80,21.50,22.30,21.30,22.60,20.40,21.80,21.70,21.30,24.10,22.90,20.40,24.00,21.60,24.00,22.20,23.80,23.40,25.50,24.10
TLM_RCV,-70,FG-ALPHA,20240415_084317,AUTO,0,31.43,5.00,-85,99.95,8.33,3.28,5.02,0,486,0,331,22.43,1013.10,12.00,405.70,13.00,48.70,1080,22.30,24.20,22.60,24.60,21.90,24.60,20.80,22.70,21.90,24.80,22.90,22.50,23.40,21.20,25.70,22.10,21.60,23.70,20.80,23.90,24.30,23.10,21.10,20.40,20.40,25.20,22.10,23.60,23.30,21.30,21.60,25.00,23.60,24.30,24.10,25.80,21.00,25.80,21.00,25.40,21.80,21.20,22.10,24.80,21.10,25.80,22.90,22.20,24.70,24.60,21.70,21.40,23.70,21.70,24.70,23.00,23.50,20.00,20.50,22.20,22.60,22.80,21.40,23.50
TLM_RCV,-41,FG-ALPHA,20240415_084318,AUTO,0,31.28,5.00,-85,100.00,8.33,3.30,5.02,1090,457,0,304,23.17,1013.40,12.00,405.00,13.00,48.70,1080,23.70,24.30,21.00,21.10,21.40,20.60,21.50,24.80,24.50,22.30,21.30,22.90,25.80,22.60,24.60,23.40,20.30,25.50,22.40,22.80,25.70,24.30,21.40,23.50,25.50,22.10,23.70,24.40,23.80,24.30,20.40,25.90,25.20,24.60,21.40,20.70,21.90,22.60,24.80,20.10,22.30,21.40,23.30,22.80,22.40,22.10,22.70,21.10,23.70,21.50,20.70,25.70,25.10,24.00,23.90,22.90,20.70,24.00,20.90,23.00,25.80,23.60,22.70,25.20
TLM_RCV,-48,FG-ALPHA,20240415_084319,AUTO,0,31.06,5.00,-85,99.96,8.34,3.30,5.02,0,412,0,265,22.06,1013.50,11.90,405.70,13.00,48.70,1080,24.90,21.60,22.30,24.00,21.40,25.10,21.20,24.70,25.40,25.60,25.10,25.80,22.70,22.70,21.00,24.70,25.00,22.10,23.70,21.60,24.50,23.10,21.90,21.60,20.70,20.40,22.40,24.60,21.90,23.40,23.40,20.30,24.40,24.70,20.70,24.50,21.50,23.40,24.10,24.80,22.70,23.50,21.20,20.00,22.20,24.40,20.60,22.20,22.40,20.80,22.60,24.40,24.40,24.80,23.20,22.10,24.80,23.30,25.80,21.80,25.40,21.20,21.80,22.50
TLM_RCV,-79,FG-ALPHA,20240415_084320,AUTO,0,33.26,5.00,-85,100.00,8.33,3.30,5.02,818,452,0,294,21.83,1012.80,11.80,404.80,13.00,48.70,1080,21.40,25.20,21.30,24.30,23.00,22.70,22.60,20.70,25.00,22.30,25.90,25.40,21.10,21.20,24.30,25.30,23.40,21.10,22.80,23.40,21.00,25.20,20.80,24.80,24.20,20.80,23.20,24.20,20.40,24.80,25.40,25.10,20.30,21.00,25.90,23.20,23.60,20.40,23.40,25.80,23.80,22.90,20.30,21.10,22.40,22.00,21.90,25.50,20.50,24.90,20.10,24.00,25.00,21.60,21.60,20.30,25.70,23.80,25.40,25.70,20.00,21.80,25.20,22.50
TLM_RCV,-52,FG-ALPHA,20240415_084321,AUTO,0,31.23,5.00,-85,100.00,8.33,3.30,5.02,822,445,0,291,21.89,1013.00,12.10,405.60,13.00,48.70,1080,20.20,24.30,20.40,22.40,25.00,22.20,25.20,24.00,21.90,25.60,24.90,23.20,22.60,24.10,20.40,21.00,20.40,21.10,23.50,23.70,22.00,20.40,22.70,21.40,22.00,24.80,21.00,21.60,23.90,21.90,20.00,20.00,23.50,22.10,22.00,22.90,21.80,22.90,20.10,23.60,24.60,24.50,23.00,22.10,25.40,22.30,23.20,25.90,24.90,24.40,20.60,24.80,24.00,21.90,24.00,22.20,25.40,22.50,25.40,24.50,20.90,20.50,23.80,24.80
TLM_RCV,-57,FG-ALPHA,20240415_084322,AUTO,0,32.17,5.00,-85,100.00,8.34,3.28,5.02,880,433,0,277,22.24,1013.10,12.00,405.00,13.00,48.70,1080,25.90,21.20,23.40,20.70,21.80,22.60,25.40,23.00,25.90,20.50,21.40,20.30,22.00,21.00,24.30,23.20,23.40,24.60,24.20,25.50,20.60,23.00,21.10,23.30,24.40,23.90,20.00,20.20,23.70,23.00,23.10,21.60,24.60,21.70,23.10,24.20,22.10,24.80,21.80,21.30,23.50,22.80,24.50,23.70,25.30,23.10,21.40,25.70,23.90,24.40,22.10,23.50,24.90,22.00,24.60,22.10,21.00,20.10,23.40,24.70,22.80,20.50,23.60,23.10
TLM_RCV,-77,FG-ALPHA,20240415_084323,AUTO,0,33.47,5.00,-85,100.00,8.33,3.29,5.02,1184,494,0,340,23.45,1012.90,12.10,405.30,13.00,48.70,1080,22.40,23.20,24.20,24.50,20.90,23.40,25.80,20.10,20.40,22.00,25.00,22.50,22.60,22.70,22.20,23.00,22.40,23.90,22.60,22.00,23.00,24.60,25.90,25.30,22.90,20.70,25.30,22.60,21.10,21.90,22.30,24.90,22.60,22.10,22.50,22.10,21.50,23.90,23.40,25.70,25.10,21.40,24.60,20.00,23.00,21.50,24.40,23.70,25.60,22.20,22.20,20.10,24.90,22.10,25.50,23.40,25.50,23.20,22.40,24.30,21.00,21.40,23.60,22.60
TLM_RCV,-95,FG-ALPHA,20240415_084324,AUTO,0,32.99,5.00,-85,100.00,8.34,3.28,5.02,985,399,0,256,22.93,1013.30,11.90,405.20,13.00,48.70,1080,22.50,25.60,21.40,23.20,21.60,24.50,21.90,25.10,22.30,21.30,22.60,25.20,25.50,22.70,20.50,20.20,23.90,24.50,21.60,22.60,24.40,23.20,21.80,21.10,24.60,23.50,20.50,21.60,21.10,22.40,24.20,23.00,22.80,24.10,24.00,20.60,24.00,20.20,20.30,24.70,24.80,20.90,22.10,22.10,21.60,25.50,25.20,25.10,21.00,21.70,22.50,22.50,25.30,25.50,25.80,21.90,21.50,21.10,25.30,21.40,25.40,23.50,20.90,22.70
TLM_RCV,-89,FG-ALPHA,20240415_084325,AUTO,0,32.08,5.00,-85,100.00,8.34,3.30,5.02,1042,416,0,257,23.13,1013.20,12.10,404.50,13.01,48.70,1080,24.60,25.80,22.40,22.70,20.20,21.40,20.00,21.70,25.20,23.50,24.80,23.50,23.80,25.80,25.30,20.00,21.70,20.30,22.70,23.70,23.50,20.00,25.40,22.20,25.70,21.00,20.00,21.70,21.80,20.50,23.50,25.00,24.00,20.30,24.70,23.00,23.70,24.80,22.60,20.90,22.60,22.80,21.20,25.30,22.90,25.40,21.80,22.80,21.60,20.00,25.20,25.50,21.20,23.90,22.30,25.20,25.10,22.50,25.50,25.00,20.00,24.70,20.30,22.70
TLM_RCV,-42,FG-ALPHA,20240415_084326,AUTO,0,33.18,5.00,-85,100.00,8.33,3.29,5.02,933,436,0,280,22.49,1012.70,12.00,406.00,13.01,48.70,1080,24.80,23.20,24.70,24.90,21.30,23.00,25.30,23.20,25.20,20.70,22.40,22.80,22.80,25.20,22.20,20.30,24.30,25.30,23.50,23.70,23.80,20.40,21.30,21.60,25.60,22.60,25.30,20.20,24.10,25.40,24.00,24.40,22.50,24.60,20.40,23.10,20.10,24.20,20.20,22.70,21.40,22.50,23.10,20.70,20.80,25.30,20.50,22.60,21.10,24.70,21.40,25.20,22.80,24.80,20.40,20.00,23.90,23.10,23.10,22.20,24.20,22.00,21.60,21.80
TLM_RCV,-47,FG-ALPHA,20240415_084327,AUTO,0,32.12,5.00,-85,100.00,8.34,3.31,5.02,800,423,0,268,21.89,1013.60,12.10,405.20,13.01,48.70,1080,21.80,22.20,21.80,21.80,21.30,22.60,22.60,21.00,21.90,24.50,22.00,20.00,21.70,24.90,22.50,25.80,24.30,25.40,23.10,23.70,21.10,25.90,25.90,20.80,24.60,22.20,21.90,22.00,23.80,24.40,22.80,25.90,21.80,23.40,24.60,23.60,21.00,24.00,22.20,20.60,20.40,20.50,25.00,21.70,21.90,22.30,25.20,25.90,24.50,22.00,20.60,23.40,21.30,22.60,21.90,25.60,20.50,25.20,23.80,22.00,22.10,25.30,23.70,20.20
TLM_RCV,-52,FG-ALPHA,20240415_084328,AUTO,0,31.11,5.00,-85,100.00,8.34,3.31,5.02,1100,423,0,272,23.39,1012.70,12.00,406.30,13.01,48.70,1080,24.40,23.80,24.80,25.30,25.30,21.30,25.10,20.60,21.90,21.60,24.20,25.50,24.80,25.10,23.30,21.00,20.30,24.10,24.70,23.40,22.10,20.90,24.90,23.20,23.50,20.50,24.80,25.30,23.00,24.70,22.80,25.80,23.60,22.10,25.80,23.30,22.30,25.30,24.80,25.80,24.20,24.90,22.00,23.80,21.40,21.10,20.80,23.50,20.20,20.60,20.80,25.60,25.30,25.50,24.60,21.80,21.90,20.70,22.70,25.60,23.70,21.10,20.90,23.60
TLM_RCV,-49,FG-ALPHA,20240415_084329,AUTO,0,32.33,5.00,-85,100.00,8.33,3.28,5.02,1141,467,0,320,23.37,1012.70,12.00,405.10,13.01,48.70,1080,24.40,25.50,20.50,25.00,22.50,21.00,25.70,25.50,23.00,21.10,25.70,21.50,22.80,21.50,21.90,21.80,23.20,25.90,21.40,24.70,24.90,23.20,20.00,25.40,20.90,25.40,21.20,24.40,21.50,23.00,21.50,20.30,20.60,22.30,25.70,21.40,20.00,20.40,23.60,20.80,20.90,20.90,23.80,24.90,24.40,21.70,23.80,22.00,24.80,21.80,22.00,20.10,25.20,23.70,24.30,23.40,25.10,20.40,21.60,24.20,23.30,23.60,20.30,25.40
TLM_RCV,-52,FG-ALPHA,20240415_084330,AUTO,0,32.06,5.00,-85,100.00,8.34,3.30,5.02,1075,411,0,255,23.32,1013.40,12.10,405.40,13.01,48.70,1080,20.40,23.80,24.50,22.40,23.10,20.90,25.00,22.30,23.00,24.70,21.60,24.20,22.50,20.90,25.50,21.60,20.30,23.90,22.90,23.00,23.60,25.20,22.70,24.00,24.50,21.00,25.10,20.80,22.10,21.80,24.30,20.90,23.10,22.80,23.40,20.80,22.30,21.80,21.50,21.60,23.40,24.80,22.10,20.60,21.90,25.60,24.80,20.10,21.20,21.10,22.00,22.20,20.90,25.10,25.20,20.00,20.00,24.10,21.90,25.50,25.60,24.40,24.10,21.50
TLM_RCV,-69,FG-ALPHA,20240415_084331,AUTO,0,30.99,5.00,-85,100.00,8.34,3.30,5.02,936,398,0,256,22.69,1012.70,12.00,406.20,13.01,48.70,1080,21.60,20.80,25.40,25.70,24.10,21.90,23.50,22.00,20.80,22.00,21.60,24.50,25.60,22.20,20.90,23.80,21.00,21.50,21.10,20.30,20.20,24.40,21.20,24.80,24.30,24.90,24.10,21.10,23.50,23.10,25.10,21.20,25.90,23.90,25.80,22.50,22.50,82.00,22.70,23.40,20.50,20.80,21.80,23.10,23.90,20.40,24.90,22.90,20.10,24.60,21.10,21.70,25.80,21.40,20.80,20.20,22.50,24.80,20.60,23.70,24.70,23.90,25.50,24.60
TLM_RCV,-82,FG-ALPHA,20240415_084332,AUTO,0,31.39,5.00,-85,99.95,8.33,3.28,5.02,0,478,0,329,22.39,1013.30,11.80,404.70,13.01,48.70,1080,81.60,21.10,20.10,22.80,23.40,23.90,23.10,21.40,23.60,24.50,25.90,23.30,21.50,24.50,21.20,23.40,22.50,22.50,21.10,24.30,22.80,21.40,21.10,24.60,22.00,24.30,22.00,20.50,21.40,23.30,22.50,20.20,24.70,20.00,20.70,25.70,25.90,24.30,22.30,23.20,23.40,25.10,24.60,22.50,21.00,21.80,20.30,20.20,25.10,22.80,22.90,25.80,25.00,25.20,24.30,23.00,21.90,23.40,23.50,25.20,22.20,21.60,24.30,22.70
TLM_RCV,-77,FG-ALPHA,20240415_084333,AUTO,0,33.19,5.00,-85,99.99,8.33,3.28,5.02,830,439,0,285,21.95,1012.70,11.90,405.50,13.01,48.70,1080,23.90,24.60,23.90,20.20,25.60,20.40,24.70,23.90,20.50,86.30,20.30,20.00,25.70,22.80,24.00,20.70,25.80,23.90,20.30,21.90,22.10,22.40,20.20,22.60,25.00,22.10,21.40,21.40,21.10,25.30,24.60,24.30,21.20,25.00,20.80,23.10,21.40,25.90,22.10,23.30,21.00,23.70,23.00,25.00,24.10,24.30,24.80,22.00,22.90,21.50,24.90,23.60,20.50,25.30,23.00,20.90,24.80,24.30,23.20,23.00,22.10,20.00,24.30,25.40
TLM_RCV,-90,FG-ALPHA,20240415_084334,AUTO,0,31.16,5.00,-85,100.00,8.34,3.29,5.02,1049,431,0,276,23.09,1012.90,12.10,406.20,13.01,48.70,1080,20.10,23.50,21.60,22.10,25.90,20.80,24.60,23.90,21.70,20.70,23.10,20.90,21.90,20.70,25.90,23.90,23.00,24.40,20.80,20.80,20.00,23.80,21.60,23.00,24.60,22.60,20.40,20.30,25.70,23.60,23.90,23.30,20.20,25.60,24.10,20.70,25.50,25.50,22.10,23.50,23.00,25.90,23.40,20.80,21.60,24.40,21.90,20.90,25.90,23.30,24.70,25.10,21.30,20.20,20.80,25.70,23.60,21.40,22.70,21.30,20.40,23.80,21.50,20.10
TLM_RCV,-66,FG-ALPHA,20240415_084335,AUTO,0,32.42,5.00,-85,100.00,8.33,3.31,5.02,850,483,0,338,21.84,1013.50,11.80,405.80,13.02,48.70,1080,24.80,25.20,25.30,21.00,21.80,25.10,25.20,24.80,22.30,21.80,24.20,23.00,24.10,22.80,24.80,25.80,21.40,25.70,21.70,25.40,24.00,22.60,21.30,21.10,24.60,22.20,25.40,21.50,21.00,21.60,21.20,22.30,23.30,22.90,23.40,25.70,21.70,24.90,25.10,25.40,21.10,23.00,25.40,24.80,21.20,20.30,25.50,23.60,21.30,21.40,23.00,21.40,24.70,24.10,23.60,20.50,24.40,24.60,20.90,25.50,20.70,21.10,20.50,24.90
TLM_RCV,-53,FG-ALPHA,20240415_084336,AUTO,0,33.15,5.00,-85,99.96,8.33,3.29,5.02,0,429,0,276,22.15,1013.50,11.80,406.40,13.02,48.70,1080,20.30,20.30,25.90,23.70,24.80,25.60,24.10,21.70,23.30,20.30,22.30,23.10,21.40,20.50,22.50,21.00,24.30,20.80,23.70,20.10,24.70,21.70,25.20,25.80,23.80,20.50,25.60,23.60,24.70,21.30,23.10,23.40,23.20,23.70,25.00,25.00,23.20,23.30,21.40,25.20,22.10,24.50,21.90,24.20,20.70,24.70,23.50,20.60,21.50,25.10,21.70,25.90,24.60,24.20,22.30,21.80,23.20,21.80,24.90,20.20,21.20,21.20,22.00,23.10
TLM_RCV,-59,FG-ALPHA,20240415_084337,AUTO,0,32.28,5.00,-85,100.00,8.33,3.31,5.02,868,456,0,299,22.06,1012.90,11.80,406.20,13.02,48.70,1080,25.70,25.80,25.80,23.50,21.90,24.20,23.80,23.60,20.90,20.20,24.70,23.30,20.20,20.50,23.90,25.30,24.60,25.20,25.70,20.40,24.70,22.70,22.70,21.00,20.20,23.60,23.30,21.00,21.30,25.60,25.00,21.40,22.10,24.00,22.50,24.70,20.40,24.80,23.00,23.70,25.70,20.60,24.50,22.60,21.20,25.00,22.20,25.50,25.10,25.70,23.40,23.50,24.00,24.70,22.30,21.30,22.60,21.40,23.40,25.50,20.60,24.30,23.50,21.10
TLM_RCV,-91,FG-ALPHA,20240415_084338,AUTO,0,31.30,5.00,-85,100.00,8.33,3.29,5.02,1187,459,0,315,23.64,1012.80,12.00,406.00,13.02,48.70,1080,23.00,23.30,21.70,21.30,21.30,21.40,20.90,22.10,22.80,23.40,21.90,22.30,22.20,20.70,20.20,24.60,22.20,25.90,24.10,23.80,25.20,20.80,22.70,20.10,23.80,21.20,21.00,22.40,24.90,23.00,23.20,21.40,22.80,20.80,21.30,22.40,23.20,21.50,22.80,21.40,21.30,23.50,25.30,22.20,20.80,20.80,22.10,22.80,25.20,24.40,21.90,24.60,23.00,23.10,22.80,23.00,21.30,23.60,25.30,24.80,25.10,20.80,24.70,22.90
TLM_RCV,-81,FG-ALPHA,20240415_084339,AUTO,0,33.27,5.00,-85,100.00,8.33,3.29,5.02,982,454,0,310,22.64,1013.30,12.00,406.00,13.02,48.70,1080,21.00,22.60,24.80,24.20,24.70,22.70,25.40,24.90,20.80,23.80,21.50,24.60,25.60,22.40,23.70,23.50,20.20,21.10,25.20,23.30,25.70,23.40,24.50,23.90,25.40,22.20,21.80,22.30,24.50,23.10,23.80,21.40,25.40,20.30,24.60,24.20,23.70,24.10,21.50,21.60,23.70,25.10,21.20,22.60,24.00,20.00,25.10,24.00,23.00,25.50,25.60,24.30,25.90,22.00,22.40,21.10,20.80,25.50,20.20,22.90,21.10,21.90,24.00,25.90
TLM_RCV,-52,FG-ALPHA,20240415_084401,AUTO,1,36.49,23.00,-85,99.81,8.23,3.29,4.92,926,1097,657,294,20.85,1013.40,12.00,405.40,13.04,50.50,1080,20.10,22.10,22.20,21.20,22.00,20.60,24.60,21.30,24.20,23.70,21.60,25.40,21.70,21.60,21.00,20.90,20.50,22.80,21.50,23.30,23.80,21.00,22.10,24.00,24.90,22.50,22.00,22.80,23.10,25.20,21.00,25.30,25.10,23.70,22.00,20.30,23.70,21.20,22.30,22.20,24.00,21.20,25.10,24.90,24.10,25.90,20.90,22.90,24.70,20.10,22.20,25.60,24.20,20.90,25.00,20.30,22.20,20.00,21.40,24.80,24.50,21.70,21.40,24.90
TLM_RCV,-44,FG-ALPHA,20240415_084402,AUTO,1,35.58,24.50,-85,99.79,8.23,3.31,4.99,845,1117,626,340,21.36,1013.40,12.10,405.50,13.04,50.65,1080,22.70,22.00,23.10,25.40,20.60,25.60,24.10,20.30,22.70,22.90,21.60,21.30,20.90,25.80,22.30,20.10,21.10,21.50,20.50,22.20,21.80,25.10,22.70,20.70,21.50,24.70,22.70,23.60,21.00,24.30,25.70,25.70,21.10,24.40,23.30,22.50,20.70,22.00,22.30,20.20,24.50,24.10,21.70,22.80,25.50,21.00,20.60,23.60,22.40,25.20,23.10,21.40,23.60,25.80,20.60,23.70,21.20,23.70,21.40,20.40,22.70,21.70,21.70,21.70
TLM_RCV,-50,FG-ALPHA,20240415_084403,AUTO,1,35.11,26.00,-85,99.78,8.21,3.29,4.91,1166,1222,782,281,20.28,1013.00,11.80,404.60,13.04,50.80,1080,20.50,24.20,21.30,24.20,23.30,24.80,20.20,20.20,21.40,25.10,24.50,24.10,22.50,20.40,20.10,24.10,21.00,23.40,23.10,20.30,23.10,21.00,21.80,24.30,23.80,23.20,23.80,22.90,23.10,20.40,25.00,25.80,23.20,24.70,24.70,25.80,25.00,23.10,25.70,24.70,25.70,20.80,22.40,24.60,23.70,20.60,71.70,21.00,22.70,20.90,24.30,22.40,20.40,25.40,23.80,25.80,20.60,24.40,20.60,21.60,21.40,20.70,24.60,23.10
TLM_RCV,-89,FG-ALPHA,20240415_084404,AUTO,1,36.51,27.50,-85,99.78,8.23,3.30,4.94,1095,1103,623,327,20.04,1013.60,12.10,404.60,13.04,50.95,1080,23.50,20.20,23.70,24.60,23.20,24.70,25.90,25.90,23.30,20.90,20.30,25.10,23.30,25.90,22.70,23.80,24.50,21.00,21.30,20.80,24.20,22.90,24.90,20.00,22.00,24.40,23.20,25.70,24.50,24.40,22.10,23.20,24.70,22.30,22.40,23.00,21.30,21.50,23.70,23.70,25.80,22.40,21.40,25.10,20.10,21.40,25.60,22.30,20.20,23.70,23.40,20.60,22.20,25.40,22.40,21.20,24.00,22.90,22.70,22.20,21.50,20.70,25.40,23.90
TLM_RCV,-65,FG-ALPHA,20240415_084405,AUTO,1,36.63,29.00,-85,99.67,8.22,3.28,4.99,0,1126,711,256,25.63,1012.90,11.90,405.30,13.05,51.10,1080,22.90,21.70,25.70,24.10,20.50,24.20,22.70,23.70,21.70,22.30,22.40,21.80,25.20,20.70,23.40,24.60,21.60,20.90,22.90,22.90,22.20,22.60,20.90,23.70,24.30,20.50,25.60,25.60,22.60,23.00,24.60,23.90,24.30,23.70,20.80,21.70,24.30,25.40,25.00,25.20,21.00,21.40,21.80,25.00,22.70,20.10,22.90,20.50,24.60,22.30,23.60,22.50,25.40,25.40,21.60,25.60,25.00,24.80,23.90,22.90,25.40,22.90,20.80,21.70
TLM_RCV,-95,FG-ALPHA,20240415_084406,AUTO,0,32.44,27.00,-85,99.70,8.32,3.29,5.02,854,487,0,343,21.84,1013.50,11.80,405.90,13.05,51.10,1080,25.50,23.00,23.50,23.70,22.40,20.10,24.50,24.20,21.90,22.20,25.00,21.70,24.30,25.90,21.50,25.90,25.30,23.90,22.80,20.40,23.50,24.70,25.60,24.70,23.10,21.10,20.40,20.60,24.60,23.10,23.70,25.10,21.20,22.50,22.50,23.50,24.50,25.90,21.00,21.00,25.70,20.00,20.70,25.50,23.70,25.00,20.60,20.80,24.60,23.40,21.30,20.30,22.30,20.80,25.20,22.30,23.60,20.80,20.60,25.60,23.60,20.80,21.10,23.90
TLM_RCV,-82,FG-ALPHA,20240415_084407,AUTO,0,31.14,25.00,-85,99.76,8.33,3.31,5.02,986,427,0,268,22.80,1013.20,12.00,404.80,13.05,51.10,1080,20.40,21.80,23.60,25.40,21.90,24.60,20.80,20.30,21.70,23.30,22.80,23.80,23.20,21.60,25.00,22.90,24.10,20.60,25.20,21.60,24.40,24.90,20.90,20.00,20.50,24.40,25.30,23.80,25.50,25.90,20.30,23.50,24.10,24.70,23.00,24.70,21.90,23.40,25.00,20.30,23.40,23.90,24.60,23.00,24.00,23.70,24.20,21.40,23.30,22.40,20.80,25.70,21.40,20.40,20.60,24.90,21.20,24.70,20.00,20.70,24.00,25.50,22.80,22.50
TLM_RCV,-50,FG-ALPHA,20240415_084408,AUTO,0,32.17,23.00,-85,99.80,8.33,3.29,5.02,841,435,0,286,22.03,1012.90,12.00,406.40,13.05,51.10,1080,23.10,23.30,20.10,22.10,21.10,24.90,23.00,22.30,24.80,20.90,20.80,21.90,20.10,22.60,25.60,22.50,20.60,25.40,21.30,23.50,24.40,20.50,22.90,20.40,24.00,22.30,22.80,23.20,21.20,22.20,24.60,20.70,25.00,21.40,24.30,21.50,20.90,23.00,20.10,24.70,23.70,20.00,21.10,23.10,24.20,24.50,23.00,22.70,23.30,21.00,23.00,20.10,20.10,25.10,22.80,23.60,20.00,24.10,24.70,21.30,20.10,21.70,21.30,25.50
TLM_RCV,-81,FG-ALPHA,20240415_084409,AUTO,0,32.22,21.00,-85,99.85,8.33,3.29,5.02,894,444,0,296,22.25,1012.80,11.90,405.30,13.05,51.10,1080,23.50,23.30,23.50,24.20,21.40,23.00,24.50,21.90,25.50,20.90,25.80,24.20,24.10,20.40,20.20,24.60,21.00,24.70,25.90,24.10,24.80,25.50,22.10,25.20,25.30,24.30,22.70,21.00,21.60,22.50,23.90,20.30,25.10,23.50,25.70,20.80,20.60,22.40,21.60,24.30,20.60,25.80,23.90,21.70,23.00,24.80,24.20,24.70,23.00,21.40,21.80,22.80,21.20,21.50,23.60,24.90,23.70,21.70,21.60,21.20,23.30,24.20,20.10,22.30
TLM_RCV,-81,FG-ALPHA,20240415_084410,AUTO,0,31.30,19.00,-85,99.88,8.33,3.28,5.02,841,459,0,319,21.91,1013.20,12.10,405.90,13.05,51.10,1080,21.40,21.60,23.70,21.70,22.00,22.20,22.90,25.00,25.40,21.30,25.40,20.40,24.10,23.80,25.50,20.50,20.10,24.50,22.50,22.20,23.50,24.20,21.90,24.80,24.40,21.10,20.80,25.60,22.50,25.90,22.70,25.80,20.50,23.80,20.50,20.00,24.50,24.00,24.50,22.40,21.80,20.00,23.60,20.60,24.60,23.80,23.60,24.60,21.90,20.20,25.20,21.20,24.20,22.60,23.90,22.00,22.70,24.80,24.50,22.00,25.10,24.80,24.60,21.10
TLM_RCV,-48,FG-ALPHA,20240415_084411,AUTO,0,31.48,17.00,-85,99.92,8.32,3.28,5.02,858,496,0,349,21.81,1013.40,12.10,405.80,13.05,51.10,1080,23.60,21.40,21.30,21.80,21.60,21.60,24.90,22.20,23.90,22.30,24.90,24.70,20.30,21.10,23.80,21.80,20.00,23.60,21.20,22.90,21.10,20.80,20.30,25.60,21.30,25.20,24.40,24.40,20.00,24.70,21.00,25.50,20.70,22.80,23.90,23.70,25.10,24.00,20.10,25.20,24.00,25.90,22.90,25.90,21.70,21.50,20.90,22.00,20.50,20.10,21.30,22.80,22.10,25.00,23.30,20.80,22.20,23.20,21.50,23.70,21.80,24.80,20.10,23.90
TLM_RCV,-59,FG-ALPHA,20240415_084412,AUTO,0,31.08,15.00,-85,99.88,8.33,3.31,5.02,0,415,0,275,22.08,1012.80,11.90,405.30,13.05,51.10,1080,22.50,22.60,20.90,23.00,23.10,23.60,24.20,24.10,22.20,24.30,25.70,21.70,20.30,25.80,21.90,20.40,25.40,22.20,22.30,20.30,20.60,20.90,23.00,25.40,23.90,23.10,24.50,25.50,21.30,23.50,25.20,21.00,21.90,22.50,21.50,20.10,25.10,22.30,23.40,22.60,24.10,24.20,23.20,22.20,25.70,25.80,24.00,23.70,22.80,23.50,22.80,20.70,20.40,23.10,24.20,24.00,24.10,23.50,24.80,21.90,24.90,24.80,23.80,21.60
TLM_RCV,-86,FG-ALPHA,20240415_084413,AUTO,0,31.22,13.00,-85,99.95,8.33,3.28,5.02,1180,443,0,297,23.68,1013.00,11.80,405.00,13.05,51.10,1080,25.40,21.00,25.40,22.70,23.80,22.90,25.90,20.80,20.40,23.90,23.80,24.90,21.70,24.50,22.90,21.70,24.50,25.90,21.90,21.50,20.30,23.30,25.00,23.10,25.30,22.40,22.90,23.80,20.60,24.40,22.20,24.60,22.70,23.10,22.40,23.70,20.70,20.30,87.40,22.40,25.10,20.30,25.80,24.80,24.00,25.80,23.70,24.50,23.30,25.00,23.20,25.50,21.90,24.00,21.50,22.80,20.50,23.00,20.90,20.70,22.20,22.80,23.60,24.80
TLM_RCV,-79,FG-ALPHA,20240415_084414,AUTO,0,32.17,11.00,-85,100.00,8.33,3.29,5.02,944,435,0,279,22.55,1012.90,11.80,405.10,13.05,51.10,1080,23.10,21.20,24.80,24.90,24.20,21.80,24.90,22.40,24.60,21.80,24.40,23.50,23.00,21.20,22.10,20.90,20.80,21.10,23.90,23.60,24.10,23.50,22.50,25.40,22.00,23.30,23.10,23.30,20.00,25.90,24.10,21.60,22.40,25.20,25.10,21.70,22.80,20.50,21.10,22.60,23.00,25.70,21.70,20.40,20.60,22.60,20.50,23.90,20.00,25.90,24.60,21.20,22.80,22.00,25.30,25.30,25.40,24.30,23.10,25.50,21.20,24.80,21.80,23.40
TLM_RCV,-80,FG-ALPHA,20240415_084415,AUTO,0,33.49,9.00,-85,100.00,8.33,3.30,5.02,901,497,0,343,22.02,1012.80,12.00,405.70,13.06,51.10,1080,24.00,25.50,24.70,24.60,25.80,25.80,24.60,23.60,22.80,23.30,24.90,22.30,23.70,23.60,21.70,25.80,24.90,21.30,25.00,23.10,24.60,22.90,20.40,21.70,24.50,20.50,24.60,23.60,24.10,21.20,21.00,23.60,23.40,22.60,24.80,24.00,21.60,25.50,23.60,22.60,25.40,22.20,25.80,21.20,24.60,24.80,23.50,20.90,23.30,20.00,23.60,22.40,22.20,24.10,20.90,24.80,24.40,23.60,25.60,21.70,22.30,23.70,21.10,23.10
TLM_RCV,-42,FG-ALPHA,20240415_084416,AUTO,0,31.36,7.00,-85,100.00,8.33,3.31,5.02,1082,472,0,317,23.05,1013.50,12.00,405.50,13.06,51.10,1080,22.80,23.90,22.60,24.00,24.30,24.50,20.90,24.40,23.20,22.30,23.40,24.80,21.20,20.90,20.90,24.30,24.00,21.90,22.00,20.30,25.20,20.60,22.20,25.20,24.40,25.50,25.70,23.50,21.00,20.80,25.70,22.90,21.60,22.90,23.70,22.20,24.20,25.40,24.50,20.20,20.50,23.30,25.20,23.90,25.60,24.10,22.50,24.00,20.80,24.80,25.00,22.90,24.80,23.10,21.20,21.00,23.90,21.00,23.40,22.30,21.20,22.70,20.60,20.00
TLM_RCV,-54,FG-ALPHA,20240415_084417,AUTO,0,33.31,5.00,-85,100.00,8.33,3.29,5.02,1196,462,0,303,23.67,1012.90,11.80,405.80,13.06,51.10,1080,21.80,22.10,20.60,24.40,25.00,22.70,23.70,25.60,23.10,21.00,25.50,23.20,23.00,25.70,22.70,24.60,24.80,25.80,20.60,25.90,22.80,21.30,23.70,24.40,24.80,22.80,21.30,25.50,24.40,25.00,23.60,21.80,23.00,22.50,21.70,20.30,22.70,24.50,24.40,22.50,24.30,24.20,21.00,20.60,21.10,25.90,21.60,20.30,25.00,22.00,23.70,24.70,22.00,21.30,22.10,25.20,20.00,21.60,22.50,25.00,20.20,25.80,23.40,25.30
TLM_RCV,-53,FG-ALPHA,20240415_084418,AUTO,0,33.12,5.00,-85,100.00,8.34,3.29,5.02,827,423,0,281,22.02,1013.40,11.90,405.80,13.06,51.10,1080,21.50,20.90,22.80,25.70,20.70,25.30,20.60,23.70,22.90,23.30,24.70,23.60,20.90,23.40,25.40,22.70,25.20,20.00,25.70,20.80,21.40,22.00,21.00,20.20,24.30,21.30,20.60,20.60,20.90,23.30,22.50,25.20,21.70,20.80,22.50,24.50,24.20,25.40,25.90,23.30,25.00,22.50,24.70,23.30,20.80,23.90,24.50,23.70,20.50,20.10,25.20,20.50,23.30,20.80,25.00,23.40,25.70,25.50,23.20,25.10,20.50,20.20,24.50,22.40
TLM_RCV,-54,FG-ALPHA,20240415_084419,AUTO,0,33.44,5.00,-85,100.00,8.33,3.30,5.02,945,487,0,343,22.29,1013.10,12.10,404.60,13.06,51.10,1080,25.30,21.30,21.60,25.40,20.40,21.30,25.80,21.40,24.20,23.00,25.50,21.70,25.00,21.40,25.50,22.60,25.00,22.90,20.90,24.30,24.00,23.70,22.90,25.80,23.40,24.90,20.70,25.90,20.10,21.80,25.00,21.80,24.30,21.20,24.60,25.50,23.80,21.40,24.50,23.80,25.20,24.10,21.10,24.00,21.70,25.30,22.70,22.00,22.60,20.30,25.50,20.70,24.10,22.90,24.40,25.60,24.70,24.30,23.30,23.80,21.30,23.50,23.80,20.40
TLM_RCV,-54,FG-ALPHA,20240415_084420,AUTO,0,33.37,5.00,-85,100.00,8.33,3.31,5.02,901,474,0,331,22.14,1013.40,12.00,404.70,13.06,51.10,1080,23.50,23.20,22.70,22.00,20.30,24.00,23.40,23.70,21.00,25.80,25.10,25.80,20.30,20.20,20.60,20.20,24.30,23.90,24.10,21.70,22.90,23.10,22.20,20.30,21.90,21.70,20.70,23.00,25.00,20.30,21.90,23.30,20.10,23.20,24.20,25.40,22.80,20.40,25.30,23.30,24.80,24.10,22.00,25.40,23.80,25.30,25.30,24.70,22.20,24.60,20.00,23.50,24.00,23.70,21.60,23.50,22.30,23.10,25.50,20.60,20.70,20.00,21.30,22.80
TLM_RCV,-86,FG-ALPHA,20240415_084421,AUTO,0,31.01,5.00,-85,100.00,8.34,3.30,5.02,989,402,0,252,22.93,1012.90,11.90,405.60,13.06,51.10,1080,23.40,23.10,23.80,20.60,22.60,23.80,22.60,23.00,23.10,23.00,24.10,21.50,21.70,24.10,24.00,21.80,25.80,21.10,21.60,23.90,21.20,24.40,22.60,24.30,22.30,25.50,21.10,20.80,21.20,25.70,24.90,24.20,22.20,21.20,23.20,21.70,24.80,25.90,25.40,21.30,25.50,20.70,20.30,21.60,23.50,24.30,20.60,22.40,22.60,25.90,22.60,20.80,22.20,20.60,23.00,25.30,20.30,25.10,25.40,21.30,21.40,24.50,20.40,24.10
TLM_RCV,-60,FG-ALPHA,20240415_084422,AUTO,0,31.45,5.00,-85,100.00,8.33,3.29,5.02,1058,491,0,344,22.83,1013.10,11.90,405.70,13.06,51.10,1080,25.30,20.80,22.30,21.10,23.60,23.10,20.10,24.50,24.30,22.70,25.80,24.50,22.10,24.30,22.70,24.70,22.60,23.30,20.50,22.90,20.20,21.10,21.70,23.70,21.70,24.40,23.80,25.50,24.90,24.30,21.50,24.90,22.80,22.00,25.60,25.40,24.70,20.40,21.60,21.60,24.20,24.40,20.50,23.40,25.40,25.20,23.40,20.70,20.90,22.10,24.10,24.50,20.70,22.30,23.90,24.30,25.20,25.20,24.90,23.00,24.60,25.30,21.70,24.70
TLM_RCV,-76,FG-ALPHA,20240415_084423,AUTO,0,32.21,5.00,-85,100.00,8.33,3.30,5.02,985,442,0,284,22.72,1013.60,11.80,404.60,13.06,51.10,1080,20.20,22.10,21.30,23.30,22.10,24.40,21.20,24.80,23.40,21.60,20.40,24.10,23.00,21.80,21.00,25.00,21.30,22.90,23.70,24.00,22.90,21.70,25.60,25.70,23.20,22.60,20.40,20.30,24.90,24.40,25.00,25.80,21.80,24.80,20.50,20.40,22.20,24.20,24.90,20.00,23.10,23.50,23.20,22.80,21.40,24.40,24.70,25.70,22.00,25.70,21.10,25.30,25.70,22.80,21.20,23.30,23.40,24.40,24.40,22.10,20.10,24.20,20.20,21.80
TLM_RCV,-84,FG-ALPHA,20240415_084424,AUTO,0,32.21,5.00,-85,100.00,8.33,3.28,5.02,1101,442,0,286,23.30,1013.50,12.00,406.20,13.06,51.10,1080,22.20,21.60,21.40,24.10,23.20,20.30,24.30,25.30,24.30,22.40,24.80,25.10,25.60,24.00,21.10,24.10,20.50,25.70,20.40,24.60,20.70,23.60,21.50,24.50,20.40,20.20,20.90,22.30,20.40,23.00,20.30,20.30,20.00,23.90,22.30,25.30,23.60,23.60,25.70,22.10,23.70,22.40,23.50,20.40,22.10,24.60,21.80,22.20,20.90,22.20,21.90,22.80,25.90,22.30,22.10,23.50,24.30,24.30,24.50,23.90,20.20,22.70,25.80,24.20
TLM_RCV,-95,FG-ALPHA,20240415_084425,AUTO,0,32.34,5.00,-85,99.95,8.33,3.31,5.02,0,468,0,316,22.34,1013.50,11.80,406.20,13.07,51.10,1080,24.30,23.10,20.90,25.80,20.80,24.90,20.70,24.20,23.00,23.80,21.60,22.90,23.30,22.50,24.00,23.80,25.80,24.10,20.70,83.20,22.90,20.60,20.10,24.30,20.40,21.30,24.20,24.10,23.20,22.50,20.60,22.90,22.50,25.20,24.40,24.80,22.20,24.10,23.40,23.80,24.40,23.10,21.60,25.80,20.40,22.90,23.30,20.20,22.10,21.00,21.40,25.50,24.70,25.20,21.60,23.70,25.30,20.70,20.50,23.00,23.20,25.00,21.70,21.60
TLM_RCV,-50,FG-ALPHA,20240415_084426,AUTO,0,32.99,5.00,-85,100.00,8.34,3.29,5.02,904,398,0,254,22.53,1012.90,12.10,405.90,13.07,51.10,1080,21.20,25.50,21.90,24.40,22.10,21.50,24.40,25.50,22.40,20.30,22.70,24.60,21.80,22.40,24.60,24.10,21.40,22.80,22.80,21.50,23.70,23.50,22.30,25.60,20.20,21.50,21.60,24.20,20.00,20.50,24.80,21.20,23.80,22.70,22.50,22.20,24.30,21.70,22.10,21.80,20.80,25.40,20.20,21.30,22.30,21.10,21.70,21.80,24.20,23.10,23.90,23.90,22.10,20.20,24.20,22.20,23.50,25.00,21.10,24.50,24.20,22.60,22.80,22.00
TLM_RCV,-80,FG-ALPHA,20240415_084427,AUTO,0,33.24,5.00,-85,100.00,8.33,3.28,5.02,807,447,0,305,21.80,1013.10,12.10,406.00,13.07,51.10,1080,25.30,22.30,21.80,22.80,20.40,22.60,23.70,22.00,23.10,20.90,21.70,21.80,25.00,24.90,22.60,20.60,20.80,22.10,21.20,23.10,23.40,21.90,21.60,20.30,24.70,23.50,20.20,23.10,21.50,24.40,84.00,23.90,22.50,24.70,22.50,23.40,20.80,23.20,22.30,22.90,20.50,25.40,24.40,25.00,22.50,25.40,22.20,20.20,23.00,23.50,23.30,22.30,22.40,20.30,24.70,20.00,24.80,25.00,22.60,22.40,25.60,24.80,23.00,20.40
TLM_RCV,-91,FG-ALPHA,20240415_084428,AUTO,0,32.03,5.00,-85,100.00,8.34,3.30,5.02,1179,407,0,267,23.86,1013.00,12.10,406.30,13.07,51.10,1080,23.60,25.30,20.30,21.70,22.40,23.70,22.40,25.00,20.70,22.10,20.40,25.70,21.80,20.20,25.40,20.20,77.90,25.30,21.60,22.50,25.30,24.40,23.20,25.80,25.40,21.90,25.40,22.90,23.30,24.30,25.00,22.70,23.50,21.30,23.10,20.60,21.20,22.00,21.20,20.20,24.80,24.40,24.00,24.20,24.80,21.70,21.60,22.80,24.60,25.30,21.80,20.30,24.30,25.80,21.20,23.00,20.70,22.20,24.20,20.90,20.40,20.60,24.50,24.90
TLM_RCV,-52,FG-ALPHA,20240415_084429,AUTO,0,31.00,5.00,-85,100.00,8.34,3.30,5.02,1073,399,0,259,23.37,1013.00,11.90,406.10,13.07,51.10,1080,24.60,24.30,21.20,21.10,21.60,22.90,24.20,25.70,20.30,25.30,25.50,20.80,23.50,20.40,22.50,23.20,22.20,23.60,20.50,21.60,22.80,21.40,25.60,25.60,23.50,22.90,25.60,23.80,23.00,23.60,25.20,21.20,25.80,25.00,24.50,20.10,24.90,24.10,25.50,21.70,21.60,24.60,24.40,25.00,24.40,25.40,21.20,24.60,23.40,23.60,20.20,21.10,20.30,23.30,24.00,24.70,22.80,25.50,25.30,24.90,22.80,21.80,25.60,24.70
TLM_RCV,-90,FG-ALPHA,20240415_084430,AUTO,0,33.30,5.00,-85,100.00,8.33,3.30,5.02,981,460,0,316,22.60,1013.20,12.00,406.30,13.07,51.10,1080,22.00,22.90,21.50,22.20,23.50,24.20,22.00,21.40,21.90,21.70,20.80,24.30,24.40,24.50,24.00,24.80,23.60,21.70,25.50,21.80,21.90,22.60,24.20,21.40,22.00,21.60,20.20,22.00,25.40,23.00,20.60,25.10,25.60,25.30,22.70,23.80,25.80,22.80,24.00,22.80,23.70,23.30,22.80,21.30,22.10,21.90,25.30,22.10,22.30,24.20,23.50,20.40,20.30,21.70,22.50,22.40,21.30,22.10,22.50,25.50,21.90,23.90,20.10,22.90
TLM_RCV,-51,FG-ALPHA,20240415_084431,AUTO,0,32.04,5.00,-85,99.96,8.34,3.28,5.02,0,409,0,254,22.05,1013.10,11.80,405.10,13.07,51.10,1080,23.30,21.80,21.70,20.60,20.30,20.90,20.00,23.10,23.50,20.80,24.20,24.80,24.10,23.00,23.30,22.70,25.90,20.60,22.30,21.40,22.90,22.10,22.90,20.80,22.20,24.60,25.80,24.00,24.30,23.40,20.10,25.40,22.70,20.30,22.50,25.90,25.20,23.70,20.20,23.20,23.00,24.10,22.80,22.70,24.60,24.50,24.40,21.10,25.20,21.10,21.00,21.10,22.00,20.00,20.50,20.80,22.30,20.00,21.50,23.30,25.20,24.60,21.00,20.40
TLM_RCV,-64,FG-ALPHA,20240415_084432,AUTO,0,32.12,5.00,-85,99.92,8.33,3.31,5.02,0,423,0,264,22.11,1013.60,12.00,405.20,13.07,51.10,1080,20.80,23.90,23.20,23.00,25.90,25.80,22.50,25.40,25.10,23.90,20.50,25.30,25.20,23.20,25.70,24.00,24.40,25.50,23.30,24.50,24.10,24.90,21.60,22.00,24.10,21.20,25.80,20.70,21.70,22.10,20.60,21.10,24.60,25.60,20.20,21.00,21.10,21.70,22.30,25.30,22.80,20.80,22.00,21.00,25.80,21.50,74.00,24.30,24.70,23.40,22.20,20.00,21.30,25.40,25.40,22.90,21.00,23.80,21.00,23.50,20.10,25.00,24.30,20.80
TLM_RCV,-53,FG-ALPHA,20240415_084433,AUTO,0,31.51,5.00,-85,99.87,8.32,3.28,5.02,0,502,0,346,22.51,1013.60,11.90,404.90,13.07,51.10,1080,24.50,23.10,89.00,22.40,24.00,25.90,22.90,23.60,24.20,25.20,23.10,23.90,24.80,24.80,23.40,20.10,24.70,21.40,24.60,24.00,24.00,21.60,24.30,25.40,24.60,21.90,23.00,22.00,21.10,20.30,23.10,23.60,23.60,24.20,25.80,21.00,20.60,22.20,20.90,22.50,24.40,24.00,23.70,23.60,22.90,21.70,24.90,23.40,20.10,24.60,21.00,21.50,22.50,25.60,25.60,20.20,23.70,22.00,24.50,25.90,25.70,21.60,20.30,24.80
TLM_RCV,-54,FG-ALPHA,20240415_084434,AUTO,0,32.03,5.00,-85,99.92,8.34,3.30,5.02,980,406,0,260,22.87,1013.20,11.90,405.80,13.07,51.10,1080,25.40,20.40,20.00,21.30,23.00,20.10,23.80,25.80,20.50,22.10,22.60,22.50,21.00,20.10,20.40,24.90,20.10,20.00,20.90,22.60,22.00,24.90,25.00,22.50,23.50,21.90,25.40,24.10,24.60,22.40,25.40,24.70,20.90,25.80,21.50,20.90,22.80,22.80,21.00,25.90,20.70,20.20,22.90,24.70,24.20,25.40,20.30,22.00,21.00,25.20,20.00,25.40,22.00,24.00,25.90,22.70,25.20,23.40,25.40,20.50,21.40,20.00,24.70,22.70
TLM_RCV,-59,FG-ALPHA,20240415_084435,AUTO,0,31.27,5.00,-85,99.97,8.33,3.28,5.02,891,454,0,311,22.18,1013.50,11.80,405.10,13.08,51.10,1080,24.10,23.90,25.30,22.10,23.20,25.50,23.10,23.20,21.00,25.90,24.30,23.10,23.80,21.20,23.00,22.40,24.20,20.60,20.80,21.80,24.50,23.70,21.60,22.10,22.10,25.70,22.90,22.60,21.10,25.20,21.60,25.90,24.10,24.20,25.20,22.50,21.30,23.00,21.50,21.80,22.40,20.50,22.90,25.00,20.00,24.20,21.60,21.40,25.50,25.20,21.00,24.20,22.30,25.60,22.10,20.10,21.90,22.10,22.60,20.90,22.00,20.60,24.20,20.30
TLM_RCV,-50,FG-ALPHA,20240415_084436,AUTO,0,31.33,5.00,-85,100.00,8.33,3.31,5.02,1189,466,0,324,23.61,1013.40,11.80,405.60,13.08,51.10,1080,23.00,25.40,25.10,25.70,23.10,20.30,20.80,24.00,24.20,20.50,20.30,21.00,22.00,21.40,25.70,22.00,24.40,24.40,23.00,25.20,20.30,25.40,23.60,23.10,21.10,25.20,24.80,25.10,23.60,20.60,20.90,20.10,24.00,23.10,23.40,21.90,22.90,20.00,23.60,22.10,25.30,25.40,21.20,25.50,25.40,21.70,22.60,23.30,21.80,74.90,22.10,23.20,21.40,20.00,20.90,23.30,20.10,25.10,20.10,21.90,21.50,23.20,23.70,25.90
TLM_RCV,-50,FG-ALPHA,20240415_084437,AUTO,0,32.51,5.00,-85,100.00,8.32,3.29,5.02,871,501,0,343,21.85,1013.10,12.00,404.60,13.08,51.10,1080,24.50,25.30,22.80,20.50,25.70,24.10,21.70,20.80,22.10,23.60,21.80,24.40,21.50,22.50,25.60,22.20,20.00,21.50,21.00,24.50,24.40,21.80,24.20,20.70,24.60,20.80,20.80,23.60,25.60,21.80,20.40,21.40,24.40,24.60,23.40,22.90,20.20,20.40,23.80,24.00,22.70,25.40,24.90,23.00,25.80,22.50,21.60,25.70,20.40,23.80,22.80,24.10,20.00,20.90,21.10,22.50,23.70,25.10,25.00,23.20,23.30,21.40,20.50,23.80
TLM_RCV,-60,FG-ALPHA,20240415_084438,AUTO,0,31.24,5.00,-85,100.00,8.33,3.30,5.02,1055,447,0,302,23.04,1013.00,12.00,405.40,13.08,51.10,1080,24.40,24.70,21.60,21.10,25.80,21.80,20.70,22.70,22.60,22.20,23.20,21.20,24.70,22.30,20.00,25.50,20.00,22.80,21.30,25.70,22.60,23.00,21.70,25.70,20.90,21.70,25.50,22.60,24.90,25.80,20.60,21.20,20.80,22.10,20.20,23.50,25.40,21.40,24.80,20.30,24.00,22.00,20.50,23.80,20.00,24.70,24.00,20.60,24.50,23.20,24.10,21.00,25.90,23.10,23.10,25.80,22.40,21.60,23.50,24.30,21.10,23.00,23.00,23.90
TLM_RCV,-73,FG-ALPHA,20240415_084439,AUTO,0,31.22,5.00,-85,100.00,8.33,3.28,5.02,974,443,0,292,22.66,1013.40,12.10,406.00,13.08,51.10,1080,21.20,25.00,25.90,21.10,22.60,25.90,24.90,22.00,20.70,25.20,22.40,21.70,24.60,23.10,22.80,23.20,21.80,22.60,23.10,21.60,24.70,21.90,24.10,22.60,20.80,24.00,20.60,25.20,21.40,25.90,22.00,21.30,23.30,20.40,21.90,20.90,23.90,20.40,24.70,25.90,25.40,25.20,21.00,21.90,22.90,25.20,23.30,20.20,25.90,21.60,20.00,21.60,22.20,23.10,20.90,25.80,20.10,24.60,20.90,24.60,20.50,25.90,23.60,22.80
TLM_RCV,-84,FG-ALPHA,20240415_084440,AUTO,0,31.33,5.00,-85,100.00,8.33,3.28,5.02,933,467,0,321,22.33,1013.10,11.80,405.30,13.08,51.10,1080,23.20,20.90,25.60,23.30,21.80,22.00,23.10,22.60,21.70,24.00,21.20,20.20,21.10,25.00,23.80,22.80,25.20,21.10,20.00,24.50,22.40,25.30,21.80,23.10,23.40,24.60,20.10,24.20,21.10,21.90,24.00,22.30,20.00,24.30,25.80,24.80,23.20,25.00,22.80,22.90,25.20,20.60,23.40,23.70,22.70,24.40,21.00,20.30,24.30,24.10,20.20,24.70,21.10,25.70,21.90,23.80,23.90,20.20,20.00,21.80,20.70,21.90,22.90,22.10
TLM_RCV,-48,FG-ALPHA,20240415_084441,AUTO,0,32.28,5.00,-85,100.00,8.33,3.30,5.02,1084,455,0,311,23.15,1012.70,11.80,405.50,13.08,51.10,1080,21.80,22.30,25.00,21.40,25.40,21.70,25.30,23.10,21.40,21.50,25.50,21.00,20.20,20.40,23.40,25.30,25.70,20.00,21.00,23.30,22.30,25.60,20.80,25.90,20.60,25.90,20.20,22.40,20.10,23.50,22.70,20.60,20.90,21.40,21.90,25.70,21.60,20.10,20.20,22.60,25.90,25.80,24.70,21.60,21.10,23.90,23.30,24.00,21.10,23.50,23.10,23.70,25.30,20.10,22.20,23.60,22.10,23.90,25.90,20.30,24.20,24.40,20.80,20.50
TLM_RCV,-94,FG-ALPHA,20240415_084503,AUTO,0,31.98,5.00,-85,100.00,8.34,3.31,5.02,932,395,0,251,22.68,1013.00,11.90,405.30,13.10,52.15,1080,25.60,25.50,24.40,22.10,20.70,21.30,24.40,24.70,20.40,24.30,24.80,22.00,24.50,21.30,21.10,20.90,22.80,23.00,25.20,24.20,25.00,22.20,25.10,25.40,24.10,22.50,23.70,24.30,21.30,25.20,22.30,24.00,20.60,22.60,21.70,25.20,20.80,24.40,23.70,25.30,23.40,23.60,25.80,25.30,23.80,22.20,25.00,22.80,22.90,21.50,21.50,24.70,20.40,23.80,20.90,20.00,24.10,22.70,25.10,24.10,20.60,20.20,25.40,23.80
TLM_RCV,-58,FG-ALPHA,20240415_084504,AUTO,0,31.17,5.00,-85,100.00,8.33,3.31,5.02,1066,434,0,292,23.16,1012.80,12.10,404.50,13.10,52.15,1080,23.40,25.90,24.60,24.10,22.90,24.80,24.50,25.20,20.30,21.50,23.50,22.50,22.10,22.00,24.50,23.80,24.10,23.50,21.70,22.00,25.50,24.30,25.30,25.10,22.60,23.60,22.60,20.70,23.60,23.30,22.20,25.90,21.80,21.80,20.30,22.50,23.00,25.30,21.30,25.80,20.20,23.60,23.60,25.10,20.80,25.70,22.00,23.00,22.20,25.30,25.50,20.00,21.90,25.50,21.30,24.60,25.90,20.80,22.40,25.40,21.80,25.20,21.00,20.10
TLM_RCV,-52,FG-ALPHA,20240415_084505,AUTO,0,31.28,5.00,-85,100.00,8.33,3.31,5.02,833,457,0,301,21.88,1012.70,11.80,406.30,13.11,52.15,1080,23.50,22.00,23.10,24.10,22.80,21.40,24.10,24.60,25.10,23.70,22.00,24.60,24.30,21.00,21.10,24.60,25.30,22.10,22.40,23.50,22.30,25.70,22.20,25.80,20.20,23.10,25.00,22.40,21.40,25.40,22.20,22.80,24.40,25.90,22.70,20.50,21.60,20.10,24.80,25.00,20.60,23.70,20.40,25.00,21.90,20.70,24.10,20.60,22.20,24.90,21.80,25.00,23.60,25.00,21.30,24.10,21.90,23.30,21.30,22.60,21.60,24.30,22.40,22.80
TLM_RCV,-61,FG-ALPHA,20240415_084506,AUTO,0,32.46,5.00,-85,100.00,8.33,3.30,5.02,967,491,0,344,22.38,1012.70,11.90,404.70,13.11,52.15,1080,22.50,25.90,20.70,23.00,21.10,24.50,22.80,21.30,25.20,21.20,24.50,22.30,25.10,20.00,24.40,22.90,20.50,25.30,20.20,23.60,23.00,24.90,21.60,25.10,25.90,25.90,22.60,21.90,20.80,21.90,24.30,23.70,20.50,20.60,20.50,24.70,22.00,24.50,20.80,24.70,21.40,25.90,20.00,21.00,24.50,24.40,23.80,24.30,25.00,25.30,23.10,25.30,21.20,25.50,23.60,22.90,25.50,21.80,23.70,21.60,21.00,21.60,22.30,20.80
TLM_RCV,-54,FG-ALPHA,20240415_084507,AUTO,0,33.40,5.00,-85,99.95,8.33,3.31,5.02,0,481,0,322,22.41,1013.00,11.90,404.90,13.11,52.15,1080,22.40,22.10,25.40,24.50,22.70,24.40,23.90,25.40,21.50,24.10,22.60,24.10,23.10,20.80,23.80,25.80,20.30,20.80,24.50,22.00,25.60,23.20,24.00,24.30,22.00,25.40,22.40,20.70,24.00,20.00,20.20,22.50,25.20,22.30,25.00,20.00,25.80,24.40,20.50,21.90,21.60,24.80,22.50,25.90,24.50,21.10,23.50,22.20,25.00,21.30,25.50,25.40,22.00,23.90,23.30,23.30,22.80,23.00,25.30,24.90,23.30,20.20,21.70,22.30
TLM_RCV,-80,FG-ALPHA,20240415_084508,AUTO,0,32.12,5.00,-85,100.00,8.34,3.31,5.02,1148,424,0,266,23.62,1013.30,12.00,405.10,13.11,52.15,1080,22.70,25.20,25.20,23.70,25.10,22.80,24.50,24.50,21.20,25.20,25.00,23.80,21.70,24.00,22.30,24.90,20.70,21.20,25.30,23.80,25.90,25.20,20.70,21.00,22.60,23.60,25.30,20.30,25.60,22.00,23.40,20.50,22.20,24.10,21.80,23.50,24.60,23.60,22.50,23.00,22.90,23.20,24.60,21.50,20.60,23.50,21.50,25.70,24.10,24.00,24.80,22.60,23.80,21.20,20.80,23.80,22.80,25.30,20.80,21.50,24.10,25.80,24.30,21.50
TLM_RCV,-75,FG-ALPHA,20240415_084509,AUTO,0,33.12,5.00,-85,99.96,8.34,3.30,5.02,0,424,0,273,22.12,1013.10,11.90,405.00,13.11,52.15,1080,21.60,24.10,24.60,22.60,21.00,23.10,21.50,21.40,23.20,21.70,24.80,22.80,21.80,21.40,21.80,23.00,21.70,25.30,23.20,24.50,24.40,23.30,25.10,24.20,22.00,22.40,21.70,25.90,23.80,24.60,21.00,25.20,23.10,20.10,21.60,20.50,23.70,21.70,23.70,23.10,25.80,25.30,24.90,20.80,22.40,23.00,20.70,25.90,24.20,24.50,24.70,21.50,25.40,22.30,21.40,22.80,25.90,20.40,21.80,24.70,20.60,20.20,24.20,21.40
TLM_RCV,-54,FG-ALPHA,20240415_084510,AUTO,0,31.33,5.00,-85,100.00,8.33,3.30,5.02,1033,465,0,319,22.84,1013.30,12.10,405.00,13.11,52.15,1080,21.20,24.70,22.10,22.10,22.30,24.40,20.10,24.60,22.00,25.20,25.50,21.40,20.30,23.60,21.80,25.20,25.80,20.70,25.00,21.80,22.90,22.50,25.90,23.20,21.10,20.20,25.30,20.90,20.70,21.50,22.70,24.00,24.90,25.40,23.70,25.00,24.30,20.60,23.70,24.60,25.40,21.80,20.20,25.30,25.60,22.70,22.90,21.80,20.80,21.80,23.80,22.50,20.40,24.60,25.60,25.20,20.70,20.90,24.40,23.20,22.10,23.80,24.40,21.20
TLM_RCV,-87,FG-ALPHA,20240415_084511,AUTO,0,32.29,5.00,-85,100.00,8.33,3.31,5.02,1169,459,0,307,23.55,1012.70,11.90,405.30,13.11,52.15,1080,25.40,23.80,23.40,23.80,25.70,22.80,21.10,22.10,25.60,24.80,23.60,23.50,24.10,21.90,24.50,24.60,22.20,21.50,21.60,25.70,24.40,21.50,22.80,20.00,25.00,25.60,25.50,20.80,25.70,23.60,22.30,20.00,23.50,21.20,22.90,25.50,21.70,24.90,24.70,24.40,25.00,25.40,24.30,25.90,23.70,20.50,25.00,22.30,23.70,21.60,22.60,23.10,20.40,21.50,20.50,25.20,24.60,25.70,23.90,20.60,21.30,20.90,21.00,22.60
TLM_RCV,-53,FG-ALPHA,20240415_084512,AUTO,0,31.47,5.00,-85,100.00,8.33,3.31,5.02,1079,494,0,344,22.92,1013.10,12.10,406.20,13.11,52.15,1080,20.20,25.20,25.00,20.70,22.00,23.00,25.00,20.30,25.40,22.40,24.60,25.40,22.80,21.20,20.20,24.50,24.20,21.20,21.10,22.70,20.50,20.50,25.90,22.50,22.70,23.60,22.40,20.40,23.60,21.20,20.90,21.20,20.10,25.10,21.70,25.50,24.50,23.70,24.50,23.30,21.10,21.60,23.90,21.50,22.60,23.00,23.70,25.20,24.60,23.40,23.60,24.80,25.60,21.30,20.40,21.10,20.30,23.00,22.60,24.10,24.40,23.10,25.60,24.50
TLM_RCV,-63,FG-ALPHA,20240415_084513,AUTO,0,32.21,5.00,-85,100.00,8.33,3.29,5.02,863,442,0,287,22.10,1012.80,11.90,404.60,13.11,52.15,1080,22.20,23.30,21.70,23.80,22.40,23.60,24.50,24.30,20.00,24.50,23.70,21.40,24.20,23.60,21.00,21.30,20.80,25.60,25.80,21.40,22.70,24.00,22.90,23.80,23.70,21.90,25.00,21.20,24.60,21.20,24.30,21.00,21.50,23.90,24.80,22.20,20.10,22.50,25.80,25.00,23.90,21.60,20.10,23.70,20.20,23.40,24.30,24.70,22.10,24.40,20.50,21.70,22.90,24.70,24.20,21.70,24.80,20.70,20.30,24.40,22.20,22.40,24.30,20.60
TLM_RCV,-70,FG-ALPHA,20240415_084514,AUTO,0,31.10,5.00,-85,100.00,8.34,3.29,5.02,1191,420,0,262,23.85,1012.90,11.90,405.10,13.11,52.15,1080,25.90,24.30,22.50,23.20,21.10,23.40,24.50,21.90,21.80,25.80,21.10,20.20,21.10,23.70,22.40,23.00,22.20,20.80,20.60,24.10,25.40,23.10,23.70,20.80,22.30,21.90,22.50,25.50,22.60,22.80,25.70,23.40,21.50,22.40,20.10,21.50,23.90,20.00,25.80,23.90,23.30,24.80,24.70,21.00,21.00,25.70,23.40,20.50,23.60,23.80,24.90,22.20,24.40,24.60,23.50,24.40,22.40,23.30,22.70,21.80,22.50,25.50,21.80,20.50
TLM_RCV,-63,FG-ALPHA,20240415_084515,AUTO,0,30.99,5.00,-85,100.00,8.34,3.29,5.02,1120,398,0,251,23.61,1013.00,12.00,405.20,13.12,52.15,1080,22.80,22.50,25.90,23.50,21.10,20.30,22.60,24.70,20.00,23.70,25.10,25.60,20.50,23.70,23.30,20.00,21.20,20.40,20.90,21.50,24.90,23.60,25.90,24.10,24.30,25.20,24.60,23.60,23.50,23.20,20.60,23.20,21.30,23.50,22.20,23.70,20.80,21.20,25.60,25.40,21.30,22.40,23.00,22.80,24.90,23.70,21.80,23.20,22.00,24.70,24.30,20.70,20.00,22.10,22.40,25.50,23.40,25.10,20.00,25.00,24.30,25.10,21.10,24.30
TLM_RCV,-59,FG-ALPHA,20240415_084516,AUTO,0,32.09,5.00,-85,99.96,8.34,3.30,5.02,0,418,0,259,22.09,1012.70,11.90,406.20,13.12,52.15,1080,22.80,24.80,24.80,23.80,25.20,21.20,25.90,22.00,24.30,25.00,24.20,23.20,25.60,20.70,20.50,22.30,20.70,22.10,22.50,22.40,25.80,23.50,24.90,23.40,23.90,22.30,21.60,23.60,21.20,21.80,21.60,24.20,23.90,23.40,23.90,23.60,21.80,21.50,21.50,25.50,23.80,24.40,25.20,24.20,24.00,25.90,20.20,22.70,22.80,24.60,21.40,23.70,21.30,25.50,24.80,25.50,24.40,20.00,20.90,24.60,22.90,24.10,21.00,21.10
TLM_RCV,-95,FG-ALPHA,20240415_084517,AUTO,0,33.33,5.00,-85,99.91,8.33,3.29,5.02,0,466,0,310,22.33,1013.50,11.80,405.30,13.12,52.15,1080,24.60,23.10,25.10,21.00,20.70,21.90,24.80,22.20,24.30,22.50,25.00,22.90,25.30,22.00,24.80,24.30,20.70,24.70,22.90,22.10,20.80,21.40,25.80,21.50,24.50,25.80,21.50,21.20,20.10,23.90,24.80,24.80,24.60,79.40,24.40,22.30,24.60,23.70,22.10,21.10,25.30,21.90,23.90,23.60,21.20,21.00,24.30,24.00,21.50,20.20,22.40,25.90,22.50,24.30,20.60,24.20,23.90,25.70,24.30,25.50,21.10,22.60,21.20,21.90
TLM_RCV,-66,FG-ALPHA,20240415_084518,AUTO,0,33.25,5.00,-85,99.97,8.33,3.29,5.02,1002,450,0,299,22.76,1013.60,12.00,406.40,13.12,52.15,1080,21.30,22.90,21.10,25.90,21.40,22.60,22.60,20.30,22.90,22.60,22.90,21.50,25.80,24.30,23.10,24.30,23.60,21.50,21.30,23.50,23.30,20.20,24.90,21.00,20.50,20.40,21.50,25.70,20.00,24.40,24.70,25.10,21.90,25.00,21.90,20.60,22.70,23.90,21.70,20.50,21.30,21.10,21.80,23.80,23.90,25.30,21.70,21.60,23.90,25.50,24.60,21.80,21.70,20.00,25.40,25.50,23.60,25.20,25.90,25.20,22.40,22.00,21.00,21.20
TLM_RCV,-68,FG-ALPHA,20240415_084519,AUTO,0,31.09,5.00,-85,99.92,8.34,3.31,5.02,0,419,0,265,22.09,1013.50,11.90,406.10,13.12,52.15,1080,20.20,24.40,22.10,21.90,20.10,21.70,23.10,21.60,25.00,22.30,20.10,24.00,20.10,23.20,21.20,25.70,21.70,24.70,21.60,24.20,24.20,21.30,22.30,21.40,21.80,20.90,20.50,20.70,25.20,22.50,23.10,20.80,21.30,24.90,25.80,21.80,23.70,20.30,25.20,25.50,22.60,24.90,20.20,20.60,20.30,25.70,21.70,22.70,20.90,20.70,21.60,25.70,25.00,20.10,24.90,20.00,20.00,24.20,23.60,22.30,25.20,21.50,21.70,25.10
TLM_RCV,-46,FG-ALPHA,20240415_084520,AUTO,0,33.03,5.00,-85,99.99,8.34,3.31,5.02,1056,405,0,265,23.26,1013.60,12.00,405.70,13.12,52.15,1080,24.60,20.10,24.40,20.40,25.80,25.00,25.00,24.00,24.80,22.10,21.50,21.20,23.00,23.80,23.30,22.40,24.90,20.50,23.40,24.50,25.80,24.70,20.50,20.70,23.90,24.10,21.50,20.80,25.10,20.10,23.80,21.60,23.10,20.10,25.30,23.20,23.40,24.30,22.40,22.20,20.80,25.00,23.50,22.30,23.50,24.90,23.20,20.90,22.30,21.90,23.90,23.40,21.90,24.10,25.80,25.70,21.70,24.90,25.20,22.60,21.30,20.80,20.70,24.80
TLM_RCV,-89,FG-ALPHA,20240415_084521,AUTO,0,32.19,5.00,-85,99.95,8.33,3.28,5.02,0,438,0,295,22.19,1013.50,12.00,405.20,13.12,52.15,1080,25.40,23.40,21.10,21.70,23.10,20.40,22.40,25.40,20.60,23.30,20.40,25.50,21.80,21.50,25.70,20.20,23.00,20.10,20.00,20.80,25.10,24.10,22.30,22.50,20.40,24.60,20.00,22.80,25.40,24.40,23.60,24.70,22.40,20.20,25.60,23.90,20.00,20.50,24.60,20.70,23.40,23.80,23.60,24.30,25.40,20.90,20.10,23.70,20.80,22.80,21.50,24.00,22.80,23.10,22.00,22.50,24.60,25.60,21.50,21.20,24.90,22.80,20.40,21.00
TLM_RCV,-59,FG-ALPHA,20240415_084522,AUTO,0,32.31,5.00,-85,100.00,8.33,3.28,5.02,982,462,0,304,22.60,1012.70,11.80,405.90,13.12,52.15,1080,24.40,20.20,21.80,21.20,23.50,23.60,22.60,24.70,24.00,23.50,24.20,21.70,25.50,20.30,21.50,23.80,21.70,21.00,24.30,24.60,25.40,25.70,22.00,21.60,25.10,23.70,24.40,22.60,24.40,22.20,20.90,23.40,24.40,24.60,24.90,23.30,25.50,23.60,24.10,23.90,25.40,23.50,24.70,21.50,21.70,24.60,21.80,20.30,25.50,25.60,85.70,21.70,22.80,23.70,25.60,20.40,21.10,25.80,20.80,25.10,23.80,22.50,20.70,20.10
TLM_RCV,-80,FG-ALPHA,20240415_084523,AUTO,0,33.01,5.00,-85,100.00,8.34,3.31,5.02,903,402,0,255,22.50,1012.90,11.90,405.80,13.12,52.15,1080,22.20,22.70,24.20,25.20,20.30,22.50,25.90,25.50,24.50,22.40,20.50,22.80,21.90,25.40,23.50,25.80,23.30,22.90,21.90,20.90,24.20,23.50,25.20,21.10,22.00,25.10,21.90,22.70,20.50,23.90,25.70,25.10,20.40,24.00,21.70,20.00,22.00,21.00,24.90,22.70,23.50,24.50,20.40,23.90,20.80,22.40,25.10,24.00,21.30,20.10,24.30,20.90,25.30,24.80,23.70,25.20,25.20,23.50,23.70,23.20,20.20,21.40,23.60,24.70
TLM_RCV,-51,FG-ALPHA,20240415_084524,AUTO,0,31.42,5.00,-85,100.00,8.33,3.29,5.02,1183,484,0,339,23.50,1013.20,12.10,405.20,13.12,52.15,1080,25.90,23.50,21.50,25.50,25.20,20.70,22.80,21.50,22.20,20.80,22.60,25.30,20.60,24.40,22.60,23.00,20.10,20.70,21.80,25.10,20.50,25.60,22.70,22.30,23.70,24.40,21.30,23.70,24.00,23.10,25.20,22.50,20.70,23.00,25.70,23.30,20.10,24.00,25.30,24.40,24.40,22.00,22.20,20.20,23.70,23.80,24.00,23.80,24.40,23.70,25.60,24.30,25.50,21.70,21.40,22.00,20.90,22.70,23.70,23.40,22.30,24.80,21.10,22.30
TLM_RCV,-50,FG-ALPHA,20240415_084525,AUTO,0,33.44,5.00,-85,100.00,8.33,3.28,5.02,873,487,0,329,21.93,1013.10,12.10,406.10,13.13,52.15,1080,24.70,20.20,21.40,24.10,24.70,23.50,25.00,20.30,20.10,25.70,23.90,21.40,22.20,24.50,21.70,23.40,25.10,25.60,23.70,22.80,20.70,21.40,21.30,78.40,23.30,20.10,25.10,20.80,25.60,20.50,22.00,22.20,23.50,21.00,22.40,21.70,22.20,21.80,20.10,22.00,23.30,24.20,21.10,24.30,25.30,23.90,24.90,21.10,24.70,24.60,25.50,25.60,25.00,25.90,24.30,21.70,23.10,24.60,25.90,20.80,23.00,23.70,23.80,21.60
TLM_RCV,-41,FG-ALPHA,20240415_084526,AUTO,0,32.10,5.00,-85,100.00,8.34,3.30,5.02,1048,421,0,280,23.14,1012.70,11.90,405.60,13.13,52.15,1080,22.50,24.80,20.80,21.20,24.80,23.80,22.00,21.80,23.10,22.70,24.00,24.40,20.80,23.40,24.40,23.60,23.50,20.10,20.70,24.20,20.40,23.50,25.80,21.30,25.40,21.40,22.10,23.50,21.10,25.50,21.30,23.40,21.90,22.40,20.10,24.10,20.70,22.20,22.30,24.70,23.20,20.00,21.50,24.60,24.80,21.10,20.60,20.90,20.40,24.70,20.70,23.10,24.80,22.50,25.80,25.70,20.50,22.00,20.30,23.80,23.30,25.60,23.90,23.20
TLM_RCV,-42,FG-ALPHA,20240415_084527,AUTO,0,31.40,5.00,-85,99.95,8.33,3.30,5.02,0,479,0,321,22.40,1013.60,12.00,404.80,13.13,52.15,1080,23.50,23.50,24.20,25.30,23.20,21.70,22.20,20.80,21.60,21.90,24.00,23.40,24.90,24.40,22.20,20.50,24.10,20.50,23.80,25.10,20.50,21.90,25.40,22.60,21.50,25.90,20.10,22.50,21.20,25.80,23.50,25.40,25.30,23.70,24.90,21.30,25.90,24.70,20.50,21.30,24.30,23.80,24.70,22.30,22.20,21.30,22.00,20.70,21.30,23.00,20.00,20.30,23.20,22.50,25.10,20.80,23.70,21.40,21.50,21.10,20.00,25.50,21.70,25.40
TLM_RCV,-81,FG-ALPHA,20240415_084528,AUTO,0,31.44,5.00,-85,100.00,8.33,3.30,5.02,1115,489,0,335,23.13,1013.40,12.10,405.50,13.13,52.15,1080,23.90,21.00,23.70,22.70,22.10,23.90,24.10,23.00,25.90,20.00,20.00,25.30,20.90,24.70,20.50,24.10,23.90,25.70,23.90,22.60,20.90,20.80,23.00,22.50,22.40,20.60,24.50,25.80,23.00,24.10,25.90,21.70,23.50,21.30,24.20,24.10,25.40,22.10,22.00,24.30,20.30,23.00,22.20,20.20,24.40,21.20,24.70,24.80,25.60,22.00,21.70,24.50,24.00,21.80,24.40,23.70,22.40,24.50,23.60,23.00,25.60,24.50,21.30,25.20
TLM_RCV,-83,FG-ALPHA,20240415_084529,AUTO,0,32.36,5.00,-85,100.00,8.33,3.31,5.02,1100,472,0,326,23.14,1012.90,12.10,404.90,13.13,52.15,1080,23.10,20.00,24.60,23.00,25.40,25.20,21.20,22.20,21.30,23.50,24.30,23.90,25.90,22.30,21.90,22.90,21.10,21.20,24.50,20.70,20.00,22.50,25.40,23.60,21.40,24.60,23.90,25.80,25.80,20.10,25.80,21.20,24.20,24.80,25.00,21.00,22.20,21.30,20.30,21.20,20.90,22.90,20.70,22.50,20.10,20.60,21.10,21.30,22.80,22.30,25.40,24.50,20.10,23.20,25.10,25.20,25.70,25.00,22.80,24.50,21.10,23.10,20.90,23.60
TLM_RCV,-69,FG-ALPHA,20240415_084530,AUTO,0,33.00,5.00,-85,99.96,8.34,3.30,5.02,0,400,0,251,22.00,1012.90,11.90,404.60,13.13,52.15,1080,24.60,23.70,23.30,21.10,20.60,21.50,23.00,21.40,24.30,24.80,22.30,20.60,22.70,25.20,24.90,24.50,25.60,25.60,23.60,20.00,22.50,20.60,20.10,22.70,24.00,20.50,25.20,25.90,25.40,24.00,24.90,22.90,21.90,25.20,21.40,25.80,22.50,23.50,20.30,21.30,21.60,23.80,20.00,24.60,24.30,20.30,21.00,23.90,20.10,23.60,21.80,21.40,24.50,21.80,20.10,25.00,25.50,24.60,24.30,24.60,20.50,22.50,20.20,23.60
TLM_RCV,-74,FG-ALPHA,20240415_084531,AUTO,0,32.42,5.00,-85,99.91,8.33,3.30,5.02,0,485,0,330,22.42,1013.20,11.80,405.80,13.13,52.15,1080,25.80,23.80,20.30,22.00,25.60,24.10,25.90,22.30,20.10,21.10,25.10,25.60,25.60,22.20,21.10,21.40,21.70,21.10,21.70,20.10,24.30,79.20,20.80,23.80,21.70,24.50,22.60,24.80,20.20,21.00,20.70,20.90,23.50,25.50,25.70,23.10,23.00,21.30,22.20,22.40,24.10,22.60,23.70,24.60,21.30,25.80,20.40,24.20,23.90,22.70,22.70,25.40,23.00,20.80,22.80,21.00,25.20,20.50,21.10,22.20,22.90,24.90,21.10,23.40
TLM_RCV,-50,FG-ALPHA,20240415_084532,AUTO,0,32.28,5.00,-85,99.87,8.33,3.29,5.02,0,457,0,311,22.28,1013.10,12.00,405.60,13.13,52.15,1080,20.50,21.70,20.70,20.80,20.30,22.40,25.40,20.40,23.80,22.50,23.90,25.90,22.30,22.20,23.40,20.20,21.80,25.90,22.40,24.40,21.00,23.10,25.30,21.20,23.70,22.50,24.70,24.50,21.70,21.10,24.10,23.80,22.60,23.10,20.40,20.10,20.20,23.10,24.40,23.60,22.60,21.30,22.20,25.20,25.00,21.40,20.30,25.80,21.80,22.10,24.80,24.70,25.10,22.30,22.50,22.60,25.60,25.20,25.00,21.70,24.40,23.80,20.20,22.20
TLM_RCV,-66,FG-ALPHA,20240415_084533,AUTO,0,31.05,5.00,-85,99.94,8.34,3.30,5.02,1158,410,0,268,23.74,1013.20,12.00,405.20,13.13,52.15,1080,25.80,23.50,20.70,21.10,23.90,22.20,23.90,25.90,22.60,25.10,23.90,25.80,24.80,22.30,25.40,24.10,23.80,21.90,25.90,21.10,25.80,25.20,20.90,23.90,21.20,22.90,25.20,22.70,23.30,23.80,23.40,22.10,22.80,25.30,21.00,23.80,25.80,22.80,23.60,20.40,22.70,22.90,22.10,23.20,20.50,23.60,21.80,76.70,21.40,23.10,20.50,20.70,21.60,23.70,20.30,24.20,24.70,23.70,25.10,21.90,22.00,22.90,24.80,22.20
TLM_RCV,-63,FG-ALPHA,20240415_084534,AUTO,0,33.03,5.00,-85,100.00,8.34,3.31,5.02,1153,406,0,253,23.74,1012.70,12.10,405.00,13.13,52.15,1080,23.00,21.60,22.80,24.50,21.40,25.00,23.40,21.20,21.50,23.30,25.10,25.30,24.40,20.40,20.40,22.30,20.60,24.50,25.40,25.90,20.70,23.80,25.50,22.70,24.10,22.90,23.30,23.50,20.20,21.80,25.60,21.90,20.20,20.70,22.40,25.30,22.70,24.00,21.00,23.60,20.00,23.90,20.10,23.00,23.30,20.70,23.70,23.80,23.00,25.70,23.30,25.60,23.70,20.30,25.40,21.60,20.70,20.60,21.00,22.50,21.00,23.60,24.90,21.40
TLM_RCV,-40,FG-ALPHA,20240415_084535,AUTO,0,32.24,5.00,-85,99.96,8.33,3.31,5.02,0,449,0,294,22.25,1012.90,11.80,405.30,13.14,52.15,1080,22.20,22.10,24.70,24.00,25.90,22.40,24.30,21.60,25.10,22.30,21.90,23.60,21.80,24.30,22.50,22.50,25.20,21.80,25.70,25.70,25.80,21.70,20.70,24.60,24.10,23.00,22.60,23.10,22.90,23.50,24.80,25.90,21.40,25.80,24.30,21.20,21.30,23.80,20.90,22.50,25.10,24.70,21.30,25.90,22.50,22.40,20.70,24.90,20.10,21.70,25.60,21.30,23.40,21.10,25.70,25.00,20.60,24.90,21.00,25.60,24.30,24.30,22.10,23.10
TLM_RCV,-59,FG-ALPHA,20240415_084536,AUTO,0,33.35,5.00,-85,100.00,8.33,3.30,5.02,1082,471,0,330,23.06,1012.80,12.10,406.10,13.14,52.15,1080,21.50,21.60,21.60,24.30,21.70,22.20,21.00,25.10,22.60,23.10,23.10,23.30,24.10,21.80,23.50,25.10,25.30,22.50,21.10,21.50,23.70,22.40,22.00,22.40,25.20,21.40,20.60,20.90,24.90,20.60,23.00,22.80,23.20,21.40,24.90,20.80,23.70,20.30,21.10,24.10,22.60,22.10,23.70,24.20,21.70,24.80,20.00,22.90,21.50,20.00,25.50,24.60,23.80,20.20,24.50,25.50,20.90,25.80,25.30,22.40,24.50,20.40,22.10,21.70
TLM_RCV,-64,FG-ALPHA,20240415_084537,AUTO,0,31.36,5.00,-85,99.95,8.33,3.28,5.02,0,472,0,318,22.36,1013.30,12.00,406.40,13.14,52.15,1080,23.10,23.10,20.30,25.80,21.20,24.50,23.60,25.30,22.20,24.00,23.10,22.20,24.30,24.20,20.60,23.90,23.90,20.30,21.00,23.20,22.30,20.00,21.90,24.80,24.80,20.60,20.90,25.70,23.70,20.30,24.30,22.00,20.20,24.50,24.60,24.80,24.00,24.80,22.30,21.00,25.60,25.10,20.90,21.60,25.00,23.30,22.00,23.20,22.60,22.90,22.10,20.00,24.10,21.60,20.30,22.50,20.30,24.70,21.60,22.20,21.50,23.20,23.20,25.40
TLM_RCV,-44,FG-ALPHA,20240415_084538,AUTO,0,32.40,5.00,-85,99.90,8.33,3.29,5.02,0,480,0,325,22.40,1013.30,11.90,405.30,13.14,52.15,1080,23.60,25.90,23.80,25.00,21.70,25.50,23.90,23.20,24.40,23.80,24.20,25.60,24.40,21.80,24.70,25.30,24.30,23.90,24.70,23.50,21.30,23.90,23.70,25.30,24.50,21.10,22.10,25.40,24.10,22.90,24.30,25.80,20.20,25.30,24.90,21.10,20.50,21.70,20.20,24.80,21.10,23.50,25.70,21.10,22.50,25.10,24.80,24.30,24.70,22.40,22.10,23.40,24.90,24.60,24.00,22.40,23.80,25.40,24.20,23.10,23.80,23.00,21.50,23.30
TLM_RCV,-78,FG-ALPHA,20240415_084539,AUTO,0,32.17,5.00,-85,99.86,8.33,3.30,5.02,0,435,0,279,22.17,1012.90,12.10,404.50,13.14,52.15,1080,22.90,20.20,23.10,23.50,20.50,20.20,20.10,21.20,21.10,25.40,20.90,22.90,21.00,23.70,20.70,23.00,20.10,22.60,23.30,22.70,24.60,24.30,24.90,22.00,22.70,20.10,22.40,21.40,24.00,22.20,22.40,23.10,22.50,21.00,20.10,21.60,21.20,21.30,22.10,21.20,22.90,22.40,22.20,25.20,23.10,20.60,23.60,20.60,23.80,23.10,23.80,25.70,24.50,22.20,21.20,22.80,23.90,20.20,23.20,25.60,22.30,23.60,25.70,20.90
TLM_RCV,-62,FG-ALPHA,20240415_084540,AUTO,0,33.07,5.00,-85,99.92,8.34,3.28,5.02,991,414,0,266,22.89,1013.10,12.10,405.50,13.14,52.15,1080,25.50,23.20,22.00,24.40,21.60,23.40,21.30,24.70,23.30,23.10,23.90,21.10,25.50,20.40,21.50,20.20,20.40,24.10,25.40,20.50,23.70,25.60,24.10,20.70,21.20,21.10,23.30,21.00,24.50,23.90,21.90,25.40,21.20,21.40,24.70,23.60,22.40,20.20,23.70,21.80,21.60,20.70,24.00,22.20,23.80,24.20,22.70,22.90,20.20,25.00,24.30,24.70,20.70,23.50,22.30,20.00,25.60,23.70,25.60,20.60,21.90,20.00,21.00,21.60
TLM_RCV,-51,FG-ALPHA,20240415_084541,AUTO,0,32.13,5.00,-85,99.97,8.34,3.28,5.02,903,425,0,273,22.39,1013.50,11.80,405.50,13.14,52.15,1080,25.10,22.40,21.70,22.20,21.10,24.70,25.10,23.20,25.70,20.10,24.30,24.70,25.00,21.70,24.20,21.50,22.50,23.50,25.70,22.20,21.60,21.10,24.10,22.30,21.60,20.60,23.50,24.60,24.50,25.50,24.60,25.70,25.90,23.00,22.80,21.10,22.30,20.10,24.60,20.30,24.90,21.40,23.00,23.00,25.90,22.60,20.30,21.50,20.10,20.30,24.40,25.80,23.90,24.40,23.00,22.60,24.20,22.70,23.60,25.40,20.40,23.40,21.00,21.70
TLM_RCV,-56,FG-ALPHA,20240415_084542,AUTO,0,33.40,5.00,-85,100.00,8.33,3.31,5.02,1104,480,0,326,23.12,1013.20,12.10,405.80,13.14,52.15,1080,24.80,21.50,20.50,21.70,24.20,20.80,21.80,23.40,24.60,22.80,23.80,23.10,25.40,23.90,20.30,22.10,21.80,21.80,20.10,25.20,21.10,25.60,24.60,20.30,22.50,23.70,21.10,22.00,23.80,22.30,22.50,24.00,23.30,25.30,25.00,22.10,20.30,25.80,23.50,25.60,22.30,21.10,23.30,24.10,25.20,20.40,22.10,22.40,20.20,22.40,25.70,24.50,24.80,81.90,23.00,22.00,20.50,23.70,25.50,22.00,23.40,23.00,20.60,21.00
TLM_RCV,-83,FG-ALPHA,20240415_084543,AUTO,0,32.26,5.00,-85,100.00,8.33,3.30,5.02,1124,452,0,305,23.36,1013.20,12.00,406.10,13.14,52.15,1080,25.60,24.80,22.30,23.50,25.10,23.70,24.90,23.20,24.30,23.70,24.10,23.80,25.00,23.90,25.50,24.30,25.70,20.50,25.40,25.20,24.30,22.80,20.80,21.10,24.80,23.50,20.60,20.50,20.60,23.30,25.30,25.30,20.80,25.70,21.30,25.20,21.90,25.90,24.30,25.20,23.00,21.50,22.20,25.10,20.30,24.80,25.20,23.40,22.00,25.80,23.40,21.30,21.30,24.00,21.40,22.40,23.40,20.50,23.70,21.30,25.90,23.40,25.30,20.70
TLM_RCV,-75,FG-ALPHA,20240415_084605,AUTO,0,32.32,5.00,-85,99.95,8.33,3.31,5.02,0,464,0,323,22.32,1013.20,12.00,405.50,13.17,52.75,1080,20.90,20.20,21.90,23.50,20.10,25.60,21.60,24.80,21.50,24.50,25.00,20.80,24.00,25.20,23.70,21.00,24.90,20.70,23.50,23.00,21.60,23.30,23.50,23.30,21.80,21.80,25.50,24.30,21.30,20.60,24.90,22.70,25.60,20.20,20.70,20.20,22.20,25.70,23.50,24.20,23.90,20.10,24.80,21.50,20.80,21.90,25.70,25.20,23.10,25.70,21.40,22.00,24.70,20.40,23.80,24.90,24.50,21.10,20.10,23.60,25.20,23.80,23.30,25.30
TLM_RCV,-41,FG-ALPHA,20240415_084606,AUTO,0,31.00,5.00,-85,100.00,8.34,3.29,5.02,1131,401,0,257,23.65,1013.20,12.00,406.30,13.17,52.75,1080,24.60,24.30,20.40,22.50,25.50,24.90,22.60,24.60,20.30,20.40,21.80,21.80,22.70,25.20,23.10,21.00,22.90,25.20,21.30,22.90,24.70,25.10,24.30,25.60,25.30,20.70,25.70,20.70,25.90,24.80,21.70,20.80,24.10,25.20,25.10,25.90,21.50,25.30,23.50,22.40,23.50,21.90,24.40,24.00,23.10,22.30,25.60,25.20,23.10,22.60,25.40,25.00,24.20,22.40,24.30,23.90,23.10,21.10,24.10,23.50,20.20,25.10,22.80,24.00
TLM_RCV,-92,FG-ALPHA,20240415_084607,AUTO,0,33.13,5.00,-85,100.00,8.34,3.30,5.02,973,425,0,283,22.74,1013.20,11.90,404.90,13.17,52.75,1080,20.60,25.30,20.30,23.30,21.10,25.70,24.10,20.60,20.90,23.80,25.10,21.70,20.50,21.10,22.20,22.30,24.50,24.30,25.00,20.30,21.80,24.10,23.00,21.80,20.10,25.00,25.60,20.90,21.30,25.30,21.00,20.10,20.90,24.00,25.70,21.40,20.60,22.50,24.40,25.90,25.70,25.10,25.90,20.00,21.20,23.30,20.00,21.00,22.10,23.30,20.50,24.90,21.30,21.00,25.40,20.00,20.60,23.10,24.20,22.20,22.00,22.70,24.80,20.40
TLM_RCV,-64,FG-ALPHA,20240415_084608,AUTO,0,32.02,5.00,-85,100.00,8.34,3.28,5.02,1177,404,0,263,23.86,1013.30,11.80,404.80,13.17,52.75,1080,25.10,24.70,21.90,25.20,25.40,23.40,23.50,25.90,20.50,25.00,22.10,23.60,24.30,20.00,24.50,25.50,23.30,22.60,25.20,20.70,21.20,22.20,25.50,20.50,21.80,22.70,23.00,20.80,25.20,24.90,25.50,25.60,25.30,22.00,25.80,25.50,24.10,25.50,21.10,22.10,21.50,20.50,24.20,25.60,20.50,20.30,20.70,22.20,25.70,22.50,25.00,22.70,21.10,24.00,25.60,24.90,23.00,24.10,25.40,22.70,23.00,23.50,22.10,23.40
TLM_RCV,-80,FG-ALPHA,20240415_084609,AUTO,0,33.03,5.00,-85,100.00,8.34,3.31,5.02,939,405,0,252,22.67,1012.90,11.80,406.10,13.17,52.75,1080,25.30,21.30,89.10,24.00,22.60,20.80,21.80,25.30,22.10,21.90,23.50,23.40,20.40,20.50,24.50,20.70,23.50,20.20,22.00,20.60,20.70,20.00,21.30,20.30,21.10,25.00,25.60,21.50,20.50,23.40,22.10,20.30,21.30,24.60,22.60,24.80,25.50,23.10,21.30,24.30,24.40,21.70,25.10,22.00,25.80,23.10,23.10,22.00,20.20,20.80,21.30,25.20,22.30,25.40,23.90,21.30,24.30,22.90,22.90,23.10,24.50,24.20,20.70,22.10
TLM_RCV,-44,FG-ALPHA,20240415_084610,AUTO,0,32.21,5.00,-85,100.00,8.33,3.31,5.02,1184,441,0,300,23.72,1013.10,11.80,405.50,13.17,52.75,1080,22.30,24.60,21.00,20.60,20.40,23.40,21.10,24.20,24.20,21.70,23.20,23.10,20.70,25.70,23.00,24.60,21.60,20.90,20.60,20.20,25.40,21.70,22.40,23.30,22.70,24.20,21.20,24.20,25.30,20.30,21.20,23.90,24.70,22.50,24.20,23.00,22.60,21.30,20.40,23.40,22.00,25.10,22.70,20.10,20.60,20.00,20.90,23.70,22.40,20.00,22.40,24.70,21.10,24.10,22.10,23.20,21.40,25.40,23.50,20.90,22.30,24.40,20.90,24.10
TLM_RCV,-81,FG-ALPHA,20240415_084611,AUTO,0,31.43,5.00,-85,100.00,8.33,3.29,5.02,1144,487,0,343,23.28,1013.20,11.90,405.50,13.17,52.75,1080,23.60,20.40,22.10,22.20,24.80,23.40,20.50,24.00,21.60,21.30,24.50,24.10,21.60,21.50,21.00,22.70,24.60,22.60,22.10,20.80,23.70,24.50,20.10,21.50,25.60,21.30,25.30,23.20,20.20,24.30,23.20,25.20,23.60,24.90,23.60,20.70,23.30,22.30,22.80,21.00,20.40,21.70,20.20,23.70,20.30,24.70,24.30,25.60,25.30,24.60,24.70,22.80,22.80,21.20,22.20,20.40,24.60,20.30,20.20,20.00,25.50,23.30,24.50,21.00
TLM_RCV,-67,FG-ALPHA,20240415_084612,AUTO,0,32.35,5.00,-85,100.00,8.33,3.28,5.02,1056,470,0,322,22.93,1013.50,12.10,405.30,13.17,52.75,1080,21.70,24.60,24.60,25.00,21.30,25.00,24.10,20.60,23.80,25.90,21.00,21.50,25.50,25.40,20.70,22.40,23.50,21.20,24.20,21.70,22.90,20.40,24.10,23.80,22.80,24.90,23.30,20.40,21.80,20.50,22.80,25.30,24.00,25.10,24.60,25.30,21.40,25.20,21.90,22.80,24.40,22.00,25.40,25.30,21.30,23.50,22.90,25.90,21.40,24.40,25.50,20.50,25.40,22.70,20.40,21.50,25.10,23.90,24.60,25.10,23.30,20.90,21.70,22.10
TLM_RCV,-58,FG-ALPHA,20240415_084613,AUTO,0,32.28,5.00,-85,100.00,8.33,3.29,5.02,1022,456,0,311,22.83,1012.70,12.00,406.40,13.17,52.75,1080,24.70,20.80,20.70,22.40,25.90,22.80,22.80,20.70,22.30,25.40,21.70,24.20,24.90,21.50,21.30,25.90,23.90,24.10,23.20,21.30,23.20,21.40,20.80,23.00,21.80,20.10,20.80,25.10,21.90,24.30,21.60,20.40,25.40,23.60,22.20,22.20,25.30,22.30,22.90,21.50,24.70,24.40,20.40,25.30,23.30,24.00,21.20,23.70,24.50,21.00,22.60,25.30,22.90,25.70,25.60,23.40,22.50,24.00,21.60,23.10,20.70,20.20,22.00,22.10
TLM_RCV,-51,FG-ALPHA,20240415_084614,AUTO,0,33.08,5.00,-85,100.00,8.34,3.29,5.02,946,415,0,265,22.66,1013.50,12.10,405.80,13.17,52.75,1080,21.10,21.50,21.20,20.70,25.30,25.70,21.10,23.30,23.60,24.20,22.60,23.20,21.10,22.30,24.40,22.00,24.70,22.30,20.80,20.40,21.60,21.90,24.90,21.90,21.00,21.70,21.90,24.00,23.30,21.70,25.20,25.40,23.30,24.80,20.20,25.50,23.00,24.80,22.40,24.90,21.60,25.10,20.00,22.30,24.30,20.90,25.70,21.40,22.10,25.60,22.60,20.30,21.40,20.90,20.00,25.30,20.70,20.10,21.00,24.00,24.10,21.20,23.90,25.30
TLM_RCV,-80,FG-ALPHA,20240415_084615,AUTO,0,32.22,5.00,-85,100.00,8.33,3.31,5.02,911,445,0,289,22.33,1013.30,12.00,404.80,13.18,52.75,1080,25.60,24.60,21.40,21.00,22.40,23.20,24.50,20.40,25.70,25.40,25.60,22.90,20.40,22.00,22.70,23.80,24.00,21.90,22.70,20.80,23.90,24.00,23.90,25.90,22.90,24.00,25.70,21.50,23.10,25.20,23.90,20.10,25.90,23.80,21.40,21.70,22.90,22.80,20.10,25.90,22.90,22.10,22.50,21.80,24.00,24.80,20.10,24.20,23.70,22.40,25.80,23.80,24.50,23.30,23.10,21.30,20.00,24.10,25.80,20.30,24.90,23.50,20.50,23.10
TLM_RCV,-66,FG-ALPHA,20240415_084616,AUTO,0,32.04,5.00,-85,100.00,8.34,3.28,5.02,1122,409,0,262,23.57,1012.90,11.80,405.80,13.18,52.75,1080,24.40,20.00,24.60,22.80,24.30,22.30,22.80,24.80,24.50,20.80,24.30,25.20,20.70,23.90,22.70,21.70,23.30,20.40,20.50,25.20,23.70,23.20,21.00,22.70,25.20,23.10,25.40,21.10,24.70,22.70,25.00,22.90,21.50,24.80,25.20,24.80,24.90,21.10,23.50,24.20,21.80,25.90,23.30,25.90,20.20,21.30,21.90,24.50,25.40,25.90,21.80,22.70,22.20,24.70,23.00,25.50,20.30,20.70,22.70,23.30,20.90,23.30,24.10,25.10
TLM_RCV,-81,FG-ALPHA,20240415_084617,AUTO,0,31.12,5.00,-85,99.96,8.34,3.29,5.02,0,424,0,271,22.12,1012.80,11.80,405.40,13.18,52.75,1080,22.40,23.00,24.10,20.50,20.60,22.50,21.00,22.40,25.90,23.50,24.40,23.20,23.90,20.50,23.00,22.80,20.10,21.40,20.70,23.50,21.80,21.90,23.90,23.30,22.70,25.90,25.80,20.20,23.50,22.90,24.80,25.10,25.20,22.50,21.60,22.10,24.80,23.30,24.00,23.40,22.70,24.00,20.90,24.10,24.60,22.00,21.10,24.00,24.10,24.80,25.70,22.80,23.60,21.10,23.10,24.20,20.20,22.20,25.70,22.60,20.70,20.10,21.80,24.20
TLM_RCV,-63,FG-ALPHA,20240415_084618,AUTO,0,32.96,5.00,-85,100.00,8.34,3.31,5.02,1136,391,0,250,23.73,1013.30,12.00,406.10,13.18,52.75,1080,20.10,24.10,23.40,20.10,21.80,20.30,22.40,24.40,23.90,21.00,21.40,24.50,25.10,23.10,20.60,22.70,21.40,20.80,24.90,25.90,21.10,24.90,83.80,22.90,25.50,22.30,24.40,24.90,25.30,23.90,24.20,24.00,23.00,23.70,23.90,20.50,22.90,23.00,24.20,24.90,20.40,20.30,25.40,24.00,23.50,24.50,22.10,25.30,25.90,23.90,21.90,21.50,24.40,21.30,22.40,25.40,21.00,21.40,20.90,23.30,24.90,22.40,23.60,25.60
TLM_RCV,-87,FG-ALPHA,20240415_084619,AUTO,0,33.42,5.00,-85,100.00,8.33,3.31,5.02,880,485,0,326,21.98,1012.80,12.00,404.70,13.18,52.75,1080,25.40,20.30,22.30,23.70,22.00,21.30,25.20,24.30,22.20,21.30,25.40,25.50,25.50,25.30,21.80,23.50,20.60,25.80,20.20,25.80,20.60,23.10,25.30,24.60,25.10,22.30,24.80,22.70,25.70,20.30,22.90,20.70,21.10,21.90,25.80,23.80,22.10,24.80,22.10,24.20,23.30,20.70,25.30,23.30,22.10,24.60,20.20,20.60,23.90,23.80,22.20,20.00,25.40,24.70,25.80,24.90,24.30,23.10,23.40,24.70,22.80,21.70,23.10,21.60
TLM_RCV,-93,FG-ALPHA,20240415_084620,AUTO,0,33.34,5.00,-85,100.00,8.33,3.29,5.02,1040,468,0,316,22.86,1013.30,12.00,405.00,13.18,52.75,1080,25.00,24.20,22.70,22.50,23.80,24.90,23.00,20.80,24.30,22.90,20.90,25.00,24.40,20.50,25.90,21.40,23.10,23.70,24.80,22.10,25.30,22.50,20.20,24.40,24.90,21.10,23.10,25.00,21.90,23.50,21.90,20.10,24.00,21.60,22.30,21.10,20.70,25.30,22.00,23.00,25.00,21.90,25.80,23.10,21.60,21.40,24.90,20.60,25.90,23.40,20.10,22.30,24.00,21.80,21.50,23.70,20.90,23.20,21.60,24.40,23.90,24.60,24.20,25.00
TLM_RCV,-41,FG-ALPHA,20240415_084621,AUTO,0,32.31,5.00,-85,100.00,8.33,3.28,5.02,874,462,0,304,22.06,1013.60,11.80,405.00,13.18,52.75,1080,21.10,21.40,24.80,22.50,22.00,20.30,21.40,23.70,20.60,25.20,23.10,21.40,22.40,21.20,20.20,23.00,22.00,20.50,22.70,20.90,23.50,23.30,24.00,20.80,23.80,22.50,24.30,25.90,25.50,23.40,22.80,25.00,21.30,21.90,21.10,22.00,20.10,23.80,21.80,20.80,22.00,22.70,25.10,25.30,22.30,25.60,22.70,25.20,21.80,23.80,23.10,23.90,25.30,20.10,23.90,20.00,20.90,21.30,25.70,22.60,24.40,24.80,22.20,22.30
TLM_RCV,-91,FG-ALPHA,20240415_084622,AUTO,0,32.33,5.00,-85,100.00,8.33,3.31,5.02,914,467,0,325,22.24,1012.70,11.90,404.70,13.18,52.75,1080,21.40,25.50,24.50,21.40,20.20,23.00,24.00,24.20,25.00,22.60,23.20,24.20,25.40,22.10,25.60,21.90,22.40,24.90,25.30,20.80,25.20,25.60,20.60,25.20,22.30,22.10,20.50,22.90,22.10,21.30,20.40,23.70,20.80,25.00,23.40,21.20,20.70,20.50,24.10,20.20,25.20,21.40,25.40,25.60,23.50,20.70,22.30,23.70,21.40,22.70,22.00,22.00,23.90,21.40,25.90,25.50,22.90,22.00,24.60,25.10,22.70,21.20,20.00,24.30
TLM_RCV,-74,FG-ALPHA,20240415_084623,AUTO,0,32.03,5.00,-85,100.00,8.34,3.30,5.02,961,406,0,259,22.77,1012.80,11.90,405.20,13.18,52.75,1080,20.20,23.90,20.00,22.80,24.50,20.80,25.10,25.20,22.20,20.00,24.40,21.30,24.70,25.60,20.20,24.10,22.20,20.40,21.60,24.60,20.80,22.10,22.80,20.80,20.70,22.20,22.10,22.40,20.30,20.00,23.90,25.70,25.60,23.40,21.80,23.00,21.20,22.80,25.70,24.20,20.60,20.80,21.50,23.10,22.10,21.90,24.70,21.20,25.40,23.20,24.50,20.30,24.20,22.00,24.40,20.50,25.60,25.40,25.00,24.00,21.40,21.10,21.70,23.00
TLM_RCV,-77,FG-ALPHA,20240415_084624,AUTO,0,32.17,5.00,-85,100.00,8.33,3.31,5.02,900,435,0,288,22.33,1013.60,11.80,405.40,13.18,52.75,1080,25.50,20.80,20.40,20.10,23.30,24.50,25.90,21.90,23.60,21.80,21.10,25.70,21.60,22.80,22.20,21.00,25.70,24.60,21.40,22.70,20.20,20.30,24.60,20.90,22.50,23.90,22.00,25.80,20.90,20.10,25.60,23.30,24.50,20.30,24.20,20.40,21.80,22.30,24.80,22.20,23.80,25.50,21.50,22.20,20.40,20.90,20.30,20.60,20.90,23.60,23.10,23.70,24.10,22.90,21.20,22.70,22.50,21.60,20.90,25.20,23.10,23.20,23.40,25.20
TLM_RCV,-68,FG-ALPHA,20240415_084625,AUTO,0,32.40,5.00,-85,100.00,8.33,3.29,5.02,1172,480,0,332,23.46,1013.50,11.80,404.70,13.19,52.75,1080,25.10,23.60,24.20,23.40,20.50,20.50,25.30,21.80,22.80,24.30,23.80,21.80,22.60,20.80,25.40,24.60,22.70,22.50,21.30,22.90,23.60,23.80,22.20,23.40,20.30,25.40,21.60,21.50,24.30,25.90,25.70,20.50,20.90,21.60,20.40,21.00,20.70,24.40,25.20,24.40,21.60,23.60,22.10,20.30,20.40,24.20,20.40,25.60,25.40,24.10,20.90,25.30,23.80,22.80,25.90,22.10,20.30,24.50,23.70,21.90,23.00,20.80,24.80,22.20
TLM_RCV,-61,FG-ALPHA,20240415_084626,AUTO,0,31.03,5.00,-85,100.00,8.34,3.30,5.02,1030,407,0,267,23.11,1013.00,12.00,404.50,13.19,52.75,1080,24.80,21.60,23.20,25.20,22.50,21.30,20.60,23.50,21.80,20.00,22.10,24.40,22.10,24.50,20.70,24.80,20.30,21.00,21.00,22.30,21.70,25.50,22.60,23.90,23.50,22.30,24.60,21.20,24.90,25.20,23.20,23.10,25.50,25.80,21.20,20.70,20.80,24.70,20.60,22.50,23.50,25.60,23.60,22.90,23.50,22.50,20.70,24.90,21.60,20.40,21.90,20.20,24.00,23.80,21.00,22.20,23.50,23.30,22.80,23.00,23.30,20.50,24.80,24.80
TLM_RCV,-82,FG-ALPHA,20240415_084627,AUTO,0,33.01,5.00,-85,100.00,8.34,3.31,5.02,875,403,0,251,22.36,1013.20,11.80,404.90,13.19,52.75,1080,23.10,23.20,25.50,22.20,21.90,25.10,24.30,24.80,21.50,20.50,20.20,25.30,25.10,21.30,22.60,22.70,20.20,22.30,25.00,21.40,25.20,20.60,21.30,25.50,22.10,22.10,22.10,25.10,23.20,24.60,23.30,23.50,20.40,23.20,20.80,24.10,24.90,23.30,21.90,25.20,23.20,22.10,21.90,24.90,23.00,22.80,22.70,24.40,20.10,21.70,23.20,25.20,23.80,20.50,20.80,24.20,21.50,23.00,25.90,24.00,20.20,23.10,23.40,21.60
TLM_RCV,-80,FG-ALPHA,20240415_084628,AUTO,0,31.00,5.00,-85,100.00,8.34,3.28,5.02,805,400,0,259,22.02,1012.80,11.90,405.10,13.19,52.75,1080,23.90,21.80,20.50,21.00,24.30,20.50,21.20,24.00,24.40,25.00,25.60,22.00,23.40,24.50,20.20,22.30,24.30,24.90,23.10,22.90,24.20,25.70,20.90,25.10,21.40,23.00,23.20,22.70,23.70,20.20,22.00,20.20,25.10,24.60,22.00,21.40,24.40,22.80,24.30,25.90,24.50,22.70,22.60,23.20,21.30,21.00,25.50,20.20,22.40,20.50,25.00,21.20,25.70,22.10,22.80,23.00,24.70,21.80,21.30,21.90,21.70,23.80,22.60,20.10
TLM_RCV,-75,FG-ALPHA,20240415_084629,AUTO,0,31.31,5.00,-85,99.95,8.33,3.31,5.02,0,462,0,312,22.31,1012.90,11.90,405.10,13.19,52.75,1080,24.10,25.20,23.80,22.40,22.10,24.40,22.80,22.40,22.90,24.70,20.00,24.30,23.90,22.70,25.70,20.10,23.50,22.90,21.50,24.70,20.80,21.00,22.20,23.10,20.00,25.70,22.10,20.90,23.70,24.60,22.10,23.00,22.60,25.20,24.90,25.90,22.60,20.40,20.50,22.40,23.50,20.00,22.20,23.40,22.40,24.90,25.80,21.60,22.00,22.90,21.30,24.30,25.90,20.10,20.20,22.30,24.80,23.80,25.00,24.00,23.10,22.90,22.20,23.90
TLM_RCV,-60,FG-ALPHA,20240415_084630,AUTO,0,33.10,5.00,-85,100.00,8.34,3.31,5.02,1101,420,0,278,23.41,1012.80,12.00,405.70,13.19,52.75,1080,21.50,22.80,23.10,20.40,21.60,25.30,22.40,21.90,21.90,25.20,25.80,22.70,20.20,20.70,20.00,25.60,22.40,23.50,25.60,23.00,21.90,24.90,25.40,21.90,20.20,20.30,25.00,20.20,21.90,24.00,20.70,20.00,24.00,21.80,22.10,20.00,23.60,24.70,23.10,21.70,23.00,25.00,21.10,24.80,22.10,23.40,20.20,23.10,24.30,21.30,20.40,21.90,22.40,20.70,22.30,23.50,24.40,24.90,22.30,23.70,22.30,25.10,23.70,22.00
TLM_RCV,-62,FG-ALPHA,20240415_084631,AUTO,0,33.05,5.00,-85,100.00,8.34,3.31,5.02,1096,410,0,262,23.43,1013.60,11.90,406.20,13.19,52.75,1080,25.70,22.10,23.10,21.80,24.70,25.90,24.30,23.50,23.80,25.10,25.30,25.70,20.10,23.50,22.80,25.20,21.10,21.60,21.30,21.10,20.10,23.80,20.90,22.40,20.40,24.90,22.80,24.80,20.00,21.10,24.00,22.80,25.20,24.90,24.50,25.10,23.70,25.00,23.90,21.20,22.50,22.10,25.00,22.90,22.00,22.50,24.50,22.80,20.40,21.90,22.10,20.90,25.30,21.90,23.00,25.10,23.60,21.10,25.00,25.80,20.00,25.50,23.80,23.70
TLM_RCV,-82,FG-ALPHA,20240415_084632,AUTO,0,32.40,5.00,-85,100.00,8.33,3.30,5.02,890,479,0,329,22.06,1013.60,11.80,404.60,13.19,52.75,1080,23.60,25.00,20.70,24.10,25.20,23.10,23.10,22.80,20.50,22.40,20.10,22.30,22.20,22.20,23.10,24.90,21.30,21.60,20.80,24.30,24.40,20.20,22.30,20.50,22.60,20.90,25.40,24.90,23.10,23.80,21.20,21.50,22.90,22.30,25.50,20.70,21.90,25.20,20.60,24.90,25.30,23.90,24.20,22.60,25.40,23.60,22.70,21.90,22.90,25.30,21.30,22.90,21.40,22.10,22.60,21.20,25.50,22.50,25.00,21.10,21.80,23.50,20.30,22.00
TLM_RCV,-44,FG-ALPHA,20240415_084633,AUTO,0,31.09,5.00,-85,100.00,8.34,3.30,5.02,953,419,0,271,22.67,1013.00,12.00,406.20,13.19,52.75,1080,20.20,24.10,24.80,25.30,20.80,23.70,20.40,22.70,25.90,23.00,24.40,23.80,21.10,23.20,24.20,21.30,25.40,22.90,21.60,20.30,24.80,25.90,23.10,24.00,23.50,20.10,22.40,21.20,22.10,25.60,20.00,25.10,23.50,23.10,22.00,22.70,24.60,25.90,23.00,21.00,24.90,22.20,25.00,22.80,20.70,24.60,23.80,22.30,23.10,22.10,24.90,21.50,20.90,20.30,20.00,22.90,22.10,24.40,20.20,20.00,23.80,20.30,24.30,21.20
TLM_RCV,-82,FG-ALPHA,20240415_084634,AUTO,0,31.01,5.00,-85,99.96,8.34,3.31,5.02,0,402,0,261,22.01,1013.40,12.00,404.80,13.19,52.75,1080,21.60,22.90,23.20,20.30,20.90,23.30,21.00,24.40,24.40,25.90,22.90,24.60,20.90,24.30,22.00,24.20,23.80,21.80,22.40,22.50,24.00,22.70,20.60,21.10,20.20,25.40,21.20,20.20,22.60,23.10,21.90,22.60,22.20,23.20,25.60,23.60,25.60,21.30,22.10,24.90,21.60,25.10,20.90,25.80,21.30,24.90,23.70,22.90,22.40,21.70,20.30,21.50,20.30,23.50,22.80,21.20,24.40,23.90,20.00,24.00,22.10,24.20,23.10,20.90
TLM_RCV,-72,FG-ALPHA,20240415_084635,AUTO,0,31.08,5.00,-85,100.00,8.34,3.28,5.02,868,416,0,276,22.26,1013.60,12.10,405.20,13.20,52.75,1080,24.80,20.70,24.00,20.20,25.40,25.20,20.70,24.40,25.40,24.20,20.10,25.20,25.00,23.80,25.90,25.80,24.40,24.50,21.10,24.90,25.10,24.00,20.70,22.00,20.30,22.90,21.20,22.80,22.70,25.10,22.70,25.70,25.20,22.30,21.90,21.10,22.40,22.00,20.70,22.50,23.40,20.20,24.80,24.70,25.60,23.60,23.20,24.20,23.50,20.30,25.30,24.50,25.90,24.20,24.70,20.60,25.10,20.70,25.60,20.00,20.60,22.00,25.10,23.70
TLM_RCV,-42,FG-ALPHA,20240415_084636,AUTO,0,31.28,5.00,-85,100.00,8.33,3.31,5.02,1079,457,0,313,23.11,1012.90,12.10,405.10,13.20,52.75,1080,20.70,20.80,20.80,79.40,22.00,21.30,25.10,23.70,22.90,21.10,21.00,20.50,23.10,25.30,25.30,22.20,24.80,21.00,25.40,20.80,24.40,23.60,23.00,22.40,25.20,25.50,23.40,21.40,25.80,22.00,24.00,25.60,23.20,24.00,21.00,21.60,20.60,21.70,24.20,24.50,22.10,23.20,23.80,25.80,25.40,25.00,23.80,25.80,22.50,25.90,25.40,22.00,22.80,23.50,23.50,23.60,22.00,21.40,20.60,25.80,20.80,25.60,20.80,21.20
TLM_RCV,-44,FG-ALPHA,20240415_084637,AUTO,0,33.10,5.00,-85,100.00,8.34,3.30,5.02,1054,419,0,267,23.17,1013.60,11.80,404.70,13.20,52.75,1080,20.30,22.70,24.00,24.50,22.60,25.10,23.00,21.00,25.60,25.30,25.70,21.10,23.70,23.90,25.10,24.30,25.60,23.30,22.20,25.60,25.60,24.60,21.50,24.20,25.90,25.50,22.50,22.40,21.00,21.50,22.10,23.40,21.40,21.50,22.40,25.80,23.40,22.40,23.00,24.60,24.50,20.90,22.40,22.00,25.30,20.80,24.40,24.60,20.40,24.10,24.20,22.60,24.30,20.80,23.90,23.90,21.40,23.70,21.70,21.30,24.80,24.40,21.90,23.90
TLM_RCV,-61,FG-ALPHA,20240415_084638,AUTO,0,31.31,5.00,-85,100.00,8.33,3.29,5.02,895,462,0,306,22.17,1013.50,12.00,406.00,13.20,52.75,1080,22.10,24.40,22.70,25.60,25.00,21.30,20.00,20.60,22.70,22.90,23.80,20.80,24.70,25.20,22.10,20.20,21.20,25.40,20.80,20.40,22.10,24.10,20.90,22.50,20.50,23.70,22.50,20.00,23.10,21.10,25.50,22.70,24.50,21.30,20.00,23.00,25.50,24.20,20.70,20.00,21.70,24.80,20.40,24.20,21.50,24.80,24.20,22.10,25.20,22.10,25.70,25.50,25.40,25.10,20.00,22.80,21.80,20.70,24.10,24.70,25.60,25.00,24.00,24.80
TLM_RCV,-53,FG-ALPHA,20240415_084639,AUTO,0,33.01,5.00,-85,99.96,8.34,3.28,5.02,0,403,0,251,22.01,1013.20,11.90,406.40,13.20,52.75,1080,20.60,21.90,22.40,25.70,22.90,20.20,25.00,22.50,22.30,24.80,23.80,24.00,25.30,24.10,25.10,25.30,21.00,21.00,21.70,24.00,21.10,20.60,25.40,21.60,25.10,20.40,24.10,20.80,23.90,23.70,25.00,24.50,21.50,24.20,20.60,24.80,20.70,22.90,22.80,22.60,21.30,22.70,21.80,22.90,24.30,22.50,25.70,23.50,24.80,22.40,21.20,23.60,20.80,23.00,20.40,22.40,25.10,25.80,22.80,25.90,25.90,21.70,23.80,22.30
TLM_RCV,-55,FG-ALPHA,20240415_084640,AUTO,0,31.22,5.00,-85,100.00,8.33,3.30,5.02,810,444,0,304,21.83,1013.10,12.10,405.90,13.20,52.75,1080,22.00,24.60,24.70,25.50,24.40,24.00,20.20,20.80,24.70,24.60,22.30,20.40,22.80,22.10,22.60,25.80,21.60,21.50,24.00,24.80,21.40,20.10,21.80,20.10,23.50,22.30,25.30,25.40,23.80,24.40,22.40,24.10,24.30,23.20,21.70,25.70,21.00,21.80,25.70,22.70,22.10,20.10,23.00,25.00,20.40,22.20,23.30,24.90,24.50,23.80,21.30,21.00,24.50,25.60,20.90,23.20,23.10,22.20,25.20,24.80,23.00,23.70,21.60,25.40
TLM_RCV,-92,FG-ALPHA,20240415_084641,AUTO,0,32.43,5.00,-85,100.00,8.33,3.30,5.02,1039,486,0,339,22.76,1013.60,12.10,405.00,13.20,52.75,1080,21.80,21.20,25.70,20.10,23.80,22.10,22.40,21.70,21.80,22.20,21.60,22.30,20.50,20.50,21.00,22.10,21.60,22.80,24.70,22.90,25.30,23.90,21.00,24.60,21.70,21.20,22.00,22.80,20.10,20.60,21.60,24.70,22.30,21.10,24.30,22.10,21.90,23.20,23.80,22.50,22.70,20.60,24.30,22.20,23.70,20.80,24.80,24.80,20.30,20.50,20.20,21.80,25.60,23.00,20.80,22.70,24.20,25.20,21.80,20.00,23.80,25.30,20.00,21.40
TLM_RCV,-89,FG-ALPHA,20240415_084642,AUTO,0,31.06,5.00,-85,100.00,8.34,3.28,5.02,959,412,0,272,22.74,1012.80,11.80,405.90,13.20,52.75,1080,20.30,21.00,23.50,20.50,25.40,24.00,21.20,25.40,21.00,25.60,25.10,21.10,20.90,24.80,22.10,23.10,23.00,25.60,25.20,23.90,24.80,23.40,20.10,22.30,22.00,23.40,22.20,22.20,20.90,25.30,21.90,25.50,22.10,25.60,24.00,23.30,23.90,23.50,25.30,21.60,21.20,21.30,25.90,21.30,23.70,22.20,21.10,25.40,21.00,21.10,24.50,23.30,24.30,25.00,25.60,20.30,25.80,21.20,23.30,20.20,23.60,22.80,25.30,20.10
TLM_RCV,-40,FG-ALPHA,20240415_084643,AUTO,0,33.24,5.00,-85,100.00,8.33,3.29,5.02,1022,448,0,298,22.87,1013.40,12.10,405.40,13.20,52.75,1080,22.90,22.10,21.90,23.20,21.60,25.80,21.10,20.50,20.90,23.40,20.90,24.50,20.90,24.20,21.70,20.80,21.10,20.30,20.50,21.60,23.40,23.20,20.60,21.60,25.40,22.40,23.20,20.10,22.60,20.90,21.90,21.70,21.70,21.30,22.20,25.30,21.80,24.40,20.50,20.50,21.90,25.70,24.60,23.20,20.70,20.50,20.30,21.60,24.40,25.40,21.20,23.80,25.80,21.10,23.60,23.10,22.00,20.10,24.00,20.00,23.00,25.30,24.60,20.90
TLM_RCV,-72,FG-ALPHA,20240415_084644,AUTO,0,32.17,5.00,-85,100.00,8.33,3.28,5.02,828,435,0,287,21.97,1013.30,11.80,406.20,13.20,52.75,1080,25.80,20.00,20.50,25.90,20.80,22.00,24.70,24.20,21.20,20.80,22.90,25.90,25.70,21.90,20.50,21.60,24.00,20.20,23.50,21.10,23.10,21.80,20.40,24.00,22.70,21.40,25.80,23.70,24.50,23.30,20.00,23.50,24.70,24.50,21.80,21.90,23.00,22.30,21.90,24.10,25.10,24.10,20.30,20.50,22.10,21.90,23.80,24.30,20.70,21.50,23.50,24.00,25.80,23.50,25.90,23.60,20.80,20.30,21.60,24.40,20.40,23.30,20.20,20.80
TLM_RCV,-90,FG-ALPHA,20240415_084645,AUTO,0,33.19,5.00,-85,100.00,8.33,3.31,5.02,917,439,0,293,22.39,1012.90,12.00,405.80,13.21,52.75,1080,25.80,25.40,23.80,23.10,22.50,24.00,23.60,25.80,20.90,20.70,21.20,21.50,20.90,21.30,21.00,20.30,24.90,21.60,20.80,22.30,22.30,24.00,23.00,23.60,25.80,22.40,24.20,23.40,25.30,25.10,20.10,23.20,23.50,20.70,24.70,22.10,24.80,23.90,24.30,21.00,23.80,24.30,21.00,20.80,22.30,20.80,25.80,21.00,24.40,25.80,23.20,23.30,23.00,21.50,21.80,22.50,20.10,22.40,24.50,23.90,23.80,24.70,20.50,21.50
TLM_RCV,-73,FG-ALPHA,20240415_084707,AUTO,0,32.20,5.00,-85,100.00,8.33,3.30,5.02,978,440,0,295,22.69,1012.70,12.00,404.70,13.23,52.75,1080,22.30,21.80,24.80,22.70,22.80,23.90,22.80,22.70,25.80,25.00,25.50,20.20,25.70,21.30,22.00,22.80,22.00,20.30,23.70,25.80,20.10,22.40,21.30,24.60,20.70,20.50,21.80,23.60,24.40,21.60,21.40,20.80,20.30,20.90,22.90,23.80,22.50,23.30,23.40,21.20,23.90,24.50,25.40,22.40,25.20,25.10,23.50,25.00,25.30,22.40,22.20,20.30,21.50,22.30,24.30,22.50,21.30,22.70,21.00,21.60,25.80,20.40,25.60,21.20
TLM_RCV,-93,FG-ALPHA,20240415_084708,AUTO,0,33.47,5.00,-85,100.00,8.33,3.29,5.02,1138,493,0,335,23.23,1013.20,12.00,404.70,13.23,52.75,1080,22.50,25.40,23.40,24.30,24.70,20.70,23.90,22.10,23.00,20.20,24.50,23.30,24.00,21.40,25.70,20.90,21.20,22.70,23.70,21.20,20.80,21.80,20.40,20.60,24.50,22.10,23.00,21.10,25.30,24.80,22.50,25.70,23.60,25.20,25.20,22.40,22.40,22.90,23.80,23.40,21.50,24.90,25.00,25.60,21.90,23.70,21.40,23.60,23.60,23.90,22.10,22.50,23.00,24.60,22.80,24.00,20.60,24.60,20.10,23.50,20.70,23.30,21.80,23.90
TLM_RCV,-47,FG-ALPHA,20240415_084709,AUTO,0,32.22,5.00,-85,100.00,8.33,3.31,5.02,985,445,0,287,22.70,1013.40,12.00,405.60,13.23,52.75,1080,22.30,24.00,22.10,25.60,24.80,21.50,25.10,23.30,20.80,25.50,25.80,25.80,24.00,20.40,21.30,21.50,24.40,24.90,84.40,24.50,25.50,20.80,24.20,23.30,25.00,21.40,25.30,20.00,23.70,23.30,23.00,25.10,21.20,21.50,20.10,21.80,22.30,23.10,23.20,20.80,21.40,23.50,20.60,23.30,23.50,21.70,24.50,22.50,20.70,21.30,23.60,20.30,24.70,22.30,20.50,20.70,24.40,23.60,22.30,20.80,20.60,23.00,21.20,24.10
TLM_RCV,-68,FG-ALPHA,20240415_084710,AUTO,0,32.27,5.00,-85,99.95,8.33,3.30,5.02,0,454,0,302,22.27,1013.50,12.10,405.00,13.23,52.75,1080,23.80,25.30,24.00,21.70,22.40,21.90,22.20,21.20,23.70,20.10,25.10,79.30,24.40,25.90,24.30,20.50,21.80,24.90,22.00,25.00,21.00,20.40,22.90,20.70,20.60,20.40,21.00,21.10,25.00,22.00,23.00,25.30,24.60,22.60,21.80,21.90,25.80,21.40,23.40,25.80,21.70,25.90,20.40,24.60,24.20,21.20,23.80,21.50,22.60,21.90,25.60,21.90,23.20,20.90,20.80,23.10,21.50,20.00,22.80,20.90,20.10,22.50,22.00,24.70
TLM_RCV,-89,FG-ALPHA,20240415_084711,AUTO,0,31.40,5.00,-85,99.91,8.33,3.28,5.02,0,480,0,331,22.40,1013.00,11.90,406.10,13.23,52.75,1080,23.00,25.30,23.10,20.40,20.70,22.00,24.00,23.00,23.60,22.10,21.60,22.60,20.60,25.90,22.30,25.30,24.70,24.30,22.90,20.70,20.70,20.20,22.90,20.10,22.60,23.40,23.10,23.80,24.50,21.60,24.60,25.40,22.40,21.20,21.90,20.30,24.70,20.10,20.00,22.60,23.50,20.70,22.90,20.30,20.40,25.20,25.90,23.80,22.00,21.90,22.10,22.90,22.80,24.20,25.70,21.00,25.10,25.30,25.50,21.90,21.30,20.80,24.20,21.30
TLM_RCV,-78,FG-ALPHA,20240415_084712,AUTO,0,33.06,5.00,-85,99.87,8.33,3.30,5.02,0,413,0,264,22.07,1012.80,11.90,405.20,13.23,52.75,1080,24.10,23.40,21.90,24.50,24.60,23.60,23.70,24.60,23.10,20.80,23.30,21.90,25.00,20.60,20.10,22.10,25.20,25.70,21.80,23.50,20.40,21.00,21.20,25.30,21.10,24.20,24.00,23.40,20.40,21.80,21.30,21.30,22.70,20.00,23.90,22.60,25.20,25.60,21.30,21.20,21.80,21.80,20.70,21.60,24.10,21.50,21.60,20.80,22.10,25.90,23.70,25.20,24.30,21.20,20.00,24.30,75.10,22.80,23.40,23.90,22.30,20.30,23.90,21.40
TLM_RCV,-78,FG-ALPHA,20240415_084713,AUTO,0,31.20,5.00,-85,99.90,8.33,3.30,5.02,804,440,0,282,21.82,1012.90,11.80,405.70,13.23,52.75,1080,24.30,23.10,24.50,23.20,21.10,24.40,21.50,23.30,21.40,23.00,24.60,21.20,21.00,25.30,20.30,20.00,21.70,24.50,22.30,23.10,23.60,23.80,25.20,20.20,22.50,22.20,24.70,24.60,25.40,25.20,21.60,20.70,23.20,20.70,25.50,22.30,25.60,25.30,20.70,24.00,25.90,23.50,21.70,23.30,21.50,25.70,25.60,22.70,22.00,23.20,22.20,24.00,21.80,25.70,24.20,24.70,20.60,24.20,20.90,22.70,25.90,23.10,24.60,23.50
TLM_RCV,-56,FG-ALPHA,20240415_084714,AUTO,0,31.50,5.00,-85,99.96,8.32,3.29,5.02,1039,499,0,340,22.70,1013.50,12.00,405.80,13.23,52.75,1080,22.40,24.10,21.80,22.20,22.30,21.00,21.90,20.80,23.60,25.10,20.70,25.00,22.00,76.00,20.20,20.30,25.10,22.40,20.40,24.90,21.10,21.40,21.60,24.20,21.40,23.60,21.80,25.30,24.00,21.70,20.10,24.20,21.70,25.80,22.70,20.60,24.00,20.30,21.80,23.20,24.70,24.00,25.20,23.70,21.40,25.20,22.00,21.30,24.20,20.30,20.20,20.30,23.90,24.60,20.90,21.40,20.10,22.80,21.80,20.80,23.10,21.50,20.80,21.10
TLM_RCV,-63,FG-ALPHA,20240415_084715,AUTO,0,31.18,5.00,-85,100.00,8.33,3.28,5.02,1139,437,0,290,23.51,1012.90,11.80,405.40,13.24,52.75,1080,25.10,24.20,22.30,24.70,25.50,23.20,25.80,22.20,25.10,25.00,23.10,20.50,24.00,24.50,73.50,25.80,21.90,20.60,22.40,23.30,21.50,20.10,20.50,21.80,22.00,21.30,23.20,23.20,23.70,23.30,23.60,25.90,22.30,24.90,20.70,23.60,20.20,20.90,20.60,22.00,21.20,22.30,20.30,25.70,25.30,24.10,21.50,21.80,23.90,21.80,25.90,21.40,25.60,21.10,25.20,23.40,23.60,21.70,25.00,22.70,25.70,24.70,24.70,20.40
TLM_RCV,-50,FG-ALPHA,20240415_084716,AUTO,0,33.04,5.00,-85,100.00,8.34,3.31,5.02,1071,408,0,268,23.32,1012.70,11.90,405.90,13.24,52.75,1080,22.20,22.80,23.20,21.30,25.40,22.10,24.70,22.10,23.90,21.10,24.60,25.20,21.40,21.20,24.50,20.70,23.70,23.20,24.30,22.50,22.60,25.10,22.10,25.90,21.20,25.70,20.30,22.20,23.90,25.70,22.30,22.30,20.50,23.00,20.50,20.90,20.90,24.70,24.20,21.80,24.70,21.80,21.80,22.00,21.80,21.90,24.00,21.60,20.40,23.60,20.70,21.50,22.00,21.60,20.10,25.30,22.40,21.20,20.40,21.40,20.50,21.40,23.00,23.50
TLM_RCV,-45,FG-ALPHA,20240415_084717,AUTO,0,31.12,5.00,-85,100.00,8.34,3.31,5.02,1017,425,0,270,22.96,1013.40,11.90,404.50,13.24,52.75,1080,20.30,25.30,22.30,25.80,23.20,20.90,21.30,22.60,21.60,20.00,25.80,21.90,22.00,25.50,22.90,24.90,22.80,25.00,20.10,23.90,24.30,24.30,25.20,23.90,23.10,24.70,20.00,24.90,23.20,20.50,23.00,21.00,23.70,22.20,24.20,23.30,20.50,22.60,20.40,25.00,20.20,25.50,22.60,25.60,20.40,25.10,24.60,25.60,20.50,24.50,21.30,20.00,22.50,25.10,21.60,22.70,22.70,24.40,25.70,22.00,23.50,22.90,22.50,20.80
TLM_RCV,-94,FG-ALPHA,20240415_084718,AUTO,0,32.17,5.00,-85,100.00,8.34,3.31,5.02,1125,433,0,280,23.46,1013.30,12.00,405.70,13.24,52.75,1080,22.00,20.20,23.10,24.10,25.20,22.60,22.50,23.10,25.20,22.00,23.70,25.40,20.40,21.00,24.90,23.40,23.80,23.10,21.70,24.30,20.00,21.50,21.20,25.60,20.40,25.80,24.90,25.90,25.20,24.50,23.50,21.10,20.60,23.50,22.60,25.80,22.40,25.20,20.30,21.90,24.20,22.90,21.60,25.10,20.80,25.60,23.30,25.90,21.50,24.30,23.20,24.20,21.90,21.70,24.90,23.60,22.70,25.60,22.40,24.40,23.60,23.90,25.10,25.00
TLM_RCV,-84,FG-ALPHA,20240415_084719,AUTO,0,31.47,5.00,-85,100.00,8.33,3.28,5.02,839,494,0,340,21.73,1012.80,11.80,406.10,13.24,52.75,1080,25.00,20.60,23.10,24.10,24.80,21.00,24.00,25.80,24.60,24.90,23.10,23.80,24.20,21.70,23.10,21.50,23.00,24.30,24.30,22.40,21.80,24.30,21.50,22.20,20.10,22.60,20.50,20.10,23.70,22.50,22.00,21.90,25.50,25.30,21.40,22.10,21.30,21.40,23.20,20.90,20.10,25.00,21.00,21.10,22.10,22.80,23.30,20.70,24.40,23.70,25.70,25.40,25.30,21.60,21.00,22.40,20.20,22.40,21.60,21.20,25.60,25.70,21.50,24.80
TLM_RCV,-95,FG-ALPHA,20240415_084720,AUTO,0,31.53,5.00,-85,100.00,8.32,3.30,5.02,953,506,0,349,22.24,1013.20,12.10,405.90,13.24,52.75,1080,20.10,25.60,21.20,24.30,25.60,22.90,22.30,22.00,23.00,20.70,20.30,21.50,25.10,21.60,22.20,20.90,20.00,23.00,23.90,25.90,24.20,23.90,23.50,21.90,21.10,24.60,25.40,23.30,24.50,24.60,24.20,22.00,22.00,23.10,21.10,25.50,24.00,21.40,24.80,22.90,25.40,24.30,24.30,23.60,21.70,20.50,25.10,21.40,22.00,25.10,25.90,20.60,21.80,20.40,22.80,24.30,22.80,21.60,22.70,25.40,24.10,20.30,20.40,24.30
TLM_RCV,-50,FG-ALPHA,20240415_084721,AUTO,0,31.06,5.00,-85,99.96,8.34,3.31,5.02,0,411,0,259,22.06,1013.60,12.10,406.30,13.24,52.75,1080,24.10,23.50,25.50,22.90,20.70,22.40,21.50,22.30,22.70,21.20,23.60,22.10,20.80,25.20,23.90,24.40,24.30,22.90,20.10,24.50,21.10,23.20,24.00,22.90,21.10,25.60,25.00,21.40,24.10,22.10,22.20,25.60,24.50,24.80,24.90,25.80,20.70,21.20,21.20,25.80,23.10,24.70,23.30,25.80,21.70,25.70,20.00,24.40,24.40,21.20,20.80,23.50,23.50,21.50,20.10,21.70,24.50,20.10,22.00,25.20,22.20,25.50,20.00,25.80
TLM_RCV,-71,FG-ALPHA,20240415_084722,AUTO,0,32.11,5.00,-85,100.00,8.34,3.29,5.02,971,422,0,268,22.75,1012.80,11.90,404.60,13.24,52.75,1080,24.80,22.20,25.90,21.10,21.90,21.70,22.80,20.80,24.70,21.80,24.80,21.60,23.90,20.80,21.80,20.10,25.80,22.30,20.90,22.50,24.20,21.50,23.10,21.00,22.60,20.30,21.40,21.50,21.00,24.30,22.60,20.70,20.30,25.90,22.60,21.60,20.90,20.10,23.90,25.80,21.70,21.90,25.60,22.30,22.60,20.50,20.50,22.60,23.60,20.40,24.10,24.80,23.70,20.30,23.00,21.00,22.70,20.20,22.00,21.90,22.50,20.00,22.90,20.60
TLM_RCV,-62,FG-ALPHA,20240415_084723,AUTO,0,32.38,5.00,-85,100.00,8.33,3.30,5.02,1068,476,0,331,22.96,1012.90,11.90,406.30,13.24,52.75,1080,23.60,23.60,25.20,22.20,22.80,23.10,24.80,25.00,23.80,25.60,20.70,23.90,24.60,24.60,22.70,21.50,20.80,20.40,22.50,23.90,25.90,24.60,20.10,22.80,20.00,23.10,23.70,22.20,20.60,20.70,25.90,20.80,25.50,20.20,24.30,20.00,25.40,23.90,22.20,24.00,23.00,21.80,23.90,25.50,20.90,21.80,20.50,22.00,22.60,22.30,20.10,21.30,21.60,24.20,25.40,22.10,20.50,21.70,25.90,20.50,25.40,24.30,25.50,23.80
TLM_RCV,-89,FG-ALPHA,20240415_084724,AUTO,0,31.22,5.00,-85,99.96,8.33,3.29,5.02,0,443,0,290,22.22,1012.90,12.00,405.40,13.24,52.75,1080,23.60,24.40,22.00,20.60,22.20,23.00,20.80,22.60,23.10,22.80,21.80,20.00,22.80,24.90,22.70,22.90,22.10,22.10,25.40,21.80,25.10,24.60,22.60,20.20,20.30,21.50,22.30,25.20,25.50,23.70,23.40,22.20,24.70,22.40,22.20,22.70,20.10,21.10,20.70,20.40,23.40,24.60,20.70,21.00,25.90,25.40,25.60,23.30,24.10,22.80,22.40,20.30,20.50,23.70,20.00,24.70,21.60,22.00,20.90,24.50,23.70,24.90,21.70,20.50
TLM_RCV,-53,FG-ALPHA,20240415_084725,AUTO,0,32.19,5.00,-85,100.00,8.33,3.31,5.02,898,439,0,297,22.30,1013.50,12.00,405.30,13.25,52.75,1080,23.30,23.70,23.70,24.60,20.40,25.90,21.30,20.20,21.90,20.10,22.70,20.40,22.50,22.60,20.40,25.40,22.40,23.10,20.00,20.90,20.10,25.10,24.80,25.30,23.30,22.30,24.00,24.50,23.00,20.80,25.60,23.10,20.00,20.60,22.30,25.40,24.10,24.80,20.50,24.80,21.70,25.30,21.20,22.50,23.80,20.60,21.10,24.80,25.40,20.30,23.80,24.20,24.10,23.00,23.00,20.60,24.90,20.10,24.30,23.00,21.10,24.40,24.10,25.10
TLM_RCV,-69,FG-ALPHA,20240415_084726,AUTO,0,31.49,5.00,-85,100.00,8.33,3.30,5.02,1157,498,0,340,23.30,1012.90,11.90,406.20,13.25,52.75,1080,22.50,22.90,20.00,24.90,25.60,24.20,25.10,24.10,23.40,21.70,24.90,22.70,24.50,23.10,20.10,20.50,20.10,23.30,25.70,22.80,22.20,22.50,24.20,24.30,23.50,24.00,21.90,24.70,25.70,20.80,22.30,25.30,20.70,21.90,23.80,21.10,23.40,20.00,24.70,24.70,21.30,23.80,23.80,22.40,20.40,20.60,25.80,25.30,20.20,24.30,23.70,20.10,22.70,24.50,23.20,20.60,23.50,24.40,25.90,20.30,21.90,22.60,20.50,20.80
TLM_RCV,-74,FG-ALPHA,20240415_084727,AUTO,0,31.49,5.00,-85,100.00,8.33,3.28,5.02,841,498,0,340,21.72,1013.10,12.00,406.20,13.25,52.75,1080,25.20,20.00,20.40,22.10,21.70,20.60,23.50,23.80,24.00,24.70,20.00,23.80,22.70,23.20,21.80,25.40,20.40,23.00,20.10,20.20,20.40,21.30,23.10,24.60,23.30,20.40,20.80,24.50,20.00,22.70,25.10,21.40,23.50,20.90,21.80,22.00,22.20,22.80,22.20,23.90,25.90,20.90,20.10,23.10,24.50,22.30,23.80,24.50,25.90,21.50,22.50,21.90,22.90,24.50,23.40,25.00,20.70,22.00,25.20,20.70,20.40,24.30,23.70,25.10
TLM_RCV,-94,FG-ALPHA,20240415_084728,AUTO,0,33.06,5.00,-85,99.96,8.34,3.31,5.02,0,411,0,263,22.06,1012.80,11.80,406.40,13.25,52.75,1080,24.90,23.90,21.60,20.80,23.50,22.20,23.10,21.80,21.20,24.10,21.00,23.00,24.50,20.40,24.30,23.70,25.70,25.20,21.20,20.10,25.50,23.80,25.50,22.60,22.80,24.80,25.30,23.20,24.70,21.00,24.80,25.80,20.30,25.60,23.10,22.80,24.70,21.50,22.70,21.60,23.00,22.90,21.90,22.60,24.80,25.60,21.20,25.60,22.30,23.10,24.60,24.70,25.00,22.50,21.00,20.40,20.50,21.30,21.80,24.50,20.40,21.80,24.50,24.40
TLM_RCV,-48,FG-ALPHA,20240415_084729,AUTO,0,33.44,5.00,-85,99.91,8.32,3.31,5.02,0,487,0,345,22.43,1013.60,12.10,405.30,13.25,52.75,1080,21.40,20.20,23.50,20.10,23.10,21.90,21.30,25.60,22.70,23.10,23.80,22.30,20.30,25.50,21.70,21.20,21.80,21.40,22.40,22.30,21.10,24.50,20.80,24.20,20.60,23.50,24.30,24.70,24.50,25.40,23.80,21.40,23.30,21.00,20.70,20.00,24.70,21.20,25.10,22.20,21.10,21.80,23.50,25.90,22.20,23.30,23.50,21.80,25.90,21.80,20.70,24.20,24.20,25.10,23.20,20.30,22.60,24.90,22.10,23.90,23.00,24.10,20.00,24.60
TLM_RCV,-75,FG-ALPHA,20240415_084730,AUTO,0,31.39,5.00,-85,99.95,8.33,3.30,5.02,849,478,0,327,21.85,1013.00,11.90,405.30,13.25,52.75,1080,78.00,22.90,20.30,24.90,23.90,25.20,25.70,23.30,20.00,24.00,21.50,23.70,22.40,25.60,25.00,21.90,21.30,23.10,22.30,22.10,21.90,23.80,23.70,20.60,23.00,24.00,22.20,20.10,20.10,25.20,22.70,22.90,23.80,24.30,21.70,20.10,20.00,24.90,21.80,20.30,20.20,25.00,20.70,24.90,23.80,24.20,23.70,21.90,21.70,24.60,23.60,25.80,22.30,21.30,21.00,23.90,23.40,23.10,20.80,25.60,25.60,22.70,25.60,24.00
TLM_RCV,-43,FG-ALPHA,20240415_084731,AUTO,0,31.03,5.00,-85,99.99,8.34,3.31,5.02,805,407,0,255,21.99,1012.70,11.80,405.80,13.25,52.75,1080,21.60,25.50,23.10,21.60,23.40,20.40,24.70,22.80,20.30,25.00,25.80,25.40,22.60,20.70,21.10,20.60,21.50,23.30,23.30,24.80,23.00,20.50,25.20,20.70,24.00,23.80,22.00,21.20,21.50,25.60,25.00,21.00,23.90,22.80,20.50,25.30,20.60,22.70,20.10,21.00,21.10,21.10,22.60,23.60,22.20,25.60,20.50,21.00,22.70,24.40,24.00,22.60,25.60,24.60,21.00,24.10,25.00,24.60,20.80,21.40,21.00,23.20,25.10,20.40
TLM_RCV,-52,FG-ALPHA,20240415_084732,AUTO,0,33.14,5.00,-85,100.00,8.34,3.28,5.02,1088,428,0,284,23.30,1013.40,12.10,405.80,13.25,52.75,1080,23.80,21.30,22.90,24.00,23.40,25.30,25.30,21.70,21.60,21.90,22.10,22.30,22.10,21.80,23.50,23.40,21.30,22.20,20.40,21.70,20.70,20.20,25.20,21.60,20.10,22.00,25.10,22.10,21.60,20.10,24.10,21.90,24.70,22.40,25.00,23.70,25.70,25.10,20.30,25.20,22.50,20.40,22.80,21.90,22.00,21.60,23.60,21.10,24.60,22.30,23.40,22.80,21.50,20.10,23.50,22.10,21.60,21.90,23.50,23.70,23.40,22.90,22.10,23.40
TLM_RCV,-83,FG-ALPHA,20240415_084733,AUTO,0,33.26,5.00,-85,100.00,8.33,3.28,5.02,914,451,0,300,22.32,1013.10,12.10,405.20,13.25,52.75,1080,23.10,23.30,24.50,24.40,22.70,24.10,24.80,25.70,24.40,25.50,22.90,23.10,24.90,21.70,25.50,22.30,25.00,25.80,24.70,23.70,22.50,23.60,20.00,21.80,23.10,23.80,21.80,21.90,20.60,22.50,25.50,24.60,20.00,25.30,24.90,22.10,21.40,20.70,22.30,23.40,20.90,25.50,25.70,25.30,25.70,20.70,20.10,20.80,21.20,24.60,25.20,25.40,23.80,24.60,22.10,20.10,24.60,25.30,25.10,20.90,21.80,23.70,21.90,22.40
TLM_RCV,-80,FG-ALPHA,20240415_084734,AUTO,0,33.44,5.00,-85,100.00,8.33,3.28,5.02,814,488,0,345,21.63,1013.10,12.10,406.00,13.25,52.75,1080,20.40,23.90,21.80,22.50,22.00,20.30,25.50,25.30,21.30,24.20,23.90,24.70,22.90,20.70,23.50,25.50,20.20,21.70,22.70,23.00,23.80,22.60,25.00,25.70,21.00,24.70,23.60,24.70,25.30,23.20,22.30,24.30,21.90,23.70,20.30,25.60,23.70,22.50,20.70,20.50,20.80,23.80,23.70,25.10,21.30,25.30,25.20,25.10,22.50,22.80,20.00,24.20,20.70,22.70,25.30,21.70,25.90,23.10,23.00,21.50,25.80,20.50,22.20,25.00
TLM_RCV,-78,FG-ALPHA,20240415_084735,AUTO,0,32.49,5.00,-85,100.00,8.33,3.28,5.02,878,498,0,341,21.90,1012.70,11.80,405.20,13.26,52.75,1080,84.10,22.50,20.00,23.30,23.30,25.90,25.20,22.30,20.90,23.50,24.90,23.80,21.10,25.10,25.10,21.70,24.60,21.90,20.90,25.80,24.30,25.70,25.10,24.90,24.70,25.20,22.90,20.50,22.90,24.40,23.20,25.00,20.40,23.80,21.30,22.60,21.80,25.60,23.10,24.10,22.00,22.20,22.90,22.30,23.80,24.20,25.50,21.80,25.80,22.20,20.90,25.40,23.90,24.30,25.00,21.20,21.40,24.90,21.80,21.30,20.80,21.50,20.30,25.00
TLM_RCV,-57,FG-ALPHA,20240415_084736,AUTO,0,32.49,5.00,-85,100.00,8.33,3.28,5.02,946,497,0,346,22.25,1013.60,11.90,405.60,13.26,52.75,1080,20.50,20.30,25.60,20.20,24.10,20.70,25.40,25.40,24.50,20.90,20.00,24.10,20.90,22.90,22.90,20.40,22.60,22.70,21.50,22.40,22.90,23.80,23.20,25.90,21.40,24.90,22.70,21.60,22.90,25.20,20.20,23.60,24.30,21.90,23.20,20.10,23.40,24.30,25.80,22.80,22.50,20.30,24.40,20.40,21.00,20.30,22.40,20.20,23.10,20.40,24.00,21.60,22.50,21.30,22.50,70.20,20.80,25.60,23.60,25.40,25.70,21.10,23.50,24.30
TLM_RCV,-84,FG-ALPHA,20240415_084737,AUTO,0,32.35,5.00,-85,100.00,8.33,3.30,5.02,1091,471,0,325,23.10,1012.90,11.90,404.60,13.26,52.75,1080,21.20,20.40,23.90,20.30,21.80,25.20,24.20,24.20,20.90,21.70,21.70,20.10,22.10,22.70,23.90,22.00,25.00,20.20,22.60,22.80,23.00,21.50,20.60,21.90,22.10,23.20,24.60,20.80,25.90,24.50,24.80,24.30,24.60,23.00,21.80,22.90,22.10,24.80,21.40,22.50,23.30,21.20,25.50,21.90,25.70,23.70,22.40,20.00,20.10,25.00,23.10,21.10,22.70,21.60,25.50,23.00,25.00,25.20,21.70,25.40,25.20,20.70,24.50,22.00
TLM_RCV,-65,FG-ALPHA,20240415_084738,AUTO,0,31.25,5.00,-85,100.00,8.33,3.29,5.02,939,451,0,302,22.44,1013.40,12.00,405.10,13.26,52.75,1080,20.60,24.10,23.90,25.30,23.80,23.20,24.50,23.20,21.10,21.50,20.90,25.20,22.50,23.80,24.90,21.90,21.70,22.70,24.60,22.20,22.80,23.90,21.60,23.00,23.50,25.40,22.30,25.50,23.90,25.80,20.50,24.90,25.20,23.10,21.40,23.40,24.90,21.60,25.00,23.10,22.50,21.00,25.80,23.50,22.10,20.60,23.80,22.20,20.90,20.20,24.90,21.30,25.40,25.90,22.60,22.10,25.00,22.90,24.60,25.80,23.90,23.10,20.20,24.80
TLM_RCV,-92,FG-ALPHA,20240415_084739,AUTO,0,33.26,5.00,-85,100.00,8.33,3.29,5.02,936,451,0,311,22.42,1013.50,11.80,405.40,13.26,52.75,1080,22.50,25.50,25.20,21.30,21.70,24.00,23.80,23.80,21.00,20.30,20.40,23.10,23.00,21.90,21.80,24.10,23.70,25.70,25.80,22.20,24.80,21.60,24.90,22.80,20.90,21.50,23.80,22.90,21.20,24.80,25.40,20.00,21.70,25.90,24.00,22.20,21.20,25.40,24.30,22.10,21.50,24.80,20.30,24.20,20.60,23.20,21.80,20.10,23.00,25.60,24.30,20.70,20.10,25.80,24.40,23.30,22.80,25.20,25.20,24.90,21.30,22.20,23.70,22.50
TLM_RCV,-77,FG-ALPHA,20240415_084740,AUTO,0,32.31,5.00,-85,100.00,8.33,3.28,5.02,1177,463,0,304,23.57,1013.20,11.90,406.00,13.26,52.75,1080,22.90,20.40,21.30,25.30,22.90,23.10,21.60,23.10,21.10,22.10,22.00,23.00,21.80,21.00,20.30,24.20,21.40,22.70,22.40,21.70,24.30,20.40,20.20,24.80,23.50,20.10,25.00,23.90,22.50,23.80,20.10,22.50,23.90,23.40,23.00,80.40,23.90,23.80,20.70,21.20,22.50,21.50,20.60,25.40,21.30,23.00,20.40,24.40,22.80,25.20,20.20,22.30,23.40,21.30,24.10,25.20,25.40,22.00,24.00,25.00,21.20,24.20,23.10,20.60
TLM_RCV,-69,FG-ALPHA,20240415_084741,AUTO,0,31.30,5.00,-85,100.00,8.33,3.31,5.02,1190,460,0,304,23.65,1012.80,12.00,406.10,13.26,52.75,1080,22.80,21.80,22.20,21.70,21.90,23.00,20.50,24.00,23.10,22.00,24.80,22.60,25.40,20.10,24.40,24.40,21.30,20.80,24.10,22.50,21.20,20.10,20.20,20.00,20.90,24.20,22.20,24.00,23.40,23.70,21.00,23.50,22.70,25.50,23.90,23.60,20.10,25.10,25.80,22.30,20.80,23.10,20.60,25.00,24.60,21.90,20.20,21.90,24.00,21.10,24.50,21.60,23.80,22.40,25.80,20.30,24.10,24.00,20.60,20.50,24.00,25.50,21.90,25.90
TLM_RCV,-84,FG-ALPHA,20240415_084742,AUTO,0,32.35,5.00,-85,100.00,8.33,3.29,5.02,984,471,0,326,22.57,1012.90,11.80,406.10,13.26,52.75,1080,24.70,25.20,24.30,22.50,20.60,21.30,20.20,23.50,25.40,23.10,22.30,25.30,21.00,24.70,20.30,23.40,25.00,23.00,21.70,22.10,24.90,22.80,21.80,21.20,21.20,25.30,21.90,22.70,23.70,20.20,25.80,22.10,24.00,22.80,22.60,22.50,20.80,25.30,23.20,25.00,22.60,23.70,21.50,23.40,25.30,25.90,21.20,23.30,20.30,25.40,25.60,21.00,24.60,21.10,23.40,20.00,23.60,24.60,24.40,25.60,24.00,25.00,23.10,22.70
TLM_RCV,-50,FG-ALPHA,20240415_084743,AUTO,0,33.00,5.00,-85,99.96,8.34,3.31,5.02,0,400,0,251,22.00,1012.80,11.80,404.80,13.26,52.75,1080,22.70,20.30,22.90,20.30,22.20,24.00,24.00,23.70,22.50,20.90,25.90,24.50,20.70,25.60,23.30,21.40,21.70,21.90,22.30,22.30,21.60,21.40,22.20,25.70,23.50,20.60,23.90,22.70,24.20,24.10,24.60,23.10,24.80,25.30,25.30,22.30,20.80,23.10,21.00,23.40,25.00,20.80,24.20,20.80,21.60,23.40,22.00,21.40,20.60,21.30,24.50,21.30,23.30,24.80,21.90,21.40,24.50,22.10,24.50,21.90,25.70,24.00,23.00,20.80
TLM_RCV,-79,FG-ALPHA,20240415_084744,AUTO,0,31.09,5.00,-85,100.00,8.34,3.31,5.02,919,419,0,271,22.50,1013.60,11.90,406.40,13.26,52.75,1080,23.30,24.30,25.80,21.20,24.60,23.10,25.30,23.90,20.80,25.80,22.00,25.70,20.50,23.70,24.30,21.30,20.90,24.60,23.20,24.20,20.80,24.50,21.70,20.20,20.10,23.20,25.80,21.70,23.20,25.00,24.10,23.10,24.10,21.30,23.50,20.70,24.20,21.90,23.90,20.00,21.00,24.50,22.10,24.70,21.90,25.70,22.30,23.70,20.90,80.90,23.80,22.80,25.20,21.60,21.80,20.40,24.80,25.50,21.60,22.20,24.50,24.80,20.20,20.10
TLM_RCV,-65,FG-ALPHA,20240415_084745,AUTO,0,33.26,5.00,-85,100.00,8.33,3.28,5.02,927,452,0,300,22.37,1012.90,11.90,405.70,13.27,52.75,1080,24.80,22.90,23.30,22.40,20.20,20.00,24.20,21.60,20.40,20.80,21.40,23.70,23.80,22.40,21.80,21.00,25.90,25.80,23.70,23.80,24.00,23.30,22.30,24.20,20.90,25.90,21.40,25.10,21.00,22.50,22.00,24.00,21.00,23.50,20.60,24.60,25.60,20.00,22.40,20.50,22.20,25.70,21.00,20.70,23.00,25.70,23.20,22.50,25.50,23.90,24.40,25.70,25.80,23.20,22.40,21.00,22.70,23.70,22.70,22.00,20.40,23.40,24.10,20.60
TLM_RCV,-47,FG-ALPHA,20240415_084746,AUTO,0,31.48,5.00,-85,100.00,8.33,3.30,5.02,992,496,0,340,22.48,1012.90,11.80,404.70,13.27,52.75,1080,22.40,23.70,25.00,22.70,20.60,23.40,25.20,24.50,21.00,25.10,23.30,25.10,24.60,21.00,23.50,23.40,21.10,21.90,23.20,20.10,24.20,21.50,23.90,22.40,20.70,24.30,20.00,22.90,23.70,21.20,21.30,23.00,20.20,23.90,25.60,21.20,25.30,23.80,22.60,21.90,24.70,22.70,25.90,23.00,22.50,22.10,21.00,23.40,21.20,25.70,22.20,24.20,20.20,24.50,20.20,21.20,23.50,22.90,24.60,25.90,20.60,20.80,25.10,21.40
TLM_RCV,-62,FG-ALPHA,20240415_084747,AUTO,0,31.34,5.00,-85,100.00,8.33,3.28,5.02,899,468,0,315,22.16,1013.10,11.90,404.50,13.27,52.75,1080,25.10,25.40,21.40,22.70,23.60,21.70,25.90,21.50,20.70,23.90,24.60,25.20,20.20,25.60,23.10,24.30,20.20,23.30,23.80,20.40,20.80,25.50,25.70,24.10,24.10,22.70,23.60,23.80,23.90,23.00,20.20,23.60,20.40,22.60,25.90,22.40,22.90,23.60,23.80,25.90,22.10,22.80,22.20,24.00,22.50,20.60,23.20,23.20,24.60,24.00,21.40,25.20,22.90,23.00,22.70,24.20,20.10,21.20,22.30,21.40,25.40,20.30,25.80,23.60
TLM_RCV,-51,FG-ALPHA,20240415_084809,AUTO,0,32.05,5.00,-85,100.00,8.34,3.31,5.02,942,410,0,256,22.66,1013.60,12.00,405.00,13.29,52.75,1080,21.00,24.60,22.10,22.50,23.40,20.90,21.50,20.90,21.00,25.60,20.40,20.00,20.30,23.20,21.50,23.40,23.60,22.30,22.80,25.50,22.90,23.40,20.40,24.80,24.40,24.50,25.30,25.20,23.90,20.10,25.00,21.50,24.20,23.20,23.40,21.60,21.10,25.60,22.90,20.50,20.10,22.90,25.10,25.00,21.90,23.40,25.70,25.00,22.60,25.80,25.90,24.30,24.20,22.40,23.90,25.30,20.50,22.90,24.00,23.80,22.50,24.60,22.70,20.40
TLM_RCV,-61,FG-ALPHA,20240415_084810,AUTO,0,32.19,5.00,-85,99.96,8.33,3.29,5.02,0,438,0,293,22.19,1012.70,12.00,405.90,13.29,52.75,1080,22.20,20.70,23.80,24.20,24.60,20.10,23.80,20.80,22.50,25.70,25.30,25.20,25.80,25.40,20.80,20.00,20.20,24.50,22.70,21.80,21.00,20.10,20.70,24.70,25.20,23.20,20.00,24.50,25.40,24.40,20.60,20.60,25.30,25.90,20.00,21.80,25.00,21.20,20.60,20.60,20.40,20.50,21.00,22.50,20.40,20.20,22.10,20.40,20.90,23.70,24.10,22.40,21.80,22.00,23.10,25.20,24.30,22.50,23.60,22.60,23.30,20.10,24.70,22.20
TLM_RCV,-58,FG-ALPHA,20240415_084811,AUTO,0,32.42,5.00,-85,100.00,8.33,3.28,5.02,1027,483,0,339,22.72,1013.00,12.00,405.10,13.29,52.75,1080,20.20,25.80,22.70,22.10,23.90,21.40,24.60,22.80,21.80,25.80,21.60,24.50,23.10,20.40,21.80,21.90,25.50,21.00,21.90,22.30,21.30,23.50,21.20,21.80,22.70,24.70,20.80,25.30,20.50,20.20,22.80,25.30,20.50,21.00,21.70,24.70,20.70,25.30,25.50,22.60,25.00,24.30,25.70,20.20,20.30,23.90,24.10,25.90,20.80,21.00,21.10,21.40,22.30,21.00,21.80,23.30,20.00,24.30,20.80,20.20,21.60,21.40,25.10,25.20
TLM_RCV,-48,FG-ALPHA,20240415_084812,AUTO,0,33.08,5.00,-85,100.00,8.34,3.31,5.02,812,416,0,268,21.98,1013.60,11.90,406.10,13.29,52.75,1080,25.30,21.50,25.50,23.90,24.30,21.10,20.90,23.90,22.00,25.60,25.40,22.40,25.10,25.30,20.30,22.60,23.40,24.00,21.10,23.20,24.80,22.30,21.30,20.30,25.10,23.80,23.80,23.30,21.80,25.90,23.30,20.80,23.80,21.40,23.70,20.50,24.90,22.20,23.90,21.10,23.60,24.70,22.80,21.90,23.00,23.30,22.20,22.50,25.70,25.80,25.50,25.60,20.50,24.60,23.30,23.80,21.80,25.50,20.80,22.40,24.10,21.20,22.70,23.50
TLM_RCV,-50,FG-ALPHA,20240415_084813,AUTO,0,32.34,5.00,-85,100.00,8.33,3.30,5.02,838,468,0,309,21.85,1013.60,12.00,404.60,13.29,52.75,1080,20.00,21.10,24.00,20.90,21.00,20.80,21.40,22.90,21.40,25.50,21.40,20.40,25.90,24.30,25.10,25.10,24.90,24.00,20.40,20.50,23.90,25.20,25.90,20.30,20.00,22.80,20.90,25.10,24.20,23.20,20.40,25.70,25.80,25.10,22.50,25.10,23.70,24.60,20.70,20.90,21.70,24.50,20.10,22.40,24.40,20.60,23.30,22.70,22.20,20.80,21.20,24.80,23.60,20.30,22.40,23.60,20.50,23.60,23.10,25.30,22.00,25.40,23.10,21.90
TLM_RCV,-89,FG-ALPHA,20240415_084814,AUTO,0,31.08,5.00,-85,99.96,8.34,3.30,5.02,0,415,0,263,22.08,1013.10,11.80,405.10,13.29,52.75,1080,24.50,25.20,25.90,21.80,21.60,24.00,25.90,25.00,22.00,20.30,24.40,20.30,25.80,24.00,20.10,21.70,24.50,23.50,23.70,21.00,25.70,23.50,21.20,23.40,22.80,23.10,24.00,25.20,20.30,24.80,20.90,24.80,20.80,25.10,20.20,20.30,24.10,23.20,23.70,25.50,25.50,25.40,22.90,22.80,22.20,20.10,24.20,23.30,20.70,22.20,21.30,25.20,20.80,23.20,20.90,25.50,23.30,24.50,20.20,21.10,22.30,25.50,25.20,23.60
TLM_RCV,-93,FG-ALPHA,20240415_084815,AUTO,0,31.12,5.00,-85,100.00,8.34,3.31,5.02,903,424,0,276,22.40,1012.70,11.80,405.80,13.30,52.75,1080,20.70,25.20,24.50,23.40,25.10,20.70,23.30,21.30,23.70,24.00,24.40,23.80,21.30,23.80,25.20,23.20,20.50,23.60,20.10,22.90,23.80,23.70,20.30,25.20,23.70,24.30,25.90,25.70,24.20,21.90,24.80,24.20,22.40,24.50,23.20,25.10,24.30,24.80,24.20,25.40,23.30,22.20,25.20,20.60,23.40,20.20,24.40,22.40,22.40,23.10,20.40,25.50,20.60,25.80,24.40,25.80,23.60,25.10,21.60,22.00,23.00,24.60,22.70,20.90
TLM_RCV,-61,FG-ALPHA,20240415_084816,AUTO,0,32.48,5.00,-85,100.00,8.33,3.28,5.02,988,496,0,337,22.46,1012.80,11.90,405.70,13.30,52.75,1080,24.50,22.60,25.20,21.30,23.50,23.20,24.30,21.30,23.10,22.70,21.90,25.40,24.20,22.80,21.20,22.90,25.40,25.20,24.90,25.80,24.20,22.50,22.50,25.40,21.30,23.30,24.20,23.50,25.70,23.90,21.00,22.10,24.80,21.90,20.60,20.80,24.20,21.30,24.60,20.60,23.50,21.40,20.60,24.50,23.30,23.50,22.30,24.70,20.10,23.90,21.90,21.70,20.10,24.80,23.70,23.50,22.50,22.70,25.50,21.70,23.50,21.00,22.70,24.30
TLM_RCV,-47,FG-ALPHA,20240415_084817,AUTO,0,32.44,5.00,-85,100.00,8.33,3.31,5.02,973,488,0,342,22.42,1013.40,11.90,406.40,13.30,52.75,1080,25.10,24.40,25.30,24.80,25.30,20.40,20.00,21.30,21.50,20.80,21.80,20.00,21.60,23.20,25.70,25.20,24.30,21.40,21.50,24.90,22.60,20.50,21.30,20.20,23.10,20.00,23.00,21.50,21.20,20.40,20.50,21.90,22.80,23.50,25.60,20.60,21.60,20.90,23.60,21.60,23.80,21.20,20.60,25.80,23.00,21.10,23.50,22.20,25.10,20.10,22.20,22.20,23.70,24.60,21.20,20.30,23.40,25.20,23.10,24.80,25.00,25.90,24.10,25.80
TLM_RCV,-54,FG-ALPHA,20240415_084818,AUTO,0,32.13,5.00,-85,100.00,8.34,3.29,5.02,998,426,0,280,22.86,1012.90,12.10,405.50,13.30,52.75,1080,21.30,20.50,21.00,24.00,23.30,23.90,21.10,21.40,21.70,22.50,25.40,24.50,22.60,24.60,20.00,23.60,20.90,21.60,20.00,22.00,20.10,20.60,22.70,25.90,25.80,20.80,25.10,23.10,21.40,21.80,22.70,24.00,22.30,21.70,23.00,25.80,20.20,22.50,25.80,22.10,20.10,25.20,24.40,24.20,22.30,23.00,23.50,20.50,21.00,24.20,87.00,22.40,20.70,22.10,20.30,24.80,21.30,22.80,23.10,23.10,20.90,20.20,23.70,23.30
TLM_RCV,-59,FG-ALPHA,20240415_084819,AUTO,0,31.05,5.00,-85,100.00,8.34,3.29,5.02,1108,409,0,265,23.50,1013.50,12.00,405.80,13.30,52.75,1080,20.90,23.70,20.90,24.20,23.80,22.00,22.90,23.40,21.10,22.70,24.30,25.40,22.00,22.90,24.70,20.20,20.50,20.20,20.40,25.60,21.00,21.00,21.30,22.50,22.80,25.20,20.30,25.50,21.00,21.40,22.00,20.30,23.00,23.10,22.00,23.40,25.70,25.00,23.50,23.90,20.70,25.40,24.90,20.30,24.50,20.80,22.00,23.20,24.00,24.10,23.80,23.80,23.90,23.40,20.60,23.80,20.00,22.00,24.20,23.70,22.40,24.20,22.50,23.90
TLM_RCV,-53,FG-ALPHA,20240415_084820,AUTO,0,32.45,5.00,-85,100.00,8.33,3.31,5.02,1031,490,0,338,22.70,1012.90,12.00,406.40,13.30,52.75,1080,24.00,20.20,24.30,20.10,22.60,23.10,24.30,23.60,24.20,21.50,22.20,22.90,23.90,21.10,25.40,21.10,22.80,23.40,23.90,21.40,78.80,23.00,21.70,25.40,21.80,24.40,25.30,24.50,22.10,21.30,23.10,24.80,20.00,20.90,22.70,25.80,23.70,23.30,25.80,24.60,23.80,25.80,24.40,22.10,20.80,24.80,23.40,24.20,22.60,21.40,25.30,20.90,22.30,24.00,25.70,20.00,24.80,20.50,25.30,21.60,22.70,24.70,21.30,20.80
TLM_RCV,-56,FG-ALPHA,20240415_084821,AUTO,0,33.44,5.00,-85,100.00,8.33,3.30,5.02,1010,487,0,331,22.61,1013.50,11.90,404.70,13.30,52.75,1080,20.10,23.80,24.40,25.90,25.80,25.00,25.20,23.80,24.50,22.90,21.10,21.50,22.20,25.60,21.40,20.30,21.60,20.70,20.60,20.90,20.20,24.00,20.60,20.00,24.40,25.10,24.40,20.80,22.20,21.60,25.40,24.60,20.00,25.40,21.20,23.80,24.40,23.10,23.20,21.40,23.60,21.10,22.30,20.80,23.10,21.20,21.80,24.90,21.70,21.80,22.80,20.90,25.10,25.20,22.90,23.90,25.60,22.80,22.50,24.20,20.90,21.20,21.60,21.70
TLM_RCV,-95,FG-ALPHA,20240415_084822,AUTO,0,31.45,5.00,-85,100.00,8.33,3.30,5.02,959,490,0,342,22.34,1013.40,11.90,404.50,13.30,52.75,1080,20.40,25.60,21.90,20.90,23.80,25.40,22.90,22.20,21.50,21.80,24.00,23.40,20.30,23.40,24.10,21.80,22.30,22.10,21.80,21.10,25.00,22.80,20.70,24.80,24.50,21.10,24.70,21.60,24.10,20.60,20.80,20.00,22.90,20.60,23.90,25.00,22.90,21.60,21.60,21.20,24.00,22.30,24.90,20.10,20.20,24.80,25.80,20.30,20.90,25.30,23.90,23.90,20.70,25.20,25.60,20.60,20.80,23.90,21.20,23.50,21.30,23.20,23.90,22.10
TLM_RCV,-56,FG-ALPHA,20240415_084823,AUTO,0,31.22,5.00,-85,99.96,8.33,3.31,5.02,0,444,0,302,22.22,1013.20,11.90,405.10,13.30,52.75,1080,20.50,25.50,23.10,23.80,25.40,20.10,24.40,23.10,20.00,21.40,25.80,20.10,21.70,23.30,23.50,20.50,25.10,24.90,21.70,25.90,23.30,25.80,24.80,25.90,24.00,22.60,22.90,21.00,25.20,25.20,22.20,21.00,23.60,21.30,21.30,25.00,20.50,25.80,20.70,25.00,20.80,25.00,20.70,23.40,23.00,24.10,21.10,24.40,20.10,22.50,21.60,23.10,20.80,24.60,23.60,25.00,24.10,23.30,23.30,20.10,23.90,20.20,20.30,25.80
TLM_RCV,-43,FG-ALPHA,20240415_084824,AUTO,0,33.40,5.00,-85,99.91,8.33,3.29,5.02,0,479,0,321,22.40,1012.90,11.80,405.00,13.30,52.75,1080,22.80,22.10,20.20,23.30,23.80,22.60,25.90,21.90,20.60,21.70,24.00,22.70,24.60,21.00,22.80,21.50,21.70,24.30,22.10,23.60,20.00,24.40,24.40,22.00,22.50,21.00,21.00,25.10,24.90,21.00,24.50,22.60,22.30,20.00,22.80,21.40,25.30,20.40,24.90,23.30,24.10,21.40,21.80,23.90,20.90,25.50,24.30,25.10,20.70,22.50,20.00,21.90,20.90,24.90,25.70,22.40,20.20,20.30,24.10,22.00,23.10,20.40,22.50,24.70
TLM_RCV,-63,FG-ALPHA,20240415_084825,AUTO,0,32.17,5.00,-85,99.95,8.33,3.31,5.02,856,434,0,290,22.11,1013.20,12.00,406.30,13.31,52.75,1080,25.40,25.30,22.00,24.40,25.30,22.10,23.00,22.90,20.20,25.70,22.20,25.10,21.40,23.60,24.20,21.50,20.20,22.20,24.90,20.50,25.80,22.40,21.10,23.90,23.70,25.40,21.60,22.20,21.00,24.50,25.40,21.50,21.60,24.80,24.10,20.50,21.00,25.60,22.40,20.20,22.80,20.00,20.70,23.80,23.40,21.70,22.10,22.60,21.30,20.80,20.70,24.10,20.50,20.30,25.40,21.20,21.70,22.20,21.80,20.20,21.10,24.60,23.70,24.20
TLM_RCV,-50,FG-ALPHA,20240415_084826,AUTO,0,31.23,5.00,-85,99.99,8.33,3.30,5.02,883,446,0,291,22.18,1013.10,12.10,405.70,13.31,52.75,1080,21.90,20.00,20.00,20.10,24.50,20.20,23.40,20.90,25.70,22.70,20.60,22.90,23.20,24.80,23.90,21.00,22.90,22.70,25.80,21.80,20.60,24.60,22.00,22.90,23.40,21.20,25.50,25.60,25.60,20.30,23.30,20.10,21.30,20.40,21.90,22.90,25.40,21.60,23.80,25.70,22.20,22.80,23.10,23.70,22.00,21.20,24.60,25.70,20.30,22.40,25.30,24.00,24.00,23.10,22.60,23.00,24.10,22.30,21.00,20.30,24.50,23.90,22.30,25.10
TLM_RCV,-95,FG-ALPHA,20240415_084827,AUTO,0,32.17,5.00,-85,99.95,8.33,3.31,5.02,0,435,0,282,22.17,1012.80,11.80,404.80,13.31,52.75,1080,25.90,25.80,24.30,23.70,21.90,21.30,25.40,23.60,23.70,21.30,25.40,20.80,22.60,22.30,20.90,23.40,22.00,25.20,24.30,22.20,24.00,23.50,25.10,22.70,22.70,23.90,25.30,23.50,23.90,20.00,23.00,20.10,24.10,20.10,20.00,24.40,21.70,25.20,25.60,24.60,24.10,23.30,21.50,20.40,21.70,23.90,23.40,20.60,23.70,25.00,20.90,21.80,20.10,21.70,24.90,20.50,23.40,24.20,20.40,20.70,24.30,23.50,24.20,23.20
TLM_RCV,-43,FG-ALPHA,20240415_084828,AUTO,0,32.28,5.00,-85,100.00,8.33,3.31,5.02,976,456,0,309,22.60,1013.30,11.80,405.20,13.31,52.75,1080,23.50,22.90,22.80,24.70,20.50,21.80,25.30,24.00,23.80,24.20,20.70,23.80,21.70,23.10,25.70,24.90,20.40,21.70,25.90,22.60,24.50,20.50,20.60,23.40,23.90,22.00,24.70,22.40,25.30,23.30,20.90,20.10,24.20,20.10,20.30,25.20,22.60,20.30,21.60,23.30,21.20,24.00,24.00,24.20,21.30,20.80,24.10,25.60,23.80,20.70,23.70,20.60,24.70,22.30,25.20,21.60,20.00,24.10,25.20,25.30,21.70,20.50,21.10,22.90
TLM_RCV,-42,FG-ALPHA,20240415_084829,AUTO,0,31.22,5.00,-85,99.96,8.33,3.30,5.02,0,443,0,296,22.22,1013.30,12.10,405.70,13.31,52.75,1080,23.10,22.60,23.10,24.20,22.70,21.00,23.90,20.30,20.50,24.80,20.90,24.00,22.70,22.80,25.90,21.50,21.40,24.00,21.20,20.70,20.60,22.40,22.30,24.60,20.10,20.20,24.70,22.20,20.80,25.30,22.50,23.50,21.10,20.90,20.50,20.00,20.00,22.90,25.60,20.60,24.10,20.20,23.70,20.30,21.50,23.50,25.30,20.10,20.30,25.30,23.40,25.70,23.80,25.80,21.50,23.40,22.30,21.90,21.60,24.40,25.70,24.60,25.10,20.90
TLM_RCV,-78,FG-ALPHA,20240415_084830,AUTO,0,32.35,5.00,-85,99.91,8.33,3.28,5.02,0,471,0,325,22.35,1012.70,11.90,405.60,13.31,52.75,1080,24.60,20.30,21.20,20.60,24.40,23.60,20.80,25.00,20.30,24.10,21.80,20.60,24.10,25.00,22.30,20.40,20.00,20.20,20.50,20.20,23.40,22.00,23.70,21.30,21.10,20.90,20.70,23.70,20.40,25.80,25.80,22.80,24.70,21.70,25.30,22.10,24.10,21.80,24.20,25.80,20.60,22.40,24.80,24.00,20.70,20.00,24.10,25.00,21.40,22.70,21.40,20.70,20.00,23.40,23.80,21.60,25.70,21.70,24.40,23.40,22.70,23.90,21.10,20.70
TLM_RCV,-72,FG-ALPHA,20240415_084831,AUTO,0,32.03,5.00,-85,99.95,8.34,3.31,5.02,804,405,0,257,22.00,1013.50,11.80,405.10,13.31,52.75,1080,23.90,22.80,22.40,20.60,20.90,25.10,25.00,21.60,22.00,23.50,25.70,22.70,20.30,21.80,23.90,25.00,25.60,20.80,22.70,24.50,23.70,23.00,22.40,25.80,20.50,25.80,21.30,20.50,23.30,23.20,25.20,22.60,21.90,22.90,20.20,25.70,20.70,23.70,22.90,20.30,23.80,23.50,21.70,21.30,25.50,21.50,24.40,22.00,25.30,22.20,22.20,23.70,23.50,25.10,20.40,25.40,23.50,23.30,22.30,23.20,24.30,23.90,22.90,20.00
TLM_RCV,-80,FG-ALPHA,20240415_084832,AUTO,0,33.40,5.00,-85,100.00,8.33,3.29,5.02,1182,481,0,329,23.50,1013.60,11.80,404.60,13.31,52.75,1080,24.90,23.60,22.70,25.60,21.40,23.20,24.30,21.30,22.30,25.40,22.80,20.00,25.80,22.90,21.00,21.90,24.70,20.80,21.90,24.50,22.20,23.00,24.10,24.40,22.30,24.40,21.30,21.20,23.90,25.20,23.10,25.90,21.80,24.10,24.20,20.20,23.70,24.10,25.90,23.80,21.20,25.10,22.40,23.10,23.00,20.40,25.80,21.30,20.90,22.20,20.20,25.60,20.50,23.30,25.20,20.50,25.50,24.80,24.90,24.50,20.20,24.40,24.90,23.60
TLM_RCV,-77,FG-ALPHA,20240415_084833,AUTO,0,31.24,5.00,-85,100.00,8.33,3.28,5.02,1043,447,0,306,22.98,1013.00,12.00,404.90,13.31,52.75,1080,21.90,23.20,21.90,21.40,22.20,21.30,21.60,25.60,25.60,23.50,24.50,23.50,23.40,24.70,24.00,23.10,23.80,23.80,21.20,21.00,24.70,23.60,21.70,20.50,24.60,23.40,22.90,21.60,25.70,22.20,23.10,23.00,22.30,20.20,21.50,24.60,22.30,25.70,21.70,23.70,22.10,24.20,25.20,25.70,22.50,22.10,22.00,21.10,20.60,22.80,22.00,25.40,25.30,25.90,22.00,25.30,23.20,24.90,20.40,22.40,23.90,23.00,21.90,20.10
TLM_RCV,-71,FG-ALPHA,20240415_084834,AUTO,0,31.40,5.00,-85,100.00,8.33,3.31,5.02,1084,480,0,331,23.02,1013.00,11.90,405.40,13.31,52.75,1080,22.00,20.00,22.50,20.60,20.90,24.70,23.70,24.50,25.20,24.20,23.70,25.50,25.00,20.30,23.00,20.70,24.40,24.50,25.60,20.10,23.00,23.80,21.90,20.90,21.90,20.60,20.60,25.90,23.60,22.70,20.50,22.20,20.40,23.10,22.40,24.90,23.00,21.50,24.70,21.60,20.90,20.10,25.30,24.90,24.30,24.50,24.40,24.70,22.20,22.40,23.30,21.80,24.80,24.70,25.30,22.60,24.80,22.00,21.20,25.60,24.30,23.70,20.80,24.20
TLM_RCV,-63,FG-ALPHA,20240415_084835,AUTO,0,33.25,5.00,-85,100.00,8.33,3.30,5.02,999,450,0,309,22.75,1013.20,12.10,405.20,13.32,52.75,1080,23.50,25.50,25.70,20.60,24.50,23.80,22.00,20.80,22.50,21.40,21.10,22.50,24.40,22.60,22.30,22.20,25.20,25.80,22.40,22.20,25.70,24.10,21.00,23.40,22.90,20.70,25.30,21.90,21.80,21.20,21.50,21.80,22.80,25.80,23.90,24.40,24.40,22.20,20.50,20.90,23.80,25.40,24.60,20.40,25.70,24.70,21.70,22.20,21.50,22.40,25.30,22.10,22.80,20.00,23.30,20.80,22.00,24.70,20.40,25.10,21.80,22.00,22.00,22.10
TLM_RCV,-41,FG-ALPHA,20240415_084836,AUTO,0,31.35,5.00,-85,100.00,8.33,3.29,5.02,985,470,0,325,22.58,1013.60,12.10,405.50,13.32,52.75,1080,21.90,22.10,21.40,20.00,23.00,22.40,23.50,22.40,24.90,20.10,20.40,23.00,25.50,24.10,22.50,25.60,20.70,21.50,24.10,20.70,24.50,24.40,20.50,24.90,21.30,24.20,21.70,23.90,22.40,23.40,24.90,24.30,21.10,21.60,20.00,25.00,21.70,22.90,23.90,20.10,21.40,20.70,23.10,25.10,23.20,23.30,23.70,25.80,23.10,20.40,24.30,20.60,25.60,24.20,21.50,25.20,23.20,22.00,22.00,20.00,25.10,25.30,21.20,24.90
TLM_RCV,-68,FG-ALPHA,20240415_084837,AUTO,0,32.03,5.00,-85,99.96,8.34,3.30,5.02,0,406,0,259,22.03,1013.50,12.00,404.60,13.32,52.75,1080,21.00,25.60,24.00,24.40,25.70,72.00,23.90,20.70,24.80,20.40,23.50,22.00,25.50,20.60,23.20,22.70,20.90,22.60,24.10,20.30,24.10,21.20,24.70,22.70,24.70,20.50,20.40,21.70,20.70,25.40,24.40,21.50,22.40,24.70,24.90,25.20,24.60,22.10,21.20,25.90,23.00,25.60,25.10,22.20,23.80,25.10,21.20,22.20,25.40,21.80,22.10,23.30,24.70,20.40,21.50,24.20,22.90,22.30,20.50,20.70,20.80,22.50,24.40,22.50
TLM_RCV,-40,FG-ALPHA,20240415_084838,AUTO,0,31.19,5.00,-85,99.92,8.33,3.31,5.02,0,438,0,285,22.19,1013.00,12.00,405.10,13.32,52.75,1080,24.70,25.10,25.70,22.10,21.80,24.70,24.00,21.80,23.60,20.50,25.40,25.00,24.80,23.50,23.90,23.90,24.80,24.00,25.30,21.00,25.90,20.90,20.20,23.70,23.30,20.40,23.40,20.20,22.50,24.60,22.00,20.80,20.30,20.80,22.20,20.60,21.60,22.80,24.80,21.20,22.40,20.20,20.10,21.70,21.30,20.50,25.90,22.30,22.20,21.50,21.80,23.20,20.10,25.90,25.30,20.50,20.10,21.20,22.40,23.00,23.90,20.90,21.50,24.50
TLM_RCV,-42,FG-ALPHA,20240415_084839,AUTO,0,33.13,5.00,-85,99.99,8.34,3.29,5.02,1147,425,0,267,23.61,1012.80,12.10,406.40,13.32,52.75,1080,25.20,25.20,21.80,24.90,25.70,20.50,23.60,25.50,22.50,22.00,24.60,21.30,24.40,20.60,24.30,24.50,21.30,22.50,21.20,25.50,24.40,23.00,23.20,24.10,20.30,24.50,20.00,24.80,22.50,20.80,24.20,21.00,25.40,24.50,21.00,23.70,23.50,20.10,21.20,21.10,23.90,20.90,24.10,24.80,20.80,25.60,25.10,24.80,20.80,22.20,24.80,21.50,21.60,23.90,20.90,20.10,21.70,20.30,23.00,21.80,21.40,25.90,20.00,24.10
TLM_RCV,-46,FG-ALPHA,20240415_084840,AUTO,0,31.17,5.00,-85,100.00,8.33,3.31,5.02,949,435,0,293,22.57,1013.10,11.90,406.40,13.32,52.75,1080,21.40,23.00,25.70,20.00,20.50,20.40,20.60,22.40,20.80,23.50,21.10,21.40,21.00,24.80,21.20,21.30,24.50,21.00,25.30,23.00,24.50,25.80,20.10,24.20,24.00,20.50,24.80,23.30,20.30,24.70,25.20,25.90,21.90,25.90,24.10,21.10,23.70,22.00,24.40,22.80,25.40,20.90,24.20,24.10,23.60,21.00,20.10,25.70,23.30,21.60,25.80,23.30,21.90,24.40,21.50,20.40,23.20,20.00,20.80,21.70,23.90,21.50,23.60,25.20
TLM_RCV,-80,FG-ALPHA,20240415_084841,AUTO,0,31.98,5.00,-85,100.00,8.34,3.30,5.02,1006,395,0,251,23.06,1012.70,11.80,405.20,13.32,52.75,1080,22.30,23.50,21.10,24.00,20.10,24.50,20.50,25.90,23.60,21.70,21.60,25.80,22.10,25.60,22.60,21.80,21.60,22.40,23.70,24.50,22.10,21.20,21.70,22.30,22.30,21.80,23.00,22.80,25.00,21.10,25.50,23.50,24.30,20.10,21.70,20.10,23.50,24.30,24.10,22.00,25.70,23.30,21.90,21.10,24.80,22.00,23.40,20.00,22.20,23.40,20.70,23.50,21.80,20.70,25.30,21.70,22.20,25.40,24.60,23.70,20.80,24.90,20.50,24.00
TLM_RCV,-51,FG-ALPHA,20240415_084842,AUTO,0,31.13,5.00,-85,100.00,8.34,3.30,5.02,1062,426,0,270,23.18,1013.10,12.10,405.80,13.32,52.75,1080,25.30,25.70,20.30,23.40,20.80,24.40,25.60,21.00,20.40,22.90,25.40,23.10,23.40,23.50,24.90,24.90,20.20,25.10,20.40,21.90,25.60,22.10,23.00,22.40,21.30,25.80,20.60,23.00,22.50,23.30,20.10,22.60,24.70,23.20,25.00,24.30,20.90,24.90,23.00,20.50,21.60,23.40,25.40,23.90,24.50,25.10,23.50,21.60,22.20,20.00,23.00,23.30,22.40,23.20,24.60,23.10,24.90,21.40,21.40,22.60,22.50,25.50,25.30,24.10
TLM_RCV,-48,FG-ALPHA,20240415_084843,AUTO,0,32.23,5.00,-85,100.00,8.33,3.30,5.02,830,446,0,292,21.92,1013.00,11.80,404.80,13.32,52.75,1080,21.70,22.60,20.80,23.50,22.00,22.60,24.80,23.40,25.20,24.80,23.30,20.90,25.00,23.80,21.20,24.00,21.90,24.70,25.00,21.90,23.50,23.90,21.50,23.80,21.90,23.40,22.40,21.20,23.90,25.70,25.00,24.70,23.20,22.60,24.00,23.10,25.50,24.50,21.50,23.60,25.10,20.80,21.60,20.80,23.60,20.10,24.60,22.20,24.00,22.10,25.30,25.80,20.30,25.10,23.70,20.30,24.20,22.80,23.00,22.50,22.70,22.80,22.20,20.40
TLM_RCV,-69,FG-ALPHA,20240415_084844,AUTO,0,33.16,5.00,-85,100.00,8.34,3.28,5.02,1046,432,0,286,23.07,1012.70,11.90,406.20,13.32,52.75,1080,20.50,20.10,20.30,23.50,25.40,24.10,21.10,24.70,20.40,20.50,25.40,23.30,21.10,23.30,21.60,20.20,22.90,20.10,23.40,25.60,22.70,25.40,25.20,25.60,20.50,20.90,20.40,25.20,20.30,25.40,23.70,24.90,25.60,20.60,24.10,24.00,23.40,20.70,22.50,21.80,22.70,20.80,21.80,21.90,24.40,23.90,20.60,23.60,22.40,24.50,23.00,23.10,21.30,23.80,20.90,25.00,21.40,20.40,24.90,25.50,20.80,25.80,25.60,21.10
TLM_RCV,-43,FG-ALPHA,20240415_084845,AUTO,0,32.06,5.00,-85,100.00,8.34,3.31,5.02,830,413,0,261,22.08,1013.30,11.90,405.20,13.33,52.75,1080,25.80,25.60,22.10,23.80,23.80,24.00,25.30,20.50,25.10,20.30,22.00,22.90,20.70,21.60,21.90,22.50,22.70,23.30,25.50,20.80,24.60,20.00,25.30,21.10,23.50,23.10,21.80,25.10,22.30,23.60,23.10,22.10,21.10,23.80,25.70,22.00,21.70,22.50,23.60,25.90,21.80,20.80,24.50,22.50,20.60,24.20,25.60,21.40,24.70,25.90,24.30,24.10,20.10,25.50,25.20,22.00,22.20,22.40,21.40,25.90,23.30,21.70,22.70,21.20
TLM_RCV,-94,FG-ALPHA,20240415_084846,AUTO,0,32.22,5.00,-85,100.00,8.33,3.30,5.02,1040,444,0,296,22.98,1012.80,12.00,406.00,13.33,52.75,1080,21.20,21.70,21.30,22.60,20.80,20.60,23.20,22.30,20.30,25.50,23.80,21.20,22.80,21.10,25.40,20.90,20.60,23.30,22.90,22.40,21.50,25.40,20.00,22.30,23.90,20.70,22.60,24.00,20.90,20.60,20.20,20.10,25.80,20.00,23.40,20.60,21.70,25.00,24.10,23.40,23.10,21.70,20.80,20.00,84.30,25.40,25.10,22.80,20.30,20.10,22.00,24.60,25.50,25.90,20.70,24.50,22.40,21.10,20.70,23.90,22.70,21.00,22.20,21.40
TLM_RCV,-47,FG-ALPHA,20240415_084847,AUTO,0,31.41,5.00,-85,100.00,8.33,3.28,5.02,1074,481,0,339,22.97,1013.10,11.80,404.80,13.33,52.75,1080,20.90,22.70,20.70,21.80,21.30,25.60,25.90,21.20,22.10,20.70,23.70,20.80,21.20,23.70,22.70,22.40,24.40,21.20,22.00,23.80,20.70,21.80,24.30,24.00,24.80,24.40,22.90,20.50,20.30,21.70,25.40,25.60,25.70,24.30,23.60,23.00,23.40,22.20,23.70,24.90,23.20,22.80,20.00,86.20,20.40,25.50,23.40,21.00,20.10,25.20,20.30,23.40,20.10,23.40,24.80,25.30,21.10,21.70,24.60,21.90,21.90,20.70,24.10,21.40
TLM_RCV,-67,FG-ALPHA,20240415_084848,AUTO,0,32.19,5.00,-85,99.96,8.33,3.28,5.02,0,437,0,284,22.18,1012.70,11.80,405.10,13.33,52.75,1080,84.20,22.60,21.00,23.00,25.20,23.10,24.20,20.70,25.00,22.60,23.10,22.20,23.50,24.70,24.60,23.40,23.40,23.70,24.60,25.80,23.10,20.00,25.50,22.70,25.10,20.70,22.10,20.40,24.30,22.80,23.20,20.90,21.60,23.50,21.90,24.20,22.40,24.80,25.60,22.20,25.00,23.10,21.30,25.80,24.10,20.50,24.10,25.20,22.30,21.70,25.40,25.80,25.30,23.20,23.60,20.90,22.20,24.20,20.10,22.30,21.30,24.20,25.10,21.30
TLM_RCV,-43,FG-ALPHA,20240415_084849,AUTO,0,31.40,5.00,-85,100.00,8.33,3.28,5.02,947,480,0,330,22.33,1012.80,11.90,406.20,13.33,52.75,1080,24.40,24.30,21.20,25.70,23.10,25.20,24.40,23.20,22.20,20.60,21.90,22.90,23.70,25.90,21.60,20.20,23.80,25.10,21.90,24.00,20.30,24.90,23.50,22.00,20.50,20.50,23.50,24.20,24.30,21.70,23.00,23.20,22.20,22.40,22.30,24.70,21.00,22.60,25.50,25.30,22.30,25.80,21.70,24.70,23.10,24.50,25.90,22.90,22.60,25.20,24.50,22.70,24.50,25.40,21.80,24.60,20.30,23.50,24.60,22.60,21.40,20.20,23.30,23.70
TLM_RCV,-41,FG-ALPHA,20240415_084911,AUTO,0,32.22,5.00,-85,100.00,8.33,3.28,5.02,994,445,0,305,22.75,1013.10,12.10,406.20,13.35,52.75,1080,21.20,20.70,21.00,21.60,22.40,25.00,25.80,20.20,22.90,25.00,24.80,21.10,20.50,21.80,25.10,23.20,25.60,22.10,23.20,23.90,21.40,22.20,22.20,24.30,24.50,24.20,22.50,24.10,23.10,23.10,20.50,22.90,21.40,22.00,22.00,23.10,21.70,20.90,21.80,22.90,25.60,75.30,24.70,25.30,23.50,24.10,21.20,22.10,20.60,22.60,25.50,23.20,24.80,22.50,25.30,21.20,25.40,24.00,25.00,20.30,24.10,24.60,21.30,20.90
TLM_RCV,-63,FG-ALPHA,20240415_084912,AUTO,0,32.13,5.00,-85,100.00,8.34,3.31,5.02,1010,425,0,280,22.92,1013.60,12.10,405.00,13.35,52.75,1080,20.30,24.30,25.80,25.20,20.70,22.70,20.60,22.20,22.30,24.00,23.40,22.90,20.50,21.10,21.70,22.90,24.80,23.30,24.90,22.20,24.60,21.90,20.30,21.60,25.70,21.80,24.00,25.50,24.50,25.90,20.00,24.30,23.30,22.30,20.30,23.20,21.60,25.10,21.70,25.90,89.80,24.60,21.80,20.50,22.80,20.00,21.20,20.40,21.90,24.70,23.40,25.00,24.00,20.30,21.30,24.40,20.70,20.80,25.60,24.90,21.70,21.50,24.60,22.30
TLM_RCV,-60,FG-ALPHA,20240415_084913,AUTO,0,32.08,5.00,-85,100.00,8.34,3.28,5.02,870,415,0,262,22.27,1013.20,11.90,406.00,13.35,52.75,1080,24.60,23.60,22.60,24.30,25.70,25.40,22.20,21.00,24.20,22.10,21.50,24.20,23.60,21.80,22.00,23.70,21.20,20.00,22.90,21.30,25.00,23.50,24.90,20.80,23.10,25.20,21.90,25.80,22.60,22.70,23.00,20.10,24.40,23.10,21.70,20.80,24.10,22.50,21.80,20.60,21.70,20.60,23.90,21.00,22.30,23.60,24.20,24.10,20.10,24.50,21.90,20.00,22.30,21.80,22.20,25.70,21.10,23.20,21.20,24.10,21.90,23.40,20.80,22.30
TLM_RCV,-78,FG-ALPHA,20240415_084914,AUTO,0,32.15,5.00,-85,100.00,8.34,3.30,5.02,964,430,0,279,22.67,1013.40,12.00,405.30,13.35,52.75,1080,23.20,22.90,20.80,22.80,23.90,20.10,25.30,23.70,22.30,25.70,22.10,21.10,21.80,23.30,21.00,23.80,25.40,20.60,25.60,20.50,23.60,21.00,23.80,25.00,22.70,25.30,21.30,20.60,20.90,23.60,24.00,23.40,20.90,23.00,25.80,25.40,23.30,21.70,20.40,25.90,22.00,22.80,23.00,25.10,24.70,23.30,20.40,25.00,21.40,22.50,25.30,20.00,25.00,21.50,24.90,24.30,23.80,22.40,22.30,21.00,20.10,25.60,22.50,25.90
TLM_RCV,-57,FG-ALPHA,20240415_084915,AUTO,0,33.35,5.00,-85,100.00,8.33,3.28,5.02,1158,471,0,329,23.43,1012.90,12.00,405.30,13.36,52.75,1080,24.30,22.20,25.10,25.70,25.50,25.60,21.30,25.80,23.10,21.00,20.90,22.50,21.20,25.50,20.10,23.70,20.50,25.90,20.60,21.70,24.90,22.30,22.10,20.20,21.40,21.60,20.30,25.70,22.00,22.00,22.50,23.60,22.60,22.40,20.40,20.40,22.60,25.40,22.50,23.20,25.20,21.20,23.00,24.30,22.80,24.40,23.90,21.90,23.80,20.20,21.00,23.60,22.60,23.90,20.60,20.10,21.80,24.30,21.10,25.10,21.00,24.20,22.70,23.70
TLM_RCV,-90,FG-ALPHA,20240415_084916,AUTO,0,33.03,5.00,-85,100.00,8.34,3.29,5.02,909,405,0,250,22.52,1013.20,12.10,406.00,13.36,52.75,1080,24.70,25.90,21.80,23.90,21.00,23.80,21.00,24.00,23.40,21.40,22.90,24.10,24.10,25.00,22.20,22.50,20.50,20.00,22.70,22.70,25.60,22.80,25.60,20.80,23.40,24.30,23.40,22.80,24.30,25.30,22.90,24.00,21.90,24.30,25.70,25.70,23.30,22.70,24.40,22.90,20.50,22.90,20.70,22.40,25.00,22.10,21.50,20.20,24.20,21.70,25.70,24.20,25.10,21.40,25.20,25.80,23.80,22.50,24.90,23.70,22.10,21.40,20.40,20.80
TLM_RCV,-85,FG-ALPHA,20240415_084917,AUTO,0,31.15,5.00,-85,99.96,8.33,3.29,5.02,0,429,0,289,22.15,1013.60,11.80,405.30,13.36,52.75,1080,20.10,20.30,20.20,23.60,22.70,23.20,21.50,22.50,21.10,24.90,23.20,22.20,22.60,25.60,20.90,22.40,24.50,24.40,20.90,25.50,22.60,25.70,22.10,21.30,21.40,20.70,23.50,21.60,24.60,24.20,25.10,21.20,23.60,24.40,83.50,23.90,25.70,21.50,25.00,21.00,25.50,23.00,22.40,23.60,21.00,22.20,22.90,25.40,25.40,23.90,20.00,25.20,22.50,20.20,25.30,25.80,23.00,21.40,25.70,22.70,22.80,22.30,20.20,25.70
TLM_RCV,-53,FG-ALPHA,20240415_084918,AUTO,0,32.32,5.00,-85,100.00,8.33,3.29,5.02,1182,464,0,323,23.59,1013.30,12.10,404.90,13.36,52.75,1080,22.00,22.80,23.70,25.00,21.70,24.40,23.30,22.40,21.50,25.30,23.40,24.90,24.80,20.70,22.30,25.70,25.80,21.30,22.20,22.00,20.30,25.40,20.30,21.90,24.00,24.50,23.90,24.30,20.90,21.00,22.60,20.50,24.60,24.50,22.40,21.10,21.70,22.00,20.70,20.80,20.00,22.90,25.70,25.80,22.50,23.70,23.80,20.00,24.00,22.30,20.70,20.50,25.40,25.90,25.70,25.10,21.40,25.50,23.80,21.30,25.40,22.70,20.90,25.20
TLM_RCV,-40,FG-ALPHA,20240415_084919,AUTO,0,32.33,5.00,-85,100.00,8.33,3.29,5.02,928,466,0,322,22.31,1013.40,11.80,404.90,13.36,52.75,1080,25.80,20.50,22.70,20.40,20.20,20.50,25.40,20.90,21.70,22.70,22.20,22.80,25.00,22.40,20.20,25.50,25.70,23.80,20.90,22.70,23.70,21.40,23.30,20.60,25.40,24.90,24.60,20.50,25.90,22.80,23.70,21.50,20.20,24.10,25.80,22.20,21.40,23.70,23.60,22.10,25.60,22.00,24.60,25.30,22.30,21.50,25.10,21.50,21.90,21.20,21.80,22.40,22.50,23.10,20.90,22.20,25.90,22.00,23.10,24.40,21.20,25.10,25.60,22.80
TLM_RCV,-83,FG-ALPHA,20240415_084920,AUTO,0,31.40,5.00,-85,100.00,8.33,3.31,5.02,1090,480,0,330,23.05,1012.80,12.10,404.70,13.36,52.75,1080,24.80,21.60,20.50,25.30,24.30,23.30,24.80,21.70,23.50,22.50,24.00,25.80,24.30,24.50,21.60,21.00,22.20,25.40,20.50,20.70,20.90,22.10,25.10,20.30,25.70,22.50,22.20,23.70,25.30,25.40,20.20,21.20,21.10,20.50,25.40,25.50,22.20,24.10,24.30,25.40,21.40,22.30,22.20,22.80,24.30,23.40,25.00,25.10,22.70,21.10,23.00,22.10,21.90,23.20,23.10,21.90,21.20,23.80,23.00,25.10,21.40,24.30,23.20,25.90
TLM_RCV,-63,FG-ALPHA,20240415_084921,AUTO,0,33.01,5.00,-85,100.00,8.34,3.28,5.02,847,402,0,252,22.23,1013.30,11.80,404.60,13.36,52.75,1080,23.00,24.00,21.30,20.20,24.00,24.50,25.30,24.00,25.40,21.80,24.20,25.30,21.00,23.30,25.20,24.80,21.80,24.20,24.40,22.30,23.60,24.40,22.20,22.00,25.40,20.50,21.70,24.70,24.50,23.20,20.60,25.00,20.60,21.20,25.00,22.60,20.40,24.60,20.50,23.50,23.80,23.60,23.60,25.40,21.90,20.00,20.70,22.60,25.00,22.70,23.40,23.90,23.90,20.00,20.80,22.80,22.50,21.10,25.30,22.40,20.90,21.30,20.40,21.90
TLM_RCV,-68,FG-ALPHA,20240415_084922,AUTO,0,33.42,5.00,-85,100.00,8.33,3.29,5.02,812,485,0,328,21.64,1013.20,11.90,405.40,13.36,52.75,1080,21.20,20.00,24.40,21.40,23.30,20.70,22.70,25.90,23.20,23.70,22.90,24.40,25.60,24.10,23.20,25.30,23.10,22.90,20.00,24.00,23.10,20.00,24.30,22.20,20.20,21.60,20.80,21.10,85.90,24.10,23.90,22.90,21.00,25.20,23.90,25.80,23.90,20.60,25.20,20.40,20.10,22.30,21.80,21.70,22.80,21.90,25.70,23.90,20.30,23.20,21.30,23.00,24.60,25.40,23.50,23.10,22.30,25.40,21.60,21.50,20.60,22.40,20.40,24.80
TLM_RCV,-83,FG-ALPHA,20240415_084923,AUTO,0,32.17,5.00,-85,99.96,8.33,3.31,5.02,0,433,0,275,22.17,1013.20,12.10,406.20,13.36,52.75,1080,20.20,20.80,20.10,23.90,23.20,23.80,24.70,20.90,25.70,20.90,23.30,24.20,22.50,24.40,21.80,25.70,21.00,22.40,25.40,22.50,21.80,20.50,24.30,22.40,22.20,23.20,20.70,23.30,21.40,23.90,24.90,23.10,23.10,22.90,24.90,20.10,20.60,24.80,23.30,24.00,24.40,23.00,25.80,22.80,20.60,23.20,25.30,22.10,23.70,25.50,23.60,24.40,21.80,21.60,21.70,25.20,24.60,20.00,23.50,22.90,25.80,23.90,23.50,23.30
TLM_RCV,-90,FG-ALPHA,20240415_084924,AUTO,0,32.40,5.00,-85,99.91,8.33,3.31,5.02,0,481,0,322,22.41,1013.10,11.90,405.30,13.36,52.75,1080,21.90,22.60,22.00,23.90,24.90,23.40,23.80,23.70,21.30,21.10,21.30,21.60,24.80,20.80,20.20,20.30,24.50,24.40,20.70,24.60,21.50,22.70,22.50,24.80,25.50,22.20,22.10,22.70,25.50,22.70,24.10,23.80,22.60,22.10,25.50,25.60,21.20,22.70,22.30,24.10,21.70,25.50,21.10,24.90,21.40,25.40,23.90,25.70,24.50,22.50,20.90,20.20,22.60,23.50,25.00,23.70,25.20,20.40,21.40,21.70,22.90,23.80,20.80,21.20
TLM_RCV,-84,FG-ALPHA,20240415_084925,AUTO,0,33.06,5.00,-85,99.96,8.34,3.28,5.02,889,412,0,270,22.39,1013.50,11.90,406.30,13.37,52.75,1080,23.50,20.60,20.40,20.10,24.30,23.40,21.50,23.00,24.30,22.90,23.00,25.00,22.00,20.40,24.40,23.20,22.90,21.00,21.40,21.30,25.90,23.50,20.10,21.30,24.60,24.90,21.60,24.20,25.60,23.10,23.70,20.10,23.40,25.90,25.00,20.20,23.40,24.30,23.80,22.00,22.90,24.40,24.20,25.10,20.10,21.10,23.90,23.80,23.90,20.10,20.20,24.90,25.80,22.90,23.60,21.40,24.40,24.00,21.80,21.00,20.60,22.60,21.20,21.80
TLM_RCV,-93,FG-ALPHA,20240415_084926,AUTO,0,33.24,5.00,-85,100.00,8.33,3.28,5.02,1010,448,0,296,22.81,1012.80,12.10,406.00,13.37,52.75,1080,21.00,21.40,23.40,20.90,22.70,23.80,21.20,21.10,22.40,21.10,21.00,21.00,21.60,22.50,20.10,21.20,20.30,21.60,22.10,25.50,25.00,22.20,22.60,25.30,25.10,24.00,20.10,22.10,21.60,20.00,22.80,22.70,20.90,25.90,22.00,24.00,25.50,22.30,22.30,24.80,25.00,22.80,21.30,25.40,23.00,20.10,21.20,20.20,23.20,22.30,24.60,23.20,24.30,25.70,20.60,25.80,20.20,23.20,24.30,20.90,24.20,21.80,24.70,22.40
TLM_RCV,-60,FG-ALPHA,20240415_084927,AUTO,0,31.10,5.00,-85,99.96,8.34,3.28,5.02,0,420,0,271,22.10,1013.60,11.90,406.10,13.37,52.75,1080,23.20,23.50,24.70,24.20,23.10,23.80,23.90,24.30,25.50,20.70,22.10,22.60,21.70,23.00,23.70,20.50,22.70,22.80,21.60,25.30,20.40,21.40,21.40,23.70,20.60,22.30,22.50,21.20,24.70,20.40,22.90,25.10,23.50,22.00,20.40,23.10,22.10,20.00,21.60,22.00,20.30,22.00,20.30,25.00,21.00,25.00,22.80,22.90,20.50,20.60,24.20,24.50,20.80,23.70,22.30,25.00,21.40,25.10,25.20,20.40,23.80,25.10,21.80,25.80
TLM_RCV,-87,FG-ALPHA,20240415_084928,AUTO,0,32.46,5.00,-85,100.00,8.33,3.28,5.02,899,491,0,340,22.04,1013.20,11.80,406.40,13.37,52.75,1080,24.20,24.70,22.40,20.80,25.80,25.60,23.80,22.00,23.70,72.00,22.80,25.70,24.50,25.50,21.80,21.80,22.40,25.20,22.10,24.80,21.60,20.50,21.40,24.30,25.60,22.80,22.70,22.40,21.20,20.90,25.80,21.80,21.40,25.70,22.40,25.00,22.60,25.10,21.90,20.10,21.80,21.70,24.30,22.90,22.40,20.30,23.10,22.60,25.60,25.10,24.60,24.20,21.70,22.60,21.10,23.30,20.10,20.20,21.20,23.70,20.80,20.70,23.20,20.90
TLM_RCV,-66,FG-ALPHA,20240415_084929,AUTO,0,32.12,5.00,-85,100.00,8.34,3.29,5.02,960,424,0,268,22.68,1012.80,12.10,404.80,13.37,52.75,1080,25.50,22.60,24.90,24.90,21.30,21.40,20.20,22.70,23.50,20.30,25.10,25.40,21.40,20.20,21.80,23.80,24.60,22.10,25.40,21.50,24.00,20.60,20.60,25.40,23.00,22.50,24.30,22.70,25.90,25.20,21.40,20.50,22.20,21.90,23.70,22.80,24.40,20.80,25.80,22.70,22.00,20.20,24.30,24.60,21.50,20.20,24.70,20.40,24.00,25.90,20.70,25.80,20.40,22.10,22.20,22.30,24.10,21.40,23.80,20.60,24.10,24.60,21.80,20.80
TLM_RCV,-61,FG-ALPHA,20240415_084930,AUTO,0,33.22,5.00,-85,100.00,8.33,3.29,5.02,919,444,0,298,22.37,1013.20,11.90,405.90,13.37,52.75,1080,20.30,22.10,21.00,25.60,21.30,22.90,25.90,23.10,24.80,24.80,23.00,21.60,21.30,23.70,23.10,22.90,21.90,23.50,24.50,22.10,23.40,22.60,24.10,24.80,21.20,25.40,25.30,21.30,25.00,24.80,23.30,23.50,20.40,20.90,25.10,21.70,23.20,25.70,23.50,23.80,23.00,24.30,23.90,21.10,23.90,25.40,25.70,21.40,22.50,23.50,20.50,24.20,25.60,22.30,21.30,20.80,22.00,21.60,21.30,21.30,23.40,25.90,22.70,22.80
TLM_RCV,-41,FG-ALPHA,20240415_084931,AUTO,0,31.32,5.00,-85,100.00,8.33,3.28,5.02,1165,464,0,314,23.50,1012.90,11.80,404.70,13.37,52.75,1080,21.30,22.70,20.40,22.30,20.90,25.10,25.10,24.50,25.30,21.10,20.50,22.80,23.80,21.80,24.00,20.70,20.60,20.10,21.10,23.70,20.40,23.60,22.80,21.30,21.20,21.40,20.20,20.70,21.10,22.90,22.70,24.50,23.40,24.40,25.00,24.30,23.30,23.90,24.50,24.60,20.30,24.50,23.70,22.50,23.20,25.80,22.10,21.80,24.80,24.90,24.50,23.90,23.10,21.60,24.20,25.00,21.30,22.80,25.20,25.20,22.30,25.40,24.80,25.40
TLM_RCV,-54,FG-ALPHA,20240415_084932,AUTO,0,32.21,5.00,-85,100.00,8.33,3.29,5.02,1101,442,0,300,23.30,1012.90,12.00,405.90,13.37,52.75,1080,21.80,20.70,21.60,22.10,20.30,22.50,22.70,25.00,21.10,22.90,24.20,20.70,20.10,23.10,20.80,23.50,20.90,24.50,21.20,20.10,23.50,24.70,21.10,20.50,24.50,22.30,21.10,25.60,21.10,25.20,21.10,23.40,22.80,25.90,20.20,25.50,23.70,25.60,24.50,25.40,22.30,22.80,21.80,22.10,21.30,25.30,24.00,21.30,22.20,22.70,21.60,21.10,20.50,24.90,20.20,22.30,22.20,23.60,25.80,22.20,22.20,25.00,21.90,21.20
TLM_RCV,-63,FG-ALPHA,20240415_084933,AUTO,0,32.51,5.00,-85,100.00,8.32,3.29,5.02,1126,503,0,345,23.11,1013.40,11.90,406.20,13.37,52.75,1080,25.50,22.50,23.20,25.10,21.10,23.30,20.80,24.20,22.30,22.80,24.20,23.60,20.00,21.90,22.50,21.50,20.20,21.50,25.30,21.40,23.70,25.20,23.60,22.80,25.90,24.90,23.10,24.50,25.70,21.00,23.10,24.40,21.80,23.20,24.00,22.10,22.50,20.30,21.70,23.30,22.80,24.60,25.00,23.70,20.30,25.70,24.90,24.50,20.20,20.70,20.80,23.50,25.40,25.70,22.10,20.20,23.10,24.90,21.20,22.40,25.20,25.80,25.00,23.90
TLM_RCV,-66,FG-ALPHA,20240415_084934,AUTO,0,33.24,5.00,-85,99.96,8.33,3.30,5.02,0,449,0,295,22.25,1012.90,11.90,404.80,13.37,52.75,1080,25.30,21.90,24.80,23.10,25.80,22.20,24.20,23.50,21.60,21.30,25.20,21.90,23.40,25.30,20.10,20.60,21.80,25.60,23.20,25.90,21.10,20.50,20.10,21.20,21.80,21.10,21.00,21.80,25.60,20.10,22.30,22.30,25.50,22.70,21.20,24.80,21.50,25.30,24.20,25.70,22.30,24.30,24.20,21.20,22.00,21.20,24.20,25.40,24.30,21.00,23.20,20.10,21.00,20.90,25.60,23.00,25.20,21.50,20.50,22.00,23.90,24.40,25.20,24.90
TLM_RCV,-94,FG-ALPHA,20240415_084935,AUTO,0,31.20,5.00,-85,100.00,8.33,3.31,5.02,1073,441,0,290,23.16,1013.10,11.90,405.70,13.38,52.75,1080,21.60,20.90,22.40,25.90,25.90,21.70,23.50,25.40,20.90,21.40,22.20,23.60,21.40,20.10,21.80,23.20,22.20,22.30,20.20,21.30,22.00,21.80,24.90,20.30,22.80,23.20,24.80,20.00,23.00,21.70,25.90,22.70,23.20,23.70,20.40,21.40,24.30,24.50,23.20,23.00,23.00,22.40,22.20,23.30,23.20,21.50,25.20,20.90,25.10,21.40,23.80,22.80,22.70,20.10,24.20,23.20,25.00,22.70,21.60,24.30,22.50,24.20,23.70,20.40
TLM_RCV,-71,FG-ALPHA,20240415_084936,AUTO,0,32.46,5.00,-85,99.95,8.33,3.29,5.02,0,492,0,346,22.46,1013.00,12.00,405.10,13.38,52.75,1080,25.40,80.90,20.70,22.70,22.00,23.50,20.50,24.50,24.30,25.70,25.00,22.50,24.90,22.50,21.30,21.60,21.20,24.70,23.10,21.60,24.20,22.00,23.90,25.30,20.40,25.40,23.10,21.80,21.20,20.60,21.70,21.40,23.40,24.10,20.20,21.10,25.90,21.70,20.20,25.80,21.10,22.00,21.10,25.10,24.50,24.00,25.60,21.50,24.30,20.20,24.90,25.60,24.20,20.50,21.50,22.60,24.00,21.50,23.00,25.00,24.10,21.20,20.00,24.90
TLM_RCV,-84,FG-ALPHA,20240415_084937,AUTO,0,31.11,5.00,-85,100.00,8.34,3.28,5.02,1176,423,0,268,23.76,1012.90,12.10,406.30,13.38,52.75,1080,23.50,25.50,20.10,22.50,24.20,21.10,21.80,25.30,21.70,21.70,25.50,23.10,23.00,21.60,22.40,22.80,22.00,21.30,22.40,23.70,22.90,23.40,22.60,21.40,25.40,25.90,22.20,25.20,21.70,23.20,24.90,22.70,25.20,25.90,23.00,21.40,23.00,25.80,24.10,25.00,20.80,24.00,25.70,24.10,20.80,21.60,22.00,20.10,25.30,20.30,25.30,25.40,25.10,25.50,22.80,20.00,22.60,21.80,20.90,23.10,22.20,24.80,25.60,23.40
TLM_RCV,-69,FG-ALPHA,20240415_084938,AUTO,0,33.14,5.00,-85,100.00,8.34,3.29,5.02,1076,428,0,285,23.24,1013.00,12.00,405.10,13.38,52.75,1080,21.20,25.10,23.00,20.20,21.20,22.40,24.10,21.10,22.10,21.20,23.30,20.90,25.60,24.10,23.30,21.50,25.40,22.70,20.60,21.90,20.90,22.40,25.30,21.70,23.50,20.50,20.70,24.10,22.20,25.90,24.80,21.00,22.10,23.00,20.40,20.40,21.20,25.50,25.80,21.70,24.50,22.70,25.80,22.90,21.80,25.30,20.50,25.90,21.20,22.50,20.10,22.40,21.10,20.90,21.40,23.50,23.50,21.40,74.50,25.80,20.20,24.70,22.70,20.60
TLM_RCV,-51,FG-ALPHA,20240415_084939,AUTO,0,32.37,5.00,-85,99.95,8.33,3.30,5.02,0,473,0,315,22.36,1012.70,12.00,405.60,13.38,52.75,1080,25.50,21.70,24.30,21.20,25.40,20.20,25.00,24.90,22.50,20.60,22.50,23.70,20.40,20.90,23.70,25.80,25.30,25.90,25.20,21.20,20.10,20.20,24.40,21.60,24.90,20.60,22.90,22.50,23.00,20.40,24.50,22.40,24.80,22.80,23.90,20.40,21.70,23.50,23.30,21.70,25.10,20.20,24.70,25.20,20.60,21.80,23.80,25.80,23.90,24.20,21.10,22.20,21.00,22.80,24.30,21.60,23.10,23.60,23.80,20.10,22.00,21.70,22.30,22.80
TLM_RCV,-67,FG-ALPHA,20240415_084940,AUTO,0,31.17,5.00,-85,100.00,8.33,3.28,5.02,1027,434,0,279,22.97,1013.20,12.10,404.80,13.38,52.75,1080,24.80,25.40,21.40,21.00,25.60,20.70,24.90,23.40,24.00,21.30,23.10,20.60,21.10,22.10,24.90,21.50,24.50,23.70,24.80,24.80,25.40,25.40,22.80,24.10,23.00,21.50,21.60,25.90,21.30,23.20,20.80,25.90,22.90,22.90,21.00,23.50,20.20,24.90,21.10,21.40,21.90,23.30,21.10,23.90,22.10,24.00,23.70,20.40,24.40,21.40,23.80,20.60,24.20,21.10,21.70,20.50,23.50,23.30,22.90,20.30,24.60,20.00,20.00,24.10
TLM_RCV,-50,FG-ALPHA,20240415_084941,AUTO,0,33.29,5.00,-85,100.00,8.33,3.28,5.02,1105,458,0,301,23.24,1013.10,12.10,406.30,13.38,52.75,1080,23.50,23.20,23.50,21.50,23.90,25.70,23.90,25.90,23.40,20.10,25.60,20.90,22.20,24.90,24.40,21.90,22.70,24.00,23.10,23.70,24.10,25.30,22.30,20.60,24.20,23.60,20.30,22.80,20.50,23.40,25.90,22.00,21.90,22.40,23.90,25.10,21.40,20.70,22.50,20.00,24.20,23.90,24.90,25.40,21.00,20.10,24.90,20.20,20.00,22.10,24.50,21.00,21.50,20.70,23.80,25.10,25.40,23.40,24.00,20.70,20.20,23.60,23.60,25.60
TLM_RCV,-61,FG-ALPHA,20240415_084942,AUTO,0,31.48,5.00,-85,100.00,8.33,3.31,5.02,850,495,0,348,21.77,1013.40,11.90,405.00,13.38,52.75,1080,21.00,23.10,25.40,21.80,22.00,21.40,25.20,23.60,22.00,23.00,23.40,22.10,24.90,22.90,24.30,23.30,20.80,24.30,24.30,22.60,25.90,21.00,22.80,21.80,21.90,25.50,22.40,24.10,24.30,23.00,20.00,21.50,24.00,23.30,25.40,21.50,24.70,24.90,21.20,21.20,22.50,24.00,24.10,21.50,23.20,22.20,22.50,22.10,23.50,24.30,23.60,23.40,24.80,21.80,22.60,24.50,25.90,22.50,25.70,23.30,21.80,22.50,20.30,24.40
TLM_RCV,-55,FG-ALPHA,20240415_084943,AUTO,0,32.40,5.00,-85,100.00,8.33,3.29,5.02,1062,481,0,331,22.91,1013.40,12.00,405.70,13.38,52.75,1080,25.70,21.60,21.10,22.10,20.40,20.20,22.10,25.70,24.80,20.90,25.30,20.60,25.50,24.40,20.90,25.10,25.40,21.60,21.00,23.50,22.30,20.00,22.90,22.30,20.20,22.70,24.10,24.70,23.30,24.90,24.90,25.00,24.30,23.50,24.80,24.10,25.90,24.70,21.30,25.60,20.70,25.60,23.80,20.20,25.80,22.20,20.20,23.10,25.00,23.90,23.80,20.00,24.40,24.90,23.40,21.40,24.50,25.70,22.80,23.20,23.60,20.70,22.80,20.90
TLM_RCV,-87,FG-ALPHA,20240415_084944,AUTO,0,31.15,5.00,-85,100.00,8.34,3.28,5.02,1052,429,0,288,23.11,1013.60,12.00,406.40,13.38,52.75,1080,22.40,25.50,24.30,22.00,25.40,25.70,20.80,24.60,21.10,22.70,20.70,25.10,23.40,21.70,22.60,25.30,23.70,20.80,25.80,21.00,21.00,24.80,20.60,20.90,23.00,25.20,21.60,20.50,25.80,24.80,25.60,23.90,24.20,22.50,24.70,22.60,24.30,23.30,25.30,21.00,25.70,24.70,21.10,21.00,24.90,24.80,24.80,22.50,21.40,21.70,20.50,24.90,21.40,23.90,23.10,24.90,22.50,21.60,23.90,24.70,25.60,20.80,21.10,22.00
TLM_RCV,-68,FG-ALPHA,20240415_084945,AUTO,0,32.03,5.00,-85,100.00,8.34,3.29,5.02,1181,405,0,251,23.88,1012.80,12.00,406.30,13.39,52.75,1080,21.60,23.60,25.30,20.50,25.70,21.70,20.50,24.10,20.00,24.10,25.80,20.00,24.70,24.00,23.60,22.40,22.60,22.30,25.40,25.30,20.10,23.70,22.30,21.50,24.30,22.20,20.30,20.80,25.10,20.70,20.70,22.40,24.40,20.70,23.50,22.70,24.40,25.00,22.70,21.10,24.60,25.10,23.50,23.80,24.80,22.40,22.00,21.50,23.00,23.20,24.20,24.20,20.20,22.80,20.60,21.20,20.40,20.10,21.40,24.20,21.80,20.80,21.20,21.20
TLM_RCV,-51,FG-ALPHA,20240415_084946,AUTO,0,31.00,5.00,-85,99.96,8.34,3.28,5.02,0,400,0,254,22.00,1013.20,12.00,404.70,13.39,52.75,1080,23.00,23.50,20.90,25.00,21.30,24.80,23.70,22.70,25.30,24.80,20.50,25.00,20.30,24.50,20.70,21.60,25.30,23.20,20.00,20.90,20.60,25.70,22.60,24.60,23.40,21.70,22.90,20.90,23.70,22.20,21.80,25.30,24.90,22.30,25.70,21.80,25.00,23.00,25.80,24.40,25.50,24.20,24.90,24.80,21.90,25.30,20.20,25.90,20.30,23.50,25.90,24.70,20.00,21.30,24.00,25.40,20.20,24.30,20.10,23.50,20.90,20.50,24.40,21.30
TLM_RCV,-94,FG-ALPHA,20240415_084947,AUTO,0,33.31,5.00,-85,100.00,8.33,3.28,5.02,906,463,0,310,22.22,1012.70,12.00,405.50,13.39,52.75,1080,20.50,22.60,23.80,23.30,21.80,21.90,24.30,21.20,23.20,25.00,24.20,20.20,20.10,25.70,21.50,23.00,21.10,25.00,25.10,20.00,21.40,23.70,21.60,21.60,22.80,20.70,20.40,21.90,21.40,22.80,21.00,23.90,21.40,22.50,25.80,25.70,25.60,23.40,21.90,25.50,24.60,25.80,21.30,25.10,21.20,25.00,20.90,20.60,20.60,22.80,23.50,22.20,25.40,20.60,22.70,25.60,24.60,24.80,23.60,25.30,20.10,22.80,25.30,23.30
TLM_RCV,-80,FG-ALPHA,20240415_084948,AUTO,0,31.32,5.00,-85,100.00,8.33,3.29,5.02,815,464,0,315,21.75,1013.30,12.00,404.80,13.39,52.75,1080,23.40,23.00,22.60,20.30,23.60,20.00,22.80,23.50,20.20,25.10,20.00,23.70,22.40,24.10,20.10,23.40,20.10,24.40,20.50,20.40,24.10,24.30,24.70,25.40,21.10,24.90,25.40,21.50,20.90,24.80,21.70,25.10,22.00,21.00,23.80,25.20,24.90,22.20,25.80,23.30,22.70,21.90,25.90,24.30,25.60,20.20,24.30,25.90,22.30,20.40,22.00,22.10,22.90,20.40,21.00,25.90,25.10,21.10,22.30,20.60,21.40,21.90,21.70,20.70
TLM_RCV,-45,FG-ALPHA,20240415_084949,AUTO,0,31.08,5.00,-85,99.96,8.34,3.28,5.02,0,416,0,270,22.08,1013.00,11.80,404.60,13.39,52.75,1080,22.30,24.60,20.80,20.20,22.60,20.10,23.90,20.30,21.90,25.50,21.30,24.30,23.40,20.70,20.50,22.10,21.20,20.00,20.10,25.00,23.70,25.50,25.30,21.60,24.20,25.30,22.40,21.60,22.60,25.20,21.20,20.60,24.10,22.50,25.90,24.90,20.30,22.30,20.10,22.60,21.70,25.50,21.40,20.40,20.30,24.50,22.70,24.50,24.30,23.20,24.00,23.90,21.50,20.10,21.30,20.10,25.70,21.20,25.30,20.60,24.40,24.60,22.80,22.70
TLM_RCV,-68,FG-ALPHA,20240415_084950,AUTO,0,33.36,5.00,-85,100.00,8.33,3.29,5.02,922,472,0,323,22.25,1013.40,11.80,405.30,13.39,52.75,1080,22.30,25.60,21.70,25.20,23.70,22.10,22.40,24.30,21.60,24.70,24.30,23.00,24.30,21.00,20.20,23.10,20.70,23.00,23.00,24.80,23.30,25.20,23.60,22.10,20.50,21.70,22.20,24.50,21.10,24.20,24.30,21.70,24.00,21.90,21.80,23.00,25.80,21.90,20.40,25.00,22.70,25.60,24.50,25.50,23.50,21.20,22.00,22.40,25.80,24.30,20.30,22.70,24.00,23.20,25.40,22.10,23.10,72.50,21.10,25.60,24.90,22.80,25.90,20.60
TLM_RCV,-91,FG-ALPHA,20240415_084951,AUTO,0,31.26,5.00,-85,100.00,8.33,3.28,5.02,996,452,0,302,22.72,1012.80,12.10,405.70,13.39,52.75,1080,21.50,23.60,23.30,24.70,25.30,22.60,22.10,24.90,20.60,20.00,23.60,21.80,24.60,20.50,24.90,20.90,23.70,24.40,22.40,20.90,23.80,21.10,22.20,22.70,23.20,24.80,22.50,20.00,23.90,20.10,20.80,21.00,20.50,20.30,23.60,20.10,20.60,24.00,23.70,21.00,25.80,20.60,24.60,21.90,25.90,20.40,24.90,21.70,21.90,24.60,24.30,23.20,20.00,20.70,23.60,22.80,23.50,20.50,22.50,20.20,25.60,25.80,20.30,22.30
TLM_RCV,-57,FG-ALPHA,20240415_085013,AUTO,0,32.40,5.00,-85,100.00,8.33,3.30,5.02,1197,480,0,336,23.58,1013.20,12.10,406.40,13.41,52.75,1080,23.70,20.30,23.30,22.60,21.30,21.90,24.00,23.50,22.70,23.40,24.30,23.70,23.70,20.20,24.90,22.40,24.50,22.30,25.50,24.50,24.90,20.30,23.30,23.20,24.40,25.70,25.50,20.80,22.20,23.30,22.30,24.10,25.00,22.40,25.30,21.40,20.00,22.10,22.80,23.30,23.00,23.20,21.90,21.90,24.70,24.40,23.00,24.00,21.20,22.30,25.70,21.80,21.60,24.80,24.10,23.40,21.10,21.10,24.50,23.70,23.40,23.60,22.60,21.80
TLM_RCV,-81,FG-ALPHA,20240415_085014,AUTO,0,32.04,5.00,-85,100.00,8.34,3.30,5.02,848,409,0,261,22.19,1013.60,11.80,405.60,13.41,52.75,1080,23.30,21.10,21.40,20.40,23.50,23.90,21.30,22.70,25.20,21.70,25.50,22.50,23.90,23.00,20.00,20.80,20.20,25.10,21.70,23.00,23.90,22.90,25.80,24.50,20.70,25.10,25.30,21.20,25.00,23.60,24.30,22.30,22.50,20.30,22.40,21.30,20.10,22.90,22.00,24.10,24.90,22.10,23.50,22.50,22.10,24.60,22.20,20.90,20.70,25.90,23.80,21.50,22.90,23.90,20.00,23.10,24.00,20.40,24.30,20.10,24.60,21.90,23.60,23.20
TLM_RCV,-78,FG-ALPHA,20240415_085015,AUTO,0,33.15,5.00,-85,100.00,8.34,3.29,5.02,1143,430,0,274,23.57,1013.60,11.80,404.50,13.42,52.75,1080,25.90,20.60,22.50,21.40,23.90,20.30,21.90,20.30,21.70,21.30,25.70,22.80,20.40,23.60,23.20,23.80,23.40,25.30,25.90,25.40,22.20,24.10,22.90,21.30,22.50,20.00,22.80,22.20,24.50,25.20,22.30,23.80,22.40,22.80,22.50,20.30,24.60,23.90,20.30,21.80,22.60,25.70,22.50,20.10,25.40,20.20,25.00,22.90,24.10,20.50,21.70,22.10,21.80,25.60,24.50,20.90,22.30,22.40,24.40,24.90,25.30,25.30,23.30,25.00
TLM_RCV,-83,FG-ALPHA,20240415_085016,AUTO,0,31.20,5.00,-85,100.00,8.33,3.28,5.02,1153,441,0,292,23.56,1013.30,12.10,406.40,13.42,52.75,1080,20.50,23.30,20.00,24.00,25.80,25.20,25.10,21.60,25.60,21.20,22.80,21.60,20.70,20.00,25.30,24.40,25.70,20.60,23.20,21.20,21.30,23.90,20.10,22.50,20.10,25.90,25.10,25.50,22.10,20.60,22.10,21.40,23.20,22.50,20.00,25.60,25.20,24.80,22.40,24.20,23.00,21.70,23.80,25.80,23.30,21.40,22.80,20.00,24.90,23.50,20.80,24.00,20.30,21.10,24.40,22.60,20.20,25.80,20.40,23.90,22.00,25.60,23.30,23.90
TLM_RCV,-48,FG-ALPHA,20240415_085017,AUTO,0,33.53,5.00,-85,100.00,8.32,3.30,5.02,1096,505,0,349,22.95,1013.50,11.80,406.40,13.42,52.75,1080,25.20,22.80,20.30,24.30,24.30,20.90,21.90,24.80,25.80,25.00,24.00,23.20,21.20,23.90,22.00,22.10,23.60,23.60,21.90,24.80,25.30,22.20,24.90,25.60,25.30,21.30,22.40,22.40,24.70,23.00,25.40,20.00,20.30,23.10,25.30,21.20,23.60,25.00,25.50,21.70,23.20,22.10,23.30,21.20,24.10,23.40,20.60,25.30,21.70,23.60,20.60,20.10,25.80,22.40,25.30,20.60,24.40,20.50,24.80,24.80,22.60,20.90,22.30,24.20
TLM_RCV,-84,FG-ALPHA,20240415_085018,AUTO,0,33.19,5.00,-85,100.00,8.33,3.28,5.02,1001,438,0,294,22.82,1013.00,11.90,404.60,13.42,52.75,1080,25.10,20.40,20.40,20.30,22.10,24.70,24.30,22.80,24.60,20.40,21.70,24.10,20.40,25.00,24.10,25.80,23.40,22.80,20.50,23.80,20.60,23.60,22.90,22.20,25.80,23.10,21.00,23.40,25.20,25.20,21.70,23.90,20.00,20.50,21.80,23.80,20.20,25.50,25.10,21.50,23.00,21.80,25.40,24.70,20.10,21.10,21.20,22.70,25.80,20.30,21.80,22.10,24.90,21.50,24.10,20.10,21.10,23.60,21.60,23.60,23.30,25.00,22.40,23.10
TLM_RCV,-56,FG-ALPHA,20240415_085019,AUTO,0,31.33,5.00,-85,100.00,8.33,3.28,5.02,911,465,0,308,22.23,1013.60,11.80,404.70,13.42,52.75,1080,24.00,21.70,25.50,21.80,20.00,23.10,21.30,20.30,25.10,25.20,24.80,24.60,22.80,25.90,21.50,21.80,20.00,23.10,20.00,22.00,21.30,20.10,24.90,25.30,25.10,20.40,24.60,21.30,23.00,25.00,23.10,21.00,22.10,22.80,25.60,25.30,25.80,21.80,24.90,24.30,24.10,22.70,21.20,25.80,20.60,24.00,21.50,24.30,20.10,24.50,20.50,22.70,24.80,25.60,25.70,21.50,23.00,21.30,20.70,25.20,23.80,23.50,24.30,21.30
TLM_RCV,-76,FG-ALPHA,20240415_085020,AUTO,0,33.23,5.00,-85,100.00,8.33,3.28,5.02,1034,446,0,303,22.94,1012.70,12.00,404.90,13.42,52.75,1080,25.00,21.60,20.80,21.70,24.60,22.90,24.70,24.90,21.20,23.80,20.70,24.50,20.10,22.00,21.70,20.20,22.90,24.70,24.30,21.10,24.50,24.30,23.50,24.10,25.60,20.00,22.20,25.70,25.80,24.10,20.50,21.80,25.90,25.10,25.10,23.00,25.80,23.00,21.90,25.00,24.60,23.80,22.30,22.50,21.60,25.00,25.20,22.30,23.50,21.50,20.80,22.50,25.80,25.40,25.20,23.70,22.70,24.70,23.10,22.20,20.70,20.00,20.40,24.50
TLM_RCV,-61,FG-ALPHA,20240415_085021,AUTO,0,32.35,5.00,-85,100.00,8.33,3.28,5.02,863,470,0,324,21.97,1013.50,11.80,404.80,13.42,52.75,1080,23.70,21.70,20.80,24.70,21.30,20.60,23.50,23.10,21.80,21.50,20.10,20.70,24.50,24.50,21.20,25.20,24.30,23.50,25.80,20.40,23.40,20.00,24.30,22.40,24.20,23.10,25.80,23.30,21.40,20.30,24.80,24.20,21.90,21.40,25.30,24.10,22.00,21.30,24.90,25.20,23.60,21.90,21.10,24.70,21.50,21.80,25.00,24.90,22.50,79.90,22.90,20.40,22.40,22.10,21.20,23.20,25.50,21.20,22.90,22.20,24.70,21.40,21.00,24.70
TLM_RCV,-53,FG-ALPHA,20240415_085022,AUTO,0,32.46,5.00,-85,99.95,8.33,3.31,5.02,0,491,0,337,22.45,1013.20,11.90,404.70,13.42,52.75,1080,21.90,21.40,24.60,20.00,20.70,21.70,25.60,22.60,24.70,21.10,23.20,22.00,23.90,22.70,24.30,24.90,25.40,22.70,24.60,24.10,23.90,25.90,24.00,20.60,25.60,21.80,25.10,22.90,21.30,24.00,24.00,25.20,20.90,22.10,24.40,22.40,20.80,20.00,20.30,21.80,25.20,25.50,24.90,24.10,25.10,21.50,20.80,21.20,21.70,24.80,22.50,20.10,21.10,22.70,21.80,21.90,20.00,21.50,24.70,22.10,24.30,20.70,25.60,20.00
TLM_RCV,-62,FG-ALPHA,20240415_085023,AUTO,0,32.34,5.00,-85,100.00,8.33,3.31,5.02,1149,468,0,327,23.41,1013.40,12.10,406.40,13.42,52.75,1080,21.90,23.60,25.80,24.30,20.20,22.10,23.10,25.70,20.00,20.20,25.30,25.80,22.90,23.60,23.90,25.60,21.20,21.10,21.00,20.80,25.80,24.00,22.30,20.10,25.60,23.60,20.60,25.50,25.50,24.90,22.20,21.60,20.60,21.00,23.00,23.30,21.30,21.40,24.30,22.70,20.20,25.00,23.70,25.70,24.40,21.70,85.10,23.40,21.00,20.90,22.30,25.70,23.00,20.80,20.40,24.40,21.40,22.40,23.80,23.00,21.80,23.30,23.50,20.20
TLM_RCV,-86,FG-ALPHA,20240415_085024,AUTO,0,32.01,5.00,-85,100.00,8.34,3.31,5.02,1096,403,0,256,23.47,1013.00,12.00,405.10,13.42,52.75,1080,23.00,25.50,24.70,23.20,22.00,23.90,21.60,21.70,24.10,21.40,25.50,22.90,25.40,23.10,21.40,20.10,25.80,23.80,25.00,23.00,20.20,24.60,24.10,25.00,21.90,20.90,21.90,22.50,23.80,23.40,25.90,25.60,20.00,21.30,24.10,21.80,23.40,21.30,23.10,25.10,25.00,24.90,25.30,23.30,22.70,25.60,22.50,22.50,24.60,21.90,20.60,25.00,21.60,23.10,24.40,21.30,22.30,23.30,21.30,20.90,24.00,22.90,20.70,20.50
TLM_RCV,-53,FG-ALPHA,20240415_085025,AUTO,0,33.13,5.00,-85,100.00,8.34,3.29,5.02,1186,425,0,272,23.81,1012.80,12.00,404.90,13.43,52.75,1080,20.90,23.30,20.60,23.50,21.90,21.60,21.00,20.10,20.50,21.60,22.90,25.00,23.30,22.70,20.40,22.30,25.70,22.00,22.00,20.80,21.10,23.60,24.00,24.20,22.60,23.40,24.90,25.20,23.10,22.50,24.80,23.90,24.00,23.40,23.00,24.50,24.30,25.10,22.60,20.90,20.40,23.70,21.20,21.00,22.00,23.40,23.90,24.40,25.40,20.10,20.70,25.80,22.00,20.30,23.10,21.90,21.60,23.60,25.00,25.10,25.40,23.20,22.70,25.60
TLM_RCV,-91,FG-ALPHA,20240415_085026,AUTO,0,32.24,5.00,-85,100.00,8.33,3.28,5.02,968,447,0,305,22.60,1013.50,12.10,405.00,13.43,52.75,1080,21.70,22.00,22.00,21.90,24.40,23.70,20.00,22.20,22.20,25.70,20.20,23.50,21.20,24.90,20.60,20.40,24.00,20.10,23.40,23.00,24.30,23.40,24.50,20.00,23.10,22.10,23.40,22.40,22.20,22.80,24.50,24.30,24.30,25.20,24.90,21.10,22.80,25.20,21.10,21.60,20.80,23.30,21.40,22.10,22.00,22.10,20.30,24.70,23.60,22.40,23.00,24.90,25.50,25.40,22.20,23.10,21.50,21.70,23.90,20.90,21.70,23.10,21.30,21.30
TLM_RCV,-68,FG-ALPHA,20240415_085027,AUTO,0,31.12,5.00,-85,100.00,8.34,3.31,5.02,939,425,0,278,22.57,1013.50,11.90,404.50,13.43,52.75,1080,22.30,24.00,22.20,21.70,20.60,20.70,20.20,25.00,25.70,24.50,22.10,24.80,20.70,25.30,25.50,24.40,21.40,20.60,22.00,22.50,20.00,23.10,22.00,25.90,22.50,22.90,21.50,20.20,21.80,22.30,21.30,25.20,22.70,21.10,25.40,20.60,22.20,25.80,22.80,24.60,23.90,20.20,25.70,22.80,22.30,25.40,25.10,23.80,25.40,23.20,24.50,20.60,22.70,23.90,24.20,20.40,22.90,22.40,20.50,21.50,24.70,20.60,24.50,25.80
TLM_RCV,-92,FG-ALPHA,20240415_085028,AUTO,0,31.31,5.00,-85,100.00,8.33,3.31,5.02,935,462,0,312,22.36,1013.40,11.90,405.60,13.43,52.75,1080,25.10,24.20,25.70,25.00,20.60,20.20,22.90,20.00,20.90,23.50,23.00,23.80,22.10,21.00,23.80,25.50,21.60,22.00,22.40,25.80,21.20,21.40,24.90,21.80,20.50,21.60,22.50,21.70,20.10,21.60,20.00,23.80,23.60,22.10,25.90,21.80,24.20,21.40,21.40,23.00,22.30,21.00,23.80,21.20,25.80,20.20,20.30,22.10,22.60,21.90,24.20,21.30,21.20,20.50,22.50,24.60,20.80,20.00,23.60,23.50,21.30,25.10,22.20,20.80
TLM_RCV,-52,FG-ALPHA,20240415_085029,AUTO,0,31.33,5.00,-85,100.00,8.33,3.29,5.02,1016,466,0,311,22.75,1012.90,12.10,405.50,13.43,52.75,1080,24.10,20.00,23.40,24.60,24.20,21.80,22.60,25.20,23.50,25.20,25.00,24.60,20.30,20.10,20.60,24.50,20.50,20.10,25.40,25.60,23.60,24.50,20.60,23.30,25.00,20.30,23.40,25.80,25.50,25.20,24.30,22.70,21.80,23.00,20.10,22.40,21.10,21.90,22.90,20.90,24.00,22.20,20.90,23.40,24.80,21.20,23.00,25.10,24.00,20.50,21.90,23.40,22.20,21.40,25.60,22.90,23.20,24.90,21.90,22.90,21.50,21.60,25.20,23.70
TLM_RCV,-60,FG-ALPHA,20240415_085030,AUTO,0,32.49,5.00,-85,100.00,8.33,3.30,5.02,812,498,0,345,21.57,1013.10,11.90,405.80,13.43,52.75,1080,21.60,21.40,25.10,23.90,20.80,21.70,21.10,24.30,20.70,25.10,21.50,21.60,20.20,20.00,25.10,21.90,20.60,23.10,23.10,22.40,25.90,24.60,24.40,20.40,20.50,22.90,24.40,24.70,21.30,24.30,22.30,21.40,24.10,21.20,22.70,23.30,23.60,21.00,20.40,23.50,24.60,25.90,20.20,24.10,23.00,25.20,23.40,23.80,23.10,24.40,20.80,23.20,23.30,21.40,23.80,20.40,24.90,23.60,21.30,24.10,20.90,20.30,25.50,25.30
TLM_RCV,-67,FG-ALPHA,20240415_085031,AUTO,0,33.19,5.00,-85,99.96,8.33,3.28,5.02,0,439,0,298,22.19,1012.90,11.90,406.10,13.43,52.75,1080,25.80,25.00,23.60,24.60,23.20,21.10,24.50,21.10,24.50,23.90,21.90,21.90,20.20,22.10,23.30,21.00,20.70,20.20,25.90,21.10,21.20,20.30,23.90,22.80,24.40,20.90,23.70,21.00,24.00,24.70,23.00,23.20,21.70,25.40,25.00,21.40,21.00,23.20,20.30,24.30,24.20,20.90,21.40,24.70,24.50,21.60,24.70,23.50,20.00,25.80,20.50,24.10,24.70,22.70,22.70,20.50,23.10,21.90,24.00,24.30,22.60,21.00,20.10,23.60
TLM_RCV,-65,FG-ALPHA,20240415_085032,AUTO,0,33.37,5.00,-85,100.00,8.33,3.30,5.02,998,473,0,322,22.62,1013.30,12.00,405.70,13.43,52.75,1080,23.10,21.30,21.20,23.80,21.80,22.50,21.40,25.00,23.80,24.60,22.60,23.20,24.60,24.90,21.50,24.80,24.40,22.30,21.10,24.80,20.30,23.60,24.20,22.10,25.10,21.50,23.60,24.30,25.50,21.10,24.20,23.30,21.20,21.30,22.80,25.00,25.80,21.30,24.50,23.20,24.20,25.20,20.60,20.00,23.90,25.30,20.80,23.30,21.80,21.90,23.80,20.70,22.70,25.00,24.40,25.10,25.40,24.00,20.60,25.30,25.80,20.30,22.40,21.90
TLM_RCV,-86,FG-ALPHA,20240415_085033,AUTO,0,31.47,5.00,-85,100.00,8.33,3.28,5.02,887,493,0,340,21.97,1013.10,11.80,405.40,13.43,52.75,1080,21.00,24.20,22.20,22.60,20.70,23.80,20.80,22.40,20.50,21.90,24.00,25.00,24.20,20.20,24.50,22.80,22.00,24.30,25.10,23.80,22.30,20.10,24.50,21.80,21.70,22.50,25.00,23.30,22.90,25.50,23.60,23.50,22.70,20.40,21.60,25.70,21.60,21.80,25.40,24.60,23.10,21.30,21.10,21.60,20.90,20.70,23.50,24.60,24.60,22.60,23.40,20.50,21.60,21.20,25.80,25.50,24.50,23.30,22.80,22.10,21.00,24.20,22.50,24.10
TLM_RCV,-62,FG-ALPHA,20240415_085034,AUTO,0,32.12,5.00,-85,100.00,8.34,3.30,5.02,945,424,0,278,22.60,1013.10,11.80,404.60,13.43,52.75,1080,22.60,24.70,24.90,25.30,20.50,24.00,24.70,23.50,25.80,20.30,22.70,22.10,24.10,23.70,20.10,25.10,24.40,23.90,25.30,22.70,20.70,20.70,22.60,23.00,24.90,23.50,24.40,21.40,21.50,22.00,20.10,24.20,24.30,24.70,24.60,20.70,25.40,20.10,22.20,21.70,23.00,25.40,25.20,24.80,24.60,24.40,22.10,20.20,24.90,20.10,24.90,21.60,20.40,21.30,21.40,22.30,20.70,24.70,25.00,22.40,22.00,25.70,24.70,23.30
TLM_RCV,-72,FG-ALPHA,20240415_085035,AUTO,0,31.06,5.00,-85,100.00,8.34,3.31,5.02,955,412,0,259,22.72,1012.70,11.90,404.90,13.44,52.75,1080,25.10,24.60,23.20,24.00,22.60,21.10,21.20,21.50,70.90,24.30,21.10,25.80,23.70,21.30,21.40,25.50,21.70,20.20,25.40,21.50,24.90,20.50,25.40,22.50,25.40,20.20,22.30,21.30,24.30,25.20,23.20,21.70,21.40,22.90,25.60,20.80,25.80,23.60,23.00,20.50,25.30,22.40,25.80,20.50,25.00,21.60,20.50,23.60,25.20,20.30,24.90,21.40,24.00,20.90,25.40,21.30,20.40,22.70,22.20,22.60,23.10,24.70,20.20,23.90
TLM_RCV,-86,FG-ALPHA,20240415_085036,AUTO,0,31.17,5.00,-85,100.00,8.33,3.28,5.02,909,435,0,279,22.37,1013.20,11.80,404.80,13.44,52.75,1080,24.50,21.20,24.00,20.50,22.30,24.60,20.00,22.80,21.30,20.40,23.40,23.30,24.70,25.60,21.50,21.90,25.40,21.80,22.70,24.10,24.40,22.60,20.00,20.00,20.20,22.60,22.60,22.70,25.40,24.30,20.20,23.60,21.40,24.80,24.70,23.80,20.40,21.30,21.40,24.90,20.20,22.80,21.30,25.90,22.40,20.20,25.70,25.80,23.10,23.20,25.40,25.90,22.50,23.30,22.40,23.30,23.50,22.00,22.50,20.20,25.90,23.40,20.70,24.80
TLM_RCV,-85,FG-ALPHA,20240415_085037,AUTO,0,32.34,5.00,-85,100.00,8.33,3.28,5.02,858,468,0,319,21.95,1013.60,11.80,405.20,13.44,52.75,1080,24.60,24.20,24.90,25.20,20.30,24.70,25.60,20.00,22.60,21.10,21.20,22.60,22.70,21.70,22.60,20.80,24.00,24.40,24.50,25.60,23.90,23.70,25.80,25.90,22.40,25.90,20.00,24.90,25.60,25.40,25.40,21.90,21.60,21.50,23.20,24.50,20.50,24.10,23.30,20.80,22.70,22.50,25.00,23.10,23.50,24.30,23.20,22.90,25.20,25.90,21.90,24.20,20.30,22.80,20.60,22.10,21.20,25.30,22.40,22.60,23.90,20.90,25.30,25.00
TLM_RCV,-80,FG-ALPHA,20240415_085038,AUTO,0,32.31,5.00,-85,100.00,8.33,3.28,5.02,932,462,0,308,22.35,1012.90,12.10,404.70,13.44,52.75,1080,25.80,21.40,23.60,24.20,21.60,23.70,22.30,25.00,21.60,22.20,20.40,20.80,23.80,24.70,22.50,24.00,23.20,25.90,21.10,23.00,23.00,20.40,21.40,25.00,24.30,25.70,22.10,20.70,23.30,20.80,25.20,25.50,23.70,23.90,22.20,22.10,22.50,22.60,24.70,23.70,20.20,25.20,20.90,23.50,21.10,20.80,20.30,23.20,20.40,22.20,21.80,24.50,25.30,22.00,24.60,24.30,24.20,24.80,22.50,20.30,24.70,23.00,20.40,20.20
TLM_RCV,-81,FG-ALPHA,20240415_085039,AUTO,0,33.16,5.00,-85,100.00,8.34,3.30,5.02,1075,432,0,289,23.22,1013.30,11.90,404.80,13.44,52.75,1080,23.00,23.80,24.10,21.10,24.70,23.70,21.20,22.90,23.50,22.20,24.80,22.20,22.40,21.30,24.10,20.00,23.00,21.90,23.70,21.00,24.50,22.80,25.00,25.50,22.50,20.90,21.10,24.60,25.60,25.80,22.70,24.80,20.60,20.90,20.40,22.10,20.60,23.80,25.00,21.20,25.60,22.20,24.60,23.70,20.10,23.90,20.70,23.10,24.80,24.00,23.30,25.40,21.70,22.50,21.10,25.00,22.30,25.90,25.50,20.10,25.20,20.20,21.70,25.80
TLM_RCV,-42,FG-ALPHA,20240415_085040,AUTO,0,31.28,5.00,-85,100.00,8.33,3.31,5.02,1046,456,0,303,22.95,1012.90,11.90,405.80,13.44,52.75,1080,22.30,25.90,22.40,20.00,24.30,24.10,24.40,23.90,25.40,25.20,23.90,23.00,25.40,25.30,20.40,21.40,21.40,21.70,22.20,25.60,20.00,22.50,20.00,22.20,22.00,20.50,21.00,22.10,21.10,25.70,20.30,20.30,25.30,21.90,23.60,23.40,22.10,24.20,25.20,21.40,21.70,23.50,20.40,21.40,20.90,23.90,24.50,23.80,22.50,25.40,24.70,22.40,21.60,23.80,22.30,22.70,20.60,20.60,22.20,24.00,23.80,24.30,24.80,25.20
TLM_RCV,-50,FG-ALPHA,20240415_085041,AUTO,0,33.33,5.00,-85,99.95,8.33,3.31,5.02,0,465,0,306,22.33,1013.50,11.90,405.00,13.44,52.75,1080,23.60,22.90,22.10,22.50,20.60,21.30,22.30,22.70,23.40,86.50,21.80,25.90,25.30,21.40,21.80,24.20,23.90,25.20,21.30,25.90,20.30,25.40,20.60,21.60,21.50,21.60,22.30,24.00,25.20,21.90,25.90,23.30,22.70,24.80,24.00,22.20,21.00,25.00,24.10,22.10,24.00,25.60,25.40,22.00,23.90,22.20,20.10,23.50,24.60,22.90,24.20,23.30,22.30,25.40,22.30,21.80,24.70,25.10,21.20,24.40,21.00,23.60,20.10,22.30
TLM_RCV,-67,FG-ALPHA,20240415_085042,AUTO,0,31.09,5.00,-85,100.00,8.34,3.29,5.02,919,419,0,269,22.50,1013.20,11.80,405.40,13.44,52.75,1080,25.80,21.20,20.50,20.30,20.30,24.10,24.10,25.70,23.20,20.20,21.10,21.20,21.40,21.40,25.40,23.60,24.40,20.80,25.70,22.70,20.70,22.90,22.70,24.80,24.90,24.40,23.20,23.20,25.00,20.20,23.50,21.60,23.30,24.20,23.00,24.70,25.50,21.70,23.70,22.70,25.10,24.30,20.90,21.20,22.10,22.10,23.90,22.40,23.10,24.90,20.60,21.70,23.20,23.10,25.40,21.90,21.90,22.90,25.30,24.50,22.70,24.60,22.20,22.70
TLM_RCV,-59,FG-ALPHA,20240415_085043,AUTO,0,32.97,5.00,-85,99.96,8.34,3.31,5.02,0,393,0,251,21.97,1013.30,12.00,404.60,13.44,52.75,1080,20.60,20.50,20.40,25.50,22.40,22.70,20.10,20.10,22.30,24.40,23.10,23.80,20.20,22.30,20.70,20.00,20.50,23.80,25.30,21.00,20.60,22.10,20.90,25.80,20.40,21.70,23.30,22.40,22.10,21.40,22.20,20.10,21.20,22.00,20.00,25.90,22.10,23.20,20.30,24.00,20.50,21.30,25.90,20.80,25.50,20.10,21.60,20.80,25.90,25.50,24.70,20.80,24.30,22.20,22.10,23.70,22.10,24.00,22.80,24.70,25.10,25.30,24.20,21.10
TLM_RCV,-90,FG-ALPHA,20240415_085044,AUTO,0,33.21,5.00,-85,100.00,8.33,3.31,5.02,882,441,0,301,22.20,1013.40,11.80,405.60,13.44,52.75,1080,25.60,23.80,24.80,20.90,25.30,24.00,21.60,23.50,24.70,21.70,23.00,20.90,24.40,24.90,22.50,20.40,25.20,21.00,22.20,23.90,23.30,25.70,20.10,23.40,21.20,22.80,25.10,23.70,22.80,21.60,20.50,23.80,20.10,25.40,25.40,24.60,20.30,24.60,20.90,25.30,20.20,25.90,21.30,25.80,21.70,22.20,22.70,23.70,20.00,21.50,24.60,25.30,24.40,25.90,21.30,25.50,20.70,25.10,20.40,22.90,21.00,20.80,22.30,22.00
TLM_RCV,-64,FG-ALPHA,20240415_085045,AUTO,0,32.49,5.00,-85,99.95,8.32,3.30,5.02,0,498,0,344,22.49,1013.50,12.00,405.30,13.45,52.75,1080,22.30,22.30,23.10,24.30,20.20,25.10,20.70,21.50,21.60,23.70,24.40,23.00,25.90,21.90,22.30,22.00,24.30,21.30,23.90,22.20,22.20,21.10,25.40,21.40,23.70,25.80,22.70,22.70,21.90,25.60,23.70,21.70,20.80,21.50,21.10,23.90,25.20,24.50,21.60,24.40,24.70,20.10,25.50,21.40,21.10,20.10,21.60,23.30,25.40,21.80,22.00,20.30,21.60,22.40,20.40,25.10,23.50,22.00,23.20,23.20,21.70,23.80,22.30,22.90
TLM_RCV,-47,FG-ALPHA,20240415_085046,AUTO,0,33.22,5.00,-85,100.00,8.33,3.28,5.02,1046,444,0,304,23.01,1012.90,12.10,404.50,13.45,52.75,1080,23.60,25.90,21.10,20.60,21.90,22.00,23.40,20.10,24.90,24.90,23.30,21.00,24.50,24.40,25.10,24.10,22.20,22.10,21.70,20.30,24.50,25.80,25.00,25.30,25.80,24.90,20.80,24.20,23.90,22.80,25.50,25.80,21.40,21.20,23.70,23.90,23.90,21.70,20.30,24.30,23.20,23.20,24.40,22.10,23.50,24.30,24.00,23.00,20.30,21.30,23.10,24.30,25.50,24.10,22.00,24.70,21.60,22.70,22.90,24.60,23.00,24.00,24.50,22.90
TLM_RCV,-53,FG-ALPHA,20240415_085047,AUTO,0,32.42,5.00,-85,100.00,8.33,3.29,5.02,805,485,0,342,21.60,1012.80,12.10,405.30,13.45,52.75,1080,24.30,25.80,25.50,25.00,25.90,24.60,24.50,21.50,22.50,25.60,24.60,24.10,21.90,21.70,25.50,25.20,23.00,21.00,20.40,20.70,24.80,20.00,25.40,25.10,24.50,23.40,23.90,20.20,22.90,25.70,20.30,24.80,21.20,23.60,21.40,24.00,23.90,20.50,20.10,22.50,25.00,24.80,22.80,20.90,23.80,25.60,21.70,25.90,25.70,24.80,24.90,21.40,23.70,22.10,23.80,25.60,23.40,24.70,21.10,24.40,21.90,22.10,24.00,25.50
TLM_RCV,-80,FG-ALPHA,20240415_085048,AUTO,0,32.03,5.00,-85,100.00,8.34,3.29,5.02,933,406,0,263,22.64,1012.80,11.80,404.60,13.45,52.75,1080,22.10,25.50,23.30,22.10,22.50,25.80,20.10,25.60,25.50,23.40,25.80,24.70,21.60,25.30,25.00,22.00,24.60,25.20,23.70,20.50,21.70,23.60,24.80,22.60,22.50,25.10,20.10,21.70,21.70,22.60,24.90,21.50,25.30,24.20,21.00,20.10,21.00,25.80,21.20,20.20,21.30,23.40,23.00,22.10,22.40,24.30,21.20,23.40,21.70,21.50,25.70,23.00,24.10,21.40,20.10,22.20,24.20,22.70,25.60,24.50,21.30,24.10,24.70,24.90
TLM_RCV,-90,FG-ALPHA,20240415_085049,AUTO,0,31.32,5.00,-85,100.00,8.33,3.28,5.02,888,463,0,318,22.12,1013.40,12.00,405.10,13.45,52.75,1080,24.10,25.30,81.70,24.80,24.70,23.80,24.10,25.40,24.80,22.00,23.90,22.80,22.00,21.20,23.10,20.00,22.90,24.40,24.70,22.20,20.30,20.70,24.30,22.80,20.20,25.70,25.30,20.40,21.00,22.70,22.30,21.90,21.10,23.50,24.30,25.30,22.50,22.20,24.10,22.50,21.00,23.00,24.50,23.40,20.30,23.30,25.50,21.10,20.70,20.50,22.40,23.40,21.50,20.00,21.70,22.30,22.60,24.60,22.10,21.00,21.40,25.70,20.90,23.90
TLM_RCV,-91,FG-ALPHA,20240415_085050,AUTO,0,32.05,5.00,-85,100.00,8.34,3.29,5.02,1024,410,0,265,23.07,1013.10,11.90,405.60,13.45,52.75,1080,24.20,23.30,21.10,22.20,22.60,23.20,20.90,25.20,22.90,25.40,22.60,22.90,21.20,25.60,22.50,23.60,22.60,21.00,24.30,23.00,22.20,25.50,21.80,21.70,21.90,21.30,23.60,25.00,24.60,25.40,22.80,23.90,22.10,23.50,24.80,23.90,24.50,22.40,22.40,24.70,22.30,22.60,24.00,25.40,25.00,20.50,21.60,22.00,23.10,25.80,23.40,22.30,25.30,24.10,21.90,23.70,20.10,25.00,21.60,20.30,22.80,23.60,23.50,23.10
TLM_RCV,-65,FG-ALPHA,20240415_085051,AUTO,0,32.22,5.00,-85,100.00,8.33,3.30,5.02,843,445,0,291,21.99,1012.70,12.00,405.10,13.45,52.75,1080,25.90,21.70,23.60,25.50,21.60,20.50,23.70,21.80,20.60,24.90,22.40,21.00,21.50,21.30,23.40,20.10,22.80,23.10,23.90,22.90,25.80,25.10,20.40,25.90,21.80,25.90,23.20,23.00,21.40,21.60,23.00,21.50,23.30,21.90,84.00,23.80,24.60,20.20,20.50,20.50,23.30,21.10,25.70,22.40,20.10,25.20,24.10,24.60,23.80,21.30,21.40,23.10,22.50,25.30,25.30,25.70,24.20,23.50,23.70,22.90,23.30,23.70,24.70,23.00
TLM_RCV,-59,FG-ALPHA,20240415_085052,AUTO,0,33.19,5.00,-85,100.00,8.33,3.30,5.02,899,439,0,295,22.30,1013.10,11.80,405.80,13.45,52.75,1080,24.50,22.20,22.60,20.60,21.90,25.70,20.80,23.10,22.80,24.30,21.90,21.10,25.10,24.50,22.00,20.90,23.00,21.60,23.60,22.20,21.20,20.00,20.80,25.90,20.00,23.40,23.40,21.60,21.60,20.50,23.40,23.50,24.10,24.60,20.80,20.60,24.90,23.10,23.40,25.90,24.00,23.10,24.10,23.50,25.20,21.70,24.90,21.00,24.80,22.70,25.10,22.40,22.50,24.00,23.90,21.90,24.90,20.20,23.50,21.70,24.30,20.40,25.30,23.30
TLM_RCV,-94,FG-ALPHA,20240415_085053,AUTO,0,32.47,5.00,-85,100.00,8.33,3.31,5.02,1004,493,0,347,22.56,1013.30,11.80,405.90,13.45,52.75,1080,24.10,22.90,22.10,22.60,25.80,22.80,23.40,23.40,23.50,21.70,23.20,20.30,21.30,21.00,20.40,20.60,21.40,21.30,25.80,23.60,24.00,24.70,22.40,22.70,22.30,20.40,23.20,21.10,22.70,21.70,20.50,24.20,24.40,25.50,21.90,21.30,24.80,20.50,20.90,20.60,21.40,25.30,22.60,24.40,24.40,22.30,22.40,21.40,22.50,22.00,22.30,23.70,24.20,23.00,23.90,24.00,25.20,20.30,21.60,20.80,22.10,25.50,22.30,20.80
TLM_RCV,-94,FG-ALPHA,20240415_085115,AUTO,0,33.42,5.00,-85,100.00,8.33,3.29,5.02,905,483,0,328,22.11,1013.40,12.00,404.60,13.48,53.50,1080,21.60,23.00,23.00,24.30,24.30,21.80,20.40,25.80,22.10,23.00,20.00,24.30,25.50,25.60,21.40,24.50,24.80,22.40,23.40,24.90,22.30,22.00,23.10,25.00,20.00,24.00,24.80,21.70,24.40,25.60,21.80,24.90,22.40,20.60,22.10,24.50,25.90,25.20,20.90,21.50,23.00,21.10,20.50,22.50,23.50,22.90,21.80,23.60,24.50,22.90,22.10,21.70,21.40,22.90,25.00,21.80,22.70,21.00,23.30,20.10,23.60,25.70,23.20,25.60
TLM_RCV,-44,FG-ALPHA,20240415_085116,AUTO,0,32.44,5.00,-85,100.00,8.33,3.30,5.02,1167,489,0,344,23.39,1013.00,12.00,405.70,13.48,53.50,1080,25.20,23.40,23.80,21.90,21.50,25.40,21.80,24.00,22.70,25.70,21.30,23.90,20.90,24.50,20.80,22.80,25.50,23.00,24.00,21.00,23.40,24.30,25.20,20.70,20.90,24.70,21.50,25.80,23.60,24.20,21.40,24.70,25.60,21.80,24.60,23.60,22.70,25.40,25.40,23.10,23.80,22.20,25.30,25.30,25.20,24.30,25.90,20.20,23.10,21.30,22.00,23.40,24.70,24.00,23.60,20.40,20.80,24.20,20.60,24.00,25.20,24.70,25.70,22.10
TLM_RCV,-79,FG-ALPHA,20240415_085117,AUTO,0,33.42,5.00,-85,99.95,8.33,3.29,5.02,0,485,0,341,22.42,1012.80,12.00,405.60,13.48,53.50,1080,24.70,25.70,20.20,20.20,22.50,25.30,24.40,24.60,25.70,22.70,20.50,20.80,25.40,24.30,25.30,22.00,23.90,21.70,22.40,21.20,24.50,21.80,25.40,24.50,20.40,22.60,24.60,20.20,25.20,21.40,23.60,24.90,21.00,22.40,21.00,25.00,25.70,21.60,24.50,25.40,23.10,23.70,22.90,22.00,20.40,21.40,25.30,25.00,23.80,20.80,24.20,25.90,21.80,23.40,23.90,22.30,22.40,25.00,24.00,22.20,24.50,23.60,23.40,23.10
TLM_RCV,-58,FG-ALPHA,20240415_085118,AUTO,0,31.08,5.00,-85,100.00,8.34,3.28,5.02,920,416,0,261,22.52,1013.10,11.90,404.60,13.48,53.50,1080,21.50,20.70,25.60,23.60,23.00,20.30,23.50,21.00,20.40,24.60,24.70,25.80,21.30,20.60,25.40,20.00,24.40,25.70,22.60,22.90,25.10,20.20,21.10,22.20,25.80,23.20,21.40,20.20,20.20,21.60,20.10,25.70,21.30,24.10,25.80,23.60,22.70,21.90,25.80,24.90,20.60,20.00,25.60,23.00,22.00,25.80,20.10,25.60,25.20,21.00,22.90,20.90,23.80,23.60,22.30,22.80,23.10,22.60,23.50,23.30,22.50,21.30,25.40,25.00
TLM_RCV,-60,FG-ALPHA,20240415_085119,AUTO,0,32.38,5.00,-85,100.00,8.33,3.31,5.02,851,476,0,333,21.87,1012.80,12.00,404.70,13.48,53.50,1080,23.10,22.90,21.80,25.20,20.50,22.70,23.30,21.40,23.60,25.00,22.60,20.90,24.80,23.00,20.50,21.30,20.80,20.50,23.30,24.10,22.40,21.30,23.90,24.40,20.00,24.80,23.40,24.80,24.00,22.20,24.30,23.80,21.40,22.30,23.10,22.10,23.60,21.90,23.40,23.90,21.30,21.50,23.00,23.00,25.50,25.80,22.40,25.30,22.90,22.60,21.00,22.90,24.10,25.70,22.30,22.70,20.10,24.30,24.00,22.70,25.00,25.50,23.80,25.20
TLM_RCV,-57,FG-ALPHA,20240415_085120,AUTO,0,33.21,5.00,-85,100.00,8.33,3.28,5.02,1083,441,0,300,23.21,1013.30,11.90,404.80,13.48,53.50,1080,22.60,24.60,25.80,20.00,23.10,23.00,22.80,24.90,24.30,23.50,23.20,22.50,23.30,21.90,21.60,23.40,25.70,25.60,20.60,23.20,24.20,22.10,22.10,23.50,25.50,20.10,22.00,25.80,25.90,24.00,25.10,24.40,20.50,21.20,22.70,23.80,21.90,25.70,22.00,22.50,20.60,20.00,25.40,24.80,21.30,23.20,21.90,20.80,20.70,21.30,23.00,22.60,20.70,24.70,22.30,24.10,23.90,22.70,24.40,24.80,25.60,25.60,21.60,21.70
TLM_RCV,-74,FG-ALPHA,20240415_085121,AUTO,0,31.36,5.00,-85,100.00,8.33,3.29,5.02,1169,472,0,324,23.49,1013.20,11.80,405.50,13.48,53.50,1080,20.70,24.40,25.70,22.10,22.00,23.70,23.70,20.60,25.40,21.00,22.70,21.80,22.60,21.40,25.70,20.20,25.30,22.50,25.60,23.60,25.10,21.10,20.60,25.30,23.00,20.00,23.70,25.70,23.80,20.80,23.60,23.70,24.10,21.80,20.40,21.80,22.10,21.00,20.00,22.00,23.20,23.60,25.70,21.40,25.30,25.90,25.40,24.50,24.70,24.70,22.40,20.40,23.60,20.10,22.00,21.30,24.70,25.10,25.00,20.50,20.30,20.40,20.00,21.30
TLM_RCV,-79,FG-ALPHA,20240415_085122,AUTO,0,31.37,5.00,-85,99.95,8.33,3.30,5.02,0,474,0,334,22.37,1012.90,11.90,405.00,13.48,53.50,1080,22.00,24.40,21.90,23.70,20.80,22.80,20.40,23.50,25.00,22.40,21.30,20.10,22.30,22.80,22.00,20.30,20.40,25.70,22.20,24.10,24.30,23.50,22.30,21.10,22.60,20.90,24.70,24.20,24.60,22.70,25.00,23.70,25.30,25.40,23.50,21.30,24.00,25.30,25.40,22.60,20.20,21.90,20.60,24.80,23.10,21.20,24.20,21.00,23.70,22.90,25.00,20.40,23.70,22.80,21.20,23.30,22.30,22.70,20.90,21.90,24.20,21.20,25.80,24.10
TLM_RCV,-43,FG-ALPHA,20240415_085123,AUTO,0,31.02,5.00,-85,99.99,8.34,3.30,5.02,810,404,0,262,22.03,1012.90,12.10,406.30,13.48,53.50,1080,22.00,23.00,22.30,21.50,20.70,25.20,25.60,24.90,23.50,23.30,80.50,22.30,24.70,20.30,24.30,24.40,21.70,24.70,22.70,21.00,24.10,20.70,25.20,25.10,22.30,22.20,20.60,23.00,24.00,21.40,23.40,20.90,23.40,23.00,24.30,22.40,21.70,23.80,24.60,20.70,24.00,20.90,20.30,25.40,25.30,24.10,25.40,22.20,23.40,20.60,21.20,23.40,22.00,21.20,25.90,20.20,25.80,22.00,20.90,22.90,25.30,21.40,22.40,22.70
TLM_RCV,-61,FG-ALPHA,20240415_085124,AUTO,0,32.17,5.00,-85,99.95,8.33,3.29,5.02,0,434,0,294,22.17,1012.90,11.80,405.30,13.48,53.50,1080,22.40,20.40,20.50,21.00,23.30,22.40,22.70,22.00,21.70,21.80,22.50,20.60,24.30,25.80,25.70,24.50,24.20,22.50,20.20,23.00,21.50,23.70,25.50,21.30,20.20,21.30,23.40,22.00,25.80,22.30,23.70,21.00,25.60,24.90,23.10,23.30,20.60,24.00,24.40,23.60,24.20,23.90,24.30,22.60,20.40,20.50,24.90,23.80,23.80,25.00,25.80,23.90,23.70,21.30,20.50,23.90,24.70,24.50,24.40,25.50,25.40,24.00,23.00,24.30
TLM_RCV,-50,FG-ALPHA,20240415_085125,AUTO,0,33.10,5.00,-85,100.00,8.34,3.30,5.02,1167,419,0,276,23.74,1013.20,12.10,405.00,13.49,53.50,1080,22.90,24.90,23.80,21.00,25.70,20.80,22.00,21.10,25.60,24.00,21.10,23.00,22.10,24.50,21.20,25.00,22.30,21.50,20.50,21.00,20.70,22.90,20.70,22.50,23.50,25.20,25.20,20.30,21.20,21.70,24.20,23.60,22.70,22.80,25.10,20.70,22.30,21.20,22.00,22.70,22.00,25.80,21.90,24.40,21.30,22.10,25.30,24.00,22.40,20.80,20.40,23.70,25.00,21.80,20.00,87.70,25.70,23.70,23.20,23.80,24.10,24.70,24.00,24.60
TLM_RCV,-41,FG-ALPHA,20240415_085126,AUTO,0,33.39,5.00,-85,100.00,8.33,3.30,5.02,851,478,0,336,21.86,1013.00,12.10,406.30,13.49,53.50,1080,22.90,23.50,25.60,24.80,20.70,23.90,25.90,25.10,22.10,20.40,24.20,24.10,20.10,21.60,24.10,21.40,23.20,24.10,20.90,22.10,25.00,20.80,24.90,22.50,25.70,20.10,23.80,21.70,21.60,21.40,25.70,22.80,22.20,21.70,22.70,24.60,23.20,24.10,23.80,24.10,23.00,22.90,24.90,24.50,25.20,20.60,25.60,21.20,23.30,22.40,24.00,20.30,23.80,23.50,24.80,25.90,24.40,21.20,22.10,22.00,25.10,21.30,24.30,23.80
TLM_RCV,-81,FG-ALPHA,20240415_085127,AUTO,0,31.32,5.00,-85,100.00,8.33,3.28,5.02,1050,464,0,317,22.93,1012.70,12.00,405.20,13.49,53.50,1080,24.70,22.90,25.50,24.20,24.90,21.40,25.00,20.60,21.90,23.70,25.80,23.20,22.60,23.70,23.50,25.50,23.40,25.60,20.90,22.30,24.40,22.50,23.60,20.90,20.10,23.00,20.80,20.30,23.90,25.70,23.50,23.00,20.80,25.80,22.60,23.10,23.50,20.20,20.00,24.40,20.20,22.00,23.80,23.70,21.90,25.80,21.50,25.70,24.10,22.50,25.80,20.90,22.80,22.10,22.90,25.40,21.60,25.90,22.40,87.80,24.90,21.40,23.00,20.70
TLM_RCV,-61,FG-ALPHA,20240415_085128,AUTO,0,30.98,5.00,-85,99.96,8.34,3.31,5.02,0,395,0,252,21.98,1012.80,11.90,404.70,13.49,53.50,1080,22.40,23.50,24.90,24.50,22.90,25.60,23.50,23.10,22.90,24.50,24.50,22.50,22.90,23.20,20.20,21.20,23.40,23.80,21.50,24.30,21.00,23.90,23.60,21.30,24.60,20.40,21.10,20.00,20.50,21.30,21.50,22.40,23.50,21.80,21.70,21.60,25.30,25.00,21.60,22.90,20.60,21.00,21.30,25.20,24.80,24.40,20.00,20.30,25.10,21.00,25.30,21.20,24.10,25.30,24.70,20.10,24.50,24.30,23.00,21.40,23.60,24.80,25.20,22.00
TLM_RCV,-60,FG-ALPHA,20240415_085129,AUTO,0,32.48,5.00,-85,99.91,8.32,3.28,5.02,0,496,0,344,22.48,1013.10,11.90,405.10,13.49,53.50,1080,21.20,23.40,24.10,24.70,24.40,21.50,25.20,24.20,21.10,24.20,24.50,24.10,25.00,21.20,23.40,24.80,25.00,24.80,25.80,24.20,20.50,24.60,25.10,20.80,25.60,20.70,20.30,25.90,23.80,24.90,24.70,22.00,24.60,23.00,20.50,20.70,25.70,22.40,24.90,22.20,23.60,21.00,24.50,23.30,21.90,21.00,22.80,22.90,21.50,21.30,22.10,24.10,24.00,23.50,20.80,22.20,21.60,22.70,21.70,24.80,23.50,24.30,24.80,20.00
TLM_RCV,-44,FG-ALPHA,20240415_085130,AUTO,0,32.26,5.00,-85,99.98,8.33,3.29,5.02,1136,452,0,303,23.42,1013.50,12.10,406.40,13.49,53.50,1080,24.80,25.80,23.80,20.10,23.00,20.50,20.20,23.80,21.00,24.80,20.90,22.70,22.60,24.80,21.80,21.20,20.00,21.90,21.70,25.60,23.90,25.30,21.20,25.20,22.30,20.30,23.40,23.70,20.70,21.60,25.90,22.80,21.20,23.50,23.10,22.50,25.70,24.40,24.70,21.50,22.70,23.30,20.10,21.20,21.70,20.90,21.50,25.30,21.10,24.50,24.30,24.20,22.10,24.60,24.80,23.40,25.60,24.30,24.70,25.10,20.20,20.80,21.20,23.70
TLM_RCV,-84,FG-ALPHA,20240415_085131,AUTO,0,33.46,5.00,-85,100.00,8.33,3.30,5.02,901,492,0,348,22.05,1013.40,12.00,406.30,13.49,53.50,1080,25.00,20.60,21.80,21.70,21.00,22.10,20.30,24.20,22.80,22.70,23.80,21.10,21.30,22.90,23.30,24.80,25.30,25.60,20.40,23.90,22.10,22.10,21.60,25.70,21.90,22.90,22.60,20.80,22.00,25.60,25.40,20.50,24.00,22.20,22.00,25.10,23.00,25.30,20.00,23.60,23.80,23.70,20.70,23.70,21.40,24.10,25.10,23.60,25.60,20.90,22.70,22.00,24.30,23.10,25.60,22.80,23.60,24.50,25.30,25.50,21.60,24.20,22.60,24.80
TLM_RCV,-70,FG-ALPHA,20240415_085132,AUTO,0,32.26,5.00,-85,100.00,8.33,3.28,5.02,1163,453,0,294,23.55,1012.80,12.00,405.20,13.49,53.50,1080,25.70,21.30,21.30,22.10,20.50,21.50,22.50,20.00,23.80,21.30,20.60,23.50,21.80,21.70,24.20,24.90,23.80,20.10,24.00,22.20,21.90,25.70,23.50,25.30,22.60,22.50,21.10,23.40,23.80,24.80,23.30,23.30,24.00,24.90,21.70,20.40,25.90,20.30,24.40,25.20,22.20,20.00,25.40,23.70,22.20,25.90,23.90,25.10,20.90,23.90,22.30,22.70,23.90,22.30,20.90,20.70,21.80,22.80,25.70,25.00,21.50,22.10,21.10,23.60
TLM_RCV,-59,FG-ALPHA,20240415_085133,AUTO,0,32.19,5.00,-85,100.00,8.33,3.31,5.02,847,437,0,290,22.05,1013.40,12.10,404.90,13.49,53.50,1080,22.40,22.10,25.10,24.70,23.10,24.70,23.60,21.30,21.30,25.30,23.10,22.50,25.90,23.70,25.00,22.90,20.60,22.50,22.60,20.00,23.10,23.40,20.70,20.80,20.30,22.20,20.50,24.00,21.20,25.30,22.50,20.90,23.00,24.60,25.60,22.00,25.20,21.40,25.30,23.50,25.50,25.60,24.40,21.80,20.40,25.20,24.60,23.70,21.80,22.00,25.10,24.90,20.60,23.20,25.90,24.80,25.60,25.90,24.80,21.20,20.50,21.80,23.30,22.70
TLM_RCV,-45,FG-ALPHA,20240415_085134,AUTO,0,31.33,5.00,-85,100.00,8.33,3.28,5.02,1015,467,0,321,22.74,1012.90,12.10,405.40,13.49,53.50,1080,22.80,21.90,24.00,25.10,23.30,23.10,20.60,25.00,22.10,22.20,21.60,23.20,23.70,25.10,24.80,23.80,24.50,22.40,21.90,23.50,23.90,22.90,24.50,25.60,23.20,25.40,25.50,22.70,21.20,21.80,20.70,24.30,24.90,20.10,24.90,23.10,23.50,23.60,24.80,22.30,23.30,20.60,22.30,22.20,23.30,23.50,21.20,22.20,20.50,23.80,25.80,20.10,23.80,23.60,20.70,25.50,23.00,24.10,22.80,23.90,23.70,23.80,22.40,22.40
TLM_RCV,-72,FG-ALPHA,20240415_085135,AUTO,0,32.06,5.00,-85,100.00,8.34,3.29,5.02,933,413,0,264,22.60,1013.40,11.90,404.90,13.50,53.50,1080,24.60,23.10,25.90,20.80,22.50,25.80,24.60,25.00,25.50,24.00,25.50,22.60,20.10,22.60,24.00,21.40,21.90,25.50,24.50,21.10,20.20,24.40,25.90,21.60,22.40,20.80,21.50,22.90,21.80,21.90,24.90,25.10,22.90,22.50,21.80,20.40,21.60,21.50,24.60,23.50,22.30,22.70,20.90,22.70,21.90,21.90,25.20,23.70,24.70,20.50,25.50,22.40,23.70,25.30,24.80,22.20,25.20,23.00,22.10,21.10,23.60,23.90,25.80,20.40
TLM_RCV,-93,FG-ALPHA,20240415_085136,AUTO,0,31.27,5.00,-85,99.95,8.33,3.30,5.02,0,455,0,297,22.27,1013.60,11.90,405.10,13.50,53.50,1080,23.60,23.60,25.40,21.70,23.50,24.40,24.70,21.60,24.00,23.40,22.50,24.70,25.90,24.00,22.70,21.50,21.00,22.90,23.50,21.20,23.00,21.00,24.00,23.20,23.50,21.00,25.20,23.10,25.80,24.70,25.90,20.80,21.20,25.10,20.90,21.40,21.20,20.40,24.60,20.20,24.70,24.40,21.20,24.00,24.10,21.40,23.70,25.90,22.20,24.90,23.90,24.60,22.50,21.40,21.30,22.40,21.70,25.90,23.30,25.30,20.80,23.80,20.90,22.00
TLM_RCV,-54,FG-ALPHA,20240415_085137,AUTO,0,33.34,5.00,-85,100.00,8.33,3.31,5.02,950,468,0,328,22.41,1012.80,11.80,406.40,13.50,53.50,1080,25.90,22.30,22.90,20.00,24.70,24.50,24.30,22.50,24.40,23.20,25.90,23.10,21.90,25.00,25.90,20.20,25.20,20.00,20.40,20.80,25.20,21.60,20.40,23.20,22.90,24.40,25.60,24.10,25.00,25.30,21.40,20.30,21.80,23.00,23.40,25.00,25.60,21.60,24.30,20.00,21.90,23.60,24.30,20.30,22.00,20.10,22.40,24.80,81.30,22.60,22.20,22.00,25.80,21.20,25.20,23.30,21.50,22.10,22.80,25.30,21.80,20.20,24.60,24.90
TLM_RCV,-58,FG-ALPHA,20240415_085138,AUTO,0,31.44,5.00,-85,100.00,8.33,3.31,5.02,1073,488,0,348,22.92,1013.50,12.00,405.20,13.50,53.50,1080,24.50,23.20,24.70,21.10,22.90,23.60,21.70,24.90,25.20,24.40,25.50,25.00,24.30,24.60,23.30,21.80,21.00,25.70,20.00,21.90,21.30,23.30,20.60,23.20,24.80,21.10,21.20,21.60,24.50,21.80,21.60,23.60,21.20,22.30,20.20,25.30,21.80,25.50,21.60,25.30,20.60,24.90,24.00,21.70,21.40,20.90,20.80,21.00,21.50,25.40,23.50,24.20,24.80,21.00,21.30,20.40,25.10,21.90,25.70,22.80,20.60,22.60,22.60,23.50
TLM_RCV,-53,FG-ALPHA,20240415_085139,AUTO,0,31.21,5.00,-85,100.00,8.33,3.29,5.02,811,442,0,291,21.84,1013.50,11.90,405.00,13.50,53.50,1080,25.20,20.50,22.80,21.60,20.20,25.10,25.70,25.20,20.70,22.70,24.00,20.20,22.70,24.90,23.10,24.00,23.70,20.60,25.70,21.00,21.60,20.00,25.40,21.60,24.00,23.90,23.10,24.70,22.80,23.70,20.40,20.70,20.10,20.40,23.10,20.00,22.20,23.50,22.20,23.90,21.10,24.50,21.60,23.40,22.20,21.30,24.50,22.40,22.30,25.80,22.70,23.50,23.10,21.20,23.20,21.90,25.80,24.00,25.10,21.10,24.40,22.50,20.00,20.90
TLM_RCV,-60,FG-ALPHA,20240415_085140,AUTO,0,31.37,5.00,-85,100.00,8.33,3.29,5.02,931,475,0,330,22.28,1013.10,12.10,405.90,13.50,53.50,1080,25.90,20.20,21.80,23.00,25.40,22.40,22.70,22.70,21.00,24.40,23.20,24.20,22.90,23.80,20.50,24.50,20.90,22.60,22.40,20.50,22.30,24.90,21.60,20.30,23.10,21.20,25.50,23.60,20.10,22.70,20.80,23.70,24.30,21.70,23.80,25.90,21.60,23.10,21.20,23.80,24.90,24.00,25.90,22.30,21.80,23.30,24.80,25.30,25.00,20.70,22.50,24.50,23.90,24.70,22.60,21.90,24.10,20.00,20.70,24.70,21.20,23.90,79.50,23.40
TLM_RCV,-61,FG-ALPHA,20240415_085141,AUTO,0,33.17,5.00,-85,100.00,8.34,3.29,5.02,1031,433,0,276,22.99,1013.60,11.90,406.30,13.50,53.50,1080,20.70,23.80,25.30,23.10,21.50,23.80,24.60,21.30,24.00,20.70,23.70,22.00,25.60,20.20,21.50,23.10,23.10,23.10,25.60,24.80,24.00,24.60,23.10,25.00,24.40,20.00,22.30,24.70,23.40,21.40,21.60,22.30,23.80,21.90,21.50,21.20,20.10,22.00,23.20,24.00,25.40,21.40,22.00,22.80,22.00,20.40,20.00,20.50,25.90,25.40,23.50,20.00,25.70,22.10,21.30,21.20,20.30,20.10,25.40,22.60,25.40,25.50,23.10,21.20
TLM_RCV,-45,FG-ALPHA,20240415_085142,AUTO,0,33.45,5.00,-85,100.00,8.33,3.29,5.02,932,490,0,331,22.21,1012.80,11.90,405.40,13.50,53.50,1080,21.30,21.60,24.60,21.50,25.60,21.30,25.10,24.40,21.90,21.00,25.10,24.80,23.90,22.60,20.20,25.90,24.30,22.00,22.30,23.50,24.30,24.00,24.80,24.70,23.50,25.00,22.40,20.10,25.20,23.30,20.20,22.00,23.30,23.30,24.90,21.40,24.20,20.50,23.20,21.30,24.40,22.90,23.70,20.50,21.70,22.90,20.80,25.40,24.70,25.00,21.60,23.60,21.40,22.30,23.40,21.60,22.10,21.00,25.00,21.80,23.30,21.70,25.20,21.80
TLM_RCV,-76,FG-ALPHA,20240415_085143,AUTO,0,33.05,5.00,-85,99.96,8.34,3.28,5.02,0,410,0,267,22.05,1012.90,11.80,404.70,13.50,53.50,1080,21.30,25.20,22.80,20.10,24.30,21.00,20.40,23.00,24.30,21.90,23.00,22.10,22.50,25.30,23.50,23.80,21.70,20.90,25.10,22.60,25.70,25.30,22.10,23.90,20.00,21.80,23.70,21.00,23.70,21.50,20.90,25.20,25.80,20.70,22.50,20.80,25.50,25.00,21.00,25.80,21.20,23.20,20.60,20.60,23.70,25.00,21.80,21.50,25.70,24.70,22.50,21.50,22.20,20.80,21.90,24.80,24.70,23.30,25.30,25.60,20.10,25.30,21.90,24.00
TLM_RCV,-48,FG-ALPHA,20240415_085144,AUTO,0,31.43,5.00,-85,99.99,8.33,3.29,5.02,838,487,0,346,21.75,1013.40,11.80,405.90,13.50,53.50,1080,24.30,24.60,24.40,20.20,24.60,20.80,25.90,23.20,20.50,25.00,20.20,23.30,24.00,22.20,20.70,22.20,23.50,23.00,23.40,23.80,22.90,22.20,25.80,25.20,21.40,23.30,22.50,24.20,23.40,24.60,22.30,21.60,21.80,24.80,22.50,23.90,25.20,21.00,22.20,25.20,23.20,23.00,23.50,25.70,20.60,22.90,22.20,24.60,23.70,23.40,25.50,20.20,25.90,20.10,20.40,24.60,25.80,22.70,20.00,21.50,25.60,20.70,23.70,25.30
TLM_RCV,-83,FG-ALPHA,20240415_085145,AUTO,0,33.17,5.00,-85,99.95,8.33,3.28,5.02,0,433,0,286,22.17,1013.00,12.00,405.80,13.51,53.50,1080,21.80,24.50,20.40,21.40,24.70,20.10,20.80,22.80,23.20,23.40,22.90,23.10,20.80,25.70,23.10,20.70,25.30,21.90,24.70,21.00,25.70,22.90,22.60,20.60,25.60,24.60,24.00,23.00,20.40,20.60,20.60,23.30,25.80,23.10,22.80,23.60,22.60,21.20,24.50,24.80,20.30,22.30,20.10,22.60,25.40,25.40,20.30,25.50,23.10,25.70,21.50,21.20,21.00,23.00,24.20,20.30,22.90,23.60,21.50,21.90,23.90,23.00,23.20,24.20
TLM_RCV,-40,FG-ALPHA,20240415_085146,AUTO,0,32.17,5.00,-85,100.00,8.33,3.30,5.02,1082,434,0,288,23.24,1013.30,12.10,406.00,13.51,53.50,1080,20.70,25.30,23.80,22.80,24.00,23.10,24.80,22.20,23.00,22.50,25.10,24.10,23.10,21.20,24.40,24.40,21.10,23.90,25.30,20.30,23.90,20.40,21.30,25.40,22.30,20.80,22.60,21.90,25.30,24.60,21.00,20.90,25.50,24.30,25.00,25.90,21.80,20.90,21.50,20.70,21.00,23.10,20.30,24.50,24.20,20.00,22.40,22.10,23.90,24.80,24.70,24.30,24.50,25.30,20.90,24.80,23.40,21.40,22.30,25.00,24.70,22.30,25.50,23.70
TLM_RCV,-90,FG-ALPHA,20240415_085147,AUTO,0,32.17,5.00,-85,100.00,8.33,3.29,5.02,849,435,0,280,22.07,1012.80,11.90,404.60,13.51,53.50,1080,24.60,22.20,22.00,21.20,23.10,25.10,25.10,21.20,25.20,25.90,23.00,21.70,24.10,22.40,24.20,23.50,23.30,23.40,20.00,21.80,20.20,22.50,25.00,20.10,25.80,25.60,23.90,24.10,24.10,23.30,20.30,25.50,25.50,22.50,24.80,21.90,22.50,21.60,21.50,23.00,23.10,25.20,21.00,23.00,24.70,20.80,20.00,20.10,23.30,23.40,21.40,23.50,21.80,23.20,21.70,20.40,21.70,23.60,22.10,20.50,22.40,25.70,23.80,23.90
TLM_RCV,-44,FG-ALPHA,20240415_085148,AUTO,0,32.30,5.00,-85,100.00,8.33,3.30,5.02,812,460,0,315,21.76,1013.60,12.00,405.50,13.51,53.50,1080,25.60,21.80,24.90,24.80,23.70,22.70,23.80,25.70,24.40,21.80,22.20,24.20,20.50,22.30,25.50,23.30,23.10,20.60,22.70,25.40,20.60,25.60,23.20,25.70,22.90,23.70,23.50,25.30,25.40,23.80,25.80,22.90,25.60,25.20,22.30,20.70,21.50,23.60,25.70,20.40,20.40,25.40,24.90,23.60,22.70,22.30,24.80,24.60,20.70,24.20,24.40,21.60,25.10,24.10,20.50,24.50,20.20,22.20,21.80,24.80,23.40,20.90,22.90,25.00
TLM_RCV,-87,FG-ALPHA,20240415_085149,AUTO,0,33.28,5.00,-85,100.00,8.33,3.30,5.02,1111,456,0,315,23.27,1012.80,11.80,406.10,13.51,53.50,1080,21.60,25.00,22.80,25.30,22.10,22.70,20.90,20.50,24.20,25.00,22.00,24.90,21.20,25.30,20.10,21.60,20.60,21.90,21.70,23.10,23.30,20.10,20.10,22.00,22.40,23.00,24.90,23.50,20.90,25.60,25.60,23.50,22.10,21.70,21.80,20.30,24.20,22.80,23.00,22.60,22.30,22.50,22.70,20.20,21.10,21.70,21.00,20.50,20.20,22.70,20.50,22.30,25.80,22.70,23.20,23.10,23.20,23.90,22.70,23.30,21.10,20.10,24.40,20.70
TLM_RCV,-45,FG-ALPHA,20240415_085150,AUTO,0,31.42,5.00,-85,100.00,8.33,3.29,5.02,1058,483,0,343,22.87,1013.20,11.90,405.80,13.51,53.50,1080,25.10,23.40,22.40,20.20,21.20,24.80,24.30,23.30,24.30,23.40,21.70,23.60,23.40,23.70,23.30,25.00,23.80,20.60,21.10,21.10,21.90,25.40,24.10,25.90,21.60,24.70,20.30,22.70,24.10,23.20,21.40,23.30,24.00,20.30,23.80,20.80,24.60,20.00,21.50,22.40,23.50,23.50,24.40,24.60,21.00,22.80,25.30,21.50,25.30,21.30,21.10,20.10,20.60,25.80,25.40,23.00,23.60,21.80,20.20,21.20,24.40,22.80,22.90,25.30
TLM_RCV,-87,FG-ALPHA,20240415_085151,AUTO,0,31.01,5.00,-85,100.00,8.34,3.28,5.02,888,403,0,262,22.42,1013.00,12.00,406.20,13.51,53.50,1080,25.30,20.40,25.20,21.60,22.70,22.60,22.50,21.50,24.50,21.90,25.00,22.90,21.00,20.90,23.00,24.80,25.50,20.00,21.50,22.20,25.40,20.80,21.70,24.40,23.00,21.70,20.40,25.50,24.10,21.80,25.00,21.80,21.70,25.50,20.60,23.50,24.80,21.40,23.10,23.90,20.90,21.20,23.60,21.50,23.80,23.20,21.50,23.80,23.90,24.70,23.30,23.30,23.40,25.30,21.50,25.10,20.40,20.40,21.00,21.50,25.00,25.00,20.10,23.70
TLM_RCV,-89,FG-ALPHA,20240415_085152,AUTO,0,31.25,5.00,-85,100.00,8.33,3.31,5.02,1055,451,0,307,23.02,1013.00,11.80,405.20,13.51,53.50,1080,22.50,20.80,21.80,20.40,25.50,24.40,24.20,24.50,23.10,24.30,25.70,23.60,23.10,23.80,22.70,23.10,24.90,24.80,20.00,24.40,23.20,24.00,25.90,25.10,20.60,20.80,22.00,23.50,21.30,23.60,22.90,20.70,20.00,24.00,20.20,22.20,20.90,25.00,23.70,22.70,25.30,22.70,25.80,25.40,24.60,21.30,25.70,20.20,24.10,25.60,21.70,23.60,20.70,25.00,23.90,20.80,22.20,24.00,24.50,20.50,24.90,22.60,24.70,21.00
TLM_RCV,-56,FG-ALPHA,20240415_085153,AUTO,0,33.00,5.00,-85,100.00,8.34,3.30,5.02,979,400,0,257,22.90,1013.20,12.10,405.70,13.51,53.50,1080,25.10,22.50,24.80,20.50,23.80,21.20,24.30,20.60,22.80,24.80,20.70,22.90,23.80,20.90,24.40,23.20,21.50,24.00,22.00,21.70,24.10,21.40,24.80,20.30,25.40,21.10,25.30,21.90,24.80,23.10,22.70,20.20,24.20,21.60,20.70,25.80,25.60,23.20,25.80,24.90,25.20,22.30,25.20,22.20,22.10,23.50,25.60,24.50,21.50,22.80,25.50,23.00,24.10,21.30,21.00,25.40,22.40,22.50,24.60,20.30,23.20,24.90,25.80,25.30
TLM_RCV,-41,FG-ALPHA,20240415_085154,AUTO,0,31.11,5.00,-85,100.00,8.34,3.28,5.02,1040,423,0,275,23.08,1013.20,11.90,404.50,13.51,53.50,1080,25.00,23.60,25.00,24.70,23.20,20.80,24.50,22.10,23.80,22.80,24.60,25.60,20.20,25.00,24.50,24.50,24.10,22.20,20.10,21.40,20.90,21.60,21.50,22.50,22.70,20.00,24.70,20.50,25.10,22.70,24.40,22.40,25.20,21.30,23.40,24.20,21.50,21.20,23.60,25.50,21.20,25.50,20.90,21.90,21.30,22.50,20.60,22.40,20.90,24.50,24.00,20.30,23.10,25.60,25.40,22.80,21.80,22.50,25.60,25.40,24.10,25.10,21.20,23.30
TLM_RCV,-91,FG-ALPHA,20240415_085155,AUTO,0,33.47,5.00,-85,100.00,8.33,3.31,5.02,866,495,0,343,21.85,1013.50,12.10,406.30,13.52,53.50,1080,24.30,20.40,22.40,24.50,25.30,23.90,21.70,22.00,21.90,22.40,25.50,21.80,21.70,22.60,25.90,21.10,23.80,25.50,21.10,20.20,23.30,20.30,21.30,21.80,23.50,25.40,20.40,21.40,22.00,20.60,25.30,21.60,25.10,23.40,20.30,23.00,20.00,22.30,20.30,22.20,23.20,21.10,23.90,23.00,25.50,25.60,24.40,20.80,21.80,23.90,22.20,23.30,22.50,25.10,24.10,20.60,25.70,24.80,22.40,24.20,25.20,23.20,22.80,21.20
TLM_RCV,-88,FG-ALPHA,20240415_085217,AUTO,0,31.19,5.00,-85,100.00,8.33,3.30,5.02,951,438,0,294,22.57,1012.70,11.80,404.90,13.54,53.80,1080,23.50,21.20,25.20,24.90,22.90,22.10,23.80,23.60,21.00,24.20,23.90,23.50,21.00,20.40,23.10,24.60,22.30,20.90,22.20,24.30,24.60,20.50,23.70,23.80,22.30,23.80,21.50,25.10,22.00,23.60,24.20,24.70,20.80,24.00,24.00,21.90,24.40,25.10,20.60,20.00,24.80,20.10,25.90,25.00,24.30,24.00,23.20,21.00,24.30,20.10,20.20,24.90,21.50,24.70,23.00,20.90,25.40,20.00,25.60,25.40,22.90,21.90,23.10,23.00
TLM_RCV,-77,FG-ALPHA,20240415_085218,AUTO,0,32.17,5.00,-85,100.00,8.33,3.31,5.02,865,435,0,284,22.15,1013.20,11.80,405.70,13.54,53.80,1080,25.00,22.70,23.60,21.20,23.20,23.80,25.20,24.40,23.10,24.70,22.30,22.20,24.30,25.20,22.60,22.40,21.80,24.60,21.40,20.70,20.80,21.00,20.40,21.10,25.40,20.80,24.80,22.90,25.00,23.00,21.00,21.50,23.30,24.80,21.60,25.70,21.00,25.60,23.60,22.60,24.30,83.20,25.50,22.90,25.70,23.60,24.80,21.60,24.30,23.10,24.20,20.60,25.10,24.00,25.90,23.70,20.90,22.10,21.90,20.80,24.90,22.20,21.30,21.40
TLM_RCV,-58,FG-ALPHA,20240415_085219,AUTO,0,33.42,5.00,-85,100.00,8.33,3.30,5.02,1149,484,0,330,23.33,1013.40,12.10,406.10,13.54,53.80,1080,20.70,21.80,23.40,22.80,21.90,23.70,21.40,25.10,24.60,22.30,20.80,20.50,21.60,20.70,21.20,20.20,20.80,84.50,21.90,24.80,22.10,24.90,22.40,20.50,22.50,22.60,25.10,25.80,25.20,21.90,23.00,24.70,25.10,21.30,25.60,25.40,22.80,22.50,25.00,22.50,23.60,22.30,21.70,23.30,24.10,20.90,22.60,25.90,23.00,20.40,22.00,25.80,24.40,24.90,21.50,24.30,22.50,21.70,21.60,23.50,21.40,22.60,22.10,24.10
TLM_RCV,-80,FG-ALPHA,20240415_085220,AUTO,0,33.27,5.00,-85,100.00,8.33,3.29,5.02,879,454,0,313,22.12,1012.70,12.00,404.60,13.54,53.80,1080,22.50,23.70,20.80,24.70,22.50,20.30,22.60,24.90,22.70,20.10,21.00,20.30,24.80,22.40,20.10,20.60,23.30,24.70,21.80,20.00,25.90,24.00,21.70,23.90,24.70,21.60,20.30,22.30,21.90,25.20,24.20,22.90,22.90,25.30,21.90,21.40,23.70,24.10,24.00,24.60,25.80,23.00,24.80,22.50,21.40,25.60,22.90,20.80,22.90,21.20,25.80,20.60,23.80,23.70,25.70,25.50,24.90,20.70,25.00,21.40,24.80,25.20,21.10,23.40
TLM_RCV,-58,FG-ALPHA,20240415_085221,AUTO,0,33.51,5.00,-85,100.00,8.32,3.30,5.02,1116,502,0,347,23.07,1013.20,11.90,406.40,13.54,53.80,1080,21.10,21.40,21.60,20.30,21.30,22.20,25.60,22.50,20.50,20.00,20.40,24.30,22.50,21.80,24.20,24.10,25.70,22.20,24.30,25.60,25.30,20.60,23.60,21.80,25.90,23.30,21.70,21.10,25.10,24.90,20.10,22.90,21.60,21.70,24.00,20.90,25.50,20.50,20.30,23.30,24.30,25.50,21.70,23.60,24.50,23.80,20.20,23.20,24.00,23.80,23.10,21.40,25.20,25.30,25.60,23.50,20.70,20.60,20.20,20.10,23.60,20.20,23.40,20.80
TLM_RCV,-65,FG-ALPHA,20240415_085222,AUTO,0,32.38,5.00,-85,99.95,8.33,3.28,5.02,0,477,0,328,22.39,1013.40,11.90,406.10,13.54,53.80,1080,23.90,21.70,23.70,20.80,23.70,23.10,23.90,23.40,25.50,25.80,21.90,20.50,21.90,24.00,22.80,24.30,23.70,24.40,25.20,23.50,20.20,25.00,22.90,23.90,22.70,25.50,24.10,20.50,24.90,20.50,20.20,21.20,23.60,24.50,22.30,25.80,24.70,24.30,24.40,20.10,21.40,20.40,20.40,20.40,23.20,23.80,22.40,20.90,24.40,24.30,24.20,23.60,22.80,20.30,20.00,22.00,20.30,24.50,21.30,20.10,23.40,24.30,25.10,24.80
TLM_RCV,-42,FG-ALPHA,20240415_085223,AUTO,0,33.24,5.00,-85,99.91,8.33,3.30,5.02,0,449,0,297,22.25,1013.00,12.00,405.80,13.54,53.80,1080,20.90,24.80,21.30,20.70,21.20,24.40,23.20,20.90,20.70,24.30,20.80,22.40,22.60,25.10,20.10,23.00,20.80,25.10,23.50,20.00,25.70,24.10,25.40,20.00,23.30,21.30,25.30,25.50,20.50,25.90,23.20,23.50,25.70,21.70,21.10,24.80,24.10,20.20,20.00,23.40,21.60,23.40,24.10,22.20,20.60,22.00,22.60,20.90,22.40,22.70,24.80,22.30,21.90,23.90,24.10,20.40,21.10,25.40,20.90,22.00,24.30,22.60,25.10,23.80
TLM_RCV,-67,FG-ALPHA,20240415_085224,AUTO,0,32.21,5.00,-85,99.86,8.33,3.29,5.02,0,442,0,294,22.21,1013.00,11.90,406.00,13.54,53.80,1080,20.70,25.00,20.00,21.00,21.40,24.50,22.10,21.10,20.10,23.20,25.40,20.80,22.90,24.10,23.70,22.40,23.80,22.10,20.50,25.50,25.90,22.60,21.30,25.90,25.80,24.50,22.30,24.40,22.20,21.30,22.20,24.60,23.20,23.90,21.00,21.80,25.50,23.90,24.30,24.30,24.20,25.10,25.40,20.70,25.30,22.70,23.10,24.70,20.80,23.00,20.50,22.20,24.90,23.10,25.60,24.00,22.00,25.00,24.80,22.00,24.00,21.10,23.00,25.70
TLM_RCV,-88,FG-ALPHA,20240415_085225,AUTO,0,32.33,5.00,-85,99.93,8.33,3.28,5.02,1106,466,0,320,23.20,1013.20,11.90,404.50,13.55,53.80,1080,24.90,22.00,24.20,23.90,21.00,25.50,20.50,22.30,24.00,24.10,25.90,25.60,22.80,21.60,21.00,25.40,22.20,21.80,21.80,24.50,20.80,20.50,25.10,20.80,23.20,21.10,25.10,20.40,20.30,21.30,25.40,22.80,24.70,25.60,24.70,21.80,20.30,24.90,21.90,22.50,23.20,20.40,22.80,20.10,23.20,23.50,24.30,21.20,21.70,22.50,24.70,25.30,24.70,23.30,25.10,20.10,25.60,21.30,22.30,22.30,20.90,21.30,25.10,23.80
TLM_RCV,-93,FG-ALPHA,20240415_085226,AUTO,0,32.44,5.00,-85,99.97,8.33,3.30,5.02,945,487,0,329,22.29,1013.40,11.80,405.40,13.55,53.80,1080,25.80,23.10,23.30,23.60,22.00,25.90,20.00,25.70,25.00,20.90,22.90,22.60,25.60,20.10,25.00,21.40,25.60,20.70,23.70,22.80,23.40,20.10,23.70,22.50,21.50,25.10,24.70,21.40,25.40,25.80,25.70,20.00,25.30,21.40,21.40,23.70,24.80,25.80,22.60,24.30,23.60,21.90,23.50,25.10,24.20,22.80,25.10,25.10,23.50,23.10,22.20,25.40,24.70,24.90,22.10,25.80,23.50,23.00,20.00,25.10,22.60,21.50,24.10,22.40
TLM_RCV,-92,FG-ALPHA,20240415_085227,AUTO,0,32.31,5.00,-85,100.00,8.33,3.29,5.02,900,461,0,309,22.19,1012.80,11.90,405.30,13.55,53.80,1080,22.00,21.80,20.30,20.30,21.10,20.10,21.20,25.10,20.00,21.10,24.90,22.60,21.90,22.20,24.00,22.80,24.30,25.00,20.40,24.00,20.70,21.00,25.70,22.70,20.70,22.80,25.00,21.30,25.10,25.70,25.20,23.10,23.80,20.50,23.60,22.30,25.20,25.00,21.30,24.40,24.50,25.30,21.50,23.40,23.30,20.40,23.90,20.50,25.20,22.20,21.40,21.40,25.70,24.40,25.70,25.30,24.30,21.60,23.10,21.50,24.00,21.10,23.50,24.30
TLM_RCV,-68,FG-ALPHA,20240415_085228,AUTO,0,31.39,5.00,-85,100.00,8.33,3.28,5.02,1185,478,0,334,23.53,1013.50,12.00,406.30,13.55,53.80,1080,25.20,24.20,25.70,25.50,23.60,23.10,24.80,21.80,21.70,22.50,25.30,20.50,24.00,23.40,25.20,23.30,20.30,23.50,22.60,25.60,23.70,21.30,21.40,23.40,25.00,25.30,22.80,21.20,23.90,24.50,25.00,21.20,25.50,21.80,23.30,24.80,25.30,24.90,21.80,22.00,23.80,24.10,20.10,24.50,23.60,23.00,24.20,23.00,23.30,23.90,24.90,22.20,25.80,23.50,20.80,20.00,22.40,25.70,22.70,22.30,23.00,20.30,20.10,24.10
TLM_RCV,-72,FG-ALPHA,20240415_085229,AUTO,0,32.29,5.00,-85,99.95,8.33,3.31,5.02,0,459,0,316,22.30,1013.00,11.80,405.40,13.55,53.80,1080,21.10,21.60,22.60,24.40,24.00,25.40,25.30,21.10,20.70,24.10,21.30,25.60,25.80,20.60,22.10,24.00,22.00,20.70,25.70,25.70,20.90,24.60,20.60,22.10,20.90,24.30,20.10,23.80,21.80,22.70,24.50,24.00,20.00,25.00,22.40,25.00,23.40,24.90,24.70,24.10,21.10,22.70,22.70,20.20,20.60,22.60,24.60,23.50,24.70,25.30,22.40,25.50,25.10,20.30,24.60,24.70,20.90,20.30,25.40,22.60,24.80,24.40,21.10,24.20
TLM_RCV,-83,FG-ALPHA,20240415_085230,AUTO,0,31.12,5.00,-85,100.00,8.34,3.30,5.02,837,424,0,283,22.07,1013.20,12.00,405.40,13.55,53.80,1080,25.20,23.30,23.40,24.20,23.90,25.50,21.00,23.30,20.20,22.90,24.70,23.60,21.40,25.10,21.50,21.40,23.30,22.60,22.00,24.50,23.10,24.60,21.90,22.40,22.60,20.40,23.00,21.50,21.80,21.30,21.70,22.80,23.90,22.20,20.30,22.10,20.90,23.60,23.10,24.20,20.20,21.30,24.40,21.70,20.60,22.80,23.30,23.40,24.50,25.70,23.40,25.20,21.30,24.60,22.30,20.30,25.60,22.10,22.40,22.70,22.80,20.10,23.20,24.70
TLM_RCV,-67,FG-ALPHA,20240415_085231,AUTO,0,31.42,5.00,-85,99.95,8.33,3.29,5.02,0,483,0,331,22.42,1013.50,11.80,405.10,13.55,53.80,1080,23.10,22.30,25.20,21.00,23.70,21.70,21.50,25.10,24.60,20.40,25.30,23.50,23.10,20.60,23.80,25.60,21.00,23.40,22.60,21.30,25.50,20.00,24.70,25.40,23.80,23.60,25.70,21.60,25.40,25.60,22.90,25.50,23.20,24.10,20.60,21.00,23.20,24.20,22.00,21.60,20.10,22.40,23.40,23.80,24.90,25.00,22.30,20.50,23.20,20.50,24.70,21.20,20.10,21.50,22.40,22.40,20.00,22.10,22.80,21.20,25.90,21.60,23.90,23.80
TLM_RCV,-51,FG-ALPHA,20240415_085232,AUTO,0,33.03,5.00,-85,99.91,8.34,3.28,5.02,0,405,0,256,22.02,1013.10,11.90,404.50,13.55,53.80,1080,21.20,23.70,21.90,20.60,20.50,25.60,21.30,21.00,22.40,22.60,22.10,23.00,25.00,24.10,21.00,24.50,22.90,22.20,25.50,21.30,24.00,20.50,21.90,21.90,20.50,21.40,25.20,24.30,20.90,24.00,23.40,20.30,22.30,21.90,24.40,21.60,22.50,25.40,24.90,21.90,23.50,25.40,23.50,23.50,25.60,23.20,25.60,21.10,22.50,23.50,20.00,20.50,20.10,21.70,25.10,23.80,22.60,25.40,25.20,23.00,23.40,25.80,23.70,20.20
TLM_RCV,-45,FG-ALPHA,20240415_085233,AUTO,0,33.52,5.00,-85,99.96,8.32,3.28,5.02,1018,504,0,347,22.57,1012.80,11.90,406.10,13.55,53.80,1080,24.00,23.90,25.20,24.40,24.80,21.30,25.80,25.10,25.40,21.10,22.50,20.00,24.20,25.50,25.00,22.60,23.50,21.50,24.80,25.30,20.70,22.60,22.80,22.30,20.30,22.00,21.70,23.40,21.10,21.20,20.50,21.50,25.10,24.70,23.10,21.00,22.60,24.00,20.50,24.60,25.90,25.30,20.10,22.50,23.40,23.90,21.90,23.10,21.80,20.00,24.20,21.90,21.50,22.20,23.00,20.10,20.70,25.40,25.70,22.90,25.40,23.30,25.80,25.80
TLM_RCV,-67,FG-ALPHA,20240415_085234,AUTO,0,33.31,5.00,-85,100.00,8.33,3.29,5.02,1182,463,0,311,23.59,1013.30,12.00,404.80,13.55,53.80,1080,24.00,21.50,23.80,22.60,22.00,22.70,23.80,24.60,23.40,21.10,24.00,22.40,22.40,25.40,24.30,21.10,21.60,25.80,25.40,22.20,21.30,21.70,25.50,25.20,22.10,25.50,21.10,24.50,21.50,24.00,25.60,21.40,23.40,24.70,25.60,21.00,24.90,24.10,24.90,23.10,20.00,22.70,22.80,24.10,21.20,20.60,25.40,20.00,23.90,22.10,22.60,23.30,20.40,25.10,21.90,25.50,23.00,22.80,24.50,21.00,21.90,20.00,21.90,22.80
TLM_RCV,-89,FG-ALPHA,20240415_085235,AUTO,0,33.47,5.00,-85,99.95,8.32,3.28,5.02,0,494,0,335,22.47,1012.90,11.90,406.10,13.56,53.80,1080,25.50,22.90,22.80,21.70,23.60,20.70,24.90,25.80,23.20,25.10,24.00,23.00,21.20,25.30,23.80,22.20,24.20,25.40,23.90,21.30,23.60,25.80,20.70,24.30,24.70,20.10,25.40,24.80,22.70,25.90,24.20,25.10,20.90,24.70,21.60,21.70,22.60,25.50,22.70,23.40,24.20,21.50,20.70,21.80,21.60,25.60,21.00,23.80,20.20,24.00,25.60,25.60,20.40,23.30,22.40,24.10,25.30,24.60,22.60,22.10,20.80,21.50,23.50,22.30
TLM_RCV,-50,FG-ALPHA,20240415_085236,AUTO,0,31.25,5.00,-85,100.00,8.33,3.30,5.02,1104,449,0,298,23.27,1012.90,12.10,406.10,13.56,53.80,1080,20.10,25.70,24.80,23.00,24.40,24.80,22.00,22.00,20.40,25.90,21.70,22.20,20.60,24.30,21.70,22.00,25.50,22.60,24.90,21.80,23.90,21.80,21.10,25.60,25.60,24.90,21.50,23.00,23.60,24.10,21.00,23.40,20.00,20.70,22.90,20.00,23.40,23.60,21.90,25.10,20.70,25.70,22.30,20.40,22.80,20.60,22.00,21.60,20.30,23.40,25.80,23.30,20.70,20.30,24.20,24.30,24.50,22.30,22.30,23.70,21.60,24.30,25.10,21.70
TLM_RCV,-76,FG-ALPHA,20240415_085237,AUTO,0,33.13,5.00,-85,100.00,8.34,3.29,5.02,1034,426,0,283,23.04,1013.20,11.80,405.10,13.56,53.80,1080,23.70,21.90,20.10,25.50,22.40,21.30,21.90,20.10,23.70,20.00,20.00,22.50,24.30,22.50,21.50,25.60,20.00,23.60,25.80,21.80,20.10,24.60,21.90,22.00,24.20,21.60,24.10,25.00,21.50,25.00,24.00,20.20,22.70,23.60,20.20,20.10,22.00,23.50,20.50,22.60,24.60,20.90,24.00,23.40,20.40,24.30,23.60,22.70,24.90,25.30,25.90,24.80,23.70,25.60,25.10,23.10,23.10,21.10,24.20,25.40,20.50,25.80,21.60,21.80
TLM_RCV,-75,FG-ALPHA,20240415_085238,AUTO,0,33.40,5.00,-85,100.00,8.33,3.29,5.02,878,481,0,332,21.99,1012.70,12.00,404.50,13.56,53.80,1080,20.90,21.60,21.40,23.90,22.90,24.40,21.60,24.70,23.40,20.80,20.10,24.60,23.70,24.90,20.10,21.90,23.20,24.20,21.70,21.50,23.60,21.50,20.50,21.00,25.20,20.30,25.90,23.90,25.80,21.80,21.40,25.00,25.90,25.70,22.00,21.40,21.90,20.60,20.40,23.80,25.50,21.60,25.30,22.90,24.30,25.00,24.30,23.70,24.10,20.00,20.30,21.60,23.50,24.00,25.30,21.70,24.90,20.10,25.90,22.30,21.60,24.50,23.60,23.10
TLM_RCV,-75,FG-ALPHA,20240415_085239,AUTO,0,32.51,5.00,-85,100.00,8.32,3.30,5.02,915,503,0,346,22.06,1012.90,11.80,406.00,13.56,53.80,1080,23.20,24.30,20.10,22.00,22.30,22.10,21.00,24.50,21.30,21.50,22.10,21.00,21.40,23.70,21.90,22.40,22.50,20.60,21.40,21.20,24.30,23.10,25.00,24.50,20.80,22.50,20.60,22.40,23.60,20.60,22.70,22.40,24.70,21.90,23.90,22.20,20.20,21.00,25.90,22.30,20.20,24.50,24.80,20.10,23.70,25.80,21.50,20.20,22.30,23.10,20.80,25.30,22.60,21.40,24.00,22.60,22.30,23.70,25.30,22.80,22.60,24.30,24.30,21.20
TLM_RCV,-67,FG-ALPHA,20240415_085240,AUTO,0,33.31,5.00,-85,100.00,8.33,3.30,5.02,879,462,0,313,22.08,1013.60,12.00,404.90,13.56,53.80,1080,21.70,20.90,25.20,25.20,25.10,25.60,22.60,22.70,24.30,24.20,22.90,21.40,20.00,21.70,21.70,22.40,25.40,20.50,25.30,25.40,22.20,22.20,24.00,23.90,23.40,20.80,23.00,20.40,25.70,21.60,22.70,23.20,25.90,20.80,25.50,24.30,23.20,24.40,21.90,21.50,20.20,23.40,20.70,22.30,21.40,20.90,21.20,23.80,23.00,22.40,20.30,23.00,24.00,23.60,20.30,24.70,23.90,21.90,23.80,22.00,25.40,20.80,24.00,24.10
TLM_RCV,-46,FG-ALPHA,20240415_085241,AUTO,0,32.08,5.00,-85,100.00,8.34,3.28,5.02,1160,416,0,257,23.72,1012.90,11.90,405.40,13.56,53.80,1080,23.70,24.70,23.00,25.20,24.30,23.40,20.50,22.50,21.20,23.90,20.20,20.90,23.30,22.60,23.60,21.80,24.00,21.60,20.30,22.20,22.90,20.50,20.50,25.60,20.60,25.60,20.00,24.70,20.20,22.80,21.60,21.80,24.10,23.20,21.80,21.80,21.10,23.90,22.20,22.20,21.50,22.20,24.80,23.70,21.20,23.30,21.70,25.70,25.30,22.20,20.20,25.80,21.30,24.40,23.80,23.40,24.10,22.40,22.40,22.00,22.50,22.50,24.10,22.20
TLM_RCV,-59,FG-ALPHA,20240415_085242,AUTO,0,31.20,5.00,-85,100.00,8.33,3.31,5.02,1165,441,0,301,23.62,1013.40,11.80,405.30,13.56,53.80,1080,21.80,23.10,21.10,23.70,23.80,24.40,20.70,25.90,22.40,20.30,20.80,20.10,23.80,21.70,24.10,21.40,21.70,25.30,25.80,22.20,23.30,25.20,21.30,21.00,23.00,21.10,24.50,24.10,25.20,22.40,22.90,23.90,21.90,23.80,21.80,21.30,23.60,22.10,20.20,25.00,23.60,23.70,22.30,22.90,24.20,25.70,23.10,22.50,21.70,20.80,20.10,23.60,22.90,24.80,23.50,21.30,20.40,25.40,23.10,20.20,22.80,23.70,21.70,23.20
TLM_RCV,-91,FG-ALPHA,20240415_085243,AUTO,0,32.47,5.00,-85,100.00,8.33,3.30,5.02,937,493,0,338,22.22,1013.30,12.10,405.40,13.56,53.80,1080,23.80,25.60,23.60,21.10,25.10,20.50,25.20,22.50,24.30,20.00,24.40,20.60,24.90,25.70,20.10,20.80,20.20,24.50,22.30,25.50,24.70,23.60,23.60,25.20,21.00,20.80,21.40,25.20,21.00,23.40,21.30,24.40,22.70,23.80,24.60,22.50,20.30,21.20,24.20,22.70,24.90,21.00,22.60,23.70,23.90,22.10,25.80,23.00,21.50,23.00,21.60,24.00,20.10,24.50,23.00,25.30,24.70,20.80,25.80,24.30,23.80,23.30,22.00,21.40
TLM_RCV,-92,FG-ALPHA,20240415_085244,AUTO,0,31.45,5.00,-85,100.00,8.33,3.29,5.02,1075,491,0,336,22.92,1013.00,12.10,405.60,13.56,53.80,1080,21.50,22.10,23.80,23.50,24.80,22.80,24.20,25.10,25.70,21.70,22.10,20.80,23.10,25.30,23.00,21.40,25.80,25.50,21.70,22.80,23.50,21.00,25.40,20.00,24.70,23.30,23.90,21.30,24.10,21.50,25.10,25.50,24.10,20.10,23.30,24.50,25.70,23.90,22.30,23.90,24.10,24.40,24.40,24.70,22.30,20.30,22.60,23.20,23.80,23.20,22.30,25.50,21.20,24.80,24.80,23.70,20.10,22.90,25.00,21.50,21.10,21.00,22.00,20.70
TLM_RCV,-47,FG-ALPHA,20240415_085245,AUTO,0,31.11,5.00,-85,99.96,8.34,3.28,5.02,0,422,0,279,22.11,1013.40,11.90,405.60,13.57,53.80,1080,20.70,20.60,22.90,25.50,25.30,20.40,25.70,22.70,23.00,23.50,24.50,21.40,25.40,24.30,21.10,23.00,23.00,21.10,24.60,21.20,21.60,25.60,25.80,24.30,23.80,23.20,21.60,21.60,24.90,20.50,25.80,24.30,22.40,24.90,25.70,25.10,21.70,25.30,23.10,21.80,25.60,22.40,21.40,23.30,25.60,21.50,22.80,20.50,23.40,23.10,25.60,23.80,25.00,25.60,20.90,21.20,23.20,22.60,25.60,20.20,23.50,24.70,22.70,25.20
TLM_RCV,-52,FG-ALPHA,20240415_085246,AUTO,0,32.19,5.00,-85,100.00,8.33,3.28,5.02,833,439,0,298,21.97,1013.40,12.10,404.50,13.57,53.80,1080,22.40,20.40,25.60,22.70,21.30,23.00,21.60,24.90,24.30,25.90,24.40,23.40,22.80,21.90,22.90,24.60,24.50,22.00,25.80,23.10,21.60,23.40,22.80,23.20,21.20,22.00,21.50,22.30,25.10,20.40,24.70,20.10,24.20,24.70,25.70,23.10,21.10,20.10,22.20,24.10,25.20,24.60,24.50,21.00,22.20,25.50,22.00,20.60,21.70,21.30,21.40,22.80,21.20,20.20,24.70,23.50,22.90,22.10,24.30,21.50,21.70,23.50,20.20,22.90
TLM_RCV,-55,FG-ALPHA,20240415_085247,AUTO,0,33.09,5.00,-85,100.00,8.34,3.30,5.02,1006,418,0,262,22.94,1012.80,12.00,405.10,13.57,53.80,1080,24.60,20.70,20.20,23.60,20.10,23.30,22.80,20.80,20.80,23.20,20.70,21.70,25.20,20.90,20.60,21.90,25.50,22.00,21.00,20.40,24.10,25.00,22.80,22.60,20.10,20.90,25.50,23.30,24.70,24.40,21.60,24.70,25.40,23.10,22.60,20.40,22.40,21.10,24.20,21.10,23.10,22.10,21.80,23.30,25.20,22.60,21.70,21.40,25.30,20.70,20.10,21.90,23.40,24.40,25.70,21.30,23.80,23.20,21.10,20.70,25.50,22.00,21.10,25.60
TLM_RCV,-88,FG-ALPHA,20240415_085248,AUTO,0,32.09,5.00,-85,100.00,8.34,3.31,5.02,999,418,0,259,22.91,1012.70,12.00,406.00,13.57,53.80,1080,23.90,23.40,23.50,20.70,25.80,25.70,23.70,22.30,24.60,25.60,20.70,24.10,24.80,22.50,22.40,25.30,23.60,25.70,20.80,23.70,23.90,23.50,23.60,24.50,20.50,20.70,23.40,20.00,24.10,22.40,24.90,21.70,23.70,23.10,21.20,20.20,21.80,22.10,23.40,22.20,23.30,21.50,21.90,25.60,23.50,23.40,22.60,20.80,21.30,22.90,23.40,25.00,21.00,25.70,25.10,24.10,23.90,20.70,21.10,23.50,25.70,25.60,25.30,23.00
TLM_RCV,-62,FG-ALPHA,20240415_085249,AUTO,0,33.03,5.00,-85,100.00,8.34,3.30,5.02,1092,406,0,250,23.43,1012.70,11.90,406.30,13.57,53.80,1080,24.90,25.20,23.70,21.40,24.10,21.60,22.40,23.70,23.60,22.20,25.20,21.80,25.00,25.70,20.30,20.70,22.60,21.60,24.20,21.50,20.90,24.60,24.40,23.70,22.10,21.00,20.10,25.40,21.60,21.40,23.10,24.30,23.40,23.80,20.80,25.50,21.40,20.70,20.20,23.20,21.70,25.70,23.80,24.70,21.60,21.10,22.70,25.00,22.40,24.90,25.30,22.80,21.80,20.90,24.90,24.10,22.70,23.70,20.90,25.30,23.50,21.50,24.80,25.10
TLM_RCV,-76,FG-ALPHA,20240415_085250,AUTO,0,32.24,5.00,-85,100.00,8.33,3.30,5.02,1059,447,0,299,23.06,1013.20,11.80,405.80,13.57,53.80,1080,20.80,25.40,24.10,24.10,24.50,20.60,25.40,25.60,22.60,24.90,25.10,21.90,22.00,21.80,20.90,21.60,20.40,23.10,24.80,24.20,25.60,24.10,23.10,20.50,24.90,21.00,20.90,23.40,22.60,22.00,23.00,20.70,24.80,20.00,23.90,25.00,22.60,21.90,25.90,23.00,20.20,20.30,20.10,24.20,25.70,24.30,23.70,24.00,24.50,22.80,24.50,21.40,20.00,20.00,20.50,24.10,24.40,23.30,24.20,20.70,20.50,24.10,21.50,23.00
TLM_RCV,-52,FG-ALPHA,20240415_085251,AUTO,0,33.32,5.00,-85,100.00,8.33,3.30,5.02,1036,464,0,319,22.86,1012.80,11.90,406.30,13.57,53.80,1080,22.00,23.10,23.80,22.60,23.20,23.20,25.50,24.90,20.00,20.30,23.20,24.30,22.30,24.80,24.20,22.50,23.40,22.00,22.80,24.70,24.70,23.10,25.50,23.10,24.30,23.00,21.70,23.00,22.10,24.60,23.20,22.50,24.40,25.20,24.60,23.50,20.20,21.70,21.10,25.30,23.00,21.50,22.40,20.00,22.80,20.20,24.80,22.20,20.50,22.90,22.70,22.70,25.90,22.10,23.40,22.40,25.60,24.00,20.00,20.30,25.00,20.20,25.20,25.40
TLM_RCV,-65,FG-ALPHA,20240415_085252,AUTO,0,31.51,5.00,-85,100.00,8.32,3.29,5.02,1164,503,0,345,23.31,1013.30,12.00,405.80,13.57,53.80,1080,25.30,20.30,22.50,20.10,24.60,20.50,25.60,22.30,21.80,21.50,21.80,20.40,24.70,24.60,23.20,23.70,25.00,20.20,25.70,22.30,22.10,24.70,25.60,20.00,22.20,23.30,21.00,23.40,22.50,22.60,24.80,22.30,24.20,23.00,25.60,22.40,25.80,22.90,21.90,23.00,23.90,24.70,22.10,25.90,21.60,20.70,25.50,20.40,24.20,23.50,22.50,20.90,20.80,24.70,21.10,24.30,20.20,23.70,24.40,22.20,22.60,20.50,20.40,23.30
TLM_RCV,-74,FG-ALPHA,20240415_085253,AUTO,0,33.21,5.00,-85,100.00,8.33,3.28,5.02,1049,442,0,300,23.03,1013.60,12.10,405.10,13.57,53.80,1080,20.80,24.60,24.00,23.60,20.20,23.10,21.50,24.30,24.40,22.30,22.30,23.60,23.70,23.80,22.30,20.30,23.50,25.50,24.40,24.30,22.30,24.70,23.10,22.50,21.10,22.40,24.70,21.50,21.10,20.30,21.00,20.70,23.60,21.30,20.80,22.60,23.40,21.40,21.40,24.40,21.90,24.70,20.20,23.60,22.50,24.00,25.40,22.60,24.20,22.40,21.80,20.00,23.20,20.20,25.70,25.80,20.50,24.20,20.90,25.90,24.00,21.60,21.70,24.00
TLM_RCV,-68,FG-ALPHA,20240415_085254,AUTO,0,31.37,5.00,-85,100.00,8.33,3.30,5.02,1155,474,0,318,23.41,1012.90,11.80,406.20,13.57,53.80,1080,25.00,22.80,24.00,20.60,20.30,22.30,21.90,24.30,24.80,22.70,21.70,20.80,23.80,23.20,20.90,20.30,25.60,24.30,20.20,23.90,23.10,20.60,22.40,22.00,22.80,20.50,25.20,22.00,25.50,24.50,23.10,22.50,25.90,24.50,23.20,20.00,22.70,20.10,25.00,21.40,24.70,25.50,20.20,25.80,21.10,22.30,21.30,21.20,23.10,20.40,21.60,25.40,22.20,21.00,20.80,22.30,24.70,20.10,21.80,25.40,21.70,25.40,23.50,22.50
TLM_RCV,-66,FG-ALPHA,20240415_085255,AUTO,0,32.28,5.00,-85,100.00,8.33,3.31,5.02,1137,456,0,312,23.41,1013.50,12.00,405.10,13.58,53.80,1080,20.50,25.60,21.60,23.90,20.40,20.40,21.50,24.80,24.80,24.50,25.40,23.20,24.30,25.40,24.50,24.80,25.00,22.10,23.10,24.50,24.50,24.60,22.90,22.60,23.90,23.20,23.90,23.50,21.60,25.00,22.80,21.90,22.80,22.60,24.00,25.70,25.50,25.50,23.20,23.40,24.80,24.20,23.20,25.20,24.00,20.40,23.40,21.40,20.20,21.70,22.20,24.70,23.50,24.40,22.40,25.50,25.60,24.70,23.80,20.70,25.10,23.70,25.00,23.10
TLM_RCV,-83,FG-ALPHA,20240415_085256,AUTO,0,32.26,5.00,-85,100.00,8.33,3.29,5.02,1051,453,0,299,22.99,1013.50,12.10,405.40,13.58,53.80,1080,21.00,21.90,22.90,22.80,21.50,21.90,20.40,25.20,23.50,21.90,20.20,25.10,25.40,23.60,21.20,21.20,25.10,23.60,21.70,22.40,25.00,25.20,20.30,20.10,25.40,23.90,23.10,25.80,22.90,24.70,24.90,22.10,22.00,21.60,20.70,23.80,21.70,22.00,24.40,24.80,22.50,21.80,24.00,21.20,23.10,20.50,23.70,20.00,23.30,25.50,22.00,25.80,25.30,20.40,24.90,25.50,24.40,21.50,25.10,22.40,23.30,21.80,20.80,25.40
TLM_RCV,-45,FG-ALPHA,20240415_085257,AUTO,0,31.51,5.00,-85,99.95,8.32,3.29,5.02,0,503,0,348,22.51,1013.00,11.80,405.50,13.58,53.80,1080,24.30,25.10,22.80,23.10,24.30,25.30,23.90,23.70,24.50,23.20,24.60,20.20,25.30,25.00,24.60,25.20,21.00,21.10,24.50,21.20,24.60,20.90,25.20,20.20,23.90,25.10,25.30,24.20,25.40,21.60,23.10,21.90,24.30,25.90,20.70,24.80,20.10,20.50,23.30,23.60,24.60,21.20,23.50,22.20,23.00,20.80,20.40,24.60,24.20,21.60,24.30,22.30,24.70,23.70,22.90,25.20,21.00,22.30,20.00,22.40,24.40,23.60,20.70,20.50
TLM_RCV,-48,FG-ALPHA,20240415_085319,AUTO,0,32.35,5.00,-85,100.00,8.33,3.31,5.02,1103,469,0,325,23.17,1013.00,11.90,406.20,13.60,53.80,1080,21.00,25.10,25.70,25.90,23.50,24.50,20.70,20.90,23.50,21.20,21.70,23.30,21.20,23.40,21.30,22.50,24.70,23.30,21.30,22.30,21.00,24.60,24.70,22.50,22.80,23.60,21.00,25.60,25.10,24.10,22.70,22.20,24.70,20.40,24.10,22.10,25.50,22.80,24.40,23.10,22.40,24.40,21.80,22.10,22.50,21.90,21.00,23.10,21.00,20.20,22.60,21.50,20.30,21.80,22.40,24.50,20.40,23.50,25.80,20.50,22.90,25.50,21.00,25.70
TLM_RCV,-58,FG-ALPHA,20240415_085320,AUTO,0,33.53,5.00,-85,100.00,8.32,3.31,5.02,968,505,0,346,22.32,1013.40,11.90,405.90,13.60,53.80,1080,25.00,21.80,24.20,20.10,23.10,20.70,22.60,21.50,21.80,22.90,21.30,22.60,24.30,22.80,20.50,22.50,22.50,21.40,25.00,24.00,20.20,24.40,23.80,21.70,25.90,23.00,22.50,21.00,24.60,25.20,20.70,20.40,21.20,24.40,22.20,24.90,20.00,24.60,25.50,25.20,22.80,23.50,24.60,20.80,20.70,21.40,24.10,24.60,22.40,20.60,22.50,22.30,24.30,22.30,25.10,23.40,23.80,22.90,24.00,25.00,25.00,20.40,21.10,20.70
TLM_RCV,-61,FG-ALPHA,20240415_085321,AUTO,0,32.49,5.00,-85,100.00,8.33,3.30,5.02,881,498,0,348,21.91,1013.40,12.00,405.20,13.60,53.80,1080,24.50,22.40,22.50,20.80,24.60,20.50,25.70,24.90,23.00,25.30,20.10,23.70,22.60,24.70,25.20,25.50,22.60,22.70,20.60,21.50,23.30,22.60,22.10,25.20,21.70,21.10,20.50,20.50,25.60,25.20,24.30,22.50,25.50,23.00,24.50,21.00,23.70,24.20,20.00,24.70,23.30,24.10,23.10,22.80,21.40,21.70,22.30,22.30,24.60,25.60,20.90,24.50,23.30,25.50,25.70,24.50,22.40,22.40,20.40,20.10,25.40,20.00,22.50,25.00
TLM_RCV,-72,FG-ALPHA,20240415_085322,AUTO,0,31.34,5.00,-85,99.95,8.33,3.29,5.02,0,468,0,328,22.34,1012.70,12.10,405.00,13.60,53.80,1080,22.50,75.60,24.20,25.30,20.20,24.50,24.10,21.30,24.80,25.40,20.50,25.50,21.20,22.80,25.40,25.80,23.40,23.40,25.90,23.10,22.90,22.60,24.20,24.00,23.90,23.70,22.30,24.30,23.00,22.50,21.10,25.10,24.40,23.70,21.80,20.00,23.20,25.40,25.50,21.10,21.10,20.00,22.20,22.10,20.00,21.70,21.70,20.70,23.20,24.10,20.10,23.40,22.20,20.20,22.80,20.20,23.20,22.00,25.90,21.60,21.80,22.20,20.10,24.50
TLM_RCV,-45,FG-ALPHA,20240415_085323,AUTO,0,33.48,5.00,-85,99.99,8.33,3.28,5.02,821,496,0,341,21.62,1013.30,11.90,405.00,13.60,53.80,1080,23.60,23.60,24.60,25.40,22.20,25.50,22.00,24.40,24.20,21.60,23.80,25.40,23.60,20.00,23.60,22.90,24.20,22.80,25.50,24.80,24.30,21.10,20.00,23.40,22.60,23.80,20.00,22.20,22.70,20.20,20.30,21.10,24.90,22.50,24.60,23.00,25.40,23.80,24.90,24.10,21.20,22.90,25.00,20.70,24.10,21.40,25.40,25.40,20.00,21.40,24.80,25.20,20.10,23.70,24.50,25.70,22.80,25.30,24.80,22.40,21.90,23.70,21.50,23.10
TLM_RCV,-64,FG-ALPHA,20240415_085324,AUTO,0,32.00,5.00,-85,100.00,8.34,3.31,5.02,1062,400,0,260,23.31,1012.90,12.00,404.80,13.60,53.80,1080,23.30,23.60,24.90,24.10,25.10,21.00,25.30,24.00,23.00,21.70,23.20,25.10,24.90,21.40,25.80,23.80,25.10,22.50,22.80,23.70,22.60,25.20,21.10,24.10,20.40,21.80,24.00,20.00,22.60,21.00,25.50,25.10,23.80,22.60,24.50,24.20,21.00,23.60,20.90,21.60,23.70,21.60,20.40,23.30,22.40,21.50,24.60,21.80,24.70,24.30,21.20,25.40,21.00,25.60,20.90,23.50,23.60,83.20,25.00,22.60,23.20,20.60,22.30,20.10
TLM_RCV,-70,FG-ALPHA,20240415_085325,AUTO,0,32.40,5.00,-85,100.00,8.33,3.28,5.02,1023,481,0,335,22.71,1012.90,12.00,404.50,13.61,53.80,1080,21.20,21.30,23.80,23.20,25.60,20.60,23.20,24.40,24.40,25.20,21.60,25.10,22.30,22.10,20.20,20.90,22.30,20.30,20.90,22.80,22.90,23.30,24.20,23.50,22.80,23.30,20.60,20.80,24.80,21.00,23.20,22.00,23.90,22.10,21.20,23.80,23.20,22.50,21.80,23.10,25.80,24.10,25.30,22.60,24.90,23.70,22.80,24.70,20.60,24.20,22.00,21.60,21.20,24.00,23.60,21.50,21.10,24.20,25.80,23.30,20.20,20.60,21.30,24.60
TLM_RCV,-80,FG-ALPHA,20240415_085326,AUTO,0,33.29,5.00,-85,100.00,8.33,3.28,5.02,1162,458,0,304,23.52,1012.80,12.10,405.10,13.61,53.80,1080,23.70,20.60,20.10,23.00,21.10,22.00,20.00,23.10,23.90,23.50,23.40,23.00,24.40,25.90,24.40,23.80,21.60,24.30,23.40,20.10,22.80,24.90,22.20,23.70,24.80,23.40,21.70,20.40,24.60,24.10,25.30,24.60,22.80,21.20,21.80,25.50,23.30,24.50,21.50,22.60,22.10,22.10,21.40,23.80,20.70,20.50,23.10,21.90,23.70,24.80,22.20,23.60,25.20,23.30,22.60,22.30,25.30,20.40,22.50,23.80,20.20,23.60,24.00,25.10
TLM_RCV,-57,FG-ALPHA,20240415_085327,AUTO,0,31.28,5.00,-85,100.00,8.33,3.28,5.02,890,457,0,308,22.17,1013.00,12.10,406.00,13.61,53.80,1080,23.30,22.70,21.90,23.70,21.40,25.50,24.90,23.60,20.70,21.10,22.90,20.30,22.70,23.70,25.50,23.80,24.20,24.00,25.80,25.60,20.90,20.00,25.20,20.00,24.10,23.00,20.50,23.30,25.90,20.20,23.10,25.10,23.90,21.60,23.70,23.30,24.80,20.60,20.70,22.30,20.60,24.90,20.00,22.80,20.40,22.40,25.30,21.80,22.00,23.00,25.30,25.10,25.60,24.90,21.10,22.00,23.20,20.80,24.50,21.40,25.50,22.50,23.30,23.50
TLM_RCV,-82,FG-ALPHA,20240415_085328,AUTO,0,32.22,5.00,-85,100.00,8.33,3.29,5.02,1112,445,0,292,23.33,1012.80,11.90,404.50,13.61,53.80,1080,22.80,24.00,22.90,21.40,23.20,23.50,25.20,20.60,21.40,20.10,23.50,25.50,23.70,21.40,23.40,23.50,22.40,20.00,22.70,24.60,20.70,24.80,21.40,22.10,23.70,21.20,21.90,20.30,25.70,22.80,25.30,24.30,20.70,23.80,20.70,24.10,23.80,25.00,25.90,24.60,21.00,22.90,22.60,25.40,25.60,20.60,20.90,25.90,21.40,23.80,24.10,21.90,21.00,23.90,24.10,24.30,21.90,22.10,20.20,24.60,24.50,24.50,22.60,21.00
TLM_RCV,-77,FG-ALPHA,20240415_085329,AUTO,0,32.33,5.00,-85,100.00,8.33,3.28,5.02,989,467,0,322,22.61,1012.80,12.00,404.60,13.61,53.80,1080,23.50,23.30,22.70,22.20,24.20,25.70,21.40,23.30,20.90,25.90,23.50,25.50,22.40,21.00,23.40,25.30,20.60,24.70,24.60,25.80,24.90,23.00,20.60,25.00,20.10,25.10,22.10,21.40,25.30,25.40,21.30,24.90,20.00,20.10,21.90,21.50,21.40,21.10,25.70,20.70,21.30,24.00,22.00,23.90,25.10,20.50,20.60,23.50,20.90,22.70,23.90,25.10,22.70,21.10,22.10,22.50,22.20,21.00,24.80,25.50,24.10,22.20,21.80,24.30
TLM_RCV,-72,FG-ALPHA,20240415_085330,AUTO,0,31.10,5.00,-85,99.96,8.34,3.28,5.02,0,421,0,277,22.10,1013.50,11.80,406.40,13.61,53.80,1080,22.70,24.40,24.70,21.80,21.50,20.80,23.30,24.00,24.40,20.90,22.20,23.80,22.80,20.40,25.40,25.10,20.40,22.60,23.30,20.40,25.50,25.80,22.90,23.80,25.50,21.40,24.90,25.70,25.30,22.90,22.10,20.10,24.40,20.10,21.50,20.20,25.80,21.20,24.20,21.80,21.80,22.20,20.40,23.30,24.10,20.70,22.00,23.20,24.00,24.00,25.60,24.20,22.40,23.30,23.90,21.60,23.70,24.70,25.00,20.00,23.80,24.80,24.70,21.40
TLM_RCV,-68,FG-ALPHA,20240415_085331,AUTO,0,33.36,5.00,-85,100.00,8.33,3.29,5.02,898,472,0,317,22.13,1013.00,12.10,404.60,13.61,53.80,1080,23.20,22.90,21.30,20.30,22.50,23.80,25.80,25.70,24.70,21.60,21.30,22.20,22.70,25.10,24.20,24.90,21.40,25.40,20.80,25.30,21.10,21.90,24.40,25.00,25.00,25.50,23.50,24.80,21.20,23.40,23.10,22.20,20.70,20.00,20.90,22.80,23.70,25.40,23.70,22.30,22.70,22.60,24.40,23.80,20.20,25.60,24.40,21.20,23.20,23.40,23.00,20.60,23.90,24.50,24.20,20.00,23.80,21.60,22.50,24.50,24.40,20.40,20.80,21.10
TLM_RCV,-86,FG-ALPHA,20240415_085332,AUTO,0,33.31,5.00,-85,99.95,8.33,3.28,5.02,0,461,0,320,22.31,1013.60,11.80,406.30,13.61,53.80,1080,24.40,23.50,24.80,25.00,25.80,20.30,23.30,25.80,24.30,21.80,25.10,21.50,25.10,23.50,22.80,20.70,21.10,23.00,23.90,25.70,23.00,22.00,23.60,22.30,23.60,21.50,24.40,23.80,25.30,25.40,25.30,22.70,25.40,22.70,23.00,23.50,24.90,20.30,21.00,21.10,23.40,25.20,21.40,24.00,25.30,22.60,25.50,21.20,22.90,24.70,20.80,25.00,21.70,24.20,22.30,22.50,23.40,25.70,23.00,25.30,22.40,21.50,22.70,22.10
TLM_RCV,-45,FG-ALPHA,20240415_085333,AUTO,0,31.36,5.00,-85,100.00,8.33,3.28,5.02,1128,473,0,330,23.27,1013.40,12.00,406.00,13.61,53.80,1080,23.40,25.50,24.80,24.10,21.20,21.30,22.30,20.70,25.10,25.20,21.20,22.80,22.70,20.20,22.10,21.60,25.10,24.40,22.20,20.20,23.70,24.90,24.60,25.50,22.00,23.90,23.20,20.60,22.40,20.90,25.50,25.60,22.50,25.00,23.90,22.10,21.00,20.70,20.50,25.60,23.60,21.20,25.30,21.80,20.90,22.20,20.80,20.00,24.20,21.50,24.30,21.60,22.70,23.30,21.60,23.20,20.20,25.90,21.50,23.20,20.80,20.70,22.90,24.80
TLM_RCV,-91,FG-ALPHA,20240415_085334,AUTO,0,31.03,5.00,-85,99.96,8.34,3.28,5.02,0,407,0,252,22.03,1012.80,11.90,404.50,13.61,53.80,1080,20.70,20.90,22.40,20.80,20.00,22.40,24.90,20.50,25.60,22.20,21.00,25.60,23.90,22.10,24.40,25.70,24.00,20.60,20.10,23.10,22.70,25.30,20.80,23.50,22.80,24.60,23.80,25.60,23.60,23.10,24.10,24.40,22.90,21.50,21.40,23.40,25.90,20.20,23.40,24.70,25.10,20.20,24.10,20.20,23.60,24.30,22.70,25.80,25.80,21.90,24.30,20.20,20.10,22.00,24.90,24.90,20.40,23.10,25.50,23.30,24.80,25.00,25.00,20.40
TLM_RCV,-92,FG-ALPHA,20240415_085335,AUTO,0,31.14,5.00,-85,100.00,8.34,3.30,5.02,883,427,0,270,22.28,1013.50,11.80,405.90,13.62,53.80,1080,21.80,21.60,23.90,25.20,21.40,20.10,25.30,23.20,20.50,24.70,24.40,25.20,22.50,23.90,22.10,24.40,20.20,25.00,22.90,25.50,22.10,24.60,24.40,24.90,23.60,25.00,22.30,22.50,20.30,22.90,20.30,25.50,24.20,25.30,24.70,25.10,24.60,20.30,22.30,25.90,22.50,23.30,23.70,23.40,23.30,21.80,24.90,24.90,23.20,25.40,25.40,23.20,25.50,20.60,23.10,22.00,21.90,20.80,22.70,24.30,23.10,21.70,25.40,20.20
TLM_RCV,-66,FG-ALPHA,20240415_085336,AUTO,0,31.49,5.00,-85,100.00,8.33,3.30,5.02,848,498,0,348,21.75,1012.80,11.90,405.70,13.62,53.80,1080,20.80,24.80,24.60,25.90,23.70,22.20,22.10,24.90,24.70,25.40,21.00,20.20,22.30,22.60,21.80,25.70,21.00,21.80,24.20,21.30,22.30,24.40,20.90,24.20,25.80,22.80,24.00,20.30,20.00,23.80,22.20,22.20,20.30,25.50,23.90,20.20,25.90,23.60,25.40,24.50,23.30,23.50,20.60,22.40,21.20,22.80,20.20,20.30,22.60,22.60,23.40,24.00,22.10,25.00,25.30,21.60,22.00,24.00,25.70,23.30,21.50,21.20,22.00,22.00
TLM_RCV,-48,FG-ALPHA,20240415_085337,AUTO,0,33.24,5.00,-85,100.00,8.33,3.28,5.02,962,449,0,298,22.57,1012.70,11.90,405.20,13.62,53.80,1080,23.00,20.80,25.30,21.00,21.60,22.80,22.00,22.90,22.30,24.10,21.30,23.30,21.70,23.20,23.80,25.70,23.90,23.10,21.10,24.00,21.00,21.50,24.70,21.40,25.80,23.60,20.50,20.00,23.70,23.30,21.70,23.50,20.30,21.50,22.00,20.40,22.40,24.20,22.20,22.40,24.30,23.50,23.20,24.60,23.50,25.20,24.10,23.60,23.30,22.60,20.60,22.20,23.20,25.40,22.60,22.00,20.50,25.50,22.90,21.00,20.40,21.50,20.70,23.10
TLM_RCV,-78,FG-ALPHA,20240415_085338,AUTO,0,32.05,5.00,-85,100.00,8.34,3.29,5.02,809,410,0,264,22.00,1013.00,12.10,405.70,13.62,53.80,1080,23.80,20.10,25.50,23.40,21.10,23.50,23.30,21.30,21.70,24.50,24.10,22.50,22.40,25.20,23.20,22.50,24.20,25.30,21.80,22.40,20.50,22.40,23.30,20.10,24.20,24.30,20.70,24.20,23.10,20.80,20.90,21.40,23.00,23.60,22.30,20.10,24.60,21.60,24.10,22.90,23.40,25.50,24.10,25.20,23.90,24.20,20.60,20.60,22.10,24.90,24.00,20.20,25.80,20.20,24.10,24.70,20.10,21.10,22.50,22.40,25.70,25.40,20.30,20.80
TLM_RCV,-80,FG-ALPHA,20240415_085339,AUTO,0,32.19,5.00,-85,99.96,8.33,3.30,5.02,0,438,0,286,22.19,1012.70,11.90,406.10,13.62,53.80,1080,24.60,24.10,24.00,25.00,24.60,21.20,23.90,24.00,23.10,22.00,20.90,25.60,22.70,20.40,22.40,21.50,24.10,25.90,22.50,24.80,21.60,25.00,23.20,21.40,23.10,22.20,24.10,21.80,20.60,22.30,23.30,22.50,21.40,25.80,23.10,20.90,24.60,25.20,20.70,25.00,25.80,20.60,25.00,21.90,21.90,22.90,23.70,23.10,24.70,23.10,20.90,22.50,23.00,21.40,22.80,22.30,23.70,22.60,23.20,24.30,25.20,20.70,25.90,21.10
TLM_RCV,-78,FG-ALPHA,20240415_085340,AUTO,0,33.38,5.00,-85,100.00,8.33,3.30,5.02,973,475,0,319,22.49,1013.20,12.00,405.50,13.62,53.80,1080,21.80,23.50,20.50,23.30,21.40,23.90,21.60,24.70,24.30,25.10,25.80,20.90,21.10,24.80,20.40,24.50,20.00,21.90,21.50,20.80,25.90,22.80,25.30,20.50,22.40,21.30,24.00,24.60,23.00,22.40,24.90,23.30,20.20,21.80,21.80,25.70,22.90,21.10,21.70,23.90,22.80,25.10,22.70,25.80,25.80,24.60,25.80,23.10,21.50,21.20,21.70,23.70,23.80,23.30,25.60,21.00,21.40,25.10,21.20,24.60,23.20,20.90,24.60,21.80
TLM_RCV,-92,FG-ALPHA,20240415_085341,AUTO,0,31.48,5.00,-85,100.00,8.33,3.31,5.02,843,496,0,344,21.74,1013.10,12.00,404.80,13.62,53.80,1080,20.70,24.30,24.10,24.20,20.70,21.80,23.40,24.90,20.70,22.70,21.90,22.70,21.10,22.70,21.00,23.80,20.50,24.70,20.70,21.10,23.40,20.60,24.30,25.10,23.40,21.40,24.70,24.80,20.60,20.50,21.60,25.80,22.90,25.40,25.10,21.40,21.90,20.20,22.90,24.80,25.90,20.10,20.90,20.90,20.80,25.70,21.80,24.60,25.00,20.00,24.20,23.20,22.30,23.40,20.90,23.30,23.90,20.50,20.30,23.50,24.00,20.70,24.80,23.10
TLM_RCV,-78,FG-ALPHA,20240415_085342,AUTO,0,33.40,5.00,-85,100.00,8.33,3.30,5.02,953,481,0,338,22.36,1013.20,11.80,406.30,13.62,53.80,1080,25.30,24.70,24.40,25.90,25.50,23.80,21.50,22.00,22.80,22.80,21.80,24.10,23.00,24.20,23.20,20.20,21.30,23.70,22.30,24.70,22.20,21.30,22.30,20.70,21.80,24.70,24.70,25.20,25.30,20.70,21.60,20.30,24.90,22.40,24.30,25.20,22.20,24.90,25.20,23.90,23.90,22.50,21.40,25.70,23.90,25.90,23.20,24.20,22.60,25.70,21.80,22.40,21.80,23.00,21.60,20.00,20.20,22.10,25.90,20.90,24.80,23.00,23.30,25.10
TLM_RCV,-73,FG-ALPHA,20240415_085343,AUTO,0,31.33,5.00,-85,99.95,8.33,3.28,5.02,0,466,0,318,22.33,1013.50,12.10,405.90,13.62,53.80,1080,23.80,21.90,24.60,22.40,22.20,21.60,23.60,25.30,22.40,23.40,23.60,22.20,20.10,22.40,25.40,24.10,25.10,22.80,20.20,22.50,23.40,22.00,25.50,25.50,23.40,21.90,25.80,24.30,20.40,24.40,24.50,22.60,24.10,23.00,25.20,23.20,24.10,20.90,21.60,25.90,21.30,21.40,21.00,24.70,21.10,20.20,20.00,20.00,21.50,20.30,23.50,20.40,20.00,20.70,21.50,21.40,23.80,25.80,23.70,24.70,20.30,25.70,24.20,22.80
TLM_RCV,-76,FG-ALPHA,20240415_085344,AUTO,0,33.22,5.00,-85,100.00,8.33,3.28,5.02,1058,444,0,295,23.07,1013.50,11.90,405.10,13.62,53.80,1080,22.20,20.30,24.60,20.90,22.20,23.50,23.40,22.20,22.60,23.90,21.80,23.60,25.80,23.00,22.20,24.20,21.60,24.00,21.30,23.60,25.90,24.30,23.70,21.30,21.30,21.50,25.40,23.90,24.50,24.90,24.60,20.80,22.60,87.40,23.00,24.20,23.40,24.50,24.40,25.60,23.30,25.70,24.20,23.10,24.90,23.10,20.20,21.10,24.20,24.90,22.90,23.00,25.10,23.00,25.50,25.80,23.30,20.10,24.20,20.70,20.30,21.90,24.20,20.90
TLM_RCV,-51,FG-ALPHA,20240415_085345,AUTO,0,33.24,5.00,-85,100.00,8.33,3.28,5.02,905,447,0,289,22.29,1012.80,11.90,405.90,13.63,53.80,1080,24.00,24.50,22.70,22.70,22.30,22.70,24.90,25.20,23.30,22.20,25.60,25.80,20.40,24.50,22.70,25.40,24.70,22.00,21.90,22.00,20.40,23.10,20.20,21.60,25.30,20.20,20.00,20.00,24.30,24.10,24.00,22.00,22.40,23.10,25.30,25.00,21.00,20.20,23.30,23.60,21.50,20.10,24.80,22.10,20.30,22.00,20.70,25.20,21.60,22.90,21.10,22.60,24.70,24.60,22.90,24.70,23.90,21.90,22.00,20.20,20.50,24.60,25.90,23.00
TLM_RCV,-87,FG-ALPHA,20240415_085346,AUTO,0,32.44,5.00,-85,100.00,8.33,3.29,5.02,842,488,0,347,21.77,1012.70,11.80,404.70,13.63,53.80,1080,25.80,21.10,22.20,23.50,21.20,20.00,24.20,24.60,20.70,24.50,24.30,20.20,21.70,22.30,20.50,20.50,25.40,25.40,25.60,22.50,21.40,23.60,20.60,25.90,22.30,22.50,23.00,21.10,25.70,20.30,25.80,24.70,20.30,23.30,24.20,24.30,21.80,23.00,20.20,21.50,25.50,23.30,22.80,23.90,24.00,23.60,20.60,25.20,23.80,24.80,25.90,20.80,20.90,25.70,23.00,24.70,22.90,21.00,23.90,20.30,24.30,22.90,21.50,22.30
TLM_RCV,-82,FG-ALPHA,20240415_085347,AUTO,0,31.07,5.00,-85,99.96,8.34,3.30,5.02,0,414,0,260,22.07,1012.90,11.80,405.10,13.63,53.80,1080,23.70,25.60,20.70,23.00,25.30,22.90,22.70,21.40,25.80,20.10,22.10,20.30,20.50,21.40,21.00,22.00,24.30,24.80,24.60,23.00,25.40,24.90,22.20,24.00,20.40,23.10,23.00,25.40,22.20,25.70,23.10,21.80,20.90,24.10,25.90,22.50,21.90,23.10,25.10,21.80,25.40,24.10,21.70,23.50,22.10,23.10,23.50,21.80,22.70,22.10,23.50,24.10,23.00,24.90,21.20,22.20,22.50,21.10,23.90,25.80,21.10,22.10,23.90,25.50
TLM_RCV,-58,FG-ALPHA,20240415_085348,AUTO,0,30.99,5.00,-85,100.00,8.34,3.28,5.02,1141,397,0,253,23.72,1012.70,12.10,406.30,13.63,53.80,1080,20.90,20.00,25.30,21.10,20.60,25.40,23.80,24.20,23.70,22.40,25.60,23.80,24.20,22.80,22.80,25.20,23.70,24.40,20.40,20.20,20.90,25.60,24.80,20.00,21.50,25.50,23.80,24.10,24.40,23.50,25.10,21.40,21.40,23.10,24.70,22.60,21.70,23.30,23.40,20.10,21.10,25.10,25.20,23.70,22.30,23.70,20.70,24.10,21.50,25.50,21.00,21.60,24.70,23.30,21.00,23.80,21.40,20.30,22.40,23.60,21.80,23.30,23.50,24.60
TLM_RCV,-77,FG-ALPHA,20240415_085349,AUTO,0,33.10,5.00,-85,100.00,8.34,3.30,5.02,1000,420,0,280,22.90,1013.30,11.90,406.00,13.63,53.80,1080,21.00,25.50,21.20,24.50,22.60,22.70,21.20,20.00,25.90,25.10,23.00,21.50,25.60,22.90,24.10,22.90,22.60,25.00,25.00,20.80,21.00,25.60,21.30,21.10,21.30,25.70,24.10,24.20,20.20,21.70,20.50,23.80,23.30,20.70,22.60,24.00,25.10,21.10,21.40,24.70,22.90,24.10,20.40,25.20,24.20,24.20,21.50,24.70,20.30,22.60,25.80,20.20,22.00,23.50,21.30,23.40,21.00,20.50,20.00,22.20,23.80,25.20,24.60,21.70
TLM_RCV,-48,FG-ALPHA,20240415_085350,AUTO,0,33.31,5.00,-85,100.00,8.33,3.30,5.02,853,461,0,305,21.96,1013.10,12.00,405.30,13.63,53.80,1080,23.20,22.00,20.00,25.50,25.20,24.80,22.90,20.10,22.60,21.00,22.30,21.20,20.40,20.20,20.30,24.30,22.80,24.70,20.70,21.20,25.40,22.10,20.70,21.00,21.30,25.90,25.40,24.70,20.80,21.90,24.90,22.80,25.30,24.60,25.80,20.70,24.70,21.50,25.30,24.40,23.10,21.40,25.90,24.20,24.80,24.30,21.50,21.70,20.20,22.70,24.50,23.50,25.40,25.80,22.20,22.10,25.50,25.90,24.60,21.50,25.50,23.40,24.90,20.00
TLM_RCV,-89,FG-ALPHA,20240415_085351,AUTO,0,31.45,5.00,-85,100.00,8.33,3.31,5.02,854,490,0,334,21.82,1013.50,12.00,404.60,13.63,53.80,1080,21.60,22.30,25.10,25.60,20.40,22.20,25.80,25.50,22.40,24.30,20.00,22.40,23.30,20.00,25.40,22.70,24.60,21.50,25.80,22.20,22.40,21.00,22.90,20.40,20.20,22.00,21.50,21.10,25.80,21.50,25.00,23.80,25.50,20.30,23.00,25.10,25.60,22.80,20.60,23.80,20.90,23.80,21.00,25.70,21.90,20.00,24.60,77.10,21.60,25.80,21.50,21.40,20.80,20.10,23.70,20.00,21.00,20.50,21.70,22.40,21.80,25.20,22.00,21.00
TLM_RCV,-90,FG-ALPHA,20240415_085352,AUTO,0,32.10,5.00,-85,100.00,8.34,3.28,5.02,1197,420,0,267,23.89,1013.10,12.10,405.90,13.63,53.80,1080,25.50,23.70,22.40,25.90,25.20,21.70,21.00,21.40,23.60,25.30,23.80,25.10,22.90,22.70,25.30,25.00,21.90,25.60,25.90,25.20,24.10,25.40,25.90,20.20,25.10,24.00,21.20,25.80,21.10,20.70,20.80,23.00,25.90,23.10,20.10,24.60,24.80,23.00,24.20,25.30,24.30,21.00,25.70,21.70,25.40,24.20,21.10,22.20,21.30,21.20,21.20,22.10,25.60,21.30,22.30,24.10,20.80,21.70,21.90,21.60,23.30,21.30,20.20,20.80
TLM_RCV,-49,FG-ALPHA,20240415_085353,AUTO,0,33.06,5.00,-85,100.00,8.34,3.30,5.02,884,413,0,271,22.35,1013.40,11.80,405.90,13.63,53.80,1080,21.30,23.70,24.70,24.10,25.80,22.20,24.90,20.60,23.10,21.70,24.80,20.10,20.00,23.20,20.90,23.20,24.10,22.60,25.80,23.30,25.10,25.90,21.30,21.10,25.90,20.10,20.60,25.70,24.80,24.60,21.50,23.80,25.20,24.50,25.60,21.40,25.80,25.90,20.50,23.10,20.40,25.20,25.40,24.50,24.60,23.70,25.70,25.00,20.00,21.60,22.20,21.30,24.60,25.40,25.80,21.70,21.10,23.90,20.50,20.00,25.90,23.80,24.80,23.30
TLM_RCV,-67,FG-ALPHA,20240415_085354,AUTO,0,33.40,5.00,-85,100.00,8.33,3.28,5.02,1140,481,0,325,23.30,1013.10,11.80,405.20,13.63,53.80,1080,20.70,24.00,20.70,21.40,25.00,25.00,21.60,21.30,25.70,20.10,24.50,22.70,20.00,24.80,25.90,22.90,22.30,24.10,25.10,22.80,23.00,22.20,21.10,21.60,24.30,25.30,22.70,21.80,22.90,21.20,24.10,20.70,24.40,25.20,20.10,20.20,24.20,22.30,23.60,23.80,22.70,22.90,22.90,24.00,25.90,24.00,20.90,20.50,20.00,20.60,20.20,23.60,20.20,23.00,24.10,20.20,21.90,24.40,20.00,21.50,25.90,23.00,23.30,23.90
TLM_RCV,-41,FG-ALPHA,20240415_085355,AUTO,0,33.38,5.00,-85,100.00,8.33,3.31,5.02,1146,476,0,325,23.35,1013.10,12.10,405.10,13.64,53.80,1080,22.00,25.90,24.20,24.90,25.80,23.80,22.80,22.00,25.40,21.00,21.00,21.40,22.20,20.60,23.50,20.80,23.20,24.30,20.00,21.60,25.70,20.60,23.40,22.30,21.40,21.50,23.50,22.70,23.50,22.00,20.30,23.00,24.00,24.50,25.70,22.90,20.00,25.80,22.10,22.50,23.00,21.70,24.40,23.90,25.80,24.70,24.70,23.90,21.10,22.10,22.80,23.60,25.20,21.50,24.00,21.70,22.60,20.40,22.00,21.10,21.50,21.00,21.50,21.30
TLM_RCV,-45,FG-ALPHA,20240415_085356,AUTO,0,31.11,5.00,-85,100.00,8.34,3.29,5.02,1001,422,0,275,22.90,1013.10,11.90,405.00,13.64,53.80,1080,24.40,20.40,23.80,23.30,23.00,22.10,21.50,24.10,23.20,23.80,24.40,22.70,24.60,25.50,23.90,22.40,20.30,20.40,23.10,23.20,20.00,23.80,20.90,24.00,21.50,24.80,21.10,22.20,24.60,23.40,20.30,25.60,25.90,21.40,22.20,23.80,20.60,23.70,20.70,21.60,22.00,22.60,25.30,24.60,25.60,20.80,20.60,23.80,24.30,23.50,20.50,23.30,22.30,20.30,23.60,25.80,25.10,24.60,21.40,24.30,22.70,21.20,20.80,20.70
TLM_RCV,-66,FG-ALPHA,20240415_085357,AUTO,0,33.23,5.00,-85,100.00,8.33,3.30,5.02,924,446,0,294,22.39,1012.80,11.80,405.20,13.64,53.80,1080,22.90,22.50,21.80,24.60,25.80,23.20,20.40,23.80,21.30,25.80,22.80,22.80,24.30,23.30,23.80,24.60,20.30,25.80,25.00,21.60,20.50,25.10,23.10,20.10,20.30,25.30,20.40,20.90,22.30,25.00,23.40,25.00,25.80,21.70,25.50,25.10,20.50,22.70,23.60,21.40,24.10,24.90,22.60,25.30,23.20,22.60,23.40,20.50,21.80,21.00,25.00,25.80,22.40,21.00,24.60,25.70,20.60,20.10,22.80,22.20,23.40,20.20,22.60,21.20
TLM_RCV,-41,FG-ALPHA,20240415_085358,AUTO,0,31.02,5.00,-85,100.00,8.34,3.30,5.02,1006,405,0,259,23.00,1013.00,11.90,405.10,13.64,53.80,1080,22.70,22.80,22.60,23.60,20.20,21.90,23.10,24.40,25.90,25.70,25.00,25.50,25.20,22.10,23.20,21.30,23.80,20.40,24.70,25.40,21.10,25.10,21.10,25.90,85.80,22.30,21.00,23.30,23.70,24.90,23.30,25.20,22.90,21.60,22.10,24.70,23.40,21.80,25.30,24.60,20.70,20.90,24.00,24.20,23.70,23.60,22.30,25.10,22.70,21.10,23.30,25.70,21.70,24.20,25.20,24.20,22.40,21.20,22.60,24.00,20.00,20.10,22.90,25.20
TLM_RCV,-81,FG-ALPHA,20240415_085359,AUTO,0,33.31,5.00,-85,100.00,8.33,3.28,5.02,1166,463,0,311,23.51,1013.60,12.00,404.70,13.64,53.80,1080,20.50,23.70,24.90,25.00,23.50,25.10,20.00,21.90,21.60,22.20,21.20,20.40,23.60,25.00,25.70,22.10,24.50,22.30,24.60,23.60,24.20,24.30,20.20,23.80,76.10,21.70,22.30,25.20,24.70,25.20,24.50,25.60,22.20,20.20,21.00,24.40,23.10,23.00,23.10,25.70,25.20,20.20,24.80,20.20,24.60,21.40,25.30,23.90,24.10,25.60,21.20,24.90,21.90,23.70,25.90,24.20,23.60,21.30,20.30,20.20,22.20,25.80,23.20,20.80
TLM_RCV,-51,FG-ALPHA,20240415_085421,AUTO,1,35.15,11.00,-85,99.99,8.22,3.29,4.92,1143,1231,775,300,20.44,1012.80,11.80,404.60,13.66,54.40,1080,25.10,23.30,23.30,22.00,24.20,24.50,24.90,22.40,22.50,22.30,23.80,25.10,20.50,21.10,20.10,22.70,21.90,20.80,20.90,25.80,20.10,23.40,20.90,24.40,20.80,25.00,23.40,23.50,22.70,22.40,23.80,25.80,20.20,23.70,20.80,23.30,22.20,24.00,24.10,20.30,23.20,23.50,20.80,25.90,25.10,22.20,23.40,23.90,20.00,20.90,20.60,24.70,24.70,23.50,21.00,20.00,25.50,23.80,23.00,22.40,21.70,25.30,21.20,21.80
TLM_RCV,-54,FG-ALPHA,20240415_085422,AUTO,0,31.43,9.00,-85,100.00,8.33,3.29,5.02,1095,487,0,338,23.04,1012.80,11.90,404.50,13.66,54.40,1080,22.20,23.50,20.70,24.70,22.20,20.60,24.30,25.70,20.90,25.20,22.40,21.10,25.10,22.70,24.10,25.00,25.90,23.00,20.50,24.60,20.60,21.70,24.10,24.20,21.40,20.50,25.30,24.00,23.50,24.70,23.60,23.30,20.10,25.70,20.30,24.50,25.90,21.30,21.40,24.30,21.80,22.10,23.50,22.20,24.20,22.40,25.40,21.10,24.10,20.10,24.70,23.10,20.60,20.80,25.60,23.20,25.90,21.90,21.30,25.60,21.10,20.40,25.90,22.30
TLM_RCV,-69,FG-ALPHA,20240415_085423,AUTO,0,32.46,7.00,-85,100.00,8.33,3.30,5.02,834,491,0,340,21.72,1013.40,12.00,405.10,13.66,54.40,1080,21.90,20.10,23.10,21.00,25.70,23.30,20.40,21.90,22.20,21.50,23.20,21.20,25.90,23.80,21.20,25.10,20.70,22.00,21.80,20.40,20.70,23.70,25.90,20.30,23.70,23.70,25.20,24.50,23.20,25.50,23.20,25.10,23.70,25.60,20.60,20.80,20.60,21.40,23.10,23.80,88.30,25.30,22.20,25.70,22.30,25.70,23.00,21.30,22.10,23.00,25.70,20.10,25.90,23.50,24.40,23.90,21.40,20.80,21.40,23.80,25.80,24.60,20.70,23.70
TLM_RCV,-65,FG-ALPHA,20240415_085424,AUTO,0,32.11,5.00,-85,99.96,8.34,3.31,5.02,0,422,0,271,22.11,1013.10,12.10,406.30,13.66,54.40,1080,24.20,23.80,22.90,23.20,22.10,25.20,21.10,20.30,21.30,23.00,25.00,20.50,25.30,21.50,20.60,20.70,22.20,20.90,25.40,25.30,20.60,24.70,21.00,20.00,24.30,22.40,21.80,23.00,22.00,24.60,23.10,22.20,25.80,21.90,25.30,24.50,20.30,24.30,22.80,22.00,25.00,25.40,21.10,21.90,25.80,22.90,25.90,23.90,22.90,25.40,20.20,22.40,24.50,23.50,20.20,23.70,24.10,25.60,25.80,23.50,21.20,21.60,22.10,22.60
TLM_RCV,-59,FG-ALPHA,20240415_085425,AUTO,0,31.42,5.00,-85,99.99,8.33,3.29,5.02,836,483,0,327,21.76,1013.20,11.80,406.00,13.67,54.40,1080,24.70,20.00,23.60,21.40,21.50,22.20,21.50,25.90,22.20,22.70,25.80,20.60,25.90,22.20,22.40,24.40,22.60,24.90,25.10,21.70,22.30,22.30,21.50,24.90,22.20,24.90,20.80,23.20,25.10,20.10,25.60,22.00,23.30,22.50,20.50,22.40,21.70,24.50,20.10,21.00,25.10,23.80,23.80,20.90,24.90,23.20,21.50,20.50,24.00,25.80,20.00,25.50,22.80,21.90,21.50,23.90,24.60,24.00,21.40,24.90,22.40,23.30,23.10,20.70
TLM_RCV,-70,FG-ALPHA,20240415_085426,AUTO,0,33.47,5.00,-85,99.94,8.32,3.31,5.02,0,494,0,339,22.47,1013.20,12.00,405.00,13.67,54.40,1080,24.90,22.30,24.40,21.80,21.90,23.00,21.50,24.10,21.00,20.00,24.00,25.70,22.40,21.10,20.30,22.40,23.10,25.70,25.90,25.80,22.50,20.40,24.80,24.20,24.10,23.00,21.40,23.80,21.80,21.10,21.70,23.10,24.60,21.20,25.70,25.20,20.80,21.50,21.50,23.00,25.60,24.50,22.30,21.20,25.40,24.60,23.50,23.20,22.10,25.50,22.00,24.80,23.60,21.90,23.80,20.20,22.80,23.10,22.80,24.70,23.00,22.70,24.20,21.80
TLM_RCV,-95,FG-ALPHA,20240415_085427,AUTO,0,33.16,5.00,-85,99.99,8.33,3.31,5.02,904,432,0,288,22.36,1012.90,11.80,405.10,13.67,54.40,1080,22.20,21.80,23.50,25.00,25.10,25.10,22.30,20.60,20.20,20.70,20.40,20.00,24.50,23.30,21.60,25.40,22.50,20.10,20.10,20.10,22.80,23.40,23.40,25.70,23.30,24.50,23.60,22.80,22.60,24.20,24.60,20.30,23.60,20.90,21.50,24.00,24.00,23.70,23.30,23.50,24.80,23.70,23.90,22.90,20.60,21.50,22.60,21.60,22.50,24.00,23.90,20.70,20.40,21.80,24.60,25.90,24.50,20.40,22.00,23.20,20.10,21.80,25.80,24.20
TLM_RCV,-94,FG-ALPHA,20240415_085428,AUTO,0,33.38,5.00,-85,100.00,8.33,3.29,5.02,1195,476,0,322,23.59,1013.20,12.00,405.70,13.67,54.40,1080,20.80,23.50,22.00,25.50,23.60,20.00,20.60,20.00,20.50,23.50,25.50,25.40,21.10,20.10,23.30,21.80,21.10,22.30,21.90,24.30,21.20,21.80,22.80,21.50,23.70,22.40,21.80,23.10,24.00,25.80,20.70,22.60,21.30,22.50,22.00,23.40,20.70,22.80,22.70,23.50,24.50,25.10,20.00,21.80,20.00,20.50,23.30,20.30,23.00,20.00,20.50,25.60,24.00,20.00,21.60,21.90,21.80,21.90,23.30,25.10,22.10,21.00,22.60,24.60
TLM_RCV,-86,FG-ALPHA,20240415_085429,AUTO,0,30.95,5.00,-85,100.00,8.34,3.31,5.02,1004,391,0,250,23.07,1012.70,11.90,405.10,13.67,54.40,1080,23.10,23.30,20.00,22.30,25.20,24.60,25.70,23.60,25.80,21.80,22.50,25.10,23.10,22.00,25.90,20.30,24.80,25.70,23.80,20.70,21.10,20.40,24.00,25.10,21.20,25.30,25.20,20.90,24.80,25.30,22.20,21.20,24.50,25.10,20.60,21.00,25.00,22.90,24.00,24.20,21.70,22.40,20.90,22.10,20.70,20.80,22.10,23.30,23.00,21.80,21.60,24.60,22.70,21.60,24.70,25.20,25.70,24.30,25.60,23.30,25.60,22.50,22.80,22.80
TLM_RCV,-84,FG-ALPHA,20240415_085430,AUTO,0,32.00,5.00,-85,100.00,8.34,3.30,5.02,1159,400,0,257,23.80,1013.00,11.80,405.40,13.67,54.40,1080,22.30,23.50,22.30,22.20,21.40,20.10,25.50,25.70,21.70,24.40,20.00,20.90,21.20,21.00,25.00,21.80,24.70,24.10,24.40,22.90,23.70,24.50,21.90,25.20,20.20,24.70,22.80,24.00,21.40,20.40,20.00,20.00,25.00,24.10,22.80,21.10,23.90,21.60,20.60,24.20,23.20,25.90,22.20,25.40,20.90,23.70,20.20,20.00,24.00,20.50,24.90,25.80,23.00,21.10,23.60,25.50,23.80,22.40,25.20,20.90,25.10,23.40,22.50,24.40
TLM_RCV,-42,FG-ALPHA,20240415_085431,AUTO,0,33.04,5.00,-85,100.00,8.34,3.31,5.02,915,408,0,262,22.53,1013.00,11.80,404.60,13.67,54.40,1080,21.00,25.80,22.10,25.40,23.90,21.60,21.70,25.90,25.60,24.90,22.00,20.30,25.20,21.10,20.80,21.70,23.90,20.30,22.40,25.40,20.30,23.60,23.30,22.40,25.90,20.00,23.70,23.50,20.30,25.10,22.70,20.30,23.70,24.50,23.70,21.50,23.90,23.00,21.80,21.90,23.40,25.80,20.50,25.80,24.30,23.90,22.40,25.00,23.60,23.10,22.40,24.20,25.80,21.90,20.00,22.10,22.00,25.90,24.30,21.80,22.30,22.50,21.50,24.60
TLM_RCV,-78,FG-ALPHA,20240415_085432,AUTO,0,31.26,5.00,-85,100.00,8.33,3.28,5.02,893,453,0,308,22.20,1013.20,12.00,405.40,13.67,54.40,1080,22.90,21.90,21.50,23.30,20.30,24.80,20.50,20.00,22.50,22.00,25.30,22.10,25.00,23.30,20.60,20.20,22.90,20.60,24.70,23.10,23.20,25.90,24.90,23.00,20.20,23.70,22.00,23.90,25.30,25.40,21.50,22.50,20.30,22.00,25.30,24.00,22.60,25.70,24.80,24.10,22.30,25.40,22.40,22.60,20.50,25.60,22.30,23.90,23.50,24.00,25.20,25.50,21.00,24.60,20.60,22.10,24.00,22.20,24.00,23.40,21.20,25.20,23.30,22.00
TLM_RCV,-72,FG-ALPHA,20240415_085433,AUTO,0,32.19,5.00,-85,99.96,8.33,3.31,5.02,0,439,0,292,22.19,1013.20,11.80,405.80,13.67,54.40,1080,20.10,21.60,25.90,25.30,22.90,22.20,20.60,24.10,22.80,22.50,20.00,24.50,24.70,25.30,24.40,20.70,20.90,22.70,25.40,22.30,20.80,22.20,21.90,20.80,20.10,24.30,23.20,20.50,24.60,20.30,24.10,21.40,25.30,22.40,22.60,20.10,20.60,24.70,20.70,24.10,25.40,20.10,25.00,22.90,21.60,21.70,24.00,23.60,22.80,24.90,23.60,24.90,24.20,25.00,25.30,20.80,23.20,20.80,21.10,24.30,20.60,23.80,24.50,25.20
TLM_RCV,-47,FG-ALPHA,20240415_085434,AUTO,0,31.39,5.00,-85,100.00,8.33,3.28,5.02,1011,478,0,337,22.67,1012.80,12.00,405.80,13.67,54.40,1080,25.80,21.30,21.10,21.80,21.40,20.50,25.40,22.10,23.20,22.40,21.90,25.40,25.20,20.30,23.40,22.90,21.90,23.20,23.00,25.90,20.80,21.60,20.60,25.90,21.50,25.30,25.30,21.60,23.60,21.50,21.10,20.20,24.40,25.80,22.30,20.40,21.00,25.20,20.90,20.20,21.70,21.10,22.20,25.70,24.00,20.70,20.70,21.80,21.20,24.90,21.50,25.00,25.40,23.80,23.60,25.20,23.10,22.40,24.60,22.70,23.50,22.00,21.40,24.40
TLM_RCV,-56,FG-ALPHA,20240415_085435,AUTO,0,33.31,5.00,-85,100.00,8.33,3.31,5.02,1132,462,0,319,23.35,1013.20,12.10,406.20,13.68,54.40,1080,23.80,75.00,25.10,20.50,20.00,24.60,23.40,22.90,21.70,24.00,23.20,21.70,24.70,22.30,25.20,24.30,23.50,20.40,23.40,22.00,21.10,21.80,20.40,25.70,24.80,24.60,22.00,22.50,24.80,22.20,20.80,23.30,25.10,22.60,21.10,22.60,24.90,25.20,22.10,24.30,24.50,21.30,21.60,21.10,25.50,25.30,24.10,20.80,21.50,22.00,25.70,24.30,24.90,22.90,22.70,21.50,21.40,23.30,21.70,21.30,24.80,21.70,25.00,25.20
TLM_RCV,-95,FG-ALPHA,20240415_085436,AUTO,0,31.17,5.00,-85,100.00,8.33,3.30,5.02,886,435,0,295,22.25,1012.70,11.80,406.10,13.68,54.40,1080,24.90,20.50,20.60,23.00,23.90,20.70,23.30,24.20,25.60,23.20,22.00,22.10,25.30,23.50,21.70,25.10,22.40,22.20,23.10,25.80,24.20,24.80,25.10,23.40,24.10,20.70,23.10,23.00,23.90,20.70,24.70,20.80,22.30,23.80,21.30,22.50,25.50,20.70,20.60,20.10,20.40,20.40,24.30,22.60,22.30,23.70,22.80,24.20,21.70,23.80,24.50,20.60,22.40,23.10,25.60,22.20,23.50,21.10,23.80,20.20,20.90,21.60,24.00,20.80
TLM_RCV,-47,FG-ALPHA,20240415_085437,AUTO,0,33.26,5.00,-85,99.95,8.33,3.30,5.02,0,452,0,296,22.26,1013.60,11.80,404.50,13.68,54.40,1080,22.10,25.10,24.80,20.40,22.00,21.00,20.70,22.70,25.30,22.80,23.20,22.20,22.60,21.10,20.20,22.50,24.10,21.10,20.80,21.90,23.10,20.00,24.40,24.90,21.00,25.10,22.50,25.60,22.70,24.80,24.50,25.10,23.50,24.10,22.20,22.90,24.20,21.50,25.30,25.90,25.90,21.10,25.30,24.10,24.00,24.60,21.40,20.80,23.20,25.20,22.90,21.40,21.60,22.70,24.80,22.50,24.30,21.10,23.20,25.90,24.00,25.90,20.90,24.30
TLM_RCV,-79,FG-ALPHA,20240415_085438,AUTO,0,33.38,5.00,-85,100.00,8.33,3.28,5.02,967,475,0,316,22.46,1012.90,12.00,406.20,13.68,54.40,1080,20.00,20.40,24.30,25.10,21.40,25.30,24.80,20.80,25.00,24.00,22.10,23.30,25.90,25.40,20.10,25.60,21.60,23.70,22.90,23.50,25.90,23.70,23.10,20.20,22.90,22.50,22.80,22.70,21.90,25.90,21.40,23.60,22.90,20.80,21.80,23.40,21.10,20.70,20.70,24.10,22.80,21.70,25.60,21.10,20.50,20.50,24.20,24.50,24.80,84.60,22.00,25.90,20.20,24.50,24.60,21.30,24.20,20.40,20.10,22.60,22.00,25.30,21.80,22.30
TLM_RCV,-53,FG-ALPHA,20240415_085439,AUTO,0,33.10,5.00,-85,100.00,8.34,3.29,5.02,1023,419,0,261,23.02,1012.90,12.10,405.10,13.68,54.40,1080,25.50,23.90,23.40,24.10,72.40,25.00,25.70,23.00,24.70,25.30,22.20,21.00,24.80,21.80,22.10,24.10,23.50,22.60,21.40,23.60,25.20,24.80,24.20,23.90,24.90,22.30,25.40,21.60,25.50,23.70,25.90,21.70,23.40,21.20,24.20,24.90,25.80,22.20,23.30,23.30,23.20,25.60,24.40,21.10,25.90,25.50,22.10,25.70,21.10,20.50,20.70,25.70,23.90,24.50,25.40,21.70,20.10,23.50,20.60,24.90,24.10,20.30,20.70,25.10
TLM_RCV,-91,FG-ALPHA,20240415_085440,AUTO,0,32.08,5.00,-85,100.00,8.34,3.28,5.02,879,416,0,263,22.32,1013.40,11.80,405.70,13.68,54.40,1080,21.80,21.20,24.40,24.40,21.70,21.30,22.30,23.80,22.90,23.70,21.00,23.10,21.20,21.50,21.70,24.40,20.20,20.90,23.00,20.50,20.60,21.30,25.80,22.20,25.60,22.50,24.50,23.30,21.20,22.00,21.10,21.90,22.20,24.30,20.10,22.80,20.40,24.20,24.90,23.90,25.80,21.70,20.70,24.80,25.30,22.40,21.20,25.60,23.90,23.00,24.90,25.70,25.50,20.00,25.50,24.40,21.80,23.10,22.80,24.30,22.60,22.80,24.00,22.80
TLM_RCV,-88,FG-ALPHA,20240415_085441,AUTO,0,31.00,5.00,-85,100.00,8.34,3.28,5.02,1052,401,0,254,23.26,1013.10,12.10,404.70,13.68,54.40,1080,20.30,25.20,25.30,22.60,25.30,23.00,20.70,21.20,22.80,21.00,22.20,25.70,23.90,23.60,24.30,25.80,23.90,22.90,22.60,24.50,21.20,25.30,21.60,24.70,20.50,21.40,21.10,25.10,23.80,20.80,23.10,23.10,24.30,20.90,22.70,25.00,23.20,25.00,20.70,22.80,20.50,24.50,20.30,21.70,25.90,21.30,20.10,21.90,24.90,21.20,24.20,23.50,22.50,23.90,20.10,22.40,20.90,24.50,22.30,22.90,22.60,23.70,24.10,24.00
TLM_RCV,-54,FG-ALPHA,20240415_085442,AUTO,0,31.42,5.00,-85,100.00,8.33,3.28,5.02,891,484,0,343,22.03,1013.30,11.80,405.80,13.68,54.40,1080,23.80,23.30,22.10,23.10,23.20,25.90,24.20,20.50,23.30,20.00,21.90,21.60,22.50,25.80,24.40,21.90,21.20,24.30,24.10,24.30,22.20,25.50,21.10,25.80,25.90,20.10,22.80,20.50,88.20,24.00,25.40,23.70,23.20,25.20,23.40,21.90,20.10,22.00,22.80,21.20,21.90,24.70,22.40,22.50,25.30,23.50,23.50,21.70,20.00,21.10,24.90,20.80,22.90,20.80,22.60,22.30,22.50,22.00,21.00,24.70,23.00,20.40,25.30,23.30
TLM_RCV,-46,FG-ALPHA,20240415_085443,AUTO,0,32.28,5.00,-85,99.95,8.33,3.31,5.02,0,456,0,298,22.28,1012.90,11.80,405.40,13.68,54.40,1080,20.70,21.30,22.10,22.20,25.70,25.80,21.30,21.20,22.20,21.70,21.30,23.40,24.10,22.90,23.00,21.60,24.30,21.00,24.00,21.80,21.30,20.10,21.40,25.70,21.00,22.20,23.40,20.80,20.80,25.80,22.30,21.10,23.00,23.60,24.50,20.30,25.80,21.40,22.20,24.30,25.90,24.20,21.60,25.60,25.90,22.80,21.90,21.20,23.20,24.60,20.60,23.40,21.60,21.60,24.30,22.40,21.60,24.60,20.10,20.70,23.70,20.20,21.60,21.10
TLM_RCV,-75,FG-ALPHA,20240415_085444,AUTO,0,32.19,5.00,-85,99.91,8.33,3.31,5.02,0,438,0,288,22.19,1012.90,11.90,404.50,13.68,54.40,1080,22.60,22.00,25.10,23.70,21.80,21.50,20.60,20.30,23.80,20.60,24.30,20.20,24.50,21.70,24.60,21.00,22.60,22.40,23.20,25.00,23.00,25.50,20.80,25.30,24.20,21.80,23.70,20.10,25.20,21.00,21.00,23.40,25.40,20.30,21.60,25.70,24.10,22.40,21.00,23.30,23.40,20.90,21.20,21.60,25.50,23.70,25.30,21.80,20.60,21.00,24.00,23.50,25.30,21.30,24.10,21.70,22.30,20.10,22.90,22.00,25.60,23.60,24.60,23.50
TLM_RCV,-52,FG-ALPHA,20240415_085445,AUTO,0,33.03,5.00,-85,99.97,8.34,3.28,5.02,1033,406,0,260,23.14,1013.30,12.00,405.10,13.69,54.40,1080,20.00,20.20,23.20,24.40,22.60,21.50,24.50,25.60,23.40,20.80,22.30,21.40,23.60,20.10,21.80,25.90,23.00,24.00,25.80,23.00,22.90,20.60,24.10,24.40,24.90,25.70,20.70,24.90,22.80,21.80,25.80,23.30,24.40,21.20,24.70,23.40,22.30,25.40,21.60,23.70,20.20,20.20,25.50,25.50,25.50,22.40,22.30,25.40,22.20,20.00,22.40,22.00,20.30,21.10,24.90,22.70,21.90,22.70,22.20,21.70,20.00,22.50,22.50,24.30
TLM_RCV,-47,FG-ALPHA,20240415_085446,AUTO,0,32.17,5.00,-85,99.93,8.33,3.30,5.02,0,433,0,286,22.17,1013.30,12.10,406.40,13.69,54.40,1080,22.90,23.90,24.20,25.10,25.30,22.60,20.10,21.80,25.10,22.30,20.10,20.20,21.50,25.60,21.50,25.00,24.30,24.70,22.40,25.00,24.00,22.50,21.00,25.40,23.90,25.60,23.70,25.90,20.50,24.50,22.00,22.50,21.00,21.20,20.60,22.80,22.80,22.30,20.40,23.20,22.30,22.40,21.30,24.10,24.60,21.10,23.90,21.80,24.10,22.60,21.50,22.30,20.40,25.40,21.30,21.10,20.80,22.40,25.70,20.60,24.60,24.90,24.20,23.10
