PACKET_TYPE,GS_RSSI,SAT_ID,TIMESTAMP,FDIR_MODE,PAYLOAD_STATE,OBC_T,PAYLOAD_T,SAT_RX_RSSI,SOC,V_BAT,V_3V3,V_5V_1,V_5V_2,V_5V_3,I_IN,I_OUT,I_PAY,I_COMMS,EPS_T,PRESSURE,HUMIDITY,GPS_ALT,OBC_SD_PCT,PAYLOAD_SD_PCT,RESOLUTION,IR_0,IR_1,IR_2,IR_3,IR_4
TLM_RCV,-45,FG-ALPHA,20260604_133341,AUTO,0,31.24,5.00,-85,85.84,7.99,3.29,5.02,4.96,5.02,920,448,0,305,22.36,1013.40,12.10,404.90,12.42,45.10,1080,0,0,0,0,0
TLM_RCV,-90,FG-ALPHA,20260604_133342,AUTO,0,32.26,5.00,-85,85.79,7.99,3.31,5.02,4.95,5.02,0,451,0,300,22.25,1012.90,11.90,405.90,12.42,45.10,1080,0,0,0,0,0
TLM_RCV,-74,FG-ALPHA,20260604_133343,AUTO,1,35.11,6.50,-85,85.77,7.88,3.30,4.86,4.94,5.01,944,1222,786,292,21.39,1013.10,11.80,406.40,12.42,45.25,1080,0,0,0,0,0
TLM_RCV,-85,FG-ALPHA,20260604_133344,AUTO,1,35.04,8.00,-85,85.76,7.91,3.28,4.88,4.94,5.01,980,1008,602,266,20.14,1013.30,12.00,404.60,12.42,45.40,1080,0,0,0,0,0
TLM_RCV,-56,FG-ALPHA,20260604_133345,AUTO,1,34.38,9.50,-85,85.76,7.90,3.28,4.86,4.94,5.01,1065,1075,640,292,20.05,1013.20,12.10,404.60,12.43,45.55,1080,0,0,0,0,0
TLM_RCV,-95,FG-ALPHA,20260604_133346,AUTO,1,35.56,11.00,-85,85.76,7.89,3.29,4.91,4.94,5.01,1144,1111,672,281,20.17,1013.30,12.00,405.90,12.43,45.70,1080,0,0,0,0,0
TLM_RCV,-61,FG-ALPHA,20260604_133347,AUTO,1,35.26,12.50,-85,85.75,7.90,3.28,4.88,4.96,5.01,922,1053,610,286,20.66,1013.40,12.00,404.50,12.43,45.85,1080,0,0,0,0,0
TLM_RCV,-73,FG-ALPHA,20260604_133348,AUTO,1,36.46,14.00,-85,85.74,7.89,3.30,4.89,4.95,5.02,970,1091,648,287,20.60,1013.30,12.10,406.00,12.43,46.00,1080,0,0,0,0,0
TLM_RCV,-75,FG-ALPHA,20260604_133349,AUTO,0,33.06,12.00,-85,85.81,8.00,3.29,5.02,4.96,5.02,1133,412,0,257,23.60,1013.30,12.00,404.70,12.43,46.00,1080,0,0,0,0,0
TLM_RCV,-78,FG-ALPHA,20260604_133350,AUTO,0,32.40,10.00,-85,85.86,7.99,3.29,5.02,4.96,5.02,934,479,0,332,22.27,1013.10,11.90,405.40,12.43,46.00,1080,0,0,0,0,0
TLM_RCV,-91,FG-ALPHA,20260604_133351,AUTO,0,33.24,8.00,-85,85.92,7.99,3.31,5.02,4.97,5.02,1059,448,0,308,23.06,1013.50,12.10,406.00,12.43,46.00,1080,0,0,0,0,0
TLM_RCV,-66,FG-ALPHA,20260604_133352,AUTO,0,32.17,6.00,-85,85.97,8.00,3.31,5.02,4.94,5.01,938,433,0,277,22.52,1013.50,12.00,406.20,12.43,46.00,1080,0,0,0,0,0
TLM_RCV,-87,FG-ALPHA,20260604_133353,AUTO,0,32.02,5.00,-85,86.04,8.00,3.30,5.02,4.96,5.02,1118,404,0,250,23.57,1013.30,12.00,405.50,12.43,46.00,1080,0,0,0,0,0
TLM_RCV,-89,FG-ALPHA,20260604_133354,AUTO,1,34.32,6.50,-85,86.05,7.91,3.29,4.87,4.97,5.01,1136,1064,642,282,20.36,1013.40,12.00,404.90,12.43,46.15,1080,0,1,1,1,0
TLM_RCV,-62,FG-ALPHA,20260604_133355,AUTO,1,35.78,8.00,-85,86.02,7.89,3.29,4.93,4.95,5.02,871,1157,692,307,21.43,1013.00,12.00,406.10,12.44,46.30,1080,0,0,0,0,0
TLM_RCV,-65,FG-ALPHA,20260604_133356,AUTO,1,34.41,9.50,-85,86.01,7.90,3.30,4.87,4.96,5.02,963,1082,673,268,20.59,1013.30,11.90,404.70,12.44,46.45,1080,0,0,0,0,0
TLM_RCV,-53,FG-ALPHA,20260604_133357,AUTO,1,35.29,11.00,-85,85.98,7.87,3.31,4.86,4.94,5.01,998,1258,772,333,21.30,1013.00,12.10,404.60,12.44,46.60,1080,0,0,0,0,0
TLM_RCV,-52,FG-ALPHA,20260604_133358,AUTO,1,35.03,12.50,-85,85.97,7.88,3.30,4.92,4.96,5.02,1066,1206,713,344,20.70,1013.60,12.00,405.80,12.44,46.75,1080,0,0,0,0,0
TLM_RCV,-78,FG-ALPHA,20260604_133359,AUTO,1,35.15,14.00,-85,85.98,7.91,3.31,4.92,4.94,5.01,1114,1030,613,267,20.42,1013.60,12.10,405.60,12.44,46.90,1080,0,0,0,0,0
TLM_RCV,-44,FG-ALPHA,20260604_133400,AUTO,1,36.21,15.50,-85,85.95,7.88,3.29,4.90,4.95,5.02,964,1242,776,311,21.39,1013.50,11.80,405.20,12.44,47.05,1080,0,0,0,0,0
TLM_RCV,-95,FG-ALPHA,20260604_133401,AUTO,1,34.44,17.00,-85,85.84,7.90,3.30,4.87,4.97,5.02,0,1088,661,284,25.44,1013.20,12.10,405.10,12.44,47.20,1080,0,0,0,0,0
TLM_RCV,-84,FG-ALPHA,20260604_133402,AUTO,1,34.63,18.50,-85,85.73,7.89,3.31,4.94,4.94,5.01,0,1125,653,332,25.62,1013.00,12.00,404.90,12.44,47.35,1080,0,0,0,0,0
TLM_RCV,-53,FG-ALPHA,20260604_133403,AUTO,1,35.92,20.00,-85,85.69,7.88,3.28,4.87,4.94,5.01,803,1183,706,326,21.90,1013.20,12.00,405.20,12.44,47.50,1080,0,0,0,0,0
TLM_RCV,-90,FG-ALPHA,20260604_133404,AUTO,1,35.47,21.50,-85,85.67,7.89,3.31,4.92,4.94,5.02,923,1094,684,265,20.85,1013.50,11.90,406.20,12.44,47.65,1080,0,0,0,0,0
TLM_RCV,-91,FG-ALPHA,20260604_133405,AUTO,0,32.07,19.50,-85,85.75,8.00,3.29,5.02,4.97,5.02,1179,414,0,270,23.83,1013.20,12.00,406.40,12.45,47.65,1080,0,0,0,0,0
TLM_RCV,-55,FG-ALPHA,20260604_133406,AUTO,1,36.42,21.00,-85,85.74,7.87,3.28,4.89,4.94,5.01,1176,1284,786,345,20.54,1013.40,12.10,406.30,12.45,47.80,1080,0,0,0,0,0
TLM_RCV,-84,FG-ALPHA,20260604_133407,AUTO,1,36.88,22.50,-85,85.71,7.88,3.31,4.86,4.96,5.02,927,1175,688,345,21.24,1013.30,11.80,406.20,12.45,47.95,1080,0,0,0,0,1
TLM_RCV,-91,FG-ALPHA,20260604_133408,AUTO,0,32.33,20.50,-85,85.75,7.99,3.29,5.02,4.97,5.02,870,467,0,315,22.01,1012.80,12.10,405.60,12.45,47.95,1080,0,0,0,0,0
TLM_RCV,-74,FG-ALPHA,20260604_133409,AUTO,0,31.24,18.50,-85,85.79,7.99,3.29,5.02,4.97,5.02,853,447,0,288,22.03,1012.70,12.10,405.50,12.45,47.95,1080,0,0,0,0,0
TLM_RCV,-60,FG-ALPHA,20260604_133410,AUTO,0,31.03,16.50,-85,85.84,8.00,3.29,5.02,4.97,5.01,852,406,0,254,22.23,1013.10,11.90,406.20,12.45,47.95,1080,0,0,0,0,0
TLM_RCV,-45,FG-ALPHA,20260604_133411,AUTO,0,33.29,14.50,-85,85.90,7.99,3.31,5.02,4.97,5.01,1113,459,0,301,23.27,1012.90,12.10,404.70,12.45,47.95,1080,0,0,0,0,0
TLM_RCV,-52,FG-ALPHA,20260604_133412,AUTO,0,32.47,12.50,-85,85.96,7.99,3.29,5.02,4.97,5.01,1047,494,0,339,22.76,1012.70,11.90,406.20,12.45,47.95,1080,0,0,0,0,0
TLM_RCV,-47,FG-ALPHA,20260604_133413,AUTO,0,31.32,10.50,-85,86.03,8.00,3.30,5.02,4.97,5.01,1189,464,0,315,23.62,1012.70,12.00,406.20,12.45,47.95,1080,0,0,0,0,0
TLM_RCV,-53,FG-ALPHA,20260604_133414,AUTO,0,30.99,8.50,-85,85.99,8.00,3.29,5.02,4.94,5.01,0,397,0,255,21.99,1012.70,12.00,406.00,12.45,47.95,1080,0,0,0,0,0
TLM_RCV,-51,FG-ALPHA,20260604_133415,AUTO,0,33.00,6.50,-85,86.05,8.01,3.31,5.02,4.97,5.02,958,400,0,257,22.79,1013.60,11.90,405.50,12.46,47.95,1080,0,0,0,0,0
TLM_RCV,-62,FG-ALPHA,20260604_133416,AUTO,0,33.15,5.00,-85,86.09,8.00,3.28,5.02,4.97,5.01,888,429,0,277,22.30,1013.50,12.00,405.00,12.46,47.95,1080,0,0,0,0,0
TLM_RCV,-50,FG-ALPHA,20260604_133417,AUTO,0,31.35,5.00,-85,86.05,7.99,3.30,5.02,4.94,5.02,0,470,0,317,22.35,1012.70,12.00,405.60,12.46,47.95,1080,0,0,0,0,0
TLM_RCV,-40,FG-ALPHA,20260604_133418,AUTO,0,31.40,5.00,-85,86.10,7.99,3.31,5.02,4.94,5.02,983,479,0,332,22.52,1013.00,12.10,406.10,12.46,47.95,1080,0,0,0,0,0
TLM_RCV,-70,FG-ALPHA,20260604_133419,AUTO,0,31.08,5.00,-85,86.05,8.00,3.28,5.02,4.97,5.01,0,416,0,267,22.08,1013.20,11.80,404.90,12.46,47.95,1080,0,0,0,0,0
TLM_RCV,-79,FG-ALPHA,20260604_133420,AUTO,0,32.04,5.00,-85,86.13,8.01,3.29,5.02,4.94,5.02,1138,409,0,250,23.65,1013.20,12.00,405.80,12.46,47.95,1080,0,0,0,0,0
TLM_RCV,-70,FG-ALPHA,20260604_133421,AUTO,0,32.21,5.00,-85,86.20,8.00,3.28,5.02,4.94,5.02,1158,441,0,285,23.58,1013.30,11.80,405.50,12.46,47.95,1080,0,0,0,0,0
TLM_RCV,-70,FG-ALPHA,20260604_133443,AUTO,0,32.03,5.00,-85,87.37,8.04,3.30,5.02,4.97,5.02,836,405,0,255,22.16,1013.10,11.90,404.80,12.48,47.95,1080,0,0,0,0,0
TLM_RCV,-71,FG-ALPHA,20260604_133444,AUTO,0,32.46,5.00,-85,87.41,8.02,3.31,5.02,4.97,5.02,844,491,0,339,21.76,1013.40,11.80,405.00,12.48,47.95,1080,0,0,0,0,0
TLM_RCV,-48,FG-ALPHA,20260604_133445,AUTO,0,32.08,5.00,-85,87.46,8.04,3.29,5.02,4.95,5.02,885,416,0,266,22.34,1013.00,11.90,406.40,12.49,47.95,1080,0,0,0,0,0
TLM_RCV,-94,FG-ALPHA,20260604_133446,AUTO,0,31.44,5.00,-85,87.50,8.03,3.29,5.02,4.96,5.02,917,489,0,331,22.14,1013.20,11.90,406.20,12.49,47.95,1080,0,0,0,0,0
TLM_RCV,-94,FG-ALPHA,20260604_133447,AUTO,1,35.23,6.50,-85,87.49,7.91,3.31,4.94,4.94,5.02,1143,1246,748,342,20.51,1012.80,11.80,406.10,12.49,48.10,1080,0,0,0,0,0
TLM_RCV,-78,FG-ALPHA,20260604_133448,AUTO,1,35.99,8.00,-85,87.48,7.92,3.28,4.85,4.96,5.02,1151,1198,738,314,20.24,1012.70,11.90,405.60,12.49,48.25,1080,0,0,0,0,0
TLM_RCV,-40,FG-ALPHA,20260604_133449,AUTO,0,31.06,6.00,-85,87.53,8.04,3.29,5.02,4.94,5.01,845,412,0,263,22.17,1012.90,11.90,405.10,12.49,48.25,1080,0,0,0,0,0
TLM_RCV,-81,FG-ALPHA,20260604_133450,AUTO,1,34.53,7.50,-85,87.42,7.93,3.29,4.93,4.95,5.02,0,1105,695,265,25.52,1012.90,12.10,406.20,12.49,48.40,1080,0,0,0,0,0
TLM_RCV,-80,FG-ALPHA,20260604_133451,AUTO,1,36.65,9.00,-85,87.39,7.93,3.30,4.93,4.94,5.01,912,1130,729,260,21.09,1013.60,11.90,405.20,12.49,48.55,1080,0,0,0,0,1
TLM_RCV,-82,FG-ALPHA,20260604_133452,AUTO,0,32.35,7.00,-85,87.46,8.03,3.28,5.02,4.95,5.02,1122,471,0,312,23.26,1013.20,11.90,404.80,12.49,48.55,1080,0,0,0,0,0
TLM_RCV,-44,FG-ALPHA,20260604_133453,AUTO,0,33.17,5.00,-85,87.53,8.04,3.28,5.02,4.95,5.02,1161,435,0,293,23.63,1012.80,11.80,405.10,12.49,48.55,1080,0,0,0,0,0
TLM_RCV,-71,FG-ALPHA,20260604_133454,AUTO,1,36.28,6.50,-85,87.52,7.94,3.31,4.89,4.95,5.01,946,1055,632,283,20.55,1013.00,11.90,405.30,12.49,48.70,1080,0,0,0,0,0
TLM_RCV,-59,FG-ALPHA,20260604_133455,AUTO,1,36.74,8.00,-85,87.49,7.93,3.28,4.88,4.94,5.01,829,1149,682,310,21.60,1013.50,11.80,406.30,12.50,48.85,1080,0,0,0,1,0
TLM_RCV,-51,FG-ALPHA,20260604_133456,AUTO,1,36.49,9.50,-85,87.49,7.94,3.29,4.85,4.97,5.01,1131,1097,679,277,20.17,1013.10,12.00,405.50,12.50,49.00,1080,0,0,0,0,0
TLM_RCV,-90,FG-ALPHA,20260604_133457,AUTO,0,33.09,7.50,-85,87.45,8.04,3.31,5.02,4.95,5.02,0,418,0,271,22.09,1013.40,11.80,405.00,12.50,49.00,1080,0,0,0,0,0
TLM_RCV,-87,FG-ALPHA,20260604_133458,AUTO,0,31.08,5.50,-85,87.51,8.04,3.30,5.02,4.95,5.02,1004,416,0,271,22.94,1013.30,11.80,406.30,12.50,49.00,1080,0,0,0,0,0
TLM_RCV,-40,FG-ALPHA,20260604_133459,AUTO,0,33.25,5.00,-85,87.47,8.03,3.28,5.02,4.94,5.01,0,450,0,309,22.25,1013.10,12.10,405.60,12.50,49.00,1080,0,0,0,0,0
TLM_RCV,-45,FG-ALPHA,20260604_133500,AUTO,0,31.95,5.00,-85,87.52,8.04,3.30,5.02,4.94,5.01,967,390,0,250,22.89,1012.70,12.00,404.70,12.50,49.00,1080,0,0,0,0,0
TLM_RCV,-60,FG-ALPHA,20260604_133501,AUTO,0,32.33,5.00,-85,87.48,8.03,3.30,5.02,4.97,5.01,0,465,0,325,22.33,1012.80,11.80,405.30,12.50,49.00,1080,0,0,0,0,0
TLM_RCV,-41,FG-ALPHA,20260604_133502,AUTO,0,31.45,5.00,-85,87.53,8.03,3.30,5.02,4.97,5.01,1075,490,0,335,22.92,1013.40,12.00,405.90,12.50,49.00,1080,0,0,0,0,0
TLM_RCV,-66,FG-ALPHA,20260604_133503,AUTO,0,33.39,5.00,-85,87.57,8.03,3.28,5.02,4.95,5.02,873,478,0,338,21.98,1013.00,11.80,406.30,12.50,49.00,1080,0,0,0,0,0
TLM_RCV,-56,FG-ALPHA,20260604_133504,AUTO,0,32.41,5.00,-85,87.63,8.03,3.29,5.02,4.96,5.01,1031,482,0,324,22.75,1012.90,11.90,406.10,12.50,49.00,1080,0,0,0,0,0
TLM_RCV,-91,FG-ALPHA,20260604_133505,AUTO,0,32.11,5.00,-85,87.67,8.04,3.31,5.02,4.95,5.01,805,422,0,280,21.91,1013.60,12.00,405.80,12.51,49.00,1080,0,0,0,0,0
TLM_RCV,-86,FG-ALPHA,20260604_133506,AUTO,0,33.13,5.00,-85,87.62,8.04,3.29,5.02,4.96,5.01,0,426,0,270,22.13,1012.80,11.80,406.10,12.51,49.00,1080,0,0,0,0,0
TLM_RCV,-91,FG-ALPHA,20260604_133507,AUTO,0,32.31,5.00,-85,87.58,8.03,3.29,5.02,4.96,5.01,0,463,0,321,22.32,1012.90,11.90,404.70,12.51,49.00,1080,0,0,0,0,0
TLM_RCV,-88,FG-ALPHA,20260604_133508,AUTO,0,31.37,5.00,-85,87.64,8.03,3.29,5.02,4.97,5.01,1113,475,0,330,23.19,1013.30,11.90,406.40,12.51,49.00,1080,0,0,0,0,0
TLM_RCV,-50,FG-ALPHA,20260604_133509,AUTO,0,33.22,5.00,-85,87.68,8.04,3.30,5.02,4.95,5.01,824,445,0,287,21.90,1013.50,11.80,405.00,12.51,49.00,1080,0,0,0,0,0
TLM_RCV,-43,FG-ALPHA,20260604_133510,AUTO,0,33.33,5.00,-85,87.75,8.04,3.31,5.02,4.96,5.02,1121,466,0,325,23.27,1012.70,11.80,404.50,12.51,49.00,1080,0,0,0,0,0
TLM_RCV,-47,FG-ALPHA,20260604_133511,AUTO,0,32.14,5.00,-85,87.80,8.04,3.30,5.02,4.96,5.02,937,428,0,270,22.55,1012.70,11.80,404.80,12.51,49.00,1080,0,0,0,0,0
TLM_RCV,-90,FG-ALPHA,20260604_133512,AUTO,0,32.14,5.00,-85,87.84,8.04,3.29,5.02,4.96,5.02,875,428,0,273,22.24,1012.70,11.80,405.80,12.51,49.00,1080,0,0,0,0,0
TLM_RCV,-58,FG-ALPHA,20260604_133513,AUTO,0,32.37,5.00,-85,87.89,8.04,3.30,5.02,4.95,5.02,922,473,0,333,22.25,1013.50,12.00,406.10,12.51,49.00,1080,0,0,0,0,0
TLM_RCV,-66,FG-ALPHA,20260604_133514,AUTO,0,32.15,5.00,-85,87.95,8.05,3.29,5.02,4.94,5.01,1063,431,0,283,23.16,1012.70,12.10,404.60,12.51,49.00,1080,0,0,0,0,0
TLM_RCV,-70,FG-ALPHA,20260604_133515,AUTO,0,32.19,5.00,-85,87.91,8.04,3.30,5.02,4.96,5.02,0,437,0,288,22.18,1013.00,12.00,405.10,12.52,49.00,1080,0,0,0,0,0
TLM_RCV,-74,FG-ALPHA,20260604_133516,AUTO,0,32.42,5.00,-85,87.97,8.04,3.31,5.02,4.95,5.01,1112,483,0,343,23.15,1013.30,12.10,406.20,12.52,49.00,1080,0,0,0,0,0
TLM_RCV,-67,FG-ALPHA,20260604_133517,AUTO,0,32.49,5.00,-85,88.04,8.04,3.30,5.02,4.97,5.01,1178,497,0,345,23.41,1013.50,11.90,405.10,12.52,49.00,1080,0,0,0,0,0
TLM_RCV,-64,FG-ALPHA,20260604_133518,AUTO,0,33.38,5.00,-85,88.10,8.04,3.31,5.02,4.94,5.02,1077,475,0,330,23.01,1013.30,12.10,405.50,12.52,49.00,1080,0,0,0,0,0
TLM_RCV,-75,FG-ALPHA,20260604_133519,AUTO,0,33.40,5.00,-85,88.16,8.04,3.29,5.02,4.95,5.01,1113,481,0,332,23.16,1012.80,12.00,405.90,12.52,49.00,1080,0,0,0,0,0
TLM_RCV,-56,FG-ALPHA,20260604_133520,AUTO,0,33.44,5.00,-85,88.20,8.04,3.28,5.02,4.95,5.01,874,488,0,332,21.93,1013.50,11.80,405.80,12.52,49.00,1080,0,0,0,0,0
TLM_RCV,-69,FG-ALPHA,20260604_133521,AUTO,0,32.40,5.00,-85,88.27,8.05,3.28,5.02,4.96,5.02,1163,479,0,320,23.42,1012.90,12.00,404.50,12.52,49.00,1080,0,0,0,0,0
TLM_RCV,-86,FG-ALPHA,20260604_133522,AUTO,0,31.17,5.00,-85,88.34,8.06,3.28,5.02,4.95,5.02,1193,433,0,275,23.80,1013.20,11.80,405.80,12.52,49.00,1080,0,0,0,0,0
TLM_RCV,-41,FG-ALPHA,20260604_133523,AUTO,0,31.08,5.00,-85,88.39,8.06,3.31,5.02,4.94,5.01,916,415,0,268,22.50,1013.40,11.90,404.80,12.52,49.00,1080,0,0,0,0,0
TLM_RCV,-44,FG-ALPHA,20260604_133545,AUTO,0,31.45,5.00,-85,15.97,6.31,3.31,5.02,4.95,5.01,905,491,0,342,22.07,1012.80,12.10,405.60,12.55,49.00,1080,0,0,0,0,0
TLM_RCV,-67,FG-ALPHA,20260604_133546,AUTO,0,31.06,5.00,-85,15.93,6.32,3.30,5.02,4.94,5.02,0,411,0,262,22.06,1012.80,11.80,406.20,12.55,49.00,1080,0,0,0,0,0
TLM_RCV,-70,FG-ALPHA,20260604_133547,AUTO,0,31.21,5.00,-85,15.97,6.32,3.31,5.02,4.97,5.02,821,442,0,298,21.90,1013.20,11.80,406.00,12.55,49.00,1080,0,0,0,0,0
TLM_RCV,-90,FG-ALPHA,20260604_133548,AUTO,0,31.36,5.00,-85,15.92,6.31,3.30,5.02,4.95,5.01,0,472,0,330,22.36,1013.50,11.90,405.60,12.55,49.00,1080,0,0,0,0,0
TLM_RCV,-41,FG-ALPHA,20260604_133549,AUTO,0,31.02,5.00,-85,15.99,6.32,3.31,5.02,4.94,5.01,1082,405,0,259,23.39,1013.10,12.10,406.20,12.55,49.00,1080,0,0,0,0,0
TLM_RCV,-69,FG-ALPHA,20260604_133550,AUTO,0,31.11,5.00,-85,16.04,6.32,3.28,5.02,4.96,5.01,970,423,0,264,22.74,1012.80,11.90,405.10,12.55,49.00,1080,0,0,0,0,0
TLM_RCV,-63,FG-ALPHA,20260604_133551,AUTO,0,32.31,5.00,-85,16.10,6.32,3.31,5.02,4.95,5.02,1061,463,0,317,22.99,1013.60,11.90,405.10,12.55,49.00,1080,0,0,0,0,0
TLM_RCV,-40,FG-ALPHA,20260604_133552,AUTO,0,32.25,5.00,-85,16.14,6.32,3.31,5.02,4.96,5.02,865,450,0,301,22.08,1012.70,11.90,405.40,12.55,49.00,1080,0,0,0,0,0
TLM_RCV,-89,FG-ALPHA,20260604_133553,AUTO,0,33.44,5.00,-85,16.20,6.32,3.30,5.02,4.95,5.01,1072,487,0,334,22.92,1013.30,12.00,406.10,12.55,49.00,1080,0,0,0,0,0
TLM_RCV,-81,FG-ALPHA,20260604_133554,AUTO,0,31.33,5.00,-85,16.26,6.32,3.30,5.02,4.96,5.02,1051,467,0,308,22.92,1013.60,11.90,404.50,12.55,49.00,1080,0,0,0,0,0
TLM_RCV,-66,FG-ALPHA,20260604_133555,AUTO,0,32.30,5.00,-85,16.30,6.32,3.30,5.02,4.94,5.02,864,460,0,315,22.02,1012.70,11.90,404.50,12.56,49.00,1080,0,0,0,0,0
TLM_RCV,-80,FG-ALPHA,20260604_133556,AUTO,0,32.24,5.00,-85,16.36,6.33,3.29,5.02,4.94,5.01,1009,448,0,294,22.81,1012.90,12.00,405.70,12.56,49.00,1080,0,0,0,0,0
TLM_RCV,-69,FG-ALPHA,20260604_133557,AUTO,0,33.12,5.00,-85,16.43,6.33,3.28,5.02,4.97,5.02,1155,424,0,269,23.66,1013.10,11.80,405.40,12.56,49.00,1080,0,0,0,0,0
TLM_RCV,-59,FG-ALPHA,20260604_133558,AUTO,0,32.49,5.00,-85,16.49,6.32,3.28,5.02,4.95,5.02,1066,497,0,349,22.84,1012.90,12.00,404.60,12.56,49.00,1080,0,0,0,0,0
TLM_RCV,-65,FG-ALPHA,20260604_133559,AUTO,0,33.37,5.00,-85,16.53,6.33,3.29,5.02,4.95,5.01,911,473,0,326,22.19,1013.20,11.90,404.80,12.56,49.00,1080,0,0,0,0,0
TLM_RCV,-65,FG-ALPHA,20260604_133600,AUTO,0,32.46,5.00,-85,16.56,6.32,3.29,5.02,4.97,5.02,825,491,0,349,21.67,1013.40,12.00,404.50,12.56,49.00,1080,0,0,0,0,0
TLM_RCV,-55,FG-ALPHA,20260604_133601,AUTO,0,33.15,5.00,-85,16.64,6.33,3.29,5.02,4.97,5.02,1163,430,0,272,23.66,1012.80,11.90,405.60,12.56,49.00,1080,0,0,0,0,0
TLM_RCV,-56,FG-ALPHA,20260604_133602,AUTO,0,31.39,5.00,-85,16.69,6.33,3.29,5.02,4.96,5.01,1046,477,0,320,22.84,1013.30,11.90,404.70,12.56,49.00,1080,0,0,0,0,0
TLM_RCV,-62,FG-ALPHA,20260604_133603,AUTO,0,33.03,5.00,-85,16.74,6.34,3.29,5.02,4.95,5.02,867,405,0,264,22.31,1013.60,11.90,405.90,12.56,49.00,1080,0,0,0,0,0
TLM_RCV,-90,FG-ALPHA,20260604_133604,AUTO,0,32.36,5.00,-85,16.81,6.33,3.29,5.02,4.97,5.01,1183,472,0,328,23.56,1012.80,11.90,405.10,12.56,49.00,1080,0,0,0,0,0
TLM_RCV,-50,FG-ALPHA,20260604_133605,AUTO,0,32.96,5.00,-85,16.88,6.35,3.30,5.02,4.94,5.01,1056,392,0,251,23.32,1013.40,12.00,406.40,12.57,49.00,1080,0,0,0,0,0
TLM_RCV,-82,FG-ALPHA,20260604_133606,AUTO,0,32.46,5.00,-85,16.95,6.33,3.28,5.02,4.97,5.02,1166,492,0,346,23.37,1012.70,11.80,405.00,12.57,49.00,1080,0,0,0,0,0
TLM_RCV,-78,FG-ALPHA,20260604_133607,AUTO,0,31.15,5.00,-85,16.90,6.34,3.29,5.02,4.94,5.02,0,430,0,286,22.15,1012.70,12.00,405.90,12.57,49.00,1080,0,0,0,0,0
TLM_RCV,-75,FG-ALPHA,20260604_133608,AUTO,0,32.46,5.00,-85,16.96,6.33,3.30,5.02,4.97,5.02,1099,491,0,339,23.04,1012.80,11.90,406.00,12.57,49.00,1080,0,0,0,0,0
TLM_RCV,-93,FG-ALPHA,20260604_133609,AUTO,0,31.51,5.00,-85,17.01,6.33,3.31,5.02,4.97,5.01,991,502,0,346,22.44,1013.10,12.10,404.70,12.57,49.00,1080,0,0,0,0,0
TLM_RCV,-79,FG-ALPHA,20260604_133610,AUTO,0,33.10,5.00,-85,17.06,6.35,3.28,5.02,4.97,5.01,913,419,0,265,22.47,1013.60,12.00,404.50,12.57,49.00,1080,0,0,0,0,0
TLM_RCV,-91,FG-ALPHA,20260604_133611,AUTO,0,33.11,5.00,-85,15.07,6.30,3.30,5.02,4.97,5.01,1089,422,0,280,23.33,1013.50,11.90,406.40,12.57,49.00,1080,0,0,0,0,0
TLM_RCV,-85,FG-ALPHA,20260604_133612,AUTO,0,32.35,5.00,-85,15.02,6.29,3.30,5.02,4.95,5.01,0,470,0,330,22.35,1013.00,11.90,404.80,12.57,49.00,1080,0,0,0,0,0
TLM_RCV,-75,FG-ALPHA,20260604_133613,AUTO,0,32.31,5.00,-85,15.08,6.29,3.31,5.02,4.94,5.01,1033,463,0,318,22.85,1013.20,12.10,404.70,12.57,49.00,1080,0,0,0,0,0
TLM_RCV,-42,FG-ALPHA,20260604_133614,AUTO,0,31.24,5.00,-85,15.15,6.30,3.30,5.02,4.94,5.01,1191,448,0,307,23.72,1013.50,12.10,404.50,12.57,49.00,1080,0,0,0,0,0
TLM_RCV,-88,FG-ALPHA,20260604_133615,AUTO,0,31.08,5.00,-85,15.22,6.30,3.29,5.02,4.95,5.01,1129,417,0,265,23.56,1013.60,11.80,404.90,12.58,49.00,1080,0,0,0,0,0
TLM_RCV,-58,FG-ALPHA,20260604_133616,AUTO,0,32.24,5.00,-85,15.27,6.30,3.30,5.02,4.95,5.02,923,447,0,303,22.38,1013.00,12.10,405.10,12.58,49.00,1080,0,0,0,0,0
TLM_RCV,-47,FG-ALPHA,20260604_133617,AUTO,0,33.44,5.00,-85,15.34,6.29,3.31,5.02,4.96,5.02,1151,488,0,341,23.32,1013.10,11.90,405.20,12.58,49.00,1080,0,0,0,0,0
TLM_RCV,-50,FG-ALPHA,20260604_133618,AUTO,0,33.19,5.00,-85,15.41,6.30,3.31,5.02,4.97,5.02,1145,439,0,297,23.53,1013.40,12.00,406.40,12.58,49.00,1080,0,0,0,0,0
TLM_RCV,-76,FG-ALPHA,20260604_133619,AUTO,0,32.21,5.00,-85,15.36,6.30,3.29,5.02,4.97,5.01,0,441,0,301,22.20,1013.50,12.00,404.70,12.58,49.00,1080,0,0,0,0,0
TLM_RCV,-77,FG-ALPHA,20260604_133620,AUTO,0,32.31,5.00,-85,15.41,6.30,3.30,5.02,4.96,5.01,917,463,0,310,22.27,1013.50,11.90,405.90,12.58,49.00,1080,0,0,0,0,0
TLM_RCV,-92,FG-ALPHA,20260604_133621,AUTO,0,32.31,5.00,-85,15.48,6.30,3.29,5.02,4.97,5.02,1193,462,0,316,23.66,1013.40,11.80,404.70,12.58,49.00,1080,0,0,0,0,0
TLM_RCV,-69,FG-ALPHA,20260604_133622,AUTO,0,33.19,5.00,-85,15.52,6.31,3.31,5.02,4.95,5.01,851,439,0,290,22.06,1013.10,11.90,404.90,12.58,49.00,1080,0,0,0,0,0
TLM_RCV,-60,FG-ALPHA,20260604_133623,AUTO,0,33.35,5.00,-85,15.57,6.30,3.30,5.02,4.94,5.01,921,471,0,315,22.25,1013.60,11.90,405.50,12.58,49.00,1080,0,0,0,0,0
TLM_RCV,-49,FG-ALPHA,20260604_133624,AUTO,0,31.40,5.00,-85,15.63,6.30,3.29,5.02,4.95,5.01,1121,480,0,326,23.20,1013.00,12.10,405.30,12.58,49.00,1080,0,0,0,0,0
TLM_RCV,-94,FG-ALPHA,20260604_133625,AUTO,0,33.22,5.00,-85,15.68,6.31,3.29,5.02,4.96,5.01,891,444,0,292,22.24,1013.50,11.90,406.20,12.59,49.00,1080,0,0,0,0,0
TLM_RCV,-57,FG-ALPHA,20260604_133647,AUTO,0,31.28,5.00,-85,15.14,6.29,3.31,5.02,4.96,5.02,1176,457,0,314,23.59,1013.50,12.00,404.60,12.61,49.00,1080,0,0,0,0,0
TLM_RCV,-55,FG-ALPHA,20260604_133648,AUTO,0,31.45,5.00,-85,15.19,6.29,3.28,5.02,4.97,5.02,1014,490,0,349,22.62,1013.60,11.80,405.60,12.61,49.00,1080,0,0,0,0,0
TLM_RCV,-79,FG-ALPHA,20260604_133649,AUTO,0,31.44,5.00,-85,15.24,6.29,3.31,5.02,4.97,5.01,954,489,0,340,22.33,1013.20,11.90,405.00,12.61,49.00,1080,0,0,0,0,0
TLM_RCV,-73,FG-ALPHA,20260604_133650,AUTO,0,33.13,5.00,-85,15.29,6.30,3.28,5.02,4.97,5.01,891,427,0,274,22.32,1013.60,12.00,406.20,12.61,49.00,1080,0,0,0,0,0
TLM_RCV,-66,FG-ALPHA,20260604_133651,AUTO,0,33.19,5.00,-85,15.33,6.30,3.31,5.02,4.97,5.02,867,439,0,293,22.14,1012.80,12.10,405.20,12.61,49.00,1080,0,0,0,0,0
TLM_RCV,-70,FG-ALPHA,20260604_133652,AUTO,0,32.24,5.00,-85,15.39,6.30,3.30,5.02,4.97,5.01,1016,448,0,295,22.84,1013.00,12.10,405.60,12.61,49.00,1080,0,0,0,0,0
TLM_RCV,-51,FG-ALPHA,20260604_133653,AUTO,0,31.49,5.00,-85,15.34,6.29,3.29,5.02,4.95,5.01,0,497,0,344,22.49,1013.10,11.80,406.20,12.61,49.00,1080,0,0,0,0,0
TLM_RCV,-69,FG-ALPHA,20260604_133654,AUTO,0,31.39,5.00,-85,15.37,6.30,3.30,5.02,4.96,5.02,810,477,0,333,21.67,1012.80,11.80,405.60,12.61,49.00,1080,0,0,0,0,0
TLM_RCV,-70,FG-ALPHA,20260604_133655,AUTO,0,33.26,5.00,-85,15.44,6.30,3.28,5.02,4.97,5.01,1137,451,0,300,23.43,1013.30,12.10,405.20,12.62,49.00,1080,0,0,0,0,0
TLM_RCV,-50,FG-ALPHA,20260604_133656,AUTO,0,31.35,5.00,-85,15.50,6.30,3.28,5.02,4.97,5.01,1121,471,0,317,23.25,1013.50,12.10,405.30,12.62,49.00,1080,0,0,0,0,0
TLM_RCV,-95,FG-ALPHA,20260604_133657,AUTO,0,33.08,5.00,-85,15.46,6.31,3.29,5.02,4.97,5.01,0,417,0,264,22.08,1013.60,12.00,404.80,12.62,49.00,1080,0,0,0,0,0
TLM_RCV,-46,FG-ALPHA,20260604_133658,AUTO,0,32.28,5.00,-85,15.52,6.30,3.28,5.02,4.94,5.01,1013,457,0,310,22.78,1013.50,12.10,406.20,12.62,49.00,1080,0,0,0,0,0
TLM_RCV,-77,FG-ALPHA,20260604_133659,AUTO,0,31.39,5.00,-85,15.57,6.30,3.28,5.02,4.96,5.02,980,477,0,323,22.51,1013.30,12.10,405.10,12.62,49.00,1080,0,0,0,0,0
TLM_RCV,-74,FG-ALPHA,20260604_133700,AUTO,0,32.44,5.00,-85,15.61,6.30,3.29,5.02,4.94,5.01,912,487,0,329,22.12,1013.40,12.10,404.90,12.62,49.00,1080,0,0,0,0,0
TLM_RCV,-40,FG-ALPHA,20260604_133701,AUTO,0,32.29,5.00,-85,15.66,6.31,3.29,5.02,4.95,5.02,974,458,0,302,22.58,1012.80,12.00,405.80,12.62,49.00,1080,0,0,0,0,0
TLM_RCV,-50,FG-ALPHA,20260604_133702,AUTO,0,32.44,5.00,-85,15.69,6.30,3.28,5.02,4.96,5.01,825,487,0,334,21.69,1013.00,12.10,405.20,12.62,49.00,1080,0,0,0,0,0
TLM_RCV,-44,FG-ALPHA,20260604_133703,AUTO,0,32.26,5.00,-85,15.76,6.31,3.28,5.02,4.94,5.02,1136,451,0,306,23.42,1013.20,11.90,406.40,12.62,49.00,1080,0,0,0,0,0
TLM_RCV,-59,FG-ALPHA,20260604_133704,AUTO,0,31.06,5.00,-85,15.82,6.32,3.31,5.02,4.95,5.02,929,412,0,260,22.59,1013.60,12.00,405.30,12.62,49.00,1080,0,0,0,0,0
TLM_RCV,-54,FG-ALPHA,20260604_133705,AUTO,0,31.08,5.00,-85,15.88,6.32,3.28,5.02,4.97,5.02,1047,415,0,260,23.16,1013.60,11.80,406.00,12.63,49.00,1080,0,0,0,0,0
TLM_RCV,-70,FG-ALPHA,20260604_133706,AUTO,0,31.35,5.00,-85,15.92,6.31,3.31,5.02,4.97,5.02,878,471,0,325,22.03,1012.70,12.10,406.20,12.63,49.00,1080,0,0,0,0,0
TLM_RCV,-48,FG-ALPHA,20260604_133707,AUTO,0,33.38,5.00,-85,15.87,6.31,3.28,5.02,4.97,5.02,0,477,0,334,22.39,1013.20,11.90,405.00,12.63,49.00,1080,0,0,0,0,0
TLM_RCV,-43,FG-ALPHA,20260604_133708,AUTO,0,31.49,5.00,-85,15.82,6.31,3.28,5.02,4.94,5.01,0,498,0,342,22.49,1012.90,11.90,406.10,12.63,49.00,1080,0,0,0,0,0
TLM_RCV,-95,FG-ALPHA,20260604_133709,AUTO,0,32.52,5.00,-85,15.85,6.30,3.30,5.02,4.94,5.01,826,504,0,346,21.61,1013.00,12.10,404.50,12.63,49.00,1080,0,0,0,0,0
TLM_RCV,-66,FG-ALPHA,20260604_133710,AUTO,0,33.23,5.00,-85,15.90,6.31,3.31,5.02,4.94,5.01,958,446,0,301,22.56,1012.90,11.90,404.50,12.63,49.00,1080,0,0,0,0,0
TLM_RCV,-59,FG-ALPHA,20260604_133711,AUTO,0,32.46,5.00,-85,15.96,6.31,3.29,5.02,4.95,5.01,1006,492,0,339,22.57,1013.10,12.00,405.50,12.63,49.00,1080,0,0,0,0,0
TLM_RCV,-47,FG-ALPHA,20260604_133712,AUTO,0,31.97,5.00,-85,16.01,6.33,3.28,5.02,4.95,5.01,968,393,0,252,22.87,1013.10,11.90,405.50,12.63,49.00,1080,0,0,0,0,0
TLM_RCV,-92,FG-ALPHA,20260604_133713,AUTO,0,31.32,5.00,-85,16.05,6.32,3.28,5.02,4.94,5.01,821,463,0,313,21.79,1013.50,12.00,405.10,12.63,49.00,1080,0,0,0,0,0
TLM_RCV,-75,FG-ALPHA,20260604_133714,AUTO,0,33.47,5.00,-85,16.12,6.31,3.30,5.02,4.94,5.02,1156,493,0,347,23.32,1012.90,11.80,406.30,12.63,49.00,1080,0,0,0,0,0
TLM_RCV,-67,FG-ALPHA,20260604_133715,AUTO,0,33.10,5.00,-85,16.15,6.32,3.29,5.02,4.97,5.02,805,419,0,275,21.93,1012.90,12.00,405.10,12.64,49.00,1080,0,0,0,0,0
TLM_RCV,-62,FG-ALPHA,20260604_133716,AUTO,0,31.23,5.00,-85,16.19,6.32,3.30,5.02,4.97,5.02,817,446,0,290,21.85,1013.40,12.00,404.60,12.64,49.00,1080,0,0,0,0,0
TLM_RCV,-82,FG-ALPHA,20260604_133717,AUTO,0,32.26,5.00,-85,16.26,6.32,3.29,5.02,4.96,5.02,1179,452,0,308,23.64,1013.00,12.00,405.20,12.64,49.00,1080,0,0,0,0,0
TLM_RCV,-46,FG-ALPHA,20260604_133718,AUTO,0,31.03,5.00,-85,16.34,6.33,3.31,5.02,4.96,5.01,1192,406,0,261,23.93,1012.80,11.90,404.90,12.64,49.00,1080,0,0,0,0,0
TLM_RCV,-61,FG-ALPHA,20260604_133719,AUTO,0,31.05,5.00,-85,16.40,6.33,3.29,5.02,4.95,5.01,1000,410,0,258,22.95,1013.00,11.80,405.00,12.64,49.00,1080,0,0,0,0,0
TLM_RCV,-41,FG-ALPHA,20260604_133720,AUTO,0,33.46,5.00,-85,16.47,6.32,3.29,5.02,4.96,5.01,1174,491,0,345,23.42,1013.40,11.90,406.00,12.64,49.00,1080,0,0,0,0,0
TLM_RCV,-56,FG-ALPHA,20260604_133721,AUTO,0,31.24,5.00,-85,16.51,6.33,3.30,5.02,4.97,5.01,891,448,0,290,22.22,1012.80,11.80,405.40,12.64,49.00,1080,0,0,0,0,0
TLM_RCV,-81,FG-ALPHA,20260604_133722,AUTO,0,31.37,5.00,-85,16.55,6.33,3.28,5.02,4.95,5.02,875,474,0,327,22.00,1013.40,12.00,406.10,12.64,49.00,1080,0,0,0,0,0
TLM_RCV,-59,FG-ALPHA,20260604_133723,AUTO,0,33.26,5.00,-85,16.61,6.33,3.30,5.02,4.96,5.01,991,453,0,298,22.69,1013.50,11.80,405.30,12.64,49.00,1080,0,0,0,0,0
TLM_RCV,-42,FG-ALPHA,20260604_133724,AUTO,0,33.35,5.00,-85,16.66,6.33,3.29,5.02,4.94,5.01,952,470,0,330,22.41,1013.00,12.10,405.30,12.64,49.00,1080,0,0,0,0,0
TLM_RCV,-53,FG-ALPHA,20260604_133725,AUTO,0,33.21,5.00,-85,16.73,6.34,3.30,5.02,4.96,5.01,1164,441,0,300,23.61,1013.60,12.00,405.80,12.65,49.00,1080,0,0,0,0,0
TLM_RCV,-91,FG-ALPHA,20260604_133726,AUTO,0,32.31,5.00,-85,16.79,6.33,3.28,5.02,4.97,5.01,1115,462,0,307,23.26,1013.40,12.00,405.10,12.65,49.00,1080,0,0,0,0,0
TLM_RCV,-41,FG-ALPHA,20260604_133727,AUTO,0,33.29,5.00,-85,16.85,6.34,3.31,5.02,4.94,5.01,1043,458,0,299,22.92,1012.70,12.00,405.40,12.65,49.00,1080,0,0,0,0,0
TLM_RCV,-52,FG-ALPHA,20260604_133749,AUTO,0,33.17,5.00,-85,17.66,6.36,3.31,5.02,4.95,5.02,0,433,0,285,22.17,1013.40,11.90,405.40,12.67,49.00,1080,0,0,0,0,0
TLM_RCV,-61,FG-ALPHA,20260604_133750,AUTO,0,32.44,5.00,-85,17.72,6.35,3.30,5.02,4.97,5.01,1149,489,0,346,23.30,1012.80,12.10,406.10,12.67,49.00,1080,0,0,0,0,0
TLM_RCV,-58,FG-ALPHA,20260604_133751,AUTO,0,30.99,5.00,-85,17.80,6.37,3.30,5.02,4.97,5.01,1137,397,0,256,23.70,1013.20,11.90,405.70,12.67,49.00,1080,0,0,0,0,0
TLM_RCV,-48,FG-ALPHA,20260604_133752,AUTO,0,33.15,5.00,-85,17.87,6.36,3.28,5.02,4.94,5.02,1119,430,0,278,23.44,1013.10,12.10,404.60,12.67,49.00,1080,0,0,0,0,0
TLM_RCV,-68,FG-ALPHA,20260604_133753,AUTO,0,32.42,5.00,-85,17.90,6.36,3.31,5.02,4.95,5.01,864,483,0,331,21.91,1012.80,11.90,405.70,12.67,49.00,1080,0,0,0,0,0
TLM_RCV,-46,FG-ALPHA,20260604_133754,AUTO,0,31.51,5.00,-85,17.95,6.36,3.30,5.02,4.96,5.01,978,502,0,344,22.38,1013.60,11.90,405.90,12.67,49.00,1080,0,0,0,0,0
TLM_RCV,-48,FG-ALPHA,20260604_133755,AUTO,0,32.19,5.00,-85,18.01,6.37,3.28,5.02,4.94,5.02,976,439,0,280,22.68,1013.00,11.80,405.70,12.68,49.00,1080,0,0,0,0,0
TLM_RCV,-52,FG-ALPHA,20260604_133756,AUTO,0,31.22,5.00,-85,18.04,6.37,3.31,5.02,4.94,5.01,811,443,0,287,21.84,1013.60,11.90,405.70,12.68,49.00,1080,0,0,0,0,0
TLM_RCV,-78,FG-ALPHA,20260604_133757,AUTO,0,33.11,5.00,-85,18.09,6.37,3.30,5.02,4.97,5.01,869,422,0,269,22.24,1013.10,11.80,406.00,12.68,49.00,1080,0,0,0,0,0
TLM_RCV,-46,FG-ALPHA,20260604_133758,AUTO,0,33.44,5.00,-85,18.14,6.36,3.30,5.02,4.94,5.02,1020,489,0,337,22.66,1012.70,12.10,405.10,12.68,49.00,1080,0,0,0,0,0
TLM_RCV,-41,FG-ALPHA,20260604_133759,AUTO,0,31.31,5.00,-85,18.18,6.37,3.30,5.02,4.96,5.02,879,461,0,320,22.09,1013.00,12.10,406.20,12.68,49.00,1080,0,0,0,0,0
TLM_RCV,-82,FG-ALPHA,20260604_133800,AUTO,0,32.50,5.00,-85,18.24,6.36,3.31,5.02,4.95,5.02,1031,500,0,341,22.66,1013.10,11.80,405.70,12.68,49.00,1080,0,0,0,0,0
TLM_RCV,-59,FG-ALPHA,20260604_133801,AUTO,0,32.47,5.00,-85,18.28,6.36,3.29,5.02,4.96,5.01,897,495,0,339,22.01,1013.00,12.10,404.50,12.68,49.00,1080,0,0,0,0,0
TLM_RCV,-91,FG-ALPHA,20260604_133802,AUTO,0,33.13,5.00,-85,18.23,6.37,3.29,5.02,4.94,5.01,0,425,0,282,22.12,1013.40,11.90,404.50,12.68,49.00,1080,0,0,0,0,0
TLM_RCV,-71,FG-ALPHA,20260604_133803,AUTO,0,33.32,5.00,-85,18.29,6.37,3.29,5.02,4.96,5.02,1026,464,0,308,22.81,1013.30,11.80,405.10,12.68,49.00,1080,0,0,0,0,0
TLM_RCV,-60,FG-ALPHA,20260604_133804,AUTO,0,32.15,5.00,-85,18.35,6.38,3.31,5.02,4.94,5.01,1069,431,0,286,23.19,1013.00,12.00,405.90,12.68,49.00,1080,0,0,0,0,0
TLM_RCV,-56,FG-ALPHA,20260604_133805,AUTO,0,31.05,5.00,-85,18.42,6.38,3.31,5.02,4.94,5.01,1085,409,0,253,23.38,1013.40,11.80,406.00,12.69,49.00,1080,0,0,0,0,0
TLM_RCV,-84,FG-ALPHA,20260604_133806,AUTO,0,32.38,5.00,-85,18.45,6.37,3.31,5.02,4.97,5.01,800,477,0,333,21.61,1013.40,11.90,406.30,12.69,49.00,1080,0,0,0,0,0
TLM_RCV,-61,FG-ALPHA,20260604_133807,AUTO,0,33.10,5.00,-85,18.41,6.38,3.29,5.02,4.97,5.02,0,419,0,266,22.09,1013.20,11.90,405.30,12.69,49.00,1080,0,0,0,0,0
TLM_RCV,-65,FG-ALPHA,20260604_133808,AUTO,0,31.17,5.00,-85,18.47,6.38,3.28,5.02,4.97,5.02,1058,433,0,283,23.12,1013.40,11.80,406.10,12.69,49.00,1080,0,0,0,0,0
TLM_RCV,-73,FG-ALPHA,20260604_133809,AUTO,0,33.38,5.00,-85,18.52,6.37,3.31,5.02,4.97,5.02,992,476,0,331,22.58,1013.50,12.10,404.60,12.69,49.00,1080,0,0,0,0,0
TLM_RCV,-85,FG-ALPHA,20260604_133810,AUTO,0,31.48,5.00,-85,18.59,6.37,3.28,5.02,4.97,5.01,1190,496,0,344,23.47,1012.90,11.90,406.10,12.69,49.00,1080,0,0,0,0,0
TLM_RCV,-66,FG-ALPHA,20260604_133811,AUTO,0,31.01,5.00,-85,18.67,6.39,3.30,5.02,4.96,5.02,1139,403,0,252,23.68,1013.60,11.90,405.90,12.69,49.00,1080,0,0,0,0,0
TLM_RCV,-76,FG-ALPHA,20260604_133812,AUTO,0,33.00,5.00,-85,18.74,6.39,3.29,5.02,4.97,5.01,1083,400,0,260,23.42,1013.20,11.80,404.60,12.69,49.00,1080,0,0,0,0,0
TLM_RCV,-42,FG-ALPHA,20260604_133813,AUTO,0,33.04,5.00,-85,18.80,6.39,3.30,5.02,4.97,5.02,1019,408,0,264,23.06,1012.70,11.80,406.20,12.69,49.00,1080,0,0,0,0,0
TLM_RCV,-43,FG-ALPHA,20260604_133814,AUTO,0,32.08,5.00,-85,18.76,6.39,3.28,5.02,4.94,5.02,0,415,0,256,22.08,1012.70,11.80,405.30,12.69,49.00,1080,0,0,0,0,0
TLM_RCV,-70,FG-ALPHA,20260604_133815,AUTO,0,31.37,5.00,-85,18.82,6.38,3.28,5.02,4.97,5.02,1159,475,0,327,23.42,1013.40,12.00,406.40,12.70,49.00,1080,0,0,0,0,0
TLM_RCV,-89,FG-ALPHA,20260604_133816,AUTO,0,32.33,5.00,-85,18.89,6.38,3.31,5.02,4.94,5.02,1154,467,0,310,23.43,1013.10,11.90,406.30,12.70,49.00,1080,0,0,0,0,0
TLM_RCV,-76,FG-ALPHA,20260604_133817,AUTO,0,33.44,5.00,-85,18.94,6.38,3.29,5.02,4.95,5.01,974,489,0,331,22.42,1012.80,12.10,405.50,12.70,49.00,1080,0,0,0,0,0
TLM_RCV,-67,FG-ALPHA,20260604_133818,AUTO,0,33.31,5.00,-85,18.99,6.39,3.28,5.02,4.94,5.01,908,463,0,309,22.23,1013.50,11.90,405.70,12.70,49.00,1080,0,0,0,0,0
TLM_RCV,-84,FG-ALPHA,20260604_133819,AUTO,0,31.44,5.00,-85,19.05,6.38,3.28,5.02,4.94,5.01,1102,488,0,330,23.07,1013.20,11.90,404.60,12.70,49.00,1080,0,0,0,0,0
TLM_RCV,-86,FG-ALPHA,20260604_133820,AUTO,0,31.44,5.00,-85,19.00,6.38,3.31,5.02,4.97,5.01,0,489,0,349,22.44,1012.90,12.00,405.80,12.70,49.00,1080,0,0,0,0,0
TLM_RCV,-50,FG-ALPHA,20260604_133821,AUTO,0,31.52,5.00,-85,18.95,6.38,3.29,5.02,4.97,5.01,0,504,0,346,22.52,1013.10,11.80,406.00,12.70,49.00,1080,0,0,0,0,0
TLM_RCV,-83,FG-ALPHA,20260604_133822,AUTO,0,33.46,5.00,-85,18.98,6.38,3.30,5.02,4.96,5.01,850,491,0,341,21.80,1013.20,11.80,405.40,12.70,49.00,1080,0,0,0,0,0
TLM_RCV,-69,FG-ALPHA,20260604_133823,AUTO,0,33.28,5.00,-85,18.94,6.39,3.28,5.02,4.97,5.02,0,457,0,315,22.28,1013.60,11.80,406.30,12.70,49.00,1080,0,0,0,0,0
TLM_RCV,-48,FG-ALPHA,20260604_133824,AUTO,0,32.42,5.00,-85,18.99,6.38,3.30,5.02,4.94,5.02,1003,484,0,333,22.59,1013.30,12.00,404.50,12.70,49.00,1080,0,0,0,0,0
TLM_RCV,-83,FG-ALPHA,20260604_133825,AUTO,0,31.38,5.00,-85,19.03,6.39,3.28,5.02,4.95,5.02,891,476,0,329,22.08,1012.90,11.80,406.10,12.71,49.00,1080,0,0,0,0,0
TLM_RCV,-92,FG-ALPHA,20260604_133826,AUTO,0,31.42,5.00,-85,19.08,6.39,3.29,5.02,4.95,5.01,940,485,0,334,22.27,1013.40,12.10,405.10,12.71,49.00,1080,0,0,0,0,0
TLM_RCV,-91,FG-ALPHA,20260604_133827,AUTO,0,32.08,5.00,-85,19.13,6.40,3.29,5.02,4.95,5.01,974,415,0,267,22.80,1012.80,12.00,404.80,12.71,49.00,1080,0,0,0,0,0
TLM_RCV,-69,FG-ALPHA,20260604_133828,AUTO,0,32.19,5.00,-85,19.09,6.39,3.28,5.02,4.94,5.01,0,439,0,281,22.19,1013.40,11.90,406.40,12.71,49.00,1080,0,0,0,0,0
TLM_RCV,-46,FG-ALPHA,20260604_133829,AUTO,0,32.45,5.00,-85,19.14,6.39,3.28,5.02,4.96,5.02,960,490,0,344,22.35,1012.90,11.90,406.20,12.71,49.00,1080,0,0,0,0,0
TLM_RCV,-41,FG-ALPHA,20260604_133851,AUTO,0,32.19,5.00,-85,20.36,6.42,3.29,5.02,4.95,5.01,1115,438,0,292,23.39,1013.60,12.00,405.10,12.73,49.00,1080,0,0,0,0,0
TLM_RCV,-51,FG-ALPHA,20260604_133852,AUTO,0,31.34,5.00,-85,20.40,6.42,3.29,5.02,4.96,5.02,837,469,0,324,21.84,1012.80,12.00,404.50,12.73,49.00,1080,0,0,0,0,0
TLM_RCV,-76,FG-ALPHA,20260604_133853,AUTO,0,33.31,5.00,-85,20.44,6.42,3.28,5.02,4.96,5.02,912,461,0,313,22.25,1012.90,11.90,405.30,12.73,49.00,1080,0,0,0,0,0
TLM_RCV,-67,FG-ALPHA,20260604_133854,AUTO,0,33.04,5.00,-85,20.48,6.43,3.31,5.02,4.96,5.01,822,409,0,267,22.07,1013.30,11.90,405.20,12.73,49.00,1080,0,0,0,0,0
TLM_RCV,-87,FG-ALPHA,20260604_133855,AUTO,0,31.10,5.00,-85,20.56,6.43,3.29,5.02,4.95,5.02,1188,420,0,271,23.84,1013.50,12.10,405.90,12.74,49.00,1080,0,0,0,0,0
TLM_RCV,-50,FG-ALPHA,20260604_133856,AUTO,0,33.28,5.00,-85,20.60,6.43,3.28,5.02,4.96,5.01,869,456,0,312,22.07,1012.70,12.00,404.70,12.74,49.00,1080,0,0,0,0,0
TLM_RCV,-57,FG-ALPHA,20260604_133857,AUTO,1,35.33,6.50,-85,20.61,6.33,3.29,4.89,4.96,5.02,1152,1065,606,303,20.43,1013.20,11.90,406.30,12.74,49.15,1080,0,0,1,1,1
TLM_RCV,-81,FG-ALPHA,20260604_133858,AUTO,1,35.85,8.00,-85,20.59,6.32,3.29,4.86,4.97,5.02,953,1169,755,274,21.08,1013.40,11.90,406.00,12.74,49.30,1080,1,1,1,0,0
TLM_RCV,-84,FG-ALPHA,20260604_133859,AUTO,1,34.76,9.50,-85,20.58,6.32,3.29,4.88,4.96,5.01,1006,1151,711,296,20.73,1013.30,11.80,406.10,12.74,49.45,1080,0,0,0,0,0
TLM_RCV,-78,FG-ALPHA,20260604_133900,AUTO,1,35.27,11.00,-85,20.56,6.34,3.31,4.88,4.95,5.02,904,1054,653,258,20.75,1012.80,12.10,405.80,12.74,49.60,1080,0,0,0,0,0
TLM_RCV,-74,FG-ALPHA,20260604_133901,AUTO,1,35.18,12.50,-85,20.56,6.34,3.29,4.87,4.96,5.01,1025,1036,602,285,20.06,1013.30,12.00,406.10,12.74,49.75,1080,0,0,0,0,0
TLM_RCV,-46,FG-ALPHA,20260604_133902,AUTO,0,33.00,10.50,-85,20.64,6.44,3.29,5.02,4.97,5.02,1186,400,0,250,23.93,1013.40,12.10,404.60,12.74,49.75,1080,0,0,0,0,0
TLM_RCV,-51,FG-ALPHA,20260604_133903,AUTO,0,32.15,8.50,-85,20.68,6.43,3.31,5.02,4.94,5.01,841,429,0,281,22.06,1013.20,11.90,405.50,12.74,49.75,1080,0,0,0,0,0
TLM_RCV,-76,FG-ALPHA,20260604_133904,AUTO,0,33.15,6.50,-85,20.72,6.43,3.30,5.02,4.97,5.02,885,430,0,284,22.27,1013.00,11.80,405.60,12.74,49.75,1080,0,0,0,0,0
TLM_RCV,-70,FG-ALPHA,20260604_133905,AUTO,0,32.31,5.00,-85,20.77,6.43,3.29,5.02,4.95,5.02,898,462,0,315,22.18,1013.60,12.10,405.30,12.75,49.75,1080,0,0,0,0,0
TLM_RCV,-86,FG-ALPHA,20260604_133906,AUTO,0,31.09,5.00,-85,20.82,6.44,3.28,5.02,4.97,5.02,952,418,0,275,22.67,1013.50,11.80,404.90,12.75,49.75,1080,0,0,0,0,0
TLM_RCV,-83,FG-ALPHA,20260604_133907,AUTO,0,31.02,5.00,-85,20.78,6.44,3.30,5.02,4.97,5.01,0,405,0,251,22.02,1013.10,11.90,405.10,12.75,49.75,1080,0,0,0,0,0
TLM_RCV,-70,FG-ALPHA,20260604_133908,AUTO,0,31.40,5.00,-85,20.82,6.43,3.31,5.02,4.94,5.02,881,479,0,339,22.01,1012.90,12.00,405.90,12.75,49.75,1080,0,0,0,0,0
TLM_RCV,-87,FG-ALPHA,20260604_133909,AUTO,0,31.46,5.00,-85,20.77,6.42,3.31,5.02,4.97,5.01,0,492,0,339,22.46,1013.30,11.90,404.60,12.75,49.75,1080,0,0,0,0,0
TLM_RCV,-42,FG-ALPHA,20260604_133910,AUTO,0,33.17,5.00,-85,20.83,6.44,3.30,5.02,4.94,5.01,1044,433,0,284,23.06,1013.60,11.80,404.80,12.75,49.75,1080,0,0,0,0,0
TLM_RCV,-56,FG-ALPHA,20260604_133911,AUTO,0,33.24,5.00,-85,20.79,6.43,3.30,5.02,4.95,5.02,0,447,0,305,22.24,1012.70,12.10,405.20,12.75,49.75,1080,0,0,0,0,0
TLM_RCV,-45,FG-ALPHA,20260604_133912,AUTO,0,32.20,5.00,-85,20.83,6.43,3.31,5.02,4.94,5.01,873,440,0,281,22.17,1013.50,12.00,404.90,12.75,49.75,1080,0,0,0,0,0
TLM_RCV,-67,FG-ALPHA,20260604_133913,AUTO,0,32.12,5.00,-85,20.89,6.44,3.30,5.02,4.94,5.01,966,424,0,283,22.71,1012.80,11.80,404.60,12.75,49.75,1080,0,0,0,0,0
TLM_RCV,-62,FG-ALPHA,20260604_133914,AUTO,0,33.35,5.00,-85,20.84,6.43,3.30,5.02,4.95,5.02,0,470,0,330,22.35,1013.50,11.90,405.70,12.75,49.75,1080,0,0,0,0,0
TLM_RCV,-46,FG-ALPHA,20260604_133915,AUTO,0,31.17,5.00,-85,20.90,6.44,3.30,5.02,4.97,5.02,1002,435,0,279,22.83,1012.70,12.00,405.20,12.76,49.75,1080,0,0,0,0,0
TLM_RCV,-50,FG-ALPHA,20260604_133916,AUTO,0,33.38,5.00,-85,20.94,6.43,3.28,5.02,4.97,5.02,877,475,0,324,22.01,1013.20,12.00,405.50,12.76,49.75,1080,0,0,0,0,0
TLM_RCV,-54,FG-ALPHA,20260604_133917,AUTO,0,32.95,5.00,-85,20.99,6.45,3.29,5.02,4.95,5.02,913,390,0,250,22.61,1013.60,11.90,405.40,12.76,49.75,1080,0,0,0,0,0
TLM_RCV,-52,FG-ALPHA,20260604_133918,AUTO,0,33.08,5.00,-85,20.95,6.44,3.28,5.02,4.96,5.01,0,415,0,258,22.08,1012.70,11.80,406.30,12.76,49.75,1080,0,0,0,0,0
TLM_RCV,-76,FG-ALPHA,20260604_133919,AUTO,0,33.33,5.00,-85,20.98,6.43,3.31,5.02,4.94,5.01,846,466,0,313,21.90,1013.60,12.10,406.40,12.76,49.75,1080,0,0,0,0,0
TLM_RCV,-87,FG-ALPHA,20260604_133920,AUTO,0,33.14,5.00,-85,21.06,6.44,3.29,5.02,4.95,5.02,1196,428,0,272,23.84,1013.20,12.10,404.60,12.76,49.75,1080,0,0,0,0,0
TLM_RCV,-86,FG-ALPHA,20260604_133921,AUTO,0,32.10,5.00,-85,21.12,6.44,3.30,5.02,4.96,5.02,1030,421,0,263,23.05,1013.50,11.80,405.80,12.76,49.75,1080,0,0,0,0,0
TLM_RCV,-85,FG-ALPHA,20260604_133922,AUTO,0,31.43,5.00,-85,21.15,6.43,3.30,5.02,4.94,5.02,807,487,0,329,21.60,1012.70,12.00,406.00,12.76,49.75,1080,0,0,0,0,0
TLM_RCV,-57,FG-ALPHA,20260604_133923,AUTO,1,35.13,6.50,-85,21.03,6.32,3.31,4.89,4.95,5.01,0,1226,735,332,26.13,1013.50,12.00,404.80,12.76,49.90,1080,0,0,0,0,0
TLM_RCV,-74,FG-ALPHA,20260604_133924,AUTO,1,35.52,8.00,-85,21.04,6.34,3.31,4.89,4.95,5.01,1145,1104,623,329,20.20,1012.80,12.10,405.30,12.76,50.05,1080,0,0,0,0,0
TLM_RCV,-63,FG-ALPHA,20260604_133925,AUTO,1,35.56,9.50,-85,21.01,6.34,3.30,4.93,4.96,5.01,811,1111,645,326,21.50,1012.70,11.80,405.60,12.77,50.20,1080,0,0,0,0,0
TLM_RCV,-82,FG-ALPHA,20260604_133926,AUTO,0,33.19,7.50,-85,21.05,6.44,3.28,5.02,4.96,5.01,882,439,0,286,22.22,1012.70,12.10,404.50,12.77,50.20,1080,0,0,0,0,0
TLM_RCV,-95,FG-ALPHA,20260604_133927,AUTO,0,32.44,5.50,-85,21.11,6.43,3.29,5.02,4.96,5.01,1128,488,0,337,23.20,1013.50,11.80,404.70,12.77,50.20,1080,0,0,0,0,0
TLM_RCV,-42,FG-ALPHA,20260604_133928,AUTO,0,32.35,5.00,-85,21.19,6.44,3.31,5.02,4.95,5.02,1191,469,0,325,23.61,1013.00,11.80,406.10,12.77,50.20,1080,0,0,0,0,0
TLM_RCV,-48,FG-ALPHA,20260604_133929,AUTO,0,32.24,5.00,-85,21.25,6.44,3.28,5.02,4.95,5.02,1089,449,0,306,23.20,1013.50,11.90,406.40,12.77,50.20,1080,0,0,0,0,0
TLM_RCV,-43,FG-ALPHA,20260604_133930,AUTO,0,31.16,5.00,-85,21.21,6.44,3.31,5.02,4.96,5.02,0,431,0,286,22.16,1013.20,11.90,404.90,12.77,50.20,1080,0,0,0,0,0
TLM_RCV,-61,FG-ALPHA,20260604_133931,AUTO,0,32.06,5.00,-85,21.26,6.45,3.29,5.02,4.95,5.01,908,413,0,258,22.48,1013.50,11.80,405.80,12.77,50.20,1080,0,0,0,0,0
TLM_RCV,-40,FG-ALPHA,20260604_133953,AUTO,0,31.16,5.00,-85,22.54,6.48,3.30,5.02,4.97,5.01,813,431,0,289,21.91,1013.00,11.80,405.80,12.79,50.20,1080,0,0,0,0,0
TLM_RCV,-50,FG-ALPHA,20260604_133954,AUTO,1,35.41,6.50,-85,22.54,6.38,3.31,4.93,4.95,5.01,1080,1082,666,259,20.01,1013.30,11.80,405.40,12.79,50.35,1080,0,0,0,0,0
TLM_RCV,-56,FG-ALPHA,20260604_133955,AUTO,1,34.25,8.00,-85,22.52,6.38,3.30,4.92,4.97,5.02,851,1050,624,282,21.00,1012.70,12.10,406.00,12.80,50.50,1080,0,0,0,0,0
TLM_RCV,-80,FG-ALPHA,20260604_133956,AUTO,1,36.09,9.50,-85,22.49,6.36,3.31,4.93,4.97,5.02,986,1218,788,278,21.16,1013.50,11.90,405.60,12.80,50.65,1080,0,0,0,0,0
TLM_RCV,-54,FG-ALPHA,20260604_133957,AUTO,1,35.32,11.00,-85,22.48,6.38,3.28,4.87,4.95,5.01,890,1064,611,307,20.87,1012.70,12.10,405.70,12.80,50.80,1080,0,0,0,0,0
TLM_RCV,-74,FG-ALPHA,20260604_133958,AUTO,1,34.53,12.50,-85,22.37,6.37,3.31,4.91,4.96,5.02,0,1105,681,283,25.52,1013.10,12.10,404.50,12.80,50.95,1080,0,0,0,0,0
TLM_RCV,-73,FG-ALPHA,20260604_133959,AUTO,1,36.07,14.00,-85,22.38,6.38,3.29,4.85,4.95,5.01,1131,1014,613,251,20.58,1013.60,11.90,406.40,12.80,51.10,1080,0,0,0,0,0
TLM_RCV,-56,FG-ALPHA,20260604_134000,AUTO,1,35.06,15.50,-85,22.37,6.35,3.29,4.94,4.96,5.02,1097,1212,792,264,20.58,1013.20,12.00,404.50,12.80,51.25,1080,0,0,0,0,0
TLM_RCV,-40,FG-ALPHA,20260604_134001,AUTO,1,36.86,17.00,-85,22.35,6.36,3.31,4.86,4.95,5.01,995,1172,746,273,20.89,1013.50,12.00,405.00,12.80,51.40,1080,0,0,0,0,0
TLM_RCV,-78,FG-ALPHA,20260604_134002,AUTO,1,34.41,18.50,-85,22.24,6.37,3.31,4.88,4.94,5.02,0,1082,644,283,25.41,1012.80,12.00,405.80,12.80,51.55,1080,0,0,0,0,0
TLM_RCV,-75,FG-ALPHA,20260604_134003,AUTO,0,33.16,16.50,-85,22.31,6.47,3.30,5.02,4.94,5.01,1167,432,0,290,23.67,1013.50,12.00,406.00,12.80,51.55,1080,0,0,0,0,0
TLM_RCV,-77,FG-ALPHA,20260604_134004,AUTO,0,31.25,14.50,-85,22.35,6.47,3.30,5.02,4.94,5.02,803,449,0,309,21.77,1013.40,11.90,405.20,12.80,51.55,1080,0,0,0,0,0
TLM_RCV,-75,FG-ALPHA,20260604_134005,AUTO,0,32.13,12.50,-85,22.39,6.47,3.31,5.02,4.95,5.01,854,425,0,276,22.15,1013.00,12.10,405.40,12.81,51.55,1080,0,0,0,0,0
TLM_RCV,-49,FG-ALPHA,20260604_134006,AUTO,0,31.00,10.50,-85,22.47,6.48,3.28,5.02,4.94,5.02,1169,399,0,258,23.85,1013.10,12.10,405.30,12.81,51.55,1080,0,0,0,0,0
TLM_RCV,-46,FG-ALPHA,20260604_134007,AUTO,1,35.43,12.00,-85,22.46,6.35,3.31,4.94,4.94,5.01,1176,1286,790,338,20.55,1013.30,12.10,405.50,12.81,51.70,1080,0,0,0,0,0
TLM_RCV,-43,FG-ALPHA,20260604_134008,AUTO,0,33.01,10.00,-85,22.42,6.48,3.29,5.02,4.95,5.01,0,403,0,250,22.01,1013.50,11.90,406.00,12.81,51.70,1080,0,0,0,0,0
TLM_RCV,-74,FG-ALPHA,20260604_134009,AUTO,0,31.33,8.00,-85,22.47,6.47,3.28,5.02,4.96,5.02,1011,467,0,327,22.72,1013.40,11.90,406.20,12.81,51.70,1080,0,0,0,0,0
TLM_RCV,-41,FG-ALPHA,20260604_134010,AUTO,0,31.12,6.00,-85,22.54,6.48,3.30,5.02,4.94,5.01,1074,425,0,276,23.25,1013.30,12.10,405.90,12.81,51.70,1080,0,0,0,0,0
TLM_RCV,-54,FG-ALPHA,20260604_134011,AUTO,1,36.81,7.50,-85,22.51,6.37,3.31,4.91,4.96,5.01,858,1163,662,347,21.52,1012.90,11.80,405.20,12.81,51.85,1080,0,0,0,0,0
TLM_RCV,-59,FG-ALPHA,20260604_134012,AUTO,0,31.38,5.50,-85,22.57,6.47,3.29,5.02,4.94,5.02,1098,476,0,320,23.11,1013.00,12.10,404.60,12.81,51.85,1080,0,0,0,0,0
TLM_RCV,-53,FG-ALPHA,20260604_134013,AUTO,0,32.19,5.00,-85,22.64,6.48,3.31,5.02,4.94,5.01,1187,437,0,292,23.75,1013.60,11.80,405.90,12.81,51.85,1080,0,0,0,0,0
TLM_RCV,-59,FG-ALPHA,20260604_134014,AUTO,0,31.00,5.00,-85,22.71,6.49,3.28,5.02,4.97,5.01,1024,399,0,257,23.12,1013.60,12.10,406.40,12.81,51.85,1080,0,0,0,0,0
TLM_RCV,-70,FG-ALPHA,20260604_134015,AUTO,0,31.15,5.00,-85,22.66,6.48,3.31,5.02,4.97,5.02,0,429,0,284,22.15,1013.60,12.10,405.20,12.82,51.85,1080,0,0,0,0,0
TLM_RCV,-86,FG-ALPHA,20260604_134016,AUTO,1,34.06,6.50,-85,22.65,6.39,3.28,4.86,4.96,5.01,852,1012,611,250,20.80,1013.50,11.80,404.80,12.82,52.00,1080,0,0,0,0,0
TLM_RCV,-79,FG-ALPHA,20260604_134017,AUTO,1,36.51,8.00,-85,22.63,6.38,3.30,4.88,4.97,5.02,904,1103,684,268,21.00,1012.80,11.80,404.80,12.82,52.15,1080,0,0,0,0,0
TLM_RCV,-50,FG-ALPHA,20260604_134018,AUTO,0,33.03,6.00,-85,22.59,6.48,3.29,5.02,4.94,5.01,0,406,0,264,22.03,1012.70,11.90,404.50,12.82,52.15,1080,0,0,0,0,0
TLM_RCV,-61,FG-ALPHA,20260604_134019,AUTO,0,32.26,5.00,-85,22.66,6.48,3.30,5.02,4.94,5.01,1140,451,0,310,23.44,1012.90,12.00,406.20,12.82,52.15,1080,0,0,0,0,0
TLM_RCV,-42,FG-ALPHA,20260604_134020,AUTO,0,32.30,5.00,-85,22.69,6.48,3.31,5.02,4.97,5.02,832,460,0,306,21.86,1012.80,11.90,404.80,12.82,52.15,1080,0,0,0,0,0
TLM_RCV,-58,FG-ALPHA,20260604_134021,AUTO,0,32.08,5.00,-85,22.74,6.48,3.31,5.02,4.94,5.01,926,415,0,258,22.56,1013.10,11.80,405.00,12.82,52.15,1080,0,0,0,0,0
TLM_RCV,-52,FG-ALPHA,20260604_134022,AUTO,0,32.47,5.00,-85,22.80,6.47,3.30,5.02,4.96,5.01,1086,493,0,349,22.97,1013.50,11.80,405.00,12.82,52.15,1080,0,0,0,0,0
TLM_RCV,-41,FG-ALPHA,20260604_134023,AUTO,0,32.45,5.00,-85,22.87,6.48,3.31,5.02,4.95,5.02,1146,490,0,342,23.28,1013.30,12.10,405.30,12.82,52.15,1080,0,0,0,0,0
TLM_RCV,-63,FG-ALPHA,20260604_134024,AUTO,0,33.47,5.00,-85,22.82,6.47,3.30,5.02,4.95,5.02,0,494,0,340,22.47,1013.10,11.90,406.10,12.82,52.15,1080,0,0,0,0,0
TLM_RCV,-51,FG-ALPHA,20260604_134025,AUTO,1,35.47,6.50,-85,22.79,6.38,3.28,4.88,4.97,5.02,820,1093,635,307,21.36,1013.50,11.80,405.60,12.83,52.30,1080,0,0,0,0,0
TLM_RCV,-78,FG-ALPHA,20260604_134026,AUTO,0,32.10,5.00,-85,22.75,6.48,3.29,5.02,4.97,5.01,0,420,0,269,22.10,1013.00,11.80,404.80,12.83,52.30,1080,0,0,0,0,0
TLM_RCV,-52,FG-ALPHA,20260604_134027,AUTO,0,31.08,5.00,-85,22.81,6.49,3.28,5.02,4.95,5.02,967,415,0,272,22.76,1013.60,11.90,405.80,12.83,52.30,1080,0,0,0,0,0
TLM_RCV,-83,FG-ALPHA,20260604_134028,AUTO,0,32.12,5.00,-85,22.87,6.49,3.29,5.02,4.96,5.02,1120,423,0,269,23.49,1013.50,12.10,406.00,12.83,52.30,1080,0,0,0,0,0
TLM_RCV,-64,FG-ALPHA,20260604_134029,AUTO,0,33.40,5.00,-85,22.83,6.48,3.30,5.02,4.95,5.01,0,481,0,338,22.41,1013.10,12.10,405.10,12.83,52.30,1080,0,0,0,0,0
TLM_RCV,-70,FG-ALPHA,20260604_134030,AUTO,0,31.04,5.00,-85,22.89,6.49,3.29,5.02,4.97,5.02,1069,408,0,258,23.31,1013.40,12.10,406.30,12.83,52.30,1080,0,0,0,0,0
TLM_RCV,-76,FG-ALPHA,20260604_134031,AUTO,0,32.15,5.00,-85,22.95,6.49,3.30,5.02,4.94,5.01,1047,431,0,284,23.08,1013.40,11.80,405.80,12.83,52.30,1080,0,0,0,0,0
TLM_RCV,-94,FG-ALPHA,20260604_134032,AUTO,0,33.10,5.00,-85,22.91,6.49,3.28,5.02,4.95,5.02,0,420,0,269,22.10,1013.40,11.90,406.40,12.83,52.30,1080,0,0,0,0,0
TLM_RCV,-76,FG-ALPHA,20260604_134033,AUTO,0,31.44,5.00,-85,22.95,6.48,3.31,5.02,4.96,5.02,901,489,0,347,22.06,1013.60,11.80,405.60,12.83,52.30,1080,0,0,0,0,0
TLM_RCV,-72,FG-ALPHA,20260604_134055,AUTO,0,33.17,5.00,-85,24.46,6.52,3.30,5.02,4.95,5.02,1183,435,0,281,23.74,1013.50,11.80,404.70,12.86,52.30,1080,0,0,0,0,0
TLM_RCV,-73,FG-ALPHA,20260604_134056,AUTO,0,32.24,5.00,-85,24.42,6.52,3.31,5.02,4.97,5.01,0,447,0,290,22.24,1012.90,11.80,405.00,12.86,52.30,1080,0,0,0,0,0
TLM_RCV,-79,FG-ALPHA,20260604_134057,AUTO,0,33.47,5.00,-85,24.37,6.51,3.28,5.02,4.95,5.02,0,493,0,347,22.47,1012.70,12.10,406.20,12.86,52.30,1080,0,0,0,0,0
TLM_RCV,-49,FG-ALPHA,20260604_134058,AUTO,0,33.13,5.00,-85,24.44,6.52,3.28,5.02,4.94,5.02,1105,426,0,270,23.40,1013.10,11.90,405.20,12.86,52.30,1080,0,0,0,0,0
TLM_RCV,-93,FG-ALPHA,20260604_134059,AUTO,0,32.38,5.00,-85,24.51,6.52,3.29,5.02,4.94,5.01,1180,475,0,325,23.52,1013.50,12.10,405.90,12.86,52.30,1080,0,0,0,0,0
TLM_RCV,-55,FG-ALPHA,20260604_134100,AUTO,1,35.00,6.50,-85,24.47,6.41,3.30,4.85,4.95,5.02,829,1200,696,349,21.85,1013.30,11.80,405.50,12.86,52.45,1080,0,0,0,0,1
TLM_RCV,-49,FG-ALPHA,20260604_134101,AUTO,1,34.63,8.00,-85,24.46,6.42,3.31,4.91,4.97,5.01,1055,1125,637,347,20.35,1013.10,12.00,404.70,12.86,52.60,1080,0,0,0,0,0
TLM_RCV,-44,FG-ALPHA,20260604_134102,AUTO,1,35.91,9.50,-85,24.43,6.41,3.29,4.86,4.94,5.01,830,1182,712,318,21.76,1013.60,12.10,406.40,12.86,52.75,1080,0,0,0,0,0
TLM_RCV,-82,FG-ALPHA,20260604_134103,AUTO,0,32.00,7.50,-85,24.39,6.53,3.29,5.02,4.96,5.01,0,399,0,253,22.00,1013.50,11.80,404.90,12.86,52.75,1080,0,0,0,0,0
TLM_RCV,-63,FG-ALPHA,20260604_134104,AUTO,0,33.23,5.50,-85,24.46,6.52,3.29,5.02,4.97,5.01,1192,446,0,289,23.73,1012.70,12.00,404.70,12.86,52.75,1080,0,0,0,0,0
TLM_RCV,-48,FG-ALPHA,20260604_134105,AUTO,0,31.02,5.00,-85,24.52,6.53,3.28,5.02,4.95,5.02,913,404,0,259,22.55,1013.60,12.10,405.00,12.87,52.75,1080,0,0,0,0,0
TLM_RCV,-79,FG-ALPHA,20260604_134106,AUTO,1,37.15,6.50,-85,24.49,6.40,3.29,4.85,4.95,5.01,983,1229,748,336,21.23,1013.00,12.00,405.10,12.87,52.90,1080,0,0,0,0,0
TLM_RCV,-67,FG-ALPHA,20260604_134107,AUTO,1,34.44,8.00,-85,24.48,6.42,3.29,4.89,4.97,5.02,975,1087,605,341,20.56,1013.30,12.10,405.40,12.87,53.05,1080,0,0,0,0,0
TLM_RCV,-56,FG-ALPHA,20260604_134108,AUTO,1,34.57,9.50,-85,24.46,6.42,3.30,4.87,4.97,5.01,885,1114,677,295,21.15,1013.50,12.10,405.00,12.87,53.20,1080,0,0,0,0,0
TLM_RCV,-87,FG-ALPHA,20260604_134109,AUTO,1,36.06,11.00,-85,24.45,6.44,3.28,4.92,4.95,5.02,987,1012,600,261,20.12,1013.60,12.10,405.20,12.87,53.35,1080,0,0,0,0,0
TLM_RCV,-91,FG-ALPHA,20260604_134110,AUTO,1,36.31,12.50,-85,24.35,6.43,3.29,4.92,4.95,5.01,0,1062,647,258,25.31,1012.80,12.10,405.10,12.87,53.50,1080,0,0,0,0,0
TLM_RCV,-93,FG-ALPHA,20260604_134111,AUTO,1,35.45,14.00,-85,24.34,6.42,3.31,4.91,4.94,5.01,1056,1090,661,275,20.17,1012.80,12.00,405.70,12.87,53.65,1080,1,1,0,0,0
TLM_RCV,-87,FG-ALPHA,20260604_134112,AUTO,0,31.17,12.00,-85,24.38,6.52,3.31,5.02,4.96,5.01,808,434,0,285,21.87,1012.70,11.90,404.70,12.87,53.65,1080,0,0,0,0,0
TLM_RCV,-73,FG-ALPHA,20260604_134113,AUTO,0,31.46,10.00,-85,24.44,6.51,3.29,5.02,4.96,5.01,1123,492,0,342,23.16,1013.00,11.80,406.40,12.87,53.65,1080,0,0,0,0,0
TLM_RCV,-91,FG-ALPHA,20260604_134114,AUTO,1,36.78,11.50,-85,24.33,6.41,3.28,4.94,4.95,5.01,0,1155,762,251,25.77,1013.10,11.90,404.70,12.87,53.80,1080,0,1,1,1,0
TLM_RCV,-40,FG-ALPHA,20260604_134115,AUTO,1,35.28,13.00,-85,24.20,6.39,3.30,4.92,4.94,5.02,0,1256,771,333,26.28,1012.80,12.10,404.50,12.88,53.95,1080,0,0,0,0,0
TLM_RCV,-53,FG-ALPHA,20260604_134116,AUTO,1,34.27,14.50,-85,24.18,6.42,3.30,4.90,4.95,5.01,839,1054,626,286,21.08,1013.00,12.10,406.30,12.88,54.10,1080,0,0,0,0,0
TLM_RCV,-67,FG-ALPHA,20260604_134117,AUTO,1,34.81,16.00,-85,24.07,6.40,3.28,4.93,4.94,5.02,0,1162,714,298,25.81,1013.10,11.80,405.50,12.88,54.25,1080,0,0,0,0,0
TLM_RCV,-90,FG-ALPHA,20260604_134118,AUTO,1,35.04,17.50,-85,24.05,6.40,3.30,4.93,4.94,5.02,1044,1208,781,281,20.82,1012.90,12.10,406.10,12.88,54.40,1080,0,0,0,0,0
TLM_RCV,-45,FG-ALPHA,20260604_134119,AUTO,1,35.29,19.00,-85,24.03,6.42,3.30,4.88,4.95,5.01,851,1058,618,289,21.03,1013.40,12.00,405.10,12.88,54.55,1080,0,0,0,0,0
TLM_RCV,-53,FG-ALPHA,20260604_134120,AUTO,1,37.01,20.50,-85,24.02,6.40,3.28,4.88,4.97,5.02,1123,1203,718,332,20.40,1013.10,12.00,404.80,12.88,54.70,1080,0,0,0,0,1
TLM_RCV,-70,FG-ALPHA,20260604_134121,AUTO,1,36.31,22.00,-85,23.91,6.41,3.30,4.87,4.94,5.02,0,1062,627,279,25.31,1012.90,11.80,405.90,12.88,54.85,1080,0,0,0,0,0
TLM_RCV,-60,FG-ALPHA,20260604_134122,AUTO,1,35.53,23.50,-85,23.80,6.41,3.28,4.94,4.94,5.01,0,1105,702,261,25.52,1013.50,11.90,405.90,12.88,55.00,1080,0,0,0,0,0
TLM_RCV,-90,FG-ALPHA,20260604_134123,AUTO,1,36.88,25.00,-85,23.80,6.39,3.30,4.91,4.95,5.01,1179,1176,745,272,20.01,1013.40,11.90,405.90,12.88,55.15,1080,0,0,0,0,0
TLM_RCV,-45,FG-ALPHA,20260604_134124,AUTO,1,36.83,26.50,-85,23.69,6.39,3.28,4.86,4.96,5.02,0,1167,735,280,25.84,1013.40,11.90,405.40,12.88,55.30,1080,1,0,0,0,0
TLM_RCV,-65,FG-ALPHA,20260604_134125,AUTO,1,36.94,28.00,-85,23.67,6.39,3.31,4.88,4.97,5.02,1050,1188,736,295,20.69,1012.70,11.90,405.80,12.89,55.45,1080,0,0,0,0,0
TLM_RCV,-90,FG-ALPHA,20260604_134126,AUTO,0,31.42,26.00,-85,23.72,6.50,3.31,5.02,4.94,5.01,985,484,0,343,22.50,1012.70,11.90,404.70,12.89,55.45,1080,0,0,0,0,0
TLM_RCV,-62,FG-ALPHA,20260604_134127,AUTO,1,36.15,27.50,-85,23.71,6.38,3.28,4.94,4.97,5.02,1124,1231,786,287,20.53,1013.50,12.00,405.70,12.89,55.60,1080,0,0,0,0,0
TLM_RCV,-43,FG-ALPHA,20260604_134128,AUTO,1,35.25,29.00,-85,23.72,6.41,3.31,4.85,4.97,5.01,1149,1050,655,251,20.50,1013.40,12.10,404.80,12.89,55.75,1080,0,0,0,0,0
TLM_RCV,-72,FG-ALPHA,20260604_134129,AUTO,1,36.54,30.50,-85,23.73,6.40,3.28,4.90,4.94,5.02,1148,1108,617,348,20.20,1012.70,12.10,405.40,12.89,55.90,1080,0,0,0,0,0
TLM_RCV,-65,FG-ALPHA,20260604_134130,AUTO,1,36.09,32.00,-85,23.71,6.39,3.29,4.87,4.97,5.02,1051,1218,768,309,20.83,1012.90,11.80,405.70,12.89,56.05,1080,0,0,0,0,0
TLM_RCV,-78,FG-ALPHA,20260604_134131,AUTO,1,36.50,33.50,-85,23.69,6.40,3.28,4.87,4.96,5.02,889,1100,696,256,21.06,1013.30,11.90,405.30,12.89,56.20,1080,0,0,0,0,0
TLM_RCV,-86,FG-ALPHA,20260604_134132,AUTO,1,34.65,35.00,-85,23.69,6.40,3.29,4.94,4.97,5.01,1099,1129,712,267,20.15,1013.20,11.90,404.70,12.89,56.35,1080,0,0,0,0,0
TLM_RCV,-85,FG-ALPHA,20260604_134133,AUTO,1,34.41,36.50,-85,23.58,6.40,3.29,4.87,4.96,5.02,0,1082,689,250,25.41,1013.60,12.00,404.90,12.89,56.50,1080,0,0,0,0,0
TLM_RCV,-57,FG-ALPHA,20260604_134134,AUTO,0,33.19,34.50,-85,23.65,6.50,3.31,5.02,4.94,5.02,1106,439,0,280,23.33,1013.40,12.00,404.90,12.89,56.50,1080,0,0,0,0,0
TLM_RCV,-53,FG-ALPHA,20260604_134135,AUTO,0,33.24,32.50,-85,23.68,6.50,3.31,5.02,4.95,5.01,808,449,0,296,21.80,1013.20,11.80,404.60,12.90,56.50,1080,0,0,0,0,0
TLM_RCV,-77,FG-ALPHA,20260604_134157,AUTO,0,32.31,5.00,-85,24.68,6.52,3.30,5.02,4.97,5.01,0,461,0,320,22.31,1013.20,12.00,405.10,12.92,56.50,1080,0,0,0,0,0
TLM_RCV,-88,FG-ALPHA,20260604_134158,AUTO,0,32.34,5.00,-85,24.74,6.52,3.29,5.02,4.95,5.01,1098,468,0,315,23.15,1013.40,11.80,406.30,12.92,56.50,1080,0,0,0,0,0
TLM_RCV,-69,FG-ALPHA,20260604_134159,AUTO,0,33.25,5.00,-85,24.78,6.53,3.29,5.02,4.94,5.02,858,450,0,302,22.04,1013.40,12.00,405.90,12.92,56.50,1080,0,0,0,0,0
TLM_RCV,-58,FG-ALPHA,20260604_134200,AUTO,0,33.35,5.00,-85,24.85,6.53,3.30,5.02,4.94,5.01,1179,469,0,322,23.55,1012.70,12.00,405.50,12.92,56.50,1080,0,0,0,0,0
TLM_RCV,-64,FG-ALPHA,20260604_134201,AUTO,1,36.49,6.50,-85,24.83,6.43,3.30,4.91,4.94,5.02,878,1097,655,296,21.09,1013.00,12.10,404.60,12.92,56.65,1080,0,0,0,0,0
TLM_RCV,-57,FG-ALPHA,20260604_134202,AUTO,1,34.58,8.00,-85,24.83,6.43,3.30,4.85,4.95,5.02,1116,1116,650,317,20.00,1012.80,12.10,404.80,12.92,56.80,1080,0,0,0,0,0
TLM_RCV,-56,FG-ALPHA,20260604_134203,AUTO,1,35.53,9.50,-85,24.72,6.43,3.30,4.91,4.95,5.01,0,1105,677,273,25.52,1013.20,11.80,405.90,12.92,56.95,1080,0,0,0,0,0
TLM_RCV,-85,FG-ALPHA,20260604_134204,AUTO,0,32.01,7.50,-85,24.77,6.53,3.29,5.02,4.94,5.01,901,403,0,250,22.49,1012.90,11.80,405.00,12.92,56.95,1080,0,0,0,0,0
TLM_RCV,-88,FG-ALPHA,20260604_134205,AUTO,0,33.16,5.50,-85,24.83,6.53,3.28,5.02,4.94,5.01,970,432,0,273,22.69,1013.30,12.10,404.70,12.93,56.95,1080,0,0,0,0,0
TLM_RCV,-55,FG-ALPHA,20260604_134206,AUTO,0,32.42,5.00,-85,24.86,6.52,3.29,5.02,4.95,5.01,832,485,0,329,21.74,1013.50,12.10,405.90,12.93,56.95,1080,0,0,0,0,0
TLM_RCV,-44,FG-ALPHA,20260604_134207,AUTO,0,33.12,5.00,-85,24.90,6.53,3.29,5.02,4.96,5.01,840,423,0,274,22.08,1013.10,12.10,405.40,12.93,56.95,1080,0,0,0,0,0
TLM_RCV,-40,FG-ALPHA,20260604_134208,AUTO,0,31.17,5.00,-85,24.86,6.53,3.29,5.02,4.95,5.02,0,435,0,281,22.17,1013.00,11.90,404.50,12.93,56.95,1080,0,0,0,0,0
TLM_RCV,-50,FG-ALPHA,20260604_134209,AUTO,0,31.24,5.00,-85,24.81,6.53,3.28,5.02,4.94,5.01,0,448,0,290,22.24,1013.20,11.90,405.70,12.93,56.95,1080,0,0,0,0,0
TLM_RCV,-64,FG-ALPHA,20260604_134210,AUTO,0,32.31,5.00,-85,24.87,6.53,3.31,5.02,4.95,5.01,1029,462,0,317,22.83,1012.90,12.00,405.20,12.93,56.95,1080,0,0,0,0,0
TLM_RCV,-50,FG-ALPHA,20260604_134211,AUTO,0,32.48,5.00,-85,24.92,6.52,3.29,5.02,4.94,5.02,1015,496,0,348,22.59,1013.30,12.10,405.80,12.93,56.95,1080,0,0,0,0,0
TLM_RCV,-88,FG-ALPHA,20260604_134212,AUTO,0,33.36,5.00,-85,24.96,6.53,3.28,5.02,4.96,5.02,870,472,0,331,21.99,1013.50,11.80,406.20,12.93,56.95,1080,0,0,0,0,0
TLM_RCV,-54,FG-ALPHA,20260604_134213,AUTO,0,33.47,5.00,-85,25.02,6.53,3.28,5.02,4.94,5.01,1117,493,0,340,23.12,1012.80,11.80,405.70,12.93,56.95,1080,0,0,0,0,0
TLM_RCV,-87,FG-ALPHA,20260604_134214,AUTO,0,32.03,5.00,-85,25.07,6.54,3.29,5.02,4.97,5.01,877,406,0,253,22.35,1012.80,11.80,404.70,12.93,56.95,1080,0,0,0,0,0
TLM_RCV,-94,FG-ALPHA,20260604_134215,AUTO,0,31.53,5.00,-85,25.02,6.52,3.28,5.02,4.97,5.02,0,507,0,349,22.53,1013.60,12.00,405.30,12.94,56.95,1080,0,0,0,0,0
TLM_RCV,-40,FG-ALPHA,20260604_134216,AUTO,0,32.38,5.00,-85,24.97,6.53,3.30,5.02,4.96,5.02,0,475,0,326,22.37,1012.90,12.10,404.60,12.94,56.95,1080,0,0,0,0,0
TLM_RCV,-88,FG-ALPHA,20260604_134217,AUTO,1,35.63,6.50,-85,24.95,6.43,3.28,4.91,4.94,5.02,918,1126,623,348,21.04,1012.70,12.00,405.20,12.94,57.10,1080,0,0,0,0,0
TLM_RCV,-65,FG-ALPHA,20260604_134218,AUTO,1,36.31,8.00,-85,24.91,6.41,3.29,4.85,4.96,5.01,824,1262,791,323,22.19,1012.80,11.90,405.30,12.94,57.25,1080,0,0,0,0,0
TLM_RCV,-80,FG-ALPHA,20260604_134219,AUTO,1,34.81,9.50,-85,24.79,6.42,3.29,4.94,4.94,5.01,0,1163,711,301,25.82,1013.40,12.00,405.90,12.94,57.40,1080,0,0,0,0,0
TLM_RCV,-43,FG-ALPHA,20260604_134220,AUTO,1,36.83,11.00,-85,24.78,6.42,3.30,4.87,4.94,5.02,1058,1166,752,258,20.54,1012.70,12.10,405.00,12.94,57.55,1080,0,0,0,0,0
TLM_RCV,-60,FG-ALPHA,20260604_134221,AUTO,0,33.26,9.00,-85,24.83,6.53,3.28,5.02,4.94,5.02,950,453,0,299,22.49,1013.20,12.10,404.90,12.94,57.55,1080,0,0,0,0,0
TLM_RCV,-76,FG-ALPHA,20260604_134222,AUTO,0,32.19,7.00,-85,24.89,6.53,3.31,5.02,4.96,5.02,979,439,0,299,22.70,1013.20,11.80,405.50,12.94,57.55,1080,0,0,0,0,0
TLM_RCV,-72,FG-ALPHA,20260604_134223,AUTO,0,31.49,5.00,-85,24.84,6.52,3.29,5.02,4.96,5.02,0,498,0,341,22.49,1013.00,11.80,404.70,12.94,57.55,1080,0,0,0,0,0
TLM_RCV,-49,FG-ALPHA,20260604_134224,AUTO,0,32.24,5.00,-85,24.88,6.53,3.29,5.02,4.96,5.01,862,448,0,298,22.07,1013.30,12.10,405.40,12.94,57.55,1080,0,0,0,0,0
TLM_RCV,-93,FG-ALPHA,20260604_134225,AUTO,0,33.47,5.00,-85,24.92,6.52,3.28,5.02,4.96,5.02,937,495,0,348,22.21,1012.90,11.80,405.80,12.95,57.55,1080,0,0,0,0,0
TLM_RCV,-62,FG-ALPHA,20260604_134226,AUTO,0,32.22,5.00,-85,24.99,6.53,3.28,5.02,4.94,5.02,1146,445,0,286,23.50,1012.90,11.90,404.60,12.95,57.55,1080,0,0,0,0,0
TLM_RCV,-52,FG-ALPHA,20260604_134227,AUTO,0,32.27,5.00,-85,24.95,6.53,3.28,5.02,4.97,5.02,0,454,0,304,22.27,1013.00,12.10,405.70,12.95,57.55,1080,0,0,0,0,0
TLM_RCV,-61,FG-ALPHA,20260604_134228,AUTO,0,33.37,5.00,-85,24.98,6.53,3.30,5.02,4.96,5.01,833,474,0,319,21.80,1013.00,11.80,405.80,12.95,57.55,1080,0,0,0,0,0
TLM_RCV,-82,FG-ALPHA,20260604_134229,AUTO,0,33.38,5.00,-85,25.03,6.53,3.30,5.02,4.97,5.01,932,475,0,329,22.28,1013.60,12.00,405.20,12.95,57.55,1080,0,0,0,0,0
TLM_RCV,-63,FG-ALPHA,20260604_134230,AUTO,1,35.60,6.50,-85,25.03,6.43,3.30,4.92,4.95,5.02,1187,1120,636,333,20.33,1013.20,12.10,405.90,12.95,57.70,1080,0,0,0,0,0
TLM_RCV,-83,FG-ALPHA,20260604_134231,AUTO,1,36.67,8.00,-85,25.03,6.43,3.30,4.87,4.96,5.02,1131,1135,667,320,20.02,1013.20,12.00,405.80,12.95,57.85,1080,0,0,0,0,0
TLM_RCV,-94,FG-ALPHA,20260604_134232,AUTO,1,36.90,9.50,-85,24.92,6.42,3.28,4.91,4.97,5.02,0,1181,753,287,25.91,1013.00,11.90,406.10,12.95,58.00,1080,0,0,0,0,0
TLM_RCV,-81,FG-ALPHA,20260604_134233,AUTO,1,35.83,11.00,-85,24.80,6.42,3.29,4.90,4.95,5.01,0,1166,712,307,25.83,1013.40,11.80,405.60,12.95,58.15,1080,0,0,0,0,0
TLM_RCV,-71,FG-ALPHA,20260604_134234,AUTO,1,34.78,12.50,-85,24.79,6.42,3.31,4.92,4.95,5.01,1101,1155,685,322,20.27,1013.30,11.80,404.50,12.95,58.30,1080,0,0,0,0,0
TLM_RCV,-84,FG-ALPHA,20260604_134235,AUTO,1,35.99,14.00,-85,24.67,6.41,3.30,4.94,4.96,5.01,0,1197,717,329,25.99,1012.90,12.10,404.70,12.96,58.45,1080,0,0,0,0,0
TLM_RCV,-87,FG-ALPHA,20260604_134236,AUTO,1,35.04,15.50,-85,24.64,6.41,3.29,4.85,4.97,5.01,874,1208,786,276,21.67,1013.00,11.80,404.90,12.96,58.60,1080,0,0,0,0,0
TLM_RCV,-82,FG-ALPHA,20260604_134237,AUTO,1,35.17,17.00,-85,24.60,6.41,3.29,4.85,4.97,5.01,814,1234,798,289,22.10,1013.10,11.90,405.10,12.96,58.75,1080,0,0,0,0,0
TLM_RCV,-71,FG-ALPHA,20260604_134259,AUTO,0,31.51,32.50,-85,24.62,6.52,3.28,5.02,4.95,5.02,1070,502,0,343,22.84,1013.50,12.10,405.70,12.98,61.30,1080,0,0,0,0,0
TLM_RCV,-40,FG-ALPHA,20260604_134300,AUTO,0,31.09,30.50,-85,24.67,6.53,3.31,5.02,4.96,5.01,889,418,0,264,22.35,1013.20,11.80,405.60,12.98,61.30,1080,0,0,0,0,0
TLM_RCV,-95,FG-ALPHA,20260604_134301,AUTO,0,31.28,28.50,-85,24.72,6.52,3.28,5.02,4.95,5.01,994,456,0,316,22.69,1013.20,11.80,406.40,12.98,61.30,1080,0,0,0,0,0
TLM_RCV,-52,FG-ALPHA,20260604_134302,AUTO,0,32.07,26.50,-85,24.78,6.53,3.28,5.02,4.95,5.02,963,414,0,273,22.75,1013.30,11.80,404.60,12.98,61.30,1080,0,0,0,0,0
TLM_RCV,-56,FG-ALPHA,20260604_134303,AUTO,1,35.37,28.00,-85,24.75,6.40,3.29,4.93,4.95,5.02,983,1274,769,347,21.45,1013.50,12.10,405.50,12.98,61.45,1080,0,0,0,0,0
TLM_RCV,-88,FG-ALPHA,20260604_134304,AUTO,1,37.38,29.50,-85,24.72,6.40,3.31,4.88,4.97,5.02,985,1275,786,330,21.45,1013.30,12.10,406.00,12.98,61.60,1080,0,0,0,1,0
TLM_RCV,-53,FG-ALPHA,20260604_134305,AUTO,1,36.71,31.00,-85,24.61,6.42,3.28,4.86,4.96,5.02,0,1142,705,280,25.71,1013.20,11.80,406.10,12.99,61.75,1080,0,0,0,0,0
TLM_RCV,-41,FG-ALPHA,20260604_134306,AUTO,1,37.12,32.50,-85,24.60,6.41,3.31,4.93,4.94,5.02,1122,1224,772,296,20.51,1012.70,12.10,406.40,12.99,61.90,1080,0,0,0,0,0
TLM_RCV,-93,FG-ALPHA,20260604_134307,AUTO,1,35.47,34.00,-85,24.60,6.43,3.29,4.92,4.95,5.01,1111,1095,698,254,20.08,1013.10,11.80,406.40,12.99,62.05,1080,0,0,1,1,1
TLM_RCV,-42,FG-ALPHA,20260604_134308,AUTO,1,37.18,35.50,-85,24.57,6.40,3.31,4.91,4.96,5.02,948,1236,769,314,21.44,1013.40,12.10,405.50,12.99,62.20,1080,0,0,0,0,0
TLM_RCV,-69,FG-ALPHA,20260604_134309,AUTO,1,34.49,37.00,-85,24.55,6.42,3.31,4.92,4.96,5.01,923,1097,612,336,20.87,1013.10,11.90,406.00,12.99,62.35,1080,0,0,0,0,0
TLM_RCV,-52,FG-ALPHA,20260604_134310,AUTO,1,36.65,38.50,-85,24.53,6.42,3.31,4.93,4.95,5.01,935,1129,669,306,20.97,1013.20,11.90,405.40,12.99,62.50,1080,0,0,0,0,0
TLM_RCV,-77,FG-ALPHA,20260604_134311,AUTO,1,35.84,40.00,-85,24.51,6.41,3.28,4.89,4.94,5.02,920,1168,686,334,21.24,1012.70,12.10,406.20,12.99,62.65,1080,0,0,0,0,0
TLM_RCV,-45,FG-ALPHA,20260604_134312,AUTO,0,31.33,38.00,-85,24.58,6.52,3.29,5.02,4.96,5.01,1191,466,0,319,23.62,1012.70,12.00,405.00,12.99,62.65,1080,0,0,0,0,0
TLM_RCV,-83,FG-ALPHA,20260604_134313,AUTO,0,31.18,36.00,-85,24.66,6.53,3.30,5.02,4.94,5.02,1197,437,0,281,23.80,1013.30,12.00,405.50,12.99,62.65,1080,0,0,0,0,0
TLM_RCV,-79,FG-ALPHA,20260604_134314,AUTO,0,31.12,34.00,-85,24.70,6.53,3.31,5.02,4.96,5.02,894,425,0,276,22.34,1013.20,12.10,405.90,12.99,62.65,1080,0,0,0,0,0
TLM_RCV,-66,FG-ALPHA,20260604_134315,AUTO,0,31.24,32.00,-85,24.76,6.53,3.29,5.02,4.94,5.01,970,447,0,289,22.61,1012.70,12.00,406.40,13.00,62.65,1080,0,0,0,0,0
TLM_RCV,-49,FG-ALPHA,20260604_134316,AUTO,0,33.39,30.00,-85,24.82,6.52,3.29,5.02,4.94,5.02,1148,478,0,331,23.35,1013.20,11.90,405.80,13.00,62.65,1080,0,0,0,0,0
TLM_RCV,-74,FG-ALPHA,20260604_134317,AUTO,1,35.42,31.50,-85,24.71,6.43,3.28,4.87,4.97,5.02,0,1084,640,291,25.42,1013.30,11.90,405.60,13.00,62.80,1080,0,0,0,0,0
TLM_RCV,-44,FG-ALPHA,20260604_134318,AUTO,1,37.17,33.00,-85,24.59,6.41,3.28,4.87,4.96,5.02,0,1233,756,337,26.17,1013.30,11.80,404.80,13.00,62.95,1080,0,0,0,0,0
TLM_RCV,-57,FG-ALPHA,20260604_134319,AUTO,1,34.53,34.50,-85,24.59,6.42,3.31,4.93,4.95,5.01,1136,1105,690,256,20.16,1012.90,12.00,405.10,13.00,63.10,1080,0,0,1,1,1
TLM_RCV,-54,FG-ALPHA,20260604_134320,AUTO,0,33.46,32.50,-85,24.64,6.52,3.29,5.02,4.94,5.02,988,492,0,339,22.48,1013.60,11.80,406.20,13.00,63.10,1080,0,0,0,0,0
TLM_RCV,-55,FG-ALPHA,20260604_134321,AUTO,0,31.40,30.50,-85,24.71,6.52,3.29,5.02,4.96,5.02,1187,479,0,336,23.54,1013.60,11.90,404.60,13.00,63.10,1080,0,0,0,0,0
TLM_RCV,-57,FG-ALPHA,20260604_134322,AUTO,0,33.48,28.50,-85,24.77,6.52,3.28,5.02,4.96,5.01,1032,496,0,347,22.68,1012.70,12.10,406.00,13.00,63.10,1080,0,0,0,0,0
TLM_RCV,-61,FG-ALPHA,20260604_134323,AUTO,0,32.17,26.50,-85,24.82,6.53,3.30,5.02,4.95,5.01,964,433,0,282,22.66,1013.60,12.00,405.40,13.00,63.10,1080,0,0,0,0,0
TLM_RCV,-56,FG-ALPHA,20260604_134324,AUTO,0,31.23,24.50,-85,24.78,6.53,3.30,5.02,4.97,5.02,0,446,0,288,22.23,1012.80,11.80,404.50,13.00,63.10,1080,0,0,0,0,0
TLM_RCV,-68,FG-ALPHA,20260604_134325,AUTO,1,34.72,26.00,-85,24.66,6.42,3.31,4.91,4.95,5.01,0,1145,716,289,25.73,1013.20,12.10,404.60,13.01,63.25,1080,0,0,0,0,0
TLM_RCV,-72,FG-ALPHA,20260604_134326,AUTO,1,35.87,27.50,-85,24.65,6.42,3.28,4.87,4.96,5.01,1008,1174,754,262,20.83,1013.40,12.00,405.60,13.01,63.40,1080,0,0,0,0,0
TLM_RCV,-64,FG-ALPHA,20260604_134327,AUTO,1,34.94,29.00,-85,24.63,6.41,3.28,4.87,4.95,5.02,997,1189,691,344,20.96,1013.40,12.00,406.40,13.01,63.55,1080,0,0,0,0,0
TLM_RCV,-64,FG-ALPHA,20260604_134328,AUTO,1,36.53,30.50,-85,24.63,6.42,3.28,4.94,4.97,5.01,1095,1107,654,311,20.06,1013.40,12.10,404.90,13.01,63.70,1080,0,0,0,0,0
TLM_RCV,-48,FG-ALPHA,20260604_134329,AUTO,1,35.04,32.00,-85,24.50,6.41,3.31,4.92,4.94,5.02,0,1209,710,343,26.05,1013.60,11.90,406.40,13.01,63.85,1080,0,0,0,0,0
TLM_RCV,-58,FG-ALPHA,20260604_134330,AUTO,0,31.18,30.00,-85,24.58,6.52,3.31,5.02,4.97,5.01,1153,436,0,294,23.58,1013.60,11.90,404.80,13.01,63.85,1080,0,0,0,0,0
TLM_RCV,-54,FG-ALPHA,20260604_134331,AUTO,0,32.01,28.00,-85,24.54,6.53,3.30,5.02,4.97,5.02,0,403,0,255,22.01,1012.80,11.90,405.50,13.01,63.85,1080,0,0,0,0,0
TLM_RCV,-80,FG-ALPHA,20260604_134332,AUTO,0,32.21,26.00,-85,24.61,6.52,3.31,5.02,4.97,5.01,1159,441,0,294,23.59,1013.50,12.10,406.00,13.01,63.85,1080,0,0,0,0,0
TLM_RCV,-87,FG-ALPHA,20260604_134333,AUTO,0,33.33,24.00,-85,24.66,6.52,3.30,5.02,4.97,5.02,963,466,0,325,22.49,1013.30,11.80,405.50,13.01,63.85,1080,0,0,0,0,0
TLM_RCV,-74,FG-ALPHA,20260604_134334,AUTO,0,31.25,22.00,-85,24.73,6.53,3.28,5.02,4.97,5.02,1193,451,0,304,23.71,1013.20,12.10,405.40,13.01,63.85,1080,0,0,0,0,0
TLM_RCV,-95,FG-ALPHA,20260604_134335,AUTO,0,31.47,20.00,-85,24.78,6.52,3.28,5.02,4.94,5.02,950,494,0,348,22.28,1013.40,12.10,405.00,13.02,63.85,1080,0,0,0,0,0
TLM_RCV,-90,FG-ALPHA,20260604_134336,AUTO,0,32.13,18.00,-85,24.84,6.53,3.31,5.02,4.96,5.01,1083,427,0,274,23.28,1013.60,11.90,404.80,13.02,63.85,1080,0,0,0,0,0
TLM_RCV,-78,FG-ALPHA,20260604_134337,AUTO,0,31.50,16.00,-85,24.90,6.52,3.28,5.02,4.95,5.02,1044,499,0,343,22.73,1012.80,11.90,404.50,13.02,63.85,1080,0,0,0,0,0
TLM_RCV,-76,FG-ALPHA,20260604_134338,AUTO,0,31.34,14.00,-85,24.95,6.53,3.29,5.02,4.96,5.01,991,468,0,317,22.61,1012.90,12.00,405.90,13.02,63.85,1080,0,0,0,0,0
TLM_RCV,-87,FG-ALPHA,20260604_134339,AUTO,0,32.51,12.00,-85,24.90,6.52,3.28,5.02,4.97,5.02,0,502,0,346,22.51,1013.40,11.90,406.00,13.02,63.85,1080,0,0,0,0,0
TLM_RCV,-55,FG-ALPHA,20260604_134401,AUTO,0,32.13,5.00,-85,25.94,6.56,3.29,5.02,4.95,5.02,0,425,0,267,22.12,1013.50,12.10,406.20,13.04,63.85,1080,0,0,0,0,0
TLM_RCV,-74,FG-ALPHA,20260604_134402,AUTO,1,35.24,6.50,-85,25.83,6.46,3.29,4.85,4.96,5.02,0,1048,628,271,25.24,1012.80,12.00,406.30,13.04,64.00,1080,0,0,0,0,0
TLM_RCV,-54,FG-ALPHA,20260604_134403,AUTO,1,36.17,8.00,-85,25.82,6.46,3.29,4.91,4.97,5.01,959,1034,615,262,20.37,1012.70,12.10,404.50,13.04,64.15,1080,0,0,0,0,0
TLM_RCV,-61,FG-ALPHA,20260604_134404,AUTO,1,36.15,9.50,-85,25.81,6.43,3.28,4.91,4.96,5.02,1043,1231,730,347,20.94,1013.00,12.10,405.50,13.04,64.30,1080,0,0,0,0,0
TLM_RCV,-87,FG-ALPHA,20260604_134405,AUTO,1,34.67,11.00,-85,25.80,6.45,3.29,4.94,4.94,5.02,1048,1134,723,263,20.43,1013.60,12.00,406.40,13.05,64.45,1080,0,0,0,0,0
TLM_RCV,-70,FG-ALPHA,20260604_134407,AUTO,1,36.79,14.00,-85,25.66,6.44,3.28,4.87,4.97,5.01,962,1158,748,268,20.98,1012.80,12.00,405.40,13.05,64.75,1080,0,0,0,0,0
TLM_RCV,-72,FG-ALPHA,20260604_134408,AUTO,1,36.38,15.50,-85,25.55,6.45,3.28,4.91,4.97,5.02,0,1077,652,272,25.39,1013.50,12.00,406.40,13.05,64.90,1080,0,0,0,0,0
TLM_RCV,-75,FG-ALPHA,20260604_134409,AUTO,0,31.25,13.50,-85,25.61,6.55,3.31,5.02,4.96,5.01,992,451,0,296,22.70,1012.80,12.00,405.60,13.05,64.90,1080,0,0,0,0,0
TLM_RCV,-81,FG-ALPHA,20260604_134410,AUTO,0,31.37,11.50,-85,25.66,6.54,3.29,5.02,4.96,5.01,998,475,0,331,22.61,1013.20,11.90,404.60,13.05,64.90,1080,0,0,0,0,0
TLM_RCV,-40,FG-ALPHA,20260604_134411,AUTO,0,32.14,9.50,-85,25.71,6.55,3.31,5.02,4.94,5.02,934,428,0,282,22.53,1012.90,12.10,405.20,13.05,64.90,1080,0,0,0,0,0
TLM_RCV,-84,FG-ALPHA,20260604_134412,AUTO,0,31.99,7.50,-85,25.75,6.56,3.28,5.02,4.97,5.02,812,398,0,251,22.07,1013.00,11.90,406.00,13.05,64.90,1080,0,0,0,0,0
TLM_RCV,-75,FG-ALPHA,20260604_134413,AUTO,0,31.33,5.50,-85,25.79,6.55,3.30,5.02,4.96,5.02,829,466,0,312,21.82,1013.50,12.10,405.40,13.05,64.90,1080,0,0,0,0,0
TLM_RCV,-80,FG-ALPHA,20260604_134414,AUTO,0,31.11,5.00,-85,25.75,6.55,3.28,5.02,4.94,5.01,0,422,0,275,22.11,1013.30,11.90,404.80,13.05,64.90,1080,0,0,0,0,0
TLM_RCV,-44,FG-ALPHA,20260604_134415,AUTO,1,34.48,6.50,-85,25.73,6.45,3.28,4.90,4.95,5.01,964,1096,649,298,20.66,1013.30,11.80,405.10,13.06,65.05,1080,1,1,0,0,0
TLM_RCV,-85,FG-ALPHA,20260604_134416,AUTO,1,36.15,8.00,-85,25.70,6.43,3.30,4.90,4.96,5.02,881,1231,790,299,21.75,1013.30,11.80,404.50,13.06,65.20,1080,0,0,0,0,0
TLM_RCV,-87,FG-ALPHA,20260604_134417,AUTO,1,35.47,9.50,-85,25.68,6.45,3.29,4.90,4.96,5.02,958,1095,616,332,20.68,1013.50,12.10,405.80,13.06,65.35,1080,0,0,0,0,0
TLM_RCV,-66,FG-ALPHA,20260604_134418,AUTO,0,33.42,7.50,-85,25.72,6.54,3.31,5.02,4.94,5.01,836,484,0,343,21.76,1013.30,12.10,404.70,13.06,65.35,1080,0,0,0,0,0
TLM_RCV,-45,FG-ALPHA,20260604_134419,AUTO,0,32.12,5.50,-85,25.78,6.56,3.29,5.02,4.95,5.01,1046,423,0,282,23.11,1012.70,12.10,405.90,13.06,65.35,1080,0,0,0,0,0
TLM_RCV,-70,FG-ALPHA,20260604_134420,AUTO,1,34.71,7.00,-85,25.78,6.45,3.30,4.89,4.95,5.01,1135,1141,690,302,20.03,1012.90,12.10,406.30,13.06,65.50,1080,0,0,1,1,1
TLM_RCV,-61,FG-ALPHA,20260604_134421,AUTO,1,36.90,8.50,-85,25.75,6.44,3.31,4.88,4.95,5.02,856,1180,722,306,21.62,1013.10,12.00,404.80,13.06,65.65,1080,0,0,0,0,0
TLM_RCV,-51,FG-ALPHA,20260604_134422,AUTO,1,35.56,10.00,-85,25.73,6.45,3.30,4.89,4.96,5.02,931,1111,662,295,20.90,1012.90,12.00,406.20,13.06,65.80,1080,0,0,0,0,0
TLM_RCV,-93,FG-ALPHA,20260604_134423,AUTO,1,34.46,11.50,-85,25.72,6.45,3.29,4.86,4.94,5.01,970,1092,628,320,20.61,1013.10,12.00,404.80,13.06,65.95,1080,0,0,0,0,0
TLM_RCV,-74,FG-ALPHA,20260604_134424,AUTO,0,31.03,9.50,-85,25.68,6.56,3.31,5.02,4.96,5.01,0,406,0,260,22.03,1013.40,12.10,405.00,13.06,65.95,1080,0,0,0,0,0
TLM_RCV,-70,FG-ALPHA,20260604_134425,AUTO,1,35.29,11.00,-85,25.67,6.46,3.29,4.87,4.96,5.01,1010,1059,658,261,20.25,1013.40,11.80,404.60,13.07,66.10,1080,0,0,0,0,0
TLM_RCV,-60,FG-ALPHA,20260604_134426,AUTO,1,35.00,12.50,-85,25.66,6.44,3.30,4.88,4.96,5.02,1122,1200,754,300,20.39,1012.70,11.80,406.10,13.07,66.25,1080,0,0,0,0,0
TLM_RCV,-55,FG-ALPHA,20260604_134427,AUTO,1,35.79,14.00,-85,25.55,6.44,3.30,4.91,4.97,5.02,0,1159,685,327,25.80,1013.20,11.90,406.10,13.07,66.40,1080,0,0,0,0,0
TLM_RCV,-74,FG-ALPHA,20260604_134428,AUTO,1,36.94,15.50,-85,25.51,6.43,3.30,4.85,4.96,5.02,811,1189,716,330,21.89,1013.60,12.10,404.90,13.07,66.55,1080,0,0,1,0,0
TLM_RCV,-86,FG-ALPHA,20260604_134429,AUTO,0,31.36,13.50,-85,25.46,6.54,3.31,5.02,4.95,5.02,0,472,0,325,22.36,1013.20,11.80,405.70,13.07,66.55,1080,0,0,0,0,0
TLM_RCV,-59,FG-ALPHA,20260604_134430,AUTO,0,31.39,11.50,-85,25.51,6.54,3.31,5.02,4.94,5.02,914,477,0,323,22.18,1013.60,11.80,405.00,13.07,66.55,1080,0,0,0,0,0
TLM_RCV,-56,FG-ALPHA,20260604_134431,AUTO,0,32.31,9.50,-85,25.56,6.54,3.29,5.02,4.96,5.01,988,462,0,313,22.63,1013.40,12.00,405.20,13.07,66.55,1080,0,0,0,0,0
TLM_RCV,-89,FG-ALPHA,20260604_134432,AUTO,0,33.04,7.50,-85,25.52,6.55,3.29,5.02,4.96,5.01,0,409,0,268,22.05,1013.30,11.80,405.50,13.07,66.55,1080,0,0,0,0,0
TLM_RCV,-45,FG-ALPHA,20260604_134433,AUTO,0,31.44,5.50,-85,25.55,6.54,3.31,5.02,4.96,5.02,803,489,0,349,21.57,1013.00,12.00,406.00,13.07,66.55,1080,0,0,0,0,0
TLM_RCV,-79,FG-ALPHA,20260604_134434,AUTO,0,31.26,5.00,-85,25.62,6.55,3.28,5.02,4.96,5.01,1174,453,0,295,23.60,1012.90,12.10,405.40,13.07,66.55,1080,0,0,0,0,0
TLM_RCV,-64,FG-ALPHA,20260604_134435,AUTO,0,33.12,5.00,-85,25.69,6.55,3.28,5.02,4.97,5.02,1098,424,0,280,23.37,1013.00,11.80,405.40,13.08,66.55,1080,0,0,0,0,0
TLM_RCV,-83,FG-ALPHA,20260604_134436,AUTO,0,30.96,5.00,-85,25.65,6.56,3.29,5.02,4.97,5.01,0,392,0,251,21.96,1012.70,12.00,405.00,13.08,66.55,1080,0,0,0,0,0
TLM_RCV,-47,FG-ALPHA,20260604_134437,AUTO,0,33.12,5.00,-85,25.70,6.55,3.29,5.02,4.96,5.01,948,424,0,273,22.62,1013.00,12.10,406.20,13.08,66.55,1080,0,0,0,0,0
TLM_RCV,-84,FG-ALPHA,20260604_134438,AUTO,0,33.28,5.00,-85,25.74,6.55,3.31,5.02,4.96,5.01,849,455,0,298,21.97,1013.10,12.10,406.30,13.08,66.55,1080,0,0,0,0,0
TLM_RCV,-92,FG-ALPHA,20260604_134439,AUTO,0,32.12,5.00,-85,25.79,6.56,3.28,5.02,4.95,5.02,886,424,0,282,22.31,1013.20,12.00,405.70,13.08,66.55,1080,0,0,0,0,0
TLM_RCV,-47,FG-ALPHA,20260604_134440,AUTO,0,31.17,5.00,-85,25.74,6.55,3.29,5.02,4.97,5.01,0,434,0,276,22.17,1013.00,12.10,405.00,13.08,66.55,1080,0,0,0,0,0
TLM_RCV,-75,FG-ALPHA,20260604_134441,AUTO,0,33.45,5.00,-85,25.70,6.54,3.29,5.02,4.96,5.02,0,490,0,348,22.45,1013.30,11.90,405.80,13.08,66.55,1080,0,0,0,0,0
TLM_RCV,-80,FG-ALPHA,20260604_134503,AUTO,0,33.01,5.00,-85,26.74,6.58,3.30,5.02,4.94,5.01,911,403,0,258,22.54,1013.40,12.10,406.40,13.10,66.55,1080,0,0,0,0,0
TLM_RCV,-87,FG-ALPHA,20260604_134504,AUTO,0,32.00,5.00,-85,26.78,6.58,3.30,5.02,4.97,5.02,811,400,0,250,22.06,1013.00,12.10,405.90,13.10,66.55,1080,0,0,0,0,0
TLM_RCV,-77,FG-ALPHA,20260604_134505,AUTO,0,31.26,5.00,-85,26.84,6.58,3.29,5.02,4.94,5.01,1006,453,0,297,22.76,1012.80,12.10,406.20,13.11,66.55,1080,0,0,0,0,0
TLM_RCV,-85,FG-ALPHA,20260604_134506,AUTO,0,32.28,5.00,-85,26.88,6.58,3.28,5.02,4.96,5.01,808,456,0,313,21.76,1012.70,12.00,404.80,13.11,66.55,1080,0,0,0,0,0
TLM_RCV,-89,FG-ALPHA,20260604_134507,AUTO,0,32.51,5.00,-85,26.94,6.57,3.30,5.02,4.96,5.02,1190,503,0,349,23.43,1013.60,12.00,405.10,13.11,66.55,1080,0,0,0,0,0
TLM_RCV,-55,FG-ALPHA,20260604_134508,AUTO,0,33.12,5.00,-85,26.99,6.58,3.28,5.02,4.94,5.02,923,423,0,277,22.50,1013.00,11.80,404.60,13.11,66.55,1080,0,0,0,0,0
TLM_RCV,-81,FG-ALPHA,20260604_134509,AUTO,0,32.15,5.00,-85,27.07,6.58,3.28,5.02,4.94,5.01,1150,431,0,289,23.59,1013.50,11.80,406.10,13.11,66.55,1080,0,0,0,0,0
TLM_RCV,-64,FG-ALPHA,20260604_134510,AUTO,0,33.48,5.00,-85,27.02,6.57,3.30,5.02,4.94,5.02,0,496,0,344,22.48,1013.60,11.80,405.20,13.11,66.55,1080,0,0,0,0,0
TLM_RCV,-66,FG-ALPHA,20260604_134511,AUTO,0,31.16,5.00,-85,27.07,6.58,3.31,5.02,4.96,5.01,939,431,0,289,22.54,1013.30,12.10,405.00,13.11,66.55,1080,0,0,0,0,0
TLM_RCV,-47,FG-ALPHA,20260604_134512,AUTO,0,33.45,5.00,-85,27.11,6.58,3.31,5.02,4.96,5.01,900,490,0,347,22.05,1013.40,11.80,405.20,13.11,66.55,1080,0,0,0,0,0
TLM_RCV,-65,FG-ALPHA,20260604_134513,AUTO,0,33.04,5.00,-85,27.07,6.59,3.28,5.02,4.95,5.02,0,408,0,254,22.04,1013.40,11.80,405.20,13.11,66.55,1080,0,0,0,0,0
TLM_RCV,-51,FG-ALPHA,20260604_134514,AUTO,0,33.28,5.00,-85,27.11,6.58,3.29,5.02,4.94,5.02,854,455,0,301,22.00,1013.50,12.10,405.60,13.11,66.55,1080,0,0,0,0,0
TLM_RCV,-91,FG-ALPHA,20260604_134515,AUTO,1,35.80,6.50,-85,27.10,6.48,3.29,4.92,4.96,5.01,1113,1160,669,345,20.24,1013.20,12.00,404.70,13.12,66.70,1080,0,0,0,0,0
TLM_RCV,-60,FG-ALPHA,20260604_134516,AUTO,1,35.08,8.00,-85,27.08,6.50,3.31,4.91,4.95,5.01,820,1017,619,257,20.99,1012.70,12.00,406.40,13.12,66.85,1080,0,0,0,0,0
TLM_RCV,-60,FG-ALPHA,20260604_134517,AUTO,1,34.40,9.50,-85,27.09,6.49,3.29,4.88,4.94,5.02,1157,1080,607,332,20.39,1013.60,12.10,404.70,13.12,67.00,1080,0,0,0,0,0
TLM_RCV,-71,FG-ALPHA,20260604_134518,AUTO,1,35.07,11.00,-85,27.07,6.47,3.29,4.91,4.96,5.01,1001,1214,775,288,21.07,1013.30,12.10,405.10,13.12,67.15,1080,0,1,1,1,0
TLM_RCV,-47,FG-ALPHA,20260604_134519,AUTO,1,34.94,12.50,-85,27.04,6.47,3.29,4.86,4.97,5.02,896,1188,721,309,21.46,1013.60,12.10,405.10,13.12,67.30,1080,0,0,0,0,0
TLM_RCV,-86,FG-ALPHA,20260604_134520,AUTO,1,37.11,14.00,-85,27.00,6.46,3.28,4.92,4.94,5.01,819,1222,721,342,22.01,1013.60,12.10,406.00,13.12,67.45,1080,0,0,0,0,0
TLM_RCV,-50,FG-ALPHA,20260604_134521,AUTO,1,34.12,15.50,-85,26.90,6.49,3.31,4.93,4.94,5.02,0,1024,617,257,25.12,1013.40,12.00,404.80,13.12,67.60,1080,0,0,0,0,0
TLM_RCV,-80,FG-ALPHA,20260604_134522,AUTO,1,35.94,17.00,-85,26.78,6.46,3.31,4.85,4.94,5.02,0,1188,747,284,25.94,1012.90,12.00,404.50,13.12,67.75,1080,0,0,0,0,0
TLM_RCV,-66,FG-ALPHA,20260604_134523,AUTO,1,35.94,18.50,-85,26.74,6.46,3.31,4.90,4.96,5.01,846,1189,704,343,21.72,1013.10,11.90,406.00,13.12,67.90,1080,0,0,0,0,0
TLM_RCV,-93,FG-ALPHA,20260604_134524,AUTO,1,35.79,20.00,-85,26.73,6.47,3.31,4.88,4.95,5.02,978,1159,739,262,20.91,1013.10,11.80,405.90,13.12,68.05,1080,0,0,0,0,0
TLM_RCV,-80,FG-ALPHA,20260604_134525,AUTO,1,35.06,21.50,-85,26.74,6.49,3.28,4.91,4.95,5.02,1127,1011,603,250,20.58,1012.80,12.00,405.70,13.13,68.20,1080,0,0,0,1,0
TLM_RCV,-79,FG-ALPHA,20260604_134526,AUTO,1,35.56,23.00,-85,26.63,6.47,3.30,4.85,4.96,5.02,0,1111,615,339,25.56,1012.70,11.90,406.00,13.13,68.35,1080,0,0,0,0,0
TLM_RCV,-89,FG-ALPHA,20260604_134527,AUTO,1,35.90,24.50,-85,26.62,6.46,3.29,4.88,4.94,5.02,1110,1181,765,274,20.35,1013.60,12.10,405.60,13.13,68.50,1080,0,0,0,0,0
TLM_RCV,-89,FG-ALPHA,20260604_134528,AUTO,1,35.72,26.00,-85,26.61,6.47,3.29,4.94,4.96,5.01,1073,1143,721,274,20.35,1013.00,12.00,406.10,13.13,68.65,1080,0,0,0,0,0
TLM_RCV,-69,FG-ALPHA,20260604_134529,AUTO,1,36.93,27.50,-85,26.60,6.46,3.31,4.89,4.95,5.02,1081,1186,721,316,20.52,1013.60,11.80,405.90,13.13,68.80,1080,0,0,0,1,1
TLM_RCV,-62,FG-ALPHA,20260604_134530,AUTO,1,35.19,29.00,-85,26.58,6.48,3.31,4.91,4.96,5.02,851,1039,631,255,20.94,1013.20,12.10,405.60,13.13,68.95,1080,0,0,0,0,0
TLM_RCV,-73,FG-ALPHA,20260604_134531,AUTO,0,32.29,27.00,-85,26.63,6.57,3.31,5.02,4.97,5.01,967,459,0,316,22.54,1013.20,11.80,405.80,13.13,68.95,1080,0,0,0,0,0
TLM_RCV,-45,FG-ALPHA,20260604_134532,AUTO,0,33.39,25.00,-85,26.59,6.57,3.31,5.02,4.94,5.01,0,478,0,320,22.39,1012.90,12.00,405.40,13.13,68.95,1080,0,0,0,0,0
TLM_RCV,-76,FG-ALPHA,20260604_134533,AUTO,0,31.22,23.00,-85,26.65,6.57,3.31,5.02,4.97,5.02,1036,444,0,296,22.96,1013.20,12.10,404.70,13.13,68.95,1080,0,0,0,0,0
TLM_RCV,-47,FG-ALPHA,20260604_134534,AUTO,0,30.96,21.00,-85,26.70,6.58,3.28,5.02,4.97,5.02,953,392,0,251,22.81,1013.00,11.90,406.00,13.13,68.95,1080,0,0,0,0,0
TLM_RCV,-68,FG-ALPHA,20260604_134535,AUTO,0,31.18,19.00,-85,26.76,6.58,3.28,5.02,4.94,5.02,1007,437,0,283,22.85,1013.50,12.00,405.90,13.14,68.95,1080,0,0,0,0,0
TLM_RCV,-58,FG-ALPHA,20260604_134536,AUTO,0,33.31,17.00,-85,26.71,6.57,3.29,5.02,4.97,5.01,0,461,0,320,22.31,1012.90,12.10,404.50,13.14,68.95,1080,0,0,0,0,0
TLM_RCV,-82,FG-ALPHA,20260604_134537,AUTO,0,33.38,15.00,-85,26.78,6.57,3.30,5.02,4.94,5.02,1186,477,0,328,23.55,1013.50,12.00,405.90,13.14,68.95,1080,0,0,0,0,0
TLM_RCV,-88,FG-ALPHA,20260604_134538,AUTO,0,31.34,13.00,-85,26.85,6.57,3.29,5.02,4.97,5.02,1090,468,0,322,23.11,1013.20,11.80,405.50,13.14,68.95,1080,0,0,0,0,0
TLM_RCV,-56,FG-ALPHA,20260604_134539,AUTO,0,31.44,11.00,-85,26.90,6.57,3.29,5.02,4.95,5.01,1001,489,0,342,22.56,1013.40,12.00,406.30,13.14,68.95,1080,0,0,0,0,0
TLM_RCV,-65,FG-ALPHA,20260604_134540,AUTO,1,34.42,12.50,-85,26.91,6.48,3.30,4.88,4.96,5.01,1189,1084,609,328,20.52,1012.70,12.00,405.90,13.14,69.10,1080,0,0,0,0,0
TLM_RCV,-88,FG-ALPHA,20260604_134541,AUTO,1,36.96,14.00,-85,26.89,6.47,3.30,4.94,4.95,5.02,976,1191,749,293,21.08,1013.50,11.90,406.10,13.14,69.25,1080,0,0,0,0,0
TLM_RCV,-93,FG-ALPHA,20260604_134542,AUTO,1,36.13,15.50,-85,26.85,6.46,3.28,4.92,4.95,5.01,881,1227,763,322,21.73,1012.90,12.10,406.40,13.14,69.40,1080,0,0,0,0,0
TLM_RCV,-63,FG-ALPHA,20260604_134543,AUTO,1,35.25,17.00,-85,26.82,6.46,3.29,4.87,4.96,5.02,914,1250,766,343,21.68,1013.00,12.00,406.00,13.14,69.55,1080,0,0,0,0,0
TLM_RCV,-59,FG-ALPHA,20260604_134605,AUTO,0,33.24,5.00,-85,28.45,6.62,3.30,5.02,4.95,5.02,936,448,0,296,22.44,1013.50,11.90,406.40,13.17,69.55,1080,0,0,0,0,0
TLM_RCV,-41,FG-ALPHA,20260604_134606,AUTO,1,35.34,6.50,-85,28.44,6.52,3.28,4.86,4.96,5.01,989,1068,600,324,20.40,1013.20,12.00,405.70,13.17,69.70,1080,0,0,0,0,0
TLM_RCV,-54,FG-ALPHA,20260604_134607,AUTO,1,36.44,8.00,-85,28.45,6.52,3.28,4.93,4.95,5.01,1184,1089,679,258,20.48,1013.20,11.90,406.20,13.17,69.85,1080,0,1,1,1,0
TLM_RCV,-66,FG-ALPHA,20260604_134608,AUTO,1,37.36,9.50,-85,28.42,6.49,3.30,4.85,4.94,5.01,956,1272,789,325,21.58,1013.20,12.10,406.10,13.17,70.00,1080,0,0,0,1,0
TLM_RCV,-46,FG-ALPHA,20260604_134609,AUTO,1,35.65,11.00,-85,28.42,6.51,3.30,4.86,4.94,5.02,1182,1130,667,315,20.26,1013.40,11.80,406.30,13.17,70.15,1080,0,0,0,0,0
TLM_RCV,-94,FG-ALPHA,20260604_134610,AUTO,1,35.83,12.50,-85,28.31,6.50,3.29,4.93,4.94,5.02,0,1165,690,330,25.83,1013.40,11.90,405.00,13.17,70.30,1080,0,0,0,0,0
TLM_RCV,-46,FG-ALPHA,20260604_134611,AUTO,1,34.44,14.00,-85,28.29,6.52,3.31,4.87,4.95,5.01,894,1089,602,343,20.98,1013.00,12.00,405.70,13.17,70.45,1080,0,0,0,0,0
TLM_RCV,-79,FG-ALPHA,20260604_134612,AUTO,1,34.56,15.50,-85,28.29,6.51,3.30,4.92,4.97,5.01,1127,1113,705,267,20.07,1012.70,12.10,404.60,13.17,70.60,1080,0,0,0,0,0
TLM_RCV,-62,FG-ALPHA,20260604_134613,AUTO,1,36.15,17.00,-85,28.28,6.49,3.31,4.86,4.94,5.01,1109,1229,762,322,20.60,1013.10,11.90,404.60,13.17,70.75,1080,0,0,0,0,0
TLM_RCV,-76,FG-ALPHA,20260604_134614,AUTO,1,35.54,18.50,-85,28.26,6.51,3.29,4.88,4.94,5.02,980,1108,691,266,20.64,1013.10,12.10,405.70,13.17,70.90,1080,0,0,0,0,0
TLM_RCV,-64,FG-ALPHA,20260604_134615,AUTO,1,34.90,20.00,-85,28.15,6.50,3.30,4.85,4.94,5.01,0,1181,759,267,25.91,1013.30,11.90,404.50,13.18,71.05,1080,0,0,0,0,0
TLM_RCV,-53,FG-ALPHA,20260604_134616,AUTO,1,34.50,21.50,-85,28.04,6.51,3.29,4.92,4.94,5.02,0,1100,674,272,25.50,1012.80,11.90,404.80,13.18,71.20,1080,0,0,0,0,0
TLM_RCV,-56,FG-ALPHA,20260604_134617,AUTO,1,34.48,23.00,-85,28.02,6.51,3.29,4.87,4.94,5.01,893,1096,651,289,21.01,1013.40,12.10,406.20,13.18,71.35,1080,0,0,0,0,0
TLM_RCV,-40,FG-ALPHA,20260604_134618,AUTO,1,35.94,24.50,-85,28.00,6.49,3.31,4.88,4.95,5.01,985,1188,785,251,21.01,1013.20,11.80,406.20,13.18,71.50,1080,0,0,0,0,0
TLM_RCV,-72,FG-ALPHA,20260604_134619,AUTO,1,34.81,26.00,-85,27.99,6.50,3.30,4.90,4.94,5.02,1092,1161,706,310,20.34,1012.70,12.10,404.50,13.18,71.65,1080,0,0,0,0,0
TLM_RCV,-51,FG-ALPHA,20260604_134620,AUTO,1,36.67,27.50,-85,27.99,6.50,3.28,4.90,4.95,5.02,1160,1135,716,278,20.12,1013.30,11.80,406.00,13.18,71.80,1080,0,0,0,0,0
TLM_RCV,-69,FG-ALPHA,20260604_134621,AUTO,0,33.39,25.50,-85,28.04,6.60,3.30,5.02,4.95,5.02,930,478,0,321,22.26,1012.80,11.90,405.80,13.18,71.80,1080,0,0,0,0,0
TLM_RCV,-57,FG-ALPHA,20260604_134622,AUTO,0,32.06,23.50,-85,28.11,6.61,3.30,5.02,4.95,5.02,1181,413,0,258,23.84,1013.20,12.00,406.20,13.18,71.80,1080,0,0,0,0,0
TLM_RCV,-87,FG-ALPHA,20260604_134623,AUTO,0,32.43,21.50,-85,28.17,6.60,3.29,5.02,4.94,5.01,1069,486,0,336,22.92,1012.80,12.00,406.30,13.18,71.80,1080,0,0,0,0,0
TLM_RCV,-63,FG-ALPHA,20260604_134624,AUTO,0,32.01,19.50,-85,28.22,6.62,3.29,5.02,4.95,5.01,935,403,0,250,22.66,1013.50,11.80,404.70,13.18,71.80,1080,0,0,0,0,0
TLM_RCV,-58,FG-ALPHA,20260604_134625,AUTO,0,33.29,17.50,-85,28.26,6.61,3.31,5.02,4.94,5.01,804,458,0,317,21.73,1012.90,11.90,405.00,13.19,71.80,1080,0,0,0,0,0
TLM_RCV,-51,FG-ALPHA,20260604_134626,AUTO,0,32.51,15.50,-85,28.32,6.60,3.31,5.02,4.95,5.02,1071,503,0,345,22.84,1013.10,11.90,405.50,13.19,71.80,1080,0,0,0,0,0
TLM_RCV,-66,FG-ALPHA,20260604_134627,AUTO,1,37.14,17.00,-85,28.31,6.50,3.28,4.93,4.94,5.02,1179,1228,770,317,20.25,1013.40,12.00,406.30,13.19,71.95,1080,0,0,0,0,0
TLM_RCV,-65,FG-ALPHA,20260604_134628,AUTO,1,36.88,18.50,-85,28.29,6.50,3.31,4.92,4.95,5.01,1005,1176,752,274,20.85,1012.70,12.00,406.30,13.19,72.10,1080,0,0,0,0,0
TLM_RCV,-74,FG-ALPHA,20260604_134629,AUTO,1,36.35,20.00,-85,28.27,6.52,3.29,4.87,4.97,5.02,833,1069,642,282,21.18,1013.60,12.00,405.00,13.19,72.25,1080,0,0,0,0,0
TLM_RCV,-84,FG-ALPHA,20260604_134630,AUTO,1,35.25,21.50,-85,28.24,6.49,3.29,4.86,4.94,5.01,966,1250,790,308,21.42,1013.10,12.00,405.20,13.19,72.40,1080,0,0,0,0,0
TLM_RCV,-86,FG-ALPHA,20260604_134631,AUTO,1,34.87,23.00,-85,28.24,6.50,3.28,4.88,4.97,5.02,1183,1174,742,276,20.05,1012.80,12.00,406.40,13.19,72.55,1080,0,0,0,0,0
TLM_RCV,-91,FG-ALPHA,20260604_134632,AUTO,0,31.41,21.00,-85,28.30,6.61,3.29,5.02,4.94,5.02,1072,482,0,340,22.95,1013.10,12.00,404.70,13.19,72.55,1080,0,0,0,0,0
TLM_RCV,-53,FG-ALPHA,20260604_134633,AUTO,0,32.49,19.00,-85,28.35,6.61,3.30,5.02,4.95,5.02,993,499,0,347,22.47,1013.00,12.00,404.80,13.19,72.55,1080,0,0,0,0,0
TLM_RCV,-66,FG-ALPHA,20260604_134634,AUTO,0,31.10,17.00,-85,28.40,6.62,3.31,5.02,4.95,5.02,951,420,0,269,22.66,1013.00,12.00,405.20,13.19,72.55,1080,0,0,0,0,0
TLM_RCV,-65,FG-ALPHA,20260604_134635,AUTO,0,31.42,15.00,-85,28.36,6.61,3.28,5.02,4.95,5.02,0,485,0,336,22.42,1012.90,12.00,404.80,13.20,72.55,1080,0,0,0,0,0
TLM_RCV,-61,FG-ALPHA,20260604_134636,AUTO,0,33.42,13.00,-85,28.39,6.61,3.29,5.02,4.95,5.01,849,484,0,341,21.83,1013.60,12.10,405.20,13.20,72.55,1080,0,0,0,0,0
TLM_RCV,-86,FG-ALPHA,20260604_134637,AUTO,0,31.44,11.00,-85,28.44,6.61,3.30,5.02,4.97,5.02,974,489,0,348,22.42,1013.50,11.90,404.50,13.20,72.55,1080,0,0,0,0,0
TLM_RCV,-92,FG-ALPHA,20260604_134638,AUTO,0,32.19,9.00,-85,28.49,6.62,3.28,5.02,4.94,5.01,962,437,0,278,22.62,1012.80,12.10,406.20,13.20,72.55,1080,0,0,0,0,0
TLM_RCV,-76,FG-ALPHA,20260604_134639,AUTO,0,31.45,7.00,-85,28.54,6.61,3.29,5.02,4.95,5.01,917,490,0,348,22.14,1013.40,12.00,405.10,13.20,72.55,1080,0,0,0,0,0
TLM_RCV,-64,FG-ALPHA,20260604_134640,AUTO,0,32.08,5.00,-85,28.60,6.62,3.29,5.02,4.94,5.01,1034,417,0,263,23.08,1013.00,11.80,404.90,13.20,72.55,1080,0,0,0,0,0
TLM_RCV,-49,FG-ALPHA,20260604_134641,AUTO,0,32.49,5.00,-85,28.55,6.61,3.31,5.02,4.97,5.01,0,497,0,345,22.49,1013.20,12.10,405.70,13.20,72.55,1080,0,0,0,0,0
TLM_RCV,-84,FG-ALPHA,20260604_134642,AUTO,0,32.44,5.00,-85,28.50,6.61,3.28,5.02,4.97,5.01,0,489,0,349,22.44,1013.30,12.00,406.40,13.20,72.55,1080,0,0,0,0,0
TLM_RCV,-55,FG-ALPHA,20260604_134643,AUTO,0,33.40,5.00,-85,28.55,6.61,3.28,5.02,4.94,5.02,977,480,0,334,22.49,1013.00,12.00,406.30,13.20,72.55,1080,0,0,0,0,0
TLM_RCV,-86,FG-ALPHA,20260604_134644,AUTO,0,31.20,5.00,-85,28.60,6.62,3.31,5.02,4.96,5.01,982,441,0,295,22.70,1013.30,12.10,405.90,13.20,72.55,1080,0,0,0,0,0
TLM_RCV,-78,FG-ALPHA,20260604_134645,AUTO,0,33.04,5.00,-85,28.64,6.63,3.31,5.02,4.95,5.02,802,409,0,259,21.97,1013.10,12.00,406.00,13.21,72.55,1080,0,0,0,0,0
TLM_RCV,-68,FG-ALPHA,20260604_134707,AUTO,0,33.08,5.00,-85,30.08,6.66,3.31,5.02,4.96,5.01,0,417,0,275,22.08,1012.80,11.80,405.20,13.23,72.55,1080,0,0,0,0,0
TLM_RCV,-59,FG-ALPHA,20260604_134708,AUTO,0,33.44,5.00,-85,30.15,6.65,3.29,5.02,4.94,5.01,1154,489,0,345,23.33,1013.20,12.00,405.00,13.23,72.55,1080,0,0,0,0,0
TLM_RCV,-75,FG-ALPHA,20260604_134709,AUTO,0,31.04,5.00,-85,30.19,6.66,3.30,5.02,4.94,5.02,857,408,0,255,22.25,1013.00,12.10,405.10,13.23,72.55,1080,0,0,0,0,0
TLM_RCV,-59,FG-ALPHA,20260604_134710,AUTO,0,32.01,5.00,-85,30.26,6.67,3.29,5.02,4.95,5.02,1108,402,0,261,23.53,1013.60,11.80,404.90,13.23,72.55,1080,0,0,0,0,0
TLM_RCV,-78,FG-ALPHA,20260604_134711,AUTO,0,33.10,5.00,-85,30.34,6.66,3.28,5.02,4.97,5.02,1189,421,0,268,23.84,1013.30,11.90,406.00,13.23,72.55,1080,0,0,0,0,0
TLM_RCV,-75,FG-ALPHA,20260604_134712,AUTO,1,34.60,6.50,-85,30.34,6.56,3.30,4.90,4.95,5.01,1103,1119,697,274,20.08,1013.30,12.10,405.80,13.23,72.70,1080,0,0,0,0,0
TLM_RCV,-62,FG-ALPHA,20260604_134713,AUTO,1,37.19,8.00,-85,30.30,6.54,3.29,4.93,4.95,5.01,865,1238,768,328,21.86,1013.00,11.90,406.30,13.23,72.85,1080,0,0,0,0,1
TLM_RCV,-64,FG-ALPHA,20260604_134714,AUTO,1,37.06,9.50,-85,30.26,6.54,3.31,4.88,4.95,5.01,837,1213,794,276,21.88,1013.40,11.90,404.80,13.23,73.00,1080,0,0,0,0,0
TLM_RCV,-77,FG-ALPHA,20260604_134715,AUTO,1,36.26,11.00,-85,30.25,6.54,3.31,4.90,4.96,5.02,1136,1252,773,336,20.58,1013.60,12.00,405.60,13.24,73.15,1080,0,0,0,0,1
TLM_RCV,-72,FG-ALPHA,20260604_134716,AUTO,1,34.68,12.50,-85,30.23,6.56,3.31,4.88,4.96,5.02,903,1136,722,265,21.17,1013.50,12.10,404.70,13.24,73.30,1080,0,0,0,0,0
TLM_RCV,-43,FG-ALPHA,20260604_134717,AUTO,1,37.03,14.00,-85,30.21,6.54,3.31,4.86,4.97,5.02,985,1205,717,338,21.10,1012.70,12.10,406.30,13.24,73.45,1080,0,0,0,0,0
TLM_RCV,-77,FG-ALPHA,20260604_134718,AUTO,1,35.58,15.50,-85,30.19,6.56,3.28,4.89,4.96,5.02,976,1116,674,302,20.70,1013.60,12.00,405.80,13.24,73.60,1080,0,0,0,0,0
TLM_RCV,-64,FG-ALPHA,20260604_134719,AUTO,1,36.81,17.00,-85,30.18,6.55,3.31,4.90,4.96,5.02,1005,1161,698,310,20.78,1013.10,12.00,405.50,13.24,73.75,1080,0,0,0,0,0
TLM_RCV,-50,FG-ALPHA,20260604_134720,AUTO,1,35.82,18.50,-85,30.15,6.55,3.30,4.93,4.95,5.01,885,1164,736,273,21.40,1013.00,11.80,405.40,13.24,73.90,1080,0,0,0,0,0
TLM_RCV,-75,FG-ALPHA,20260604_134721,AUTO,1,35.24,20.00,-85,30.15,6.57,3.29,4.94,4.97,5.01,1066,1049,604,305,20.08,1013.40,11.80,405.80,13.24,74.05,1080,0,0,0,0,0
TLM_RCV,-66,FG-ALPHA,20260604_134722,AUTO,1,35.57,21.50,-85,30.14,6.56,3.31,4.90,4.95,5.02,1068,1114,668,295,20.23,1013.00,11.80,405.50,13.24,74.20,1080,0,1,0,0,0
TLM_RCV,-62,FG-ALPHA,20260604_134723,AUTO,1,35.19,23.00,-85,30.13,6.54,3.28,4.92,4.95,5.01,1104,1239,793,296,20.67,1013.10,12.00,405.20,13.24,74.35,1080,0,0,0,0,0
TLM_RCV,-76,FG-ALPHA,20260604_134724,AUTO,1,35.33,24.50,-85,30.12,6.56,3.31,4.90,4.97,5.02,968,1067,650,271,20.50,1013.10,12.10,406.00,13.24,74.50,1080,0,0,0,0,0
TLM_RCV,-49,FG-ALPHA,20260604_134725,AUTO,1,34.83,26.00,-85,30.10,6.55,3.29,4.94,4.95,5.01,919,1167,769,255,21.24,1013.50,11.80,405.20,13.25,74.65,1080,0,1,0,0,0
TLM_RCV,-80,FG-ALPHA,20260604_134726,AUTO,1,36.26,27.50,-85,30.09,6.56,3.31,4.93,4.94,5.02,959,1051,619,273,20.46,1013.50,11.90,404.80,13.25,74.80,1080,0,0,0,0,0
TLM_RCV,-64,FG-ALPHA,20260604_134727,AUTO,1,37.12,29.00,-85,30.08,6.54,3.28,4.92,4.94,5.02,1192,1224,741,324,20.16,1013.30,12.00,405.50,13.25,74.95,1080,0,0,0,0,0
TLM_RCV,-90,FG-ALPHA,20260604_134728,AUTO,1,35.91,30.50,-85,30.07,6.54,3.30,4.93,4.97,5.02,1025,1182,759,275,20.78,1013.50,11.90,404.50,13.25,75.10,1080,0,0,0,0,0
TLM_RCV,-55,FG-ALPHA,20260604_134729,AUTO,0,33.27,28.50,-85,30.02,6.65,3.30,5.02,4.96,5.01,0,454,0,300,22.27,1013.60,11.80,406.30,13.25,75.10,1080,0,0,0,0,0
TLM_RCV,-45,FG-ALPHA,20260604_134730,AUTO,0,31.44,26.50,-85,30.09,6.65,3.31,5.02,4.97,5.02,1127,488,0,342,23.19,1013.30,12.00,406.30,13.25,75.10,1080,0,0,0,0,0
TLM_RCV,-54,FG-ALPHA,20260604_134731,AUTO,0,31.10,24.50,-85,30.04,6.66,3.28,5.02,4.97,5.01,0,421,0,264,22.10,1013.40,12.00,406.00,13.25,75.10,1080,0,0,0,0,0
TLM_RCV,-44,FG-ALPHA,20260604_134732,AUTO,0,32.04,22.50,-85,30.10,6.66,3.30,5.02,4.96,5.01,943,408,0,257,22.67,1013.40,11.80,406.10,13.25,75.10,1080,0,0,0,0,0
TLM_RCV,-61,FG-ALPHA,20260604_134733,AUTO,0,33.19,20.50,-85,30.15,6.66,3.29,5.02,4.97,5.02,981,439,0,283,22.71,1013.40,12.10,406.30,13.25,75.10,1080,0,0,0,0,0
TLM_RCV,-43,FG-ALPHA,20260604_134734,AUTO,1,36.43,22.00,-85,30.16,6.56,3.29,4.90,4.95,5.02,1156,1086,616,329,20.35,1013.00,11.90,406.20,13.25,75.25,1080,0,0,0,0,0
TLM_RCV,-88,FG-ALPHA,20260604_134735,AUTO,1,34.69,23.50,-85,30.16,6.55,3.30,4.92,4.96,5.02,1101,1139,680,316,20.19,1012.90,11.80,406.40,13.26,75.40,1080,0,0,0,0,0
TLM_RCV,-43,FG-ALPHA,20260604_134736,AUTO,1,35.08,25.00,-85,30.12,6.54,3.29,4.92,4.96,5.02,868,1215,770,303,21.74,1013.50,11.90,406.20,13.26,75.55,1080,0,0,0,0,0
TLM_RCV,-41,FG-ALPHA,20260604_134737,AUTO,1,37.17,26.50,-85,30.11,6.54,3.29,4.92,4.96,5.02,1092,1235,731,349,20.72,1012.90,12.10,404.90,13.26,75.70,1080,0,0,0,0,0
TLM_RCV,-58,FG-ALPHA,20260604_134738,AUTO,1,35.50,28.00,-85,30.11,6.56,3.28,4.89,4.96,5.02,1125,1100,640,302,20.12,1012.80,12.10,405.50,13.26,75.85,1080,0,0,0,0,0
TLM_RCV,-93,FG-ALPHA,20260604_134739,AUTO,1,35.67,29.50,-85,30.09,6.55,3.30,4.88,4.94,5.01,975,1134,651,329,20.80,1013.60,12.00,405.00,13.26,76.00,1080,0,0,1,0,0
TLM_RCV,-42,FG-ALPHA,20260604_134740,AUTO,1,36.45,31.00,-85,30.10,6.56,3.29,4.85,4.95,5.01,1113,1090,644,304,20.11,1012.80,12.00,405.00,13.26,76.15,1080,0,0,0,0,0
TLM_RCV,-59,FG-ALPHA,20260604_134741,AUTO,1,36.96,32.50,-85,30.06,6.54,3.29,4.91,4.95,5.02,818,1191,719,318,21.86,1012.70,11.90,405.00,13.26,76.30,1080,0,0,0,0,0
TLM_RCV,-75,FG-ALPHA,20260604_134742,AUTO,0,32.50,30.50,-85,30.01,6.65,3.28,5.02,4.95,5.01,0,500,0,342,22.50,1013.00,11.90,406.20,13.26,76.30,1080,0,0,0,0,0
TLM_RCV,-94,FG-ALPHA,20260604_134743,AUTO,0,33.28,28.50,-85,30.08,6.65,3.30,5.02,4.94,5.02,1145,456,0,306,23.44,1013.10,11.80,404.90,13.26,76.30,1080,0,0,0,0,0
TLM_RCV,-65,FG-ALPHA,20260604_134744,AUTO,0,33.26,26.50,-85,30.03,6.65,3.28,5.02,4.95,5.01,0,451,0,303,22.25,1013.30,11.80,404.60,13.26,76.30,1080,0,0,0,0,0
TLM_RCV,-75,FG-ALPHA,20260604_134745,AUTO,0,32.35,24.50,-85,30.10,6.65,3.31,5.02,4.97,5.01,1154,470,0,320,23.42,1012.80,12.10,404.60,13.27,76.30,1080,0,0,0,0,0
TLM_RCV,-62,FG-ALPHA,20260604_134746,AUTO,1,36.04,26.00,-85,30.08,6.54,3.31,4.90,4.97,5.02,1044,1209,792,273,20.83,1013.10,11.80,405.40,13.27,76.45,1080,0,0,0,0,0
TLM_RCV,-57,FG-ALPHA,20260604_134747,AUTO,1,36.87,27.50,-85,30.05,6.55,3.29,4.93,4.96,5.01,805,1174,745,286,21.84,1013.40,11.80,406.20,13.27,76.60,1080,0,0,0,0,0
TLM_RCV,-88,FG-ALPHA,20260604_134809,AUTO,0,31.00,5.00,-85,31.13,6.69,3.28,5.02,4.96,5.01,821,401,0,252,22.10,1013.10,11.80,405.10,13.29,77.35,1080,0,0,0,0,0
TLM_RCV,-71,FG-ALPHA,20260604_134810,AUTO,1,34.91,6.50,-85,31.01,6.57,3.31,4.93,4.95,5.02,0,1182,705,320,25.91,1013.20,12.00,406.10,13.29,77.50,1080,0,0,0,0,0
TLM_RCV,-75,FG-ALPHA,20260604_134811,AUTO,1,36.23,8.00,-85,31.00,6.56,3.30,4.93,4.96,5.01,1153,1246,752,341,20.47,1013.10,12.10,404.80,13.29,77.65,1080,0,0,0,0,0
TLM_RCV,-64,FG-ALPHA,20260604_134812,AUTO,1,34.33,9.50,-85,31.00,6.58,3.30,4.91,4.97,5.01,1046,1065,618,305,20.09,1012.70,11.90,406.10,13.29,77.80,1080,0,0,0,0,0
TLM_RCV,-86,FG-ALPHA,20260604_134813,AUTO,0,33.21,7.50,-85,31.07,6.68,3.30,5.02,4.96,5.01,1091,441,0,282,23.25,1013.50,11.80,404.90,13.29,77.80,1080,0,0,0,0,0
TLM_RCV,-94,FG-ALPHA,20260604_134814,AUTO,0,31.37,5.50,-85,31.10,6.68,3.28,5.02,4.97,5.01,846,474,0,316,21.86,1013.20,12.10,405.90,13.29,77.80,1080,0,0,0,0,0
TLM_RCV,-92,FG-ALPHA,20260604_134815,AUTO,0,33.46,5.00,-85,31.17,6.67,3.28,5.02,4.94,5.01,1153,491,0,342,23.31,1013.50,11.90,405.20,13.30,77.80,1080,0,0,0,0,0
TLM_RCV,-48,FG-ALPHA,20260604_134816,AUTO,0,33.22,5.00,-85,31.22,6.68,3.30,5.02,4.97,5.01,916,445,0,289,22.35,1012.70,12.10,404.60,13.30,77.80,1080,0,0,0,0,0
TLM_RCV,-92,FG-ALPHA,20260604_134817,AUTO,0,32.26,5.00,-85,31.17,6.68,3.29,5.02,4.96,5.01,0,453,0,299,22.26,1013.00,11.90,404.60,13.30,77.80,1080,0,0,0,0,0
TLM_RCV,-90,FG-ALPHA,20260604_134818,AUTO,0,32.24,5.00,-85,31.23,6.68,3.31,5.02,4.95,5.01,973,448,0,293,22.62,1013.50,12.00,404.80,13.30,77.80,1080,0,0,0,0,0
TLM_RCV,-67,FG-ALPHA,20260604_134819,AUTO,0,32.15,5.00,-85,31.27,6.69,3.28,5.02,4.96,5.01,897,431,0,273,22.33,1013.00,12.10,405.90,13.30,77.80,1080,0,0,0,0,0
TLM_RCV,-84,FG-ALPHA,20260604_134820,AUTO,0,32.17,5.00,-85,31.32,6.69,3.29,5.02,4.96,5.02,925,433,0,283,22.46,1013.10,11.90,405.70,13.30,77.80,1080,0,0,0,0,0
TLM_RCV,-49,FG-ALPHA,20260604_134821,AUTO,0,32.20,5.00,-85,31.37,6.69,3.29,5.02,4.96,5.02,946,440,0,282,22.53,1012.90,11.80,406.00,13.30,77.80,1080,0,0,0,0,0
TLM_RCV,-72,FG-ALPHA,20260604_134822,AUTO,0,32.15,5.00,-85,31.33,6.69,3.29,5.02,4.95,5.02,0,430,0,288,22.15,1012.80,11.80,405.00,13.30,77.80,1080,0,0,0,0,0
TLM_RCV,-57,FG-ALPHA,20260604_134823,AUTO,0,33.28,5.00,-85,31.38,6.68,3.29,5.02,4.94,5.02,946,455,0,315,22.45,1013.30,11.80,404.90,13.30,77.80,1080,0,0,0,0,0
TLM_RCV,-62,FG-ALPHA,20260604_134824,AUTO,0,33.33,5.00,-85,31.42,6.68,3.30,5.02,4.96,5.01,906,467,0,325,22.19,1012.90,12.10,406.40,13.30,77.80,1080,0,0,0,0,0
TLM_RCV,-70,FG-ALPHA,20260604_134825,AUTO,0,32.02,5.00,-85,31.49,6.70,3.29,5.02,4.95,5.02,1074,404,0,257,23.35,1012.90,12.00,404.50,13.31,77.80,1080,0,0,0,0,0
TLM_RCV,-88,FG-ALPHA,20260604_134826,AUTO,1,36.48,6.50,-85,31.38,6.59,3.29,4.85,4.97,5.02,0,1096,701,254,25.48,1013.00,11.80,406.10,13.31,77.95,1080,0,0,0,0,0
TLM_RCV,-60,FG-ALPHA,20260604_134827,AUTO,1,36.91,8.00,-85,31.26,6.57,3.29,4.89,4.94,5.02,0,1182,770,264,25.91,1013.30,11.90,405.90,13.31,78.10,1080,0,0,0,0,0
TLM_RCV,-47,FG-ALPHA,20260604_134828,AUTO,1,35.19,9.50,-85,31.23,6.56,3.31,4.86,4.97,5.01,960,1239,762,331,21.40,1013.40,11.80,406.00,13.31,78.25,1080,0,0,0,0,0
TLM_RCV,-58,FG-ALPHA,20260604_134829,AUTO,1,36.11,11.00,-85,31.23,6.57,3.28,4.88,4.96,5.01,1165,1222,772,304,20.28,1012.80,12.00,405.70,13.31,78.40,1080,0,0,0,0,0
TLM_RCV,-85,FG-ALPHA,20260604_134830,AUTO,1,35.21,12.50,-85,31.12,6.59,3.30,4.89,4.96,5.01,0,1042,646,256,25.21,1012.90,11.90,406.40,13.31,78.55,1080,0,0,0,0,0
TLM_RCV,-81,FG-ALPHA,20260604_134831,AUTO,1,35.40,14.00,-85,31.00,6.55,3.28,4.90,4.97,5.02,0,1279,792,338,26.40,1013.40,12.10,404.90,13.31,78.70,1080,0,0,0,0,0
TLM_RCV,-84,FG-ALPHA,20260604_134832,AUTO,1,36.72,15.50,-85,30.96,6.57,3.31,4.92,4.97,5.01,822,1143,692,298,21.60,1013.10,11.80,405.50,13.31,78.85,1080,0,0,0,0,0
TLM_RCV,-85,FG-ALPHA,20260604_134833,AUTO,1,34.76,17.00,-85,30.95,6.57,3.30,4.92,4.94,5.01,987,1151,661,342,20.82,1013.50,11.90,404.60,13.31,79.00,1080,0,0,0,0,0
TLM_RCV,-51,FG-ALPHA,20260604_134834,AUTO,1,35.88,18.50,-85,30.83,6.56,3.31,4.93,4.96,5.02,0,1175,703,329,25.87,1013.00,11.80,405.70,13.31,79.15,1080,0,0,1,0,0
TLM_RCV,-41,FG-ALPHA,20260604_134835,AUTO,1,36.30,20.00,-85,30.79,6.55,3.31,4.87,4.97,5.02,830,1260,799,319,22.15,1012.80,11.90,405.30,13.32,79.30,1080,0,0,0,0,0
TLM_RCV,-50,FG-ALPHA,20260604_134836,AUTO,1,34.85,21.50,-85,30.76,6.56,3.31,4.85,4.97,5.02,858,1169,719,304,21.56,1013.60,11.90,405.40,13.32,79.45,1080,0,0,0,0,0
TLM_RCV,-75,FG-ALPHA,20260604_134837,AUTO,0,31.15,19.50,-85,30.82,6.68,3.31,5.02,4.97,5.01,1089,429,0,288,23.30,1013.50,11.90,404.70,13.32,79.45,1080,0,0,0,0,0
TLM_RCV,-82,FG-ALPHA,20260604_134838,AUTO,1,35.66,21.00,-85,30.82,6.57,3.30,4.94,4.97,5.01,1082,1132,657,332,20.25,1013.50,12.00,404.60,13.32,79.60,1080,0,0,0,0,0
TLM_RCV,-85,FG-ALPHA,20260604_134839,AUTO,1,35.70,22.50,-85,30.70,6.57,3.30,4.86,4.95,5.02,0,1140,676,307,25.70,1012.80,11.80,405.00,13.32,79.75,1080,0,0,0,0,0
TLM_RCV,-54,FG-ALPHA,20260604_134840,AUTO,1,36.81,24.00,-85,30.59,6.56,3.31,4.89,4.95,5.02,0,1161,692,321,25.81,1012.90,11.90,404.50,13.32,79.90,1080,1,1,1,0,0
TLM_RCV,-92,FG-ALPHA,20260604_134841,AUTO,1,35.94,25.50,-85,30.47,6.55,3.30,4.94,4.96,5.01,0,1189,736,301,25.94,1013.30,11.90,406.20,13.32,80.05,1080,0,0,0,0,0
TLM_RCV,-48,FG-ALPHA,20260604_134842,AUTO,1,34.26,27.00,-85,30.45,6.57,3.31,4.93,4.95,5.01,865,1053,600,300,20.94,1013.10,12.10,406.10,13.32,80.20,1080,0,0,0,0,0
TLM_RCV,-43,FG-ALPHA,20260604_134843,AUTO,1,37.19,28.50,-85,30.41,6.54,3.28,4.87,4.97,5.02,901,1238,784,307,21.68,1013.00,12.00,405.70,13.32,80.35,1080,0,0,0,0,0
TLM_RCV,-55,FG-ALPHA,20260604_134844,AUTO,1,36.04,30.00,-85,30.40,6.55,3.29,4.85,4.97,5.02,1012,1208,782,283,20.98,1013.50,12.00,405.80,13.32,80.50,1080,0,0,0,0,0
TLM_RCV,-65,FG-ALPHA,20260604_134845,AUTO,1,37.24,31.50,-85,30.37,6.54,3.28,4.87,4.94,5.02,991,1249,756,343,21.29,1013.00,12.00,405.50,13.33,80.65,1080,0,0,0,0,0
TLM_RCV,-65,FG-ALPHA,20260604_134846,AUTO,1,34.55,33.00,-85,30.36,6.56,3.29,4.88,4.95,5.01,1014,1110,640,311,20.48,1013.60,12.10,404.80,13.33,80.80,1080,0,0,0,0,0
TLM_RCV,-81,FG-ALPHA,20260604_134847,AUTO,1,37.33,34.50,-85,30.23,6.54,3.30,4.87,4.94,5.02,0,1265,793,324,26.33,1013.10,11.90,405.50,13.33,80.95,1080,0,0,0,0,0
TLM_RCV,-69,FG-ALPHA,20260604_134848,AUTO,1,35.17,36.00,-85,30.21,6.54,3.30,4.86,4.97,5.02,1028,1234,753,336,21.03,1013.10,12.00,404.50,13.33,81.10,1080,0,0,0,0,0
TLM_RCV,-62,FG-ALPHA,20260604_134849,AUTO,1,35.36,37.50,-85,30.20,6.56,3.28,4.90,4.95,5.02,904,1072,603,325,20.84,1013.40,12.00,405.10,13.33,81.25,1080,0,0,0,0,0
TLM_RCV,-50,FG-ALPHA,20260604_134911,AUTO,0,33.38,5.00,-85,31.15,6.68,3.30,5.02,4.97,5.02,969,476,0,329,22.47,1013.20,11.80,405.20,13.35,81.70,1080,0,0,0,0,0
TLM_RCV,-83,FG-ALPHA,20260604_134912,AUTO,0,32.01,5.00,-85,31.11,6.69,3.31,5.02,4.97,5.02,0,401,0,252,22.00,1013.10,12.10,405.90,13.35,81.70,1080,0,0,0,0,0
TLM_RCV,-52,FG-ALPHA,20260604_134913,AUTO,0,33.06,5.00,-85,31.16,6.69,3.28,5.02,4.95,5.02,927,411,0,258,22.58,1013.10,12.00,405.50,13.35,81.70,1080,0,0,0,0,0
TLM_RCV,-74,FG-ALPHA,20260604_134914,AUTO,1,35.99,6.50,-85,31.12,6.57,3.28,4.93,4.94,5.02,857,1199,747,293,21.71,1013.10,12.10,404.90,13.35,81.85,1080,0,0,0,0,0
TLM_RCV,-58,FG-ALPHA,20260604_134915,AUTO,0,32.40,5.00,-85,31.08,6.67,3.29,5.02,4.96,5.02,0,479,0,335,22.40,1013.10,11.90,405.80,13.36,81.85,1080,0,0,0,0,0
TLM_RCV,-52,FG-ALPHA,20260604_134916,AUTO,0,33.23,5.00,-85,31.15,6.68,3.28,5.02,4.97,5.01,1199,446,0,297,23.76,1013.10,11.90,404.70,13.36,81.85,1080,0,0,0,0,0
TLM_RCV,-57,FG-ALPHA,20260604_134917,AUTO,0,32.35,5.00,-85,31.19,6.68,3.28,5.02,4.96,5.02,857,469,0,314,21.94,1013.10,11.80,406.10,13.36,81.85,1080,0,0,0,0,0
TLM_RCV,-69,FG-ALPHA,20260604_134918,AUTO,0,32.04,5.00,-85,31.24,6.69,3.30,5.02,4.97,5.02,885,408,0,264,22.39,1013.20,11.90,404.50,13.36,81.85,1080,0,0,0,0,0
TLM_RCV,-54,FG-ALPHA,20260604_134919,AUTO,1,37.19,6.50,-85,31.21,6.56,3.30,4.91,4.97,5.02,907,1239,755,340,21.66,1013.50,12.10,406.00,13.36,82.00,1080,0,0,0,0,0
TLM_RCV,-52,FG-ALPHA,20260604_134920,AUTO,1,36.05,8.00,-85,31.08,6.56,3.28,4.91,4.96,5.02,0,1210,761,307,26.05,1013.50,11.80,406.00,13.36,82.15,1080,0,0,0,0,0
TLM_RCV,-57,FG-ALPHA,20260604_134921,AUTO,0,32.12,6.00,-85,31.16,6.68,3.28,5.02,4.94,5.02,1173,423,0,265,23.75,1013.60,11.80,405.40,13.36,82.15,1080,0,0,0,0,0
TLM_RCV,-88,FG-ALPHA,20260604_134922,AUTO,0,32.27,5.00,-85,31.22,6.68,3.31,5.02,4.94,5.01,1103,454,0,295,23.25,1012.80,12.10,405.40,13.36,82.15,1080,0,0,0,0,0
TLM_RCV,-88,FG-ALPHA,20260604_134923,AUTO,0,32.47,5.00,-85,31.17,6.67,3.30,5.02,4.96,5.02,0,493,0,346,22.47,1013.40,11.90,404.60,13.36,82.15,1080,0,0,0,0,0
TLM_RCV,-61,FG-ALPHA,20260604_134924,AUTO,0,33.25,5.00,-85,31.23,6.68,3.30,5.02,4.97,5.02,1018,450,0,291,22.84,1013.30,11.80,404.80,13.36,82.15,1080,0,0,0,0,0
TLM_RCV,-94,FG-ALPHA,20260604_134925,AUTO,0,31.05,5.00,-85,31.29,6.69,3.30,5.02,4.94,5.02,1034,409,0,254,23.12,1013.00,11.90,405.20,13.37,82.15,1080,0,0,0,0,0
TLM_RCV,-60,FG-ALPHA,20260604_134926,AUTO,0,31.15,5.00,-85,31.25,6.69,3.28,5.02,4.95,5.01,0,429,0,271,22.15,1012.70,11.80,405.40,13.37,82.15,1080,0,0,0,0,0
TLM_RCV,-47,FG-ALPHA,20260604_134927,AUTO,1,37.34,6.50,-85,31.24,6.56,3.31,4.88,4.96,5.01,1134,1268,778,347,20.67,1013.20,12.10,404.70,13.37,82.30,1080,0,0,0,0,0
TLM_RCV,-54,FG-ALPHA,20260604_134928,AUTO,1,35.48,8.00,-85,31.23,6.59,3.28,4.92,4.95,5.01,1031,1096,657,292,20.33,1012.90,11.90,405.50,13.37,82.45,1080,0,0,0,0,0
TLM_RCV,-73,FG-ALPHA,20260604_134929,AUTO,1,35.46,9.50,-85,31.12,6.58,3.28,4.92,4.97,5.01,0,1092,639,300,25.46,1013.10,12.00,406.40,13.37,82.60,1080,0,0,0,0,0
TLM_RCV,-46,FG-ALPHA,20260604_134930,AUTO,1,34.39,11.00,-85,31.11,6.58,3.28,4.92,4.97,5.02,909,1078,650,272,20.84,1012.90,12.10,406.20,13.37,82.75,1080,0,0,0,0,0
TLM_RCV,-41,FG-ALPHA,20260604_134931,AUTO,1,34.76,12.50,-85,30.99,6.57,3.31,4.88,4.96,5.01,0,1152,651,343,25.76,1013.60,11.90,405.00,13.37,82.90,1080,0,0,0,0,0
TLM_RCV,-45,FG-ALPHA,20260604_134932,AUTO,1,36.58,14.00,-85,30.99,6.58,3.29,4.87,4.94,5.01,1087,1115,696,267,20.14,1012.80,11.80,405.10,13.37,83.05,1080,0,0,0,0,0
TLM_RCV,-58,FG-ALPHA,20260604_134933,AUTO,1,35.19,15.50,-85,30.98,6.59,3.29,4.85,4.97,5.02,981,1039,629,253,20.29,1012.90,12.10,405.10,13.37,83.20,1080,0,0,0,0,0
TLM_RCV,-78,FG-ALPHA,20260604_134935,AUTO,1,36.81,18.50,-85,30.96,6.57,3.29,4.86,4.95,5.02,978,1162,688,316,20.92,1013.00,11.80,405.30,13.38,83.50,1080,0,0,0,0,0
TLM_RCV,-53,FG-ALPHA,20260604_134936,AUTO,1,34.83,20.00,-85,30.96,6.57,3.30,4.92,4.95,5.01,1159,1165,710,313,20.03,1013.10,11.90,405.70,13.38,83.65,1080,0,0,0,0,0
TLM_RCV,-64,FG-ALPHA,20260604_134937,AUTO,1,36.47,21.50,-85,30.96,6.58,3.28,4.92,4.97,5.01,1099,1095,693,262,20.02,1013.10,11.80,404.60,13.38,83.80,1080,0,0,0,0,0
TLM_RCV,-46,FG-ALPHA,20260604_134938,AUTO,1,36.49,23.00,-85,30.85,6.58,3.30,4.89,4.94,5.01,0,1099,687,258,25.49,1013.30,11.90,404.90,13.38,83.95,1080,0,0,0,0,0
TLM_RCV,-66,FG-ALPHA,20260604_134939,AUTO,1,35.68,24.50,-85,30.84,6.57,3.28,4.93,4.96,5.01,1064,1136,707,276,20.36,1013.10,12.10,406.40,13.38,84.10,1080,0,0,0,0,0
TLM_RCV,-85,FG-ALPHA,20260604_134940,AUTO,1,34.69,26.00,-85,30.83,6.57,3.28,4.92,4.94,5.01,989,1138,676,315,20.75,1013.30,11.80,404.70,13.38,84.25,1080,0,0,0,0,0
TLM_RCV,-41,FG-ALPHA,20260604_134941,AUTO,1,36.95,27.50,-85,30.81,6.56,3.28,4.91,4.94,5.02,1062,1190,707,335,20.64,1012.80,11.90,405.90,13.38,84.40,1080,0,0,0,0,0
TLM_RCV,-50,FG-ALPHA,20260604_134942,AUTO,1,34.51,29.00,-85,30.70,6.57,3.31,4.89,4.95,5.02,0,1102,685,265,25.51,1013.00,11.80,404.80,13.38,84.55,1080,0,0,0,0,0
TLM_RCV,-69,FG-ALPHA,20260604_134943,AUTO,1,36.97,30.50,-85,30.66,6.56,3.29,4.90,4.96,5.02,805,1194,741,309,21.94,1013.30,11.90,404.50,13.38,84.70,1080,1,1,0,0,0
TLM_RCV,-75,FG-ALPHA,20260604_134944,AUTO,1,34.94,32.00,-85,30.65,6.56,3.29,4.93,4.94,5.01,1090,1188,745,301,20.49,1012.80,12.10,404.80,13.38,84.85,1080,0,0,0,0,0
TLM_RCV,-59,FG-ALPHA,20260604_134945,AUTO,1,34.62,33.50,-85,30.54,6.56,3.29,4.94,4.97,5.01,0,1123,695,280,25.61,1012.80,11.90,404.90,13.39,85.00,1080,0,0,0,0,0
TLM_RCV,-74,FG-ALPHA,20260604_134946,AUTO,1,35.81,35.00,-85,30.54,6.56,3.28,4.90,4.94,5.01,1149,1163,704,312,20.07,1012.90,12.10,406.20,13.39,85.15,1080,0,0,0,0,0
TLM_RCV,-91,FG-ALPHA,20260604_134947,AUTO,1,34.67,36.50,-85,30.52,6.56,3.30,4.94,4.96,5.02,899,1133,657,328,21.17,1012.70,12.10,405.60,13.39,85.30,1080,1,0,0,0,0
TLM_RCV,-53,FG-ALPHA,20260604_134948,AUTO,1,36.85,38.00,-85,30.52,6.56,3.28,4.86,4.96,5.01,1194,1171,701,317,20.11,1013.40,11.90,405.90,13.39,85.45,1080,0,0,0,0,0
TLM_RCV,-59,FG-ALPHA,20260604_134949,AUTO,0,33.31,36.00,-85,30.47,6.66,3.31,5.02,4.95,5.02,0,462,0,320,22.31,1013.20,12.00,406.30,13.39,85.45,1080,0,0,0,0,0
TLM_RCV,-94,FG-ALPHA,20260604_134950,AUTO,1,35.38,37.50,-85,30.45,6.57,3.29,4.86,4.94,5.01,834,1077,629,296,21.22,1013.50,12.10,405.60,13.39,85.60,1080,0,0,0,0,0
TLM_RCV,-66,FG-ALPHA,20260604_134951,AUTO,1,36.63,39.00,-85,30.42,6.56,3.28,4.94,4.96,5.02,855,1125,646,321,21.35,1013.20,12.00,406.20,13.39,85.75,1080,0,0,0,0,0
TLM_RCV,-93,FG-ALPHA,20260604_135013,AUTO,1,35.72,6.50,-85,31.68,6.59,3.30,4.86,4.97,5.01,876,1143,688,304,21.33,1013.10,12.00,404.60,13.41,86.20,1080,1,1,0,0,0
TLM_RCV,-70,FG-ALPHA,20260604_135014,AUTO,1,34.69,8.00,-85,31.67,6.59,3.29,4.91,4.94,5.02,1113,1139,645,343,20.13,1012.90,11.80,404.90,13.41,86.35,1080,0,0,0,0,0
TLM_RCV,-66,FG-ALPHA,20260604_135015,AUTO,0,33.18,6.00,-85,31.74,6.70,3.28,5.02,4.95,5.02,1135,436,0,282,23.50,1013.00,12.10,405.80,13.42,86.35,1080,0,0,0,0,0
TLM_RCV,-71,FG-ALPHA,20260604_135016,AUTO,0,33.38,5.00,-85,31.81,6.69,3.28,5.02,4.97,5.01,1158,475,0,334,23.42,1012.90,12.10,404.50,13.42,86.35,1080,0,0,0,0,0
TLM_RCV,-49,FG-ALPHA,20260604_135017,AUTO,0,31.39,5.00,-85,31.86,6.69,3.29,5.02,4.96,5.01,956,477,0,331,22.40,1013.10,12.10,405.40,13.42,86.35,1080,0,0,0,0,0
TLM_RCV,-81,FG-ALPHA,20260604_135018,AUTO,0,31.48,5.00,-85,31.91,6.69,3.31,5.02,4.97,5.02,1018,495,0,336,22.61,1013.60,11.80,405.20,13.42,86.35,1080,0,0,0,0,0
TLM_RCV,-83,FG-ALPHA,20260604_135019,AUTO,0,31.16,5.00,-85,31.99,6.70,3.30,5.02,4.97,5.02,1168,431,0,285,23.68,1013.30,12.10,405.50,13.42,86.35,1080,0,0,0,0,0
TLM_RCV,-42,FG-ALPHA,20260604_135020,AUTO,0,33.17,5.00,-85,32.02,6.70,3.31,5.02,4.94,5.02,810,435,0,295,21.87,1012.90,11.80,406.20,13.42,86.35,1080,0,0,0,0,0
TLM_RCV,-93,FG-ALPHA,20260604_135021,AUTO,0,31.34,5.00,-85,31.98,6.70,3.29,5.02,4.97,5.02,0,469,0,317,22.34,1012.90,11.80,404.60,13.42,86.35,1080,0,0,0,0,0
TLM_RCV,-60,FG-ALPHA,20260604_135022,AUTO,0,31.28,5.00,-85,32.05,6.70,3.29,5.02,4.94,5.02,1161,457,0,310,23.52,1013.40,12.00,405.20,13.42,86.35,1080,0,0,0,0,0
TLM_RCV,-66,FG-ALPHA,20260604_135023,AUTO,0,33.38,5.00,-85,32.00,6.70,3.31,5.02,4.97,5.02,0,476,0,329,22.38,1013.30,11.80,404.60,13.42,86.35,1080,0,0,0,0,0
TLM_RCV,-76,FG-ALPHA,20260604_135024,AUTO,0,32.44,5.00,-85,32.06,6.70,3.31,5.02,4.97,5.02,1141,489,0,332,23.26,1013.10,12.10,406.10,13.42,86.35,1080,0,0,0,0,0
TLM_RCV,-64,FG-ALPHA,20260604_135025,AUTO,0,32.54,5.00,-85,32.13,6.69,3.29,5.02,4.95,5.02,1114,508,0,349,23.03,1012.80,12.10,405.80,13.43,86.35,1080,0,0,0,0,0
TLM_RCV,-63,FG-ALPHA,20260604_135026,AUTO,0,31.25,5.00,-85,32.18,6.70,3.28,5.02,4.95,5.02,1044,451,0,299,22.97,1012.70,11.80,406.00,13.43,86.35,1080,0,0,0,0,0
TLM_RCV,-78,FG-ALPHA,20260604_135027,AUTO,0,31.01,5.00,-85,32.14,6.71,3.31,5.02,4.96,5.02,0,402,0,255,22.01,1012.70,11.80,406.10,13.43,86.35,1080,0,0,0,0,0
TLM_RCV,-42,FG-ALPHA,20260604_135028,AUTO,1,36.66,6.50,-85,32.14,6.60,3.31,4.91,4.97,5.01,1101,1132,719,258,20.16,1013.10,12.10,405.80,13.43,86.50,1080,0,0,0,0,0
TLM_RCV,-49,FG-ALPHA,20260604_135029,AUTO,1,36.05,8.00,-85,32.02,6.59,3.28,4.94,4.97,5.02,0,1210,757,295,26.05,1013.40,11.90,405.70,13.43,86.65,1080,0,0,0,0,0
TLM_RCV,-54,FG-ALPHA,20260604_135030,AUTO,1,36.06,9.50,-85,31.90,6.58,3.28,4.93,4.95,5.01,0,1212,759,304,26.06,1013.40,12.00,405.40,13.43,86.80,1080,0,0,0,0,0
TLM_RCV,-61,FG-ALPHA,20260604_135031,AUTO,1,34.94,11.00,-85,31.86,6.59,3.29,4.89,4.94,5.01,823,1189,694,346,21.83,1012.90,11.90,404.50,13.43,86.95,1080,0,0,0,0,0
TLM_RCV,-71,FG-ALPHA,20260604_135032,AUTO,1,36.49,12.50,-85,31.85,6.60,3.28,4.88,4.95,5.02,1006,1098,616,338,20.46,1012.90,12.10,406.40,13.43,87.10,1080,0,0,0,0,0
TLM_RCV,-70,FG-ALPHA,20260604_135033,AUTO,1,35.31,14.00,-85,31.86,6.61,3.28,4.89,4.96,5.02,1105,1062,636,273,20.22,1013.10,12.10,405.60,13.43,87.25,1080,1,1,1,0,0
TLM_RCV,-68,FG-ALPHA,20260604_135034,AUTO,1,35.35,15.50,-85,31.84,6.60,3.31,4.88,4.97,5.01,933,1070,610,317,20.68,1013.60,11.80,406.20,13.43,87.40,1080,0,0,0,0,0
TLM_RCV,-73,FG-ALPHA,20260604_135035,AUTO,0,33.51,13.50,-85,31.79,6.69,3.29,5.02,4.97,5.02,0,501,0,344,22.50,1012.80,12.00,404.70,13.44,87.40,1080,0,0,0,0,0
TLM_RCV,-80,FG-ALPHA,20260604_135036,AUTO,0,32.43,11.50,-85,31.84,6.69,3.30,5.02,4.94,5.01,989,486,0,330,22.51,1012.70,11.90,406.20,13.44,87.40,1080,0,0,0,0,0
TLM_RCV,-74,FG-ALPHA,20260604_135037,AUTO,0,32.33,9.50,-85,31.88,6.70,3.30,5.02,4.95,5.02,846,465,0,321,21.91,1013.40,12.10,405.60,13.44,87.40,1080,0,0,0,0,0
TLM_RCV,-56,FG-ALPHA,20260604_135038,AUTO,0,32.04,7.50,-85,31.93,6.71,3.28,5.02,4.96,5.02,903,408,0,260,22.48,1012.80,11.80,406.30,13.44,87.40,1080,0,0,0,0,0
TLM_RCV,-65,FG-ALPHA,20260604_135039,AUTO,1,36.81,9.00,-85,31.92,6.59,3.29,4.89,4.94,5.01,1012,1163,724,287,20.75,1012.70,12.00,406.10,13.44,87.55,1080,0,0,0,0,0
TLM_RCV,-53,FG-ALPHA,20260604_135040,AUTO,1,35.46,10.50,-85,31.91,6.60,3.31,4.85,4.95,5.01,982,1092,667,277,20.55,1013.40,12.10,404.80,13.44,87.70,1080,0,0,0,0,0
TLM_RCV,-70,FG-ALPHA,20260604_135041,AUTO,1,34.72,12.00,-85,31.88,6.59,3.29,4.87,4.96,5.01,860,1145,686,313,21.42,1013.50,11.80,406.20,13.44,87.85,1080,0,0,0,0,0
TLM_RCV,-49,FG-ALPHA,20260604_135042,AUTO,1,36.04,13.50,-85,31.85,6.58,3.31,4.86,4.96,5.02,974,1209,775,286,21.17,1013.00,12.10,405.00,13.44,88.00,1080,0,0,0,0,0
TLM_RCV,-85,FG-ALPHA,20260604_135043,AUTO,1,34.42,15.00,-85,31.86,6.60,3.28,4.87,4.96,5.02,1183,1085,685,260,20.49,1012.90,12.00,405.90,13.44,88.15,1080,1,1,1,0,0
TLM_RCV,-51,FG-ALPHA,20260604_135044,AUTO,1,36.24,16.50,-85,31.84,6.58,3.31,4.89,4.96,5.02,1015,1249,799,308,21.17,1013.10,12.00,405.30,13.44,88.30,1080,0,0,0,0,0
TLM_RCV,-47,FG-ALPHA,20260604_135045,AUTO,0,32.03,14.50,-85,31.92,6.70,3.30,5.02,4.94,5.01,1161,407,0,261,23.77,1013.50,12.00,405.40,13.45,88.30,1080,0,0,0,0,0
TLM_RCV,-66,FG-ALPHA,20260604_135046,AUTO,0,33.18,12.50,-85,31.98,6.70,3.29,5.02,4.95,5.02,1116,436,0,288,23.40,1013.50,12.10,406.10,13.45,88.30,1080,0,0,0,0,0
TLM_RCV,-47,FG-ALPHA,20260604_135047,AUTO,0,31.07,10.50,-85,32.04,6.71,3.28,5.02,4.97,5.02,963,414,0,256,22.75,1013.20,12.10,405.70,13.45,88.30,1080,0,0,0,0,0
TLM_RCV,-56,FG-ALPHA,20260604_135048,AUTO,0,32.17,8.50,-85,32.11,6.71,3.30,5.02,4.96,5.02,1191,433,0,289,23.79,1012.90,11.90,405.10,13.45,88.30,1080,0,0,0,0,0
TLM_RCV,-49,FG-ALPHA,20260604_135049,AUTO,0,33.47,6.50,-85,32.06,6.70,3.30,5.02,4.96,5.01,0,495,0,340,22.48,1013.60,12.00,404.90,13.45,88.30,1080,0,0,0,0,0
TLM_RCV,-65,FG-ALPHA,20260604_135050,AUTO,0,30.95,5.00,-85,32.11,6.71,3.31,5.02,4.94,5.01,817,391,0,250,22.13,1013.20,11.90,404.50,13.45,88.30,1080,0,0,0,0,0
TLM_RCV,-57,FG-ALPHA,20260604_135051,AUTO,0,32.38,5.00,-85,32.06,6.70,3.30,5.02,4.94,5.02,0,475,0,316,22.37,1013.20,11.80,406.20,13.45,88.30,1080,0,0,0,0,0
TLM_RCV,-67,FG-ALPHA,20260604_135052,AUTO,0,33.37,5.00,-85,32.12,6.70,3.28,5.02,4.94,5.01,1120,474,0,319,23.23,1013.60,11.80,405.40,13.45,88.30,1080,0,0,0,0,0
TLM_RCV,-79,FG-ALPHA,20260604_135053,AUTO,0,32.31,5.00,-85,32.19,6.70,3.30,5.02,4.97,5.02,1112,463,0,304,23.25,1013.50,12.00,405.30,13.45,88.30,1080,0,0,0,0,0
TLM_RCV,-44,FG-ALPHA,20260604_135115,AUTO,0,31.02,5.00,-85,33.70,6.75,3.30,5.02,4.94,5.02,1107,404,0,252,23.51,1013.60,11.90,406.10,13.48,88.30,1080,0,0,0,0,0
TLM_RCV,-81,FG-ALPHA,20260604_135116,AUTO,0,32.27,5.00,-85,33.75,6.74,3.30,5.02,4.96,5.02,937,454,0,314,22.42,1012.70,11.80,405.20,13.48,88.30,1080,0,0,0,0,0
TLM_RCV,-88,FG-ALPHA,20260604_135117,AUTO,0,32.08,5.00,-85,33.83,6.75,3.29,5.02,4.97,5.01,1136,416,0,266,23.60,1013.50,12.00,404.60,13.48,88.30,1080,0,0,0,0,0
TLM_RCV,-56,FG-ALPHA,20260604_135118,AUTO,0,31.50,5.00,-85,33.86,6.74,3.31,5.02,4.96,5.02,865,500,0,347,21.83,1013.20,11.90,404.60,13.48,88.30,1080,0,0,0,0,0
TLM_RCV,-60,FG-ALPHA,20260604_135119,AUTO,0,32.38,5.00,-85,33.81,6.74,3.30,5.02,4.96,5.01,0,475,0,325,22.37,1012.80,11.80,404.70,13.48,88.30,1080,0,0,0,0,0
TLM_RCV,-83,FG-ALPHA,20260604_135120,AUTO,0,33.13,5.00,-85,33.86,6.75,3.31,5.02,4.94,5.01,841,426,0,270,22.08,1012.90,11.90,405.20,13.48,88.30,1080,0,0,0,0,0
TLM_RCV,-93,FG-ALPHA,20260604_135121,AUTO,0,32.33,5.00,-85,33.90,6.74,3.31,5.02,4.95,5.02,936,466,0,316,22.35,1012.80,12.00,406.40,13.48,88.30,1080,0,0,0,0,0
TLM_RCV,-61,FG-ALPHA,20260604_135122,AUTO,0,32.40,5.00,-85,33.85,6.74,3.29,5.02,4.94,5.01,0,479,0,326,22.40,1013.10,11.80,405.30,13.48,88.30,1080,0,0,0,0,0
TLM_RCV,-60,FG-ALPHA,20260604_135123,AUTO,0,33.40,5.00,-85,33.90,6.74,3.30,5.02,4.97,5.01,969,480,0,334,22.44,1012.70,11.90,405.90,13.48,88.30,1080,0,0,0,0,0
TLM_RCV,-91,FG-ALPHA,20260604_135124,AUTO,0,32.28,5.00,-85,33.86,6.74,3.28,5.02,4.97,5.01,0,457,0,303,22.28,1013.10,12.10,405.10,13.48,88.30,1080,0,0,0,0,0
TLM_RCV,-46,FG-ALPHA,20260604_135125,AUTO,0,33.45,5.00,-85,33.92,6.74,3.30,5.02,4.96,5.02,1101,490,0,339,23.06,1013.40,12.10,405.10,13.49,88.30,1080,0,0,0,0,0
TLM_RCV,-46,FG-ALPHA,20260604_135126,AUTO,0,33.34,5.00,-85,33.99,6.75,3.30,5.02,4.97,5.02,1141,468,0,322,23.36,1012.70,11.80,405.30,13.49,88.30,1080,0,0,0,0,0
TLM_RCV,-93,FG-ALPHA,20260604_135127,AUTO,0,32.33,5.00,-85,34.03,6.75,3.29,5.02,4.95,5.01,868,465,0,320,22.01,1012.80,12.10,405.50,13.49,88.30,1080,0,0,0,0,0
TLM_RCV,-64,FG-ALPHA,20260604_135128,AUTO,0,32.38,5.00,-85,34.09,6.75,3.28,5.02,4.95,5.02,1073,477,0,319,22.98,1013.00,11.80,405.30,13.49,88.30,1080,0,0,0,0,0
TLM_RCV,-65,FG-ALPHA,20260604_135129,AUTO,0,33.42,5.00,-85,34.13,6.75,3.28,5.02,4.96,5.02,930,483,0,333,22.24,1012.80,11.90,405.30,13.49,88.30,1080,0,0,0,0,0
TLM_RCV,-69,FG-ALPHA,20260604_135130,AUTO,0,31.35,5.00,-85,34.18,6.75,3.29,5.02,4.95,5.02,1003,471,0,315,22.66,1013.60,12.10,404.90,13.49,88.30,1080,0,0,0,0,0
TLM_RCV,-75,FG-ALPHA,20260604_135131,AUTO,0,33.06,5.00,-85,34.23,6.76,3.28,5.02,4.96,5.02,918,411,0,264,22.53,1013.10,11.80,405.30,13.49,88.30,1080,0,0,0,0,0
TLM_RCV,-54,FG-ALPHA,20260604_135132,AUTO,0,32.29,5.00,-85,34.27,6.75,3.29,5.02,4.97,5.02,833,458,0,310,21.87,1013.30,11.80,406.00,13.49,88.30,1080,0,0,0,0,0
TLM_RCV,-54,FG-ALPHA,20260604_135133,AUTO,0,33.49,5.00,-85,34.34,6.75,3.29,5.02,4.96,5.02,1146,499,0,341,23.24,1013.20,12.10,405.90,13.49,88.30,1080,0,0,0,0,0
TLM_RCV,-44,FG-ALPHA,20260604_135134,AUTO,0,33.00,5.00,-85,34.40,6.77,3.28,5.02,4.95,5.01,1021,400,0,256,23.10,1013.60,12.10,405.90,13.49,88.30,1080,0,0,0,0,0
TLM_RCV,-85,FG-ALPHA,20260604_135135,AUTO,0,32.04,5.00,-85,34.46,6.77,3.29,5.02,4.97,5.02,1062,408,0,252,23.27,1012.80,12.10,406.40,13.50,88.30,1080,0,0,0,0,0
TLM_RCV,-48,FG-ALPHA,20260604_135136,AUTO,0,33.24,5.00,-85,34.42,6.76,3.28,5.02,4.95,5.02,0,449,0,299,22.25,1012.80,11.90,405.40,13.50,88.30,1080,0,0,0,0,0
TLM_RCV,-83,FG-ALPHA,20260604_135137,AUTO,0,31.16,5.00,-85,34.49,6.76,3.31,5.02,4.94,5.02,1120,431,0,282,23.44,1012.70,11.90,405.40,13.50,88.30,1080,0,0,0,0,0
TLM_RCV,-55,FG-ALPHA,20260604_135138,AUTO,0,33.40,5.00,-85,34.54,6.76,3.30,5.02,4.95,5.01,981,480,0,326,22.50,1013.10,12.10,404.90,13.50,88.30,1080,0,0,0,0,0
TLM_RCV,-95,FG-ALPHA,20260604_135139,AUTO,0,32.26,5.00,-85,34.58,6.76,3.29,5.02,4.94,5.02,838,452,0,302,21.93,1012.90,11.80,405.20,13.50,88.30,1080,0,0,0,0,0
TLM_RCV,-52,FG-ALPHA,20260604_135140,AUTO,0,32.44,5.00,-85,34.63,6.76,3.29,5.02,4.96,5.01,986,487,0,339,22.50,1013.20,12.00,404.50,13.50,88.30,1080,0,0,0,0,0
TLM_RCV,-43,FG-ALPHA,20260604_135141,AUTO,0,33.38,5.00,-85,34.66,6.76,3.30,5.02,4.94,5.02,809,477,0,326,21.66,1013.10,12.00,404.70,13.50,88.30,1080,0,0,0,0,0
TLM_RCV,-63,FG-ALPHA,20260604_135142,AUTO,0,33.40,5.00,-85,34.61,6.76,3.28,5.02,4.94,5.02,0,479,0,328,22.40,1012.90,11.90,405.30,13.50,88.30,1080,0,0,0,0,0
TLM_RCV,-67,FG-ALPHA,20260604_135143,AUTO,0,31.04,5.00,-85,34.67,6.77,3.29,5.02,4.97,5.02,946,408,0,254,22.69,1013.00,12.10,404.80,13.50,88.30,1080,0,0,0,0,0
TLM_RCV,-94,FG-ALPHA,20260604_135144,AUTO,0,32.16,5.00,-85,34.71,6.77,3.28,5.02,4.94,5.01,824,432,0,280,21.96,1013.30,11.80,404.60,13.50,88.30,1080,0,0,0,0,0
TLM_RCV,-44,FG-ALPHA,20260604_135145,AUTO,0,31.39,5.00,-85,34.66,6.76,3.28,5.02,4.97,5.02,0,477,0,331,22.39,1013.30,11.80,405.50,13.51,88.30,1080,0,0,0,0,0
TLM_RCV,-60,FG-ALPHA,20260604_135146,AUTO,0,32.23,5.00,-85,34.61,6.76,3.29,5.02,4.96,5.02,0,446,0,300,22.23,1013.10,11.80,405.20,13.51,88.30,1080,0,0,0,0,0
TLM_RCV,-49,FG-ALPHA,20260604_135147,AUTO,0,33.47,5.00,-85,34.66,6.76,3.29,5.02,4.96,5.02,966,494,0,349,22.36,1013.20,12.00,404.50,13.51,88.30,1080,0,0,0,0,0
TLM_RCV,-82,FG-ALPHA,20260604_135148,AUTO,0,33.08,5.00,-85,34.71,6.77,3.30,5.02,4.96,5.02,894,416,0,275,22.39,1013.30,11.80,405.50,13.51,88.30,1080,0,0,0,0,0
TLM_RCV,-76,FG-ALPHA,20260604_135149,AUTO,0,33.41,5.00,-85,34.74,6.76,3.29,5.02,4.96,5.02,841,482,0,333,21.80,1013.10,12.10,405.50,13.51,88.30,1080,0,0,0,0,0
TLM_RCV,-60,FG-ALPHA,20260604_135150,AUTO,0,31.18,5.00,-85,34.70,6.77,3.30,5.02,4.96,5.02,0,437,0,296,22.18,1013.20,12.10,404.80,13.51,88.30,1080,0,0,0,0,0
TLM_RCV,-44,FG-ALPHA,20260604_135151,AUTO,0,32.13,5.00,-85,34.66,6.77,3.29,5.02,4.94,5.02,0,426,0,285,22.13,1013.60,12.10,405.90,13.51,88.30,1080,0,0,0,0,0
TLM_RCV,-77,FG-ALPHA,20260604_135152,AUTO,0,32.22,5.00,-85,34.61,6.76,3.29,5.02,4.97,5.02,0,445,0,294,22.23,1013.60,11.80,404.90,13.51,88.30,1080,0,0,0,0,0
TLM_RCV,-51,FG-ALPHA,20260604_135153,AUTO,0,32.40,5.00,-85,34.66,6.76,3.28,5.02,4.95,5.01,958,479,0,326,22.40,1012.70,11.80,406.10,13.51,88.30,1080,0,0,0,0,0
TLM_RCV,-41,FG-ALPHA,20260604_135154,AUTO,0,33.15,5.00,-85,34.73,6.77,3.28,5.02,4.95,5.01,1145,429,0,287,23.58,1012.80,12.00,405.50,13.51,88.30,1080,0,0,0,0,0
TLM_RCV,-90,FG-ALPHA,20260604_135155,AUTO,0,32.51,5.00,-85,34.68,6.76,3.28,5.02,4.96,5.02,0,502,0,345,22.51,1013.60,12.10,404.90,13.52,88.30,1080,0,0,0,0,0
TLM_RCV,-54,FG-ALPHA,20260604_135217,AUTO,0,31.09,5.00,-85,35.72,6.79,3.30,5.02,4.94,5.02,1039,418,0,277,23.10,1013.20,11.90,405.30,13.54,88.30,1080,0,0,0,0,0
TLM_RCV,-95,FG-ALPHA,20260604_135218,AUTO,0,31.01,5.00,-85,35.77,6.80,3.29,5.02,4.95,5.01,905,403,0,253,22.51,1013.00,12.10,405.00,13.54,88.30,1080,0,0,0,0,0
TLM_RCV,-72,FG-ALPHA,20260604_135219,AUTO,0,33.19,5.00,-85,35.81,6.79,3.28,5.02,4.95,5.01,875,437,0,279,22.19,1013.50,11.80,406.00,13.54,88.30,1080,0,0,0,0,0
TLM_RCV,-92,FG-ALPHA,20260604_135220,AUTO,0,32.27,5.00,-85,35.88,6.79,3.30,5.02,4.96,5.02,1066,454,0,304,23.06,1013.00,12.00,404.80,13.54,88.30,1080,0,0,0,0,0
TLM_RCV,-42,FG-ALPHA,20260604_135221,AUTO,0,31.47,5.00,-85,35.91,6.79,3.30,5.02,4.96,5.01,849,493,0,335,21.78,1012.80,12.10,405.00,13.54,88.30,1080,0,0,0,0,0
TLM_RCV,-65,FG-ALPHA,20260604_135222,AUTO,0,31.35,5.00,-85,35.97,6.79,3.31,5.02,4.94,5.02,1076,471,0,322,23.02,1012.80,11.90,406.10,13.54,88.30,1080,0,0,0,0,0
TLM_RCV,-62,FG-ALPHA,20260604_135223,AUTO,0,32.22,5.00,-85,36.03,6.80,3.30,5.02,4.96,5.01,985,444,0,301,22.70,1013.30,11.90,405.00,13.54,88.30,1080,0,0,0,0,0
TLM_RCV,-91,FG-ALPHA,20260604_135224,AUTO,1,34.51,6.50,-85,36.00,6.70,3.31,4.92,4.97,5.01,831,1103,700,257,21.36,1013.10,11.90,405.80,13.54,88.45,1080,0,0,0,0,0
TLM_RCV,-60,FG-ALPHA,20260604_135225,AUTO,1,36.10,8.00,-85,35.96,6.68,3.30,4.91,4.95,5.01,861,1220,751,312,21.80,1013.40,12.00,405.10,13.55,88.60,1080,1,0,0,0,0
TLM_RCV,-90,FG-ALPHA,20260604_135226,AUTO,1,34.22,9.50,-85,35.94,6.71,3.29,4.85,4.96,5.01,859,1044,641,257,20.92,1012.70,12.00,404.80,13.55,88.75,1080,0,0,0,0,0
TLM_RCV,-73,FG-ALPHA,20260604_135227,AUTO,1,36.56,11.00,-85,35.83,6.69,3.31,4.87,4.97,5.01,0,1113,666,297,25.57,1013.40,12.10,405.80,13.55,88.90,1080,1,1,0,0,0
TLM_RCV,-46,FG-ALPHA,20260604_135228,AUTO,1,34.89,12.50,-85,35.82,6.68,3.28,4.87,4.96,5.01,1059,1178,695,338,20.59,1013.00,11.90,406.30,13.55,89.05,1080,0,0,0,0,0
TLM_RCV,-86,FG-ALPHA,20260604_135229,AUTO,1,34.81,14.00,-85,35.82,6.69,3.29,4.85,4.97,5.01,1172,1162,702,310,20.05,1013.50,11.90,405.50,13.55,89.20,1080,0,0,0,0,0
TLM_RCV,-71,FG-ALPHA,20260604_135230,AUTO,0,33.24,12.00,-85,35.88,6.79,3.30,5.02,4.95,5.02,1042,448,0,295,22.97,1013.10,11.80,405.80,13.55,89.20,1080,0,0,0,0,0
TLM_RCV,-62,FG-ALPHA,20260604_135231,AUTO,0,32.47,10.00,-85,35.83,6.79,3.30,5.02,4.96,5.02,0,495,0,349,22.48,1012.80,12.00,406.30,13.55,89.20,1080,0,0,0,0,0
TLM_RCV,-43,FG-ALPHA,20260604_135232,AUTO,0,31.02,8.00,-85,35.91,6.80,3.29,5.02,4.94,5.02,1144,405,0,261,23.69,1013.00,11.80,405.50,13.55,89.20,1080,0,0,0,0,0
TLM_RCV,-85,FG-ALPHA,20260604_135233,AUTO,0,31.47,6.00,-85,35.97,6.79,3.30,5.02,4.96,5.01,1094,493,0,349,23.00,1013.40,12.00,405.40,13.55,89.20,1080,0,0,0,0,0
TLM_RCV,-68,FG-ALPHA,20260604_135234,AUTO,0,31.43,5.00,-85,36.00,6.79,3.31,5.02,4.97,5.01,835,486,0,342,21.75,1013.20,11.90,405.30,13.55,89.20,1080,0,0,0,0,0
TLM_RCV,-64,FG-ALPHA,20260604_135235,AUTO,0,31.02,5.00,-85,35.96,6.80,3.29,5.02,4.95,5.01,0,405,0,254,22.02,1012.90,11.90,404.70,13.56,89.20,1080,0,0,0,0,0
TLM_RCV,-46,FG-ALPHA,20260604_135236,AUTO,0,32.11,5.00,-85,36.00,6.80,3.28,5.02,4.94,5.02,873,422,0,276,22.25,1012.90,11.80,404.90,13.56,89.20,1080,0,0,0,0,0
TLM_RCV,-52,FG-ALPHA,20260604_135237,AUTO,0,31.43,5.00,-85,36.07,6.79,3.28,5.02,4.97,5.01,1149,487,0,339,23.31,1012.70,12.10,406.00,13.56,89.20,1080,0,0,0,0,0
TLM_RCV,-64,FG-ALPHA,20260604_135238,AUTO,0,33.24,5.00,-85,36.03,6.80,3.31,5.02,4.97,5.01,0,447,0,288,22.24,1012.80,11.90,406.10,13.56,89.20,1080,0,0,0,0,0
TLM_RCV,-89,FG-ALPHA,20260604_135239,AUTO,0,31.36,5.00,-85,36.07,6.79,3.31,5.02,4.95,5.02,897,472,0,330,22.12,1013.10,12.10,404.60,13.56,89.20,1080,0,0,0,0,0
TLM_RCV,-58,FG-ALPHA,20260604_135240,AUTO,0,31.15,5.00,-85,36.11,6.80,3.30,5.02,4.94,5.02,880,430,0,280,22.25,1013.00,11.90,406.40,13.56,89.20,1080,0,0,0,0,0
TLM_RCV,-88,FG-ALPHA,20260604_135241,AUTO,0,32.33,5.00,-85,36.19,6.80,3.30,5.02,4.97,5.02,1185,466,0,325,23.59,1013.40,12.10,405.90,13.56,89.20,1080,0,0,0,0,0
TLM_RCV,-52,FG-ALPHA,20260604_135242,AUTO,0,33.17,5.00,-85,36.25,6.80,3.30,5.02,4.95,5.02,1074,434,0,294,23.20,1013.30,12.10,406.20,13.56,89.20,1080,0,0,0,0,0
TLM_RCV,-79,FG-ALPHA,20260604_135243,AUTO,0,32.45,5.00,-85,36.20,6.80,3.28,5.02,4.94,5.01,0,490,0,344,22.45,1013.20,11.80,406.00,13.56,89.20,1080,0,0,0,0,0
TLM_RCV,-89,FG-ALPHA,20260604_135244,AUTO,1,36.01,6.50,-85,36.18,6.69,3.28,4.93,4.96,5.02,947,1201,753,307,21.27,1013.40,11.80,405.20,13.56,89.35,1080,0,0,0,0,0
TLM_RCV,-61,FG-ALPHA,20260604_135245,AUTO,1,35.21,8.00,-85,36.17,6.71,3.29,4.88,4.95,5.02,947,1041,628,272,20.47,1013.20,11.90,405.30,13.57,89.50,1080,0,0,0,0,0
TLM_RCV,-53,FG-ALPHA,20260604_135246,AUTO,0,31.33,6.00,-85,36.22,6.80,3.29,5.02,4.96,5.01,964,466,0,326,22.49,1013.50,12.10,405.40,13.57,89.50,1080,0,0,0,0,0
TLM_RCV,-56,FG-ALPHA,20260604_135247,AUTO,0,33.46,5.00,-85,36.28,6.80,3.29,5.02,4.94,5.02,1102,492,0,345,23.05,1013.50,12.10,405.30,13.57,89.50,1080,0,0,0,0,0
TLM_RCV,-72,FG-ALPHA,20260604_135248,AUTO,0,32.46,5.00,-85,36.31,6.80,3.31,5.02,4.97,5.01,816,492,0,342,21.62,1013.20,11.90,405.10,13.57,89.50,1080,0,0,0,0,0
TLM_RCV,-79,FG-ALPHA,20260604_135249,AUTO,0,32.03,5.00,-85,36.38,6.81,3.29,5.02,4.96,5.01,1127,405,0,264,23.61,1013.10,11.90,405.70,13.57,89.50,1080,0,0,0,0,0
TLM_RCV,-53,FG-ALPHA,20260604_135250,AUTO,1,36.36,6.50,-85,36.35,6.68,3.29,4.94,4.94,5.02,960,1272,788,343,21.56,1013.20,12.00,405.90,13.57,89.65,1080,0,0,0,0,0
TLM_RCV,-73,FG-ALPHA,20260604_135251,AUTO,0,31.45,5.00,-85,36.40,6.80,3.30,5.02,4.96,5.02,956,490,0,346,22.33,1013.40,11.90,405.30,13.57,89.65,1080,0,0,0,0,0
TLM_RCV,-53,FG-ALPHA,20260604_135252,AUTO,0,32.24,5.00,-85,36.45,6.81,3.28,5.02,4.97,5.02,992,449,0,308,22.72,1012.80,11.80,405.50,13.57,89.65,1080,0,0,0,0,0
TLM_RCV,-67,FG-ALPHA,20260604_135253,AUTO,0,31.32,5.00,-85,36.40,6.80,3.29,5.02,4.96,5.02,0,463,0,306,22.32,1012.90,12.00,405.20,13.57,89.65,1080,0,0,0,0,0
TLM_RCV,-66,FG-ALPHA,20260604_135254,AUTO,1,36.85,6.50,-85,36.39,6.70,3.29,4.94,4.95,5.01,1009,1170,763,261,20.81,1013.00,12.10,404.60,13.57,89.80,1080,0,0,0,0,0
TLM_RCV,-76,FG-ALPHA,20260604_135255,AUTO,1,34.71,8.00,-85,36.36,6.70,3.29,4.92,4.97,5.01,823,1142,669,328,21.59,1013.50,12.10,406.40,13.58,89.95,1080,0,0,0,0,0
TLM_RCV,-88,FG-ALPHA,20260604_135256,AUTO,0,31.01,6.00,-85,36.41,6.81,3.30,5.02,4.94,5.01,906,402,0,260,22.52,1012.90,12.10,406.40,13.58,89.95,1080,0,0,0,0,0
TLM_RCV,-41,FG-ALPHA,20260604_135257,AUTO,0,33.45,5.00,-85,36.46,6.80,3.30,5.02,4.94,5.01,999,490,0,340,22.55,1013.00,11.80,404.60,13.58,89.95,1080,0,0,0,0,0
TLM_RCV,-69,FG-ALPHA,20260604_135319,AUTO,0,33.31,5.00,-85,37.65,6.83,3.28,5.02,4.94,5.01,0,461,0,302,22.31,1013.00,12.10,404.90,13.60,89.95,1080,0,0,0,0,0
TLM_RCV,-74,FG-ALPHA,20260604_135320,AUTO,0,32.38,5.00,-85,37.72,6.83,3.28,5.02,4.97,5.02,1188,477,0,333,23.56,1013.50,11.80,405.30,13.60,89.95,1080,0,0,0,0,0
TLM_RCV,-47,FG-ALPHA,20260604_135321,AUTO,0,33.38,5.00,-85,14.95,6.29,3.28,5.02,4.97,5.02,0,475,0,327,22.37,1012.90,12.00,405.20,13.60,89.95,1080,0,0,0,0,0
TLM_RCV,-58,FG-ALPHA,20260604_135322,AUTO,0,32.18,5.00,-85,15.02,6.30,3.30,5.02,4.94,5.01,1139,436,0,290,23.51,1012.90,11.80,406.10,13.60,89.95,1080,0,0,0,0,0
TLM_RCV,-74,FG-ALPHA,20260604_135323,AUTO,0,33.24,5.00,-85,15.08,6.29,3.30,5.02,4.96,5.02,998,447,0,301,22.75,1012.90,12.10,405.90,13.60,89.95,1080,0,0,0,0,0
TLM_RCV,-59,FG-ALPHA,20260604_135324,AUTO,0,32.44,5.00,-85,15.03,6.29,3.28,5.02,4.95,5.02,0,488,0,340,22.44,1012.70,11.90,405.20,13.60,89.95,1080,0,0,0,0,0
TLM_RCV,-75,FG-ALPHA,20260604_135325,AUTO,0,31.18,5.00,-85,15.08,6.30,3.30,5.02,4.95,5.02,957,437,0,283,22.60,1013.30,12.00,405.30,13.61,89.95,1080,0,0,0,0,0
TLM_RCV,-73,FG-ALPHA,20260604_135326,AUTO,0,33.31,5.00,-85,15.03,6.29,3.28,5.02,4.94,5.01,0,462,0,317,22.31,1013.40,11.90,406.10,13.61,89.95,1080,0,0,0,0,0
TLM_RCV,-66,FG-ALPHA,20260604_135327,AUTO,0,31.23,5.00,-85,15.08,6.30,3.31,5.02,4.94,5.01,928,445,0,290,22.42,1012.80,11.90,405.30,13.61,89.95,1080,0,0,0,0,0
TLM_RCV,-50,FG-ALPHA,20260604_135328,AUTO,0,31.00,5.00,-85,15.13,6.30,3.31,5.02,4.94,5.01,915,401,0,259,22.57,1013.60,11.80,406.20,13.61,89.95,1080,0,0,0,0,0
TLM_RCV,-60,FG-ALPHA,20260604_135329,AUTO,0,32.38,5.00,-85,15.19,6.29,3.29,5.02,4.96,5.02,1035,475,0,319,22.80,1013.30,12.00,406.00,13.61,89.95,1080,0,0,0,0,0
TLM_RCV,-73,FG-ALPHA,20260604_135330,AUTO,0,32.38,5.00,-85,15.26,6.29,3.29,5.02,4.94,5.02,1135,475,0,332,23.30,1013.10,11.80,405.70,13.61,89.95,1080,0,0,0,0,0
TLM_RCV,-89,FG-ALPHA,20260604_135331,AUTO,0,32.47,5.00,-85,15.30,6.29,3.29,5.02,4.94,5.02,885,495,0,341,21.95,1013.40,11.90,405.10,13.61,89.95,1080,0,0,0,0,0
TLM_RCV,-63,FG-ALPHA,20260604_135332,AUTO,0,31.20,5.00,-85,15.34,6.30,3.31,5.02,4.96,5.01,844,440,0,291,22.02,1012.70,12.00,404.90,13.61,89.95,1080,0,0,0,0,0
TLM_RCV,-90,FG-ALPHA,20260604_135333,AUTO,0,33.36,5.00,-85,15.39,6.30,3.30,5.02,4.94,5.01,988,472,0,322,22.58,1012.90,12.10,405.40,13.61,89.95,1080,0,0,0,0,0
TLM_RCV,-66,FG-ALPHA,20260604_135334,AUTO,0,32.22,5.00,-85,15.34,6.30,3.29,5.02,4.94,5.02,0,443,0,292,22.22,1013.20,11.80,406.30,13.61,89.95,1080,0,0,0,0,0
TLM_RCV,-81,FG-ALPHA,20260604_135335,AUTO,0,33.32,5.00,-85,15.41,6.30,3.28,5.02,4.94,5.01,1105,464,0,322,23.20,1013.50,12.00,406.10,13.62,89.95,1080,0,0,0,0,0
TLM_RCV,-81,FG-ALPHA,20260604_135336,AUTO,0,31.28,5.00,-85,15.48,6.30,3.28,5.02,4.96,5.02,1138,456,0,301,23.41,1013.00,12.00,405.10,13.62,89.95,1080,0,0,0,0,0
TLM_RCV,-45,FG-ALPHA,20260604_135337,AUTO,0,33.28,5.00,-85,15.43,6.30,3.29,5.02,4.94,5.01,0,457,0,301,22.28,1013.60,11.90,406.20,13.62,89.95,1080,0,0,0,0,0
TLM_RCV,-88,FG-ALPHA,20260604_135338,AUTO,0,33.21,5.00,-85,15.39,6.30,3.28,5.02,4.94,5.02,0,442,0,293,22.21,1013.60,11.80,405.50,13.62,89.95,1080,0,0,0,0,0
TLM_RCV,-42,FG-ALPHA,20260604_135339,AUTO,0,33.28,5.00,-85,15.34,6.30,3.29,5.02,4.95,5.01,0,456,0,312,22.28,1013.40,11.90,406.30,13.62,89.95,1080,0,0,0,0,0
TLM_RCV,-48,FG-ALPHA,20260604_135340,AUTO,0,31.00,5.00,-85,15.38,6.31,3.30,5.02,4.94,5.02,845,399,0,255,22.23,1013.10,11.80,406.00,13.62,89.95,1080,0,0,0,0,0
TLM_RCV,-94,FG-ALPHA,20260604_135341,AUTO,0,33.06,5.00,-85,15.45,6.31,3.31,5.02,4.94,5.01,1040,412,0,262,23.14,1013.00,12.00,404.60,13.62,89.95,1080,0,0,0,0,0
TLM_RCV,-89,FG-ALPHA,20260604_135342,AUTO,0,33.44,5.00,-85,15.51,6.30,3.30,5.02,4.96,5.01,1063,487,0,337,22.88,1013.00,12.10,405.80,13.62,89.95,1080,0,0,0,0,0
TLM_RCV,-86,FG-ALPHA,20260604_135343,AUTO,0,32.49,5.00,-85,15.56,6.30,3.31,5.02,4.94,5.01,1091,499,0,341,22.96,1013.60,12.00,404.90,13.62,89.95,1080,0,0,0,0,0
TLM_RCV,-40,FG-ALPHA,20260604_135344,AUTO,0,32.38,5.00,-85,15.63,6.30,3.29,5.02,4.97,5.02,1133,476,0,323,23.28,1013.10,12.00,404.60,13.62,89.95,1080,0,0,0,0,0
TLM_RCV,-70,FG-ALPHA,20260604_135345,AUTO,0,32.21,5.00,-85,15.70,6.31,3.31,5.02,4.95,5.02,1112,442,0,286,23.35,1013.40,12.00,404.60,13.63,89.95,1080,0,0,0,0,0
TLM_RCV,-44,FG-ALPHA,20260604_135346,AUTO,0,31.97,5.00,-85,15.76,6.32,3.31,5.02,4.95,5.02,1007,393,0,253,23.07,1013.00,12.00,406.20,13.63,89.95,1080,0,0,0,0,0
TLM_RCV,-84,FG-ALPHA,20260604_135347,AUTO,0,32.15,5.00,-85,15.81,6.31,3.29,5.02,4.95,5.02,988,431,0,279,22.78,1013.50,12.00,405.20,13.63,89.95,1080,0,0,0,0,0
TLM_RCV,-73,FG-ALPHA,20260604_135348,AUTO,0,32.14,5.00,-85,15.77,6.31,3.28,5.02,4.97,5.02,0,428,0,270,22.14,1012.90,12.00,406.10,13.63,89.95,1080,0,0,0,0,0
TLM_RCV,-55,FG-ALPHA,20260604_135349,AUTO,0,33.35,5.00,-85,15.72,6.31,3.28,5.02,4.95,5.01,0,471,0,318,22.35,1012.90,12.00,405.90,13.63,89.95,1080,0,0,0,0,0
TLM_RCV,-57,FG-ALPHA,20260604_135350,AUTO,0,32.01,5.00,-85,15.80,6.32,3.30,5.02,4.96,5.02,1111,402,0,252,23.55,1013.20,12.00,406.20,13.63,89.95,1080,0,0,0,0,0
TLM_RCV,-63,FG-ALPHA,20260604_135351,AUTO,0,32.42,5.00,-85,15.83,6.31,3.29,5.02,4.97,5.01,808,485,0,333,21.61,1012.90,12.00,405.00,13.63,89.95,1080,0,0,0,0,0
TLM_RCV,-92,FG-ALPHA,20260604_135352,AUTO,0,33.19,5.00,-85,15.89,6.32,3.29,5.02,4.94,5.01,1100,438,0,294,23.31,1013.20,12.10,405.10,13.63,89.95,1080,0,0,0,0,0
TLM_RCV,-80,FG-ALPHA,20260604_135353,AUTO,0,32.99,5.00,-85,15.94,6.32,3.30,5.02,4.97,5.01,894,397,0,252,22.49,1012.90,12.00,404.60,13.63,89.95,1080,0,0,0,0,0
TLM_RCV,-56,FG-ALPHA,20260604_135354,AUTO,0,33.19,5.00,-85,16.02,6.32,3.29,5.02,4.95,5.01,1196,438,0,288,23.79,1012.90,11.90,404.60,13.63,89.95,1080,0,0,0,0,0
TLM_RCV,-43,FG-ALPHA,20260604_135355,AUTO,0,33.19,5.00,-85,15.98,6.32,3.31,5.02,4.97,5.01,0,438,0,287,22.19,1013.40,11.90,404.70,13.64,89.95,1080,0,0,0,0,0
TLM_RCV,-50,FG-ALPHA,20260604_135356,AUTO,0,32.13,5.00,-85,15.93,6.32,3.28,5.02,4.95,5.01,0,427,0,271,22.14,1013.00,11.80,406.40,13.64,89.95,1080,0,0,0,0,0
TLM_RCV,-73,FG-ALPHA,20260604_135357,AUTO,0,31.97,5.00,-85,15.89,6.32,3.28,5.02,4.94,5.02,0,394,0,253,21.97,1013.30,12.00,405.90,13.64,89.95,1080,0,0,0,0,0
TLM_RCV,-52,FG-ALPHA,20260604_135358,AUTO,0,33.08,5.00,-85,15.97,6.32,3.29,5.02,4.95,5.02,1141,417,0,275,23.62,1012.80,11.90,405.30,13.64,89.95,1080,0,0,0,0,0
TLM_RCV,-87,FG-ALPHA,20260604_135359,AUTO,0,33.10,5.00,-85,16.04,6.32,3.28,5.02,4.97,5.01,1149,420,0,267,23.65,1013.40,12.10,404.90,13.64,89.95,1080,0,0,0,0,0
TLM_RCV,-49,FG-ALPHA,20260604_135421,AUTO,0,32.06,5.00,-85,17.09,6.35,3.28,5.02,4.96,5.02,1120,413,0,254,23.53,1013.50,11.80,405.70,13.66,89.95,1080,0,0,0,0,0
TLM_RCV,-40,FG-ALPHA,20260604_135422,AUTO,0,33.13,5.00,-85,17.15,6.35,3.28,5.02,4.96,5.02,1078,426,0,274,23.26,1012.90,12.00,404.80,13.66,89.95,1080,0,0,0,0,0
TLM_RCV,-54,FG-ALPHA,20260604_135423,AUTO,0,32.49,5.00,-85,17.21,6.34,3.31,5.02,4.97,5.01,1030,499,0,346,22.66,1013.60,11.80,406.10,13.66,89.95,1080,0,0,0,0,0
TLM_RCV,-75,FG-ALPHA,20260604_135424,AUTO,0,32.17,5.00,-85,17.28,6.35,3.31,5.02,4.96,5.02,1141,433,0,291,23.54,1013.40,12.10,404.70,13.66,89.95,1080,0,0,0,0,0
TLM_RCV,-77,FG-ALPHA,20260604_135425,AUTO,0,31.35,5.00,-85,17.33,6.35,3.29,5.02,4.96,5.01,1024,471,0,323,22.76,1013.10,12.10,405.60,13.67,89.95,1080,0,0,0,0,0
TLM_RCV,-70,FG-ALPHA,20260604_135426,AUTO,0,30.96,5.00,-85,17.38,6.36,3.30,5.02,4.95,5.01,859,392,0,252,22.33,1013.00,12.10,405.70,13.67,89.95,1080,0,0,0,0,0
TLM_RCV,-95,FG-ALPHA,20260604_135427,AUTO,0,31.02,5.00,-85,17.44,6.36,3.29,5.02,4.94,5.01,965,404,0,258,22.81,1013.40,12.10,405.30,13.67,89.95,1080,0,0,0,0,0
TLM_RCV,-88,FG-ALPHA,20260604_135428,AUTO,0,33.53,5.00,-85,17.50,6.34,3.31,5.02,4.95,5.01,1186,505,0,346,23.41,1013.30,11.80,405.40,13.67,89.95,1080,0,0,0,0,0
TLM_RCV,-86,FG-ALPHA,20260604_135429,AUTO,0,32.26,5.00,-85,17.46,6.35,3.29,5.02,4.95,5.01,0,453,0,300,22.26,1012.70,12.00,405.50,13.67,89.95,1080,0,0,0,0,0
TLM_RCV,-55,FG-ALPHA,20260604_135430,AUTO,0,31.02,5.00,-85,17.42,6.36,3.31,5.02,4.94,5.02,0,404,0,251,22.02,1013.50,12.10,406.10,13.67,89.95,1080,0,0,0,0,0
TLM_RCV,-61,FG-ALPHA,20260604_135431,AUTO,0,32.19,5.00,-85,17.50,6.35,3.29,5.02,4.96,5.02,1199,437,0,292,23.81,1013.30,12.00,405.70,13.67,89.95,1080,0,0,0,0,0
TLM_RCV,-89,FG-ALPHA,20260604_135432,AUTO,0,33.26,5.00,-85,17.56,6.35,3.30,5.02,4.94,5.01,1073,453,0,313,23.10,1013.50,12.00,406.40,13.67,89.95,1080,0,0,0,0,0
TLM_RCV,-83,FG-ALPHA,20260604_135433,AUTO,0,32.25,5.00,-85,17.63,6.36,3.31,5.02,4.94,5.01,1196,450,0,310,23.73,1013.40,11.90,404.60,13.67,89.95,1080,0,0,0,0,0
TLM_RCV,-56,FG-ALPHA,20260604_135434,AUTO,0,31.17,5.00,-85,17.70,6.36,3.28,5.02,4.95,5.02,1096,433,0,280,23.32,1013.40,12.00,405.60,13.67,89.95,1080,0,0,0,0,0
TLM_RCV,-74,FG-ALPHA,20260604_135435,AUTO,0,31.27,5.00,-85,17.65,6.36,3.30,5.02,4.95,5.02,0,455,0,303,22.27,1013.60,11.80,405.50,13.68,89.95,1080,0,0,0,0,0
TLM_RCV,-51,FG-ALPHA,20260604_135436,AUTO,0,33.28,5.00,-85,17.72,6.36,3.30,5.02,4.95,5.02,1133,457,0,308,23.38,1012.90,12.10,405.90,13.68,89.95,1080,0,0,0,0,0
TLM_RCV,-62,FG-ALPHA,20260604_135437,AUTO,0,33.11,5.00,-85,17.78,6.36,3.30,5.02,4.96,5.02,1026,422,0,275,23.02,1012.80,12.00,404.60,13.68,89.95,1080,0,0,0,0,0
TLM_RCV,-75,FG-ALPHA,20260604_135438,AUTO,0,31.32,5.00,-85,17.85,6.36,3.31,5.02,4.97,5.01,1177,463,0,320,23.57,1013.60,12.00,405.80,13.68,89.95,1080,0,0,0,0,0
TLM_RCV,-92,FG-ALPHA,20260604_135439,AUTO,0,31.45,5.00,-85,17.90,6.36,3.29,5.02,4.95,5.01,940,490,0,343,22.25,1013.50,12.00,406.10,13.68,89.95,1080,0,0,0,0,0
TLM_RCV,-71,FG-ALPHA,20260604_135440,AUTO,0,31.25,5.00,-85,17.97,6.36,3.28,5.02,4.95,5.01,1185,449,0,294,23.68,1013.00,12.10,406.30,13.68,89.95,1080,0,0,0,0,0
TLM_RCV,-82,FG-ALPHA,20260604_135441,AUTO,0,31.41,5.00,-85,18.02,6.36,3.30,5.02,4.96,5.02,948,481,0,330,22.33,1012.90,12.10,405.50,13.68,89.95,1080,0,0,0,0,0
TLM_RCV,-87,FG-ALPHA,20260604_135442,AUTO,0,31.17,5.00,-85,18.08,6.37,3.29,5.02,4.95,5.01,1073,434,0,290,23.19,1013.30,12.00,404.50,13.68,89.95,1080,0,0,0,0,0
TLM_RCV,-44,FG-ALPHA,20260604_135443,AUTO,0,32.35,5.00,-85,18.13,6.36,3.30,5.02,4.97,5.02,922,470,0,320,22.26,1013.30,12.00,406.20,13.68,89.95,1080,0,0,0,0,0
TLM_RCV,-80,FG-ALPHA,20260604_135444,AUTO,0,33.41,5.00,-85,18.18,6.36,3.31,5.02,4.96,5.02,1012,482,0,327,22.65,1013.00,12.00,405.80,13.68,89.95,1080,0,0,0,0,0
TLM_RCV,-40,FG-ALPHA,20260604_135445,AUTO,0,32.46,5.00,-85,18.23,6.36,3.30,5.02,4.97,5.01,1007,492,0,344,22.58,1012.70,11.90,405.80,13.69,89.95,1080,0,0,0,0,0
TLM_RCV,-90,FG-ALPHA,20260604_135446,AUTO,0,31.30,5.00,-85,18.19,6.37,3.29,5.02,4.97,5.02,0,459,0,311,22.30,1013.00,11.80,405.00,13.69,89.95,1080,0,0,0,0,0
TLM_RCV,-72,FG-ALPHA,20260604_135447,AUTO,0,31.97,5.00,-85,18.15,6.38,3.28,5.02,4.94,5.01,0,394,0,251,21.97,1013.30,11.90,406.20,13.69,89.95,1080,0,0,0,0,0
TLM_RCV,-77,FG-ALPHA,20260604_135448,AUTO,0,31.09,5.00,-85,18.21,6.37,3.31,5.02,4.97,5.01,1034,418,0,276,23.08,1013.60,12.10,406.40,13.69,89.95,1080,0,0,0,0,0
TLM_RCV,-50,FG-ALPHA,20260604_135449,AUTO,0,31.05,5.00,-85,18.17,6.37,3.28,5.02,4.94,5.02,0,409,0,252,22.05,1013.50,11.90,405.50,13.69,89.95,1080,0,0,0,0,0
TLM_RCV,-94,FG-ALPHA,20260604_135450,AUTO,0,31.36,5.00,-85,18.20,6.37,3.30,5.02,4.96,5.02,834,472,0,320,21.81,1013.00,12.10,406.20,13.69,89.95,1080,0,0,0,0,0
TLM_RCV,-67,FG-ALPHA,20260604_135451,AUTO,0,33.39,5.00,-85,18.27,6.37,3.29,5.02,4.97,5.02,1139,478,0,333,23.31,1013.60,12.10,406.20,13.69,89.95,1080,0,0,0,0,0
TLM_RCV,-61,FG-ALPHA,20260604_135452,AUTO,0,33.49,5.00,-85,18.30,6.36,3.28,5.02,4.95,5.02,804,498,0,342,21.53,1013.60,11.80,405.80,13.69,89.95,1080,0,0,0,0,0
TLM_RCV,-55,FG-ALPHA,20260604_135453,AUTO,0,33.51,5.00,-85,18.34,6.36,3.28,5.02,4.95,5.01,897,501,0,347,21.98,1012.90,11.90,405.70,13.69,89.95,1080,0,0,0,0,0
TLM_RCV,-48,FG-ALPHA,20260604_135454,AUTO,0,31.07,5.00,-85,18.30,6.38,3.28,5.02,4.96,5.01,0,413,0,257,22.07,1013.30,12.00,405.60,13.69,89.95,1080,0,0,0,0,0
TLM_RCV,-68,FG-ALPHA,20260604_135455,AUTO,0,31.07,5.00,-85,18.36,6.38,3.29,5.02,4.97,5.01,1024,413,0,255,23.06,1012.80,12.10,404.80,13.70,89.95,1080,0,0,0,0,0
TLM_RCV,-84,FG-ALPHA,20260604_135456,AUTO,0,33.31,5.00,-85,18.39,6.37,3.28,5.02,4.94,5.02,824,461,0,315,21.82,1013.40,11.90,405.10,13.70,89.95,1080,0,0,0,0,0
TLM_RCV,-76,FG-ALPHA,20260604_135457,AUTO,0,33.12,5.00,-85,18.46,6.38,3.30,5.02,4.94,5.01,1060,423,0,277,23.18,1013.30,12.00,404.60,13.70,89.95,1080,0,0,0,0,0
TLM_RCV,-72,FG-ALPHA,20260604_135458,AUTO,0,32.47,5.00,-85,18.53,6.37,3.30,5.02,4.97,5.02,1158,493,0,345,23.33,1013.00,11.90,404.90,13.70,89.95,1080,0,0,0,0,0
TLM_RCV,-40,FG-ALPHA,20260604_135459,AUTO,0,31.06,5.00,-85,18.60,6.38,3.28,5.02,4.96,5.02,1192,411,0,252,23.91,1013.60,12.10,405.50,13.70,89.95,1080,0,0,0,0,0
TLM_RCV,-40,FG-ALPHA,20260604_135500,AUTO,0,33.38,5.00,-85,18.68,6.38,3.28,5.02,4.94,5.01,1194,476,0,330,23.59,1013.00,12.00,406.40,13.70,89.95,1080,0,0,0,0,0
TLM_RCV,-72,FG-ALPHA,20260604_135501,AUTO,0,31.09,5.00,-85,18.72,6.39,3.31,5.02,4.97,5.01,837,419,0,270,22.09,1013.50,12.00,405.70,13.70,89.95,1080,0,0,0,0,0
TLM_RCV,-40,FG-ALPHA,20260604_135523,AUTO,0,33.10,5.00,-85,19.69,6.41,3.31,5.02,4.94,5.02,0,419,0,261,22.09,1013.00,12.00,406.20,13.72,89.95,1080,0,0,0,0,0
TLM_RCV,-47,FG-ALPHA,20260604_135524,AUTO,0,33.16,5.00,-85,19.74,6.41,3.31,5.02,4.96,5.02,933,432,0,288,22.50,1013.50,11.90,405.30,13.72,89.95,1080,0,0,0,0,0
TLM_RCV,-44,FG-ALPHA,20260604_135525,AUTO,0,32.18,5.00,-85,19.78,6.41,3.28,5.02,4.95,5.02,824,436,0,285,21.94,1013.60,11.90,406.30,13.73,89.95,1080,0,0,0,0,0
TLM_RCV,-59,FG-ALPHA,20260604_135526,AUTO,0,31.17,5.00,-85,19.85,6.41,3.31,5.02,4.94,5.01,1116,434,0,278,23.41,1013.00,11.90,406.30,13.73,89.95,1080,0,0,0,0,0
TLM_RCV,-78,FG-ALPHA,20260604_135527,AUTO,0,33.24,5.00,-85,19.89,6.41,3.29,5.02,4.97,5.02,848,448,0,304,22.00,1013.20,12.10,405.90,13.73,89.95,1080,0,0,0,0,0
TLM_RCV,-85,FG-ALPHA,20260604_135528,AUTO,0,33.40,5.00,-85,19.92,6.41,3.31,5.02,4.94,5.01,842,479,0,337,21.82,1013.60,12.00,405.50,13.73,89.95,1080,0,0,0,0,0
TLM_RCV,-60,FG-ALPHA,20260604_135529,AUTO,0,31.08,5.00,-85,20.00,6.42,3.30,5.02,4.96,5.01,1147,415,0,274,23.66,1012.70,12.10,406.40,13.73,89.95,1080,0,0,0,0,0
TLM_RCV,-54,FG-ALPHA,20260604_135530,AUTO,0,32.38,5.00,-85,20.03,6.41,3.30,5.02,4.96,5.02,838,476,0,333,21.81,1012.70,12.00,405.70,13.73,89.95,1080,0,0,0,0,0
TLM_RCV,-49,FG-ALPHA,20260604_135531,AUTO,1,35.35,6.50,-85,19.92,6.32,3.29,4.94,4.96,5.01,0,1069,609,304,25.34,1013.00,12.00,405.00,13.73,90.10,1080,0,0,0,0,0
TLM_RCV,-92,FG-ALPHA,20260604_135532,AUTO,0,33.19,5.00,-85,19.99,6.41,3.28,5.02,4.95,5.01,1102,437,0,283,23.33,1013.00,12.10,405.40,13.73,90.10,1080,0,0,0,0,0
TLM_RCV,-92,FG-ALPHA,20260604_135533,AUTO,0,33.03,5.00,-85,20.07,6.42,3.28,5.02,4.96,5.01,1162,406,0,254,23.78,1013.40,11.90,406.00,13.73,90.10,1080,0,0,0,0,0
TLM_RCV,-90,FG-ALPHA,20260604_135534,AUTO,0,31.42,5.00,-85,20.02,6.41,3.30,5.02,4.95,5.02,0,483,0,336,22.42,1013.40,11.80,406.40,13.73,90.10,1080,0,0,0,0,0
TLM_RCV,-77,FG-ALPHA,20260604_135535,AUTO,0,33.19,5.00,-85,20.09,6.42,3.29,5.02,4.94,5.01,1135,439,0,280,23.48,1012.90,11.90,405.30,13.74,90.10,1080,0,0,0,0,0
TLM_RCV,-50,FG-ALPHA,20260604_135536,AUTO,0,33.15,5.00,-85,20.16,6.42,3.30,5.02,4.96,5.02,1112,431,0,284,23.41,1013.00,12.10,405.60,13.74,90.10,1080,0,0,0,0,0
TLM_RCV,-43,FG-ALPHA,20260604_135537,AUTO,1,34.56,6.50,-85,20.16,6.32,3.29,4.89,4.94,5.02,1158,1113,632,335,20.23,1013.20,12.00,405.10,13.74,90.25,1080,0,0,0,0,0
TLM_RCV,-91,FG-ALPHA,20260604_135538,AUTO,1,34.35,8.00,-85,20.15,6.32,3.30,4.93,4.97,5.02,923,1069,615,307,20.73,1012.80,12.10,405.60,13.74,90.40,1080,0,0,0,0,0
TLM_RCV,-91,FG-ALPHA,20260604_135539,AUTO,1,36.37,9.50,-85,20.13,6.32,3.31,4.88,4.95,5.02,887,1073,642,280,20.93,1013.00,11.90,406.30,13.74,90.55,1080,0,0,0,0,0
TLM_RCV,-61,FG-ALPHA,20260604_135540,AUTO,1,36.35,11.00,-85,20.10,6.32,3.30,4.85,4.97,5.02,824,1071,632,288,21.24,1012.80,12.10,406.00,13.74,90.70,1080,0,0,0,0,0
TLM_RCV,-44,FG-ALPHA,20260604_135541,AUTO,1,35.67,12.50,-85,20.09,6.31,3.28,4.86,4.95,5.01,1041,1135,645,339,20.47,1012.80,12.10,405.80,13.74,90.85,1080,0,0,0,0,0
TLM_RCV,-73,FG-ALPHA,20260604_135542,AUTO,1,35.01,14.00,-85,19.97,6.30,3.30,4.90,4.96,5.01,0,1201,716,334,26.00,1013.30,12.10,405.90,13.74,91.00,1080,0,0,0,0,0
TLM_RCV,-64,FG-ALPHA,20260604_135543,AUTO,0,33.33,12.00,-85,20.04,6.41,3.31,5.02,4.96,5.02,1094,467,0,318,23.14,1013.60,12.10,405.90,13.74,91.00,1080,0,0,0,0,0
TLM_RCV,-68,FG-ALPHA,20260604_135544,AUTO,0,33.09,10.00,-85,20.09,6.42,3.30,5.02,4.95,5.01,929,418,0,260,22.56,1013.60,11.80,405.90,13.74,91.00,1080,0,0,0,0,0
TLM_RCV,-95,FG-ALPHA,20260604_135545,AUTO,0,31.28,8.00,-85,20.13,6.41,3.29,5.02,4.95,5.01,857,457,0,315,22.00,1013.30,12.10,406.10,13.75,91.00,1080,0,0,0,0,0
TLM_RCV,-72,FG-ALPHA,20260604_135546,AUTO,0,32.44,6.00,-85,20.08,6.41,3.28,5.02,4.97,5.02,0,488,0,329,22.44,1013.50,12.00,405.10,13.75,91.00,1080,0,0,0,0,0
TLM_RCV,-58,FG-ALPHA,20260604_135547,AUTO,0,32.44,5.00,-85,20.11,6.41,3.28,5.02,4.94,5.01,839,488,0,340,21.75,1012.80,12.00,405.00,13.75,91.00,1080,0,0,0,0,0
TLM_RCV,-54,FG-ALPHA,20260604_135548,AUTO,0,33.10,5.00,-85,20.16,6.42,3.29,5.02,4.94,5.01,922,420,0,274,22.51,1013.60,11.80,405.00,13.75,91.00,1080,0,0,0,0,0
TLM_RCV,-56,FG-ALPHA,20260604_135549,AUTO,0,33.22,5.00,-85,20.22,6.42,3.28,5.02,4.97,5.01,962,444,0,300,22.59,1013.30,11.90,406.30,13.75,91.00,1080,0,0,0,0,0
TLM_RCV,-95,FG-ALPHA,20260604_135550,AUTO,0,32.47,5.00,-85,20.27,6.41,3.29,5.02,4.96,5.02,1012,495,0,348,22.59,1013.00,12.00,404.50,13.75,91.00,1080,0,0,0,0,0
TLM_RCV,-85,FG-ALPHA,20260604_135551,AUTO,0,32.20,5.00,-85,20.32,6.42,3.30,5.02,4.96,5.02,975,440,0,290,22.67,1013.40,12.10,405.70,13.75,91.00,1080,0,0,0,0,0
TLM_RCV,-47,FG-ALPHA,20260604_135552,AUTO,0,33.22,5.00,-85,20.28,6.42,3.30,5.02,4.94,5.01,0,444,0,289,22.22,1013.60,11.80,404.80,13.75,91.00,1080,0,0,0,0,0
TLM_RCV,-68,FG-ALPHA,20260604_135553,AUTO,0,32.19,5.00,-85,20.31,6.42,3.29,5.02,4.97,5.01,808,437,0,278,21.85,1012.90,11.90,404.50,13.75,91.00,1080,0,0,0,0,0
TLM_RCV,-46,FG-ALPHA,20260604_135554,AUTO,0,31.21,5.00,-85,20.27,6.42,3.31,5.02,4.96,5.01,0,442,0,295,22.21,1012.80,12.00,405.80,13.75,91.00,1080,0,0,0,0,0
TLM_RCV,-62,FG-ALPHA,20260604_135555,AUTO,0,31.00,5.00,-85,20.31,6.43,3.31,5.02,4.96,5.02,809,401,0,253,22.04,1013.20,11.90,404.60,13.76,91.00,1080,0,0,0,0,0
TLM_RCV,-75,FG-ALPHA,20260604_135556,AUTO,0,33.21,5.00,-85,20.27,6.42,3.29,5.02,4.94,5.01,0,442,0,286,22.21,1013.00,11.90,405.90,13.76,91.00,1080,0,0,0,0,0
TLM_RCV,-90,FG-ALPHA,20260604_135557,AUTO,0,32.96,5.00,-85,20.32,6.43,3.28,5.02,4.95,5.02,963,392,0,251,22.85,1012.70,11.90,405.40,13.76,91.00,1080,0,0,0,0,0
TLM_RCV,-73,FG-ALPHA,20260604_135558,AUTO,0,32.97,5.00,-85,20.37,6.43,3.29,5.02,4.96,5.02,841,394,0,251,22.24,1013.20,11.80,405.00,13.76,91.00,1080,0,0,0,0,0
TLM_RCV,-44,FG-ALPHA,20260604_135559,AUTO,1,35.51,6.50,-85,20.37,6.32,3.28,4.90,4.96,5.01,1157,1101,673,278,20.28,1013.50,11.90,405.10,13.76,91.15,1080,0,0,0,0,0
TLM_RCV,-56,FG-ALPHA,20260604_135600,AUTO,1,34.31,8.00,-85,20.35,6.33,3.28,4.89,4.94,5.01,864,1061,627,277,20.99,1013.40,12.10,404.70,13.76,91.30,1080,0,0,0,0,0
TLM_RCV,-80,FG-ALPHA,20260604_135601,AUTO,1,36.38,9.50,-85,20.33,6.33,3.30,4.85,4.94,5.02,864,1076,653,264,21.06,1012.70,12.00,404.90,13.76,91.45,1080,0,0,1,0,0
TLM_RCV,-86,FG-ALPHA,20260604_135602,AUTO,1,36.76,11.00,-85,20.33,6.32,3.31,4.87,4.97,5.02,1172,1153,708,287,20.09,1013.10,12.00,405.70,13.76,91.60,1080,0,1,0,0,0
TLM_RCV,-93,FG-ALPHA,20260604_135603,AUTO,0,31.25,9.00,-85,20.39,6.42,3.31,5.02,4.95,5.02,1002,450,0,302,22.76,1013.30,11.90,405.70,13.76,91.60,1080,0,0,0,0,0
TLM_RCV,-70,FG-ALPHA,20260604_135625,AUTO,0,33.17,5.00,-85,21.65,6.45,3.31,5.02,4.94,5.02,971,433,0,287,22.69,1013.60,11.80,405.90,13.79,91.60,1080,0,0,0,0,0
TLM_RCV,-62,FG-ALPHA,20260604_135626,AUTO,0,31.07,5.00,-85,21.69,6.46,3.28,5.02,4.95,5.02,809,414,0,268,21.98,1013.40,12.10,406.10,13.79,91.60,1080,0,0,0,0,0
TLM_RCV,-68,FG-ALPHA,20260604_135627,AUTO,0,31.38,5.00,-85,21.75,6.45,3.29,5.02,4.96,5.01,1005,476,0,322,22.65,1013.20,12.10,405.70,13.79,91.60,1080,0,0,0,0,0
TLM_RCV,-65,FG-ALPHA,20260604_135628,AUTO,0,33.49,5.00,-85,21.80,6.45,3.28,5.02,4.97,5.01,1081,498,0,348,22.92,1012.70,12.00,404.70,13.79,91.60,1080,0,0,0,0,0
TLM_RCV,-50,FG-ALPHA,20260604_135629,AUTO,0,32.03,5.00,-85,21.87,6.46,3.28,5.02,4.97,5.02,1103,406,0,259,23.49,1012.80,12.10,405.90,13.79,91.60,1080,0,0,0,0,0
TLM_RCV,-56,FG-ALPHA,20260604_135630,AUTO,0,33.02,5.00,-85,21.93,6.47,3.28,5.02,4.94,5.02,995,404,0,263,22.95,1013.50,11.90,405.30,13.79,91.60,1080,0,0,0,0,0
TLM_RCV,-95,FG-ALPHA,20260604_135631,AUTO,0,31.08,5.00,-85,21.98,6.46,3.29,5.02,4.94,5.02,887,417,0,271,22.35,1013.00,11.80,404.90,13.79,91.60,1080,0,0,0,0,0
TLM_RCV,-68,FG-ALPHA,20260604_135632,AUTO,0,31.08,5.00,-85,22.03,6.47,3.29,5.02,4.96,5.01,953,415,0,267,22.69,1013.60,12.10,404.60,13.79,91.60,1080,0,0,0,0,0
TLM_RCV,-58,FG-ALPHA,20260604_135633,AUTO,0,31.14,5.00,-85,22.09,6.47,3.29,5.02,4.94,5.02,1007,427,0,273,22.90,1013.20,11.90,404.90,13.79,91.60,1080,0,0,0,0,0
TLM_RCV,-40,FG-ALPHA,20260604_135634,AUTO,0,31.08,5.00,-85,22.15,6.47,3.30,5.02,4.94,5.02,966,415,0,268,22.75,1013.10,12.10,405.00,13.79,91.60,1080,0,0,0,0,0
TLM_RCV,-63,FG-ALPHA,20260604_135635,AUTO,0,31.14,5.00,-85,22.21,6.47,3.29,5.02,4.94,5.02,1016,427,0,279,22.94,1013.00,12.10,406.10,13.80,91.60,1080,0,0,0,0,0
TLM_RCV,-54,FG-ALPHA,20260604_135636,AUTO,0,31.41,5.00,-85,22.16,6.46,3.28,5.02,4.96,5.01,0,482,0,327,22.41,1013.60,12.10,404.60,13.80,91.60,1080,0,0,0,0,0
TLM_RCV,-73,FG-ALPHA,20260604_135637,AUTO,0,32.10,5.00,-85,22.20,6.47,3.28,5.02,4.95,5.02,817,421,0,273,21.98,1012.90,11.80,405.30,13.80,91.60,1080,0,0,0,0,0
TLM_RCV,-67,FG-ALPHA,20260604_135638,AUTO,0,32.16,5.00,-85,22.25,6.47,3.29,5.02,4.97,5.01,959,432,0,286,22.64,1012.90,11.80,406.10,13.80,91.60,1080,0,0,0,0,0
TLM_RCV,-81,FG-ALPHA,20260604_135639,AUTO,0,31.33,5.00,-85,22.20,6.46,3.29,5.02,4.95,5.02,0,466,0,314,22.33,1012.90,11.80,405.90,13.80,91.60,1080,0,0,0,0,0
TLM_RCV,-75,FG-ALPHA,20260604_135640,AUTO,0,32.24,5.00,-85,22.27,6.47,3.28,5.02,4.95,5.01,1142,449,0,299,23.47,1013.40,11.80,404.70,13.80,91.60,1080,0,0,0,0,0
TLM_RCV,-63,FG-ALPHA,20260604_135641,AUTO,0,32.34,5.00,-85,22.33,6.47,3.30,5.02,4.95,5.01,1006,468,0,323,22.69,1012.80,11.90,405.60,13.80,91.60,1080,0,0,0,0,0
TLM_RCV,-62,FG-ALPHA,20260604_135642,AUTO,0,33.47,5.00,-85,22.28,6.46,3.28,5.02,4.97,5.01,0,494,0,335,22.47,1013.00,12.00,405.70,13.80,91.60,1080,0,0,0,0,0
TLM_RCV,-59,FG-ALPHA,20260604_135643,AUTO,0,32.38,5.00,-85,22.31,6.46,3.29,5.02,4.97,5.02,851,475,0,326,21.88,1013.20,12.00,405.50,13.80,91.60,1080,0,0,0,0,0
TLM_RCV,-63,FG-ALPHA,20260604_135644,AUTO,0,33.26,5.00,-85,22.38,6.47,3.31,5.02,4.97,5.01,1161,451,0,294,23.55,1012.90,11.90,404.60,13.80,91.60,1080,0,0,0,0,0
TLM_RCV,-67,FG-ALPHA,20260604_135645,AUTO,0,31.45,5.00,-85,22.44,6.47,3.30,5.02,4.97,5.01,1071,490,0,342,22.91,1013.00,12.00,405.80,13.81,91.60,1080,0,0,0,0,0
TLM_RCV,-43,FG-ALPHA,20260604_135646,AUTO,0,33.29,5.00,-85,22.40,6.47,3.28,5.02,4.97,5.01,0,459,0,312,22.30,1013.00,11.90,404.80,13.81,91.60,1080,0,0,0,0,0
TLM_RCV,-46,FG-ALPHA,20260604_135647,AUTO,0,31.16,5.00,-85,22.44,6.47,3.28,5.02,4.94,5.02,844,431,0,283,22.07,1013.60,11.90,405.50,13.81,91.60,1080,0,0,0,0,0
TLM_RCV,-49,FG-ALPHA,20260604_135648,AUTO,1,35.74,6.50,-85,22.41,6.37,3.30,4.88,4.96,5.02,836,1147,726,264,21.56,1013.30,11.90,406.00,13.81,91.75,1080,0,0,0,0,0
TLM_RCV,-71,FG-ALPHA,20260604_135649,AUTO,1,35.56,8.00,-85,22.40,6.37,3.29,4.90,4.97,5.02,1037,1113,639,320,20.38,1013.50,12.10,405.10,13.81,91.90,1080,0,1,0,0,0
TLM_RCV,-90,FG-ALPHA,20260604_135650,AUTO,1,37.15,9.50,-85,22.36,6.35,3.29,4.87,4.94,5.02,876,1231,735,343,21.77,1012.70,12.10,406.00,13.81,92.05,1080,0,0,0,0,0
TLM_RCV,-95,FG-ALPHA,20260604_135651,AUTO,1,34.82,11.00,-85,22.36,6.36,3.30,4.87,4.96,5.02,1095,1164,688,324,20.34,1013.60,11.90,405.30,13.81,92.20,1080,0,0,0,0,0
TLM_RCV,-71,FG-ALPHA,20260604_135652,AUTO,1,34.44,12.50,-85,22.34,6.37,3.30,4.93,4.94,5.01,879,1088,620,319,21.05,1012.70,11.80,406.10,13.81,92.35,1080,0,0,0,0,0
TLM_RCV,-55,FG-ALPHA,20260604_135653,AUTO,1,36.34,14.00,-85,22.33,6.38,3.30,4.90,4.95,5.01,1049,1068,624,299,20.09,1012.70,11.80,405.80,13.81,92.50,1080,0,0,0,0,0
TLM_RCV,-80,FG-ALPHA,20260604_135654,AUTO,1,36.90,15.50,-85,22.34,6.36,3.28,4.89,4.94,5.01,1185,1179,769,254,20.03,1013.10,11.80,406.00,13.81,92.65,1080,0,0,0,0,0
TLM_RCV,-71,FG-ALPHA,20260604_135655,AUTO,1,35.19,17.00,-85,22.33,6.38,3.29,4.89,4.94,5.01,1003,1038,601,279,20.17,1013.40,11.80,405.80,13.82,92.80,1080,0,0,0,0,0
TLM_RCV,-42,FG-ALPHA,20260604_135656,AUTO,1,35.10,18.50,-85,22.33,6.35,3.30,4.87,4.97,5.01,1178,1219,790,284,20.20,1013.00,11.90,404.70,13.82,92.95,1080,0,0,0,0,0
TLM_RCV,-82,FG-ALPHA,20260604_135657,AUTO,1,36.51,20.00,-85,22.32,6.37,3.31,4.91,4.95,5.01,1045,1101,687,262,20.28,1013.10,12.00,406.30,13.82,93.10,1080,0,0,0,0,0
TLM_RCV,-65,FG-ALPHA,20260604_135658,AUTO,0,32.27,18.00,-85,22.38,6.47,3.28,5.02,4.96,5.01,1043,454,0,306,22.94,1013.30,11.90,404.70,13.82,93.10,1080,0,0,0,0,0
TLM_RCV,-84,FG-ALPHA,20260604_135659,AUTO,1,35.50,19.50,-85,22.27,6.37,3.29,4.94,4.97,5.02,0,1100,633,327,25.50,1013.50,11.80,404.90,13.82,93.25,1080,0,0,0,0,0
TLM_RCV,-67,FG-ALPHA,20260604_135700,AUTO,1,34.83,21.00,-85,22.26,6.36,3.29,4.89,4.96,5.01,1054,1165,675,342,20.56,1013.00,11.90,404.60,13.82,93.40,1080,0,0,0,0,0
TLM_RCV,-74,FG-ALPHA,20260604_135701,AUTO,1,37.32,22.50,-85,22.13,6.34,3.28,4.86,4.94,5.01,0,1264,791,329,26.32,1013.30,11.80,405.20,13.82,93.55,1080,0,0,0,0,0
TLM_RCV,-90,FG-ALPHA,20260604_135702,AUTO,1,36.18,24.00,-85,22.11,6.35,3.28,4.91,4.97,5.01,986,1236,736,344,21.25,1013.50,11.80,405.70,13.82,93.70,1080,0,0,0,0,0
TLM_RCV,-55,FG-ALPHA,20260604_135703,AUTO,1,35.98,25.50,-85,22.07,6.35,3.28,4.91,4.94,5.01,832,1196,715,335,21.82,1012.80,11.90,405.50,13.82,93.85,1080,0,0,0,1,1
TLM_RCV,-49,FG-ALPHA,20260604_135704,AUTO,0,31.15,23.50,-85,22.12,6.47,3.30,5.02,4.97,5.02,908,429,0,289,22.40,1013.50,11.80,404.70,13.82,93.85,1080,0,0,0,0,0
TLM_RCV,-55,FG-ALPHA,20260604_135705,AUTO,0,32.21,21.50,-85,22.08,6.46,3.30,5.02,4.94,5.01,0,442,0,288,22.21,1013.60,11.80,405.70,13.83,93.85,1080,0,0,0,0,0
TLM_RCV,-76,FG-ALPHA,20260604_135727,AUTO,1,35.67,6.50,-85,23.35,6.39,3.28,4.91,4.96,5.01,1020,1133,639,347,20.57,1013.20,12.00,405.80,13.85,94.00,1080,0,0,0,0,0
TLM_RCV,-67,FG-ALPHA,20260604_135728,AUTO,1,35.31,8.00,-85,23.35,6.40,3.30,4.85,4.97,5.01,1045,1062,623,297,20.08,1013.60,12.00,405.40,13.85,94.15,1080,0,0,0,0,0
TLM_RCV,-62,FG-ALPHA,20260604_135729,AUTO,1,35.12,9.50,-85,23.33,6.38,3.30,4.86,4.96,5.02,1053,1223,797,283,20.85,1013.40,11.80,405.50,13.85,94.30,1080,0,1,1,1,0
TLM_RCV,-55,FG-ALPHA,20260604_135730,AUTO,1,36.97,11.00,-85,23.22,6.38,3.30,4.88,4.94,5.02,0,1195,725,325,25.98,1012.80,11.80,406.10,13.85,94.45,1080,1,0,0,0,0
TLM_RCV,-66,FG-ALPHA,20260604_135731,AUTO,1,34.76,12.50,-85,23.19,6.38,3.31,4.88,4.95,5.01,865,1151,715,290,21.43,1013.30,11.80,406.20,13.85,94.60,1080,0,0,0,0,0
TLM_RCV,-42,FG-ALPHA,20260604_135732,AUTO,1,36.65,14.00,-85,23.17,6.39,3.28,4.91,4.97,5.01,972,1130,684,303,20.79,1012.70,12.10,404.90,13.85,94.75,1080,0,0,0,0,0
TLM_RCV,-42,FG-ALPHA,20260604_135733,AUTO,1,34.53,15.50,-85,23.18,6.39,3.29,4.91,4.94,5.01,1198,1106,617,332,20.46,1012.80,12.00,405.90,13.85,94.90,1080,0,0,0,0,0
TLM_RCV,-51,FG-ALPHA,20260604_135734,AUTO,0,33.34,13.50,-85,23.23,6.49,3.28,5.02,4.95,5.01,988,468,0,328,22.60,1013.60,11.80,404.70,13.85,94.90,1080,0,0,0,0,0
TLM_RCV,-76,FG-ALPHA,20260604_135735,AUTO,0,33.12,11.50,-85,23.30,6.50,3.30,5.02,4.97,5.02,1076,423,0,280,23.26,1013.50,12.00,404.70,13.86,94.90,1080,0,0,0,0,0
TLM_RCV,-64,FG-ALPHA,20260604_135736,AUTO,0,32.04,9.50,-85,23.34,6.50,3.31,5.02,4.94,5.02,833,409,0,251,22.12,1013.40,12.10,406.30,13.86,94.90,1080,0,0,0,0,0
TLM_RCV,-58,FG-ALPHA,20260604_135737,AUTO,0,32.47,7.50,-85,23.37,6.49,3.28,5.02,4.95,5.01,804,495,0,339,21.55,1013.30,12.00,405.40,13.86,94.90,1080,0,0,0,0,0
TLM_RCV,-78,FG-ALPHA,20260604_135738,AUTO,0,32.35,5.50,-85,23.42,6.49,3.31,5.02,4.97,5.01,975,470,0,323,22.52,1013.20,12.10,405.70,13.86,94.90,1080,0,0,0,0,0
TLM_RCV,-95,FG-ALPHA,20260604_135739,AUTO,0,33.19,5.00,-85,23.38,6.50,3.28,5.02,4.95,5.01,0,439,0,292,22.19,1013.30,11.80,406.40,13.86,94.90,1080,0,0,0,0,0
TLM_RCV,-93,FG-ALPHA,20260604_135740,AUTO,0,31.11,5.00,-85,23.44,6.50,3.28,5.02,4.96,5.02,1031,422,0,278,23.05,1012.70,11.90,405.40,13.86,94.90,1080,0,0,0,0,0
TLM_RCV,-45,FG-ALPHA,20260604_135741,AUTO,0,31.22,5.00,-85,23.50,6.50,3.28,5.02,4.94,5.02,1018,443,0,284,22.87,1013.30,12.10,405.60,13.86,94.90,1080,0,0,0,0,0
TLM_RCV,-89,FG-ALPHA,20260604_135742,AUTO,0,33.28,5.00,-85,23.57,6.50,3.30,5.02,4.95,5.01,1189,455,0,305,23.67,1013.10,11.90,406.00,13.86,94.90,1080,0,0,0,0,0
TLM_RCV,-64,FG-ALPHA,20260604_135743,AUTO,0,33.10,5.00,-85,23.64,6.50,3.31,5.02,4.94,5.01,1174,420,0,280,23.77,1013.00,11.80,405.60,13.86,94.90,1080,0,0,0,0,0
TLM_RCV,-63,FG-ALPHA,20260604_135744,AUTO,0,32.19,5.00,-85,23.60,6.50,3.30,5.02,4.96,5.02,0,437,0,285,22.18,1013.20,11.90,406.00,13.86,94.90,1080,0,0,0,0,0
TLM_RCV,-62,FG-ALPHA,20260604_135745,AUTO,0,32.42,5.00,-85,23.67,6.50,3.31,5.02,4.96,5.01,1150,484,0,344,23.33,1012.80,12.00,404.60,13.87,94.90,1080,0,0,0,0,0
TLM_RCV,-65,FG-ALPHA,20260604_135746,AUTO,0,31.36,5.00,-85,23.70,6.50,3.28,5.02,4.95,5.01,822,473,0,328,21.75,1013.10,11.90,406.20,13.87,94.90,1080,0,0,0,0,0
TLM_RCV,-51,FG-ALPHA,20260604_135747,AUTO,0,32.33,5.00,-85,23.74,6.50,3.30,5.02,4.96,5.02,816,465,0,310,21.75,1012.90,11.80,406.00,13.87,94.90,1080,0,0,0,0,0
TLM_RCV,-66,FG-ALPHA,20260604_135748,AUTO,0,32.31,5.00,-85,23.79,6.50,3.29,5.02,4.97,5.02,999,463,0,320,22.68,1012.80,11.80,404.90,13.87,94.90,1080,0,0,0,0,0
TLM_RCV,-59,FG-ALPHA,20260604_135749,AUTO,0,31.08,5.00,-85,23.86,6.51,3.30,5.02,4.97,5.01,1078,417,0,260,23.31,1012.70,12.00,405.80,13.87,94.90,1080,0,0,0,0,0
TLM_RCV,-68,FG-ALPHA,20260604_135750,AUTO,0,32.12,5.00,-85,23.81,6.51,3.31,5.02,4.96,5.02,0,423,0,268,22.11,1013.00,12.10,405.10,13.87,94.90,1080,0,0,0,0,0
TLM_RCV,-77,FG-ALPHA,20260604_135751,AUTO,0,33.36,5.00,-85,23.86,6.50,3.29,5.02,4.94,5.01,931,472,0,323,22.30,1012.70,11.90,404.60,13.87,94.90,1080,0,0,0,0,0
TLM_RCV,-59,FG-ALPHA,20260604_135752,AUTO,0,33.42,5.00,-85,23.81,6.50,3.28,5.02,4.97,5.02,0,485,0,339,22.42,1013.20,12.10,406.40,13.87,94.90,1080,0,0,0,0,0
TLM_RCV,-44,FG-ALPHA,20260604_135753,AUTO,0,32.12,5.00,-85,23.85,6.51,3.28,5.02,4.96,5.01,847,423,0,275,22.12,1013.30,12.00,405.00,13.87,94.90,1080,0,0,0,0,0
TLM_RCV,-69,FG-ALPHA,20260604_135754,AUTO,0,32.23,5.00,-85,23.91,6.51,3.28,5.02,4.96,5.02,1008,446,0,289,22.81,1012.90,11.90,405.50,13.87,94.90,1080,0,0,0,0,0
TLM_RCV,-73,FG-ALPHA,20260604_135755,AUTO,0,32.31,5.00,-85,23.86,6.50,3.31,5.02,4.94,5.02,0,462,0,321,22.31,1013.50,11.80,405.80,13.88,94.90,1080,0,0,0,0,0
TLM_RCV,-46,FG-ALPHA,20260604_135756,AUTO,1,35.14,6.50,-85,23.85,6.39,3.28,4.86,4.97,5.02,1045,1228,738,349,20.92,1013.60,12.00,405.80,13.88,95.05,1080,0,0,0,0,0
TLM_RCV,-68,FG-ALPHA,20260604_135757,AUTO,1,35.22,8.00,-85,23.72,6.38,3.30,4.88,4.94,5.02,0,1244,792,294,26.22,1012.70,11.80,406.40,13.88,95.20,1080,0,0,0,0,0
TLM_RCV,-41,FG-ALPHA,20260604_135758,AUTO,1,37.00,9.50,-85,23.71,6.39,3.30,4.87,4.96,5.01,1117,1200,720,333,20.42,1013.50,12.00,405.50,13.88,95.35,1080,0,0,0,0,0
TLM_RCV,-77,FG-ALPHA,20260604_135759,AUTO,1,37.08,11.00,-85,23.59,6.38,3.31,4.87,4.97,5.02,0,1217,778,289,26.08,1012.90,11.90,405.60,13.88,95.50,1080,0,0,0,0,0
TLM_RCV,-55,FG-ALPHA,20260604_135800,AUTO,1,36.85,12.50,-85,23.59,6.39,3.28,4.89,4.94,5.02,1169,1169,730,288,20.00,1012.70,12.00,406.40,13.88,95.65,1080,0,0,0,0,0
TLM_RCV,-52,FG-ALPHA,20260604_135801,AUTO,1,35.04,14.00,-85,23.57,6.38,3.30,4.93,4.94,5.02,1027,1208,744,309,20.91,1013.30,11.90,405.40,13.88,95.80,1080,0,0,0,0,0
TLM_RCV,-52,FG-ALPHA,20260604_135802,AUTO,1,34.99,15.50,-85,23.45,6.38,3.30,4.89,4.94,5.01,0,1197,763,286,25.99,1013.40,12.10,406.20,13.88,95.95,1080,0,0,0,0,0
TLM_RCV,-81,FG-ALPHA,20260604_135803,AUTO,1,34.26,17.00,-85,23.45,6.41,3.29,4.87,4.95,5.01,1036,1051,613,295,20.08,1013.20,12.10,405.70,13.88,96.10,1080,0,0,0,0,0
TLM_RCV,-58,FG-ALPHA,20260604_135804,AUTO,0,31.30,15.00,-85,23.49,6.49,3.30,5.02,4.97,5.02,880,460,0,319,22.10,1012.90,11.90,404.90,13.88,96.10,1080,0,0,0,0,0
TLM_RCV,-47,FG-ALPHA,20260604_135805,AUTO,0,33.03,13.00,-85,23.45,6.50,3.31,5.02,4.97,5.01,0,405,0,263,22.02,1012.70,12.00,405.40,13.89,96.10,1080,0,0,0,0,0
TLM_RCV,-50,FG-ALPHA,20260604_135806,AUTO,0,31.28,11.00,-85,23.51,6.50,3.28,5.02,4.94,5.02,1008,457,0,299,22.75,1013.40,11.80,405.50,13.89,96.10,1080,0,0,0,0,0
TLM_RCV,-93,FG-ALPHA,20260604_135807,AUTO,0,32.20,9.00,-85,23.58,6.50,3.29,5.02,4.95,5.02,1130,440,0,283,23.45,1013.40,12.10,405.30,13.89,96.10,1080,0,0,0,0,0
TLM_RCV,-55,FG-ALPHA,20260604_135829,AUTO,1,35.53,6.50,-85,24.75,6.43,3.29,4.85,4.96,5.01,1032,1105,656,307,20.36,1013.40,12.10,405.20,13.91,96.25,1080,0,0,0,0,0
TLM_RCV,-56,FG-ALPHA,20260604_135830,AUTO,1,35.05,8.00,-85,24.73,6.41,3.31,4.93,4.95,5.02,954,1210,764,296,21.28,1013.00,11.90,406.10,13.91,96.40,1080,0,0,0,0,0
TLM_RCV,-91,FG-ALPHA,20260604_135831,AUTO,1,35.17,9.50,-85,24.74,6.44,3.31,4.93,4.97,5.01,1175,1035,611,265,20.70,1013.40,12.10,405.40,13.91,96.55,1080,1,0,0,0,0
TLM_RCV,-95,FG-ALPHA,20260604_135832,AUTO,0,33.04,7.50,-85,24.81,6.53,3.31,5.02,4.94,5.02,1088,408,0,257,23.40,1013.50,12.00,406.00,13.91,96.55,1080,0,0,0,0,0
TLM_RCV,-49,FG-ALPHA,20260604_135833,AUTO,0,32.02,5.50,-85,24.77,6.53,3.29,5.02,4.95,5.01,0,404,0,253,22.02,1013.10,12.10,404.80,13.91,96.55,1080,0,0,0,0,0
TLM_RCV,-88,FG-ALPHA,20260604_135834,AUTO,0,31.07,5.00,-85,24.83,6.53,3.31,5.02,4.94,5.01,1030,414,0,271,23.08,1013.00,11.90,405.40,13.91,96.55,1080,0,0,0,0,0
TLM_RCV,-86,FG-ALPHA,20260604_135835,AUTO,0,31.27,5.00,-85,24.79,6.53,3.31,5.02,4.94,5.01,0,454,0,314,22.27,1013.50,12.10,404.90,13.92,96.55,1080,0,0,0,0,0
